data_source	value	npc_label	plot_label	test	contrast	group_1	group_2	n_group_1	n_group_2	mean_group_1	mean_group_2	mean_difference	abs_mean_difference	median_group_1	median_group_2	median_difference	abs_median_difference	p_value	q_value	significance
raw	log10_summed_intensity_plus_1	NPC superclass: Aminosugars and aminoglycosides	Aminosugars and aminoglycosides	kruskal_wallis	overall	NA	NA	NA	NA	NA	NA	NA	0.0397014008787684	NA	NA	NA	0	0.804337191285628	0.971836292859759	ns
raw	log10_summed_intensity_plus_1	NPC superclass: Aminosugars and aminoglycosides	Aminosugars and aminoglycosides	pairwise_wilcoxon_rank_sum	PET_vs_PS	PET	PS	6	6	6.39837918499477	6.3873250785411	-0.0110541064536624	0.0110541064536624	6.30701402455677	6.30701402455677	0	0	1	1	ns
raw	log10_summed_intensity_plus_1	NPC superclass: Aminosugars and aminoglycosides	Aminosugars and aminoglycosides	pairwise_wilcoxon_rank_sum	PET_vs_Untreated	PET	Untreated	6	6	6.39837918499477	6.42702647941987	0.0286472944251059	0.0286472944251059	6.30701402455677	6.30701402455677	0	0	0.752553750197242	0.939810234236149	ns
raw	log10_summed_intensity_plus_1	NPC superclass: Aminosugars and aminoglycosides	Aminosugars and aminoglycosides	pairwise_wilcoxon_rank_sum	PS_vs_Untreated	PS	Untreated	6	6	6.3873250785411	6.42702647941987	0.0397014008787684	0.0397014008787684	6.30701402455677	6.30701402455677	0	0	0.599265961982854	0.992757289686073	ns
raw	log10_summed_intensity_plus_1	NPC superclass: Carotenoids (C40)	Carotenoids (C40)	kruskal_wallis	overall	NA	NA	NA	NA	NA	NA	NA	0.119923863999389	NA	NA	NA	0.190889640054116	0.140168181531077	0.971836292859759	ns
raw	log10_summed_intensity_plus_1	NPC superclass: Carotenoids (C40)	Carotenoids (C40)	pairwise_wilcoxon_rank_sum	PET_vs_PS	PET	PS	6	6	7.44360351410246	7.39900993056559	-0.0445935835368649	0.0445935835368649	7.46250975261493	7.41389845775244	-0.0486112948624946	0.0486112948624946	0.471169998490056	1	ns
raw	log10_summed_intensity_plus_1	NPC superclass: Carotenoids (C40)	Carotenoids (C40)	pairwise_wilcoxon_rank_sum	PET_vs_Untreated	PET	Untreated	6	6	7.44360351410246	7.32367965010307	-0.119923863999389	0.119923863999389	7.46250975261493	7.27162011256082	-0.190889640054116	0.190889640054116	0.0926958025578126	0.939810234236149	ns
raw	log10_summed_intensity_plus_1	NPC superclass: Carotenoids (C40)	Carotenoids (C40)	pairwise_wilcoxon_rank_sum	PS_vs_Untreated	PS	Untreated	6	6	7.39900993056559	7.32367965010307	-0.0753302804625244	0.0753302804625244	7.41389845775244	7.27162011256082	-0.142278345191621	0.142278345191621	0.173485468321478	0.849382622280421	ns
raw	log10_summed_intensity_plus_1	NPC superclass: Chromanes	Chromanes	kruskal_wallis	overall	NA	NA	NA	NA	NA	NA	NA	0.0443305931695965	NA	NA	NA	0.077614006340549	0.68779186690664	0.971836292859759	ns
raw	log10_summed_intensity_plus_1	NPC superclass: Chromanes	Chromanes	pairwise_wilcoxon_rank_sum	PET_vs_PS	PET	PS	6	6	6.78109212712935	6.78387420197704	0.00278207484769144	0.00278207484769144	6.81789780761869	6.74161622345317	-0.0762815841655282	0.0762815841655282	0.688920555804461	1	ns
raw	log10_summed_intensity_plus_1	NPC superclass: Chromanes	Chromanes	pairwise_wilcoxon_rank_sum	PET_vs_Untreated	PET	Untreated	6	6	6.78109212712935	6.82542272029895	0.0443305931695965	0.0443305931695965	6.81789780761869	6.81923022979371	0.00133242217502083	0.00133242217502083	0.688920555804461	0.939810234236149	ns
raw	log10_summed_intensity_plus_1	NPC superclass: Chromanes	Chromanes	pairwise_wilcoxon_rank_sum	PS_vs_Untreated	PS	Untreated	6	6	6.78387420197704	6.82542272029895	0.0415485183219051	0.0415485183219051	6.74161622345317	6.81923022979371	0.077614006340549	0.077614006340549	0.471169998490056	0.992757289686073	ns
raw	log10_summed_intensity_plus_1	NPC superclass: Diterpenoids	Diterpenoids	kruskal_wallis	overall	NA	NA	NA	NA	NA	NA	NA	0.110758193577793	NA	NA	NA	0.101438144582588	0.611874507760175	0.971836292859759	ns
raw	log10_summed_intensity_plus_1	NPC superclass: Diterpenoids	Diterpenoids	pairwise_wilcoxon_rank_sum	PET_vs_PS	PET	PS	6	6	7.59908242790051	7.56199360969052	-0.037088818209984	0.037088818209984	7.60345548557107	7.58679545000714	-0.0166600355639321	0.0166600355639321	0.810181236410474	1	ns
raw	log10_summed_intensity_plus_1	NPC superclass: Diterpenoids	Diterpenoids	pairwise_wilcoxon_rank_sum	PET_vs_Untreated	PET	Untreated	6	6	7.59908242790051	7.67275180326832	0.0736693753678095	0.0736693753678095	7.60345548557107	7.68823359458973	0.0847781090186555	0.0847781090186555	0.575173531920197	0.939810234236149	ns
raw	log10_summed_intensity_plus_1	NPC superclass: Diterpenoids	Diterpenoids	pairwise_wilcoxon_rank_sum	PS_vs_Untreated	PS	Untreated	6	6	7.56199360969052	7.67275180326832	0.110758193577793	0.110758193577793	7.58679545000714	7.68823359458973	0.101438144582588	0.101438144582588	0.378477593244679	0.992757289686073	ns
raw	log10_summed_intensity_plus_1	NPC superclass: Eicosanoids	Eicosanoids	kruskal_wallis	overall	NA	NA	NA	NA	NA	NA	NA	0.353625483769815	NA	NA	NA	0.34873853931793	0.121548974327878	0.971836292859759	ns
raw	log10_summed_intensity_plus_1	NPC superclass: Eicosanoids	Eicosanoids	pairwise_wilcoxon_rank_sum	PET_vs_PS	PET	PS	6	6	6.08788713644696	6.00598424306848	-0.0819028933784747	0.0819028933784747	6.00598424306848	6.00598424306848	0	0	0.175734335644225	1	ns
raw	log10_summed_intensity_plus_1	NPC superclass: Eicosanoids	Eicosanoids	pairwise_wilcoxon_rank_sum	PET_vs_Untreated	PET	Untreated	6	6	6.08788713644696	6.3596097268383	0.27172259039134	0.27172259039134	6.00598424306848	6.35472278238641	0.34873853931793	0.34873853931793	0.32605752154511	0.939810234236149	ns
raw	log10_summed_intensity_plus_1	NPC superclass: Eicosanoids	Eicosanoids	pairwise_wilcoxon_rank_sum	PS_vs_Untreated	PS	Untreated	6	6	6.00598424306848	6.3596097268383	0.353625483769815	0.353625483769815	6.00598424306848	6.35472278238641	0.34873853931793	0.34873853931793	0.0740099699862347	0.849382622280421	ns
raw	log10_summed_intensity_plus_1	NPC superclass: Fatty Acids and Conjugates	Fatty Acids and Conjugates	kruskal_wallis	overall	NA	NA	NA	NA	NA	NA	NA	0.157734886035424	NA	NA	NA	0.0818444857336473	0.470299306363909	0.971836292859759	ns
raw	log10_summed_intensity_plus_1	NPC superclass: Fatty Acids and Conjugates	Fatty Acids and Conjugates	pairwise_wilcoxon_rank_sum	PET_vs_PS	PET	PS	6	6	9.53234881817759	9.54093457431579	0.0085857561381939	0.0085857561381939	9.54613477566801	9.55464341772077	0.00850864205275492	0.00850864205275492	0.936186293473059	1	ns
raw	log10_summed_intensity_plus_1	NPC superclass: Fatty Acids and Conjugates	Fatty Acids and Conjugates	pairwise_wilcoxon_rank_sum	PET_vs_Untreated	PET	Untreated	6	6	9.53234881817759	9.38319968828036	-0.14914912989723	0.14914912989723	9.54613477566801	9.47279893198712	-0.0733358436808924	0.0733358436808924	0.378477593244679	0.939810234236149	ns
raw	log10_summed_intensity_plus_1	NPC superclass: Fatty Acids and Conjugates	Fatty Acids and Conjugates	pairwise_wilcoxon_rank_sum	PS_vs_Untreated	PS	Untreated	6	6	9.54093457431579	9.38319968828036	-0.157734886035424	0.157734886035424	9.55464341772077	9.47279893198712	-0.0818444857336473	0.0818444857336473	0.297953061608168	0.992757289686073	ns
raw	log10_summed_intensity_plus_1	NPC superclass: Fatty acyl glycosides	Fatty acyl glycosides	kruskal_wallis	overall	NA	NA	NA	NA	NA	NA	NA	0.285612897815688	NA	NA	NA	0.325466841307152	0.0214525210944606	0.971836292859759	ns
raw	log10_summed_intensity_plus_1	NPC superclass: Fatty acyl glycosides	Fatty acyl glycosides	pairwise_wilcoxon_rank_sum	PET_vs_PS	PET	PS	6	6	6.42144119602934	6.34956486614057	-0.0718763298887719	0.0718763298887719	6.43569828530356	6.30701402455677	-0.128684260746786	0.128684260746786	0.19985601433606	1	ns
raw	log10_summed_intensity_plus_1	NPC superclass: Fatty acyl glycosides	Fatty acyl glycosides	pairwise_wilcoxon_rank_sum	PET_vs_Untreated	PET	Untreated	6	6	6.42144119602934	6.63517776395626	0.213736567926916	0.213736567926916	6.43569828530356	6.63248086586392	0.196782580560367	0.196782580560367	0.0438263654660942	0.939810234236149	ns
raw	log10_summed_intensity_plus_1	NPC superclass: Fatty acyl glycosides	Fatty acyl glycosides	pairwise_wilcoxon_rank_sum	PS_vs_Untreated	PS	Untreated	6	6	6.34956486614057	6.63517776395626	0.285612897815688	0.285612897815688	6.30701402455677	6.63248086586392	0.325466841307152	0.325466841307152	0.0249920625395021	0.849382622280421	ns
raw	log10_summed_intensity_plus_1	NPC superclass: Fatty acyls	Fatty acyls	kruskal_wallis	overall	NA	NA	NA	NA	NA	NA	NA	0.00851089326995336	NA	NA	NA	0.0340149380683474	0.755253552953129	0.971836292859759	ns
raw	log10_summed_intensity_plus_1	NPC superclass: Fatty acyls	Fatty acyls	pairwise_wilcoxon_rank_sum	PET_vs_PS	PET	PS	6	6	9.73430657178266	9.72579567851271	-0.00851089326995336	0.00851089326995336	9.7420678023437	9.71774599479413	-0.0243218075495637	0.0243218075495637	0.575173531920197	1	ns
raw	log10_summed_intensity_plus_1	NPC superclass: Fatty acyls	Fatty acyls	pairwise_wilcoxon_rank_sum	PET_vs_Untreated	PET	Untreated	6	6	9.73430657178266	9.72743165628173	-0.00687491550092822	0.00687491550092822	9.7420678023437	9.70805286427535	-0.0340149380683474	0.0340149380683474	0.575173531920197	0.939810234236149	ns
raw	log10_summed_intensity_plus_1	NPC superclass: Fatty acyls	Fatty acyls	pairwise_wilcoxon_rank_sum	PS_vs_Untreated	PS	Untreated	6	6	9.72579567851271	9.72743165628173	0.00163597776902513	0.00163597776902513	9.71774599479413	9.70805286427535	-0.00969313051878373	0.00969313051878373	1	1	ns
raw	log10_summed_intensity_plus_1	NPC superclass: Fatty amides	Fatty amides	kruskal_wallis	overall	NA	NA	NA	NA	NA	NA	NA	0.0346302520593866	NA	NA	NA	0.00781677768032019	0.750849754662436	0.971836292859759	ns
raw	log10_summed_intensity_plus_1	NPC superclass: Fatty amides	Fatty amides	pairwise_wilcoxon_rank_sum	PET_vs_PS	PET	PS	6	6	9.8710686429959	9.84729835796799	-0.0237702850279096	0.0237702850279096	9.86231646141936	9.86864712002943	0.00633065861006621	0.00633065861006621	0.936186293473059	1	ns
raw	log10_summed_intensity_plus_1	NPC superclass: Fatty amides	Fatty amides	pairwise_wilcoxon_rank_sum	PET_vs_Untreated	PET	Untreated	6	6	9.8710686429959	9.83643839093651	-0.0346302520593866	0.0346302520593866	9.86231646141936	9.86083034234911	-0.00148611907025398	0.00148611907025398	0.575173531920197	0.939810234236149	ns
raw	log10_summed_intensity_plus_1	NPC superclass: Fatty amides	Fatty amides	pairwise_wilcoxon_rank_sum	PS_vs_Untreated	PS	Untreated	6	6	9.84729835796799	9.83643839093651	-0.0108599670314771	0.0108599670314771	9.86864712002943	9.86083034234911	-0.00781677768032019	0.00781677768032019	0.575173531920197	0.992757289686073	ns
raw	log10_summed_intensity_plus_1	NPC superclass: Fatty esters	Fatty esters	kruskal_wallis	overall	NA	NA	NA	NA	NA	NA	NA	0.170658300853834	NA	NA	NA	0.104693990419332	0.611874507760175	0.971836292859759	ns
raw	log10_summed_intensity_plus_1	NPC superclass: Fatty esters	Fatty esters	pairwise_wilcoxon_rank_sum	PET_vs_PS	PET	PS	6	6	8.97350968590722	9.14416798676105	0.170658300853834	0.170658300853834	9.05984134815474	9.16453533857407	0.104693990419332	0.104693990419332	0.471169998490056	1	ns
raw	log10_summed_intensity_plus_1	NPC superclass: Fatty esters	Fatty esters	pairwise_wilcoxon_rank_sum	PET_vs_Untreated	PET	Untreated	6	6	8.97350968590722	9.01298448561292	0.039474799705701	0.039474799705701	9.05984134815474	9.16271855254588	0.10287720439114	0.10287720439114	0.688920555804461	0.939810234236149	ns
raw	log10_summed_intensity_plus_1	NPC superclass: Fatty esters	Fatty esters	pairwise_wilcoxon_rank_sum	PS_vs_Untreated	PS	Untreated	6	6	9.14416798676105	9.01298448561292	-0.131183501148133	0.131183501148133	9.16453533857407	9.16271855254588	-0.00181678602819169	0.00181678602819169	0.471169998490056	0.992757289686073	ns
raw	log10_summed_intensity_plus_1	NPC superclass: Glycerolipids	Glycerolipids	kruskal_wallis	overall	NA	NA	NA	NA	NA	NA	NA	0.055715047217868	NA	NA	NA	0.0567437453833524	0.926794526901683	0.982476542982841	ns
raw	log10_summed_intensity_plus_1	NPC superclass: Glycerolipids	Glycerolipids	pairwise_wilcoxon_rank_sum	PET_vs_PS	PET	PS	6	6	8.81435710711926	8.80274679216795	-0.0116103149513052	0.0116103149513052	8.84316969935816	8.8134045782392	-0.0297651211189578	0.0297651211189578	0.936186293473059	1	ns
raw	log10_summed_intensity_plus_1	NPC superclass: Glycerolipids	Glycerolipids	pairwise_wilcoxon_rank_sum	PET_vs_Untreated	PET	Untreated	6	6	8.81435710711926	8.75864205990139	-0.055715047217868	0.055715047217868	8.84316969935816	8.7864259539748	-0.0567437453833524	0.0567437453833524	1	1	ns
raw	log10_summed_intensity_plus_1	NPC superclass: Glycerolipids	Glycerolipids	pairwise_wilcoxon_rank_sum	PS_vs_Untreated	PS	Untreated	6	6	8.80274679216795	8.75864205990139	-0.0441047322665629	0.0441047322665629	8.8134045782392	8.7864259539748	-0.0269786242643946	0.0269786242643946	0.688920555804461	0.992757289686073	ns
raw	log10_summed_intensity_plus_1	NPC superclass: Glycerophospholipids	Glycerophospholipids	kruskal_wallis	overall	NA	NA	NA	NA	NA	NA	NA	0.0636461894737437	NA	NA	NA	0.066845894822837	0.959890875328063	0.982476542982841	ns
raw	log10_summed_intensity_plus_1	NPC superclass: Glycerophospholipids	Glycerophospholipids	pairwise_wilcoxon_rank_sum	PET_vs_PS	PET	PS	6	6	9.72240483455909	9.71004605134444	-0.0123587832146477	0.0123587832146477	9.74402747709175	9.79694041464223	0.0529129375504791	0.0529129375504791	1	1	ns
raw	log10_summed_intensity_plus_1	NPC superclass: Glycerophospholipids	Glycerophospholipids	pairwise_wilcoxon_rank_sum	PET_vs_Untreated	PET	Untreated	6	6	9.72240483455909	9.65875864508534	-0.0636461894737437	0.0636461894737437	9.74402747709175	9.81087337191459	0.066845894822837	0.066845894822837	0.810181236410474	0.939810234236149	ns
raw	log10_summed_intensity_plus_1	NPC superclass: Glycerophospholipids	Glycerophospholipids	pairwise_wilcoxon_rank_sum	PS_vs_Untreated	PS	Untreated	6	6	9.71004605134444	9.65875864508534	-0.051287406259096	0.051287406259096	9.79694041464223	9.81087337191459	0.0139329572723579	0.0139329572723579	0.936186293473059	1	ns
raw	log10_summed_intensity_plus_1	NPC superclass: Histidine alkaloids	Histidine alkaloids	kruskal_wallis	overall	NA	NA	NA	NA	NA	NA	NA	0	NA	NA	NA	0	NA	NA	ns
raw	log10_summed_intensity_plus_1	NPC superclass: Histidine alkaloids	Histidine alkaloids	pairwise_wilcoxon_rank_sum	PET_vs_PS	PET	PS	6	6	6.00598424306848	6.00598424306848	0	0	6.00598424306848	6.00598424306848	0	0	NA	NA	ns
raw	log10_summed_intensity_plus_1	NPC superclass: Histidine alkaloids	Histidine alkaloids	pairwise_wilcoxon_rank_sum	PET_vs_Untreated	PET	Untreated	6	6	6.00598424306848	6.00598424306848	0	0	6.00598424306848	6.00598424306848	0	0	NA	NA	ns
raw	log10_summed_intensity_plus_1	NPC superclass: Histidine alkaloids	Histidine alkaloids	pairwise_wilcoxon_rank_sum	PS_vs_Untreated	PS	Untreated	6	6	6.00598424306848	6.00598424306848	0	0	6.00598424306848	6.00598424306848	0	0	NA	NA	ns
raw	log10_summed_intensity_plus_1	NPC superclass: Lignans	Lignans	kruskal_wallis	overall	NA	NA	NA	NA	NA	NA	NA	0.0266670258369697	NA	NA	NA	0.0211673105229515	0.675830573346204	0.971836292859759	ns
raw	log10_summed_intensity_plus_1	NPC superclass: Lignans	Lignans	pairwise_wilcoxon_rank_sum	PET_vs_PS	PET	PS	6	6	9.11213341558744	9.08546638975047	-0.0266670258369697	0.0266670258369697	9.12166150382447	9.10812598799653	-0.0135355158279467	0.0135355158279467	0.471169998490056	1	ns
raw	log10_summed_intensity_plus_1	NPC superclass: Lignans	Lignans	pairwise_wilcoxon_rank_sum	PET_vs_Untreated	PET	Untreated	6	6	9.11213341558744	9.09347627478303	-0.0186571408044109	0.0186571408044109	9.12166150382447	9.10049419330152	-0.0211673105229515	0.0211673105229515	0.575173531920197	0.939810234236149	ns
raw	log10_summed_intensity_plus_1	NPC superclass: Lignans	Lignans	pairwise_wilcoxon_rank_sum	PS_vs_Untreated	PS	Untreated	6	6	9.08546638975047	9.09347627478303	0.00800988503255873	0.00800988503255873	9.10812598799653	9.10049419330152	-0.00763179469500486	0.00763179469500486	0.810181236410474	0.992757289686073	ns
raw	log10_summed_intensity_plus_1	NPC superclass: Linear polyketides	Linear polyketides	kruskal_wallis	overall	NA	NA	NA	NA	NA	NA	NA	0.0411382010189154	NA	NA	NA	0.043051737857164	0.84896043973956	0.971836292859759	ns
raw	log10_summed_intensity_plus_1	NPC superclass: Linear polyketides	Linear polyketides	pairwise_wilcoxon_rank_sum	PET_vs_PS	PET	PS	6	6	8.37905395389089	8.41429452371184	0.0352405698209495	0.0352405698209495	8.43155657171343	8.44654637009921	0.0149897983857752	0.0149897983857752	0.688920555804461	1	ns
raw	log10_summed_intensity_plus_1	NPC superclass: Linear polyketides	Linear polyketides	pairwise_wilcoxon_rank_sum	PET_vs_Untreated	PET	Untreated	6	6	8.37905395389089	8.37315632269293	-0.00589763119796594	0.00589763119796594	8.43155657171343	8.47460830957059	0.043051737857164	0.043051737857164	0.688920555804461	0.939810234236149	ns
raw	log10_summed_intensity_plus_1	NPC superclass: Linear polyketides	Linear polyketides	pairwise_wilcoxon_rank_sum	PS_vs_Untreated	PS	Untreated	6	6	8.41429452371184	8.37315632269293	-0.0411382010189154	0.0411382010189154	8.44654637009921	8.47460830957059	0.0280619394713888	0.0280619394713888	0.936186293473059	1	ns
raw	log10_summed_intensity_plus_1	NPC superclass: Macrolides	Macrolides	kruskal_wallis	overall	NA	NA	NA	NA	NA	NA	NA	0.251969993281005	NA	NA	NA	0.242943397036861	0.128396572892949	0.971836292859759	ns
raw	log10_summed_intensity_plus_1	NPC superclass: Macrolides	Macrolides	pairwise_wilcoxon_rank_sum	PET_vs_PS	PET	PS	6	6	9.07339816977827	8.8809464614452	-0.192451708333065	0.192451708333065	9.21676025741882	9.02809818845005	-0.188662068968764	0.188662068968764	0.128205275030392	1	ns
raw	log10_summed_intensity_plus_1	NPC superclass: Macrolides	Macrolides	pairwise_wilcoxon_rank_sum	PET_vs_Untreated	PET	Untreated	6	6	9.07339816977827	9.13291645472621	0.0595182849479396	0.0595182849479396	9.21676025741882	9.27104158548691	0.0542813280680967	0.0542813280680967	0.575173531920197	0.939810234236149	ns
raw	log10_summed_intensity_plus_1	NPC superclass: Macrolides	Macrolides	pairwise_wilcoxon_rank_sum	PS_vs_Untreated	PS	Untreated	6	6	8.8809464614452	9.13291645472621	0.251969993281005	0.251969993281005	9.02809818845005	9.27104158548691	0.242943397036861	0.242943397036861	0.0926958025578126	0.849382622280421	ns
raw	log10_summed_intensity_plus_1	NPC superclass: Monoterpenoids	Monoterpenoids	kruskal_wallis	overall	NA	NA	NA	NA	NA	NA	NA	0.010136117109897	NA	NA	NA	0.0413562366499711	0.69996485930001	0.971836292859759	ns
raw	log10_summed_intensity_plus_1	NPC superclass: Monoterpenoids	Monoterpenoids	pairwise_wilcoxon_rank_sum	PET_vs_PS	PET	PS	6	6	7.33579788522619	7.33663267507088	0.000834789844689432	0.000834789844689432	7.3372719517023	7.36919142829239	0.031919476590085	0.031919476590085	0.378477593244679	1	ns
raw	log10_summed_intensity_plus_1	NPC superclass: Monoterpenoids	Monoterpenoids	pairwise_wilcoxon_rank_sum	PET_vs_Untreated	PET	Untreated	6	6	7.33579788522619	7.34593400233609	0.010136117109897	0.010136117109897	7.3372719517023	7.32783519164242	-0.00943676005988614	0.00943676005988614	0.936186293473059	0.981303705206701	ns
raw	log10_summed_intensity_plus_1	NPC superclass: Monoterpenoids	Monoterpenoids	pairwise_wilcoxon_rank_sum	PS_vs_Untreated	PS	Untreated	6	6	7.33663267507088	7.34593400233609	0.0093013272652076	0.0093013272652076	7.36919142829239	7.32783519164242	-0.0413562366499711	0.0413562366499711	0.688920555804461	0.992757289686073	ns
raw	log10_summed_intensity_plus_1	NPC superclass: Nicotinic acid alkaloids	Nicotinic acid alkaloids	kruskal_wallis	overall	NA	NA	NA	NA	NA	NA	NA	0.0478311847190129	NA	NA	NA	0.0776175113483104	0.584000694265031	0.971836292859759	ns
raw	log10_summed_intensity_plus_1	NPC superclass: Nicotinic acid alkaloids	Nicotinic acid alkaloids	pairwise_wilcoxon_rank_sum	PET_vs_PS	PET	PS	6	6	6.38823062829346	6.40879154980007	0.0205609215066076	0.0205609215066076	6.36812819086758	6.38463153590508	0.0165033450374983	0.0165033450374983	0.806839866740437	1	ns
raw	log10_summed_intensity_plus_1	NPC superclass: Nicotinic acid alkaloids	Nicotinic acid alkaloids	pairwise_wilcoxon_rank_sum	PET_vs_Untreated	PET	Untreated	6	6	6.38823062829346	6.36096036508106	-0.0272702632124053	0.0272702632124053	6.36812819086758	6.30701402455677	-0.0611141663108121	0.0611141663108121	0.54967387850156	0.939810234236149	ns
raw	log10_summed_intensity_plus_1	NPC superclass: Nicotinic acid alkaloids	Nicotinic acid alkaloids	pairwise_wilcoxon_rank_sum	PS_vs_Untreated	PS	Untreated	6	6	6.40879154980007	6.36096036508106	-0.0478311847190129	0.0478311847190129	6.38463153590508	6.30701402455677	-0.0776175113483104	0.0776175113483104	0.347163505300326	0.992757289686073	ns
raw	log10_summed_intensity_plus_1	NPC superclass: Nucleosides	Nucleosides	kruskal_wallis	overall	NA	NA	NA	NA	NA	NA	NA	0.0779321062944422	NA	NA	NA	0.059534810514525	0.567081944942792	0.971836292859759	ns
raw	log10_summed_intensity_plus_1	NPC superclass: Nucleosides	Nucleosides	pairwise_wilcoxon_rank_sum	PET_vs_PS	PET	PS	6	6	7.18364095960978	7.15038404067137	-0.0332569189384087	0.0332569189384087	7.2854733236526	7.249823195469	-0.0356501281836055	0.0356501281836055	0.378477593244679	1	ns
raw	log10_summed_intensity_plus_1	NPC superclass: Nucleosides	Nucleosides	pairwise_wilcoxon_rank_sum	PET_vs_Untreated	PET	Untreated	6	6	7.18364095960978	7.22831614696582	0.0446751873560336	0.0446751873560336	7.2854733236526	7.30935800598352	0.0238846823309196	0.0238846823309196	0.688920555804461	0.939810234236149	ns
raw	log10_summed_intensity_plus_1	NPC superclass: Nucleosides	Nucleosides	pairwise_wilcoxon_rank_sum	PS_vs_Untreated	PS	Untreated	6	6	7.15038404067137	7.22831614696582	0.0779321062944422	0.0779321062944422	7.249823195469	7.30935800598352	0.059534810514525	0.059534810514525	0.471169998490056	0.992757289686073	ns
raw	log10_summed_intensity_plus_1	NPC superclass: Octadecanoids	Octadecanoids	kruskal_wallis	overall	NA	NA	NA	NA	NA	NA	NA	0.185354639258675	NA	NA	NA	0.0949934823173226	0.37220738497041	0.971836292859759	ns
raw	log10_summed_intensity_plus_1	NPC superclass: Octadecanoids	Octadecanoids	pairwise_wilcoxon_rank_sum	PET_vs_PS	PET	PS	6	6	8.79557087308975	8.83721296048057	0.0416420873908141	0.0416420873908141	8.79542701668167	8.8321422567699	0.0367152400882329	0.0367152400882329	0.936186293473059	1	ns
raw	log10_summed_intensity_plus_1	NPC superclass: Octadecanoids	Octadecanoids	pairwise_wilcoxon_rank_sum	PET_vs_Untreated	PET	Untreated	6	6	8.79557087308975	8.65185832122189	-0.143712551867861	0.143712551867861	8.79542701668167	8.73714877445258	-0.0582782422290897	0.0582782422290897	0.229766270461138	0.939810234236149	ns
raw	log10_summed_intensity_plus_1	NPC superclass: Octadecanoids	Octadecanoids	pairwise_wilcoxon_rank_sum	PS_vs_Untreated	PS	Untreated	6	6	8.83721296048057	8.65185832122189	-0.185354639258675	0.185354639258675	8.8321422567699	8.73714877445258	-0.0949934823173226	0.0949934823173226	0.297953061608168	0.992757289686073	ns
raw	log10_summed_intensity_plus_1	NPC superclass: Oligopeptides	Oligopeptides	kruskal_wallis	overall	NA	NA	NA	NA	NA	NA	NA	0.0116180360521945	NA	NA	NA	0.034864597998336	0.948729480016436	0.982476542982841	ns
raw	log10_summed_intensity_plus_1	NPC superclass: Oligopeptides	Oligopeptides	pairwise_wilcoxon_rank_sum	PET_vs_PS	PET	PS	6	6	9.07714249039624	9.07491151870332	-0.00223097169292608	0.00223097169292608	9.09230943246856	9.08069688071597	-0.0116125517525862	0.0116125517525862	0.936186293473059	1	ns
raw	log10_summed_intensity_plus_1	NPC superclass: Oligopeptides	Oligopeptides	pairwise_wilcoxon_rank_sum	PET_vs_Untreated	PET	Untreated	6	6	9.07714249039624	9.08652955475551	0.00938706435926839	0.00938706435926839	9.09230943246856	9.11556147871431	0.0232520462457497	0.0232520462457497	0.810181236410474	0.939810234236149	ns
raw	log10_summed_intensity_plus_1	NPC superclass: Oligopeptides	Oligopeptides	pairwise_wilcoxon_rank_sum	PS_vs_Untreated	PS	Untreated	6	6	9.07491151870332	9.08652955475551	0.0116180360521945	0.0116180360521945	9.08069688071597	9.11556147871431	0.034864597998336	0.034864597998336	0.936186293473059	1	ns
raw	log10_summed_intensity_plus_1	NPC superclass: Ornithine alkaloids	Ornithine alkaloids	kruskal_wallis	overall	NA	NA	NA	NA	NA	NA	NA	0.0234772028455597	NA	NA	NA	0.0369623709742424	0.959890875328063	0.982476542982841	ns
raw	log10_summed_intensity_plus_1	NPC superclass: Ornithine alkaloids	Ornithine alkaloids	pairwise_wilcoxon_rank_sum	PET_vs_PS	PET	PS	6	6	6.54505607975679	6.52157887691123	-0.0234772028455597	0.0234772028455597	6.50883165106244	6.53220329280362	0.0233716417411767	0.0233716417411767	0.810181236410474	1	ns
raw	log10_summed_intensity_plus_1	NPC superclass: Ornithine alkaloids	Ornithine alkaloids	pairwise_wilcoxon_rank_sum	PET_vs_Untreated	PET	Untreated	6	6	6.54505607975679	6.53429257277221	-0.0107635069845866	0.0107635069845866	6.50883165106244	6.54579402203668	0.0369623709742424	0.0369623709742424	0.936186293473059	0.981303705206701	ns
raw	log10_summed_intensity_plus_1	NPC superclass: Ornithine alkaloids	Ornithine alkaloids	pairwise_wilcoxon_rank_sum	PS_vs_Untreated	PS	Untreated	6	6	6.52157887691123	6.53429257277221	0.012713695860973	0.012713695860973	6.53220329280362	6.54579402203668	0.0135907292330657	0.0135907292330657	1	1	ns
raw	log10_summed_intensity_plus_1	NPC superclass: Phenylpropanoids (C6-C3)	Phenylpropanoids (C6-C3)	kruskal_wallis	overall	NA	NA	NA	NA	NA	NA	NA	0.0307829427140671	NA	NA	NA	0.0328202679109211	0.547529366500244	0.971836292859759	ns
raw	log10_summed_intensity_plus_1	NPC superclass: Phenylpropanoids (C6-C3)	Phenylpropanoids (C6-C3)	pairwise_wilcoxon_rank_sum	PET_vs_PS	PET	PS	6	6	7.61487767044583	7.58409472773176	-0.0307829427140671	0.0307829427140671	7.62796513728492	7.60595209788611	-0.0220130393988107	0.0220130393988107	0.297953061608168	1	ns
raw	log10_summed_intensity_plus_1	NPC superclass: Phenylpropanoids (C6-C3)	Phenylpropanoids (C6-C3)	pairwise_wilcoxon_rank_sum	PET_vs_Untreated	PET	Untreated	6	6	7.61487767044583	7.58952991492875	-0.0253477555170747	0.0253477555170747	7.62796513728492	7.595144869374	-0.0328202679109211	0.0328202679109211	0.575173531920197	0.939810234236149	ns
raw	log10_summed_intensity_plus_1	NPC superclass: Phenylpropanoids (C6-C3)	Phenylpropanoids (C6-C3)	pairwise_wilcoxon_rank_sum	PS_vs_Untreated	PS	Untreated	6	6	7.58409472773176	7.58952991492875	0.00543518719699243	0.00543518719699243	7.60595209788611	7.595144869374	-0.0108072285121104	0.0108072285121104	0.810181236410474	0.992757289686073	ns
raw	log10_summed_intensity_plus_1	NPC superclass: Pseudoalkaloids (transamidation)	Pseudoalkaloids (transamidation)	kruskal_wallis	overall	NA	NA	NA	NA	NA	NA	NA	0.0529395926713665	NA	NA	NA	0.0528269932671535	0.291149578427927	0.971836292859759	ns
raw	log10_summed_intensity_plus_1	NPC superclass: Pseudoalkaloids (transamidation)	Pseudoalkaloids (transamidation)	pairwise_wilcoxon_rank_sum	PET_vs_PS	PET	PS	6	6	8.08511358411444	8.06044002905571	-0.0246735550587331	0.0246735550587331	8.08628724153907	8.06890351053376	-0.0173837310053138	0.0173837310053138	0.378477593244679	1	ns
raw	log10_summed_intensity_plus_1	NPC superclass: Pseudoalkaloids (transamidation)	Pseudoalkaloids (transamidation)	pairwise_wilcoxon_rank_sum	PET_vs_Untreated	PET	Untreated	6	6	8.08511358411444	8.11337962172707	0.0282660376126334	0.0282660376126334	8.08628724153907	8.12173050380091	0.0354432622618397	0.0354432622618397	0.471169998490056	0.939810234236149	ns
raw	log10_summed_intensity_plus_1	NPC superclass: Pseudoalkaloids (transamidation)	Pseudoalkaloids (transamidation)	pairwise_wilcoxon_rank_sum	PS_vs_Untreated	PS	Untreated	6	6	8.06044002905571	8.11337962172707	0.0529395926713665	0.0529395926713665	8.06890351053376	8.12173050380091	0.0528269932671535	0.0528269932671535	0.173485468321478	0.849382622280421	ns
raw	log10_summed_intensity_plus_1	NPC superclass: Saccharides	Saccharides	kruskal_wallis	overall	NA	NA	NA	NA	NA	NA	NA	0.115176159316182	NA	NA	NA	0.151564908700207	0.7428303052435	0.971836292859759	ns
raw	log10_summed_intensity_plus_1	NPC superclass: Saccharides	Saccharides	pairwise_wilcoxon_rank_sum	PET_vs_PS	PET	PS	6	6	6.54556317226312	6.43271583380424	-0.112847338458885	0.112847338458885	6.64797970329203	6.49641479459182	-0.151564908700207	0.151564908700207	0.463244705418096	1	ns
raw	log10_summed_intensity_plus_1	NPC superclass: Saccharides	Saccharides	pairwise_wilcoxon_rank_sum	PET_vs_Untreated	PET	Untreated	6	6	6.54556317226312	6.54789199312042	0.00232882085729624	0.00232882085729624	6.64797970329203	6.55064146158322	-0.0973382417088118	0.0973382417088118	1	1	ns
raw	log10_summed_intensity_plus_1	NPC superclass: Saccharides	Saccharides	pairwise_wilcoxon_rank_sum	PS_vs_Untreated	PS	Untreated	6	6	6.43271583380424	6.54789199312042	0.115176159316182	0.115176159316182	6.49641479459182	6.55064146158322	0.0542266669913953	0.0542266669913953	0.683634890934618	0.992757289686073	ns
raw	log10_summed_intensity_plus_1	NPC superclass: Sesquiterpenoids	Sesquiterpenoids	kruskal_wallis	overall	NA	NA	NA	NA	NA	NA	NA	0.0646591430238423	NA	NA	NA	0.0542746639301726	0.342948345764196	0.971836292859759	ns
raw	log10_summed_intensity_plus_1	NPC superclass: Sesquiterpenoids	Sesquiterpenoids	pairwise_wilcoxon_rank_sum	PET_vs_PS	PET	PS	6	6	7.52050929854637	7.55178311975722	0.0312738212108572	0.0312738212108572	7.54504805168923	7.54783992265735	0.00279187096812539	0.00279187096812539	0.575173531920197	1	ns
raw	log10_summed_intensity_plus_1	NPC superclass: Sesquiterpenoids	Sesquiterpenoids	pairwise_wilcoxon_rank_sum	PET_vs_Untreated	PET	Untreated	6	6	7.52050929854637	7.48712397673338	-0.0333853218129851	0.0333853218129851	7.54504805168923	7.49356525872718	-0.0514827929620472	0.0514827929620472	0.471169998490056	0.939810234236149	ns
raw	log10_summed_intensity_plus_1	NPC superclass: Sesquiterpenoids	Sesquiterpenoids	pairwise_wilcoxon_rank_sum	PS_vs_Untreated	PS	Untreated	6	6	7.55178311975722	7.48712397673338	-0.0646591430238423	0.0646591430238423	7.54783992265735	7.49356525872718	-0.0542746639301726	0.0542746639301726	0.173485468321478	0.849382622280421	ns
raw	log10_summed_intensity_plus_1	NPC superclass: Small peptides	Small peptides	kruskal_wallis	overall	NA	NA	NA	NA	NA	NA	NA	0.0866826301851535	NA	NA	NA	0.0367599939302021	0.423310586293175	0.971836292859759	ns
raw	log10_summed_intensity_plus_1	NPC superclass: Small peptides	Small peptides	pairwise_wilcoxon_rank_sum	PET_vs_PS	PET	PS	6	6	8.04713921893205	8.05035395214745	0.00321473321540822	0.00321473321540822	8.04586464821244	8.04383431402527	-0.00203033418717169	0.00203033418717169	0.936186293473059	1	ns
raw	log10_summed_intensity_plus_1	NPC superclass: Small peptides	Small peptides	pairwise_wilcoxon_rank_sum	PET_vs_Untreated	PET	Untreated	6	6	8.04713921893205	7.9636713219623	-0.0834678969697453	0.0834678969697453	8.04586464821244	8.00910465428224	-0.0367599939302021	0.0367599939302021	0.229766270461138	0.939810234236149	ns
raw	log10_summed_intensity_plus_1	NPC superclass: Small peptides	Small peptides	pairwise_wilcoxon_rank_sum	PS_vs_Untreated	PS	Untreated	6	6	8.05035395214745	7.9636713219623	-0.0866826301851535	0.0866826301851535	8.04383431402527	8.00910465428224	-0.0347296597430304	0.0347296597430304	0.378477593244679	0.992757289686073	ns
raw	log10_summed_intensity_plus_1	NPC superclass: Spingolipids	Spingolipids	kruskal_wallis	overall	NA	NA	NA	NA	NA	NA	NA	0.0290182443603477	NA	NA	NA	0.0651687410900532	0.750849754662436	0.971836292859759	ns
raw	log10_summed_intensity_plus_1	NPC superclass: Spingolipids	Spingolipids	pairwise_wilcoxon_rank_sum	PET_vs_PS	PET	PS	6	6	9.38742126265388	9.41396246992636	0.0265412072724764	0.0265412072724764	9.38283821758351	9.44800695867356	0.0651687410900532	0.0651687410900532	0.575173531920197	1	ns
raw	log10_summed_intensity_plus_1	NPC superclass: Spingolipids	Spingolipids	pairwise_wilcoxon_rank_sum	PET_vs_Untreated	PET	Untreated	6	6	9.38742126265388	9.38494422556601	-0.00247703708787128	0.00247703708787128	9.38283821758351	9.39270145489141	0.00986323730789707	0.00986323730789707	0.936186293473059	0.981303705206701	ns
raw	log10_summed_intensity_plus_1	NPC superclass: Spingolipids	Spingolipids	pairwise_wilcoxon_rank_sum	PS_vs_Untreated	PS	Untreated	6	6	9.41396246992636	9.38494422556601	-0.0290182443603477	0.0290182443603477	9.44800695867356	9.39270145489141	-0.0553055037821562	0.0553055037821562	0.575173531920197	0.992757289686073	ns
raw	log10_summed_intensity_plus_1	NPC superclass: Steroids	Steroids	kruskal_wallis	overall	NA	NA	NA	NA	NA	NA	NA	0.0246562670426576	NA	NA	NA	0.00725563031515986	0.750849754662436	0.971836292859759	ns
raw	log10_summed_intensity_plus_1	NPC superclass: Steroids	Steroids	pairwise_wilcoxon_rank_sum	PET_vs_PS	PET	PS	6	6	7.88620846791765	7.89709115627254	0.0108826883548856	0.0108826883548856	7.88970938668384	7.88696153761649	-0.00274784906735004	0.00274784906735004	0.936186293473059	1	ns
raw	log10_summed_intensity_plus_1	NPC superclass: Steroids	Steroids	pairwise_wilcoxon_rank_sum	PET_vs_Untreated	PET	Untreated	6	6	7.88620846791765	7.87243488922988	-0.013773578687772	0.013773578687772	7.88970938668384	7.88245375636868	-0.00725563031515986	0.00725563031515986	0.936186293473059	0.981303705206701	ns
raw	log10_summed_intensity_plus_1	NPC superclass: Steroids	Steroids	pairwise_wilcoxon_rank_sum	PS_vs_Untreated	PS	Untreated	6	6	7.89709115627254	7.87243488922988	-0.0246562670426576	0.0246562670426576	7.88696153761649	7.88245375636868	-0.00450778124780982	0.00450778124780982	0.378477593244679	0.992757289686073	ns
raw	log10_summed_intensity_plus_1	NPC superclass: Triterpenoids	Triterpenoids	kruskal_wallis	overall	NA	NA	NA	NA	NA	NA	NA	0.0107891999619394	NA	NA	NA	0.0339798751820801	0.982609137827942	0.994034825477104	ns
raw	log10_summed_intensity_plus_1	NPC superclass: Triterpenoids	Triterpenoids	pairwise_wilcoxon_rank_sum	PET_vs_PS	PET	PS	6	6	8.21158248242872	8.20874645166855	-0.00283603076017158	0.00283603076017158	8.22466260398533	8.21544095820325	-0.00922164578208395	0.00922164578208395	0.936186293473059	1	ns
raw	log10_summed_intensity_plus_1	NPC superclass: Triterpenoids	Triterpenoids	pairwise_wilcoxon_rank_sum	PET_vs_Untreated	PET	Untreated	6	6	8.21158248242872	8.21953565163049	0.00795316920176781	0.00795316920176781	8.22466260398533	8.19068272880325	-0.0339798751820801	0.0339798751820801	0.936186293473059	0.981303705206701	ns
raw	log10_summed_intensity_plus_1	NPC superclass: Triterpenoids	Triterpenoids	pairwise_wilcoxon_rank_sum	PS_vs_Untreated	PS	Untreated	6	6	8.20874645166855	8.21953565163049	0.0107891999619394	0.0107891999619394	8.21544095820325	8.19068272880325	-0.0247582293999962	0.0247582293999962	1	1	ns
raw	log10_summed_intensity_plus_1	NPC superclass: Tryptophan alkaloids	Tryptophan alkaloids	kruskal_wallis	overall	NA	NA	NA	NA	NA	NA	NA	0.0514427671247528	NA	NA	NA	0	0.836974702882386	0.971836292859759	ns
raw	log10_summed_intensity_plus_1	NPC superclass: Tryptophan alkaloids	Tryptophan alkaloids	pairwise_wilcoxon_rank_sum	PET_vs_PS	PET	PS	6	6	6.1117385786357	6.16318134576045	0.0514427671247528	0.0514427671247528	6.00598424306848	6.00598424306848	0	0	0.599265961982854	1	ns
raw	log10_summed_intensity_plus_1	NPC superclass: Tryptophan alkaloids	Tryptophan alkaloids	pairwise_wilcoxon_rank_sum	PET_vs_Untreated	PET	Untreated	6	6	6.1117385786357	6.11241142720717	0.000672848571465323	0.000672848571465323	6.00598424306848	6.00598424306848	0	0	0.752553750197242	0.939810234236149	ns
raw	log10_summed_intensity_plus_1	NPC superclass: Tryptophan alkaloids	Tryptophan alkaloids	pairwise_wilcoxon_rank_sum	PS_vs_Untreated	PS	Untreated	6	6	6.16318134576045	6.11241142720717	-0.0507699185532875	0.0507699185532875	6.00598424306848	6.00598424306848	0	0	1	1	ns
raw	log10_summed_intensity_plus_1	NPC superclass: Tyrosine alkaloids	Tyrosine alkaloids	kruskal_wallis	overall	NA	NA	NA	NA	NA	NA	NA	0.498875815021989	NA	NA	NA	0.675762092088148	0.194301934010975	0.971836292859759	ns
raw	log10_summed_intensity_plus_1	NPC superclass: Tyrosine alkaloids	Tyrosine alkaloids	pairwise_wilcoxon_rank_sum	PET_vs_PS	PET	PS	6	6	8.40301644829602	8.0346444827275	-0.368371965568517	0.368371965568517	8.70544542366265	8.12948223477781	-0.575963188884833	0.575963188884833	0.261496176191146	1	ns
raw	log10_summed_intensity_plus_1	NPC superclass: Tyrosine alkaloids	Tyrosine alkaloids	pairwise_wilcoxon_rank_sum	PET_vs_Untreated	PET	Untreated	6	6	8.40301644829602	8.53352029774949	0.130503849453472	0.130503849453472	8.70544542366265	8.80524432686596	0.0997989032033146	0.0997989032033146	0.521109982958906	0.939810234236149	ns
raw	log10_summed_intensity_plus_1	NPC superclass: Tyrosine alkaloids	Tyrosine alkaloids	pairwise_wilcoxon_rank_sum	PS_vs_Untreated	PS	Untreated	6	6	8.0346444827275	8.53352029774949	0.498875815021989	0.498875815021989	8.12948223477781	8.80524432686596	0.675762092088148	0.675762092088148	0.108694580796525	0.849382622280421	ns
raw	log10_summed_intensity_plus_1	NPC class: Acetogenins	Acetogenins	kruskal_wallis	overall	NA	NA	NA	NA	NA	NA	NA	0.100869040274617	NA	NA	NA	0.0656100429370809	0.50448835267872	0.971836292859759	ns
raw	log10_summed_intensity_plus_1	NPC class: Acetogenins	Acetogenins	pairwise_wilcoxon_rank_sum	PET_vs_PS	PET	PS	6	6	7.07680276636909	7.06074693187632	-0.0160558344927653	0.0160558344927653	7.07026004589621	7.04587889658994	-0.0243811493062784	0.0243811493062784	0.688920555804461	1	ns
raw	log10_summed_intensity_plus_1	NPC class: Acetogenins	Acetogenins	pairwise_wilcoxon_rank_sum	PET_vs_Untreated	PET	Untreated	6	6	7.07680276636909	6.97593372609447	-0.100869040274617	0.100869040274617	7.07026004589621	7.00465000295913	-0.0656100429370809	0.0656100429370809	0.378477593244679	0.939810234236149	ns
raw	log10_summed_intensity_plus_1	NPC class: Acetogenins	Acetogenins	pairwise_wilcoxon_rank_sum	PS_vs_Untreated	PS	Untreated	6	6	7.06074693187632	6.97593372609447	-0.0848132057818516	0.0848132057818516	7.04587889658994	7.00465000295913	-0.0412288936308025	0.0412288936308025	0.378477593244679	0.992757289686073	ns
raw	log10_summed_intensity_plus_1	NPC class: Aminoacids	Aminoacids	kruskal_wallis	overall	NA	NA	NA	NA	NA	NA	NA	0.163028855269522	NA	NA	NA	0.163719163817181	0.204989745788761	0.971836292859759	ns
raw	log10_summed_intensity_plus_1	NPC class: Aminoacids	Aminoacids	pairwise_wilcoxon_rank_sum	PET_vs_PS	PET	PS	6	6	7.75835995508098	7.75051605354086	-0.00784390154011927	0.00784390154011927	7.75070063703223	7.73464959458295	-0.0160510424492815	0.0160510424492815	0.936186293473059	1	ns
raw	log10_summed_intensity_plus_1	NPC class: Aminoacids	Aminoacids	pairwise_wilcoxon_rank_sum	PET_vs_Untreated	PET	Untreated	6	6	7.75835995508098	7.59533109981146	-0.163028855269522	0.163028855269522	7.75070063703223	7.58698147321505	-0.163719163817181	0.163719163817181	0.173485468321478	0.939810234236149	ns
raw	log10_summed_intensity_plus_1	NPC class: Aminoacids	Aminoacids	pairwise_wilcoxon_rank_sum	PS_vs_Untreated	PS	Untreated	6	6	7.75051605354086	7.59533109981146	-0.155184953729402	0.155184953729402	7.73464959458295	7.58698147321505	-0.147668121367899	0.147668121367899	0.128205275030392	0.849382622280421	ns
raw	log10_summed_intensity_plus_1	NPC class: Aminoglycosides	Aminoglycosides	kruskal_wallis	overall	NA	NA	NA	NA	NA	NA	NA	0.0397014008787684	NA	NA	NA	0	0.804337191285628	0.971836292859759	ns
raw	log10_summed_intensity_plus_1	NPC class: Aminoglycosides	Aminoglycosides	pairwise_wilcoxon_rank_sum	PET_vs_PS	PET	PS	6	6	6.39837918499477	6.3873250785411	-0.0110541064536624	0.0110541064536624	6.30701402455677	6.30701402455677	0	0	1	1	ns
raw	log10_summed_intensity_plus_1	NPC class: Aminoglycosides	Aminoglycosides	pairwise_wilcoxon_rank_sum	PET_vs_Untreated	PET	Untreated	6	6	6.39837918499477	6.42702647941987	0.0286472944251059	0.0286472944251059	6.30701402455677	6.30701402455677	0	0	0.752553750197242	0.939810234236149	ns
raw	log10_summed_intensity_plus_1	NPC class: Aminoglycosides	Aminoglycosides	pairwise_wilcoxon_rank_sum	PS_vs_Untreated	PS	Untreated	6	6	6.3873250785411	6.42702647941987	0.0397014008787684	0.0397014008787684	6.30701402455677	6.30701402455677	0	0	0.599265961982854	0.992757289686073	ns
raw	log10_summed_intensity_plus_1	NPC class: Androstane steroids	Androstane steroids	kruskal_wallis	overall	NA	NA	NA	NA	NA	NA	NA	0.277995337405851	NA	NA	NA	0.391322067653302	0.288737390499298	0.971836292859759	ns
raw	log10_summed_intensity_plus_1	NPC class: Androstane steroids	Androstane steroids	pairwise_wilcoxon_rank_sum	PET_vs_PS	PET	PS	6	6	6.48983892748962	6.29839016045264	-0.191448767036984	0.191448767036984	6.50331837341069	6.15313690448777	-0.350181468922928	0.350181468922928	0.253860556003279	1	ns
raw	log10_summed_intensity_plus_1	NPC class: Androstane steroids	Androstane steroids	pairwise_wilcoxon_rank_sum	PET_vs_Untreated	PET	Untreated	6	6	6.48983892748962	6.21184359008377	-0.277995337405851	0.277995337405851	6.50331837341069	6.11199630575739	-0.391322067653302	0.391322067653302	0.170465865013099	0.939810234236149	ns
raw	log10_summed_intensity_plus_1	NPC class: Androstane steroids	Androstane steroids	pairwise_wilcoxon_rank_sum	PS_vs_Untreated	PS	Untreated	6	6	6.29839016045264	6.21184359008377	-0.0865465703688661	0.0865465703688661	6.15313690448777	6.11199630575739	-0.0411405987303741	0.0411405987303741	1	1	ns
raw	log10_summed_intensity_plus_1	NPC class: Azaphilones	Azaphilones	kruskal_wallis	overall	NA	NA	NA	NA	NA	NA	NA	0.0359706705145006	NA	NA	NA	0.0442912106200115	0.796068393426591	0.971836292859759	ns
raw	log10_summed_intensity_plus_1	NPC class: Azaphilones	Azaphilones	pairwise_wilcoxon_rank_sum	PET_vs_PS	PET	PS	6	6	7.28952687826961	7.27392489884739	-0.0156019794222217	0.0156019794222217	7.28340256204002	7.27136140487281	-0.012041157167209	0.012041157167209	0.936186293473059	1	ns
raw	log10_summed_intensity_plus_1	NPC class: Azaphilones	Azaphilones	pairwise_wilcoxon_rank_sum	PET_vs_Untreated	PET	Untreated	6	6	7.28952687826961	7.30989556936189	0.0203686910922789	0.0203686910922789	7.28340256204002	7.31565261549282	0.0322500534528025	0.0322500534528025	0.688920555804461	0.939810234236149	ns
raw	log10_summed_intensity_plus_1	NPC class: Azaphilones	Azaphilones	pairwise_wilcoxon_rank_sum	PS_vs_Untreated	PS	Untreated	6	6	7.27392489884739	7.30989556936189	0.0359706705145006	0.0359706705145006	7.27136140487281	7.31565261549282	0.0442912106200115	0.0442912106200115	0.575173531920197	0.992757289686073	ns
raw	log10_summed_intensity_plus_1	NPC class: Carotenoids (C40, β-β)	Carotenoids (C40, β-β)	kruskal_wallis	overall	NA	NA	NA	NA	NA	NA	NA	0.202973283016696	NA	NA	NA	0.188863783602779	0.0621765240221163	0.971836292859759	ns
raw	log10_summed_intensity_plus_1	NPC class: Carotenoids (C40, β-β)	Carotenoids (C40, β-β)	pairwise_wilcoxon_rank_sum	PET_vs_PS	PET	PS	6	6	6.81856116602311	6.65985972908168	-0.158701436941427	0.158701436941427	6.82395960494394	6.69147198458692	-0.132487620357019	0.132487620357019	0.0453275620779722	1	ns
raw	log10_summed_intensity_plus_1	NPC class: Carotenoids (C40, β-β)	Carotenoids (C40, β-β)	pairwise_wilcoxon_rank_sum	PET_vs_Untreated	PET	Untreated	6	6	6.81856116602311	6.61558788300641	-0.202973283016696	0.202973283016696	6.82395960494394	6.63509582134116	-0.188863783602779	0.188863783602779	0.0655521611655026	0.939810234236149	ns
raw	log10_summed_intensity_plus_1	NPC class: Carotenoids (C40, β-β)	Carotenoids (C40, β-β)	pairwise_wilcoxon_rank_sum	PS_vs_Untreated	PS	Untreated	6	6	6.65985972908168	6.61558788300641	-0.0442718460752696	0.0442718460752696	6.69147198458692	6.63509582134116	-0.0563761632457593	0.0563761632457593	0.688920555804461	0.992757289686073	ns
raw	log10_summed_intensity_plus_1	NPC class: Ceramides	Ceramides	kruskal_wallis	overall	NA	NA	NA	NA	NA	NA	NA	0.0789638973321374	NA	NA	NA	0.102268475130204	0.737791830067178	0.971836292859759	ns
raw	log10_summed_intensity_plus_1	NPC class: Ceramides	Ceramides	pairwise_wilcoxon_rank_sum	PET_vs_PS	PET	PS	6	6	9.12086318026535	9.19982707759748	0.0789638973321374	0.0789638973321374	9.13611442872176	9.23838290385197	0.102268475130204	0.102268475130204	0.575173531920197	1	ns
raw	log10_summed_intensity_plus_1	NPC class: Ceramides	Ceramides	pairwise_wilcoxon_rank_sum	PET_vs_Untreated	PET	Untreated	6	6	9.12086318026535	9.18721156227761	0.066348382012265	0.066348382012265	9.13611442872176	9.21683637111969	0.0807219423979291	0.0807219423979291	0.810181236410474	0.939810234236149	ns
raw	log10_summed_intensity_plus_1	NPC class: Ceramides	Ceramides	pairwise_wilcoxon_rank_sum	PS_vs_Untreated	PS	Untreated	6	6	9.19982707759748	9.18721156227761	-0.0126155153198724	0.0126155153198724	9.23838290385197	9.21683637111969	-0.021546532732275	0.021546532732275	0.575173531920197	0.992757289686073	ns
raw	log10_summed_intensity_plus_1	NPC class: Cholane steroids	Cholane steroids	kruskal_wallis	overall	NA	NA	NA	NA	NA	NA	NA	0.145302154625346	NA	NA	NA	0	0.363705813441411	0.971836292859759	ns
raw	log10_summed_intensity_plus_1	NPC class: Cholane steroids	Cholane steroids	pairwise_wilcoxon_rank_sum	PET_vs_PS	PET	PS	6	6	6.08561273688507	6.00598424306848	-0.0796284938165925	0.0796284938165925	6.00598424306848	6.00598424306848	0	0	0.404656761927286	1	ns
raw	log10_summed_intensity_plus_1	NPC class: Cholane steroids	Cholane steroids	pairwise_wilcoxon_rank_sum	PET_vs_Untreated	PET	Untreated	6	6	6.08561273688507	6.15128639769383	0.0656736608087538	0.0656736608087538	6.00598424306848	6.00598424306848	0	0	0.752553750197242	0.939810234236149	ns
raw	log10_summed_intensity_plus_1	NPC class: Cholane steroids	Cholane steroids	pairwise_wilcoxon_rank_sum	PS_vs_Untreated	PS	Untreated	6	6	6.00598424306848	6.15128639769383	0.145302154625346	0.145302154625346	6.00598424306848	6.00598424306848	0	0	0.175734335644225	0.849382622280421	ns
raw	log10_summed_intensity_plus_1	NPC class: Cholestane steroids	Cholestane steroids	kruskal_wallis	overall	NA	NA	NA	NA	NA	NA	NA	0.0601183948390975	NA	NA	NA	0.0713180546269889	0.172004624117042	0.971836292859759	ns
raw	log10_summed_intensity_plus_1	NPC class: Cholestane steroids	Cholestane steroids	pairwise_wilcoxon_rank_sum	PET_vs_PS	PET	PS	6	6	6.92617415034303	6.86605575550394	-0.0601183948390975	0.0601183948390975	6.91796897214259	6.8466509175156	-0.0713180546269889	0.0713180546269889	0.0926958025578126	1	ns
raw	log10_summed_intensity_plus_1	NPC class: Cholestane steroids	Cholestane steroids	pairwise_wilcoxon_rank_sum	PET_vs_Untreated	PET	Untreated	6	6	6.92617415034303	6.92444401989277	-0.0017301304502606	0.0017301304502606	6.91796897214259	6.90488699732119	-0.0130819748213975	0.0130819748213975	1	1	ns
raw	log10_summed_intensity_plus_1	NPC class: Cholestane steroids	Cholestane steroids	pairwise_wilcoxon_rank_sum	PS_vs_Untreated	PS	Untreated	6	6	6.86605575550394	6.92444401989277	0.0583882643888369	0.0583882643888369	6.8466509175156	6.90488699732119	0.0582360798055914	0.0582360798055914	0.173485468321478	0.849382622280421	ns
raw	log10_summed_intensity_plus_1	NPC class: Cinnamic acids and derivatives	Cinnamic acids and derivatives	kruskal_wallis	overall	NA	NA	NA	NA	NA	NA	NA	0.0307829427140671	NA	NA	NA	0.0328202679109211	0.547529366500244	0.971836292859759	ns
raw	log10_summed_intensity_plus_1	NPC class: Cinnamic acids and derivatives	Cinnamic acids and derivatives	pairwise_wilcoxon_rank_sum	PET_vs_PS	PET	PS	6	6	7.61487767044583	7.58409472773176	-0.0307829427140671	0.0307829427140671	7.62796513728492	7.60595209788611	-0.0220130393988107	0.0220130393988107	0.297953061608168	1	ns
raw	log10_summed_intensity_plus_1	NPC class: Cinnamic acids and derivatives	Cinnamic acids and derivatives	pairwise_wilcoxon_rank_sum	PET_vs_Untreated	PET	Untreated	6	6	7.61487767044583	7.58952991492875	-0.0253477555170747	0.0253477555170747	7.62796513728492	7.595144869374	-0.0328202679109211	0.0328202679109211	0.575173531920197	0.939810234236149	ns
raw	log10_summed_intensity_plus_1	NPC class: Cinnamic acids and derivatives	Cinnamic acids and derivatives	pairwise_wilcoxon_rank_sum	PS_vs_Untreated	PS	Untreated	6	6	7.58409472773176	7.58952991492875	0.00543518719699243	0.00543518719699243	7.60595209788611	7.595144869374	-0.0108072285121104	0.0108072285121104	0.810181236410474	0.992757289686073	ns
raw	log10_summed_intensity_plus_1	NPC class: Cyclamides	Cyclamides	kruskal_wallis	overall	NA	NA	NA	NA	NA	NA	NA	0.0533209462582196	NA	NA	NA	0	0.586071357998473	0.971836292859759	ns
raw	log10_summed_intensity_plus_1	NPC class: Cyclamides	Cyclamides	pairwise_wilcoxon_rank_sum	PET_vs_PS	PET	PS	6	6	6.05901593302349	6.0593051893267	0.000289256303209307	0.000289256303209307	6.00598424306848	6.00598424306848	0	0	1	1	ns
raw	log10_summed_intensity_plus_1	NPC class: Cyclamides	Cyclamides	pairwise_wilcoxon_rank_sum	PET_vs_Untreated	PET	Untreated	6	6	6.05901593302349	6.00598424306848	-0.0530316899550103	0.0530316899550103	6.00598424306848	6.00598424306848	0	0	0.404656761927286	0.939810234236149	ns
raw	log10_summed_intensity_plus_1	NPC class: Cyclamides	Cyclamides	pairwise_wilcoxon_rank_sum	PS_vs_Untreated	PS	Untreated	6	6	6.0593051893267	6.00598424306848	-0.0533209462582196	0.0533209462582196	6.00598424306848	6.00598424306848	0	0	0.404656761927286	0.992757289686073	ns
raw	log10_summed_intensity_plus_1	NPC class: Depsipeptides	Depsipeptides	kruskal_wallis	overall	NA	NA	NA	NA	NA	NA	NA	0.0684720530893053	NA	NA	NA	0.179322506020359	0.755837559748581	0.971836292859759	ns
raw	log10_summed_intensity_plus_1	NPC class: Depsipeptides	Depsipeptides	pairwise_wilcoxon_rank_sum	PET_vs_PS	PET	PS	6	6	6.12460762425326	6.13165675777279	0.00704913351952197	0.00704913351952197	6.00598424306848	6.00598424306848	0	0	1	1	ns
raw	log10_summed_intensity_plus_1	NPC class: Depsipeptides	Depsipeptides	pairwise_wilcoxon_rank_sum	PET_vs_Untreated	PET	Untreated	6	6	6.12460762425326	6.19307967734257	0.0684720530893053	0.0684720530893053	6.00598424306848	6.18530674908884	0.179322506020359	0.179322506020359	0.531994838836298	0.939810234236149	ns
raw	log10_summed_intensity_plus_1	NPC class: Depsipeptides	Depsipeptides	pairwise_wilcoxon_rank_sum	PS_vs_Untreated	PS	Untreated	6	6	6.13165675777279	6.19307967734257	0.0614229195697833	0.0614229195697833	6.00598424306848	6.18530674908884	0.179322506020359	0.179322506020359	0.655306389505138	0.992757289686073	ns
raw	log10_summed_intensity_plus_1	NPC class: Diacylglycerols	Diacylglycerols	kruskal_wallis	overall	NA	NA	NA	NA	NA	NA	NA	0.0850143129427643	NA	NA	NA	0.102657089111371	0.346982985921552	0.971836292859759	ns
raw	log10_summed_intensity_plus_1	NPC class: Diacylglycerols	Diacylglycerols	pairwise_wilcoxon_rank_sum	PET_vs_PS	PET	PS	6	6	8.22857110401646	8.15261542189295	-0.0759556821235066	0.0759556821235066	8.25580999234409	8.23206035836894	-0.0237496339751466	0.0237496339751466	0.297953061608168	1	ns
raw	log10_summed_intensity_plus_1	NPC class: Diacylglycerols	Diacylglycerols	pairwise_wilcoxon_rank_sum	PET_vs_Untreated	PET	Untreated	6	6	8.22857110401646	8.14355679107369	-0.0850143129427643	0.0850143129427643	8.25580999234409	8.15315290323272	-0.102657089111371	0.102657089111371	0.229766270461138	0.939810234236149	ns
raw	log10_summed_intensity_plus_1	NPC class: Diacylglycerols	Diacylglycerols	pairwise_wilcoxon_rank_sum	PS_vs_Untreated	PS	Untreated	6	6	8.15261542189295	8.14355679107369	-0.00905863081925773	0.00905863081925773	8.23206035836894	8.15315290323272	-0.0789074551362248	0.0789074551362248	0.688920555804461	0.992757289686073	ns
raw	log10_summed_intensity_plus_1	NPC class: Dicarboxylic acids	Dicarboxylic acids	kruskal_wallis	overall	NA	NA	NA	NA	NA	NA	NA	0.0684766204445486	NA	NA	NA	0.0963853572079696	0.393959625094277	0.971836292859759	ns
raw	log10_summed_intensity_plus_1	NPC class: Dicarboxylic acids	Dicarboxylic acids	pairwise_wilcoxon_rank_sum	PET_vs_PS	PET	PS	6	6	6.84894219589796	6.84213839406936	-0.00680380182860052	0.00680380182860052	6.82314187750421	6.8052043352488	-0.017937542255412	0.017937542255412	0.935043046278691	1	ns
raw	log10_summed_intensity_plus_1	NPC class: Dicarboxylic acids	Dicarboxylic acids	pairwise_wilcoxon_rank_sum	PET_vs_Untreated	PET	Untreated	6	6	6.84894219589796	6.91061501451391	0.0616728186159481	0.0616728186159481	6.82314187750421	6.90158969245677	0.0784478149525576	0.0784478149525576	0.468041605900417	0.939810234236149	ns
raw	log10_summed_intensity_plus_1	NPC class: Dicarboxylic acids	Dicarboxylic acids	pairwise_wilcoxon_rank_sum	PS_vs_Untreated	PS	Untreated	6	6	6.84213839406936	6.91061501451391	0.0684766204445486	0.0684766204445486	6.8052043352488	6.90158969245677	0.0963853572079696	0.0963853572079696	0.170465865013099	0.849382622280421	ns
raw	log10_summed_intensity_plus_1	NPC class: Dipeptides	Dipeptides	kruskal_wallis	overall	NA	NA	NA	NA	NA	NA	NA	0.14232392092331	NA	NA	NA	0.152218745230213	0.475832175937036	0.971836292859759	ns
raw	log10_summed_intensity_plus_1	NPC class: Dipeptides	Dipeptides	pairwise_wilcoxon_rank_sum	PET_vs_PS	PET	PS	6	6	7.42397367029313	7.41225503577372	-0.011718634519414	0.011718634519414	7.4298304902039	7.39634039487171	-0.0334900953321871	0.0334900953321871	1	1	ns
raw	log10_summed_intensity_plus_1	NPC class: Dipeptides	Dipeptides	pairwise_wilcoxon_rank_sum	PET_vs_Untreated	PET	Untreated	6	6	7.42397367029313	7.28164974936982	-0.14232392092331	0.14232392092331	7.4298304902039	7.27761174497369	-0.152218745230213	0.152218745230213	0.297953061608168	0.939810234236149	ns
raw	log10_summed_intensity_plus_1	NPC class: Dipeptides	Dipeptides	pairwise_wilcoxon_rank_sum	PS_vs_Untreated	PS	Untreated	6	6	7.41225503577372	7.28164974936982	-0.130605286403896	0.130605286403896	7.39634039487171	7.27761174497369	-0.118728649898026	0.118728649898026	0.378477593244679	0.992757289686073	ns
raw	log10_summed_intensity_plus_1	NPC class: Erythromycins	Erythromycins	kruskal_wallis	overall	NA	NA	NA	NA	NA	NA	NA	0.272050994334633	NA	NA	NA	0.381819468063981	0.727909027294168	0.971836292859759	ns
raw	log10_summed_intensity_plus_1	NPC class: Erythromycins	Erythromycins	pairwise_wilcoxon_rank_sum	PET_vs_PS	PET	PS	6	6	7.25564447782825	7.0700287175778	-0.18561576025045	0.18561576025045	7.32591542940977	6.94409596134579	-0.381819468063981	0.381819468063981	0.575173531920197	1	ns
raw	log10_summed_intensity_plus_1	NPC class: Erythromycins	Erythromycins	pairwise_wilcoxon_rank_sum	PET_vs_Untreated	PET	Untreated	6	6	7.25564447782825	6.98359348349361	-0.272050994334633	0.272050994334633	7.32591542940977	7.05722841935112	-0.268687010058645	0.268687010058645	0.521109982958906	0.939810234236149	ns
raw	log10_summed_intensity_plus_1	NPC class: Erythromycins	Erythromycins	pairwise_wilcoxon_rank_sum	PS_vs_Untreated	PS	Untreated	6	6	7.0700287175778	6.98359348349361	-0.086435234084183	0.086435234084183	6.94409596134579	7.05722841935112	0.113132458005336	0.113132458005336	1	1	ns
raw	log10_summed_intensity_plus_1	NPC class: Fatty acid estolides	Fatty acid estolides	kruskal_wallis	overall	NA	NA	NA	NA	NA	NA	NA	0.238781782753831	NA	NA	NA	0.152682067959288	0.513829557451202	0.971836292859759	ns
raw	log10_summed_intensity_plus_1	NPC class: Fatty acid estolides	Fatty acid estolides	pairwise_wilcoxon_rank_sum	PET_vs_PS	PET	PS	6	6	6.71528572034115	6.92296666545981	0.207680945118662	0.207680945118662	6.69700693428402	6.77043837580343	0.0734314415194159	0.0734314415194159	0.686838218866274	1	ns
raw	log10_summed_intensity_plus_1	NPC class: Fatty acid estolides	Fatty acid estolides	pairwise_wilcoxon_rank_sum	PET_vs_Untreated	PET	Untreated	6	6	6.71528572034115	6.68418488270598	-0.0311008376351687	0.0311008376351687	6.69700693428402	6.61775630784414	-0.0792506264398716	0.0792506264398716	0.415063106856526	0.939810234236149	ns
raw	log10_summed_intensity_plus_1	NPC class: Fatty acid estolides	Fatty acid estolides	pairwise_wilcoxon_rank_sum	PS_vs_Untreated	PS	Untreated	6	6	6.92296666545981	6.68418488270598	-0.238781782753831	0.238781782753831	6.77043837580343	6.61775630784414	-0.152682067959288	0.152682067959288	0.361129976345835	0.992757289686073	ns
raw	log10_summed_intensity_plus_1	NPC class: Fatty acyl carnitines	Fatty acyl carnitines	kruskal_wallis	overall	NA	NA	NA	NA	NA	NA	NA	0.0683902254808118	NA	NA	NA	0.115578630857494	0.834196285742519	0.971836292859759	ns
raw	log10_summed_intensity_plus_1	NPC class: Fatty acyl carnitines	Fatty acyl carnitines	pairwise_wilcoxon_rank_sum	PET_vs_PS	PET	PS	6	6	7.05956204130804	7.04578256414623	-0.0137794771618029	0.0137794771618029	7.06328167457358	6.94770304371609	-0.115578630857494	0.115578630857494	0.688920555804461	1	ns
raw	log10_summed_intensity_plus_1	NPC class: Fatty acyl carnitines	Fatty acyl carnitines	pairwise_wilcoxon_rank_sum	PET_vs_Untreated	PET	Untreated	6	6	7.05956204130804	6.99117181582722	-0.0683902254808118	0.0683902254808118	7.06328167457358	6.99752359885457	-0.0657580757190113	0.0657580757190113	0.688920555804461	0.939810234236149	ns
raw	log10_summed_intensity_plus_1	NPC class: Fatty acyl carnitines	Fatty acyl carnitines	pairwise_wilcoxon_rank_sum	PS_vs_Untreated	PS	Untreated	6	6	7.04578256414623	6.99117181582722	-0.0546107483190088	0.0546107483190088	6.94770304371609	6.99752359885457	0.0498205551384823	0.0498205551384823	0.810181236410474	0.992757289686073	ns
raw	log10_summed_intensity_plus_1	NPC class: Fatty acyl glycosides of mono- and disaccharides	Fatty acyl glycosides of mono- and disaccharides	kruskal_wallis	overall	NA	NA	NA	NA	NA	NA	NA	0.0794807878672019	NA	NA	NA	0.0517136176830491	0.755837559748581	0.971836292859759	ns
raw	log10_summed_intensity_plus_1	NPC class: Fatty acyl glycosides of mono- and disaccharides	Fatty acyl glycosides of mono- and disaccharides	pairwise_wilcoxon_rank_sum	PET_vs_PS	PET	PS	6	6	6.07730968294745	6.0813158595044	0.00400617655694813	0.00400617655694813	6.00598424306848	6.00598424306848	0	0	1	1	ns
raw	log10_summed_intensity_plus_1	NPC class: Fatty acyl glycosides of mono- and disaccharides	Fatty acyl glycosides of mono- and disaccharides	pairwise_wilcoxon_rank_sum	PET_vs_Untreated	PET	Untreated	6	6	6.07730968294745	6.15679047081465	0.0794807878672019	0.0794807878672019	6.00598424306848	6.05769786075153	0.0517136176830491	0.0517136176830491	0.655306389505138	0.939810234236149	ns
raw	log10_summed_intensity_plus_1	NPC class: Fatty acyl glycosides of mono- and disaccharides	Fatty acyl glycosides of mono- and disaccharides	pairwise_wilcoxon_rank_sum	PS_vs_Untreated	PS	Untreated	6	6	6.0813158595044	6.15679047081465	0.0754746113102538	0.0754746113102538	6.00598424306848	6.05769786075153	0.0517136176830491	0.0517136176830491	0.531994838836298	0.992757289686073	ns
raw	log10_summed_intensity_plus_1	NPC class: Fatty alcohols	Fatty alcohols	kruskal_wallis	overall	NA	NA	NA	NA	NA	NA	NA	0.0638254092192536	NA	NA	NA	0.0289448679990905	0.128396572892949	0.971836292859759	ns
raw	log10_summed_intensity_plus_1	NPC class: Fatty alcohols	Fatty alcohols	pairwise_wilcoxon_rank_sum	PET_vs_PS	PET	PS	6	6	8.92896878153287	8.86514337231362	-0.0638254092192536	0.0638254092192536	8.89501258516883	8.86667467462205	-0.0283379105467763	0.0283379105467763	0.0453275620779722	1	ns
raw	log10_summed_intensity_plus_1	NPC class: Fatty alcohols	Fatty alcohols	pairwise_wilcoxon_rank_sum	PET_vs_Untreated	PET	Untreated	6	6	8.92896878153287	8.8678204686751	-0.0611483128577728	0.0611483128577728	8.89501258516883	8.86606771716974	-0.0289448679990905	0.0289448679990905	0.229766270461138	0.939810234236149	ns
raw	log10_summed_intensity_plus_1	NPC class: Fatty alcohols	Fatty alcohols	pairwise_wilcoxon_rank_sum	PS_vs_Untreated	PS	Untreated	6	6	8.86514337231362	8.8678204686751	0.00267709636148084	0.00267709636148084	8.86667467462205	8.86606771716974	-0.000606957452314205	0.000606957452314205	0.810181236410474	0.992757289686073	ns
raw	log10_summed_intensity_plus_1	NPC class: Fatty aldehydes	Fatty aldehydes	kruskal_wallis	overall	NA	NA	NA	NA	NA	NA	NA	0.030090245128541	NA	NA	NA	0.0261397130875309	0.737791830067178	0.971836292859759	ns
raw	log10_summed_intensity_plus_1	NPC class: Fatty aldehydes	Fatty aldehydes	pairwise_wilcoxon_rank_sum	PET_vs_PS	PET	PS	6	6	8.86388135360466	8.83379110847612	-0.030090245128541	0.030090245128541	8.86278058171656	8.84150439085748	-0.0212761908590799	0.0212761908590799	0.575173531920197	1	ns
raw	log10_summed_intensity_plus_1	NPC class: Fatty aldehydes	Fatty aldehydes	pairwise_wilcoxon_rank_sum	PET_vs_Untreated	PET	Untreated	6	6	8.86388135360466	8.85446938945971	-0.0094119641449506	0.0094119641449506	8.86278058171656	8.86764410394501	0.00486352222845099	0.00486352222845099	0.810181236410474	0.939810234236149	ns
raw	log10_summed_intensity_plus_1	NPC class: Fatty aldehydes	Fatty aldehydes	pairwise_wilcoxon_rank_sum	PS_vs_Untreated	PS	Untreated	6	6	8.83379110847612	8.85446938945971	0.0206782809835904	0.0206782809835904	8.84150439085748	8.86764410394501	0.0261397130875309	0.0261397130875309	0.575173531920197	0.992757289686073	ns
raw	log10_summed_intensity_plus_1	NPC class: Glycerophosphates	Glycerophosphates	kruskal_wallis	overall	NA	NA	NA	NA	NA	NA	NA	0.0275223629088304	NA	NA	NA	0.0621203737170575	0.884434326401331	0.982476542982841	ns
raw	log10_summed_intensity_plus_1	NPC class: Glycerophosphates	Glycerophosphates	pairwise_wilcoxon_rank_sum	PET_vs_PS	PET	PS	6	6	7.44538657007763	7.4545939230297	0.00920735295207109	0.00920735295207109	7.1945581967182	7.13932032035139	-0.0552378763668138	0.0552378763668138	0.936186293473059	1	ns
raw	log10_summed_intensity_plus_1	NPC class: Glycerophosphates	Glycerophosphates	pairwise_wilcoxon_rank_sum	PET_vs_Untreated	PET	Untreated	6	6	7.44538657007763	7.42707156012087	-0.0183150099567593	0.0183150099567593	7.1945581967182	7.13243782300114	-0.0621203737170575	0.0621203737170575	0.810181236410474	0.939810234236149	ns
raw	log10_summed_intensity_plus_1	NPC class: Glycerophosphates	Glycerophosphates	pairwise_wilcoxon_rank_sum	PS_vs_Untreated	PS	Untreated	6	6	7.4545939230297	7.42707156012087	-0.0275223629088304	0.0275223629088304	7.13932032035139	7.13243782300114	-0.00688249735024371	0.00688249735024371	0.688920555804461	0.992757289686073	ns
raw	log10_summed_intensity_plus_1	NPC class: Glycerophosphocholines	Glycerophosphocholines	kruskal_wallis	overall	NA	NA	NA	NA	NA	NA	NA	0.0892461009154566	NA	NA	NA	0.0530450711870145	0.994169112778783	0.994169112778783	ns
raw	log10_summed_intensity_plus_1	NPC class: Glycerophosphocholines	Glycerophosphocholines	pairwise_wilcoxon_rank_sum	PET_vs_PS	PET	PS	6	6	9.59884774407574	9.58653844172618	-0.0123093023495624	0.0123093023495624	9.6398126697039	9.69285774089092	0.0530450711870145	0.0530450711870145	0.936186293473059	1	ns
raw	log10_summed_intensity_plus_1	NPC class: Glycerophosphocholines	Glycerophosphocholines	pairwise_wilcoxon_rank_sum	PET_vs_Untreated	PET	Untreated	6	6	9.59884774407574	9.50960164316029	-0.0892461009154566	0.0892461009154566	9.6398126697039	9.66239038529359	0.0225777155896871	0.0225777155896871	0.936186293473059	0.981303705206701	ns
raw	log10_summed_intensity_plus_1	NPC class: Glycerophosphocholines	Glycerophosphocholines	pairwise_wilcoxon_rank_sum	PS_vs_Untreated	PS	Untreated	6	6	9.58653844172618	9.50960164316029	-0.0769367985658942	0.0769367985658942	9.69285774089092	9.66239038529359	-0.0304673555973274	0.0304673555973274	1	1	ns
raw	log10_summed_intensity_plus_1	NPC class: Glycerophosphoethanolamines	Glycerophosphoethanolamines	kruskal_wallis	overall	NA	NA	NA	NA	NA	NA	NA	0.0418293254808706	NA	NA	NA	0.25902269126124	0.84896043973956	0.971836292859759	ns
raw	log10_summed_intensity_plus_1	NPC class: Glycerophosphoethanolamines	Glycerophosphoethanolamines	pairwise_wilcoxon_rank_sum	PET_vs_PS	PET	PS	6	6	9.02735604620661	9.0131231696636	-0.0142328765430033	0.0142328765430033	8.97032126753873	9.02982094135548	0.059499673816747	0.059499673816747	1	1	ns
raw	log10_summed_intensity_plus_1	NPC class: Glycerophosphoethanolamines	Glycerophosphoethanolamines	pairwise_wilcoxon_rank_sum	PET_vs_Untreated	PET	Untreated	6	6	9.02735604620661	9.05495249514447	0.0275964489378673	0.0275964489378673	8.97032126753873	9.22934395879997	0.25902269126124	0.25902269126124	0.575173531920197	0.939810234236149	ns
raw	log10_summed_intensity_plus_1	NPC class: Glycerophosphoethanolamines	Glycerophosphoethanolamines	pairwise_wilcoxon_rank_sum	PS_vs_Untreated	PS	Untreated	6	6	9.0131231696636	9.05495249514447	0.0418293254808706	0.0418293254808706	9.02982094135548	9.22934395879997	0.199523017444493	0.199523017444493	0.810181236410474	0.992757289686073	ns
raw	log10_summed_intensity_plus_1	NPC class: Glycerophosphoinositols	Glycerophosphoinositols	kruskal_wallis	overall	NA	NA	NA	NA	NA	NA	NA	0.0304622157561383	NA	NA	NA	0.0409964673820191	0.84896043973956	0.971836292859759	ns
raw	log10_summed_intensity_plus_1	NPC class: Glycerophosphoinositols	Glycerophosphoinositols	pairwise_wilcoxon_rank_sum	PET_vs_PS	PET	PS	6	6	7.03357536434917	7.05712910465249	0.0235537403033215	0.0235537403033215	7.06251619637782	7.08340015890813	0.0208839625303101	0.0208839625303101	0.688920555804461	1	ns
raw	log10_summed_intensity_plus_1	NPC class: Glycerophosphoinositols	Glycerophosphoinositols	pairwise_wilcoxon_rank_sum	PET_vs_Untreated	PET	Untreated	6	6	7.03357536434917	7.06403758010531	0.0304622157561383	0.0304622157561383	7.06251619637782	7.04240369152611	-0.020112504851709	0.020112504851709	0.688920555804461	0.939810234236149	ns
raw	log10_summed_intensity_plus_1	NPC class: Glycerophosphoinositols	Glycerophosphoinositols	pairwise_wilcoxon_rank_sum	PS_vs_Untreated	PS	Untreated	6	6	7.05712910465249	7.06403758010531	0.00690847545281681	0.00690847545281681	7.08340015890813	7.04240369152611	-0.0409964673820191	0.0409964673820191	0.936186293473059	1	ns
raw	log10_summed_intensity_plus_1	NPC class: Glycerophosphoserines	Glycerophosphoserines	kruskal_wallis	overall	NA	NA	NA	NA	NA	NA	NA	0.102260264836179	NA	NA	NA	0.0321806288963762	0.834196285742519	0.971836292859759	ns
raw	log10_summed_intensity_plus_1	NPC class: Glycerophosphoserines	Glycerophosphoserines	pairwise_wilcoxon_rank_sum	PET_vs_PS	PET	PS	6	6	7.39893611932942	7.33776068199193	-0.0611754373374946	0.0611754373374946	7.40011083245071	7.41874897788112	0.0186381454304083	0.0186381454304083	0.575173531920197	1	ns
raw	log10_summed_intensity_plus_1	NPC class: Glycerophosphoserines	Glycerophosphoserines	pairwise_wilcoxon_rank_sum	PET_vs_Untreated	PET	Untreated	6	6	7.39893611932942	7.29667585449324	-0.102260264836179	0.102260264836179	7.40011083245071	7.43229146134709	0.0321806288963762	0.0321806288963762	0.936186293473059	0.981303705206701	ns
raw	log10_summed_intensity_plus_1	NPC class: Glycerophosphoserines	Glycerophosphoserines	pairwise_wilcoxon_rank_sum	PS_vs_Untreated	PS	Untreated	6	6	7.33776068199193	7.29667585449324	-0.0410848274986844	0.0410848274986844	7.41874897788112	7.43229146134709	0.0135424834659679	0.0135424834659679	0.810181236410474	0.992757289686073	ns
raw	log10_summed_intensity_plus_1	NPC class: Halogenated fatty acids	Halogenated fatty acids	kruskal_wallis	overall	NA	NA	NA	NA	NA	NA	NA	0.12490957585732	NA	NA	NA	0.0816638246903061	0.430802615197436	0.971836292859759	ns
raw	log10_summed_intensity_plus_1	NPC class: Halogenated fatty acids	Halogenated fatty acids	pairwise_wilcoxon_rank_sum	PET_vs_PS	PET	PS	6	6	7.53625660835433	7.48538321945501	-0.0508733888993227	0.0508733888993227	7.53144096517131	7.44977714048101	-0.0816638246903061	0.0816638246903061	0.575173531920197	1	ns
raw	log10_summed_intensity_plus_1	NPC class: Halogenated fatty acids	Halogenated fatty acids	pairwise_wilcoxon_rank_sum	PET_vs_Untreated	PET	Untreated	6	6	7.53625660835433	7.41134703249701	-0.12490957585732	0.12490957585732	7.53144096517131	7.45740474921985	-0.0740362159514634	0.0740362159514634	0.229766270461138	0.939810234236149	ns
raw	log10_summed_intensity_plus_1	NPC class: Halogenated fatty acids	Halogenated fatty acids	pairwise_wilcoxon_rank_sum	PS_vs_Untreated	PS	Untreated	6	6	7.48538321945501	7.41134703249701	-0.0740361869579971	0.0740361869579971	7.44977714048101	7.45740474921985	0.00762760873884272	0.00762760873884272	0.575173531920197	0.992757289686073	ns
raw	log10_summed_intensity_plus_1	NPC class: Hydrocarbons	Hydrocarbons	kruskal_wallis	overall	NA	NA	NA	NA	NA	NA	NA	0.0267533827975175	NA	NA	NA	0.0429191426309385	0.644940966469783	0.971836292859759	ns
raw	log10_summed_intensity_plus_1	NPC class: Hydrocarbons	Hydrocarbons	pairwise_wilcoxon_rank_sum	PET_vs_PS	PET	PS	6	6	7.97250237351223	7.95342650567028	-0.0190758678419423	0.0190758678419423	7.99457573368504	7.95165659105411	-0.0429191426309385	0.0429191426309385	0.378477593244679	1	ns
raw	log10_summed_intensity_plus_1	NPC class: Hydrocarbons	Hydrocarbons	pairwise_wilcoxon_rank_sum	PET_vs_Untreated	PET	Untreated	6	6	7.97250237351223	7.94574899071471	-0.0267533827975175	0.0267533827975175	7.99457573368504	7.9541526254247	-0.0404231082603426	0.0404231082603426	0.575173531920197	0.939810234236149	ns
raw	log10_summed_intensity_plus_1	NPC class: Hydrocarbons	Hydrocarbons	pairwise_wilcoxon_rank_sum	PS_vs_Untreated	PS	Untreated	6	6	7.95342650567028	7.94574899071471	-0.00767751495557523	0.00767751495557523	7.95165659105411	7.9541526254247	0.00249603437059598	0.00249603437059598	0.936186293473059	1	ns
raw	log10_summed_intensity_plus_1	NPC class: Hydroxy fatty acids	Hydroxy fatty acids	kruskal_wallis	overall	NA	NA	NA	NA	NA	NA	NA	0.302691129714982	NA	NA	NA	0.494733446473726	0.218515549947115	0.971836292859759	ns
raw	log10_summed_intensity_plus_1	NPC class: Hydroxy fatty acids	Hydroxy fatty acids	pairwise_wilcoxon_rank_sum	PET_vs_PS	PET	PS	6	6	7.1434487621314	6.89527625066944	-0.248172511461962	0.248172511461962	7.0841337790848	6.82327606635106	-0.26085771273374	0.26085771273374	0.261496176191146	1	ns
raw	log10_summed_intensity_plus_1	NPC class: Hydroxy fatty acids	Hydroxy fatty acids	pairwise_wilcoxon_rank_sum	PET_vs_Untreated	PET	Untreated	6	6	7.1434487621314	7.19796738038442	0.0545186182530202	0.0545186182530202	7.0841337790848	7.31800951282479	0.233875733739985	0.233875733739985	0.748348568843747	0.939810234236149	ns
raw	log10_summed_intensity_plus_1	NPC class: Hydroxy fatty acids	Hydroxy fatty acids	pairwise_wilcoxon_rank_sum	PS_vs_Untreated	PS	Untreated	6	6	6.89527625066944	7.19796738038442	0.302691129714982	0.302691129714982	6.82327606635106	7.31800951282479	0.494733446473726	0.494733446473726	0.108694580796525	0.849382622280421	ns
raw	log10_summed_intensity_plus_1	NPC class: Imidazole alkaloids	Imidazole alkaloids	kruskal_wallis	overall	NA	NA	NA	NA	NA	NA	NA	0	NA	NA	NA	0	NA	NA	ns
raw	log10_summed_intensity_plus_1	NPC class: Imidazole alkaloids	Imidazole alkaloids	pairwise_wilcoxon_rank_sum	PET_vs_PS	PET	PS	6	6	6.00598424306848	6.00598424306848	0	0	6.00598424306848	6.00598424306848	0	0	NA	NA	ns
raw	log10_summed_intensity_plus_1	NPC class: Imidazole alkaloids	Imidazole alkaloids	pairwise_wilcoxon_rank_sum	PET_vs_Untreated	PET	Untreated	6	6	6.00598424306848	6.00598424306848	0	0	6.00598424306848	6.00598424306848	0	0	NA	NA	ns
raw	log10_summed_intensity_plus_1	NPC class: Imidazole alkaloids	Imidazole alkaloids	pairwise_wilcoxon_rank_sum	PS_vs_Untreated	PS	Untreated	6	6	6.00598424306848	6.00598424306848	0	0	6.00598424306848	6.00598424306848	0	0	NA	NA	ns
raw	log10_summed_intensity_plus_1	NPC class: Isoquinoline alkaloids	Isoquinoline alkaloids	kruskal_wallis	overall	NA	NA	NA	NA	NA	NA	NA	0.540442150012283	NA	NA	NA	0.582898258841006	0.227684872068665	0.971836292859759	ns
raw	log10_summed_intensity_plus_1	NPC class: Isoquinoline alkaloids	Isoquinoline alkaloids	pairwise_wilcoxon_rank_sum	PET_vs_PS	PET	PS	6	6	8.19421468701092	7.77121411546945	-0.423000571541471	0.423000571541471	8.5859586454035	8.00306038656249	-0.582898258841006	0.582898258841006	0.199397262753818	1	ns
raw	log10_summed_intensity_plus_1	NPC class: Isoquinoline alkaloids	Isoquinoline alkaloids	pairwise_wilcoxon_rank_sum	PET_vs_Untreated	PET	Untreated	6	6	8.19421468701092	8.31165626548174	0.117441578470812	0.117441578470812	8.5859586454035	8.56487391673478	-0.0210847286687219	0.0210847286687219	0.748348568843747	0.939810234236149	ns
raw	log10_summed_intensity_plus_1	NPC class: Isoquinoline alkaloids	Isoquinoline alkaloids	pairwise_wilcoxon_rank_sum	PS_vs_Untreated	PS	Untreated	6	6	7.77121411546945	8.31165626548174	0.540442150012283	0.540442150012283	8.00306038656249	8.56487391673478	0.561813530172284	0.561813530172284	0.148829147839297	0.849382622280421	ns
raw	log10_summed_intensity_plus_1	NPC class: Jasmonic acids	Jasmonic acids	kruskal_wallis	overall	NA	NA	NA	NA	NA	NA	NA	0.142804032069062	NA	NA	NA	0.258677062690273	0.587332756844842	0.971836292859759	ns
raw	log10_summed_intensity_plus_1	NPC class: Jasmonic acids	Jasmonic acids	pairwise_wilcoxon_rank_sum	PET_vs_PS	PET	PS	6	6	7.48971533808573	7.34691130601667	-0.142804032069062	0.142804032069062	7.56975837674256	7.39939395034672	-0.170364426395841	0.170364426395841	0.378477593244679	1	ns
raw	log10_summed_intensity_plus_1	NPC class: Jasmonic acids	Jasmonic acids	pairwise_wilcoxon_rank_sum	PET_vs_Untreated	PET	Untreated	6	6	7.48971533808573	7.35115571919677	-0.138559618888958	0.138559618888958	7.56975837674256	7.31108131405229	-0.258677062690273	0.258677062690273	0.471169998490056	0.939810234236149	ns
raw	log10_summed_intensity_plus_1	NPC class: Jasmonic acids	Jasmonic acids	pairwise_wilcoxon_rank_sum	PS_vs_Untreated	PS	Untreated	6	6	7.34691130601667	7.35115571919677	0.00424441318010427	0.00424441318010427	7.39939395034672	7.31108131405229	-0.0883126362944324	0.0883126362944324	0.936186293473059	1	ns
raw	log10_summed_intensity_plus_1	NPC class: Lactones	Lactones	kruskal_wallis	overall	NA	NA	NA	NA	NA	NA	NA	0.364564178696988	NA	NA	NA	0.504225153465736	0.364535105753091	0.971836292859759	ns
raw	log10_summed_intensity_plus_1	NPC class: Lactones	Lactones	pairwise_wilcoxon_rank_sum	PET_vs_PS	PET	PS	6	6	6.6200909575664	6.43940708375595	-0.180683873810448	0.180683873810448	6.68112071052443	6.39903308692264	-0.282087623601788	0.282087623601788	0.468041605900417	1	ns
raw	log10_summed_intensity_plus_1	NPC class: Lactones	Lactones	pairwise_wilcoxon_rank_sum	PET_vs_Untreated	PET	Untreated	6	6	6.6200909575664	6.25552677886941	-0.364564178696988	0.364564178696988	6.68112071052443	6.17689555705869	-0.504225153465736	0.504225153465736	0.22649054028251	0.939810234236149	ns
raw	log10_summed_intensity_plus_1	NPC class: Lactones	Lactones	pairwise_wilcoxon_rank_sum	PS_vs_Untreated	PS	Untreated	6	6	6.43940708375595	6.25552677886941	-0.18388030488654	0.18388030488654	6.39903308692264	6.17689555705869	-0.222137529863948	0.222137529863948	0.463244705418096	0.992757289686073	ns
raw	log10_summed_intensity_plus_1	NPC class: Linear peptides	Linear peptides	kruskal_wallis	overall	NA	NA	NA	NA	NA	NA	NA	0.0483144327584419	NA	NA	NA	0.0339375304566136	0.948729480016436	0.982476542982841	ns
raw	log10_summed_intensity_plus_1	NPC class: Linear peptides	Linear peptides	pairwise_wilcoxon_rank_sum	PET_vs_PS	PET	PS	6	6	8.28856029582859	8.33687472858703	0.0483144327584419	0.0483144327584419	8.33625830105174	8.3043775329011	-0.0318807681506375	0.0318807681506375	0.936186293473059	1	ns
raw	log10_summed_intensity_plus_1	NPC class: Linear peptides	Linear peptides	pairwise_wilcoxon_rank_sum	PET_vs_Untreated	PET	Untreated	6	6	8.28856029582859	8.32535821468288	0.0367979188542904	0.0367979188542904	8.33625830105174	8.33831506335771	0.00205676230597618	0.00205676230597618	0.810181236410474	0.939810234236149	ns
raw	log10_summed_intensity_plus_1	NPC class: Linear peptides	Linear peptides	pairwise_wilcoxon_rank_sum	PS_vs_Untreated	PS	Untreated	6	6	8.33687472858703	8.32535821468288	-0.0115165139041515	0.0115165139041515	8.3043775329011	8.33831506335771	0.0339375304566136	0.0339375304566136	0.936186293473059	1	ns
raw	log10_summed_intensity_plus_1	NPC class: Lipopeptides	Lipopeptides	kruskal_wallis	overall	NA	NA	NA	NA	NA	NA	NA	0.108962074837942	NA	NA	NA	0.155808609525496	0.241459714956384	0.971836292859759	ns
raw	log10_summed_intensity_plus_1	NPC class: Lipopeptides	Lipopeptides	pairwise_wilcoxon_rank_sum	PET_vs_PS	PET	PS	6	6	7.22544571948172	7.3033773063893	0.0779315869075834	0.0779315869075834	7.2174013195624	7.31008663905591	0.0926853194935155	0.0926853194935155	0.229766270461138	1	ns
raw	log10_summed_intensity_plus_1	NPC class: Lipopeptides	Lipopeptides	pairwise_wilcoxon_rank_sum	PET_vs_Untreated	PET	Untreated	6	6	7.22544571948172	7.19441523155136	-0.0310304879303587	0.0310304879303587	7.2174013195624	7.15427802953042	-0.0631232900319807	0.0631232900319807	0.936186293473059	0.981303705206701	ns
raw	log10_summed_intensity_plus_1	NPC class: Lipopeptides	Lipopeptides	pairwise_wilcoxon_rank_sum	PS_vs_Untreated	PS	Untreated	6	6	7.3033773063893	7.19441523155136	-0.108962074837942	0.108962074837942	7.31008663905591	7.15427802953042	-0.155808609525496	0.155808609525496	0.128205275030392	0.849382622280421	ns
raw	log10_summed_intensity_plus_1	NPC class: Macrolide lactones	Macrolide lactones	kruskal_wallis	overall	NA	NA	NA	NA	NA	NA	NA	0.0973202407634828	NA	NA	NA	0.0992602894514061	0.755253552953129	0.971836292859759	ns
raw	log10_summed_intensity_plus_1	NPC class: Macrolide lactones	Macrolide lactones	pairwise_wilcoxon_rank_sum	PET_vs_PS	PET	PS	6	6	7.34793962363185	7.34732801611153	-0.000611607520316859	0.000611607520316859	7.42878578949164	7.32952550004024	-0.0992602894514061	0.0992602894514061	0.688920555804461	1	ns
raw	log10_summed_intensity_plus_1	NPC class: Macrolide lactones	Macrolide lactones	pairwise_wilcoxon_rank_sum	PET_vs_Untreated	PET	Untreated	6	6	7.34793962363185	7.25061938286837	-0.0973202407634828	0.0973202407634828	7.42878578949164	7.3823432477293	-0.046442541762346	0.046442541762346	0.471169998490056	0.939810234236149	ns
raw	log10_summed_intensity_plus_1	NPC class: Macrolide lactones	Macrolide lactones	pairwise_wilcoxon_rank_sum	PS_vs_Untreated	PS	Untreated	6	6	7.34732801611153	7.25061938286837	-0.0967086332431659	0.0967086332431659	7.32952550004024	7.3823432477293	0.0528177476890601	0.0528177476890601	0.936186293473059	1	ns
raw	log10_summed_intensity_plus_1	NPC class: Macrotetrolides	Macrotetrolides	kruskal_wallis	overall	NA	NA	NA	NA	NA	NA	NA	0.24769619255907	NA	NA	NA	0.206050859246165	0.770369443779331	0.971836292859759	ns
raw	log10_summed_intensity_plus_1	NPC class: Macrotetrolides	Macrotetrolides	pairwise_wilcoxon_rank_sum	PET_vs_PS	PET	PS	6	6	6.53370118058631	6.39534948160682	-0.138351698979494	0.138351698979494	6.55901346029944	6.38161739434277	-0.177396065956673	0.177396065956673	0.683634890934618	1	ns
raw	log10_summed_intensity_plus_1	NPC class: Macrotetrolides	Macrotetrolides	pairwise_wilcoxon_rank_sum	PET_vs_Untreated	PET	Untreated	6	6	6.53370118058631	6.64304567416589	0.109344493579576	0.109344493579576	6.55901346029944	6.58766825358893	0.0286547932894923	0.0286547932894923	0.806839866740437	0.939810234236149	ns
raw	log10_summed_intensity_plus_1	NPC class: Macrotetrolides	Macrotetrolides	pairwise_wilcoxon_rank_sum	PS_vs_Untreated	PS	Untreated	6	6	6.39534948160682	6.64304567416589	0.24769619255907	0.24769619255907	6.38161739434277	6.58766825358893	0.206050859246165	0.206050859246165	0.5683309908015	0.992757289686073	ns
raw	log10_summed_intensity_plus_1	NPC class: Microcolins and mirabimids	Microcolins and mirabimids	kruskal_wallis	overall	NA	NA	NA	NA	NA	NA	NA	0.183573055171791	NA	NA	NA	0.120388094776702	0.511028025545219	0.971836292859759	ns
raw	log10_summed_intensity_plus_1	NPC class: Microcolins and mirabimids	Microcolins and mirabimids	pairwise_wilcoxon_rank_sum	PET_vs_PS	PET	PS	6	6	6.10477988922964	6.25958827253568	0.154808383306041	0.154808383306041	6.03181745340623	6.12637233784518	0.0945548844389545	0.0945548844389545	0.608101893426364	1	ns
raw	log10_summed_intensity_plus_1	NPC class: Microcolins and mirabimids	Microcolins and mirabimids	pairwise_wilcoxon_rank_sum	PET_vs_Untreated	PET	Untreated	6	6	6.10477988922964	6.07601521736389	-0.0287646718657495	0.0287646718657495	6.03181745340623	6.00598424306848	-0.0258332103377477	0.0258332103377477	0.531994838836298	0.939810234236149	ns
raw	log10_summed_intensity_plus_1	NPC class: Microcolins and mirabimids	Microcolins and mirabimids	pairwise_wilcoxon_rank_sum	PS_vs_Untreated	PS	Untreated	6	6	6.25958827253568	6.07601521736389	-0.183573055171791	0.183573055171791	6.12637233784518	6.00598424306848	-0.120388094776702	0.120388094776702	0.32605752154511	0.992757289686073	ns
raw	log10_summed_intensity_plus_1	NPC class: Monoacylglycerols	Monoacylglycerols	kruskal_wallis	overall	NA	NA	NA	NA	NA	NA	NA	0.109652294936936	NA	NA	NA	0.0896404851047885	0.611874507760175	0.971836292859759	ns
raw	log10_summed_intensity_plus_1	NPC class: Monoacylglycerols	Monoacylglycerols	pairwise_wilcoxon_rank_sum	PET_vs_PS	PET	PS	6	6	7.12942339771707	7.01977110278014	-0.109652294936936	0.109652294936936	7.08096470886231	7.00235415814061	-0.0786105507217059	0.0786105507217059	0.688920555804461	1	ns
raw	log10_summed_intensity_plus_1	NPC class: Monoacylglycerols	Monoacylglycerols	pairwise_wilcoxon_rank_sum	PET_vs_Untreated	PET	Untreated	6	6	7.12942339771707	7.04710720819576	-0.0823161895213165	0.0823161895213165	7.08096470886231	6.99132422375752	-0.0896404851047885	0.0896404851047885	0.297953061608168	0.939810234236149	ns
raw	log10_summed_intensity_plus_1	NPC class: Monoacylglycerols	Monoacylglycerols	pairwise_wilcoxon_rank_sum	PS_vs_Untreated	PS	Untreated	6	6	7.01977110278014	7.04710720819576	0.0273361054156194	0.0273361054156194	7.00235415814061	6.99132422375752	-0.0110299343830826	0.0110299343830826	0.936186293473059	1	ns
raw	log10_summed_intensity_plus_1	NPC class: N-acyl amines	N-acyl amines	kruskal_wallis	overall	NA	NA	NA	NA	NA	NA	NA	0.0316785979134693	NA	NA	NA	0.0358439097664789	0.777663017338089	0.971836292859759	ns
raw	log10_summed_intensity_plus_1	NPC class: N-acyl amines	N-acyl amines	pairwise_wilcoxon_rank_sum	PET_vs_PS	PET	PS	6	6	8.96710904979604	8.94100454775067	-0.026104502045369	0.026104502045369	8.97026153696146	8.97004679675745	-0.000214740204006247	0.000214740204006247	0.936186293473059	1	ns
raw	log10_summed_intensity_plus_1	NPC class: N-acyl amines	N-acyl amines	pairwise_wilcoxon_rank_sum	PET_vs_Untreated	PET	Untreated	6	6	8.96710904979604	8.93543045188257	-0.0316785979134693	0.0316785979134693	8.97026153696146	8.93441762719498	-0.0358439097664789	0.0358439097664789	0.471169998490056	0.939810234236149	ns
raw	log10_summed_intensity_plus_1	NPC class: N-acyl amines	N-acyl amines	pairwise_wilcoxon_rank_sum	PS_vs_Untreated	PS	Untreated	6	6	8.94100454775067	8.93543045188257	-0.00557409586810031	0.00557409586810031	8.97004679675745	8.93441762719498	-0.0356291695624726	0.0356291695624726	0.810181236410474	0.992757289686073	ns
raw	log10_summed_intensity_plus_1	NPC class: N-acyl ethanolamines (endocannabinoids)	N-acyl ethanolamines (endocannabinoids)	kruskal_wallis	overall	NA	NA	NA	NA	NA	NA	NA	0.049082427567388	NA	NA	NA	0.0570053639043167	0.112896190605894	0.971836292859759	ns
raw	log10_summed_intensity_plus_1	NPC class: N-acyl ethanolamines (endocannabinoids)	N-acyl ethanolamines (endocannabinoids)	pairwise_wilcoxon_rank_sum	PET_vs_PS	PET	PS	6	6	8.58734637978123	8.56863373263909	-0.018712647142145	0.018712647142145	8.58478872496213	8.56448705101744	-0.0203016739446813	0.0203016739446813	0.471169998490056	1	ns
raw	log10_summed_intensity_plus_1	NPC class: N-acyl ethanolamines (endocannabinoids)	N-acyl ethanolamines (endocannabinoids)	pairwise_wilcoxon_rank_sum	PET_vs_Untreated	PET	Untreated	6	6	8.58734637978123	8.61771616020648	0.030369780425243	0.030369780425243	8.58478872496213	8.62149241492176	0.0367036899596354	0.0367036899596354	0.173485468321478	0.939810234236149	ns
raw	log10_summed_intensity_plus_1	NPC class: N-acyl ethanolamines (endocannabinoids)	N-acyl ethanolamines (endocannabinoids)	pairwise_wilcoxon_rank_sum	PS_vs_Untreated	PS	Untreated	6	6	8.56863373263909	8.61771616020648	0.049082427567388	0.049082427567388	8.56448705101744	8.62149241492176	0.0570053639043167	0.0570053639043167	0.0655521611655026	0.849382622280421	ns
raw	log10_summed_intensity_plus_1	NPC class: Neutral glycosphingolipids	Neutral glycosphingolipids	kruskal_wallis	overall	NA	NA	NA	NA	NA	NA	NA	0.0959842145041279	NA	NA	NA	0.0591410106629109	0.281110949934295	0.971836292859759	ns
raw	log10_summed_intensity_plus_1	NPC class: Neutral glycosphingolipids	Neutral glycosphingolipids	pairwise_wilcoxon_rank_sum	PET_vs_PS	PET	PS	6	6	8.22247622309925	8.23339038000747	0.0109141569082212	0.0109141569082212	8.21965123406461	8.21192291918269	-0.00772831488191983	0.00772831488191983	0.936186293473059	1	ns
raw	log10_summed_intensity_plus_1	NPC class: Neutral glycosphingolipids	Neutral glycosphingolipids	pairwise_wilcoxon_rank_sum	PET_vs_Untreated	PET	Untreated	6	6	8.22247622309925	8.13740616550334	-0.0850700575959067	0.0850700575959067	8.21965123406461	8.1605102234017	-0.0591410106629109	0.0591410106629109	0.297953061608168	0.939810234236149	ns
raw	log10_summed_intensity_plus_1	NPC class: Neutral glycosphingolipids	Neutral glycosphingolipids	pairwise_wilcoxon_rank_sum	PS_vs_Untreated	PS	Untreated	6	6	8.23339038000747	8.13740616550334	-0.0959842145041279	0.0959842145041279	8.21192291918269	8.1605102234017	-0.0514126957809911	0.0514126957809911	0.128205275030392	0.849382622280421	ns
raw	log10_summed_intensity_plus_1	NPC class: Nitro fatty acids	Nitro fatty acids	kruskal_wallis	overall	NA	NA	NA	NA	NA	NA	NA	0.160630821712525	NA	NA	NA	0.0773961161906396	0.342948345764196	0.971836292859759	ns
raw	log10_summed_intensity_plus_1	NPC class: Nitro fatty acids	Nitro fatty acids	pairwise_wilcoxon_rank_sum	PET_vs_PS	PET	PS	6	6	8.44449895585509	8.41073479307013	-0.0337641627849656	0.0337641627849656	8.4622001592815	8.38480404309086	-0.0773961161906396	0.0773961161906396	0.688920555804461	1	ns
raw	log10_summed_intensity_plus_1	NPC class: Nitro fatty acids	Nitro fatty acids	pairwise_wilcoxon_rank_sum	PET_vs_Untreated	PET	Untreated	6	6	8.44449895585509	8.28386813414257	-0.160630821712525	0.160630821712525	8.4622001592815	8.40372574617034	-0.058474413111151	0.058474413111151	0.128205275030392	0.939810234236149	ns
raw	log10_summed_intensity_plus_1	NPC class: Nitro fatty acids	Nitro fatty acids	pairwise_wilcoxon_rank_sum	PS_vs_Untreated	PS	Untreated	6	6	8.41073479307013	8.28386813414257	-0.126866658927559	0.126866658927559	8.38480404309086	8.40372574617034	0.0189217030794886	0.0189217030794886	0.575173531920197	0.992757289686073	ns
raw	log10_summed_intensity_plus_1	NPC class: Open-chain polyketides	Open-chain polyketides	kruskal_wallis	overall	NA	NA	NA	NA	NA	NA	NA	0.135875739567149	NA	NA	NA	0.127282688454613	0.308683562466034	0.971836292859759	ns
raw	log10_summed_intensity_plus_1	NPC class: Open-chain polyketides	Open-chain polyketides	pairwise_wilcoxon_rank_sum	PET_vs_PS	PET	PS	6	6	7.97186536130386	8.06176498548695	0.0898996241830856	0.0898996241830856	7.97600471863915	8.07591810667426	0.0999133880351044	0.0999133880351044	0.297953061608168	1	ns
raw	log10_summed_intensity_plus_1	NPC class: Open-chain polyketides	Open-chain polyketides	pairwise_wilcoxon_rank_sum	PET_vs_Untreated	PET	Untreated	6	6	7.97186536130386	7.9258892459198	-0.0459761153840637	0.0459761153840637	7.97600471863915	7.94863541821965	-0.027369300419509	0.027369300419509	0.810181236410474	0.939810234236149	ns
raw	log10_summed_intensity_plus_1	NPC class: Open-chain polyketides	Open-chain polyketides	pairwise_wilcoxon_rank_sum	PS_vs_Untreated	PS	Untreated	6	6	8.06176498548695	7.9258892459198	-0.135875739567149	0.135875739567149	8.07591810667426	7.94863541821965	-0.127282688454613	0.127282688454613	0.173485468321478	0.849382622280421	ns
raw	log10_summed_intensity_plus_1	NPC class: Other Octadecanoids	Other Octadecanoids	kruskal_wallis	overall	NA	NA	NA	NA	NA	NA	NA	0.134245775923088	NA	NA	NA	0.0828352019397904	0.37220738497041	0.971836292859759	ns
raw	log10_summed_intensity_plus_1	NPC class: Other Octadecanoids	Other Octadecanoids	pairwise_wilcoxon_rank_sum	PET_vs_PS	PET	PS	6	6	8.89772028466075	8.90467888476635	0.00695860010559635	0.00695860010559635	8.88195686980445	8.91818249878081	0.0362256289763607	0.0362256289763607	0.936186293473059	1	ns
raw	log10_summed_intensity_plus_1	NPC class: Other Octadecanoids	Other Octadecanoids	pairwise_wilcoxon_rank_sum	PET_vs_Untreated	PET	Untreated	6	6	8.89772028466075	8.77043310884326	-0.127287175817491	0.127287175817491	8.88195686980445	8.83534729684102	-0.0466095729634297	0.0466095729634297	0.173485468321478	0.939810234236149	ns
raw	log10_summed_intensity_plus_1	NPC class: Other Octadecanoids	Other Octadecanoids	pairwise_wilcoxon_rank_sum	PS_vs_Untreated	PS	Untreated	6	6	8.90467888476635	8.77043310884326	-0.134245775923088	0.134245775923088	8.91818249878081	8.83534729684102	-0.0828352019397904	0.0828352019397904	0.378477593244679	0.992757289686073	ns
raw	log10_summed_intensity_plus_1	NPC class: Oxo fatty acids	Oxo fatty acids	kruskal_wallis	overall	NA	NA	NA	NA	NA	NA	NA	0.271693756714006	NA	NA	NA	0.219115866106945	0.271418446145969	0.971836292859759	ns
raw	log10_summed_intensity_plus_1	NPC class: Oxo fatty acids	Oxo fatty acids	pairwise_wilcoxon_rank_sum	PET_vs_PS	PET	PS	6	6	7.00211331519747	6.96364903687034	-0.0384642783271323	0.0384642783271323	7.02063383009944	6.98214064966136	-0.0384931804380804	0.0384931804380804	0.810181236410474	1	ns
raw	log10_summed_intensity_plus_1	NPC class: Oxo fatty acids	Oxo fatty acids	pairwise_wilcoxon_rank_sum	PET_vs_Untreated	PET	Untreated	6	6	7.00211331519747	6.73041955848347	-0.271693756714006	0.271693756714006	7.02063383009944	6.8015179639925	-0.219115866106945	0.219115866106945	0.173485468321478	0.939810234236149	ns
raw	log10_summed_intensity_plus_1	NPC class: Oxo fatty acids	Oxo fatty acids	pairwise_wilcoxon_rank_sum	PS_vs_Untreated	PS	Untreated	6	6	6.96364903687034	6.73041955848347	-0.233229478386874	0.233229478386874	6.98214064966136	6.8015179639925	-0.180622685668864	0.180622685668864	0.229766270461138	0.992757289686073	ns
raw	log10_summed_intensity_plus_1	NPC class: Phosphosphingolipids	Phosphosphingolipids	kruskal_wallis	overall	NA	NA	NA	NA	NA	NA	NA	0.119555713675053	NA	NA	NA	0.0255061398856036	0.86398589943524	0.976191860400856	ns
raw	log10_summed_intensity_plus_1	NPC class: Phosphosphingolipids	Phosphosphingolipids	pairwise_wilcoxon_rank_sum	PET_vs_PS	PET	PS	6	6	8.6683003816955	8.66823870091787	-6.1680777628581e-05	6.1680777628581e-05	8.65650753708816	8.67437208175154	0.0178645446633769	0.0178645446633769	0.810181236410474	1	ns
raw	log10_summed_intensity_plus_1	NPC class: Phosphosphingolipids	Phosphosphingolipids	pairwise_wilcoxon_rank_sum	PET_vs_Untreated	PET	Untreated	6	6	8.6683003816955	8.54874466802044	-0.119555713675053	0.119555713675053	8.65650753708816	8.68201367697377	0.0255061398856036	0.0255061398856036	0.810181236410474	0.939810234236149	ns
raw	log10_summed_intensity_plus_1	NPC class: Phosphosphingolipids	Phosphosphingolipids	pairwise_wilcoxon_rank_sum	PS_vs_Untreated	PS	Untreated	6	6	8.66823870091787	8.54874466802044	-0.119494032897425	0.119494032897425	8.67437208175154	8.68201367697377	0.00764159522222663	0.00764159522222663	0.688920555804461	0.992757289686073	ns
raw	log10_summed_intensity_plus_1	NPC class: Polyene macrolides	Polyene macrolides	kruskal_wallis	overall	NA	NA	NA	NA	NA	NA	NA	0.0374130670046835	NA	NA	NA	0.0501491154231211	0.755253552953129	0.971836292859759	ns
raw	log10_summed_intensity_plus_1	NPC class: Polyene macrolides	Polyene macrolides	pairwise_wilcoxon_rank_sum	PET_vs_PS	PET	PS	6	6	6.88854561535922	6.9259586823639	0.0374130670046835	0.0374130670046835	6.91727128386071	6.9411507643431	0.0238794804823899	0.0238794804823899	0.575173531920197	1	ns
raw	log10_summed_intensity_plus_1	NPC class: Polyene macrolides	Polyene macrolides	pairwise_wilcoxon_rank_sum	PET_vs_Untreated	PET	Untreated	6	6	6.88854561535922	6.8886275196976	8.19043383817331e-05	8.19043383817331e-05	6.91727128386071	6.89100164891998	-0.0262696349407312	0.0262696349407312	1	1	ns
raw	log10_summed_intensity_plus_1	NPC class: Polyene macrolides	Polyene macrolides	pairwise_wilcoxon_rank_sum	PS_vs_Untreated	PS	Untreated	6	6	6.9259586823639	6.8886275196976	-0.0373311626663018	0.0373311626663018	6.9411507643431	6.89100164891998	-0.0501491154231211	0.0501491154231211	0.575173531920197	0.992757289686073	ns
raw	log10_summed_intensity_plus_1	NPC class: Prenyl quinone meroterpenoids	Prenyl quinone meroterpenoids	kruskal_wallis	overall	NA	NA	NA	NA	NA	NA	NA	0.295000041513214	NA	NA	NA	0.241663874044324	0.281110949934295	0.971836292859759	ns
raw	log10_summed_intensity_plus_1	NPC class: Prenyl quinone meroterpenoids	Prenyl quinone meroterpenoids	pairwise_wilcoxon_rank_sum	PET_vs_PS	PET	PS	6	6	8.91885700351155	8.75494887601963	-0.163908127491924	0.163908127491924	8.83425953850672	8.69381703661199	-0.140442501894727	0.140442501894727	0.229766270461138	1	ns
raw	log10_summed_intensity_plus_1	NPC class: Prenyl quinone meroterpenoids	Prenyl quinone meroterpenoids	pairwise_wilcoxon_rank_sum	PET_vs_Untreated	PET	Untreated	6	6	8.91885700351155	8.62385696199834	-0.295000041513214	0.295000041513214	8.83425953850672	8.59259566446239	-0.241663874044324	0.241663874044324	0.229766270461138	0.939810234236149	ns
raw	log10_summed_intensity_plus_1	NPC class: Prenyl quinone meroterpenoids	Prenyl quinone meroterpenoids	pairwise_wilcoxon_rank_sum	PS_vs_Untreated	PS	Untreated	6	6	8.75494887601963	8.62385696199834	-0.13109191402129	0.13109191402129	8.69381703661199	8.59259566446239	-0.101221372149597	0.101221372149597	0.471169998490056	0.992757289686073	ns
raw	log10_summed_intensity_plus_1	NPC class: Primary amides	Primary amides	kruskal_wallis	overall	NA	NA	NA	NA	NA	NA	NA	0.178707427692064	NA	NA	NA	0.150493073830045	0.443585151372825	0.971836292859759	ns
raw	log10_summed_intensity_plus_1	NPC class: Primary amides	Primary amides	pairwise_wilcoxon_rank_sum	PET_vs_PS	PET	PS	6	6	9.25436144590379	9.09675666095028	-0.157604784953513	0.157604784953513	9.24741966314944	9.20759365545843	-0.0398260076910137	0.0398260076910137	0.471169998490056	1	ns
raw	log10_summed_intensity_plus_1	NPC class: Primary amides	Primary amides	pairwise_wilcoxon_rank_sum	PET_vs_Untreated	PET	Untreated	6	6	9.25436144590379	9.07565401821173	-0.178707427692064	0.178707427692064	9.24741966314944	9.0969265893194	-0.150493073830045	0.150493073830045	0.229766270461138	0.939810234236149	ns
raw	log10_summed_intensity_plus_1	NPC class: Primary amides	Primary amides	pairwise_wilcoxon_rank_sum	PS_vs_Untreated	PS	Untreated	6	6	9.09675666095028	9.07565401821173	-0.0211026427385512	0.0211026427385512	9.20759365545843	9.0969265893194	-0.110667066139031	0.110667066139031	0.810181236410474	0.992757289686073	ns
raw	log10_summed_intensity_plus_1	NPC class: Pyridine alkaloids	Pyridine alkaloids	kruskal_wallis	overall	NA	NA	NA	NA	NA	NA	NA	0	NA	NA	NA	0	NA	NA	ns
raw	log10_summed_intensity_plus_1	NPC class: Pyridine alkaloids	Pyridine alkaloids	pairwise_wilcoxon_rank_sum	PET_vs_PS	PET	PS	6	6	6.00598424306848	6.00598424306848	0	0	6.00598424306848	6.00598424306848	0	0	NA	NA	ns
raw	log10_summed_intensity_plus_1	NPC class: Pyridine alkaloids	Pyridine alkaloids	pairwise_wilcoxon_rank_sum	PET_vs_Untreated	PET	Untreated	6	6	6.00598424306848	6.00598424306848	0	0	6.00598424306848	6.00598424306848	0	0	NA	NA	ns
raw	log10_summed_intensity_plus_1	NPC class: Pyridine alkaloids	Pyridine alkaloids	pairwise_wilcoxon_rank_sum	PS_vs_Untreated	PS	Untreated	6	6	6.00598424306848	6.00598424306848	0	0	6.00598424306848	6.00598424306848	0	0	NA	NA	ns
raw	log10_summed_intensity_plus_1	NPC class: Pyrimidine nucleosides	Pyrimidine nucleosides	kruskal_wallis	overall	NA	NA	NA	NA	NA	NA	NA	0.0114887678194862	NA	NA	NA	0.00469139458697576	0.910676771022518	0.982476542982841	ns
raw	log10_summed_intensity_plus_1	NPC class: Pyrimidine nucleosides	Pyrimidine nucleosides	pairwise_wilcoxon_rank_sum	PET_vs_PS	PET	PS	6	6	6.69357955205005	6.70408246679738	0.0105029147473248	0.0105029147473248	6.702167012429	6.69747561784203	-0.00469139458697576	0.00469139458697576	0.810181236410474	1	ns
raw	log10_summed_intensity_plus_1	NPC class: Pyrimidine nucleosides	Pyrimidine nucleosides	pairwise_wilcoxon_rank_sum	PET_vs_Untreated	PET	Untreated	6	6	6.69357955205005	6.70506831986954	0.0114887678194862	0.0114887678194862	6.702167012429	6.70039628738992	-0.0017707250390826	0.0017707250390826	0.810181236410474	0.939810234236149	ns
raw	log10_summed_intensity_plus_1	NPC class: Pyrimidine nucleosides	Pyrimidine nucleosides	pairwise_wilcoxon_rank_sum	PS_vs_Untreated	PS	Untreated	6	6	6.70408246679738	6.70506831986954	0.000985853072161369	0.000985853072161369	6.69747561784203	6.70039628738992	0.00292066954789316	0.00292066954789316	0.810181236410474	0.992757289686073	ns
raw	log10_summed_intensity_plus_1	NPC class: Simple phenolic acids	Simple phenolic acids	kruskal_wallis	overall	NA	NA	NA	NA	NA	NA	NA	0	NA	NA	NA	0	NA	NA	ns
raw	log10_summed_intensity_plus_1	NPC class: Simple phenolic acids	Simple phenolic acids	pairwise_wilcoxon_rank_sum	PET_vs_PS	PET	PS	6	6	6.00598424306848	6.00598424306848	0	0	6.00598424306848	6.00598424306848	0	0	NA	NA	ns
raw	log10_summed_intensity_plus_1	NPC class: Simple phenolic acids	Simple phenolic acids	pairwise_wilcoxon_rank_sum	PET_vs_Untreated	PET	Untreated	6	6	6.00598424306848	6.00598424306848	0	0	6.00598424306848	6.00598424306848	0	0	NA	NA	ns
raw	log10_summed_intensity_plus_1	NPC class: Simple phenolic acids	Simple phenolic acids	pairwise_wilcoxon_rank_sum	PS_vs_Untreated	PS	Untreated	6	6	6.00598424306848	6.00598424306848	0	0	6.00598424306848	6.00598424306848	0	0	NA	NA	ns
raw	log10_summed_intensity_plus_1	NPC class: Sphingoid bases	Sphingoid bases	kruskal_wallis	overall	NA	NA	NA	NA	NA	NA	NA	0.112405554314282	NA	NA	NA	0.212994464011251	0.50448835267872	0.971836292859759	ns
raw	log10_summed_intensity_plus_1	NPC class: Sphingoid bases	Sphingoid bases	pairwise_wilcoxon_rank_sum	PET_vs_PS	PET	PS	6	6	8.5629329695816	8.67533852389588	0.112405554314282	0.112405554314282	8.65197043050963	8.8087968290941	0.156826398584469	0.156826398584469	0.297953061608168	1	ns
raw	log10_summed_intensity_plus_1	NPC class: Sphingoid bases	Sphingoid bases	pairwise_wilcoxon_rank_sum	PET_vs_Untreated	PET	Untreated	6	6	8.5629329695816	8.67376206902277	0.110829099441165	0.110829099441165	8.65197043050963	8.86496489452088	0.212994464011251	0.212994464011251	0.471169998490056	0.939810234236149	ns
raw	log10_summed_intensity_plus_1	NPC class: Sphingoid bases	Sphingoid bases	pairwise_wilcoxon_rank_sum	PS_vs_Untreated	PS	Untreated	6	6	8.67533852389588	8.67376206902277	-0.00157645487311697	0.00157645487311697	8.8087968290941	8.86496489452088	0.0561680654267818	0.0561680654267818	0.810181236410474	0.992757289686073	ns
raw	log10_summed_intensity_plus_1	NPC class: Steroidal alkaloids	Steroidal alkaloids	kruskal_wallis	overall	NA	NA	NA	NA	NA	NA	NA	0.0498306172481318	NA	NA	NA	0.0624440705911944	0.12110333239233	0.971836292859759	ns
raw	log10_summed_intensity_plus_1	NPC class: Steroidal alkaloids	Steroidal alkaloids	pairwise_wilcoxon_rank_sum	PET_vs_PS	PET	PS	6	6	8.10670805000055	8.09562954775162	-0.0110785022489281	0.0110785022489281	8.10881108638553	8.09285730812245	-0.0159537782630821	0.0159537782630821	0.378477593244679	1	ns
raw	log10_summed_intensity_plus_1	NPC class: Steroidal alkaloids	Steroidal alkaloids	pairwise_wilcoxon_rank_sum	PET_vs_Untreated	PET	Untreated	6	6	8.10670805000055	8.14546016499975	0.0387521149992036	0.0387521149992036	8.10881108638553	8.15530137871364	0.0464902923281123	0.0464902923281123	0.0926958025578126	0.939810234236149	ns
raw	log10_summed_intensity_plus_1	NPC class: Steroidal alkaloids	Steroidal alkaloids	pairwise_wilcoxon_rank_sum	PS_vs_Untreated	PS	Untreated	6	6	8.09562954775162	8.14546016499975	0.0498306172481318	0.0498306172481318	8.09285730812245	8.15530137871364	0.0624440705911944	0.0624440705911944	0.128205275030392	0.849382622280421	ns
raw	log10_summed_intensity_plus_1	NPC class: Triacylglycerols	Triacylglycerols	kruskal_wallis	overall	NA	NA	NA	NA	NA	NA	NA	0.10450805936156	NA	NA	NA	0.0924865932033541	0.69996485930001	0.971836292859759	ns
raw	log10_summed_intensity_plus_1	NPC class: Triacylglycerols	Triacylglycerols	pairwise_wilcoxon_rank_sum	PET_vs_PS	PET	PS	6	6	8.53564611081783	8.49152235499404	-0.0441237558237901	0.0441237558237901	8.54132605846472	8.5277316447345	-0.0135944137302229	0.0135944137302229	1	1	ns
raw	log10_summed_intensity_plus_1	NPC class: Triacylglycerols	Triacylglycerols	pairwise_wilcoxon_rank_sum	PET_vs_Untreated	PET	Untreated	6	6	8.53564611081783	8.43113805145627	-0.10450805936156	0.10450805936156	8.54132605846472	8.44883946526136	-0.0924865932033541	0.0924865932033541	0.471169998490056	0.939810234236149	ns
raw	log10_summed_intensity_plus_1	NPC class: Triacylglycerols	Triacylglycerols	pairwise_wilcoxon_rank_sum	PS_vs_Untreated	PS	Untreated	6	6	8.49152235499404	8.43113805145627	-0.06038430353777	0.06038430353777	8.5277316447345	8.44883946526136	-0.0788921794731312	0.0788921794731312	0.575173531920197	0.992757289686073	ns
raw	log10_summed_intensity_plus_1	NPC class: Tripeptides	Tripeptides	kruskal_wallis	overall	NA	NA	NA	NA	NA	NA	NA	0.0213118393185914	NA	NA	NA	0.0135042443236628	0.932230256390905	0.982476542982841	ns
raw	log10_summed_intensity_plus_1	NPC class: Tripeptides	Tripeptides	pairwise_wilcoxon_rank_sum	PET_vs_PS	PET	PS	6	6	7.12262234190368	7.11596811471395	-0.00665422718972319	0.00665422718972319	7.12356073267011	7.11799153712891	-0.00556919554119872	0.00556919554119872	1	1	ns
raw	log10_summed_intensity_plus_1	NPC class: Tripeptides	Tripeptides	pairwise_wilcoxon_rank_sum	PET_vs_Untreated	PET	Untreated	6	6	7.12262234190368	7.13727995403255	0.0146576121288682	0.0146576121288682	7.12356073267011	7.13149578145258	0.00793504878246409	0.00793504878246409	0.810181236410474	0.939810234236149	ns
raw	log10_summed_intensity_plus_1	NPC class: Tripeptides	Tripeptides	pairwise_wilcoxon_rank_sum	PS_vs_Untreated	PS	Untreated	6	6	7.11596811471395	7.13727995403255	0.0213118393185914	0.0213118393185914	7.11799153712891	7.13149578145258	0.0135042443236628	0.0135042443236628	0.810181236410474	0.992757289686073	ns
raw	log10_summed_intensity_plus_1	NPC class: Unsaturated fatty acids	Unsaturated fatty acids	kruskal_wallis	overall	NA	NA	NA	NA	NA	NA	NA	0.158872026263364	NA	NA	NA	0.0823943568051035	0.420842310004952	0.971836292859759	ns
raw	log10_summed_intensity_plus_1	NPC class: Unsaturated fatty acids	Unsaturated fatty acids	pairwise_wilcoxon_rank_sum	PET_vs_PS	PET	PS	6	6	9.51008121361229	9.51695915597394	0.00687794236165828	0.00687794236165828	9.52327707312446	9.5258915526796	0.00261447955514171	0.00261447955514171	0.936186293473059	1	ns
raw	log10_summed_intensity_plus_1	NPC class: Unsaturated fatty acids	Unsaturated fatty acids	pairwise_wilcoxon_rank_sum	PET_vs_Untreated	PET	Untreated	6	6	9.51008121361229	9.35808712971058	-0.151994083901705	0.151994083901705	9.52327707312446	9.4434971958745	-0.0797798772499618	0.0797798772499618	0.297953061608168	0.939810234236149	ns
raw	log10_summed_intensity_plus_1	NPC class: Unsaturated fatty acids	Unsaturated fatty acids	pairwise_wilcoxon_rank_sum	PS_vs_Untreated	PS	Untreated	6	6	9.51695915597394	9.35808712971058	-0.158872026263364	0.158872026263364	9.5258915526796	9.4434971958745	-0.0823943568051035	0.0823943568051035	0.297953061608168	0.992757289686073	ns
raw	log10_summed_intensity_plus_1	NPC class: Wax monoesters	Wax monoesters	kruskal_wallis	overall	NA	NA	NA	NA	NA	NA	NA	0.166781007780319	NA	NA	NA	0.105359811647176	0.611874507760175	0.971836292859759	ns
raw	log10_summed_intensity_plus_1	NPC class: Wax monoesters	Wax monoesters	pairwise_wilcoxon_rank_sum	PET_vs_PS	PET	PS	6	6	8.73201091203098	8.89879191981129	0.166781007780319	0.166781007780319	8.82452021745268	8.92864753676766	0.104127319314983	0.104127319314983	0.471169998490056	1	ns
raw	log10_summed_intensity_plus_1	NPC class: Wax monoesters	Wax monoesters	pairwise_wilcoxon_rank_sum	PET_vs_Untreated	PET	Untreated	6	6	8.73201091203098	8.77396337841908	0.0419524663880999	0.0419524663880999	8.82452021745268	8.92988002909986	0.105359811647176	0.105359811647176	0.688920555804461	0.939810234236149	ns
raw	log10_summed_intensity_plus_1	NPC class: Wax monoesters	Wax monoesters	pairwise_wilcoxon_rank_sum	PS_vs_Untreated	PS	Untreated	6	6	8.89879191981129	8.77396337841908	-0.124828541392219	0.124828541392219	8.92864753676766	8.92988002909986	0.00123249233219269	0.00123249233219269	0.471169998490056	0.992757289686073	ns
