sample_id	group	data_source	numerator_level	numerator_term	numerator_class	denominator_level	denominator_term	npc_pathway	npc_superclass	npc_class	ratio_label	ratio_plot_label	numerator_n_features	denominator_n_features	numerator_summed_intensity	denominator_summed_intensity	ratio	npc_overall_test	npc_overall_p_value	npc_overall_q_value	npc_overall_significance	npc_max_mean_difference	npc_max_median_difference
MDM_160526_PET05	PET	raw	superclass	Aminosugars and aminoglycosides	Aminoglycosides	pathway	Carbohydrates	Carbohydrates	Aminosugars and aminoglycosides	Aminoglycosides	NPC superclass: Aminosugars and aminoglycosides / NPC pathway: Carbohydrates	Aminosugars and aminoglycosides	2	10	2027747.2	34389963.2	0.058963343118669	kruskal_wallis	0.509156420607549	0.991701292638876	ns	0.0593909395172233	0.0537695047500336
MDM_160526_PET100	PET	raw	superclass	Aminosugars and aminoglycosides	Aminoglycosides	pathway	Carbohydrates	Carbohydrates	Aminosugars and aminoglycosides	Aminoglycosides	NPC superclass: Aminosugars and aminoglycosides / NPC pathway: Carbohydrates	Aminosugars and aminoglycosides	2	10	2027747.2	28056539.6	0.0722736028358964	kruskal_wallis	0.509156420607549	0.991701292638876	ns	0.0593909395172233	0.0537695047500336
MDM_160526_PS05	PS	raw	superclass	Aminosugars and aminoglycosides	Aminoglycosides	pathway	Carbohydrates	Carbohydrates	Aminosugars and aminoglycosides	Aminoglycosides	NPC superclass: Aminosugars and aminoglycosides / NPC pathway: Carbohydrates	Aminosugars and aminoglycosides	2	10	2027747.2	46426403.4	0.0436765945991845	kruskal_wallis	0.509156420607549	0.991701292638876	ns	0.0593909395172233	0.0537695047500336
MDM_160526_PS100	PS	raw	superclass	Aminosugars and aminoglycosides	Aminoglycosides	pathway	Carbohydrates	Carbohydrates	Aminosugars and aminoglycosides	Aminoglycosides	NPC superclass: Aminosugars and aminoglycosides / NPC pathway: Carbohydrates	Aminosugars and aminoglycosides	2	10	2027747.2	26217207.8	0.077344132734074	kruskal_wallis	0.509156420607549	0.991701292638876	ns	0.0593909395172233	0.0537695047500336
MDM_160526_untreated	Untreated	raw	superclass	Aminosugars and aminoglycosides	Aminoglycosides	pathway	Carbohydrates	Carbohydrates	Aminosugars and aminoglycosides	Aminoglycosides	NPC superclass: Aminosugars and aminoglycosides / NPC pathway: Carbohydrates	Aminosugars and aminoglycosides	2	10	2027747.2	40651307.2	0.0498814758901529	kruskal_wallis	0.509156420607549	0.991701292638876	ns	0.0593909395172233	0.0537695047500336
MDM_A_190626_PET05	PET	raw	superclass	Aminosugars and aminoglycosides	Aminoglycosides	pathway	Carbohydrates	Carbohydrates	Aminosugars and aminoglycosides	Aminoglycosides	NPC superclass: Aminosugars and aminoglycosides / NPC pathway: Carbohydrates	Aminosugars and aminoglycosides	2	10	2027747.2	10138736	0.2	kruskal_wallis	0.509156420607549	0.991701292638876	ns	0.0593909395172233	0.0537695047500336
MDM_A_190626_PET100	PET	raw	superclass	Aminosugars and aminoglycosides	Aminoglycosides	pathway	Carbohydrates	Carbohydrates	Aminosugars and aminoglycosides	Aminoglycosides	NPC superclass: Aminosugars and aminoglycosides / NPC pathway: Carbohydrates	Aminosugars and aminoglycosides	2	10	2027747.2	12141330.8	0.167011939086611	kruskal_wallis	0.509156420607549	0.991701292638876	ns	0.0593909395172233	0.0537695047500336
MDM_A_190626_PS05	PS	raw	superclass	Aminosugars and aminoglycosides	Aminoglycosides	pathway	Carbohydrates	Carbohydrates	Aminosugars and aminoglycosides	Aminoglycosides	NPC superclass: Aminosugars and aminoglycosides / NPC pathway: Carbohydrates	Aminosugars and aminoglycosides	2	10	2027747.2	16773047.5	0.120893188909171	kruskal_wallis	0.509156420607549	0.991701292638876	ns	0.0593909395172233	0.0537695047500336
MDM_A_190626_PS100	PS	raw	superclass	Aminosugars and aminoglycosides	Aminoglycosides	pathway	Carbohydrates	Carbohydrates	Aminosugars and aminoglycosides	Aminoglycosides	NPC superclass: Aminosugars and aminoglycosides / NPC pathway: Carbohydrates	Aminosugars and aminoglycosides	2	10	2027747.2	12538075.6	0.16172714734628	kruskal_wallis	0.509156420607549	0.991701292638876	ns	0.0593909395172233	0.0537695047500336
MDM_A_190626_untreated	Untreated	raw	superclass	Aminosugars and aminoglycosides	Aminoglycosides	pathway	Carbohydrates	Carbohydrates	Aminosugars and aminoglycosides	Aminoglycosides	NPC superclass: Aminosugars and aminoglycosides / NPC pathway: Carbohydrates	Aminosugars and aminoglycosides	2	10	6621647.6	24684804.5	0.268247925560845	kruskal_wallis	0.509156420607549	0.991701292638876	ns	0.0593909395172233	0.0537695047500336
MDM_B_120626_PS05	PS	raw	superclass	Aminosugars and aminoglycosides	Aminoglycosides	pathway	Carbohydrates	Carbohydrates	Aminosugars and aminoglycosides	Aminoglycosides	NPC superclass: Aminosugars and aminoglycosides / NPC pathway: Carbohydrates	Aminosugars and aminoglycosides	2	10	2027747.2	55152419	0.0367662422930171	kruskal_wallis	0.509156420607549	0.991701292638876	ns	0.0593909395172233	0.0537695047500336
MDM_B_190626_PET05	PET	raw	superclass	Aminosugars and aminoglycosides	Aminoglycosides	pathway	Carbohydrates	Carbohydrates	Aminosugars and aminoglycosides	Aminoglycosides	NPC superclass: Aminosugars and aminoglycosides / NPC pathway: Carbohydrates	Aminosugars and aminoglycosides	2	10	7596692.1	24623753.3	0.308510729759464	kruskal_wallis	0.509156420607549	0.991701292638876	ns	0.0593909395172233	0.0537695047500336
MDM_B_190626_PET100	PET	raw	superclass	Aminosugars and aminoglycosides	Aminoglycosides	pathway	Carbohydrates	Carbohydrates	Aminosugars and aminoglycosides	Aminoglycosides	NPC superclass: Aminosugars and aminoglycosides / NPC pathway: Carbohydrates	Aminosugars and aminoglycosides	2	10	2027747.2	38741977.2	0.0523397964314532	kruskal_wallis	0.509156420607549	0.991701292638876	ns	0.0593909395172233	0.0537695047500336
MDM_B_190626_PS100	PS	raw	superclass	Aminosugars and aminoglycosides	Aminoglycosides	pathway	Carbohydrates	Carbohydrates	Aminosugars and aminoglycosides	Aminoglycosides	NPC superclass: Aminosugars and aminoglycosides / NPC pathway: Carbohydrates	Aminosugars and aminoglycosides	2	10	2027747.2	32523850.3	0.0623464682470267	kruskal_wallis	0.509156420607549	0.991701292638876	ns	0.0593909395172233	0.0537695047500336
MDM_B_190626_untreated	Untreated	raw	superclass	Aminosugars and aminoglycosides	Aminoglycosides	pathway	Carbohydrates	Carbohydrates	Aminosugars and aminoglycosides	Aminoglycosides	NPC superclass: Aminosugars and aminoglycosides / NPC pathway: Carbohydrates	Aminosugars and aminoglycosides	2	10	3259391.4	49479729.6	0.0658732662112204	kruskal_wallis	0.509156420607549	0.991701292638876	ns	0.0593909395172233	0.0537695047500336
MDM_160526_PET05	PET	raw	superclass	Carotenoids (C40)	Apocarotenoids (β-) | Cannabinoids | Carotenoids (C40, β-β)	pathway	Terpenoids	Terpenoids	Carotenoids (C40)	Apocarotenoids (β-) | Cannabinoids | Carotenoids (C40, β-β)	NPC superclass: Carotenoids (C40) / NPC pathway: Terpenoids	Carotenoids (C40)	11	328	27017004.4	11424929845.4	0.00236474138271211	kruskal_wallis	0.951229424500713	0.991701292638876	ns	0.00504620554180257	0.000216752877723354
MDM_160526_PET100	PET	raw	superclass	Carotenoids (C40)	Apocarotenoids (β-) | Cannabinoids | Carotenoids (C40, β-β)	pathway	Terpenoids	Terpenoids	Carotenoids (C40)	Apocarotenoids (β-) | Cannabinoids | Carotenoids (C40, β-β)	NPC superclass: Carotenoids (C40) / NPC pathway: Terpenoids	Carotenoids (C40)	11	328	26083424.2	12419174723.5	0.00210025422628478	kruskal_wallis	0.951229424500713	0.991701292638876	ns	0.00504620554180257	0.000216752877723354
MDM_160526_PS05	PS	raw	superclass	Carotenoids (C40)	Apocarotenoids (β-) | Cannabinoids | Carotenoids (C40, β-β)	pathway	Terpenoids	Terpenoids	Carotenoids (C40)	Apocarotenoids (β-) | Cannabinoids | Carotenoids (C40, β-β)	NPC superclass: Carotenoids (C40) / NPC pathway: Terpenoids	Carotenoids (C40)	11	328	22168028.2	11192569017.8	0.0019806023232687	kruskal_wallis	0.951229424500713	0.991701292638876	ns	0.00504620554180257	0.000216752877723354
MDM_160526_PS100	PS	raw	superclass	Carotenoids (C40)	Apocarotenoids (β-) | Cannabinoids | Carotenoids (C40, β-β)	pathway	Terpenoids	Terpenoids	Carotenoids (C40)	Apocarotenoids (β-) | Cannabinoids | Carotenoids (C40, β-β)	NPC superclass: Carotenoids (C40) / NPC pathway: Terpenoids	Carotenoids (C40)	11	328	28913653.7	12332953384.6	0.00234442252381365	kruskal_wallis	0.951229424500713	0.991701292638876	ns	0.00504620554180257	0.000216752877723354
MDM_160526_untreated	Untreated	raw	superclass	Carotenoids (C40)	Apocarotenoids (β-) | Cannabinoids | Carotenoids (C40, β-β)	pathway	Terpenoids	Terpenoids	Carotenoids (C40)	Apocarotenoids (β-) | Cannabinoids | Carotenoids (C40, β-β)	NPC superclass: Carotenoids (C40) / NPC pathway: Terpenoids	Carotenoids (C40)	11	328	36000000.3	13761025227.8	0.0026160841728037	kruskal_wallis	0.951229424500713	0.991701292638876	ns	0.00504620554180257	0.000216752877723354
MDM_A_190626_PET05	PET	raw	superclass	Carotenoids (C40)	Apocarotenoids (β-) | Cannabinoids | Carotenoids (C40, β-β)	pathway	Terpenoids	Terpenoids	Carotenoids (C40)	Apocarotenoids (β-) | Cannabinoids | Carotenoids (C40, β-β)	NPC superclass: Carotenoids (C40) / NPC pathway: Terpenoids	Carotenoids (C40)	11	328	11152609.6	338567248.3	0.0329406038416268	kruskal_wallis	0.951229424500713	0.991701292638876	ns	0.00504620554180257	0.000216752877723354
MDM_A_190626_PET100	PET	raw	superclass	Carotenoids (C40)	Apocarotenoids (β-) | Cannabinoids | Carotenoids (C40, β-β)	pathway	Terpenoids	Terpenoids	Carotenoids (C40)	Apocarotenoids (β-) | Cannabinoids | Carotenoids (C40, β-β)	NPC superclass: Carotenoids (C40) / NPC pathway: Terpenoids	Carotenoids (C40)	11	328	32259294.9	25155865783	0.00128237665037156	kruskal_wallis	0.951229424500713	0.991701292638876	ns	0.00504620554180257	0.000216752877723354
MDM_A_190626_PS05	PS	raw	superclass	Carotenoids (C40)	Apocarotenoids (β-) | Cannabinoids | Carotenoids (C40, β-β)	pathway	Terpenoids	Terpenoids	Carotenoids (C40)	Apocarotenoids (β-) | Cannabinoids | Carotenoids (C40, β-β)	NPC superclass: Carotenoids (C40) / NPC pathway: Terpenoids	Carotenoids (C40)	11	328	18061063.3	14287611092.7	0.00126410658736561	kruskal_wallis	0.951229424500713	0.991701292638876	ns	0.00504620554180257	0.000216752877723354
MDM_A_190626_PS100	PS	raw	superclass	Carotenoids (C40)	Apocarotenoids (β-) | Cannabinoids | Carotenoids (C40, β-β)	pathway	Terpenoids	Terpenoids	Carotenoids (C40)	Apocarotenoids (β-) | Cannabinoids | Carotenoids (C40, β-β)	NPC superclass: Carotenoids (C40) / NPC pathway: Terpenoids	Carotenoids (C40)	11	328	28888057.5	8548257803.5	0.00337940878294195	kruskal_wallis	0.951229424500713	0.991701292638876	ns	0.00504620554180257	0.000216752877723354
MDM_A_190626_untreated	Untreated	raw	superclass	Carotenoids (C40)	Apocarotenoids (β-) | Cannabinoids | Carotenoids (C40, β-β)	pathway	Terpenoids	Terpenoids	Carotenoids (C40)	Apocarotenoids (β-) | Cannabinoids | Carotenoids (C40, β-β)	NPC superclass: Carotenoids (C40) / NPC pathway: Terpenoids	Carotenoids (C40)	11	328	18269928.4	10571590523.7	0.00172820999442245	kruskal_wallis	0.951229424500713	0.991701292638876	ns	0.00504620554180257	0.000216752877723354
MDM_B_120626_PS05	PS	raw	superclass	Carotenoids (C40)	Apocarotenoids (β-) | Cannabinoids | Carotenoids (C40, β-β)	pathway	Terpenoids	Terpenoids	Carotenoids (C40)	Apocarotenoids (β-) | Cannabinoids | Carotenoids (C40, β-β)	NPC superclass: Carotenoids (C40) / NPC pathway: Terpenoids	Carotenoids (C40)	11	328	25470435.8	13340032138.9	0.0019093234210229	kruskal_wallis	0.951229424500713	0.991701292638876	ns	0.00504620554180257	0.000216752877723354
MDM_B_190626_PET05	PET	raw	superclass	Carotenoids (C40)	Apocarotenoids (β-) | Cannabinoids | Carotenoids (C40, β-β)	pathway	Terpenoids	Terpenoids	Carotenoids (C40)	Apocarotenoids (β-) | Cannabinoids | Carotenoids (C40, β-β)	NPC superclass: Carotenoids (C40) / NPC pathway: Terpenoids	Carotenoids (C40)	11	328	24665910.5	16214852534.7	0.00152119240352107	kruskal_wallis	0.951229424500713	0.991701292638876	ns	0.00504620554180257	0.000216752877723354
MDM_B_190626_PET100	PET	raw	superclass	Carotenoids (C40)	Apocarotenoids (β-) | Cannabinoids | Carotenoids (C40, β-β)	pathway	Terpenoids	Terpenoids	Carotenoids (C40)	Apocarotenoids (β-) | Cannabinoids | Carotenoids (C40, β-β)	NPC superclass: Carotenoids (C40) / NPC pathway: Terpenoids	Carotenoids (C40)	11	328	20358062.8	12908450200.3	0.00157711130957664	kruskal_wallis	0.951229424500713	0.991701292638876	ns	0.00504620554180257	0.000216752877723354
MDM_B_190626_PS100	PS	raw	superclass	Carotenoids (C40)	Apocarotenoids (β-) | Cannabinoids | Carotenoids (C40, β-β)	pathway	Terpenoids	Terpenoids	Carotenoids (C40)	Apocarotenoids (β-) | Cannabinoids | Carotenoids (C40, β-β)	NPC superclass: Carotenoids (C40) / NPC pathway: Terpenoids	Carotenoids (C40)	11	328	23285123.3	12532100094.7	0.00185803840729357	kruskal_wallis	0.951229424500713	0.991701292638876	ns	0.00504620554180257	0.000216752877723354
MDM_B_190626_untreated	Untreated	raw	superclass	Carotenoids (C40)	Apocarotenoids (β-) | Cannabinoids | Carotenoids (C40, β-β)	pathway	Terpenoids	Terpenoids	Carotenoids (C40)	Apocarotenoids (β-) | Cannabinoids | Carotenoids (C40, β-β)	NPC superclass: Carotenoids (C40) / NPC pathway: Terpenoids	Carotenoids (C40)	11	328	17227166	12215863240.9	0.00141022911441261	kruskal_wallis	0.951229424500713	0.991701292638876	ns	0.00504620554180257	0.000216752877723354
MDM_160526_PET05	PET	raw	superclass	Chromanes	Azaphilones	pathway	Polyketides	Polyketides	Chromanes	Azaphilones	NPC superclass: Chromanes / NPC pathway: Polyketides	Chromanes	1	150	5717923.5	600553025.5	0.00952109681778633	kruskal_wallis	0.951229424500713	0.991701292638876	ns	0.0013064803743841	0.00276107299018455
MDM_160526_PET100	PET	raw	superclass	Chromanes	Azaphilones	pathway	Polyketides	Polyketides	Chromanes	Azaphilones	NPC superclass: Chromanes / NPC pathway: Polyketides	Chromanes	1	150	6409099.5	742612221.2	0.00863047943062858	kruskal_wallis	0.951229424500713	0.991701292638876	ns	0.0013064803743841	0.00276107299018455
MDM_160526_PS05	PS	raw	superclass	Chromanes	Azaphilones	pathway	Polyketides	Polyketides	Chromanes	Azaphilones	NPC superclass: Chromanes / NPC pathway: Polyketides	Chromanes	1	150	6363020.5	638761702.1	0.00996149343187117	kruskal_wallis	0.951229424500713	0.991701292638876	ns	0.0013064803743841	0.00276107299018455
MDM_160526_PS100	PS	raw	superclass	Chromanes	Azaphilones	pathway	Polyketides	Polyketides	Chromanes	Azaphilones	NPC superclass: Chromanes / NPC pathway: Polyketides	Chromanes	1	150	3833903	877091373.9	0.00437115574737954	kruskal_wallis	0.951229424500713	0.991701292638876	ns	0.0013064803743841	0.00276107299018455
MDM_160526_untreated	Untreated	raw	superclass	Chromanes	Azaphilones	pathway	Polyketides	Polyketides	Chromanes	Azaphilones	NPC superclass: Chromanes / NPC pathway: Polyketides	Chromanes	1	150	6274705.5	719115917.9	0.00872558282164539	kruskal_wallis	0.951229424500713	0.991701292638876	ns	0.0013064803743841	0.00276107299018455
MDM_A_190626_PET05	PET	raw	superclass	Chromanes	Azaphilones	pathway	Polyketides	Polyketides	Chromanes	Azaphilones	NPC superclass: Chromanes / NPC pathway: Polyketides	Chromanes	1	150	1013873.6	154388751.9	0.00656701726986369	kruskal_wallis	0.951229424500713	0.991701292638876	ns	0.0013064803743841	0.00276107299018455
MDM_A_190626_PET100	PET	raw	superclass	Chromanes	Azaphilones	pathway	Polyketides	Polyketides	Chromanes	Azaphilones	NPC superclass: Chromanes / NPC pathway: Polyketides	Chromanes	1	150	4009276	10556045796.8	0.000379808507577277	kruskal_wallis	0.951229424500713	0.991701292638876	ns	0.0013064803743841	0.00276107299018455
MDM_A_190626_PS05	PS	raw	superclass	Chromanes	Azaphilones	pathway	Polyketides	Polyketides	Chromanes	Azaphilones	NPC superclass: Chromanes / NPC pathway: Polyketides	Chromanes	1	150	6675495	8195354836.4	0.000814546182960928	kruskal_wallis	0.951229424500713	0.991701292638876	ns	0.0013064803743841	0.00276107299018455
MDM_A_190626_PS100	PS	raw	superclass	Chromanes	Azaphilones	pathway	Polyketides	Polyketides	Chromanes	Azaphilones	NPC superclass: Chromanes / NPC pathway: Polyketides	Chromanes	1	150	5634092.5	4981492138.2	0.00113100499683531	kruskal_wallis	0.951229424500713	0.991701292638876	ns	0.0013064803743841	0.00276107299018455
MDM_A_190626_untreated	Untreated	raw	superclass	Chromanes	Azaphilones	pathway	Polyketides	Polyketides	Chromanes	Azaphilones	NPC superclass: Chromanes / NPC pathway: Polyketides	Chromanes	1	150	5692053.5	7088900344.6	0.000802952957906362	kruskal_wallis	0.951229424500713	0.991701292638876	ns	0.0013064803743841	0.00276107299018455
MDM_B_120626_PS05	PS	raw	superclass	Chromanes	Azaphilones	pathway	Polyketides	Polyketides	Chromanes	Azaphilones	NPC superclass: Chromanes / NPC pathway: Polyketides	Chromanes	1	150	6328443.5	7364168721.5	0.00085935612549504	kruskal_wallis	0.951229424500713	0.991701292638876	ns	0.0013064803743841	0.00276107299018455
MDM_B_190626_PET05	PET	raw	superclass	Chromanes	Azaphilones	pathway	Polyketides	Polyketides	Chromanes	Azaphilones	NPC superclass: Chromanes / NPC pathway: Polyketides	Chromanes	1	150	7879823.5	6775025783.1	0.00116306915313236	kruskal_wallis	0.951229424500713	0.991701292638876	ns	0.0013064803743841	0.00276107299018455
MDM_B_190626_PET100	PET	raw	superclass	Chromanes	Azaphilones	pathway	Polyketides	Polyketides	Chromanes	Azaphilones	NPC superclass: Chromanes / NPC pathway: Polyketides	Chromanes	1	150	5844674	7636027125.6	0.000765407705324352	kruskal_wallis	0.951229424500713	0.991701292638876	ns	0.0013064803743841	0.00276107299018455
MDM_B_190626_PS100	PS	raw	superclass	Chromanes	Azaphilones	pathway	Polyketides	Polyketides	Chromanes	Azaphilones	NPC superclass: Chromanes / NPC pathway: Polyketides	Chromanes	1	150	11359215	5539891023.3	0.00205044015346597	kruskal_wallis	0.951229424500713	0.991701292638876	ns	0.0013064803743841	0.00276107299018455
MDM_B_190626_untreated	Untreated	raw	superclass	Chromanes	Azaphilones	pathway	Polyketides	Polyketides	Chromanes	Azaphilones	NPC superclass: Chromanes / NPC pathway: Polyketides	Chromanes	1	150	6932134.5	6279276710.7	0.00110397022131347	kruskal_wallis	0.951229424500713	0.991701292638876	ns	0.0013064803743841	0.00276107299018455
MDM_160526_PET05	PET	raw	superclass	Diterpenoids	Kaurane and Phyllocladane diterpenoids | Labdane diterpenoids | Tetracyclic diterpenoids	pathway	Terpenoids	Terpenoids	Diterpenoids	Kaurane and Phyllocladane diterpenoids | Labdane diterpenoids | Tetracyclic diterpenoids	NPC superclass: Diterpenoids / NPC pathway: Terpenoids	Diterpenoids	5	328	31554142.2	11424929845.4	0.00276186747988694	kruskal_wallis	0.785317906563425	0.991701292638876	ns	0.00141938591092768	0.000863342891349382
MDM_160526_PET100	PET	raw	superclass	Diterpenoids	Kaurane and Phyllocladane diterpenoids | Labdane diterpenoids | Tetracyclic diterpenoids	pathway	Terpenoids	Terpenoids	Diterpenoids	Kaurane and Phyllocladane diterpenoids | Labdane diterpenoids | Tetracyclic diterpenoids	NPC superclass: Diterpenoids / NPC pathway: Terpenoids	Diterpenoids	5	328	30613628.2	12419174723.5	0.00246502918926423	kruskal_wallis	0.785317906563425	0.991701292638876	ns	0.00141938591092768	0.000863342891349382
MDM_160526_PS05	PS	raw	superclass	Diterpenoids	Kaurane and Phyllocladane diterpenoids | Labdane diterpenoids | Tetracyclic diterpenoids	pathway	Terpenoids	Terpenoids	Diterpenoids	Kaurane and Phyllocladane diterpenoids | Labdane diterpenoids | Tetracyclic diterpenoids	NPC superclass: Diterpenoids / NPC pathway: Terpenoids	Diterpenoids	5	328	45022225.7	11192569017.8	0.00402251043780917	kruskal_wallis	0.785317906563425	0.991701292638876	ns	0.00141938591092768	0.000863342891349382
MDM_160526_PS100	PS	raw	superclass	Diterpenoids	Kaurane and Phyllocladane diterpenoids | Labdane diterpenoids | Tetracyclic diterpenoids	pathway	Terpenoids	Terpenoids	Diterpenoids	Kaurane and Phyllocladane diterpenoids | Labdane diterpenoids | Tetracyclic diterpenoids	NPC superclass: Diterpenoids / NPC pathway: Terpenoids	Diterpenoids	5	328	20507771.3	12332953384.6	0.00166284349421184	kruskal_wallis	0.785317906563425	0.991701292638876	ns	0.00141938591092768	0.000863342891349382
MDM_160526_untreated	Untreated	raw	superclass	Diterpenoids	Kaurane and Phyllocladane diterpenoids | Labdane diterpenoids | Tetracyclic diterpenoids	pathway	Terpenoids	Terpenoids	Diterpenoids	Kaurane and Phyllocladane diterpenoids | Labdane diterpenoids | Tetracyclic diterpenoids	NPC superclass: Diterpenoids / NPC pathway: Terpenoids	Diterpenoids	5	328	31134606.2	13761025227.8	0.00226252082854277	kruskal_wallis	0.785317906563425	0.991701292638876	ns	0.00141938591092768	0.000863342891349382
MDM_A_190626_PET05	PET	raw	superclass	Diterpenoids	Kaurane and Phyllocladane diterpenoids | Labdane diterpenoids | Tetracyclic diterpenoids	pathway	Terpenoids	Terpenoids	Diterpenoids	Kaurane and Phyllocladane diterpenoids | Labdane diterpenoids | Tetracyclic diterpenoids	NPC superclass: Diterpenoids / NPC pathway: Terpenoids	Diterpenoids	5	328	5069368	338567248.3	0.014973001746194	kruskal_wallis	0.785317906563425	0.991701292638876	ns	0.00141938591092768	0.000863342891349382
MDM_A_190626_PET100	PET	raw	superclass	Diterpenoids	Kaurane and Phyllocladane diterpenoids | Labdane diterpenoids | Tetracyclic diterpenoids	pathway	Terpenoids	Terpenoids	Diterpenoids	Kaurane and Phyllocladane diterpenoids | Labdane diterpenoids | Tetracyclic diterpenoids	NPC superclass: Diterpenoids / NPC pathway: Terpenoids	Diterpenoids	5	328	34763505.6	25155865783	0.00138192443463793	kruskal_wallis	0.785317906563425	0.991701292638876	ns	0.00141938591092768	0.000863342891349382
MDM_A_190626_PS05	PS	raw	superclass	Diterpenoids	Kaurane and Phyllocladane diterpenoids | Labdane diterpenoids | Tetracyclic diterpenoids	pathway	Terpenoids	Terpenoids	Diterpenoids	Kaurane and Phyllocladane diterpenoids | Labdane diterpenoids | Tetracyclic diterpenoids	NPC superclass: Diterpenoids / NPC pathway: Terpenoids	Diterpenoids	5	328	49752394.7	14287611092.7	0.00348220527400974	kruskal_wallis	0.785317906563425	0.991701292638876	ns	0.00141938591092768	0.000863342891349382
MDM_A_190626_PS100	PS	raw	superclass	Diterpenoids	Kaurane and Phyllocladane diterpenoids | Labdane diterpenoids | Tetracyclic diterpenoids	pathway	Terpenoids	Terpenoids	Diterpenoids	Kaurane and Phyllocladane diterpenoids | Labdane diterpenoids | Tetracyclic diterpenoids	NPC superclass: Diterpenoids / NPC pathway: Terpenoids	Diterpenoids	5	328	38703601.6	8548257803.5	0.00452765961084529	kruskal_wallis	0.785317906563425	0.991701292638876	ns	0.00141938591092768	0.000863342891349382
MDM_A_190626_untreated	Untreated	raw	superclass	Diterpenoids	Kaurane and Phyllocladane diterpenoids | Labdane diterpenoids | Tetracyclic diterpenoids	pathway	Terpenoids	Terpenoids	Diterpenoids	Kaurane and Phyllocladane diterpenoids | Labdane diterpenoids | Tetracyclic diterpenoids	NPC superclass: Diterpenoids / NPC pathway: Terpenoids	Diterpenoids	5	328	40112329.7	10571590523.7	0.00379435143747517	kruskal_wallis	0.785317906563425	0.991701292638876	ns	0.00141938591092768	0.000863342891349382
MDM_B_120626_PS05	PS	raw	superclass	Diterpenoids	Kaurane and Phyllocladane diterpenoids | Labdane diterpenoids | Tetracyclic diterpenoids	pathway	Terpenoids	Terpenoids	Diterpenoids	Kaurane and Phyllocladane diterpenoids | Labdane diterpenoids | Tetracyclic diterpenoids	NPC superclass: Diterpenoids / NPC pathway: Terpenoids	Diterpenoids	5	328	32377653.6	13340032138.9	0.00242710461735588	kruskal_wallis	0.785317906563425	0.991701292638876	ns	0.00141938591092768	0.000863342891349382
MDM_B_190626_PET05	PET	raw	superclass	Diterpenoids	Kaurane and Phyllocladane diterpenoids | Labdane diterpenoids | Tetracyclic diterpenoids	pathway	Terpenoids	Terpenoids	Diterpenoids	Kaurane and Phyllocladane diterpenoids | Labdane diterpenoids | Tetracyclic diterpenoids	NPC superclass: Diterpenoids / NPC pathway: Terpenoids	Diterpenoids	5	328	50268468.8	16214852534.7	0.00310014961236464	kruskal_wallis	0.785317906563425	0.991701292638876	ns	0.00141938591092768	0.000863342891349382
MDM_B_190626_PET100	PET	raw	superclass	Diterpenoids	Kaurane and Phyllocladane diterpenoids | Labdane diterpenoids | Tetracyclic diterpenoids	pathway	Terpenoids	Terpenoids	Diterpenoids	Kaurane and Phyllocladane diterpenoids | Labdane diterpenoids | Tetracyclic diterpenoids	NPC superclass: Diterpenoids / NPC pathway: Terpenoids	Diterpenoids	5	328	47416812.5	12908450200.3	0.00367331567804305	kruskal_wallis	0.785317906563425	0.991701292638876	ns	0.00141938591092768	0.000863342891349382
MDM_B_190626_PS100	PS	raw	superclass	Diterpenoids	Kaurane and Phyllocladane diterpenoids | Labdane diterpenoids | Tetracyclic diterpenoids	pathway	Terpenoids	Terpenoids	Diterpenoids	Kaurane and Phyllocladane diterpenoids | Labdane diterpenoids | Tetracyclic diterpenoids	NPC superclass: Diterpenoids / NPC pathway: Terpenoids	Diterpenoids	5	328	46577420.3	12532100094.7	0.00371664924059282	kruskal_wallis	0.785317906563425	0.991701292638876	ns	0.00141938591092768	0.000863342891349382
MDM_B_190626_untreated	Untreated	raw	superclass	Diterpenoids	Kaurane and Phyllocladane diterpenoids | Labdane diterpenoids | Tetracyclic diterpenoids	pathway	Terpenoids	Terpenoids	Diterpenoids	Kaurane and Phyllocladane diterpenoids | Labdane diterpenoids | Tetracyclic diterpenoids	NPC superclass: Diterpenoids / NPC pathway: Terpenoids	Diterpenoids	5	328	80614929.3	12215863240.9	0.00659920037661299	kruskal_wallis	0.785317906563425	0.991701292638876	ns	0.00141938591092768	0.000863342891349382
MDM_160526_PET05	PET	raw	superclass	Eicosanoids	Leukotrienes	pathway	Fatty acids	Fatty acids	Eicosanoids	Leukotrienes	NPC superclass: Eicosanoids / NPC pathway: Fatty acids	Eicosanoids	1	1440	1013873.6	22473036077.3	4.51151146873347e-05	kruskal_wallis	0.839457020769207	0.991701292638876	ns	0.000102344285002177	4.38680159076723e-06
MDM_160526_PET100	PET	raw	superclass	Eicosanoids	Leukotrienes	pathway	Fatty acids	Fatty acids	Eicosanoids	Leukotrienes	NPC superclass: Eicosanoids / NPC pathway: Fatty acids	Eicosanoids	1	1440	1013873.6	28244838693.3	3.58958891926865e-05	kruskal_wallis	0.839457020769207	0.991701292638876	ns	0.000102344285002177	4.38680159076723e-06
MDM_160526_PS05	PS	raw	superclass	Eicosanoids	Leukotrienes	pathway	Fatty acids	Fatty acids	Eicosanoids	Leukotrienes	NPC superclass: Eicosanoids / NPC pathway: Fatty acids	Eicosanoids	1	1440	1013873.6	20456769507.4	4.95617648540862e-05	kruskal_wallis	0.839457020769207	0.991701292638876	ns	0.000102344285002177	4.38680159076723e-06
MDM_160526_PS100	PS	raw	superclass	Eicosanoids	Leukotrienes	pathway	Fatty acids	Fatty acids	Eicosanoids	Leukotrienes	NPC superclass: Eicosanoids / NPC pathway: Fatty acids	Eicosanoids	1	1440	1013873.6	30211472297.4	3.35592251188385e-05	kruskal_wallis	0.839457020769207	0.991701292638876	ns	0.000102344285002177	4.38680159076723e-06
MDM_160526_untreated	Untreated	raw	superclass	Eicosanoids	Leukotrienes	pathway	Fatty acids	Fatty acids	Eicosanoids	Leukotrienes	NPC superclass: Eicosanoids / NPC pathway: Fatty acids	Eicosanoids	1	1440	1013873.6	26519025548.7	3.82319326982096e-05	kruskal_wallis	0.839457020769207	0.991701292638876	ns	0.000102344285002177	4.38680159076723e-06
MDM_A_190626_PET05	PET	raw	superclass	Eicosanoids	Leukotrienes	pathway	Fatty acids	Fatty acids	Eicosanoids	Leukotrienes	NPC superclass: Eicosanoids / NPC pathway: Fatty acids	Eicosanoids	1	1440	1013873.6	1459977984	0.000694444444444444	kruskal_wallis	0.839457020769207	0.991701292638876	ns	0.000102344285002177	4.38680159076723e-06
MDM_A_190626_PET100	PET	raw	superclass	Eicosanoids	Leukotrienes	pathway	Fatty acids	Fatty acids	Eicosanoids	Leukotrienes	NPC superclass: Eicosanoids / NPC pathway: Fatty acids	Eicosanoids	1	1440	2198155.2	38894935316.3	5.65152038979945e-05	kruskal_wallis	0.839457020769207	0.991701292638876	ns	0.000102344285002177	4.38680159076723e-06
MDM_A_190626_PS05	PS	raw	superclass	Eicosanoids	Leukotrienes	pathway	Fatty acids	Fatty acids	Eicosanoids	Leukotrienes	NPC superclass: Eicosanoids / NPC pathway: Fatty acids	Eicosanoids	1	1440	1854237.1	28257831826.4	6.56185198988859e-05	kruskal_wallis	0.839457020769207	0.991701292638876	ns	0.000102344285002177	4.38680159076723e-06
MDM_A_190626_PS100	PS	raw	superclass	Eicosanoids	Leukotrienes	pathway	Fatty acids	Fatty acids	Eicosanoids	Leukotrienes	NPC superclass: Eicosanoids / NPC pathway: Fatty acids	Eicosanoids	1	1440	1013873.6	25448591356.4	3.98400676014244e-05	kruskal_wallis	0.839457020769207	0.991701292638876	ns	0.000102344285002177	4.38680159076723e-06
MDM_A_190626_untreated	Untreated	raw	superclass	Eicosanoids	Leukotrienes	pathway	Fatty acids	Fatty acids	Eicosanoids	Leukotrienes	NPC superclass: Eicosanoids / NPC pathway: Fatty acids	Eicosanoids	1	1440	5051975.5	26876593288.9	0.000187969339926964	kruskal_wallis	0.839457020769207	0.991701292638876	ns	0.000102344285002177	4.38680159076723e-06
MDM_B_120626_PS05	PS	raw	superclass	Eicosanoids	Leukotrienes	pathway	Fatty acids	Fatty acids	Eicosanoids	Leukotrienes	NPC superclass: Eicosanoids / NPC pathway: Fatty acids	Eicosanoids	1	1440	2145482.5	26269246863.4	8.16727830514709e-05	kruskal_wallis	0.839457020769207	0.991701292638876	ns	0.000102344285002177	4.38680159076723e-06
MDM_B_190626_PET05	PET	raw	superclass	Eicosanoids	Leukotrienes	pathway	Fatty acids	Fatty acids	Eicosanoids	Leukotrienes	NPC superclass: Eicosanoids / NPC pathway: Fatty acids	Eicosanoids	1	1440	1307207.6	26270617827.66	4.97593017634956e-05	kruskal_wallis	0.839457020769207	0.991701292638876	ns	0.000102344285002177	4.38680159076723e-06
MDM_B_190626_PET100	PET	raw	superclass	Eicosanoids	Leukotrienes	pathway	Fatty acids	Fatty acids	Eicosanoids	Leukotrienes	NPC superclass: Eicosanoids / NPC pathway: Fatty acids	Eicosanoids	1	1440	1013873.6	29419865311.6	3.44622107974178e-05	kruskal_wallis	0.839457020769207	0.991701292638876	ns	0.000102344285002177	4.38680159076723e-06
MDM_B_190626_PS100	PS	raw	superclass	Eicosanoids	Leukotrienes	pathway	Fatty acids	Fatty acids	Eicosanoids	Leukotrienes	NPC superclass: Eicosanoids / NPC pathway: Fatty acids	Eicosanoids	1	1440	1013873.6	31808703086.2	3.18740942456048e-05	kruskal_wallis	0.839457020769207	0.991701292638876	ns	0.000102344285002177	4.38680159076723e-06
MDM_B_190626_untreated	Untreated	raw	superclass	Eicosanoids	Leukotrienes	pathway	Fatty acids	Fatty acids	Eicosanoids	Leukotrienes	NPC superclass: Eicosanoids / NPC pathway: Fatty acids	Eicosanoids	1	1440	1013873.6	23550848395.1	4.30504066346479e-05	kruskal_wallis	0.839457020769207	0.991701292638876	ns	0.000102344285002177	4.38680159076723e-06
MDM_160526_PET05	PET	raw	superclass	Fatty Acids and Conjugates	Dicarboxylic acids | Fatty alcohols | Halogenated fatty acids | Hydroxy fatty acids | Nitro fatty acids | Oxo fatty acids | Unsaturated fatty acids	pathway	Fatty acids	Fatty acids	Fatty Acids and Conjugates	Dicarboxylic acids | Fatty alcohols | Halogenated fatty acids | Hydroxy fatty acids | Nitro fatty acids | Oxo fatty acids | Unsaturated fatty acids	NPC superclass: Fatty Acids and Conjugates / NPC pathway: Fatty acids	Fatty Acids and Conjugates	85	1440	2377434808.3	22473036077.3	0.105790548287396	kruskal_wallis	0.927743486328554	0.991701292638876	ns	0.0189522446740725	0.00473167551334466
MDM_160526_PET100	PET	raw	superclass	Fatty Acids and Conjugates	Dicarboxylic acids | Fatty alcohols | Halogenated fatty acids | Hydroxy fatty acids | Nitro fatty acids | Oxo fatty acids | Unsaturated fatty acids	pathway	Fatty acids	Fatty acids	Fatty Acids and Conjugates	Dicarboxylic acids | Fatty alcohols | Halogenated fatty acids | Hydroxy fatty acids | Nitro fatty acids | Oxo fatty acids | Unsaturated fatty acids	NPC superclass: Fatty Acids and Conjugates / NPC pathway: Fatty acids	Fatty Acids and Conjugates	85	1440	3601116861.2	28244838693.3	0.127496456974075	kruskal_wallis	0.927743486328554	0.991701292638876	ns	0.0189522446740725	0.00473167551334466
MDM_160526_PS05	PS	raw	superclass	Fatty Acids and Conjugates	Dicarboxylic acids | Fatty alcohols | Halogenated fatty acids | Hydroxy fatty acids | Nitro fatty acids | Oxo fatty acids | Unsaturated fatty acids	pathway	Fatty acids	Fatty acids	Fatty Acids and Conjugates	Dicarboxylic acids | Fatty alcohols | Halogenated fatty acids | Hydroxy fatty acids | Nitro fatty acids | Oxo fatty acids | Unsaturated fatty acids	NPC superclass: Fatty Acids and Conjugates / NPC pathway: Fatty acids	Fatty Acids and Conjugates	85	1440	1712020205.1	20456769507.4	0.0836896658820297	kruskal_wallis	0.927743486328554	0.991701292638876	ns	0.0189522446740725	0.00473167551334466
MDM_160526_PS100	PS	raw	superclass	Fatty Acids and Conjugates	Dicarboxylic acids | Fatty alcohols | Halogenated fatty acids | Hydroxy fatty acids | Nitro fatty acids | Oxo fatty acids | Unsaturated fatty acids	pathway	Fatty acids	Fatty acids	Fatty Acids and Conjugates	Dicarboxylic acids | Fatty alcohols | Halogenated fatty acids | Hydroxy fatty acids | Nitro fatty acids | Oxo fatty acids | Unsaturated fatty acids	NPC superclass: Fatty Acids and Conjugates / NPC pathway: Fatty acids	Fatty Acids and Conjugates	85	1440	6225535496.2	30211472297.4	0.206065279934595	kruskal_wallis	0.927743486328554	0.991701292638876	ns	0.0189522446740725	0.00473167551334466
MDM_160526_untreated	Untreated	raw	superclass	Fatty Acids and Conjugates	Dicarboxylic acids | Fatty alcohols | Halogenated fatty acids | Hydroxy fatty acids | Nitro fatty acids | Oxo fatty acids | Unsaturated fatty acids	pathway	Fatty acids	Fatty acids	Fatty Acids and Conjugates	Dicarboxylic acids | Fatty alcohols | Halogenated fatty acids | Hydroxy fatty acids | Nitro fatty acids | Oxo fatty acids | Unsaturated fatty acids	NPC superclass: Fatty Acids and Conjugates / NPC pathway: Fatty acids	Fatty Acids and Conjugates	85	1440	2501811030.7	26519025548.7	0.094340232302489	kruskal_wallis	0.927743486328554	0.991701292638876	ns	0.0189522446740725	0.00473167551334466
MDM_A_190626_PET05	PET	raw	superclass	Fatty Acids and Conjugates	Dicarboxylic acids | Fatty alcohols | Halogenated fatty acids | Hydroxy fatty acids | Nitro fatty acids | Oxo fatty acids | Unsaturated fatty acids	pathway	Fatty acids	Fatty acids	Fatty Acids and Conjugates	Dicarboxylic acids | Fatty alcohols | Halogenated fatty acids | Hydroxy fatty acids | Nitro fatty acids | Oxo fatty acids | Unsaturated fatty acids	NPC superclass: Fatty Acids and Conjugates / NPC pathway: Fatty acids	Fatty Acids and Conjugates	85	1440	86179256	1459977984	0.0590277777777778	kruskal_wallis	0.927743486328554	0.991701292638876	ns	0.0189522446740725	0.00473167551334466
MDM_A_190626_PET100	PET	raw	superclass	Fatty Acids and Conjugates	Dicarboxylic acids | Fatty alcohols | Halogenated fatty acids | Hydroxy fatty acids | Nitro fatty acids | Oxo fatty acids | Unsaturated fatty acids	pathway	Fatty acids	Fatty acids	Fatty Acids and Conjugates	Dicarboxylic acids | Fatty alcohols | Halogenated fatty acids | Hydroxy fatty acids | Nitro fatty acids | Oxo fatty acids | Unsaturated fatty acids	NPC superclass: Fatty Acids and Conjugates / NPC pathway: Fatty acids	Fatty Acids and Conjugates	85	1440	4028460811.9	38894935316.3	0.103572888838608	kruskal_wallis	0.927743486328554	0.991701292638876	ns	0.0189522446740725	0.00473167551334466
MDM_A_190626_PS05	PS	raw	superclass	Fatty Acids and Conjugates	Dicarboxylic acids | Fatty alcohols | Halogenated fatty acids | Hydroxy fatty acids | Nitro fatty acids | Oxo fatty acids | Unsaturated fatty acids	pathway	Fatty acids	Fatty acids	Fatty Acids and Conjugates	Dicarboxylic acids | Fatty alcohols | Halogenated fatty acids | Hydroxy fatty acids | Nitro fatty acids | Oxo fatty acids | Unsaturated fatty acids	NPC superclass: Fatty Acids and Conjugates / NPC pathway: Fatty acids	Fatty Acids and Conjugates	85	1440	2427624429.6	28257831826.4	0.0859097911161033	kruskal_wallis	0.927743486328554	0.991701292638876	ns	0.0189522446740725	0.00473167551334466
MDM_A_190626_PS100	PS	raw	superclass	Fatty Acids and Conjugates	Dicarboxylic acids | Fatty alcohols | Halogenated fatty acids | Hydroxy fatty acids | Nitro fatty acids | Oxo fatty acids | Unsaturated fatty acids	pathway	Fatty acids	Fatty acids	Fatty Acids and Conjugates	Dicarboxylic acids | Fatty alcohols | Halogenated fatty acids | Hydroxy fatty acids | Nitro fatty acids | Oxo fatty acids | Unsaturated fatty acids	NPC superclass: Fatty Acids and Conjugates / NPC pathway: Fatty acids	Fatty Acids and Conjugates	85	1440	2374539919.9	25448591356.4	0.0933073224621854	kruskal_wallis	0.927743486328554	0.991701292638876	ns	0.0189522446740725	0.00473167551334466
MDM_A_190626_untreated	Untreated	raw	superclass	Fatty Acids and Conjugates	Dicarboxylic acids | Fatty alcohols | Halogenated fatty acids | Hydroxy fatty acids | Nitro fatty acids | Oxo fatty acids | Unsaturated fatty acids	pathway	Fatty acids	Fatty acids	Fatty Acids and Conjugates	Dicarboxylic acids | Fatty alcohols | Halogenated fatty acids | Hydroxy fatty acids | Nitro fatty acids | Oxo fatty acids | Unsaturated fatty acids	NPC superclass: Fatty Acids and Conjugates / NPC pathway: Fatty acids	Fatty Acids and Conjugates	85	1440	3669772111.5	26876593288.9	0.136541565073116	kruskal_wallis	0.927743486328554	0.991701292638876	ns	0.0189522446740725	0.00473167551334466
MDM_B_120626_PS05	PS	raw	superclass	Fatty Acids and Conjugates	Dicarboxylic acids | Fatty alcohols | Halogenated fatty acids | Hydroxy fatty acids | Nitro fatty acids | Oxo fatty acids | Unsaturated fatty acids	pathway	Fatty acids	Fatty acids	Fatty Acids and Conjugates	Dicarboxylic acids | Fatty alcohols | Halogenated fatty acids | Hydroxy fatty acids | Nitro fatty acids | Oxo fatty acids | Unsaturated fatty acids	NPC superclass: Fatty Acids and Conjugates / NPC pathway: Fatty acids	Fatty Acids and Conjugates	85	1440	3165017132.1	26269246863.4	0.120483740876093	kruskal_wallis	0.927743486328554	0.991701292638876	ns	0.0189522446740725	0.00473167551334466
MDM_B_190626_PET05	PET	raw	superclass	Fatty Acids and Conjugates	Dicarboxylic acids | Fatty alcohols | Halogenated fatty acids | Hydroxy fatty acids | Nitro fatty acids | Oxo fatty acids | Unsaturated fatty acids	pathway	Fatty acids	Fatty acids	Fatty Acids and Conjugates	Dicarboxylic acids | Fatty alcohols | Halogenated fatty acids | Hydroxy fatty acids | Nitro fatty acids | Oxo fatty acids | Unsaturated fatty acids	NPC superclass: Fatty Acids and Conjugates / NPC pathway: Fatty acids	Fatty Acids and Conjugates	85	1440	1703360245	26270617827.66	0.0648389868930511	kruskal_wallis	0.927743486328554	0.991701292638876	ns	0.0189522446740725	0.00473167551334466
MDM_B_190626_PET100	PET	raw	superclass	Fatty Acids and Conjugates	Dicarboxylic acids | Fatty alcohols | Halogenated fatty acids | Hydroxy fatty acids | Nitro fatty acids | Oxo fatty acids | Unsaturated fatty acids	pathway	Fatty acids	Fatty acids	Fatty Acids and Conjugates	Dicarboxylic acids | Fatty alcohols | Halogenated fatty acids | Hydroxy fatty acids | Nitro fatty acids | Oxo fatty acids | Unsaturated fatty acids	NPC superclass: Fatty Acids and Conjugates / NPC pathway: Fatty acids	Fatty Acids and Conjugates	85	1440	2490123299.9	29419865311.6	0.0846408803550221	kruskal_wallis	0.927743486328554	0.991701292638876	ns	0.0189522446740725	0.00473167551334466
MDM_B_190626_PS100	PS	raw	superclass	Fatty Acids and Conjugates	Dicarboxylic acids | Fatty alcohols | Halogenated fatty acids | Hydroxy fatty acids | Nitro fatty acids | Oxo fatty acids | Unsaturated fatty acids	pathway	Fatty acids	Fatty acids	Fatty Acids and Conjugates	Dicarboxylic acids | Fatty alcohols | Halogenated fatty acids | Hydroxy fatty acids | Nitro fatty acids | Oxo fatty acids | Unsaturated fatty acids	NPC superclass: Fatty Acids and Conjugates / NPC pathway: Fatty acids	Fatty Acids and Conjugates	85	1440	2125828205.1	31808703086.2	0.0668316529391064	kruskal_wallis	0.927743486328554	0.991701292638876	ns	0.0189522446740725	0.00473167551334466
MDM_B_190626_untreated	Untreated	raw	superclass	Fatty Acids and Conjugates	Dicarboxylic acids | Fatty alcohols | Halogenated fatty acids | Hydroxy fatty acids | Nitro fatty acids | Oxo fatty acids | Unsaturated fatty acids	pathway	Fatty acids	Fatty acids	Fatty Acids and Conjugates	Dicarboxylic acids | Fatty alcohols | Halogenated fatty acids | Hydroxy fatty acids | Nitro fatty acids | Oxo fatty acids | Unsaturated fatty acids	NPC superclass: Fatty Acids and Conjugates / NPC pathway: Fatty acids	Fatty Acids and Conjugates	85	1440	951576626.7	23550848395.1	0.0404051952072345	kruskal_wallis	0.927743486328554	0.991701292638876	ns	0.0189522446740725	0.00473167551334466
MDM_160526_PET05	PET	raw	superclass	Fatty acyl glycosides	Fatty acyl glycosides of mono- and disaccharides	pathway	Fatty acids	Fatty acids	Fatty acyl glycosides	Fatty acyl glycosides of mono- and disaccharides	NPC superclass: Fatty acyl glycosides / NPC pathway: Fatty acids	Fatty acyl glycosides	2	1440	2027747.2	22473036077.3	9.02302293746694e-05	kruskal_wallis	0.664757256135293	0.991701292638876	ns	0.000211438301669526	6.65738715794507e-05
MDM_160526_PET100	PET	raw	superclass	Fatty acyl glycosides	Fatty acyl glycosides of mono- and disaccharides	pathway	Fatty acids	Fatty acids	Fatty acyl glycosides	Fatty acyl glycosides of mono- and disaccharides	NPC superclass: Fatty acyl glycosides / NPC pathway: Fatty acids	Fatty acyl glycosides	2	1440	2027747.2	28244838693.3	7.17917783853729e-05	kruskal_wallis	0.664757256135293	0.991701292638876	ns	0.000211438301669526	6.65738715794507e-05
MDM_160526_PS05	PS	raw	superclass	Fatty acyl glycosides	Fatty acyl glycosides of mono- and disaccharides	pathway	Fatty acids	Fatty acids	Fatty acyl glycosides	Fatty acyl glycosides of mono- and disaccharides	NPC superclass: Fatty acyl glycosides / NPC pathway: Fatty acids	Fatty acyl glycosides	2	1440	2027747.2	20456769507.4	9.91235297081724e-05	kruskal_wallis	0.664757256135293	0.991701292638876	ns	0.000211438301669526	6.65738715794507e-05
MDM_160526_PS100	PS	raw	superclass	Fatty acyl glycosides	Fatty acyl glycosides of mono- and disaccharides	pathway	Fatty acids	Fatty acids	Fatty acyl glycosides	Fatty acyl glycosides of mono- and disaccharides	NPC superclass: Fatty acyl glycosides / NPC pathway: Fatty acids	Fatty acyl glycosides	2	1440	2027747.2	30211472297.4	6.7118450237677e-05	kruskal_wallis	0.664757256135293	0.991701292638876	ns	0.000211438301669526	6.65738715794507e-05
MDM_160526_untreated	Untreated	raw	superclass	Fatty acyl glycosides	Fatty acyl glycosides of mono- and disaccharides	pathway	Fatty acids	Fatty acids	Fatty acyl glycosides	Fatty acyl glycosides of mono- and disaccharides	NPC superclass: Fatty acyl glycosides / NPC pathway: Fatty acids	Fatty acyl glycosides	2	1440	2027747.2	26519025548.7	7.64638653964192e-05	kruskal_wallis	0.664757256135293	0.991701292638876	ns	0.000211438301669526	6.65738715794507e-05
MDM_A_190626_PET05	PET	raw	superclass	Fatty acyl glycosides	Fatty acyl glycosides of mono- and disaccharides	pathway	Fatty acids	Fatty acids	Fatty acyl glycosides	Fatty acyl glycosides of mono- and disaccharides	NPC superclass: Fatty acyl glycosides / NPC pathway: Fatty acids	Fatty acyl glycosides	2	1440	2027747.2	1459977984	0.00138888888888889	kruskal_wallis	0.664757256135293	0.991701292638876	ns	0.000211438301669526	6.65738715794507e-05
MDM_A_190626_PET100	PET	raw	superclass	Fatty acyl glycosides	Fatty acyl glycosides of mono- and disaccharides	pathway	Fatty acids	Fatty acids	Fatty acyl glycosides	Fatty acyl glycosides of mono- and disaccharides	NPC superclass: Fatty acyl glycosides / NPC pathway: Fatty acids	Fatty acyl glycosides	2	1440	3169812.6	38894935316.3	8.1496795771032e-05	kruskal_wallis	0.664757256135293	0.991701292638876	ns	0.000211438301669526	6.65738715794507e-05
MDM_A_190626_PS05	PS	raw	superclass	Fatty acyl glycosides	Fatty acyl glycosides of mono- and disaccharides	pathway	Fatty acids	Fatty acids	Fatty acyl glycosides	Fatty acyl glycosides of mono- and disaccharides	NPC superclass: Fatty acyl glycosides / NPC pathway: Fatty acids	Fatty acyl glycosides	2	1440	3827318.1	28257831826.4	0.00013544273755725	kruskal_wallis	0.664757256135293	0.991701292638876	ns	0.000211438301669526	6.65738715794507e-05
MDM_A_190626_PS100	PS	raw	superclass	Fatty acyl glycosides	Fatty acyl glycosides of mono- and disaccharides	pathway	Fatty acids	Fatty acids	Fatty acyl glycosides	Fatty acyl glycosides of mono- and disaccharides	NPC superclass: Fatty acyl glycosides / NPC pathway: Fatty acids	Fatty acyl glycosides	2	1440	2027747.2	25448591356.4	7.96801352028487e-05	kruskal_wallis	0.664757256135293	0.991701292638876	ns	0.000211438301669526	6.65738715794507e-05
MDM_A_190626_untreated	Untreated	raw	superclass	Fatty acyl glycosides	Fatty acyl glycosides of mono- and disaccharides	pathway	Fatty acids	Fatty acids	Fatty acyl glycosides	Fatty acyl glycosides of mono- and disaccharides	NPC superclass: Fatty acyl glycosides / NPC pathway: Fatty acids	Fatty acyl glycosides	2	1440	4137008.6	26876593288.9	0.000153926078187468	kruskal_wallis	0.664757256135293	0.991701292638876	ns	0.000211438301669526	6.65738715794507e-05
MDM_B_120626_PS05	PS	raw	superclass	Fatty acyl glycosides	Fatty acyl glycosides of mono- and disaccharides	pathway	Fatty acids	Fatty acids	Fatty acyl glycosides	Fatty acyl glycosides of mono- and disaccharides	NPC superclass: Fatty acyl glycosides / NPC pathway: Fatty acids	Fatty acyl glycosides	2	1440	2465216.2	26269246863.4	9.38441902357961e-05	kruskal_wallis	0.664757256135293	0.991701292638876	ns	0.000211438301669526	6.65738715794507e-05
MDM_B_190626_PET05	PET	raw	superclass	Fatty acyl glycosides	Fatty acyl glycosides of mono- and disaccharides	pathway	Fatty acids	Fatty acids	Fatty acyl glycosides	Fatty acyl glycosides of mono- and disaccharides	NPC superclass: Fatty acyl glycosides / NPC pathway: Fatty acids	Fatty acyl glycosides	2	1440	2219189	26270617827.66	8.44741838413653e-05	kruskal_wallis	0.664757256135293	0.991701292638876	ns	0.000211438301669526	6.65738715794507e-05
MDM_B_190626_PET100	PET	raw	superclass	Fatty acyl glycosides	Fatty acyl glycosides of mono- and disaccharides	pathway	Fatty acids	Fatty acids	Fatty acyl glycosides	Fatty acyl glycosides of mono- and disaccharides	NPC superclass: Fatty acyl glycosides / NPC pathway: Fatty acids	Fatty acyl glycosides	2	1440	3386543.5	29419865311.6	0.000115110775121894	kruskal_wallis	0.664757256135293	0.991701292638876	ns	0.000211438301669526	6.65738715794507e-05
MDM_B_190626_PS100	PS	raw	superclass	Fatty acyl glycosides	Fatty acyl glycosides of mono- and disaccharides	pathway	Fatty acids	Fatty acids	Fatty acyl glycosides	Fatty acyl glycosides of mono- and disaccharides	NPC superclass: Fatty acyl glycosides / NPC pathway: Fatty acids	Fatty acyl glycosides	2	1440	2804058	31808703086.2	8.81537984243225e-05	kruskal_wallis	0.664757256135293	0.991701292638876	ns	0.000211438301669526	6.65738715794507e-05
MDM_B_190626_untreated	Untreated	raw	superclass	Fatty acyl glycosides	Fatty acyl glycosides of mono- and disaccharides	pathway	Fatty acids	Fatty acids	Fatty acyl glycosides	Fatty acyl glycosides of mono- and disaccharides	NPC superclass: Fatty acyl glycosides / NPC pathway: Fatty acids	Fatty acyl glycosides	2	1440	4449130.1	23550848395.1	0.000188915916121548	kruskal_wallis	0.664757256135293	0.991701292638876	ns	0.000211438301669526	6.65738715794507e-05
MDM_160526_PET05	PET	raw	superclass	Fatty acyls	Acetate-derived alkaloids | Fatty alcohols | Fatty aldehydes | Hydrocarbons | Sphingoid bases | Unsaturated fatty acids	pathway	Fatty acids	Fatty acids	Fatty acyls	Acetate-derived alkaloids | Fatty alcohols | Fatty aldehydes | Hydrocarbons | Sphingoid bases | Unsaturated fatty acids	NPC superclass: Fatty acyls / NPC pathway: Fatty acids	Fatty acyls	98	1440	4923120401.8	22473036077.3	0.219067881387546	kruskal_wallis	0.740818220681717	0.991701292638876	ns	0.0323857414844399	0.00710735509389135
MDM_160526_PET100	PET	raw	superclass	Fatty acyls	Acetate-derived alkaloids | Fatty alcohols | Fatty aldehydes | Hydrocarbons | Sphingoid bases | Unsaturated fatty acids	pathway	Fatty acids	Fatty acids	Fatty acyls	Acetate-derived alkaloids | Fatty alcohols | Fatty aldehydes | Hydrocarbons | Sphingoid bases | Unsaturated fatty acids	NPC superclass: Fatty acyls / NPC pathway: Fatty acids	Fatty acyls	98	1440	5747055673.7	28244838693.3	0.203472773773117	kruskal_wallis	0.740818220681717	0.991701292638876	ns	0.0323857414844399	0.00710735509389135
MDM_160526_PS05	PS	raw	superclass	Fatty acyls	Acetate-derived alkaloids | Fatty alcohols | Fatty aldehydes | Hydrocarbons | Sphingoid bases | Unsaturated fatty acids	pathway	Fatty acids	Fatty acids	Fatty acyls	Acetate-derived alkaloids | Fatty alcohols | Fatty aldehydes | Hydrocarbons | Sphingoid bases | Unsaturated fatty acids	NPC superclass: Fatty acyls / NPC pathway: Fatty acids	Fatty acyls	98	1440	5224281705	20456769507.4	0.255381559786856	kruskal_wallis	0.740818220681717	0.991701292638876	ns	0.0323857414844399	0.00710735509389135
MDM_160526_PS100	PS	raw	superclass	Fatty acyls	Acetate-derived alkaloids | Fatty alcohols | Fatty aldehydes | Hydrocarbons | Sphingoid bases | Unsaturated fatty acids	pathway	Fatty acids	Fatty acids	Fatty acyls	Acetate-derived alkaloids | Fatty alcohols | Fatty aldehydes | Hydrocarbons | Sphingoid bases | Unsaturated fatty acids	NPC superclass: Fatty acyls / NPC pathway: Fatty acids	Fatty acyls	98	1440	4914152899.1	30211472297.4	0.162658504382883	kruskal_wallis	0.740818220681717	0.991701292638876	ns	0.0323857414844399	0.00710735509389135
MDM_160526_untreated	Untreated	raw	superclass	Fatty acyls	Acetate-derived alkaloids | Fatty alcohols | Fatty aldehydes | Hydrocarbons | Sphingoid bases | Unsaturated fatty acids	pathway	Fatty acids	Fatty acids	Fatty acyls	Acetate-derived alkaloids | Fatty alcohols | Fatty aldehydes | Hydrocarbons | Sphingoid bases | Unsaturated fatty acids	NPC superclass: Fatty acyls / NPC pathway: Fatty acids	Fatty acyls	98	1440	5022829395.5	26519025548.7	0.189404749668346	kruskal_wallis	0.740818220681717	0.991701292638876	ns	0.0323857414844399	0.00710735509389135
MDM_A_190626_PET05	PET	raw	superclass	Fatty acyls	Acetate-derived alkaloids | Fatty alcohols | Fatty aldehydes | Hydrocarbons | Sphingoid bases | Unsaturated fatty acids	pathway	Fatty acids	Fatty acids	Fatty acyls	Acetate-derived alkaloids | Fatty alcohols | Fatty aldehydes | Hydrocarbons | Sphingoid bases | Unsaturated fatty acids	NPC superclass: Fatty acyls / NPC pathway: Fatty acids	Fatty acyls	98	1440	99359612.8	1459977984	0.0680555555555555	kruskal_wallis	0.740818220681717	0.991701292638876	ns	0.0323857414844399	0.00710735509389135
MDM_A_190626_PET100	PET	raw	superclass	Fatty acyls	Acetate-derived alkaloids | Fatty alcohols | Fatty aldehydes | Hydrocarbons | Sphingoid bases | Unsaturated fatty acids	pathway	Fatty acids	Fatty acids	Fatty acyls	Acetate-derived alkaloids | Fatty alcohols | Fatty aldehydes | Hydrocarbons | Sphingoid bases | Unsaturated fatty acids	NPC superclass: Fatty acyls / NPC pathway: Fatty acids	Fatty acyls	98	1440	4688532710.6	38894935316.3	0.120543527646262	kruskal_wallis	0.740818220681717	0.991701292638876	ns	0.0323857414844399	0.00710735509389135
MDM_A_190626_PS05	PS	raw	superclass	Fatty acyls	Acetate-derived alkaloids | Fatty alcohols | Fatty aldehydes | Hydrocarbons | Sphingoid bases | Unsaturated fatty acids	pathway	Fatty acids	Fatty acids	Fatty acyls	Acetate-derived alkaloids | Fatty alcohols | Fatty aldehydes | Hydrocarbons | Sphingoid bases | Unsaturated fatty acids	NPC superclass: Fatty acyls / NPC pathway: Fatty acids	Fatty acyls	98	1440	4730161820.5	28257831826.4	0.167392949662926	kruskal_wallis	0.740818220681717	0.991701292638876	ns	0.0323857414844399	0.00710735509389135
MDM_A_190626_PS100	PS	raw	superclass	Fatty acyls	Acetate-derived alkaloids | Fatty alcohols | Fatty aldehydes | Hydrocarbons | Sphingoid bases | Unsaturated fatty acids	pathway	Fatty acids	Fatty acids	Fatty acyls	Acetate-derived alkaloids | Fatty alcohols | Fatty aldehydes | Hydrocarbons | Sphingoid bases | Unsaturated fatty acids	NPC superclass: Fatty acyls / NPC pathway: Fatty acids	Fatty acyls	98	1440	4506650173.4	25448591356.4	0.177088394020938	kruskal_wallis	0.740818220681717	0.991701292638876	ns	0.0323857414844399	0.00710735509389135
MDM_A_190626_untreated	Untreated	raw	superclass	Fatty acyls	Acetate-derived alkaloids | Fatty alcohols | Fatty aldehydes | Hydrocarbons | Sphingoid bases | Unsaturated fatty acids	pathway	Fatty acids	Fatty acids	Fatty acyls	Acetate-derived alkaloids | Fatty alcohols | Fatty aldehydes | Hydrocarbons | Sphingoid bases | Unsaturated fatty acids	NPC superclass: Fatty acyls / NPC pathway: Fatty acids	Fatty acyls	98	1440	5189879819.5	26876593288.9	0.193100359249898	kruskal_wallis	0.740818220681717	0.991701292638876	ns	0.0323857414844399	0.00710735509389135
MDM_B_120626_PS05	PS	raw	superclass	Fatty acyls	Acetate-derived alkaloids | Fatty alcohols | Fatty aldehydes | Hydrocarbons | Sphingoid bases | Unsaturated fatty acids	pathway	Fatty acids	Fatty acids	Fatty acyls	Acetate-derived alkaloids | Fatty alcohols | Fatty aldehydes | Hydrocarbons | Sphingoid bases | Unsaturated fatty acids	NPC superclass: Fatty acyls / NPC pathway: Fatty acids	Fatty acyls	98	1440	5119813542.9	26269246863.4	0.194897614291076	kruskal_wallis	0.740818220681717	0.991701292638876	ns	0.0323857414844399	0.00710735509389135
MDM_B_190626_PET05	PET	raw	superclass	Fatty acyls	Acetate-derived alkaloids | Fatty alcohols | Fatty aldehydes | Hydrocarbons | Sphingoid bases | Unsaturated fatty acids	pathway	Fatty acids	Fatty acids	Fatty acyls	Acetate-derived alkaloids | Fatty alcohols | Fatty aldehydes | Hydrocarbons | Sphingoid bases | Unsaturated fatty acids	NPC superclass: Fatty acyls / NPC pathway: Fatty acids	Fatty acyls	98	1440	4764908436.2	26270617827.66	0.181377859761756	kruskal_wallis	0.740818220681717	0.991701292638876	ns	0.0323857414844399	0.00710735509389135
MDM_B_190626_PET100	PET	raw	superclass	Fatty acyls	Acetate-derived alkaloids | Fatty alcohols | Fatty aldehydes | Hydrocarbons | Sphingoid bases | Unsaturated fatty acids	pathway	Fatty acids	Fatty acids	Fatty acyls	Acetate-derived alkaloids | Fatty alcohols | Fatty aldehydes | Hydrocarbons | Sphingoid bases | Unsaturated fatty acids	NPC superclass: Fatty acyls / NPC pathway: Fatty acids	Fatty acyls	98	1440	5638912370.5	29419865311.6	0.191670230668141	kruskal_wallis	0.740818220681717	0.991701292638876	ns	0.0323857414844399	0.00710735509389135
MDM_B_190626_PS100	PS	raw	superclass	Fatty acyls	Acetate-derived alkaloids | Fatty alcohols | Fatty aldehydes | Hydrocarbons | Sphingoid bases | Unsaturated fatty acids	pathway	Fatty acids	Fatty acids	Fatty acyls	Acetate-derived alkaloids | Fatty alcohols | Fatty aldehydes | Hydrocarbons | Sphingoid bases | Unsaturated fatty acids	NPC superclass: Fatty acyls / NPC pathway: Fatty acids	Fatty acyls	98	1440	6803457649.3	31808703086.2	0.213886672174687	kruskal_wallis	0.740818220681717	0.991701292638876	ns	0.0323857414844399	0.00710735509389135
MDM_B_190626_untreated	Untreated	raw	superclass	Fatty acyls	Acetate-derived alkaloids | Fatty alcohols | Fatty aldehydes | Hydrocarbons | Sphingoid bases | Unsaturated fatty acids	pathway	Fatty acids	Fatty acids	Fatty acyls	Acetate-derived alkaloids | Fatty alcohols | Fatty aldehydes | Hydrocarbons | Sphingoid bases | Unsaturated fatty acids	NPC superclass: Fatty acyls / NPC pathway: Fatty acids	Fatty acyls	98	1440	4869044407.2	23550848395.1	0.206746029931264	kruskal_wallis	0.740818220681717	0.991701292638876	ns	0.0323857414844399	0.00710735509389135
MDM_160526_PET05	PET	raw	superclass	Fatty amides	Ceramides | Fatty acyl carnitines | Fatty acyl homoserine lactones | N-acyl amines | N-acyl ethanolamines (endocannabinoids) | Nitro fatty acids | Open-chain polyketides | Primary amides | Sphingoid bases	pathway	Fatty acids	Fatty acids	Fatty amides	Ceramides | Fatty acyl carnitines | Fatty acyl homoserine lactones | N-acyl amines | N-acyl ethanolamines (endocannabinoids) | Nitro fatty acids | Open-chain polyketides | Primary amides | Sphingoid bases	NPC superclass: Fatty amides / NPC pathway: Fatty acids	Fatty amides	321	1440	5520441180.6	22473036077.3	0.24564732426947	kruskal_wallis	0.598996214851106	0.991701292638876	ns	0.0195343932882983	0.0318276932061616
MDM_160526_PET100	PET	raw	superclass	Fatty amides	Ceramides | Fatty acyl carnitines | Fatty acyl homoserine lactones | N-acyl amines | N-acyl ethanolamines (endocannabinoids) | Nitro fatty acids | Open-chain polyketides | Primary amides | Sphingoid bases	pathway	Fatty acids	Fatty acids	Fatty amides	Ceramides | Fatty acyl carnitines | Fatty acyl homoserine lactones | N-acyl amines | N-acyl ethanolamines (endocannabinoids) | Nitro fatty acids | Open-chain polyketides | Primary amides | Sphingoid bases	NPC superclass: Fatty amides / NPC pathway: Fatty acids	Fatty amides	321	1440	5834319871.1	28244838693.3	0.206562336377724	kruskal_wallis	0.598996214851106	0.991701292638876	ns	0.0195343932882983	0.0318276932061616
MDM_160526_PS05	PS	raw	superclass	Fatty amides	Ceramides | Fatty acyl carnitines | Fatty acyl homoserine lactones | N-acyl amines | N-acyl ethanolamines (endocannabinoids) | Nitro fatty acids | Open-chain polyketides | Primary amides | Sphingoid bases	pathway	Fatty acids	Fatty acids	Fatty amides	Ceramides | Fatty acyl carnitines | Fatty acyl homoserine lactones | N-acyl amines | N-acyl ethanolamines (endocannabinoids) | Nitro fatty acids | Open-chain polyketides | Primary amides | Sphingoid bases	NPC superclass: Fatty amides / NPC pathway: Fatty acids	Fatty amides	321	1440	5335241919.6	20456769507.4	0.26080569161568	kruskal_wallis	0.598996214851106	0.991701292638876	ns	0.0195343932882983	0.0318276932061616
MDM_160526_PS100	PS	raw	superclass	Fatty amides	Ceramides | Fatty acyl carnitines | Fatty acyl homoserine lactones | N-acyl amines | N-acyl ethanolamines (endocannabinoids) | Nitro fatty acids | Open-chain polyketides | Primary amides | Sphingoid bases	pathway	Fatty acids	Fatty acids	Fatty amides	Ceramides | Fatty acyl carnitines | Fatty acyl homoserine lactones | N-acyl amines | N-acyl ethanolamines (endocannabinoids) | Nitro fatty acids | Open-chain polyketides | Primary amides | Sphingoid bases	NPC superclass: Fatty amides / NPC pathway: Fatty acids	Fatty amides	321	1440	6026492075.1	30211472297.4	0.199476940937388	kruskal_wallis	0.598996214851106	0.991701292638876	ns	0.0195343932882983	0.0318276932061616
MDM_160526_untreated	Untreated	raw	superclass	Fatty amides	Ceramides | Fatty acyl carnitines | Fatty acyl homoserine lactones | N-acyl amines | N-acyl ethanolamines (endocannabinoids) | Nitro fatty acids | Open-chain polyketides | Primary amides | Sphingoid bases	pathway	Fatty acids	Fatty acids	Fatty amides	Ceramides | Fatty acyl carnitines | Fatty acyl homoserine lactones | N-acyl amines | N-acyl ethanolamines (endocannabinoids) | Nitro fatty acids | Open-chain polyketides | Primary amides | Sphingoid bases	NPC superclass: Fatty amides / NPC pathway: Fatty acids	Fatty amides	321	1440	7117345634.2	26519025548.7	0.268386393803557	kruskal_wallis	0.598996214851106	0.991701292638876	ns	0.0195343932882983	0.0318276932061616
MDM_A_190626_PET05	PET	raw	superclass	Fatty amides	Ceramides | Fatty acyl carnitines | Fatty acyl homoserine lactones | N-acyl amines | N-acyl ethanolamines (endocannabinoids) | Nitro fatty acids | Open-chain polyketides | Primary amides | Sphingoid bases	pathway	Fatty acids	Fatty acids	Fatty amides	Ceramides | Fatty acyl carnitines | Fatty acyl homoserine lactones | N-acyl amines | N-acyl ethanolamines (endocannabinoids) | Nitro fatty acids | Open-chain polyketides | Primary amides | Sphingoid bases	NPC superclass: Fatty amides / NPC pathway: Fatty acids	Fatty amides	321	1440	325453425.6	1459977984	0.222916666666667	kruskal_wallis	0.598996214851106	0.991701292638876	ns	0.0195343932882983	0.0318276932061616
MDM_A_190626_PET100	PET	raw	superclass	Fatty amides	Ceramides | Fatty acyl carnitines | Fatty acyl homoserine lactones | N-acyl amines | N-acyl ethanolamines (endocannabinoids) | Nitro fatty acids | Open-chain polyketides | Primary amides | Sphingoid bases	pathway	Fatty acids	Fatty acids	Fatty amides	Ceramides | Fatty acyl carnitines | Fatty acyl homoserine lactones | N-acyl amines | N-acyl ethanolamines (endocannabinoids) | Nitro fatty acids | Open-chain polyketides | Primary amides | Sphingoid bases	NPC superclass: Fatty amides / NPC pathway: Fatty acids	Fatty amides	321	1440	10003705908.9	38894935316.3	0.25719816288543	kruskal_wallis	0.598996214851106	0.991701292638876	ns	0.0195343932882983	0.0318276932061616
MDM_A_190626_PS05	PS	raw	superclass	Fatty amides	Ceramides | Fatty acyl carnitines | Fatty acyl homoserine lactones | N-acyl amines | N-acyl ethanolamines (endocannabinoids) | Nitro fatty acids | Open-chain polyketides | Primary amides | Sphingoid bases	pathway	Fatty acids	Fatty acids	Fatty amides	Ceramides | Fatty acyl carnitines | Fatty acyl homoserine lactones | N-acyl amines | N-acyl ethanolamines (endocannabinoids) | Nitro fatty acids | Open-chain polyketides | Primary amides | Sphingoid bases	NPC superclass: Fatty amides / NPC pathway: Fatty acids	Fatty amides	321	1440	6580963431.8	28257831826.4	0.232889893047339	kruskal_wallis	0.598996214851106	0.991701292638876	ns	0.0195343932882983	0.0318276932061616
MDM_A_190626_PS100	PS	raw	superclass	Fatty amides	Ceramides | Fatty acyl carnitines | Fatty acyl homoserine lactones | N-acyl amines | N-acyl ethanolamines (endocannabinoids) | Nitro fatty acids | Open-chain polyketides | Primary amides | Sphingoid bases	pathway	Fatty acids	Fatty acids	Fatty amides	Ceramides | Fatty acyl carnitines | Fatty acyl homoserine lactones | N-acyl amines | N-acyl ethanolamines (endocannabinoids) | Nitro fatty acids | Open-chain polyketides | Primary amides | Sphingoid bases	NPC superclass: Fatty amides / NPC pathway: Fatty acids	Fatty amides	321	1440	5039819421.5	25448591356.4	0.198039229398548	kruskal_wallis	0.598996214851106	0.991701292638876	ns	0.0195343932882983	0.0318276932061616
MDM_A_190626_untreated	Untreated	raw	superclass	Fatty amides	Ceramides | Fatty acyl carnitines | Fatty acyl homoserine lactones | N-acyl amines | N-acyl ethanolamines (endocannabinoids) | Nitro fatty acids | Open-chain polyketides | Primary amides | Sphingoid bases	pathway	Fatty acids	Fatty acids	Fatty amides	Ceramides | Fatty acyl carnitines | Fatty acyl homoserine lactones | N-acyl amines | N-acyl ethanolamines (endocannabinoids) | Nitro fatty acids | Open-chain polyketides | Primary amides | Sphingoid bases	NPC superclass: Fatty amides / NPC pathway: Fatty acids	Fatty amides	321	1440	5211242715.8	26876593288.9	0.193895210593979	kruskal_wallis	0.598996214851106	0.991701292638876	ns	0.0195343932882983	0.0318276932061616
MDM_B_120626_PS05	PS	raw	superclass	Fatty amides	Ceramides | Fatty acyl carnitines | Fatty acyl homoserine lactones | N-acyl amines | N-acyl ethanolamines (endocannabinoids) | Nitro fatty acids | Open-chain polyketides | Primary amides | Sphingoid bases	pathway	Fatty acids	Fatty acids	Fatty amides	Ceramides | Fatty acyl carnitines | Fatty acyl homoserine lactones | N-acyl amines | N-acyl ethanolamines (endocannabinoids) | Nitro fatty acids | Open-chain polyketides | Primary amides | Sphingoid bases	NPC superclass: Fatty amides / NPC pathway: Fatty acids	Fatty amides	321	1440	6741635895.6	26269246863.4	0.256636055485583	kruskal_wallis	0.598996214851106	0.991701292638876	ns	0.0195343932882983	0.0318276932061616
MDM_B_190626_PET05	PET	raw	superclass	Fatty amides	Ceramides | Fatty acyl carnitines | Fatty acyl homoserine lactones | N-acyl amines | N-acyl ethanolamines (endocannabinoids) | Nitro fatty acids | Open-chain polyketides | Primary amides | Sphingoid bases	pathway	Fatty acids	Fatty acids	Fatty amides	Ceramides | Fatty acyl carnitines | Fatty acyl homoserine lactones | N-acyl amines | N-acyl ethanolamines (endocannabinoids) | Nitro fatty acids | Open-chain polyketides | Primary amides | Sphingoid bases	NPC superclass: Fatty amides / NPC pathway: Fatty acids	Fatty amides	321	1440	7181669196.9	26270617827.66	0.273372679851424	kruskal_wallis	0.598996214851106	0.991701292638876	ns	0.0195343932882983	0.0318276932061616
MDM_B_190626_PET100	PET	raw	superclass	Fatty amides	Ceramides | Fatty acyl carnitines | Fatty acyl homoserine lactones | N-acyl amines | N-acyl ethanolamines (endocannabinoids) | Nitro fatty acids | Open-chain polyketides | Primary amides | Sphingoid bases	pathway	Fatty acids	Fatty acids	Fatty amides	Ceramides | Fatty acyl carnitines | Fatty acyl homoserine lactones | N-acyl amines | N-acyl ethanolamines (endocannabinoids) | Nitro fatty acids | Open-chain polyketides | Primary amides | Sphingoid bases	NPC superclass: Fatty amides / NPC pathway: Fatty acids	Fatty amides	321	1440	7236428808.6	29419865311.6	0.245970834059078	kruskal_wallis	0.598996214851106	0.991701292638876	ns	0.0195343932882983	0.0318276932061616
MDM_B_190626_PS100	PS	raw	superclass	Fatty amides	Ceramides | Fatty acyl carnitines | Fatty acyl homoserine lactones | N-acyl amines | N-acyl ethanolamines (endocannabinoids) | Nitro fatty acids | Open-chain polyketides | Primary amides | Sphingoid bases	pathway	Fatty acids	Fatty acids	Fatty amides	Ceramides | Fatty acyl carnitines | Fatty acyl homoserine lactones | N-acyl amines | N-acyl ethanolamines (endocannabinoids) | Nitro fatty acids | Open-chain polyketides | Primary amides | Sphingoid bases	NPC superclass: Fatty amides / NPC pathway: Fatty acids	Fatty amides	321	1440	7641325479.8	31808703086.2	0.240227508147452	kruskal_wallis	0.598996214851106	0.991701292638876	ns	0.0195343932882983	0.0318276932061616
MDM_B_190626_untreated	Untreated	raw	superclass	Fatty amides	Ceramides | Fatty acyl carnitines | Fatty acyl homoserine lactones | N-acyl amines | N-acyl ethanolamines (endocannabinoids) | Nitro fatty acids | Open-chain polyketides | Primary amides | Sphingoid bases	pathway	Fatty acids	Fatty acids	Fatty amides	Ceramides | Fatty acyl carnitines | Fatty acyl homoserine lactones | N-acyl amines | N-acyl ethanolamines (endocannabinoids) | Nitro fatty acids | Open-chain polyketides | Primary amides | Sphingoid bases	NPC superclass: Fatty amides / NPC pathway: Fatty acids	Fatty amides	321	1440	6838206318.5	23550848395.1	0.290359234783353	kruskal_wallis	0.598996214851106	0.991701292638876	ns	0.0195343932882983	0.0318276932061616
MDM_160526_PET05	PET	raw	superclass	Fatty esters	Ceramides | Cholane steroids | Diacylglycerols | Fatty acid estolides | Fatty acyl carnitines | Lactones | N-acyl amines | Wax monoesters	pathway	Fatty acids	Fatty acids	Fatty esters	Ceramides | Cholane steroids | Diacylglycerols | Fatty acid estolides | Fatty acyl carnitines | Lactones | N-acyl amines | Wax monoesters	NPC superclass: Fatty esters / NPC pathway: Fatty acids	Fatty esters	87	1440	205826211.9	22473036077.3	0.00915880752347054	kruskal_wallis	0.927743486328554	0.991701292638876	ns	0.00521391809026318	0.00683148429889114
MDM_160526_PET100	PET	raw	superclass	Fatty esters	Ceramides | Cholane steroids | Diacylglycerols | Fatty acid estolides | Fatty acyl carnitines | Lactones | N-acyl amines | Wax monoesters	pathway	Fatty acids	Fatty acids	Fatty esters	Ceramides | Cholane steroids | Diacylglycerols | Fatty acid estolides | Fatty acyl carnitines | Lactones | N-acyl amines | Wax monoesters	NPC superclass: Fatty esters / NPC pathway: Fatty acids	Fatty esters	87	1440	293938241.6	28244838693.3	0.0104067948410598	kruskal_wallis	0.927743486328554	0.991701292638876	ns	0.00521391809026318	0.00683148429889114
MDM_160526_PS05	PS	raw	superclass	Fatty esters	Ceramides | Cholane steroids | Diacylglycerols | Fatty acid estolides | Fatty acyl carnitines | Lactones | N-acyl amines | Wax monoesters	pathway	Fatty acids	Fatty acids	Fatty esters	Ceramides | Cholane steroids | Diacylglycerols | Fatty acid estolides | Fatty acyl carnitines | Lactones | N-acyl amines | Wax monoesters	NPC superclass: Fatty esters / NPC pathway: Fatty acids	Fatty esters	87	1440	181157943.7	20456769507.4	0.00885564769327181	kruskal_wallis	0.927743486328554	0.991701292638876	ns	0.00521391809026318	0.00683148429889114
MDM_160526_PS100	PS	raw	superclass	Fatty esters	Ceramides | Cholane steroids | Diacylglycerols | Fatty acid estolides | Fatty acyl carnitines | Lactones | N-acyl amines | Wax monoesters	pathway	Fatty acids	Fatty acids	Fatty esters	Ceramides | Cholane steroids | Diacylglycerols | Fatty acid estolides | Fatty acyl carnitines | Lactones | N-acyl amines | Wax monoesters	NPC superclass: Fatty esters / NPC pathway: Fatty acids	Fatty esters	87	1440	710943056.9	30211472297.4	0.0235322214654591	kruskal_wallis	0.927743486328554	0.991701292638876	ns	0.00521391809026318	0.00683148429889114
MDM_160526_untreated	Untreated	raw	superclass	Fatty esters	Ceramides | Cholane steroids | Diacylglycerols | Fatty acid estolides | Fatty acyl carnitines | Lactones | N-acyl amines | Wax monoesters	pathway	Fatty acids	Fatty acids	Fatty esters	Ceramides | Cholane steroids | Diacylglycerols | Fatty acid estolides | Fatty acyl carnitines | Lactones | N-acyl amines | Wax monoesters	NPC superclass: Fatty esters / NPC pathway: Fatty acids	Fatty esters	87	1440	231393071.7	26519025548.7	0.00872554955969501	kruskal_wallis	0.927743486328554	0.991701292638876	ns	0.00521391809026318	0.00683148429889114
MDM_A_190626_PET05	PET	raw	superclass	Fatty esters	Ceramides | Cholane steroids | Diacylglycerols | Fatty acid estolides | Fatty acyl carnitines | Lactones | N-acyl amines | Wax monoesters	pathway	Fatty acids	Fatty acids	Fatty esters	Ceramides | Cholane steroids | Diacylglycerols | Fatty acid estolides | Fatty acyl carnitines | Lactones | N-acyl amines | Wax monoesters	NPC superclass: Fatty esters / NPC pathway: Fatty acids	Fatty esters	87	1440	88207003.2	1459977984	0.0604166666666667	kruskal_wallis	0.927743486328554	0.991701292638876	ns	0.00521391809026318	0.00683148429889114
MDM_A_190626_PET100	PET	raw	superclass	Fatty esters	Ceramides | Cholane steroids | Diacylglycerols | Fatty acid estolides | Fatty acyl carnitines | Lactones | N-acyl amines | Wax monoesters	pathway	Fatty acids	Fatty acids	Fatty esters	Ceramides | Cholane steroids | Diacylglycerols | Fatty acid estolides | Fatty acyl carnitines | Lactones | N-acyl amines | Wax monoesters	NPC superclass: Fatty esters / NPC pathway: Fatty acids	Fatty esters	87	1440	1128256920.4	38894935316.3	0.0290078106885853	kruskal_wallis	0.927743486328554	0.991701292638876	ns	0.00521391809026318	0.00683148429889114
MDM_A_190626_PS05	PS	raw	superclass	Fatty esters	Ceramides | Cholane steroids | Diacylglycerols | Fatty acid estolides | Fatty acyl carnitines | Lactones | N-acyl amines | Wax monoesters	pathway	Fatty acids	Fatty acids	Fatty esters	Ceramides | Cholane steroids | Diacylglycerols | Fatty acid estolides | Fatty acyl carnitines | Lactones | N-acyl amines | Wax monoesters	NPC superclass: Fatty esters / NPC pathway: Fatty acids	Fatty esters	87	1440	897971007.8	28257831826.4	0.0317777745057236	kruskal_wallis	0.927743486328554	0.991701292638876	ns	0.00521391809026318	0.00683148429889114
MDM_A_190626_PS100	PS	raw	superclass	Fatty esters	Ceramides | Cholane steroids | Diacylglycerols | Fatty acid estolides | Fatty acyl carnitines | Lactones | N-acyl amines | Wax monoesters	pathway	Fatty acids	Fatty acids	Fatty esters	Ceramides | Cholane steroids | Diacylglycerols | Fatty acid estolides | Fatty acyl carnitines | Lactones | N-acyl amines | Wax monoesters	NPC superclass: Fatty esters / NPC pathway: Fatty acids	Fatty esters	87	1440	981808722.3	25448591356.4	0.0385800812528308	kruskal_wallis	0.927743486328554	0.991701292638876	ns	0.00521391809026318	0.00683148429889114
MDM_A_190626_untreated	Untreated	raw	superclass	Fatty esters	Ceramides | Cholane steroids | Diacylglycerols | Fatty acid estolides | Fatty acyl carnitines | Lactones | N-acyl amines | Wax monoesters	pathway	Fatty acids	Fatty acids	Fatty esters	Ceramides | Cholane steroids | Diacylglycerols | Fatty acid estolides | Fatty acyl carnitines | Lactones | N-acyl amines | Wax monoesters	NPC superclass: Fatty esters / NPC pathway: Fatty acids	Fatty esters	87	1440	889748440.4	26876593288.9	0.033104956079663	kruskal_wallis	0.927743486328554	0.991701292638876	ns	0.00521391809026318	0.00683148429889114
MDM_B_120626_PS05	PS	raw	superclass	Fatty esters	Ceramides | Cholane steroids | Diacylglycerols | Fatty acid estolides | Fatty acyl carnitines | Lactones | N-acyl amines | Wax monoesters	pathway	Fatty acids	Fatty acids	Fatty esters	Ceramides | Cholane steroids | Diacylglycerols | Fatty acid estolides | Fatty acyl carnitines | Lactones | N-acyl amines | Wax monoesters	NPC superclass: Fatty esters / NPC pathway: Fatty acids	Fatty esters	87	1440	851414472.2	26269246863.4	0.0324110727889289	kruskal_wallis	0.927743486328554	0.991701292638876	ns	0.00521391809026318	0.00683148429889114
MDM_B_190626_PET05	PET	raw	superclass	Fatty esters	Ceramides | Cholane steroids | Diacylglycerols | Fatty acid estolides | Fatty acyl carnitines | Lactones | N-acyl amines | Wax monoesters	pathway	Fatty acids	Fatty acids	Fatty esters	Ceramides | Cholane steroids | Diacylglycerols | Fatty acid estolides | Fatty acyl carnitines | Lactones | N-acyl amines | Wax monoesters	NPC superclass: Fatty esters / NPC pathway: Fatty acids	Fatty esters	87	1440	618387563.7	26270617827.66	0.0235391328729585	kruskal_wallis	0.927743486328554	0.991701292638876	ns	0.00521391809026318	0.00683148429889114
MDM_B_190626_PET100	PET	raw	superclass	Fatty esters	Ceramides | Cholane steroids | Diacylglycerols | Fatty acid estolides | Fatty acyl carnitines | Lactones | N-acyl amines | Wax monoesters	pathway	Fatty acids	Fatty acids	Fatty esters	Ceramides | Cholane steroids | Diacylglycerols | Fatty acid estolides | Fatty acyl carnitines | Lactones | N-acyl amines | Wax monoesters	NPC superclass: Fatty esters / NPC pathway: Fatty acids	Fatty esters	87	1440	1716858032.6	29419865311.6	0.0583571003611311	kruskal_wallis	0.927743486328554	0.991701292638876	ns	0.00521391809026318	0.00683148429889114
MDM_B_190626_PS100	PS	raw	superclass	Fatty esters	Ceramides | Cholane steroids | Diacylglycerols | Fatty acid estolides | Fatty acyl carnitines | Lactones | N-acyl amines | Wax monoesters	pathway	Fatty acids	Fatty acids	Fatty esters	Ceramides | Cholane steroids | Diacylglycerols | Fatty acid estolides | Fatty acyl carnitines | Lactones | N-acyl amines | Wax monoesters	NPC superclass: Fatty esters / NPC pathway: Fatty acids	Fatty esters	87	1440	1971708599.7	31808703086.2	0.0619864505118856	kruskal_wallis	0.927743486328554	0.991701292638876	ns	0.00521391809026318	0.00683148429889114
MDM_B_190626_untreated	Untreated	raw	superclass	Fatty esters	Ceramides | Cholane steroids | Diacylglycerols | Fatty acid estolides | Fatty acyl carnitines | Lactones | N-acyl amines | Wax monoesters	pathway	Fatty acids	Fatty acids	Fatty esters	Ceramides | Cholane steroids | Diacylglycerols | Fatty acid estolides | Fatty acyl carnitines | Lactones | N-acyl amines | Wax monoesters	NPC superclass: Fatty esters / NPC pathway: Fatty acids	Fatty esters	87	1440	1630999995.4	23550848395.1	0.0692544051083674	kruskal_wallis	0.927743486328554	0.991701292638876	ns	0.00521391809026318	0.00683148429889114
MDM_160526_PET05	PET	raw	superclass	Glycerolipids	Diacylglycerols | Fatty alcohols | Glycerophosphoserines | Monoacylglycerols | Triacylglycerols | Wax monoesters	pathway	Fatty acids	Fatty acids	Glycerolipids	Diacylglycerols | Fatty alcohols | Glycerophosphoserines | Monoacylglycerols | Triacylglycerols | Wax monoesters	NPC superclass: Glycerolipids / NPC pathway: Fatty acids	Glycerolipids	91	1440	397201030.3	22473036077.3	0.0176745602567342	kruskal_wallis	0.785317906563425	0.991701292638876	ns	0.00787354581359604	0.00257119294938522
MDM_160526_PET100	PET	raw	superclass	Glycerolipids	Diacylglycerols | Fatty alcohols | Glycerophosphoserines | Monoacylglycerols | Triacylglycerols | Wax monoesters	pathway	Fatty acids	Fatty acids	Glycerolipids	Diacylglycerols | Fatty alcohols | Glycerophosphoserines | Monoacylglycerols | Triacylglycerols | Wax monoesters	NPC superclass: Glycerolipids / NPC pathway: Fatty acids	Glycerolipids	91	1440	470559046.2	28244838693.3	0.0166600011885223	kruskal_wallis	0.785317906563425	0.991701292638876	ns	0.00787354581359604	0.00257119294938522
MDM_160526_PS05	PS	raw	superclass	Glycerolipids	Diacylglycerols | Fatty alcohols | Glycerophosphoserines | Monoacylglycerols | Triacylglycerols | Wax monoesters	pathway	Fatty acids	Fatty acids	Glycerolipids	Diacylglycerols | Fatty alcohols | Glycerophosphoserines | Monoacylglycerols | Triacylglycerols | Wax monoesters	NPC superclass: Glycerolipids / NPC pathway: Fatty acids	Glycerolipids	91	1440	401158679.9	20456769507.4	0.0196100698966611	kruskal_wallis	0.785317906563425	0.991701292638876	ns	0.00787354581359604	0.00257119294938522
MDM_160526_PS100	PS	raw	superclass	Glycerolipids	Diacylglycerols | Fatty alcohols | Glycerophosphoserines | Monoacylglycerols | Triacylglycerols | Wax monoesters	pathway	Fatty acids	Fatty acids	Glycerolipids	Diacylglycerols | Fatty alcohols | Glycerophosphoserines | Monoacylglycerols | Triacylglycerols | Wax monoesters	NPC superclass: Glycerolipids / NPC pathway: Fatty acids	Glycerolipids	91	1440	476614486.4	30211472297.4	0.0157759437113238	kruskal_wallis	0.785317906563425	0.991701292638876	ns	0.00787354581359604	0.00257119294938522
MDM_160526_untreated	Untreated	raw	superclass	Glycerolipids	Diacylglycerols | Fatty alcohols | Glycerophosphoserines | Monoacylglycerols | Triacylglycerols | Wax monoesters	pathway	Fatty acids	Fatty acids	Glycerolipids	Diacylglycerols | Fatty alcohols | Glycerophosphoserines | Monoacylglycerols | Triacylglycerols | Wax monoesters	NPC superclass: Glycerolipids / NPC pathway: Fatty acids	Glycerolipids	91	1440	406644884.6	26519025548.7	0.0153340809545671	kruskal_wallis	0.785317906563425	0.991701292638876	ns	0.00787354581359604	0.00257119294938522
MDM_A_190626_PET05	PET	raw	superclass	Glycerolipids	Diacylglycerols | Fatty alcohols | Glycerophosphoserines | Monoacylglycerols | Triacylglycerols | Wax monoesters	pathway	Fatty acids	Fatty acids	Glycerolipids	Diacylglycerols | Fatty alcohols | Glycerophosphoserines | Monoacylglycerols | Triacylglycerols | Wax monoesters	NPC superclass: Glycerolipids / NPC pathway: Fatty acids	Glycerolipids	91	1440	92262497.6	1459977984	0.0631944444444444	kruskal_wallis	0.785317906563425	0.991701292638876	ns	0.00787354581359604	0.00257119294938522
MDM_A_190626_PET100	PET	raw	superclass	Glycerolipids	Diacylglycerols | Fatty alcohols | Glycerophosphoserines | Monoacylglycerols | Triacylglycerols | Wax monoesters	pathway	Fatty acids	Fatty acids	Glycerolipids	Diacylglycerols | Fatty alcohols | Glycerophosphoserines | Monoacylglycerols | Triacylglycerols | Wax monoesters	NPC superclass: Glycerolipids / NPC pathway: Fatty acids	Glycerolipids	91	1440	705398062.7	38894935316.3	0.0181359875511705	kruskal_wallis	0.785317906563425	0.991701292638876	ns	0.00787354581359604	0.00257119294938522
MDM_A_190626_PS05	PS	raw	superclass	Glycerolipids	Diacylglycerols | Fatty alcohols | Glycerophosphoserines | Monoacylglycerols | Triacylglycerols | Wax monoesters	pathway	Fatty acids	Fatty acids	Glycerolipids	Diacylglycerols | Fatty alcohols | Glycerophosphoserines | Monoacylglycerols | Triacylglycerols | Wax monoesters	NPC superclass: Glycerolipids / NPC pathway: Fatty acids	Glycerolipids	91	1440	591474337.9	28257831826.4	0.0209313418500641	kruskal_wallis	0.785317906563425	0.991701292638876	ns	0.00787354581359604	0.00257119294938522
MDM_A_190626_PS100	PS	raw	superclass	Glycerolipids	Diacylglycerols | Fatty alcohols | Glycerophosphoserines | Monoacylglycerols | Triacylglycerols | Wax monoesters	pathway	Fatty acids	Fatty acids	Glycerolipids	Diacylglycerols | Fatty alcohols | Glycerophosphoserines | Monoacylglycerols | Triacylglycerols | Wax monoesters	NPC superclass: Glycerolipids / NPC pathway: Fatty acids	Glycerolipids	91	1440	356743275.6	25448591356.4	0.0140181934081897	kruskal_wallis	0.785317906563425	0.991701292638876	ns	0.00787354581359604	0.00257119294938522
MDM_A_190626_untreated	Untreated	raw	superclass	Glycerolipids	Diacylglycerols | Fatty alcohols | Glycerophosphoserines | Monoacylglycerols | Triacylglycerols | Wax monoesters	pathway	Fatty acids	Fatty acids	Glycerolipids	Diacylglycerols | Fatty alcohols | Glycerophosphoserines | Monoacylglycerols | Triacylglycerols | Wax monoesters	NPC superclass: Glycerolipids / NPC pathway: Fatty acids	Glycerolipids	91	1440	361143053.1	26876593288.9	0.0134370844257688	kruskal_wallis	0.785317906563425	0.991701292638876	ns	0.00787354581359604	0.00257119294938522
MDM_B_120626_PS05	PS	raw	superclass	Glycerolipids	Diacylglycerols | Fatty alcohols | Glycerophosphoserines | Monoacylglycerols | Triacylglycerols | Wax monoesters	pathway	Fatty acids	Fatty acids	Glycerolipids	Diacylglycerols | Fatty alcohols | Glycerophosphoserines | Monoacylglycerols | Triacylglycerols | Wax monoesters	NPC superclass: Glycerolipids / NPC pathway: Fatty acids	Glycerolipids	91	1440	450057578.5	26269246863.4	0.0171324888315336	kruskal_wallis	0.785317906563425	0.991701292638876	ns	0.00787354581359604	0.00257119294938522
MDM_B_190626_PET05	PET	raw	superclass	Glycerolipids	Diacylglycerols | Fatty alcohols | Glycerophosphoserines | Monoacylglycerols | Triacylglycerols | Wax monoesters	pathway	Fatty acids	Fatty acids	Glycerolipids	Diacylglycerols | Fatty alcohols | Glycerophosphoserines | Monoacylglycerols | Triacylglycerols | Wax monoesters	NPC superclass: Glycerolipids / NPC pathway: Fatty acids	Glycerolipids	91	1440	297513951.4	26270617827.66	0.0113249697190887	kruskal_wallis	0.785317906563425	0.991701292638876	ns	0.00787354581359604	0.00257119294938522
MDM_B_190626_PET100	PET	raw	superclass	Glycerolipids	Diacylglycerols | Fatty alcohols | Glycerophosphoserines | Monoacylglycerols | Triacylglycerols | Wax monoesters	pathway	Fatty acids	Fatty acids	Glycerolipids	Diacylglycerols | Fatty alcohols | Glycerophosphoserines | Monoacylglycerols | Triacylglycerols | Wax monoesters	NPC superclass: Glycerolipids / NPC pathway: Fatty acids	Glycerolipids	91	1440	612046069.1	29419865311.6	0.0208038365443731	kruskal_wallis	0.785317906563425	0.991701292638876	ns	0.00787354581359604	0.00257119294938522
MDM_B_190626_PS100	PS	raw	superclass	Glycerolipids	Diacylglycerols | Fatty alcohols | Glycerophosphoserines | Monoacylglycerols | Triacylglycerols | Wax monoesters	pathway	Fatty acids	Fatty acids	Glycerolipids	Diacylglycerols | Fatty alcohols | Glycerophosphoserines | Monoacylglycerols | Triacylglycerols | Wax monoesters	NPC superclass: Glycerolipids / NPC pathway: Fatty acids	Glycerolipids	91	1440	558647956.3	31808703086.2	0.0175627391907835	kruskal_wallis	0.785317906563425	0.991701292638876	ns	0.00787354581359604	0.00257119294938522
MDM_B_190626_untreated	Untreated	raw	superclass	Glycerolipids	Diacylglycerols | Fatty alcohols | Glycerophosphoserines | Monoacylglycerols | Triacylglycerols | Wax monoesters	pathway	Fatty acids	Fatty acids	Glycerolipids	Diacylglycerols | Fatty alcohols | Glycerophosphoserines | Monoacylglycerols | Triacylglycerols | Wax monoesters	NPC superclass: Glycerolipids / NPC pathway: Fatty acids	Glycerolipids	91	1440	506463279.9	23550848395.1	0.0215050970310426	kruskal_wallis	0.785317906563425	0.991701292638876	ns	0.00787354581359604	0.00257119294938522
MDM_160526_PET05	PET	raw	superclass	Glycerophospholipids	Glycerophosphates | Glycerophosphocholines | Glycerophosphoethanolamines | Glycerophosphoinositols | Glycerophosphoserines	pathway	Fatty acids	Fatty acids	Glycerophospholipids	Glycerophosphates | Glycerophosphocholines | Glycerophosphoethanolamines | Glycerophosphoinositols | Glycerophosphoserines	NPC superclass: Glycerophospholipids / NPC pathway: Fatty acids	Glycerophospholipids	192	1440	1958103281.7	22473036077.3	0.0871312302870318	kruskal_wallis	0.927743486328554	0.991701292638876	ns	0.00634001512158076	0.0199767144064216
MDM_160526_PET100	PET	raw	superclass	Glycerophospholipids	Glycerophosphates | Glycerophosphocholines | Glycerophosphoethanolamines | Glycerophosphoinositols | Glycerophosphoserines	pathway	Fatty acids	Fatty acids	Glycerophospholipids	Glycerophosphates | Glycerophosphocholines | Glycerophosphoethanolamines | Glycerophosphoinositols | Glycerophosphoserines	NPC superclass: Glycerophospholipids / NPC pathway: Fatty acids	Glycerophospholipids	192	1440	4093895680.2	28244838693.3	0.1449431425208	kruskal_wallis	0.927743486328554	0.991701292638876	ns	0.00634001512158076	0.0199767144064216
MDM_160526_PS05	PS	raw	superclass	Glycerophospholipids	Glycerophosphates | Glycerophosphocholines | Glycerophosphoethanolamines | Glycerophosphoinositols | Glycerophosphoserines	pathway	Fatty acids	Fatty acids	Glycerophospholipids	Glycerophosphates | Glycerophosphocholines | Glycerophosphoethanolamines | Glycerophosphoinositols | Glycerophosphoserines	NPC superclass: Glycerophospholipids / NPC pathway: Fatty acids	Glycerophospholipids	192	1440	1449324020.2	20456769507.4	0.0708481375652067	kruskal_wallis	0.927743486328554	0.991701292638876	ns	0.00634001512158076	0.0199767144064216
MDM_160526_PS100	PS	raw	superclass	Glycerophospholipids	Glycerophosphates | Glycerophosphocholines | Glycerophosphoethanolamines | Glycerophosphoinositols | Glycerophosphoserines	pathway	Fatty acids	Fatty acids	Glycerophospholipids	Glycerophosphates | Glycerophosphocholines | Glycerophosphoethanolamines | Glycerophosphoinositols | Glycerophosphoserines	NPC superclass: Glycerophospholipids / NPC pathway: Fatty acids	Glycerophospholipids	192	1440	1718840045.9	30211472297.4	0.0568936207073868	kruskal_wallis	0.927743486328554	0.991701292638876	ns	0.00634001512158076	0.0199767144064216
MDM_160526_untreated	Untreated	raw	superclass	Glycerophospholipids	Glycerophosphates | Glycerophosphocholines | Glycerophosphoethanolamines | Glycerophosphoinositols | Glycerophosphoserines	pathway	Fatty acids	Fatty acids	Glycerophospholipids	Glycerophosphates | Glycerophosphocholines | Glycerophosphoethanolamines | Glycerophosphoinositols | Glycerophosphoserines	NPC superclass: Glycerophospholipids / NPC pathway: Fatty acids	Glycerophospholipids	192	1440	1673051529.5	26519025548.7	0.0630887257311766	kruskal_wallis	0.927743486328554	0.991701292638876	ns	0.00634001512158076	0.0199767144064216
MDM_A_190626_PET05	PET	raw	superclass	Glycerophospholipids	Glycerophosphates | Glycerophosphocholines | Glycerophosphoethanolamines | Glycerophosphoinositols | Glycerophosphoserines	pathway	Fatty acids	Fatty acids	Glycerophospholipids	Glycerophosphates | Glycerophosphocholines | Glycerophosphoethanolamines | Glycerophosphoinositols | Glycerophosphoserines	NPC superclass: Glycerophospholipids / NPC pathway: Fatty acids	Glycerophospholipids	192	1440	194663731.2	1459977984	0.133333333333333	kruskal_wallis	0.927743486328554	0.991701292638876	ns	0.00634001512158076	0.0199767144064216
MDM_A_190626_PET100	PET	raw	superclass	Glycerophospholipids	Glycerophosphates | Glycerophosphocholines | Glycerophosphoethanolamines | Glycerophosphoinositols | Glycerophosphoserines	pathway	Fatty acids	Fatty acids	Glycerophospholipids	Glycerophosphates | Glycerophosphocholines | Glycerophosphoethanolamines | Glycerophosphoinositols | Glycerophosphoserines	NPC superclass: Glycerophospholipids / NPC pathway: Fatty acids	Glycerophospholipids	192	1440	3072686276.3	38894935316.3	0.0789996499881645	kruskal_wallis	0.927743486328554	0.991701292638876	ns	0.00634001512158076	0.0199767144064216
MDM_A_190626_PS05	PS	raw	superclass	Glycerophospholipids	Glycerophosphates | Glycerophosphocholines | Glycerophosphoethanolamines | Glycerophosphoinositols | Glycerophosphoserines	pathway	Fatty acids	Fatty acids	Glycerophospholipids	Glycerophosphates | Glycerophosphocholines | Glycerophosphoethanolamines | Glycerophosphoinositols | Glycerophosphoserines	NPC superclass: Glycerophospholipids / NPC pathway: Fatty acids	Glycerophospholipids	192	1440	2686107456.7	28257831826.4	0.0950570968502436	kruskal_wallis	0.927743486328554	0.991701292638876	ns	0.00634001512158076	0.0199767144064216
MDM_A_190626_PS100	PS	raw	superclass	Glycerophospholipids	Glycerophosphates | Glycerophosphocholines | Glycerophosphoethanolamines | Glycerophosphoinositols | Glycerophosphoserines	pathway	Fatty acids	Fatty acids	Glycerophospholipids	Glycerophosphates | Glycerophosphocholines | Glycerophosphoethanolamines | Glycerophosphoinositols | Glycerophosphoserines	NPC superclass: Glycerophospholipids / NPC pathway: Fatty acids	Glycerophospholipids	192	1440	4752328482.5	25448591356.4	0.186742300033233	kruskal_wallis	0.927743486328554	0.991701292638876	ns	0.00634001512158076	0.0199767144064216
MDM_A_190626_untreated	Untreated	raw	superclass	Glycerophospholipids	Glycerophosphates | Glycerophosphocholines | Glycerophosphoethanolamines | Glycerophosphoinositols | Glycerophosphoserines	pathway	Fatty acids	Fatty acids	Glycerophospholipids	Glycerophosphates | Glycerophosphocholines | Glycerophosphoethanolamines | Glycerophosphoinositols | Glycerophosphoserines	NPC superclass: Glycerophospholipids / NPC pathway: Fatty acids	Glycerophospholipids	192	1440	4197164676.5	26876593288.9	0.15616431113066	kruskal_wallis	0.927743486328554	0.991701292638876	ns	0.00634001512158076	0.0199767144064216
MDM_B_120626_PS05	PS	raw	superclass	Glycerophospholipids	Glycerophosphates | Glycerophosphocholines | Glycerophosphoethanolamines | Glycerophosphoinositols | Glycerophosphoserines	pathway	Fatty acids	Fatty acids	Glycerophospholipids	Glycerophosphates | Glycerophosphocholines | Glycerophosphoethanolamines | Glycerophosphoinositols | Glycerophosphoserines	NPC superclass: Glycerophospholipids / NPC pathway: Fatty acids	Glycerophospholipids	192	1440	962642066.3	26269246863.4	0.0366452099409525	kruskal_wallis	0.927743486328554	0.991701292638876	ns	0.00634001512158076	0.0199767144064216
MDM_B_190626_PET05	PET	raw	superclass	Glycerophospholipids	Glycerophosphates | Glycerophosphocholines | Glycerophosphoethanolamines | Glycerophosphoinositols | Glycerophosphoserines	pathway	Fatty acids	Fatty acids	Glycerophospholipids	Glycerophosphates | Glycerophosphocholines | Glycerophosphoethanolamines | Glycerophosphoinositols | Glycerophosphoserines	NPC superclass: Glycerophospholipids / NPC pathway: Fatty acids	Glycerophospholipids	192	1440	1049752040	26270617827.66	0.0399591683334805	kruskal_wallis	0.927743486328554	0.991701292638876	ns	0.00634001512158076	0.0199767144064216
MDM_B_190626_PET100	PET	raw	superclass	Glycerophospholipids	Glycerophosphates | Glycerophosphocholines | Glycerophosphoethanolamines | Glycerophosphoinositols | Glycerophosphoserines	pathway	Fatty acids	Fatty acids	Glycerophospholipids	Glycerophosphates | Glycerophosphocholines | Glycerophosphoethanolamines | Glycerophosphoinositols | Glycerophosphoserines	NPC superclass: Glycerophospholipids / NPC pathway: Fatty acids	Glycerophospholipids	192	1440	2284277421.9	29419865311.6	0.0776440475748653	kruskal_wallis	0.927743486328554	0.991701292638876	ns	0.00634001512158076	0.0199767144064216
MDM_B_190626_PS100	PS	raw	superclass	Glycerophospholipids	Glycerophosphates | Glycerophosphocholines | Glycerophosphoethanolamines | Glycerophosphoinositols | Glycerophosphoserines	pathway	Fatty acids	Fatty acids	Glycerophospholipids	Glycerophosphates | Glycerophosphocholines | Glycerophosphoethanolamines | Glycerophosphoinositols | Glycerophosphoserines	NPC superclass: Glycerophospholipids / NPC pathway: Fatty acids	Glycerophospholipids	192	1440	3135264561.9	31808703086.2	0.0985662494130487	kruskal_wallis	0.927743486328554	0.991701292638876	ns	0.00634001512158076	0.0199767144064216
MDM_B_190626_untreated	Untreated	raw	superclass	Glycerophospholipids	Glycerophosphates | Glycerophosphocholines | Glycerophosphoethanolamines | Glycerophosphoinositols | Glycerophosphoserines	pathway	Fatty acids	Fatty acids	Glycerophospholipids	Glycerophosphates | Glycerophosphocholines | Glycerophosphoethanolamines | Glycerophosphoinositols | Glycerophosphoserines	NPC superclass: Glycerophospholipids / NPC pathway: Fatty acids	Glycerophospholipids	192	1440	1006379653.1	23550848395.1	0.0427322037922586	kruskal_wallis	0.927743486328554	0.991701292638876	ns	0.00634001512158076	0.0199767144064216
MDM_160526_PET05	PET	raw	superclass	Histidine alkaloids	Imidazole alkaloids	pathway	Alkaloids	Alkaloids	Histidine alkaloids	Imidazole alkaloids	NPC superclass: Histidine alkaloids / NPC pathway: Alkaloids	Histidine alkaloids	1	93	1013873.6	550808546.9	0.00184070055867174	kruskal_wallis	0.756413823738094	0.991701292638876	ns	0.00162067053641661	0.000476250529623785
MDM_160526_PET100	PET	raw	superclass	Histidine alkaloids	Imidazole alkaloids	pathway	Alkaloids	Alkaloids	Histidine alkaloids	Imidazole alkaloids	NPC superclass: Histidine alkaloids / NPC pathway: Alkaloids	Histidine alkaloids	1	93	1013873.6	583831736.5	0.00173658528068044	kruskal_wallis	0.756413823738094	0.991701292638876	ns	0.00162067053641661	0.000476250529623785
MDM_160526_PS05	PS	raw	superclass	Histidine alkaloids	Imidazole alkaloids	pathway	Alkaloids	Alkaloids	Histidine alkaloids	Imidazole alkaloids	NPC superclass: Histidine alkaloids / NPC pathway: Alkaloids	Histidine alkaloids	1	93	1013873.6	638209892.3	0.00158862094153096	kruskal_wallis	0.756413823738094	0.991701292638876	ns	0.00162067053641661	0.000476250529623785
MDM_160526_PS100	PS	raw	superclass	Histidine alkaloids	Imidazole alkaloids	pathway	Alkaloids	Alkaloids	Histidine alkaloids	Imidazole alkaloids	NPC superclass: Histidine alkaloids / NPC pathway: Alkaloids	Histidine alkaloids	1	93	1013873.6	597964616.7	0.00169554112682333	kruskal_wallis	0.756413823738094	0.991701292638876	ns	0.00162067053641661	0.000476250529623785
MDM_160526_untreated	Untreated	raw	superclass	Histidine alkaloids	Imidazole alkaloids	pathway	Alkaloids	Alkaloids	Histidine alkaloids	Imidazole alkaloids	NPC superclass: Histidine alkaloids / NPC pathway: Alkaloids	Histidine alkaloids	1	93	1013873.6	704625527.6	0.00143888286797289	kruskal_wallis	0.756413823738094	0.991701292638876	ns	0.00162067053641661	0.000476250529623785
MDM_A_190626_PET05	PET	raw	superclass	Histidine alkaloids	Imidazole alkaloids	pathway	Alkaloids	Alkaloids	Histidine alkaloids	Imidazole alkaloids	NPC superclass: Histidine alkaloids / NPC pathway: Alkaloids	Histidine alkaloids	1	93	1013873.6	94290244.8	0.010752688172043	kruskal_wallis	0.756413823738094	0.991701292638876	ns	0.00162067053641661	0.000476250529623785
MDM_A_190626_PET100	PET	raw	superclass	Histidine alkaloids	Imidazole alkaloids	pathway	Alkaloids	Alkaloids	Histidine alkaloids	Imidazole alkaloids	NPC superclass: Histidine alkaloids / NPC pathway: Alkaloids	Histidine alkaloids	1	93	1013873.6	1952488677.2	0.000519272460751969	kruskal_wallis	0.756413823738094	0.991701292638876	ns	0.00162067053641661	0.000476250529623785
MDM_A_190626_PS05	PS	raw	superclass	Histidine alkaloids	Imidazole alkaloids	pathway	Alkaloids	Alkaloids	Histidine alkaloids	Imidazole alkaloids	NPC superclass: Histidine alkaloids / NPC pathway: Alkaloids	Histidine alkaloids	1	93	1013873.6	1946448747.8	0.000520883789591657	kruskal_wallis	0.756413823738094	0.991701292638876	ns	0.00162067053641661	0.000476250529623785
MDM_A_190626_PS100	PS	raw	superclass	Histidine alkaloids	Imidazole alkaloids	pathway	Alkaloids	Alkaloids	Histidine alkaloids	Imidazole alkaloids	NPC superclass: Histidine alkaloids / NPC pathway: Alkaloids	Histidine alkaloids	1	93	1013873.6	599674082.7	0.00169070771815765	kruskal_wallis	0.756413823738094	0.991701292638876	ns	0.00162067053641661	0.000476250529623785
MDM_A_190626_untreated	Untreated	raw	superclass	Histidine alkaloids	Imidazole alkaloids	pathway	Alkaloids	Alkaloids	Histidine alkaloids	Imidazole alkaloids	NPC superclass: Histidine alkaloids / NPC pathway: Alkaloids	Histidine alkaloids	1	93	1013873.6	1543184201	0.000657001023820098	kruskal_wallis	0.756413823738094	0.991701292638876	ns	0.00162067053641661	0.000476250529623785
MDM_B_120626_PS05	PS	raw	superclass	Histidine alkaloids	Imidazole alkaloids	pathway	Alkaloids	Alkaloids	Histidine alkaloids	Imidazole alkaloids	NPC superclass: Histidine alkaloids / NPC pathway: Alkaloids	Histidine alkaloids	1	93	1013873.6	1284156567.2	0.000789524911444926	kruskal_wallis	0.756413823738094	0.991701292638876	ns	0.00162067053641661	0.000476250529623785
MDM_B_190626_PET05	PET	raw	superclass	Histidine alkaloids	Imidazole alkaloids	pathway	Alkaloids	Alkaloids	Histidine alkaloids	Imidazole alkaloids	NPC superclass: Histidine alkaloids / NPC pathway: Alkaloids	Histidine alkaloids	1	93	1013873.6	1568991523.9	0.000646194440540916	kruskal_wallis	0.756413823738094	0.991701292638876	ns	0.00162067053641661	0.000476250529623785
MDM_B_190626_PET100	PET	raw	superclass	Histidine alkaloids	Imidazole alkaloids	pathway	Alkaloids	Alkaloids	Histidine alkaloids	Imidazole alkaloids	NPC superclass: Histidine alkaloids / NPC pathway: Alkaloids	Histidine alkaloids	1	93	1013873.6	1356937732.2	0.000747177689838582	kruskal_wallis	0.756413823738094	0.991701292638876	ns	0.00162067053641661	0.000476250529623785
MDM_B_190626_PS100	PS	raw	superclass	Histidine alkaloids	Imidazole alkaloids	pathway	Alkaloids	Alkaloids	Histidine alkaloids	Imidazole alkaloids	NPC superclass: Histidine alkaloids / NPC pathway: Alkaloids	Histidine alkaloids	1	93	1013873.6	538597945.3	0.00188243124365295	kruskal_wallis	0.756413823738094	0.991701292638876	ns	0.00162067053641661	0.000476250529623785
MDM_B_190626_untreated	Untreated	raw	superclass	Histidine alkaloids	Imidazole alkaloids	pathway	Alkaloids	Alkaloids	Histidine alkaloids	Imidazole alkaloids	NPC superclass: Histidine alkaloids / NPC pathway: Alkaloids	Histidine alkaloids	1	93	1013873.6	871464306	0.00116341380022052	kruskal_wallis	0.756413823738094	0.991701292638876	ns	0.00162067053641661	0.000476250529623785
MDM_160526_PET05	PET	raw	superclass	Lignans	Neolignans	pathway	Shikimates and Phenylpropanoids	Shikimates and Phenylpropanoids	Lignans	Neolignans	NPC superclass: Lignans / NPC pathway: Shikimates and Phenylpropanoids	Lignans	12	44	1207378706	156541070.1	7.71285583539652	kruskal_wallis	0.488377470666188	0.991701292638876	ns	1.47770151857481	1.86658766263081
MDM_160526_PET100	PET	raw	superclass	Lignans	Neolignans	pathway	Shikimates and Phenylpropanoids	Shikimates and Phenylpropanoids	Lignans	Neolignans	NPC superclass: Lignans / NPC pathway: Shikimates and Phenylpropanoids	Lignans	12	44	1411921886	180942395	7.80315683342204	kruskal_wallis	0.488377470666188	0.991701292638876	ns	1.47770151857481	1.86658766263081
MDM_160526_PS05	PS	raw	superclass	Lignans	Neolignans	pathway	Shikimates and Phenylpropanoids	Shikimates and Phenylpropanoids	Lignans	Neolignans	NPC superclass: Lignans / NPC pathway: Shikimates and Phenylpropanoids	Lignans	12	44	1170714302	145061714.6	8.07045680680242	kruskal_wallis	0.488377470666188	0.991701292638876	ns	1.47770151857481	1.86658766263081
MDM_160526_PS100	PS	raw	superclass	Lignans	Neolignans	pathway	Shikimates and Phenylpropanoids	Shikimates and Phenylpropanoids	Lignans	Neolignans	NPC superclass: Lignans / NPC pathway: Shikimates and Phenylpropanoids	Lignans	12	44	987440019	193111262.1	5.11332176208691	kruskal_wallis	0.488377470666188	0.991701292638876	ns	1.47770151857481	1.86658766263081
MDM_160526_untreated	Untreated	raw	superclass	Lignans	Neolignans	pathway	Shikimates and Phenylpropanoids	Shikimates and Phenylpropanoids	Lignans	Neolignans	NPC superclass: Lignans / NPC pathway: Shikimates and Phenylpropanoids	Lignans	12	44	1388268664	180555053.7	7.68889397195533	kruskal_wallis	0.488377470666188	0.991701292638876	ns	1.47770151857481	1.86658766263081
MDM_A_190626_PET05	PET	raw	superclass	Lignans	Neolignans	pathway	Shikimates and Phenylpropanoids	Shikimates and Phenylpropanoids	Lignans	Neolignans	NPC superclass: Lignans / NPC pathway: Shikimates and Phenylpropanoids	Lignans	12	44	12166483.2	44610438.4	0.272727272727273	kruskal_wallis	0.488377470666188	0.991701292638876	ns	1.47770151857481	1.86658766263081
MDM_A_190626_PET100	PET	raw	superclass	Lignans	Neolignans	pathway	Shikimates and Phenylpropanoids	Shikimates and Phenylpropanoids	Lignans	Neolignans	NPC superclass: Lignans / NPC pathway: Shikimates and Phenylpropanoids	Lignans	12	44	1226402564.4	299146470.6	4.09967251808185	kruskal_wallis	0.488377470666188	0.991701292638876	ns	1.47770151857481	1.86658766263081
MDM_A_190626_PS05	PS	raw	superclass	Lignans	Neolignans	pathway	Shikimates and Phenylpropanoids	Shikimates and Phenylpropanoids	Lignans	Neolignans	NPC superclass: Lignans / NPC pathway: Shikimates and Phenylpropanoids	Lignans	12	44	1303847767.6	212426317.8	6.13788244838653	kruskal_wallis	0.488377470666188	0.991701292638876	ns	1.47770151857481	1.86658766263081
MDM_A_190626_PS100	PS	raw	superclass	Lignans	Neolignans	pathway	Shikimates and Phenylpropanoids	Shikimates and Phenylpropanoids	Lignans	Neolignans	NPC superclass: Lignans / NPC pathway: Shikimates and Phenylpropanoids	Lignans	12	44	1162485152.5	223680452.3	5.19707976511455	kruskal_wallis	0.488377470666188	0.991701292638876	ns	1.47770151857481	1.86658766263081
MDM_A_190626_untreated	Untreated	raw	superclass	Lignans	Neolignans	pathway	Shikimates and Phenylpropanoids	Shikimates and Phenylpropanoids	Lignans	Neolignans	NPC superclass: Lignans / NPC pathway: Shikimates and Phenylpropanoids	Lignans	12	44	1144234044	294172894.2	3.88966511381591	kruskal_wallis	0.488377470666188	0.991701292638876	ns	1.47770151857481	1.86658766263081
MDM_B_120626_PS05	PS	raw	superclass	Lignans	Neolignans	pathway	Shikimates and Phenylpropanoids	Shikimates and Phenylpropanoids	Lignans	Neolignans	NPC superclass: Lignans / NPC pathway: Shikimates and Phenylpropanoids	Lignans	12	44	1386655907.8	172085450.6	8.0579497160581	kruskal_wallis	0.488377470666188	0.991701292638876	ns	1.47770151857481	1.86658766263081
MDM_B_190626_PET05	PET	raw	superclass	Lignans	Neolignans	pathway	Shikimates and Phenylpropanoids	Shikimates and Phenylpropanoids	Lignans	Neolignans	NPC superclass: Lignans / NPC pathway: Shikimates and Phenylpropanoids	Lignans	12	44	1406384854.2	245667618.8	5.72474655418445	kruskal_wallis	0.488377470666188	0.991701292638876	ns	1.47770151857481	1.86658766263081
MDM_B_190626_PET100	PET	raw	superclass	Lignans	Neolignans	pathway	Shikimates and Phenylpropanoids	Shikimates and Phenylpropanoids	Lignans	Neolignans	NPC superclass: Lignans / NPC pathway: Shikimates and Phenylpropanoids	Lignans	12	44	1056056922.2	178392029.6	5.91986606446458	kruskal_wallis	0.488377470666188	0.991701292638876	ns	1.47770151857481	1.86658766263081
MDM_B_190626_PS100	PS	raw	superclass	Lignans	Neolignans	pathway	Shikimates and Phenylpropanoids	Shikimates and Phenylpropanoids	Lignans	Neolignans	NPC superclass: Lignans / NPC pathway: Shikimates and Phenylpropanoids	Lignans	12	44	1286444254	164453444.4	7.82254369127704	kruskal_wallis	0.488377470666188	0.991701292638876	ns	1.47770151857481	1.86658766263081
MDM_B_190626_untreated	Untreated	raw	superclass	Lignans	Neolignans	pathway	Shikimates and Phenylpropanoids	Shikimates and Phenylpropanoids	Lignans	Neolignans	NPC superclass: Lignans / NPC pathway: Shikimates and Phenylpropanoids	Lignans	12	44	1004674109	122720072.1	8.18671380979412	kruskal_wallis	0.488377470666188	0.991701292638876	ns	1.47770151857481	1.86658766263081
MDM_160526_PET05	PET	raw	superclass	Linear polyketides	Acetogenins | Ansa macrolides | Open-chain polyketides	pathway	Polyketides	Polyketides	Linear polyketides	Acetogenins | Ansa macrolides | Open-chain polyketides	NPC superclass: Linear polyketides / NPC pathway: Polyketides	Linear polyketides	21	150	75656193.2	600553025.5	0.125977540679295	kruskal_wallis	0.908615439356306	0.991701292638876	ns	0.0221061721509072	0.0327263875026269
MDM_160526_PET100	PET	raw	superclass	Linear polyketides	Acetogenins | Ansa macrolides | Open-chain polyketides	pathway	Polyketides	Polyketides	Linear polyketides	Acetogenins | Ansa macrolides | Open-chain polyketides	NPC superclass: Linear polyketides / NPC pathway: Polyketides	Linear polyketides	21	150	112792097.6	742612221.2	0.15188559301884	kruskal_wallis	0.908615439356306	0.991701292638876	ns	0.0221061721509072	0.0327263875026269
MDM_160526_PS05	PS	raw	superclass	Linear polyketides	Acetogenins | Ansa macrolides | Open-chain polyketides	pathway	Polyketides	Polyketides	Linear polyketides	Acetogenins | Ansa macrolides | Open-chain polyketides	NPC superclass: Linear polyketides / NPC pathway: Polyketides	Linear polyketides	21	150	70127261.5	638761702.1	0.109786265002189	kruskal_wallis	0.908615439356306	0.991701292638876	ns	0.0221061721509072	0.0327263875026269
MDM_160526_PS100	PS	raw	superclass	Linear polyketides	Acetogenins | Ansa macrolides | Open-chain polyketides	pathway	Polyketides	Polyketides	Linear polyketides	Acetogenins | Ansa macrolides | Open-chain polyketides	NPC superclass: Linear polyketides / NPC pathway: Polyketides	Linear polyketides	21	150	134205886.7	877091373.9	0.153012434842737	kruskal_wallis	0.908615439356306	0.991701292638876	ns	0.0221061721509072	0.0327263875026269
MDM_160526_untreated	Untreated	raw	superclass	Linear polyketides	Acetogenins | Ansa macrolides | Open-chain polyketides	pathway	Polyketides	Polyketides	Linear polyketides	Acetogenins | Ansa macrolides | Open-chain polyketides	NPC superclass: Linear polyketides / NPC pathway: Polyketides	Linear polyketides	21	150	76574873	719115917.9	0.106484742019921	kruskal_wallis	0.908615439356306	0.991701292638876	ns	0.0221061721509072	0.0327263875026269
MDM_A_190626_PET05	PET	raw	superclass	Linear polyketides	Acetogenins | Ansa macrolides | Open-chain polyketides	pathway	Polyketides	Polyketides	Linear polyketides	Acetogenins | Ansa macrolides | Open-chain polyketides	NPC superclass: Linear polyketides / NPC pathway: Polyketides	Linear polyketides	21	150	21291345.6	154388751.9	0.137907362667137	kruskal_wallis	0.908615439356306	0.991701292638876	ns	0.0221061721509072	0.0327263875026269
MDM_A_190626_PET100	PET	raw	superclass	Linear polyketides	Acetogenins | Ansa macrolides | Open-chain polyketides	pathway	Polyketides	Polyketides	Linear polyketides	Acetogenins | Ansa macrolides | Open-chain polyketides	NPC superclass: Linear polyketides / NPC pathway: Polyketides	Linear polyketides	21	150	267774175	10556045796.8	0.025366901598814	kruskal_wallis	0.908615439356306	0.991701292638876	ns	0.0221061721509072	0.0327263875026269
MDM_A_190626_PS05	PS	raw	superclass	Linear polyketides	Acetogenins | Ansa macrolides | Open-chain polyketides	pathway	Polyketides	Polyketides	Linear polyketides	Acetogenins | Ansa macrolides | Open-chain polyketides	NPC superclass: Linear polyketides / NPC pathway: Polyketides	Linear polyketides	21	150	286775761.5	8195354836.4	0.0349924764973292	kruskal_wallis	0.908615439356306	0.991701292638876	ns	0.0221061721509072	0.0327263875026269
MDM_A_190626_PS100	PS	raw	superclass	Linear polyketides	Acetogenins | Ansa macrolides | Open-chain polyketides	pathway	Polyketides	Polyketides	Linear polyketides	Acetogenins | Ansa macrolides | Open-chain polyketides	NPC superclass: Linear polyketides / NPC pathway: Polyketides	Linear polyketides	21	150	263073512.4	4981492138.2	0.0528101831944391	kruskal_wallis	0.908615439356306	0.991701292638876	ns	0.0221061721509072	0.0327263875026269
MDM_A_190626_untreated	Untreated	raw	superclass	Linear polyketides	Acetogenins | Ansa macrolides | Open-chain polyketides	pathway	Polyketides	Polyketides	Linear polyketides	Acetogenins | Ansa macrolides | Open-chain polyketides	NPC superclass: Linear polyketides / NPC pathway: Polyketides	Linear polyketides	21	150	341367391	7088900344.6	0.0481551967732256	kruskal_wallis	0.908615439356306	0.991701292638876	ns	0.0221061721509072	0.0327263875026269
MDM_B_120626_PS05	PS	raw	superclass	Linear polyketides	Acetogenins | Ansa macrolides | Open-chain polyketides	pathway	Polyketides	Polyketides	Linear polyketides	Acetogenins | Ansa macrolides | Open-chain polyketides	NPC superclass: Linear polyketides / NPC pathway: Polyketides	Linear polyketides	21	150	220219797.9	7364168721.5	0.0299042303657518	kruskal_wallis	0.908615439356306	0.991701292638876	ns	0.0221061721509072	0.0327263875026269
MDM_B_190626_PET05	PET	raw	superclass	Linear polyketides	Acetogenins | Ansa macrolides | Open-chain polyketides	pathway	Polyketides	Polyketides	Linear polyketides	Acetogenins | Ansa macrolides | Open-chain polyketides	NPC superclass: Linear polyketides / NPC pathway: Polyketides	Linear polyketides	21	150	242448551.5	6775025783.1	0.03578562787241	kruskal_wallis	0.908615439356306	0.991701292638876	ns	0.0221061721509072	0.0327263875026269
MDM_B_190626_PET100	PET	raw	superclass	Linear polyketides	Acetogenins | Ansa macrolides | Open-chain polyketides	pathway	Polyketides	Polyketides	Linear polyketides	Acetogenins | Ansa macrolides | Open-chain polyketides	NPC superclass: Linear polyketides / NPC pathway: Polyketides	Linear polyketides	21	150	253754604.8	7636027125.6	0.0332312340731845	kruskal_wallis	0.908615439356306	0.991701292638876	ns	0.0221061721509072	0.0327263875026269
MDM_B_190626_PS100	PS	raw	superclass	Linear polyketides	Acetogenins | Ansa macrolides | Open-chain polyketides	pathway	Polyketides	Polyketides	Linear polyketides	Acetogenins | Ansa macrolides | Open-chain polyketides	NPC superclass: Linear polyketides / NPC pathway: Polyketides	Linear polyketides	21	150	294746402.7	5539891023.3	0.0532043683639873	kruskal_wallis	0.908615439356306	0.991701292638876	ns	0.0221061721509072	0.0327263875026269
MDM_B_190626_untreated	Untreated	raw	superclass	Linear polyketides	Acetogenins | Ansa macrolides | Open-chain polyketides	pathway	Polyketides	Polyketides	Linear polyketides	Acetogenins | Ansa macrolides | Open-chain polyketides	NPC superclass: Linear polyketides / NPC pathway: Polyketides	Linear polyketides	21	150	214240599.5	6279276710.7	0.0341186747089725	kruskal_wallis	0.908615439356306	0.991701292638876	ns	0.0221061721509072	0.0327263875026269
MDM_160526_PET05	PET	raw	superclass	Macrolides	3-Spirotetramic acids | Ansa macrolides | Erythromycins | Lactam bearing macrolide lactones | Macrolide lactones | Open-chain polyketides | Polyene macrolides | Spirotetronate macrolides	pathway	Polyketides	Polyketides	Macrolides	3-Spirotetramic acids | Ansa macrolides | Erythromycins | Lactam bearing macrolide lactones | Macrolide lactones | Open-chain polyketides | Polyene macrolides | Spirotetronate macrolides	NPC superclass: Macrolides / NPC pathway: Polyketides	Macrolides	57	150	155548683.9	600553025.5	0.259009075460898	kruskal_wallis	0.133654121348031	0.991701292638876	ns	0.0816324590290568	0.0793276221426525
MDM_160526_PET100	PET	raw	superclass	Macrolides	3-Spirotetramic acids | Ansa macrolides | Erythromycins | Lactam bearing macrolide lactones | Macrolide lactones | Open-chain polyketides | Polyene macrolides | Spirotetronate macrolides	pathway	Polyketides	Polyketides	Macrolides	3-Spirotetramic acids | Ansa macrolides | Erythromycins | Lactam bearing macrolide lactones | Macrolide lactones | Open-chain polyketides | Polyene macrolides | Spirotetronate macrolides	NPC superclass: Macrolides / NPC pathway: Polyketides	Macrolides	57	150	187277299.6	742612221.2	0.252187203837523	kruskal_wallis	0.133654121348031	0.991701292638876	ns	0.0816324590290568	0.0793276221426525
MDM_160526_PS05	PS	raw	superclass	Macrolides	3-Spirotetramic acids | Ansa macrolides | Erythromycins | Lactam bearing macrolide lactones | Macrolide lactones | Open-chain polyketides | Polyene macrolides | Spirotetronate macrolides	pathway	Polyketides	Polyketides	Macrolides	3-Spirotetramic acids | Ansa macrolides | Erythromycins | Lactam bearing macrolide lactones | Macrolide lactones | Open-chain polyketides | Polyene macrolides | Spirotetronate macrolides	NPC superclass: Macrolides / NPC pathway: Polyketides	Macrolides	57	150	162876542.9	638761702.1	0.254987959303955	kruskal_wallis	0.133654121348031	0.991701292638876	ns	0.0816324590290568	0.0793276221426525
MDM_160526_PS100	PS	raw	superclass	Macrolides	3-Spirotetramic acids | Ansa macrolides | Erythromycins | Lactam bearing macrolide lactones | Macrolide lactones | Open-chain polyketides | Polyene macrolides | Spirotetronate macrolides	pathway	Polyketides	Polyketides	Macrolides	3-Spirotetramic acids | Ansa macrolides | Erythromycins | Lactam bearing macrolide lactones | Macrolide lactones | Open-chain polyketides | Polyene macrolides | Spirotetronate macrolides	NPC superclass: Macrolides / NPC pathway: Polyketides	Macrolides	57	150	138809224.9	877091373.9	0.158260848334174	kruskal_wallis	0.133654121348031	0.991701292638876	ns	0.0816324590290568	0.0793276221426525
MDM_160526_untreated	Untreated	raw	superclass	Macrolides	3-Spirotetramic acids | Ansa macrolides | Erythromycins | Lactam bearing macrolide lactones | Macrolide lactones | Open-chain polyketides | Polyene macrolides | Spirotetronate macrolides	pathway	Polyketides	Polyketides	Macrolides	3-Spirotetramic acids | Ansa macrolides | Erythromycins | Lactam bearing macrolide lactones | Macrolide lactones | Open-chain polyketides | Polyene macrolides | Spirotetronate macrolides	NPC superclass: Macrolides / NPC pathway: Polyketides	Macrolides	57	150	230520149.8	719115917.9	0.320560488319014	kruskal_wallis	0.133654121348031	0.991701292638876	ns	0.0816324590290568	0.0793276221426525
MDM_A_190626_PET05	PET	raw	superclass	Macrolides	3-Spirotetramic acids | Ansa macrolides | Erythromycins | Lactam bearing macrolide lactones | Macrolide lactones | Open-chain polyketides | Polyene macrolides | Spirotetronate macrolides	pathway	Polyketides	Polyketides	Macrolides	3-Spirotetramic acids | Ansa macrolides | Erythromycins | Lactam bearing macrolide lactones | Macrolide lactones | Open-chain polyketides | Polyene macrolides | Spirotetronate macrolides	NPC superclass: Macrolides / NPC pathway: Polyketides	Macrolides	57	150	60098507.1	154388751.9	0.389267393902677	kruskal_wallis	0.133654121348031	0.991701292638876	ns	0.0816324590290568	0.0793276221426525
MDM_A_190626_PET100	PET	raw	superclass	Macrolides	3-Spirotetramic acids | Ansa macrolides | Erythromycins | Lactam bearing macrolide lactones | Macrolide lactones | Open-chain polyketides | Polyene macrolides | Spirotetronate macrolides	pathway	Polyketides	Polyketides	Macrolides	3-Spirotetramic acids | Ansa macrolides | Erythromycins | Lactam bearing macrolide lactones | Macrolide lactones | Open-chain polyketides | Polyene macrolides | Spirotetronate macrolides	NPC superclass: Macrolides / NPC pathway: Polyketides	Macrolides	57	150	2706515851.5	10556045796.8	0.256394856899964	kruskal_wallis	0.133654121348031	0.991701292638876	ns	0.0816324590290568	0.0793276221426525
MDM_A_190626_PS05	PS	raw	superclass	Macrolides	3-Spirotetramic acids | Ansa macrolides | Erythromycins | Lactam bearing macrolide lactones | Macrolide lactones | Open-chain polyketides | Polyene macrolides | Spirotetronate macrolides	pathway	Polyketides	Polyketides	Macrolides	3-Spirotetramic acids | Ansa macrolides | Erythromycins | Lactam bearing macrolide lactones | Macrolide lactones | Open-chain polyketides | Polyene macrolides | Spirotetronate macrolides	NPC superclass: Macrolides / NPC pathway: Polyketides	Macrolides	57	150	2135227213	8195354836.4	0.260541154791285	kruskal_wallis	0.133654121348031	0.991701292638876	ns	0.0816324590290568	0.0793276221426525
MDM_A_190626_PS100	PS	raw	superclass	Macrolides	3-Spirotetramic acids | Ansa macrolides | Erythromycins | Lactam bearing macrolide lactones | Macrolide lactones | Open-chain polyketides | Polyene macrolides | Spirotetronate macrolides	pathway	Polyketides	Polyketides	Macrolides	3-Spirotetramic acids | Ansa macrolides | Erythromycins | Lactam bearing macrolide lactones | Macrolide lactones | Open-chain polyketides | Polyene macrolides | Spirotetronate macrolides	NPC superclass: Macrolides / NPC pathway: Polyketides	Macrolides	57	150	988765613.2	4981492138.2	0.198487839741383	kruskal_wallis	0.133654121348031	0.991701292638876	ns	0.0816324590290568	0.0793276221426525
MDM_A_190626_untreated	Untreated	raw	superclass	Macrolides	3-Spirotetramic acids | Ansa macrolides | Erythromycins | Lactam bearing macrolide lactones | Macrolide lactones | Open-chain polyketides | Polyene macrolides | Spirotetronate macrolides	pathway	Polyketides	Polyketides	Macrolides	3-Spirotetramic acids | Ansa macrolides | Erythromycins | Lactam bearing macrolide lactones | Macrolide lactones | Open-chain polyketides | Polyene macrolides | Spirotetronate macrolides	NPC superclass: Macrolides / NPC pathway: Polyketides	Macrolides	57	150	1647419924.8	7088900344.6	0.232394284686895	kruskal_wallis	0.133654121348031	0.991701292638876	ns	0.0816324590290568	0.0793276221426525
MDM_B_120626_PS05	PS	raw	superclass	Macrolides	3-Spirotetramic acids | Ansa macrolides | Erythromycins | Lactam bearing macrolide lactones | Macrolide lactones | Open-chain polyketides | Polyene macrolides | Spirotetronate macrolides	pathway	Polyketides	Polyketides	Macrolides	3-Spirotetramic acids | Ansa macrolides | Erythromycins | Lactam bearing macrolide lactones | Macrolide lactones | Open-chain polyketides | Polyene macrolides | Spirotetronate macrolides	NPC superclass: Macrolides / NPC pathway: Polyketides	Macrolides	57	150	1099617775.5	7364168721.5	0.149320013851614	kruskal_wallis	0.133654121348031	0.991701292638876	ns	0.0816324590290568	0.0793276221426525
MDM_B_190626_PET05	PET	raw	superclass	Macrolides	3-Spirotetramic acids | Ansa macrolides | Erythromycins | Lactam bearing macrolide lactones | Macrolide lactones | Open-chain polyketides | Polyene macrolides | Spirotetronate macrolides	pathway	Polyketides	Polyketides	Macrolides	3-Spirotetramic acids | Ansa macrolides | Erythromycins | Lactam bearing macrolide lactones | Macrolide lactones | Open-chain polyketides | Polyene macrolides | Spirotetronate macrolides	NPC superclass: Macrolides / NPC pathway: Polyketides	Macrolides	57	150	1831657846.6	6775025783.1	0.270354372845191	kruskal_wallis	0.133654121348031	0.991701292638876	ns	0.0816324590290568	0.0793276221426525
MDM_B_190626_PET100	PET	raw	superclass	Macrolides	3-Spirotetramic acids | Ansa macrolides | Erythromycins | Lactam bearing macrolide lactones | Macrolide lactones | Open-chain polyketides | Polyene macrolides | Spirotetronate macrolides	pathway	Polyketides	Polyketides	Macrolides	3-Spirotetramic acids | Ansa macrolides | Erythromycins | Lactam bearing macrolide lactones | Macrolide lactones | Open-chain polyketides | Polyene macrolides | Spirotetronate macrolides	NPC superclass: Macrolides / NPC pathway: Polyketides	Macrolides	57	150	1547033560.8	7636027125.6	0.202596656003686	kruskal_wallis	0.133654121348031	0.991701292638876	ns	0.0816324590290568	0.0793276221426525
MDM_B_190626_PS100	PS	raw	superclass	Macrolides	3-Spirotetramic acids | Ansa macrolides | Erythromycins | Lactam bearing macrolide lactones | Macrolide lactones | Open-chain polyketides | Polyene macrolides | Spirotetronate macrolides	pathway	Polyketides	Polyketides	Macrolides	3-Spirotetramic acids | Ansa macrolides | Erythromycins | Lactam bearing macrolide lactones | Macrolide lactones | Open-chain polyketides | Polyene macrolides | Spirotetronate macrolides	NPC superclass: Macrolides / NPC pathway: Polyketides	Macrolides	57	150	656017213	5539891023.3	0.118416988753187	kruskal_wallis	0.133654121348031	0.991701292638876	ns	0.0816324590290568	0.0793276221426525
MDM_B_190626_untreated	Untreated	raw	superclass	Macrolides	3-Spirotetramic acids | Ansa macrolides | Erythromycins | Lactam bearing macrolide lactones | Macrolide lactones | Open-chain polyketides | Polyene macrolides | Spirotetronate macrolides	pathway	Polyketides	Polyketides	Macrolides	3-Spirotetramic acids | Ansa macrolides | Erythromycins | Lactam bearing macrolide lactones | Macrolide lactones | Open-chain polyketides | Polyene macrolides | Spirotetronate macrolides	NPC superclass: Macrolides / NPC pathway: Polyketides	Macrolides	57	150	1203888209.4	6279276710.7	0.191724025690499	kruskal_wallis	0.133654121348031	0.991701292638876	ns	0.0816324590290568	0.0793276221426525
MDM_160526_PET05	PET	raw	superclass	Monoterpenoids	Menthane monoterpenoids	pathway	Terpenoids	Terpenoids	Monoterpenoids	Menthane monoterpenoids	NPC superclass: Monoterpenoids / NPC pathway: Terpenoids	Monoterpenoids	2	328	17762156.4	11424929845.4	0.00155468406724191	kruskal_wallis	0.740818220681717	0.991701292638876	ns	0.000442828356373428	0.000152837524160912
MDM_160526_PET100	PET	raw	superclass	Monoterpenoids	Menthane monoterpenoids	pathway	Terpenoids	Terpenoids	Monoterpenoids	Menthane monoterpenoids	NPC superclass: Monoterpenoids / NPC pathway: Terpenoids	Monoterpenoids	2	328	19967960.4	12419174723.5	0.00160783311649653	kruskal_wallis	0.740818220681717	0.991701292638876	ns	0.000442828356373428	0.000152837524160912
MDM_160526_PS05	PS	raw	superclass	Monoterpenoids	Menthane monoterpenoids	pathway	Terpenoids	Terpenoids	Monoterpenoids	Menthane monoterpenoids	NPC superclass: Monoterpenoids / NPC pathway: Terpenoids	Monoterpenoids	2	328	16724230.5	11192569017.8	0.00149422625613501	kruskal_wallis	0.740818220681717	0.991701292638876	ns	0.000442828356373428	0.000152837524160912
MDM_160526_PS100	PS	raw	superclass	Monoterpenoids	Menthane monoterpenoids	pathway	Terpenoids	Terpenoids	Monoterpenoids	Menthane monoterpenoids	NPC superclass: Monoterpenoids / NPC pathway: Terpenoids	Monoterpenoids	2	328	14181317.6	12332953384.6	0.00114987198587064	kruskal_wallis	0.740818220681717	0.991701292638876	ns	0.000442828356373428	0.000152837524160912
MDM_160526_untreated	Untreated	raw	superclass	Monoterpenoids	Menthane monoterpenoids	pathway	Terpenoids	Terpenoids	Monoterpenoids	Menthane monoterpenoids	NPC superclass: Monoterpenoids / NPC pathway: Terpenoids	Monoterpenoids	2	328	19356725.6	13761025227.8	0.00140663397381872	kruskal_wallis	0.740818220681717	0.991701292638876	ns	0.000442828356373428	0.000152837524160912
MDM_A_190626_PET05	PET	raw	superclass	Monoterpenoids	Menthane monoterpenoids	pathway	Terpenoids	Terpenoids	Monoterpenoids	Menthane monoterpenoids	NPC superclass: Monoterpenoids / NPC pathway: Terpenoids	Monoterpenoids	2	328	2027747.2	338567248.3	0.0059892006984776	kruskal_wallis	0.740818220681717	0.991701292638876	ns	0.000442828356373428	0.000152837524160912
MDM_A_190626_PET100	PET	raw	superclass	Monoterpenoids	Menthane monoterpenoids	pathway	Terpenoids	Terpenoids	Monoterpenoids	Menthane monoterpenoids	NPC superclass: Monoterpenoids / NPC pathway: Terpenoids	Monoterpenoids	2	328	19301911	25155865783	0.000767292653192798	kruskal_wallis	0.740818220681717	0.991701292638876	ns	0.000442828356373428	0.000152837524160912
MDM_A_190626_PS05	PS	raw	superclass	Monoterpenoids	Menthane monoterpenoids	pathway	Terpenoids	Terpenoids	Monoterpenoids	Menthane monoterpenoids	NPC superclass: Monoterpenoids / NPC pathway: Terpenoids	Monoterpenoids	2	328	22280764	14287611092.7	0.00155944642217928	kruskal_wallis	0.740818220681717	0.991701292638876	ns	0.000442828356373428	0.000152837524160912
MDM_A_190626_PS100	PS	raw	superclass	Monoterpenoids	Menthane monoterpenoids	pathway	Terpenoids	Terpenoids	Monoterpenoids	Menthane monoterpenoids	NPC superclass: Monoterpenoids / NPC pathway: Terpenoids	Monoterpenoids	2	328	21745530.5	8548257803.5	0.00254385525096079	kruskal_wallis	0.740818220681717	0.991701292638876	ns	0.000442828356373428	0.000152837524160912
MDM_A_190626_untreated	Untreated	raw	superclass	Monoterpenoids	Menthane monoterpenoids	pathway	Terpenoids	Terpenoids	Monoterpenoids	Menthane monoterpenoids	NPC superclass: Monoterpenoids / NPC pathway: Terpenoids	Monoterpenoids	2	328	21363530	10571590523.7	0.00202084350052208	kruskal_wallis	0.740818220681717	0.991701292638876	ns	0.000442828356373428	0.000152837524160912
MDM_B_120626_PS05	PS	raw	superclass	Monoterpenoids	Menthane monoterpenoids	pathway	Terpenoids	Terpenoids	Monoterpenoids	Menthane monoterpenoids	NPC superclass: Monoterpenoids / NPC pathway: Terpenoids	Monoterpenoids	2	328	22851760.5	13340032138.9	0.00171302139770439	kruskal_wallis	0.740818220681717	0.991701292638876	ns	0.000442828356373428	0.000152837524160912
MDM_B_190626_PET05	PET	raw	superclass	Monoterpenoids	Menthane monoterpenoids	pathway	Terpenoids	Terpenoids	Monoterpenoids	Menthane monoterpenoids	NPC superclass: Monoterpenoids / NPC pathway: Terpenoids	Monoterpenoids	2	328	21972250	16214852534.7	0.00135506936945489	kruskal_wallis	0.740818220681717	0.991701292638876	ns	0.000442828356373428	0.000152837524160912
MDM_B_190626_PET100	PET	raw	superclass	Monoterpenoids	Menthane monoterpenoids	pathway	Terpenoids	Terpenoids	Monoterpenoids	Menthane monoterpenoids	NPC superclass: Monoterpenoids / NPC pathway: Terpenoids	Monoterpenoids	2	328	22022299	12908450200.3	0.00170603741411871	kruskal_wallis	0.740818220681717	0.991701292638876	ns	0.000442828356373428	0.000152837524160912
MDM_B_190626_PS100	PS	raw	superclass	Monoterpenoids	Menthane monoterpenoids	pathway	Terpenoids	Terpenoids	Monoterpenoids	Menthane monoterpenoids	NPC superclass: Monoterpenoids / NPC pathway: Terpenoids	Monoterpenoids	2	328	24309570	12532100094.7	0.0019397842194287	kruskal_wallis	0.740818220681717	0.991701292638876	ns	0.000442828356373428	0.000152837524160912
MDM_B_190626_untreated	Untreated	raw	superclass	Monoterpenoids	Menthane monoterpenoids	pathway	Terpenoids	Terpenoids	Monoterpenoids	Menthane monoterpenoids	NPC superclass: Monoterpenoids / NPC pathway: Terpenoids	Monoterpenoids	2	328	21183481	12215863240.9	0.00173409611603014	kruskal_wallis	0.740818220681717	0.991701292638876	ns	0.000442828356373428	0.000152837524160912
MDM_160526_PET05	PET	raw	superclass	Nicotinic acid alkaloids	Aminoacids | Pyridine alkaloids	pathway	Alkaloids	Alkaloids	Nicotinic acid alkaloids	Aminoacids | Pyridine alkaloids	NPC superclass: Nicotinic acid alkaloids / NPC pathway: Alkaloids	Nicotinic acid alkaloids	2	93	2027747.2	550808546.9	0.00368140111734348	kruskal_wallis	0.651051411569554	0.991701292638876	ns	0.003395760567281	0.00132309047402444
MDM_160526_PET100	PET	raw	superclass	Nicotinic acid alkaloids	Aminoacids | Pyridine alkaloids	pathway	Alkaloids	Alkaloids	Nicotinic acid alkaloids	Aminoacids | Pyridine alkaloids	NPC superclass: Nicotinic acid alkaloids / NPC pathway: Alkaloids	Nicotinic acid alkaloids	2	93	2361990	583831736.5	0.00404566907266782	kruskal_wallis	0.651051411569554	0.991701292638876	ns	0.003395760567281	0.00132309047402444
MDM_160526_PS05	PS	raw	superclass	Nicotinic acid alkaloids	Aminoacids | Pyridine alkaloids	pathway	Alkaloids	Alkaloids	Nicotinic acid alkaloids	Aminoacids | Pyridine alkaloids	NPC superclass: Nicotinic acid alkaloids / NPC pathway: Alkaloids	Nicotinic acid alkaloids	2	93	2027747.2	638209892.3	0.00317724188306192	kruskal_wallis	0.651051411569554	0.991701292638876	ns	0.003395760567281	0.00132309047402444
MDM_160526_PS100	PS	raw	superclass	Nicotinic acid alkaloids	Aminoacids | Pyridine alkaloids	pathway	Alkaloids	Alkaloids	Nicotinic acid alkaloids	Aminoacids | Pyridine alkaloids	NPC superclass: Nicotinic acid alkaloids / NPC pathway: Alkaloids	Nicotinic acid alkaloids	2	93	2465165.5	597964616.7	0.00412259426586904	kruskal_wallis	0.651051411569554	0.991701292638876	ns	0.003395760567281	0.00132309047402444
MDM_160526_untreated	Untreated	raw	superclass	Nicotinic acid alkaloids	Aminoacids | Pyridine alkaloids	pathway	Alkaloids	Alkaloids	Nicotinic acid alkaloids	Aminoacids | Pyridine alkaloids	NPC superclass: Nicotinic acid alkaloids / NPC pathway: Alkaloids	Nicotinic acid alkaloids	2	93	2027747.2	704625527.6	0.00287776573594578	kruskal_wallis	0.651051411569554	0.991701292638876	ns	0.003395760567281	0.00132309047402444
MDM_A_190626_PET05	PET	raw	superclass	Nicotinic acid alkaloids	Aminoacids | Pyridine alkaloids	pathway	Alkaloids	Alkaloids	Nicotinic acid alkaloids	Aminoacids | Pyridine alkaloids	NPC superclass: Nicotinic acid alkaloids / NPC pathway: Alkaloids	Nicotinic acid alkaloids	2	93	2027747.2	94290244.8	0.021505376344086	kruskal_wallis	0.651051411569554	0.991701292638876	ns	0.003395760567281	0.00132309047402444
MDM_A_190626_PET100	PET	raw	superclass	Nicotinic acid alkaloids	Aminoacids | Pyridine alkaloids	pathway	Alkaloids	Alkaloids	Nicotinic acid alkaloids	Aminoacids | Pyridine alkaloids	NPC superclass: Nicotinic acid alkaloids / NPC pathway: Alkaloids	Nicotinic acid alkaloids	2	93	2027747.2	1952488677.2	0.00103854492150394	kruskal_wallis	0.651051411569554	0.991701292638876	ns	0.003395760567281	0.00132309047402444
MDM_A_190626_PS05	PS	raw	superclass	Nicotinic acid alkaloids	Aminoacids | Pyridine alkaloids	pathway	Alkaloids	Alkaloids	Nicotinic acid alkaloids	Aminoacids | Pyridine alkaloids	NPC superclass: Nicotinic acid alkaloids / NPC pathway: Alkaloids	Nicotinic acid alkaloids	2	93	2027747.2	1946448747.8	0.00104176757918331	kruskal_wallis	0.651051411569554	0.991701292638876	ns	0.003395760567281	0.00132309047402444
MDM_A_190626_PS100	PS	raw	superclass	Nicotinic acid alkaloids	Aminoacids | Pyridine alkaloids	pathway	Alkaloids	Alkaloids	Nicotinic acid alkaloids	Aminoacids | Pyridine alkaloids	NPC superclass: Nicotinic acid alkaloids / NPC pathway: Alkaloids	Nicotinic acid alkaloids	2	93	3428453.8	599674082.7	0.00571719522138354	kruskal_wallis	0.651051411569554	0.991701292638876	ns	0.003395760567281	0.00132309047402444
MDM_A_190626_untreated	Untreated	raw	superclass	Nicotinic acid alkaloids	Aminoacids | Pyridine alkaloids	pathway	Alkaloids	Alkaloids	Nicotinic acid alkaloids	Aminoacids | Pyridine alkaloids	NPC superclass: Nicotinic acid alkaloids / NPC pathway: Alkaloids	Nicotinic acid alkaloids	2	93	2027747.2	1543184201	0.0013140020476402	kruskal_wallis	0.651051411569554	0.991701292638876	ns	0.003395760567281	0.00132309047402444
MDM_B_120626_PS05	PS	raw	superclass	Nicotinic acid alkaloids	Aminoacids | Pyridine alkaloids	pathway	Alkaloids	Alkaloids	Nicotinic acid alkaloids	Aminoacids | Pyridine alkaloids	NPC superclass: Nicotinic acid alkaloids / NPC pathway: Alkaloids	Nicotinic acid alkaloids	2	93	2027747.2	1284156567.2	0.00157904982288985	kruskal_wallis	0.651051411569554	0.991701292638876	ns	0.003395760567281	0.00132309047402444
MDM_B_190626_PET05	PET	raw	superclass	Nicotinic acid alkaloids	Aminoacids | Pyridine alkaloids	pathway	Alkaloids	Alkaloids	Nicotinic acid alkaloids	Aminoacids | Pyridine alkaloids	NPC superclass: Nicotinic acid alkaloids / NPC pathway: Alkaloids	Nicotinic acid alkaloids	2	93	2027747.2	1568991523.9	0.00129238888108183	kruskal_wallis	0.651051411569554	0.991701292638876	ns	0.003395760567281	0.00132309047402444
MDM_B_190626_PET100	PET	raw	superclass	Nicotinic acid alkaloids	Aminoacids | Pyridine alkaloids	pathway	Alkaloids	Alkaloids	Nicotinic acid alkaloids	Aminoacids | Pyridine alkaloids	NPC superclass: Nicotinic acid alkaloids / NPC pathway: Alkaloids	Nicotinic acid alkaloids	2	93	2508128.2	1356937732.2	0.00184837383505695	kruskal_wallis	0.651051411569554	0.991701292638876	ns	0.003395760567281	0.00132309047402444
MDM_B_190626_PS100	PS	raw	superclass	Nicotinic acid alkaloids	Aminoacids | Pyridine alkaloids	pathway	Alkaloids	Alkaloids	Nicotinic acid alkaloids	Aminoacids | Pyridine alkaloids	NPC superclass: Nicotinic acid alkaloids / NPC pathway: Alkaloids	Nicotinic acid alkaloids	2	93	3422627.4	538597945.3	0.00635469821202825	kruskal_wallis	0.651051411569554	0.991701292638876	ns	0.003395760567281	0.00132309047402444
MDM_B_190626_untreated	Untreated	raw	superclass	Nicotinic acid alkaloids	Aminoacids | Pyridine alkaloids	pathway	Alkaloids	Alkaloids	Nicotinic acid alkaloids	Aminoacids | Pyridine alkaloids	NPC superclass: Nicotinic acid alkaloids / NPC pathway: Alkaloids	Nicotinic acid alkaloids	2	93	2027747.2	871464306	0.00232682760044104	kruskal_wallis	0.651051411569554	0.991701292638876	ns	0.003395760567281	0.00132309047402444
MDM_160526_PET05	PET	raw	superclass	Nucleosides	Purine nucleosides | Pyrimidine nucleosides	pathway	Carbohydrates	Carbohydrates	Nucleosides	Purine nucleosides | Pyrimidine nucleosides	NPC superclass: Nucleosides / NPC pathway: Carbohydrates	Nucleosides	3	10	25778998.4	34389963.2	0.749608199638899	kruskal_wallis	0.586646219510031	0.991701292638876	ns	0.0890068551775874	0.110803347948723
MDM_160526_PET100	PET	raw	superclass	Nucleosides	Purine nucleosides | Pyrimidine nucleosides	pathway	Carbohydrates	Carbohydrates	Nucleosides	Purine nucleosides | Pyrimidine nucleosides	NPC superclass: Nucleosides / NPC pathway: Carbohydrates	Nucleosides	3	10	19727313.8	28056539.6	0.703127116930699	kruskal_wallis	0.586646219510031	0.991701292638876	ns	0.0890068551775874	0.110803347948723
MDM_160526_PS05	PS	raw	superclass	Nucleosides	Purine nucleosides | Pyrimidine nucleosides	pathway	Carbohydrates	Carbohydrates	Nucleosides	Purine nucleosides | Pyrimidine nucleosides	NPC superclass: Nucleosides / NPC pathway: Carbohydrates	Nucleosides	3	10	37595708.8	46426403.4	0.809791542025846	kruskal_wallis	0.586646219510031	0.991701292638876	ns	0.0890068551775874	0.110803347948723
MDM_160526_PS100	PS	raw	superclass	Nucleosides	Purine nucleosides | Pyrimidine nucleosides	pathway	Carbohydrates	Carbohydrates	Nucleosides	Purine nucleosides | Pyrimidine nucleosides	NPC superclass: Nucleosides / NPC pathway: Carbohydrates	Nucleosides	3	10	18742417.8	26217207.8	0.714889928133384	kruskal_wallis	0.586646219510031	0.991701292638876	ns	0.0890068551775874	0.110803347948723
MDM_160526_untreated	Untreated	raw	superclass	Nucleosides	Purine nucleosides | Pyrimidine nucleosides	pathway	Carbohydrates	Carbohydrates	Nucleosides	Purine nucleosides | Pyrimidine nucleosides	NPC superclass: Nucleosides / NPC pathway: Carbohydrates	Nucleosides	3	10	31840659.1	40651307.2	0.783262859010841	kruskal_wallis	0.586646219510031	0.991701292638876	ns	0.0890068551775874	0.110803347948723
MDM_A_190626_PET05	PET	raw	superclass	Nucleosides	Purine nucleosides | Pyrimidine nucleosides	pathway	Carbohydrates	Carbohydrates	Nucleosides	Purine nucleosides | Pyrimidine nucleosides	NPC superclass: Nucleosides / NPC pathway: Carbohydrates	Nucleosides	3	10	3041620.8	10138736	0.3	kruskal_wallis	0.586646219510031	0.991701292638876	ns	0.0890068551775874	0.110803347948723
MDM_A_190626_PET100	PET	raw	superclass	Nucleosides	Purine nucleosides | Pyrimidine nucleosides	pathway	Carbohydrates	Carbohydrates	Nucleosides	Purine nucleosides | Pyrimidine nucleosides	NPC superclass: Nucleosides / NPC pathway: Carbohydrates	Nucleosides	3	10	5044215.6	12141330.8	0.41545821319686	kruskal_wallis	0.586646219510031	0.991701292638876	ns	0.0890068551775874	0.110803347948723
MDM_A_190626_PS05	PS	raw	superclass	Nucleosides	Purine nucleosides | Pyrimidine nucleosides	pathway	Carbohydrates	Carbohydrates	Nucleosides	Purine nucleosides | Pyrimidine nucleosides	NPC superclass: Nucleosides / NPC pathway: Carbohydrates	Nucleosides	3	10	8755388.4	16773047.5	0.521991510487286	kruskal_wallis	0.586646219510031	0.991701292638876	ns	0.0890068551775874	0.110803347948723
MDM_A_190626_PS100	PS	raw	superclass	Nucleosides	Purine nucleosides | Pyrimidine nucleosides	pathway	Carbohydrates	Carbohydrates	Nucleosides	Purine nucleosides | Pyrimidine nucleosides	NPC superclass: Nucleosides / NPC pathway: Carbohydrates	Nucleosides	3	10	5440960.4	12538075.6	0.433954984288019	kruskal_wallis	0.586646219510031	0.991701292638876	ns	0.0890068551775874	0.110803347948723
MDM_A_190626_untreated	Untreated	raw	superclass	Nucleosides	Purine nucleosides | Pyrimidine nucleosides	pathway	Carbohydrates	Carbohydrates	Nucleosides	Purine nucleosides | Pyrimidine nucleosides	NPC superclass: Nucleosides / NPC pathway: Carbohydrates	Nucleosides	3	10	5726575	24684804.5	0.231987861196146	kruskal_wallis	0.586646219510031	0.991701292638876	ns	0.0890068551775874	0.110803347948723
MDM_B_120626_PS05	PS	raw	superclass	Nucleosides	Purine nucleosides | Pyrimidine nucleosides	pathway	Carbohydrates	Carbohydrates	Nucleosides	Purine nucleosides | Pyrimidine nucleosides	NPC superclass: Nucleosides / NPC pathway: Carbohydrates	Nucleosides	3	10	35007290.6	55152419	0.634737174447416	kruskal_wallis	0.586646219510031	0.991701292638876	ns	0.0890068551775874	0.110803347948723
MDM_B_190626_PET05	PET	raw	superclass	Nucleosides	Purine nucleosides | Pyrimidine nucleosides	pathway	Carbohydrates	Carbohydrates	Nucleosides	Purine nucleosides | Pyrimidine nucleosides	NPC superclass: Nucleosides / NPC pathway: Carbohydrates	Nucleosides	3	10	11253594.2	24623753.3	0.457021887073568	kruskal_wallis	0.586646219510031	0.991701292638876	ns	0.0890068551775874	0.110803347948723
MDM_B_190626_PET100	PET	raw	superclass	Nucleosides	Purine nucleosides | Pyrimidine nucleosides	pathway	Carbohydrates	Carbohydrates	Nucleosides	Purine nucleosides | Pyrimidine nucleosides	NPC superclass: Nucleosides / NPC pathway: Carbohydrates	Nucleosides	3	10	18874638.8	38741977.2	0.487188320373076	kruskal_wallis	0.586646219510031	0.991701292638876	ns	0.0890068551775874	0.110803347948723
MDM_B_190626_PS100	PS	raw	superclass	Nucleosides	Purine nucleosides | Pyrimidine nucleosides	pathway	Carbohydrates	Carbohydrates	Nucleosides	Purine nucleosides | Pyrimidine nucleosides	NPC superclass: Nucleosides / NPC pathway: Carbohydrates	Nucleosides	3	10	17272757.6	32523850.3	0.531079728896674	kruskal_wallis	0.586646219510031	0.991701292638876	ns	0.0890068551775874	0.110803347948723
MDM_B_190626_untreated	Untreated	raw	superclass	Nucleosides	Purine nucleosides | Pyrimidine nucleosides	pathway	Carbohydrates	Carbohydrates	Nucleosides	Purine nucleosides | Pyrimidine nucleosides	NPC superclass: Nucleosides / NPC pathway: Carbohydrates	Nucleosides	3	10	27762995.8	49479729.6	0.56109837350445	kruskal_wallis	0.586646219510031	0.991701292638876	ns	0.0890068551775874	0.110803347948723
MDM_160526_PET05	PET	raw	superclass	Octadecanoids	Jasmonic acids | Other Octadecanoids | Phytane diterpenoids	pathway	Fatty acids	Fatty acids	Octadecanoids	Jasmonic acids | Other Octadecanoids | Phytane diterpenoids	NPC superclass: Octadecanoids / NPC pathway: Fatty acids	Octadecanoids	14	1440	469803103.5	22473036077.3	0.0209051906419777	kruskal_wallis	0.893597347108515	0.991701292638876	ns	0.00677898896006662	0.00190279477815185
MDM_160526_PET100	PET	raw	superclass	Octadecanoids	Jasmonic acids | Other Octadecanoids | Phytane diterpenoids	pathway	Fatty acids	Fatty acids	Octadecanoids	Jasmonic acids | Other Octadecanoids | Phytane diterpenoids	NPC superclass: Octadecanoids / NPC pathway: Fatty acids	Octadecanoids	14	1440	715362537.5	28244838693.3	0.0253271950060629	kruskal_wallis	0.893597347108515	0.991701292638876	ns	0.00677898896006662	0.00190279477815185
MDM_160526_PS05	PS	raw	superclass	Octadecanoids	Jasmonic acids | Other Octadecanoids | Phytane diterpenoids	pathway	Fatty acids	Fatty acids	Octadecanoids	Jasmonic acids | Other Octadecanoids | Phytane diterpenoids	NPC superclass: Octadecanoids / NPC pathway: Fatty acids	Octadecanoids	14	1440	351139048.9	20456769507.4	0.0171649315779297	kruskal_wallis	0.893597347108515	0.991701292638876	ns	0.00677898896006662	0.00190279477815185
MDM_160526_PS100	PS	raw	superclass	Octadecanoids	Jasmonic acids | Other Octadecanoids | Phytane diterpenoids	pathway	Fatty acids	Fatty acids	Octadecanoids	Jasmonic acids | Other Octadecanoids | Phytane diterpenoids	NPC superclass: Octadecanoids / NPC pathway: Fatty acids	Octadecanoids	14	1440	1670811434	30211472297.4	0.0553038732291041	kruskal_wallis	0.893597347108515	0.991701292638876	ns	0.00677898896006662	0.00190279477815185
MDM_160526_untreated	Untreated	raw	superclass	Octadecanoids	Jasmonic acids | Other Octadecanoids | Phytane diterpenoids	pathway	Fatty acids	Fatty acids	Octadecanoids	Jasmonic acids | Other Octadecanoids | Phytane diterpenoids	NPC superclass: Octadecanoids / NPC pathway: Fatty acids	Octadecanoids	14	1440	475165763.5	26519025548.7	0.017917919443435	kruskal_wallis	0.893597347108515	0.991701292638876	ns	0.00677898896006662	0.00190279477815185
MDM_A_190626_PET05	PET	raw	superclass	Octadecanoids	Jasmonic acids | Other Octadecanoids | Phytane diterpenoids	pathway	Fatty acids	Fatty acids	Octadecanoids	Jasmonic acids | Other Octadecanoids | Phytane diterpenoids	NPC superclass: Octadecanoids / NPC pathway: Fatty acids	Octadecanoids	14	1440	14194230.4	1459977984	0.00972222222222222	kruskal_wallis	0.893597347108515	0.991701292638876	ns	0.00677898896006662	0.00190279477815185
MDM_A_190626_PET100	PET	raw	superclass	Octadecanoids	Jasmonic acids | Other Octadecanoids | Phytane diterpenoids	pathway	Fatty acids	Fatty acids	Octadecanoids	Jasmonic acids | Other Octadecanoids | Phytane diterpenoids	NPC superclass: Octadecanoids / NPC pathway: Fatty acids	Octadecanoids	14	1440	650709067	38894935316.3	0.0167299177054371	kruskal_wallis	0.893597347108515	0.991701292638876	ns	0.00677898896006662	0.00190279477815185
MDM_A_190626_PS05	PS	raw	superclass	Octadecanoids	Jasmonic acids | Other Octadecanoids | Phytane diterpenoids	pathway	Fatty acids	Fatty acids	Octadecanoids	Jasmonic acids | Other Octadecanoids | Phytane diterpenoids	NPC superclass: Octadecanoids / NPC pathway: Fatty acids	Octadecanoids	14	1440	420061649.1	28257831826.4	0.0148653177526365	kruskal_wallis	0.893597347108515	0.991701292638876	ns	0.00677898896006662	0.00190279477815185
MDM_A_190626_PS100	PS	raw	superclass	Octadecanoids	Jasmonic acids | Other Octadecanoids | Phytane diterpenoids	pathway	Fatty acids	Fatty acids	Octadecanoids	Jasmonic acids | Other Octadecanoids | Phytane diterpenoids	NPC superclass: Octadecanoids / NPC pathway: Fatty acids	Octadecanoids	14	1440	377379230.1	25448591356.4	0.0148290812962853	kruskal_wallis	0.893597347108515	0.991701292638876	ns	0.00677898896006662	0.00190279477815185
MDM_A_190626_untreated	Untreated	raw	superclass	Octadecanoids	Jasmonic acids | Other Octadecanoids | Phytane diterpenoids	pathway	Fatty acids	Fatty acids	Octadecanoids	Jasmonic acids | Other Octadecanoids | Phytane diterpenoids	NPC superclass: Octadecanoids / NPC pathway: Fatty acids	Octadecanoids	14	1440	627266950.3	26876593288.9	0.0233387819489407	kruskal_wallis	0.893597347108515	0.991701292638876	ns	0.00677898896006662	0.00190279477815185
MDM_B_120626_PS05	PS	raw	superclass	Octadecanoids	Jasmonic acids | Other Octadecanoids | Phytane diterpenoids	pathway	Fatty acids	Fatty acids	Octadecanoids	Jasmonic acids | Other Octadecanoids | Phytane diterpenoids	NPC superclass: Octadecanoids / NPC pathway: Fatty acids	Octadecanoids	14	1440	644834693.5	26269246863.4	0.0245471328832965	kruskal_wallis	0.893597347108515	0.991701292638876	ns	0.00677898896006662	0.00190279477815185
MDM_B_190626_PET05	PET	raw	superclass	Octadecanoids	Jasmonic acids | Other Octadecanoids | Phytane diterpenoids	pathway	Fatty acids	Fatty acids	Octadecanoids	Jasmonic acids | Other Octadecanoids | Phytane diterpenoids	NPC superclass: Octadecanoids / NPC pathway: Fatty acids	Octadecanoids	14	1440	286275232.2	26270617827.66	0.0108971640514135	kruskal_wallis	0.893597347108515	0.991701292638876	ns	0.00677898896006662	0.00190279477815185
MDM_B_190626_PET100	PET	raw	superclass	Octadecanoids	Jasmonic acids | Other Octadecanoids | Phytane diterpenoids	pathway	Fatty acids	Fatty acids	Octadecanoids	Jasmonic acids | Other Octadecanoids | Phytane diterpenoids	NPC superclass: Octadecanoids / NPC pathway: Fatty acids	Octadecanoids	14	1440	477379885	29419865311.6	0.0162264469923244	kruskal_wallis	0.893597347108515	0.991701292638876	ns	0.00677898896006662	0.00190279477815185
MDM_B_190626_PS100	PS	raw	superclass	Octadecanoids	Jasmonic acids | Other Octadecanoids | Phytane diterpenoids	pathway	Fatty acids	Fatty acids	Octadecanoids	Jasmonic acids | Other Octadecanoids | Phytane diterpenoids	NPC superclass: Octadecanoids / NPC pathway: Fatty acids	Octadecanoids	14	1440	388901473.7	31808703086.2	0.0122262599844482	kruskal_wallis	0.893597347108515	0.991701292638876	ns	0.00677898896006662	0.00190279477815185
MDM_B_190626_untreated	Untreated	raw	superclass	Octadecanoids	Jasmonic acids | Other Octadecanoids | Phytane diterpenoids	pathway	Fatty acids	Fatty acids	Octadecanoids	Jasmonic acids | Other Octadecanoids | Phytane diterpenoids	NPC superclass: Octadecanoids / NPC pathway: Fatty acids	Octadecanoids	14	1440	185454219.4	23550848395.1	0.00787463008927465	kruskal_wallis	0.893597347108515	0.991701292638876	ns	0.00677898896006662	0.00190279477815185
MDM_160526_PET05	PET	raw	superclass	Oligopeptides	Cyclamides | Cyclic peptides | Depsipeptides | Linear peptides | Lipopeptides | Microcolins and mirabimids | Microginins | Open-chain polyketides | Tripeptides	pathway	Amino acids and Peptides	Amino acids and Peptides	Oligopeptides	Cyclamides | Cyclic peptides | Depsipeptides | Linear peptides | Lipopeptides | Microcolins and mirabimids | Microginins | Open-chain polyketides | Tripeptides	NPC superclass: Oligopeptides / NPC pathway: Amino acids and Peptides	Oligopeptides	125	141	693787856.9	720581507.6	0.962816627380239	kruskal_wallis	0.562704868806956	0.991701292638876	ns	0.0657703860997116	0.0734002685695597
MDM_160526_PET100	PET	raw	superclass	Oligopeptides	Cyclamides | Cyclic peptides | Depsipeptides | Linear peptides | Lipopeptides | Microcolins and mirabimids | Microginins | Open-chain polyketides | Tripeptides	pathway	Amino acids and Peptides	Amino acids and Peptides	Oligopeptides	Cyclamides | Cyclic peptides | Depsipeptides | Linear peptides | Lipopeptides | Microcolins and mirabimids | Microginins | Open-chain polyketides | Tripeptides	NPC superclass: Oligopeptides / NPC pathway: Amino acids and Peptides	Oligopeptides	125	141	981224971.9	990293412.4	0.990842673104305	kruskal_wallis	0.562704868806956	0.991701292638876	ns	0.0657703860997116	0.0734002685695597
MDM_160526_PS05	PS	raw	superclass	Oligopeptides	Cyclamides | Cyclic peptides | Depsipeptides | Linear peptides | Lipopeptides | Microcolins and mirabimids | Microginins | Open-chain polyketides | Tripeptides	pathway	Amino acids and Peptides	Amino acids and Peptides	Oligopeptides	Cyclamides | Cyclic peptides | Depsipeptides | Linear peptides | Lipopeptides | Microcolins and mirabimids | Microginins | Open-chain polyketides | Tripeptides	NPC superclass: Oligopeptides / NPC pathway: Amino acids and Peptides	Oligopeptides	125	141	699458324.2	707706255.9	0.988345543604796	kruskal_wallis	0.562704868806956	0.991701292638876	ns	0.0657703860997116	0.0734002685695597
MDM_160526_PS100	PS	raw	superclass	Oligopeptides	Cyclamides | Cyclic peptides | Depsipeptides | Linear peptides | Lipopeptides | Microcolins and mirabimids | Microginins | Open-chain polyketides | Tripeptides	pathway	Amino acids and Peptides	Amino acids and Peptides	Oligopeptides	Cyclamides | Cyclic peptides | Depsipeptides | Linear peptides | Lipopeptides | Microcolins and mirabimids | Microginins | Open-chain polyketides | Tripeptides	NPC superclass: Oligopeptides / NPC pathway: Amino acids and Peptides	Oligopeptides	125	141	792868501.1	869130201.8	0.912255148259652	kruskal_wallis	0.562704868806956	0.991701292638876	ns	0.0657703860997116	0.0734002685695597
MDM_160526_untreated	Untreated	raw	superclass	Oligopeptides	Cyclamides | Cyclic peptides | Depsipeptides | Linear peptides | Lipopeptides | Microcolins and mirabimids | Microginins | Open-chain polyketides | Tripeptides	pathway	Amino acids and Peptides	Amino acids and Peptides	Oligopeptides	Cyclamides | Cyclic peptides | Depsipeptides | Linear peptides | Lipopeptides | Microcolins and mirabimids | Microginins | Open-chain polyketides | Tripeptides	NPC superclass: Oligopeptides / NPC pathway: Amino acids and Peptides	Oligopeptides	125	141	765548906	829205201.5	0.923232156063604	kruskal_wallis	0.562704868806956	0.991701292638876	ns	0.0657703860997116	0.0734002685695597
MDM_A_190626_PET05	PET	raw	superclass	Oligopeptides	Cyclamides | Cyclic peptides | Depsipeptides | Linear peptides | Lipopeptides | Microcolins and mirabimids | Microginins | Open-chain polyketides | Tripeptides	pathway	Amino acids and Peptides	Amino acids and Peptides	Oligopeptides	Cyclamides | Cyclic peptides | Depsipeptides | Linear peptides | Lipopeptides | Microcolins and mirabimids | Microginins | Open-chain polyketides | Tripeptides	NPC superclass: Oligopeptides / NPC pathway: Amino acids and Peptides	Oligopeptides	125	141	127760777.3	143982754.9	0.88733388514988	kruskal_wallis	0.562704868806956	0.991701292638876	ns	0.0657703860997116	0.0734002685695597
MDM_A_190626_PET100	PET	raw	superclass	Oligopeptides	Cyclamides | Cyclic peptides | Depsipeptides | Linear peptides | Lipopeptides | Microcolins and mirabimids | Microginins | Open-chain polyketides | Tripeptides	pathway	Amino acids and Peptides	Amino acids and Peptides	Oligopeptides	Cyclamides | Cyclic peptides | Depsipeptides | Linear peptides | Lipopeptides | Microcolins and mirabimids | Microginins | Open-chain polyketides | Tripeptides	NPC superclass: Oligopeptides / NPC pathway: Amino acids and Peptides	Oligopeptides	125	141	1083361549	1555297808	0.696562126833525	kruskal_wallis	0.562704868806956	0.991701292638876	ns	0.0657703860997116	0.0734002685695597
MDM_A_190626_PS05	PS	raw	superclass	Oligopeptides	Cyclamides | Cyclic peptides | Depsipeptides | Linear peptides | Lipopeptides | Microcolins and mirabimids | Microginins | Open-chain polyketides | Tripeptides	pathway	Amino acids and Peptides	Amino acids and Peptides	Oligopeptides	Cyclamides | Cyclic peptides | Depsipeptides | Linear peptides | Lipopeptides | Microcolins and mirabimids | Microginins | Open-chain polyketides | Tripeptides	NPC superclass: Oligopeptides / NPC pathway: Amino acids and Peptides	Oligopeptides	125	141	997985906.6	1177804050.8	0.847327622894605	kruskal_wallis	0.562704868806956	0.991701292638876	ns	0.0657703860997116	0.0734002685695597
MDM_A_190626_PS100	PS	raw	superclass	Oligopeptides	Cyclamides | Cyclic peptides | Depsipeptides | Linear peptides | Lipopeptides | Microcolins and mirabimids | Microginins | Open-chain polyketides | Tripeptides	pathway	Amino acids and Peptides	Amino acids and Peptides	Oligopeptides	Cyclamides | Cyclic peptides | Depsipeptides | Linear peptides | Lipopeptides | Microcolins and mirabimids | Microginins | Open-chain polyketides | Tripeptides	NPC superclass: Oligopeptides / NPC pathway: Amino acids and Peptides	Oligopeptides	125	141	1018465260.8	1003167079.2	1.01524988400955	kruskal_wallis	0.562704868806956	0.991701292638876	ns	0.0657703860997116	0.0734002685695597
MDM_A_190626_untreated	Untreated	raw	superclass	Oligopeptides	Cyclamides | Cyclic peptides | Depsipeptides | Linear peptides | Lipopeptides | Microcolins and mirabimids | Microginins | Open-chain polyketides | Tripeptides	pathway	Amino acids and Peptides	Amino acids and Peptides	Oligopeptides	Cyclamides | Cyclic peptides | Depsipeptides | Linear peptides | Lipopeptides | Microcolins and mirabimids | Microginins | Open-chain polyketides | Tripeptides	NPC superclass: Oligopeptides / NPC pathway: Amino acids and Peptides	Oligopeptides	125	141	1169591633.1	1301885211.6	0.898383069934858	kruskal_wallis	0.562704868806956	0.991701292638876	ns	0.0657703860997116	0.0734002685695597
MDM_B_120626_PS05	PS	raw	superclass	Oligopeptides	Cyclamides | Cyclic peptides | Depsipeptides | Linear peptides | Lipopeptides | Microcolins and mirabimids | Microginins | Open-chain polyketides | Tripeptides	pathway	Amino acids and Peptides	Amino acids and Peptides	Oligopeptides	Cyclamides | Cyclic peptides | Depsipeptides | Linear peptides | Lipopeptides | Microcolins and mirabimids | Microginins | Open-chain polyketides | Tripeptides	NPC superclass: Oligopeptides / NPC pathway: Amino acids and Peptides	Oligopeptides	125	141	830680436.4	963253372.2	0.86236961154134	kruskal_wallis	0.562704868806956	0.991701292638876	ns	0.0657703860997116	0.0734002685695597
MDM_B_190626_PET05	PET	raw	superclass	Oligopeptides	Cyclamides | Cyclic peptides | Depsipeptides | Linear peptides | Lipopeptides | Microcolins and mirabimids | Microginins | Open-chain polyketides | Tripeptides	pathway	Amino acids and Peptides	Amino acids and Peptides	Oligopeptides	Cyclamides | Cyclic peptides | Depsipeptides | Linear peptides | Lipopeptides | Microcolins and mirabimids | Microginins | Open-chain polyketides | Tripeptides	NPC superclass: Oligopeptides / NPC pathway: Amino acids and Peptides	Oligopeptides	125	141	875920796.9	1074420585.3	0.815249455273072	kruskal_wallis	0.562704868806956	0.991701292638876	ns	0.0657703860997116	0.0734002685695597
MDM_B_190626_PET100	PET	raw	superclass	Oligopeptides	Cyclamides | Cyclic peptides | Depsipeptides | Linear peptides | Lipopeptides | Microcolins and mirabimids | Microginins | Open-chain polyketides | Tripeptides	pathway	Amino acids and Peptides	Amino acids and Peptides	Oligopeptides	Cyclamides | Cyclic peptides | Depsipeptides | Linear peptides | Lipopeptides | Microcolins and mirabimids | Microginins | Open-chain polyketides | Tripeptides	NPC superclass: Oligopeptides / NPC pathway: Amino acids and Peptides	Oligopeptides	125	141	916039793	1057910792.8	0.865895120112627	kruskal_wallis	0.562704868806956	0.991701292638876	ns	0.0657703860997116	0.0734002685695597
MDM_B_190626_PS100	PS	raw	superclass	Oligopeptides	Cyclamides | Cyclic peptides | Depsipeptides | Linear peptides | Lipopeptides | Microcolins and mirabimids | Microginins | Open-chain polyketides | Tripeptides	pathway	Amino acids and Peptides	Amino acids and Peptides	Oligopeptides	Cyclamides | Cyclic peptides | Depsipeptides | Linear peptides | Lipopeptides | Microcolins and mirabimids | Microginins | Open-chain polyketides | Tripeptides	NPC superclass: Oligopeptides / NPC pathway: Amino acids and Peptides	Oligopeptides	125	141	1099537474.6	1113146363.3	0.987774394141975	kruskal_wallis	0.562704868806956	0.991701292638876	ns	0.0657703860997116	0.0734002685695597
MDM_B_190626_untreated	Untreated	raw	superclass	Oligopeptides	Cyclamides | Cyclic peptides | Depsipeptides | Linear peptides | Lipopeptides | Microcolins and mirabimids | Microginins | Open-chain polyketides | Tripeptides	pathway	Amino acids and Peptides	Amino acids and Peptides	Oligopeptides	Cyclamides | Cyclic peptides | Depsipeptides | Linear peptides | Lipopeptides | Microcolins and mirabimids | Microginins | Open-chain polyketides | Tripeptides	NPC superclass: Oligopeptides / NPC pathway: Amino acids and Peptides	Oligopeptides	125	141	727541900.4	848104959.2	0.857844176605541	kruskal_wallis	0.562704868806956	0.991701292638876	ns	0.0657703860997116	0.0734002685695597
MDM_160526_PET05	PET	raw	superclass	Ornithine alkaloids	Tropane alkaloids	pathway	Alkaloids	Alkaloids	Ornithine alkaloids	Tropane alkaloids	NPC superclass: Ornithine alkaloids / NPC pathway: Alkaloids	Ornithine alkaloids	1	93	3274347.5	550808546.9	0.005944619992606	kruskal_wallis	0.908615439356306	0.991701292638876	ns	0.00174764185461639	0.00167369902754691
MDM_160526_PET100	PET	raw	superclass	Ornithine alkaloids	Tropane alkaloids	pathway	Alkaloids	Alkaloids	Ornithine alkaloids	Tropane alkaloids	NPC superclass: Ornithine alkaloids / NPC pathway: Alkaloids	Ornithine alkaloids	1	93	3132300	583831736.5	0.00536507319519449	kruskal_wallis	0.908615439356306	0.991701292638876	ns	0.00174764185461639	0.00167369902754691
MDM_160526_PS05	PS	raw	superclass	Ornithine alkaloids	Tropane alkaloids	pathway	Alkaloids	Alkaloids	Ornithine alkaloids	Tropane alkaloids	NPC superclass: Ornithine alkaloids / NPC pathway: Alkaloids	Ornithine alkaloids	1	93	3215230.5	638209892.3	0.00503788884940792	kruskal_wallis	0.908615439356306	0.991701292638876	ns	0.00174764185461639	0.00167369902754691
MDM_160526_PS100	PS	raw	superclass	Ornithine alkaloids	Tropane alkaloids	pathway	Alkaloids	Alkaloids	Ornithine alkaloids	Tropane alkaloids	NPC superclass: Ornithine alkaloids / NPC pathway: Alkaloids	Ornithine alkaloids	1	93	4157398	597964616.7	0.00695258194865027	kruskal_wallis	0.908615439356306	0.991701292638876	ns	0.00174764185461639	0.00167369902754691
MDM_160526_untreated	Untreated	raw	superclass	Ornithine alkaloids	Tropane alkaloids	pathway	Alkaloids	Alkaloids	Ornithine alkaloids	Tropane alkaloids	NPC superclass: Ornithine alkaloids / NPC pathway: Alkaloids	Ornithine alkaloids	1	93	2004227.8	704625527.6	0.00284438715529727	kruskal_wallis	0.908615439356306	0.991701292638876	ns	0.00174764185461639	0.00167369902754691
MDM_A_190626_PET05	PET	raw	superclass	Ornithine alkaloids	Tropane alkaloids	pathway	Alkaloids	Alkaloids	Ornithine alkaloids	Tropane alkaloids	NPC superclass: Ornithine alkaloids / NPC pathway: Alkaloids	Ornithine alkaloids	1	93	1013873.6	94290244.8	0.010752688172043	kruskal_wallis	0.908615439356306	0.991701292638876	ns	0.00174764185461639	0.00167369902754691
MDM_A_190626_PET100	PET	raw	superclass	Ornithine alkaloids	Tropane alkaloids	pathway	Alkaloids	Alkaloids	Ornithine alkaloids	Tropane alkaloids	NPC superclass: Ornithine alkaloids / NPC pathway: Alkaloids	Ornithine alkaloids	1	93	3325061.5	1952488677.2	0.00170298631629883	kruskal_wallis	0.908615439356306	0.991701292638876	ns	0.00174764185461639	0.00167369902754691
MDM_A_190626_PS05	PS	raw	superclass	Ornithine alkaloids	Tropane alkaloids	pathway	Alkaloids	Alkaloids	Ornithine alkaloids	Tropane alkaloids	NPC superclass: Ornithine alkaloids / NPC pathway: Alkaloids	Ornithine alkaloids	1	93	2433097.2	1946448747.8	0.00125001863149494	kruskal_wallis	0.908615439356306	0.991701292638876	ns	0.00174764185461639	0.00167369902754691
MDM_A_190626_PS100	PS	raw	superclass	Ornithine alkaloids	Tropane alkaloids	pathway	Alkaloids	Alkaloids	Ornithine alkaloids	Tropane alkaloids	NPC superclass: Ornithine alkaloids / NPC pathway: Alkaloids	Ornithine alkaloids	1	93	2397667	599674082.7	0.00399828351628043	kruskal_wallis	0.908615439356306	0.991701292638876	ns	0.00174764185461639	0.00167369902754691
MDM_A_190626_untreated	Untreated	raw	superclass	Ornithine alkaloids	Tropane alkaloids	pathway	Alkaloids	Alkaloids	Ornithine alkaloids	Tropane alkaloids	NPC superclass: Ornithine alkaloids / NPC pathway: Alkaloids	Ornithine alkaloids	1	93	3315004.8	1543184201	0.00214815885093422	kruskal_wallis	0.908615439356306	0.991701292638876	ns	0.00174764185461639	0.00167369902754691
MDM_B_120626_PS05	PS	raw	superclass	Ornithine alkaloids	Tropane alkaloids	pathway	Alkaloids	Alkaloids	Ornithine alkaloids	Tropane alkaloids	NPC superclass: Ornithine alkaloids / NPC pathway: Alkaloids	Ornithine alkaloids	1	93	1916793.6	1284156567.2	0.00149264789742844	kruskal_wallis	0.908615439356306	0.991701292638876	ns	0.00174764185461639	0.00167369902754691
MDM_B_190626_PET05	PET	raw	superclass	Ornithine alkaloids	Tropane alkaloids	pathway	Alkaloids	Alkaloids	Ornithine alkaloids	Tropane alkaloids	NPC superclass: Ornithine alkaloids / NPC pathway: Alkaloids	Ornithine alkaloids	1	93	1236441.1	1568991523.9	0.000788048298009037	kruskal_wallis	0.908615439356306	0.991701292638876	ns	0.00174764185461639	0.00167369902754691
MDM_B_190626_PET100	PET	raw	superclass	Ornithine alkaloids	Tropane alkaloids	pathway	Alkaloids	Alkaloids	Ornithine alkaloids	Tropane alkaloids	NPC superclass: Ornithine alkaloids / NPC pathway: Alkaloids	Ornithine alkaloids	1	93	2863347.2	1356937732.2	0.00211015371748685	kruskal_wallis	0.908615439356306	0.991701292638876	ns	0.00174764185461639	0.00167369902754691
MDM_B_190626_PS100	PS	raw	superclass	Ornithine alkaloids	Tropane alkaloids	pathway	Alkaloids	Alkaloids	Ornithine alkaloids	Tropane alkaloids	NPC superclass: Ornithine alkaloids / NPC pathway: Alkaloids	Ornithine alkaloids	1	93	2949137	538597945.3	0.00547558160170352	kruskal_wallis	0.908615439356306	0.991701292638876	ns	0.00174764185461639	0.00167369902754691
MDM_B_190626_untreated	Untreated	raw	superclass	Ornithine alkaloids	Tropane alkaloids	pathway	Alkaloids	Alkaloids	Ornithine alkaloids	Tropane alkaloids	NPC superclass: Ornithine alkaloids / NPC pathway: Alkaloids	Ornithine alkaloids	1	93	2698326.5	871464306	0.00309631327573846	kruskal_wallis	0.908615439356306	0.991701292638876	ns	0.00174764185461639	0.00167369902754691
MDM_160526_PET05	PET	raw	superclass	Phenylpropanoids (C6-C3)	Cinnamic acids and derivatives	pathway	Shikimates and Phenylpropanoids	Shikimates and Phenylpropanoids	Phenylpropanoids (C6-C3)	Cinnamic acids and derivatives	NPC superclass: Phenylpropanoids (C6-C3) / NPC pathway: Shikimates and Phenylpropanoids	Phenylpropanoids (C6-C3)	1	44	38677076	156541070.1	0.247073026748142	kruskal_wallis	0.498658725853428	0.991701292638876	ns	0.0472751255159156	0.0616901123174626
MDM_160526_PET100	PET	raw	superclass	Phenylpropanoids (C6-C3)	Cinnamic acids and derivatives	pathway	Shikimates and Phenylpropanoids	Shikimates and Phenylpropanoids	Phenylpropanoids (C6-C3)	Cinnamic acids and derivatives	NPC superclass: Phenylpropanoids (C6-C3) / NPC pathway: Shikimates and Phenylpropanoids	Phenylpropanoids (C6-C3)	1	44	44297136	180942395	0.244813472265579	kruskal_wallis	0.498658725853428	0.991701292638876	ns	0.0472751255159156	0.0616901123174626
MDM_160526_PS05	PS	raw	superclass	Phenylpropanoids (C6-C3)	Cinnamic acids and derivatives	pathway	Shikimates and Phenylpropanoids	Shikimates and Phenylpropanoids	Phenylpropanoids (C6-C3)	Cinnamic acids and derivatives	NPC superclass: Phenylpropanoids (C6-C3) / NPC pathway: Shikimates and Phenylpropanoids	Phenylpropanoids (C6-C3)	1	44	37954800	145061714.6	0.261645880201115	kruskal_wallis	0.498658725853428	0.991701292638876	ns	0.0472751255159156	0.0616901123174626
MDM_160526_PS100	PS	raw	superclass	Phenylpropanoids (C6-C3)	Cinnamic acids and derivatives	pathway	Shikimates and Phenylpropanoids	Shikimates and Phenylpropanoids	Phenylpropanoids (C6-C3)	Cinnamic acids and derivatives	NPC superclass: Phenylpropanoids (C6-C3) / NPC pathway: Shikimates and Phenylpropanoids	Phenylpropanoids (C6-C3)	1	44	31434726	193111262.1	0.162780387110318	kruskal_wallis	0.498658725853428	0.991701292638876	ns	0.0472751255159156	0.0616901123174626
MDM_160526_untreated	Untreated	raw	superclass	Phenylpropanoids (C6-C3)	Cinnamic acids and derivatives	pathway	Shikimates and Phenylpropanoids	Shikimates and Phenylpropanoids	Phenylpropanoids (C6-C3)	Cinnamic acids and derivatives	NPC superclass: Phenylpropanoids (C6-C3) / NPC pathway: Shikimates and Phenylpropanoids	Phenylpropanoids (C6-C3)	1	44	44506870	180555053.7	0.246500272841712	kruskal_wallis	0.498658725853428	0.991701292638876	ns	0.0472751255159156	0.0616901123174626
MDM_A_190626_PET05	PET	raw	superclass	Phenylpropanoids (C6-C3)	Cinnamic acids and derivatives	pathway	Shikimates and Phenylpropanoids	Shikimates and Phenylpropanoids	Phenylpropanoids (C6-C3)	Cinnamic acids and derivatives	NPC superclass: Phenylpropanoids (C6-C3) / NPC pathway: Shikimates and Phenylpropanoids	Phenylpropanoids (C6-C3)	1	44	1013873.6	44610438.4	0.0227272727272727	kruskal_wallis	0.498658725853428	0.991701292638876	ns	0.0472751255159156	0.0616901123174626
MDM_A_190626_PET100	PET	raw	superclass	Phenylpropanoids (C6-C3)	Cinnamic acids and derivatives	pathway	Shikimates and Phenylpropanoids	Shikimates and Phenylpropanoids	Phenylpropanoids (C6-C3)	Cinnamic acids and derivatives	NPC superclass: Phenylpropanoids (C6-C3) / NPC pathway: Shikimates and Phenylpropanoids	Phenylpropanoids (C6-C3)	1	44	38434296	299146470.6	0.128479857786428	kruskal_wallis	0.498658725853428	0.991701292638876	ns	0.0472751255159156	0.0616901123174626
MDM_A_190626_PS05	PS	raw	superclass	Phenylpropanoids (C6-C3)	Cinnamic acids and derivatives	pathway	Shikimates and Phenylpropanoids	Shikimates and Phenylpropanoids	Phenylpropanoids (C6-C3)	Cinnamic acids and derivatives	NPC superclass: Phenylpropanoids (C6-C3) / NPC pathway: Shikimates and Phenylpropanoids	Phenylpropanoids (C6-C3)	1	44	40723310	212426317.8	0.191705577829302	kruskal_wallis	0.498658725853428	0.991701292638876	ns	0.0472751255159156	0.0616901123174626
MDM_A_190626_PS100	PS	raw	superclass	Phenylpropanoids (C6-C3)	Cinnamic acids and derivatives	pathway	Shikimates and Phenylpropanoids	Shikimates and Phenylpropanoids	Phenylpropanoids (C6-C3)	Cinnamic acids and derivatives	NPC superclass: Phenylpropanoids (C6-C3) / NPC pathway: Shikimates and Phenylpropanoids	Phenylpropanoids (C6-C3)	1	44	36379470	223680452.3	0.162640363187427	kruskal_wallis	0.498658725853428	0.991701292638876	ns	0.0472751255159156	0.0616901123174626
MDM_A_190626_untreated	Untreated	raw	superclass	Phenylpropanoids (C6-C3)	Cinnamic acids and derivatives	pathway	Shikimates and Phenylpropanoids	Shikimates and Phenylpropanoids	Phenylpropanoids (C6-C3)	Cinnamic acids and derivatives	NPC superclass: Phenylpropanoids (C6-C3) / NPC pathway: Shikimates and Phenylpropanoids	Phenylpropanoids (C6-C3)	1	44	36121564	294172894.2	0.122790252644562	kruskal_wallis	0.498658725853428	0.991701292638876	ns	0.0472751255159156	0.0616901123174626
MDM_B_120626_PS05	PS	raw	superclass	Phenylpropanoids (C6-C3)	Cinnamic acids and derivatives	pathway	Shikimates and Phenylpropanoids	Shikimates and Phenylpropanoids	Phenylpropanoids (C6-C3)	Cinnamic acids and derivatives	NPC superclass: Phenylpropanoids (C6-C3) / NPC pathway: Shikimates and Phenylpropanoids	Phenylpropanoids (C6-C3)	1	44	45073304	172085450.6	0.261923967673302	kruskal_wallis	0.498658725853428	0.991701292638876	ns	0.0472751255159156	0.0616901123174626
MDM_B_190626_PET05	PET	raw	superclass	Phenylpropanoids (C6-C3)	Cinnamic acids and derivatives	pathway	Shikimates and Phenylpropanoids	Shikimates and Phenylpropanoids	Phenylpropanoids (C6-C3)	Cinnamic acids and derivatives	NPC superclass: Phenylpropanoids (C6-C3) / NPC pathway: Shikimates and Phenylpropanoids	Phenylpropanoids (C6-C3)	1	44	43276132	245667618.8	0.176157249422568	kruskal_wallis	0.498658725853428	0.991701292638876	ns	0.0472751255159156	0.0616901123174626
MDM_B_190626_PET100	PET	raw	superclass	Phenylpropanoids (C6-C3)	Cinnamic acids and derivatives	pathway	Shikimates and Phenylpropanoids	Shikimates and Phenylpropanoids	Phenylpropanoids (C6-C3)	Cinnamic acids and derivatives	NPC superclass: Phenylpropanoids (C6-C3) / NPC pathway: Shikimates and Phenylpropanoids	Phenylpropanoids (C6-C3)	1	44	34512270	178392029.6	0.193463071625931	kruskal_wallis	0.498658725853428	0.991701292638876	ns	0.0472751255159156	0.0616901123174626
MDM_B_190626_PS100	PS	raw	superclass	Phenylpropanoids (C6-C3)	Cinnamic acids and derivatives	pathway	Shikimates and Phenylpropanoids	Shikimates and Phenylpropanoids	Phenylpropanoids (C6-C3)	Cinnamic acids and derivatives	NPC superclass: Phenylpropanoids (C6-C3) / NPC pathway: Shikimates and Phenylpropanoids	Phenylpropanoids (C6-C3)	1	44	42045570	164453444.4	0.25566852766995	kruskal_wallis	0.498658725853428	0.991701292638876	ns	0.0472751255159156	0.0616901123174626
MDM_B_190626_untreated	Untreated	raw	superclass	Phenylpropanoids (C6-C3)	Cinnamic acids and derivatives	pathway	Shikimates and Phenylpropanoids	Shikimates and Phenylpropanoids	Phenylpropanoids (C6-C3)	Cinnamic acids and derivatives	NPC superclass: Phenylpropanoids (C6-C3) / NPC pathway: Shikimates and Phenylpropanoids	Phenylpropanoids (C6-C3)	1	44	32302480	122720072.1	0.263220836227002	kruskal_wallis	0.498658725853428	0.991701292638876	ns	0.0472751255159156	0.0616901123174626
MDM_160526_PET05	PET	raw	superclass	Saccharides	Monosaccharides	pathway	Carbohydrates	Carbohydrates	Saccharides	Monosaccharides	NPC superclass: Saccharides / NPC pathway: Carbohydrates	Saccharides	1	10	1013873.6	34389963.2	0.0294816715593345	kruskal_wallis	0.987577800493882	0.991701292638876	ns	0.0249569211462759	0.0320375652402807
MDM_160526_PET100	PET	raw	superclass	Saccharides	Monosaccharides	pathway	Carbohydrates	Carbohydrates	Saccharides	Monosaccharides	NPC superclass: Saccharides / NPC pathway: Carbohydrates	Saccharides	1	10	1013873.6	28056539.6	0.0361368014179482	kruskal_wallis	0.987577800493882	0.991701292638876	ns	0.0249569211462759	0.0320375652402807
MDM_160526_PS05	PS	raw	superclass	Saccharides	Monosaccharides	pathway	Carbohydrates	Carbohydrates	Saccharides	Monosaccharides	NPC superclass: Saccharides / NPC pathway: Carbohydrates	Saccharides	1	10	1013873.6	46426403.4	0.0218382972995922	kruskal_wallis	0.987577800493882	0.991701292638876	ns	0.0249569211462759	0.0320375652402807
MDM_160526_PS100	PS	raw	superclass	Saccharides	Monosaccharides	pathway	Carbohydrates	Carbohydrates	Saccharides	Monosaccharides	NPC superclass: Saccharides / NPC pathway: Carbohydrates	Saccharides	1	10	1013873.6	26217207.8	0.038672066367037	kruskal_wallis	0.987577800493882	0.991701292638876	ns	0.0249569211462759	0.0320375652402807
MDM_160526_untreated	Untreated	raw	superclass	Saccharides	Monosaccharides	pathway	Carbohydrates	Carbohydrates	Saccharides	Monosaccharides	NPC superclass: Saccharides / NPC pathway: Carbohydrates	Saccharides	1	10	1013873.6	40651307.2	0.0249407379450765	kruskal_wallis	0.987577800493882	0.991701292638876	ns	0.0249569211462759	0.0320375652402807
MDM_A_190626_PET05	PET	raw	superclass	Saccharides	Monosaccharides	pathway	Carbohydrates	Carbohydrates	Saccharides	Monosaccharides	NPC superclass: Saccharides / NPC pathway: Carbohydrates	Saccharides	1	10	1013873.6	10138736	0.1	kruskal_wallis	0.987577800493882	0.991701292638876	ns	0.0249569211462759	0.0320375652402807
MDM_A_190626_PET100	PET	raw	superclass	Saccharides	Monosaccharides	pathway	Carbohydrates	Carbohydrates	Saccharides	Monosaccharides	NPC superclass: Saccharides / NPC pathway: Carbohydrates	Saccharides	1	10	1013873.6	12141330.8	0.0835059695433057	kruskal_wallis	0.987577800493882	0.991701292638876	ns	0.0249569211462759	0.0320375652402807
MDM_A_190626_PS05	PS	raw	superclass	Saccharides	Monosaccharides	pathway	Carbohydrates	Carbohydrates	Saccharides	Monosaccharides	NPC superclass: Saccharides / NPC pathway: Carbohydrates	Saccharides	1	10	1096238.1	16773047.5	0.065357121298321	kruskal_wallis	0.987577800493882	0.991701292638876	ns	0.0249569211462759	0.0320375652402807
MDM_A_190626_PS100	PS	raw	superclass	Saccharides	Monosaccharides	pathway	Carbohydrates	Carbohydrates	Saccharides	Monosaccharides	NPC superclass: Saccharides / NPC pathway: Carbohydrates	Saccharides	1	10	1013873.6	12538075.6	0.0808635736731401	kruskal_wallis	0.987577800493882	0.991701292638876	ns	0.0249569211462759	0.0320375652402807
MDM_A_190626_untreated	Untreated	raw	superclass	Saccharides	Monosaccharides	pathway	Carbohydrates	Carbohydrates	Saccharides	Monosaccharides	NPC superclass: Saccharides / NPC pathway: Carbohydrates	Saccharides	1	10	1013873.6	24684804.5	0.0410727822454498	kruskal_wallis	0.987577800493882	0.991701292638876	ns	0.0249569211462759	0.0320375652402807
MDM_B_120626_PS05	PS	raw	superclass	Saccharides	Monosaccharides	pathway	Carbohydrates	Carbohydrates	Saccharides	Monosaccharides	NPC superclass: Saccharides / NPC pathway: Carbohydrates	Saccharides	1	10	13088640	55152419	0.237317605235049	kruskal_wallis	0.987577800493882	0.991701292638876	ns	0.0249569211462759	0.0320375652402807
MDM_B_190626_PET05	PET	raw	superclass	Saccharides	Monosaccharides	pathway	Carbohydrates	Carbohydrates	Saccharides	Monosaccharides	NPC superclass: Saccharides / NPC pathway: Carbohydrates	Saccharides	1	10	1013873.6	24623753.3	0.0411746165439369	kruskal_wallis	0.987577800493882	0.991701292638876	ns	0.0249569211462759	0.0320375652402807
MDM_B_190626_PET100	PET	raw	superclass	Saccharides	Monosaccharides	pathway	Carbohydrates	Carbohydrates	Saccharides	Monosaccharides	NPC superclass: Saccharides / NPC pathway: Carbohydrates	Saccharides	1	10	10707522	38741977.2	0.276380370178939	kruskal_wallis	0.987577800493882	0.991701292638876	ns	0.0249569211462759	0.0320375652402807
MDM_B_190626_PS100	PS	raw	superclass	Saccharides	Monosaccharides	pathway	Carbohydrates	Carbohydrates	Saccharides	Monosaccharides	NPC superclass: Saccharides / NPC pathway: Carbohydrates	Saccharides	1	10	3914833.5	32523850.3	0.12036808261905	kruskal_wallis	0.987577800493882	0.991701292638876	ns	0.0249569211462759	0.0320375652402807
MDM_B_190626_untreated	Untreated	raw	superclass	Saccharides	Monosaccharides	pathway	Carbohydrates	Carbohydrates	Saccharides	Monosaccharides	NPC superclass: Saccharides / NPC pathway: Carbohydrates	Saccharides	1	10	14401848	49479729.6	0.291065616494396	kruskal_wallis	0.987577800493882	0.991701292638876	ns	0.0249569211462759	0.0320375652402807
MDM_160526_PET05	PET	raw	superclass	Sesquiterpenoids	Bisabolane sesquiterpenoids | Caryophyllane sesquiterpenoids | Humulane sesquiterpenoids	pathway	Terpenoids	Terpenoids	Sesquiterpenoids	Bisabolane sesquiterpenoids | Caryophyllane sesquiterpenoids | Humulane sesquiterpenoids	NPC superclass: Sesquiterpenoids / NPC pathway: Terpenoids	Sesquiterpenoids	4	328	29056664.5	11424929845.4	0.00254326852708851	kruskal_wallis	0.541994188459187	0.991701292638876	ns	0.00142439464806891	0.000580188660254347
MDM_160526_PET100	PET	raw	superclass	Sesquiterpenoids	Bisabolane sesquiterpenoids | Caryophyllane sesquiterpenoids | Humulane sesquiterpenoids	pathway	Terpenoids	Terpenoids	Sesquiterpenoids	Bisabolane sesquiterpenoids | Caryophyllane sesquiterpenoids | Humulane sesquiterpenoids	NPC superclass: Sesquiterpenoids / NPC pathway: Terpenoids	Sesquiterpenoids	4	328	37689165	12419174723.5	0.00303475599942106	kruskal_wallis	0.541994188459187	0.991701292638876	ns	0.00142439464806891	0.000580188660254347
MDM_160526_PS05	PS	raw	superclass	Sesquiterpenoids	Bisabolane sesquiterpenoids | Caryophyllane sesquiterpenoids | Humulane sesquiterpenoids	pathway	Terpenoids	Terpenoids	Sesquiterpenoids	Bisabolane sesquiterpenoids | Caryophyllane sesquiterpenoids | Humulane sesquiterpenoids	NPC superclass: Sesquiterpenoids / NPC pathway: Terpenoids	Sesquiterpenoids	4	328	30935607	11192569017.8	0.00276394158935289	kruskal_wallis	0.541994188459187	0.991701292638876	ns	0.00142439464806891	0.000580188660254347
MDM_160526_PS100	PS	raw	superclass	Sesquiterpenoids	Bisabolane sesquiterpenoids | Caryophyllane sesquiterpenoids | Humulane sesquiterpenoids	pathway	Terpenoids	Terpenoids	Sesquiterpenoids	Bisabolane sesquiterpenoids | Caryophyllane sesquiterpenoids | Humulane sesquiterpenoids	NPC superclass: Sesquiterpenoids / NPC pathway: Terpenoids	Sesquiterpenoids	4	328	48314885.7	12332953384.6	0.00391754385128303	kruskal_wallis	0.541994188459187	0.991701292638876	ns	0.00142439464806891	0.000580188660254347
MDM_160526_untreated	Untreated	raw	superclass	Sesquiterpenoids	Bisabolane sesquiterpenoids | Caryophyllane sesquiterpenoids | Humulane sesquiterpenoids	pathway	Terpenoids	Terpenoids	Sesquiterpenoids	Bisabolane sesquiterpenoids | Caryophyllane sesquiterpenoids | Humulane sesquiterpenoids	NPC superclass: Sesquiterpenoids / NPC pathway: Terpenoids	Sesquiterpenoids	4	328	29941785.5	13761025227.8	0.00217583973609115	kruskal_wallis	0.541994188459187	0.991701292638876	ns	0.00142439464806891	0.000580188660254347
MDM_A_190626_PET05	PET	raw	superclass	Sesquiterpenoids	Bisabolane sesquiterpenoids | Caryophyllane sesquiterpenoids | Humulane sesquiterpenoids	pathway	Terpenoids	Terpenoids	Sesquiterpenoids	Bisabolane sesquiterpenoids | Caryophyllane sesquiterpenoids | Humulane sesquiterpenoids	NPC superclass: Sesquiterpenoids / NPC pathway: Terpenoids	Sesquiterpenoids	4	328	4055494.4	338567248.3	0.0119784013969552	kruskal_wallis	0.541994188459187	0.991701292638876	ns	0.00142439464806891	0.000580188660254347
MDM_A_190626_PET100	PET	raw	superclass	Sesquiterpenoids	Bisabolane sesquiterpenoids | Caryophyllane sesquiterpenoids | Humulane sesquiterpenoids	pathway	Terpenoids	Terpenoids	Sesquiterpenoids	Bisabolane sesquiterpenoids | Caryophyllane sesquiterpenoids | Humulane sesquiterpenoids	NPC superclass: Sesquiterpenoids / NPC pathway: Terpenoids	Sesquiterpenoids	4	328	26947764	25155865783	0.00107123182451589	kruskal_wallis	0.541994188459187	0.991701292638876	ns	0.00142439464806891	0.000580188660254347
MDM_A_190626_PS05	PS	raw	superclass	Sesquiterpenoids	Bisabolane sesquiterpenoids | Caryophyllane sesquiterpenoids | Humulane sesquiterpenoids	pathway	Terpenoids	Terpenoids	Sesquiterpenoids	Bisabolane sesquiterpenoids | Caryophyllane sesquiterpenoids | Humulane sesquiterpenoids	NPC superclass: Sesquiterpenoids / NPC pathway: Terpenoids	Sesquiterpenoids	4	328	30678575	14287611092.7	0.00214721515031121	kruskal_wallis	0.541994188459187	0.991701292638876	ns	0.00142439464806891	0.000580188660254347
MDM_A_190626_PS100	PS	raw	superclass	Sesquiterpenoids	Bisabolane sesquiterpenoids | Caryophyllane sesquiterpenoids | Humulane sesquiterpenoids	pathway	Terpenoids	Terpenoids	Sesquiterpenoids	Bisabolane sesquiterpenoids | Caryophyllane sesquiterpenoids | Humulane sesquiterpenoids	NPC superclass: Sesquiterpenoids / NPC pathway: Terpenoids	Sesquiterpenoids	4	328	26598717.5	8548257803.5	0.00311159514738891	kruskal_wallis	0.541994188459187	0.991701292638876	ns	0.00142439464806891	0.000580188660254347
MDM_A_190626_untreated	Untreated	raw	superclass	Sesquiterpenoids	Bisabolane sesquiterpenoids | Caryophyllane sesquiterpenoids | Humulane sesquiterpenoids	pathway	Terpenoids	Terpenoids	Sesquiterpenoids	Bisabolane sesquiterpenoids | Caryophyllane sesquiterpenoids | Humulane sesquiterpenoids	NPC superclass: Sesquiterpenoids / NPC pathway: Terpenoids	Sesquiterpenoids	4	328	31089619	10571590523.7	0.00294086485191623	kruskal_wallis	0.541994188459187	0.991701292638876	ns	0.00142439464806891	0.000580188660254347
MDM_B_120626_PS05	PS	raw	superclass	Sesquiterpenoids	Bisabolane sesquiterpenoids | Caryophyllane sesquiterpenoids | Humulane sesquiterpenoids	pathway	Terpenoids	Terpenoids	Sesquiterpenoids	Bisabolane sesquiterpenoids | Caryophyllane sesquiterpenoids | Humulane sesquiterpenoids	NPC superclass: Sesquiterpenoids / NPC pathway: Terpenoids	Sesquiterpenoids	4	328	30665526	13340032138.9	0.00229875952926517	kruskal_wallis	0.541994188459187	0.991701292638876	ns	0.00142439464806891	0.000580188660254347
MDM_B_190626_PET05	PET	raw	superclass	Sesquiterpenoids	Bisabolane sesquiterpenoids | Caryophyllane sesquiterpenoids | Humulane sesquiterpenoids	pathway	Terpenoids	Terpenoids	Sesquiterpenoids	Bisabolane sesquiterpenoids | Caryophyllane sesquiterpenoids | Humulane sesquiterpenoids	NPC superclass: Sesquiterpenoids / NPC pathway: Terpenoids	Sesquiterpenoids	4	328	27903879.5	16214852534.7	0.00172088395132088	kruskal_wallis	0.541994188459187	0.991701292638876	ns	0.00142439464806891	0.000580188660254347
MDM_B_190626_PET100	PET	raw	superclass	Sesquiterpenoids	Bisabolane sesquiterpenoids | Caryophyllane sesquiterpenoids | Humulane sesquiterpenoids	pathway	Terpenoids	Terpenoids	Sesquiterpenoids	Bisabolane sesquiterpenoids | Caryophyllane sesquiterpenoids | Humulane sesquiterpenoids	NPC superclass: Sesquiterpenoids / NPC pathway: Terpenoids	Sesquiterpenoids	4	328	29368144.5	12908450200.3	0.00227511002826021	kruskal_wallis	0.541994188459187	0.991701292638876	ns	0.00142439464806891	0.000580188660254347
MDM_B_190626_PS100	PS	raw	superclass	Sesquiterpenoids	Bisabolane sesquiterpenoids | Caryophyllane sesquiterpenoids | Humulane sesquiterpenoids	pathway	Terpenoids	Terpenoids	Sesquiterpenoids	Bisabolane sesquiterpenoids | Caryophyllane sesquiterpenoids | Humulane sesquiterpenoids	NPC superclass: Sesquiterpenoids / NPC pathway: Terpenoids	Sesquiterpenoids	4	328	34439654.8	12532100094.7	0.00274811520333811	kruskal_wallis	0.541994188459187	0.991701292638876	ns	0.00142439464806891	0.000580188660254347
MDM_B_190626_untreated	Untreated	raw	superclass	Sesquiterpenoids	Bisabolane sesquiterpenoids | Caryophyllane sesquiterpenoids | Humulane sesquiterpenoids	pathway	Terpenoids	Terpenoids	Sesquiterpenoids	Bisabolane sesquiterpenoids | Caryophyllane sesquiterpenoids | Humulane sesquiterpenoids	NPC superclass: Sesquiterpenoids / NPC pathway: Terpenoids	Sesquiterpenoids	4	328	23478123.6	12215863240.9	0.00192193733156677	kruskal_wallis	0.541994188459187	0.991701292638876	ns	0.00142439464806891	0.000580188660254347
MDM_160526_PET05	PET	raw	superclass	Small peptides	Aminoacids | Dipeptides | Tripeptides	pathway	Amino acids and Peptides	Amino acids and Peptides	Small peptides	Aminoacids | Dipeptides | Tripeptides	NPC superclass: Small peptides / NPC pathway: Amino acids and Peptides	Small peptides	18	141	80865778.8	720581507.6	0.11222294486759	kruskal_wallis	0.927743486328554	0.991701292638876	ns	0.00900413176595478	0.00566588363489938
MDM_160526_PET100	PET	raw	superclass	Small peptides	Aminoacids | Dipeptides | Tripeptides	pathway	Amino acids and Peptides	Amino acids and Peptides	Small peptides	Aminoacids | Dipeptides | Tripeptides	NPC superclass: Small peptides / NPC pathway: Amino acids and Peptides	Small peptides	18	141	103091077.6	990293412.4	0.104101548398829	kruskal_wallis	0.927743486328554	0.991701292638876	ns	0.00900413176595478	0.00566588363489938
MDM_160526_PS05	PS	raw	superclass	Small peptides	Aminoacids | Dipeptides | Tripeptides	pathway	Amino acids and Peptides	Amino acids and Peptides	Small peptides	Aminoacids | Dipeptides | Tripeptides	NPC superclass: Small peptides / NPC pathway: Amino acids and Peptides	Small peptides	18	141	63991837.5	707706255.9	0.0904214664862905	kruskal_wallis	0.927743486328554	0.991701292638876	ns	0.00900413176595478	0.00566588363489938
MDM_160526_PS100	PS	raw	superclass	Small peptides	Aminoacids | Dipeptides | Tripeptides	pathway	Amino acids and Peptides	Amino acids and Peptides	Small peptides	Aminoacids | Dipeptides | Tripeptides	NPC superclass: Small peptides / NPC pathway: Amino acids and Peptides	Small peptides	18	141	141740661.2	869130201.8	0.163083345747795	kruskal_wallis	0.927743486328554	0.991701292638876	ns	0.00900413176595478	0.00566588363489938
MDM_160526_untreated	Untreated	raw	superclass	Small peptides	Aminoacids | Dipeptides | Tripeptides	pathway	Amino acids and Peptides	Amino acids and Peptides	Small peptides	Aminoacids | Dipeptides | Tripeptides	NPC superclass: Small peptides / NPC pathway: Amino acids and Peptides	Small peptides	18	141	95162599.7	829205201.5	0.11476363091772	kruskal_wallis	0.927743486328554	0.991701292638876	ns	0.00900413176595478	0.00566588363489938
MDM_A_190626_PET05	PET	raw	superclass	Small peptides	Aminoacids | Dipeptides | Tripeptides	pathway	Amino acids and Peptides	Amino acids and Peptides	Small peptides	Aminoacids | Dipeptides | Tripeptides	NPC superclass: Small peptides / NPC pathway: Amino acids and Peptides	Small peptides	18	141	18249724.8	143982754.9	0.126749379206384	kruskal_wallis	0.927743486328554	0.991701292638876	ns	0.00900413176595478	0.00566588363489938
MDM_A_190626_PET100	PET	raw	superclass	Small peptides	Aminoacids | Dipeptides | Tripeptides	pathway	Amino acids and Peptides	Amino acids and Peptides	Small peptides	Aminoacids | Dipeptides | Tripeptides	NPC superclass: Small peptides / NPC pathway: Amino acids and Peptides	Small peptides	18	141	131212944.7	1555297808	0.084365157608452	kruskal_wallis	0.927743486328554	0.991701292638876	ns	0.00900413176595478	0.00566588363489938
MDM_A_190626_PS05	PS	raw	superclass	Small peptides	Aminoacids | Dipeptides | Tripeptides	pathway	Amino acids and Peptides	Amino acids and Peptides	Small peptides	Aminoacids | Dipeptides | Tripeptides	NPC superclass: Small peptides / NPC pathway: Amino acids and Peptides	Small peptides	18	141	79306109.6	1177804050.8	0.0673338740396867	kruskal_wallis	0.927743486328554	0.991701292638876	ns	0.00900413176595478	0.00566588363489938
MDM_A_190626_PS100	PS	raw	superclass	Small peptides	Aminoacids | Dipeptides | Tripeptides	pathway	Amino acids and Peptides	Amino acids and Peptides	Small peptides	Aminoacids | Dipeptides | Tripeptides	NPC superclass: Small peptides / NPC pathway: Amino acids and Peptides	Small peptides	18	141	93423208.7	1003167079.2	0.0931282641117994	kruskal_wallis	0.927743486328554	0.991701292638876	ns	0.00900413176595478	0.00566588363489938
MDM_A_190626_untreated	Untreated	raw	superclass	Small peptides	Aminoacids | Dipeptides | Tripeptides	pathway	Amino acids and Peptides	Amino acids and Peptides	Small peptides	Aminoacids | Dipeptides | Tripeptides	NPC superclass: Small peptides / NPC pathway: Amino acids and Peptides	Small peptides	18	141	115304678.6	1301885211.6	0.0885674693687411	kruskal_wallis	0.927743486328554	0.991701292638876	ns	0.00900413176595478	0.00566588363489938
MDM_B_120626_PS05	PS	raw	superclass	Small peptides	Aminoacids | Dipeptides | Tripeptides	pathway	Amino acids and Peptides	Amino acids and Peptides	Small peptides	Aminoacids | Dipeptides | Tripeptides	NPC superclass: Small peptides / NPC pathway: Amino acids and Peptides	Small peptides	18	141	84414056.6	963253372.2	0.0876343224287962	kruskal_wallis	0.927743486328554	0.991701292638876	ns	0.00900413176595478	0.00566588363489938
MDM_B_190626_PET05	PET	raw	superclass	Small peptides	Aminoacids | Dipeptides | Tripeptides	pathway	Amino acids and Peptides	Amino acids and Peptides	Small peptides	Aminoacids | Dipeptides | Tripeptides	NPC superclass: Small peptides / NPC pathway: Amino acids and Peptides	Small peptides	18	141	78995716.2	1074420585.3	0.0735240159028997	kruskal_wallis	0.927743486328554	0.991701292638876	ns	0.00900413176595478	0.00566588363489938
MDM_B_190626_PET100	PET	raw	superclass	Small peptides	Aminoacids | Dipeptides | Tripeptides	pathway	Amino acids and Peptides	Amino acids and Peptides	Small peptides	Aminoacids | Dipeptides | Tripeptides	NPC superclass: Small peptides / NPC pathway: Amino acids and Peptides	Small peptides	18	141	87976975.4	1057910792.8	0.0831610528966711	kruskal_wallis	0.927743486328554	0.991701292638876	ns	0.00900413176595478	0.00566588363489938
MDM_B_190626_PS100	PS	raw	superclass	Small peptides	Aminoacids | Dipeptides | Tripeptides	pathway	Amino acids and Peptides	Amino acids and Peptides	Small peptides	Aminoacids | Dipeptides | Tripeptides	NPC superclass: Small peptides / NPC pathway: Amino acids and Peptides	Small peptides	18	141	89568798.4	1113146363.3	0.080464529511166	kruskal_wallis	0.927743486328554	0.991701292638876	ns	0.00900413176595478	0.00566588363489938
MDM_B_190626_untreated	Untreated	raw	superclass	Small peptides	Aminoacids | Dipeptides | Tripeptides	pathway	Amino acids and Peptides	Amino acids and Peptides	Small peptides	Aminoacids | Dipeptides | Tripeptides	NPC superclass: Small peptides / NPC pathway: Amino acids and Peptides	Small peptides	18	141	52343811.6	848104959.2	0.0617185538560874	kruskal_wallis	0.927743486328554	0.991701292638876	ns	0.00900413176595478	0.00566588363489938
MDM_160526_PET05	PET	raw	superclass	Steroids	Androstane steroids | Cholane steroids | Cholestane steroids | Ergostane steroids | Estrane steroids | Unsaturated fatty acids	pathway	Terpenoids	Terpenoids	Steroids	Androstane steroids | Cholane steroids | Cholestane steroids | Ergostane steroids | Estrane steroids | Unsaturated fatty acids	NPC superclass: Steroids / NPC pathway: Terpenoids	Steroids	12	328	74030778.2	11424929845.4	0.00647975779298171	kruskal_wallis	0.640290478248926	0.991701292638876	ns	0.00410140335957348	0.00107535569274686
MDM_160526_PET100	PET	raw	superclass	Steroids	Androstane steroids | Cholane steroids | Cholestane steroids | Ergostane steroids | Estrane steroids | Unsaturated fatty acids	pathway	Terpenoids	Terpenoids	Steroids	Androstane steroids | Cholane steroids | Cholestane steroids | Ergostane steroids | Estrane steroids | Unsaturated fatty acids	NPC superclass: Steroids / NPC pathway: Terpenoids	Steroids	12	328	88554606.9	12419174723.5	0.00713047435691792	kruskal_wallis	0.640290478248926	0.991701292638876	ns	0.00410140335957348	0.00107535569274686
MDM_160526_PS05	PS	raw	superclass	Steroids	Androstane steroids | Cholane steroids | Cholestane steroids | Ergostane steroids | Estrane steroids | Unsaturated fatty acids	pathway	Terpenoids	Terpenoids	Steroids	Androstane steroids | Cholane steroids | Cholestane steroids | Ergostane steroids | Estrane steroids | Unsaturated fatty acids	NPC superclass: Steroids / NPC pathway: Terpenoids	Steroids	12	328	81597897.7	11192569017.8	0.00729036359483078	kruskal_wallis	0.640290478248926	0.991701292638876	ns	0.00410140335957348	0.00107535569274686
MDM_160526_PS100	PS	raw	superclass	Steroids	Androstane steroids | Cholane steroids | Cholestane steroids | Ergostane steroids | Estrane steroids | Unsaturated fatty acids	pathway	Terpenoids	Terpenoids	Steroids	Androstane steroids | Cholane steroids | Cholestane steroids | Ergostane steroids | Estrane steroids | Unsaturated fatty acids	NPC superclass: Steroids / NPC pathway: Terpenoids	Steroids	12	328	86585925.2	12332953384.6	0.00702069670579626	kruskal_wallis	0.640290478248926	0.991701292638876	ns	0.00410140335957348	0.00107535569274686
MDM_160526_untreated	Untreated	raw	superclass	Steroids	Androstane steroids | Cholane steroids | Cholestane steroids | Ergostane steroids | Estrane steroids | Unsaturated fatty acids	pathway	Terpenoids	Terpenoids	Steroids	Androstane steroids | Cholane steroids | Cholestane steroids | Ergostane steroids | Estrane steroids | Unsaturated fatty acids	NPC superclass: Steroids / NPC pathway: Terpenoids	Steroids	12	328	83669434.1	13761025227.8	0.00608017445756666	kruskal_wallis	0.640290478248926	0.991701292638876	ns	0.00410140335957348	0.00107535569274686
MDM_A_190626_PET05	PET	raw	superclass	Steroids	Androstane steroids | Cholane steroids | Cholestane steroids | Ergostane steroids | Estrane steroids | Unsaturated fatty acids	pathway	Terpenoids	Terpenoids	Steroids	Androstane steroids | Cholane steroids | Cholestane steroids | Ergostane steroids | Estrane steroids | Unsaturated fatty acids	NPC superclass: Steroids / NPC pathway: Terpenoids	Steroids	12	328	12166483.2	338567248.3	0.0359352041908656	kruskal_wallis	0.640290478248926	0.991701292638876	ns	0.00410140335957348	0.00107535569274686
MDM_A_190626_PET100	PET	raw	superclass	Steroids	Androstane steroids | Cholane steroids | Cholestane steroids | Ergostane steroids | Estrane steroids | Unsaturated fatty acids	pathway	Terpenoids	Terpenoids	Steroids	Androstane steroids | Cholane steroids | Cholestane steroids | Ergostane steroids | Estrane steroids | Unsaturated fatty acids	NPC superclass: Steroids / NPC pathway: Terpenoids	Steroids	12	328	60987119	25155865783	0.00242436970868299	kruskal_wallis	0.640290478248926	0.991701292638876	ns	0.00410140335957348	0.00107535569274686
MDM_A_190626_PS05	PS	raw	superclass	Steroids	Androstane steroids | Cholane steroids | Cholestane steroids | Ergostane steroids | Estrane steroids | Unsaturated fatty acids	pathway	Terpenoids	Terpenoids	Steroids	Androstane steroids | Cholane steroids | Cholestane steroids | Ergostane steroids | Estrane steroids | Unsaturated fatty acids	NPC superclass: Steroids / NPC pathway: Terpenoids	Steroids	12	328	64645085.8	14287611092.7	0.00452455525143943	kruskal_wallis	0.640290478248926	0.991701292638876	ns	0.00410140335957348	0.00107535569274686
MDM_A_190626_PS100	PS	raw	superclass	Steroids	Androstane steroids | Cholane steroids | Cholestane steroids | Ergostane steroids | Estrane steroids | Unsaturated fatty acids	pathway	Terpenoids	Terpenoids	Steroids	Androstane steroids | Cholane steroids | Cholestane steroids | Ergostane steroids | Estrane steroids | Unsaturated fatty acids	NPC superclass: Steroids / NPC pathway: Terpenoids	Steroids	12	328	64987600.2	8548257803.5	0.00760243802817826	kruskal_wallis	0.640290478248926	0.991701292638876	ns	0.00410140335957348	0.00107535569274686
MDM_A_190626_untreated	Untreated	raw	superclass	Steroids	Androstane steroids | Cholane steroids | Cholestane steroids | Ergostane steroids | Estrane steroids | Unsaturated fatty acids	pathway	Terpenoids	Terpenoids	Steroids	Androstane steroids | Cholane steroids | Cholestane steroids | Ergostane steroids | Estrane steroids | Unsaturated fatty acids	NPC superclass: Steroids / NPC pathway: Terpenoids	Steroids	12	328	70526967.1	10571590523.7	0.00667136765672947	kruskal_wallis	0.640290478248926	0.991701292638876	ns	0.00410140335957348	0.00107535569274686
MDM_B_120626_PS05	PS	raw	superclass	Steroids	Androstane steroids | Cholane steroids | Cholestane steroids | Ergostane steroids | Estrane steroids | Unsaturated fatty acids	pathway	Terpenoids	Terpenoids	Steroids	Androstane steroids | Cholane steroids | Cholestane steroids | Ergostane steroids | Estrane steroids | Unsaturated fatty acids	NPC superclass: Steroids / NPC pathway: Terpenoids	Steroids	12	328	73723023.7	13340032138.9	0.00552645023133198	kruskal_wallis	0.640290478248926	0.991701292638876	ns	0.00410140335957348	0.00107535569274686
MDM_B_190626_PET05	PET	raw	superclass	Steroids	Androstane steroids | Cholane steroids | Cholestane steroids | Ergostane steroids | Estrane steroids | Unsaturated fatty acids	pathway	Terpenoids	Terpenoids	Steroids	Androstane steroids | Cholane steroids | Cholestane steroids | Ergostane steroids | Estrane steroids | Unsaturated fatty acids	NPC superclass: Steroids / NPC pathway: Terpenoids	Steroids	12	328	65917519.7	16214852534.7	0.00406525557718984	kruskal_wallis	0.640290478248926	0.991701292638876	ns	0.00410140335957348	0.00107535569274686
MDM_B_190626_PET100	PET	raw	superclass	Steroids	Androstane steroids | Cholane steroids | Cholestane steroids | Ergostane steroids | Estrane steroids | Unsaturated fatty acids	pathway	Terpenoids	Terpenoids	Steroids	Androstane steroids | Cholane steroids | Cholestane steroids | Ergostane steroids | Estrane steroids | Unsaturated fatty acids	NPC superclass: Steroids / NPC pathway: Terpenoids	Steroids	12	328	78317001.9	12908450200.3	0.00606711113144937	kruskal_wallis	0.640290478248926	0.991701292638876	ns	0.00410140335957348	0.00107535569274686
MDM_B_190626_PS100	PS	raw	superclass	Steroids	Androstane steroids | Cholane steroids | Cholestane steroids | Ergostane steroids | Estrane steroids | Unsaturated fatty acids	pathway	Terpenoids	Terpenoids	Steroids	Androstane steroids | Cholane steroids | Cholestane steroids | Ergostane steroids | Estrane steroids | Unsaturated fatty acids	NPC superclass: Steroids / NPC pathway: Terpenoids	Steroids	12	328	98425865.3	12532100094.7	0.00785390034840415	kruskal_wallis	0.640290478248926	0.991701292638876	ns	0.00410140335957348	0.00107535569274686
MDM_B_190626_untreated	Untreated	raw	superclass	Steroids	Androstane steroids | Cholane steroids | Cholestane steroids | Ergostane steroids | Estrane steroids | Unsaturated fatty acids	pathway	Terpenoids	Terpenoids	Steroids	Androstane steroids | Cholane steroids | Cholestane steroids | Ergostane steroids | Estrane steroids | Unsaturated fatty acids	NPC superclass: Steroids / NPC pathway: Terpenoids	Steroids	12	328	73238182.5	12215863240.9	0.00599533418602714	kruskal_wallis	0.640290478248926	0.991701292638876	ns	0.00410140335957348	0.00107535569274686
MDM_160526_PET05	PET	raw	superclass	Triterpenoids	Abeolupane triterpenoids | Cucurbitane triterpenoids | Lanostane, Tirucallane and Euphane triterpenoids | Limonoids | Lupane triterpenoids | Oleanane triterpenoids | Ursane and Taraxastane triterpenoids	pathway	Terpenoids	Terpenoids	Triterpenoids	Abeolupane triterpenoids | Cucurbitane triterpenoids | Lanostane, Tirucallane and Euphane triterpenoids | Limonoids | Lupane triterpenoids | Oleanane triterpenoids | Ursane and Taraxastane triterpenoids	NPC superclass: Triterpenoids / NPC pathway: Terpenoids	Triterpenoids	16	328	126498553.1	11424929845.4	0.0110721514102716	kruskal_wallis	0.434598208507079	0.991701292638876	ns	0.00461274290275729	0.00366136995859313
MDM_160526_PET100	PET	raw	superclass	Triterpenoids	Abeolupane triterpenoids | Cucurbitane triterpenoids | Lanostane, Tirucallane and Euphane triterpenoids | Limonoids | Lupane triterpenoids | Oleanane triterpenoids | Ursane and Taraxastane triterpenoids	pathway	Terpenoids	Terpenoids	Triterpenoids	Abeolupane triterpenoids | Cucurbitane triterpenoids | Lanostane, Tirucallane and Euphane triterpenoids | Limonoids | Lupane triterpenoids | Oleanane triterpenoids | Ursane and Taraxastane triterpenoids	NPC superclass: Triterpenoids / NPC pathway: Terpenoids	Triterpenoids	16	328	174730977	12419174723.5	0.0140694515449056	kruskal_wallis	0.434598208507079	0.991701292638876	ns	0.00461274290275729	0.00366136995859313
MDM_160526_PS05	PS	raw	superclass	Triterpenoids	Abeolupane triterpenoids | Cucurbitane triterpenoids | Lanostane, Tirucallane and Euphane triterpenoids | Limonoids | Lupane triterpenoids | Oleanane triterpenoids | Ursane and Taraxastane triterpenoids	pathway	Terpenoids	Terpenoids	Triterpenoids	Abeolupane triterpenoids | Cucurbitane triterpenoids | Lanostane, Tirucallane and Euphane triterpenoids | Limonoids | Lupane triterpenoids | Oleanane triterpenoids | Ursane and Taraxastane triterpenoids	NPC superclass: Triterpenoids / NPC pathway: Terpenoids	Triterpenoids	16	328	129820749.4	11192569017.8	0.011598833940049	kruskal_wallis	0.434598208507079	0.991701292638876	ns	0.00461274290275729	0.00366136995859313
MDM_160526_PS100	PS	raw	superclass	Triterpenoids	Abeolupane triterpenoids | Cucurbitane triterpenoids | Lanostane, Tirucallane and Euphane triterpenoids | Limonoids | Lupane triterpenoids | Oleanane triterpenoids | Ursane and Taraxastane triterpenoids	pathway	Terpenoids	Terpenoids	Triterpenoids	Abeolupane triterpenoids | Cucurbitane triterpenoids | Lanostane, Tirucallane and Euphane triterpenoids | Limonoids | Lupane triterpenoids | Oleanane triterpenoids | Ursane and Taraxastane triterpenoids	NPC superclass: Triterpenoids / NPC pathway: Terpenoids	Triterpenoids	16	328	133199591.2	12332953384.6	0.0108002995751467	kruskal_wallis	0.434598208507079	0.991701292638876	ns	0.00461274290275729	0.00366136995859313
MDM_160526_untreated	Untreated	raw	superclass	Triterpenoids	Abeolupane triterpenoids | Cucurbitane triterpenoids | Lanostane, Tirucallane and Euphane triterpenoids | Limonoids | Lupane triterpenoids | Oleanane triterpenoids | Ursane and Taraxastane triterpenoids	pathway	Terpenoids	Terpenoids	Triterpenoids	Abeolupane triterpenoids | Cucurbitane triterpenoids | Lanostane, Tirucallane and Euphane triterpenoids | Limonoids | Lupane triterpenoids | Oleanane triterpenoids | Ursane and Taraxastane triterpenoids	NPC superclass: Triterpenoids / NPC pathway: Terpenoids	Triterpenoids	16	328	149430295.3	13761025227.8	0.0108589507559452	kruskal_wallis	0.434598208507079	0.991701292638876	ns	0.00461274290275729	0.00366136995859313
MDM_A_190626_PET05	PET	raw	superclass	Triterpenoids	Abeolupane triterpenoids | Cucurbitane triterpenoids | Lanostane, Tirucallane and Euphane triterpenoids | Limonoids | Lupane triterpenoids | Oleanane triterpenoids | Ursane and Taraxastane triterpenoids	pathway	Terpenoids	Terpenoids	Triterpenoids	Abeolupane triterpenoids | Cucurbitane triterpenoids | Lanostane, Tirucallane and Euphane triterpenoids | Limonoids | Lupane triterpenoids | Oleanane triterpenoids | Ursane and Taraxastane triterpenoids	NPC superclass: Triterpenoids / NPC pathway: Terpenoids	Triterpenoids	16	328	17398527.2	338567248.3	0.0513886895066217	kruskal_wallis	0.434598208507079	0.991701292638876	ns	0.00461274290275729	0.00366136995859313
MDM_A_190626_PET100	PET	raw	superclass	Triterpenoids	Abeolupane triterpenoids | Cucurbitane triterpenoids | Lanostane, Tirucallane and Euphane triterpenoids | Limonoids | Lupane triterpenoids | Oleanane triterpenoids | Ursane and Taraxastane triterpenoids	pathway	Terpenoids	Terpenoids	Triterpenoids	Abeolupane triterpenoids | Cucurbitane triterpenoids | Lanostane, Tirucallane and Euphane triterpenoids | Limonoids | Lupane triterpenoids | Oleanane triterpenoids | Ursane and Taraxastane triterpenoids	NPC superclass: Triterpenoids / NPC pathway: Terpenoids	Triterpenoids	16	328	132462184.8	25155865783	0.00526565795598719	kruskal_wallis	0.434598208507079	0.991701292638876	ns	0.00461274290275729	0.00366136995859313
MDM_A_190626_PS05	PS	raw	superclass	Triterpenoids	Abeolupane triterpenoids | Cucurbitane triterpenoids | Lanostane, Tirucallane and Euphane triterpenoids | Limonoids | Lupane triterpenoids | Oleanane triterpenoids | Ursane and Taraxastane triterpenoids	pathway	Terpenoids	Terpenoids	Triterpenoids	Abeolupane triterpenoids | Cucurbitane triterpenoids | Lanostane, Tirucallane and Euphane triterpenoids | Limonoids | Lupane triterpenoids | Oleanane triterpenoids | Ursane and Taraxastane triterpenoids	NPC superclass: Triterpenoids / NPC pathway: Terpenoids	Triterpenoids	16	328	207490682.5	14287611092.7	0.0145224195391218	kruskal_wallis	0.434598208507079	0.991701292638876	ns	0.00461274290275729	0.00366136995859313
MDM_A_190626_PS100	PS	raw	superclass	Triterpenoids	Abeolupane triterpenoids | Cucurbitane triterpenoids | Lanostane, Tirucallane and Euphane triterpenoids | Limonoids | Lupane triterpenoids | Oleanane triterpenoids | Ursane and Taraxastane triterpenoids	pathway	Terpenoids	Terpenoids	Triterpenoids	Abeolupane triterpenoids | Cucurbitane triterpenoids | Lanostane, Tirucallane and Euphane triterpenoids | Limonoids | Lupane triterpenoids | Oleanane triterpenoids | Ursane and Taraxastane triterpenoids	NPC superclass: Triterpenoids / NPC pathway: Terpenoids	Triterpenoids	16	328	132457046.5	8548257803.5	0.01549520961403	kruskal_wallis	0.434598208507079	0.991701292638876	ns	0.00461274290275729	0.00366136995859313
MDM_A_190626_untreated	Untreated	raw	superclass	Triterpenoids	Abeolupane triterpenoids | Cucurbitane triterpenoids | Lanostane, Tirucallane and Euphane triterpenoids | Limonoids | Lupane triterpenoids | Oleanane triterpenoids | Ursane and Taraxastane triterpenoids	pathway	Terpenoids	Terpenoids	Triterpenoids	Abeolupane triterpenoids | Cucurbitane triterpenoids | Lanostane, Tirucallane and Euphane triterpenoids | Limonoids | Lupane triterpenoids | Oleanane triterpenoids | Ursane and Taraxastane triterpenoids	NPC superclass: Triterpenoids / NPC pathway: Terpenoids	Triterpenoids	16	328	161037417.5	10571590523.7	0.0152330358557662	kruskal_wallis	0.434598208507079	0.991701292638876	ns	0.00461274290275729	0.00366136995859313
MDM_B_120626_PS05	PS	raw	superclass	Triterpenoids	Abeolupane triterpenoids | Cucurbitane triterpenoids | Lanostane, Tirucallane and Euphane triterpenoids | Limonoids | Lupane triterpenoids | Oleanane triterpenoids | Ursane and Taraxastane triterpenoids	pathway	Terpenoids	Terpenoids	Triterpenoids	Abeolupane triterpenoids | Cucurbitane triterpenoids | Lanostane, Tirucallane and Euphane triterpenoids | Limonoids | Lupane triterpenoids | Oleanane triterpenoids | Ursane and Taraxastane triterpenoids	NPC superclass: Triterpenoids / NPC pathway: Terpenoids	Triterpenoids	16	328	201954384.9	13340032138.9	0.0151389728898099	kruskal_wallis	0.434598208507079	0.991701292638876	ns	0.00461274290275729	0.00366136995859313
MDM_B_190626_PET05	PET	raw	superclass	Triterpenoids	Abeolupane triterpenoids | Cucurbitane triterpenoids | Lanostane, Tirucallane and Euphane triterpenoids | Limonoids | Lupane triterpenoids | Oleanane triterpenoids | Ursane and Taraxastane triterpenoids	pathway	Terpenoids	Terpenoids	Triterpenoids	Abeolupane triterpenoids | Cucurbitane triterpenoids | Lanostane, Tirucallane and Euphane triterpenoids | Limonoids | Lupane triterpenoids | Oleanane triterpenoids | Ursane and Taraxastane triterpenoids	NPC superclass: Triterpenoids / NPC pathway: Terpenoids	Triterpenoids	16	328	169913933.6	16214852534.7	0.0104789071153365	kruskal_wallis	0.434598208507079	0.991701292638876	ns	0.00461274290275729	0.00366136995859313
MDM_B_190626_PET100	PET	raw	superclass	Triterpenoids	Abeolupane triterpenoids | Cucurbitane triterpenoids | Lanostane, Tirucallane and Euphane triterpenoids | Limonoids | Lupane triterpenoids | Oleanane triterpenoids | Ursane and Taraxastane triterpenoids	pathway	Terpenoids	Terpenoids	Triterpenoids	Abeolupane triterpenoids | Cucurbitane triterpenoids | Lanostane, Tirucallane and Euphane triterpenoids | Limonoids | Lupane triterpenoids | Oleanane triterpenoids | Ursane and Taraxastane triterpenoids	NPC superclass: Triterpenoids / NPC pathway: Terpenoids	Triterpenoids	16	328	145433068.4	12908450200.3	0.0112665011014738	kruskal_wallis	0.434598208507079	0.991701292638876	ns	0.00461274290275729	0.00366136995859313
MDM_B_190626_PS100	PS	raw	superclass	Triterpenoids	Abeolupane triterpenoids | Cucurbitane triterpenoids | Lanostane, Tirucallane and Euphane triterpenoids | Limonoids | Lupane triterpenoids | Oleanane triterpenoids | Ursane and Taraxastane triterpenoids	pathway	Terpenoids	Terpenoids	Triterpenoids	Abeolupane triterpenoids | Cucurbitane triterpenoids | Lanostane, Tirucallane and Euphane triterpenoids | Limonoids | Lupane triterpenoids | Oleanane triterpenoids | Ursane and Taraxastane triterpenoids	NPC superclass: Triterpenoids / NPC pathway: Terpenoids	Triterpenoids	16	328	207844484.8	12532100094.7	0.0165849684593487	kruskal_wallis	0.434598208507079	0.991701292638876	ns	0.00461274290275729	0.00366136995859313
MDM_B_190626_untreated	Untreated	raw	superclass	Triterpenoids	Abeolupane triterpenoids | Cucurbitane triterpenoids | Lanostane, Tirucallane and Euphane triterpenoids | Limonoids | Lupane triterpenoids | Oleanane triterpenoids | Ursane and Taraxastane triterpenoids	pathway	Terpenoids	Terpenoids	Triterpenoids	Abeolupane triterpenoids | Cucurbitane triterpenoids | Lanostane, Tirucallane and Euphane triterpenoids | Limonoids | Lupane triterpenoids | Oleanane triterpenoids | Ursane and Taraxastane triterpenoids	NPC superclass: Triterpenoids / NPC pathway: Terpenoids	Triterpenoids	16	328	144641488.9	12215863240.9	0.011840463997315	kruskal_wallis	0.434598208507079	0.991701292638876	ns	0.00461274290275729	0.00366136995859313
MDM_160526_PET05	PET	raw	superclass	Tryptophan alkaloids	Simple indole alkaloids	pathway	Alkaloids	Alkaloids	Tryptophan alkaloids	Simple indole alkaloids	NPC superclass: Tryptophan alkaloids / NPC pathway: Alkaloids	Tryptophan alkaloids	1	93	1013873.6	550808546.9	0.00184070055867174	kruskal_wallis	0.756413823738094	0.991701292638876	ns	0.00162067053641661	0.000476250529623785
MDM_160526_PET100	PET	raw	superclass	Tryptophan alkaloids	Simple indole alkaloids	pathway	Alkaloids	Alkaloids	Tryptophan alkaloids	Simple indole alkaloids	NPC superclass: Tryptophan alkaloids / NPC pathway: Alkaloids	Tryptophan alkaloids	1	93	1013873.6	583831736.5	0.00173658528068044	kruskal_wallis	0.756413823738094	0.991701292638876	ns	0.00162067053641661	0.000476250529623785
MDM_160526_PS05	PS	raw	superclass	Tryptophan alkaloids	Simple indole alkaloids	pathway	Alkaloids	Alkaloids	Tryptophan alkaloids	Simple indole alkaloids	NPC superclass: Tryptophan alkaloids / NPC pathway: Alkaloids	Tryptophan alkaloids	1	93	1013873.6	638209892.3	0.00158862094153096	kruskal_wallis	0.756413823738094	0.991701292638876	ns	0.00162067053641661	0.000476250529623785
MDM_160526_PS100	PS	raw	superclass	Tryptophan alkaloids	Simple indole alkaloids	pathway	Alkaloids	Alkaloids	Tryptophan alkaloids	Simple indole alkaloids	NPC superclass: Tryptophan alkaloids / NPC pathway: Alkaloids	Tryptophan alkaloids	1	93	1013873.6	597964616.7	0.00169554112682333	kruskal_wallis	0.756413823738094	0.991701292638876	ns	0.00162067053641661	0.000476250529623785
MDM_160526_untreated	Untreated	raw	superclass	Tryptophan alkaloids	Simple indole alkaloids	pathway	Alkaloids	Alkaloids	Tryptophan alkaloids	Simple indole alkaloids	NPC superclass: Tryptophan alkaloids / NPC pathway: Alkaloids	Tryptophan alkaloids	1	93	1013873.6	704625527.6	0.00143888286797289	kruskal_wallis	0.756413823738094	0.991701292638876	ns	0.00162067053641661	0.000476250529623785
MDM_A_190626_PET05	PET	raw	superclass	Tryptophan alkaloids	Simple indole alkaloids	pathway	Alkaloids	Alkaloids	Tryptophan alkaloids	Simple indole alkaloids	NPC superclass: Tryptophan alkaloids / NPC pathway: Alkaloids	Tryptophan alkaloids	1	93	1013873.6	94290244.8	0.010752688172043	kruskal_wallis	0.756413823738094	0.991701292638876	ns	0.00162067053641661	0.000476250529623785
MDM_A_190626_PET100	PET	raw	superclass	Tryptophan alkaloids	Simple indole alkaloids	pathway	Alkaloids	Alkaloids	Tryptophan alkaloids	Simple indole alkaloids	NPC superclass: Tryptophan alkaloids / NPC pathway: Alkaloids	Tryptophan alkaloids	1	93	1013873.6	1952488677.2	0.000519272460751969	kruskal_wallis	0.756413823738094	0.991701292638876	ns	0.00162067053641661	0.000476250529623785
MDM_A_190626_PS05	PS	raw	superclass	Tryptophan alkaloids	Simple indole alkaloids	pathway	Alkaloids	Alkaloids	Tryptophan alkaloids	Simple indole alkaloids	NPC superclass: Tryptophan alkaloids / NPC pathway: Alkaloids	Tryptophan alkaloids	1	93	1013873.6	1946448747.8	0.000520883789591657	kruskal_wallis	0.756413823738094	0.991701292638876	ns	0.00162067053641661	0.000476250529623785
MDM_A_190626_PS100	PS	raw	superclass	Tryptophan alkaloids	Simple indole alkaloids	pathway	Alkaloids	Alkaloids	Tryptophan alkaloids	Simple indole alkaloids	NPC superclass: Tryptophan alkaloids / NPC pathway: Alkaloids	Tryptophan alkaloids	1	93	1013873.6	599674082.7	0.00169070771815765	kruskal_wallis	0.756413823738094	0.991701292638876	ns	0.00162067053641661	0.000476250529623785
MDM_A_190626_untreated	Untreated	raw	superclass	Tryptophan alkaloids	Simple indole alkaloids	pathway	Alkaloids	Alkaloids	Tryptophan alkaloids	Simple indole alkaloids	NPC superclass: Tryptophan alkaloids / NPC pathway: Alkaloids	Tryptophan alkaloids	1	93	1013873.6	1543184201	0.000657001023820098	kruskal_wallis	0.756413823738094	0.991701292638876	ns	0.00162067053641661	0.000476250529623785
MDM_B_120626_PS05	PS	raw	superclass	Tryptophan alkaloids	Simple indole alkaloids	pathway	Alkaloids	Alkaloids	Tryptophan alkaloids	Simple indole alkaloids	NPC superclass: Tryptophan alkaloids / NPC pathway: Alkaloids	Tryptophan alkaloids	1	93	1013873.6	1284156567.2	0.000789524911444926	kruskal_wallis	0.756413823738094	0.991701292638876	ns	0.00162067053641661	0.000476250529623785
MDM_B_190626_PET05	PET	raw	superclass	Tryptophan alkaloids	Simple indole alkaloids	pathway	Alkaloids	Alkaloids	Tryptophan alkaloids	Simple indole alkaloids	NPC superclass: Tryptophan alkaloids / NPC pathway: Alkaloids	Tryptophan alkaloids	1	93	1013873.6	1568991523.9	0.000646194440540916	kruskal_wallis	0.756413823738094	0.991701292638876	ns	0.00162067053641661	0.000476250529623785
MDM_B_190626_PET100	PET	raw	superclass	Tryptophan alkaloids	Simple indole alkaloids	pathway	Alkaloids	Alkaloids	Tryptophan alkaloids	Simple indole alkaloids	NPC superclass: Tryptophan alkaloids / NPC pathway: Alkaloids	Tryptophan alkaloids	1	93	1013873.6	1356937732.2	0.000747177689838582	kruskal_wallis	0.756413823738094	0.991701292638876	ns	0.00162067053641661	0.000476250529623785
MDM_B_190626_PS100	PS	raw	superclass	Tryptophan alkaloids	Simple indole alkaloids	pathway	Alkaloids	Alkaloids	Tryptophan alkaloids	Simple indole alkaloids	NPC superclass: Tryptophan alkaloids / NPC pathway: Alkaloids	Tryptophan alkaloids	1	93	1013873.6	538597945.3	0.00188243124365295	kruskal_wallis	0.756413823738094	0.991701292638876	ns	0.00162067053641661	0.000476250529623785
MDM_B_190626_untreated	Untreated	raw	superclass	Tryptophan alkaloids	Simple indole alkaloids	pathway	Alkaloids	Alkaloids	Tryptophan alkaloids	Simple indole alkaloids	NPC superclass: Tryptophan alkaloids / NPC pathway: Alkaloids	Tryptophan alkaloids	1	93	1013873.6	871464306	0.00116341380022052	kruskal_wallis	0.756413823738094	0.991701292638876	ns	0.00162067053641661	0.000476250529623785
MDM_160526_PET05	PET	raw	superclass	Tyrosine alkaloids	Isoquinoline alkaloids	pathway	Alkaloids	Alkaloids	Tyrosine alkaloids	Isoquinoline alkaloids	NPC superclass: Tyrosine alkaloids / NPC pathway: Alkaloids	Tyrosine alkaloids	16	93	16221977.6	550808546.9	0.0294512089387479	kruskal_wallis	0.967216100482004	0.991701292638876	ns	0.047649216444227	0.138123841583717
MDM_160526_PET100	PET	raw	superclass	Tyrosine alkaloids	Isoquinoline alkaloids	pathway	Alkaloids	Alkaloids	Tyrosine alkaloids	Isoquinoline alkaloids	NPC superclass: Tyrosine alkaloids / NPC pathway: Alkaloids	Tyrosine alkaloids	16	93	16221977.6	583831736.5	0.027785364490887	kruskal_wallis	0.967216100482004	0.991701292638876	ns	0.047649216444227	0.138123841583717
MDM_160526_PS05	PS	raw	superclass	Tyrosine alkaloids	Isoquinoline alkaloids	pathway	Alkaloids	Alkaloids	Tyrosine alkaloids	Isoquinoline alkaloids	NPC superclass: Tyrosine alkaloids / NPC pathway: Alkaloids	Tyrosine alkaloids	16	93	16221977.6	638209892.3	0.0254179350644954	kruskal_wallis	0.967216100482004	0.991701292638876	ns	0.047649216444227	0.138123841583717
MDM_160526_PS100	PS	raw	superclass	Tyrosine alkaloids	Isoquinoline alkaloids	pathway	Alkaloids	Alkaloids	Tyrosine alkaloids	Isoquinoline alkaloids	NPC superclass: Tyrosine alkaloids / NPC pathway: Alkaloids	Tyrosine alkaloids	16	93	16221977.6	597964616.7	0.0271286580291733	kruskal_wallis	0.967216100482004	0.991701292638876	ns	0.047649216444227	0.138123841583717
MDM_160526_untreated	Untreated	raw	superclass	Tyrosine alkaloids	Isoquinoline alkaloids	pathway	Alkaloids	Alkaloids	Tyrosine alkaloids	Isoquinoline alkaloids	NPC superclass: Tyrosine alkaloids / NPC pathway: Alkaloids	Tyrosine alkaloids	16	93	16221977.6	704625527.6	0.0230221258875663	kruskal_wallis	0.967216100482004	0.991701292638876	ns	0.047649216444227	0.138123841583717
MDM_A_190626_PET05	PET	raw	superclass	Tyrosine alkaloids	Isoquinoline alkaloids	pathway	Alkaloids	Alkaloids	Tyrosine alkaloids	Isoquinoline alkaloids	NPC superclass: Tyrosine alkaloids / NPC pathway: Alkaloids	Tyrosine alkaloids	16	93	16221977.6	94290244.8	0.172043010752688	kruskal_wallis	0.967216100482004	0.991701292638876	ns	0.047649216444227	0.138123841583717
MDM_A_190626_PET100	PET	raw	superclass	Tyrosine alkaloids	Isoquinoline alkaloids	pathway	Alkaloids	Alkaloids	Tyrosine alkaloids	Isoquinoline alkaloids	NPC superclass: Tyrosine alkaloids / NPC pathway: Alkaloids	Tyrosine alkaloids	16	93	867866708.7	1952488677.2	0.44449256932162	kruskal_wallis	0.967216100482004	0.991701292638876	ns	0.047649216444227	0.138123841583717
MDM_A_190626_PS05	PS	raw	superclass	Tyrosine alkaloids	Isoquinoline alkaloids	pathway	Alkaloids	Alkaloids	Tyrosine alkaloids	Isoquinoline alkaloids	NPC superclass: Tyrosine alkaloids / NPC pathway: Alkaloids	Tyrosine alkaloids	16	93	907637169.8	1946448747.8	0.466304171032435	kruskal_wallis	0.967216100482004	0.991701292638876	ns	0.047649216444227	0.138123841583717
MDM_A_190626_PS100	PS	raw	superclass	Tyrosine alkaloids	Isoquinoline alkaloids	pathway	Alkaloids	Alkaloids	Tyrosine alkaloids	Isoquinoline alkaloids	NPC superclass: Tyrosine alkaloids / NPC pathway: Alkaloids	Tyrosine alkaloids	16	93	125403448.2	599674082.7	0.209119339684279	kruskal_wallis	0.967216100482004	0.991701292638876	ns	0.047649216444227	0.138123841583717
MDM_A_190626_untreated	Untreated	raw	superclass	Tyrosine alkaloids	Isoquinoline alkaloids	pathway	Alkaloids	Alkaloids	Tyrosine alkaloids	Isoquinoline alkaloids	NPC superclass: Tyrosine alkaloids / NPC pathway: Alkaloids	Tyrosine alkaloids	16	93	715797826.9	1543184201	0.463844709164438	kruskal_wallis	0.967216100482004	0.991701292638876	ns	0.047649216444227	0.138123841583717
MDM_B_120626_PS05	PS	raw	superclass	Tyrosine alkaloids	Isoquinoline alkaloids	pathway	Alkaloids	Alkaloids	Tyrosine alkaloids	Isoquinoline alkaloids	NPC superclass: Tyrosine alkaloids / NPC pathway: Alkaloids	Tyrosine alkaloids	16	93	547648181.3	1284156567.2	0.426465273229185	kruskal_wallis	0.967216100482004	0.991701292638876	ns	0.047649216444227	0.138123841583717
MDM_B_190626_PET05	PET	raw	superclass	Tyrosine alkaloids	Isoquinoline alkaloids	pathway	Alkaloids	Alkaloids	Tyrosine alkaloids	Isoquinoline alkaloids	NPC superclass: Tyrosine alkaloids / NPC pathway: Alkaloids	Tyrosine alkaloids	16	93	585763370.8	1568991523.9	0.373337498563398	kruskal_wallis	0.967216100482004	0.991701292638876	ns	0.047649216444227	0.138123841583717
MDM_B_190626_PET100	PET	raw	superclass	Tyrosine alkaloids	Isoquinoline alkaloids	pathway	Alkaloids	Alkaloids	Tyrosine alkaloids	Isoquinoline alkaloids	NPC superclass: Tyrosine alkaloids / NPC pathway: Alkaloids	Tyrosine alkaloids	16	93	536933698.1	1356937732.2	0.395695163719466	kruskal_wallis	0.967216100482004	0.991701292638876	ns	0.047649216444227	0.138123841583717
MDM_B_190626_PS100	PS	raw	superclass	Tyrosine alkaloids	Isoquinoline alkaloids	pathway	Alkaloids	Alkaloids	Tyrosine alkaloids	Isoquinoline alkaloids	NPC superclass: Tyrosine alkaloids / NPC pathway: Alkaloids	Tyrosine alkaloids	16	93	32323140.5	538597945.3	0.0600134864643718	kruskal_wallis	0.967216100482004	0.991701292638876	ns	0.047649216444227	0.138123841583717
MDM_B_190626_untreated	Untreated	raw	superclass	Tyrosine alkaloids	Isoquinoline alkaloids	pathway	Alkaloids	Alkaloids	Tyrosine alkaloids	Isoquinoline alkaloids	NPC superclass: Tyrosine alkaloids / NPC pathway: Alkaloids	Tyrosine alkaloids	16	93	229461123.5	871464306	0.263305246032647	kruskal_wallis	0.967216100482004	0.991701292638876	ns	0.047649216444227	0.138123841583717
MDM_160526_PET05	PET	raw	class	Acetogenins	Acetogenins	pathway	Polyketides	Polyketides	Linear polyketides	Acetogenins	NPC class: Acetogenins / NPC pathway: Polyketides	Acetogenins	1	150	8629566	600553025.5	0.0143693656239852	kruskal_wallis	0.893597347108515	0.991701292638876	ns	0.00203734934106516	0.00223525842543671
MDM_160526_PET100	PET	raw	class	Acetogenins	Acetogenins	pathway	Polyketides	Polyketides	Linear polyketides	Acetogenins	NPC class: Acetogenins / NPC pathway: Polyketides	Acetogenins	1	150	14178726	742612221.2	0.019093041556855	kruskal_wallis	0.893597347108515	0.991701292638876	ns	0.00203734934106516	0.00223525842543671
MDM_160526_PS05	PS	raw	class	Acetogenins	Acetogenins	pathway	Polyketides	Polyketides	Linear polyketides	Acetogenins	NPC class: Acetogenins / NPC pathway: Polyketides	Acetogenins	1	150	8169263.5	638761702.1	0.0127892193178499	kruskal_wallis	0.893597347108515	0.991701292638876	ns	0.00203734934106516	0.00223525842543671
MDM_160526_PS100	PS	raw	class	Acetogenins	Acetogenins	pathway	Polyketides	Polyketides	Linear polyketides	Acetogenins	NPC class: Acetogenins / NPC pathway: Polyketides	Acetogenins	1	150	15175112	877091373.9	0.0173016317929609	kruskal_wallis	0.893597347108515	0.991701292638876	ns	0.00203734934106516	0.00223525842543671
MDM_160526_untreated	Untreated	raw	class	Acetogenins	Acetogenins	pathway	Polyketides	Polyketides	Linear polyketides	Acetogenins	NPC class: Acetogenins / NPC pathway: Polyketides	Acetogenins	1	150	9412786	719115917.9	0.0130893862389915	kruskal_wallis	0.893597347108515	0.991701292638876	ns	0.00203734934106516	0.00223525842543671
MDM_A_190626_PET05	PET	raw	class	Acetogenins	Acetogenins	pathway	Polyketides	Polyketides	Linear polyketides	Acetogenins	NPC class: Acetogenins / NPC pathway: Polyketides	Acetogenins	1	150	1013873.6	154388751.9	0.00656701726986369	kruskal_wallis	0.893597347108515	0.991701292638876	ns	0.00203734934106516	0.00223525842543671
MDM_A_190626_PET100	PET	raw	class	Acetogenins	Acetogenins	pathway	Polyketides	Polyketides	Linear polyketides	Acetogenins	NPC class: Acetogenins / NPC pathway: Polyketides	Acetogenins	1	150	10703810	10556045796.8	0.00101399806386259	kruskal_wallis	0.893597347108515	0.991701292638876	ns	0.00203734934106516	0.00223525842543671
MDM_A_190626_PS05	PS	raw	class	Acetogenins	Acetogenins	pathway	Polyketides	Polyketides	Linear polyketides	Acetogenins	NPC class: Acetogenins / NPC pathway: Polyketides	Acetogenins	1	150	9189921	8195354836.4	0.0011213573034303	kruskal_wallis	0.893597347108515	0.991701292638876	ns	0.00203734934106516	0.00223525842543671
MDM_A_190626_PS100	PS	raw	class	Acetogenins	Acetogenins	pathway	Polyketides	Polyketides	Linear polyketides	Acetogenins	NPC class: Acetogenins / NPC pathway: Polyketides	Acetogenins	1	150	8315845	4981492138.2	0.00166934821320522	kruskal_wallis	0.893597347108515	0.991701292638876	ns	0.00203734934106516	0.00223525842543671
MDM_A_190626_untreated	Untreated	raw	class	Acetogenins	Acetogenins	pathway	Polyketides	Polyketides	Linear polyketides	Acetogenins	NPC class: Acetogenins / NPC pathway: Polyketides	Acetogenins	1	150	12461032	7088900344.6	0.00175782299006252	kruskal_wallis	0.893597347108515	0.991701292638876	ns	0.00203734934106516	0.00223525842543671
MDM_B_120626_PS05	PS	raw	class	Acetogenins	Acetogenins	pathway	Polyketides	Polyketides	Linear polyketides	Acetogenins	NPC class: Acetogenins / NPC pathway: Polyketides	Acetogenins	1	150	10759558	7364168721.5	0.00146106891448413	kruskal_wallis	0.893597347108515	0.991701292638876	ns	0.00203734934106516	0.00223525842543671
MDM_B_190626_PET05	PET	raw	class	Acetogenins	Acetogenins	pathway	Polyketides	Polyketides	Linear polyketides	Acetogenins	NPC class: Acetogenins / NPC pathway: Polyketides	Acetogenins	1	150	6551485	6775025783.1	0.000967005176030826	kruskal_wallis	0.893597347108515	0.991701292638876	ns	0.00203734934106516	0.00223525842543671
MDM_B_190626_PET100	PET	raw	class	Acetogenins	Acetogenins	pathway	Polyketides	Polyketides	Linear polyketides	Acetogenins	NPC class: Acetogenins / NPC pathway: Polyketides	Acetogenins	1	150	10836634	7636027125.6	0.00141914556113478	kruskal_wallis	0.893597347108515	0.991701292638876	ns	0.00203734934106516	0.00223525842543671
MDM_B_190626_PS100	PS	raw	class	Acetogenins	Acetogenins	pathway	Polyketides	Polyketides	Linear polyketides	Acetogenins	NPC class: Acetogenins / NPC pathway: Polyketides	Acetogenins	1	150	10596522	5539891023.3	0.00191276722871127	kruskal_wallis	0.893597347108515	0.991701292638876	ns	0.00203734934106516	0.00223525842543671
MDM_B_190626_untreated	Untreated	raw	class	Acetogenins	Acetogenins	pathway	Polyketides	Polyketides	Linear polyketides	Acetogenins	NPC class: Acetogenins / NPC pathway: Polyketides	Acetogenins	1	150	4744178	6279276710.7	0.000755529373616524	kruskal_wallis	0.893597347108515	0.991701292638876	ns	0.00203734934106516	0.00223525842543671
MDM_160526_PET05	PET	raw	class	Aminoacids	Aminoacids	pathway	Amino acids and Peptides	Amino acids and Peptides	Nicotinic acid alkaloids | Small peptides	Aminoacids	NPC class: Aminoacids / NPC pathway: Amino acids and Peptides	Aminoacids	11	141	48616170.7	720581507.6	0.0674679688380058	kruskal_wallis	0.664757256135293	0.991701292638876	ns	0.00714998960519755	0.0196817781826185
MDM_160526_PET100	PET	raw	class	Aminoacids	Aminoacids	pathway	Amino acids and Peptides	Amino acids and Peptides	Nicotinic acid alkaloids | Small peptides	Aminoacids	NPC class: Aminoacids / NPC pathway: Amino acids and Peptides	Aminoacids	11	141	53864651.5	990293412.4	0.0543926182134825	kruskal_wallis	0.664757256135293	0.991701292638876	ns	0.00714998960519755	0.0196817781826185
MDM_160526_PS05	PS	raw	class	Aminoacids	Aminoacids	pathway	Amino acids and Peptides	Amino acids and Peptides	Nicotinic acid alkaloids | Small peptides	Aminoacids	NPC class: Aminoacids / NPC pathway: Amino acids and Peptides	Aminoacids	11	141	35777750.7	707706255.9	0.0505545208929953	kruskal_wallis	0.664757256135293	0.991701292638876	ns	0.00714998960519755	0.0196817781826185
MDM_160526_PS100	PS	raw	class	Aminoacids	Aminoacids	pathway	Amino acids and Peptides	Amino acids and Peptides	Nicotinic acid alkaloids | Small peptides	Aminoacids	NPC class: Aminoacids / NPC pathway: Amino acids and Peptides	Aminoacids	11	141	86930170.7	869130201.8	0.100019732969772	kruskal_wallis	0.664757256135293	0.991701292638876	ns	0.00714998960519755	0.0196817781826185
MDM_160526_untreated	Untreated	raw	class	Aminoacids	Aminoacids	pathway	Amino acids and Peptides	Amino acids and Peptides	Nicotinic acid alkaloids | Small peptides	Aminoacids	NPC class: Aminoacids / NPC pathway: Amino acids and Peptides	Aminoacids	11	141	65049475.3	829205201.5	0.0784479826975615	kruskal_wallis	0.664757256135293	0.991701292638876	ns	0.00714998960519755	0.0196817781826185
MDM_A_190626_PET05	PET	raw	class	Aminoacids	Aminoacids	pathway	Amino acids and Peptides	Amino acids and Peptides	Nicotinic acid alkaloids | Small peptides	Aminoacids	NPC class: Aminoacids / NPC pathway: Amino acids and Peptides	Aminoacids	11	141	11152609.6	143982754.9	0.0774579539594571	kruskal_wallis	0.664757256135293	0.991701292638876	ns	0.00714998960519755	0.0196817781826185
MDM_A_190626_PET100	PET	raw	class	Aminoacids	Aminoacids	pathway	Amino acids and Peptides	Amino acids and Peptides	Nicotinic acid alkaloids | Small peptides	Aminoacids	NPC class: Aminoacids / NPC pathway: Amino acids and Peptides	Aminoacids	11	141	64349020.4	1555297808	0.041374082872751	kruskal_wallis	0.664757256135293	0.991701292638876	ns	0.00714998960519755	0.0196817781826185
MDM_A_190626_PS05	PS	raw	class	Aminoacids	Aminoacids	pathway	Amino acids and Peptides	Amino acids and Peptides	Nicotinic acid alkaloids | Small peptides	Aminoacids	NPC class: Aminoacids / NPC pathway: Amino acids and Peptides	Aminoacids	11	141	32467544.7	1177804050.8	0.0275661683095308	kruskal_wallis	0.664757256135293	0.991701292638876	ns	0.00714998960519755	0.0196817781826185
MDM_A_190626_PS100	PS	raw	class	Aminoacids	Aminoacids	pathway	Amino acids and Peptides	Amino acids and Peptides	Nicotinic acid alkaloids | Small peptides	Aminoacids	NPC class: Aminoacids / NPC pathway: Amino acids and Peptides	Aminoacids	11	141	43822123.3	1003167079.2	0.0436837733301087	kruskal_wallis	0.664757256135293	0.991701292638876	ns	0.00714998960519755	0.0196817781826185
MDM_A_190626_untreated	Untreated	raw	class	Aminoacids	Aminoacids	pathway	Amino acids and Peptides	Amino acids and Peptides	Nicotinic acid alkaloids | Small peptides	Aminoacids	NPC class: Aminoacids / NPC pathway: Amino acids and Peptides	Aminoacids	11	141	36715210	1301885211.6	0.0282015723604983	kruskal_wallis	0.664757256135293	0.991701292638876	ns	0.00714998960519755	0.0196817781826185
MDM_B_120626_PS05	PS	raw	class	Aminoacids	Aminoacids	pathway	Amino acids and Peptides	Amino acids and Peptides	Nicotinic acid alkaloids | Small peptides	Aminoacids	NPC class: Aminoacids / NPC pathway: Amino acids and Peptides	Aminoacids	11	141	49977645.2	963253372.2	0.051884215142538	kruskal_wallis	0.664757256135293	0.991701292638876	ns	0.00714998960519755	0.0196817781826185
MDM_B_190626_PET05	PET	raw	class	Aminoacids	Aminoacids	pathway	Amino acids and Peptides	Amino acids and Peptides	Nicotinic acid alkaloids | Small peptides	Aminoacids	NPC class: Aminoacids / NPC pathway: Amino acids and Peptides	Aminoacids	11	141	30841428.6	1074420585.3	0.028705172836379	kruskal_wallis	0.664757256135293	0.991701292638876	ns	0.00714998960519755	0.0196817781826185
MDM_B_190626_PET100	PET	raw	class	Aminoacids	Aminoacids	pathway	Amino acids and Peptides	Amino acids and Peptides	Nicotinic acid alkaloids | Small peptides	Aminoacids	NPC class: Aminoacids / NPC pathway: Amino acids and Peptides	Aminoacids	11	141	40152722.5	1057910792.8	0.0379547337764905	kruskal_wallis	0.664757256135293	0.991701292638876	ns	0.00714998960519755	0.0196817781826185
MDM_B_190626_PS100	PS	raw	class	Aminoacids	Aminoacids	pathway	Amino acids and Peptides	Amino acids and Peptides	Nicotinic acid alkaloids | Small peptides	Aminoacids	NPC class: Aminoacids / NPC pathway: Amino acids and Peptides	Aminoacids	11	141	34645915.4	1113146363.3	0.0311243126171564	kruskal_wallis	0.664757256135293	0.991701292638876	ns	0.00714998960519755	0.0196817781826185
MDM_B_190626_untreated	Untreated	raw	class	Aminoacids	Aminoacids	pathway	Amino acids and Peptides	Amino acids and Peptides	Nicotinic acid alkaloids | Small peptides	Aminoacids	NPC class: Aminoacids / NPC pathway: Amino acids and Peptides	Aminoacids	11	141	21691761.2	848104959.2	0.0255767413746306	kruskal_wallis	0.664757256135293	0.991701292638876	ns	0.00714998960519755	0.0196817781826185
MDM_160526_PET05	PET	raw	class	Aminoglycosides	Aminoglycosides	pathway	Carbohydrates	Carbohydrates	Aminosugars and aminoglycosides	Aminoglycosides	NPC class: Aminoglycosides / NPC pathway: Carbohydrates	Aminoglycosides	2	10	2027747.2	34389963.2	0.058963343118669	kruskal_wallis	0.509156420607549	0.991701292638876	ns	0.0593909395172233	0.0537695047500336
MDM_160526_PET100	PET	raw	class	Aminoglycosides	Aminoglycosides	pathway	Carbohydrates	Carbohydrates	Aminosugars and aminoglycosides	Aminoglycosides	NPC class: Aminoglycosides / NPC pathway: Carbohydrates	Aminoglycosides	2	10	2027747.2	28056539.6	0.0722736028358964	kruskal_wallis	0.509156420607549	0.991701292638876	ns	0.0593909395172233	0.0537695047500336
MDM_160526_PS05	PS	raw	class	Aminoglycosides	Aminoglycosides	pathway	Carbohydrates	Carbohydrates	Aminosugars and aminoglycosides	Aminoglycosides	NPC class: Aminoglycosides / NPC pathway: Carbohydrates	Aminoglycosides	2	10	2027747.2	46426403.4	0.0436765945991845	kruskal_wallis	0.509156420607549	0.991701292638876	ns	0.0593909395172233	0.0537695047500336
MDM_160526_PS100	PS	raw	class	Aminoglycosides	Aminoglycosides	pathway	Carbohydrates	Carbohydrates	Aminosugars and aminoglycosides	Aminoglycosides	NPC class: Aminoglycosides / NPC pathway: Carbohydrates	Aminoglycosides	2	10	2027747.2	26217207.8	0.077344132734074	kruskal_wallis	0.509156420607549	0.991701292638876	ns	0.0593909395172233	0.0537695047500336
MDM_160526_untreated	Untreated	raw	class	Aminoglycosides	Aminoglycosides	pathway	Carbohydrates	Carbohydrates	Aminosugars and aminoglycosides	Aminoglycosides	NPC class: Aminoglycosides / NPC pathway: Carbohydrates	Aminoglycosides	2	10	2027747.2	40651307.2	0.0498814758901529	kruskal_wallis	0.509156420607549	0.991701292638876	ns	0.0593909395172233	0.0537695047500336
MDM_A_190626_PET05	PET	raw	class	Aminoglycosides	Aminoglycosides	pathway	Carbohydrates	Carbohydrates	Aminosugars and aminoglycosides	Aminoglycosides	NPC class: Aminoglycosides / NPC pathway: Carbohydrates	Aminoglycosides	2	10	2027747.2	10138736	0.2	kruskal_wallis	0.509156420607549	0.991701292638876	ns	0.0593909395172233	0.0537695047500336
MDM_A_190626_PET100	PET	raw	class	Aminoglycosides	Aminoglycosides	pathway	Carbohydrates	Carbohydrates	Aminosugars and aminoglycosides	Aminoglycosides	NPC class: Aminoglycosides / NPC pathway: Carbohydrates	Aminoglycosides	2	10	2027747.2	12141330.8	0.167011939086611	kruskal_wallis	0.509156420607549	0.991701292638876	ns	0.0593909395172233	0.0537695047500336
MDM_A_190626_PS05	PS	raw	class	Aminoglycosides	Aminoglycosides	pathway	Carbohydrates	Carbohydrates	Aminosugars and aminoglycosides	Aminoglycosides	NPC class: Aminoglycosides / NPC pathway: Carbohydrates	Aminoglycosides	2	10	2027747.2	16773047.5	0.120893188909171	kruskal_wallis	0.509156420607549	0.991701292638876	ns	0.0593909395172233	0.0537695047500336
MDM_A_190626_PS100	PS	raw	class	Aminoglycosides	Aminoglycosides	pathway	Carbohydrates	Carbohydrates	Aminosugars and aminoglycosides	Aminoglycosides	NPC class: Aminoglycosides / NPC pathway: Carbohydrates	Aminoglycosides	2	10	2027747.2	12538075.6	0.16172714734628	kruskal_wallis	0.509156420607549	0.991701292638876	ns	0.0593909395172233	0.0537695047500336
MDM_A_190626_untreated	Untreated	raw	class	Aminoglycosides	Aminoglycosides	pathway	Carbohydrates	Carbohydrates	Aminosugars and aminoglycosides	Aminoglycosides	NPC class: Aminoglycosides / NPC pathway: Carbohydrates	Aminoglycosides	2	10	6621647.6	24684804.5	0.268247925560845	kruskal_wallis	0.509156420607549	0.991701292638876	ns	0.0593909395172233	0.0537695047500336
MDM_B_120626_PS05	PS	raw	class	Aminoglycosides	Aminoglycosides	pathway	Carbohydrates	Carbohydrates	Aminosugars and aminoglycosides	Aminoglycosides	NPC class: Aminoglycosides / NPC pathway: Carbohydrates	Aminoglycosides	2	10	2027747.2	55152419	0.0367662422930171	kruskal_wallis	0.509156420607549	0.991701292638876	ns	0.0593909395172233	0.0537695047500336
MDM_B_190626_PET05	PET	raw	class	Aminoglycosides	Aminoglycosides	pathway	Carbohydrates	Carbohydrates	Aminosugars and aminoglycosides	Aminoglycosides	NPC class: Aminoglycosides / NPC pathway: Carbohydrates	Aminoglycosides	2	10	7596692.1	24623753.3	0.308510729759464	kruskal_wallis	0.509156420607549	0.991701292638876	ns	0.0593909395172233	0.0537695047500336
MDM_B_190626_PET100	PET	raw	class	Aminoglycosides	Aminoglycosides	pathway	Carbohydrates	Carbohydrates	Aminosugars and aminoglycosides	Aminoglycosides	NPC class: Aminoglycosides / NPC pathway: Carbohydrates	Aminoglycosides	2	10	2027747.2	38741977.2	0.0523397964314532	kruskal_wallis	0.509156420607549	0.991701292638876	ns	0.0593909395172233	0.0537695047500336
MDM_B_190626_PS100	PS	raw	class	Aminoglycosides	Aminoglycosides	pathway	Carbohydrates	Carbohydrates	Aminosugars and aminoglycosides	Aminoglycosides	NPC class: Aminoglycosides / NPC pathway: Carbohydrates	Aminoglycosides	2	10	2027747.2	32523850.3	0.0623464682470267	kruskal_wallis	0.509156420607549	0.991701292638876	ns	0.0593909395172233	0.0537695047500336
MDM_B_190626_untreated	Untreated	raw	class	Aminoglycosides	Aminoglycosides	pathway	Carbohydrates	Carbohydrates	Aminosugars and aminoglycosides	Aminoglycosides	NPC class: Aminoglycosides / NPC pathway: Carbohydrates	Aminoglycosides	2	10	3259391.4	49479729.6	0.0658732662112204	kruskal_wallis	0.509156420607549	0.991701292638876	ns	0.0593909395172233	0.0537695047500336
MDM_160526_PET05	PET	raw	class	Androstane steroids	Androstane steroids	pathway	Terpenoids	Terpenoids	Steroids	Androstane steroids	NPC class: Androstane steroids / NPC pathway: Terpenoids	Androstane steroids	1	328	2910469.8	11424929845.4	0.00025474727979812	kruskal_wallis	0.49658530379141	0.991701292638876	ns	0.000448841954589597	0.000110793638199696
MDM_160526_PET100	PET	raw	class	Androstane steroids	Androstane steroids	pathway	Terpenoids	Terpenoids	Steroids	Androstane steroids	NPC class: Androstane steroids / NPC pathway: Terpenoids	Androstane steroids	1	328	1550415.9	12419174723.5	0.000124840493391743	kruskal_wallis	0.49658530379141	0.991701292638876	ns	0.000448841954589597	0.000110793638199696
MDM_160526_PS05	PS	raw	class	Androstane steroids	Androstane steroids	pathway	Terpenoids	Terpenoids	Steroids	Androstane steroids	NPC class: Androstane steroids / NPC pathway: Terpenoids	Androstane steroids	1	328	2085352.9	11192569017.8	0.000186315840151048	kruskal_wallis	0.49658530379141	0.991701292638876	ns	0.000448841954589597	0.000110793638199696
MDM_160526_PS100	PS	raw	class	Androstane steroids	Androstane steroids	pathway	Terpenoids	Terpenoids	Steroids	Androstane steroids	NPC class: Androstane steroids / NPC pathway: Terpenoids	Androstane steroids	1	328	1013873.6	12332953384.6	8.22085001363916e-05	kruskal_wallis	0.49658530379141	0.991701292638876	ns	0.000448841954589597	0.000110793638199696
MDM_160526_untreated	Untreated	raw	class	Androstane steroids	Androstane steroids	pathway	Terpenoids	Terpenoids	Steroids	Androstane steroids	NPC class: Androstane steroids / NPC pathway: Terpenoids	Androstane steroids	1	328	6220342.5	13761025227.8	0.000452026095223899	kruskal_wallis	0.49658530379141	0.991701292638876	ns	0.000448841954589597	0.000110793638199696
MDM_A_190626_PET05	PET	raw	class	Androstane steroids	Androstane steroids	pathway	Terpenoids	Terpenoids	Steroids	Androstane steroids	NPC class: Androstane steroids / NPC pathway: Terpenoids	Androstane steroids	1	328	1013873.6	338567248.3	0.0029946003492388	kruskal_wallis	0.49658530379141	0.991701292638876	ns	0.000448841954589597	0.000110793638199696
MDM_A_190626_PET100	PET	raw	class	Androstane steroids	Androstane steroids	pathway	Terpenoids	Terpenoids	Steroids	Androstane steroids	NPC class: Androstane steroids / NPC pathway: Terpenoids	Androstane steroids	1	328	6938592	25155865783	0.000275824018932754	kruskal_wallis	0.49658530379141	0.991701292638876	ns	0.000448841954589597	0.000110793638199696
MDM_A_190626_PS05	PS	raw	class	Androstane steroids	Androstane steroids	pathway	Terpenoids	Terpenoids	Steroids	Androstane steroids	NPC class: Androstane steroids / NPC pathway: Terpenoids	Androstane steroids	1	328	1013873.6	14287611092.7	7.09617299506438e-05	kruskal_wallis	0.49658530379141	0.991701292638876	ns	0.000448841954589597	0.000110793638199696
MDM_A_190626_PS100	PS	raw	class	Androstane steroids	Androstane steroids	pathway	Terpenoids	Terpenoids	Steroids	Androstane steroids	NPC class: Androstane steroids / NPC pathway: Terpenoids	Androstane steroids	1	328	5177386.5	8548257803.5	0.000605665694579329	kruskal_wallis	0.49658530379141	0.991701292638876	ns	0.000448841954589597	0.000110793638199696
MDM_A_190626_untreated	Untreated	raw	class	Androstane steroids	Androstane steroids	pathway	Terpenoids	Terpenoids	Steroids	Androstane steroids	NPC class: Androstane steroids / NPC pathway: Terpenoids	Androstane steroids	1	328	1013873.6	10571590523.7	9.59054929082847e-05	kruskal_wallis	0.49658530379141	0.991701292638876	ns	0.000448841954589597	0.000110793638199696
MDM_B_120626_PS05	PS	raw	class	Androstane steroids	Androstane steroids	pathway	Terpenoids	Terpenoids	Steroids	Androstane steroids	NPC class: Androstane steroids / NPC pathway: Terpenoids	Androstane steroids	1	328	1694375.4	13340032138.9	0.000127014341671572	kruskal_wallis	0.49658530379141	0.991701292638876	ns	0.000448841954589597	0.000110793638199696
MDM_B_190626_PET05	PET	raw	class	Androstane steroids	Androstane steroids	pathway	Terpenoids	Terpenoids	Steroids	Androstane steroids	NPC class: Androstane steroids / NPC pathway: Terpenoids	Androstane steroids	1	328	2587107.8	16214852534.7	0.00015955173162775	kruskal_wallis	0.49658530379141	0.991701292638876	ns	0.000448841954589597	0.000110793638199696
MDM_B_190626_PET100	PET	raw	class	Androstane steroids	Androstane steroids	pathway	Terpenoids	Terpenoids	Steroids	Androstane steroids	NPC class: Androstane steroids / NPC pathway: Terpenoids	Androstane steroids	1	328	1484112.9	12908450200.3	0.000114972198596351	kruskal_wallis	0.49658530379141	0.991701292638876	ns	0.000448841954589597	0.000110793638199696
MDM_B_190626_PS100	PS	raw	class	Androstane steroids	Androstane steroids	pathway	Terpenoids	Terpenoids	Steroids	Androstane steroids	NPC class: Androstane steroids / NPC pathway: Terpenoids	Androstane steroids	1	328	1996592.1	12532100094.7	0.000159318237558954	kruskal_wallis	0.49658530379141	0.991701292638876	ns	0.000448841954589597	0.000110793638199696
MDM_B_190626_untreated	Untreated	raw	class	Androstane steroids	Androstane steroids	pathway	Terpenoids	Terpenoids	Steroids	Androstane steroids	NPC class: Androstane steroids / NPC pathway: Terpenoids	Androstane steroids	1	328	1177070.1	12215863240.9	9.63558675132385e-05	kruskal_wallis	0.49658530379141	0.991701292638876	ns	0.000448841954589597	0.000110793638199696
MDM_160526_PET05	PET	raw	class	Azaphilones	Azaphilones	pathway	Polyketides	Polyketides	Chromanes	Azaphilones	NPC class: Azaphilones / NPC pathway: Polyketides	Azaphilones	3	150	15187926.1	600553025.5	0.0252899002337971	kruskal_wallis	0.991701292638876	0.991701292638876	ns	0.00376725124351801	0.0077684102623717
MDM_160526_PET100	PET	raw	class	Azaphilones	Azaphilones	pathway	Polyketides	Polyketides	Chromanes	Azaphilones	NPC class: Azaphilones / NPC pathway: Polyketides	Azaphilones	3	150	17914607.1	742612221.2	0.024123770911084	kruskal_wallis	0.991701292638876	0.991701292638876	ns	0.00376725124351801	0.0077684102623717
MDM_160526_PS05	PS	raw	class	Azaphilones	Azaphilones	pathway	Polyketides	Polyketides	Chromanes	Azaphilones	NPC class: Azaphilones / NPC pathway: Polyketides	Azaphilones	3	150	17641704.1	638761702.1	0.0276186002416878	kruskal_wallis	0.991701292638876	0.991701292638876	ns	0.00376725124351801	0.0077684102623717
MDM_160526_PS100	PS	raw	class	Azaphilones	Azaphilones	pathway	Polyketides	Polyketides	Chromanes	Azaphilones	NPC class: Azaphilones / NPC pathway: Polyketides	Azaphilones	3	150	12201346.6	877091373.9	0.013911146504322	kruskal_wallis	0.991701292638876	0.991701292638876	ns	0.00376725124351801	0.0077684102623717
MDM_160526_untreated	Untreated	raw	class	Azaphilones	Azaphilones	pathway	Polyketides	Polyketides	Chromanes	Azaphilones	NPC class: Azaphilones / NPC pathway: Polyketides	Azaphilones	3	150	17389668.1	719115917.9	0.0241820096971045	kruskal_wallis	0.991701292638876	0.991701292638876	ns	0.00376725124351801	0.0077684102623717
MDM_A_190626_PET05	PET	raw	class	Azaphilones	Azaphilones	pathway	Polyketides	Polyketides	Chromanes	Azaphilones	NPC class: Azaphilones / NPC pathway: Polyketides	Azaphilones	3	150	3041620.8	154388751.9	0.0197010518095911	kruskal_wallis	0.991701292638876	0.991701292638876	ns	0.00376725124351801	0.0077684102623717
MDM_A_190626_PET100	PET	raw	class	Azaphilones	Azaphilones	pathway	Polyketides	Polyketides	Chromanes	Azaphilones	NPC class: Azaphilones / NPC pathway: Polyketides	Azaphilones	3	150	18832560.5	10556045796.8	0.0017840544520666	kruskal_wallis	0.991701292638876	0.991701292638876	ns	0.00376725124351801	0.0077684102623717
MDM_A_190626_PS05	PS	raw	class	Azaphilones	Azaphilones	pathway	Polyketides	Polyketides	Chromanes	Azaphilones	NPC class: Azaphilones / NPC pathway: Polyketides	Azaphilones	3	150	18963793.6	8195354836.4	0.0023139685808077	kruskal_wallis	0.991701292638876	0.991701292638876	ns	0.00376725124351801	0.0077684102623717
MDM_A_190626_PS100	PS	raw	class	Azaphilones	Azaphilones	pathway	Polyketides	Polyketides	Chromanes	Azaphilones	NPC class: Azaphilones / NPC pathway: Polyketides	Azaphilones	3	150	16102982.1	4981492138.2	0.00323256198208487	kruskal_wallis	0.991701292638876	0.991701292638876	ns	0.00376725124351801	0.0077684102623717
MDM_A_190626_untreated	Untreated	raw	class	Azaphilones	Azaphilones	pathway	Polyketides	Polyketides	Chromanes	Azaphilones	NPC class: Azaphilones / NPC pathway: Polyketides	Azaphilones	3	150	17180777.1	7088900344.6	0.00242361667745654	kruskal_wallis	0.991701292638876	0.991701292638876	ns	0.00376725124351801	0.0077684102623717
MDM_B_120626_PS05	PS	raw	class	Azaphilones	Azaphilones	pathway	Polyketides	Polyketides	Chromanes	Azaphilones	NPC class: Azaphilones / NPC pathway: Polyketides	Azaphilones	3	150	18537559.1	7364168721.5	0.00251726431061782	kruskal_wallis	0.991701292638876	0.991701292638876	ns	0.00376725124351801	0.0077684102623717
MDM_B_190626_PET05	PET	raw	class	Azaphilones	Azaphilones	pathway	Polyketides	Polyketides	Chromanes	Azaphilones	NPC class: Azaphilones / NPC pathway: Polyketides	Azaphilones	3	150	21536390.1	6775025783.1	0.00317879086950806	kruskal_wallis	0.991701292638876	0.991701292638876	ns	0.00376725124351801	0.0077684102623717
MDM_B_190626_PET100	PET	raw	class	Azaphilones	Azaphilones	pathway	Polyketides	Polyketides	Chromanes	Azaphilones	NPC class: Azaphilones / NPC pathway: Polyketides	Azaphilones	3	150	21881346.5	7636027125.6	0.0028655406980735	kruskal_wallis	0.991701292638876	0.991701292638876	ns	0.00376725124351801	0.0077684102623717
MDM_B_190626_PS100	PS	raw	class	Azaphilones	Azaphilones	pathway	Polyketides	Polyketides	Chromanes	Azaphilones	NPC class: Azaphilones / NPC pathway: Polyketides	Azaphilones	3	150	26292654.6	5539891023.3	0.00474605989349191	kruskal_wallis	0.991701292638876	0.991701292638876	ns	0.00376725124351801	0.0077684102623717
MDM_B_190626_untreated	Untreated	raw	class	Azaphilones	Azaphilones	pathway	Polyketides	Polyketides	Chromanes	Azaphilones	NPC class: Azaphilones / NPC pathway: Polyketides	Azaphilones	3	150	23054434	6279276710.7	0.00367151107717786	kruskal_wallis	0.991701292638876	0.991701292638876	ns	0.00376725124351801	0.0077684102623717
MDM_160526_PET05	PET	raw	class	Carotenoids (C40, β-β)	Carotenoids (C40, β-β)	pathway	Terpenoids	Terpenoids	Carotenoids (C40)	Carotenoids (C40, β-β)	NPC class: Carotenoids (C40, β-β) / NPC pathway: Terpenoids	Carotenoids (C40, β-β)	2	328	7189414.3	11424929845.4	0.000629274262274325	kruskal_wallis	0.562704868806956	0.991701292638876	ns	0.00102427128574356	0.00014841914445386
MDM_160526_PET100	PET	raw	class	Carotenoids (C40, β-β)	Carotenoids (C40, β-β)	pathway	Terpenoids	Terpenoids	Carotenoids (C40)	Carotenoids (C40, β-β)	NPC class: Carotenoids (C40, β-β) / NPC pathway: Terpenoids	Carotenoids (C40, β-β)	2	328	7266377	12419174723.5	0.000585093386781193	kruskal_wallis	0.562704868806956	0.991701292638876	ns	0.00102427128574356	0.00014841914445386
MDM_160526_PS05	PS	raw	class	Carotenoids (C40, β-β)	Carotenoids (C40, β-β)	pathway	Terpenoids	Terpenoids	Carotenoids (C40)	Carotenoids (C40, β-β)	NPC class: Carotenoids (C40, β-β) / NPC pathway: Terpenoids	Carotenoids (C40, β-β)	2	328	3886106.5	11192569017.8	0.00034720415784971	kruskal_wallis	0.562704868806956	0.991701292638876	ns	0.00102427128574356	0.00014841914445386
MDM_160526_PS100	PS	raw	class	Carotenoids (C40, β-β)	Carotenoids (C40, β-β)	pathway	Terpenoids	Terpenoids	Carotenoids (C40)	Carotenoids (C40, β-β)	NPC class: Carotenoids (C40, β-β) / NPC pathway: Terpenoids	Carotenoids (C40, β-β)	2	328	4713054.9	12332953384.6	0.000382151359291209	kruskal_wallis	0.562704868806956	0.991701292638876	ns	0.00102427128574356	0.00014841914445386
MDM_160526_untreated	Untreated	raw	class	Carotenoids (C40, β-β)	Carotenoids (C40, β-β)	pathway	Terpenoids	Terpenoids	Carotenoids (C40)	Carotenoids (C40, β-β)	NPC class: Carotenoids (C40, β-β) / NPC pathway: Terpenoids	Carotenoids (C40, β-β)	2	328	5411844.2	13761025227.8	0.000393273328869931	kruskal_wallis	0.562704868806956	0.991701292638876	ns	0.00102427128574356	0.00014841914445386
MDM_A_190626_PET05	PET	raw	class	Carotenoids (C40, β-β)	Carotenoids (C40, β-β)	pathway	Terpenoids	Terpenoids	Carotenoids (C40)	Carotenoids (C40, β-β)	NPC class: Carotenoids (C40, β-β) / NPC pathway: Terpenoids	Carotenoids (C40, β-β)	2	328	2027747.2	338567248.3	0.0059892006984776	kruskal_wallis	0.562704868806956	0.991701292638876	ns	0.00102427128574356	0.00014841914445386
MDM_A_190626_PET100	PET	raw	class	Carotenoids (C40, β-β)	Carotenoids (C40, β-β)	pathway	Terpenoids	Terpenoids	Carotenoids (C40)	Carotenoids (C40, β-β)	NPC class: Carotenoids (C40, β-β) / NPC pathway: Terpenoids	Carotenoids (C40, β-β)	2	328	5781189.4	25155865783	0.000229814765664192	kruskal_wallis	0.562704868806956	0.991701292638876	ns	0.00102427128574356	0.00014841914445386
MDM_A_190626_PS05	PS	raw	class	Carotenoids (C40, β-β)	Carotenoids (C40, β-β)	pathway	Terpenoids	Terpenoids	Carotenoids (C40)	Carotenoids (C40, β-β)	NPC class: Carotenoids (C40, β-β) / NPC pathway: Terpenoids	Carotenoids (C40, β-β)	2	328	4497258.1	14287611092.7	0.000314766273439357	kruskal_wallis	0.562704868806956	0.991701292638876	ns	0.00102427128574356	0.00014841914445386
MDM_A_190626_PS100	PS	raw	class	Carotenoids (C40, β-β)	Carotenoids (C40, β-β)	pathway	Terpenoids	Terpenoids	Carotenoids (C40)	Carotenoids (C40, β-β)	NPC class: Carotenoids (C40, β-β) / NPC pathway: Terpenoids	Carotenoids (C40, β-β)	2	328	5124379.6	8548257803.5	0.000599464793621675	kruskal_wallis	0.562704868806956	0.991701292638876	ns	0.00102427128574356	0.00014841914445386
MDM_A_190626_untreated	Untreated	raw	class	Carotenoids (C40, β-β)	Carotenoids (C40, β-β)	pathway	Terpenoids	Terpenoids	Carotenoids (C40)	Carotenoids (C40, β-β)	NPC class: Carotenoids (C40, β-β) / NPC pathway: Terpenoids	Carotenoids (C40, β-β)	2	328	4060080.7	10571590523.7	0.000384055804176096	kruskal_wallis	0.562704868806956	0.991701292638876	ns	0.00102427128574356	0.00014841914445386
MDM_B_120626_PS05	PS	raw	class	Carotenoids (C40, β-β)	Carotenoids (C40, β-β)	pathway	Terpenoids	Terpenoids	Carotenoids (C40)	Carotenoids (C40, β-β)	NPC class: Carotenoids (C40, β-β) / NPC pathway: Terpenoids	Carotenoids (C40, β-β)	2	328	4876721.6	13340032138.9	0.000365570453595783	kruskal_wallis	0.562704868806956	0.991701292638876	ns	0.00102427128574356	0.00014841914445386
MDM_B_190626_PET05	PET	raw	class	Carotenoids (C40, β-β)	Carotenoids (C40, β-β)	pathway	Terpenoids	Terpenoids	Carotenoids (C40)	Carotenoids (C40, β-β)	NPC class: Carotenoids (C40, β-β) / NPC pathway: Terpenoids	Carotenoids (C40, β-β)	2	328	2827371.8	16214852534.7	0.000174369257688245	kruskal_wallis	0.562704868806956	0.991701292638876	ns	0.00102427128574356	0.00014841914445386
MDM_B_190626_PET100	PET	raw	class	Carotenoids (C40, β-β)	Carotenoids (C40, β-β)	pathway	Terpenoids	Terpenoids	Carotenoids (C40)	Carotenoids (C40, β-β)	NPC class: Carotenoids (C40, β-β) / NPC pathway: Terpenoids	Carotenoids (C40, β-β)	2	328	5479889	12908450200.3	0.00042451951357202	kruskal_wallis	0.562704868806956	0.991701292638876	ns	0.00102427128574356	0.00014841914445386
MDM_B_190626_PS100	PS	raw	class	Carotenoids (C40, β-β)	Carotenoids (C40, β-β)	pathway	Terpenoids	Terpenoids	Carotenoids (C40)	Carotenoids (C40, β-β)	NPC class: Carotenoids (C40, β-β) / NPC pathway: Terpenoids	Carotenoids (C40, β-β)	2	328	2889431.5	12532100094.7	0.000230562433922945	kruskal_wallis	0.562704868806956	0.991701292638876	ns	0.00102427128574356	0.00014841914445386
MDM_B_190626_untreated	Untreated	raw	class	Carotenoids (C40, β-β)	Carotenoids (C40, β-β)	pathway	Terpenoids	Terpenoids	Carotenoids (C40)	Carotenoids (C40, β-β)	NPC class: Carotenoids (C40, β-β) / NPC pathway: Terpenoids	Carotenoids (C40, β-β)	2	328	2027747.2	12215863240.9	0.000165992951952089	kruskal_wallis	0.562704868806956	0.991701292638876	ns	0.00102427128574356	0.00014841914445386
MDM_160526_PET05	PET	raw	class	Ceramides	Ceramides	pathway	Fatty acids	Fatty acids	Fatty amides | Spingolipids	Ceramides	NPC class: Ceramides / NPC pathway: Fatty acids	Ceramides	101	1440	388820768.1	22473036077.3	0.0173016572733022	kruskal_wallis	0.987577800493882	0.991701292638876	ns	0.00611616100200627	0.0250721438900462
MDM_160526_PET100	PET	raw	class	Ceramides	Ceramides	pathway	Fatty acids	Fatty acids	Fatty amides | Spingolipids	Ceramides	NPC class: Ceramides / NPC pathway: Fatty acids	Ceramides	101	1440	413877089.7	28244838693.3	0.0146531936044718	kruskal_wallis	0.987577800493882	0.991701292638876	ns	0.00611616100200627	0.0250721438900462
MDM_160526_PS05	PS	raw	class	Ceramides	Ceramides	pathway	Fatty acids	Fatty acids	Fatty amides | Spingolipids	Ceramides	NPC class: Ceramides / NPC pathway: Fatty acids	Ceramides	101	1440	383620159.9	20456769507.4	0.0187527243615484	kruskal_wallis	0.987577800493882	0.991701292638876	ns	0.00611616100200627	0.0250721438900462
MDM_160526_PS100	PS	raw	class	Ceramides	Ceramides	pathway	Fatty acids	Fatty acids	Fatty amides | Spingolipids	Ceramides	NPC class: Ceramides / NPC pathway: Fatty acids	Ceramides	101	1440	578977885.1	30211472297.4	0.0191641731128021	kruskal_wallis	0.987577800493882	0.991701292638876	ns	0.00611616100200627	0.0250721438900462
MDM_160526_untreated	Untreated	raw	class	Ceramides	Ceramides	pathway	Fatty acids	Fatty acids	Fatty amides | Spingolipids	Ceramides	NPC class: Ceramides / NPC pathway: Fatty acids	Ceramides	101	1440	1116784489.1	26519025548.7	0.0421125763859278	kruskal_wallis	0.987577800493882	0.991701292638876	ns	0.00611616100200627	0.0250721438900462
MDM_A_190626_PET05	PET	raw	class	Ceramides	Ceramides	pathway	Fatty acids	Fatty acids	Fatty amides | Spingolipids	Ceramides	NPC class: Ceramides / NPC pathway: Fatty acids	Ceramides	101	1440	102401233.6	1459977984	0.0701388888888889	kruskal_wallis	0.987577800493882	0.991701292638876	ns	0.00611616100200627	0.0250721438900462
MDM_A_190626_PET100	PET	raw	class	Ceramides	Ceramides	pathway	Fatty acids	Fatty acids	Fatty amides | Spingolipids	Ceramides	NPC class: Ceramides / NPC pathway: Fatty acids	Ceramides	101	1440	2940158589.4	38894935316.3	0.0755923249515688	kruskal_wallis	0.987577800493882	0.991701292638876	ns	0.00611616100200627	0.0250721438900462
MDM_A_190626_PS05	PS	raw	class	Ceramides	Ceramides	pathway	Fatty acids	Fatty acids	Fatty amides | Spingolipids	Ceramides	NPC class: Ceramides / NPC pathway: Fatty acids	Ceramides	101	1440	2569281297.7	28257831826.4	0.0909228037552279	kruskal_wallis	0.987577800493882	0.991701292638876	ns	0.00611616100200627	0.0250721438900462
MDM_A_190626_PS100	PS	raw	class	Ceramides	Ceramides	pathway	Fatty acids	Fatty acids	Fatty amides | Spingolipids	Ceramides	NPC class: Ceramides / NPC pathway: Fatty acids	Ceramides	101	1440	1250030623.9	25448591356.4	0.0491198356087255	kruskal_wallis	0.987577800493882	0.991701292638876	ns	0.00611616100200627	0.0250721438900462
MDM_A_190626_untreated	Untreated	raw	class	Ceramides	Ceramides	pathway	Fatty acids	Fatty acids	Fatty amides | Spingolipids	Ceramides	NPC class: Ceramides / NPC pathway: Fatty acids	Ceramides	101	1440	1118191320.2	26876593288.9	0.041604652352343	kruskal_wallis	0.987577800493882	0.991701292638876	ns	0.00611616100200627	0.0250721438900462
MDM_B_120626_PS05	PS	raw	class	Ceramides	Ceramides	pathway	Fatty acids	Fatty acids	Fatty amides | Spingolipids	Ceramides	NPC class: Ceramides / NPC pathway: Fatty acids	Ceramides	101	1440	1386496838.8	26269246863.4	0.052780227998533	kruskal_wallis	0.987577800493882	0.991701292638876	ns	0.00611616100200627	0.0250721438900462
MDM_B_190626_PET05	PET	raw	class	Ceramides	Ceramides	pathway	Fatty acids	Fatty acids	Fatty amides | Spingolipids	Ceramides	NPC class: Ceramides / NPC pathway: Fatty acids	Ceramides	101	1440	1687376275.6	26270617827.66	0.0642305516630592	kruskal_wallis	0.987577800493882	0.991701292638876	ns	0.00611616100200627	0.0250721438900462
MDM_B_190626_PET100	PET	raw	class	Ceramides	Ceramides	pathway	Fatty acids	Fatty acids	Fatty amides | Spingolipids	Ceramides	NPC class: Ceramides / NPC pathway: Fatty acids	Ceramides	101	1440	2188158312.2	29419865311.6	0.0743768976854298	kruskal_wallis	0.987577800493882	0.991701292638876	ns	0.00611616100200627	0.0250721438900462
MDM_B_190626_PS100	PS	raw	class	Ceramides	Ceramides	pathway	Fatty acids	Fatty acids	Fatty amides | Spingolipids	Ceramides	NPC class: Ceramides / NPC pathway: Fatty acids	Ceramides	101	1440	2348420308	31808703086.2	0.0738294894210524	kruskal_wallis	0.987577800493882	0.991701292638876	ns	0.00611616100200627	0.0250721438900462
MDM_B_190626_untreated	Untreated	raw	class	Ceramides	Ceramides	pathway	Fatty acids	Fatty acids	Fatty amides | Spingolipids	Ceramides	NPC class: Ceramides / NPC pathway: Fatty acids	Ceramides	101	1440	2046942745.9	23550848395.1	0.0869158813966926	kruskal_wallis	0.987577800493882	0.991701292638876	ns	0.00611616100200627	0.0250721438900462
MDM_160526_PET05	PET	raw	class	Cholane steroids	Cholane steroids	pathway	Terpenoids	Terpenoids	Steroids	Cholane steroids	NPC class: Cholane steroids / NPC pathway: Terpenoids	Cholane steroids	1	328	1013873.6	11424929845.4	8.8742216689253e-05	kruskal_wallis	0.778800783071405	0.991701292638876	ns	0.000482627168533855	7.51895889876747e-06
MDM_160526_PET100	PET	raw	class	Cholane steroids	Cholane steroids	pathway	Terpenoids	Terpenoids	Steroids	Cholane steroids	NPC class: Cholane steroids / NPC pathway: Terpenoids	Cholane steroids	1	328	1013873.6	12419174723.5	8.16377595591366e-05	kruskal_wallis	0.778800783071405	0.991701292638876	ns	0.000482627168533855	7.51895889876747e-06
MDM_160526_PS05	PS	raw	class	Cholane steroids	Cholane steroids	pathway	Terpenoids	Terpenoids	Steroids	Cholane steroids	NPC class: Cholane steroids / NPC pathway: Terpenoids	Cholane steroids	1	328	1013873.6	11192569017.8	9.05845296453026e-05	kruskal_wallis	0.778800783071405	0.991701292638876	ns	0.000482627168533855	7.51895889876747e-06
MDM_160526_PS100	PS	raw	class	Cholane steroids	Cholane steroids	pathway	Terpenoids	Terpenoids	Steroids	Cholane steroids	NPC class: Cholane steroids / NPC pathway: Terpenoids	Cholane steroids	1	328	1013873.6	12332953384.6	8.22085001363916e-05	kruskal_wallis	0.778800783071405	0.991701292638876	ns	0.000482627168533855	7.51895889876747e-06
MDM_160526_untreated	Untreated	raw	class	Cholane steroids	Cholane steroids	pathway	Terpenoids	Terpenoids	Steroids	Cholane steroids	NPC class: Cholane steroids / NPC pathway: Terpenoids	Cholane steroids	1	328	1013873.6	13761025227.8	7.36771848911209e-05	kruskal_wallis	0.778800783071405	0.991701292638876	ns	0.000482627168533855	7.51895889876747e-06
MDM_A_190626_PET05	PET	raw	class	Cholane steroids	Cholane steroids	pathway	Terpenoids	Terpenoids	Steroids	Cholane steroids	NPC class: Cholane steroids / NPC pathway: Terpenoids	Cholane steroids	1	328	1013873.6	338567248.3	0.0029946003492388	kruskal_wallis	0.778800783071405	0.991701292638876	ns	0.000482627168533855	7.51895889876747e-06
MDM_A_190626_PET100	PET	raw	class	Cholane steroids	Cholane steroids	pathway	Terpenoids	Terpenoids	Steroids	Cholane steroids	NPC class: Cholane steroids / NPC pathway: Terpenoids	Cholane steroids	1	328	3046176.5	25155865783	0.000121092095429232	kruskal_wallis	0.778800783071405	0.991701292638876	ns	0.000482627168533855	7.51895889876747e-06
MDM_A_190626_PS05	PS	raw	class	Cholane steroids	Cholane steroids	pathway	Terpenoids	Terpenoids	Steroids	Cholane steroids	NPC class: Cholane steroids / NPC pathway: Terpenoids	Cholane steroids	1	328	1612186.8	14287611092.7	0.000112838093754086	kruskal_wallis	0.778800783071405	0.991701292638876	ns	0.000482627168533855	7.51895889876747e-06
MDM_A_190626_PS100	PS	raw	class	Cholane steroids	Cholane steroids	pathway	Terpenoids	Terpenoids	Steroids	Cholane steroids	NPC class: Cholane steroids / NPC pathway: Terpenoids	Cholane steroids	1	328	1013873.6	8548257803.5	0.000118605875408306	kruskal_wallis	0.778800783071405	0.991701292638876	ns	0.000482627168533855	7.51895889876747e-06
MDM_A_190626_untreated	Untreated	raw	class	Cholane steroids	Cholane steroids	pathway	Terpenoids	Terpenoids	Steroids	Cholane steroids	NPC class: Cholane steroids / NPC pathway: Terpenoids	Cholane steroids	1	328	2896873.5	10571590523.7	0.000274024376323092	kruskal_wallis	0.778800783071405	0.991701292638876	ns	0.000482627168533855	7.51895889876747e-06
MDM_B_120626_PS05	PS	raw	class	Cholane steroids	Cholane steroids	pathway	Terpenoids	Terpenoids	Steroids	Cholane steroids	NPC class: Cholane steroids / NPC pathway: Terpenoids	Cholane steroids	1	328	1013873.6	13340032138.9	7.60023356348227e-05	kruskal_wallis	0.778800783071405	0.991701292638876	ns	0.000482627168533855	7.51895889876747e-06
MDM_B_190626_PET05	PET	raw	class	Cholane steroids	Cholane steroids	pathway	Terpenoids	Terpenoids	Steroids	Cholane steroids	NPC class: Cholane steroids / NPC pathway: Terpenoids	Cholane steroids	1	328	1496446.9	16214852534.7	9.22886530603706e-05	kruskal_wallis	0.778800783071405	0.991701292638876	ns	0.000482627168533855	7.51895889876747e-06
MDM_B_190626_PET100	PET	raw	class	Cholane steroids	Cholane steroids	pathway	Terpenoids	Terpenoids	Steroids	Cholane steroids	NPC class: Cholane steroids / NPC pathway: Terpenoids	Cholane steroids	1	328	1013873.6	12908450200.3	7.85434025206556e-05	kruskal_wallis	0.778800783071405	0.991701292638876	ns	0.000482627168533855	7.51895889876747e-06
MDM_B_190626_PS100	PS	raw	class	Cholane steroids	Cholane steroids	pathway	Terpenoids	Terpenoids	Steroids	Cholane steroids	NPC class: Cholane steroids / NPC pathway: Terpenoids	Cholane steroids	1	328	1013873.6	12532100094.7	8.09021307154083e-05	kruskal_wallis	0.778800783071405	0.991701292638876	ns	0.000482627168533855	7.51895889876747e-06
MDM_B_190626_untreated	Untreated	raw	class	Cholane steroids	Cholane steroids	pathway	Terpenoids	Terpenoids	Steroids	Cholane steroids	NPC class: Cholane steroids / NPC pathway: Terpenoids	Cholane steroids	1	328	1013873.6	12215863240.9	8.29964759760443e-05	kruskal_wallis	0.778800783071405	0.991701292638876	ns	0.000482627168533855	7.51895889876747e-06
MDM_160526_PET05	PET	raw	class	Cholestane steroids	Cholestane steroids	pathway	Terpenoids	Terpenoids	Steroids	Cholestane steroids	NPC class: Cholestane steroids / NPC pathway: Terpenoids	Cholestane steroids	1	328	11111800	11424929845.4	0.000972592405411918	kruskal_wallis	0.864301741471365	0.991701292638876	ns	0.000266219807507489	6.12099648705742e-05
MDM_160526_PET100	PET	raw	class	Cholestane steroids	Cholestane steroids	pathway	Terpenoids	Terpenoids	Steroids	Cholestane steroids	NPC class: Cholestane steroids / NPC pathway: Terpenoids	Cholestane steroids	1	328	9723024	12419174723.5	0.000782904195848195	kruskal_wallis	0.864301741471365	0.991701292638876	ns	0.000266219807507489	6.12099648705742e-05
MDM_160526_PS05	PS	raw	class	Cholestane steroids	Cholestane steroids	pathway	Terpenoids	Terpenoids	Steroids	Cholestane steroids	NPC class: Cholestane steroids / NPC pathway: Terpenoids	Cholestane steroids	1	328	11879775	11192569017.8	0.00106139841363561	kruskal_wallis	0.864301741471365	0.991701292638876	ns	0.000266219807507489	6.12099648705742e-05
MDM_160526_PS100	PS	raw	class	Cholestane steroids	Cholestane steroids	pathway	Terpenoids	Terpenoids	Steroids	Cholestane steroids	NPC class: Cholestane steroids / NPC pathway: Terpenoids	Cholestane steroids	1	328	8570925	12332953384.6	0.000694961274296423	kruskal_wallis	0.864301741471365	0.991701292638876	ns	0.000266219807507489	6.12099648705742e-05
MDM_160526_untreated	Untreated	raw	class	Cholestane steroids	Cholestane steroids	pathway	Terpenoids	Terpenoids	Steroids	Cholestane steroids	NPC class: Cholestane steroids / NPC pathway: Terpenoids	Cholestane steroids	1	328	10519754	13761025227.8	0.0007644600475514	kruskal_wallis	0.864301741471365	0.991701292638876	ns	0.000266219807507489	6.12099648705742e-05
MDM_A_190626_PET05	PET	raw	class	Cholestane steroids	Cholestane steroids	pathway	Terpenoids	Terpenoids	Steroids	Cholestane steroids	NPC class: Cholestane steroids / NPC pathway: Terpenoids	Cholestane steroids	1	328	1013873.6	338567248.3	0.0029946003492388	kruskal_wallis	0.864301741471365	0.991701292638876	ns	0.000266219807507489	6.12099648705742e-05
MDM_A_190626_PET100	PET	raw	class	Cholestane steroids	Cholestane steroids	pathway	Terpenoids	Terpenoids	Steroids	Cholestane steroids	NPC class: Cholestane steroids / NPC pathway: Terpenoids	Cholestane steroids	1	328	8596709	25155865783	0.00034173775111368	kruskal_wallis	0.864301741471365	0.991701292638876	ns	0.000266219807507489	6.12099648705742e-05
MDM_A_190626_PS05	PS	raw	class	Cholestane steroids	Cholestane steroids	pathway	Terpenoids	Terpenoids	Steroids	Cholestane steroids	NPC class: Cholestane steroids / NPC pathway: Terpenoids	Cholestane steroids	1	328	10727386	14287611092.7	0.00075081732911116	kruskal_wallis	0.864301741471365	0.991701292638876	ns	0.000266219807507489	6.12099648705742e-05
MDM_A_190626_PS100	PS	raw	class	Cholestane steroids	Cholestane steroids	pathway	Terpenoids	Terpenoids	Steroids	Cholestane steroids	NPC class: Cholestane steroids / NPC pathway: Terpenoids	Cholestane steroids	1	328	8659960	8548257803.5	0.00101306724704235	kruskal_wallis	0.864301741471365	0.991701292638876	ns	0.000266219807507489	6.12099648705742e-05
MDM_A_190626_untreated	Untreated	raw	class	Cholestane steroids	Cholestane steroids	pathway	Terpenoids	Terpenoids	Steroids	Cholestane steroids	NPC class: Cholestane steroids / NPC pathway: Terpenoids	Cholestane steroids	1	328	8744706	10571590523.7	0.000827189246537275	kruskal_wallis	0.864301741471365	0.991701292638876	ns	0.000266219807507489	6.12099648705742e-05
MDM_B_120626_PS05	PS	raw	class	Cholestane steroids	Cholestane steroids	pathway	Terpenoids	Terpenoids	Steroids	Cholestane steroids	NPC class: Cholestane steroids / NPC pathway: Terpenoids	Cholestane steroids	1	328	11526214	13340032138.9	0.000864031951346591	kruskal_wallis	0.864301741471365	0.991701292638876	ns	0.000266219807507489	6.12099648705742e-05
MDM_B_190626_PET05	PET	raw	class	Cholestane steroids	Cholestane steroids	pathway	Terpenoids	Terpenoids	Steroids	Cholestane steroids	NPC class: Cholestane steroids / NPC pathway: Terpenoids	Cholestane steroids	1	328	11024318	16214852534.7	0.000679890117804514	kruskal_wallis	0.864301741471365	0.991701292638876	ns	0.000266219807507489	6.12099648705742e-05
MDM_B_190626_PET100	PET	raw	class	Cholestane steroids	Cholestane steroids	pathway	Terpenoids	Terpenoids	Steroids	Cholestane steroids	NPC class: Cholestane steroids / NPC pathway: Terpenoids	Cholestane steroids	1	328	9669131	12908450200.3	0.000749054367485206	kruskal_wallis	0.864301741471365	0.991701292638876	ns	0.000266219807507489	6.12099648705742e-05
MDM_B_190626_PS100	PS	raw	class	Cholestane steroids	Cholestane steroids	pathway	Terpenoids	Terpenoids	Steroids	Cholestane steroids	NPC class: Cholestane steroids / NPC pathway: Terpenoids	Cholestane steroids	1	328	7083141	12532100094.7	0.000565199842522448	kruskal_wallis	0.864301741471365	0.991701292638876	ns	0.000266219807507489	6.12099648705742e-05
MDM_B_190626_untreated	Untreated	raw	class	Cholestane steroids	Cholestane steroids	pathway	Terpenoids	Terpenoids	Steroids	Cholestane steroids	NPC class: Cholestane steroids / NPC pathway: Terpenoids	Cholestane steroids	1	328	10628789	12215863240.9	0.000870080876840017	kruskal_wallis	0.864301741471365	0.991701292638876	ns	0.000266219807507489	6.12099648705742e-05
MDM_160526_PET05	PET	raw	class	Cinnamic acids and derivatives	Cinnamic acids and derivatives	pathway	Shikimates and Phenylpropanoids	Shikimates and Phenylpropanoids	Phenylpropanoids (C6-C3)	Cinnamic acids and derivatives	NPC class: Cinnamic acids and derivatives / NPC pathway: Shikimates and Phenylpropanoids	Cinnamic acids and derivatives	1	44	38677076	156541070.1	0.247073026748142	kruskal_wallis	0.498658725853428	0.991701292638876	ns	0.0472751255159156	0.0616901123174626
MDM_160526_PET100	PET	raw	class	Cinnamic acids and derivatives	Cinnamic acids and derivatives	pathway	Shikimates and Phenylpropanoids	Shikimates and Phenylpropanoids	Phenylpropanoids (C6-C3)	Cinnamic acids and derivatives	NPC class: Cinnamic acids and derivatives / NPC pathway: Shikimates and Phenylpropanoids	Cinnamic acids and derivatives	1	44	44297136	180942395	0.244813472265579	kruskal_wallis	0.498658725853428	0.991701292638876	ns	0.0472751255159156	0.0616901123174626
MDM_160526_PS05	PS	raw	class	Cinnamic acids and derivatives	Cinnamic acids and derivatives	pathway	Shikimates and Phenylpropanoids	Shikimates and Phenylpropanoids	Phenylpropanoids (C6-C3)	Cinnamic acids and derivatives	NPC class: Cinnamic acids and derivatives / NPC pathway: Shikimates and Phenylpropanoids	Cinnamic acids and derivatives	1	44	37954800	145061714.6	0.261645880201115	kruskal_wallis	0.498658725853428	0.991701292638876	ns	0.0472751255159156	0.0616901123174626
MDM_160526_PS100	PS	raw	class	Cinnamic acids and derivatives	Cinnamic acids and derivatives	pathway	Shikimates and Phenylpropanoids	Shikimates and Phenylpropanoids	Phenylpropanoids (C6-C3)	Cinnamic acids and derivatives	NPC class: Cinnamic acids and derivatives / NPC pathway: Shikimates and Phenylpropanoids	Cinnamic acids and derivatives	1	44	31434726	193111262.1	0.162780387110318	kruskal_wallis	0.498658725853428	0.991701292638876	ns	0.0472751255159156	0.0616901123174626
MDM_160526_untreated	Untreated	raw	class	Cinnamic acids and derivatives	Cinnamic acids and derivatives	pathway	Shikimates and Phenylpropanoids	Shikimates and Phenylpropanoids	Phenylpropanoids (C6-C3)	Cinnamic acids and derivatives	NPC class: Cinnamic acids and derivatives / NPC pathway: Shikimates and Phenylpropanoids	Cinnamic acids and derivatives	1	44	44506870	180555053.7	0.246500272841712	kruskal_wallis	0.498658725853428	0.991701292638876	ns	0.0472751255159156	0.0616901123174626
MDM_A_190626_PET05	PET	raw	class	Cinnamic acids and derivatives	Cinnamic acids and derivatives	pathway	Shikimates and Phenylpropanoids	Shikimates and Phenylpropanoids	Phenylpropanoids (C6-C3)	Cinnamic acids and derivatives	NPC class: Cinnamic acids and derivatives / NPC pathway: Shikimates and Phenylpropanoids	Cinnamic acids and derivatives	1	44	1013873.6	44610438.4	0.0227272727272727	kruskal_wallis	0.498658725853428	0.991701292638876	ns	0.0472751255159156	0.0616901123174626
MDM_A_190626_PET100	PET	raw	class	Cinnamic acids and derivatives	Cinnamic acids and derivatives	pathway	Shikimates and Phenylpropanoids	Shikimates and Phenylpropanoids	Phenylpropanoids (C6-C3)	Cinnamic acids and derivatives	NPC class: Cinnamic acids and derivatives / NPC pathway: Shikimates and Phenylpropanoids	Cinnamic acids and derivatives	1	44	38434296	299146470.6	0.128479857786428	kruskal_wallis	0.498658725853428	0.991701292638876	ns	0.0472751255159156	0.0616901123174626
MDM_A_190626_PS05	PS	raw	class	Cinnamic acids and derivatives	Cinnamic acids and derivatives	pathway	Shikimates and Phenylpropanoids	Shikimates and Phenylpropanoids	Phenylpropanoids (C6-C3)	Cinnamic acids and derivatives	NPC class: Cinnamic acids and derivatives / NPC pathway: Shikimates and Phenylpropanoids	Cinnamic acids and derivatives	1	44	40723310	212426317.8	0.191705577829302	kruskal_wallis	0.498658725853428	0.991701292638876	ns	0.0472751255159156	0.0616901123174626
MDM_A_190626_PS100	PS	raw	class	Cinnamic acids and derivatives	Cinnamic acids and derivatives	pathway	Shikimates and Phenylpropanoids	Shikimates and Phenylpropanoids	Phenylpropanoids (C6-C3)	Cinnamic acids and derivatives	NPC class: Cinnamic acids and derivatives / NPC pathway: Shikimates and Phenylpropanoids	Cinnamic acids and derivatives	1	44	36379470	223680452.3	0.162640363187427	kruskal_wallis	0.498658725853428	0.991701292638876	ns	0.0472751255159156	0.0616901123174626
MDM_A_190626_untreated	Untreated	raw	class	Cinnamic acids and derivatives	Cinnamic acids and derivatives	pathway	Shikimates and Phenylpropanoids	Shikimates and Phenylpropanoids	Phenylpropanoids (C6-C3)	Cinnamic acids and derivatives	NPC class: Cinnamic acids and derivatives / NPC pathway: Shikimates and Phenylpropanoids	Cinnamic acids and derivatives	1	44	36121564	294172894.2	0.122790252644562	kruskal_wallis	0.498658725853428	0.991701292638876	ns	0.0472751255159156	0.0616901123174626
MDM_B_120626_PS05	PS	raw	class	Cinnamic acids and derivatives	Cinnamic acids and derivatives	pathway	Shikimates and Phenylpropanoids	Shikimates and Phenylpropanoids	Phenylpropanoids (C6-C3)	Cinnamic acids and derivatives	NPC class: Cinnamic acids and derivatives / NPC pathway: Shikimates and Phenylpropanoids	Cinnamic acids and derivatives	1	44	45073304	172085450.6	0.261923967673302	kruskal_wallis	0.498658725853428	0.991701292638876	ns	0.0472751255159156	0.0616901123174626
MDM_B_190626_PET05	PET	raw	class	Cinnamic acids and derivatives	Cinnamic acids and derivatives	pathway	Shikimates and Phenylpropanoids	Shikimates and Phenylpropanoids	Phenylpropanoids (C6-C3)	Cinnamic acids and derivatives	NPC class: Cinnamic acids and derivatives / NPC pathway: Shikimates and Phenylpropanoids	Cinnamic acids and derivatives	1	44	43276132	245667618.8	0.176157249422568	kruskal_wallis	0.498658725853428	0.991701292638876	ns	0.0472751255159156	0.0616901123174626
MDM_B_190626_PET100	PET	raw	class	Cinnamic acids and derivatives	Cinnamic acids and derivatives	pathway	Shikimates and Phenylpropanoids	Shikimates and Phenylpropanoids	Phenylpropanoids (C6-C3)	Cinnamic acids and derivatives	NPC class: Cinnamic acids and derivatives / NPC pathway: Shikimates and Phenylpropanoids	Cinnamic acids and derivatives	1	44	34512270	178392029.6	0.193463071625931	kruskal_wallis	0.498658725853428	0.991701292638876	ns	0.0472751255159156	0.0616901123174626
MDM_B_190626_PS100	PS	raw	class	Cinnamic acids and derivatives	Cinnamic acids and derivatives	pathway	Shikimates and Phenylpropanoids	Shikimates and Phenylpropanoids	Phenylpropanoids (C6-C3)	Cinnamic acids and derivatives	NPC class: Cinnamic acids and derivatives / NPC pathway: Shikimates and Phenylpropanoids	Cinnamic acids and derivatives	1	44	42045570	164453444.4	0.25566852766995	kruskal_wallis	0.498658725853428	0.991701292638876	ns	0.0472751255159156	0.0616901123174626
MDM_B_190626_untreated	Untreated	raw	class	Cinnamic acids and derivatives	Cinnamic acids and derivatives	pathway	Shikimates and Phenylpropanoids	Shikimates and Phenylpropanoids	Phenylpropanoids (C6-C3)	Cinnamic acids and derivatives	NPC class: Cinnamic acids and derivatives / NPC pathway: Shikimates and Phenylpropanoids	Cinnamic acids and derivatives	1	44	32302480	122720072.1	0.263220836227002	kruskal_wallis	0.498658725853428	0.991701292638876	ns	0.0472751255159156	0.0616901123174626
MDM_160526_PET05	PET	raw	class	Depsipeptides	Depsipeptides	pathway	Amino acids and Peptides	Amino acids and Peptides	Oligopeptides	Depsipeptides	NPC class: Depsipeptides / NPC pathway: Amino acids and Peptides	Depsipeptides	1	141	1967222.2	720581507.6	0.00273004813369707	kruskal_wallis	0.846481724890613	0.991701292638876	ns	0.00048138999106742	0.000490587687931139
MDM_160526_PET100	PET	raw	class	Depsipeptides	Depsipeptides	pathway	Amino acids and Peptides	Amino acids and Peptides	Oligopeptides	Depsipeptides	NPC class: Depsipeptides / NPC pathway: Amino acids and Peptides	Depsipeptides	1	141	2174610.8	990293412.4	0.00219592574561289	kruskal_wallis	0.846481724890613	0.991701292638876	ns	0.00048138999106742	0.000490587687931139
MDM_160526_PS05	PS	raw	class	Depsipeptides	Depsipeptides	pathway	Amino acids and Peptides	Amino acids and Peptides	Oligopeptides	Depsipeptides	NPC class: Depsipeptides / NPC pathway: Amino acids and Peptides	Depsipeptides	1	141	2903384.8	707706255.9	0.00410252809805634	kruskal_wallis	0.846481724890613	0.991701292638876	ns	0.00048138999106742	0.000490587687931139
MDM_160526_PS100	PS	raw	class	Depsipeptides	Depsipeptides	pathway	Amino acids and Peptides	Amino acids and Peptides	Oligopeptides	Depsipeptides	NPC class: Depsipeptides / NPC pathway: Amino acids and Peptides	Depsipeptides	1	141	1013873.6	869130201.8	0.00116653822166142	kruskal_wallis	0.846481724890613	0.991701292638876	ns	0.00048138999106742	0.000490587687931139
MDM_160526_untreated	Untreated	raw	class	Depsipeptides	Depsipeptides	pathway	Amino acids and Peptides	Amino acids and Peptides	Oligopeptides	Depsipeptides	NPC class: Depsipeptides / NPC pathway: Amino acids and Peptides	Depsipeptides	1	141	2488489.5	829205201.5	0.0030010538953427	kruskal_wallis	0.846481724890613	0.991701292638876	ns	0.00048138999106742	0.000490587687931139
MDM_A_190626_PET05	PET	raw	class	Depsipeptides	Depsipeptides	pathway	Amino acids and Peptides	Amino acids and Peptides	Oligopeptides	Depsipeptides	NPC class: Depsipeptides / NPC pathway: Amino acids and Peptides	Depsipeptides	1	141	1013873.6	143982754.9	0.00704163217813247	kruskal_wallis	0.846481724890613	0.991701292638876	ns	0.00048138999106742	0.000490587687931139
MDM_A_190626_PET100	PET	raw	class	Depsipeptides	Depsipeptides	pathway	Amino acids and Peptides	Amino acids and Peptides	Oligopeptides	Depsipeptides	NPC class: Depsipeptides / NPC pathway: Amino acids and Peptides	Depsipeptides	1	141	1013873.6	1555297808	0.000651883899523891	kruskal_wallis	0.846481724890613	0.991701292638876	ns	0.00048138999106742	0.000490587687931139
MDM_A_190626_PS05	PS	raw	class	Depsipeptides	Depsipeptides	pathway	Amino acids and Peptides	Amino acids and Peptides	Oligopeptides	Depsipeptides	NPC class: Depsipeptides / NPC pathway: Amino acids and Peptides	Depsipeptides	1	141	2755905.2	1177804050.8	0.00233986731335158	kruskal_wallis	0.846481724890613	0.991701292638876	ns	0.00048138999106742	0.000490587687931139
MDM_A_190626_PS100	PS	raw	class	Depsipeptides	Depsipeptides	pathway	Amino acids and Peptides	Amino acids and Peptides	Oligopeptides	Depsipeptides	NPC class: Depsipeptides / NPC pathway: Amino acids and Peptides	Depsipeptides	1	141	1769941.2	1003167079.2	0.00176435335319365	kruskal_wallis	0.846481724890613	0.991701292638876	ns	0.00048138999106742	0.000490587687931139
MDM_A_190626_untreated	Untreated	raw	class	Depsipeptides	Depsipeptides	pathway	Amino acids and Peptides	Amino acids and Peptides	Oligopeptides	Depsipeptides	NPC class: Depsipeptides / NPC pathway: Amino acids and Peptides	Depsipeptides	1	141	2315416.2	1301885211.6	0.00177851025525851	kruskal_wallis	0.846481724890613	0.991701292638876	ns	0.00048138999106742	0.000490587687931139
MDM_B_120626_PS05	PS	raw	class	Depsipeptides	Depsipeptides	pathway	Amino acids and Peptides	Amino acids and Peptides	Oligopeptides	Depsipeptides	NPC class: Depsipeptides / NPC pathway: Amino acids and Peptides	Depsipeptides	1	141	2249543.2	963253372.2	0.00233535979724858	kruskal_wallis	0.846481724890613	0.991701292638876	ns	0.00048138999106742	0.000490587687931139
MDM_B_190626_PET05	PET	raw	class	Depsipeptides	Depsipeptides	pathway	Amino acids and Peptides	Amino acids and Peptides	Oligopeptides	Depsipeptides	NPC class: Depsipeptides / NPC pathway: Amino acids and Peptides	Depsipeptides	1	141	2834395	1074420585.3	0.00263806840522195	kruskal_wallis	0.846481724890613	0.991701292638876	ns	0.00048138999106742	0.000490587687931139
MDM_B_190626_PET100	PET	raw	class	Depsipeptides	Depsipeptides	pathway	Amino acids and Peptides	Amino acids and Peptides	Oligopeptides	Depsipeptides	NPC class: Depsipeptides / NPC pathway: Amino acids and Peptides	Depsipeptides	1	141	2434035.2	1057910792.8	0.00230079437374656	kruskal_wallis	0.846481724890613	0.991701292638876	ns	0.00048138999106742	0.000490587687931139
MDM_B_190626_PS100	PS	raw	class	Depsipeptides	Depsipeptides	pathway	Amino acids and Peptides	Amino acids and Peptides	Oligopeptides	Depsipeptides	NPC class: Depsipeptides / NPC pathway: Amino acids and Peptides	Depsipeptides	1	141	3296433.8	1113146363.3	0.00296136600601873	kruskal_wallis	0.846481724890613	0.991701292638876	ns	0.00048138999106742	0.000490587687931139
MDM_B_190626_untreated	Untreated	raw	class	Depsipeptides	Depsipeptides	pathway	Amino acids and Peptides	Amino acids and Peptides	Oligopeptides	Depsipeptides	NPC class: Depsipeptides / NPC pathway: Amino acids and Peptides	Depsipeptides	1	141	2398611.5	848104959.2	0.00282820124323122	kruskal_wallis	0.846481724890613	0.991701292638876	ns	0.00048138999106742	0.000490587687931139
MDM_160526_PET05	PET	raw	class	Diacylglycerols	Diacylglycerols	pathway	Fatty acids	Fatty acids	Fatty esters | Glycerolipids	Diacylglycerols	NPC class: Diacylglycerols / NPC pathway: Fatty acids	Diacylglycerols	25	1440	127358764.6	22473036077.3	0.00566718106809987	kruskal_wallis	0.476319387952058	0.991701292638876	ns	0.00266564615629548	0.000716421350945184
MDM_160526_PET100	PET	raw	class	Diacylglycerols	Diacylglycerols	pathway	Fatty acids	Fatty acids	Fatty esters | Glycerolipids	Diacylglycerols	NPC class: Diacylglycerols / NPC pathway: Fatty acids	Diacylglycerols	25	1440	133139717	28244838693.3	0.00471377154763437	kruskal_wallis	0.476319387952058	0.991701292638876	ns	0.00266564615629548	0.000716421350945184
MDM_160526_PS05	PS	raw	class	Diacylglycerols	Diacylglycerols	pathway	Fatty acids	Fatty acids	Fatty esters | Glycerolipids	Diacylglycerols	NPC class: Diacylglycerols / NPC pathway: Fatty acids	Diacylglycerols	25	1440	113561421.1	20456769507.4	0.00555128809849084	kruskal_wallis	0.476319387952058	0.991701292638876	ns	0.00266564615629548	0.000716421350945184
MDM_160526_PS100	PS	raw	class	Diacylglycerols	Diacylglycerols	pathway	Fatty acids	Fatty acids	Fatty esters | Glycerolipids	Diacylglycerols	NPC class: Diacylglycerols / NPC pathway: Fatty acids	Diacylglycerols	25	1440	163755762.7	30211472297.4	0.00542031719235652	kruskal_wallis	0.476319387952058	0.991701292638876	ns	0.00266564615629548	0.000716421350945184
MDM_160526_untreated	Untreated	raw	class	Diacylglycerols	Diacylglycerols	pathway	Fatty acids	Fatty acids	Fatty esters | Glycerolipids	Diacylglycerols	NPC class: Diacylglycerols / NPC pathway: Fatty acids	Diacylglycerols	25	1440	126616380.4	26519025548.7	0.00477454875434542	kruskal_wallis	0.476319387952058	0.991701292638876	ns	0.00266564615629548	0.000716421350945184
MDM_A_190626_PET05	PET	raw	class	Diacylglycerols	Diacylglycerols	pathway	Fatty acids	Fatty acids	Fatty esters | Glycerolipids	Diacylglycerols	NPC class: Diacylglycerols / NPC pathway: Fatty acids	Diacylglycerols	25	1440	25346840	1459977984	0.0173611111111111	kruskal_wallis	0.476319387952058	0.991701292638876	ns	0.00266564615629548	0.000716421350945184
MDM_A_190626_PET100	PET	raw	class	Diacylglycerols	Diacylglycerols	pathway	Fatty acids	Fatty acids	Fatty esters | Glycerolipids	Diacylglycerols	NPC class: Diacylglycerols / NPC pathway: Fatty acids	Diacylglycerols	25	1440	227397859.3	38894935316.3	0.00584646451911446	kruskal_wallis	0.476319387952058	0.991701292638876	ns	0.00266564615629548	0.000716421350945184
MDM_A_190626_PS05	PS	raw	class	Diacylglycerols	Diacylglycerols	pathway	Fatty acids	Fatty acids	Fatty esters | Glycerolipids	Diacylglycerols	NPC class: Diacylglycerols / NPC pathway: Fatty acids	Diacylglycerols	25	1440	197098434.8	28257831826.4	0.00697500204583495	kruskal_wallis	0.476319387952058	0.991701292638876	ns	0.00266564615629548	0.000716421350945184
MDM_A_190626_PS100	PS	raw	class	Diacylglycerols	Diacylglycerols	pathway	Fatty acids	Fatty acids	Fatty esters | Glycerolipids	Diacylglycerols	NPC class: Diacylglycerols / NPC pathway: Fatty acids	Diacylglycerols	25	1440	93858521	25448591356.4	0.00368816174088142	kruskal_wallis	0.476319387952058	0.991701292638876	ns	0.00266564615629548	0.000716421350945184
MDM_A_190626_untreated	Untreated	raw	class	Diacylglycerols	Diacylglycerols	pathway	Fatty acids	Fatty acids	Fatty esters | Glycerolipids	Diacylglycerols	NPC class: Diacylglycerols / NPC pathway: Fatty acids	Diacylglycerols	25	1440	88050760.7	26876593288.9	0.00327611314996402	kruskal_wallis	0.476319387952058	0.991701292638876	ns	0.00266564615629548	0.000716421350945184
MDM_B_120626_PS05	PS	raw	class	Diacylglycerols	Diacylglycerols	pathway	Fatty acids	Fatty acids	Fatty esters | Glycerolipids	Diacylglycerols	NPC class: Diacylglycerols / NPC pathway: Fatty acids	Diacylglycerols	25	1440	139196963.8	26269246863.4	0.00529885628331196	kruskal_wallis	0.476319387952058	0.991701292638876	ns	0.00266564615629548	0.000716421350945184
MDM_B_190626_PET05	PET	raw	class	Diacylglycerols	Diacylglycerols	pathway	Fatty acids	Fatty acids	Fatty esters | Glycerolipids	Diacylglycerols	NPC class: Diacylglycerols / NPC pathway: Fatty acids	Diacylglycerols	25	1440	96175808.1	26270617827.66	0.00366096483649264	kruskal_wallis	0.476319387952058	0.991701292638876	ns	0.00266564615629548	0.000716421350945184
MDM_B_190626_PET100	PET	raw	class	Diacylglycerols	Diacylglycerols	pathway	Fatty acids	Fatty acids	Fatty esters | Glycerolipids	Diacylglycerols	NPC class: Diacylglycerols / NPC pathway: Fatty acids	Diacylglycerols	25	1440	121564014.3	29419865311.6	0.0041320384377174	kruskal_wallis	0.476319387952058	0.991701292638876	ns	0.00266564615629548	0.000716421350945184
MDM_B_190626_PS100	PS	raw	class	Diacylglycerols	Diacylglycerols	pathway	Fatty acids	Fatty acids	Fatty esters | Glycerolipids	Diacylglycerols	NPC class: Diacylglycerols / NPC pathway: Fatty acids	Diacylglycerols	25	1440	77275581.6	31808703086.2	0.00242938485704956	kruskal_wallis	0.476319387952058	0.991701292638876	ns	0.00266564615629548	0.000716421350945184
MDM_B_190626_untreated	Untreated	raw	class	Diacylglycerols	Diacylglycerols	pathway	Fatty acids	Fatty acids	Fatty esters | Glycerolipids	Diacylglycerols	NPC class: Diacylglycerols / NPC pathway: Fatty acids	Diacylglycerols	25	1440	109350484.1	23550848395.1	0.00464316538688906	kruskal_wallis	0.476319387952058	0.991701292638876	ns	0.00266564615629548	0.000716421350945184
MDM_160526_PET05	PET	raw	class	Dicarboxylic acids	Dicarboxylic acids	pathway	Fatty acids	Fatty acids	Fatty Acids and Conjugates	Dicarboxylic acids	NPC class: Dicarboxylic acids / NPC pathway: Fatty acids	Dicarboxylic acids	6	1440	6083241.6	22473036077.3	0.000270690688124008	kruskal_wallis	0.598996214851106	0.991701292638876	ns	0.000659828176786125	5.0683820313276e-05
MDM_160526_PET100	PET	raw	class	Dicarboxylic acids	Dicarboxylic acids	pathway	Fatty acids	Fatty acids	Fatty Acids and Conjugates	Dicarboxylic acids	NPC class: Dicarboxylic acids / NPC pathway: Fatty acids	Dicarboxylic acids	6	1440	6290958.4	28244838693.3	0.000222729485847348	kruskal_wallis	0.598996214851106	0.991701292638876	ns	0.000659828176786125	5.0683820313276e-05
MDM_160526_PS05	PS	raw	class	Dicarboxylic acids	Dicarboxylic acids	pathway	Fatty acids	Fatty acids	Fatty Acids and Conjugates	Dicarboxylic acids	NPC class: Dicarboxylic acids / NPC pathway: Fatty acids	Dicarboxylic acids	6	1440	6083241.6	20456769507.4	0.000297370589124517	kruskal_wallis	0.598996214851106	0.991701292638876	ns	0.000659828176786125	5.0683820313276e-05
MDM_160526_PS100	PS	raw	class	Dicarboxylic acids	Dicarboxylic acids	pathway	Fatty acids	Fatty acids	Fatty Acids and Conjugates	Dicarboxylic acids	NPC class: Dicarboxylic acids / NPC pathway: Fatty acids	Dicarboxylic acids	6	1440	9048144.5	30211472297.4	0.000299493662901648	kruskal_wallis	0.598996214851106	0.991701292638876	ns	0.000659828176786125	5.0683820313276e-05
MDM_160526_untreated	Untreated	raw	class	Dicarboxylic acids	Dicarboxylic acids	pathway	Fatty acids	Fatty acids	Fatty Acids and Conjugates	Dicarboxylic acids	NPC class: Dicarboxylic acids / NPC pathway: Fatty acids	Dicarboxylic acids	6	1440	6083241.6	26519025548.7	0.000229391596189258	kruskal_wallis	0.598996214851106	0.991701292638876	ns	0.000659828176786125	5.0683820313276e-05
MDM_A_190626_PET05	PET	raw	class	Dicarboxylic acids	Dicarboxylic acids	pathway	Fatty acids	Fatty acids	Fatty Acids and Conjugates	Dicarboxylic acids	NPC class: Dicarboxylic acids / NPC pathway: Fatty acids	Dicarboxylic acids	6	1440	6083241.6	1459977984	0.00416666666666667	kruskal_wallis	0.598996214851106	0.991701292638876	ns	0.000659828176786125	5.0683820313276e-05
MDM_A_190626_PET100	PET	raw	class	Dicarboxylic acids	Dicarboxylic acids	pathway	Fatty acids	Fatty acids	Fatty Acids and Conjugates	Dicarboxylic acids	NPC class: Dicarboxylic acids / NPC pathway: Fatty acids	Dicarboxylic acids	6	1440	10170187.1	38894935316.3	0.000261478442303461	kruskal_wallis	0.598996214851106	0.991701292638876	ns	0.000659828176786125	5.0683820313276e-05
MDM_A_190626_PS05	PS	raw	class	Dicarboxylic acids	Dicarboxylic acids	pathway	Fatty acids	Fatty acids	Fatty Acids and Conjugates	Dicarboxylic acids	NPC class: Dicarboxylic acids / NPC pathway: Fatty acids	Dicarboxylic acids	6	1440	6341660.4	28257831826.4	0.000224421337028246	kruskal_wallis	0.598996214851106	0.991701292638876	ns	0.000659828176786125	5.0683820313276e-05
MDM_A_190626_PS100	PS	raw	class	Dicarboxylic acids	Dicarboxylic acids	pathway	Fatty acids	Fatty acids	Fatty Acids and Conjugates	Dicarboxylic acids	NPC class: Dicarboxylic acids / NPC pathway: Fatty acids	Dicarboxylic acids	6	1440	6164107.4	25448591356.4	0.000242218019601694	kruskal_wallis	0.598996214851106	0.991701292638876	ns	0.000659828176786125	5.0683820313276e-05
MDM_A_190626_untreated	Untreated	raw	class	Dicarboxylic acids	Dicarboxylic acids	pathway	Fatty acids	Fatty acids	Fatty Acids and Conjugates	Dicarboxylic acids	NPC class: Dicarboxylic acids / NPC pathway: Fatty acids	Dicarboxylic acids	6	1440	9154663.4	26876593288.9	0.000340618444517701	kruskal_wallis	0.598996214851106	0.991701292638876	ns	0.000659828176786125	5.0683820313276e-05
MDM_B_120626_PS05	PS	raw	class	Dicarboxylic acids	Dicarboxylic acids	pathway	Fatty acids	Fatty acids	Fatty Acids and Conjugates	Dicarboxylic acids	NPC class: Dicarboxylic acids / NPC pathway: Fatty acids	Dicarboxylic acids	6	1440	6083241.6	26269246863.4	0.00023157274480052	kruskal_wallis	0.598996214851106	0.991701292638876	ns	0.000659828176786125	5.0683820313276e-05
MDM_B_190626_PET05	PET	raw	class	Dicarboxylic acids	Dicarboxylic acids	pathway	Fatty acids	Fatty acids	Fatty Acids and Conjugates	Dicarboxylic acids	NPC class: Dicarboxylic acids / NPC pathway: Fatty acids	Dicarboxylic acids	6	1440	7111968.8	26270617827.66	0.000270719510544282	kruskal_wallis	0.598996214851106	0.991701292638876	ns	0.000659828176786125	5.0683820313276e-05
MDM_B_190626_PET100	PET	raw	class	Dicarboxylic acids	Dicarboxylic acids	pathway	Fatty acids	Fatty acids	Fatty Acids and Conjugates	Dicarboxylic acids	NPC class: Dicarboxylic acids / NPC pathway: Fatty acids	Dicarboxylic acids	6	1440	7443378.5	29419865311.6	0.000253005186161241	kruskal_wallis	0.598996214851106	0.991701292638876	ns	0.000659828176786125	5.0683820313276e-05
MDM_B_190626_PS100	PS	raw	class	Dicarboxylic acids	Dicarboxylic acids	pathway	Fatty acids	Fatty acids	Fatty Acids and Conjugates	Dicarboxylic acids	NPC class: Dicarboxylic acids / NPC pathway: Fatty acids	Dicarboxylic acids	6	1440	6083241.6	31808703086.2	0.000191244565473629	kruskal_wallis	0.598996214851106	0.991701292638876	ns	0.000659828176786125	5.0683820313276e-05
MDM_B_190626_untreated	Untreated	raw	class	Dicarboxylic acids	Dicarboxylic acids	pathway	Fatty acids	Fatty acids	Fatty Acids and Conjugates	Dicarboxylic acids	NPC class: Dicarboxylic acids / NPC pathway: Fatty acids	Dicarboxylic acids	6	1440	6772734.2	23550848395.1	0.000287579202514383	kruskal_wallis	0.598996214851106	0.991701292638876	ns	0.000659828176786125	5.0683820313276e-05
MDM_160526_PET05	PET	raw	class	Dipeptides	Dipeptides	pathway	Amino acids and Peptides	Amino acids and Peptides	Small peptides	Dipeptides	NPC class: Dipeptides / NPC pathway: Amino acids and Peptides	Dipeptides	1	141	13751054	720581507.6	0.0190832735158578	kruskal_wallis	0.864301741471365	0.991701292638876	ns	0.00222959764807537	0.00240271034172599
MDM_160526_PET100	PET	raw	class	Dipeptides	Dipeptides	pathway	Amino acids and Peptides	Amino acids and Peptides	Small peptides	Dipeptides	NPC class: Dipeptides / NPC pathway: Amino acids and Peptides	Dipeptides	1	141	25054738	990293412.4	0.0253003177505536	kruskal_wallis	0.864301741471365	0.991701292638876	ns	0.00222959764807537	0.00240271034172599
MDM_160526_PS05	PS	raw	class	Dipeptides	Dipeptides	pathway	Amino acids and Peptides	Amino acids and Peptides	Small peptides	Dipeptides	NPC class: Dipeptides / NPC pathway: Amino acids and Peptides	Dipeptides	1	141	8629340	707706255.9	0.0121933922839582	kruskal_wallis	0.864301741471365	0.991701292638876	ns	0.00222959764807537	0.00240271034172599
MDM_160526_PS100	PS	raw	class	Dipeptides	Dipeptides	pathway	Amino acids and Peptides	Amino acids and Peptides	Small peptides	Dipeptides	NPC class: Dipeptides / NPC pathway: Amino acids and Peptides	Dipeptides	1	141	22119740	869130201.8	0.0254504330354523	kruskal_wallis	0.864301741471365	0.991701292638876	ns	0.00222959764807537	0.00240271034172599
MDM_160526_untreated	Untreated	raw	class	Dipeptides	Dipeptides	pathway	Amino acids and Peptides	Amino acids and Peptides	Small peptides	Dipeptides	NPC class: Dipeptides / NPC pathway: Amino acids and Peptides	Dipeptides	1	141	14196681	829205201.5	0.0171208296502708	kruskal_wallis	0.864301741471365	0.991701292638876	ns	0.00222959764807537	0.00240271034172599
MDM_A_190626_PET05	PET	raw	class	Dipeptides	Dipeptides	pathway	Amino acids and Peptides	Amino acids and Peptides	Small peptides	Dipeptides	NPC class: Dipeptides / NPC pathway: Amino acids and Peptides	Dipeptides	1	141	1013873.6	143982754.9	0.00704163217813247	kruskal_wallis	0.864301741471365	0.991701292638876	ns	0.00222959764807537	0.00240271034172599
MDM_A_190626_PET100	PET	raw	class	Dipeptides	Dipeptides	pathway	Amino acids and Peptides	Amino acids and Peptides	Small peptides	Dipeptides	NPC class: Dipeptides / NPC pathway: Amino acids and Peptides	Dipeptides	1	141	36222324	1555297808	0.023289638687641	kruskal_wallis	0.864301741471365	0.991701292638876	ns	0.00222959764807537	0.00240271034172599
MDM_A_190626_PS05	PS	raw	class	Dipeptides	Dipeptides	pathway	Amino acids and Peptides	Amino acids and Peptides	Small peptides	Dipeptides	NPC class: Dipeptides / NPC pathway: Amino acids and Peptides	Dipeptides	1	141	23930696	1177804050.8	0.0203180622309335	kruskal_wallis	0.864301741471365	0.991701292638876	ns	0.00222959764807537	0.00240271034172599
MDM_A_190626_PS100	PS	raw	class	Dipeptides	Dipeptides	pathway	Amino acids and Peptides	Amino acids and Peptides	Small peptides	Dipeptides	NPC class: Dipeptides / NPC pathway: Amino acids and Peptides	Dipeptides	1	141	27083248	1003167079.2	0.0269977440065101	kruskal_wallis	0.864301741471365	0.991701292638876	ns	0.00222959764807537	0.00240271034172599
MDM_A_190626_untreated	Untreated	raw	class	Dipeptides	Dipeptides	pathway	Amino acids and Peptides	Amino acids and Peptides	Small peptides	Dipeptides	NPC class: Dipeptides / NPC pathway: Amino acids and Peptides	Dipeptides	1	141	34121164	1301885211.6	0.0262090418540553	kruskal_wallis	0.864301741471365	0.991701292638876	ns	0.00222959764807537	0.00240271034172599
MDM_B_120626_PS05	PS	raw	class	Dipeptides	Dipeptides	pathway	Amino acids and Peptides	Amino acids and Peptides	Small peptides	Dipeptides	NPC class: Dipeptides / NPC pathway: Amino acids and Peptides	Dipeptides	1	141	15227384	963253372.2	0.0158082851713478	kruskal_wallis	0.864301741471365	0.991701292638876	ns	0.00222959764807537	0.00240271034172599
MDM_B_190626_PET05	PET	raw	class	Dipeptides	Dipeptides	pathway	Amino acids and Peptides	Amino acids and Peptides	Small peptides	Dipeptides	NPC class: Dipeptides / NPC pathway: Amino acids and Peptides	Dipeptides	1	141	19681146	1074420585.3	0.0183179159718953	kruskal_wallis	0.864301741471365	0.991701292638876	ns	0.00222959764807537	0.00240271034172599
MDM_B_190626_PET100	PET	raw	class	Dipeptides	Dipeptides	pathway	Amino acids and Peptides	Amino acids and Peptides	Small peptides	Dipeptides	NPC class: Dipeptides / NPC pathway: Amino acids and Peptides	Dipeptides	1	141	20032432	1057910792.8	0.0189358423567829	kruskal_wallis	0.864301741471365	0.991701292638876	ns	0.00222959764807537	0.00240271034172599
MDM_B_190626_PS100	PS	raw	class	Dipeptides	Dipeptides	pathway	Amino acids and Peptides	Amino acids and Peptides	Small peptides	Dipeptides	NPC class: Dipeptides / NPC pathway: Amino acids and Peptides	Dipeptides	1	141	20848138	1113146363.3	0.0187290177530601	kruskal_wallis	0.864301741471365	0.991701292638876	ns	0.00222959764807537	0.00240271034172599
MDM_B_190626_untreated	Untreated	raw	class	Dipeptides	Dipeptides	pathway	Amino acids and Peptides	Amino acids and Peptides	Small peptides	Dipeptides	NPC class: Dipeptides / NPC pathway: Amino acids and Peptides	Dipeptides	1	141	8251894	848104959.2	0.00972980279207876	kruskal_wallis	0.864301741471365	0.991701292638876	ns	0.00222959764807537	0.00240271034172599
MDM_160526_PET05	PET	raw	class	Erythromycins	Erythromycins	pathway	Polyketides	Polyketides	Macrolides	Erythromycins	NPC class: Erythromycins / NPC pathway: Polyketides	Erythromycins	3	150	7817419.2	600553025.5	0.0130170340803653	kruskal_wallis	0.637628151621774	0.991701292638876	ns	0.0134566379567717	0.00566678093353303
MDM_160526_PET100	PET	raw	class	Erythromycins	Erythromycins	pathway	Polyketides	Polyketides	Macrolides	Erythromycins	NPC class: Erythromycins / NPC pathway: Polyketides	Erythromycins	3	150	4225117.4	742612221.2	0.00568953389047727	kruskal_wallis	0.637628151621774	0.991701292638876	ns	0.0134566379567717	0.00566678093353303
MDM_160526_PS05	PS	raw	class	Erythromycins	Erythromycins	pathway	Polyketides	Polyketides	Macrolides	Erythromycins	NPC class: Erythromycins / NPC pathway: Polyketides	Erythromycins	3	150	4148476	638761702.1	0.00649455968690894	kruskal_wallis	0.637628151621774	0.991701292638876	ns	0.0134566379567717	0.00566678093353303
MDM_160526_PS100	PS	raw	class	Erythromycins	Erythromycins	pathway	Polyketides	Polyketides	Macrolides	Erythromycins	NPC class: Erythromycins / NPC pathway: Polyketides	Erythromycins	3	150	6651710.2	877091373.9	0.0075838280912775	kruskal_wallis	0.637628151621774	0.991701292638876	ns	0.0134566379567717	0.00566678093353303
MDM_160526_untreated	Untreated	raw	class	Erythromycins	Erythromycins	pathway	Polyketides	Polyketides	Macrolides	Erythromycins	NPC class: Erythromycins / NPC pathway: Polyketides	Erythromycins	3	150	35781655.2	719115917.9	0.0497578405780413	kruskal_wallis	0.637628151621774	0.991701292638876	ns	0.0134566379567717	0.00566678093353303
MDM_A_190626_PET05	PET	raw	class	Erythromycins	Erythromycins	pathway	Polyketides	Polyketides	Macrolides	Erythromycins	NPC class: Erythromycins / NPC pathway: Polyketides	Erythromycins	3	150	3041620.8	154388751.9	0.0197010518095911	kruskal_wallis	0.637628151621774	0.991701292638876	ns	0.0134566379567717	0.00566678093353303
MDM_A_190626_PET100	PET	raw	class	Erythromycins	Erythromycins	pathway	Polyketides	Polyketides	Macrolides	Erythromycins	NPC class: Erythromycins / NPC pathway: Polyketides	Erythromycins	3	150	71768877.2	10556045796.8	0.00679884102262575	kruskal_wallis	0.637628151621774	0.991701292638876	ns	0.0134566379567717	0.00566678093353303
MDM_A_190626_PS05	PS	raw	class	Erythromycins	Erythromycins	pathway	Polyketides	Polyketides	Macrolides	Erythromycins	NPC class: Erythromycins / NPC pathway: Polyketides	Erythromycins	3	150	3233320.1	8195354836.4	0.000394530824417642	kruskal_wallis	0.637628151621774	0.991701292638876	ns	0.0134566379567717	0.00566678093353303
MDM_A_190626_PS100	PS	raw	class	Erythromycins	Erythromycins	pathway	Polyketides	Polyketides	Macrolides	Erythromycins	NPC class: Erythromycins / NPC pathway: Polyketides	Erythromycins	3	150	25582287.2	4981492138.2	0.00513546674174695	kruskal_wallis	0.637628151621774	0.991701292638876	ns	0.0134566379567717	0.00566678093353303
MDM_A_190626_untreated	Untreated	raw	class	Erythromycins	Erythromycins	pathway	Polyketides	Polyketides	Macrolides	Erythromycins	NPC class: Erythromycins / NPC pathway: Polyketides	Erythromycins	3	150	4093177.3	7088900344.6	0.000577406523018481	kruskal_wallis	0.637628151621774	0.991701292638876	ns	0.0134566379567717	0.00566678093353303
MDM_B_120626_PS05	PS	raw	class	Erythromycins	Erythromycins	pathway	Polyketides	Polyketides	Macrolides	Erythromycins	NPC class: Erythromycins / NPC pathway: Polyketides	Erythromycins	3	150	4370072.4	7364168721.5	0.000593423720350321	kruskal_wallis	0.637628151621774	0.991701292638876	ns	0.0134566379567717	0.00566678093353303
MDM_B_190626_PET05	PET	raw	class	Erythromycins	Erythromycins	pathway	Polyketides	Polyketides	Macrolides	Erythromycins	NPC class: Erythromycins / NPC pathway: Polyketides	Erythromycins	3	150	5070638.7	6775025783.1	0.000748430908211225	kruskal_wallis	0.637628151621774	0.991701292638876	ns	0.0134566379567717	0.00566678093353303
MDM_B_190626_PET100	PET	raw	class	Erythromycins	Erythromycins	pathway	Polyketides	Polyketides	Macrolides	Erythromycins	NPC class: Erythromycins / NPC pathway: Polyketides	Erythromycins	3	150	3041620.8	7636027125.6	0.000398325038658241	kruskal_wallis	0.637628151621774	0.991701292638876	ns	0.0134566379567717	0.00566678093353303
MDM_B_190626_PS100	PS	raw	class	Erythromycins	Erythromycins	pathway	Polyketides	Polyketides	Macrolides	Erythromycins	NPC class: Erythromycins / NPC pathway: Polyketides	Erythromycins	3	150	3864838.6	5539891023.3	0.000697638019185763	kruskal_wallis	0.637628151621774	0.991701292638876	ns	0.0134566379567717	0.00566678093353303
MDM_B_190626_untreated	Untreated	raw	class	Erythromycins	Erythromycins	pathway	Polyketides	Polyketides	Macrolides	Erythromycins	NPC class: Erythromycins / NPC pathway: Polyketides	Erythromycins	3	150	3041620.8	6279276710.7	0.000484390311198903	kruskal_wallis	0.637628151621774	0.991701292638876	ns	0.0134566379567717	0.00566678093353303
MDM_160526_PET05	PET	raw	class	Fatty acid estolides	Fatty acid estolides	pathway	Fatty acids	Fatty acids	Fatty esters	Fatty acid estolides	NPC class: Fatty acid estolides / NPC pathway: Fatty acids	Fatty acid estolides	4	1440	4055494.4	22473036077.3	0.000180460458749339	kruskal_wallis	0.971254575213674	0.991701292638876	ns	0.000420565381471743	1.1386548904968e-05
MDM_160526_PET100	PET	raw	class	Fatty acid estolides	Fatty acid estolides	pathway	Fatty acids	Fatty acids	Fatty esters	Fatty acid estolides	NPC class: Fatty acid estolides / NPC pathway: Fatty acids	Fatty acid estolides	4	1440	5753648.8	28244838693.3	0.00020370620142238	kruskal_wallis	0.971254575213674	0.991701292638876	ns	0.000420565381471743	1.1386548904968e-05
MDM_160526_PS05	PS	raw	class	Fatty acid estolides	Fatty acid estolides	pathway	Fatty acids	Fatty acids	Fatty esters	Fatty acid estolides	NPC class: Fatty acid estolides / NPC pathway: Fatty acids	Fatty acid estolides	4	1440	4055494.4	20456769507.4	0.000198247059416345	kruskal_wallis	0.971254575213674	0.991701292638876	ns	0.000420565381471743	1.1386548904968e-05
MDM_160526_PS100	PS	raw	class	Fatty acid estolides	Fatty acid estolides	pathway	Fatty acids	Fatty acids	Fatty esters	Fatty acid estolides	NPC class: Fatty acid estolides / NPC pathway: Fatty acids	Fatty acid estolides	4	1440	37269344.6	30211472297.4	0.00123361563558117	kruskal_wallis	0.971254575213674	0.991701292638876	ns	0.000420565381471743	1.1386548904968e-05
MDM_160526_untreated	Untreated	raw	class	Fatty acid estolides	Fatty acid estolides	pathway	Fatty acids	Fatty acids	Fatty esters	Fatty acid estolides	NPC class: Fatty acid estolides / NPC pathway: Fatty acids	Fatty acid estolides	4	1440	4055494.4	26519025548.7	0.000152927730792838	kruskal_wallis	0.971254575213674	0.991701292638876	ns	0.000420565381471743	1.1386548904968e-05
MDM_A_190626_PET05	PET	raw	class	Fatty acid estolides	Fatty acid estolides	pathway	Fatty acids	Fatty acids	Fatty esters	Fatty acid estolides	NPC class: Fatty acid estolides / NPC pathway: Fatty acids	Fatty acid estolides	4	1440	4055494.4	1459977984	0.00277777777777778	kruskal_wallis	0.971254575213674	0.991701292638876	ns	0.000420565381471743	1.1386548904968e-05
MDM_A_190626_PET100	PET	raw	class	Fatty acid estolides	Fatty acid estolides	pathway	Fatty acids	Fatty acids	Fatty esters	Fatty acid estolides	NPC class: Fatty acid estolides / NPC pathway: Fatty acids	Fatty acid estolides	4	1440	5425252.2	38894935316.3	0.000139484798107542	kruskal_wallis	0.971254575213674	0.991701292638876	ns	0.000420565381471743	1.1386548904968e-05
MDM_A_190626_PS05	PS	raw	class	Fatty acid estolides	Fatty acid estolides	pathway	Fatty acids	Fatty acids	Fatty esters	Fatty acid estolides	NPC class: Fatty acid estolides / NPC pathway: Fatty acids	Fatty acid estolides	4	1440	4055494.4	28257831826.4	0.000143517536126432	kruskal_wallis	0.971254575213674	0.991701292638876	ns	0.000420565381471743	1.1386548904968e-05
MDM_A_190626_PS100	PS	raw	class	Fatty acid estolides	Fatty acid estolides	pathway	Fatty acids	Fatty acids	Fatty esters	Fatty acid estolides	NPC class: Fatty acid estolides / NPC pathway: Fatty acids	Fatty acid estolides	4	1440	4055494.4	25448591356.4	0.000159360270405697	kruskal_wallis	0.971254575213674	0.991701292638876	ns	0.000420565381471743	1.1386548904968e-05
MDM_A_190626_untreated	Untreated	raw	class	Fatty acid estolides	Fatty acid estolides	pathway	Fatty acids	Fatty acids	Fatty esters	Fatty acid estolides	NPC class: Fatty acid estolides / NPC pathway: Fatty acids	Fatty acid estolides	4	1440	5644096	26876593288.9	0.000210000424508079	kruskal_wallis	0.971254575213674	0.991701292638876	ns	0.000420565381471743	1.1386548904968e-05
MDM_B_120626_PS05	PS	raw	class	Fatty acid estolides	Fatty acid estolides	pathway	Fatty acids	Fatty acids	Fatty esters	Fatty acid estolides	NPC class: Fatty acid estolides / NPC pathway: Fatty acids	Fatty acid estolides	4	1440	6254274.6	26269246863.4	0.000238083513871646	kruskal_wallis	0.971254575213674	0.991701292638876	ns	0.000420565381471743	1.1386548904968e-05
MDM_B_190626_PET05	PET	raw	class	Fatty acid estolides	Fatty acid estolides	pathway	Fatty acids	Fatty acids	Fatty esters	Fatty acid estolides	NPC class: Fatty acid estolides / NPC pathway: Fatty acids	Fatty acid estolides	4	1440	4055494.4	26270617827.66	0.000154373773262767	kruskal_wallis	0.971254575213674	0.991701292638876	ns	0.000420565381471743	1.1386548904968e-05
MDM_B_190626_PET100	PET	raw	class	Fatty acid estolides	Fatty acid estolides	pathway	Fatty acids	Fatty acids	Fatty esters	Fatty acid estolides	NPC class: Fatty acid estolides / NPC pathway: Fatty acids	Fatty acid estolides	4	1440	4055494.4	29419865311.6	0.000137848843189671	kruskal_wallis	0.971254575213674	0.991701292638876	ns	0.000420565381471743	1.1386548904968e-05
MDM_B_190626_PS100	PS	raw	class	Fatty acid estolides	Fatty acid estolides	pathway	Fatty acids	Fatty acids	Fatty esters	Fatty acid estolides	NPC class: Fatty acid estolides / NPC pathway: Fatty acids	Fatty acid estolides	4	1440	4055494.4	31808703086.2	0.000127496376982419	kruskal_wallis	0.971254575213674	0.991701292638876	ns	0.000420565381471743	1.1386548904968e-05
MDM_B_190626_untreated	Untreated	raw	class	Fatty acid estolides	Fatty acid estolides	pathway	Fatty acids	Fatty acids	Fatty esters	Fatty acid estolides	NPC class: Fatty acid estolides / NPC pathway: Fatty acids	Fatty acid estolides	4	1440	4055494.4	23550848395.1	0.000172201626538592	kruskal_wallis	0.971254575213674	0.991701292638876	ns	0.000420565381471743	1.1386548904968e-05
MDM_160526_PET05	PET	raw	class	Fatty acyl carnitines	Fatty acyl carnitines	pathway	Fatty acids	Fatty acids	Fatty esters	Fatty acyl carnitines	NPC class: Fatty acyl carnitines / NPC pathway: Fatty acids	Fatty acyl carnitines	1	1440	6628380	22473036077.3	0.000294948131494139	kruskal_wallis	0.846481724890613	0.991701292638876	ns	8.16156406222097e-05	0.000295319826241724
MDM_160526_PET100	PET	raw	class	Fatty acyl carnitines	Fatty acyl carnitines	pathway	Fatty acids	Fatty acids	Fatty esters	Fatty acyl carnitines	NPC class: Fatty acyl carnitines / NPC pathway: Fatty acids	Fatty acyl carnitines	1	1440	15854933	28244838693.3	0.000561339123659466	kruskal_wallis	0.846481724890613	0.991701292638876	ns	8.16156406222097e-05	0.000295319826241724
MDM_160526_PS05	PS	raw	class	Fatty acyl carnitines	Fatty acyl carnitines	pathway	Fatty acids	Fatty acids	Fatty esters	Fatty acyl carnitines	NPC class: Fatty acyl carnitines / NPC pathway: Fatty acids	Fatty acyl carnitines	1	1440	4647441	20456769507.4	0.000227183524667413	kruskal_wallis	0.846481724890613	0.991701292638876	ns	8.16156406222097e-05	0.000295319826241724
MDM_160526_PS100	PS	raw	class	Fatty acyl carnitines	Fatty acyl carnitines	pathway	Fatty acids	Fatty acids	Fatty esters	Fatty acyl carnitines	NPC class: Fatty acyl carnitines / NPC pathway: Fatty acids	Fatty acyl carnitines	1	1440	11494666	30211472297.4	0.000380473546169719	kruskal_wallis	0.846481724890613	0.991701292638876	ns	8.16156406222097e-05	0.000295319826241724
MDM_160526_untreated	Untreated	raw	class	Fatty acyl carnitines	Fatty acyl carnitines	pathway	Fatty acids	Fatty acids	Fatty esters	Fatty acyl carnitines	NPC class: Fatty acyl carnitines / NPC pathway: Fatty acids	Fatty acyl carnitines	1	1440	6036508	26519025548.7	0.000227629329324882	kruskal_wallis	0.846481724890613	0.991701292638876	ns	8.16156406222097e-05	0.000295319826241724
MDM_A_190626_PET05	PET	raw	class	Fatty acyl carnitines	Fatty acyl carnitines	pathway	Fatty acids	Fatty acids	Fatty esters	Fatty acyl carnitines	NPC class: Fatty acyl carnitines / NPC pathway: Fatty acids	Fatty acyl carnitines	1	1440	1013873.6	1459977984	0.000694444444444444	kruskal_wallis	0.846481724890613	0.991701292638876	ns	8.16156406222097e-05	0.000295319826241724
MDM_A_190626_PET100	PET	raw	class	Fatty acyl carnitines	Fatty acyl carnitines	pathway	Fatty acids	Fatty acids	Fatty esters	Fatty acyl carnitines	NPC class: Fatty acyl carnitines / NPC pathway: Fatty acids	Fatty acyl carnitines	1	1440	20022926	38894935316.3	0.000514795199867805	kruskal_wallis	0.846481724890613	0.991701292638876	ns	8.16156406222097e-05	0.000295319826241724
MDM_A_190626_PS05	PS	raw	class	Fatty acyl carnitines	Fatty acyl carnitines	pathway	Fatty acids	Fatty acids	Fatty esters	Fatty acyl carnitines	NPC class: Fatty acyl carnitines / NPC pathway: Fatty acids	Fatty acyl carnitines	1	1440	15337959	28257831826.4	0.000542786123656892	kruskal_wallis	0.846481724890613	0.991701292638876	ns	8.16156406222097e-05	0.000295319826241724
MDM_A_190626_PS100	PS	raw	class	Fatty acyl carnitines	Fatty acyl carnitines	pathway	Fatty acids	Fatty acids	Fatty esters	Fatty acyl carnitines	NPC class: Fatty acyl carnitines / NPC pathway: Fatty acids	Fatty acyl carnitines	1	1440	32558810	25448591356.4	0.00127939537179184	kruskal_wallis	0.846481724890613	0.991701292638876	ns	8.16156406222097e-05	0.000295319826241724
MDM_A_190626_untreated	Untreated	raw	class	Fatty acyl carnitines	Fatty acyl carnitines	pathway	Fatty acids	Fatty acids	Fatty esters	Fatty acyl carnitines	NPC class: Fatty acyl carnitines / NPC pathway: Fatty acids	Fatty acyl carnitines	1	1440	25989450	26876593288.9	0.000966991974043586	kruskal_wallis	0.846481724890613	0.991701292638876	ns	8.16156406222097e-05	0.000295319826241724
MDM_B_120626_PS05	PS	raw	class	Fatty acyl carnitines	Fatty acyl carnitines	pathway	Fatty acids	Fatty acids	Fatty esters	Fatty acyl carnitines	NPC class: Fatty acyl carnitines / NPC pathway: Fatty acids	Fatty acyl carnitines	1	1440	5646786.5	26269246863.4	0.000214958065960675	kruskal_wallis	0.846481724890613	0.991701292638876	ns	8.16156406222097e-05	0.000295319826241724
MDM_B_190626_PET05	PET	raw	class	Fatty acyl carnitines	Fatty acyl carnitines	pathway	Fatty acids	Fatty acids	Fatty esters	Fatty acyl carnitines	NPC class: Fatty acyl carnitines / NPC pathway: Fatty acids	Fatty acyl carnitines	1	1440	5857324	26270617827.66	0.000222961029634899	kruskal_wallis	0.846481724890613	0.991701292638876	ns	8.16156406222097e-05	0.000295319826241724
MDM_B_190626_PET100	PET	raw	class	Fatty acyl carnitines	Fatty acyl carnitines	pathway	Fatty acids	Fatty acids	Fatty esters	Fatty acyl carnitines	NPC class: Fatty acyl carnitines / NPC pathway: Fatty acids	Fatty acyl carnitines	1	1440	15624982	29419865311.6	0.000531103111265408	kruskal_wallis	0.846481724890613	0.991701292638876	ns	8.16156406222097e-05	0.000295319826241724
MDM_B_190626_PS100	PS	raw	class	Fatty acyl carnitines	Fatty acyl carnitines	pathway	Fatty acids	Fatty acids	Fatty esters	Fatty acyl carnitines	NPC class: Fatty acyl carnitines / NPC pathway: Fatty acids	Fatty acyl carnitines	1	1440	20411330	31808703086.2	0.000641690104267575	kruskal_wallis	0.846481724890613	0.991701292638876	ns	8.16156406222097e-05	0.000295319826241724
MDM_B_190626_untreated	Untreated	raw	class	Fatty acyl carnitines	Fatty acyl carnitines	pathway	Fatty acids	Fatty acids	Fatty esters	Fatty acyl carnitines	NPC class: Fatty acyl carnitines / NPC pathway: Fatty acids	Fatty acyl carnitines	1	1440	4799077.5	23550848395.1	0.00020377514302196	kruskal_wallis	0.846481724890613	0.991701292638876	ns	8.16156406222097e-05	0.000295319826241724
MDM_160526_PET05	PET	raw	class	Fatty acyl glycosides of mono- and disaccharides	Fatty acyl glycosides of mono- and disaccharides	pathway	Fatty acids	Fatty acids	Fatty acyl glycosides	Fatty acyl glycosides of mono- and disaccharides	NPC class: Fatty acyl glycosides of mono- and disaccharides / NPC pathway: Fatty acids	Fatty acyl glycosides of mono- and disaccharides	1	1440	1013873.6	22473036077.3	4.51151146873347e-05	kruskal_wallis	0.971254575213674	0.991701292638876	ns	0.000106666897087831	6.46898352954567e-06
MDM_160526_PET100	PET	raw	class	Fatty acyl glycosides of mono- and disaccharides	Fatty acyl glycosides of mono- and disaccharides	pathway	Fatty acids	Fatty acids	Fatty acyl glycosides	Fatty acyl glycosides of mono- and disaccharides	NPC class: Fatty acyl glycosides of mono- and disaccharides / NPC pathway: Fatty acids	Fatty acyl glycosides of mono- and disaccharides	1	1440	1013873.6	28244838693.3	3.58958891926865e-05	kruskal_wallis	0.971254575213674	0.991701292638876	ns	0.000106666897087831	6.46898352954567e-06
MDM_160526_PS05	PS	raw	class	Fatty acyl glycosides of mono- and disaccharides	Fatty acyl glycosides of mono- and disaccharides	pathway	Fatty acids	Fatty acids	Fatty acyl glycosides	Fatty acyl glycosides of mono- and disaccharides	NPC class: Fatty acyl glycosides of mono- and disaccharides / NPC pathway: Fatty acids	Fatty acyl glycosides of mono- and disaccharides	1	1440	1013873.6	20456769507.4	4.95617648540862e-05	kruskal_wallis	0.971254575213674	0.991701292638876	ns	0.000106666897087831	6.46898352954567e-06
MDM_160526_PS100	PS	raw	class	Fatty acyl glycosides of mono- and disaccharides	Fatty acyl glycosides of mono- and disaccharides	pathway	Fatty acids	Fatty acids	Fatty acyl glycosides	Fatty acyl glycosides of mono- and disaccharides	NPC class: Fatty acyl glycosides of mono- and disaccharides / NPC pathway: Fatty acids	Fatty acyl glycosides of mono- and disaccharides	1	1440	1013873.6	30211472297.4	3.35592251188385e-05	kruskal_wallis	0.971254575213674	0.991701292638876	ns	0.000106666897087831	6.46898352954567e-06
MDM_160526_untreated	Untreated	raw	class	Fatty acyl glycosides of mono- and disaccharides	Fatty acyl glycosides of mono- and disaccharides	pathway	Fatty acids	Fatty acids	Fatty acyl glycosides	Fatty acyl glycosides of mono- and disaccharides	NPC class: Fatty acyl glycosides of mono- and disaccharides / NPC pathway: Fatty acids	Fatty acyl glycosides of mono- and disaccharides	1	1440	1013873.6	26519025548.7	3.82319326982096e-05	kruskal_wallis	0.971254575213674	0.991701292638876	ns	0.000106666897087831	6.46898352954567e-06
MDM_A_190626_PET05	PET	raw	class	Fatty acyl glycosides of mono- and disaccharides	Fatty acyl glycosides of mono- and disaccharides	pathway	Fatty acids	Fatty acids	Fatty acyl glycosides	Fatty acyl glycosides of mono- and disaccharides	NPC class: Fatty acyl glycosides of mono- and disaccharides / NPC pathway: Fatty acids	Fatty acyl glycosides of mono- and disaccharides	1	1440	1013873.6	1459977984	0.000694444444444444	kruskal_wallis	0.971254575213674	0.991701292638876	ns	0.000106666897087831	6.46898352954567e-06
MDM_A_190626_PET100	PET	raw	class	Fatty acyl glycosides of mono- and disaccharides	Fatty acyl glycosides of mono- and disaccharides	pathway	Fatty acids	Fatty acids	Fatty acyl glycosides	Fatty acyl glycosides of mono- and disaccharides	NPC class: Fatty acyl glycosides of mono- and disaccharides / NPC pathway: Fatty acids	Fatty acyl glycosides of mono- and disaccharides	1	1440	1013873.6	38894935316.3	2.60669825455426e-05	kruskal_wallis	0.971254575213674	0.991701292638876	ns	0.000106666897087831	6.46898352954567e-06
MDM_A_190626_PS05	PS	raw	class	Fatty acyl glycosides of mono- and disaccharides	Fatty acyl glycosides of mono- and disaccharides	pathway	Fatty acids	Fatty acids	Fatty acyl glycosides	Fatty acyl glycosides of mono- and disaccharides	NPC class: Fatty acyl glycosides of mono- and disaccharides / NPC pathway: Fatty acids	Fatty acyl glycosides of mono- and disaccharides	1	1440	1013873.6	28257831826.4	3.5879384031608e-05	kruskal_wallis	0.971254575213674	0.991701292638876	ns	0.000106666897087831	6.46898352954567e-06
MDM_A_190626_PS100	PS	raw	class	Fatty acyl glycosides of mono- and disaccharides	Fatty acyl glycosides of mono- and disaccharides	pathway	Fatty acids	Fatty acids	Fatty acyl glycosides	Fatty acyl glycosides of mono- and disaccharides	NPC class: Fatty acyl glycosides of mono- and disaccharides / NPC pathway: Fatty acids	Fatty acyl glycosides of mono- and disaccharides	1	1440	1013873.6	25448591356.4	3.98400676014244e-05	kruskal_wallis	0.971254575213674	0.991701292638876	ns	0.000106666897087831	6.46898352954567e-06
MDM_A_190626_untreated	Untreated	raw	class	Fatty acyl glycosides of mono- and disaccharides	Fatty acyl glycosides of mono- and disaccharides	pathway	Fatty acids	Fatty acids	Fatty acyl glycosides	Fatty acyl glycosides of mono- and disaccharides	NPC class: Fatty acyl glycosides of mono- and disaccharides / NPC pathway: Fatty acids	Fatty acyl glycosides of mono- and disaccharides	1	1440	1013873.6	26876593288.9	3.77232928705562e-05	kruskal_wallis	0.971254575213674	0.991701292638876	ns	0.000106666897087831	6.46898352954567e-06
MDM_B_120626_PS05	PS	raw	class	Fatty acyl glycosides of mono- and disaccharides	Fatty acyl glycosides of mono- and disaccharides	pathway	Fatty acids	Fatty acids	Fatty acyl glycosides	Fatty acyl glycosides of mono- and disaccharides	NPC class: Fatty acyl glycosides of mono- and disaccharides / NPC pathway: Fatty acids	Fatty acyl glycosides of mono- and disaccharides	1	1440	1451342.6	26269246863.4	5.52487327690427e-05	kruskal_wallis	0.971254575213674	0.991701292638876	ns	0.000106666897087831	6.46898352954567e-06
MDM_B_190626_PET05	PET	raw	class	Fatty acyl glycosides of mono- and disaccharides	Fatty acyl glycosides of mono- and disaccharides	pathway	Fatty acids	Fatty acids	Fatty acyl glycosides	Fatty acyl glycosides of mono- and disaccharides	NPC class: Fatty acyl glycosides of mono- and disaccharides / NPC pathway: Fatty acids	Fatty acyl glycosides of mono- and disaccharides	1	1440	1013873.6	26270617827.66	3.85934433156918e-05	kruskal_wallis	0.971254575213674	0.991701292638876	ns	0.000106666897087831	6.46898352954567e-06
MDM_B_190626_PET100	PET	raw	class	Fatty acyl glycosides of mono- and disaccharides	Fatty acyl glycosides of mono- and disaccharides	pathway	Fatty acids	Fatty acids	Fatty acyl glycosides	Fatty acyl glycosides of mono- and disaccharides	NPC class: Fatty acyl glycosides of mono- and disaccharides / NPC pathway: Fatty acids	Fatty acyl glycosides of mono- and disaccharides	1	1440	2066874.6	29419865311.6	7.02543868950022e-05	kruskal_wallis	0.971254575213674	0.991701292638876	ns	0.000106666897087831	6.46898352954567e-06
MDM_B_190626_PS100	PS	raw	class	Fatty acyl glycosides of mono- and disaccharides	Fatty acyl glycosides of mono- and disaccharides	pathway	Fatty acids	Fatty acids	Fatty acyl glycosides	Fatty acyl glycosides of mono- and disaccharides	NPC class: Fatty acyl glycosides of mono- and disaccharides / NPC pathway: Fatty acids	Fatty acyl glycosides of mono- and disaccharides	1	1440	1790184.4	31808703086.2	5.62797041787177e-05	kruskal_wallis	0.971254575213674	0.991701292638876	ns	0.000106666897087831	6.46898352954567e-06
MDM_B_190626_untreated	Untreated	raw	class	Fatty acyl glycosides of mono- and disaccharides	Fatty acyl glycosides of mono- and disaccharides	pathway	Fatty acids	Fatty acids	Fatty acyl glycosides	Fatty acyl glycosides of mono- and disaccharides	NPC class: Fatty acyl glycosides of mono- and disaccharides / NPC pathway: Fatty acids	Fatty acyl glycosides of mono- and disaccharides	1	1440	3435256.5	23550848395.1	0.0001458655094869	kruskal_wallis	0.971254575213674	0.991701292638876	ns	0.000106666897087831	6.46898352954567e-06
MDM_160526_PET05	PET	raw	class	Fatty alcohols	Fatty alcohols	pathway	Fatty acids	Fatty acids	Fatty Acids and Conjugates | Fatty acyls	Fatty alcohols	NPC class: Fatty alcohols / NPC pathway: Fatty acids	Fatty alcohols	39	1440	665173638.4	22473036077.3	0.0295987438507204	kruskal_wallis	0.778800783071405	0.991701292638876	ns	0.00138835677783739	0.00404470764145372
MDM_160526_PET100	PET	raw	class	Fatty alcohols	Fatty alcohols	pathway	Fatty acids	Fatty acids	Fatty Acids and Conjugates | Fatty acyls	Fatty alcohols	NPC class: Fatty alcohols / NPC pathway: Fatty acids	Fatty alcohols	39	1440	788484132.3	28244838693.3	0.0279160430286698	kruskal_wallis	0.778800783071405	0.991701292638876	ns	0.00138835677783739	0.00404470764145372
MDM_160526_PS05	PS	raw	class	Fatty alcohols	Fatty alcohols	pathway	Fatty acids	Fatty acids	Fatty Acids and Conjugates | Fatty acyls	Fatty alcohols	NPC class: Fatty alcohols / NPC pathway: Fatty acids	Fatty alcohols	39	1440	725381112.7	20456769507.4	0.0354592210875525	kruskal_wallis	0.778800783071405	0.991701292638876	ns	0.00138835677783739	0.00404470764145372
MDM_160526_PS100	PS	raw	class	Fatty alcohols	Fatty alcohols	pathway	Fatty acids	Fatty acids	Fatty Acids and Conjugates | Fatty acyls	Fatty alcohols	NPC class: Fatty alcohols / NPC pathway: Fatty acids	Fatty alcohols	39	1440	632753972.6	30211472297.4	0.020944162084231	kruskal_wallis	0.778800783071405	0.991701292638876	ns	0.00138835677783739	0.00404470764145372
MDM_160526_untreated	Untreated	raw	class	Fatty alcohols	Fatty alcohols	pathway	Fatty acids	Fatty acids	Fatty Acids and Conjugates | Fatty acyls	Fatty alcohols	NPC class: Fatty alcohols / NPC pathway: Fatty acids	Fatty alcohols	39	1440	769995957.5	26519025548.7	0.0290356052520092	kruskal_wallis	0.778800783071405	0.991701292638876	ns	0.00138835677783739	0.00404470764145372
MDM_A_190626_PET05	PET	raw	class	Fatty alcohols	Fatty alcohols	pathway	Fatty acids	Fatty acids	Fatty Acids and Conjugates | Fatty acyls	Fatty alcohols	NPC class: Fatty alcohols / NPC pathway: Fatty acids	Fatty alcohols	39	1440	39541070.4	1459977984	0.0270833333333333	kruskal_wallis	0.778800783071405	0.991701292638876	ns	0.00138835677783739	0.00404470764145372
MDM_A_190626_PET100	PET	raw	class	Fatty alcohols	Fatty alcohols	pathway	Fatty acids	Fatty acids	Fatty Acids and Conjugates | Fatty acyls	Fatty alcohols	NPC class: Fatty alcohols / NPC pathway: Fatty acids	Fatty alcohols	39	1440	1219231658.6	38894935316.3	0.0313467974348076	kruskal_wallis	0.778800783071405	0.991701292638876	ns	0.00138835677783739	0.00404470764145372
MDM_A_190626_PS05	PS	raw	class	Fatty alcohols	Fatty alcohols	pathway	Fatty acids	Fatty acids	Fatty Acids and Conjugates | Fatty acyls	Fatty alcohols	NPC class: Fatty alcohols / NPC pathway: Fatty acids	Fatty alcohols	39	1440	599383318.4	28257831826.4	0.0212112281679029	kruskal_wallis	0.778800783071405	0.991701292638876	ns	0.00138835677783739	0.00404470764145372
MDM_A_190626_PS100	PS	raw	class	Fatty alcohols	Fatty alcohols	pathway	Fatty acids	Fatty acids	Fatty Acids and Conjugates | Fatty acyls	Fatty alcohols	NPC class: Fatty alcohols / NPC pathway: Fatty acids	Fatty alcohols	39	1440	593044440.6	25448591356.4	0.0233036254264367	kruskal_wallis	0.778800783071405	0.991701292638876	ns	0.00138835677783739	0.00404470764145372
MDM_A_190626_untreated	Untreated	raw	class	Fatty alcohols	Fatty alcohols	pathway	Fatty acids	Fatty acids	Fatty Acids and Conjugates | Fatty acyls	Fatty alcohols	NPC class: Fatty alcohols / NPC pathway: Fatty acids	Fatty alcohols	39	1440	631417223.4	26876593288.9	0.0234932015606596	kruskal_wallis	0.778800783071405	0.991701292638876	ns	0.00138835677783739	0.00404470764145372
MDM_B_120626_PS05	PS	raw	class	Fatty alcohols	Fatty alcohols	pathway	Fatty acids	Fatty acids	Fatty Acids and Conjugates | Fatty acyls	Fatty alcohols	NPC class: Fatty alcohols / NPC pathway: Fatty acids	Fatty alcohols	39	1440	700815428.2	26269246863.4	0.0266781697946743	kruskal_wallis	0.778800783071405	0.991701292638876	ns	0.00138835677783739	0.00404470764145372
MDM_B_190626_PET05	PET	raw	class	Fatty alcohols	Fatty alcohols	pathway	Fatty acids	Fatty acids	Fatty Acids and Conjugates | Fatty acyls	Fatty alcohols	NPC class: Fatty alcohols / NPC pathway: Fatty acids	Fatty alcohols	39	1440	657152367.1	26270617827.66	0.0250147282949734	kruskal_wallis	0.778800783071405	0.991701292638876	ns	0.00138835677783739	0.00404470764145372
MDM_B_190626_PET100	PET	raw	class	Fatty alcohols	Fatty alcohols	pathway	Fatty acids	Fatty acids	Fatty Acids and Conjugates | Fatty acyls	Fatty alcohols	NPC class: Fatty alcohols / NPC pathway: Fatty acids	Fatty alcohols	39	1440	782045842.1	29419865311.6	0.0265822373357925	kruskal_wallis	0.778800783071405	0.991701292638876	ns	0.00138835677783739	0.00404470764145372
MDM_B_190626_PS100	PS	raw	class	Fatty alcohols	Fatty alcohols	pathway	Fatty acids	Fatty acids	Fatty Acids and Conjugates | Fatty acyls	Fatty alcohols	NPC class: Fatty alcohols / NPC pathway: Fatty acids	Fatty alcohols	39	1440	1005642837.4	31808703086.2	0.0316153360504752	kruskal_wallis	0.778800783071405	0.991701292638876	ns	0.00138835677783739	0.00404470764145372
MDM_B_190626_untreated	Untreated	raw	class	Fatty alcohols	Fatty alcohols	pathway	Fatty acids	Fatty acids	Fatty Acids and Conjugates | Fatty acyls	Fatty alcohols	NPC class: Fatty alcohols / NPC pathway: Fatty acids	Fatty alcohols	39	1440	700885359.1	23550848395.1	0.0297605142431228	kruskal_wallis	0.778800783071405	0.991701292638876	ns	0.00138835677783739	0.00404470764145372
MDM_160526_PET05	PET	raw	class	Fatty aldehydes	Fatty aldehydes	pathway	Fatty acids	Fatty acids	Fatty acyls	Fatty aldehydes	NPC class: Fatty aldehydes / NPC pathway: Fatty acids	Fatty aldehydes	10	1440	705769074.1	22473036077.3	0.0314051502285842	kruskal_wallis	0.541994188459187	0.991701292638876	ns	0.00549777079219456	0.00377393995886391
MDM_160526_PET100	PET	raw	class	Fatty aldehydes	Fatty aldehydes	pathway	Fatty acids	Fatty acids	Fatty acyls	Fatty aldehydes	NPC class: Fatty aldehydes / NPC pathway: Fatty acids	Fatty aldehydes	10	1440	737201118.9	28244838693.3	0.0261003833976532	kruskal_wallis	0.541994188459187	0.991701292638876	ns	0.00549777079219456	0.00377393995886391
MDM_160526_PS05	PS	raw	class	Fatty aldehydes	Fatty aldehydes	pathway	Fatty acids	Fatty acids	Fatty acyls	Fatty aldehydes	NPC class: Fatty aldehydes / NPC pathway: Fatty acids	Fatty aldehydes	10	1440	771756958.6	20456769507.4	0.0377262381687796	kruskal_wallis	0.541994188459187	0.991701292638876	ns	0.00549777079219456	0.00377393995886391
MDM_160526_PS100	PS	raw	class	Fatty aldehydes	Fatty aldehydes	pathway	Fatty acids	Fatty acids	Fatty acyls	Fatty aldehydes	NPC class: Fatty aldehydes / NPC pathway: Fatty acids	Fatty aldehydes	10	1440	503090588.5	30211472297.4	0.0166523029247832	kruskal_wallis	0.541994188459187	0.991701292638876	ns	0.00549777079219456	0.00377393995886391
MDM_160526_untreated	Untreated	raw	class	Fatty aldehydes	Fatty aldehydes	pathway	Fatty acids	Fatty acids	Fatty acyls	Fatty aldehydes	NPC class: Fatty aldehydes / NPC pathway: Fatty acids	Fatty aldehydes	10	1440	763301445	26519025548.7	0.0287831633782418	kruskal_wallis	0.541994188459187	0.991701292638876	ns	0.00549777079219456	0.00377393995886391
MDM_A_190626_PET05	PET	raw	class	Fatty aldehydes	Fatty aldehydes	pathway	Fatty acids	Fatty acids	Fatty acyls	Fatty aldehydes	NPC class: Fatty aldehydes / NPC pathway: Fatty acids	Fatty aldehydes	10	1440	10138736	1459977984	0.00694444444444444	kruskal_wallis	0.541994188459187	0.991701292638876	ns	0.00549777079219456	0.00377393995886391
MDM_A_190626_PET100	PET	raw	class	Fatty aldehydes	Fatty aldehydes	pathway	Fatty acids	Fatty acids	Fatty acyls	Fatty aldehydes	NPC class: Fatty aldehydes / NPC pathway: Fatty acids	Fatty aldehydes	10	1440	623848117.3	38894935316.3	0.016039314944909	kruskal_wallis	0.541994188459187	0.991701292638876	ns	0.00549777079219456	0.00377393995886391
MDM_A_190626_PS05	PS	raw	class	Fatty aldehydes	Fatty aldehydes	pathway	Fatty acids	Fatty acids	Fatty acyls	Fatty aldehydes	NPC class: Fatty aldehydes / NPC pathway: Fatty acids	Fatty aldehydes	10	1440	582291046.4	28257831826.4	0.020606359680292	kruskal_wallis	0.541994188459187	0.991701292638876	ns	0.00549777079219456	0.00377393995886391
MDM_A_190626_PS100	PS	raw	class	Fatty aldehydes	Fatty aldehydes	pathway	Fatty acids	Fatty acids	Fatty acyls	Fatty aldehydes	NPC class: Fatty aldehydes / NPC pathway: Fatty acids	Fatty aldehydes	10	1440	702590648.5	25448591356.4	0.0276082333462165	kruskal_wallis	0.541994188459187	0.991701292638876	ns	0.00549777079219456	0.00377393995886391
MDM_A_190626_untreated	Untreated	raw	class	Fatty aldehydes	Fatty aldehydes	pathway	Fatty acids	Fatty acids	Fatty acyls	Fatty aldehydes	NPC class: Fatty aldehydes / NPC pathway: Fatty acids	Fatty aldehydes	10	1440	610737143.2	26876593288.9	0.0227237558211008	kruskal_wallis	0.541994188459187	0.991701292638876	ns	0.00549777079219456	0.00377393995886391
MDM_B_120626_PS05	PS	raw	class	Fatty aldehydes	Fatty aldehydes	pathway	Fatty acids	Fatty acids	Fatty acyls	Fatty aldehydes	NPC class: Fatty aldehydes / NPC pathway: Fatty acids	Fatty aldehydes	10	1440	680482182.7	26269246863.4	0.0259041374972988	kruskal_wallis	0.541994188459187	0.991701292638876	ns	0.00549777079219456	0.00377393995886391
MDM_B_190626_PET05	PET	raw	class	Fatty aldehydes	Fatty aldehydes	pathway	Fatty acids	Fatty acids	Fatty acyls	Fatty aldehydes	NPC class: Fatty aldehydes / NPC pathway: Fatty acids	Fatty aldehydes	10	1440	670135727.2	26270617827.66	0.0255089443117102	kruskal_wallis	0.541994188459187	0.991701292638876	ns	0.00549777079219456	0.00377393995886391
MDM_B_190626_PET100	PET	raw	class	Fatty aldehydes	Fatty aldehydes	pathway	Fatty acids	Fatty acids	Fatty acyls	Fatty aldehydes	NPC class: Fatty aldehydes / NPC pathway: Fatty acids	Fatty aldehydes	10	1440	721066263.2	29419865311.6	0.0245095025270456	kruskal_wallis	0.541994188459187	0.991701292638876	ns	0.00549777079219456	0.00377393995886391
MDM_B_190626_PS100	PS	raw	class	Fatty aldehydes	Fatty aldehydes	pathway	Fatty acids	Fatty acids	Fatty acyls	Fatty aldehydes	NPC class: Fatty aldehydes / NPC pathway: Fatty acids	Fatty aldehydes	10	1440	916809678.6	31808703086.2	0.0288226048108749	kruskal_wallis	0.541994188459187	0.991701292638876	ns	0.00549777079219456	0.00377393995886391
MDM_B_190626_untreated	Untreated	raw	class	Fatty aldehydes	Fatty aldehydes	pathway	Fatty acids	Fatty acids	Fatty acyls	Fatty aldehydes	NPC class: Fatty aldehydes / NPC pathway: Fatty acids	Fatty aldehydes	10	1440	712183851.8	23550848395.1	0.0302402631044144	kruskal_wallis	0.541994188459187	0.991701292638876	ns	0.00549777079219456	0.00377393995886391
MDM_160526_PET05	PET	raw	class	Glycerophosphates	Glycerophosphates	pathway	Fatty acids	Fatty acids	Glycerophospholipids	Glycerophosphates	NPC class: Glycerophosphates / NPC pathway: Fatty acids	Glycerophosphates	5	1440	13911181.3	22473036077.3	0.0006190165517534	kruskal_wallis	0.939413062813476	0.991701292638876	ns	0.00048639520536063	7.15827731421754e-05
MDM_160526_PET100	PET	raw	class	Glycerophosphates	Glycerophosphates	pathway	Fatty acids	Fatty acids	Glycerophospholipids	Glycerophosphates	NPC class: Glycerophosphates / NPC pathway: Fatty acids	Glycerophosphates	5	1440	16682154.9	28244838693.3	0.000590626665676699	kruskal_wallis	0.939413062813476	0.991701292638876	ns	0.00048639520536063	7.15827731421754e-05
MDM_160526_PS05	PS	raw	class	Glycerophosphates	Glycerophosphates	pathway	Fatty acids	Fatty acids	Glycerophospholipids	Glycerophosphates	NPC class: Glycerophosphates / NPC pathway: Fatty acids	Glycerophosphates	5	1440	11519319.8	20456769507.4	0.000563105518485361	kruskal_wallis	0.939413062813476	0.991701292638876	ns	0.00048639520536063	7.15827731421754e-05
MDM_160526_PS100	PS	raw	class	Glycerophosphates	Glycerophosphates	pathway	Fatty acids	Fatty acids	Glycerophospholipids	Glycerophosphates	NPC class: Glycerophosphates / NPC pathway: Fatty acids	Glycerophosphates	5	1440	12388398.9	30211472297.4	0.000410056113056964	kruskal_wallis	0.939413062813476	0.991701292638876	ns	0.00048639520536063	7.15827731421754e-05
MDM_160526_untreated	Untreated	raw	class	Glycerophosphates	Glycerophosphates	pathway	Fatty acids	Fatty acids	Glycerophospholipids	Glycerophosphates	NPC class: Glycerophosphates / NPC pathway: Fatty acids	Glycerophosphates	5	1440	12594984.7	26519025548.7	0.000474941459552137	kruskal_wallis	0.939413062813476	0.991701292638876	ns	0.00048639520536063	7.15827731421754e-05
MDM_A_190626_PET05	PET	raw	class	Glycerophosphates	Glycerophosphates	pathway	Fatty acids	Fatty acids	Glycerophospholipids	Glycerophosphates	NPC class: Glycerophosphates / NPC pathway: Fatty acids	Glycerophosphates	5	1440	5069368	1459977984	0.00347222222222222	kruskal_wallis	0.939413062813476	0.991701292638876	ns	0.00048639520536063	7.15827731421754e-05
MDM_A_190626_PET100	PET	raw	class	Glycerophosphates	Glycerophosphates	pathway	Fatty acids	Fatty acids	Glycerophospholipids	Glycerophosphates	NPC class: Glycerophosphates / NPC pathway: Fatty acids	Glycerophosphates	5	1440	10098813.2	38894935316.3	0.000259643398758085	kruskal_wallis	0.939413062813476	0.991701292638876	ns	0.00048639520536063	7.15827731421754e-05
MDM_A_190626_PS05	PS	raw	class	Glycerophosphates	Glycerophosphates	pathway	Fatty acids	Fatty acids	Glycerophospholipids	Glycerophosphates	NPC class: Glycerophosphates / NPC pathway: Fatty acids	Glycerophosphates	5	1440	10049975.4	28257831826.4	0.000355652742989672	kruskal_wallis	0.939413062813476	0.991701292638876	ns	0.00048639520536063	7.15827731421754e-05
MDM_A_190626_PS100	PS	raw	class	Glycerophosphates	Glycerophosphates	pathway	Fatty acids	Fatty acids	Glycerophospholipids	Glycerophosphates	NPC class: Glycerophosphates / NPC pathway: Fatty acids	Glycerophosphates	5	1440	14143041.8	25448591356.4	0.000555749495205093	kruskal_wallis	0.939413062813476	0.991701292638876	ns	0.00048639520536063	7.15827731421754e-05
MDM_A_190626_untreated	Untreated	raw	class	Glycerophosphates	Glycerophosphates	pathway	Fatty acids	Fatty acids	Glycerophospholipids	Glycerophosphates	NPC class: Glycerophosphates / NPC pathway: Fatty acids	Glycerophosphates	5	1440	14015736.9	26876593288.9	0.000521484875309271	kruskal_wallis	0.939413062813476	0.991701292638876	ns	0.00048639520536063	7.15827731421754e-05
MDM_B_120626_PS05	PS	raw	class	Glycerophosphates	Glycerophosphates	pathway	Fatty acids	Fatty acids	Glycerophospholipids	Glycerophosphates	NPC class: Glycerophosphates / NPC pathway: Fatty acids	Glycerophosphates	5	1440	8447124.6	26269246863.4	0.00032155945101605	kruskal_wallis	0.939413062813476	0.991701292638876	ns	0.00048639520536063	7.15827731421754e-05
MDM_B_190626_PET05	PET	raw	class	Glycerophosphates	Glycerophosphates	pathway	Fatty acids	Fatty acids	Glycerophospholipids	Glycerophosphates	NPC class: Glycerophosphates / NPC pathway: Fatty acids	Glycerophosphates	5	1440	5789800.4	26270617827.66	0.000220390720841898	kruskal_wallis	0.939413062813476	0.991701292638876	ns	0.00048639520536063	7.15827731421754e-05
MDM_B_190626_PET100	PET	raw	class	Glycerophosphates	Glycerophosphates	pathway	Fatty acids	Fatty acids	Glycerophospholipids	Glycerophosphates	NPC class: Glycerophosphates / NPC pathway: Fatty acids	Glycerophosphates	5	1440	11321576.8	29419865311.6	0.000384827621747677	kruskal_wallis	0.939413062813476	0.991701292638876	ns	0.00048639520536063	7.15827731421754e-05
MDM_B_190626_PS100	PS	raw	class	Glycerophosphates	Glycerophosphates	pathway	Fatty acids	Fatty acids	Glycerophospholipids	Glycerophosphates	NPC class: Glycerophosphates / NPC pathway: Fatty acids	Glycerophosphates	5	1440	13430672.3	31808703086.2	0.000422232628083061	kruskal_wallis	0.939413062813476	0.991701292638876	ns	0.00048639520536063	7.15827731421754e-05
MDM_B_190626_untreated	Untreated	raw	class	Glycerophosphates	Glycerophosphates	pathway	Fatty acids	Fatty acids	Glycerophospholipids	Glycerophosphates	NPC class: Glycerophosphates / NPC pathway: Fatty acids	Glycerophosphates	5	1440	9407095.6	23550848395.1	0.000399437652613706	kruskal_wallis	0.939413062813476	0.991701292638876	ns	0.00048639520536063	7.15827731421754e-05
MDM_160526_PET05	PET	raw	class	Glycerophosphocholines	Glycerophosphocholines	pathway	Fatty acids	Fatty acids	Glycerophospholipids	Glycerophosphocholines	NPC class: Glycerophosphocholines / NPC pathway: Fatty acids	Glycerophosphocholines	145	1440	1457733238.4	22473036077.3	0.0648658789754027	kruskal_wallis	0.927743486328554	0.991701292638876	ns	0.0046115720729564	0.0138779284730276
MDM_160526_PET100	PET	raw	class	Glycerophosphocholines	Glycerophosphocholines	pathway	Fatty acids	Fatty acids	Glycerophospholipids	Glycerophosphocholines	NPC class: Glycerophosphocholines / NPC pathway: Fatty acids	Glycerophosphocholines	145	1440	2987368594.5	28244838693.3	0.105766884595756	kruskal_wallis	0.927743486328554	0.991701292638876	ns	0.0046115720729564	0.0138779284730276
MDM_160526_PS05	PS	raw	class	Glycerophosphocholines	Glycerophosphocholines	pathway	Fatty acids	Fatty acids	Glycerophospholipids	Glycerophosphocholines	NPC class: Glycerophosphocholines / NPC pathway: Fatty acids	Glycerophosphocholines	145	1440	1031232707.8	20456769507.4	0.0504103400796965	kruskal_wallis	0.927743486328554	0.991701292638876	ns	0.0046115720729564	0.0138779284730276
MDM_160526_PS100	PS	raw	class	Glycerophosphocholines	Glycerophosphocholines	pathway	Fatty acids	Fatty acids	Glycerophospholipids	Glycerophosphocholines	NPC class: Glycerophosphocholines / NPC pathway: Fatty acids	Glycerophosphocholines	145	1440	1200824765.6	30211472297.4	0.0397473103521454	kruskal_wallis	0.927743486328554	0.991701292638876	ns	0.0046115720729564	0.0138779284730276
MDM_160526_untreated	Untreated	raw	class	Glycerophosphocholines	Glycerophosphocholines	pathway	Fatty acids	Fatty acids	Glycerophospholipids	Glycerophosphocholines	NPC class: Glycerophosphocholines / NPC pathway: Fatty acids	Glycerophosphocholines	145	1440	1224524148.7	26519025548.7	0.0461753070998504	kruskal_wallis	0.927743486328554	0.991701292638876	ns	0.0046115720729564	0.0138779284730276
MDM_A_190626_PET05	PET	raw	class	Glycerophosphocholines	Glycerophosphocholines	pathway	Fatty acids	Fatty acids	Glycerophospholipids	Glycerophosphocholines	NPC class: Glycerophosphocholines / NPC pathway: Fatty acids	Glycerophosphocholines	145	1440	147011672	1459977984	0.100694444444444	kruskal_wallis	0.927743486328554	0.991701292638876	ns	0.0046115720729564	0.0138779284730276
MDM_A_190626_PET100	PET	raw	class	Glycerophosphocholines	Glycerophosphocholines	pathway	Fatty acids	Fatty acids	Glycerophospholipids	Glycerophosphocholines	NPC class: Glycerophosphocholines / NPC pathway: Fatty acids	Glycerophosphocholines	145	1440	2148579259.3	38894935316.3	0.0552405921703533	kruskal_wallis	0.927743486328554	0.991701292638876	ns	0.0046115720729564	0.0138779284730276
MDM_A_190626_PS05	PS	raw	class	Glycerophosphocholines	Glycerophosphocholines	pathway	Fatty acids	Fatty acids	Glycerophospholipids	Glycerophosphocholines	NPC class: Glycerophosphocholines / NPC pathway: Fatty acids	Glycerophosphocholines	145	1440	1915394470.7	28257831826.4	0.0677827825739459	kruskal_wallis	0.927743486328554	0.991701292638876	ns	0.0046115720729564	0.0138779284730276
MDM_A_190626_PS100	PS	raw	class	Glycerophosphocholines	Glycerophosphocholines	pathway	Fatty acids	Fatty acids	Glycerophospholipids	Glycerophosphocholines	NPC class: Glycerophosphocholines / NPC pathway: Fatty acids	Glycerophosphocholines	145	1440	3484840289.6	25448591356.4	0.136936470895219	kruskal_wallis	0.927743486328554	0.991701292638876	ns	0.0046115720729564	0.0138779284730276
MDM_A_190626_untreated	Untreated	raw	class	Glycerophosphocholines	Glycerophosphocholines	pathway	Fatty acids	Fatty acids	Glycerophospholipids	Glycerophosphocholines	NPC class: Glycerophosphocholines / NPC pathway: Fatty acids	Glycerophosphocholines	145	1440	3064391074.7	26876593288.9	0.114017094419686	kruskal_wallis	0.927743486328554	0.991701292638876	ns	0.0046115720729564	0.0138779284730276
MDM_B_120626_PS05	PS	raw	class	Glycerophosphocholines	Glycerophosphocholines	pathway	Fatty acids	Fatty acids	Glycerophospholipids	Glycerophosphocholines	NPC class: Glycerophosphocholines / NPC pathway: Fatty acids	Glycerophosphocholines	145	1440	657937008.1	26269246863.4	0.025045902972448	kruskal_wallis	0.927743486328554	0.991701292638876	ns	0.0046115720729564	0.0138779284730276
MDM_B_190626_PET05	PET	raw	class	Glycerophosphocholines	Glycerophosphocholines	pathway	Fatty acids	Fatty acids	Glycerophospholipids	Glycerophosphocholines	NPC class: Glycerophosphocholines / NPC pathway: Fatty acids	Glycerophosphocholines	145	1440	712596712.1	26270617827.66	0.0271252361392779	kruskal_wallis	0.927743486328554	0.991701292638876	ns	0.0046115720729564	0.0138779284730276
MDM_B_190626_PET100	PET	raw	class	Glycerophosphocholines	Glycerophosphocholines	pathway	Fatty acids	Fatty acids	Glycerophospholipids	Glycerophosphocholines	NPC class: Glycerophosphocholines / NPC pathway: Fatty acids	Glycerophosphocholines	145	1440	1577053713.2	29419865311.6	0.0536050623106755	kruskal_wallis	0.927743486328554	0.991701292638876	ns	0.0046115720729564	0.0138779284730276
MDM_B_190626_PS100	PS	raw	class	Glycerophosphocholines	Glycerophosphocholines	pathway	Fatty acids	Fatty acids	Glycerophospholipids	Glycerophosphocholines	NPC class: Glycerophosphocholines / NPC pathway: Fatty acids	Glycerophosphocholines	145	1440	2158143221.7	31808703086.2	0.0678475703913969	kruskal_wallis	0.927743486328554	0.991701292638876	ns	0.0046115720729564	0.0138779284730276
MDM_B_190626_untreated	Untreated	raw	class	Glycerophosphocholines	Glycerophosphocholines	pathway	Fatty acids	Fatty acids	Glycerophospholipids	Glycerophosphocholines	NPC class: Glycerophosphocholines / NPC pathway: Fatty acids	Glycerophosphocholines	145	1440	697621619.8	23550848395.1	0.0296219315795497	kruskal_wallis	0.927743486328554	0.991701292638876	ns	0.0046115720729564	0.0138779284730276
MDM_160526_PET05	PET	raw	class	Glycerophosphoethanolamines	Glycerophosphoethanolamines	pathway	Fatty acids	Fatty acids	Glycerophospholipids	Glycerophosphoethanolamines	NPC class: Glycerophosphoethanolamines / NPC pathway: Fatty acids	Glycerophosphoethanolamines	30	1440	412340834.1	22473036077.3	0.018348247770425	kruskal_wallis	0.908615439356306	0.991701292638876	ns	0.00206156767197268	0.00764864389714819
MDM_160526_PET100	PET	raw	class	Glycerophosphoethanolamines	Glycerophosphoethanolamines	pathway	Fatty acids	Fatty acids	Glycerophospholipids	Glycerophosphoethanolamines	NPC class: Glycerophosphoethanolamines / NPC pathway: Fatty acids	Glycerophosphoethanolamines	30	1440	972269500.8	28244838693.3	0.0344229086013734	kruskal_wallis	0.908615439356306	0.991701292638876	ns	0.00206156767197268	0.00764864389714819
MDM_160526_PS05	PS	raw	class	Glycerophosphoethanolamines	Glycerophosphoethanolamines	pathway	Fatty acids	Fatty acids	Glycerophospholipids	Glycerophosphoethanolamines	NPC class: Glycerophosphoethanolamines / NPC pathway: Fatty acids	Glycerophosphoethanolamines	30	1440	330801336.3	20456769507.4	0.0161707515050378	kruskal_wallis	0.908615439356306	0.991701292638876	ns	0.00206156767197268	0.00764864389714819
MDM_160526_PS100	PS	raw	class	Glycerophosphoethanolamines	Glycerophosphoethanolamines	pathway	Fatty acids	Fatty acids	Glycerophospholipids	Glycerophosphoethanolamines	NPC class: Glycerophosphoethanolamines / NPC pathway: Fatty acids	Glycerophosphoethanolamines	30	1440	421808805.2	30211472297.4	0.0139618751793272	kruskal_wallis	0.908615439356306	0.991701292638876	ns	0.00206156767197268	0.00764864389714819
MDM_160526_untreated	Untreated	raw	class	Glycerophosphoethanolamines	Glycerophosphoethanolamines	pathway	Fatty acids	Fatty acids	Glycerophospholipids	Glycerophosphoethanolamines	NPC class: Glycerophosphoethanolamines / NPC pathway: Fatty acids	Glycerophosphoethanolamines	30	1440	349077668.3	26519025548.7	0.0131632916774769	kruskal_wallis	0.908615439356306	0.991701292638876	ns	0.00206156767197268	0.00764864389714819
MDM_A_190626_PET05	PET	raw	class	Glycerophosphoethanolamines	Glycerophosphoethanolamines	pathway	Fatty acids	Fatty acids	Glycerophospholipids	Glycerophosphoethanolamines	NPC class: Glycerophosphoethanolamines / NPC pathway: Fatty acids	Glycerophosphoethanolamines	30	1440	30416208	1459977984	0.0208333333333333	kruskal_wallis	0.908615439356306	0.991701292638876	ns	0.00206156767197268	0.00764864389714819
MDM_A_190626_PET100	PET	raw	class	Glycerophosphoethanolamines	Glycerophosphoethanolamines	pathway	Fatty acids	Fatty acids	Glycerophospholipids	Glycerophosphoethanolamines	NPC class: Glycerophosphoethanolamines / NPC pathway: Fatty acids	Glycerophosphoethanolamines	30	1440	829738400.4	38894935316.3	0.021332813479504	kruskal_wallis	0.908615439356306	0.991701292638876	ns	0.00206156767197268	0.00764864389714819
MDM_A_190626_PS05	PS	raw	class	Glycerophosphoethanolamines	Glycerophosphoethanolamines	pathway	Fatty acids	Fatty acids	Glycerophospholipids	Glycerophosphoethanolamines	NPC class: Glycerophosphoethanolamines / NPC pathway: Fatty acids	Glycerophosphoethanolamines	30	1440	663471689.7	28257831826.4	0.0234792143210417	kruskal_wallis	0.908615439356306	0.991701292638876	ns	0.00206156767197268	0.00764864389714819
MDM_A_190626_PS100	PS	raw	class	Glycerophosphoethanolamines	Glycerophosphoethanolamines	pathway	Fatty acids	Fatty acids	Glycerophospholipids	Glycerophosphoethanolamines	NPC class: Glycerophosphoethanolamines / NPC pathway: Fatty acids	Glycerophosphoethanolamines	30	1440	1152249773.5	25448591356.4	0.0452775463035687	kruskal_wallis	0.908615439356306	0.991701292638876	ns	0.00206156767197268	0.00764864389714819
MDM_A_190626_untreated	Untreated	raw	class	Glycerophosphoethanolamines	Glycerophosphoethanolamines	pathway	Fatty acids	Fatty acids	Glycerophospholipids	Glycerophosphoethanolamines	NPC class: Glycerophosphoethanolamines / NPC pathway: Fatty acids	Glycerophosphoethanolamines	30	1440	1013771693.2	26876593288.9	0.0377195012144149	kruskal_wallis	0.908615439356306	0.991701292638876	ns	0.00206156767197268	0.00764864389714819
MDM_B_120626_PS05	PS	raw	class	Glycerophosphoethanolamines	Glycerophosphoethanolamines	pathway	Fatty acids	Fatty acids	Glycerophospholipids	Glycerophosphoethanolamines	NPC class: Glycerophosphoethanolamines / NPC pathway: Fatty acids	Glycerophosphoethanolamines	30	1440	208685304.9	26269246863.4	0.00794409165916187	kruskal_wallis	0.908615439356306	0.991701292638876	ns	0.00206156767197268	0.00764864389714819
MDM_B_190626_PET05	PET	raw	class	Glycerophosphoethanolamines	Glycerophosphoethanolamines	pathway	Fatty acids	Fatty acids	Glycerophospholipids	Glycerophosphoethanolamines	NPC class: Glycerophosphoethanolamines / NPC pathway: Fatty acids	Glycerophosphoethanolamines	30	1440	235130772.9	26270617827.66	0.00895033281830296	kruskal_wallis	0.908615439356306	0.991701292638876	ns	0.00206156767197268	0.00764864389714819
MDM_B_190626_PET100	PET	raw	class	Glycerophosphoethanolamines	Glycerophosphoethanolamines	pathway	Fatty acids	Fatty acids	Glycerophospholipids	Glycerophosphoethanolamines	NPC class: Glycerophosphoethanolamines / NPC pathway: Fatty acids	Glycerophosphoethanolamines	30	1440	611654822.3	29419865311.6	0.0207905378159168	kruskal_wallis	0.908615439356306	0.991701292638876	ns	0.00206156767197268	0.00764864389714819
MDM_B_190626_PS100	PS	raw	class	Glycerophosphoethanolamines	Glycerophosphoethanolamines	pathway	Fatty acids	Fatty acids	Glycerophospholipids	Glycerophosphoethanolamines	NPC class: Glycerophosphoethanolamines / NPC pathway: Fatty acids	Glycerophosphoethanolamines	30	1440	824631096.7	31808703086.2	0.0259247003710051	kruskal_wallis	0.908615439356306	0.991701292638876	ns	0.00206156767197268	0.00764864389714819
MDM_B_190626_untreated	Untreated	raw	class	Glycerophosphoethanolamines	Glycerophosphoethanolamines	pathway	Fatty acids	Fatty acids	Glycerophospholipids	Glycerophosphoethanolamines	NPC class: Glycerophosphoethanolamines / NPC pathway: Fatty acids	Glycerophosphoethanolamines	30	1440	219295933	23550848395.1	0.00931159376176133	kruskal_wallis	0.908615439356306	0.991701292638876	ns	0.00206156767197268	0.00764864389714819
MDM_160526_PET05	PET	raw	class	Glycerophosphoinositols	Glycerophosphoinositols	pathway	Fatty acids	Fatty acids	Glycerophospholipids	Glycerophosphoinositols	NPC class: Glycerophosphoinositols / NPC pathway: Fatty acids	Glycerophosphoinositols	3	1440	9162254.4	22473036077.3	0.000407699892817544	kruskal_wallis	0.864301741471365	0.991701292638876	ns	0.000245297885861602	2.84268959938664e-05
MDM_160526_PET100	PET	raw	class	Glycerophosphoinositols	Glycerophosphoinositols	pathway	Fatty acids	Fatty acids	Glycerophospholipids	Glycerophosphoinositols	NPC class: Glycerophosphoinositols / NPC pathway: Fatty acids	Glycerophosphoinositols	3	1440	11006498.1	28244838693.3	0.00038968174750493	kruskal_wallis	0.864301741471365	0.991701292638876	ns	0.000245297885861602	2.84268959938664e-05
MDM_160526_PS05	PS	raw	class	Glycerophosphoinositols	Glycerophosphoinositols	pathway	Fatty acids	Fatty acids	Glycerophospholipids	Glycerophosphoinositols	NPC class: Glycerophosphoinositols / NPC pathway: Fatty acids	Glycerophosphoinositols	3	1440	10231534.1	20456769507.4	0.000500153951301981	kruskal_wallis	0.864301741471365	0.991701292638876	ns	0.000245297885861602	2.84268959938664e-05
MDM_160526_PS100	PS	raw	class	Glycerophosphoinositols	Glycerophosphoinositols	pathway	Fatty acids	Fatty acids	Glycerophospholipids	Glycerophosphoinositols	NPC class: Glycerophosphoinositols / NPC pathway: Fatty acids	Glycerophosphoinositols	3	1440	8953820.9	30211472297.4	0.000296371550908182	kruskal_wallis	0.864301741471365	0.991701292638876	ns	0.000245297885861602	2.84268959938664e-05
MDM_160526_untreated	Untreated	raw	class	Glycerophosphoinositols	Glycerophosphoinositols	pathway	Fatty acids	Fatty acids	Glycerophospholipids	Glycerophosphoinositols	NPC class: Glycerophosphoinositols / NPC pathway: Fatty acids	Glycerophosphoinositols	3	1440	10761670.6	26519025548.7	0.000405809428413464	kruskal_wallis	0.864301741471365	0.991701292638876	ns	0.000245297885861602	2.84268959938664e-05
MDM_A_190626_PET05	PET	raw	class	Glycerophosphoinositols	Glycerophosphoinositols	pathway	Fatty acids	Fatty acids	Glycerophospholipids	Glycerophosphoinositols	NPC class: Glycerophosphoinositols / NPC pathway: Fatty acids	Glycerophosphoinositols	3	1440	3041620.8	1459977984	0.00208333333333333	kruskal_wallis	0.864301741471365	0.991701292638876	ns	0.000245297885861602	2.84268959938664e-05
MDM_A_190626_PET100	PET	raw	class	Glycerophosphoinositols	Glycerophosphoinositols	pathway	Fatty acids	Fatty acids	Glycerophospholipids	Glycerophosphoinositols	NPC class: Glycerophosphoinositols / NPC pathway: Fatty acids	Glycerophosphoinositols	3	1440	7560250.4	38894935316.3	0.000194376217328009	kruskal_wallis	0.864301741471365	0.991701292638876	ns	0.000245297885861602	2.84268959938664e-05
MDM_A_190626_PS05	PS	raw	class	Glycerophosphoinositols	Glycerophosphoinositols	pathway	Fatty acids	Fatty acids	Glycerophospholipids	Glycerophosphoinositols	NPC class: Glycerophosphoinositols / NPC pathway: Fatty acids	Glycerophosphoinositols	3	1440	10482331.6	28257831826.4	0.000370953145464148	kruskal_wallis	0.864301741471365	0.991701292638876	ns	0.000245297885861602	2.84268959938664e-05
MDM_A_190626_PS100	PS	raw	class	Glycerophosphoinositols	Glycerophosphoinositols	pathway	Fatty acids	Fatty acids	Glycerophospholipids	Glycerophosphoinositols	NPC class: Glycerophosphoinositols / NPC pathway: Fatty acids	Glycerophosphoinositols	3	1440	8905474.6	25448591356.4	0.000349939785478947	kruskal_wallis	0.864301741471365	0.991701292638876	ns	0.000245297885861602	2.84268959938664e-05
MDM_A_190626_untreated	Untreated	raw	class	Glycerophosphoinositols	Glycerophosphoinositols	pathway	Fatty acids	Fatty acids	Glycerophospholipids	Glycerophosphoinositols	NPC class: Glycerophosphoinositols / NPC pathway: Fatty acids	Glycerophosphoinositols	3	1440	9516501.1	26876593288.9	0.000354081374737709	kruskal_wallis	0.864301741471365	0.991701292638876	ns	0.000245297885861602	2.84268959938664e-05
MDM_B_120626_PS05	PS	raw	class	Glycerophosphoinositols	Glycerophosphoinositols	pathway	Fatty acids	Fatty acids	Glycerophospholipids	Glycerophosphoinositols	NPC class: Glycerophosphoinositols / NPC pathway: Fatty acids	Glycerophosphoinositols	3	1440	10613956.1	26269246863.4	0.000404044933423198	kruskal_wallis	0.864301741471365	0.991701292638876	ns	0.000245297885861602	2.84268959938664e-05
MDM_B_190626_PET05	PET	raw	class	Glycerophosphoinositols	Glycerophosphoinositols	pathway	Fatty acids	Fatty acids	Glycerophospholipids	Glycerophosphoinositols	NPC class: Glycerophosphoinositols / NPC pathway: Fatty acids	Glycerophosphoinositols	3	1440	10428635.9	26270617827.66	0.000396969571420579	kruskal_wallis	0.864301741471365	0.991701292638876	ns	0.000245297885861602	2.84268959938664e-05
MDM_B_190626_PET100	PET	raw	class	Glycerophosphoinositols	Glycerophosphoinositols	pathway	Fatty acids	Fatty acids	Glycerophospholipids	Glycerophosphoinositols	NPC class: Glycerophosphoinositols / NPC pathway: Fatty acids	Glycerophosphoinositols	3	1440	8783565.9	29419865311.6	0.000298559011299644	kruskal_wallis	0.864301741471365	0.991701292638876	ns	0.000245297885861602	2.84268959938664e-05
MDM_B_190626_PS100	PS	raw	class	Glycerophosphoinositols	Glycerophosphoinositols	pathway	Fatty acids	Fatty acids	Glycerophospholipids	Glycerophosphoinositols	NPC class: Glycerophosphoinositols / NPC pathway: Fatty acids	Glycerophosphoinositols	3	1440	12003621.4	31808703086.2	0.000377369091957971	kruskal_wallis	0.864301741471365	0.991701292638876	ns	0.000245297885861602	2.84268959938664e-05
MDM_B_190626_untreated	Untreated	raw	class	Glycerophosphoinositols	Glycerophosphoinositols	pathway	Fatty acids	Fatty acids	Glycerophospholipids	Glycerophosphoinositols	NPC class: Glycerophosphoinositols / NPC pathway: Fatty acids	Glycerophosphoinositols	3	1440	9481289.3	23550848395.1	0.000402588014704926	kruskal_wallis	0.864301741471365	0.991701292638876	ns	0.000245297885861602	2.84268959938664e-05
MDM_160526_PET05	PET	raw	class	Glycerophosphoserines	Glycerophosphoserines	pathway	Fatty acids	Fatty acids	Glycerophospholipids	Glycerophosphoserines	NPC class: Glycerophosphoserines / NPC pathway: Fatty acids	Glycerophosphoserines	6	1440	8488810.3	22473036077.3	0.000377733131865282	kruskal_wallis	0.740818220681717	0.991701292638876	ns	0.000628541501884849	0.000202942227110925
MDM_160526_PET100	PET	raw	class	Glycerophosphoserines	Glycerophosphoserines	pathway	Fatty acids	Fatty acids	Glycerophospholipids	Glycerophosphoserines	NPC class: Glycerophosphoserines / NPC pathway: Fatty acids	Glycerophosphoserines	6	1440	22191800.7	28244838693.3	0.00078569401443472	kruskal_wallis	0.740818220681717	0.991701292638876	ns	0.000628541501884849	0.000202942227110925
MDM_160526_PS05	PS	raw	class	Glycerophosphoserines	Glycerophosphoserines	pathway	Fatty acids	Fatty acids	Glycerophospholipids	Glycerophosphoserines	NPC class: Glycerophosphoserines / NPC pathway: Fatty acids	Glycerophosphoserines	6	1440	7846555	20456769507.4	0.000383567649680053	kruskal_wallis	0.740818220681717	0.991701292638876	ns	0.000628541501884849	0.000202942227110925
MDM_160526_PS100	PS	raw	class	Glycerophosphoserines	Glycerophosphoserines	pathway	Fatty acids	Fatty acids	Glycerophospholipids	Glycerophosphoserines	NPC class: Glycerophosphoserines / NPC pathway: Fatty acids	Glycerophosphoserines	6	1440	10347744.1	30211472297.4	0.000342510421145232	kruskal_wallis	0.740818220681717	0.991701292638876	ns	0.000628541501884849	0.000202942227110925
MDM_160526_untreated	Untreated	raw	class	Glycerophosphoserines	Glycerophosphoserines	pathway	Fatty acids	Fatty acids	Glycerophospholipids	Glycerophosphoserines	NPC class: Glycerophosphoserines / NPC pathway: Fatty acids	Glycerophosphoserines	6	1440	7684338	26519025548.7	0.000289766982044206	kruskal_wallis	0.740818220681717	0.991701292638876	ns	0.000628541501884849	0.000202942227110925
MDM_A_190626_PET05	PET	raw	class	Glycerophosphoserines	Glycerophosphoserines	pathway	Fatty acids	Fatty acids	Glycerophospholipids	Glycerophosphoserines	NPC class: Glycerophosphoserines / NPC pathway: Fatty acids	Glycerophosphoserines	6	1440	6083241.6	1459977984	0.00416666666666667	kruskal_wallis	0.740818220681717	0.991701292638876	ns	0.000628541501884849	0.000202942227110925
MDM_A_190626_PET100	PET	raw	class	Glycerophosphoserines	Glycerophosphoserines	pathway	Fatty acids	Fatty acids	Glycerophospholipids	Glycerophosphoserines	NPC class: Glycerophosphoserines / NPC pathway: Fatty acids	Glycerophosphoserines	6	1440	19633061.6	38894935316.3	0.000504771673749827	kruskal_wallis	0.740818220681717	0.991701292638876	ns	0.000628541501884849	0.000202942227110925
MDM_A_190626_PS05	PS	raw	class	Glycerophosphoserines	Glycerophosphoserines	pathway	Fatty acids	Fatty acids	Glycerophospholipids	Glycerophosphoserines	NPC class: Glycerophosphoserines / NPC pathway: Fatty acids	Glycerophosphoserines	6	1440	14850342.1	28257831826.4	0.000525530132362314	kruskal_wallis	0.740818220681717	0.991701292638876	ns	0.000628541501884849	0.000202942227110925
MDM_A_190626_PS100	PS	raw	class	Glycerophosphoserines	Glycerophosphoserines	pathway	Fatty acids	Fatty acids	Glycerophospholipids	Glycerophosphoserines	NPC class: Glycerophosphoserines / NPC pathway: Fatty acids	Glycerophosphoserines	6	1440	24933148	25448591356.4	0.000979745701866898	kruskal_wallis	0.740818220681717	0.991701292638876	ns	0.000628541501884849	0.000202942227110925
MDM_A_190626_untreated	Untreated	raw	class	Glycerophosphoserines	Glycerophosphoserines	pathway	Fatty acids	Fatty acids	Glycerophospholipids	Glycerophosphoserines	NPC class: Glycerophosphoserines / NPC pathway: Fatty acids	Glycerophosphoserines	6	1440	22439559.3	26876593288.9	0.000834910848216299	kruskal_wallis	0.740818220681717	0.991701292638876	ns	0.000628541501884849	0.000202942227110925
MDM_B_120626_PS05	PS	raw	class	Glycerophosphoserines	Glycerophosphoserines	pathway	Fatty acids	Fatty acids	Glycerophospholipids	Glycerophosphoserines	NPC class: Glycerophosphoserines / NPC pathway: Fatty acids	Glycerophosphoserines	6	1440	6727061.4	26269246863.4	0.000256081243401484	kruskal_wallis	0.740818220681717	0.991701292638876	ns	0.000628541501884849	0.000202942227110925
MDM_B_190626_PET05	PET	raw	class	Glycerophosphoserines	Glycerophosphoserines	pathway	Fatty acids	Fatty acids	Glycerophospholipids	Glycerophosphoserines	NPC class: Glycerophosphoserines / NPC pathway: Fatty acids	Glycerophosphoserines	6	1440	7477311.5	26270617827.66	0.000284626404641585	kruskal_wallis	0.740818220681717	0.991701292638876	ns	0.000628541501884849	0.000202942227110925
MDM_B_190626_PET100	PET	raw	class	Glycerophosphoserines	Glycerophosphoserines	pathway	Fatty acids	Fatty acids	Glycerophospholipids	Glycerophosphoserines	NPC class: Glycerophosphoserines / NPC pathway: Fatty acids	Glycerophosphoserines	6	1440	16587332.5	29419865311.6	0.000563814019007754	kruskal_wallis	0.740818220681717	0.991701292638876	ns	0.000628541501884849	0.000202942227110925
MDM_B_190626_PS100	PS	raw	class	Glycerophosphoserines	Glycerophosphoserines	pathway	Fatty acids	Fatty acids	Glycerophospholipids	Glycerophosphoserines	NPC class: Glycerophosphoserines / NPC pathway: Fatty acids	Glycerophosphoserines	6	1440	16141120.3	31808703086.2	0.000507443521235631	kruskal_wallis	0.740818220681717	0.991701292638876	ns	0.000628541501884849	0.000202942227110925
MDM_B_190626_untreated	Untreated	raw	class	Glycerophosphoserines	Glycerophosphoserines	pathway	Fatty acids	Fatty acids	Glycerophospholipids	Glycerophosphoserines	NPC class: Glycerophosphoserines / NPC pathway: Fatty acids	Glycerophosphoserines	6	1440	7803588.2	23550848395.1	0.000331350619267865	kruskal_wallis	0.740818220681717	0.991701292638876	ns	0.000628541501884849	0.000202942227110925
MDM_160526_PET05	PET	raw	class	Hydrocarbons	Hydrocarbons	pathway	Fatty acids	Fatty acids	Fatty acyls	Hydrocarbons	NPC class: Hydrocarbons / NPC pathway: Fatty acids	Hydrocarbons	4	1440	90371567.6	22473036077.3	0.00402133326752785	kruskal_wallis	0.951229424500713	0.991701292638876	ns	0.000211330321592349	0.000461587525284528
MDM_160526_PET100	PET	raw	class	Hydrocarbons	Hydrocarbons	pathway	Fatty acids	Fatty acids	Fatty acyls	Hydrocarbons	NPC class: Hydrocarbons / NPC pathway: Fatty acids	Hydrocarbons	4	1440	102115915.6	28244838693.3	0.00361538321067569	kruskal_wallis	0.951229424500713	0.991701292638876	ns	0.000211330321592349	0.000461587525284528
MDM_160526_PS05	PS	raw	class	Hydrocarbons	Hydrocarbons	pathway	Fatty acids	Fatty acids	Fatty acyls	Hydrocarbons	NPC class: Hydrocarbons / NPC pathway: Fatty acids	Hydrocarbons	4	1440	92350790.6	20456769507.4	0.00451443667909506	kruskal_wallis	0.951229424500713	0.991701292638876	ns	0.000211330321592349	0.000461587525284528
MDM_160526_PS100	PS	raw	class	Hydrocarbons	Hydrocarbons	pathway	Fatty acids	Fatty acids	Fatty acyls	Hydrocarbons	NPC class: Hydrocarbons / NPC pathway: Fatty acids	Hydrocarbons	4	1440	84033807.6	30211472297.4	0.00278151977410356	kruskal_wallis	0.951229424500713	0.991701292638876	ns	0.000211330321592349	0.000461587525284528
MDM_160526_untreated	Untreated	raw	class	Hydrocarbons	Hydrocarbons	pathway	Fatty acids	Fatty acids	Fatty acyls	Hydrocarbons	NPC class: Hydrocarbons / NPC pathway: Fatty acids	Hydrocarbons	4	1440	94575933.6	26519025548.7	0.00356634271596138	kruskal_wallis	0.951229424500713	0.991701292638876	ns	0.000211330321592349	0.000461587525284528
MDM_A_190626_PET05	PET	raw	class	Hydrocarbons	Hydrocarbons	pathway	Fatty acids	Fatty acids	Fatty acyls	Hydrocarbons	NPC class: Hydrocarbons / NPC pathway: Fatty acids	Hydrocarbons	4	1440	4055494.4	1459977984	0.00277777777777778	kruskal_wallis	0.951229424500713	0.991701292638876	ns	0.000211330321592349	0.000461587525284528
MDM_A_190626_PET100	PET	raw	class	Hydrocarbons	Hydrocarbons	pathway	Fatty acids	Fatty acids	Fatty acyls	Hydrocarbons	NPC class: Hydrocarbons / NPC pathway: Fatty acids	Hydrocarbons	4	1440	67918329.2	38894935316.3	0.00174619982390193	kruskal_wallis	0.951229424500713	0.991701292638876	ns	0.000211330321592349	0.000461587525284528
MDM_A_190626_PS05	PS	raw	class	Hydrocarbons	Hydrocarbons	pathway	Fatty acids	Fatty acids	Fatty acyls	Hydrocarbons	NPC class: Hydrocarbons / NPC pathway: Fatty acids	Hydrocarbons	4	1440	72840109.6	28257831826.4	0.00257769633733713	kruskal_wallis	0.951229424500713	0.991701292638876	ns	0.000211330321592349	0.000461587525284528
MDM_A_190626_PS100	PS	raw	class	Hydrocarbons	Hydrocarbons	pathway	Fatty acids	Fatty acids	Fatty acyls	Hydrocarbons	NPC class: Hydrocarbons / NPC pathway: Fatty acids	Hydrocarbons	4	1440	71411881.1	25448591356.4	0.00280612314056592	kruskal_wallis	0.951229424500713	0.991701292638876	ns	0.000211330321592349	0.000461587525284528
MDM_A_190626_untreated	Untreated	raw	class	Hydrocarbons	Hydrocarbons	pathway	Fatty acids	Fatty acids	Fatty acyls	Hydrocarbons	NPC class: Hydrocarbons / NPC pathway: Fatty acids	Hydrocarbons	4	1440	70088852.1	26876593288.9	0.00260780268342069	kruskal_wallis	0.951229424500713	0.991701292638876	ns	0.000211330321592349	0.000461587525284528
MDM_B_120626_PS05	PS	raw	class	Hydrocarbons	Hydrocarbons	pathway	Fatty acids	Fatty acids	Fatty acyls	Hydrocarbons	NPC class: Hydrocarbons / NPC pathway: Fatty acids	Hydrocarbons	4	1440	89404419.6	26269246863.4	0.00340338724078778	kruskal_wallis	0.951229424500713	0.991701292638876	ns	0.000211330321592349	0.000461587525284528
MDM_B_190626_PET05	PET	raw	class	Hydrocarbons	Hydrocarbons	pathway	Fatty acids	Fatty acids	Fatty acyls	Hydrocarbons	NPC class: Hydrocarbons / NPC pathway: Fatty acids	Hydrocarbons	4	1440	77170955.6	26270617827.66	0.00293753866415535	kruskal_wallis	0.951229424500713	0.991701292638876	ns	0.000211330321592349	0.000461587525284528
MDM_B_190626_PET100	PET	raw	class	Hydrocarbons	Hydrocarbons	pathway	Fatty acids	Fatty acids	Fatty acyls	Hydrocarbons	NPC class: Hydrocarbons / NPC pathway: Fatty acids	Hydrocarbons	4	1440	97152061.6	29419865311.6	0.00330226058382714	kruskal_wallis	0.951229424500713	0.991701292638876	ns	0.000211330321592349	0.000461587525284528
MDM_B_190626_PS100	PS	raw	class	Hydrocarbons	Hydrocarbons	pathway	Fatty acids	Fatty acids	Fatty acyls	Hydrocarbons	NPC class: Hydrocarbons / NPC pathway: Fatty acids	Hydrocarbons	4	1440	114044127.6	31808703086.2	0.00358531208553037	kruskal_wallis	0.951229424500713	0.991701292638876	ns	0.000211330321592349	0.000461587525284528
MDM_B_190626_untreated	Untreated	raw	class	Hydrocarbons	Hydrocarbons	pathway	Fatty acids	Fatty acids	Fatty acyls	Hydrocarbons	NPC class: Hydrocarbons / NPC pathway: Fatty acids	Hydrocarbons	4	1440	85610021.1	23550848395.1	0.00363511410135917	kruskal_wallis	0.951229424500713	0.991701292638876	ns	0.000211330321592349	0.000461587525284528
MDM_160526_PET05	PET	raw	class	Hydroxy fatty acids	Hydroxy fatty acids	pathway	Fatty acids	Fatty acids	Fatty Acids and Conjugates	Hydroxy fatty acids	NPC class: Hydroxy fatty acids / NPC pathway: Fatty acids	Hydroxy fatty acids	5	1440	5069368	22473036077.3	0.000225575573436674	kruskal_wallis	0.434598208507079	0.991701292638876	ns	0.000742407194381846	0.000245434690183853
MDM_160526_PET100	PET	raw	class	Hydroxy fatty acids	Hydroxy fatty acids	pathway	Fatty acids	Fatty acids	Fatty Acids and Conjugates	Hydroxy fatty acids	NPC class: Hydroxy fatty acids / NPC pathway: Fatty acids	Hydroxy fatty acids	5	1440	5069368	28244838693.3	0.000179479445963432	kruskal_wallis	0.434598208507079	0.991701292638876	ns	0.000742407194381846	0.000245434690183853
MDM_160526_PS05	PS	raw	class	Hydroxy fatty acids	Hydroxy fatty acids	pathway	Fatty acids	Fatty acids	Fatty Acids and Conjugates	Hydroxy fatty acids	NPC class: Hydroxy fatty acids / NPC pathway: Fatty acids	Hydroxy fatty acids	5	1440	5069368	20456769507.4	0.000247808824270431	kruskal_wallis	0.434598208507079	0.991701292638876	ns	0.000742407194381846	0.000245434690183853
MDM_160526_PS100	PS	raw	class	Hydroxy fatty acids	Hydroxy fatty acids	pathway	Fatty acids	Fatty acids	Fatty Acids and Conjugates	Hydroxy fatty acids	NPC class: Hydroxy fatty acids / NPC pathway: Fatty acids	Hydroxy fatty acids	5	1440	5069368	30211472297.4	0.000167796125594193	kruskal_wallis	0.434598208507079	0.991701292638876	ns	0.000742407194381846	0.000245434690183853
MDM_160526_untreated	Untreated	raw	class	Hydroxy fatty acids	Hydroxy fatty acids	pathway	Fatty acids	Fatty acids	Fatty Acids and Conjugates	Hydroxy fatty acids	NPC class: Hydroxy fatty acids / NPC pathway: Fatty acids	Hydroxy fatty acids	5	1440	5069368	26519025548.7	0.000191159663491048	kruskal_wallis	0.434598208507079	0.991701292638876	ns	0.000742407194381846	0.000245434690183853
MDM_A_190626_PET05	PET	raw	class	Hydroxy fatty acids	Hydroxy fatty acids	pathway	Fatty acids	Fatty acids	Fatty Acids and Conjugates	Hydroxy fatty acids	NPC class: Hydroxy fatty acids / NPC pathway: Fatty acids	Hydroxy fatty acids	5	1440	5069368	1459977984	0.00347222222222222	kruskal_wallis	0.434598208507079	0.991701292638876	ns	0.000742407194381846	0.000245434690183853
MDM_A_190626_PET100	PET	raw	class	Hydroxy fatty acids	Hydroxy fatty acids	pathway	Fatty acids	Fatty acids	Fatty Acids and Conjugates	Hydroxy fatty acids	NPC class: Hydroxy fatty acids / NPC pathway: Fatty acids	Hydroxy fatty acids	5	1440	58512350	38894935316.3	0.00150436938702091	kruskal_wallis	0.434598208507079	0.991701292638876	ns	0.000742407194381846	0.000245434690183853
MDM_A_190626_PS05	PS	raw	class	Hydroxy fatty acids	Hydroxy fatty acids	pathway	Fatty acids	Fatty acids	Fatty Acids and Conjugates	Hydroxy fatty acids	NPC class: Hydroxy fatty acids / NPC pathway: Fatty acids	Hydroxy fatty acids	5	1440	20835843.5	28257831826.4	0.000737347565375983	kruskal_wallis	0.434598208507079	0.991701292638876	ns	0.000742407194381846	0.000245434690183853
MDM_A_190626_PS100	PS	raw	class	Hydroxy fatty acids	Hydroxy fatty acids	pathway	Fatty acids	Fatty acids	Fatty Acids and Conjugates	Hydroxy fatty acids	NPC class: Hydroxy fatty acids / NPC pathway: Fatty acids	Hydroxy fatty acids	5	1440	5219338.9	25448591356.4	0.000205093430394818	kruskal_wallis	0.434598208507079	0.991701292638876	ns	0.000742407194381846	0.000245434690183853
MDM_A_190626_untreated	Untreated	raw	class	Hydroxy fatty acids	Hydroxy fatty acids	pathway	Fatty acids	Fatty acids	Fatty Acids and Conjugates	Hydroxy fatty acids	NPC class: Hydroxy fatty acids / NPC pathway: Fatty acids	Hydroxy fatty acids	5	1440	18451437.4	26876593288.9	0.000686524411842792	kruskal_wallis	0.434598208507079	0.991701292638876	ns	0.000742407194381846	0.000245434690183853
MDM_B_120626_PS05	PS	raw	class	Hydroxy fatty acids	Hydroxy fatty acids	pathway	Fatty acids	Fatty acids	Fatty Acids and Conjugates	Hydroxy fatty acids	NPC class: Hydroxy fatty acids / NPC pathway: Fatty acids	Hydroxy fatty acids	5	1440	8235124.2	26269246863.4	0.000313489162548992	kruskal_wallis	0.434598208507079	0.991701292638876	ns	0.000742407194381846	0.000245434690183853
MDM_B_190626_PET05	PET	raw	class	Hydroxy fatty acids	Hydroxy fatty acids	pathway	Fatty acids	Fatty acids	Fatty Acids and Conjugates	Hydroxy fatty acids	NPC class: Hydroxy fatty acids / NPC pathway: Fatty acids	Hydroxy fatty acids	5	1440	15075330.8	26270617827.66	0.000573847592732569	kruskal_wallis	0.434598208507079	0.991701292638876	ns	0.000742407194381846	0.000245434690183853
MDM_B_190626_PET100	PET	raw	class	Hydroxy fatty acids	Hydroxy fatty acids	pathway	Fatty acids	Fatty acids	Fatty Acids and Conjugates	Hydroxy fatty acids	NPC class: Hydroxy fatty acids / NPC pathway: Fatty acids	Hydroxy fatty acids	5	1440	10883115.5	29419865311.6	0.000369924042300387	kruskal_wallis	0.434598208507079	0.991701292638876	ns	0.000742407194381846	0.000245434690183853
MDM_B_190626_PS100	PS	raw	class	Hydroxy fatty acids	Hydroxy fatty acids	pathway	Fatty acids	Fatty acids	Fatty Acids and Conjugates	Hydroxy fatty acids	NPC class: Hydroxy fatty acids / NPC pathway: Fatty acids	Hydroxy fatty acids	5	1440	6343927.4	31808703086.2	0.0001994399892007	kruskal_wallis	0.434598208507079	0.991701292638876	ns	0.000742407194381846	0.000245434690183853
MDM_B_190626_untreated	Untreated	raw	class	Hydroxy fatty acids	Hydroxy fatty acids	pathway	Fatty acids	Fatty acids	Fatty Acids and Conjugates	Hydroxy fatty acids	NPC class: Hydroxy fatty acids / NPC pathway: Fatty acids	Hydroxy fatty acids	5	1440	7654226.6	23550848395.1	0.00032500852927203	kruskal_wallis	0.434598208507079	0.991701292638876	ns	0.000742407194381846	0.000245434690183853
MDM_160526_PET05	PET	raw	class	Imidazole alkaloids	Imidazole alkaloids	pathway	Alkaloids	Alkaloids	Histidine alkaloids	Imidazole alkaloids	NPC class: Imidazole alkaloids / NPC pathway: Alkaloids	Imidazole alkaloids	1	93	1013873.6	550808546.9	0.00184070055867174	kruskal_wallis	0.756413823738094	0.991701292638876	ns	0.00162067053641661	0.000476250529623785
MDM_160526_PET100	PET	raw	class	Imidazole alkaloids	Imidazole alkaloids	pathway	Alkaloids	Alkaloids	Histidine alkaloids	Imidazole alkaloids	NPC class: Imidazole alkaloids / NPC pathway: Alkaloids	Imidazole alkaloids	1	93	1013873.6	583831736.5	0.00173658528068044	kruskal_wallis	0.756413823738094	0.991701292638876	ns	0.00162067053641661	0.000476250529623785
MDM_160526_PS05	PS	raw	class	Imidazole alkaloids	Imidazole alkaloids	pathway	Alkaloids	Alkaloids	Histidine alkaloids	Imidazole alkaloids	NPC class: Imidazole alkaloids / NPC pathway: Alkaloids	Imidazole alkaloids	1	93	1013873.6	638209892.3	0.00158862094153096	kruskal_wallis	0.756413823738094	0.991701292638876	ns	0.00162067053641661	0.000476250529623785
MDM_160526_PS100	PS	raw	class	Imidazole alkaloids	Imidazole alkaloids	pathway	Alkaloids	Alkaloids	Histidine alkaloids	Imidazole alkaloids	NPC class: Imidazole alkaloids / NPC pathway: Alkaloids	Imidazole alkaloids	1	93	1013873.6	597964616.7	0.00169554112682333	kruskal_wallis	0.756413823738094	0.991701292638876	ns	0.00162067053641661	0.000476250529623785
MDM_160526_untreated	Untreated	raw	class	Imidazole alkaloids	Imidazole alkaloids	pathway	Alkaloids	Alkaloids	Histidine alkaloids	Imidazole alkaloids	NPC class: Imidazole alkaloids / NPC pathway: Alkaloids	Imidazole alkaloids	1	93	1013873.6	704625527.6	0.00143888286797289	kruskal_wallis	0.756413823738094	0.991701292638876	ns	0.00162067053641661	0.000476250529623785
MDM_A_190626_PET05	PET	raw	class	Imidazole alkaloids	Imidazole alkaloids	pathway	Alkaloids	Alkaloids	Histidine alkaloids	Imidazole alkaloids	NPC class: Imidazole alkaloids / NPC pathway: Alkaloids	Imidazole alkaloids	1	93	1013873.6	94290244.8	0.010752688172043	kruskal_wallis	0.756413823738094	0.991701292638876	ns	0.00162067053641661	0.000476250529623785
MDM_A_190626_PET100	PET	raw	class	Imidazole alkaloids	Imidazole alkaloids	pathway	Alkaloids	Alkaloids	Histidine alkaloids	Imidazole alkaloids	NPC class: Imidazole alkaloids / NPC pathway: Alkaloids	Imidazole alkaloids	1	93	1013873.6	1952488677.2	0.000519272460751969	kruskal_wallis	0.756413823738094	0.991701292638876	ns	0.00162067053641661	0.000476250529623785
MDM_A_190626_PS05	PS	raw	class	Imidazole alkaloids	Imidazole alkaloids	pathway	Alkaloids	Alkaloids	Histidine alkaloids	Imidazole alkaloids	NPC class: Imidazole alkaloids / NPC pathway: Alkaloids	Imidazole alkaloids	1	93	1013873.6	1946448747.8	0.000520883789591657	kruskal_wallis	0.756413823738094	0.991701292638876	ns	0.00162067053641661	0.000476250529623785
MDM_A_190626_PS100	PS	raw	class	Imidazole alkaloids	Imidazole alkaloids	pathway	Alkaloids	Alkaloids	Histidine alkaloids	Imidazole alkaloids	NPC class: Imidazole alkaloids / NPC pathway: Alkaloids	Imidazole alkaloids	1	93	1013873.6	599674082.7	0.00169070771815765	kruskal_wallis	0.756413823738094	0.991701292638876	ns	0.00162067053641661	0.000476250529623785
MDM_A_190626_untreated	Untreated	raw	class	Imidazole alkaloids	Imidazole alkaloids	pathway	Alkaloids	Alkaloids	Histidine alkaloids	Imidazole alkaloids	NPC class: Imidazole alkaloids / NPC pathway: Alkaloids	Imidazole alkaloids	1	93	1013873.6	1543184201	0.000657001023820098	kruskal_wallis	0.756413823738094	0.991701292638876	ns	0.00162067053641661	0.000476250529623785
MDM_B_120626_PS05	PS	raw	class	Imidazole alkaloids	Imidazole alkaloids	pathway	Alkaloids	Alkaloids	Histidine alkaloids	Imidazole alkaloids	NPC class: Imidazole alkaloids / NPC pathway: Alkaloids	Imidazole alkaloids	1	93	1013873.6	1284156567.2	0.000789524911444926	kruskal_wallis	0.756413823738094	0.991701292638876	ns	0.00162067053641661	0.000476250529623785
MDM_B_190626_PET05	PET	raw	class	Imidazole alkaloids	Imidazole alkaloids	pathway	Alkaloids	Alkaloids	Histidine alkaloids	Imidazole alkaloids	NPC class: Imidazole alkaloids / NPC pathway: Alkaloids	Imidazole alkaloids	1	93	1013873.6	1568991523.9	0.000646194440540916	kruskal_wallis	0.756413823738094	0.991701292638876	ns	0.00162067053641661	0.000476250529623785
MDM_B_190626_PET100	PET	raw	class	Imidazole alkaloids	Imidazole alkaloids	pathway	Alkaloids	Alkaloids	Histidine alkaloids	Imidazole alkaloids	NPC class: Imidazole alkaloids / NPC pathway: Alkaloids	Imidazole alkaloids	1	93	1013873.6	1356937732.2	0.000747177689838582	kruskal_wallis	0.756413823738094	0.991701292638876	ns	0.00162067053641661	0.000476250529623785
MDM_B_190626_PS100	PS	raw	class	Imidazole alkaloids	Imidazole alkaloids	pathway	Alkaloids	Alkaloids	Histidine alkaloids	Imidazole alkaloids	NPC class: Imidazole alkaloids / NPC pathway: Alkaloids	Imidazole alkaloids	1	93	1013873.6	538597945.3	0.00188243124365295	kruskal_wallis	0.756413823738094	0.991701292638876	ns	0.00162067053641661	0.000476250529623785
MDM_B_190626_untreated	Untreated	raw	class	Imidazole alkaloids	Imidazole alkaloids	pathway	Alkaloids	Alkaloids	Histidine alkaloids	Imidazole alkaloids	NPC class: Imidazole alkaloids / NPC pathway: Alkaloids	Imidazole alkaloids	1	93	1013873.6	871464306	0.00116341380022052	kruskal_wallis	0.756413823738094	0.991701292638876	ns	0.00162067053641661	0.000476250529623785
MDM_160526_PET05	PET	raw	class	Isoquinoline alkaloids	Isoquinoline alkaloids	pathway	Alkaloids	Alkaloids	Tyrosine alkaloids	Isoquinoline alkaloids	NPC class: Isoquinoline alkaloids / NPC pathway: Alkaloids	Isoquinoline alkaloids	8	93	8110988.8	550808546.9	0.0147256044693739	kruskal_wallis	0.893597347108515	0.991701292638876	ns	0.0182092177378009	0.091891554856262
MDM_160526_PET100	PET	raw	class	Isoquinoline alkaloids	Isoquinoline alkaloids	pathway	Alkaloids	Alkaloids	Tyrosine alkaloids	Isoquinoline alkaloids	NPC class: Isoquinoline alkaloids / NPC pathway: Alkaloids	Isoquinoline alkaloids	8	93	8110988.8	583831736.5	0.0138926822454435	kruskal_wallis	0.893597347108515	0.991701292638876	ns	0.0182092177378009	0.091891554856262
MDM_160526_PS05	PS	raw	class	Isoquinoline alkaloids	Isoquinoline alkaloids	pathway	Alkaloids	Alkaloids	Tyrosine alkaloids	Isoquinoline alkaloids	NPC class: Isoquinoline alkaloids / NPC pathway: Alkaloids	Isoquinoline alkaloids	8	93	8110988.8	638209892.3	0.0127089675322477	kruskal_wallis	0.893597347108515	0.991701292638876	ns	0.0182092177378009	0.091891554856262
MDM_160526_PS100	PS	raw	class	Isoquinoline alkaloids	Isoquinoline alkaloids	pathway	Alkaloids	Alkaloids	Tyrosine alkaloids	Isoquinoline alkaloids	NPC class: Isoquinoline alkaloids / NPC pathway: Alkaloids	Isoquinoline alkaloids	8	93	8110988.8	597964616.7	0.0135643290145867	kruskal_wallis	0.893597347108515	0.991701292638876	ns	0.0182092177378009	0.091891554856262
MDM_160526_untreated	Untreated	raw	class	Isoquinoline alkaloids	Isoquinoline alkaloids	pathway	Alkaloids	Alkaloids	Tyrosine alkaloids	Isoquinoline alkaloids	NPC class: Isoquinoline alkaloids / NPC pathway: Alkaloids	Isoquinoline alkaloids	8	93	8110988.8	704625527.6	0.0115110629437831	kruskal_wallis	0.893597347108515	0.991701292638876	ns	0.0182092177378009	0.091891554856262
MDM_A_190626_PET05	PET	raw	class	Isoquinoline alkaloids	Isoquinoline alkaloids	pathway	Alkaloids	Alkaloids	Tyrosine alkaloids	Isoquinoline alkaloids	NPC class: Isoquinoline alkaloids / NPC pathway: Alkaloids	Isoquinoline alkaloids	8	93	8110988.8	94290244.8	0.0860215053763441	kruskal_wallis	0.893597347108515	0.991701292638876	ns	0.0182092177378009	0.091891554856262
MDM_A_190626_PET100	PET	raw	class	Isoquinoline alkaloids	Isoquinoline alkaloids	pathway	Alkaloids	Alkaloids	Tyrosine alkaloids	Isoquinoline alkaloids	NPC class: Isoquinoline alkaloids / NPC pathway: Alkaloids	Isoquinoline alkaloids	8	93	575941992.5	1952488677.2	0.294978403319572	kruskal_wallis	0.893597347108515	0.991701292638876	ns	0.0182092177378009	0.091891554856262
MDM_A_190626_PS05	PS	raw	class	Isoquinoline alkaloids	Isoquinoline alkaloids	pathway	Alkaloids	Alkaloids	Tyrosine alkaloids	Isoquinoline alkaloids	NPC class: Isoquinoline alkaloids / NPC pathway: Alkaloids	Isoquinoline alkaloids	8	93	622492483.2	1946448747.8	0.319809336826146	kruskal_wallis	0.893597347108515	0.991701292638876	ns	0.0182092177378009	0.091891554856262
MDM_A_190626_PS100	PS	raw	class	Isoquinoline alkaloids	Isoquinoline alkaloids	pathway	Alkaloids	Alkaloids	Tyrosine alkaloids	Isoquinoline alkaloids	NPC class: Isoquinoline alkaloids / NPC pathway: Alkaloids	Isoquinoline alkaloids	8	93	99750191	599674082.7	0.16634067383883	kruskal_wallis	0.893597347108515	0.991701292638876	ns	0.0182092177378009	0.091891554856262
MDM_A_190626_untreated	Untreated	raw	class	Isoquinoline alkaloids	Isoquinoline alkaloids	pathway	Alkaloids	Alkaloids	Tyrosine alkaloids	Isoquinoline alkaloids	NPC class: Isoquinoline alkaloids / NPC pathway: Alkaloids	Isoquinoline alkaloids	8	93	444832136.3	1543184201	0.288256020254578	kruskal_wallis	0.893597347108515	0.991701292638876	ns	0.0182092177378009	0.091891554856262
MDM_B_120626_PS05	PS	raw	class	Isoquinoline alkaloids	Isoquinoline alkaloids	pathway	Alkaloids	Alkaloids	Tyrosine alkaloids	Isoquinoline alkaloids	NPC class: Isoquinoline alkaloids / NPC pathway: Alkaloids	Isoquinoline alkaloids	8	93	447813911	1284156567.2	0.348722206028524	kruskal_wallis	0.893597347108515	0.991701292638876	ns	0.0182092177378009	0.091891554856262
MDM_B_190626_PET05	PET	raw	class	Isoquinoline alkaloids	Isoquinoline alkaloids	pathway	Alkaloids	Alkaloids	Tyrosine alkaloids	Isoquinoline alkaloids	NPC class: Isoquinoline alkaloids / NPC pathway: Alkaloids	Isoquinoline alkaloids	8	93	439403915.7	1568991523.9	0.280054996478111	kruskal_wallis	0.893597347108515	0.991701292638876	ns	0.0182092177378009	0.091891554856262
MDM_B_190626_PET100	PET	raw	class	Isoquinoline alkaloids	Isoquinoline alkaloids	pathway	Alkaloids	Alkaloids	Tyrosine alkaloids	Isoquinoline alkaloids	NPC class: Isoquinoline alkaloids / NPC pathway: Alkaloids	Isoquinoline alkaloids	8	93	402576756	1356937732.2	0.296680346081396	kruskal_wallis	0.893597347108515	0.991701292638876	ns	0.0182092177378009	0.091891554856262
MDM_B_190626_PS100	PS	raw	class	Isoquinoline alkaloids	Isoquinoline alkaloids	pathway	Alkaloids	Alkaloids	Tyrosine alkaloids	Isoquinoline alkaloids	NPC class: Isoquinoline alkaloids / NPC pathway: Alkaloids	Isoquinoline alkaloids	8	93	8592101.3	538597945.3	0.0159527183031012	kruskal_wallis	0.893597347108515	0.991701292638876	ns	0.0182092177378009	0.091891554856262
MDM_B_190626_untreated	Untreated	raw	class	Isoquinoline alkaloids	Isoquinoline alkaloids	pathway	Alkaloids	Alkaloids	Tyrosine alkaloids	Isoquinoline alkaloids	NPC class: Isoquinoline alkaloids / NPC pathway: Alkaloids	Isoquinoline alkaloids	8	93	153257716	871464306	0.175862298598837	kruskal_wallis	0.893597347108515	0.991701292638876	ns	0.0182092177378009	0.091891554856262
MDM_160526_PET05	PET	raw	class	Jasmonic acids	Jasmonic acids	pathway	Fatty acids	Fatty acids	Octadecanoids	Jasmonic acids	NPC class: Jasmonic acids / NPC pathway: Fatty acids	Jasmonic acids	2	1440	49311341.5	22473036077.3	0.0021942447531515	kruskal_wallis	0.864301741471365	0.991701292638876	ns	0.000199127350405732	0.0004624733076363
MDM_160526_PET100	PET	raw	class	Jasmonic acids	Jasmonic acids	pathway	Fatty acids	Fatty acids	Octadecanoids	Jasmonic acids	NPC class: Jasmonic acids / NPC pathway: Fatty acids	Jasmonic acids	2	1440	45996741	28244838693.3	0.00162850075015337	kruskal_wallis	0.864301741471365	0.991701292638876	ns	0.000199127350405732	0.0004624733076363
MDM_160526_PS05	PS	raw	class	Jasmonic acids	Jasmonic acids	pathway	Fatty acids	Fatty acids	Octadecanoids	Jasmonic acids	NPC class: Jasmonic acids / NPC pathway: Fatty acids	Jasmonic acids	2	1440	36023044	20456769507.4	0.00176093512648559	kruskal_wallis	0.864301741471365	0.991701292638876	ns	0.000199127350405732	0.0004624733076363
MDM_160526_PS100	PS	raw	class	Jasmonic acids	Jasmonic acids	pathway	Fatty acids	Fatty acids	Octadecanoids	Jasmonic acids	NPC class: Jasmonic acids / NPC pathway: Fatty acids	Jasmonic acids	2	1440	37951206	30211472297.4	0.00125618525394627	kruskal_wallis	0.864301741471365	0.991701292638876	ns	0.000199127350405732	0.0004624733076363
MDM_160526_untreated	Untreated	raw	class	Jasmonic acids	Jasmonic acids	pathway	Fatty acids	Fatty acids	Octadecanoids	Jasmonic acids	NPC class: Jasmonic acids / NPC pathway: Fatty acids	Jasmonic acids	2	1440	62454396	26519025548.7	0.0023550788427466	kruskal_wallis	0.864301741471365	0.991701292638876	ns	0.000199127350405732	0.0004624733076363
MDM_A_190626_PET05	PET	raw	class	Jasmonic acids	Jasmonic acids	pathway	Fatty acids	Fatty acids	Octadecanoids	Jasmonic acids	NPC class: Jasmonic acids / NPC pathway: Fatty acids	Jasmonic acids	2	1440	2027747.2	1459977984	0.00138888888888889	kruskal_wallis	0.864301741471365	0.991701292638876	ns	0.000199127350405732	0.0004624733076363
MDM_A_190626_PET100	PET	raw	class	Jasmonic acids	Jasmonic acids	pathway	Fatty acids	Fatty acids	Octadecanoids	Jasmonic acids	NPC class: Jasmonic acids / NPC pathway: Fatty acids	Jasmonic acids	2	1440	11902770	38894935316.3	0.000306023648148653	kruskal_wallis	0.864301741471365	0.991701292638876	ns	0.000199127350405732	0.0004624733076363
MDM_A_190626_PS05	PS	raw	class	Jasmonic acids	Jasmonic acids	pathway	Fatty acids	Fatty acids	Octadecanoids	Jasmonic acids	NPC class: Jasmonic acids / NPC pathway: Fatty acids	Jasmonic acids	2	1440	10237276.5	28257831826.4	0.000362281032843991	kruskal_wallis	0.864301741471365	0.991701292638876	ns	0.000199127350405732	0.0004624733076363
MDM_A_190626_PS100	PS	raw	class	Jasmonic acids	Jasmonic acids	pathway	Fatty acids	Fatty acids	Octadecanoids	Jasmonic acids	NPC class: Jasmonic acids / NPC pathway: Fatty acids	Jasmonic acids	2	1440	6391810.6	25448591356.4	0.000251165595395226	kruskal_wallis	0.864301741471365	0.991701292638876	ns	0.000199127350405732	0.0004624733076363
MDM_A_190626_untreated	Untreated	raw	class	Jasmonic acids	Jasmonic acids	pathway	Fatty acids	Fatty acids	Octadecanoids	Jasmonic acids	NPC class: Jasmonic acids / NPC pathway: Fatty acids	Jasmonic acids	2	1440	9742815.1	26876593288.9	0.000362501861574241	kruskal_wallis	0.864301741471365	0.991701292638876	ns	0.000199127350405732	0.0004624733076363
MDM_B_120626_PS05	PS	raw	class	Jasmonic acids	Jasmonic acids	pathway	Fatty acids	Fatty acids	Octadecanoids	Jasmonic acids	NPC class: Jasmonic acids / NPC pathway: Fatty acids	Jasmonic acids	2	1440	41557928	26269246863.4	0.0015819992181771	kruskal_wallis	0.864301741471365	0.991701292638876	ns	0.000199127350405732	0.0004624733076363
MDM_B_190626_PET05	PET	raw	class	Jasmonic acids	Jasmonic acids	pathway	Fatty acids	Fatty acids	Octadecanoids	Jasmonic acids	NPC class: Jasmonic acids / NPC pathway: Fatty acids	Jasmonic acids	2	1440	7840641.2	26270617827.66	0.00029845667320944	kruskal_wallis	0.864301741471365	0.991701292638876	ns	0.000199127350405732	0.0004624733076363
MDM_B_190626_PET100	PET	raw	class	Jasmonic acids	Jasmonic acids	pathway	Fatty acids	Fatty acids	Octadecanoids	Jasmonic acids	NPC class: Jasmonic acids / NPC pathway: Fatty acids	Jasmonic acids	2	1440	33971882.5	29419865311.6	0.00115472596968706	kruskal_wallis	0.864301741471365	0.991701292638876	ns	0.000199127350405732	0.0004624733076363
MDM_B_190626_PS100	PS	raw	class	Jasmonic acids	Jasmonic acids	pathway	Fatty acids	Fatty acids	Octadecanoids	Jasmonic acids	NPC class: Jasmonic acids / NPC pathway: Fatty acids	Jasmonic acids	2	1440	20564305	31808703086.2	0.000646499322662473	kruskal_wallis	0.864301741471365	0.991701292638876	ns	0.000199127350405732	0.0004624733076363
MDM_B_190626_untreated	Untreated	raw	class	Jasmonic acids	Jasmonic acids	pathway	Fatty acids	Fatty acids	Octadecanoids	Jasmonic acids	NPC class: Jasmonic acids / NPC pathway: Fatty acids	Jasmonic acids	2	1440	19060505.2	23550848395.1	0.000809334121651674	kruskal_wallis	0.864301741471365	0.991701292638876	ns	0.000199127350405732	0.0004624733076363
MDM_160526_PET05	PET	raw	class	Lactones	Lactones	pathway	Fatty acids	Fatty acids	Fatty esters	Lactones	NPC class: Lactones / NPC pathway: Fatty acids	Lactones	1	1440	4142438.2	22473036077.3	0.00018432926400115	kruskal_wallis	0.482310748291278	0.991701292638876	ns	0.000129492342992348	9.88002380270258e-05
MDM_160526_PET100	PET	raw	class	Lactones	Lactones	pathway	Fatty acids	Fatty acids	Fatty esters	Lactones	NPC class: Lactones / NPC pathway: Fatty acids	Lactones	1	1440	2320587.2	28244838693.3	8.21596903136314e-05	kruskal_wallis	0.482310748291278	0.991701292638876	ns	0.000129492342992348	9.88002380270258e-05
MDM_160526_PS05	PS	raw	class	Lactones	Lactones	pathway	Fatty acids	Fatty acids	Fatty esters	Lactones	NPC class: Lactones / NPC pathway: Fatty acids	Lactones	1	1440	2091348.8	20456769507.4	0.000102232603209587	kruskal_wallis	0.482310748291278	0.991701292638876	ns	0.000129492342992348	9.88002380270258e-05
MDM_160526_PS100	PS	raw	class	Lactones	Lactones	pathway	Fatty acids	Fatty acids	Fatty esters	Lactones	NPC class: Lactones / NPC pathway: Fatty acids	Lactones	1	1440	2934812.2	30211472297.4	9.71423097527283e-05	kruskal_wallis	0.482310748291278	0.991701292638876	ns	0.000129492342992348	9.88002380270258e-05
MDM_160526_untreated	Untreated	raw	class	Lactones	Lactones	pathway	Fatty acids	Fatty acids	Fatty esters	Lactones	NPC class: Lactones / NPC pathway: Fatty acids	Lactones	1	1440	8617500	26519025548.7	0.000324955379079622	kruskal_wallis	0.482310748291278	0.991701292638876	ns	0.000129492342992348	9.88002380270258e-05
MDM_A_190626_PET05	PET	raw	class	Lactones	Lactones	pathway	Fatty acids	Fatty acids	Fatty esters	Lactones	NPC class: Lactones / NPC pathway: Fatty acids	Lactones	1	1440	1013873.6	1459977984	0.000694444444444444	kruskal_wallis	0.482310748291278	0.991701292638876	ns	0.000129492342992348	9.88002380270258e-05
MDM_A_190626_PET100	PET	raw	class	Lactones	Lactones	pathway	Fatty acids	Fatty acids	Fatty esters	Lactones	NPC class: Lactones / NPC pathway: Fatty acids	Lactones	1	1440	12410359	38894935316.3	0.000319073907671447	kruskal_wallis	0.482310748291278	0.991701292638876	ns	0.000129492342992348	9.88002380270258e-05
MDM_A_190626_PS05	PS	raw	class	Lactones	Lactones	pathway	Fatty acids	Fatty acids	Fatty esters	Lactones	NPC class: Lactones / NPC pathway: Fatty acids	Lactones	1	1440	1013873.6	28257831826.4	3.5879384031608e-05	kruskal_wallis	0.482310748291278	0.991701292638876	ns	0.000129492342992348	9.88002380270258e-05
MDM_A_190626_PS100	PS	raw	class	Lactones	Lactones	pathway	Fatty acids	Fatty acids	Fatty esters	Lactones	NPC class: Lactones / NPC pathway: Fatty acids	Lactones	1	1440	6525771.5	25448591356.4	0.000256429576341122	kruskal_wallis	0.482310748291278	0.991701292638876	ns	0.000129492342992348	9.88002380270258e-05
MDM_A_190626_untreated	Untreated	raw	class	Lactones	Lactones	pathway	Fatty acids	Fatty acids	Fatty esters	Lactones	NPC class: Lactones / NPC pathway: Fatty acids	Lactones	1	1440	1013873.6	26876593288.9	3.77232928705562e-05	kruskal_wallis	0.482310748291278	0.991701292638876	ns	0.000129492342992348	9.88002380270258e-05
MDM_B_120626_PS05	PS	raw	class	Lactones	Lactones	pathway	Fatty acids	Fatty acids	Fatty esters	Lactones	NPC class: Lactones / NPC pathway: Fatty acids	Lactones	1	1440	2333158.5	26269246863.4	8.88171066392735e-05	kruskal_wallis	0.482310748291278	0.991701292638876	ns	0.000129492342992348	9.88002380270258e-05
MDM_B_190626_PET05	PET	raw	class	Lactones	Lactones	pathway	Fatty acids	Fatty acids	Fatty esters	Lactones	NPC class: Lactones / NPC pathway: Fatty acids	Lactones	1	1440	2610564.5	26270617827.66	9.93720253221974e-05	kruskal_wallis	0.482310748291278	0.991701292638876	ns	0.000129492342992348	9.88002380270258e-05
MDM_B_190626_PET100	PET	raw	class	Lactones	Lactones	pathway	Fatty acids	Fatty acids	Fatty esters	Lactones	NPC class: Lactones / NPC pathway: Fatty acids	Lactones	1	1440	1334602.9	29419865311.6	4.53640044189386e-05	kruskal_wallis	0.482310748291278	0.991701292638876	ns	0.000129492342992348	9.88002380270258e-05
MDM_B_190626_PS100	PS	raw	class	Lactones	Lactones	pathway	Fatty acids	Fatty acids	Fatty esters	Lactones	NPC class: Lactones / NPC pathway: Fatty acids	Lactones	1	1440	2140353.5	31808703086.2	6.72882982434005e-05	kruskal_wallis	0.482310748291278	0.991701292638876	ns	0.000129492342992348	9.88002380270258e-05
MDM_B_190626_untreated	Untreated	raw	class	Lactones	Lactones	pathway	Fatty acids	Fatty acids	Fatty esters	Lactones	NPC class: Lactones / NPC pathway: Fatty acids	Lactones	1	1440	1013873.6	23550848395.1	4.30504066346479e-05	kruskal_wallis	0.482310748291278	0.991701292638876	ns	0.000129492342992348	9.88002380270258e-05
MDM_160526_PET05	PET	raw	class	Linear peptides	Linear peptides	pathway	Amino acids and Peptides	Amino acids and Peptides	Oligopeptides	Linear peptides	NPC class: Linear peptides / NPC pathway: Amino acids and Peptides	Linear peptides	3	141	177973644.5	720581507.6	0.246986139143047	kruskal_wallis	0.367879441171442	0.991701292638876	ns	0.0656621346200036	0.0341320624337248
MDM_160526_PET100	PET	raw	class	Linear peptides	Linear peptides	pathway	Amino acids and Peptides	Amino acids and Peptides	Oligopeptides	Linear peptides	NPC class: Linear peptides / NPC pathway: Amino acids and Peptides	Linear peptides	3	141	221112416.8	990293412.4	0.223279700774873	kruskal_wallis	0.367879441171442	0.991701292638876	ns	0.0656621346200036	0.0341320624337248
MDM_160526_PS05	PS	raw	class	Linear peptides	Linear peptides	pathway	Amino acids and Peptides	Amino acids and Peptides	Oligopeptides	Linear peptides	NPC class: Linear peptides / NPC pathway: Amino acids and Peptides	Linear peptides	3	141	184472055.5	707706255.9	0.260661897449817	kruskal_wallis	0.367879441171442	0.991701292638876	ns	0.0656621346200036	0.0341320624337248
MDM_160526_PS100	PS	raw	class	Linear peptides	Linear peptides	pathway	Amino acids and Peptides	Amino acids and Peptides	Oligopeptides	Linear peptides	NPC class: Linear peptides / NPC pathway: Amino acids and Peptides	Linear peptides	3	141	155216574	869130201.8	0.178588402150266	kruskal_wallis	0.367879441171442	0.991701292638876	ns	0.0656621346200036	0.0341320624337248
MDM_160526_untreated	Untreated	raw	class	Linear peptides	Linear peptides	pathway	Amino acids and Peptides	Amino acids and Peptides	Oligopeptides	Linear peptides	NPC class: Linear peptides / NPC pathway: Amino acids and Peptides	Linear peptides	3	141	216565365.5	829205201.5	0.261172222639513	kruskal_wallis	0.367879441171442	0.991701292638876	ns	0.0656621346200036	0.0341320624337248
MDM_A_190626_PET05	PET	raw	class	Linear peptides	Linear peptides	pathway	Amino acids and Peptides	Amino acids and Peptides	Oligopeptides	Linear peptides	NPC class: Linear peptides / NPC pathway: Amino acids and Peptides	Linear peptides	3	141	3041620.8	143982754.9	0.0211248965343974	kruskal_wallis	0.367879441171442	0.991701292638876	ns	0.0656621346200036	0.0341320624337248
MDM_A_190626_PET100	PET	raw	class	Linear peptides	Linear peptides	pathway	Amino acids and Peptides	Amino acids and Peptides	Oligopeptides	Linear peptides	NPC class: Linear peptides / NPC pathway: Amino acids and Peptides	Linear peptides	3	141	130349594.5	1555297808	0.0838100547879124	kruskal_wallis	0.367879441171442	0.991701292638876	ns	0.0656621346200036	0.0341320624337248
MDM_A_190626_PS05	PS	raw	class	Linear peptides	Linear peptides	pathway	Amino acids and Peptides	Amino acids and Peptides	Oligopeptides	Linear peptides	NPC class: Linear peptides / NPC pathway: Amino acids and Peptides	Linear peptides	3	141	197276644	1177804050.8	0.167495300993407	kruskal_wallis	0.367879441171442	0.991701292638876	ns	0.0656621346200036	0.0341320624337248
MDM_A_190626_PS100	PS	raw	class	Linear peptides	Linear peptides	pathway	Amino acids and Peptides	Amino acids and Peptides	Oligopeptides	Linear peptides	NPC class: Linear peptides / NPC pathway: Amino acids and Peptides	Linear peptides	3	141	194334903.8	1003167079.2	0.19372137286939	kruskal_wallis	0.367879441171442	0.991701292638876	ns	0.0656621346200036	0.0341320624337248
MDM_A_190626_untreated	Untreated	raw	class	Linear peptides	Linear peptides	pathway	Amino acids and Peptides	Amino acids and Peptides	Oligopeptides	Linear peptides	NPC class: Linear peptides / NPC pathway: Amino acids and Peptides	Linear peptides	3	141	219301256.5	1301885211.6	0.168448995768591	kruskal_wallis	0.367879441171442	0.991701292638876	ns	0.0656621346200036	0.0341320624337248
MDM_B_120626_PS05	PS	raw	class	Linear peptides	Linear peptides	pathway	Amino acids and Peptides	Amino acids and Peptides	Oligopeptides	Linear peptides	NPC class: Linear peptides / NPC pathway: Amino acids and Peptides	Linear peptides	3	141	213855868.5	963253372.2	0.222014139448657	kruskal_wallis	0.367879441171442	0.991701292638876	ns	0.0656621346200036	0.0341320624337248
MDM_B_190626_PET05	PET	raw	class	Linear peptides	Linear peptides	pathway	Amino acids and Peptides	Amino acids and Peptides	Oligopeptides	Linear peptides	NPC class: Linear peptides / NPC pathway: Amino acids and Peptides	Linear peptides	3	141	194962607.5	1074420585.3	0.181458369438782	kruskal_wallis	0.367879441171442	0.991701292638876	ns	0.0656621346200036	0.0341320624337248
MDM_B_190626_PET100	PET	raw	class	Linear peptides	Linear peptides	pathway	Amino acids and Peptides	Amino acids and Peptides	Oligopeptides	Linear peptides	NPC class: Linear peptides / NPC pathway: Amino acids and Peptides	Linear peptides	3	141	175626963.5	1057910792.8	0.166013018011815	kruskal_wallis	0.367879441171442	0.991701292638876	ns	0.0656621346200036	0.0341320624337248
MDM_B_190626_PS100	PS	raw	class	Linear peptides	Linear peptides	pathway	Amino acids and Peptides	Amino acids and Peptides	Oligopeptides	Linear peptides	NPC class: Linear peptides / NPC pathway: Amino acids and Peptides	Linear peptides	3	141	327447446	1113146363.3	0.294163873499312	kruskal_wallis	0.367879441171442	0.991701292638876	ns	0.0656621346200036	0.0341320624337248
MDM_B_190626_untreated	Untreated	raw	class	Linear peptides	Linear peptides	pathway	Amino acids and Peptides	Amino acids and Peptides	Oligopeptides	Linear peptides	NPC class: Linear peptides / NPC pathway: Amino acids and Peptides	Linear peptides	3	141	165409780.5	848104959.2	0.195034563476704	kruskal_wallis	0.367879441171442	0.991701292638876	ns	0.0656621346200036	0.0341320624337248
MDM_160526_PET05	PET	raw	class	Lipopeptides	Lipopeptides	pathway	Amino acids and Peptides	Amino acids and Peptides	Oligopeptides	Lipopeptides	NPC class: Lipopeptides / NPC pathway: Amino acids and Peptides	Lipopeptides	7	141	14043356.9	720581507.6	0.0194889221439687	kruskal_wallis	0.756413823738094	0.991701292638876	ns	0.00563587246107741	0.00375682358725529
MDM_160526_PET100	PET	raw	class	Lipopeptides	Lipopeptides	pathway	Amino acids and Peptides	Amino acids and Peptides	Oligopeptides	Lipopeptides	NPC class: Lipopeptides / NPC pathway: Amino acids and Peptides	Lipopeptides	7	141	24433218.9	990293412.4	0.024672706688804	kruskal_wallis	0.756413823738094	0.991701292638876	ns	0.00563587246107741	0.00375682358725529
MDM_160526_PS05	PS	raw	class	Lipopeptides	Lipopeptides	pathway	Amino acids and Peptides	Amino acids and Peptides	Oligopeptides	Lipopeptides	NPC class: Lipopeptides / NPC pathway: Amino acids and Peptides	Lipopeptides	7	141	12957281.7	707706255.9	0.0183088415454545	kruskal_wallis	0.756413823738094	0.991701292638876	ns	0.00563587246107741	0.00375682358725529
MDM_160526_PS100	PS	raw	class	Lipopeptides	Lipopeptides	pathway	Amino acids and Peptides	Amino acids and Peptides	Oligopeptides	Lipopeptides	NPC class: Lipopeptides / NPC pathway: Amino acids and Peptides	Lipopeptides	7	141	25247568.5	869130201.8	0.02904923617625	kruskal_wallis	0.756413823738094	0.991701292638876	ns	0.00563587246107741	0.00375682358725529
MDM_160526_untreated	Untreated	raw	class	Lipopeptides	Lipopeptides	pathway	Amino acids and Peptides	Amino acids and Peptides	Oligopeptides	Lipopeptides	NPC class: Lipopeptides / NPC pathway: Amino acids and Peptides	Lipopeptides	7	141	13524046.2	829205201.5	0.0163096494999495	kruskal_wallis	0.756413823738094	0.991701292638876	ns	0.00563587246107741	0.00375682358725529
MDM_A_190626_PET05	PET	raw	class	Lipopeptides	Lipopeptides	pathway	Amino acids and Peptides	Amino acids and Peptides	Oligopeptides	Lipopeptides	NPC class: Lipopeptides / NPC pathway: Amino acids and Peptides	Lipopeptides	7	141	7097115.2	143982754.9	0.0492914252469273	kruskal_wallis	0.756413823738094	0.991701292638876	ns	0.00563587246107741	0.00375682358725529
MDM_A_190626_PET100	PET	raw	class	Lipopeptides	Lipopeptides	pathway	Amino acids and Peptides	Amino acids and Peptides	Oligopeptides	Lipopeptides	NPC class: Lipopeptides / NPC pathway: Amino acids and Peptides	Lipopeptides	7	141	24014638.3	1555297808	0.0154405401823854	kruskal_wallis	0.756413823738094	0.991701292638876	ns	0.00563587246107741	0.00375682358725529
MDM_A_190626_PS05	PS	raw	class	Lipopeptides	Lipopeptides	pathway	Amino acids and Peptides	Amino acids and Peptides	Oligopeptides	Lipopeptides	NPC class: Lipopeptides / NPC pathway: Amino acids and Peptides	Lipopeptides	7	141	18504833.9	1177804050.8	0.0157113009480915	kruskal_wallis	0.756413823738094	0.991701292638876	ns	0.00563587246107741	0.00375682358725529
MDM_A_190626_PS100	PS	raw	class	Lipopeptides	Lipopeptides	pathway	Amino acids and Peptides	Amino acids and Peptides	Oligopeptides	Lipopeptides	NPC class: Lipopeptides / NPC pathway: Amino acids and Peptides	Lipopeptides	7	141	28613110.6	1003167079.2	0.0285227767071645	kruskal_wallis	0.756413823738094	0.991701292638876	ns	0.00563587246107741	0.00375682358725529
MDM_A_190626_untreated	Untreated	raw	class	Lipopeptides	Lipopeptides	pathway	Amino acids and Peptides	Amino acids and Peptides	Oligopeptides	Lipopeptides	NPC class: Lipopeptides / NPC pathway: Amino acids and Peptides	Lipopeptides	7	141	28546431.5	1301885211.6	0.0219269957486627	kruskal_wallis	0.756413823738094	0.991701292638876	ns	0.00563587246107741	0.00375682358725529
MDM_B_120626_PS05	PS	raw	class	Lipopeptides	Lipopeptides	pathway	Amino acids and Peptides	Amino acids and Peptides	Oligopeptides	Lipopeptides	NPC class: Lipopeptides / NPC pathway: Amino acids and Peptides	Lipopeptides	7	141	14815898.7	963253372.2	0.0153811023429501	kruskal_wallis	0.756413823738094	0.991701292638876	ns	0.00563587246107741	0.00375682358725529
MDM_B_190626_PET05	PET	raw	class	Lipopeptides	Lipopeptides	pathway	Amino acids and Peptides	Amino acids and Peptides	Oligopeptides	Lipopeptides	NPC class: Lipopeptides / NPC pathway: Amino acids and Peptides	Lipopeptides	7	141	11873964.5	1074420585.3	0.011051505027414	kruskal_wallis	0.756413823738094	0.991701292638876	ns	0.00563587246107741	0.00375682358725529
MDM_B_190626_PET100	PET	raw	class	Lipopeptides	Lipopeptides	pathway	Amino acids and Peptides	Amino acids and Peptides	Oligopeptides	Lipopeptides	NPC class: Lipopeptides / NPC pathway: Amino acids and Peptides	Lipopeptides	7	141	21111941.1	1057910792.8	0.0199562583572122	kruskal_wallis	0.756413823738094	0.991701292638876	ns	0.00563587246107741	0.00375682358725529
MDM_B_190626_PS100	PS	raw	class	Lipopeptides	Lipopeptides	pathway	Amino acids and Peptides	Amino acids and Peptides	Oligopeptides	Lipopeptides	NPC class: Lipopeptides / NPC pathway: Amino acids and Peptides	Lipopeptides	7	141	24293422.7	1113146363.3	0.021824104628955	kruskal_wallis	0.756413823738094	0.991701292638876	ns	0.00563587246107741	0.00375682358725529
MDM_B_190626_untreated	Untreated	raw	class	Lipopeptides	Lipopeptides	pathway	Amino acids and Peptides	Amino acids and Peptides	Oligopeptides	Lipopeptides	NPC class: Lipopeptides / NPC pathway: Amino acids and Peptides	Lipopeptides	7	141	12557395	848104959.2	0.0148064161915114	kruskal_wallis	0.756413823738094	0.991701292638876	ns	0.00563587246107741	0.00375682358725529
MDM_160526_PET05	PET	raw	class	Macrolide lactones	Macrolide lactones	pathway	Polyketides	Polyketides	Macrolides	Macrolide lactones	NPC class: Macrolide lactones / NPC pathway: Polyketides	Macrolide lactones	3	150	5212690.2	600553025.5	0.00867981673335188	kruskal_wallis	0.769126364368571	0.991701292638876	ns	0.00414628785522775	0.00275995423405065
MDM_160526_PET100	PET	raw	class	Macrolide lactones	Macrolide lactones	pathway	Polyketides	Polyketides	Macrolides	Macrolide lactones	NPC class: Macrolide lactones / NPC pathway: Polyketides	Macrolide lactones	3	150	6948983.6	742612221.2	0.00935748618406928	kruskal_wallis	0.769126364368571	0.991701292638876	ns	0.00414628785522775	0.00275995423405065
MDM_160526_PS05	PS	raw	class	Macrolide lactones	Macrolide lactones	pathway	Polyketides	Polyketides	Macrolides	Macrolide lactones	NPC class: Macrolide lactones / NPC pathway: Polyketides	Macrolide lactones	3	150	4095584	638761702.1	0.00641175572445141	kruskal_wallis	0.769126364368571	0.991701292638876	ns	0.00414628785522775	0.00275995423405065
MDM_160526_PS100	PS	raw	class	Macrolide lactones	Macrolide lactones	pathway	Polyketides	Polyketides	Macrolides	Macrolide lactones	NPC class: Macrolide lactones / NPC pathway: Polyketides	Macrolide lactones	3	150	14395621.6	877091373.9	0.0164129097929554	kruskal_wallis	0.769126364368571	0.991701292638876	ns	0.00414628785522775	0.00275995423405065
MDM_160526_untreated	Untreated	raw	class	Macrolide lactones	Macrolide lactones	pathway	Polyketides	Polyketides	Macrolides	Macrolide lactones	NPC class: Macrolide lactones / NPC pathway: Polyketides	Macrolide lactones	3	150	3272020.8	719115917.9	0.00455006031510904	kruskal_wallis	0.769126364368571	0.991701292638876	ns	0.00414628785522775	0.00275995423405065
MDM_A_190626_PET05	PET	raw	class	Macrolide lactones	Macrolide lactones	pathway	Polyketides	Polyketides	Macrolides	Macrolide lactones	NPC class: Macrolide lactones / NPC pathway: Polyketides	Macrolide lactones	3	150	3041620.8	154388751.9	0.0197010518095911	kruskal_wallis	0.769126364368571	0.991701292638876	ns	0.00414628785522775	0.00275995423405065
MDM_A_190626_PET100	PET	raw	class	Macrolide lactones	Macrolide lactones	pathway	Polyketides	Polyketides	Macrolides	Macrolide lactones	NPC class: Macrolide lactones / NPC pathway: Polyketides	Macrolide lactones	3	150	32197297	10556045796.8	0.00305012858221593	kruskal_wallis	0.769126364368571	0.991701292638876	ns	0.00414628785522775	0.00275995423405065
MDM_A_190626_PS05	PS	raw	class	Macrolide lactones	Macrolide lactones	pathway	Polyketides	Polyketides	Macrolides	Macrolide lactones	NPC class: Macrolide lactones / NPC pathway: Polyketides	Macrolide lactones	3	150	22940492.1	8195354836.4	0.00279920669183339	kruskal_wallis	0.769126364368571	0.991701292638876	ns	0.00414628785522775	0.00275995423405065
MDM_A_190626_PS100	PS	raw	class	Macrolide lactones	Macrolide lactones	pathway	Polyketides	Polyketides	Macrolides	Macrolide lactones	NPC class: Macrolide lactones / NPC pathway: Polyketides	Macrolide lactones	3	150	16857457.4	4981492138.2	0.00338401766625918	kruskal_wallis	0.769126364368571	0.991701292638876	ns	0.00414628785522775	0.00275995423405065
MDM_A_190626_untreated	Untreated	raw	class	Macrolide lactones	Macrolide lactones	pathway	Polyketides	Polyketides	Macrolides	Macrolide lactones	NPC class: Macrolide lactones / NPC pathway: Polyketides	Macrolide lactones	3	150	22216417	7088900344.6	0.00313397225522058	kruskal_wallis	0.769126364368571	0.991701292638876	ns	0.00414628785522775	0.00275995423405065
MDM_B_120626_PS05	PS	raw	class	Macrolide lactones	Macrolide lactones	pathway	Polyketides	Polyketides	Macrolides	Macrolide lactones	NPC class: Macrolide lactones / NPC pathway: Polyketides	Macrolide lactones	3	150	27212085.8	7364168721.5	0.00369520129550443	kruskal_wallis	0.769126364368571	0.991701292638876	ns	0.00414628785522775	0.00275995423405065
MDM_B_190626_PET05	PET	raw	class	Macrolide lactones	Macrolide lactones	pathway	Polyketides	Polyketides	Macrolides	Macrolide lactones	NPC class: Macrolide lactones / NPC pathway: Polyketides	Macrolide lactones	3	150	17731714.2	6775025783.1	0.00261721722804819	kruskal_wallis	0.769126364368571	0.991701292638876	ns	0.00414628785522775	0.00275995423405065
MDM_B_190626_PET100	PET	raw	class	Macrolide lactones	Macrolide lactones	pathway	Polyketides	Polyketides	Macrolides	Macrolide lactones	NPC class: Macrolide lactones / NPC pathway: Polyketides	Macrolide lactones	3	150	25822367.4	7636027125.6	0.0033816495116197	kruskal_wallis	0.769126364368571	0.991701292638876	ns	0.00414628785522775	0.00275995423405065
MDM_B_190626_PS100	PS	raw	class	Macrolide lactones	Macrolide lactones	pathway	Polyketides	Polyketides	Macrolides	Macrolide lactones	NPC class: Macrolide lactones / NPC pathway: Polyketides	Macrolide lactones	3	150	19625480.3	5539891023.3	0.0035425751549007	kruskal_wallis	0.769126364368571	0.991701292638876	ns	0.00414628785522775	0.00275995423405065
MDM_B_190626_untreated	Untreated	raw	class	Macrolide lactones	Macrolide lactones	pathway	Polyketides	Polyketides	Macrolides	Macrolide lactones	NPC class: Macrolide lactones / NPC pathway: Polyketides	Macrolide lactones	3	150	20538125.7	6279276710.7	0.00327077888843514	kruskal_wallis	0.769126364368571	0.991701292638876	ns	0.00414628785522775	0.00275995423405065
MDM_160526_PET05	PET	raw	class	Macrotetrolides	Macrotetrolides	pathway	Polyketides	Polyketides	Polyethers	Macrotetrolides	NPC class: Macrotetrolides / NPC pathway: Polyketides	Macrotetrolides	1	150	1013873.6	600553025.5	0.00168823327324991	kruskal_wallis	0.769126364368571	0.991701292638876	ns	0.00167272276632754	0.000444695276504867
MDM_160526_PET100	PET	raw	class	Macrotetrolides	Macrotetrolides	pathway	Polyketides	Polyketides	Polyethers	Macrotetrolides	NPC class: Macrotetrolides / NPC pathway: Polyketides	Macrotetrolides	1	150	1013873.6	742612221.2	0.00136527998200954	kruskal_wallis	0.769126364368571	0.991701292638876	ns	0.00167272276632754	0.000444695276504867
MDM_160526_PS05	PS	raw	class	Macrotetrolides	Macrotetrolides	pathway	Polyketides	Polyketides	Polyethers	Macrotetrolides	NPC class: Macrotetrolides / NPC pathway: Polyketides	Macrotetrolides	1	150	1013873.6	638761702.1	0.00158724857277257	kruskal_wallis	0.769126364368571	0.991701292638876	ns	0.00167272276632754	0.000444695276504867
MDM_160526_PS100	PS	raw	class	Macrotetrolides	Macrotetrolides	pathway	Polyketides	Polyketides	Polyethers	Macrotetrolides	NPC class: Macrotetrolides / NPC pathway: Polyketides	Macrotetrolides	1	150	1013873.6	877091373.9	0.001155949802005	kruskal_wallis	0.769126364368571	0.991701292638876	ns	0.00167272276632754	0.000444695276504867
MDM_160526_untreated	Untreated	raw	class	Macrotetrolides	Macrotetrolides	pathway	Polyketides	Polyketides	Polyethers	Macrotetrolides	NPC class: Macrotetrolides / NPC pathway: Polyketides	Macrotetrolides	1	150	1013873.6	719115917.9	0.00140988896888942	kruskal_wallis	0.769126364368571	0.991701292638876	ns	0.00167272276632754	0.000444695276504867
MDM_A_190626_PET05	PET	raw	class	Macrotetrolides	Macrotetrolides	pathway	Polyketides	Polyketides	Polyethers	Macrotetrolides	NPC class: Macrotetrolides / NPC pathway: Polyketides	Macrotetrolides	1	150	1013873.6	154388751.9	0.00656701726986369	kruskal_wallis	0.769126364368571	0.991701292638876	ns	0.00167272276632754	0.000444695276504867
MDM_A_190626_PET100	PET	raw	class	Macrotetrolides	Macrotetrolides	pathway	Polyketides	Polyketides	Polyethers	Macrotetrolides	NPC class: Macrotetrolides / NPC pathway: Polyketides	Macrotetrolides	1	150	1013873.6	10556045796.8	9.60467223728178e-05	kruskal_wallis	0.769126364368571	0.991701292638876	ns	0.00167272276632754	0.000444695276504867
MDM_A_190626_PS05	PS	raw	class	Macrotetrolides	Macrotetrolides	pathway	Polyketides	Polyketides	Polyethers	Macrotetrolides	NPC class: Macrotetrolides / NPC pathway: Polyketides	Macrotetrolides	1	150	2143993.8	8195354836.4	0.000261610856735253	kruskal_wallis	0.769126364368571	0.991701292638876	ns	0.00167272276632754	0.000444695276504867
MDM_A_190626_PS100	PS	raw	class	Macrotetrolides	Macrotetrolides	pathway	Polyketides	Polyketides	Polyethers	Macrotetrolides	NPC class: Macrotetrolides / NPC pathway: Polyketides	Macrotetrolides	1	150	1013873.6	4981492138.2	0.000203528093967112	kruskal_wallis	0.769126364368571	0.991701292638876	ns	0.00167272276632754	0.000444695276504867
MDM_A_190626_untreated	Untreated	raw	class	Macrotetrolides	Macrotetrolides	pathway	Polyketides	Polyketides	Polyethers	Macrotetrolides	NPC class: Macrotetrolides / NPC pathway: Polyketides	Macrotetrolides	1	150	1013873.6	7088900344.6	0.000143022690504081	kruskal_wallis	0.769126364368571	0.991701292638876	ns	0.00167272276632754	0.000444695276504867
MDM_B_120626_PS05	PS	raw	class	Macrotetrolides	Macrotetrolides	pathway	Polyketides	Polyketides	Polyethers	Macrotetrolides	NPC class: Macrotetrolides / NPC pathway: Polyketides	Macrotetrolides	1	150	11461987	7364168721.5	0.00155645361119121	kruskal_wallis	0.769126364368571	0.991701292638876	ns	0.00167272276632754	0.000444695276504867
MDM_B_190626_PET05	PET	raw	class	Macrotetrolides	Macrotetrolides	pathway	Polyketides	Polyketides	Polyethers	Macrotetrolides	NPC class: Macrotetrolides / NPC pathway: Polyketides	Macrotetrolides	1	150	1502216.9	6775025783.1	0.000221728587918767	kruskal_wallis	0.769126364368571	0.991701292638876	ns	0.00167272276632754	0.000444695276504867
MDM_B_190626_PET100	PET	raw	class	Macrotetrolides	Macrotetrolides	pathway	Polyketides	Polyketides	Polyethers	Macrotetrolides	NPC class: Macrotetrolides / NPC pathway: Polyketides	Macrotetrolides	1	150	12974227	7636027125.6	0.00169908078986565	kruskal_wallis	0.769126364368571	0.991701292638876	ns	0.00167272276632754	0.000444695276504867
MDM_B_190626_PS100	PS	raw	class	Macrotetrolides	Macrotetrolides	pathway	Polyketides	Polyketides	Polyethers	Macrotetrolides	NPC class: Macrotetrolides / NPC pathway: Polyketides	Macrotetrolides	1	150	5585168	5539891023.3	0.00100817290024471	kruskal_wallis	0.769126364368571	0.991701292638876	ns	0.00167272276632754	0.000444695276504867
MDM_B_190626_untreated	Untreated	raw	class	Macrotetrolides	Macrotetrolides	pathway	Polyketides	Polyketides	Polyethers	Macrotetrolides	NPC class: Macrotetrolides / NPC pathway: Polyketides	Macrotetrolides	1	150	39884324	6279276710.7	0.00635173855804704	kruskal_wallis	0.769126364368571	0.991701292638876	ns	0.00167272276632754	0.000444695276504867
MDM_160526_PET05	PET	raw	class	Microcolins and mirabimids	Microcolins and mirabimids	pathway	Amino acids and Peptides	Amino acids and Peptides	Oligopeptides	Microcolins and mirabimids	NPC class: Microcolins and mirabimids / NPC pathway: Amino acids and Peptides	Microcolins and mirabimids	1	141	1013873.6	720581507.6	0.00140702139772758	kruskal_wallis	0.839457020769207	0.991701292638876	ns	0.000856576910560235	9.50269261167343e-05
MDM_160526_PET100	PET	raw	class	Microcolins and mirabimids	Microcolins and mirabimids	pathway	Amino acids and Peptides	Amino acids and Peptides	Oligopeptides	Microcolins and mirabimids	NPC class: Microcolins and mirabimids / NPC pathway: Amino acids and Peptides	Microcolins and mirabimids	1	141	1141958.4	990293412.4	0.00115315156669823	kruskal_wallis	0.839457020769207	0.991701292638876	ns	0.000856576910560235	9.50269261167343e-05
MDM_160526_PS05	PS	raw	class	Microcolins and mirabimids	Microcolins and mirabimids	pathway	Amino acids and Peptides	Amino acids and Peptides	Oligopeptides	Microcolins and mirabimids	NPC class: Microcolins and mirabimids / NPC pathway: Amino acids and Peptides	Microcolins and mirabimids	1	141	1013873.6	707706255.9	0.00143261924216092	kruskal_wallis	0.839457020769207	0.991701292638876	ns	0.000856576910560235	9.50269261167343e-05
MDM_160526_PS100	PS	raw	class	Microcolins and mirabimids	Microcolins and mirabimids	pathway	Amino acids and Peptides	Amino acids and Peptides	Oligopeptides	Microcolins and mirabimids	NPC class: Microcolins and mirabimids / NPC pathway: Amino acids and Peptides	Microcolins and mirabimids	1	141	4825991	869130201.8	0.00555266747146193	kruskal_wallis	0.839457020769207	0.991701292638876	ns	0.000856576910560235	9.50269261167343e-05
MDM_160526_untreated	Untreated	raw	class	Microcolins and mirabimids	Microcolins and mirabimids	pathway	Amino acids and Peptides	Amino acids and Peptides	Oligopeptides	Microcolins and mirabimids	NPC class: Microcolins and mirabimids / NPC pathway: Amino acids and Peptides	Microcolins and mirabimids	1	141	1013873.6	829205201.5	0.00122270530643795	kruskal_wallis	0.839457020769207	0.991701292638876	ns	0.000856576910560235	9.50269261167343e-05
MDM_A_190626_PET05	PET	raw	class	Microcolins and mirabimids	Microcolins and mirabimids	pathway	Amino acids and Peptides	Amino acids and Peptides	Oligopeptides	Microcolins and mirabimids	NPC class: Microcolins and mirabimids / NPC pathway: Amino acids and Peptides	Microcolins and mirabimids	1	141	1013873.6	143982754.9	0.00704163217813247	kruskal_wallis	0.839457020769207	0.991701292638876	ns	0.000856576910560235	9.50269261167343e-05
MDM_A_190626_PET100	PET	raw	class	Microcolins and mirabimids	Microcolins and mirabimids	pathway	Amino acids and Peptides	Amino acids and Peptides	Oligopeptides	Microcolins and mirabimids	NPC class: Microcolins and mirabimids / NPC pathway: Amino acids and Peptides	Microcolins and mirabimids	1	141	1756640.1	1555297808	0.00112945578072852	kruskal_wallis	0.839457020769207	0.991701292638876	ns	0.000856576910560235	9.50269261167343e-05
MDM_A_190626_PS05	PS	raw	class	Microcolins and mirabimids	Microcolins and mirabimids	pathway	Amino acids and Peptides	Amino acids and Peptides	Oligopeptides	Microcolins and mirabimids	NPC class: Microcolins and mirabimids / NPC pathway: Amino acids and Peptides	Microcolins and mirabimids	1	141	1013873.6	1177804050.8	0.000860816872986085	kruskal_wallis	0.839457020769207	0.991701292638876	ns	0.000856576910560235	9.50269261167343e-05
MDM_A_190626_PS100	PS	raw	class	Microcolins and mirabimids	Microcolins and mirabimids	pathway	Amino acids and Peptides	Amino acids and Peptides	Oligopeptides	Microcolins and mirabimids	NPC class: Microcolins and mirabimids / NPC pathway: Amino acids and Peptides	Microcolins and mirabimids	1	141	1013873.6	1003167079.2	0.00101067271945222	kruskal_wallis	0.839457020769207	0.991701292638876	ns	0.000856576910560235	9.50269261167343e-05
MDM_A_190626_untreated	Untreated	raw	class	Microcolins and mirabimids	Microcolins and mirabimids	pathway	Amino acids and Peptides	Amino acids and Peptides	Oligopeptides	Microcolins and mirabimids	NPC class: Microcolins and mirabimids / NPC pathway: Amino acids and Peptides	Microcolins and mirabimids	1	141	1729875.9	1301885211.6	0.00132874686999018	kruskal_wallis	0.839457020769207	0.991701292638876	ns	0.000856576910560235	9.50269261167343e-05
MDM_B_120626_PS05	PS	raw	class	Microcolins and mirabimids	Microcolins and mirabimids	pathway	Amino acids and Peptides	Amino acids and Peptides	Oligopeptides	Microcolins and mirabimids	NPC class: Microcolins and mirabimids / NPC pathway: Amino acids and Peptides	Microcolins and mirabimids	1	141	1198946.1	963253372.2	0.00124468404119022	kruskal_wallis	0.839457020769207	0.991701292638876	ns	0.000856576910560235	9.50269261167343e-05
MDM_B_190626_PET05	PET	raw	class	Microcolins and mirabimids	Microcolins and mirabimids	pathway	Amino acids and Peptides	Amino acids and Peptides	Oligopeptides	Microcolins and mirabimids	NPC class: Microcolins and mirabimids / NPC pathway: Amino acids and Peptides	Microcolins and mirabimids	1	141	1013873.6	1074420585.3	0.000943646849168388	kruskal_wallis	0.839457020769207	0.991701292638876	ns	0.000856576910560235	9.50269261167343e-05
MDM_B_190626_PET100	PET	raw	class	Microcolins and mirabimids	Microcolins and mirabimids	pathway	Amino acids and Peptides	Amino acids and Peptides	Oligopeptides	Microcolins and mirabimids	NPC class: Microcolins and mirabimids / NPC pathway: Amino acids and Peptides	Microcolins and mirabimids	1	141	1013873.6	1057910792.8	0.000958373434603644	kruskal_wallis	0.839457020769207	0.991701292638876	ns	0.000856576910560235	9.50269261167343e-05
MDM_B_190626_PS100	PS	raw	class	Microcolins and mirabimids	Microcolins and mirabimids	pathway	Amino acids and Peptides	Amino acids and Peptides	Oligopeptides	Microcolins and mirabimids	NPC class: Microcolins and mirabimids / NPC pathway: Amino acids and Peptides	Microcolins and mirabimids	1	141	1013873.6	1113146363.3	0.000910817870342136	kruskal_wallis	0.839457020769207	0.991701292638876	ns	0.000856576910560235	9.50269261167343e-05
MDM_B_190626_untreated	Untreated	raw	class	Microcolins and mirabimids	Microcolins and mirabimids	pathway	Amino acids and Peptides	Amino acids and Peptides	Oligopeptides	Microcolins and mirabimids	NPC class: Microcolins and mirabimids / NPC pathway: Amino acids and Peptides	Microcolins and mirabimids	1	141	1013873.6	848104959.2	0.00119545769542058	kruskal_wallis	0.839457020769207	0.991701292638876	ns	0.000856576910560235	9.50269261167343e-05
MDM_160526_PET05	PET	raw	class	Monoacylglycerols	Monoacylglycerols	pathway	Fatty acids	Fatty acids	Glycerolipids	Monoacylglycerols	NPC class: Monoacylglycerols / NPC pathway: Fatty acids	Monoacylglycerols	3	1440	9622768.8	22473036077.3	0.000428191756863682	kruskal_wallis	0.740818220681717	0.991701292638876	ns	0.000370826065107929	2.15307301014699e-05
MDM_160526_PET100	PET	raw	class	Monoacylglycerols	Monoacylglycerols	pathway	Fatty acids	Fatty acids	Glycerolipids	Monoacylglycerols	NPC class: Monoacylglycerols / NPC pathway: Fatty acids	Monoacylglycerols	3	1440	9374896.1	28244838693.3	0.000331915370514183	kruskal_wallis	0.740818220681717	0.991701292638876	ns	0.000370826065107929	2.15307301014699e-05
MDM_160526_PS05	PS	raw	class	Monoacylglycerols	Monoacylglycerols	pathway	Fatty acids	Fatty acids	Glycerolipids	Monoacylglycerols	NPC class: Monoacylglycerols / NPC pathway: Fatty acids	Monoacylglycerols	3	1440	8698719.6	20456769507.4	0.000425224500713729	kruskal_wallis	0.740818220681717	0.991701292638876	ns	0.000370826065107929	2.15307301014699e-05
MDM_160526_PS100	PS	raw	class	Monoacylglycerols	Monoacylglycerols	pathway	Fatty acids	Fatty acids	Glycerolipids	Monoacylglycerols	NPC class: Monoacylglycerols / NPC pathway: Fatty acids	Monoacylglycerols	3	1440	9867268.4	30211472297.4	0.00032660667122963	kruskal_wallis	0.740818220681717	0.991701292638876	ns	0.000370826065107929	2.15307301014699e-05
MDM_160526_untreated	Untreated	raw	class	Monoacylglycerols	Monoacylglycerols	pathway	Fatty acids	Fatty acids	Glycerolipids	Monoacylglycerols	NPC class: Monoacylglycerols / NPC pathway: Fatty acids	Monoacylglycerols	3	1440	11382948.3	26519025548.7	0.000429237050173512	kruskal_wallis	0.740818220681717	0.991701292638876	ns	0.000370826065107929	2.15307301014699e-05
MDM_A_190626_PET05	PET	raw	class	Monoacylglycerols	Monoacylglycerols	pathway	Fatty acids	Fatty acids	Glycerolipids	Monoacylglycerols	NPC class: Monoacylglycerols / NPC pathway: Fatty acids	Monoacylglycerols	3	1440	3041620.8	1459977984	0.00208333333333333	kruskal_wallis	0.740818220681717	0.991701292638876	ns	0.000370826065107929	2.15307301014699e-05
MDM_A_190626_PET100	PET	raw	class	Monoacylglycerols	Monoacylglycerols	pathway	Fatty acids	Fatty acids	Glycerolipids	Monoacylglycerols	NPC class: Monoacylglycerols / NPC pathway: Fatty acids	Monoacylglycerols	3	1440	32629680.8	38894935316.3	0.000838918500176182	kruskal_wallis	0.740818220681717	0.991701292638876	ns	0.000370826065107929	2.15307301014699e-05
MDM_A_190626_PS05	PS	raw	class	Monoacylglycerols	Monoacylglycerols	pathway	Fatty acids	Fatty acids	Glycerolipids	Monoacylglycerols	NPC class: Monoacylglycerols / NPC pathway: Fatty acids	Monoacylglycerols	3	1440	15677161.6	28257831826.4	0.000554789967479159	kruskal_wallis	0.740818220681717	0.991701292638876	ns	0.000370826065107929	2.15307301014699e-05
MDM_A_190626_PS100	PS	raw	class	Monoacylglycerols	Monoacylglycerols	pathway	Fatty acids	Fatty acids	Glycerolipids	Monoacylglycerols	NPC class: Monoacylglycerols / NPC pathway: Fatty acids	Monoacylglycerols	3	1440	6231174.7	25448591356.4	0.000244853422837211	kruskal_wallis	0.740818220681717	0.991701292638876	ns	0.000370826065107929	2.15307301014699e-05
MDM_A_190626_untreated	Untreated	raw	class	Monoacylglycerols	Monoacylglycerols	pathway	Fatty acids	Fatty acids	Glycerolipids	Monoacylglycerols	NPC class: Monoacylglycerols / NPC pathway: Fatty acids	Monoacylglycerols	3	1440	6304984.7	26876593288.9	0.000234590174142493	kruskal_wallis	0.740818220681717	0.991701292638876	ns	0.000370826065107929	2.15307301014699e-05
MDM_B_120626_PS05	PS	raw	class	Monoacylglycerols	Monoacylglycerols	pathway	Fatty acids	Fatty acids	Glycerolipids	Monoacylglycerols	NPC class: Monoacylglycerols / NPC pathway: Fatty acids	Monoacylglycerols	3	1440	12757227.8	26269246863.4	0.000485633557229012	kruskal_wallis	0.740818220681717	0.991701292638876	ns	0.000370826065107929	2.15307301014699e-05
MDM_B_190626_PET05	PET	raw	class	Monoacylglycerols	Monoacylglycerols	pathway	Fatty acids	Fatty acids	Glycerolipids	Monoacylglycerols	NPC class: Monoacylglycerols / NPC pathway: Fatty acids	Monoacylglycerols	3	1440	7008446.6	26270617827.66	0.000266778902802236	kruskal_wallis	0.740818220681717	0.991701292638876	ns	0.000370826065107929	2.15307301014699e-05
MDM_B_190626_PET100	PET	raw	class	Monoacylglycerols	Monoacylglycerols	pathway	Fatty acids	Fatty acids	Glycerolipids	Monoacylglycerols	NPC class: Monoacylglycerols / NPC pathway: Fatty acids	Monoacylglycerols	3	1440	9429615.3	29419865311.6	0.000320518642764893	kruskal_wallis	0.740818220681717	0.991701292638876	ns	0.000370826065107929	2.15307301014699e-05
MDM_B_190626_PS100	PS	raw	class	Monoacylglycerols	Monoacylglycerols	pathway	Fatty acids	Fatty acids	Glycerolipids	Monoacylglycerols	NPC class: Monoacylglycerols / NPC pathway: Fatty acids	Monoacylglycerols	3	1440	10172925.2	31808703086.2	0.000319815780367778	kruskal_wallis	0.740818220681717	0.991701292638876	ns	0.000370826065107929	2.15307301014699e-05
MDM_B_190626_untreated	Untreated	raw	class	Monoacylglycerols	Monoacylglycerols	pathway	Fatty acids	Fatty acids	Glycerolipids	Monoacylglycerols	NPC class: Monoacylglycerols / NPC pathway: Fatty acids	Monoacylglycerols	3	1440	8443516.9	23550848395.1	0.000358522833587463	kruskal_wallis	0.740818220681717	0.991701292638876	ns	0.000370826065107929	2.15307301014699e-05
MDM_160526_PET05	PET	raw	class	N-acyl amines	N-acyl amines	pathway	Fatty acids	Fatty acids	Fatty amides	N-acyl amines	NPC class: N-acyl amines / NPC pathway: Fatty acids	N-acyl amines	30	1440	844951411.5	22473036077.3	0.0375984539246784	kruskal_wallis	0.756413823738094	0.991701292638876	ns	0.00240842174128748	0.00359084895829139
MDM_160526_PET100	PET	raw	class	N-acyl amines	N-acyl amines	pathway	Fatty acids	Fatty acids	Fatty amides	N-acyl amines	NPC class: N-acyl amines / NPC pathway: Fatty acids	N-acyl amines	30	1440	942894975.6	28244838693.3	0.0333829123911288	kruskal_wallis	0.756413823738094	0.991701292638876	ns	0.00240842174128748	0.00359084895829139
MDM_160526_PS05	PS	raw	class	N-acyl amines	N-acyl amines	pathway	Fatty acids	Fatty acids	Fatty amides	N-acyl amines	NPC class: N-acyl amines / NPC pathway: Fatty acids	N-acyl amines	30	1440	833162856.2	20456769507.4	0.0407279778900873	kruskal_wallis	0.756413823738094	0.991701292638876	ns	0.00240842174128748	0.00359084895829139
MDM_160526_PS100	PS	raw	class	N-acyl amines	N-acyl amines	pathway	Fatty acids	Fatty acids	Fatty amides	N-acyl amines	NPC class: N-acyl amines / NPC pathway: Fatty acids	N-acyl amines	30	1440	893772313.8	30211472297.4	0.0295838714843738	kruskal_wallis	0.756413823738094	0.991701292638876	ns	0.00240842174128748	0.00359084895829139
MDM_160526_untreated	Untreated	raw	class	N-acyl amines	N-acyl amines	pathway	Fatty acids	Fatty acids	Fatty amides	N-acyl amines	NPC class: N-acyl amines / NPC pathway: Fatty acids	N-acyl amines	30	1440	1130900235.9	26519025548.7	0.0426448639231934	kruskal_wallis	0.756413823738094	0.991701292638876	ns	0.00240842174128748	0.00359084895829139
MDM_A_190626_PET05	PET	raw	class	N-acyl amines	N-acyl amines	pathway	Fatty acids	Fatty acids	Fatty amides	N-acyl amines	NPC class: N-acyl amines / NPC pathway: Fatty acids	N-acyl amines	30	1440	30416208	1459977984	0.0208333333333333	kruskal_wallis	0.756413823738094	0.991701292638876	ns	0.00240842174128748	0.00359084895829139
MDM_A_190626_PET100	PET	raw	class	N-acyl amines	N-acyl amines	pathway	Fatty acids	Fatty acids	Fatty amides	N-acyl amines	NPC class: N-acyl amines / NPC pathway: Fatty acids	N-acyl amines	30	1440	895051966.2	38894935316.3	0.0230120440854649	kruskal_wallis	0.756413823738094	0.991701292638876	ns	0.00240842174128748	0.00359084895829139
MDM_A_190626_PS05	PS	raw	class	N-acyl amines	N-acyl amines	pathway	Fatty acids	Fatty acids	Fatty amides	N-acyl amines	NPC class: N-acyl amines / NPC pathway: Fatty acids	N-acyl amines	30	1440	821419840.5	28257831826.4	0.0290687497026076	kruskal_wallis	0.756413823738094	0.991701292638876	ns	0.00240842174128748	0.00359084895829139
MDM_A_190626_PS100	PS	raw	class	N-acyl amines	N-acyl amines	pathway	Fatty acids	Fatty acids	Fatty amides	N-acyl amines	NPC class: N-acyl amines / NPC pathway: Fatty acids	N-acyl amines	30	1440	553670245	25448591356.4	0.0217564201195269	kruskal_wallis	0.756413823738094	0.991701292638876	ns	0.00240842174128748	0.00359084895829139
MDM_A_190626_untreated	Untreated	raw	class	N-acyl amines	N-acyl amines	pathway	Fatty acids	Fatty acids	Fatty amides	N-acyl amines	NPC class: N-acyl amines / NPC pathway: Fatty acids	N-acyl amines	30	1440	637529862.5	26876593288.9	0.0237206351135022	kruskal_wallis	0.756413823738094	0.991701292638876	ns	0.00240842174128748	0.00359084895829139
MDM_B_120626_PS05	PS	raw	class	N-acyl amines	N-acyl amines	pathway	Fatty acids	Fatty acids	Fatty amides	N-acyl amines	NPC class: N-acyl amines / NPC pathway: Fatty acids	N-acyl amines	30	1440	842796432.3	26269246863.4	0.0320830070493661	kruskal_wallis	0.756413823738094	0.991701292638876	ns	0.00240842174128748	0.00359084895829139
MDM_B_190626_PET05	PET	raw	class	N-acyl amines	N-acyl amines	pathway	Fatty acids	Fatty acids	Fatty amides	N-acyl amines	NPC class: N-acyl amines / NPC pathway: Fatty acids	N-acyl amines	30	1440	1148952724.5	26270617827.66	0.0437352761186409	kruskal_wallis	0.756413823738094	0.991701292638876	ns	0.00240842174128748	0.00359084895829139
MDM_B_190626_PET100	PET	raw	class	N-acyl amines	N-acyl amines	pathway	Fatty acids	Fatty acids	Fatty amides	N-acyl amines	NPC class: N-acyl amines / NPC pathway: Fatty acids	N-acyl amines	30	1440	881413192.2	29419865311.6	0.029959796989705	kruskal_wallis	0.756413823738094	0.991701292638876	ns	0.00240842174128748	0.00359084895829139
MDM_B_190626_PS100	PS	raw	class	N-acyl amines	N-acyl amines	pathway	Fatty acids	Fatty acids	Fatty amides	N-acyl amines	NPC class: N-acyl amines / NPC pathway: Fatty acids	N-acyl amines	30	1440	1078601880.1	31808703086.2	0.0339090178300273	kruskal_wallis	0.756413823738094	0.991701292638876	ns	0.00240842174128748	0.00359084895829139
MDM_B_190626_untreated	Untreated	raw	class	N-acyl amines	N-acyl amines	pathway	Fatty acids	Fatty acids	Fatty amides	N-acyl amines	NPC class: N-acyl amines / NPC pathway: Fatty acids	N-acyl amines	30	1440	810721193.1	23550848395.1	0.0344242882251613	kruskal_wallis	0.756413823738094	0.991701292638876	ns	0.00240842174128748	0.00359084895829139
MDM_160526_PET05	PET	raw	class	N-acyl ethanolamines (endocannabinoids)	N-acyl ethanolamines (endocannabinoids)	pathway	Fatty acids	Fatty acids	Fatty amides	N-acyl ethanolamines (endocannabinoids)	NPC class: N-acyl ethanolamines (endocannabinoids) / NPC pathway: Fatty acids	N-acyl ethanolamines (endocannabinoids)	29	1440	430143877.6	22473036077.3	0.0191404435128589	kruskal_wallis	0.893597347108515	0.991701292638876	ns	0.000587635320880891	0.00107123864046358
MDM_160526_PET100	PET	raw	class	N-acyl ethanolamines (endocannabinoids)	N-acyl ethanolamines (endocannabinoids)	pathway	Fatty acids	Fatty acids	Fatty amides	N-acyl ethanolamines (endocannabinoids)	NPC class: N-acyl ethanolamines (endocannabinoids) / NPC pathway: Fatty acids	N-acyl ethanolamines (endocannabinoids)	29	1440	363408860.6	28244838693.3	0.0128663811659935	kruskal_wallis	0.893597347108515	0.991701292638876	ns	0.000587635320880891	0.00107123864046358
MDM_160526_PS05	PS	raw	class	N-acyl ethanolamines (endocannabinoids)	N-acyl ethanolamines (endocannabinoids)	pathway	Fatty acids	Fatty acids	Fatty amides	N-acyl ethanolamines (endocannabinoids)	NPC class: N-acyl ethanolamines (endocannabinoids) / NPC pathway: Fatty acids	N-acyl ethanolamines (endocannabinoids)	29	1440	471538245.6	20456769507.4	0.0230504745839477	kruskal_wallis	0.893597347108515	0.991701292638876	ns	0.000587635320880891	0.00107123864046358
MDM_160526_PS100	PS	raw	class	N-acyl ethanolamines (endocannabinoids)	N-acyl ethanolamines (endocannabinoids)	pathway	Fatty acids	Fatty acids	Fatty amides	N-acyl ethanolamines (endocannabinoids)	NPC class: N-acyl ethanolamines (endocannabinoids) / NPC pathway: Fatty acids	N-acyl ethanolamines (endocannabinoids)	29	1440	332573189.9	30211472297.4	0.0110081755243892	kruskal_wallis	0.893597347108515	0.991701292638876	ns	0.000587635320880891	0.00107123864046358
MDM_160526_untreated	Untreated	raw	class	N-acyl ethanolamines (endocannabinoids)	N-acyl ethanolamines (endocannabinoids)	pathway	Fatty acids	Fatty acids	Fatty amides	N-acyl ethanolamines (endocannabinoids)	NPC class: N-acyl ethanolamines (endocannabinoids) / NPC pathway: Fatty acids	N-acyl ethanolamines (endocannabinoids)	29	1440	389181393	26519025548.7	0.0146755540577952	kruskal_wallis	0.893597347108515	0.991701292638876	ns	0.000587635320880891	0.00107123864046358
MDM_A_190626_PET05	PET	raw	class	N-acyl ethanolamines (endocannabinoids)	N-acyl ethanolamines (endocannabinoids)	pathway	Fatty acids	Fatty acids	Fatty amides	N-acyl ethanolamines (endocannabinoids)	NPC class: N-acyl ethanolamines (endocannabinoids) / NPC pathway: Fatty acids	N-acyl ethanolamines (endocannabinoids)	29	1440	29402334.4	1459977984	0.0201388888888889	kruskal_wallis	0.893597347108515	0.991701292638876	ns	0.000587635320880891	0.00107123864046358
MDM_A_190626_PET100	PET	raw	class	N-acyl ethanolamines (endocannabinoids)	N-acyl ethanolamines (endocannabinoids)	pathway	Fatty acids	Fatty acids	Fatty amides	N-acyl ethanolamines (endocannabinoids)	NPC class: N-acyl ethanolamines (endocannabinoids) / NPC pathway: Fatty acids	N-acyl ethanolamines (endocannabinoids)	29	1440	351227151.6	38894935316.3	0.00903015132288467	kruskal_wallis	0.893597347108515	0.991701292638876	ns	0.000587635320880891	0.00107123864046358
MDM_A_190626_PS05	PS	raw	class	N-acyl ethanolamines (endocannabinoids)	N-acyl ethanolamines (endocannabinoids)	pathway	Fatty acids	Fatty acids	Fatty amides	N-acyl ethanolamines (endocannabinoids)	NPC class: N-acyl ethanolamines (endocannabinoids) / NPC pathway: Fatty acids	N-acyl ethanolamines (endocannabinoids)	29	1440	488846909.2	28257831826.4	0.0172995193758388	kruskal_wallis	0.893597347108515	0.991701292638876	ns	0.000587635320880891	0.00107123864046358
MDM_A_190626_PS100	PS	raw	class	N-acyl ethanolamines (endocannabinoids)	N-acyl ethanolamines (endocannabinoids)	pathway	Fatty acids	Fatty acids	Fatty amides	N-acyl ethanolamines (endocannabinoids)	NPC class: N-acyl ethanolamines (endocannabinoids) / NPC pathway: Fatty acids	N-acyl ethanolamines (endocannabinoids)	29	1440	403098773.1	25448591356.4	0.015839728315596	kruskal_wallis	0.893597347108515	0.991701292638876	ns	0.000587635320880891	0.00107123864046358
MDM_A_190626_untreated	Untreated	raw	class	N-acyl ethanolamines (endocannabinoids)	N-acyl ethanolamines (endocannabinoids)	pathway	Fatty acids	Fatty acids	Fatty amides	N-acyl ethanolamines (endocannabinoids)	NPC class: N-acyl ethanolamines (endocannabinoids) / NPC pathway: Fatty acids	N-acyl ethanolamines (endocannabinoids)	29	1440	389617840	26876593288.9	0.0144965485696772	kruskal_wallis	0.893597347108515	0.991701292638876	ns	0.000587635320880891	0.00107123864046358
MDM_B_120626_PS05	PS	raw	class	N-acyl ethanolamines (endocannabinoids)	N-acyl ethanolamines (endocannabinoids)	pathway	Fatty acids	Fatty acids	Fatty amides	N-acyl ethanolamines (endocannabinoids)	NPC class: N-acyl ethanolamines (endocannabinoids) / NPC pathway: Fatty acids	N-acyl ethanolamines (endocannabinoids)	29	1440	365506895.6	26269246863.4	0.0139138703709564	kruskal_wallis	0.893597347108515	0.991701292638876	ns	0.000587635320880891	0.00107123864046358
MDM_B_190626_PET05	PET	raw	class	N-acyl ethanolamines (endocannabinoids)	N-acyl ethanolamines (endocannabinoids)	pathway	Fatty acids	Fatty acids	Fatty amides	N-acyl ethanolamines (endocannabinoids)	NPC class: N-acyl ethanolamines (endocannabinoids) / NPC pathway: Fatty acids	N-acyl ethanolamines (endocannabinoids)	29	1440	464268241.7	26270617827.66	0.0176725284782293	kruskal_wallis	0.893597347108515	0.991701292638876	ns	0.000587635320880891	0.00107123864046358
MDM_B_190626_PET100	PET	raw	class	N-acyl ethanolamines (endocannabinoids)	N-acyl ethanolamines (endocannabinoids)	pathway	Fatty acids	Fatty acids	Fatty amides	N-acyl ethanolamines (endocannabinoids)	NPC class: N-acyl ethanolamines (endocannabinoids) / NPC pathway: Fatty acids	N-acyl ethanolamines (endocannabinoids)	29	1440	406613633	29419865311.6	0.0138210569182883	kruskal_wallis	0.893597347108515	0.991701292638876	ns	0.000587635320880891	0.00107123864046358
MDM_B_190626_PS100	PS	raw	class	N-acyl ethanolamines (endocannabinoids)	N-acyl ethanolamines (endocannabinoids)	pathway	Fatty acids	Fatty acids	Fatty amides	N-acyl ethanolamines (endocannabinoids)	NPC class: N-acyl ethanolamines (endocannabinoids) / NPC pathway: Fatty acids	N-acyl ethanolamines (endocannabinoids)	29	1440	375028958.8	31808703086.2	0.0117901367365934	kruskal_wallis	0.893597347108515	0.991701292638876	ns	0.000587635320880891	0.00107123864046358
MDM_B_190626_untreated	Untreated	raw	class	N-acyl ethanolamines (endocannabinoids)	N-acyl ethanolamines (endocannabinoids)	pathway	Fatty acids	Fatty acids	Fatty amides	N-acyl ethanolamines (endocannabinoids)	NPC class: N-acyl ethanolamines (endocannabinoids) / NPC pathway: Fatty acids	N-acyl ethanolamines (endocannabinoids)	29	1440	445712252	23550848395.1	0.018925528478742	kruskal_wallis	0.893597347108515	0.991701292638876	ns	0.000587635320880891	0.00107123864046358
MDM_160526_PET05	PET	raw	class	Neutral glycosphingolipids	Neutral glycosphingolipids	pathway	Fatty acids	Fatty acids	Spingolipids	Neutral glycosphingolipids	NPC class: Neutral glycosphingolipids / NPC pathway: Fatty acids	Neutral glycosphingolipids	27	1440	140887033.6	22473036077.3	0.00626915887623702	kruskal_wallis	0.908615439356306	0.991701292638876	ns	0.00201410754036479	0.0004492041789462
MDM_160526_PET100	PET	raw	class	Neutral glycosphingolipids	Neutral glycosphingolipids	pathway	Fatty acids	Fatty acids	Spingolipids	Neutral glycosphingolipids	NPC class: Neutral glycosphingolipids / NPC pathway: Fatty acids	Neutral glycosphingolipids	27	1440	232485451.7	28244838693.3	0.00823107733857047	kruskal_wallis	0.908615439356306	0.991701292638876	ns	0.00201410754036479	0.0004492041789462
MDM_160526_PS05	PS	raw	class	Neutral glycosphingolipids	Neutral glycosphingolipids	pathway	Fatty acids	Fatty acids	Spingolipids	Neutral glycosphingolipids	NPC class: Neutral glycosphingolipids / NPC pathway: Fatty acids	Neutral glycosphingolipids	27	1440	110157296	20456769507.4	0.00538488229826082	kruskal_wallis	0.908615439356306	0.991701292638876	ns	0.00201410754036479	0.0004492041789462
MDM_160526_PS100	PS	raw	class	Neutral glycosphingolipids	Neutral glycosphingolipids	pathway	Fatty acids	Fatty acids	Spingolipids	Neutral glycosphingolipids	NPC class: Neutral glycosphingolipids / NPC pathway: Fatty acids	Neutral glycosphingolipids	27	1440	148477104.4	30211472297.4	0.00491459346762051	kruskal_wallis	0.908615439356306	0.991701292638876	ns	0.00201410754036479	0.0004492041789462
MDM_160526_untreated	Untreated	raw	class	Neutral glycosphingolipids	Neutral glycosphingolipids	pathway	Fatty acids	Fatty acids	Spingolipids	Neutral glycosphingolipids	NPC class: Neutral glycosphingolipids / NPC pathway: Fatty acids	Neutral glycosphingolipids	27	1440	125919951	26519025548.7	0.00474828725394749	kruskal_wallis	0.908615439356306	0.991701292638876	ns	0.00201410754036479	0.0004492041789462
MDM_A_190626_PET05	PET	raw	class	Neutral glycosphingolipids	Neutral glycosphingolipids	pathway	Fatty acids	Fatty acids	Spingolipids	Neutral glycosphingolipids	NPC class: Neutral glycosphingolipids / NPC pathway: Fatty acids	Neutral glycosphingolipids	27	1440	27374587.2	1459977984	0.01875	kruskal_wallis	0.908615439356306	0.991701292638876	ns	0.00201410754036479	0.0004492041789462
MDM_A_190626_PET100	PET	raw	class	Neutral glycosphingolipids	Neutral glycosphingolipids	pathway	Fatty acids	Fatty acids	Spingolipids	Neutral glycosphingolipids	NPC class: Neutral glycosphingolipids / NPC pathway: Fatty acids	Neutral glycosphingolipids	27	1440	160473657.2	38894935316.3	0.00412582398955036	kruskal_wallis	0.908615439356306	0.991701292638876	ns	0.00201410754036479	0.0004492041789462
MDM_A_190626_PS05	PS	raw	class	Neutral glycosphingolipids	Neutral glycosphingolipids	pathway	Fatty acids	Fatty acids	Spingolipids	Neutral glycosphingolipids	NPC class: Neutral glycosphingolipids / NPC pathway: Fatty acids	Neutral glycosphingolipids	27	1440	169543865.3	28257831826.4	0.00599988938789008	kruskal_wallis	0.908615439356306	0.991701292638876	ns	0.00201410754036479	0.0004492041789462
MDM_A_190626_PS100	PS	raw	class	Neutral glycosphingolipids	Neutral glycosphingolipids	pathway	Fatty acids	Fatty acids	Spingolipids	Neutral glycosphingolipids	NPC class: Neutral glycosphingolipids / NPC pathway: Fatty acids	Neutral glycosphingolipids	27	1440	242305971.4	25448591356.4	0.00952139032006041	kruskal_wallis	0.908615439356306	0.991701292638876	ns	0.00201410754036479	0.0004492041789462
MDM_A_190626_untreated	Untreated	raw	class	Neutral glycosphingolipids	Neutral glycosphingolipids	pathway	Fatty acids	Fatty acids	Spingolipids	Neutral glycosphingolipids	NPC class: Neutral glycosphingolipids / NPC pathway: Fatty acids	Neutral glycosphingolipids	27	1440	216287056.8	26876593288.9	0.00804741339332341	kruskal_wallis	0.908615439356306	0.991701292638876	ns	0.00201410754036479	0.0004492041789462
MDM_B_120626_PS05	PS	raw	class	Neutral glycosphingolipids	Neutral glycosphingolipids	pathway	Fatty acids	Fatty acids	Spingolipids	Neutral glycosphingolipids	NPC class: Neutral glycosphingolipids / NPC pathway: Fatty acids	Neutral glycosphingolipids	27	1440	69729825.5	26269246863.4	0.00265442804137457	kruskal_wallis	0.908615439356306	0.991701292638876	ns	0.00201410754036479	0.0004492041789462
MDM_B_190626_PET05	PET	raw	class	Neutral glycosphingolipids	Neutral glycosphingolipids	pathway	Fatty acids	Fatty acids	Spingolipids	Neutral glycosphingolipids	NPC class: Neutral glycosphingolipids / NPC pathway: Fatty acids	Neutral glycosphingolipids	27	1440	67538181.7	26270617827.66	0.00257086385036936	kruskal_wallis	0.908615439356306	0.991701292638876	ns	0.00201410754036479	0.0004492041789462
MDM_B_190626_PET100	PET	raw	class	Neutral glycosphingolipids	Neutral glycosphingolipids	pathway	Fatty acids	Fatty acids	Spingolipids	Neutral glycosphingolipids	NPC class: Neutral glycosphingolipids / NPC pathway: Fatty acids	Neutral glycosphingolipids	27	1440	110181179.7	29419865311.6	0.00374512862424821	kruskal_wallis	0.908615439356306	0.991701292638876	ns	0.00201410754036479	0.0004492041789462
MDM_B_190626_PS100	PS	raw	class	Neutral glycosphingolipids	Neutral glycosphingolipids	pathway	Fatty acids	Fatty acids	Spingolipids	Neutral glycosphingolipids	NPC class: Neutral glycosphingolipids / NPC pathway: Fatty acids	Neutral glycosphingolipids	27	1440	157957200.1	31808703086.2	0.00496584848718742	kruskal_wallis	0.908615439356306	0.991701292638876	ns	0.00201410754036479	0.0004492041789462
MDM_B_190626_untreated	Untreated	raw	class	Neutral glycosphingolipids	Neutral glycosphingolipids	pathway	Fatty acids	Fatty acids	Spingolipids	Neutral glycosphingolipids	NPC class: Neutral glycosphingolipids / NPC pathway: Fatty acids	Neutral glycosphingolipids	27	1440	70841024.3	23550848395.1	0.00300800307112245	kruskal_wallis	0.908615439356306	0.991701292638876	ns	0.00201410754036479	0.0004492041789462
MDM_160526_PET05	PET	raw	class	Nitro fatty acids	Nitro fatty acids	pathway	Fatty acids	Fatty acids	Fatty Acids and Conjugates | Fatty amides	Nitro fatty acids	NPC class: Nitro fatty acids / NPC pathway: Fatty acids	Nitro fatty acids	15	1440	218346943.1	22473036077.3	0.00971595214589417	kruskal_wallis	0.710585026912256	0.991701292638876	ns	0.00107439162499618	0.00115190183743904
MDM_160526_PET100	PET	raw	class	Nitro fatty acids	Nitro fatty acids	pathway	Fatty acids	Fatty acids	Fatty Acids and Conjugates | Fatty amides	Nitro fatty acids	NPC class: Nitro fatty acids / NPC pathway: Fatty acids	Nitro fatty acids	15	1440	280567571.1	28244838693.3	0.00993341028237325	kruskal_wallis	0.710585026912256	0.991701292638876	ns	0.00107439162499618	0.00115190183743904
MDM_160526_PS05	PS	raw	class	Nitro fatty acids	Nitro fatty acids	pathway	Fatty acids	Fatty acids	Fatty Acids and Conjugates | Fatty amides	Nitro fatty acids	NPC class: Nitro fatty acids / NPC pathway: Fatty acids	Nitro fatty acids	15	1440	158030599.8	20456769507.4	0.00772510047311401	kruskal_wallis	0.710585026912256	0.991701292638876	ns	0.00107439162499618	0.00115190183743904
MDM_160526_PS100	PS	raw	class	Nitro fatty acids	Nitro fatty acids	pathway	Fatty acids	Fatty acids	Fatty Acids and Conjugates | Fatty amides	Nitro fatty acids	NPC class: Nitro fatty acids / NPC pathway: Fatty acids	Nitro fatty acids	15	1440	413689055.8	30211472297.4	0.0136931114024391	kruskal_wallis	0.710585026912256	0.991701292638876	ns	0.00107439162499618	0.00115190183743904
MDM_160526_untreated	Untreated	raw	class	Nitro fatty acids	Nitro fatty acids	pathway	Fatty acids	Fatty acids	Fatty Acids and Conjugates | Fatty amides	Nitro fatty acids	NPC class: Nitro fatty acids / NPC pathway: Fatty acids	Nitro fatty acids	15	1440	248930859.3	26519025548.7	0.00938687806770498	kruskal_wallis	0.710585026912256	0.991701292638876	ns	0.00107439162499618	0.00115190183743904
MDM_A_190626_PET05	PET	raw	class	Nitro fatty acids	Nitro fatty acids	pathway	Fatty acids	Fatty acids	Fatty Acids and Conjugates | Fatty amides	Nitro fatty acids	NPC class: Nitro fatty acids / NPC pathway: Fatty acids	Nitro fatty acids	15	1440	15208104	1459977984	0.0104166666666667	kruskal_wallis	0.710585026912256	0.991701292638876	ns	0.00107439162499618	0.00115190183743904
MDM_A_190626_PET100	PET	raw	class	Nitro fatty acids	Nitro fatty acids	pathway	Fatty acids	Fatty acids	Fatty Acids and Conjugates | Fatty amides	Nitro fatty acids	NPC class: Nitro fatty acids / NPC pathway: Fatty acids	Nitro fatty acids	15	1440	344996552	38894935316.3	0.00886996081094958	kruskal_wallis	0.710585026912256	0.991701292638876	ns	0.00107439162499618	0.00115190183743904
MDM_A_190626_PS05	PS	raw	class	Nitro fatty acids	Nitro fatty acids	pathway	Fatty acids	Fatty acids	Fatty Acids and Conjugates | Fatty amides	Nitro fatty acids	NPC class: Nitro fatty acids / NPC pathway: Fatty acids	Nitro fatty acids	15	1440	180115113.6	28257831826.4	0.00637398915481288	kruskal_wallis	0.710585026912256	0.991701292638876	ns	0.00107439162499618	0.00115190183743904
MDM_A_190626_PS100	PS	raw	class	Nitro fatty acids	Nitro fatty acids	pathway	Fatty acids	Fatty acids	Fatty Acids and Conjugates | Fatty amides	Nitro fatty acids	NPC class: Nitro fatty acids / NPC pathway: Fatty acids	Nitro fatty acids	15	1440	222544164.7	25448591356.4	0.00874485198741788	kruskal_wallis	0.710585026912256	0.991701292638876	ns	0.00107439162499618	0.00115190183743904
MDM_A_190626_untreated	Untreated	raw	class	Nitro fatty acids	Nitro fatty acids	pathway	Fatty acids	Fatty acids	Fatty Acids and Conjugates | Fatty amides	Nitro fatty acids	NPC class: Nitro fatty acids / NPC pathway: Fatty acids	Nitro fatty acids	15	1440	257853333.7	26876593288.9	0.00959397386894615	kruskal_wallis	0.710585026912256	0.991701292638876	ns	0.00107439162499618	0.00115190183743904
MDM_B_120626_PS05	PS	raw	class	Nitro fatty acids	Nitro fatty acids	pathway	Fatty acids	Fatty acids	Fatty Acids and Conjugates | Fatty amides	Nitro fatty acids	NPC class: Nitro fatty acids / NPC pathway: Fatty acids	Nitro fatty acids	15	1440	244381846.8	26269246863.4	0.00930296357831592	kruskal_wallis	0.710585026912256	0.991701292638876	ns	0.00107439162499618	0.00115190183743904
MDM_B_190626_PET05	PET	raw	class	Nitro fatty acids	Nitro fatty acids	pathway	Fatty acids	Fatty acids	Fatty Acids and Conjugates | Fatty amides	Nitro fatty acids	NPC class: Nitro fatty acids / NPC pathway: Fatty acids	Nitro fatty acids	15	1440	149593108.2	26270617827.66	0.00569431252745397	kruskal_wallis	0.710585026912256	0.991701292638876	ns	0.00107439162499618	0.00115190183743904
MDM_B_190626_PET100	PET	raw	class	Nitro fatty acids	Nitro fatty acids	pathway	Fatty acids	Fatty acids	Fatty Acids and Conjugates | Fatty amides	Nitro fatty acids	NPC class: Nitro fatty acids / NPC pathway: Fatty acids	Nitro fatty acids	15	1440	189660540.3	29419865311.6	0.00644668282098554	kruskal_wallis	0.710585026912256	0.991701292638876	ns	0.00107439162499618	0.00115190183743904
MDM_B_190626_PS100	PS	raw	class	Nitro fatty acids	Nitro fatty acids	pathway	Fatty acids	Fatty acids	Fatty Acids and Conjugates | Fatty amides	Nitro fatty acids	NPC class: Nitro fatty acids / NPC pathway: Fatty acids	Nitro fatty acids	15	1440	156754830.5	31808703086.2	0.00492804846759084	kruskal_wallis	0.710585026912256	0.991701292638876	ns	0.00107439162499618	0.00115190183743904
MDM_B_190626_untreated	Untreated	raw	class	Nitro fatty acids	Nitro fatty acids	pathway	Fatty acids	Fatty acids	Fatty Acids and Conjugates | Fatty amides	Nitro fatty acids	NPC class: Nitro fatty acids / NPC pathway: Fatty acids	Nitro fatty acids	15	1440	78529498.9	23550848395.1	0.00333446581552191	kruskal_wallis	0.710585026912256	0.991701292638876	ns	0.00107439162499618	0.00115190183743904
MDM_160526_PET05	PET	raw	class	Open-chain polyketides	Open-chain polyketides	pathway	Polyketides	Polyketides	Linear polyketides | Macrolides	Open-chain polyketides	NPC class: Open-chain polyketides / NPC pathway: Polyketides	Open-chain polyketides	7	150	47301666.6	600553025.5	0.078763513947196	kruskal_wallis	0.971254575213674	0.991701292638876	ns	0.0127225456505988	0.0174308903608134
MDM_160526_PET100	PET	raw	class	Open-chain polyketides	Open-chain polyketides	pathway	Polyketides	Polyketides	Linear polyketides | Macrolides	Open-chain polyketides	NPC class: Open-chain polyketides / NPC pathway: Polyketides	Open-chain polyketides	7	150	68784482.7	742612221.2	0.0926250346228479	kruskal_wallis	0.971254575213674	0.991701292638876	ns	0.0127225456505988	0.0174308903608134
MDM_160526_PS05	PS	raw	class	Open-chain polyketides	Open-chain polyketides	pathway	Polyketides	Polyketides	Linear polyketides | Macrolides	Open-chain polyketides	NPC class: Open-chain polyketides / NPC pathway: Polyketides	Open-chain polyketides	7	150	41138028.8	638761702.1	0.064402779103309	kruskal_wallis	0.971254575213674	0.991701292638876	ns	0.0127225456505988	0.0174308903608134
MDM_160526_PS100	PS	raw	class	Open-chain polyketides	Open-chain polyketides	pathway	Polyketides	Polyketides	Linear polyketides | Macrolides	Open-chain polyketides	NPC class: Open-chain polyketides / NPC pathway: Polyketides	Open-chain polyketides	7	150	81052994	877091373.9	0.0924111174866498	kruskal_wallis	0.971254575213674	0.991701292638876	ns	0.0127225456505988	0.0174308903608134
MDM_160526_untreated	Untreated	raw	class	Open-chain polyketides	Open-chain polyketides	pathway	Polyketides	Polyketides	Linear polyketides | Macrolides	Open-chain polyketides	NPC class: Open-chain polyketides / NPC pathway: Polyketides	Open-chain polyketides	7	150	44146936.6	719115917.9	0.0613905707009243	kruskal_wallis	0.971254575213674	0.991701292638876	ns	0.0127225456505988	0.0174308903608134
MDM_A_190626_PET05	PET	raw	class	Open-chain polyketides	Open-chain polyketides	pathway	Polyketides	Polyketides	Linear polyketides | Macrolides	Open-chain polyketides	NPC class: Open-chain polyketides / NPC pathway: Polyketides	Open-chain polyketides	7	150	7097115.2	154388751.9	0.0459691208890458	kruskal_wallis	0.971254575213674	0.991701292638876	ns	0.0127225456505988	0.0174308903608134
MDM_A_190626_PET100	PET	raw	class	Open-chain polyketides	Open-chain polyketides	pathway	Polyketides	Polyketides	Linear polyketides | Macrolides	Open-chain polyketides	NPC class: Open-chain polyketides / NPC pathway: Polyketides	Open-chain polyketides	7	150	69524703.4	10556045796.8	0.00658624495747034	kruskal_wallis	0.971254575213674	0.991701292638876	ns	0.0127225456505988	0.0174308903608134
MDM_A_190626_PS05	PS	raw	class	Open-chain polyketides	Open-chain polyketides	pathway	Polyketides	Polyketides	Linear polyketides | Macrolides	Open-chain polyketides	NPC class: Open-chain polyketides / NPC pathway: Polyketides	Open-chain polyketides	7	150	73524577.1	8195354836.4	0.00897149404360597	kruskal_wallis	0.971254575213674	0.991701292638876	ns	0.0127225456505988	0.0174308903608134
MDM_A_190626_PS100	PS	raw	class	Open-chain polyketides	Open-chain polyketides	pathway	Polyketides	Polyketides	Linear polyketides | Macrolides	Open-chain polyketides	NPC class: Open-chain polyketides / NPC pathway: Polyketides	Open-chain polyketides	7	150	78378860.4	4981492138.2	0.0157340126663978	kruskal_wallis	0.971254575213674	0.991701292638876	ns	0.0127225456505988	0.0174308903608134
MDM_A_190626_untreated	Untreated	raw	class	Open-chain polyketides	Open-chain polyketides	pathway	Polyketides	Polyketides	Linear polyketides | Macrolides	Open-chain polyketides	NPC class: Open-chain polyketides / NPC pathway: Polyketides	Open-chain polyketides	7	150	76855888.3	7088900344.6	0.0108417222085151	kruskal_wallis	0.971254575213674	0.991701292638876	ns	0.0127225456505988	0.0174308903608134
MDM_B_120626_PS05	PS	raw	class	Open-chain polyketides	Open-chain polyketides	pathway	Polyketides	Polyketides	Linear polyketides | Macrolides	Open-chain polyketides	NPC class: Open-chain polyketides / NPC pathway: Polyketides	Open-chain polyketides	7	150	62339343.4	7364168721.5	0.00846522476026353	kruskal_wallis	0.971254575213674	0.991701292638876	ns	0.0127225456505988	0.0174308903608134
MDM_B_190626_PET05	PET	raw	class	Open-chain polyketides	Open-chain polyketides	pathway	Polyketides	Polyketides	Linear polyketides | Macrolides	Open-chain polyketides	NPC class: Open-chain polyketides / NPC pathway: Polyketides	Open-chain polyketides	7	150	53951464.4	6775025783.1	0.00796328547333052	kruskal_wallis	0.971254575213674	0.991701292638876	ns	0.0127225456505988	0.0174308903608134
MDM_B_190626_PET100	PET	raw	class	Open-chain polyketides	Open-chain polyketides	pathway	Polyketides	Polyketides	Linear polyketides | Macrolides	Open-chain polyketides	NPC class: Open-chain polyketides / NPC pathway: Polyketides	Open-chain polyketides	7	150	82991845.9	7636027125.6	0.0108684587593681	kruskal_wallis	0.971254575213674	0.991701292638876	ns	0.0127225456505988	0.0174308903608134
MDM_B_190626_PS100	PS	raw	class	Open-chain polyketides	Open-chain polyketides	pathway	Polyketides	Polyketides	Linear polyketides | Macrolides	Open-chain polyketides	NPC class: Open-chain polyketides / NPC pathway: Polyketides	Open-chain polyketides	7	150	125086376.2	5539891023.3	0.0225792124202271	kruskal_wallis	0.971254575213674	0.991701292638876	ns	0.0127225456505988	0.0174308903608134
MDM_B_190626_untreated	Untreated	raw	class	Open-chain polyketides	Open-chain polyketides	pathway	Polyketides	Polyketides	Linear polyketides | Macrolides	Open-chain polyketides	NPC class: Open-chain polyketides / NPC pathway: Polyketides	Open-chain polyketides	7	150	68996061.2	6279276710.7	0.0109878994633935	kruskal_wallis	0.971254575213674	0.991701292638876	ns	0.0127225456505988	0.0174308903608134
MDM_160526_PET05	PET	raw	class	Other Octadecanoids	Other Octadecanoids	pathway	Fatty acids	Fatty acids	Fatty Acids and Conjugates | Octadecanoids	Other Octadecanoids	NPC class: Other Octadecanoids / NPC pathway: Fatty acids	Other Octadecanoids	15	1440	714767419.7	22473036077.3	0.0318055565452496	kruskal_wallis	0.640290478248926	0.991701292638876	ns	0.00726730037319214	0.00479928253554321
MDM_160526_PET100	PET	raw	class	Other Octadecanoids	Other Octadecanoids	pathway	Fatty acids	Fatty acids	Fatty Acids and Conjugates | Octadecanoids	Other Octadecanoids	NPC class: Other Octadecanoids / NPC pathway: Fatty acids	Other Octadecanoids	15	1440	949823407.4	28244838693.3	0.0336282114305474	kruskal_wallis	0.640290478248926	0.991701292638876	ns	0.00726730037319214	0.00479928253554321
MDM_160526_PS05	PS	raw	class	Other Octadecanoids	Other Octadecanoids	pathway	Fatty acids	Fatty acids	Fatty Acids and Conjugates | Octadecanoids	Other Octadecanoids	NPC class: Other Octadecanoids / NPC pathway: Fatty acids	Other Octadecanoids	15	1440	569399281.9	20456769507.4	0.0278342717648564	kruskal_wallis	0.640290478248926	0.991701292638876	ns	0.00726730037319214	0.00479928253554321
MDM_160526_PS100	PS	raw	class	Other Octadecanoids	Other Octadecanoids	pathway	Fatty acids	Fatty acids	Fatty Acids and Conjugates | Octadecanoids	Other Octadecanoids	NPC class: Other Octadecanoids / NPC pathway: Fatty acids	Other Octadecanoids	15	1440	1730971435.6	30211472297.4	0.0572951698136528	kruskal_wallis	0.640290478248926	0.991701292638876	ns	0.00726730037319214	0.00479928253554321
MDM_160526_untreated	Untreated	raw	class	Other Octadecanoids	Other Octadecanoids	pathway	Fatty acids	Fatty acids	Fatty Acids and Conjugates | Octadecanoids	Other Octadecanoids	NPC class: Other Octadecanoids / NPC pathway: Fatty acids	Other Octadecanoids	15	1440	696739917.2	26519025548.7	0.0262732096215411	kruskal_wallis	0.640290478248926	0.991701292638876	ns	0.00726730037319214	0.00479928253554321
MDM_A_190626_PET05	PET	raw	class	Other Octadecanoids	Other Octadecanoids	pathway	Fatty acids	Fatty acids	Fatty Acids and Conjugates | Octadecanoids	Other Octadecanoids	NPC class: Other Octadecanoids / NPC pathway: Fatty acids	Other Octadecanoids	15	1440	15208104	1459977984	0.0104166666666667	kruskal_wallis	0.640290478248926	0.991701292638876	ns	0.00726730037319214	0.00479928253554321
MDM_A_190626_PET100	PET	raw	class	Other Octadecanoids	Other Octadecanoids	pathway	Fatty acids	Fatty acids	Fatty Acids and Conjugates | Octadecanoids	Other Octadecanoids	NPC class: Other Octadecanoids / NPC pathway: Fatty acids	Other Octadecanoids	15	1440	696832258.9	38894935316.3	0.0179157582660376	kruskal_wallis	0.640290478248926	0.991701292638876	ns	0.00726730037319214	0.00479928253554321
MDM_A_190626_PS05	PS	raw	class	Other Octadecanoids	Other Octadecanoids	pathway	Fatty acids	Fatty acids	Fatty Acids and Conjugates | Octadecanoids	Other Octadecanoids	NPC class: Other Octadecanoids / NPC pathway: Fatty acids	Other Octadecanoids	15	1440	506510318.3	28257831826.4	0.0179245995025984	kruskal_wallis	0.640290478248926	0.991701292638876	ns	0.00726730037319214	0.00479928253554321
MDM_A_190626_PS100	PS	raw	class	Other Octadecanoids	Other Octadecanoids	pathway	Fatty acids	Fatty acids	Fatty Acids and Conjugates | Octadecanoids	Other Octadecanoids	NPC class: Other Octadecanoids / NPC pathway: Fatty acids	Other Octadecanoids	15	1440	442428748.2	25448591356.4	0.017385195982124	kruskal_wallis	0.640290478248926	0.991701292638876	ns	0.00726730037319214	0.00479928253554321
MDM_A_190626_untreated	Untreated	raw	class	Other Octadecanoids	Other Octadecanoids	pathway	Fatty acids	Fatty acids	Fatty Acids and Conjugates | Octadecanoids	Other Octadecanoids	NPC class: Other Octadecanoids / NPC pathway: Fatty acids	Other Octadecanoids	15	1440	672394109	26876593288.9	0.025017832497309	kruskal_wallis	0.640290478248926	0.991701292638876	ns	0.00726730037319214	0.00479928253554321
MDM_B_120626_PS05	PS	raw	class	Other Octadecanoids	Other Octadecanoids	pathway	Fatty acids	Fatty acids	Fatty Acids and Conjugates | Octadecanoids	Other Octadecanoids	NPC class: Other Octadecanoids / NPC pathway: Fatty acids	Other Octadecanoids	15	1440	890681721.6	26269246863.4	0.0339058719966942	kruskal_wallis	0.640290478248926	0.991701292638876	ns	0.00726730037319214	0.00479928253554321
MDM_B_190626_PET05	PET	raw	class	Other Octadecanoids	Other Octadecanoids	pathway	Fatty acids	Fatty acids	Fatty Acids and Conjugates | Octadecanoids	Other Octadecanoids	NPC class: Other Octadecanoids / NPC pathway: Fatty acids	Other Octadecanoids	15	1440	351814112.9	26270617827.66	0.0133919238294266	kruskal_wallis	0.640290478248926	0.991701292638876	ns	0.00726730037319214	0.00479928253554321
MDM_B_190626_PET100	PET	raw	class	Other Octadecanoids	Other Octadecanoids	pathway	Fatty acids	Fatty acids	Fatty Acids and Conjugates | Octadecanoids	Other Octadecanoids	NPC class: Other Octadecanoids / NPC pathway: Fatty acids	Other Octadecanoids	15	1440	662574838.2	29419865311.6	0.022521341657494	kruskal_wallis	0.640290478248926	0.991701292638876	ns	0.00726730037319214	0.00479928253554321
MDM_B_190626_PS100	PS	raw	class	Other Octadecanoids	Other Octadecanoids	pathway	Fatty acids	Fatty acids	Fatty Acids and Conjugates | Octadecanoids	Other Octadecanoids	NPC class: Other Octadecanoids / NPC pathway: Fatty acids	Other Octadecanoids	15	1440	494675643.2	31808703086.2	0.0155515816491937	kruskal_wallis	0.640290478248926	0.991701292638876	ns	0.00726730037319214	0.00479928253554321
MDM_B_190626_untreated	Untreated	raw	class	Other Octadecanoids	Other Octadecanoids	pathway	Fatty acids	Fatty acids	Fatty Acids and Conjugates | Octadecanoids	Other Octadecanoids	NPC class: Other Octadecanoids / NPC pathway: Fatty acids	Other Octadecanoids	15	1440	279204777.9	23550848395.1	0.0118554021161332	kruskal_wallis	0.640290478248926	0.991701292638876	ns	0.00726730037319214	0.00479928253554321
MDM_160526_PET05	PET	raw	class	Oxo fatty acids	Oxo fatty acids	pathway	Fatty acids	Fatty acids	Fatty Acids and Conjugates	Oxo fatty acids	NPC class: Oxo fatty acids / NPC pathway: Fatty acids	Oxo fatty acids	2	1440	6841650.5	22473036077.3	0.000304438193240421	kruskal_wallis	0.769126364368571	0.991701292638876	ns	0.000184562318943245	5.24187566413395e-05
MDM_160526_PET100	PET	raw	class	Oxo fatty acids	Oxo fatty acids	pathway	Fatty acids	Fatty acids	Fatty Acids and Conjugates	Oxo fatty acids	NPC class: Oxo fatty acids / NPC pathway: Fatty acids	Oxo fatty acids	2	1440	7940460	28244838693.3	0.000281129592780559	kruskal_wallis	0.769126364368571	0.991701292638876	ns	0.000184562318943245	5.24187566413395e-05
MDM_160526_PS05	PS	raw	class	Oxo fatty acids	Oxo fatty acids	pathway	Fatty acids	Fatty acids	Fatty Acids and Conjugates	Oxo fatty acids	NPC class: Oxo fatty acids / NPC pathway: Fatty acids	Oxo fatty acids	2	1440	3909739.8	20456769507.4	0.000191122053684268	kruskal_wallis	0.769126364368571	0.991701292638876	ns	0.000184562318943245	5.24187566413395e-05
MDM_160526_PS100	PS	raw	class	Oxo fatty acids	Oxo fatty acids	pathway	Fatty acids	Fatty acids	Fatty Acids and Conjugates	Oxo fatty acids	NPC class: Oxo fatty acids / NPC pathway: Fatty acids	Oxo fatty acids	2	1440	17381153.2	30211472297.4	0.000575316324504179	kruskal_wallis	0.769126364368571	0.991701292638876	ns	0.000184562318943245	5.24187566413395e-05
MDM_160526_untreated	Untreated	raw	class	Oxo fatty acids	Oxo fatty acids	pathway	Fatty acids	Fatty acids	Fatty Acids and Conjugates	Oxo fatty acids	NPC class: Oxo fatty acids / NPC pathway: Fatty acids	Oxo fatty acids	2	1440	12990533.5	26519025548.7	0.0004898571207356	kruskal_wallis	0.769126364368571	0.991701292638876	ns	0.000184562318943245	5.24187566413395e-05
MDM_A_190626_PET05	PET	raw	class	Oxo fatty acids	Oxo fatty acids	pathway	Fatty acids	Fatty acids	Fatty Acids and Conjugates	Oxo fatty acids	NPC class: Oxo fatty acids / NPC pathway: Fatty acids	Oxo fatty acids	2	1440	2027747.2	1459977984	0.00138888888888889	kruskal_wallis	0.769126364368571	0.991701292638876	ns	0.000184562318943245	5.24187566413395e-05
MDM_A_190626_PET100	PET	raw	class	Oxo fatty acids	Oxo fatty acids	pathway	Fatty acids	Fatty acids	Fatty Acids and Conjugates	Oxo fatty acids	NPC class: Oxo fatty acids / NPC pathway: Fatty acids	Oxo fatty acids	2	1440	17608133	38894935316.3	0.000452710175677316	kruskal_wallis	0.769126364368571	0.991701292638876	ns	0.000184562318943245	5.24187566413395e-05
MDM_A_190626_PS05	PS	raw	class	Oxo fatty acids	Oxo fatty acids	pathway	Fatty acids	Fatty acids	Fatty Acids and Conjugates	Oxo fatty acids	NPC class: Oxo fatty acids / NPC pathway: Fatty acids	Oxo fatty acids	2	1440	4390017.6	28257831826.4	0.000155355783379622	kruskal_wallis	0.769126364368571	0.991701292638876	ns	0.000184562318943245	5.24187566413395e-05
MDM_A_190626_PS100	PS	raw	class	Oxo fatty acids	Oxo fatty acids	pathway	Fatty acids	Fatty acids	Fatty Acids and Conjugates	Oxo fatty acids	NPC class: Oxo fatty acids / NPC pathway: Fatty acids	Oxo fatty acids	2	1440	9649947.5	25448591356.4	0.000379193777952396	kruskal_wallis	0.769126364368571	0.991701292638876	ns	0.000184562318943245	5.24187566413395e-05
MDM_A_190626_untreated	Untreated	raw	class	Oxo fatty acids	Oxo fatty acids	pathway	Fatty acids	Fatty acids	Fatty Acids and Conjugates	Oxo fatty acids	NPC class: Oxo fatty acids / NPC pathway: Fatty acids	Oxo fatty acids	2	1440	6540446.6	26876593288.9	0.000243351027777066	kruskal_wallis	0.769126364368571	0.991701292638876	ns	0.000184562318943245	5.24187566413395e-05
MDM_B_120626_PS05	PS	raw	class	Oxo fatty acids	Oxo fatty acids	pathway	Fatty acids	Fatty acids	Fatty Acids and Conjugates	Oxo fatty acids	NPC class: Oxo fatty acids / NPC pathway: Fatty acids	Oxo fatty acids	2	1440	7607789.8	26269246863.4	0.000289608219054032	kruskal_wallis	0.769126364368571	0.991701292638876	ns	0.000184562318943245	5.24187566413395e-05
MDM_B_190626_PET05	PET	raw	class	Oxo fatty acids	Oxo fatty acids	pathway	Fatty acids	Fatty acids	Fatty Acids and Conjugates	Oxo fatty acids	NPC class: Oxo fatty acids / NPC pathway: Fatty acids	Oxo fatty acids	2	1440	4102490.4	26270617827.66	0.000156162691982087	kruskal_wallis	0.769126364368571	0.991701292638876	ns	0.000184562318943245	5.24187566413395e-05
MDM_B_190626_PET100	PET	raw	class	Oxo fatty acids	Oxo fatty acids	pathway	Fatty acids	Fatty acids	Fatty Acids and Conjugates	Oxo fatty acids	NPC class: Oxo fatty acids / NPC pathway: Fatty acids	Oxo fatty acids	2	1440	4785502.8	29419865311.6	0.00016266229465412	kruskal_wallis	0.769126364368571	0.991701292638876	ns	0.000184562318943245	5.24187566413395e-05
MDM_B_190626_PS100	PS	raw	class	Oxo fatty acids	Oxo fatty acids	pathway	Fatty acids	Fatty acids	Fatty Acids and Conjugates	Oxo fatty acids	NPC class: Oxo fatty acids / NPC pathway: Fatty acids	Oxo fatty acids	2	1440	3844632.4	31808703086.2	0.000120867310735092	kruskal_wallis	0.769126364368571	0.991701292638876	ns	0.000184562318943245	5.24187566413395e-05
MDM_B_190626_untreated	Untreated	raw	class	Oxo fatty acids	Oxo fatty acids	pathway	Fatty acids	Fatty acids	Fatty Acids and Conjugates	Oxo fatty acids	NPC class: Oxo fatty acids / NPC pathway: Fatty acids	Oxo fatty acids	2	1440	2027747.2	23550848395.1	8.61008132692958e-05	kruskal_wallis	0.769126364368571	0.991701292638876	ns	0.000184562318943245	5.24187566413395e-05
MDM_160526_PET05	PET	raw	class	Phosphosphingolipids	Phosphosphingolipids	pathway	Fatty acids	Fatty acids	Spingolipids	Phosphosphingolipids	NPC class: Phosphosphingolipids / NPC pathway: Fatty acids	Phosphosphingolipids	27	1440	235497246.7	22473036077.3	0.0104791024181141	kruskal_wallis	0.908615439356306	0.991701292638876	ns	0.00135080095547147	0.00304360073861588
MDM_160526_PET100	PET	raw	class	Phosphosphingolipids	Phosphosphingolipids	pathway	Fatty acids	Fatty acids	Spingolipids	Phosphosphingolipids	NPC class: Phosphosphingolipids / NPC pathway: Fatty acids	Phosphosphingolipids	27	1440	583060735	28244838693.3	0.0206430895687257	kruskal_wallis	0.908615439356306	0.991701292638876	ns	0.00135080095547147	0.00304360073861588
MDM_160526_PS05	PS	raw	class	Phosphosphingolipids	Phosphosphingolipids	pathway	Fatty acids	Fatty acids	Spingolipids	Phosphosphingolipids	NPC class: Phosphosphingolipids / NPC pathway: Fatty acids	Phosphosphingolipids	27	1440	153533203.2	20456769507.4	0.00750525165493316	kruskal_wallis	0.908615439356306	0.991701292638876	ns	0.00135080095547147	0.00304360073861588
MDM_160526_PS100	PS	raw	class	Phosphosphingolipids	Phosphosphingolipids	pathway	Fatty acids	Fatty acids	Spingolipids	Phosphosphingolipids	NPC class: Phosphosphingolipids / NPC pathway: Fatty acids	Phosphosphingolipids	27	1440	271132919.8	30211472297.4	0.00897450204117771	kruskal_wallis	0.908615439356306	0.991701292638876	ns	0.00135080095547147	0.00304360073861588
MDM_160526_untreated	Untreated	raw	class	Phosphosphingolipids	Phosphosphingolipids	pathway	Fatty acids	Fatty acids	Spingolipids	Phosphosphingolipids	NPC class: Phosphosphingolipids / NPC pathway: Fatty acids	Phosphosphingolipids	27	1440	219218343.8	26519025548.7	0.00826645546976919	kruskal_wallis	0.908615439356306	0.991701292638876	ns	0.00135080095547147	0.00304360073861588
MDM_A_190626_PET05	PET	raw	class	Phosphosphingolipids	Phosphosphingolipids	pathway	Fatty acids	Fatty acids	Spingolipids	Phosphosphingolipids	NPC class: Phosphosphingolipids / NPC pathway: Fatty acids	Phosphosphingolipids	27	1440	27374587.2	1459977984	0.01875	kruskal_wallis	0.908615439356306	0.991701292638876	ns	0.00135080095547147	0.00304360073861588
MDM_A_190626_PET100	PET	raw	class	Phosphosphingolipids	Phosphosphingolipids	pathway	Fatty acids	Fatty acids	Spingolipids	Phosphosphingolipids	NPC class: Phosphosphingolipids / NPC pathway: Fatty acids	Phosphosphingolipids	27	1440	433669701.9	38894935316.3	0.0111497730584542	kruskal_wallis	0.908615439356306	0.991701292638876	ns	0.00135080095547147	0.00304360073861588
MDM_A_190626_PS05	PS	raw	class	Phosphosphingolipids	Phosphosphingolipids	pathway	Fatty acids	Fatty acids	Spingolipids	Phosphosphingolipids	NPC class: Phosphosphingolipids / NPC pathway: Fatty acids	Phosphosphingolipids	27	1440	330666347.5	28257831826.4	0.0117017593399036	kruskal_wallis	0.908615439356306	0.991701292638876	ns	0.00135080095547147	0.00304360073861588
MDM_A_190626_PS100	PS	raw	class	Phosphosphingolipids	Phosphosphingolipids	pathway	Fatty acids	Fatty acids	Spingolipids	Phosphosphingolipids	NPC class: Phosphosphingolipids / NPC pathway: Fatty acids	Phosphosphingolipids	27	1440	716501403.3	25448591356.4	0.0281548551456389	kruskal_wallis	0.908615439356306	0.991701292638876	ns	0.00135080095547147	0.00304360073861588
MDM_A_190626_untreated	Untreated	raw	class	Phosphosphingolipids	Phosphosphingolipids	pathway	Fatty acids	Fatty acids	Spingolipids	Phosphosphingolipids	NPC class: Phosphosphingolipids / NPC pathway: Fatty acids	Phosphosphingolipids	27	1440	573726637.6	26876593288.9	0.0213467023678536	kruskal_wallis	0.908615439356306	0.991701292638876	ns	0.00135080095547147	0.00304360073861588
MDM_B_120626_PS05	PS	raw	class	Phosphosphingolipids	Phosphosphingolipids	pathway	Fatty acids	Fatty acids	Spingolipids	Phosphosphingolipids	NPC class: Phosphosphingolipids / NPC pathway: Fatty acids	Phosphosphingolipids	27	1440	129498466.6	26269246863.4	0.00492966042282794	kruskal_wallis	0.908615439356306	0.991701292638876	ns	0.00135080095547147	0.00304360073861588
MDM_B_190626_PET05	PET	raw	class	Phosphosphingolipids	Phosphosphingolipids	pathway	Fatty acids	Fatty acids	Spingolipids	Phosphosphingolipids	NPC class: Phosphosphingolipids / NPC pathway: Fatty acids	Phosphosphingolipids	27	1440	120118817.8	26270617827.66	0.00457236364169283	kruskal_wallis	0.908615439356306	0.991701292638876	ns	0.00135080095547147	0.00304360073861588
MDM_B_190626_PET100	PET	raw	class	Phosphosphingolipids	Phosphosphingolipids	pathway	Fatty acids	Fatty acids	Spingolipids	Phosphosphingolipids	NPC class: Phosphosphingolipids / NPC pathway: Fatty acids	Phosphosphingolipids	27	1440	337455839	29419865311.6	0.011470339358316	kruskal_wallis	0.908615439356306	0.991701292638876	ns	0.00135080095547147	0.00304360073861588
MDM_B_190626_PS100	PS	raw	class	Phosphosphingolipids	Phosphosphingolipids	pathway	Fatty acids	Fatty acids	Spingolipids	Phosphosphingolipids	NPC class: Phosphosphingolipids / NPC pathway: Fatty acids	Phosphosphingolipids	27	1440	474743666.7	31808703086.2	0.0149249614300045	kruskal_wallis	0.908615439356306	0.991701292638876	ns	0.00135080095547147	0.00304360073861588
MDM_B_190626_untreated	Untreated	raw	class	Phosphosphingolipids	Phosphosphingolipids	pathway	Fatty acids	Fatty acids	Spingolipids	Phosphosphingolipids	NPC class: Phosphosphingolipids / NPC pathway: Fatty acids	Phosphosphingolipids	27	1440	114616640.6	23550848395.1	0.00486677331861417	kruskal_wallis	0.908615439356306	0.991701292638876	ns	0.00135080095547147	0.00304360073861588
MDM_160526_PET05	PET	raw	class	Polyene macrolides	Polyene macrolides	pathway	Polyketides	Polyketides	Macrolides	Polyene macrolides	NPC class: Polyene macrolides / NPC pathway: Polyketides	Polyene macrolides	4	150	5892850.6	600553025.5	0.00981237351205385	kruskal_wallis	0.951229424500713	0.991701292638876	ns	0.00437729636099632	0.0042338611073145
MDM_160526_PET100	PET	raw	class	Polyene macrolides	Polyene macrolides	pathway	Polyketides	Polyketides	Macrolides	Polyene macrolides	NPC class: Polyene macrolides / NPC pathway: Polyketides	Polyene macrolides	4	150	8067976.2	742612221.2	0.010864319182578	kruskal_wallis	0.951229424500713	0.991701292638876	ns	0.00437729636099632	0.0042338611073145
MDM_160526_PS05	PS	raw	class	Polyene macrolides	Polyene macrolides	pathway	Polyketides	Polyketides	Macrolides	Polyene macrolides	NPC class: Polyene macrolides / NPC pathway: Polyketides	Polyene macrolides	4	150	6798392.7	638761702.1	0.0106430812580803	kruskal_wallis	0.951229424500713	0.991701292638876	ns	0.00437729636099632	0.0042338611073145
MDM_160526_PS100	PS	raw	class	Polyene macrolides	Polyene macrolides	pathway	Polyketides	Polyketides	Macrolides	Polyene macrolides	NPC class: Polyene macrolides / NPC pathway: Polyketides	Polyene macrolides	4	150	6139232	877091373.9	0.0069995352624457	kruskal_wallis	0.951229424500713	0.991701292638876	ns	0.00437729636099632	0.0042338611073145
MDM_160526_untreated	Untreated	raw	class	Polyene macrolides	Polyene macrolides	pathway	Polyketides	Polyketides	Macrolides	Polyene macrolides	NPC class: Polyene macrolides / NPC pathway: Polyketides	Polyene macrolides	4	150	6975280.8	719115917.9	0.00969980030531042	kruskal_wallis	0.951229424500713	0.991701292638876	ns	0.00437729636099632	0.0042338611073145
MDM_A_190626_PET05	PET	raw	class	Polyene macrolides	Polyene macrolides	pathway	Polyketides	Polyketides	Macrolides	Polyene macrolides	NPC class: Polyene macrolides / NPC pathway: Polyketides	Polyene macrolides	4	150	4055494.4	154388751.9	0.0262680690794547	kruskal_wallis	0.951229424500713	0.991701292638876	ns	0.00437729636099632	0.0042338611073145
MDM_A_190626_PET100	PET	raw	class	Polyene macrolides	Polyene macrolides	pathway	Polyketides	Polyketides	Macrolides	Polyene macrolides	NPC class: Polyene macrolides / NPC pathway: Polyketides	Polyene macrolides	4	150	6210517.9	10556045796.8	0.000588337528990513	kruskal_wallis	0.951229424500713	0.991701292638876	ns	0.00437729636099632	0.0042338611073145
MDM_A_190626_PS05	PS	raw	class	Polyene macrolides	Polyene macrolides	pathway	Polyketides	Polyketides	Macrolides	Polyene macrolides	NPC class: Polyene macrolides / NPC pathway: Polyketides	Polyene macrolides	4	150	7395738.8	8195354836.4	0.0009024305777648	kruskal_wallis	0.951229424500713	0.991701292638876	ns	0.00437729636099632	0.0042338611073145
MDM_A_190626_PS100	PS	raw	class	Polyene macrolides	Polyene macrolides	pathway	Polyketides	Polyketides	Macrolides	Polyene macrolides	NPC class: Polyene macrolides / NPC pathway: Polyketides	Polyene macrolides	4	150	10151478.3	4981492138.2	0.00203783886802803	kruskal_wallis	0.951229424500713	0.991701292638876	ns	0.00437729636099632	0.0042338611073145
MDM_A_190626_untreated	Untreated	raw	class	Polyene macrolides	Polyene macrolides	pathway	Polyketides	Polyketides	Macrolides	Polyene macrolides	NPC class: Polyene macrolides / NPC pathway: Polyketides	Polyene macrolides	4	150	8744753.1	7088900344.6	0.00123358386701844	kruskal_wallis	0.951229424500713	0.991701292638876	ns	0.00437729636099632	0.0042338611073145
MDM_B_120626_PS05	PS	raw	class	Polyene macrolides	Polyene macrolides	pathway	Polyketides	Polyketides	Macrolides	Polyene macrolides	NPC class: Polyene macrolides / NPC pathway: Polyketides	Polyene macrolides	4	150	6315442.6	7364168721.5	0.000857590698806479	kruskal_wallis	0.951229424500713	0.991701292638876	ns	0.00437729636099632	0.0042338611073145
MDM_B_190626_PET05	PET	raw	class	Polyene macrolides	Polyene macrolides	pathway	Polyketides	Polyketides	Macrolides	Polyene macrolides	NPC class: Polyene macrolides / NPC pathway: Polyketides	Polyene macrolides	4	150	7605077.8	6775025783.1	0.00112251643661202	kruskal_wallis	0.951229424500713	0.991701292638876	ns	0.00437729636099632	0.0042338611073145
MDM_B_190626_PET100	PET	raw	class	Polyene macrolides	Polyene macrolides	pathway	Polyketides	Polyketides	Macrolides	Polyene macrolides	NPC class: Polyene macrolides / NPC pathway: Polyketides	Polyene macrolides	4	150	6209358.9	7636027125.6	0.000813166165843354	kruskal_wallis	0.951229424500713	0.991701292638876	ns	0.00437729636099632	0.0042338611073145
MDM_B_190626_PS100	PS	raw	class	Polyene macrolides	Polyene macrolides	pathway	Polyketides	Polyketides	Macrolides	Polyene macrolides	NPC class: Polyene macrolides / NPC pathway: Polyketides	Polyene macrolides	4	150	9775287.7	5539891023.3	0.00176452707442918	kruskal_wallis	0.951229424500713	0.991701292638876	ns	0.00437729636099632	0.0042338611073145
MDM_B_190626_untreated	Untreated	raw	class	Polyene macrolides	Polyene macrolides	pathway	Polyketides	Polyketides	Macrolides	Polyene macrolides	NPC class: Polyene macrolides / NPC pathway: Polyketides	Polyene macrolides	4	150	5559788.9	6279276710.7	0.000885418680550583	kruskal_wallis	0.951229424500713	0.991701292638876	ns	0.00437729636099632	0.0042338611073145
MDM_160526_PET05	PET	raw	class	Prenyl quinone meroterpenoids	Prenyl quinone meroterpenoids	pathway	Terpenoids	Terpenoids	Fatty esters | Meroterpenoids | Steroids	Prenyl quinone meroterpenoids	NPC class: Prenyl quinone meroterpenoids / NPC pathway: Terpenoids	Prenyl quinone meroterpenoids	18	328	455265668.5	11424929845.4	0.0398484432430281	kruskal_wallis	0.341297755300994	0.991701292638876	ns	0.0396908756893333	0.0182486037618701
MDM_160526_PET100	PET	raw	class	Prenyl quinone meroterpenoids	Prenyl quinone meroterpenoids	pathway	Terpenoids	Terpenoids	Fatty esters | Meroterpenoids | Steroids	Prenyl quinone meroterpenoids	NPC class: Prenyl quinone meroterpenoids / NPC pathway: Terpenoids	Prenyl quinone meroterpenoids	18	328	508931222.9	12419174723.5	0.0409794720044467	kruskal_wallis	0.341297755300994	0.991701292638876	ns	0.0396908756893333	0.0182486037618701
MDM_160526_PS05	PS	raw	class	Prenyl quinone meroterpenoids	Prenyl quinone meroterpenoids	pathway	Terpenoids	Terpenoids	Fatty esters | Meroterpenoids | Steroids	Prenyl quinone meroterpenoids	NPC class: Prenyl quinone meroterpenoids / NPC pathway: Terpenoids	Prenyl quinone meroterpenoids	18	328	413096497.6	11192569017.8	0.0369081036661946	kruskal_wallis	0.341297755300994	0.991701292638876	ns	0.0396908756893333	0.0182486037618701
MDM_160526_PS100	PS	raw	class	Prenyl quinone meroterpenoids	Prenyl quinone meroterpenoids	pathway	Terpenoids	Terpenoids	Fatty esters | Meroterpenoids | Steroids	Prenyl quinone meroterpenoids	NPC class: Prenyl quinone meroterpenoids / NPC pathway: Terpenoids	Prenyl quinone meroterpenoids	18	328	514134479.5	12332953384.6	0.0416878636825136	kruskal_wallis	0.341297755300994	0.991701292638876	ns	0.0396908756893333	0.0182486037618701
MDM_160526_untreated	Untreated	raw	class	Prenyl quinone meroterpenoids	Prenyl quinone meroterpenoids	pathway	Terpenoids	Terpenoids	Fatty esters | Meroterpenoids | Steroids	Prenyl quinone meroterpenoids	NPC class: Prenyl quinone meroterpenoids / NPC pathway: Terpenoids	Prenyl quinone meroterpenoids	18	328	1068759179.9	13761025227.8	0.0776656653270931	kruskal_wallis	0.341297755300994	0.991701292638876	ns	0.0396908756893333	0.0182486037618701
MDM_A_190626_PET05	PET	raw	class	Prenyl quinone meroterpenoids	Prenyl quinone meroterpenoids	pathway	Terpenoids	Terpenoids	Fatty esters | Meroterpenoids | Steroids	Prenyl quinone meroterpenoids	NPC class: Prenyl quinone meroterpenoids / NPC pathway: Terpenoids	Prenyl quinone meroterpenoids	18	328	18249724.8	338567248.3	0.0539028062862984	kruskal_wallis	0.341297755300994	0.991701292638876	ns	0.0396908756893333	0.0182486037618701
MDM_A_190626_PET100	PET	raw	class	Prenyl quinone meroterpenoids	Prenyl quinone meroterpenoids	pathway	Terpenoids	Terpenoids	Fatty esters | Meroterpenoids | Steroids	Prenyl quinone meroterpenoids	NPC class: Prenyl quinone meroterpenoids / NPC pathway: Terpenoids	Prenyl quinone meroterpenoids	18	328	4115798530.8	25155865783	0.163611881471454	kruskal_wallis	0.341297755300994	0.991701292638876	ns	0.0396908756893333	0.0182486037618701
MDM_A_190626_PS05	PS	raw	class	Prenyl quinone meroterpenoids	Prenyl quinone meroterpenoids	pathway	Terpenoids	Terpenoids	Fatty esters | Meroterpenoids | Steroids	Prenyl quinone meroterpenoids	NPC class: Prenyl quinone meroterpenoids / NPC pathway: Terpenoids	Prenyl quinone meroterpenoids	18	328	751286200.3	14287611092.7	0.0525830522279443	kruskal_wallis	0.341297755300994	0.991701292638876	ns	0.0396908756893333	0.0182486037618701
MDM_A_190626_PS100	PS	raw	class	Prenyl quinone meroterpenoids	Prenyl quinone meroterpenoids	pathway	Terpenoids	Terpenoids	Fatty esters | Meroterpenoids | Steroids	Prenyl quinone meroterpenoids	NPC class: Prenyl quinone meroterpenoids / NPC pathway: Terpenoids	Prenyl quinone meroterpenoids	18	328	275785033.5	8548257803.5	0.032262133388991	kruskal_wallis	0.341297755300994	0.991701292638876	ns	0.0396908756893333	0.0182486037618701
MDM_A_190626_untreated	Untreated	raw	class	Prenyl quinone meroterpenoids	Prenyl quinone meroterpenoids	pathway	Terpenoids	Terpenoids	Fatty esters | Meroterpenoids | Steroids	Prenyl quinone meroterpenoids	NPC class: Prenyl quinone meroterpenoids / NPC pathway: Terpenoids	Prenyl quinone meroterpenoids	18	328	286543703.3	10571590523.7	0.0271050702027864	kruskal_wallis	0.341297755300994	0.991701292638876	ns	0.0396908756893333	0.0182486037618701
MDM_B_120626_PS05	PS	raw	class	Prenyl quinone meroterpenoids	Prenyl quinone meroterpenoids	pathway	Terpenoids	Terpenoids	Fatty esters | Meroterpenoids | Steroids	Prenyl quinone meroterpenoids	NPC class: Prenyl quinone meroterpenoids / NPC pathway: Terpenoids	Prenyl quinone meroterpenoids	18	328	671285437.6	13340032138.9	0.0503211259620963	kruskal_wallis	0.341297755300994	0.991701292638876	ns	0.0396908756893333	0.0182486037618701
MDM_B_190626_PET05	PET	raw	class	Prenyl quinone meroterpenoids	Prenyl quinone meroterpenoids	pathway	Terpenoids	Terpenoids	Fatty esters | Meroterpenoids | Steroids	Prenyl quinone meroterpenoids	NPC class: Prenyl quinone meroterpenoids / NPC pathway: Terpenoids	Prenyl quinone meroterpenoids	18	328	2551174579.2	16214852534.7	0.157335663321048	kruskal_wallis	0.341297755300994	0.991701292638876	ns	0.0396908756893333	0.0182486037618701
MDM_B_190626_PET100	PET	raw	class	Prenyl quinone meroterpenoids	Prenyl quinone meroterpenoids	pathway	Terpenoids	Terpenoids	Fatty esters | Meroterpenoids | Steroids	Prenyl quinone meroterpenoids	NPC class: Prenyl quinone meroterpenoids / NPC pathway: Terpenoids	Prenyl quinone meroterpenoids	18	328	401338523.4	12908450200.3	0.0310911470527014	kruskal_wallis	0.341297755300994	0.991701292638876	ns	0.0396908756893333	0.0182486037618701
MDM_B_190626_PS100	PS	raw	class	Prenyl quinone meroterpenoids	Prenyl quinone meroterpenoids	pathway	Terpenoids	Terpenoids	Fatty esters | Meroterpenoids | Steroids	Prenyl quinone meroterpenoids	NPC class: Prenyl quinone meroterpenoids / NPC pathway: Terpenoids	Prenyl quinone meroterpenoids	18	328	436892573.6	12532100094.7	0.0348618803152369	kruskal_wallis	0.341297755300994	0.991701292638876	ns	0.0396908756893333	0.0182486037618701
MDM_B_190626_untreated	Untreated	raw	class	Prenyl quinone meroterpenoids	Prenyl quinone meroterpenoids	pathway	Terpenoids	Terpenoids	Fatty esters | Meroterpenoids | Steroids	Prenyl quinone meroterpenoids	NPC class: Prenyl quinone meroterpenoids / NPC pathway: Terpenoids	Prenyl quinone meroterpenoids	18	328	356612019.9	12215863240.9	0.0291925353835024	kruskal_wallis	0.341297755300994	0.991701292638876	ns	0.0396908756893333	0.0182486037618701
MDM_160526_PET05	PET	raw	class	Primary amides	Primary amides	pathway	Fatty acids	Fatty acids	Fatty amides	Primary amides	NPC class: Primary amides / NPC pathway: Fatty acids	Primary amides	33	1440	1512522402.6	22473036077.3	0.0673038746254583	kruskal_wallis	0.959189457109137	0.991701292638876	ns	0.00323697121900201	0.0113649747355
MDM_160526_PET100	PET	raw	class	Primary amides	Primary amides	pathway	Fatty acids	Fatty acids	Fatty amides	Primary amides	NPC class: Primary amides / NPC pathway: Fatty acids	Primary amides	33	1440	1380226538.6	28244838693.3	0.0488665045528267	kruskal_wallis	0.959189457109137	0.991701292638876	ns	0.00323697121900201	0.0113649747355
MDM_160526_PS05	PS	raw	class	Primary amides	Primary amides	pathway	Fatty acids	Fatty acids	Fatty amides	Primary amides	NPC class: Primary amides / NPC pathway: Fatty acids	Primary amides	33	1440	1134277824.4	20456769507.4	0.0554475536320477	kruskal_wallis	0.959189457109137	0.991701292638876	ns	0.00323697121900201	0.0113649747355
MDM_160526_PS100	PS	raw	class	Primary amides	Primary amides	pathway	Fatty acids	Fatty acids	Fatty amides	Primary amides	NPC class: Primary amides / NPC pathway: Fatty acids	Primary amides	33	1440	1688855497.7	30211472297.4	0.0559011318970159	kruskal_wallis	0.959189457109137	0.991701292638876	ns	0.00323697121900201	0.0113649747355
MDM_160526_untreated	Untreated	raw	class	Primary amides	Primary amides	pathway	Fatty acids	Fatty acids	Fatty amides	Primary amides	NPC class: Primary amides / NPC pathway: Fatty acids	Primary amides	33	1440	1889437415.1	26519025548.7	0.0712483726685283	kruskal_wallis	0.959189457109137	0.991701292638876	ns	0.00323697121900201	0.0113649747355
MDM_A_190626_PET05	PET	raw	class	Primary amides	Primary amides	pathway	Fatty acids	Fatty acids	Fatty amides	Primary amides	NPC class: Primary amides / NPC pathway: Fatty acids	Primary amides	33	1440	33457828.8	1459977984	0.0229166666666667	kruskal_wallis	0.959189457109137	0.991701292638876	ns	0.00323697121900201	0.0113649747355
MDM_A_190626_PET100	PET	raw	class	Primary amides	Primary amides	pathway	Fatty acids	Fatty acids	Fatty amides	Primary amides	NPC class: Primary amides / NPC pathway: Fatty acids	Primary amides	33	1440	3335564140.1	38894935316.3	0.0857583156515018	kruskal_wallis	0.959189457109137	0.991701292638876	ns	0.00323697121900201	0.0113649747355
MDM_A_190626_PS05	PS	raw	class	Primary amides	Primary amides	pathway	Fatty acids	Fatty acids	Fatty amides	Primary amides	NPC class: Primary amides / NPC pathway: Fatty acids	Primary amides	33	1440	1553673852.4	28257831826.4	0.0549820616792147	kruskal_wallis	0.959189457109137	0.991701292638876	ns	0.00323697121900201	0.0113649747355
MDM_A_190626_PS100	PS	raw	class	Primary amides	Primary amides	pathway	Fatty acids	Fatty acids	Fatty amides	Primary amides	NPC class: Primary amides / NPC pathway: Fatty acids	Primary amides	33	1440	528364712.8	25448591356.4	0.020762041615601	kruskal_wallis	0.959189457109137	0.991701292638876	ns	0.00323697121900201	0.0113649747355
MDM_A_190626_untreated	Untreated	raw	class	Primary amides	Primary amides	pathway	Fatty acids	Fatty acids	Fatty amides	Primary amides	NPC class: Primary amides / NPC pathway: Fatty acids	Primary amides	33	1440	532197800.8	26876593288.9	0.0198015349296444	kruskal_wallis	0.959189457109137	0.991701292638876	ns	0.00323697121900201	0.0113649747355
MDM_B_120626_PS05	PS	raw	class	Primary amides	Primary amides	pathway	Fatty acids	Fatty acids	Fatty amides	Primary amides	NPC class: Primary amides / NPC pathway: Fatty acids	Primary amides	33	1440	1886066455.7	26269246863.4	0.0717975077666878	kruskal_wallis	0.959189457109137	0.991701292638876	ns	0.00323697121900201	0.0113649747355
MDM_B_190626_PET05	PET	raw	class	Primary amides	Primary amides	pathway	Fatty acids	Fatty acids	Fatty amides	Primary amides	NPC class: Primary amides / NPC pathway: Fatty acids	Primary amides	33	1440	962002135.2	26270617827.66	0.0366189383710314	kruskal_wallis	0.959189457109137	0.991701292638876	ns	0.00323697121900201	0.0113649747355
MDM_B_190626_PET100	PET	raw	class	Primary amides	Primary amides	pathway	Fatty acids	Fatty acids	Fatty amides	Primary amides	NPC class: Primary amides / NPC pathway: Fatty acids	Primary amides	33	1440	1142466374.7	29419865311.6	0.0388331612874358	kruskal_wallis	0.959189457109137	0.991701292638876	ns	0.00323697121900201	0.0113649747355
MDM_B_190626_PS100	PS	raw	class	Primary amides	Primary amides	pathway	Fatty acids	Fatty acids	Fatty amides	Primary amides	NPC class: Primary amides / NPC pathway: Fatty acids	Primary amides	33	1440	703605534.4	31808703086.2	0.0221199063820132	kruskal_wallis	0.959189457109137	0.991701292638876	ns	0.00323697121900201	0.0113649747355
MDM_B_190626_untreated	Untreated	raw	class	Primary amides	Primary amides	pathway	Fatty acids	Fatty acids	Fatty amides	Primary amides	NPC class: Primary amides / NPC pathway: Fatty acids	Primary amides	33	1440	1163127165	23550848395.1	0.0493879093222816	kruskal_wallis	0.959189457109137	0.991701292638876	ns	0.00323697121900201	0.0113649747355
MDM_160526_PET05	PET	raw	class	Pyridine alkaloids	Pyridine alkaloids	pathway	Alkaloids	Alkaloids	Nicotinic acid alkaloids	Pyridine alkaloids	NPC class: Pyridine alkaloids / NPC pathway: Alkaloids	Pyridine alkaloids	1	93	1013873.6	550808546.9	0.00184070055867174	kruskal_wallis	0.756413823738094	0.991701292638876	ns	0.00162067053641661	0.000476250529623785
MDM_160526_PET100	PET	raw	class	Pyridine alkaloids	Pyridine alkaloids	pathway	Alkaloids	Alkaloids	Nicotinic acid alkaloids	Pyridine alkaloids	NPC class: Pyridine alkaloids / NPC pathway: Alkaloids	Pyridine alkaloids	1	93	1013873.6	583831736.5	0.00173658528068044	kruskal_wallis	0.756413823738094	0.991701292638876	ns	0.00162067053641661	0.000476250529623785
MDM_160526_PS05	PS	raw	class	Pyridine alkaloids	Pyridine alkaloids	pathway	Alkaloids	Alkaloids	Nicotinic acid alkaloids	Pyridine alkaloids	NPC class: Pyridine alkaloids / NPC pathway: Alkaloids	Pyridine alkaloids	1	93	1013873.6	638209892.3	0.00158862094153096	kruskal_wallis	0.756413823738094	0.991701292638876	ns	0.00162067053641661	0.000476250529623785
MDM_160526_PS100	PS	raw	class	Pyridine alkaloids	Pyridine alkaloids	pathway	Alkaloids	Alkaloids	Nicotinic acid alkaloids	Pyridine alkaloids	NPC class: Pyridine alkaloids / NPC pathway: Alkaloids	Pyridine alkaloids	1	93	1013873.6	597964616.7	0.00169554112682333	kruskal_wallis	0.756413823738094	0.991701292638876	ns	0.00162067053641661	0.000476250529623785
MDM_160526_untreated	Untreated	raw	class	Pyridine alkaloids	Pyridine alkaloids	pathway	Alkaloids	Alkaloids	Nicotinic acid alkaloids	Pyridine alkaloids	NPC class: Pyridine alkaloids / NPC pathway: Alkaloids	Pyridine alkaloids	1	93	1013873.6	704625527.6	0.00143888286797289	kruskal_wallis	0.756413823738094	0.991701292638876	ns	0.00162067053641661	0.000476250529623785
MDM_A_190626_PET05	PET	raw	class	Pyridine alkaloids	Pyridine alkaloids	pathway	Alkaloids	Alkaloids	Nicotinic acid alkaloids	Pyridine alkaloids	NPC class: Pyridine alkaloids / NPC pathway: Alkaloids	Pyridine alkaloids	1	93	1013873.6	94290244.8	0.010752688172043	kruskal_wallis	0.756413823738094	0.991701292638876	ns	0.00162067053641661	0.000476250529623785
MDM_A_190626_PET100	PET	raw	class	Pyridine alkaloids	Pyridine alkaloids	pathway	Alkaloids	Alkaloids	Nicotinic acid alkaloids	Pyridine alkaloids	NPC class: Pyridine alkaloids / NPC pathway: Alkaloids	Pyridine alkaloids	1	93	1013873.6	1952488677.2	0.000519272460751969	kruskal_wallis	0.756413823738094	0.991701292638876	ns	0.00162067053641661	0.000476250529623785
MDM_A_190626_PS05	PS	raw	class	Pyridine alkaloids	Pyridine alkaloids	pathway	Alkaloids	Alkaloids	Nicotinic acid alkaloids	Pyridine alkaloids	NPC class: Pyridine alkaloids / NPC pathway: Alkaloids	Pyridine alkaloids	1	93	1013873.6	1946448747.8	0.000520883789591657	kruskal_wallis	0.756413823738094	0.991701292638876	ns	0.00162067053641661	0.000476250529623785
MDM_A_190626_PS100	PS	raw	class	Pyridine alkaloids	Pyridine alkaloids	pathway	Alkaloids	Alkaloids	Nicotinic acid alkaloids	Pyridine alkaloids	NPC class: Pyridine alkaloids / NPC pathway: Alkaloids	Pyridine alkaloids	1	93	1013873.6	599674082.7	0.00169070771815765	kruskal_wallis	0.756413823738094	0.991701292638876	ns	0.00162067053641661	0.000476250529623785
MDM_A_190626_untreated	Untreated	raw	class	Pyridine alkaloids	Pyridine alkaloids	pathway	Alkaloids	Alkaloids	Nicotinic acid alkaloids	Pyridine alkaloids	NPC class: Pyridine alkaloids / NPC pathway: Alkaloids	Pyridine alkaloids	1	93	1013873.6	1543184201	0.000657001023820098	kruskal_wallis	0.756413823738094	0.991701292638876	ns	0.00162067053641661	0.000476250529623785
MDM_B_120626_PS05	PS	raw	class	Pyridine alkaloids	Pyridine alkaloids	pathway	Alkaloids	Alkaloids	Nicotinic acid alkaloids	Pyridine alkaloids	NPC class: Pyridine alkaloids / NPC pathway: Alkaloids	Pyridine alkaloids	1	93	1013873.6	1284156567.2	0.000789524911444926	kruskal_wallis	0.756413823738094	0.991701292638876	ns	0.00162067053641661	0.000476250529623785
MDM_B_190626_PET05	PET	raw	class	Pyridine alkaloids	Pyridine alkaloids	pathway	Alkaloids	Alkaloids	Nicotinic acid alkaloids	Pyridine alkaloids	NPC class: Pyridine alkaloids / NPC pathway: Alkaloids	Pyridine alkaloids	1	93	1013873.6	1568991523.9	0.000646194440540916	kruskal_wallis	0.756413823738094	0.991701292638876	ns	0.00162067053641661	0.000476250529623785
MDM_B_190626_PET100	PET	raw	class	Pyridine alkaloids	Pyridine alkaloids	pathway	Alkaloids	Alkaloids	Nicotinic acid alkaloids	Pyridine alkaloids	NPC class: Pyridine alkaloids / NPC pathway: Alkaloids	Pyridine alkaloids	1	93	1013873.6	1356937732.2	0.000747177689838582	kruskal_wallis	0.756413823738094	0.991701292638876	ns	0.00162067053641661	0.000476250529623785
MDM_B_190626_PS100	PS	raw	class	Pyridine alkaloids	Pyridine alkaloids	pathway	Alkaloids	Alkaloids	Nicotinic acid alkaloids	Pyridine alkaloids	NPC class: Pyridine alkaloids / NPC pathway: Alkaloids	Pyridine alkaloids	1	93	1013873.6	538597945.3	0.00188243124365295	kruskal_wallis	0.756413823738094	0.991701292638876	ns	0.00162067053641661	0.000476250529623785
MDM_B_190626_untreated	Untreated	raw	class	Pyridine alkaloids	Pyridine alkaloids	pathway	Alkaloids	Alkaloids	Nicotinic acid alkaloids	Pyridine alkaloids	NPC class: Pyridine alkaloids / NPC pathway: Alkaloids	Pyridine alkaloids	1	93	1013873.6	871464306	0.00116341380022052	kruskal_wallis	0.756413823738094	0.991701292638876	ns	0.00162067053641661	0.000476250529623785
MDM_160526_PET05	PET	raw	class	Simple phenolic acids	Simple phenolic acids	pathway	Shikimates and Phenylpropanoids	Shikimates and Phenylpropanoids	Phenolic acids (C6-C1)	Simple phenolic acids	NPC class: Simple phenolic acids / NPC pathway: Shikimates and Phenylpropanoids	Simple phenolic acids	1	44	1013873.6	156541070.1	0.00647672588000278	kruskal_wallis	0.991701292638876	0.991701292638876	ns	0.00240085991840038	7.24027327209074e-05
MDM_160526_PET100	PET	raw	class	Simple phenolic acids	Simple phenolic acids	pathway	Shikimates and Phenylpropanoids	Shikimates and Phenylpropanoids	Phenolic acids (C6-C1)	Simple phenolic acids	NPC class: Simple phenolic acids / NPC pathway: Shikimates and Phenylpropanoids	Simple phenolic acids	1	44	1013873.6	180942395	0.00560329490498896	kruskal_wallis	0.991701292638876	0.991701292638876	ns	0.00240085991840038	7.24027327209074e-05
MDM_160526_PS05	PS	raw	class	Simple phenolic acids	Simple phenolic acids	pathway	Shikimates and Phenylpropanoids	Shikimates and Phenylpropanoids	Phenolic acids (C6-C1)	Simple phenolic acids	NPC class: Simple phenolic acids / NPC pathway: Shikimates and Phenylpropanoids	Simple phenolic acids	1	44	1013873.6	145061714.6	0.00698925697104645	kruskal_wallis	0.991701292638876	0.991701292638876	ns	0.00240085991840038	7.24027327209074e-05
MDM_160526_PS100	PS	raw	class	Simple phenolic acids	Simple phenolic acids	pathway	Shikimates and Phenylpropanoids	Shikimates and Phenylpropanoids	Phenolic acids (C6-C1)	Simple phenolic acids	NPC class: Simple phenolic acids / NPC pathway: Shikimates and Phenylpropanoids	Simple phenolic acids	1	44	1013873.6	193111262.1	0.00525020441052775	kruskal_wallis	0.991701292638876	0.991701292638876	ns	0.00240085991840038	7.24027327209074e-05
MDM_160526_untreated	Untreated	raw	class	Simple phenolic acids	Simple phenolic acids	pathway	Shikimates and Phenylpropanoids	Shikimates and Phenylpropanoids	Phenolic acids (C6-C1)	Simple phenolic acids	NPC class: Simple phenolic acids / NPC pathway: Shikimates and Phenylpropanoids	Simple phenolic acids	1	44	1013873.6	180555053.7	0.00561531554627429	kruskal_wallis	0.991701292638876	0.991701292638876	ns	0.00240085991840038	7.24027327209074e-05
MDM_A_190626_PET05	PET	raw	class	Simple phenolic acids	Simple phenolic acids	pathway	Shikimates and Phenylpropanoids	Shikimates and Phenylpropanoids	Phenolic acids (C6-C1)	Simple phenolic acids	NPC class: Simple phenolic acids / NPC pathway: Shikimates and Phenylpropanoids	Simple phenolic acids	1	44	1013873.6	44610438.4	0.0227272727272727	kruskal_wallis	0.991701292638876	0.991701292638876	ns	0.00240085991840038	7.24027327209074e-05
MDM_A_190626_PET100	PET	raw	class	Simple phenolic acids	Simple phenolic acids	pathway	Shikimates and Phenylpropanoids	Shikimates and Phenylpropanoids	Phenolic acids (C6-C1)	Simple phenolic acids	NPC class: Simple phenolic acids / NPC pathway: Shikimates and Phenylpropanoids	Simple phenolic acids	1	44	1013873.6	299146470.6	0.00338922133350418	kruskal_wallis	0.991701292638876	0.991701292638876	ns	0.00240085991840038	7.24027327209074e-05
MDM_A_190626_PS05	PS	raw	class	Simple phenolic acids	Simple phenolic acids	pathway	Shikimates and Phenylpropanoids	Shikimates and Phenylpropanoids	Phenolic acids (C6-C1)	Simple phenolic acids	NPC class: Simple phenolic acids / NPC pathway: Shikimates and Phenylpropanoids	Simple phenolic acids	1	44	1013873.6	212426317.8	0.00477282481050472	kruskal_wallis	0.991701292638876	0.991701292638876	ns	0.00240085991840038	7.24027327209074e-05
MDM_A_190626_PS100	PS	raw	class	Simple phenolic acids	Simple phenolic acids	pathway	Shikimates and Phenylpropanoids	Shikimates and Phenylpropanoids	Phenolic acids (C6-C1)	Simple phenolic acids	NPC class: Simple phenolic acids / NPC pathway: Shikimates and Phenylpropanoids	Simple phenolic acids	1	44	1013873.6	223680452.3	0.00453268754410508	kruskal_wallis	0.991701292638876	0.991701292638876	ns	0.00240085991840038	7.24027327209074e-05
MDM_A_190626_untreated	Untreated	raw	class	Simple phenolic acids	Simple phenolic acids	pathway	Shikimates and Phenylpropanoids	Shikimates and Phenylpropanoids	Phenolic acids (C6-C1)	Simple phenolic acids	NPC class: Simple phenolic acids / NPC pathway: Shikimates and Phenylpropanoids	Simple phenolic acids	1	44	1013873.6	294172894.2	0.00344652284418392	kruskal_wallis	0.991701292638876	0.991701292638876	ns	0.00240085991840038	7.24027327209074e-05
MDM_B_120626_PS05	PS	raw	class	Simple phenolic acids	Simple phenolic acids	pathway	Shikimates and Phenylpropanoids	Shikimates and Phenylpropanoids	Phenolic acids (C6-C1)	Simple phenolic acids	NPC class: Simple phenolic acids / NPC pathway: Shikimates and Phenylpropanoids	Simple phenolic acids	1	44	1013873.6	172085450.6	0.00589168692916797	kruskal_wallis	0.991701292638876	0.991701292638876	ns	0.00240085991840038	7.24027327209074e-05
MDM_B_190626_PET05	PET	raw	class	Simple phenolic acids	Simple phenolic acids	pathway	Shikimates and Phenylpropanoids	Shikimates and Phenylpropanoids	Phenolic acids (C6-C1)	Simple phenolic acids	NPC class: Simple phenolic acids / NPC pathway: Shikimates and Phenylpropanoids	Simple phenolic acids	1	44	1013873.6	245667618.8	0.00412701358425834	kruskal_wallis	0.991701292638876	0.991701292638876	ns	0.00240085991840038	7.24027327209074e-05
MDM_B_190626_PET100	PET	raw	class	Simple phenolic acids	Simple phenolic acids	pathway	Shikimates and Phenylpropanoids	Shikimates and Phenylpropanoids	Phenolic acids (C6-C1)	Simple phenolic acids	NPC class: Simple phenolic acids / NPC pathway: Shikimates and Phenylpropanoids	Simple phenolic acids	1	44	1013873.6	178392029.6	0.00568340190014857	kruskal_wallis	0.991701292638876	0.991701292638876	ns	0.00240085991840038	7.24027327209074e-05
MDM_B_190626_PS100	PS	raw	class	Simple phenolic acids	Simple phenolic acids	pathway	Shikimates and Phenylpropanoids	Shikimates and Phenylpropanoids	Phenolic acids (C6-C1)	Simple phenolic acids	NPC class: Simple phenolic acids / NPC pathway: Shikimates and Phenylpropanoids	Simple phenolic acids	1	44	1013873.6	164453444.4	0.00616511015442131	kruskal_wallis	0.991701292638876	0.991701292638876	ns	0.00240085991840038	7.24027327209074e-05
MDM_B_190626_untreated	Untreated	raw	class	Simple phenolic acids	Simple phenolic acids	pathway	Shikimates and Phenylpropanoids	Shikimates and Phenylpropanoids	Phenolic acids (C6-C1)	Simple phenolic acids	NPC class: Simple phenolic acids / NPC pathway: Shikimates and Phenylpropanoids	Simple phenolic acids	1	44	1013873.6	122720072.1	0.0082616770235747	kruskal_wallis	0.991701292638876	0.991701292638876	ns	0.00240085991840038	7.24027327209074e-05
MDM_160526_PET05	PET	raw	class	Sphingoid bases	Sphingoid bases	pathway	Fatty acids	Fatty acids	Fatty amides | Spingolipids	Sphingoid bases	NPC class: Sphingoid bases / NPC pathway: Fatty acids	Sphingoid bases	30	1440	62030987.9	22473036077.3	0.00276024065847772	kruskal_wallis	0.893597347108515	0.991701292638876	ns	0.0046488341368603	0.00341233795550594
MDM_160526_PET100	PET	raw	class	Sphingoid bases	Sphingoid bases	pathway	Fatty acids	Fatty acids	Fatty amides | Spingolipids	Sphingoid bases	NPC class: Sphingoid bases / NPC pathway: Fatty acids	Sphingoid bases	30	1440	73578938.7	28244838693.3	0.00260504014552768	kruskal_wallis	0.893597347108515	0.991701292638876	ns	0.0046488341368603	0.00341233795550594
MDM_160526_PS05	PS	raw	class	Sphingoid bases	Sphingoid bases	pathway	Fatty acids	Fatty acids	Fatty amides | Spingolipids	Sphingoid bases	NPC class: Sphingoid bases / NPC pathway: Fatty acids	Sphingoid bases	30	1440	64708762.3	20456769507.4	0.00316319555131089	kruskal_wallis	0.893597347108515	0.991701292638876	ns	0.0046488341368603	0.00341233795550594
MDM_160526_PS100	PS	raw	class	Sphingoid bases	Sphingoid bases	pathway	Fatty acids	Fatty acids	Fatty amides | Spingolipids	Sphingoid bases	NPC class: Sphingoid bases / NPC pathway: Fatty acids	Sphingoid bases	30	1440	60815503.6	30211472297.4	0.00201299370654087	kruskal_wallis	0.893597347108515	0.991701292638876	ns	0.0046488341368603	0.00341233795550594
MDM_160526_untreated	Untreated	raw	class	Sphingoid bases	Sphingoid bases	pathway	Fatty acids	Fatty acids	Fatty amides | Spingolipids	Sphingoid bases	NPC class: Sphingoid bases / NPC pathway: Fatty acids	Sphingoid bases	30	1440	64482159.7	26519025548.7	0.00243154333033783	kruskal_wallis	0.893597347108515	0.991701292638876	ns	0.0046488341368603	0.00341233795550594
MDM_A_190626_PET05	PET	raw	class	Sphingoid bases	Sphingoid bases	pathway	Fatty acids	Fatty acids	Fatty amides | Spingolipids	Sphingoid bases	NPC class: Sphingoid bases / NPC pathway: Fatty acids	Sphingoid bases	30	1440	30416208	1459977984	0.0208333333333333	kruskal_wallis	0.893597347108515	0.991701292638876	ns	0.0046488341368603	0.00341233795550594
MDM_A_190626_PET100	PET	raw	class	Sphingoid bases	Sphingoid bases	pathway	Fatty acids	Fatty acids	Fatty amides | Spingolipids	Sphingoid bases	NPC class: Sphingoid bases / NPC pathway: Fatty acids	Sphingoid bases	30	1440	439955089.9	38894935316.3	0.0113113721959482	kruskal_wallis	0.893597347108515	0.991701292638876	ns	0.0046488341368603	0.00341233795550594
MDM_A_190626_PS05	PS	raw	class	Sphingoid bases	Sphingoid bases	pathway	Fatty acids	Fatty acids	Fatty amides | Spingolipids	Sphingoid bases	NPC class: Sphingoid bases / NPC pathway: Fatty acids	Sphingoid bases	30	1440	447826627.7	28257831826.4	0.0158478764560279	kruskal_wallis	0.893597347108515	0.991701292638876	ns	0.0046488341368603	0.00341233795550594
MDM_A_190626_PS100	PS	raw	class	Sphingoid bases	Sphingoid bases	pathway	Fatty acids	Fatty acids	Fatty amides | Spingolipids	Sphingoid bases	NPC class: Sphingoid bases / NPC pathway: Fatty acids	Sphingoid bases	30	1440	494295775.9	25448591356.4	0.0194233059495331	kruskal_wallis	0.893597347108515	0.991701292638876	ns	0.0046488341368603	0.00341233795550594
MDM_A_190626_untreated	Untreated	raw	class	Sphingoid bases	Sphingoid bases	pathway	Fatty acids	Fatty acids	Fatty amides | Spingolipids	Sphingoid bases	NPC class: Sphingoid bases / NPC pathway: Fatty acids	Sphingoid bases	30	1440	432413016.2	26876593288.9	0.0160888328201397	kruskal_wallis	0.893597347108515	0.991701292638876	ns	0.0046488341368603	0.00341233795550594
MDM_B_120626_PS05	PS	raw	class	Sphingoid bases	Sphingoid bases	pathway	Fatty acids	Fatty acids	Fatty amides | Spingolipids	Sphingoid bases	NPC class: Sphingoid bases / NPC pathway: Fatty acids	Sphingoid bases	30	1440	387321871.3	26269246863.4	0.0147443081757948	kruskal_wallis	0.893597347108515	0.991701292638876	ns	0.0046488341368603	0.00341233795550594
MDM_B_190626_PET05	PET	raw	class	Sphingoid bases	Sphingoid bases	pathway	Fatty acids	Fatty acids	Fatty amides | Spingolipids	Sphingoid bases	NPC class: Sphingoid bases / NPC pathway: Fatty acids	Sphingoid bases	30	1440	368881967.9	26270617827.66	0.0140416175333193	kruskal_wallis	0.893597347108515	0.991701292638876	ns	0.0046488341368603	0.00341233795550594
MDM_B_190626_PET100	PET	raw	class	Sphingoid bases	Sphingoid bases	pathway	Fatty acids	Fatty acids	Fatty amides | Spingolipids	Sphingoid bases	NPC class: Sphingoid bases / NPC pathway: Fatty acids	Sphingoid bases	30	1440	861844203.8	29419865311.6	0.0292946345835303	kruskal_wallis	0.893597347108515	0.991701292638876	ns	0.0046488341368603	0.00341233795550594
MDM_B_190626_PS100	PS	raw	class	Sphingoid bases	Sphingoid bases	pathway	Fatty acids	Fatty acids	Fatty amides | Spingolipids	Sphingoid bases	NPC class: Sphingoid bases / NPC pathway: Fatty acids	Sphingoid bases	30	1440	1012707046.1	31808703086.2	0.0318374201977243	kruskal_wallis	0.893597347108515	0.991701292638876	ns	0.0046488341368603	0.00341233795550594
MDM_B_190626_untreated	Untreated	raw	class	Sphingoid bases	Sphingoid bases	pathway	Fatty acids	Fatty acids	Fatty amides | Spingolipids	Sphingoid bases	NPC class: Sphingoid bases / NPC pathway: Fatty acids	Sphingoid bases	30	1440	844280145.5	23550848395.1	0.0358492454851716	kruskal_wallis	0.893597347108515	0.991701292638876	ns	0.0046488341368603	0.00341233795550594
MDM_160526_PET05	PET	raw	class	Steroidal alkaloids	Steroidal alkaloids	pathway	Alkaloids	Alkaloids	Pseudoalkaloids (transamidation)	Steroidal alkaloids	NPC class: Steroidal alkaloids / NPC pathway: Alkaloids	Steroidal alkaloids	13	93	137673726.4	550808546.9	0.249948420689621	kruskal_wallis	0.740818220681717	0.991701292638876	ns	0.0339510096483564	0.0672469830591318
MDM_160526_PET100	PET	raw	class	Steroidal alkaloids	Steroidal alkaloids	pathway	Alkaloids	Alkaloids	Pseudoalkaloids (transamidation)	Steroidal alkaloids	NPC class: Steroidal alkaloids / NPC pathway: Alkaloids	Steroidal alkaloids	13	93	123502623.6	583831736.5	0.211538044061091	kruskal_wallis	0.740818220681717	0.991701292638876	ns	0.0339510096483564	0.0672469830591318
MDM_160526_PS05	PS	raw	class	Steroidal alkaloids	Steroidal alkaloids	pathway	Alkaloids	Alkaloids	Pseudoalkaloids (transamidation)	Steroidal alkaloids	NPC class: Steroidal alkaloids / NPC pathway: Alkaloids	Steroidal alkaloids	13	93	139258655.8	638209892.3	0.218201970041761	kruskal_wallis	0.740818220681717	0.991701292638876	ns	0.0339510096483564	0.0672469830591318
MDM_160526_PS100	PS	raw	class	Steroidal alkaloids	Steroidal alkaloids	pathway	Alkaloids	Alkaloids	Pseudoalkaloids (transamidation)	Steroidal alkaloids	NPC class: Steroidal alkaloids / NPC pathway: Alkaloids	Steroidal alkaloids	13	93	103925707	597964616.7	0.173799091279911	kruskal_wallis	0.740818220681717	0.991701292638876	ns	0.0339510096483564	0.0672469830591318
MDM_160526_untreated	Untreated	raw	class	Steroidal alkaloids	Steroidal alkaloids	pathway	Alkaloids	Alkaloids	Pseudoalkaloids (transamidation)	Steroidal alkaloids	NPC class: Steroidal alkaloids / NPC pathway: Alkaloids	Steroidal alkaloids	13	93	149583249.8	704625527.6	0.21228758246879	kruskal_wallis	0.740818220681717	0.991701292638876	ns	0.0339510096483564	0.0672469830591318
MDM_A_190626_PET05	PET	raw	class	Steroidal alkaloids	Steroidal alkaloids	pathway	Alkaloids	Alkaloids	Pseudoalkaloids (transamidation)	Steroidal alkaloids	NPC class: Steroidal alkaloids / NPC pathway: Alkaloids	Steroidal alkaloids	13	93	13180356.8	94290244.8	0.139784946236559	kruskal_wallis	0.740818220681717	0.991701292638876	ns	0.0339510096483564	0.0672469830591318
MDM_A_190626_PET100	PET	raw	class	Steroidal alkaloids	Steroidal alkaloids	pathway	Alkaloids	Alkaloids	Pseudoalkaloids (transamidation)	Steroidal alkaloids	NPC class: Steroidal alkaloids / NPC pathway: Alkaloids	Steroidal alkaloids	13	93	126668456.6	1952488677.2	0.0648753860030836	kruskal_wallis	0.740818220681717	0.991701292638876	ns	0.0339510096483564	0.0672469830591318
MDM_A_190626_PS05	PS	raw	class	Steroidal alkaloids	Steroidal alkaloids	pathway	Alkaloids	Alkaloids	Pseudoalkaloids (transamidation)	Steroidal alkaloids	NPC class: Steroidal alkaloids / NPC pathway: Alkaloids	Steroidal alkaloids	13	93	112413409.3	1946448747.8	0.0577530795131682	kruskal_wallis	0.740818220681717	0.991701292638876	ns	0.0339510096483564	0.0672469830591318
MDM_A_190626_PS100	PS	raw	class	Steroidal alkaloids	Steroidal alkaloids	pathway	Alkaloids	Alkaloids	Pseudoalkaloids (transamidation)	Steroidal alkaloids	NPC class: Steroidal alkaloids / NPC pathway: Alkaloids	Steroidal alkaloids	13	93	122083650.7	599674082.7	0.203583336719047	kruskal_wallis	0.740818220681717	0.991701292638876	ns	0.0339510096483564	0.0672469830591318
MDM_A_190626_untreated	Untreated	raw	class	Steroidal alkaloids	Steroidal alkaloids	pathway	Alkaloids	Alkaloids	Pseudoalkaloids (transamidation)	Steroidal alkaloids	NPC class: Steroidal alkaloids / NPC pathway: Alkaloids	Steroidal alkaloids	13	93	144944254.9	1543184201	0.0939254398833753	kruskal_wallis	0.740818220681717	0.991701292638876	ns	0.0339510096483564	0.0672469830591318
MDM_B_120626_PS05	PS	raw	class	Steroidal alkaloids	Steroidal alkaloids	pathway	Alkaloids	Alkaloids	Pseudoalkaloids (transamidation)	Steroidal alkaloids	NPC class: Steroidal alkaloids / NPC pathway: Alkaloids	Steroidal alkaloids	13	93	135440371.6	1284156567.2	0.10547029471283	kruskal_wallis	0.740818220681717	0.991701292638876	ns	0.0339510096483564	0.0672469830591318
MDM_B_190626_PET05	PET	raw	class	Steroidal alkaloids	Steroidal alkaloids	pathway	Alkaloids	Alkaloids	Pseudoalkaloids (transamidation)	Steroidal alkaloids	NPC class: Steroidal alkaloids / NPC pathway: Alkaloids	Steroidal alkaloids	13	93	140985089.9	1568991523.9	0.0898571392849575	kruskal_wallis	0.740818220681717	0.991701292638876	ns	0.0339510096483564	0.0672469830591318
MDM_B_190626_PET100	PET	raw	class	Steroidal alkaloids	Steroidal alkaloids	pathway	Alkaloids	Alkaloids	Pseudoalkaloids (transamidation)	Steroidal alkaloids	NPC class: Steroidal alkaloids / NPC pathway: Alkaloids	Steroidal alkaloids	13	93	139905050.7	1356937732.2	0.103103515644135	kruskal_wallis	0.740818220681717	0.991701292638876	ns	0.0339510096483564	0.0672469830591318
MDM_B_190626_PS100	PS	raw	class	Steroidal alkaloids	Steroidal alkaloids	pathway	Alkaloids	Alkaloids	Pseudoalkaloids (transamidation)	Steroidal alkaloids	NPC class: Steroidal alkaloids / NPC pathway: Alkaloids	Steroidal alkaloids	13	93	163736865.6	538597945.3	0.304005737542868	kruskal_wallis	0.740818220681717	0.991701292638876	ns	0.0339510096483564	0.0672469830591318
MDM_B_190626_untreated	Untreated	raw	class	Steroidal alkaloids	Steroidal alkaloids	pathway	Alkaloids	Alkaloids	Pseudoalkaloids (transamidation)	Steroidal alkaloids	NPC class: Steroidal alkaloids / NPC pathway: Alkaloids	Steroidal alkaloids	13	93	141059306.8	871464306	0.161864698105031	kruskal_wallis	0.740818220681717	0.991701292638876	ns	0.0339510096483564	0.0672469830591318
MDM_160526_PET05	PET	raw	class	Triacylglycerols	Triacylglycerols	pathway	Fatty acids	Fatty acids	Glycerolipids	Triacylglycerols	NPC class: Triacylglycerols / NPC pathway: Fatty acids	Triacylglycerols	51	1440	224689804	22473036077.3	0.00999819531402608	kruskal_wallis	0.363309569359011	0.991701292638876	ns	0.00555083847289371	0.00172515694596663
MDM_160526_PET100	PET	raw	class	Triacylglycerols	Triacylglycerols	pathway	Fatty acids	Fatty acids	Glycerolipids	Triacylglycerols	NPC class: Triacylglycerols / NPC pathway: Fatty acids	Triacylglycerols	51	1440	287692236.2	28244838693.3	0.0101856569026271	kruskal_wallis	0.363309569359011	0.991701292638876	ns	0.00555083847289371	0.00172515694596663
MDM_160526_PS05	PS	raw	class	Triacylglycerols	Triacylglycerols	pathway	Fatty acids	Fatty acids	Glycerolipids	Triacylglycerols	NPC class: Triacylglycerols / NPC pathway: Fatty acids	Triacylglycerols	51	1440	251587226.3	20456769507.4	0.012298482720304	kruskal_wallis	0.363309569359011	0.991701292638876	ns	0.00555083847289371	0.00172515694596663
MDM_160526_PS100	PS	raw	class	Triacylglycerols	Triacylglycerols	pathway	Fatty acids	Fatty acids	Glycerolipids	Triacylglycerols	NPC class: Triacylglycerols / NPC pathway: Fatty acids	Triacylglycerols	51	1440	247881297.5	30211472297.4	0.00820487313759061	kruskal_wallis	0.363309569359011	0.991701292638876	ns	0.00555083847289371	0.00172515694596663
MDM_160526_untreated	Untreated	raw	class	Triacylglycerols	Triacylglycerols	pathway	Fatty acids	Fatty acids	Glycerolipids	Triacylglycerols	NPC class: Triacylglycerols / NPC pathway: Fatty acids	Triacylglycerols	51	1440	236465243	26519025548.7	0.00891681493219844	kruskal_wallis	0.363309569359011	0.991701292638876	ns	0.00555083847289371	0.00172515694596663
MDM_A_190626_PET05	PET	raw	class	Triacylglycerols	Triacylglycerols	pathway	Fatty acids	Fatty acids	Glycerolipids	Triacylglycerols	NPC class: Triacylglycerols / NPC pathway: Fatty acids	Triacylglycerols	51	1440	51707553.6	1459977984	0.0354166666666667	kruskal_wallis	0.363309569359011	0.991701292638876	ns	0.00555083847289371	0.00172515694596663
MDM_A_190626_PET100	PET	raw	class	Triacylglycerols	Triacylglycerols	pathway	Fatty acids	Fatty acids	Glycerolipids	Triacylglycerols	NPC class: Triacylglycerols / NPC pathway: Fatty acids	Triacylglycerols	51	1440	329397476.1	38894935316.3	0.00846890407250419	kruskal_wallis	0.363309569359011	0.991701292638876	ns	0.00555083847289371	0.00172515694596663
MDM_A_190626_PS05	PS	raw	class	Triacylglycerols	Triacylglycerols	pathway	Fatty acids	Fatty acids	Glycerolipids	Triacylglycerols	NPC class: Triacylglycerols / NPC pathway: Fatty acids	Triacylglycerols	51	1440	269455984.9	28257831826.4	0.00953562136526906	kruskal_wallis	0.363309569359011	0.991701292638876	ns	0.00555083847289371	0.00172515694596663
MDM_A_190626_PS100	PS	raw	class	Triacylglycerols	Triacylglycerols	pathway	Fatty acids	Fatty acids	Glycerolipids	Triacylglycerols	NPC class: Triacylglycerols / NPC pathway: Fatty acids	Triacylglycerols	51	1440	135350274.8	25448591356.4	0.00531857629777851	kruskal_wallis	0.363309569359011	0.991701292638876	ns	0.00555083847289371	0.00172515694596663
MDM_A_190626_untreated	Untreated	raw	class	Triacylglycerols	Triacylglycerols	pathway	Fatty acids	Fatty acids	Glycerolipids	Triacylglycerols	NPC class: Triacylglycerols / NPC pathway: Fatty acids	Triacylglycerols	51	1440	144363273.6	26876593288.9	0.0053713382514004	kruskal_wallis	0.363309569359011	0.991701292638876	ns	0.00555083847289371	0.00172515694596663
MDM_B_120626_PS05	PS	raw	class	Triacylglycerols	Triacylglycerols	pathway	Fatty acids	Fatty acids	Glycerolipids	Triacylglycerols	NPC class: Triacylglycerols / NPC pathway: Fatty acids	Triacylglycerols	51	1440	203059165.3	26269246863.4	0.00772991956548686	kruskal_wallis	0.363309569359011	0.991701292638876	ns	0.00555083847289371	0.00172515694596663
MDM_B_190626_PET05	PET	raw	class	Triacylglycerols	Triacylglycerols	pathway	Fatty acids	Fatty acids	Glycerolipids	Triacylglycerols	NPC class: Triacylglycerols / NPC pathway: Fatty acids	Triacylglycerols	51	1440	118830590	26270617827.66	0.00452332681246974	kruskal_wallis	0.363309569359011	0.991701292638876	ns	0.00555083847289371	0.00172515694596663
MDM_B_190626_PET100	PET	raw	class	Triacylglycerols	Triacylglycerols	pathway	Fatty acids	Fatty acids	Glycerolipids	Triacylglycerols	NPC class: Triacylglycerols / NPC pathway: Fatty acids	Triacylglycerols	51	1440	291363264.2	29419865311.6	0.00990362332097822	kruskal_wallis	0.363309569359011	0.991701292638876	ns	0.00555083847289371	0.00172515694596663
MDM_B_190626_PS100	PS	raw	class	Triacylglycerols	Triacylglycerols	pathway	Fatty acids	Fatty acids	Glycerolipids	Triacylglycerols	NPC class: Triacylglycerols / NPC pathway: Fatty acids	Triacylglycerols	51	1440	262314656.2	31808703086.2	0.00824663160548044	kruskal_wallis	0.363309569359011	0.991701292638876	ns	0.00555083847289371	0.00172515694596663
MDM_B_190626_untreated	Untreated	raw	class	Triacylglycerols	Triacylglycerols	pathway	Fatty acids	Fatty acids	Glycerolipids	Triacylglycerols	NPC class: Triacylglycerols / NPC pathway: Fatty acids	Triacylglycerols	51	1440	195649095.6	23550848395.1	0.00830751794235603	kruskal_wallis	0.363309569359011	0.991701292638876	ns	0.00555083847289371	0.00172515694596663
MDM_160526_PET05	PET	raw	class	Tripeptides	Tripeptides	pathway	Amino acids and Peptides	Amino acids and Peptides	Oligopeptides | Small peptides	Tripeptides	NPC class: Tripeptides / NPC pathway: Amino acids and Peptides	Tripeptides	2	141	10037463.6	720581507.6	0.0139296713753191	kruskal_wallis	0.664757256135293	0.991701292638876	ns	0.00188626158903683	0.00157515660771866
MDM_160526_PET100	PET	raw	class	Tripeptides	Tripeptides	pathway	Amino acids and Peptides	Amino acids and Peptides	Oligopeptides | Small peptides	Tripeptides	NPC class: Tripeptides / NPC pathway: Amino acids and Peptides	Tripeptides	2	141	12521914.6	990293412.4	0.0126446510127265	kruskal_wallis	0.664757256135293	0.991701292638876	ns	0.00188626158903683	0.00157515660771866
MDM_160526_PS05	PS	raw	class	Tripeptides	Tripeptides	pathway	Amino acids and Peptides	Amino acids and Peptides	Oligopeptides | Small peptides	Tripeptides	NPC class: Tripeptides / NPC pathway: Amino acids and Peptides	Tripeptides	2	141	12040771.6	707706255.9	0.0170137984504427	kruskal_wallis	0.664757256135293	0.991701292638876	ns	0.00188626158903683	0.00157515660771866
MDM_160526_PS100	PS	raw	class	Tripeptides	Tripeptides	pathway	Amino acids and Peptides	Amino acids and Peptides	Oligopeptides | Small peptides	Tripeptides	NPC class: Tripeptides / NPC pathway: Amino acids and Peptides	Tripeptides	2	141	12037890.6	869130201.8	0.0138505031525416	kruskal_wallis	0.664757256135293	0.991701292638876	ns	0.00188626158903683	0.00157515660771866
MDM_160526_untreated	Untreated	raw	class	Tripeptides	Tripeptides	pathway	Amino acids and Peptides	Amino acids and Peptides	Oligopeptides | Small peptides	Tripeptides	NPC class: Tripeptides / NPC pathway: Amino acids and Peptides	Tripeptides	2	141	12456317.6	829205201.5	0.0150219964581349	kruskal_wallis	0.664757256135293	0.991701292638876	ns	0.00188626158903683	0.00157515660771866
MDM_A_190626_PET05	PET	raw	class	Tripeptides	Tripeptides	pathway	Amino acids and Peptides	Amino acids and Peptides	Oligopeptides | Small peptides	Tripeptides	NPC class: Tripeptides / NPC pathway: Amino acids and Peptides	Tripeptides	2	141	2027747.2	143982754.9	0.0140832643562649	kruskal_wallis	0.664757256135293	0.991701292638876	ns	0.00188626158903683	0.00157515660771866
MDM_A_190626_PET100	PET	raw	class	Tripeptides	Tripeptides	pathway	Amino acids and Peptides	Amino acids and Peptides	Oligopeptides | Small peptides	Tripeptides	NPC class: Tripeptides / NPC pathway: Amino acids and Peptides	Tripeptides	2	141	10210012.6	1555297808	0.00656466726017529	kruskal_wallis	0.664757256135293	0.991701292638876	ns	0.00188626158903683	0.00157515660771866
MDM_A_190626_PS05	PS	raw	class	Tripeptides	Tripeptides	pathway	Amino acids and Peptides	Amino acids and Peptides	Oligopeptides | Small peptides	Tripeptides	NPC class: Tripeptides / NPC pathway: Amino acids and Peptides	Tripeptides	2	141	15201713.6	1177804050.8	0.0129068274045029	kruskal_wallis	0.664757256135293	0.991701292638876	ns	0.00188626158903683	0.00157515660771866
MDM_A_190626_PS100	PS	raw	class	Tripeptides	Tripeptides	pathway	Amino acids and Peptides	Amino acids and Peptides	Oligopeptides | Small peptides	Tripeptides	NPC class: Tripeptides / NPC pathway: Amino acids and Peptides	Tripeptides	2	141	10286605.6	1003167079.2	0.010254129958295	kruskal_wallis	0.664757256135293	0.991701292638876	ns	0.00188626158903683	0.00157515660771866
MDM_A_190626_untreated	Untreated	raw	class	Tripeptides	Tripeptides	pathway	Amino acids and Peptides	Amino acids and Peptides	Oligopeptides | Small peptides	Tripeptides	NPC class: Tripeptides / NPC pathway: Amino acids and Peptides	Tripeptides	2	141	11133629.6	1301885211.6	0.008551928772827	kruskal_wallis	0.664757256135293	0.991701292638876	ns	0.00188626158903683	0.00157515660771866
MDM_B_120626_PS05	PS	raw	class	Tripeptides	Tripeptides	pathway	Amino acids and Peptides	Amino acids and Peptides	Oligopeptides | Small peptides	Tripeptides	NPC class: Tripeptides / NPC pathway: Amino acids and Peptides	Tripeptides	2	141	13304393.6	963253372.2	0.0138119356588534	kruskal_wallis	0.664757256135293	0.991701292638876	ns	0.00188626158903683	0.00157515660771866
MDM_B_190626_PET05	PET	raw	class	Tripeptides	Tripeptides	pathway	Amino acids and Peptides	Amino acids and Peptides	Oligopeptides | Small peptides	Tripeptides	NPC class: Tripeptides / NPC pathway: Amino acids and Peptides	Tripeptides	2	141	12119893.6	1074420585.3	0.0112803996552392	kruskal_wallis	0.664757256135293	0.991701292638876	ns	0.00188626158903683	0.00157515660771866
MDM_B_190626_PET100	PET	raw	class	Tripeptides	Tripeptides	pathway	Amino acids and Peptides	Amino acids and Peptides	Oligopeptides | Small peptides	Tripeptides	NPC class: Tripeptides / NPC pathway: Amino acids and Peptides	Tripeptides	2	141	12212053.6	1057910792.8	0.0115435570589823	kruskal_wallis	0.664757256135293	0.991701292638876	ns	0.00188626158903683	0.00157515660771866
MDM_B_190626_PS100	PS	raw	class	Tripeptides	Tripeptides	pathway	Amino acids and Peptides	Amino acids and Peptides	Oligopeptides | Small peptides	Tripeptides	NPC class: Tripeptides / NPC pathway: Amino acids and Peptides	Tripeptides	2	141	15057069.6	1113146363.3	0.0135265856282926	kruskal_wallis	0.664757256135293	0.991701292638876	ns	0.00188626158903683	0.00157515660771866
MDM_B_190626_untreated	Untreated	raw	class	Tripeptides	Tripeptides	pathway	Amino acids and Peptides	Amino acids and Peptides	Oligopeptides | Small peptides	Tripeptides	NPC class: Tripeptides / NPC pathway: Amino acids and Peptides	Tripeptides	2	141	11227936.6	848104959.2	0.0132388526658199	kruskal_wallis	0.664757256135293	0.991701292638876	ns	0.00188626158903683	0.00157515660771866
MDM_160526_PET05	PET	raw	class	Unsaturated fatty acids	Unsaturated fatty acids	pathway	Fatty acids	Fatty acids	Fatty Acids and Conjugates	Unsaturated fatty acids	NPC class: Unsaturated fatty acids / NPC pathway: Fatty acids	Unsaturated fatty acids	59	1440	2221948685.5	22473036077.3	0.0988717624916016	kruskal_wallis	0.893597347108515	0.991701292638876	ns	0.019086425440534	0.00335241943505475
MDM_160526_PET100	PET	raw	class	Unsaturated fatty acids	Unsaturated fatty acids	pathway	Fatty acids	Fatty acids	Fatty Acids and Conjugates	Unsaturated fatty acids	NPC class: Unsaturated fatty acids / NPC pathway: Fatty acids	Unsaturated fatty acids	59	1440	3340819916.7	28244838693.3	0.118280722116231	kruskal_wallis	0.893597347108515	0.991701292638876	ns	0.019086425440534	0.00335241943505475
MDM_160526_PS05	PS	raw	class	Unsaturated fatty acids	Unsaturated fatty acids	pathway	Fatty acids	Fatty acids	Fatty Acids and Conjugates	Unsaturated fatty acids	NPC class: Unsaturated fatty acids / NPC pathway: Fatty acids	Unsaturated fatty acids	59	1440	1594072830.7	20456769507.4	0.0779239767121276	kruskal_wallis	0.893597347108515	0.991701292638876	ns	0.019086425440534	0.00335241943505475
MDM_160526_PS100	PS	raw	class	Unsaturated fatty acids	Unsaturated fatty acids	pathway	Fatty acids	Fatty acids	Fatty Acids and Conjugates	Unsaturated fatty acids	NPC class: Unsaturated fatty acids / NPC pathway: Fatty acids	Unsaturated fatty acids	59	1440	5666580354.7	30211472297.4	0.187563859811879	kruskal_wallis	0.893597347108515	0.991701292638876	ns	0.019086425440534	0.00335241943505475
MDM_160526_untreated	Untreated	raw	class	Unsaturated fatty acids	Unsaturated fatty acids	pathway	Fatty acids	Fatty acids	Fatty Acids and Conjugates	Unsaturated fatty acids	NPC class: Unsaturated fatty acids / NPC pathway: Fatty acids	Unsaturated fatty acids	59	1440	2381395647.1	26519025548.7	0.0897995155488185	kruskal_wallis	0.893597347108515	0.991701292638876	ns	0.019086425440534	0.00335241943505475
MDM_A_190626_PET05	PET	raw	class	Unsaturated fatty acids	Unsaturated fatty acids	pathway	Fatty acids	Fatty acids	Fatty Acids and Conjugates	Unsaturated fatty acids	NPC class: Unsaturated fatty acids / NPC pathway: Fatty acids	Unsaturated fatty acids	59	1440	59818542.4	1459977984	0.0409722222222222	kruskal_wallis	0.893597347108515	0.991701292638876	ns	0.019086425440534	0.00335241943505475
MDM_A_190626_PET100	PET	raw	class	Unsaturated fatty acids	Unsaturated fatty acids	pathway	Fatty acids	Fatty acids	Fatty Acids and Conjugates	Unsaturated fatty acids	NPC class: Unsaturated fatty acids / NPC pathway: Fatty acids	Unsaturated fatty acids	59	1440	3878311150.8	38894935316.3	0.099712497765093	kruskal_wallis	0.893597347108515	0.991701292638876	ns	0.019086425440534	0.00335241943505475
MDM_A_190626_PS05	PS	raw	class	Unsaturated fatty acids	Unsaturated fatty acids	pathway	Fatty acids	Fatty acids	Fatty Acids and Conjugates	Unsaturated fatty acids	NPC class: Unsaturated fatty acids / NPC pathway: Fatty acids	Unsaturated fatty acids	59	1440	2305835800.4	28257831826.4	0.0815998840450938	kruskal_wallis	0.893597347108515	0.991701292638876	ns	0.019086425440534	0.00335241943505475
MDM_A_190626_PS100	PS	raw	class	Unsaturated fatty acids	Unsaturated fatty acids	pathway	Fatty acids	Fatty acids	Fatty Acids and Conjugates	Unsaturated fatty acids	NPC class: Unsaturated fatty acids / NPC pathway: Fatty acids	Unsaturated fatty acids	59	1440	2323311542.1	25448591356.4	0.0912943081824337	kruskal_wallis	0.893597347108515	0.991701292638876	ns	0.019086425440534	0.00335241943505475
MDM_A_190626_untreated	Untreated	raw	class	Unsaturated fatty acids	Unsaturated fatty acids	pathway	Fatty acids	Fatty acids	Fatty Acids and Conjugates	Unsaturated fatty acids	NPC class: Unsaturated fatty acids / NPC pathway: Fatty acids	Unsaturated fatty acids	59	1440	3445274033.1	26876593288.9	0.128188643406785	kruskal_wallis	0.893597347108515	0.991701292638876	ns	0.019086425440534	0.00335241943505475
MDM_B_120626_PS05	PS	raw	class	Unsaturated fatty acids	Unsaturated fatty acids	pathway	Fatty acids	Fatty acids	Fatty Acids and Conjugates	Unsaturated fatty acids	NPC class: Unsaturated fatty acids / NPC pathway: Fatty acids	Unsaturated fatty acids	59	1440	2932094162.2	26269246863.4	0.111616986107249	kruskal_wallis	0.893597347108515	0.991701292638876	ns	0.019086425440534	0.00335241943505475
MDM_B_190626_PET05	PET	raw	class	Unsaturated fatty acids	Unsaturated fatty acids	pathway	Fatty acids	Fatty acids	Fatty Acids and Conjugates	Unsaturated fatty acids	NPC class: Unsaturated fatty acids / NPC pathway: Fatty acids	Unsaturated fatty acids	59	1440	1632527740.7	26270617827.66	0.0621427235327953	kruskal_wallis	0.893597347108515	0.991701292638876	ns	0.019086425440534	0.00335241943505475
MDM_B_190626_PET100	PET	raw	class	Unsaturated fatty acids	Unsaturated fatty acids	pathway	Fatty acids	Fatty acids	Fatty Acids and Conjugates	Unsaturated fatty acids	NPC class: Unsaturated fatty acids / NPC pathway: Fatty acids	Unsaturated fatty acids	59	1440	2349318945.1	29419865311.6	0.0798548504630198	kruskal_wallis	0.893597347108515	0.991701292638876	ns	0.019086425440534	0.00335241943505475
MDM_B_190626_PS100	PS	raw	class	Unsaturated fatty acids	Unsaturated fatty acids	pathway	Fatty acids	Fatty acids	Fatty Acids and Conjugates	Unsaturated fatty acids	NPC class: Unsaturated fatty acids / NPC pathway: Fatty acids	Unsaturated fatty acids	59	1440	2047027341.9	31808703086.2	0.064354316375385	kruskal_wallis	0.893597347108515	0.991701292638876	ns	0.019086425440534	0.00335241943505475
MDM_B_190626_untreated	Untreated	raw	class	Unsaturated fatty acids	Unsaturated fatty acids	pathway	Fatty acids	Fatty acids	Fatty Acids and Conjugates	Unsaturated fatty acids	NPC class: Unsaturated fatty acids / NPC pathway: Fatty acids	Unsaturated fatty acids	59	1440	908742844.9	23550848395.1	0.0385864164914362	kruskal_wallis	0.893597347108515	0.991701292638876	ns	0.019086425440534	0.00335241943505475
MDM_160526_PET05	PET	raw	class	Wax monoesters	Wax monoesters	pathway	Fatty acids	Fatty acids	Fatty esters | Glycerolipids	Wax monoesters	NPC class: Wax monoesters / NPC pathway: Fatty acids	Wax monoesters	35	1440	118102392.6	22473036077.3	0.00525529315192508	kruskal_wallis	0.939413062813476	0.991701292638876	ns	0.00472391014703658	0.00393582217886849
MDM_160526_PET100	PET	raw	class	Wax monoesters	Wax monoesters	pathway	Fatty acids	Fatty acids	Fatty esters | Glycerolipids	Wax monoesters	NPC class: Wax monoesters / NPC pathway: Fatty acids	Wax monoesters	35	1440	153692245.8	28244838693.3	0.00544142763458081	kruskal_wallis	0.939413062813476	0.991701292638876	ns	0.00472391014703658	0.00393582217886849
MDM_160526_PS05	PS	raw	class	Wax monoesters	Wax monoesters	pathway	Fatty acids	Fatty acids	Fatty esters | Glycerolipids	Wax monoesters	NPC class: Wax monoesters / NPC pathway: Fatty acids	Wax monoesters	35	1440	102929477.2	20456769507.4	0.00503156068521799	kruskal_wallis	0.939413062813476	0.991701292638876	ns	0.00472391014703658	0.00393582217886849
MDM_160526_PS100	PS	raw	class	Wax monoesters	Wax monoesters	pathway	Fatty acids	Fatty acids	Fatty esters | Glycerolipids	Wax monoesters	NPC class: Wax monoesters / NPC pathway: Fatty acids	Wax monoesters	35	1440	351882390.9	30211472297.4	0.0116473102481101	kruskal_wallis	0.939413062813476	0.991701292638876	ns	0.00472391014703658	0.00393582217886849
MDM_160526_untreated	Untreated	raw	class	Wax monoesters	Wax monoesters	pathway	Fatty acids	Fatty acids	Fatty esters | Glycerolipids	Wax monoesters	NPC class: Wax monoesters / NPC pathway: Fatty acids	Wax monoesters	35	1440	137267935.1	26519025548.7	0.00517620584692747	kruskal_wallis	0.939413062813476	0.991701292638876	ns	0.00472391014703658	0.00393582217886849
MDM_A_190626_PET05	PET	raw	class	Wax monoesters	Wax monoesters	pathway	Fatty acids	Fatty acids	Fatty esters | Glycerolipids	Wax monoesters	NPC class: Wax monoesters / NPC pathway: Fatty acids	Wax monoesters	35	1440	35485576	1459977984	0.0243055555555556	kruskal_wallis	0.939413062813476	0.991701292638876	ns	0.00472391014703658	0.00393582217886849
MDM_A_190626_PET100	PET	raw	class	Wax monoesters	Wax monoesters	pathway	Fatty acids	Fatty acids	Fatty esters | Glycerolipids	Wax monoesters	NPC class: Wax monoesters / NPC pathway: Fatty acids	Wax monoesters	35	1440	653590629.5	38894935316.3	0.0168040035080376	kruskal_wallis	0.939413062813476	0.991701292638876	ns	0.00472391014703658	0.00393582217886849
MDM_A_190626_PS05	PS	raw	class	Wax monoesters	Wax monoesters	pathway	Fatty acids	Fatty acids	Fatty esters | Glycerolipids	Wax monoesters	NPC class: Wax monoesters / NPC pathway: Fatty acids	Wax monoesters	35	1440	512092502.3	28257831826.4	0.0181221441703668	kruskal_wallis	0.939413062813476	0.991701292638876	ns	0.00472391014703658	0.00393582217886849
MDM_A_190626_PS100	PS	raw	class	Wax monoesters	Wax monoesters	pathway	Fatty acids	Fatty acids	Fatty esters | Glycerolipids	Wax monoesters	NPC class: Wax monoesters / NPC pathway: Fatty acids	Wax monoesters	35	1440	535035758.4	25448591356.4	0.0210241797240162	kruskal_wallis	0.939413062813476	0.991701292638876	ns	0.00472391014703658	0.00393582217886849
MDM_A_190626_untreated	Untreated	raw	class	Wax monoesters	Wax monoesters	pathway	Fatty acids	Fatty acids	Fatty esters | Glycerolipids	Wax monoesters	NPC class: Wax monoesters / NPC pathway: Fatty acids	Wax monoesters	35	1440	475281249.5	26876593288.9	0.0176838353131716	kruskal_wallis	0.939413062813476	0.991701292638876	ns	0.00472391014703658	0.00393582217886849
MDM_B_120626_PS05	PS	raw	class	Wax monoesters	Wax monoesters	pathway	Fatty acids	Fatty acids	Fatty esters | Glycerolipids	Wax monoesters	NPC class: Wax monoesters / NPC pathway: Fatty acids	Wax monoesters	35	1440	512317591.4	26269246863.4	0.0195025610769905	kruskal_wallis	0.939413062813476	0.991701292638876	ns	0.00472391014703658	0.00393582217886849
MDM_B_190626_PET05	PET	raw	class	Wax monoesters	Wax monoesters	pathway	Fatty acids	Fatty acids	Fatty esters | Glycerolipids	Wax monoesters	NPC class: Wax monoesters / NPC pathway: Fatty acids	Wax monoesters	35	1440	340179737.7	26270617827.66	0.0129490573815827	kruskal_wallis	0.939413062813476	0.991701292638876	ns	0.00472391014703658	0.00393582217886849
MDM_B_190626_PET100	PET	raw	class	Wax monoesters	Wax monoesters	pathway	Fatty acids	Fatty acids	Fatty esters | Glycerolipids	Wax monoesters	NPC class: Wax monoesters / NPC pathway: Fatty acids	Wax monoesters	35	1440	1011516056.3	29419865311.6	0.0343820763822861	kruskal_wallis	0.939413062813476	0.991701292638876	ns	0.00472391014703658	0.00393582217886849
MDM_B_190626_PS100	PS	raw	class	Wax monoesters	Wax monoesters	pathway	Fatty acids	Fatty acids	Fatty esters | Glycerolipids	Wax monoesters	NPC class: Wax monoesters / NPC pathway: Fatty acids	Wax monoesters	35	1440	1172786522.6	31808703086.2	0.0368699886764263	kruskal_wallis	0.939413062813476	0.991701292638876	ns	0.00472391014703658	0.00393582217886849
MDM_B_190626_untreated	Untreated	raw	class	Wax monoesters	Wax monoesters	pathway	Fatty acids	Fatty acids	Fatty esters | Glycerolipids	Wax monoesters	NPC class: Wax monoesters / NPC pathway: Fatty acids	Wax monoesters	35	1440	962768010.6	23550848395.1	0.0408803960879946	kruskal_wallis	0.939413062813476	0.991701292638876	ns	0.00472391014703658	0.00393582217886849
