feature_id	IK2D	Sources	SMILES	gnps_SpectrumID	gnps_SpectrumFile	gnps_LibraryName	gnps_MQScore	gnps_TIC_Query	gnps_RT_Query	gnps_MZErrorPPM	gnps_SharedPeaks	gnps_MassDiff	gnps_SpecMZ	gnps_SpecCharge	gnps_FileScanUniqueID	gnps_NumberHits	gnps_Compound_Name	gnps_Ion_Source	gnps_Instrument	gnps_Compound_Source	gnps_PI	gnps_Data_Collector	gnps_Adduct	gnps_Precursor_MZ	gnps_ExactMass	gnps_Charge	gnps_CAS_Number	gnps_Pubmed_ID	gnps_SMILES	gnps_INCHI	gnps_INCHI_AUX	gnps_Library_Class	gnps_IonMode	gnps_Organism	gnps_LibMZ	gnps_UpdateWorkflowName	gnps_LibraryQualityString	gnps_tags	gnps_molecular_formula	gnps_InChIKey	gnps_superclass	gnps_class	gnps_subclass	gnps_npclassifier_superclass	gnps_npclassifier_class	gnps_npclassifier_pathway	gnps_library_usi	isdb_component_id	isdb_structure_taxonomy_npclassifier_01pathway_consensus	isdb_freq_structure_taxonomy_npclassifier_01pathway	isdb_structure_taxonomy_npclassifier_02superclass_consensus	isdb_freq_structure_taxonomy_npclassifier_02superclass	isdb_structure_taxonomy_npclassifier_03class_consensus	isdb_freq_structure_taxonomy_npclassifier_03class	isdb_rank_spec	isdb_msms_score	isdb_libname	isdb_structure_wikidata	isdb_structure_inchikey	isdb_structure_inchi	isdb_SMILES	isdb_structure_molecular_formula	isdb_adduct	isdb_structure_exact_mass	isdb_structure_nameTraditional	isdb_structure_taxonomy_npclassifier_01pathway	isdb_structure_taxonomy_npclassifier_02superclass	isdb_structure_taxonomy_npclassifier_03class	isdb_organism_wikidata	isdb_organism_name	isdb_organism_taxonomy_ottid	isdb_organism_taxonomy_01domain	isdb_organism_taxonomy_02kingdom	isdb_organism_taxonomy_03phylum	isdb_organism_taxonomy_04class	isdb_organism_taxonomy_05order	isdb_organism_taxonomy_06family	isdb_organism_taxonomy_07tribe	isdb_organism_taxonomy_08genus	isdb_organism_taxonomy_09species	isdb_organism_taxonomy_10varietas	isdb_matched_domain	isdb_matched_kingdom	isdb_matched_phylum	isdb_matched_class	isdb_matched_order	isdb_matched_family	isdb_matched_tribe	isdb_matched_genus	isdb_matched_species	isdb_score_taxo	isdb_score_max_consistency	isdb_final_score	isdb_rank_final	sirius_structurePerIdRank	sirius_formulaRank	sirius_ConfidenceScoreExact	sirius_ConfidenceScoreApproximate	sirius_CSI:FingerIDScore	sirius_ZodiacScore	sirius_SiriusScoreNormalized	sirius_SiriusScore	sirius_molecularFormula	sirius_adduct	sirius_precursorFormula	sirius_InChI	sirius_name	sirius_SMILES	sirius_xlogp	sirius_pubchemids	sirius_links	sirius_dbflags	sirius_ionMass	sirius_retentionTimeInSeconds	sirius_retentionTimeInMinutes	sirius_formulaId	sirius_alignedFeatureId	sirius_compoundId	sirius_overallFeatureQuality
14	KYLPVOYMUGERDB	sirius	CC(CO)NC(C)(NC(C)CO)S(=O)(=O)O																																																																																												1.0	1.0	0.35	0.35	-131.691	0.605	0.358	10.336	C8H20N2O5S	[M - H2O - H]-	C8H17N2O4S-	InChI=1S/C8H20N2O5S/c1-6(4-11)9-8(3,16(13,14)15)10-7(2)5-12/h6-7,9-12H,4-5H2,1-3H3,(H,13,14,15)	1,1-Bis(1-hydroxypropan-2-ylamino)ethanesulfonic acid	CC(CO)NC(C)(NC(C)CO)S(=O)(=O)O	-4.1	87410039	PUBCHEM:(87410039)	2.0	237.091	30.0	0.501	8.49250675917966e+17	8.492505678181668e+17	8.492505678181668e+17	
33	OUYCCCASQSFEME	isdb	N[C@@H](Cc1ccc(O)cc1)C(=O)O																																													10.0	Alkaloids	0.5	Phenolic acids (C6-C1)	0.5	Aminoacids	0.5	1.0	0.0	MS1_match	http://www.wikidata.org/entity/Q188017	OUYCCCASQSFEME-QMMMGPOBSA-N	InChI=1S/C9H11NO3/c10-8(9(12)13)5-6-1-3-7(11)4-2-6/h1-4,8,11H,5,10H2,(H,12,13)/t8-/m0/s1	N[C@@H](Cc1ccc(O)cc1)C(=O)O	C9H11NO3	pos_1_1proton1methanol	181.073893212	(2S)-2-ammonio-3-(4-hydroxyphenyl)propanoate	Amino acids and Peptides	Small peptides	Aminoacids	http://www.wikidata.org/entity/Q15978631	Homo sapiens	770315.0	['Eukaryota']	['Metazoa']	['Chordata']	['Mammalia']	['Primates']	['Hominidae']	['Unknown']	['Homo']	['Homo sapiens']		['Eukaryota']	['Metazoa']	['Chordata']	['Mammalia']		['Hominidae']		['Homo']	['Homo sapiens']	7.0	3.0	8.5	1.0																									
33	VHVGNTVUSQUXPS	isdb	N[C@H](C(=O)O)[C@@H](O)c1ccccc1																																													10.0	Alkaloids	0.5	Phenolic acids (C6-C1)	0.5	Aminoacids	0.5	1.0	0.0	MS1_match	http://www.wikidata.org/entity/Q27102079	VHVGNTVUSQUXPS-YUMQZZPRSA-N	InChI=1S/C9H11NO3/c10-7(9(12)13)8(11)6-4-2-1-3-5-6/h1-5,7-8,11H,10H2,(H,12,13)/t7-,8-/m0/s1	N[C@H](C(=O)O)[C@@H](O)c1ccccc1	C9H11NO3	pos_1_1proton1methanol	181.073893212	(2S,3S)-2-azaniumyl-3-hydroxy-3-phenylpropanoate	Amino acids and Peptides	Small peptides	Aminoacids	http://www.wikidata.org/entity/Q15978631	Homo sapiens	770315.0	['Eukaryota']	['Metazoa']	['Chordata']	['Mammalia']	['Primates']	['Hominidae']	['Unknown']	['Homo']	['Homo sapiens']		['Eukaryota']	['Metazoa']	['Chordata']	['Mammalia']		['Hominidae']		['Homo']	['Homo sapiens']	7.0	3.0	8.5	1.0																									
33	WJXSWCUQABXPFS	isdb	Nc1c(O)cccc1C(=O)O																																													10.0	Alkaloids	0.5	Phenolic acids (C6-C1)	0.5	Aminoacids	0.5	1.0	0.0	MS1_match	http://www.wikidata.org/entity/Q2823213	WJXSWCUQABXPFS-UHFFFAOYSA-N	InChI=1S/C7H7NO3/c8-6-4(7(10)11)2-1-3-5(6)9/h1-3,9H,8H2,(H,10,11)	Nc1c(O)cccc1C(=O)O	C7H7NO3	pos_1_1proton1isopropanol	153.042593084	3-Hydroxyanthranilic acid	Amino acids and Peptides	Small peptides	Aminoacids	http://www.wikidata.org/entity/Q15978631	Homo sapiens	770315.0	['Eukaryota']	['Metazoa']	['Chordata']	['Mammalia']	['Primates']	['Hominidae']	['Unknown']	['Homo']	['Homo sapiens']		['Eukaryota']	['Metazoa']	['Chordata']	['Mammalia']		['Hominidae']		['Homo']	['Homo sapiens']	7.0	3.0	8.5	1.0																									
47	TYFQFVWCELRYAO	gnps	O=C(O)CCCCCCC(=O)O	CCMSLIB00010102576	spectra_filtered.mgf	BERKELEY-LAB.mgf	0.952989	454910.0	0.0	5692.01	6.0	0.985184	172.097	-1.0	temp/spectra_filtered.mgf47	1.0	Octanedioic acid CollisionEnergy:102040	LC-ESI	Orbitrap	Commercial	Trent Northen	JGI	M-H	173.082	0.0	1.0			O=C(O)CCCCCCC(=O)O	"""InChI=1S/C8H14O4/c9-7(10)5-3-1-2-4-6-8(11)12/h1-6H2,(H,9,10)(H,11,12)"""		3.0	Negative	BERKELEY-LAB	173.082	UPDATE-SINGLE-ANNOTATED-BRONZE	Bronze		C8H14O4	TYFQFVWCELRYAO-UHFFFAOYSA-N	Lipids and lipid-like molecules	Fatty Acyls	Fatty acids and conjugates	Fatty Acids and Conjugates	Dicarboxylic acids	Fatty acids	mzspec:GNPS:GNPS-LIBRARY:CCMSLIB00010102576																																																																								
48	TUUBOHWZSQXCSW	isdb	COc1cc(O)cc(C(=O)O)c1																																													6.0	Shikimates and Phenylpropanoids	0.3333333333333333	Phenolic acids (C6-C1)	0.3333333333333333	Simple phenolic acids	0.3333333333333333	1.0	0.5896671	ISDB	http://www.wikidata.org/entity/Q82241493	TUUBOHWZSQXCSW-UHFFFAOYSA-N	InChI=1S/C8H8O4/c1-12-7-3-5(8(10)11)2-6(9)4-7/h2-4,9H,1H3,(H,10,11)	COc1cc(O)cc(C(=O)O)c1	C8H8O4		168.042258736	3-Hydroxy-5-methoxybenzoic acid	Shikimates and Phenylpropanoids	Phenolic acids (C6-C1)	Simple phenolic acids	http://www.wikidata.org/entity/Q15561815	Mikania haenkeana	7603971.0	['Eukaryota']	['Archaeplastida']	['Streptophyta']	['Magnoliopsida']	['Asterales']	['Asteraceae']	['Eupatorieae']	['Mikania']	['Mikania haenkeana']											0.0	3.0	3.858668327331543	1.0																									
54	BDJRBEYXGGNYIS	gnps	C(CCCC(=O)O)CCCC(=O)O	CCMSLIB00006113481	spectra_filtered.mgf	BIRMINGHAM-UHPLC-MS-NEG.mgf	0.944226	1464070.0	0.0	5261.47	6.0	0.984406	186.113	-1.0	temp/spectra_filtered.mgf54	1.0	Azelaic acid - 40.0 eV	ESI	Orbitrap	Isolated	PI	Data Collector	M-H	187.097	0.0	1.0			C(CCCC(=O)O)CCCC(=O)O	InChI=1S/C9H16O4/c10-8(11)6-4-2-1-3-5-7-9(12)13/h1-7H2,(H,10,11)(H,12,13)		1.0	Negative	BIRMINGHAM-UHPLC-MS-NEG	187.097	UPDATE-SINGLE-ANNOTATED-GOLD	Gold		C9H16O4	BDJRBEYXGGNYIS-UHFFFAOYSA-N	Lipids and lipid-like molecules	Fatty Acyls	Fatty acids and conjugates	Fatty Acids and Conjugates	Dicarboxylic acids	Fatty acids	mzspec:GNPS:GNPS-LIBRARY:CCMSLIB00006113481																																																																								
57	BCEINWLIUZZQEN	sirius	CC1=NC2=C(N1)C=C(C=C2)NS(=O)(=O)CCC(=O)O																																																																																												1.0	2.0	0.045	0.045	-183.924	0.087	0.331	13.182	C11H13N3O4S	[M + Br]-	C11H13BrN3O4S-	InChI=1S/C11H13N3O4S/c1-7-12-9-3-2-8(6-10(9)13-7)14-19(17,18)5-4-11(15)16/h2-3,6,14H,4-5H2,1H3,(H,12,13)(H,15,16)	3-[(2-methyl-3H-benzimidazol-5-yl)sulfamoyl]propanoic acid	CC1=NC2=C(N1)C=C(C=C2)NS(=O)(=O)CCC(=O)O	0.4	43715322	PUBCHEM:(43715322)	2.0	361.981	34.0	0.571	8.49250685204156e+17	8.492505700579252e+17	8.49250570053731e+17	
61	DIGSBNOZLNNDAQ	sirius	CCCCC(CC)CN1C(=O)C(=CC2=CC=NC=C2)SC1=S																																																																																												1.0	1.0	0.023	0.023	-326.177	0.174	0.191	5.34	C17H22N2OS2	[M - H]-	C17H21N2OS2-	InChI=1S/C17H22N2OS2/c1-3-5-6-13(4-2)12-19-16(20)15(22-17(19)21)11-14-7-9-18-10-8-14/h7-11,13H,3-6,12H2,1-2H3	(5Z)-3-[(2R)-2-ethylhexyl]-5-(pyridin-4-ylmethylidene)-2-sulfanylidene-1,3-thiazolidin-4-one	CCCCC(CC)CN1C(=O)C(=CC2=CC=NC=C2)SC1=S	5.0	6370889;5732062;1976909;1976912;1976916;1976919;2908287	CHEBI:(122133);PUBCHEM:(6370889 5732062 1976909 1976912 1976916 1976919 2908287);PUBMED	98.0	333.111	35.0	0.585	8.492506794705418e+17	8.492505702256974e+17	8.492505702256974e+17	
62	BWCBHLCRUDRSNA	isdb	CO[C@H]1[C@H](O)[C@@H](O)[C@H](OCCc2ccccc2)O[C@@H]1CO																																													-1.0							1.0	0.34141195	ISDB	http://www.wikidata.org/entity/Q110171643	BWCBHLCRUDRSNA-KJWHEZOQSA-N	InChI=1S/C15H22O6/c1-19-14-11(9-16)21-15(13(18)12(14)17)20-8-7-10-5-3-2-4-6-10/h2-6,11-18H,7-9H2,1H3/t11-,12-,13-,14-,15-/m1/s1	CO[C@H]1[C@H](O)[C@@H](O)[C@H](OCCc2ccccc2)O[C@@H]1CO	C15H22O6		298.141638424	Phenethyl 4'-O-methylglucoside	Shikimates and Phenylpropanoids	Phenylethanoids (C6-C2)	Phenylethanoids	http://www.wikidata.org/entity/Q107489784	Aschersonia confluens	691392.0	['Eukaryota']	['Fungi']	['Ascomycota']	['Sordariomycetes']	['Hypocreales']	['Clavicipitaceae']	['Unknown']	['Aschersonia']	['Aschersonia confluens']		['Eukaryota']									1.0	0.0	2.365647792816162	1.0																									
62	IKXLBJLEKBVARH	sirius	C(COCCOCCOCCOCCN=[N+]=[N-])C(=O)N=[N+]=[N-]																																																																																												1.0	3.0	0.031	0.031	-190.817	0.028	0.01	84.439	C11H20N6O5	[M - H2O - H]-	C11H17N6O4-	InChI=1S/C11H20N6O5/c12-16-14-2-4-20-6-8-22-10-9-21-7-5-19-3-1-11(18)15-17-13/h1-10H2	3-[2-[2-[2-(2-Azidoethoxy)ethoxy]ethoxy]ethoxy]propanoyl azide	C(COCCOCCOCCOCCN=[N+]=[N-])C(=O)N=[N+]=[N-]	1.3	150566368	PUBCHEM:(150566368)	2.0	297.134	35.0	0.589	8.492506830608663e+17	8.49250570276029e+17	8.49250570276029e+17	
63	JEDZRMKNJXWBRO	sirius	C(C=O)NC(=O)CNC(=O)CNC(=O)CNC(=O)CNC(=O)CN																																																																																												1.0	3.0	0.038	0.038	-286.18	0.173	0.143	58.924	C12H20N6O6	[M - H]-	C12H19N6O6-	InChI=1S/C12H20N6O6/c13-3-8(20)15-5-10(22)17-7-12(24)18-6-11(23)16-4-9(21)14-1-2-19/h2H,1,3-7,13H2,(H,14,21)(H,15,20)(H,16,23)(H,17,22)(H,18,24)	H-Gly-Gly-Gly-Gly-Gly-Gly-al	C(C=O)NC(=O)CNC(=O)CNC(=O)CNC(=O)CNC(=O)CN	-4.5	76936791	PUBCHEMANNOTATIONBIO:(null);PUBCHEM:(76936791)	16777218.0	343.139	35.0	0.59	8.492506930433106e+17	8.492505703221664e+17	8.492505703179721e+17	
64	VYFYYTLLBUKUHU	isdb	NCCc1ccc(O)c(O)c1																																													10.0	Alkaloids	0.5	Phenolic acids (C6-C1)	0.5	Aminoacids	0.5	1.0	0.0	MS1_match	http://www.wikidata.org/entity/Q170304	VYFYYTLLBUKUHU-UHFFFAOYSA-N	InChI=1S/C8H11NO2/c9-4-3-6-1-2-7(10)8(11)5-6/h1-2,5,10-11H,3-4,9H2	NCCc1ccc(O)c(O)c1	C8H11NO2	pos_1_1proton1isopropanol	153.078978592	Dopamine	Alkaloids	Tyrosine alkaloids	Phenylethylamines	http://www.wikidata.org/entity/Q15978631	Homo sapiens	770315.0	['Eukaryota']	['Metazoa']	['Chordata']	['Mammalia']	['Primates']	['Hominidae']	['Unknown']	['Homo']	['Homo sapiens']		['Eukaryota']	['Metazoa']	['Chordata']	['Mammalia']		['Hominidae']		['Homo']	['Homo sapiens']	7.0	1.0	7.5	1.0																									
65	DUJFFOJPISLHAA	sirius	CCCC1=CC=C(C=C1)N(CC(OCC)OCC)C2=CC=CC(=C2)C(F)(F)F																																																																																												1.0	2.0	0.07	0.07	-301.144	0.172	0.11	68.399	C22H28F3NO2	[M - H]-	C22H27F3NO2-	InChI=1S/C22H28F3NO2/c1-4-8-17-11-13-19(14-12-17)26(16-21(27-5-2)28-6-3)20-10-7-9-18(15-20)22(23,24)25/h7,9-15,21H,4-6,8,16H2,1-3H3	N-(2,2-diethoxyethyl)-N-(4-propylphenyl)-3-(trifluoromethyl)aniline	CCCC1=CC=C(C=C1)N(CC(OCC)OCC)C2=CC=CC(=C2)C(F)(F)F	6.4	138822108	PUBCHEM:(138822108)	2.0	394.2	37.0	0.611	8.492506844365983e+17	8.49250570427024e+17	8.49250570427024e+17	
68	JTQYZGCNARSJQV	sirius	CC(=O)NCCN1C=C(N=N1)CN(C)CC2=CN(N=N2)CCNC(=O)C																																																																																												1.0	9.0	0.054	0.054	-140.2	0.012	0.016	3.218	C15H25N9O2	[M - H]-	C15H24N9O2-	InChI=1S/C15H25N9O2/c1-12(25)16-4-6-23-10-14(18-20-23)8-22(3)9-15-11-24(21-19-15)7-5-17-13(2)26/h10-11H,4-9H2,1-3H3,(H,16,25)(H,17,26)	N-[2-[4-[[[1-(2-acetamidoethyl)triazol-4-yl]methyl-methylamino]methyl]triazol-1-yl]ethyl]acetamide	CC(=O)NCCN1C=C(N=N1)CN(C)CC2=CN(N=N2)CCNC(=O)C	-2.6	159859293	PUBCHEM:(159859293)	2.0	362.209	39.0	0.651	8.492506758886057e+17	8.492505705612417e+17	8.492505705612417e+17	
69	PZKXZUKDTZLLPD	sirius	CCCCCCCC(C(C(COC1C(C(C(C(O1)CO)O)O)O)NC(=O)C)O)O																																																																																												1.0	2.0	0.149	0.149	-200.18	0.205	0.491	159.062	C19H37NO9	[M - H2O - H]-	C19H34NO8-	InChI=1S/C19H37NO9/c1-3-4-5-6-7-8-13(23)15(24)12(20-11(2)22)10-28-19-18(27)17(26)16(25)14(9-21)29-19/h12-19,21,23-27H,3-10H2,1-2H3,(H,20,22)	N-[(2S,3S,4R)-3,4-dihydroxy-1-[(2S,3R,4S,5S,6R)-3,4,5-trihydroxy-6-(hydroxymethyl)oxan-2-yl]oxyundecan-2-yl]acetamide	CCCCCCCC(C(C(COC1C(C(C(C(O1)CO)O)O)O)NC(=O)C)O)O	-0.5	67661463;18667408	PUBCHEM:(67661463 18667408)	2.0	404.228	39.0	0.654	8.492506894236261e+17	8.492505706241564e+17	8.492505706199621e+17	
73	RJWCIIRSKMEMRK	sirius	CCCCC(CC)C[N+](CC(CC)CCCC)(C(=S)CCC(=O)O)S																																																																																												1.0	2.0	0.005	0.005	-248.26	0.057	0.131	2.723	C20H39NO2S2	[M - H]-	C20H38NO2S2-	InChI=1S/C20H39NO2S2/c1-5-9-11-17(7-3)15-21(25,19(24)13-14-20(22)23)16-18(8-4)12-10-6-2/h17-18,25H,5-16H2,1-4H3/p+1	3-Carboxypropanethioyl-bis(2-ethylhexyl)-sulfanylazanium	CCCCC(CC)C[N+](CC(CC)CCCC)(C(=S)CCC(=O)O)S	6.8	23297528	PUBCHEM:(23297528)	2.0	388.234	41.0	0.677	8.492507126139343e+17	8.492505707961229e+17	8.492505707961229e+17	
74	WYLCEKAJPQIVSO	sirius	COC(C1C(CNN1)NC(=O)C2CCC(NN2)N3CCNC3)O																																																																																												1.0	6.0	0.01	0.01	-281.356	0.032	0.032	3.195	C13H27N7O3	[M - H]-	C13H26N7O3-	InChI=1S/C13H27N7O3/c1-23-13(22)11-9(6-15-19-11)16-12(21)8-2-3-10(18-17-8)20-5-4-14-7-20/h8-11,13-15,17-19,22H,2-7H2,1H3,(H,16,21)	N-[3-[hydroxy(methoxy)methyl]pyrazolidin-4-yl]-6-imidazolidin-1-yldiazinane-3-carboxamide	COC(C1C(CNN1)NC(=O)C2CCC(NN2)N3CCNC3)O	-1.8	156578743	PUBCHEM:(156578743)	2.0	328.212	42.0	0.693	8.49250700228154e+17	8.492505708422602e+17	8.492505708380659e+17	
78	XFQUDOYKQFPARC	sirius	CCCCCCCCCCC=C(C(=O)CCC(=O)O)NCC(=O)O																																																																																												1.0	1.0	0.033	0.033	-247.138	1.0	0.5	60.559	C18H31NO5	[M - H2O - H]-	C18H28NO4-	InChI=1S/C18H31NO5/c1-2-3-4-5-6-7-8-9-10-11-15(19-14-18(23)24)16(20)12-13-17(21)22/h11,19H,2-10,12-14H2,1H3,(H,21,22)(H,23,24)	5-(Carboxymethylamino)-4-oxohexadec-5-enoic acid	CCCCCCCCCCC=C(C(=O)CCC(=O)O)NCC(=O)O	4.8	20838921;73717317	NORMAN:(NS00061590);PUBCHEM:(20838921 73717317)	262146.0	322.202	44.0	0.738	8.492507282083575e+17	8.492505710058381e+17	8.492505710058381e+17	
81	WJHRBHQDCMFPFW	sirius	CCN(CC)CCCNC(=O)CN1N=CC(=N1)NC(=O)N(C)C																																																																																												1.0	6.0	0.072	0.072	-235.953	0.028	0.026	5.761	C14H27N7O2	[M + Cl]-	C14H27ClN7O2-	InChI=1S/C14H27N7O2/c1-5-20(6-2)9-7-8-15-13(22)11-21-16-10-12(18-21)17-14(23)19(3)4/h10H,5-9,11H2,1-4H3,(H,15,22)(H,17,18,23)	N-[3-(diethylamino)propyl]-2-[4-(dimethylcarbamoylamino)triazol-2-yl]acetamide	CCN(CC)CCCNC(=O)CN1N=CC(=N1)NC(=O)N(C)C	0.3	112520142	PUBCHEM:(112520142)	2.0	360.194	43.0	0.725	8.492506746135373e+17	8.49250571169416e+17	8.492505711652216e+17	
84	KVFIZISCTNXAAT	sirius	B1(OC(C(O1)(C)C)(C)C)C(=CCCCC)C(=CC2=CC(=CC=C2)[N+](=O)[O-])CCCC																																																																																												1.0	1.0	0.141	0.141	-348.082	1.0	0.054	97.184	C24H36BNO4	[M - H2O - H]-	C24H33BNO3-	InChI=1S/C24H36BNO4/c1-7-9-11-16-22(25-29-23(3,4)24(5,6)30-25)20(14-10-8-2)17-19-13-12-15-21(18-19)26(27)28/h12-13,15-18H,7-11,14H2,1-6H3	1-(3-Nitrophenyl)-2-butyl-3-(4,4,5,5-tetramethyl-1,3,2-dioxaborolan-2-yl)-1,3-octadiene	B1(OC(C(O1)(C)C)(C)C)C(=CCCCC)C(=CC2=CC(=CC=C2)[N+](=O)[O-])CCCC	7.355	10764205	PUBCHEM:(10764205)	2.0	393.26	43.0	0.725	8.492506831405581e+17	8.49250571295245e+17	8.492505712910508e+17	
85	DXCKMJPHMHKMRS	sirius	C(CCCCCC(=O)NCC(C(C(CCO)O)O)O)CCCCC=O																																																																																												1.0	1.0	0.213	0.213	-157.157	0.999	0.185	122.436	C18H35NO6	[M + Cl]-	C18H35ClNO6-	InChI=1S/C18H35NO6/c20-12-9-7-5-3-1-2-4-6-8-10-17(24)19-14-16(23)18(25)15(22)11-13-21/h12,15-16,18,21-23,25H,1-11,13-14H2,(H,19,24)	12-oxo-N-(2,3,4,6-tetrahydroxyhexyl)dodecanamide	C(CCCCCC(=O)NCC(C(C(CCO)O)O)O)CCCCC=O	0.7	143672392	PUBCHEM:(143672392)	2.0	396.215	43.0	0.725	8.492506885050735e+17	8.492505713329938e+17	8.492505713329938e+17	
90	CMHLWFDIUYEHTJ	sirius	C(CCCCC1=NC(C(C1O)O)CO)CCCCC(=O)CCCO																																																																																												1.0	1.0	0.028	0.028	-260.986	0.995	0.001	25.569	C18H33NO5	[M - H2O - H]-	C18H30NO4-	InChI=1S/C18H33NO5/c20-12-8-10-14(22)9-6-4-2-1-3-5-7-11-15-17(23)18(24)16(13-21)19-15/h16-18,20-21,23-24H,1-13H2	Broussonetine U1	C(CCCCC1=NC(C(C1O)O)CO)CCCCC(=O)CCCO	1.0	85292281;162939800;10860839	COCONUT:(CNP0210096);SUPERNATURAL:(SN0049680);PUBCHEM:(85292281 162939800 10860839);LOTUS:(Q104964548 Q104964550);KNAPSACK:(CMHLWFDIUYEHTJ-UHFFFAOYSA-N)	271581202.0	324.218	44.0	0.734	8.492506755404785e+17	8.492505715385147e+17	8.492505715343204e+17	
92	DPWCKNBRWVMEPY	sirius	CCCC(NC(C(CO)O)C(O)OCCOC(CCCCCCCC=C)O)O																																																																																												1.0	1.0	0.136	0.136	-345.377	1.0	0.5	125.857	C20H41NO7	[M - H2O - H]-	C20H38NO6-	InChI=1S/C20H41NO7/c1-3-5-6-7-8-9-10-12-18(25)27-13-14-28-20(26)19(16(23)15-22)21-17(24)11-4-2/h3,16-26H,1,4-15H2,2H3	(2R,3R)-3-(1-hydroxybutylamino)-4-[2-(1-hydroxydec-9-enoxy)ethoxy]butane-1,2,4-triol	CCCC(NC(C(CO)O)C(O)OCCOC(CCCCCCCC=C)O)O	1.9	156656654	PUBCHEM:(156656654)	2.0	388.27	44.0	0.738	8.492507378804233e+17	8.492505716182065e+17	8.492505716140122e+17	
95	MEBGWARYKGRMGO	sirius	CCCCCCCCC(=CCCCCCCCC(=O)O)N(O)O																																																																																												1.0	1.0	0.01	0.137	-242.749	0.996	0.993	16.143	C18H35NO4	[M + Cl]-	C18H35ClNO4-	InChI=1S/C18H35NO4/c1-2-3-4-5-8-11-14-17(19(22)23)15-12-9-6-7-10-13-16-18(20)21/h15,22-23H,2-14,16H2,1H3,(H,20,21)		CCCCCCCCC(=CCCCCCCCC(=O)O)N(O)O	6.0	163147606	COCONUT:(CNP0456361);SUPERNATURAL:(SN0223072);PUBCHEM:(163147606)	3145730.0	364.226	46.0	0.768	8.492506814250876e+17	8.492505717440356e+17	8.492505717398413e+17	
97	QFMZAILDUGIQNO	sirius	CC1(C(=O)N(C(N1Cl)(C)C)CCOCCOCCOCCOCCOC)C																																																																																												1.0	1.0	-inf	-inf	-371.912	1.0	0.498	50.987	C18H35ClN2O6	[M - H2O - H]-	C18H32ClN2O5-	InChI=1S/C18H35ClN2O6/c1-17(2)16(22)20(18(3,4)21(17)19)6-7-24-10-11-26-14-15-27-13-12-25-9-8-23-5/h6-15H2,1-5H3	1-Chloro-3-[2-[2-[2-[2-(2-methoxyethoxy)ethoxy]ethoxy]ethoxy]ethyl]-2,2,5,5-tetramethylimidazolidin-4-one	CC1(C(=O)N(C(N1Cl)(C)C)CCOCCOCCOCCOCCOC)C	0.5	87691445	PUBCHEM:(87691445)	2.0	391.2	46.0	0.771	8.492507159693778e+17	8.492505718153388e+17	8.492505718153388e+17	
100	LQIOHDFFBIBCLJ	sirius	CC(C)N1C(=O)CN(CC1(C)C)C(=NC)NCC2CCN(C2)CC(F)(F)F																																																																																												1.0	1.0	0.029	0.029	-186.024	0.382	0.379	6.597	C18H32F3N5O	[M - H]-	C18H31F3N5O-	InChI=1S/C18H32F3N5O/c1-13(2)26-15(27)10-25(11-17(26,3)4)16(22-5)23-8-14-6-7-24(9-14)12-18(19,20)21/h13-14H,6-12H2,1-5H3,(H,22,23)	N',3,3-trimethyl-5-oxo-4-propan-2-yl-N-[[1-(2,2,2-trifluoroethyl)pyrrolidin-3-yl]methyl]piperazine-1-carboximidamide	CC(C)N1C(=O)CN(CC1(C)C)C(=NC)NCC2CCN(C2)CC(F)(F)F	2.0	120051639	PUBCHEM:(120051639)	2.0	390.249	49.0	0.813	8.492507338706683e+17	8.492505719327793e+17	8.492505719327793e+17	
107	VITGNIYTXHNNNE	sirius	CCCCCCCCCCCCC=CC(C(COP(=O)(O)O)N)O																																																																																												1.0	1.0	0.054	0.105	-192.143	0.481	0.45	13.961	C17H36NO5P	[M - H2O - H]-	C17H33NO4P-	InChI=1S/C17H36NO5P/c1-2-3-4-5-6-7-8-9-10-11-12-13-14-17(19)16(18)15-23-24(20,21)22/h13-14,16-17,19H,2-12,15,18H2,1H3,(H2,20,21,22)	(2S,3R,4E)-2-Azaniumyl-3-hydroxyheptadec-4-en-1-yl hydrogen phosphate	CCCCCCCCCCCCC=CC(C(COP(=O)(O)O)N)O	1.4	75228669;75228670;156026024;5283559;102211085;102379749;3247039;46891769	PUBCHEMANNOTATIONBIO;CHEBI:(184163);LIPIDMAPS:(LMSP01050007);PUBCHEM:(75228669 75228670 156026024 5283559 102211085 102379749 3247039 46891769);DSSTox:(DTXSID30677067)	139603214370.0	346.215	49.0	0.823	8.492507328137036e+17	8.492505722137978e+17	8.492505722137978e+17	
108	RNMJFVSFZHLKCO	sirius	CCCCCCCCC(C(CCCCCCCC(=O)OC)O[N+](=O)[O-])O[N+](=O)[O-]																																																																																												1.0	1.0	0.147	0.147	-353.405	1.0	0.497	82.43	C19H36N2O8	[M - H2O - H]-	C19H33N2O7-	InChI=1S/C19H36N2O8/c1-3-4-5-6-8-11-14-17(28-20(23)24)18(29-21(25)26)15-12-9-7-10-13-16-19(22)27-2/h17-18H,3-16H2,1-2H3	methyl (9R)-9,10-dinitrooxyoctadecanoate	CCCCCCCCC(C(CCCCCCCC(=O)OC)O[N+](=O)[O-])O[N+](=O)[O-]	7.4	140425584	PUBCHEM:(140425584)	2.0	401.229	50.0	0.835	8.492507328472581e+17	8.492505722515465e+17	8.492505722515465e+17	
119	JYYQBQLDJQFEIR	sirius	CCCCC1C(=O)N(C(=S)S1)C(C)C2=CC=CC=C2																																																																																												1.0	3.0	0.015	0.015	-362.608	0.033	0.186	2.884	C15H19NOS2	[M + Br]-	C15H19BrNOS2-	InChI=1S/C15H19NOS2/c1-3-4-10-13-14(17)16(15(18)19-13)11(2)12-8-6-5-7-9-12/h5-9,11,13H,3-4,10H2,1-2H3	5-Butyl-3-(alpha-methylbenzyl)rhodanine	CCCCC1C(=O)N(C(=S)S1)C(C)C2=CC=CC=C2	4.6	211708	PUBCHEMANNOTATIONSAFETYANDTOXIC;PUBCHEM:(211708);DSSTox:(DTXSID20946259)	137506062338.0	372.01	50.0	0.833	8.492507496748065e+17	8.492505726961427e+17	8.492505726961427e+17	
121	QYXQWDYQZAJRHC	sirius	CC(C1CC(N(C(C1)(C)C)[O])(C)C)C(=CC2=CC=CC=C2)C3=CC=CC=C3																																																																																												1.0	1.0	-inf	-inf	-419.528	1.0	0.0	10.654	C25H32NO	[M - H2O - H]-	C25H29N-	InChI=1S/C25H32NO/c1-19(22-17-24(2,3)26(27)25(4,5)18-22)23(21-14-10-7-11-15-21)16-20-12-8-6-9-13-20/h6-16,19,22H,17-18H2,1-5H3	[2,2,6,6-Tetramethyl-4-(1-methyl-2,3-diphenyl-2-propenyl)piperidinooxy]radical	CC(C1CC(N(C(C1)(C)C)[O])(C)C)C(=CC2=CC=CC=C2)C3=CC=CC=C3	6.6	102363007	PUBCHEM:(102363007)	2.0	343.232	50.0	0.829	8.492507176596823e+17	8.492505727716402e+17	8.492505727716402e+17	
122	ULLMWXPSQSZINF	sirius	C[N+](C)(C)CC(CC(=O)O)OC(=O)CCCCCCCCCCC(=O)O																																																																																												1.0	6.0	0.405	0.405	-251.809	0.01	0.001	16.253	C19H35NO6	[M - H]-	C19H34NO6-	InChI=1S/C19H35NO6/c1-20(2,3)15-16(14-18(23)24)26-19(25)13-11-9-7-5-4-6-8-10-12-17(21)22/h16H,4-15H2,1-3H3,(H-,21,22,23,24)/p+1	O-(11-carboxyundecanoyl)carnitine	C[N+](C)(C)CC(CC(=O)O)OC(=O)CCCCCCCCCCC(=O)O	3.1	145720503;145720504;71464543;71464544	PUBCHEMANNOTATIONBIO:(null);HMDB:(HMDB0240775);CHEBI:(73064 165603);LIPIDMAPS:(LMFA07070083);PUBCHEM:(145720503 145720504 71464543 71464544)	2164260906.0	372.239	52.0	0.859	8.492506792943809e+17	8.492505728135832e+17	8.492505728135832e+17	
124	SJDWSVGEFCXILI	sirius	CCCN1C=NN=C1CN(C)CC2=NN3CCN(CC3=C2)C(=O)NC(C)C																																																																																												1.0	1.0	0.04	0.04	-230.685	0.133	0.172	3.44	C18H30N8O	[M - H]-	C18H29N8O-	InChI=1S/C18H30N8O/c1-5-6-25-13-19-21-17(25)12-23(4)10-15-9-16-11-24(7-8-26(16)22-15)18(27)20-14(2)3/h9,13-14H,5-8,10-12H2,1-4H3,(H,20,27)	2-[[methyl-[(4-propyl-1,2,4-triazol-3-yl)methyl]amino]methyl]-N-propan-2-yl-6,7-dihydro-4H-pyrazolo[1,5-a]pyrazine-5-carboxamide	CCCN1C=NN=C1CN(C)CC2=NN3CCN(CC3=C2)C(=O)NC(C)C	-0.4	56909452	PUBCHEM:(56909452)	2.0	373.243	52.0	0.868	8.492506805065349e+17	8.49250572893275e+17	8.49250572893275e+17	
125	FRZIQVNLLGECCX	sirius	CC12CCC3C(C1CCC2NCCCO)CCC4=C3C=CC(=C4)O																																																																																												1.0	1.0	0.087	0.087	-324.628	0.522	0.645	5.259	C21H31NO2	[M + Cl]-	C21H31ClNO2-	InChI=1S/C21H31NO2/c1-21-10-9-17-16-6-4-15(24)13-14(16)3-5-18(17)19(21)7-8-20(21)22-11-2-12-23/h4,6,13,17-20,22-24H,2-3,5,7-12H2,1H3	Prolame	CC12CCC3C(C1CCC2NCCCO)CCC4=C3C=CC(=C4)O	4.19	127441	BloodExposome:(127441);MESH:(127441);PUBCHEM:(127441);DSSTox:(DTXSID40912431);PUBMED:(null)	137443147846.0	364.207	52.0	0.872	8.492506846463135e+17	8.49250572935218e+17	8.492505729310237e+17	
126	LBDWOAGGEDFQTL	sirius	CCC(CCC(CC(CCC1CC(C(CC1C2CCNC(C2)N)O)OCCO)OC(=O)C)OC(=O)C)CO																																																																																												1.0	1.0	0.056	0.056	-480.455	0.703	0.5	83.155	C28H52N2O8	[M - H]-	C28H51N2O8-	InChI=1S/C28H52N2O8/c1-4-20(17-32)5-7-23(37-18(2)33)15-24(38-19(3)34)8-6-21-13-27(36-12-11-31)26(35)16-25(21)22-9-10-30-28(29)14-22/h20-28,30-32,35H,4-17,29H2,1-3H3	[5-Acetyloxy-1-[2-(2-aminopiperidin-1-ium-4-yl)-4-hydroxy-5-(2-hydroxyethoxy)cyclohexyl]-8-(hydroxymethyl)decan-3-yl] acetate	CCC(CCC(CC(CCC1CC(C(CC1C2CCNC(C2)N)O)OCCO)OC(=O)C)OC(=O)C)CO	1.5	163130364;163130365;163130366;163130367	COCONUT:(CNP0445478);SUPERNATURAL:(SN0097968);PUBCHEM:(163130364 163130365 163130366 163130367)	3145730.0	543.365	52.0	0.871	8.492507115024438e+17	8.49250572989744e+17	8.49250572989744e+17	
133	CXJPLERGFLFFDX	sirius	CCCCCC(CCCCCCCCCCCCCCS(=O)(=O)O)O																																																																																												1.0	1.0	0.036	0.036	-105.837	0.919	0.537	64.332	C20H42O4S	[M - H]-	C20H41O4S-	InChI=1S/C20H42O4S/c1-2-3-14-17-20(21)18-15-12-10-8-6-4-5-7-9-11-13-16-19-25(22,23)24/h20-21H,2-19H2,1H3,(H,22,23,24)	15-Hydroxyicosane-1-sulfonic acid	CCCCCC(CCCCCCCCCCCCCCS(=O)(=O)O)O	7.1	101814376	PUBCHEM:(101814376)	2.0	377.274	60.0	1.001	8.492507350115191e+17	8.492505732749568e+17	8.492505732749568e+17	
134	KXBXJDAVBNHVKW	sirius	CCCCCCCCCC=CC=CC=CC=CC=CC=CC(=O)NCC(=O)O																																																																																												1.0	4.0	0.308	0.308	-210.713	0.14	0.15	6.228	C24H35NO3	[M - H2O - H]-	C24H32NO2-	InChI=1S/C24H35NO3/c1-2-3-4-5-6-7-8-9-10-11-12-13-14-15-16-17-18-19-20-21-23(26)25-22-24(27)28/h10-21H,2-9,22H2,1H3,(H,25,26)(H,27,28)	Docosahexaenoylglycine	CCCCCCCCCC=CC=CC=CC=CC=CC=CC(=O)NCC(=O)O	7.4	53442581;77519575	CHEBI:(184045);PUBCHEM:(53442581 77519575);PUBMED:(null)	98.0	366.241	59.0	0.981	8.492507265516073e+17	8.492505733127055e+17	8.492505733127055e+17	
138	YSMUBCPALREUPQ	sirius	COC1=C(C=C(C=C1)CCNC(=O)CCC2=NN=C(NC2=O)C3=CC(=CC=C3)OCC4CC4)OC																																																																																												1.0	1.0	0.344	0.344	-416.765	1.0	0.177	24.16	C26H30N4O5	[M - H2O - H]-	C26H27N4O4-	InChI=1S/C26H30N4O5/c1-33-22-10-8-17(14-23(22)34-2)12-13-27-24(31)11-9-21-26(32)28-25(30-29-21)19-4-3-5-20(15-19)35-16-18-6-7-18/h3-5,8,10,14-15,18H,6-7,9,11-13,16H2,1-2H3,(H,27,31)(H,28,30,32)	3-{3-[3-(cyclopropylmethoxy)phenyl]-5-oxo-2,5-dihydro-1,2,4-triazin-6-yl}-N~1~-(3,4-dimethoxyphenethyl)propanamide	COC1=C(C=C(C=C1)CCNC(=O)CCC2=NN=C(NC2=O)C3=CC(=CC=C3)OCC4CC4)OC	2.8	135868505	SUPERNATURAL:(SN0459099);PUBCHEM:(135868505)	1048578.0	459.202	61.0	1.019	8.492506877249329e+17	8.492505734720891e+17	8.492505734720891e+17	
142	RLBAFDJXAXIJCH	isdb	Cc1nc(CCCCCCCC(O)CCCCO)ccc1O																																													-1.0							1.0	0.6885925	ISDB	http://www.wikidata.org/entity/Q105239745	RLBAFDJXAXIJCH-UHFFFAOYSA-N	InChI=1S/C18H31NO3/c1-15-18(22)13-12-16(19-15)9-5-3-2-4-6-10-17(21)11-7-8-14-20/h12-13,17,20-22H,2-11,14H2,1H3	Cc1nc(CCCCCCCC(O)CCCCO)ccc1O	C18H31NO3		309.23039385199996	2-Methyl-6-(8,12-dihydroxydodecyl)pyridine-3-ol	Alkaloids	Nicotinic acid alkaloids	Pyridine alkaloids	http://www.wikidata.org/entity/Q15537762	Senna multijuga	68519.0	['Eukaryota']	['Archaeplastida']	['Streptophyta']	['Magnoliopsida']	['Fabales']	['Fabaceae']	['Unknown']	['Senna']	['Senna multijuga']		['Eukaryota']									1.0	0.0	3.754369974136353	1.0																									
142	WRADPCFZZWXOTI	sirius	CCCCCCCCC(=CCCCCCCCC(=O)O)[N+](=O)[O-]																																																																																												1.0	1.0	0.045	0.084	-74.661	1.0	0.499	116.02	C18H33NO4	[M - H2O - H]-	C18H30NO3-	InChI=1S/C18H33NO4/c1-2-3-4-5-8-11-14-17(19(22)23)15-12-9-6-7-10-13-16-18(20)21/h15H,2-14,16H2,1H3,(H,20,21)	(Z)-10-nitrooctadec-9-enoate	CCCCCCCCC(=CCCCCCCCC(=O)O)[N+](=O)[O-]	6.7	53394576;53442606;137699803;117819012;49820522;24836820	PUBCHEMANNOTATIONBIO:(null);NORMAN:(NS00096553);HMDB:(HMDB0062737 HMDB0247556);BloodExposome:(53394576 24836820);CHEBI:(86285);LIPIDMAPS:(LMFA01120003);SUPERNATURAL:(SN0417669);MESH:(24836820 53394576);PUBCHEM:(53394576 53442606 137699803 117819012 49820522 24836820);PUBCHEMANNOTATIONDRUG:(null);PUBMED:(null)	2203320430.0	308.223	62.0	1.028	8.492506873432511e+17	8.49250573635667e+17	8.492505736314726e+17	
143	DMJBIYDCCUIVGN	sirius	CC(C)(C)OC(=O)NC(CC1CCN(CC1)C(=O)OC(C)(C)C)C(=O)O																																																																																												1.0	2.0	0.038	0.038	-314.981	0.097	0.483	8.811	C18H32N2O6	[M - H]-	C18H31N2O6-	InChI=1S/C18H32N2O6/c1-17(2,3)25-15(23)19-13(14(21)22)11-12-7-9-20(10-8-12)16(24)26-18(4,5)6/h12-13H,7-11H2,1-6H3,(H,19,23)(H,21,22)	2-{[(tert-butoxy)carbonyl]amino}-3-{1-[(tert-butoxy)carbonyl]piperidin-4-yl}propanoic acid	CC(C)(C)OC(=O)NC(CC1CCN(CC1)C(=O)OC(C)(C)C)C(=O)O	2.5	21899582;27281612;27281614	COCONUT:(CNP0046534);PUBCHEM:(21899582 27281612 27281614)	2097154.0	371.218	62.0	1.029	8.492506815215566e+17	8.492505736818043e+17	8.492505736818043e+17	
143	PHMBVCPLDPDESM	isdb	CN1[C@H]2CC[C@@H]1[C@@H](C(=O)O)[C@@H](O)C2																																													9.0	Alkaloids	0.3333333333333333	Ornithine alkaloids	0.3333333333333333	Tropane alkaloids	0.3333333333333333	1.0	0.0	MS1_match	http://www.wikidata.org/entity/Q420028	PHMBVCPLDPDESM-FKSUSPILSA-N	InChI=1S/C9H15NO3/c1-10-5-2-3-6(10)8(9(12)13)7(11)4-5/h5-8,11H,2-4H2,1H3,(H,12,13)/t5-,6+,7-,8+/m0/s1	CN1[C@H]2CC[C@@H]1[C@@H](C(=O)O)[C@@H](O)C2	C9H15NO3	pos_2MH	185.10519334	(1R,2R,3S,5S)-3-hydroxy-8-methyl-8-azoniabicyclo[3.2.1]octane-2-carboxylate	Alkaloids	Ornithine alkaloids	Tropane alkaloids	http://www.wikidata.org/entity/Q15978631	Homo sapiens	770315.0	['Eukaryota']	['Metazoa']	['Chordata']	['Mammalia']	['Primates']	['Hominidae']	['Unknown']	['Homo']	['Homo sapiens']		['Eukaryota']	['Metazoa']	['Chordata']	['Mammalia']		['Hominidae']		['Homo']	['Homo sapiens']	7.0	3.0	8.5	1.0																									
144	GEWOFEPIJRKZEE	sirius	CCCNC(=O)CN=C(NCC)NCCN1C=NN=C1CC																																																																																												1.0	1.0	0.009	0.009	-173.536	0.274	0.271	10.278	C14H27N7O	[M + Cl]-	C14H27ClN7O-	InChI=1S/C14H27N7O/c1-4-7-16-13(22)10-18-14(15-6-3)17-8-9-21-11-19-20-12(21)5-2/h11H,4-10H2,1-3H3,(H,16,22)(H2,15,17,18)	2-[[ethylamino-[2-(3-ethyl-1,2,4-triazol-4-yl)ethylamino]methylidene]amino]-N-propylacetamide	CCCNC(=O)CN=C(NCC)NCCN1C=NN=C1CC	0.2	111701401	PUBCHEM:(111701401)	2.0	344.199	62.0	1.032	8.492507340761893e+17	8.492505737237473e+17	8.492505737237473e+17	
145	ULLMWXPSQSZINF	sirius	C[N+](C)(C)CC(CC(=O)O)OC(=O)CCCCCCCCCCC(=O)O																																																																																												1.0	2.0	0.086	0.133	-321.029	0.105	0.499	37.498	C19H35NO6	[M - H2O - H]-	C19H32NO5-	InChI=1S/C19H35NO6/c1-20(2,3)15-16(14-18(23)24)26-19(25)13-11-9-7-5-4-6-8-10-12-17(21)22/h16H,4-15H2,1-3H3,(H-,21,22,23,24)/p+1	O-(11-carboxyundecanoyl)carnitine	C[N+](C)(C)CC(CC(=O)O)OC(=O)CCCCCCCCCCC(=O)O	3.1	145720503;145720504;71464543;71464544	PUBCHEMANNOTATIONBIO:(null);HMDB:(HMDB0240775);CHEBI:(73064 165603);LIPIDMAPS:(LMFA07070083);PUBCHEM:(145720503 145720504 71464543 71464544)	2164260906.0	354.228	62.0	1.032	8.492506980177556e+17	8.49250573761496e+17	8.49250573761496e+17	
147	JUYVPLSBMNUATE	sirius	CC(C)CCCCCCCCCCC(C(C(C(=O)NCC(=O)O)O)O)O																																																																																												1.0	6.0	0.302	0.302	-208.961	0.114	0.212	8.295	C19H37NO6	[M - H]-	C19H36NO6-	InChI=1S/C19H37NO6/c1-14(2)11-9-7-5-3-4-6-8-10-12-15(21)17(24)18(25)19(26)20-13-16(22)23/h14-15,17-18,21,24-25H,3-13H2,1-2H3,(H,20,26)(H,22,23)	2-[(2,3,4-Trihydroxy-15-methylhexadecanoyl)amino]acetic acid	CC(C)CCCCCCCCCCC(C(C(C(=O)NCC(=O)O)O)O)O	3.7	164519613	LIPIDMAPS:(LMFA08020378);PUBCHEM:(164519613)	2147483650.0	374.255	62.0	1.035	8.492507326207656e+17	8.492505738369935e+17	8.492505738369935e+17	
148	HODQKEDWOFDTLF	sirius	CC(C)CC1=CSC(=N1)CC(C)CCC(C)CC2=CN(N=N2)CC(C)C																																																																																												1.0	9.0	0.026	0.026	-221.888	0.012	0.012	2.758	C21H36N4S	[M - H]-	C21H35N4S-	InChI=1S/C21H36N4S/c1-15(2)9-20-14-26-21(22-20)11-18(6)8-7-17(5)10-19-13-25(24-23-19)12-16(3)4/h13-18H,7-12H2,1-6H3	2-[2,5-Dimethyl-6-[1-(2-methylpropyl)triazol-4-yl]hexyl]-4-(2-methylpropyl)-1,3-thiazole	CC(C)CC1=CSC(=N1)CC(C)CCC(C)CC2=CN(N=N2)CC(C)C	6.6	130306055	PUBCHEM:(130306055)	2.0	375.258	62.0	1.038	8.492507379139777e+17	8.492505739041024e+17	8.492505739041024e+17	
149	TUCKWWCORIKOGI	sirius	CC(=O)OC(CCC1CC(C(CC1C2CCNC(C2)N)O)OC)CC(CC3CCCCC3O)OC(=O)C																																																																																												1.0	2.0	0.07	0.07	-431.252	0.268	0.5	109.307	C28H50N2O7	[M - H]-	C28H49N2O7-	InChI=1S/C28H50N2O7/c1-17(31)36-22(15-23(37-18(2)32)12-21-6-4-5-7-25(21)33)9-8-19-13-27(35-3)26(34)16-24(19)20-10-11-30-28(29)14-20/h19-28,30,33-34H,4-16,29H2,1-3H3	[5-Acetyloxy-1-[2-(2-aminopiperidin-1-ium-4-yl)-4-hydroxy-5-methoxycyclohexyl]-6-(2-hydroxycyclohexyl)hexan-3-yl] acetate	CC(=O)OC(CCC1CC(C(CC1C2CCNC(C2)N)O)OC)CC(CC3CCCCC3O)OC(=O)C	2.4	163181146;163181147;163181148;163181149	COCONUT:(CNP0477340);SUPERNATURAL:(SN0467408);PUBCHEM:(163181146 163181147 163181148 163181149)	3145730.0	525.354	63.0	1.043	8.492507111585107e+17	8.492505739628227e+17	8.492505739628227e+17	
150	OYXGAALVEDCAQP	sirius	CC(C)(C)OC(=O)CCC(CCC(=O)OC(C)(C)C)(CCC(=O)OC(C)(C)C)NCCCO[Si](C)(C)C(C)(C)C																																																																																												1.0	2.0	-inf	-inf	-278.446	0.262	0.0	34.433	C31H61NO7Si	[M - H]-	C31H60NO7Si-	InChI=1S/C31H61NO7Si/c1-27(2,3)37-24(33)16-19-31(20-17-25(34)38-28(4,5)6,21-18-26(35)39-29(7,8)9)32-22-15-23-36-40(13,14)30(10,11)12/h32H,15-23H2,1-14H3	Ditert-butyl 4-[3-[tert-butyl(dimethyl)silyl]oxypropylamino]-4-[3-[(2-methylpropan-2-yl)oxy]-3-oxopropyl]heptanedioate	CC(C)(C)OC(=O)CCC(CCC(=O)OC(C)(C)C)(CCC(=O)OC(C)(C)C)NCCCO[Si](C)(C)C(C)(C)C	7.341	142448903	PUBCHEM:(142448903)	2.0	586.414	63.0	1.043	8.492507046573391e+17	8.492505740257372e+17	8.492505740215429e+17	
152	TYWLCISSQGISSI	sirius	C1COCCOCC(COCCOCCO1)(CNCCN)CNCCN																																																																																												1.0	1.0	0.039	0.039	-189.185	0.511	0.499	9.878	C17H38N4O5	[M - H2O - H]-	C17H35N4O4-	InChI=1S/C17H38N4O5/c18-1-3-20-13-17(14-21-4-2-19)15-25-11-9-23-7-5-22-6-8-24-10-12-26-16-17/h20-21H,1-16,18-19H2	N,N''-[(1,4,7,10,13-Pentaoxacyclohexadecane-15,15-diyl)bismethylene]bis(ethane-1,2-diamine)	C1COCCOCC(COCCOCCO1)(CNCCN)CNCCN	-3.4	10714685	PUBCHEM:(10714685)	2.0	359.263	64.0	1.07	8.492506744080163e+17	8.492505741096233e+17	8.492505741096233e+17	
154	DIKKOKPMRZWQBP	sirius	CCCCC(CCCC)(CCCC)NC(=O)CCC(=O)NC(CCCCOO)(CCCOO)CCCOO																																																																																												1.0	2.0	0.539	0.539	-233.512	0.271	0.5	65.362	C28H56N2O8	[M - H2O - H]-	C28H53N2O7-	InChI=1S/C28H56N2O8/c1-4-7-16-27(17-8-5-2,18-9-6-3)29-25(31)14-15-26(32)30-28(20-12-23-37-34,21-13-24-38-35)19-10-11-22-36-33/h33-35H,4-24H2,1-3H3,(H,29,31)(H,30,32)	N-(5-butylnonan-5-yl)-N'-[1,8-dihydroperoxy-4-(3-hydroperoxypropyl)octan-4-yl]butanediamide	CCCCC(CCCC)(CCCC)NC(=O)CCC(=O)NC(CCCCOO)(CCCOO)CCCOO	4.5	53761807	PUBCHEM:(53761807)	2.0	529.386	64.0	1.066	8.492506878591506e+17	8.492505741851208e+17	8.492505741851208e+17	
157	TZUUYLGLWRQHEH	sirius	CCCCCCCCCCCCCCCCOCC(COC1C(C(C(C(O1)CO)O)O)N)NC(=O)OC																																																																																												1.0	1.0	-inf	-inf	-287.749	1.0	0.5	57.706	C27H54N2O8	[M - H2O - H]-	C27H51N2O7-	InChI=1S/C27H54N2O8/c1-3-4-5-6-7-8-9-10-11-12-13-14-15-16-17-35-19-21(29-27(33)34-2)20-36-26-23(28)25(32)24(31)22(18-30)37-26/h21-26,30-32H,3-20,28H2,1-2H3,(H,29,33)	methyl N-[1-[(2R,4R,5S)-3-amino-4,5-dihydroxy-6-(hydroxymethyl)oxan-2-yl]oxy-3-hexadecoxypropan-2-yl]carbamate	CCCCCCCCCCCCCCCCOCC(COC1C(C(C(C(O1)CO)O)O)N)NC(=O)OC	5.1	145973440;130187905	PUBCHEM:(145973440 130187905)	2.0	515.37	67.0	1.111	8.49250673107782e+17	8.492505743067556e+17	8.492505743067556e+17	
158	LEZOFDVNUPSBMM	sirius	CCCCCCCC=CC=CC(=O)NC(C(C)O)C(=O)NC1C=CCCNC(=O)CC(C(NC1=O)C(C)C)O																																																																																												1.0	3.0	0.072	0.072	-432.658	0.044	0.05	41.359	C29H48N4O6	[M - H]-	C29H47N4O6-	InChI=1S/C29H48N4O6/c1-5-6-7-8-9-10-11-12-13-17-24(36)32-27(21(4)34)29(39)31-22-16-14-15-18-30-25(37)19-23(35)26(20(2)3)33-28(22)38/h11-14,16-17,20-23,26-27,34-35H,5-10,15,18-19H2,1-4H3,(H,30,37)(H,31,39)(H,32,36)(H,33,38)	(2E,4E)-N-[(2S,3R)-3-hydroxy-1-[[(4R,5S,8S,9E)-4-hydroxy-2,7-dioxo-5-propan-2-yl-1,6-diazacyclododec-9-en-8-yl]amino]-1-oxobutan-2-yl]dodeca-2,4-dienamide	CCCCCCCC=CC=CC(=O)NC(C(C)O)C(=O)NC1C=CCCNC(=O)CC(C(NC1=O)C(C)C)O	4.1	60147045	PUBCHEMANNOTATIONBIO;PUBCHEM:(60147045)	16777218.0	547.352	67.0	1.113	8.492507049257747e+17	8.492505743654758e+17	8.492505743654758e+17	
159	YUBBEARZLJZRCY	sirius	CCNC(=O)COCCOCCNC(=O)COCCOCCNC(=O)CCCCCCCCCCCCC(=O)O																																																																																												1.0	2.0	0.527	0.527	-184.568	0.35	0.441	59.407	C28H53N3O9	[M - H]-	C28H52N3O9-	InChI=1S/C28H53N3O9/c1-2-29-26(33)23-39-21-19-38-18-16-31-27(34)24-40-22-20-37-17-15-30-25(32)13-11-9-7-5-3-4-6-8-10-12-14-28(35)36/h2-24H2,1H3,(H,29,33)(H,30,32)(H,31,34)(H,35,36)	14-[2-[2-[2-[2-[2-[2-(Ethylamino)-2-oxoethoxy]ethoxy]ethylamino]-2-oxoethoxy]ethoxy]ethylamino]-14-oxotetradecanoic acid	CCNC(=O)COCCOCCNC(=O)COCCOCCNC(=O)CCCCCCCCCCCCC(=O)O	2.5	123781814	PUBCHEM:(123781814)	2.0	574.371	67.0	1.113	8.492507360517066e+17	8.492505744283904e+17	8.492505744241961e+17	
160	SXPLGYBFGPYAHS	sirius	CC1(CC(CC(N1O)(C)C)OC(=O)CCCCCCCCC(=O)OC2CC(N(C(C2)(C)C)O)(C)C)C																																																																																												1.0	2.0	0.033	0.033	-478.734	0.344	0.5	57.725	C28H52N2O6	[M - H]-	C28H51N2O6-	InChI=1S/C28H52N2O6/c1-25(2)17-21(18-26(3,4)29(25)33)35-23(31)15-13-11-9-10-12-14-16-24(32)36-22-19-27(5,6)30(34)28(7,8)20-22/h21-22,33-34H,9-20H2,1-8H3	Bis-(tetramethyl hydroxypiperidinyl) sebacate	CC1(CC(CC(N1O)(C)C)OC(=O)CCCCCCCCC(=O)OC2CC(N(C(C2)(C)C)O)(C)C)C	5.4	157658182;157658183;157658184;145154714;163322103;22959362;11272241;158715187;158715188	PUBCHEMANNOTATIONBIO:(null);HMDB:(HMDB0259422);BloodExposome:(69467065 11272241);MESH:(11272241);PUBCHEM:(157658182 157658183 157658184 145154714 163322103 22959362 11272241 158715187 158715188);DSSTox:(DTXSID20184619);PUBMED:(null)	137459925070.0	511.375	68.0	1.141	8.492506971369518e+17	8.492505744871107e+17	8.492505744871107e+17	
161	QTCKGNMTPFAAGK	sirius	CCCCCCCC(=O)OC(C(CO)O)(N)OC(=O)CCCCCCC																																																																																												1.0	1.0	0.071	0.071	-234.682	1.0	0.5	89.604	C19H37NO6	[M - H2O - H]-	C19H34NO5-	InChI=1S/C19H37NO6/c1-3-5-7-9-11-13-17(23)25-19(20,16(22)15-21)26-18(24)14-12-10-8-6-4-2/h16,21-22H,3-15,20H2,1-2H3	1-Amino-2,3-dihydroxypropane dicaprylate	CCCCCCCC(=O)OC(C(CO)O)(N)OC(=O)CCCCCCC	3.8	129728344	PUBCHEM:(129728344)	2.0	356.244	65.0	1.084	8.492506812195667e+17	8.492505745542195e+17	8.492505745542195e+17	
163	RVHKAWVIVXRAEU	sirius	CCCCCC(C(CC(C(CCCCCCCC(=O)NCCCC(C)(C)CC(=O)O)O)O)O)O																																																																																												1.0	1.0	0.247	0.247	-368.053	1.0	0.491	38.709	C26H51NO7	[M - H2O - H]-	C26H48NO6-	InChI=1S/C26H51NO7/c1-4-5-9-13-20(28)22(30)18-23(31)21(29)14-10-7-6-8-11-15-24(32)27-17-12-16-26(2,3)19-25(33)34/h20-23,28-31H,4-19H2,1-3H3,(H,27,32)(H,33,34)	3,3-Dimethyl-6-(9,10,12,13-tetrahydroxyoctadecanoylamino)hexanoic acid	CCCCCC(C(CC(C(CCCCCCCC(=O)NCCCC(C)(C)CC(=O)O)O)O)O)O	3.8	164710637	PUBCHEM:(164710637)	2.0	470.348	72.0	1.2	8.492506834467424e+17	8.492505746758543e+17	8.4925057467166e+17	
164	NZQXBCYRCBRGLN	sirius	CCCCCCCCCCCCCC=CC(C(C(O)OO)N)O																																																																																												1.0	1.0	0.163	0.163	-219.661	1.0	0.5	5.613	C18H37NO4	[M - H2O - H]-	C18H34NO3-	InChI=1S/C18H37NO4/c1-2-3-4-5-6-7-8-9-10-11-12-13-14-15-16(20)17(19)18(21)23-22/h14-18,20-22H,2-13,19H2,1H3	2-Amino-1-hydroperoxyoctadec-4-ene-1,3-diol	CCCCCCCCCCCCCC=CC(C(C(O)OO)N)O	4.8	54138859	BloodExposome:(54138859);PUBCHEM:(54138859);PUBMED:(null)	4194370.0	312.254	73.0	1.224	8.49250733535124e+17	8.492505747303803e+17	8.492505747303803e+17	
165	QKAADJMJCMTZSL	sirius	CCCCCCC(=O)OCCCCCCCCC(C(C(CO)N)O)O																																																																																												1.0	1.0	0.083	0.083	-213.926	1.0	0.5	24.29	C19H39NO5	[M - H2O - H]-	C19H36NO4-	InChI=1S/C19H39NO5/c1-2-3-4-10-13-18(23)25-14-11-8-6-5-7-9-12-17(22)19(24)16(20)15-21/h16-17,19,21-22,24H,2-15,20H2,1H3	(11-Amino-9,10,12-trihydroxydodecyl) heptanoate	CCCCCCC(=O)OCCCCCCCCC(C(C(CO)N)O)O	2.8	58177463	PUBCHEM:(58177463)	2.0	342.265	74.0	1.229	8.492507294414829e+17	8.492505747891007e+17	8.492505747891007e+17	
166	OVSHGEZZDHTBGW	sirius	CC(C)NCC(CC(CCCOC(=O)CCCCOC(=O)C(CCCO)CC(CO)NC(C)C)C(=O)OC(C)C)O																																																																																												1.0	1.0	0.434	0.434	-524.327	1.0	0.5	63.279	C30H58N2O9	[M - H2O - H]-	C30H55N2O8-	InChI=1S/C30H58N2O9/c1-21(2)31-19-27(35)18-25(30(38)41-23(5)6)12-10-16-39-28(36)13-7-8-15-40-29(37)24(11-9-14-33)17-26(20-34)32-22(3)4/h21-27,31-35H,7-20H2,1-6H3	[5-[6-Hydroxy-7-(propan-2-ylamino)-4-propan-2-yloxycarbonylheptoxy]-5-oxopentyl] 5-hydroxy-2-(3-hydroxypropyl)-4-(propan-2-ylamino)pentanoate	CC(C)NCC(CC(CCCOC(=O)CCCCOC(=O)C(CCCO)CC(CO)NC(C)C)C(=O)OC(C)C)O	2.2	129012908	PUBCHEM:(129012908)	2.0	571.396	74.0	1.232	8.492506910719877e+17	8.492505748478209e+17	8.492505748478209e+17	
167	FKFKZUQUDIWKEM	sirius	CCCCOCCOCCOCCCNC(=O)CCC(C(=O)NCCCOCCOCCOCCCC)NC(=O)OC																																																																																												1.0	1.0	-inf	-inf	-378.137	0.888	0.395	62.8	C29H57N3O10	[M - H2O - H]-	C29H54N3O9-	InChI=1S/C29H57N3O10/c1-4-6-14-37-18-22-41-24-20-39-16-8-12-30-27(33)11-10-26(32-29(35)36-3)28(34)31-13-9-17-40-21-25-42-23-19-38-15-7-5-2/h26H,4-25H2,1-3H3,(H,30,33)(H,31,34)(H,32,35)	methyl N-[1,5-bis[3-[2-(2-butoxyethoxy)ethoxy]propylamino]-1,5-dioxopentan-2-yl]carbamate	CCCCOCCOCCOCCCNC(=O)CCC(C(=O)NCCCOCCOCCOCCCC)NC(=O)OC	1.3	60111030	PUBCHEM:(60111030)	2.0	588.387	73.0	1.224	8.49250714442651e+17	8.492505749065412e+17	8.492505749065412e+17	
169	SBFFLWUBRLNFSF	sirius	CC1CCCCOC(C(CN(C(=O)C2=C(O1)C=CC(=C2)NC(=O)CCCN(C)C)C(C)CO)C)CNC																																																																																												1.0	2.0	0.066	0.066	-439.433	0.439	0.45	19.088	C28H48N4O5	[M - H]-	C28H47N4O5-	InChI=1S/C28H48N4O5/c1-20-18-32(21(2)19-33)28(35)24-16-23(30-27(34)11-9-14-31(5)6)12-13-25(24)37-22(3)10-7-8-15-36-26(20)17-29-4/h12-13,16,20-22,26,29,33H,7-11,14-15,17-19H2,1-6H3,(H,30,34)	4-(dimethylamino)-N-[(3R,9R,10S)-12-[(2R)-1-hydroxypropan-2-yl]-3,10-dimethyl-9-(methylaminomethyl)-13-oxo-2,8-dioxa-12-azabicyclo[12.4.0]octadeca-1(14),15,17-trien-16-yl]butanamide	CC1CCCCOC(C(CN(C(=O)C2=C(O1)C=CC(=C2)NC(=O)CCCN(C)C)C(C)CO)C)CNC	2.2	44504571;44504572;44620604;54614927;44494529;44496475	CHEBI:(110928 117771 106731 110999 123957 98626);PUBCHEM:(44504571 44504572 44620604 54614927 44494529 44496475);PUBMED:(null)	98.0	519.357	74.0	1.229	8.492506746051487e+17	8.492505750323703e+17	8.492505750323703e+17	
170	DIKKOKPMRZWQBP	sirius	CCCCC(CCCC)(CCCC)NC(=O)CCC(=O)NC(CCCCOO)(CCCOO)CCCOO																																																																																												1.0	2.0	0.156	0.156	-256.898	0.42	0.43	10.192	C28H56N2O8	[M - H2O - H]-	C28H53N2O7-	InChI=1S/C28H56N2O8/c1-4-7-16-27(17-8-5-2,18-9-6-3)29-25(31)14-15-26(32)30-28(20-12-23-37-34,21-13-24-38-35)19-10-11-22-36-33/h33-35H,4-24H2,1-3H3,(H,29,31)(H,30,32)	N-(5-butylnonan-5-yl)-N'-[1,8-dihydroperoxy-4-(3-hydroperoxypropyl)octan-4-yl]butanediamide	CCCCC(CCCC)(CCCC)NC(=O)CCC(=O)NC(CCCCOO)(CCCOO)CCCOO	4.5	53761807	PUBCHEM:(53761807)	2.0	529.386	74.0	1.241	8.492506872761422e+17	8.492505750952849e+17	8.492505750910906e+17	
171	BDKNRQYCAYETKV	sirius	CCCCCCSC1=CC=CC2=C1OC3=C(N2)C=CC=C3SCCCCCC																																																																																												1.0	1.0	0.002	0.002	-311.547	1.0	0.001	6.651	C24H33NOS2	[M - H2O - H]-	C24H30NS2-	InChI=1S/C24H33NOS2/c1-3-5-7-9-17-27-21-15-11-13-19-23(21)26-24-20(25-19)14-12-16-22(24)28-18-10-8-6-4-2/h11-16,25H,3-10,17-18H2,1-2H3	4,6-bis(hexylsulfanyl)-10H-phenoxazine	CCCCCCSC1=CC=CC2=C1OC3=C(N2)C=CC=C3SCCCCCC	8.8	21276382	PUBCHEM:(21276382)	2.0	396.184	77.0	1.291	8.492507211954808e+17	8.492505751540051e+17	8.492505751540051e+17	
172	YFSVYNVEWRYCTM	sirius	CCCCCCCCC(C(CCCCCCCCC(=O)O)[N+](=O)[O-])O[N+](=O)[O-]																																																																																												1.0	1.0	0.438	0.438	-255.423	1.0	0.101	13.775	C19H36N2O7	[M - H2O - H]-	C19H33N2O6-	InChI=1S/C19H36N2O7/c1-2-3-4-5-9-12-15-18(28-21(26)27)17(20(24)25)14-11-8-6-7-10-13-16-19(22)23/h17-18H,2-16H2,1H3,(H,22,23)	10-Nitro-11-nitrooxynonadecanoic acid	CCCCCCCCC(C(CCCCCCCCC(=O)O)[N+](=O)[O-])O[N+](=O)[O-]	7.1	161903563	PUBCHEM:(161903563)	2.0	385.234	78.0	1.302	8.492506777466826e+17	8.492505752127254e+17	8.492505752085311e+17	
173	KETONYCRHXQBQH	sirius	CCC(C(=O)NCCOCCOC(C)OCCOCCOC(C)OCC)N																																																																																												1.0	2.0	0.024	0.024	-334.303	0.019	0.5	27.343	C18H38N2O7	[M - H2O - H]-	C18H35N2O6-	InChI=1S/C18H38N2O7/c1-5-17(19)18(21)20-7-8-22-9-12-26-16(4)27-14-11-23-10-13-25-15(3)24-6-2/h15-17H,5-14,19H2,1-4H3,(H,20,21)	2-amino-N-[2-[2-[1-[2-[2-(1-ethoxyethoxy)ethoxy]ethoxy]ethoxy]ethoxy]ethyl]butanamide	CCC(C(=O)NCCOCCOC(C)OCCOCCOC(C)OCC)N	0.1	89993213	PUBCHEM:(89993213)	2.0	375.249	78.0	1.295	8.492506771972288e+17	8.492505752714456e+17	8.492505752672513e+17	
174	JMFIGACKFZTNPF	sirius	COC1C(C(C(=N1)CCCCCCCCC(=O)CCCCO)O)O																																																																																												1.0	1.0	0.044	0.054	-236.164	1.0	0.499	18.71	C18H33NO5	[M - H2O - H]-	C18H30NO4-	InChI=1S/C18H33NO5/c1-24-18-17(23)16(22)15(19-18)12-7-5-3-2-4-6-10-14(21)11-8-9-13-20/h16-18,20,22-23H,2-13H2,1H3	13-(3,4-dihydroxy-2-methoxy-3,4-dihydro-2H-pyrrol-5-yl)-1-hydroxytridecan-5-one	COC1C(C(C(=N1)CCCCCCCCC(=O)CCCCO)O)O	0.9	163044531;163044532	COCONUT:(CNP0326375);SUPERNATURAL:(SN0169247);PUBCHEM:(163044531 163044532)	3145730.0	324.218	78.0	1.295	8.492507352380115e+17	8.492505753301659e+17	8.492505753301659e+17	
175	ADHVWICOFLYDST	sirius	CCC=CCC(C=CC(C(CCCCCCCC(=O)O)O)O)O																																																																																												1.0	1.0	0.238	0.238	-97.299	1.0	0.5	16.071	C18H32O5	[M - H2O - H]-	C18H29O4-	InChI=1S/C18H32O5/c1-2-3-7-10-15(19)13-14-17(21)16(20)11-8-5-4-6-9-12-18(22)23/h3,7,13-17,19-21H,2,4-6,8-12H2,1H3,(H,22,23)	9,10,13-trihydroxyoctadeca-11,15-dienoic acid	CCC=CCC(C=CC(C(CCCCCCCC(=O)O)O)O)O	2.6	74135901;9973796;23872026;93062006;93062009;93062012;93062016;26249435;26249437;26249439	COCONUT:(CNP0087243);CHEBI:(183718);SUPERNATURAL:(SN0002544);PUBCHEM:(74135901 9973796 23872026 93062006 93062009 93062012 93062016 26249435 26249437 26249439);DSSTox:(DTXSID001203873)	137442099234.0	309.207	78.0	1.302	8.492507230535575e+17	8.492505753930804e+17	8.492505753930804e+17	
176	HSSKJUUTLJONMC	sirius	CCCCCCC(CCCCC(=O)OC(CC(=O)O)C[N+](C)(C)C)O																																																																																												1.0	2.0	0.067	0.062	-182.711	0.389	0.397	10.465	C19H37NO5	[M - H]-	C19H36NO5-	InChI=1S/C19H37NO5/c1-5-6-7-8-11-16(21)12-9-10-13-19(24)25-17(14-18(22)23)15-20(2,3)4/h16-17,21H,5-15H2,1-4H3/p+1	6-Hydroxydodecanoylcarnitine	CCCCCCC(CCCCC(=O)OC(CC(=O)O)C[N+](C)(C)C)O	3.0	156961921;156961922	PUBCHEMANNOTATIONBIO:(null);HMDB:(HMDB0241301);LotusExpanded;PUBCHEM:(156961921 156961922);PUBCHEMANNOTATIONDRUG:(null)	8640266250.0	358.26	79.0	1.309	8.492507262705889e+17	8.492505754601893e+17	8.49250575455995e+17	
182	XBATYDJRBXRMHK	sirius	CCCCCCCCCCCCC(CNCC(C(C(C(CO)O)O)O)O)O																																																																																												1.0	1.0	0.448	0.448	-273.892	1.0	0.5	54.204	C20H43NO6	[M - H2O - H]-	C20H40NO5-	InChI=1S/C20H43NO6/c1-2-3-4-5-6-7-8-9-10-11-12-16(23)13-21-14-17(24)19(26)20(27)18(25)15-22/h16-27H,2-15H2,1H3	(2R,3R,4R,5S)-6-(2-hydroxytetradecylamino)hexane-1,2,3,4,5-pentol	CCCCCCCCCCCCC(CNCC(C(C(C(CO)O)O)O)O)O	2.1	142653941	PUBCHEM:(142653941)	2.0	374.291	80.0	1.329	8.492506937060108e+17	8.492505758167052e+17	8.492505758167052e+17	
183	ZFXKKTWBSINSPC	sirius	C(CCCN)CCCNCC(=O)NC(CCCCN)COC(=O)NC(CCCCN)COC(=O)N																																																																																												1.0	1.0	-inf	-inf	-310.887	0.999	0.433	26.456	C23H49N7O5	[M - H2O - H]-	C23H46N7O4-	InChI=1S/C23H49N7O5/c24-12-6-2-1-3-9-15-28-16-21(31)29-19(10-4-7-13-25)18-35-23(33)30-20(11-5-8-14-26)17-34-22(27)32/h19-20,28H,1-18,24-26H2,(H2,27,32)(H,29,31)(H,30,33)	[(2S)-6-amino-2-[[2-(7-aminoheptylamino)acetyl]amino]hexyl] N-(6-amino-1-carbamoyloxyhexan-2-yl)carbamate	C(CCCN)CCCNCC(=O)NC(CCCCN)COC(=O)NC(CCCCN)COC(=O)N	-0.4	22095008;9848975;9892323;9914047;9957773;142056454	PUBCHEM:(22095008 9848975 9892323 9914047 9957773 142056454)	2.0	484.364	80.0	1.329	8.49250676249316e+17	8.492505758796197e+17	8.492505758796197e+17	
184	FEKAVYCMADQABT	sirius	CCC(CO)OC(COC(=O)CCCC(=O)NCCCOCCCNC(=O)CBr)OC																																																																																												1.0	2.0	-inf	-inf	-440.985	0.355	0.0	20.703	C20H37BrN2O8	[M - H2O - H]-	C20H34BrN2O7-	InChI=1S/C20H37BrN2O8/c1-3-16(14-24)31-20(28-2)15-30-19(27)8-4-7-17(25)22-9-5-11-29-12-6-10-23-18(26)13-21/h16,20,24H,3-15H2,1-2H3,(H,22,25)(H,23,26)	[2-(1-Hydroxybutan-2-yloxy)-2-methoxyethyl] 5-[3-[3-[(2-bromoacetyl)amino]propoxy]propylamino]-5-oxopentanoate	CCC(CO)OC(COC(=O)CCCC(=O)NCCCOCCCNC(=O)CBr)OC	0.5	89296086	PUBCHEM:(89296086)	2.0	493.153	80.0	1.329	8.492507048838317e+17	8.4925057593834e+17	8.492505759341457e+17	
186	JZSLOJVWMSSHIL	sirius	CC1CC=CCC(C(=O)N2CCCC2CNC1=O)CC(=O)NCC3=CC=C(C=C3)Cl																																																																																												1.0	1.0	0.057	0.057	-506.935	1.0	0.138	11.643	C23H30ClN3O3	[M - H2O - H]-	C23H27ClN3O2-	InChI=1S/C23H30ClN3O3/c1-16-5-2-3-6-18(13-21(28)25-14-17-8-10-19(24)11-9-17)23(30)27-12-4-7-20(27)15-26-22(16)29/h2-3,8-11,16,18,20H,4-7,12-15H2,1H3,(H,25,28)(H,26,29)	N-[(4-chlorophenyl)methyl]-2-[(3S,8S,12S)-8-methyl-2,9-dioxo-1,10-diazabicyclo[10.3.0]pentadec-5-en-3-yl]acetamide	CC1CC=CCC(C(=O)N2CCCC2CNC1=O)CC(=O)NCC3=CC=C(C=C3)Cl	2.6	118867169;70680405;123932204	CHEBI:(125295);PUBCHEM:(118867169 70680405 123932204)	34.0	412.179	80.0	1.338	8.492506784848803e+17	8.492505760306147e+17	8.492505760306147e+17	
187	CNILYTDGGPNRQR	sirius	CC(=C)OCCOCCOCCOCCOCCOCCOCCOCCN																																																																																												1.0	2.0	0.01	0.01	-232.121	0.181	0.421	55.799	C19H39NO8	[M - H2O - H]-	C19H36NO7-	InChI=1S/C19H39NO8/c1-19(2)28-18-17-27-16-15-26-14-13-25-12-11-24-10-9-23-8-7-22-6-5-21-4-3-20/h1,3-18,20H2,2H3	2-[2-[2-[2-[2-[2-[2-(2-Prop-1-en-2-yloxyethoxy)ethoxy]ethoxy]ethoxy]ethoxy]ethoxy]ethoxy]ethanamine	CC(=C)OCCOCCOCCOCCOCCOCCOCCOCCN	-0.8	140159195	PUBCHEM:(140159195)	2.0	390.25	80.0	1.34	8.492507232213298e+17	8.492505760683634e+17	8.492505760683634e+17	
190	PXAAANMQCFFETP	sirius	C(CCCCCCCCC(=O)O)CCCCCCCC(=O)NCCOCCOCCOCCNC=O																																																																																												1.0	1.0	0.018	0.015	-344.284	1.0	0.0	28.982	C27H52N2O7	[M - H2O - H]-	C27H49N2O6-	InChI=1S/C27H52N2O7/c30-25-28-17-19-34-21-23-36-24-22-35-20-18-29-26(31)15-13-11-9-7-5-3-1-2-4-6-8-10-12-14-16-27(32)33/h25H,1-24H2,(H,28,30)(H,29,31)(H,32,33)	18-[2-[2-[2-(2-Formamidoethoxy)ethoxy]ethoxy]ethylamino]-18-oxooctadecanoic acid	C(CCCCCCCCC(=O)O)CCCCCCCC(=O)NCCOCCOCCOCCNC=O	5.1	156793848	PUBCHEM:(156793848)	2.0	497.36	90.0	1.499	8.492506857242497e+17	8.492505761816096e+17	8.492505761774153e+17	
192	ROQCRPVUAOXGQA	sirius	CCCN1C(=O)C2=C(N=C(N2)C3CCCC3)N(C1=O)CC4=CC(N(C4(C)C)[O])(C)C																																																																																												1.0	1.0	0.32	0.32	-254.203	0.918	0.433	15.469	C22H32N5O3	[M - H2O - H]-	C22H29N5O2-	InChI=1S/C22H32N5O3/c1-6-11-25-19(28)16-18(24-17(23-16)14-9-7-8-10-14)26(20(25)29)13-15-12-21(2,3)27(30)22(15,4)5/h12,14H,6-11,13H2,1-5H3,(H,23,24)		CCCN1C(=O)C2=C(N=C(N2)C3CCCC3)N(C1=O)CC4=CC(N(C4(C)C)[O])(C)C	2.5	11373346	PUBCHEM:(11373346);PUBMED	66.0	395.232	93.0	1.549	8.49250679378267e+17	8.492505762529128e+17	8.492505762529128e+17	
193	SNCPSUVQSWGVNH	sirius	B1(C(CC2=C(O1)C(=CC=C2)C(=O)C)CC(=O)CC3CCC(CC3)NCCCC4CC4)O																																																																																												1.0	1.0	0.061	0.061	-463.23	1.0	0.442	21.937	C25H36BNO4	[M - H2O - H]-	C25H33BNO3-	InChI=1S/C25H36BNO4/c1-17(28)24-6-2-5-20-15-21(26(30)31-25(20)24)16-23(29)14-19-9-11-22(12-10-19)27-13-3-4-18-7-8-18/h2,5-6,18-19,21-22,27,30H,3-4,7-16H2,1H3	1-[(3R)-8-acetyl-2-hydroxy-3,4-dihydro-1,2-benzoxaborinin-3-yl]-3-[4-(3-cyclopropylpropylamino)cyclohexyl]propan-2-one	B1(C(CC2=C(O1)C(=CC=C2)C(=O)C)CC(=O)CC3CCC(CC3)NCCCC4CC4)O	5.053	157107046	PUBCHEM:(157107046)	2.0	405.26	93.0	1.549	8.492507390799944e+17	8.492505762864672e+17	8.492505762864672e+17	
194	MYYLUVFDSKPOET	sirius	COC1=CC2=C(C=C1)C(C(CCC2)C3=CC=CC=C3)C4=CC=C(C=C4)OCCN5CCCC5																																																																																												1.0	1.0	0.023	0.023	-671.519	1.0	0.083	22.46	C30H35NO2	[M - H2O - H]-	C30H32NO-	InChI=1S/C30H35NO2/c1-32-27-16-17-29-25(22-27)10-7-11-28(23-8-3-2-4-9-23)30(29)24-12-14-26(15-13-24)33-21-20-31-18-5-6-19-31/h2-4,8-9,12-17,22,28,30H,5-7,10-11,18-21H2,1H3	1-[2-[4-(2-methoxy-6-phenyl-6,7,8,9-tetrahydro-5H-benzo[7]annulen-5-yl)phenoxy]ethyl]pyrrolidine	COC1=CC2=C(C=C1)C(C(CCC2)C3=CC=CC=C3)C4=CC=C(C=C4)OCCN5CCCC5	7.0	129943;24845491	MESH:(129943);PUBCHEM:(129943 24845491);DSSTox:(DTXSID20910511);PUBMED:(null)	137438953542.0	422.251	93.0	1.549	8.49250730779466e+17	8.492505763200216e+17	8.492505763200216e+17	
204	DSUHNJBPUBHJPA	sirius	CCCCCC(C=CCC=CCC(C(C1CCCC1)(C(=O)O)O[Si](C)(C)C)O)(C#C)O																																																																																												1.0	1.0	0.154	0.154	-238.587	1.0	0.387	34.334	C25H42O5Si	[M - H2O - H]-	C25H39O4Si-	InChI=1S/C25H42O5Si/c1-6-8-14-19-24(29,7-2)20-15-10-9-11-18-22(26)25(23(27)28,30-31(3,4)5)21-16-12-13-17-21/h2,9,11,15,20-22,26,29H,6,8,10,12-14,16-19H2,1,3-5H3,(H,27,28)	(2R,3R,5E,8Z,10S)-2-cyclopentyl-10-ethynyl-3,10-dihydroxy-2-trimethylsilyloxypentadeca-5,8-dienoic acid	CCCCCC(C=CCC=CCC(C(C1CCCC1)(C(=O)O)O[Si](C)(C)C)O)(C#C)O	6.107	88816915	PUBCHEM:(88816915)	2.0	431.262	141.0	2.343	8.492506979883955e+17	8.49250576668149e+17	8.49250576668149e+17	
207	SUCBEQDWLIEMEH	sirius	CC1(CN(CCO1)C2CC3(C(CCC4C3C(=O)CC5(C4CCC5C(=O)COS(=O)(=O)C)C)CC2O)C)C																																																																																												1.0	1.0	0.017	0.017	-690.369	1.0	0.498	63.892	C28H45NO7S	[M - H2O - H]-	C28H42NO6S-	InChI=1S/C28H45NO7S/c1-26(2)16-29(10-11-35-26)21-13-27(3)17(12-22(21)30)6-7-18-19-8-9-20(24(32)15-36-37(5,33)34)28(19,4)14-23(31)25(18)27/h17-22,25,30H,6-16H2,1-5H3	(2beta,3alpha,5alpha)-2-(2,2-Dimethyl-4-morpholinyl)-3-hydroxy-11,20-dioxopregnan-21-yl methanesulfonate	CC1(CN(CCO1)C2CC3(C(CCC4C3C(=O)CC5(C4CCC5C(=O)COS(=O)(=O)C)C)CC2O)C)C	2.7	10697702	MESH:(10697702);PUBCHEM:(10697702);DSSTox:(DTXSID801029267);PUBMED	137438953542.0	520.273	141.0	2.358	8.492507370960884e+17	8.492505767730066e+17	8.492505767730066e+17	
209	OECKOQZMGZNRNF	sirius	C#CCCCCCCC#CC(CCC1=CC=CC=C1)N(C[C]2[CH][CH][CH][CH]2)C(CO)C3=CC=CC=C3																																																																																												1.0	1.0	-inf	-inf	-400.828	1.0	0.103	24.238	C33H38NO	[M - H2O - H]-	C33H35N-	InChI=1S/C33H38NO/c1-2-3-4-5-6-7-8-15-24-32(26-25-29-18-11-9-12-19-29)34(27-30-20-16-17-21-30)33(28-35)31-22-13-10-14-23-31/h1,9-14,16-23,32-33,35H,3-8,25-28H2		C#CCCCCCCC#CC(CCC1=CC=CC=C1)N(C[C]2[CH][CH][CH][CH]2)C(CO)C3=CC=CC=C3	8.5	11284706	PUBCHEM:(11284706)	2.0	445.278	156.0	2.6	8.492506800787159e+17	8.492505768443098e+17	8.492505768401155e+17	
210	VTQIBBPWFAXUIB	sirius	CC[Si](CC)(CC)OC12CCC(=C(C1=CC3C(=O)CC(C3(CC2)C)C(C)C)C(=O)OC)OC																																																																																												1.0	1.0	0.067	0.067	-258.52	0.891	0.132	23.428	C27H44O5Si	[M - H2O - H]-	C27H41O4Si-	InChI=1S/C27H44O5Si/c1-9-33(10-2,11-3)32-27-13-12-23(30-7)24(25(29)31-8)21(27)16-20-22(28)17-19(18(4)5)26(20,6)14-15-27/h16,18-20H,9-15,17H2,1-8H3	(1R)-1beta-Isopropyl-3-oxo-6beta-methoxy-10abeta-methyl-8a-(triethylsiloxy)-1,2,3,3a,7,8,8a,9,10,10a-decahydrobenzo[f]azulene-5-carboxylic acid methyl ester	CC[Si](CC)(CC)OC12CCC(=C(C1=CC3C(=O)CC(C3(CC2)C)C(C)C)C(=O)OC)OC	6.395	101201510	PUBCHEM:(101201510)	2.0	457.278	156.0	2.6	8.492506964700573e+17	8.492505768778642e+17	8.492505768736699e+17	
212	BVHRLBQPOBSNGU	sirius	CCCC#CC(=C(C)C(=NC=C(C=C)N(NC(CC)CF)O)CCC)C1=C(C=C(C=C1)C#N)C																																																																																												1.0	3.0	0.022	0.022	-325.866	0.017	0.018	7.49	C28H37FN4O	[M - H2O - H]-	C28H34FN4-	InChI=1S/C28H37FN4O/c1-7-11-12-14-27(26-16-15-23(19-30)17-21(26)5)22(6)28(13-8-2)31-20-25(10-4)33(34)32-24(9-3)18-29/h10,15-17,20,24,32,34H,4,7-9,11,13,18H2,1-3,5-6H3	4-[(E)-8-[(1E)-2-[(1-fluorobutan-2-ylamino)-hydroxyamino]buta-1,3-dienyl]imino-7-methylundec-6-en-4-yn-6-yl]-3-methylbenzonitrile	CCCC#CC(=C(C)C(=NC=C(C=C)N(NC(CC)CF)O)CCC)C1=C(C=C(C=C1)C#N)C	7.2	144070192	PUBCHEM:(144070192)	2.0	445.278	173.0	2.88	8.492506843191578e+17	8.492505769491674e+17	8.49250576944973e+17	
213	HSEYOPRIGCUKFI	sirius	CCCCC(=O)NCCOCCOCCOCC(=O)NCC(=O)NC(CC(CN)N)C(=O)N																																																																																												1.0	1.0	0.121	0.121	-343.626	0.936	0.423	3.525	C20H40N6O7	[M - H2O - H]-	C20H37N6O6-	InChI=1S/C20H40N6O7/c1-2-3-4-17(27)24-5-6-31-7-8-32-9-10-33-14-19(29)25-13-18(28)26-16(20(23)30)11-15(22)12-21/h15-16H,2-14,21-22H2,1H3,(H2,23,30)(H,24,27)(H,25,29)(H,26,28)	(2S)-4,5-diamino-2-[[2-[[2-[2-[2-[2-(pentanoylamino)ethoxy]ethoxy]ethoxy]acetyl]amino]acetyl]amino]pentanamide	CCCCC(=O)NCCOCCOCCOCC(=O)NCC(=O)NC(CC(CN)N)C(=O)N	-3.3	132100082	PUBCHEM:(132100082)	2.0	457.278	173.0	2.88	8.492506823897777e+17	8.492505769827218e+17	8.492505769827218e+17	
214	ARDNWKYZQFLONF	sirius	CCCCCCCCC(CCC(C(=CC(=O)O)CN=C(N)N)NC1=CC=CN1)C2CCCCC2																																																																																												1.0	4.0	0.009	0.026	-552.898	0.011	0.01	12.794	C27H47N5O2	[M - H2O - H]-	C27H44N5O-	InChI=1S/C27H47N5O2/c1-2-3-4-5-6-8-14-22(21-12-9-7-10-13-21)16-17-24(32-25-15-11-18-30-25)23(19-26(33)34)20-31-27(28)29/h11,15,18-19,21-22,24,30,32H,2-10,12-14,16-17,20H2,1H3,(H,33,34)(H4,28,29,31)	7-cyclohexyl-3-{[(diaminomethylidene)amino]methyl}-4-[(1H-pyrrol-2-yl)amino]pentadec-2-enoic acid	CCCCCCCCC(CCC(C(=CC(=O)O)CN=C(N)N)NC1=CC=CN1)C2CCCCC2	7.6	162794392;162794394	COCONUT:(CNP0091700);SUPERNATURAL:(SN0013124);PUBCHEM:(162794392 162794394)	3145730.0	454.354	173.0	2.883	8.492506712287337e+17	8.492505770204705e+17	8.492505770204705e+17	
215	XJRVNIHTUWFLIH	sirius	CCCCNC(=O)CN(CCN(CC(=O)NCCC)CC(=O)NCCCN)CC(=O)NCCC																																																																																												1.0	1.0	0.184	0.184	-326.81	0.869	0.476	22.048	C23H47N7O4	[M - H2O - H]-	C23H44N7O3-	InChI=1S/C23H47N7O4/c1-4-7-12-27-22(33)18-29(16-20(31)25-10-5-2)14-15-30(17-21(32)26-11-6-3)19-23(34)28-13-8-9-24/h4-19,24H2,1-3H3,(H,25,31)(H,26,32)(H,27,33)(H,28,34)	2-[2-[[2-(3-aminopropylamino)-2-oxoethyl]-[2-oxo-2-(propylamino)ethyl]amino]ethyl-[2-(butylamino)-2-oxoethyl]amino]-N-propylacetamide	CCCCNC(=O)CN(CCN(CC(=O)NCCC)CC(=O)NCCCN)CC(=O)NCCC	0.1	142054691	PUBCHEM:(142054691)	2.0	466.353	173.0	2.88	8.492506948510559e+17	8.492505770582193e+17	8.49250577054025e+17	
216	ZRYSMRXXINVKEW	sirius	CCCCC1(CS(=O)(=O)C2=CC(=C(C=C2N(C1O)C3=CC=CC=C3)Br)OC4C(CC(CO4)(C)O)O)CC																																																																																												1.0	1.0	-inf	-inf	-607.004	0.955	0.0	19.564	C27H36BrNO7S	[M - H2O - H]-	C27H33BrNO6S-	InChI=1S/C27H36BrNO7S/c1-4-6-12-27(5-2)17-37(33,34)23-14-22(36-24-21(30)15-26(3,32)16-35-24)19(28)13-20(23)29(25(27)31)18-10-8-7-9-11-18/h7-11,13-14,21,24-25,30-32H,4-6,12,15-17H2,1-3H3	2-[[(3S,4S)-7-bromo-3-butyl-3-ethyl-4-hydroxy-1,1-dioxo-5-phenyl-2,4-dihydro-1lambda6,5-benzothiazepin-8-yl]oxy]-5-methyloxane-3,5-diol	CCCCC1(CS(=O)(=O)C2=CC(=C(C=C2N(C1O)C3=CC=CC=C3)Br)OC4C(CC(CO4)(C)O)O)CC	4.8	67985971	PUBCHEM:(67985971)	2.0	578.122	173.0	2.885	8.492507327885377e+17	8.492505770917737e+17	8.492505770875794e+17	
221	WXEATBZRCDKKPO	sirius	CCCNC(=O)COCCOCCCOCCOCCNC(=O)CCC(CCCCCCCCCCCCCCCCC(=O)O)C(=C)O																																																																																												1.0	5.0	0.1	0.1	-333.236	0.035	0.011	55.947	C37H70N2O9	[M - H2O - H]-	C37H67N2O8-	InChI=1S/C37H70N2O9/c1-3-23-38-36(42)32-48-31-30-46-26-18-25-45-28-29-47-27-24-39-35(41)22-21-34(33(2)40)19-16-14-12-10-8-6-4-5-7-9-11-13-15-17-20-37(43)44/h34,40H,2-32H2,1H3,(H,38,42)(H,39,41)(H,43,44)	18-(1-Hydroxyethenyl)-21-oxo-21-[2-[2-[3-[2-[2-oxo-2-(propylamino)ethoxy]ethoxy]propoxy]ethoxy]ethylamino]henicosanoic acid	CCCNC(=O)COCCOCCCOCCOCCNC(=O)CCC(CCCCCCCCCCCCCCCCC(=O)O)C(=C)O	7.4	162681378	PUBCHEM:(162681378)	2.0	667.49	174.0	2.894	8.492507457824923e+17	8.492505772637402e+17	8.492505772637402e+17	
222	QJBAONPJZSBTMP	sirius	CCCCC(=COC(C)(OC=C(CC)CCCC)OC(=O)CCC=CC(=O)OC(C)(OC=C(CC)CCCC)OC=C(CC)CCCC)CC																																																																																												1.0	1.0	0.13	0.13	-259.919	0.299	0.324	7.132	C42H72O8	[M - H2O - H]-	C42H69O7-	InChI=1S/C42H72O8/c1-11-19-25-35(15-5)31-45-41(9,46-32-36(16-6)26-20-12-2)49-39(43)29-23-24-30-40(44)50-42(10,47-33-37(17-7)27-21-13-3)48-34-38(18-8)28-22-14-4/h23,29,31-34H,11-22,24-28,30H2,1-10H3	bis[1-[(Z)-2-ethylhex-1-enoxy]-1-[(E)-2-ethylhex-1-enoxy]ethyl] (E)-hex-2-enedioate	CCCCC(=COC(C)(OC=C(CC)CCCC)OC(=O)CCC=CC(=O)OC(C)(OC=C(CC)CCCC)OC=C(CC)CCCC)CC	15.2	145725226	PUBCHEM:(145725226)	2.0	685.501	173.0	2.891	8.492506912900915e+17	8.492505773056832e+17	8.492505773056832e+17	
223	XRVSKQUGCXPZHA	sirius	CC(C)(C)[C]1C=CC(=NC2=CC(=CC(=C2O)C(C)(C)C)C(C)(C)C)C=C1																																																																																												1.0	1.0	-inf	-inf	-373.398	1.0	0.0	25.923	C24H34NO	[M - H2O - H]-	C24H31N-	InChI=1S/C24H34NO/c1-22(2,3)16-10-12-18(13-11-16)25-20-15-17(23(4,5)6)14-19(21(20)26)24(7,8)9/h10-15,26H,1-9H3	1,3-Di-tert-butyl-5-(4-tert-butylphenylimino)-6-oxylato-1,3-cyclohexadiene-6-ylradical	CC(C)(C)[C]1C=CC(=NC2=CC(=CC(=C2O)C(C)(C)C)C(C)(C)C)C=C1	7.4	101756743;101756744	PUBCHEM:(101756743 101756744)	2.0	333.246	173.0	2.888	8.492506808966053e+17	8.492505773392376e+17	8.492505773392376e+17	
224	WTENXKAJCSHCNH	sirius	CNC1C(C(C(C(C1OC)O)N)OC2C(CC=C(O2)CN)NC(=O)CC(CCCN)N)O																																																																																												1.0	3.0	0.017	0.017	-630.66	0.049	0.281	11.802	C20H40N6O6	[M - H]-	C20H39N6O6-	InChI=1S/C20H40N6O6/c1-25-15-17(29)18(14(24)16(28)19(15)30-2)32-20-12(6-5-11(9-22)31-20)26-13(27)8-10(23)4-3-7-21/h5,10,12,14-20,25,28-29H,3-4,6-9,21-24H2,1-2H3,(H,26,27)	3,6-diamino-N-(2-{[2-amino-3,6-dihydroxy-4-methoxy-5-(methylamino)cyclohexyl]oxy}-6-(aminomethyl)-3,4-dihydro-2H-pyran-3-yl)hexanimidic acid	CNC1C(C(C(C(C1OC)O)N)OC2C(CC=C(O2)CN)NC(=O)CC(CCCN)N)O	-4.3	50988972;10253724;12961619;196541	COCONUT:(CNP0342359);SUPERNATURAL:(SN0419379);MESH:(196541);PUBCHEM:(50988972 10253724 12961619 196541);DSSTox:(DTXSID001000576);PUBMED:(null)	137442099270.0	459.294	174.0	2.894	8.492506777173225e+17	8.492505773811807e+17	8.492505773769864e+17	
225	OGUKJRCPWCNIQL	sirius	CCCCCCCCCCCC(=O)N(C)CC(C(C(C(CO)O)O)O)O																																																																																												1.0	1.0	0.058	0.058	-460.343	1.0	0.5	30.59	C19H39NO6	[M - H2O - H]-	C19H36NO5-	InChI=1S/C19H39NO6/c1-3-4-5-6-7-8-9-10-11-12-17(24)20(2)13-15(22)18(25)19(26)16(23)14-21/h15-16,18-19,21-23,25-26H,3-14H2,1-2H3	N-(deuteriomethyl)-N-[(2S,3R,4R,5R)-2,3,4,5,6-pentahydroxyhexyl]dodecanamide	CCCCCCCCCCCC(=O)N(C)CC(C(C(C(CO)O)O)O)O	1.7	9799890;95566091;95566092;95566093;141577927;18328493;10948838	NORMAN:(NS00066179);PUBCHEMANNOTATIONSAFETYANDTOXIC:(null);PUBCHEM:(9799890 95566091 95566092 95566093 141577927 18328493 10948838);DSSTox:(DTXSID601015820)	137506324482.0	358.26	174.0	2.895	8.492506847134223e+17	8.492505774147351e+17	8.492505774105408e+17	
227	WBDYFYYVULBFHX	sirius	CCCCCCCCN1C(=O)C2(CC(N(C(C2)(C)C)CC3=CC=CC=C3)(C)C)NC1=O																																																																																												1.0	2.0	0.035	0.035	-338.075	0.109	0.329	5.711	C26H41N3O2	[M + Cl]-	C26H41ClN3O2-	InChI=1S/C26H41N3O2/c1-6-7-8-9-10-14-17-28-22(30)26(27-23(28)31)19-24(2,3)29(25(4,5)20-26)18-21-15-12-11-13-16-21/h11-13,15-16H,6-10,14,17-20H2,1-5H3,(H,27,31)	1,3,8-Triazaspiro[4.5]decane-2,4-dione, 7,7,9,9-tetramethyl-3-octyl-8-(phenylmethyl)-	CCCCCCCCN1C(=O)C2(CC(N(C(C2)(C)C)CC3=CC=CC=C3)(C)C)NC1=O	5.7	170272	NORMAN:(NS00030720);PUBCHEM:(170272);DSSTox:(DTXSID7068211)	137439215618.0	462.291	174.0	2.903	8.492507040114163e+17	8.492505774860383e+17	8.492505774860383e+17	
228	SUURXJYZJLTUSA	sirius	CC(CCC(=O)NCCC(=O)NCCC(=O)O)C1CCC2C1(C(CC3C2C(CC4C3(CCC(C4)O)C)O)O)C																																																																																												1.0	6.0	0.187	0.187	-372.04	0.031	0.028	22.744	C30H50N2O7	[M + Cl]-	C30H50ClN2O7-	InChI=1S/C30H50N2O7/c1-17(4-7-25(36)31-12-9-26(37)32-13-10-27(38)39)20-5-6-21-28-22(16-24(35)30(20,21)3)29(2)11-8-19(33)14-18(29)15-23(28)34/h17-24,28,33-35H,4-16H2,1-3H3,(H,31,36)(H,32,37)(H,38,39)	3-[3-[[(4R)-4-[(10S,13R)-3,7,12-trihydroxy-10,13-dimethyl-2,3,4,5,6,7,8,9,11,12,14,15,16,17-tetradecahydro-1H-cyclopenta[a]phenanthren-17-yl]pentanoyl]amino]propanoylamino]propanoic acid	CC(CCC(=O)NCCC(=O)NCCC(=O)O)C1CCC2C1(C(CC3C2C(CC4C3(CCC(C4)O)C)O)O)C	2.1	118657452;73214286	PUBCHEM:(118657452 73214286)	2.0	585.331	174.0	2.899	8.49250790464413e+17	8.49250577523787e+17	8.492505775195927e+17	
229	REICCSMJHGPIOY	sirius	CCCCCC1CN2CC3CC(C2)CN(C3)CN=C(NCC1CCC(CC(CCC4=CC(=C(C=C4)O)OC5CCNCC5)OC(=O)C)O)N																																																																																												1.0	2.0	0.059	0.059	-731.196	0.372	0.5	57.226	C38H64N6O5	[M - H]-	C38H63N6O5-	InChI=1S/C38H64N6O5/c1-3-4-5-6-32-25-43-21-29-17-30(22-43)24-44(23-29)26-42-38(39)41-20-31(32)9-10-33(46)19-35(48-27(2)45)11-7-28-8-12-36(47)37(18-28)49-34-13-15-40-16-14-34/h8,12,18,29-35,40,46-47H,3-7,9-11,13-17,19-26H2,1-2H3,(H3,39,41,42)	5-hydroxy-1-[4-hydroxy-3-(piperidin-4-yloxy)phenyl]-7-{6-imino-10-pentyl-3,5,7,12-tetraazatricyclo[10.3.1.1³,¹⁴]heptadecan-9-yl}heptan-3-yl acetate	CCCCCC1CN2CC3CC(C2)CN(C3)CN=C(NCC1CCC(CC(CCC4=CC(=C(C=C4)O)OC5CCNCC5)OC(=O)C)O)N	4.7	162830239;162830240;162830241	COCONUT:(CNP0092873);SUPERNATURAL:(SN0323037);PUBCHEM:(162830239 162830240 162830241)	3145730.0	683.485	173.0	2.891	8.492507282377176e+17	8.492505775615359e+17	8.492505775615359e+17	
231	GXKRFCOMAWYRAO	sirius	CC1CNC(=O)C(NC(=O)C(NC(=O)C(C(OC1=O)C)NC(=O)C=CC2=CC=C(C=C2)O)CC(C)C)C																																																																																												1.0	1.0	0.071	0.071	-706.953	1.0	0.0	53.055	C26H36N4O7	[M - H2O - H]-	C26H33N4O6-	InChI=1S/C26H36N4O7/c1-14(2)12-20-24(34)28-16(4)23(33)27-13-15(3)26(36)37-17(5)22(25(35)29-20)30-21(32)11-8-18-6-9-19(31)10-7-18/h6-11,14-17,20,22,31H,12-13H2,1-5H3,(H,27,33)(H,28,34)(H,29,35)(H,30,32)	Aspergillipeptide A	CC1CNC(=O)C(NC(=O)C(NC(=O)C(C(OC1=O)C)NC(=O)C=CC2=CC=C(C=C2)O)CC(C)C)C	2.1	162989039;162989040;162989041;71573936;71573937;78117569	COCONUT:(CNP0261913);SUPERNATURAL:(SN0117917);PUBCHEM:(162989039 162989040 162989041 71573936 71573937 78117569);LOTUS:(Q105023155 Q77489544)	271581186.0	497.243	175.0	2.912	8.492507219630385e+17	8.492505776412276e+17	8.492505776412276e+17	
232	UQNLLPFZOWNSLH	sirius	CCCCCCCCC(C(=O)O)N(CCCC)C1=CC=CC=C1S(=O)(=O)O																																																																																												1.0	1.0	0.027	0.027	-273.405	1.0	0.496	44.167	C20H33NO5S	[M - H2O - H]-	C20H30NO4S-	InChI=1S/C20H33NO5S/c1-3-5-7-8-9-10-14-18(20(22)23)21(16-6-4-2)17-13-11-12-15-19(17)27(24,25)26/h11-13,15,18H,3-10,14,16H2,1-2H3,(H,22,23)(H,24,25,26)	2-[Butyl(2-sulfophenyl)amino]decanoic acid	CCCCCCCCC(C(=O)O)N(CCCC)C1=CC=CC=C1S(=O)(=O)O	5.6	138420294	PUBCHEM:(138420294)	2.0	380.19	174.0	2.905	8.492507396671969e+17	8.492505776747821e+17	8.492505776747821e+17	
233	ISCFCYZPYNTVNH	sirius	CC(C=O)NC(=O)C(CCCCN)NC(=O)C(C)NC(=O)C(C)NC(=O)C(C)N																																																																																												1.0	1.0	0.121	0.121	-356.24	0.492	0.059	20.118	C18H34N6O5	[M - H2O - H]-	C18H31N6O4-	InChI=1S/C18H34N6O5/c1-10(9-25)21-18(29)14(7-5-6-8-19)24-17(28)13(4)23-16(27)12(3)22-15(26)11(2)20/h9-14H,5-8,19-20H2,1-4H3,(H,21,29)(H,22,26)(H,23,27)(H,24,28)	H-Ala-Ala-Ala-Lys-Ala-al	CC(C=O)NC(=O)C(CCCCN)NC(=O)C(C)NC(=O)C(C)NC(=O)C(C)N	-2.0	91801132	PUBCHEMANNOTATIONBIO:(null);PUBCHEM:(91801132)	16777218.0	395.243	175.0	2.919	8.492507400698501e+17	8.492505777125308e+17	8.492505777125308e+17	
234	NHNYWPIZTJASFP	sirius	CCOP(=O)(COC(CC1=C2N=CN=C(N2N=C1)N)CC(C)F)OCC																																																																																												1.0	1.0	0.007	0.007	-241.984	0.457	0.037	8.987	C15H25FN5O4P	[M - H2O - H]-	C15H22FN5O3P-	InChI=1S/C15H25FN5O4P/c1-4-24-26(22,25-5-2)10-23-13(6-11(3)16)7-12-8-20-21-14(12)18-9-19-15(21)17/h8-9,11,13H,4-7,10H2,1-3H3,(H2,17,18,19)	8-[(2S,4R)-2-(diethoxyphosphorylmethoxy)-4-fluoropentyl]pyrazolo[1,5-a][1,3,5]triazin-4-amine	CCOP(=O)(COC(CC1=C2N=CN=C(N2N=C1)N)CC(C)F)OCC	1.1	137511182	PUBCHEM:(137511182)	2.0	370.145	176.0	2.929	8.492507323523301e+17	8.492505777502796e+17	8.492505777502796e+17	
235	FIGZGSKWTDIPGX	sirius	CCCCCC(C=CC=CCC=CCC=CCC=CCCC(=O)O)O																																																																																												1.0	1.0	0.104	0.104	-105.692	1.0	0.5	21.185	C22H34O3	[M - H2O - H]-	C22H31O2-	InChI=1S/C22H34O3/c1-2-3-15-18-21(23)19-16-13-11-9-7-5-4-6-8-10-12-14-17-20-22(24)25/h5-8,11-14,16,19,21,23H,2-4,9-10,15,17-18,20H2,1H3,(H,24,25)	(17S)-17-hydroxydocosa-4,7,10,13,15-pentaenoic acid	CCCCCC(C=CC=CCC=CCC=CCC=CCCC(=O)O)O	5.6	25257088;73026130;60053067;90756537;72205181;91378229;11602675	CHEBI:(138673);PUBCHEM:(25257088 73026130 60053067 90756537 72205181 91378229 11602675);PUBMED:(null)	98.0	327.233	177.0	2.948	8.49250711670216e+17	8.492505777880283e+17	8.492505777880283e+17	
236	AENZYLNKCVNYCD	sirius	CCCCCCCCCC1CCC(CC1)C2=CC(=C(C=C2)C3=C(C(=C(C=C3)CCCCCCC)F)OC)C#N																																																																																												1.0	1.0	0.018	0.017	-563.57	1.0	0.5	17.228	C36H52FNO	[M - H2O - H]-	C36H49FN-	InChI=1S/C36H52FNO/c1-4-6-8-10-11-13-14-16-28-18-20-29(21-19-28)31-23-24-33(32(26-31)27-38)34-25-22-30(35(37)36(34)39-3)17-15-12-9-7-5-2/h22-26,28-29H,4-21H2,1-3H3	2-(3-Fluoro-4-heptyl-2-methoxyphenyl)-5-(4-nonylcyclohexyl)benzonitrile	CCCCCCCCCC1CCC(CC1)C2=CC(=C(C=C2)C3=C(C(=C(C=C3)CCCCCCC)F)OC)C#N	14.0	141494313	PUBCHEM:(141494313)	2.0	514.386	179.0	2.986	8.492506707380001e+17	8.492505778215827e+17	8.492505778215827e+17	
238	TXHYAVVCUSKTJF	sirius	CC1C(CCC(N1)CCC(CCCCCCC(CC(=O)O)(CNC2(CCNC(C2)N)C)O)CNC)O																																																																																												1.0	2.0	0.017	0.017	-553.861	0.483	0.5	11.046	C27H55N5O4	[M - H]-	C27H54N5O4-	InChI=1S/C27H55N5O4/c1-20-23(33)12-11-22(32-20)10-9-21(18-29-3)8-6-4-5-7-13-27(36,17-25(34)35)19-31-26(2)14-15-30-24(28)16-26/h20-24,29-33,36H,4-19,28H2,1-3H3,(H,34,35)	3-{[(2-amino-4-methylpiperidin-4-yl)amino]methyl}-3-hydroxy-12-(5-hydroxy-6-methylpiperidin-2-yl)-10-[(methylamino)methyl]dodecanoic acid	CC1C(CCC(N1)CCC(CCCCCCC(CC(=O)O)(CNC2(CCNC(C2)N)C)O)CNC)O	-1.1	162792076;162792077	COCONUT:(CNP0006792);SUPERNATURAL:(SN0362580);PUBCHEM:(162792076 162792077)	3145730.0	512.415	195.0	3.244	8.492506756117816e+17	8.492505778886916e+17	8.492505778844973e+17	
241	FJNUQKIPXXVRAH	sirius	CC(CCCC(C)CC=C1C(CC(CC1(C)O)OC(=O)C)(C)C)CC=CCC(C)C=CCC(C)C(=O)CC23C(CC(CC2(O3)C)O)(C)C																																																																																												1.0	2.0	0.179	0.179	-371.872	0.208	0.444	6.173	C42H70O6	[M - H]-	C42H69O6-	InChI=1S/C42H70O6/c1-29(18-14-19-31(3)22-23-37-38(6,7)26-35(47-33(5)43)27-40(37,10)46)16-12-13-17-30(2)20-15-21-32(4)36(45)28-42-39(8,9)24-34(44)25-41(42,11)48-42/h12-13,15,20,23,29-32,34-35,44,46H,14,16-19,21-22,24-28H2,1-11H3	[(1S,3R)-3-hydroxy-4-[(9E,13E)-18-[(1S,4S,6R)-4-hydroxy-2,2,6-trimethyl-7-oxabicyclo[4.1.0]heptan-1-yl]-3,7,12,16-tetramethyl-17-oxooctadeca-9,13-dienylidene]-3,5,5-trimethylcyclohexyl] acetate	CC(CCCC(C)CC=C1C(CC(CC1(C)O)OC(=O)C)(C)C)CC=CCC(C)C=CCC(C)C(=O)CC23C(CC(CC2(O3)C)O)(C)C	8.7	154702484	PUBCHEMANNOTATIONBIO:(null);PUBCHEM:(154702484)	16777218.0	669.507	203.0	3.377	8.492506968433505e+17	8.492505779935492e+17	8.492505779893549e+17	
242	JETFIKRLEXXLQQ	sirius	CC(C)C1=C2N(C(C=C(N2N=C1)N(CCCCCCNC(=O)OC(C)(C)C)C(=O)OC(C)(C)C)NCCCCCCNC(=O)OC(C)(C)C)C																																																																																												1.0	1.0	-inf	-inf	-424.81	0.996	0.489	31.683	C37H67N7O6	[M - H2O - H]-	C37H64N7O5-	InChI=1S/C37H67N7O6/c1-27(2)28-26-41-44-30(25-29(42(12)31(28)44)38-21-17-13-14-18-22-39-32(45)48-35(3,4)5)43(34(47)50-37(9,10)11)24-20-16-15-19-23-40-33(46)49-36(6,7)8/h25-27,29,38H,13-24H2,1-12H3,(H,39,45)(H,40,46)	tert-butyl N-[4-methyl-5-[6-[(2-methylpropan-2-yl)oxycarbonylamino]hexylamino]-3-propan-2-yl-5H-pyrazolo[1,5-a]pyrimidin-7-yl]-N-[6-[(2-methylpropan-2-yl)oxycarbonylamino]hexyl]carbamate	CC(C)C1=C2N(C(C=C(N2N=C1)N(CCCCCCNC(=O)OC(C)(C)C)C(=O)OC(C)(C)C)NCCCCCCNC(=O)OC(C)(C)C)C	6.8	91488946	PUBCHEM:(91488946)	2.0	686.498	204.0	3.393	8.492507075597978e+17	8.492505780271036e+17	8.492505780271036e+17	
244	OGTQOZYXNQTFMR	sirius	CC1=C(C(CC(C1)O)(C)C)C=CC(=CC=CC(=CC=C(C=C(C)C=CC=C(C)C=CC2C(=CC(CC2(C)C)O)C)[N+](=O)[O-])C)C																																																																																												1.0	6.0	0.006	0.024	-481.839	0.01	0.006	7.388	C40H55NO4	[M - H2O - H]-	C40H52NO3-	InChI=1S/C40H55NO4/c1-28(13-11-14-29(2)18-21-37-32(5)24-35(42)26-39(37,7)8)17-20-34(41(44)45)23-31(4)16-12-15-30(3)19-22-38-33(6)25-36(43)27-40(38,9)10/h11-23,25,35-36,38,42-43H,24,26-27H2,1-10H3	(3R,3'R,6'R,15E)-15'-Nitro-beta,epsilon-carotene-3,3'-diol	CC1=C(C(CC(C1)O)(C)C)C=CC(=CC=CC(=CC=C(C=C(C)C=CC=C(C)C=CC2C(=CC(CC2(C)C)O)C)[N+](=O)[O-])C)C	10.6	101495853;101790104;102425111	TeroMol:(TKC099997 TKC100078);PUBCHEM:(101495853 101790104 102425111)	8388610.0	594.396	205.0	3.413	8.492506977115715e+17	8.492505780984068e+17	8.492505780984068e+17	
248	ASMLYNFXPMVGSY	sirius	CC1(CN(CC2N1CCN(C2)CC3=CC=CC=N3)S(=O)(=O)C4=CC=CC=C4)C																																																																																												1.0	2.0	0.777	0.777	-278.451	0.067	0.001	2.509	C21H28N4O2S	[M - H2O - H]-	C21H25N4OS-	InChI=1S/C21H28N4O2S/c1-21(2)17-24(28(26,27)20-9-4-3-5-10-20)16-19-15-23(12-13-25(19)21)14-18-8-6-7-11-22-18/h3-11,19H,12-17H2,1-2H3	2-{[8-(benzenesulfonyl)-6,6-dimethyl-octahydro-1H-[1,4]diazino[1,2-a]pyrazin-2-yl]methyl}pyridine	CC1(CN(CC2N1CCN(C2)CC3=CC=CC=N3)S(=O)(=O)C4=CC=CC=C4)C	1.8	124873335;162800270	COCONUT:(CNP0017145);SUPERNATURAL:(SN0014199);PUBCHEM:(124873335 162800270)	3145730.0	381.174	223.0	3.721	8.49250733300243e+17	8.492505782410131e+17	8.492505782410131e+17	
249	AVIWDYSJSPOOAR	sirius	CC(=O)NC1CCCC(C1)C(=O)NC2=NC=C(C(=C2)C3=C4CC(CN4N=C3)(C)C)Cl																																																																																												1.0	1.0	0.019	0.019	-593.439	1.0	0.0	6.471	C22H28ClN5O2	[M - H2O - H]-	C22H25ClN5O-	InChI=1S/C22H28ClN5O2/c1-13(29)26-15-6-4-5-14(7-15)21(30)27-20-8-16(18(23)11-24-20)17-10-25-28-12-22(2,3)9-19(17)28/h8,10-11,14-15H,4-7,9,12H2,1-3H3,(H,26,29)(H,24,27,30)		CC(=O)NC1CCCC(C1)C(=O)NC2=NC=C(C(=C2)C3=C4CC(CN4N=C3)(C)C)Cl	2.7	124155198;124155204;124155206;124155377;124155378	PUBCHEMANNOTATIONBIO;PUBCHEM:(124155198 124155204 124155206 124155377 124155378);PUBCHEMANNOTATIONDRUG;PUBMED	50331714.0	410.177	223.0	3.724	8.492506941799672e+17	8.492505782745676e+17	8.492505782745676e+17	
250	UDNYENJTSAIONB	sirius	CC(C)CC(C(=O)NC(CC(C)C)C(=O)NC(CC(C)C)C(=O)NC(CC(C)C)C(=O)NC(CC1=CC=C(C=C1)O)C(=O)N)NC(=O)C																																																																																												1.0	2.0	0.132	0.132	-279.85	0.255	0.486	32.345	C35H58N6O7	[M - H2O - H]-	C35H55N6O6-	InChI=1S/C35H58N6O7/c1-19(2)14-27(37-23(9)42)32(45)39-29(16-21(5)6)34(47)41-30(17-22(7)8)35(48)40-28(15-20(3)4)33(46)38-26(31(36)44)18-24-10-12-25(43)13-11-24/h10-13,19-22,26-30,43H,14-18H2,1-9H3,(H2,36,44)(H,37,42)(H,38,46)(H,39,45)(H,40,48)(H,41,47)	N-Acetyl-leu-leu-leu-leu-tyr-amide	CC(C)CC(C(=O)NC(CC(C)C)C(=O)NC(CC(C)C)C(=O)NC(CC(C)C)C(=O)NC(CC1=CC=C(C=C1)O)C(=O)N)NC(=O)C	3.642	102417733;443107	CHEBI:(177611 7189);KEGG:(C11295);PUBCHEM:(102417733 443107)	290.0	655.422	224.0	3.73	8.492506931188082e+17	8.492505783123163e+17	8.492505783123163e+17	
251	JCEYQTRYVFDGAQ	sirius	CCC(C(=O)NC(CC(C)C)C(=O)NC(C(C)C)C(=O)OCC1=CC=CC=C1)NC(=O)C(C(C)C)NC(=O)C(C(C)C)NC(=O)OCC2=CC=CC=C2																																																																																												1.0	1.0	0.087	0.087	-536.741	0.999	0.294	21.566	C40H59N5O8	[M - H2O - H]-	C40H56N5O7-	InChI=1S/C40H59N5O8/c1-10-30(35(46)42-31(21-24(2)3)36(47)44-34(27(8)9)39(50)52-22-28-17-13-11-14-18-28)41-37(48)32(25(4)5)43-38(49)33(26(6)7)45-40(51)53-23-29-19-15-12-16-20-29/h11-20,24-27,30-34H,10,21-23H2,1-9H3,(H,41,48)(H,42,46)(H,43,49)(H,44,47)(H,45,51)	Cbz-Val-Val-Abu-D-Leu-Val-OBn	CCC(C(=O)NC(CC(C)C)C(=O)NC(C(C)C)C(=O)OCC1=CC=CC=C1)NC(=O)C(C(C)C)NC(=O)C(C(C)C)NC(=O)OCC2=CC=CC=C2	7.0	10676470	PUBCHEM:(10676470)	2.0	718.418	224.0	3.73	8.492506831447525e+17	8.49250578350065e+17	8.49250578350065e+17	
252	SLABXFKSMHQAPJ	sirius	CCCC(=O)N(C)C(CSCCCO)C(=O)N(C)C(CC(C)(C)O)C(=O)NC(C(C)C)C(=O)N(C)C(CC(C)C)C(=O)NC(C)C(=O)N																																																																																												1.0	9.0	-inf	-inf	-452.97	0.012	0.016	1.916	C33H62N6O8S	[M - H]-	C33H61N6O8S-	InChI=1S/C33H62N6O8S/c1-12-14-26(41)37(9)25(19-48-16-13-15-40)31(45)39(11)24(18-33(7,8)47)30(44)36-27(21(4)5)32(46)38(10)23(17-20(2)3)29(43)35-22(6)28(34)42/h20-25,27,40,47H,12-19H2,1-11H3,(H2,34,42)(H,35,43)(H,36,44)	(2S)-N-[(2S)-1-[[(2S)-1-[[(2S)-1-amino-1-oxopropan-2-yl]amino]-4-methyl-1-oxopentan-2-yl]-methylamino]-3-methyl-1-oxobutan-2-yl]-2-[[(2S)-2-[butanoyl(methyl)amino]-3-(3-hydroxypropylsulfanyl)propanoyl]-methylamino]-4-hydroxy-4-methylpentanamide	CCCC(=O)N(C)C(CSCCCO)C(=O)N(C)C(CC(C)(C)O)C(=O)NC(C(C)C)C(=O)N(C)C(CC(C)C)C(=O)NC(C)C(=O)N	1.4	118889713	PUBCHEM:(118889713)	2.0	701.428	224.0	3.73	8.492506951069084e+17	8.492505783878138e+17	8.492505783878138e+17	
253	ZUAXBOAFMJMBCG	sirius	CCCCCCCC(=O)C(CC(=O)N)NC(=O)C(CCCCN(CCC)CCC)CC(=O)C(CC1=CC=C(C=C1)Cl)NC(=O)C2=CC=CC=C2																																																																																												1.0	1.0	-inf	-inf	-521.428	1.0	0.454	21.086	C40H59ClN4O5	[M - H2O - H]-	C40H56ClN4O4-	InChI=1S/C40H59ClN4O5/c1-4-7-8-9-13-19-36(46)35(29-38(42)48)44-40(50)32(18-14-15-26-45(24-5-2)25-6-3)28-37(47)34(27-30-20-22-33(41)23-21-30)43-39(49)31-16-11-10-12-17-31/h10-12,16-17,20-23,32,34-35H,4-9,13-15,18-19,24-29H2,1-3H3,(H2,42,48)(H,43,49)(H,44,50)	N-[(2S,5R)-5-[[(3S)-1-amino-1,4-dioxoundecan-3-yl]carbamoyl]-1-(4-chlorophenyl)-9-(dipropylamino)-3-oxononan-2-yl]benzamide	CCCCCCCC(=O)C(CC(=O)N)NC(=O)C(CCCCN(CCC)CCC)CC(=O)C(CC1=CC=C(C=C1)Cl)NC(=O)C2=CC=CC=C2	7.3	164048960	PUBCHEM:(164048960)	2.0	691.399	224.0	3.73	8.492506850573554e+17	8.492505784255625e+17	8.492505784255625e+17	
259	SIGBAPZLVBJION	sirius	CC(C)C(C=C(C)C(=O)NC(CC(=O)NCCN1C(=O)C=CC1=O)C(=O)OC(C)(C)C)N(C)C(=O)C(C(C)(C)C)NC(=O)C(C(C)(C)C2=CC=CC=C2)N(C)C(=O)OC(C)(C)C																																																																																												1.0	2.0	0.025	0.025	-536.484	0.012	0.261	11.894	C46H70N6O10	[M - H]-	C46H69N6O10-	InChI=1S/C46H70N6O10/c1-28(2)32(26-29(3)38(56)48-31(41(59)61-44(7,8)9)27-33(53)47-24-25-52-34(54)22-23-35(52)55)50(15)40(58)36(43(4,5)6)49-39(57)37(51(16)42(60)62-45(10,11)12)46(13,14)30-20-18-17-19-21-30/h17-23,26,28,31-32,36-37H,24-25,27H2,1-16H3,(H,47,53)(H,48,56)(H,49,57)	tert-butyl (2S)-2-[[(E,4S)-4-[[(2S)-3,3-dimethyl-2-[[(2S)-3-methyl-2-[methyl-[(2-methylpropan-2-yl)oxycarbonyl]amino]-3-phenylbutanoyl]amino]butanoyl]-methylamino]-2,5-dimethylhex-2-enoyl]amino]-4-[2-(2,5-dioxopyrrol-1-yl)ethylamino]-4-oxobutanoate	CC(C)C(C=C(C)C(=O)NC(CC(=O)NCCN1C(=O)C=CC1=O)C(=O)OC(C)(C)C)N(C)C(=O)C(C(C)(C)C)NC(=O)C(C(C)(C)C2=CC=CC=C2)N(C)C(=O)OC(C)(C)C	5.4	154614597;137489812	PUBCHEM:(154614597 137489812)	2.0	865.504	306.0	5.094	8.49250708335744e+17	8.492505786730264e+17	8.492505786730264e+17	
261	ALGNEGFQLXYMAV	sirius	CC(=O)NCC(CN(CCCCCCCCCCCCCCCCCCCCCCCCN(CC(CNC(=O)C)OC(=O)C)C(=O)C)C(=O)C)OC(=O)C																																																																																												1.0	1.0	0.153	0.153	-475.012	0.533	0.302	13.472	C42H78N4O8	[M - H2O - H]-	C42H75N4O7-	InChI=1S/C42H78N4O8/c1-35(47)43-31-41(53-39(5)51)33-45(37(3)49)29-27-25-23-21-19-17-15-13-11-9-7-8-10-12-14-16-18-20-22-24-26-28-30-46(38(4)50)34-42(54-40(6)52)32-44-36(2)48/h41-42H,7-34H2,1-6H3,(H,43,47)(H,44,48)	1-[N-(24-{N-[2-(acetyloxy)-3-acetamidopropyl]acetamido}tetracosyl)acetamido]-3-acetamidopropan-2-yl acetate	CC(=O)NCC(CN(CCCCCCCCCCCCCCCCCCCCCCCCN(CC(CNC(=O)C)OC(=O)C)C(=O)C)C(=O)C)OC(=O)C	8.9	162916697;10700348	COCONUT:(CNP0185998);SUPERNATURAL:(SN0008624);PUBCHEM:(162916697 10700348);LOTUS:(Q104914113)	271581186.0	747.567	327.0	5.446	8.492506819032384e+17	8.492505787401354e+17	8.492505787401354e+17	
263	MSOVXPUNJCEPGX	sirius	CCCCCCC1COC(C1C)C(C(C)(C2CCC3(C2(CC4C=CC(CC56C4C3=C(C(=O)C5CC(C(C6)O)O)NCC(C)O)C7=C(NC(C=C7)N)CCCO)C)O)O)O																																																																																												1.0	1.0	0.012	0.012	-567.608	1.0	0.5	29.917	C47H75N3O9	[M - H]-	C47H74N3O9-	InChI=1S/C47H75N3O9/c1-6-7-8-9-11-30-25-59-42(27(30)3)43(56)45(5,57)36-17-18-47(58)39-38-29(21-44(36,47)4)14-13-28(31-15-16-37(48)50-33(31)12-10-19-51)22-46(38)23-35(54)34(53)20-32(46)41(55)40(39)49-24-26(2)52/h13-16,26-30,32,34-38,42-43,49-54,56-58H,6-12,17-25,48H2,1-5H3		CCCCCCC1COC(C1C)C(C(C)(C2CCC3(C2(CC4C=CC(CC56C4C3=C(C(=O)C5CC(C(C6)O)O)NCC(C)O)C7=C(NC(C=C7)N)CCCO)C)O)O)O	3.3	163149227;163149228	COCONUT:(CNP0457346);SUPERNATURAL:(SN0234259);PUBCHEM:(163149227 163149228)	3145730.0	824.546	360.0	5.995	8.492506935088785e+17	8.492505788156329e+17	8.492505788156329e+17	
265	MAHZWSVOOHLGKI	sirius	CC1CCCCOC(C(CN(C(=O)C2=C(O1)C=CC(=C2)NC(=O)C3=CC=NC=C3)C(C)CO)C)CN(C)C(=O)CCC(F)(F)F																																																																																												1.0	2.0	0.021	0.021	-673.301	0.376	0.447	9.725	C32H43F3N4O6	[M - H]-	C32H42F3N4O6-	InChI=1S/C32H43F3N4O6/c1-21-18-39(22(2)20-40)31(43)26-17-25(37-30(42)24-11-14-36-15-12-24)8-9-27(26)45-23(3)7-5-6-16-44-28(21)19-38(4)29(41)10-13-32(33,34)35/h8-9,11-12,14-15,17,21-23,28,40H,5-7,10,13,16,18-20H2,1-4H3,(H,37,42)	N-[(3S,9S,10R)-12-[(2S)-1-hydroxypropan-2-yl]-3,10-dimethyl-9-[[methyl(4,4,4-trifluorobutanoyl)amino]methyl]-13-oxo-2,8-dioxa-12-azabicyclo[12.4.0]octadeca-1(14),15,17-trien-16-yl]pyridine-4-carboxamide	CC1CCCCOC(C(CN(C(=O)C2=C(O1)C=CC(=C2)NC(=O)C3=CC=NC=C3)C(C)CO)C)CN(C)C(=O)CCC(F)(F)F	3.8	44483959;44488204;44488216;44489339;44490242;44490258;44490386;44490443;44490924;44491507;44492123	CHEBI:(94908);PUBCHEM:(44483959 44488204 44488216 44489339 44490242 44490258 44490386 44490443 44490924 44491507 44492123);PUBMED	98.0	635.309	367.0	6.114	8.492507050893526e+17	8.49250578886936e+17	8.49250578886936e+17	
267	KYFGXSDFJYECJW	sirius	CCCCCCC(CC)CC(CCCCCCCCN1C(C2CC3C(CC2C1=O)C(=O)N(C3=O)C(C)(C)N4C(=O)C=CC4=O)O)C(C)CCCCC(C)(C)N5C(C=CC5=O)O																																																																																												1.0	1.0	0.506	0.506	-387.537	0.872	0.977	25.479	C49H78N4O8	[M + Cl]-	C49H78ClN4O8-	InChI=1S/C49H78N4O8/c1-8-10-11-16-22-34(9-2)30-35(33(3)21-18-19-28-48(4,5)51-40(54)24-25-41(51)55)23-17-14-12-13-15-20-29-50-44(58)36-31-38-39(32-37(36)45(50)59)47(61)53(46(38)60)49(6,7)52-42(56)26-27-43(52)57/h24-27,33-40,44,54,58H,8-23,28-32H2,1-7H3	2-[2-(2,5-dioxopyrrol-1-yl)propan-2-yl]-6-[11-ethyl-9-[(2R)-7-(2-hydroxy-5-oxo-2H-pyrrol-1-yl)-7-methyloctan-2-yl]heptadecyl]-5-hydroxy-4,4a,5,7a,8,8a-hexahydro-3aH-pyrrolo[3,4-f]isoindole-1,3,7-trione	CCCCCCC(CC)CC(CCCCCCCCN1C(C2CC3C(CC2C1=O)C(=O)N(C3=O)C(C)(C)N4C(=O)C=CC4=O)O)C(C)CCCCC(C)(C)N5C(C=CC5=O)O	9.7	165019501	PUBCHEM:(165019501)	2.0	885.551	368.0	6.139	8.49250752468213e+17	8.492505789540449e+17	8.492505789540449e+17	
268	KWOKBTOFVNEUJZ	sirius	CCCC1CCC2C(C(OC2CC1)C(C(C)(C3CCC4(C3(CC5C=CC(CC67C5C4=C(C(=O)C6CC(C(C7)O)O)NCC(C)O)C8=C(NC(C=C8)N)CCCO)C)O)O)O)C																																																																																												1.0	3.0	-inf	-inf	-593.596	0.017	0.787	5.892	C49H77N3O9	[M - H]-	C49H76N3O9-	InChI=1S/C49H77N3O9/c1-6-8-28-10-14-31-27(3)44(61-37(31)16-11-28)45(58)47(5,59)38-18-19-49(60)41-40-30(22-46(38,49)4)13-12-29(32-15-17-39(50)52-34(32)9-7-20-53)23-48(40)24-36(56)35(55)21-33(48)43(57)42(41)51-25-26(2)54/h12-13,15,17,26-31,33,35-40,44-45,51-56,58-60H,6-11,14,16,18-25,50H2,1-5H3		CCCC1CCC2C(C(OC2CC1)C(C(C)(C3CCC4(C3(CC5C=CC(CC67C5C4=C(C(=O)C6CC(C(C7)O)O)NCC(C)O)C8=C(NC(C=C8)N)CCCO)C)O)O)O)C	3.6	163144114;163144115	COCONUT:(CNP0454184);SUPERNATURAL:(SN0197387);PUBCHEM:(163144114 163144115)	3145730.0	850.562	372.0	6.192	8.49250692690989e+17	8.492505789875994e+17	8.49250578983405e+17	
269	VWNQMHTVGZNGKU	sirius	CCCNC(=O)C(=O)C1CCCCCCCCCCC(C(=O)N2CC3C(C2C(=O)C1)C3(C)C)CC(=O)CC(CN4C(=O)CC(CC4=O)(C)C)C(C)(C)C																																																																																												1.0	1.0	0.128	0.128	-600.778	0.999	0.493	9.478	C43H69N3O7	[M - H2O - H]-	C43H66N3O6-	InChI=1S/C43H69N3O7/c1-9-20-44-39(52)38(51)28-18-16-14-12-10-11-13-15-17-19-29(40(53)46-27-32-36(43(32,7)8)37(46)33(48)22-28)21-31(47)23-30(41(2,3)4)26-45-34(49)24-42(5,6)25-35(45)50/h28-30,32,36-37H,9-27H2,1-8H3,(H,44,52)	2-[(3R,14R,17S,18R,20S)-3-[(4S)-4-[(4,4-dimethyl-2,6-dioxopiperidin-1-yl)methyl]-5,5-dimethyl-2-oxohexyl]-19,19-dimethyl-2,16-dioxo-1-azatricyclo[15.4.0.018,20]henicosan-14-yl]-2-oxo-N-propylacetamide	CCCNC(=O)C(=O)C1CCCCCCCCCCC(C(=O)N2CC3C(C2C(=O)C1)C3(C)C)CC(=O)CC(CN4C(=O)CC(CC4=O)(C)C)C(C)(C)C	7.3	58311045	PUBCHEM:(58311045)	2.0	720.498	377.0	6.279	8.492507290052753e+17	8.492505790211538e+17	8.492505790211538e+17	
270	DYMQQMWAHKUTPK	sirius	CCNC(CC1=CC=C(C=C1)O)CNC(CC2=CC=C(C=C2)O)CNC(CC3=CC=CC=C3)CN4CCCC4CNC(CC5=CC=C(C=C5)O)CNC(CN)CO																																																																																												1.0	3.0	0.03	0.03	-501.814	0.051	0.013	3.743	C46H67N7O4	[M - H2O - H]-	C46H64N7O3-	InChI=1S/C46H67N7O4/c1-2-48-38(23-35-10-16-44(55)17-11-35)28-49-39(24-36-12-18-45(56)19-13-36)29-50-41(26-34-7-4-3-5-8-34)32-53-22-6-9-43(53)31-52-40(30-51-42(27-47)33-54)25-37-14-20-46(57)21-15-37/h3-5,7-8,10-21,38-43,48-52,54-57H,2,6,9,22-33,47H2,1H3	4-[(2S)-3-{[(2S)-1-{[(2S)-1-[(2S)-2-({[(2S)-1-{[(2R)-1-amino-3-hydroxypropan-2-yl]amino}-3-(4-hydroxyphenyl)propan-2-yl]amino}methyl)pyrrolidin-1-yl]-3-phenylpropan-2-yl]amino}-3-(4-hydroxyphenyl)propan-2-yl]amino}-2-(ethylamino)propyl]phenol	CCNC(CC1=CC=C(C=C1)O)CNC(CC2=CC=C(C=C2)O)CNC(CC3=CC=CC=C3)CN4CCCC4CNC(CC5=CC=C(C=C5)O)CNC(CN)CO	4.5	44415031	PUBCHEM:(44415031);PUBMED	66.0	762.509	377.0	6.29	8.492507036632891e+17	8.492505790547082e+17	8.492505790547082e+17	
272	KWOKBTOFVNEUJZ	sirius	CCCC1CCC2C(C(OC2CC1)C(C(C)(C3CCC4(C3(CC5C=CC(CC67C5C4=C(C(=O)C6CC(C(C7)O)O)NCC(C)O)C8=C(NC(C=C8)N)CCCO)C)O)O)O)C																																																																																												1.0	1.0	-inf	-inf	-605.194	1.0	0.496	18.777	C49H77N3O9	[M - H]-	C49H76N3O9-	InChI=1S/C49H77N3O9/c1-6-8-28-10-14-31-27(3)44(61-37(31)16-11-28)45(58)47(5,59)38-18-19-49(60)41-40-30(22-46(38,49)4)13-12-29(32-15-17-39(50)52-34(32)9-7-20-53)23-48(40)24-36(56)35(55)21-33(48)43(57)42(41)51-25-26(2)54/h12-13,15,17,26-31,33,35-40,44-45,51-56,58-60H,6-11,14,16,18-25,50H2,1-5H3		CCCC1CCC2C(C(OC2CC1)C(C(C)(C3CCC4(C3(CC5C=CC(CC67C5C4=C(C(=O)C6CC(C(C7)O)O)NCC(C)O)C8=C(NC(C=C8)N)CCCO)C)O)O)O)C	3.6	163144114;163144115	COCONUT:(CNP0454184);SUPERNATURAL:(SN0197387);PUBCHEM:(163144114 163144115)	3145730.0	850.562	380.0	6.327	8.49250707811456e+17	8.492505791218171e+17	8.492505791218171e+17	
273	FXWZTSGOEZDFLF	sirius	CC(C)CC(=O)OC1C(C2(C(CC1(C)C)C3=CCC4C5(CCC(C(C5CCC4(C3(C(C2O)OC(=O)C)C)C)(C)C)O)C)CO)OC(=O)C																																																																																												1.0	1.0	0.047	0.047	-389.901	0.96	0.483	12.542	C39H62O9	[M - H2O - H]-	C39H59O8-	InChI=1S/C39H62O9/c1-21(2)18-29(44)48-32-33(47-23(4)42)39(20-40)25(19-34(32,5)6)24-12-13-27-36(9)16-15-28(43)35(7,8)26(36)14-17-37(27,10)38(24,11)31(30(39)45)46-22(3)41/h12,21,25-28,30-33,40,43,45H,13-20H2,1-11H3	4,6-bis(acetyloxy)-5,10-dihydroxy-4a-(hydroxymethyl)-2,2,6a,6b,9,9,12a-heptamethyl-1,2,3,4,4a,5,6,6a,6b,7,8,8a,9,10,11,12,12a,12b,13,14b-icosahydropicen-3-yl 3-methylbutanoate	CC(C)CC(=O)OC1C(C2(C(CC1(C)C)C3=CCC4C5(CCC(C(C5CCC4(C3(C(C2O)OC(=O)C)C)C)(C)C)O)C)CO)OC(=O)C	6.6	163032653;163032654;102275946	COCONUT:(CNP0311635);TeroMol:(TKC059020);SUPERNATURAL:(SN0098464);PUBCHEM:(163032653 163032654 102275946)	11534338.0	655.422	381.0	6.358	8.492506937982854e+17	8.492505791595658e+17	8.492505791595658e+17	
274	YNSGIKJNTIEXJQ	sirius	CCCCCCCCCCCCCCCCC(C(=O)NC(COC1C(C(C(C(O1)CO)O)O)O)C(C=CCCC=C(C)CCCCCCCC)O)O																																																																																												1.0	2.0	0.037	0.049	-247.902	0.158	0.287	22.609	C42H79NO9	[M + Cl]-	C42H79ClNO9-	InChI=1S/C42H79NO9/c1-4-6-8-10-12-13-14-15-16-17-18-19-21-25-30-36(46)41(50)43-34(32-51-42-40(49)39(48)38(47)37(31-44)52-42)35(45)29-26-22-24-28-33(3)27-23-20-11-9-7-5-2/h26,28-29,34-40,42,44-49H,4-25,27,30-32H2,1-3H3,(H,43,50)	(2R)-N-{(1S,2R,3E,7E)-1-[(Β-D-Glucopyranosyloxy)Methyl]-2-Hydroxy-8-Methylhexadeca-3,7-Dien-1-Yl}-2-Hydroxyoctadecanamide	CCCCCCCCCCCCCCCCC(C(=O)NC(COC1C(C(C(C(O1)CO)O)O)O)C(C=CCCC=C(C)CCCCCCCC)O)O	10.8	162850027;162850028;139586718	COCONUT:(CNP0112107);SUPERNATURAL:(SN0455423);PUBCHEM:(162850027 162850028 139586718);LOTUS:(Q77513029)	271581186.0	776.546	382.0	6.362	8.492507142035757e+17	8.492505791931203e+17	8.492505791931203e+17	
275	DJTNDLFTHWKHGC	sirius	CCCCCCCCCCCCOC1C=C2C#CC3=C4C(=C(C(C3OC)OC)C)C=C(N4C(OC2=CC1C#CC)CCCCCCCCCCC)C(=O)OC																																																																																												1.0	3.0	0.644	0.644	-421.596	0.055	0.022	7.705	C48H71NO6	[M - H2O - H]-	C48H68NO5-	InChI=1S/C48H71NO6/c1-8-11-13-15-17-19-21-23-25-27-32-54-42-33-38-30-31-39-45-40(36(4)46(51-5)47(39)52-6)35-41(48(50)53-7)49(45)44(55-43(38)34-37(42)28-10-3)29-26-24-22-20-18-16-14-12-9-2/h33-35,37,42,44,46-47H,8-9,11-27,29,32H2,1-7H3	Methyl 6-dodecoxy-17,18-dimethoxy-16-methyl-7-prop-1-ynyl-11-undecyl-10-oxa-12-azatetracyclo[10.6.1.04,9.015,19]nonadeca-1(19),4,8,13,15-pentaen-2-yne-13-carboxylate	CCCCCCCCCCCCOC1C=C2C#CC3=C4C(=C(C(C3OC)OC)C)C=C(N4C(OC2=CC1C#CC)CCCCCCCCCCC)C(=O)OC	12.7	129276178	PUBCHEM:(129276178)	2.0	738.509	387.0	6.447	8.492507207131357e+17	8.49250579230869e+17	8.492505792266747e+17	
277	IPDFSMKMXKARTM	sirius	CCCC(C(=O)C(=O)NC1CC1)NC(=O)C2CC3(CN2C(=O)C(C(C)(C)C)NC(=O)C(C(C)(C)C)N=C(C4CCCCN4C(C)C)N)C(C35CCC5)(C)C																																																																																												1.0	2.0	0.021	0.021	-456.831	0.048	0.088	1.439	C42H71N7O5	[M + Cl]-	C42H71ClN7O5-	InChI=1S/C42H71N7O5/c1-12-16-27(30(50)35(52)44-26-18-19-26)45-34(51)29-23-42(40(10,11)41(42)20-15-21-41)24-49(29)37(54)32(39(7,8)9)47-36(53)31(38(4,5)6)46-33(43)28-17-13-14-22-48(28)25(2)3/h25-29,31-32H,12-24H2,1-11H3,(H2,43,46)(H,44,52)(H,45,51)(H,47,53)	(5R,8S)-7-[(2S)-2-[[2-[[amino-[(2R)-1-propan-2-ylpiperidin-2-yl]methylidene]amino]-3,3-dimethylbutanoyl]amino]-3,3-dimethylbutanoyl]-N-[(3S)-1-(cyclopropylamino)-1,2-dioxohexan-3-yl]-10,10-dimethyl-7-azadispiro[3.0.45.14]decane-8-carboxamide	CCCC(C(=O)C(=O)NC1CC1)NC(=O)C2CC3(CN2C(=O)C(C(C)(C)C)NC(=O)C(C(C)(C)C)N=C(C4CCCCN4C(C)C)N)C(C35CCC5)(C)C	6.7	143787420	PUBCHEM:(143787420)	2.0	788.524	388.0	6.473	8.492507017297148e+17	8.492505792979779e+17	8.492505792979779e+17	
278	RRVJBGUFMBSNOC	sirius	CCCCCCCCCCCCCCCCC(C(=O)NC(COC1C(C(C(C(O1)CO)O)O)O)C(C=CCCCCCCCCCCCC)O)O																																																																																												1.0	1.0	0.036	0.07	-322.703	0.864	0.29	17.916	C41H79NO9	[M + Cl]-	C41H79ClNO9-	InChI=1S/C41H79NO9/c1-3-5-7-9-11-13-15-17-18-20-22-24-26-28-30-35(45)40(49)42-33(32-50-41-39(48)38(47)37(46)36(31-43)51-41)34(44)29-27-25-23-21-19-16-14-12-10-8-6-4-2/h27,29,33-39,41,43-48H,3-26,28,30-32H2,1-2H3,(H,42,49)		CCCCCCCCCCCCCCCCC(C(=O)NC(COC1C(C(C(C(O1)CO)O)O)O)C(C=CCCCCCCCCCCCC)O)O	11.1	163113211;102207954;164410109	COCONUT:(CNP0433758);SUPERNATURAL:(SN0333550);PUBCHEM:(163113211 102207954 164410109)	3145730.0	764.548	389.0	6.482	8.492506968391562e+17	8.492505793357266e+17	8.492505793357266e+17	
279	IIZPXYDJLKNOIY	sirius	CCCCCCCCCCCCCCCC(=O)OCC(COP(=O)(O)OCC[N+](C)(C)C)OC(=O)CCCC=CCC=CCC=CCC=CCCCCC																																																																																												1.0	1.0	0.346	0.407	-21.109	1.0	1.0	26.705	C44H80NO8P	[M + CH2O2 - H]-	C45H81NO10P-	InChI=1S/C44H80NO8P/c1-6-8-10-12-14-16-18-20-21-22-23-25-27-29-31-33-35-37-44(47)53-42(41-52-54(48,49)51-39-38-45(3,4)5)40-50-43(46)36-34-32-30-28-26-24-19-17-15-13-11-9-7-2/h14,16,20-21,23,25,29,31,42H,6-13,15,17-19,22,24,26-28,30,32-41H2,1-5H3/p+1	2-[[(2R)-3-hexadecanoyloxy-2-[(5Z,8Z,11Z,14Z)-(114C)icosa-5,8,11,14-tetraenoyl]oxypropoxy]-hydroxyphosphoryl]oxyethyl-trimethylazanium	CCCCCCCCCCCCCCCC(=O)OCC(COP(=O)(O)OCC[N+](C)(C)C)OC(=O)CCCC=CCC=CCC=CCC=CCCCCC	12.7	101051856;87833379;87833380;5283486;5313221;5313222;5313223;53918841;14389438;124249964;124249965;124249966;6438369;25021173;25021174;3246968;153695583;10747814;122291;24778721	PUBCHEMANNOTATIONBIO:(null);HMDB:(HMDB0007982);MiMeDB:(MMDBc0033774);BloodExposome:(6438369 3246968 10747814 5283486);LIPIDMAPS:(LMGP01010629 LMGP01012254);SUPERNATURAL:(SN0146924);MESH:(5283486 6438369);FooDB:(FDB025173);PUBCHEM:(101051856 87833379 87833380 5283486 5313221 5313222 5313223 53918841 14389438 124249964 124249965 124249966 6438369 25021173 25021174 3246968 153695583 10747814 122291 24778721);GNPS:(CCMSLIB00003097449);METACYC:(CPD-26113);CHEBI:(73003 84794 60378);DSSTox:(DTXSID201255137);LOTUS:(Q27105003);YMDB:(YMDB01853);PUBCHEMANNOTATIONDRUG:(null);LIPID:(PC(20:4_16:0));PUBMED:(null)	145816098926.0	826.561	389.0	6.487	8.492506822471713e+17	8.49250579369281e+17	8.49250579369281e+17	
280	OZCGLSWIHRTQEA	sirius	CCCCCCCCCCCCCCCCCC(C(=O)NC(COC1C(C(C(C(O1)CO)O)O)O)C(C=CCCC=C(C)C=CCCCCCCC)O)O																																																																																												1.0	2.0	0.087	0.087	-262.72	0.027	0.479	22.273	C44H81NO9	[M + Cl]-	C44H81ClNO9-	InChI=1S/C44H81NO9/c1-4-6-8-10-12-13-14-15-16-17-18-19-21-23-27-32-38(48)43(52)45-36(34-53-44-42(51)41(50)40(49)39(33-46)54-44)37(47)31-28-24-26-30-35(3)29-25-22-20-11-9-7-5-2/h25,28-31,36-42,44,46-51H,4-24,26-27,32-34H2,1-3H3,(H,45,52)		CCCCCCCCCCCCCCCCCC(C(=O)NC(COC1C(C(C(C(O1)CO)O)O)O)C(C=CCCC=C(C)C=CCCCCCCC)O)O	11.4	163112129;163112130	COCONUT:(CNP0432574);SUPERNATURAL:(SN0278965);PUBCHEM:(163112129 163112130)	3145730.0	802.561	391.0	6.523	8.492507311485647e+17	8.492505794070298e+17	8.492505794070298e+17	
281	XGWZXGUMFRSNMA	sirius	CCCC1CCC2C(C(OC2CC1)C(C(C)(C3CCC4(C3(CCC5C4=C(C(=O)C6C57CC(C(C6CCC7CC8=C(NC(C=C8)N)CCCO)O)O)NCC(C)O)C)O)O)O)C																																																																																												1.0	1.0	0.018	0.018	-665.752	0.991	0.061	23.242	C49H79N3O9	[M - H]-	C49H78N3O9-	InChI=1S/C49H79N3O9/c1-6-8-28-10-14-31-27(3)44(61-36(31)16-11-28)45(58)47(5,59)37-19-21-49(60)40-33(18-20-46(37,49)4)48-24-35(55)42(56)32(39(48)43(57)41(40)51-25-26(2)54)15-13-30(48)23-29-12-17-38(50)52-34(29)9-7-22-53/h12,17,26-28,30-33,35-39,42,44-45,51-56,58-60H,6-11,13-16,18-25,50H2,1-5H3		CCCC1CCC2C(C(OC2CC1)C(C(C)(C3CCC4(C3(CCC5C4=C(C(=O)C6C57CC(C(C6CCC7CC8=C(NC(C=C8)N)CCCO)O)O)NCC(C)O)C)O)O)O)C	4.0	163176014;163176015	COCONUT:(CNP0474126);SUPERNATURAL:(SN0429860);PUBCHEM:(163176014 163176015)	3145730.0	852.577	393.0	6.552	8.492507357455224e+17	8.492505794405842e+17	8.492505794405842e+17	
282	KGGLPEVETZCGPC	sirius	CC1CCC(C(C(OC(=O)C=CC=CC(C(CC(C=CC(C(C(C1)C)O)C)O)O)CCCCN2C3=C(CCC4C(C4CO)CC3)N=N2)C(C)C=CC=C)C)O																																																																																												1.0	1.0	0.523	0.523	-481.368	1.0	0.5	33.752	C45H71N3O7	[M - H2O - H]-	C45H68N3O6-	InChI=1S/C45H71N3O7/c1-7-8-13-31(4)45-33(6)41(51)24-17-29(2)26-32(5)44(54)30(3)18-19-35(50)27-42(52)34(14-9-10-16-43(53)55-45)15-11-12-25-48-40-23-21-37-36(38(37)28-49)20-22-39(40)46-47-48/h7-10,13-14,16,18-19,29-38,41-42,44-45,49-52,54H,1,11-12,15,17,20-28H2,2-6H3	(3Z,5E,7S,10S,11Z,14R,15S,22S)-22-[(2S,3Z)-hexa-3,5-dien-2-yl]-8,10,14,20-tetrahydroxy-7-[4-[(4S)-5-(hydroxymethyl)-10,11,12-triazatricyclo[7.3.0.04,6]dodeca-1(9),11-dien-10-yl]butyl]-13,15,17,21-tetramethyl-1-oxacyclodocosa-3,5,11-trien-2-one	CC1CCC(C(C(OC(=O)C=CC=CC(C(CC(C=CC(C(C(C1)C)O)C)O)O)CCCCN2C3=C(CCC4C(C4CO)CC3)N=N2)C(C)C=CC=C)C)O	7.4	154930108;135271240	PUBCHEM:(154930108 135271240)	2.0	746.514	396.0	6.607	8.49250686542139e+17	8.492505794783329e+17	8.492505794783329e+17	
282	WVGALBKSWOUIEZ	isdb																																														-1.0							1.0	0.6127614	ISDB															['Unknown']	['Unknown']	['Unknown']	['Unknown']	['Unknown']	['Unknown']	['Unknown']	['Unknown']	['Unknown']											0.0	0.0	2.451045513153076	1.0																									
283	XGWZXGUMFRSNMA	sirius	CCCC1CCC2C(C(OC2CC1)C(C(C)(C3CCC4(C3(CCC5C4=C(C(=O)C6C57CC(C(C6CCC7CC8=C(NC(C=C8)N)CCCO)O)O)NCC(C)O)C)O)O)O)C																																																																																												1.0	1.0	0.019	0.019	-582.516	0.998	0.044	27.496	C49H79N3O9	[M - H]-	C49H78N3O9-	InChI=1S/C49H79N3O9/c1-6-8-28-10-14-31-27(3)44(61-36(31)16-11-28)45(58)47(5,59)37-19-21-49(60)40-33(18-20-46(37,49)4)48-24-35(55)42(56)32(39(48)43(57)41(40)51-25-26(2)54)15-13-30(48)23-29-12-17-38(50)52-34(29)9-7-22-53/h12,17,26-28,30-33,35-39,42,44-45,51-56,58-60H,6-11,13-16,18-25,50H2,1-5H3		CCCC1CCC2C(C(OC2CC1)C(C(C)(C3CCC4(C3(CCC5C4=C(C(=O)C6C57CC(C(C6CCC7CC8=C(NC(C=C8)N)CCCO)O)O)NCC(C)O)C)O)O)O)C	4.0	163176014;163176015	COCONUT:(CNP0474126);SUPERNATURAL:(SN0429860);PUBCHEM:(163176014 163176015)	3145730.0	852.577	400.0	6.67	8.492507367563498e+17	8.492505795118874e+17	8.492505795118874e+17	
284	AJQVTLBXWHZZTD	sirius	CCCCCCCC(=O)NCC(=O)NC(C)C(=O)NC(CC(C)C)C(=O)NC(C)(CC)C(=O)NC(CO)C(=O)NC(C(C)CC)C(=O)NC(CC(C)C)CO																																																																																												1.0	1.0	0.074	0.074	-431.164	0.576	0.481	21.398	C39H73N7O9	[M - H2O - H]-	C39H70N7O8-	InChI=1S/C39H73N7O9/c1-11-14-15-16-17-18-31(49)40-21-32(50)41-27(9)34(51)43-29(20-25(6)7)36(53)46-39(10,13-3)38(55)44-30(23-48)35(52)45-33(26(8)12-2)37(54)42-28(22-47)19-24(4)5/h24-30,33,47-48H,11-23H2,1-10H3,(H,40,49)(H,41,50)(H,42,54)(H,43,51)(H,44,55)(H,45,52)(H,46,53)	octanoyl-Gly-Ala-Leu-D-Iva-Ser-Ile-Leu-ol	CCCCCCCC(=O)NCC(=O)NC(C)C(=O)NC(CC(C)C)C(=O)NC(C)(CC)C(=O)NC(CO)C(=O)NC(C(C)CC)C(=O)NC(CC(C)C)CO	4.0	145955184	PUBCHEM:(145955184);LOTUS:(Q115971517);PUBMED:(null)	268435522.0	764.524	401.0	6.684	8.492507091494391e+17	8.492505795496361e+17	8.492505795496361e+17	
285	LVKKTVKUMQTYHP	sirius	CCCCCCCCCCCCCC=CC(C(COC1C(C(C(C(O1)CO)O)O)O)NC(=O)C(CCCCCCC=CCCCCCCCCC)O)O																																																																																												1.0	1.0	0.053	0.053	-246.164	0.825	0.23	16.0	C43H81NO9	[M + Cl]-	C43H81ClNO9-	InChI=1S/C43H81NO9/c1-3-5-7-9-11-13-15-17-18-20-22-24-26-28-30-32-37(47)42(51)44-35(34-52-43-41(50)40(49)39(48)38(33-45)53-43)36(46)31-29-27-25-23-21-19-16-14-12-10-8-6-4-2/h18,20,29,31,35-41,43,45-50H,3-17,19,21-28,30,32-34H2,1-2H3,(H,44,51)		CCCCCCCCCCCCCC=CC(C(COC1C(C(C(C(O1)CO)O)O)O)NC(=O)C(CCCCCCC=CCCCCCCCCC)O)O	11.2	164332106	PUBCHEM:(164332106)	2.0	790.562	402.0	6.699	8.492507129872275e+17	8.492505795831905e+17	8.492505795831905e+17	
289	YQQSQUPYPMJZDC	sirius	CCCCCCCCCC(=O)OCC(CN1C=C(N=N1)CCC(=O)OCCOCCC(C)(C)OCCC(C)(C)OCC2=CC=CC=C2)OC(=O)CCCCCCCCC																																																																																												1.0	1.0	-inf	-inf	-569.0	0.995	0.007	15.691	C47H79N3O9	[M - H]-	C47H78N3O9-	InChI=1S/C47H79N3O9/c1-7-9-11-13-15-17-22-26-43(51)56-39-42(59-45(53)27-23-18-16-14-12-10-8-2)37-50-36-41(48-49-50)28-29-44(52)55-35-34-54-32-30-46(3,4)57-33-31-47(5,6)58-38-40-24-20-19-21-25-40/h19-21,24-25,36,42H,7-18,22-23,26-35,37-39H2,1-6H3	[2-Decanoyloxy-3-[4-[3-[2-[3-methyl-3-(3-methyl-3-phenylmethoxybutoxy)butoxy]ethoxy]-3-oxopropyl]triazol-1-yl]propyl] decanoate	CCCCCCCCCC(=O)OCC(CN1C=C(N=N1)CCC(=O)OCCOCCC(C)(C)OCCC(C)(C)OCC2=CC=CC=C2)OC(=O)CCCCCCCCC	10.7	134219005	PUBCHEM:(134219005)	2.0	828.577	405.0	6.757	8.492507638012224e+17	8.492505797216026e+17	8.492505797216026e+17	
290	XGFXBVZUBOTNJD	sirius	CN(C)CCC1COC2(O1)CC=CCC=CCCC(=O)OCC=CCC=CCC3(CC=CCC=CCOC(=O)CCC=CCC=CC2)OCC(O3)CCCC(=N)N																																																																																												1.0	2.0	0.399	0.399	-305.349	0.484	0.472	7.58	C46H69N3O8	[M - H]-	C46H68N3O8-	InChI=1S/C46H69N3O8/c1-49(2)35-30-41-39-55-46(57-41)33-19-11-5-3-9-17-28-43(50)52-36-23-15-7-13-21-31-45(54-38-40(56-45)26-25-27-42(47)48)32-22-14-8-16-24-37-53-44(51)29-18-10-4-6-12-20-34-46/h3-4,9-16,19-24,40-41H,5-8,17-18,25-39H2,1-2H3,(H3,47,48)	4-[26-[2-(Dimethylamino)ethyl]-14,36-dioxo-1,4,13,24,27,37-hexaoxadispiro[4.17.423.175]tetratetraconta-7,10,17,20,29,32,39,42-octaen-3-yl]butanimidamide	CN(C)CCC1COC2(O1)CC=CCC=CCCC(=O)OCC=CCC=CCC3(CC=CCC=CCOC(=O)CCC=CCC=CC2)OCC(O3)CCCC(=N)N	7.7	164987550	PUBCHEM:(164987550)	2.0	790.501	406.0	6.765	8.492507307543002e+17	8.492505797593513e+17	8.49250579755157e+17	
291	GIYWXLRSYOCRLU	sirius	CCC(C)C(C(CC(=O)N1CCCC1C(C(C)C(=O)CC(CC)CC2=CC=CC=C2)OC)OC)N(C)C(=O)C(CC(=O)N3CC(OC(C3)C)C)C(C)C																																																																																												1.0	1.0	0.014	0.014	-638.125	1.0	0.247	28.288	C43H71N3O7	[M - H2O - H]-	C43H68N3O6-	InChI=1S/C43H71N3O7/c1-12-29(5)41(44(9)43(50)35(28(3)4)24-39(48)45-26-30(6)53-31(7)27-45)38(51-10)25-40(49)46-21-17-20-36(46)42(52-11)32(8)37(47)23-33(13-2)22-34-18-15-14-16-19-34/h14-16,18-19,28-33,35-36,38,41-42H,12-13,17,20-27H2,1-11H3	(2S)-N-[(3R,4S,5S)-1-[(2S)-2-[(1R,2R,5R)-5-benzyl-1-methoxy-2-methyl-3-oxoheptyl]pyrrolidin-1-yl]-3-methoxy-5-methyl-1-oxoheptan-4-yl]-4-[(2S,6S)-2,6-dimethylmorpholin-4-yl]-N-methyl-4-oxo-2-propan-2-ylbutanamide	CCC(C)C(C(CC(=O)N1CCCC1C(C(C)C(=O)CC(CC)CC2=CC=CC=C2)OC)OC)N(C)C(=O)C(CC(=O)N3CC(OC(C3)C)C)C(C)C	6.0	161033356;158627444	PUBCHEM:(161033356 158627444)	2.0	722.514	406.0	6.773	8.492506881905006e+17	8.492505797971e+17	8.492505797971e+17	
291	UUYSKERSKRMYME	isdb																																														1.0	Fatty acids	0.1666666666666666	Glycerophospholipids	0.1666666666666666	Glycerophosphoethanolamines	0.1666666666666666	1.0	0.57137597	ISDB															['Unknown']	['Unknown']	['Unknown']	['Unknown']	['Unknown']	['Unknown']	['Unknown']	['Unknown']	['Unknown']											0.0	0.0	2.28550386428833	1.0																									
293	HYJDBLFZSYMOCC	sirius	CCCCCCCCCCCCCCCC=COCC(COP(=O)(O)OCCN)OC(=O)CCC=CCC=CCC=CCC=CCCCCCCCC																																																																																												1.0	1.0	0.316	0.804	-142.206	1.0	1.0	15.8	C44H80NO7P	[M + CH2O2 - H]-	C45H81NO9P-	InChI=1S/C44H80NO7P/c1-3-5-7-9-11-13-15-17-19-20-21-22-23-25-27-29-31-33-35-37-44(46)52-43(42-51-53(47,48)50-40-38-45)41-49-39-36-34-32-30-28-26-24-18-16-14-12-10-8-6-4-2/h17,19,21-22,25,27,31,33,36,39,43H,3-16,18,20,23-24,26,28-30,32,34-35,37-38,40-42,45H2,1-2H3,(H,47,48)		CCCCCCCCCCCCCCCC=COCC(COP(=O)(O)OCCN)OC(=O)CCC=CCC=CCC=CCC=CCCCCCCCC	11.8	134737056;132993586	COCONUT:(CNP0449024);SUPERNATURAL:(SN0138805);PUBCHEM:(134737056 132993586)	3145730.0	810.566	409.0	6.812	8.492507062385919e+17	8.492505798684033e+17	8.492505798684033e+17	
294	MBEYFWGGHROCHR	sirius	CC1CC(OC2C1C3(CCC45CC46CCC(C(C6CCC5C3(C2O)C)(C)C)OC7CN(CCO7)CC8CN(C8)C9COC9)C)C(C(C)C)OC(=O)N1CCC1																																																																																												1.0	1.0	0.009	0.009	-663.599	1.0	0.319	17.346	C45H73N3O7	[M - H2O - H]-	C45H70N3O6-	InChI=1S/C45H73N3O7/c1-27(2)37(55-40(50)47-15-8-16-47)31-19-28(3)36-38(53-31)39(49)43(7)33-10-9-32-41(4,5)34(11-12-44(32)26-45(33,44)14-13-42(36,43)6)54-35-23-46(17-18-52-35)20-29-21-48(22-29)30-24-51-25-30/h27-39,49H,8-26H2,1-7H3	[(1R)-1-[(1S,4R,5R,6R,8R,10S,11R,12S,13R,16R,21R)-11-hydroxy-4,6,12,17,17-pentamethyl-18-[(2S)-4-[[1-(oxetan-3-yl)azetidin-3-yl]methyl]morpholin-2-yl]oxy-9-oxahexacyclo[11.9.0.01,21.04,12.05,10.016,21]docosan-8-yl]-2-methylpropyl] azetidine-1-carboxylate	CC1CC(OC2C1C3(CCC45CC46CCC(C(C6CCC5C3(C2O)C)(C)C)OC7CN(CCO7)CC8CN(C8)C9COC9)C)C(C(C)C)OC(=O)N1CCC1	7.2	71287836;71289793	PUBCHEM:(71287836 71289793)	2.0	748.529	409.0	6.816	8.492506836732348e+17	8.492505799061521e+17	8.492505799061521e+17	
296	KILNVBDSWZSGLL	sirius	CCCCCCCCCCCCCCCC(=O)OCC(COP(=O)(O)OCC[N+](C)(C)C)OC(=O)CCCCCCCCCCCCCCC																																																																																												1.0	1.0	0.214	0.429	-25.431	1.0	1.0	22.398	C40H80NO8P	[M + CH2O2 - H]-	C41H81NO10P-	InChI=1S/C40H80NO8P/c1-6-8-10-12-14-16-18-20-22-24-26-28-30-32-39(42)46-36-38(37-48-50(44,45)47-35-34-41(3,4)5)49-40(43)33-31-29-27-25-23-21-19-17-15-13-11-9-7-2/h38H,6-37H2,1-5H3/p+1	2-[[(2R)-2-(8,9-ditritiohexadecanoyloxy)-3-hexadecanoyloxypropoxy]-hydroxyphosphoryl]oxyethyl-trimethylazanium	CCCCCCCCCCCCCCCC(=O)OCC(COP(=O)(O)OCC[N+](C)(C)C)OC(=O)CCCCCCCCCCCCCCC	13.5	102601414;102601415;102601505;102602020;102602021;155903796;155903797;87834159;53996439;112758449;112758448;137957859;137957860;162640487;162640488;136212630;136212631;136212632;136212633;136212653;136212654;156589003;156589004;3032281;3032282;153712541;10930641;10930642;6138;6139;160339;452110;46891703;46891704;46891705;46891706;46891707;46891708;46931122;164516758;164516759;164516760;164516761;164516955;164516956;164516978;164516979	PUBCHEMANNOTATIONBIO:(null);HMDB:(HMDB0000564 HMDB0245715);MiMeDB:(MMDBc0000529 MMDBc0057179);PUBCHEMANNOTATIONSAFETYANDTOXIC:(null);BloodExposome:(6138 452110 6139 3032282 160339);LIPIDMAPS:(LMGP01010564);SUPERNATURAL:(SN0186533);MESH:(6138 6139 160339 452110 3032282);FooDB:(FDB022121);PUBCHEM:(102601414 102601415 102601505 102602020 102602021 155903796 155903797 87834159 53996439 112758449 112758448 137957859 137957860 162640487 162640488 136212630 136212631 136212632 136212633 136212653 136212654 156589003 156589004 3032281 3032282 153712541 10930641 10930642 6138 6139 160339 452110 46891703 46891704 46891705 46891706 46891707 46891708 46931122 164516758 164516759 164516760 164516761 164516955 164516956 164516978 164516979);GNPS:(CCMSLIB00003139814);NORMAN:(NS00004612 NS00070388);METACYC:(1-2-DIPALMITOYLPHOSPHATIDYLCHOLINE);PLANTCYC:(1-2-DIPALMITOYLPHOSPHATIDYLCHOLINE);CHEBI:(40265 60474 72999);DSSTox:(DTXSID00677034 DTXSID40677033 DTXSID5046720 DTXSID50910226 DTXSID6048703 DTXSID80677032 DTXSID90662318);LOTUS:(Q5144764);YMDB:(YMDB01180);PUBCHEMANNOTATIONDRUG:(null);LIPID:(PC(16:0_16:0));PUBMED:(null)	145883601006.0	778.561	412.0	6.863	8.492506886309027e+17	8.492505799774552e+17	8.492505799774552e+17	
297	LQCKADNINROPLV	sirius	CCCCC(C(=O)CNC(C)C(=O)CN)NCC(=O)C(C)NCCC(=O)C(C)NCC(=O)C(C)CCCC=CCCCCCCC(C)(C(=O)CC(=O)C(C)NC)N																																																																																												1.0	1.0	-inf	-inf	-526.997	0.396	0.342	3.291	C43H79N7O7	[M + Cl]-	C43H79ClN7O7-	InChI=1S/C43H79N7O7/c1-9-10-21-35(41(56)29-49-33(5)38(53)26-44)50-28-40(55)34(6)47-24-22-36(51)32(4)48-27-39(54)30(2)20-18-16-14-12-11-13-15-17-19-23-43(7,45)42(57)25-37(52)31(3)46-8/h12,14,30-35,46-50H,9-11,13,15-29,44-45H2,1-8H3	(E,3R,15R,19S)-15-amino-1-[[(2S)-5-[[(2S)-4-[[(3S)-1-[[(2S)-4-amino-3-oxobutan-2-yl]amino]-2-oxoheptan-3-yl]amino]-3-oxobutan-2-yl]amino]-3-oxopentan-2-yl]amino]-3,15-dimethyl-19-(methylamino)icos-7-ene-2,16,18-trione	CCCCC(C(=O)CNC(C)C(=O)CN)NCC(=O)C(C)NCCC(=O)C(C)NCC(=O)C(C)CCCC=CCCCCCCC(C)(C(=O)CC(=O)C(C)NC)N	3.3	126678595	PUBCHEM:(126678595)	2.0	840.576	411.0	6.848	8.4925071872923e+17	8.49250580015204e+17	8.49250580015204e+17	
302	AXLFKTMYURYHCS	sirius	C1CC(C=C1)CCCCCCCCCCCCC(=O)OCC2C(C(C(O2)N3C=CC(=NC3=O)N)O)OC(=O)CCCCCCCCCCCCC4CCC=C4																																																																																												1.0	1.0	0.012	0.012	-693.517	0.999	0.436	27.904	C45H73N3O7	[M - H2O - H]-	C45H70N3O6-	InChI=1S/C45H73N3O7/c46-39-33-34-48(45(52)47-39)44-42(51)43(55-41(50)32-20-16-12-8-4-2-6-10-14-18-26-37-29-23-24-30-37)38(54-44)35-53-40(49)31-19-15-11-7-3-1-5-9-13-17-25-36-27-21-22-28-36/h21,23,27,29,33-34,36-38,42-44,51H,1-20,22,24-26,28,30-32,35H2,(H2,46,47,52)	[(2R,3S,4S,5R)-5-(4-amino-2-oxopyrimidin-1-yl)-3-[13-[(1S)-cyclopent-2-en-1-yl]tridecanoyloxy]-4-hydroxyoxolan-2-yl]methyl 13-[(1S)-cyclopent-2-en-1-yl]tridecanoate	C1CC(C=C1)CCCCCCCCCCCCC(=O)OCC2C(C(C(O2)N3C=CC(=NC3=O)N)O)OC(=O)CCCCCCCCCCCCC4CCC=C4	11.407	22795063	PUBCHEM:(22795063)	2.0	748.529	416.0	6.926	8.492506883666614e+17	8.492505801913647e+17	8.492505801913647e+17	
304	JUCWIWDODRNWRN	sirius	CCCCCCCCCCCCCCCCC=COCC(COP(=O)(O)OCC[N+](C)(C)C)OC(=O)CCCC=CCC=CCC=CCC=CCC=CCC																																																																																												1.0	4.0	0.238	0.238	-150.811	0.061	0.014	5.568	C46H82NO7P	[M + CH2O2 - H]-	C47H83NO9P-	InChI=1S/C46H82NO7P/c1-6-8-10-12-14-16-18-20-22-24-25-27-29-31-33-35-37-39-46(48)54-45(44-53-55(49,50)52-42-40-47(3,4)5)43-51-41-38-36-34-32-30-28-26-23-21-19-17-15-13-11-9-7-2/h8,10,14,16,20,22,25,27,31,33,38,41,45H,6-7,9,11-13,15,17-19,21,23-24,26,28-30,32,34-37,39-40,42-44H2,1-5H3/p+1	[(2R)-2-[(5E,8E,11E,14E,17E)-icosa-5,8,11,14,17-pentaenoyl]oxy-3-[(E)-octadec-1-enoxy]propyl] 2-(trimethylazaniumyl)ethyl phosphate	CCCCCCCCCCCCCCCCC=COCC(COP(=O)(O)OCC[N+](C)(C)C)OC(=O)CCCC=CCC=CCC=CCC=CCC=CCC	13.7	134742402;134742403;52923964;52923965	PUBCHEMANNOTATIONBIO:(null);HMDB:(HMDB0011255);CHEBI:(89954);LIPIDMAPS:(LMGP01030068);SUPERNATURAL:(SN0175304);FooDB:(FDB028006);PUBCHEM:(134742402 134742403 52923964 52923965);PUBCHEMANNOTATIONDRUG:(null)	2735734826.0	836.582	419.0	6.977	8.492506846211476e+17	8.492505802752508e+17	8.492505802752508e+17	
306	HJPFSHQFRFOLEM	sirius	CCCCCCCCCCCCCCCC(=O)OCC(COP(=O)(O)OCCN)OC(=O)CCCCCCCCCCC(CCCCCC)O																																																																																												1.0	4.0	0.442	0.442	-217.052	0.092	0.1	15.042	C39H78NO9P	[M - H2O - H]-	C39H75NO8P-	InChI=1S/C39H78NO9P/c1-3-5-7-9-10-11-12-13-14-15-19-22-26-30-38(42)46-34-37(35-48-50(44,45)47-33-32-40)49-39(43)31-27-23-20-17-16-18-21-25-29-36(41)28-24-8-6-4-2/h36-37,41H,3-35,40H2,1-2H3,(H,44,45)		CCCCCCCCCCCCCCCC(=O)OCC(COP(=O)(O)OCCN)OC(=O)CCCCCCCCCCC(CCCCCC)O	9.4	138169142	PUBCHEM:(138169142)	2.0	716.524	419.0	6.983	8.492507175506304e+17	8.49250580346554e+17	8.49250580346554e+17	
307	DHHUEGVCCUOQPX	sirius	CN1CCN(CC1)CCCNC(=O)C2=CN3C4CC5C(CC4OC6C3C(C2=O)CC(C6N7CCC(C7)NC(=O)CCCCCC8CCCN8C)F)C9CCCCC9O5																																																																																												1.0	3.0	0.033	0.033	-679.231	0.074	0.261	26.263	C45H72FN7O5	[M - H2O - H]-	C45H69FN7O4-	InChI=1S/C45H72FN7O5/c1-49-20-22-51(23-21-49)18-9-16-47-45(56)34-28-53-36-26-38-32(31-12-6-7-13-37(31)57-38)25-39(36)58-44-41(53)33(43(34)55)24-35(46)42(44)52-19-15-29(27-52)48-40(54)14-5-3-4-10-30-11-8-17-50(30)2/h28-33,35-39,41-42,44H,3-27H2,1-2H3,(H,47,56)(H,48,54)	18-fluoro-N-[3-(4-methylpiperazin-1-yl)propyl]-17-[(3R)-3-[6-(1-methylpyrrolidin-2-yl)hexanoylamino]pyrrolidin-1-yl]-21-oxo-5,15-dioxa-1-azahexacyclo[14.7.1.02,14.04,12.06,11.020,24]tetracos-22-ene-22-carboxamide	CN1CCN(CC1)CCCNC(=O)C2=CN3C4CC5C(CC4OC6C3C(C2=O)CC(C6N7CCC(C7)NC(=O)CCCCCC8CCCN8C)F)C9CCCCC9O5	4.7	90955607	PUBCHEM:(90955607)	2.0	790.54	419.0	6.983	8.492507180329755e+17	8.492505803801084e+17	8.492505803801084e+17	
307	XYYHNDVKALDFHQ	isdb	CC/C=C\C/C=C\C/C=C\C/C=C\C/C=C\C/C=C\CCC(=O)O[C@H](COC(=O)CCCCCCCCCCCCCCCCC)COP(=O)(O)OCCN																																													1.0	Fatty acids	0.1666666666666666	Glycerophospholipids	0.1666666666666666	Glycerophosphoethanolamines	0.1666666666666666	1.0	0.6595201	ISDB	http://www.wikidata.org/entity/Q27148167	XYYHNDVKALDFHQ-OXHZBIAZSA-N	InChI=1S/C45H78NO8P/c1-3-5-7-9-11-13-15-17-19-20-21-22-24-26-28-30-32-34-36-38-45(48)54-43(42-53-55(49,50)52-40-39-46)41-51-44(47)37-35-33-31-29-27-25-23-18-16-14-12-10-8-6-4-2/h5,7,11,13,17,19,21-22,26,28,32,34,43H,3-4,6,8-10,12,14-16,18,20,23-25,27,29-31,33,35-42,46H2,1-2H3,(H,49,50)/b7-5-,13-11-,19-17-,22-21-,28-26-,34-32-/t43-/m1/s1	CC/C=C\C/C=C\C/C=C\C/C=C\C/C=C\C/C=C\CCC(=O)O[C@H](COC(=O)CCCCCCCCCCCCCCCCC)COP(=O)(O)OCCN	C45H78NO8P		791.546505086	2-Docosahexaenoyl-1-stearoyl-sn-glycero-3-phosphoethanolamine	Fatty acids	Glycerophospholipids	Glycerophosphoethanolamines	http://www.wikidata.org/entity/Q33244	Trypanosoma brucei	494245.0	['Eukaryota']	['Unknown']	['Unknown']	['Unknown']	['Kinetoplastea']	['Unknown']	['Unknown']	['Trypanosoma']	['Trypanosoma brucei']		['Eukaryota']									1.0	3.0	5.138080358505249	1.0																									
309	HLSBVVUXJXOPBC	sirius	CC1CCC2=CCC3C(CC(C(C4C(CC#CC(CC3C2C1)C5COC(=O)C5C6=CNC=C6)CC7(C4(CCC8C7=C(C(=O)C9C8(CC(C(C9)O)O)C1CCCC1)NC(CO)C(=O)C)C)O)(C)O)O)C																																																																																												1.0	5.0	0.034	0.034	-746.818	0.073	0.08	4.312	C57H80N2O10	[M - H]-	C57H79N2O10-	InChI=1S/C57H80N2O10/c1-30-13-14-33-15-16-38-31(2)22-47(64)55(5,67)52-35(10-8-9-34(23-40(38)39(33)21-30)41-29-69-53(66)48(41)36-18-20-58-27-36)25-57(68)49-42(17-19-54(52,57)4)56(37-11-6-7-12-37)26-46(63)45(62)24-43(56)51(65)50(49)59-44(28-60)32(3)61/h15,18,20,27,30-31,34-35,37-48,52,58-60,62-64,67-68H,6-7,10-14,16-17,19,21-26,28-29H2,1-5H3	4-{32-cyclopentyl-2,3,23,29,30-pentahydroxy-25-[(1-hydroxy-3-oxobutan-2-yl)amino]-2,5,12,36-tetramethyl-26-oxoheptacyclo[19.15.0.0⁶,¹⁵.0⁹,¹⁴.0²³,³⁶.0²⁴,³³.0²⁷,³²]hexatriaconta-8,24-dien-18-yn-17-yl}-3-(1H-pyrrol-3-yl)oxolan-2-one	CC1CCC2=CCC3C(CC(C(C4C(CC#CC(CC3C2C1)C5COC(=O)C5C6=CNC=C6)CC7(C4(CCC8C7=C(C(=O)C9C8(CC(C(C9)O)O)C1CCCC1)NC(CO)C(=O)C)C)O)(C)O)O)C	6.2	162895156;162895157	COCONUT:(CNP0162509);TeroMol:(TKC169201);SUPERNATURAL:(SN0129081);PUBCHEM:(162895156 162895157)	11534338.0	951.577	419.0	6.99	8.492507163971968e+17	8.492505804556059e+17	8.492505804514116e+17	
310	WWSYLGMWRJORCE	sirius	CCCCCCCCCCCCCCCCCCN1C(=O)C2=CC3=C(C=C2C1=O)C(=O)N(C3=O)CCN4C(=O)C5=C(C4=O)C=C6C(=C5)C(=O)N(C6=O)CCCCCCCCCCCCCCCCCC																																																																																												1.0	3.0	0.002	0.002	-380.049	0.041	0.037	15.576	C58H82N4O8	[M - H]-	C58H81N4O8-	InChI=1S/C58H82N4O8/c1-3-5-7-9-11-13-15-17-19-21-23-25-27-29-31-33-35-59-51(63)43-39-47-48(40-44(43)52(59)64)56(68)61(55(47)67)37-38-62-57(69)49-41-45-46(42-50(49)58(62)70)54(66)60(53(45)65)36-34-32-30-28-26-24-22-20-18-16-14-12-10-8-6-4-2/h39-42H,3-38H2,1-2H3	6-Octadecyl-2-[2-(6-octadecyl-1,3,5,7-tetraoxopyrrolo[3,4-f]isoindol-2-yl)ethyl]pyrrolo[3,4-f]isoindole-1,3,5,7-tetrone	CCCCCCCCCCCCCCCCCCN1C(=O)C2=CC3=C(C=C2C1=O)C(=O)N(C3=O)CCN4C(=O)C5=C(C4=O)C=C6C(=C5)C(=O)N(C6=O)CCCCCCCCCCCCCCCCCC	17.2	122674537	PUBCHEM:(122674537)	2.0	961.606	419.0	6.99	8.49250727361108e+17	8.492505804891603e+17	8.492505804891603e+17	
314	SIJGTKDBINTNMJ	sirius	CCCC1CCC2C3CCCCC(C3OC2CC1)(C(C)(C4CCC5(C4(CCC6C5=C(C(=O)C7C6(CC(C(C7)O)O)CCC8=C(NC(C=C8)N)CCCO)NCC(C)O)CCO)O)O)O																																																																																												1.0	4.0	0.012	0.012	-670.289	0.015	0.408	7.117	C51H83N3O10	[M - H2O - H]-	C51H80N3O9-	InChI=1S/C51H83N3O10/c1-4-8-31-11-14-33-34-9-5-6-20-51(63,46(34)64-40(33)15-12-31)47(3,61)41-19-23-50(62)43-35(18-22-49(41,50)24-26-56)48(21-17-32-13-16-42(52)54-37(32)10-7-25-55)28-39(59)38(58)27-36(48)45(60)44(43)53-29-30(2)57/h13,16,30-31,33-36,38-42,46,53-59,61-63H,4-12,14-15,17-29,52H2,1-3H3		CCCC1CCC2C3CCCCC(C3OC2CC1)(C(C)(C4CCC5(C4(CCC6C5=C(C(=O)C7C6(CC(C(C7)O)O)CCC8=C(NC(C=C8)N)CCCO)NCC(C)O)CCO)O)O)O	3.5	163164858;163164859	COCONUT:(CNP0467093);SUPERNATURAL:(SN0346312);PUBCHEM:(163164858 163164859)	3145730.0	878.592	422.0	7.032	8.4925074657941e+17	8.492505806317667e+17	8.492505806317667e+17	
315	JCZLGILLCDWZSM	sirius	CCCCCCC1COC(C1C)C(C(C)(C2CCC3(C2(CCC4C3C(=NCC(C)O)C(=O)C5C4(CC(C(C5)O)O)CCC6CCC(NC6CCCO)N)C)O)O)O																																																																																												1.0	1.0	0.022	0.022	-762.256	1.0	0.173	29.418	C45H79N3O9	[M - H]-	C45H78N3O9-	InChI=1S/C45H79N3O9/c1-6-7-8-9-11-29-25-57-40(27(29)3)41(54)43(5,55)35-17-20-45(56)37-30(16-18-42(35,45)4)44(19-15-28-13-14-36(46)48-32(28)12-10-21-49)23-34(52)33(51)22-31(44)39(53)38(37)47-24-26(2)50/h26-37,40-41,48-52,54-56H,6-25,46H2,1-5H3	10-[2-[6-Amino-2-(3-hydroxypropyl)piperidin-1-ium-3-yl]ethyl]-17-[1-(4-hexyl-3-methyloxolan-2-yl)-1,2-dihydroxypropan-2-yl]-2,3,14-trihydroxy-7-(2-hydroxypropylimino)-13-methyl-1,2,3,4,5,8,9,11,12,15,16,17-dodecahydrocyclopenta[a]phenanthren-6-one	CCCCCCC1COC(C1C)C(C(C)(C2CCC3(C2(CCC4C3C(=NCC(C)O)C(=O)C5C4(CC(C(C5)O)O)CCC6CCC(NC6CCCO)N)C)O)O)O	3.3	163162954;163162955;163162956;163162957	COCONUT:(CNP0465872);SUPERNATURAL:(SN0332399);PUBCHEM:(163162954 163162955 163162956 163162957)	3145730.0	804.577	423.0	7.044	8.492506903337901e+17	8.492505806695154e+17	8.492505806695154e+17	
316	XLHSKXDZYNSELH	sirius	CCCCCCCCCCCC(=O)NC(C)(C)C(=O)N1CC(CC1C(=O)NC(CC(C)C)C(=O)NC(C(C)C)C(=O)NC(CCC(=O)N)C(=O)NC(CC(C)C)CO)O																																																																																												1.0	1.0	0.056	0.056	-473.301	1.0	0.999	53.863	C43H79N7O9	[M + Cl]-	C43H79ClN7O9-	InChI=1S/C43H79N7O9/c1-10-11-12-13-14-15-16-17-18-19-36(54)49-43(8,9)42(59)50-25-31(52)24-34(50)40(57)47-33(23-28(4)5)39(56)48-37(29(6)7)41(58)46-32(20-21-35(44)53)38(55)45-30(26-51)22-27(2)3/h27-34,37,51-52H,10-26H2,1-9H3,(H2,44,53)(H,45,55)(H,46,58)(H,47,57)(H,48,56)(H,49,54)	Halovir D	CCCCCCCCCCCC(=O)NC(C)(C)C(=O)N1CC(CC1C(=O)NC(CC(C)C)C(=O)NC(C(C)C)C(=O)NC(CCC(=O)N)C(=O)NC(CC(C)C)CO)O	5.1	21578740;21777387;162932548;10123551;511577;73803728	COCONUT:(CNP0202550);SUPERNATURAL:(SN0433292);MESH:(511577);PUBCHEM:(21578740 21777387 162932548 10123551 511577 73803728);LOTUS:(Q105329984);PUBMED:(null)	271581254.0	872.565	423.0	7.046	8.492507685911177e+17	8.492505807030698e+17	8.492505807030698e+17	
318	BDXOPYGNARSWPF	sirius	C1CC=CCC=CCCC(=O)OCC=CCC=CCOCC(OCC=CCC=CCOC(=O)CCC=CCC=CCCCOC(COC1)CCC2=CC=CC2)CCC3=CN=CC3																																																																																												1.0	3.0	0.828	0.828	-264.094	0.099	0.189	16.029	C53H75NO8	[M - H2O - H]-	C53H72NO7-	InChI=1S/C53H75NO8/c55-52-31-19-11-5-1-3-7-13-23-39-57-46-50(35-33-48-29-21-22-30-48)59-41-25-15-8-4-2-6-12-20-32-53(56)62-44-28-18-10-16-26-42-60-51(36-34-49-37-38-54-45-49)47-58-40-24-14-9-17-27-43-61-52/h3-8,11-12,14,16-18,21-22,24,26-29,38,45,50-51H,1-2,9-10,13,15,19-20,23,25,30-37,39-44,46-47H2	26-(2-cyclopenta-1,3-dien-1-ylethyl)-2-[2-(3H-pyrrol-4-yl)ethyl]-1,4,12,24,27,39-hexaoxacyclohexatetraconta-6,9,16,19,31,34,41,44-octaene-13,38-dione	C1CC=CCC=CCCC(=O)OCC=CCC=CCOCC(OCC=CCC=CCOC(=O)CCC=CCC=CCCCOC(COC1)CCC2=CC=CC2)CCC3=CN=CC3	9.6	164970479	PUBCHEM:(164970479)	2.0	834.527	429.0	7.147	8.49250738467626e+17	8.49250580774373e+17	8.49250580774373e+17	
319	ONPIOGOEFWSNNI	sirius	CCCCCCCCCCCCC(CCOC(=O)CCC(=O)OC(COC(=O)CCCCCCC)COC(=O)CCCCCCC)OC(=O)OCCN(C)C																																																																																												1.0	3.0	0.016	0.015	-382.212	0.032	0.234	25.087	C43H79NO11	[M - H2O - H]-	C43H76NO10-	InChI=1S/C43H79NO11/c1-6-9-12-15-16-17-18-19-22-23-26-37(55-43(49)51-34-32-44(4)5)31-33-50-41(47)29-30-42(48)54-38(35-52-39(45)27-24-20-13-10-7-2)36-53-40(46)28-25-21-14-11-8-3/h37-38H,6-36H2,1-5H3	1-O-[3-[2-(dimethylamino)ethoxycarbonyloxy]pentadecyl] 4-O-[1,3-di(octanoyloxy)propan-2-yl] butanedioate	CCCCCCCCCCCCC(CCOC(=O)CCC(=O)OC(COC(=O)CCCCCCC)COC(=O)CCCCCCC)OC(=O)OCCN(C)C	12.6	118181930	PUBCHEM:(118181930)	2.0	766.54	429.0	7.149	8.49250691889877e+17	8.492505808121217e+17	8.492505808079274e+17	
319	YEHAZLUVAZKVRO	gnps	CCCCCCCCCCCCCCCCCC(=O)OCC(COP(O)(=O)OCCN)OC(=O)CCCCCC\C=C/C\C=C/C\C=C/C\C=C/CC	CCMSLIB00005736940	spectra_filtered.mgf	MASSBANK.mgf	0.798278	483098.0	0.0	6.68848	7.0	0.00512695	766.54	-1.0	temp/spectra_filtered.mgf319	1.0	Massbank:LQB00586 PE 38:4	ESI	qTof	Isolated	Massbank	Massbank	M-H	766.535	0.0	1.0			CCCCCCCCCCCCCCCCCC(=O)OCC(COP(O)(=O)OCCN)OC(=O)CCCCCC\C=C/C\C=C/C\C=C/C\C=C/CC	1S/C43H78NO8P/c1-3-5-7-9-11-13-15-17-19-20-22-24-26-28-30-32-34-36-43(46)52-41(40-51-53(47,48)50-38-37-44)39-49-42(45)35-33-31-29-27-25-23-21-18-16-14-12-10-8-6-4-2/h5,7,11,13,17,19,22,24,41H,3-4,6,8-10,12,14-16,18,20-21,23,25-40,44H2,1-2H3,(H,47,48)/b7-5-,13-11-,19-17-,24-22-		3.0	Negative	MASSBANK	766.535	UPDATE-SINGLE-ANNOTATED-BRONZE	Bronze		C43H78NO8P	YEHAZLUVAZKVRO-ZKVKLVECSA-N	Lipids and lipid-like molecules	Glycerophospholipids	Glycerophosphoethanolamines	Glycerophospholipids	Glycerophosphoethanolamines	Fatty acids	mzspec:GNPS:GNPS-LIBRARY:CCMSLIB00005736940																																																																								
320	HLQPNCNJEMONNP	sirius	CCCCCCCCCCCCCCCCC=COCC(COP(=O)(O)OCCN)OC(=O)CCCCCCCC(C(CC=CCCCCC)O)O																																																																																												1.0	2.0	0.073	0.105	-441.922	0.15	0.016	15.863	C41H80NO9P	[M - H2O - H]-	C41H77NO8P-	InChI=1S/C41H80NO9P/c1-3-5-7-9-11-12-13-14-15-16-17-18-19-20-25-29-34-48-36-38(37-50-52(46,47)49-35-33-42)51-41(45)32-28-24-21-23-27-31-40(44)39(43)30-26-22-10-8-6-4-2/h22,26,29,34,38-40,43-44H,3-21,23-25,27-28,30-33,35-37,42H2,1-2H3,(H,46,47)		CCCCCCCCCCCCCCCCC=COCC(COP(=O)(O)OCCN)OC(=O)CCCCCCCC(C(CC=CCCCCC)O)O	9.4	156988680	PUBCHEMANNOTATIONBIO:(null);HMDB:(HMDB0285328);PUBCHEM:(156988680)	16777226.0	742.54	430.0	7.169	8.492506988104792e+17	8.492505808456762e+17	8.492505808456762e+17	
324	VNLXORDQXXPODA	sirius	CCCCCCCCCCCCCCCCCCCC(=O)OCC(COP(=O)(O)OCCN)OC(=O)CCC=CCC=CCC=CCC=CCC=CCCC																																																																																												1.0	1.0	0.25	0.306	-84.379	1.0	1.0	10.307	C45H80NO8P	[M - H]-	C45H79NO8P-	InChI=1S/C45H80NO8P/c1-3-5-7-9-11-13-15-17-19-21-23-25-27-29-31-33-35-37-44(47)51-41-43(42-53-55(49,50)52-40-39-46)54-45(48)38-36-34-32-30-28-26-24-22-20-18-16-14-12-10-8-6-4-2/h8,10,14,16,20,22,26,28,32,34,43H,3-7,9,11-13,15,17-19,21,23-25,27,29-31,33,35-42,46H2,1-2H3,(H,49,50)		CCCCCCCCCCCCCCCCCCCC(=O)OCC(COP(=O)(O)OCCN)OC(=O)CCC=CCC=CCC=CCC=CCC=CCCC	11.1	134773666;132993437	COCONUT:(CNP0471226);SUPERNATURAL:(SN0395025);PUBCHEM:(134773666 132993437)	3145730.0	792.554	431.0	7.184	8.492507064944444e+17	8.492505809840882e+17	8.492505809840882e+17	
327	PZJBYZJJUJTHAB	sirius	CC=C(C(=O)OCC(C)(COC(=O)C(=CC)OC1CC(N(C(C1)(C)C)C)(C)C)COC(=O)C(=CC)OC2CC(N(C(C2)(C)C)C)(C)C)OC3CC(N(C(C3)(C)C)C)(C)C																																																																																												1.0	1.0	-inf	-inf	-409.255	0.998	0.219	32.112	C47H81N3O9	[M - H]-	C47H80N3O9-	InChI=1S/C47H81N3O9/c1-20-35(57-32-23-41(4,5)48(17)42(6,7)24-32)38(51)54-29-47(16,30-55-39(52)36(21-2)58-33-25-43(8,9)49(18)44(10,11)26-33)31-56-40(53)37(22-3)59-34-27-45(12,13)50(19)46(14,15)28-34/h20-22,32-34H,23-31H2,1-19H3	[2-methyl-3-[(Z)-2-(1,2,2,6,6-pentamethylpiperidin-4-yl)oxybut-2-enoyl]oxy-2-[[(Z)-2-(1,2,2,6,6-pentamethylpiperidin-4-yl)oxybut-2-enoyl]oxymethyl]propyl] (Z)-2-(1,2,2,6,6-pentamethylpiperidin-4-yl)oxybut-2-enoate	CC=C(C(=O)OCC(C)(COC(=O)C(=CC)OC1CC(N(C(C1)(C)C)C)(C)C)COC(=O)C(=CC)OC2CC(N(C(C2)(C)C)C)(C)C)OC3CC(N(C(C3)(C)C)C)(C)C	9.0	21507302	PUBCHEM:(21507302)	2.0	830.593	434.0	7.239	8.492506876368525e+17	8.492505810931402e+17	8.492505810931402e+17	
331	CHJVKKCKMUZINO	sirius	CC(CCCC(C)(C)O)C1CCC2C1(CCCC2=CC=C3CC(CCC3=C)OCCCNC(=O)CC(C)(C)OCCC(C)(C)NC(=O)CCN4C(=O)C=CC4=O)C																																																																																												1.0	1.0	0.019	0.019	-636.147	0.99	0.489	13.179	C47H75N3O7	[M - H2O - H]-	C47H72N3O6-	InChI=1S/C47H75N3O7/c1-33-15-18-37(31-36(33)17-16-35-14-11-25-47(9)38(19-20-39(35)47)34(2)13-10-24-45(5,6)55)56-29-12-27-48-41(52)32-46(7,8)57-30-26-44(3,4)49-40(51)23-28-50-42(53)21-22-43(50)54/h16-17,21-22,34,37-39,55H,1,10-15,18-20,23-32H2,2-9H3,(H,48,52)(H,49,51)	N-[3-[(1S,3Z)-3-[(2E)-2-[(3aS,7aR)-1-[(2R)-6-hydroxy-6-methylheptan-2-yl]-7a-methyl-2,3,3a,5,6,7-hexahydro-1H-inden-4-ylidene]ethylidene]-4-methylidenecyclohexyl]oxypropyl]-3-[3-[3-(2,5-dioxopyrrol-1-yl)propanoylamino]-3-methylbutoxy]-3-methylbutanamide	CC(CCCC(C)(C)O)C1CCC2C1(CCCC2=CC=C3CC(CCC3=C)OCCCNC(=O)CC(C)(C)OCCC(C)(C)NC(=O)CCN4C(=O)C=CC4=O)C	6.3	126657867	PUBCHEM:(126657867)	2.0	774.545	437.0	7.286	8.49250696285508e+17	8.492505812315523e+17	8.492505812315523e+17	
332	HXBUCTIAZTVPSW	sirius	CC(C)C(C(CC(C)C1CC(C2(C1(CCC34C2CCC5C3(C4)CCC(C5(C)C)OC6CN(CCO6)C7CN(C7)C8COC8)C)C)O)OC)OC(=O)N9CCC9																																																																																												1.0	1.0	-inf	-inf	-797.362	1.0	0.019	14.223	C45H75N3O7	[M - H2O - H]-	C45H72N3O6-	InChI=1S/C45H75N3O7/c1-28(2)39(55-40(50)46-16-9-17-46)33(51-8)20-29(3)32-21-36(49)43(7)35-11-10-34-41(4,5)37(12-13-44(34)27-45(35,44)15-14-42(32,43)6)54-38-24-47(18-19-53-38)30-22-48(23-30)31-25-52-26-31/h28-39,49H,9-27H2,1-8H3	[(3R,6R)-6-[(3R,6S,8R,12S,13S,15R,16R)-13-hydroxy-7,7,12,16-tetramethyl-6-[(2S)-4-[1-(oxetan-3-yl)azetidin-3-yl]morpholin-2-yl]oxy-15-pentacyclo[9.7.0.01,3.03,8.012,16]octadecanyl]-4-methoxy-2-methylheptan-3-yl] azetidine-1-carboxylate	CC(C)C(C(CC(C)C1CC(C2(C1(CCC34C2CCC5C3(C4)CCC(C5(C)C)OC6CN(CCO6)C7CN(C7)C8COC8)C)C)O)OC)OC(=O)N9CCC9	7.6	71289805	PUBCHEM:(71289805)	2.0	750.545	437.0	7.288	8.492507038897815e+17	8.49250581269301e+17	8.49250581269301e+17	
333	KJDMAGNYMRWNQF	sirius	CCCCCCCCOC1C(C(C(O1)C(C(=O)NCCCCCCCCCC#CC#CCCCCCCCCCNC(=O)C[N+](C)(C)C)O)O)O																																																																																												1.0	1.0	0.017	0.017	-528.106	0.997	0.012	5.941	C41H73N3O7	[M - H2O - H]-	C41H70N3O6-	InChI=1S/C41H73N3O7/c1-5-6-7-8-27-30-33-50-41-37(47)36(46)39(51-41)38(48)40(49)43-32-29-26-24-22-20-18-16-14-12-10-9-11-13-15-17-19-21-23-25-28-31-42-35(45)34-44(2,3)4/h36-39,41,46-48H,5-8,13-34H2,1-4H3,(H-,42,43,45,49)/p+1	(5S)-1-O-Octyl-5-[22-(trimethylaminioacetylamino)-10,12-docosadiyne-1-ylcarbamoyl]-beta-D-xylofuranose	CCCCCCCCOC1C(C(C(O1)C(C(=O)NCCCCCCCCCC#CC#CCCCCCCCCCNC(=O)C[N+](C)(C)C)O)O)O	9.0	102589953	PUBCHEM:(102589953)	2.0	700.53	440.0	7.333	8.492507048838317e+17	8.492505813028554e+17	8.492505813028554e+17	
334	CMZXBLXIQRKTIM	sirius	CC(C)C(C=O)NC(=O)C(CCCCN)NC(=O)C(CCCN=C(N)N)NC(=O)C(CCCCN)NC(=O)C(CCCCN)NC(=O)C(CCCCN)N																																																																																												1.0	2.0	-inf	-inf	-282.737	0.042	0.475	9.639	C35H71N13O6	[M - H]-	C35H70N13O6-	InChI=1S/C35H71N13O6/c1-23(2)29(22-49)48-34(54)27(15-6-10-20-39)46-33(53)28(16-11-21-43-35(41)42)47-32(52)26(14-5-9-19-38)45-31(51)25(13-4-8-18-37)44-30(50)24(40)12-3-7-17-36/h22-29H,3-21,36-40H2,1-2H3,(H,44,50)(H,45,51)(H,46,53)(H,47,52)(H,48,54)(H4,41,42,43)	H-Lys-Lys-Lys-Arg-Lys-Val-al	CC(C)C(C=O)NC(=O)C(CCCCN)NC(=O)C(CCCN=C(N)N)NC(=O)C(CCCCN)NC(=O)C(CCCCN)NC(=O)C(CCCCN)N	-3.2	444585	PUBCHEMANNOTATIONBIO:(null);PUBCHEM:(444585)	16777218.0	768.556	444.0	7.397	8.492507479593361e+17	8.492505813364099e+17	8.492505813364099e+17	
337	URPXXNCTXCOATD	isdb																																														1.0	Fatty acids	0.1666666666666666	Glycerophospholipids	0.1666666666666666	Glycerophosphoethanolamines	0.1666666666666666	1.0	0.5504	ISDB															['Unknown']	['Unknown']	['Unknown']	['Unknown']	['Unknown']	['Unknown']	['Unknown']	['Unknown']	['Unknown']											0.0	0.0	2.2016000747680664	1.0																									
337	XLPXOXWEIHLLCI	sirius	CCC(C)C(C(CC(=O)N1CCCC1C(C(C)C(=O)CC(CC2=CC=CC=C2)C(=O)C(C)(C)C)OC)OC)N(C)C(=O)C(CC(=O)C(C(C)C)NC)C(C)C																																																																																												1.0	1.0	-inf	-inf	-797.215	0.992	0.012	17.331	C45H75N3O7	[M - H2O - H]-	C45H72N3O6-	InChI=1S/C45H75N3O7/c1-15-30(6)41(47(12)44(53)34(28(2)3)26-37(50)40(46-11)29(4)5)38(54-13)27-39(51)48-23-19-22-35(48)42(55-14)31(7)36(49)25-33(43(52)45(8,9)10)24-32-20-17-16-18-21-32/h16-18,20-21,28-31,33-35,38,40-42,46H,15,19,22-27H2,1-14H3	N-[1-[2-(5-benzyl-1-methoxy-2,7,7-trimethyl-3,6-dioxooctyl)pyrrolidin-1-yl]-3-methoxy-5-methyl-1-oxoheptan-4-yl]-N,6-dimethyl-5-(methylamino)-4-oxo-2-propan-2-ylheptanamide	CCC(C)C(C(CC(=O)N1CCCC1C(C(C)C(=O)CC(CC2=CC=CC=C2)C(=O)C(C)(C)C)OC)OC)N(C)C(=O)C(CC(=O)C(C(C)C)NC)C(C)C	6.4	164983442	PUBCHEM:(164983442)	2.0	750.545	448.0	7.466	8.492506925777428e+17	8.492505814370732e+17	8.492505814370732e+17	
339	GYBNCVDANSEZII	sirius	CC1CC(OC2C1C3(CCC45CC46CCC(C(C6CCC5C3(C2O)C)(C)C)OC7CN(CCO7)C(C)(C)C8CN(C8)C9COC9)C)C(C(C)C)OC(=O)N1CCC1																																																																																												1.0	1.0	-inf	-inf	-708.737	0.998	0.433	24.24	C47H77N3O7	[M - H2O - H]-	C47H74N3O6-	InChI=1S/C47H77N3O7/c1-28(2)38(57-41(52)48-17-10-18-48)32-21-29(3)37-39(55-32)40(51)45(9)34-12-11-33-42(4,5)35(13-14-46(33)27-47(34,46)16-15-44(37,45)8)56-36-24-50(19-20-54-36)43(6,7)30-22-49(23-30)31-25-53-26-31/h28-40,51H,10-27H2,1-9H3	[(1R)-1-[(1S,4R,5R,6R,8R,10S,11R,12S,13R,16R,21R)-11-hydroxy-4,6,12,17,17-pentamethyl-18-[(2S)-4-[2-[1-(oxetan-3-yl)azetidin-3-yl]propan-2-yl]morpholin-2-yl]oxy-9-oxahexacyclo[11.9.0.01,21.04,12.05,10.016,21]docosan-8-yl]-2-methylpropyl] azetidine-1-carboxylate	CC1CC(OC2C1C3(CCC45CC46CCC(C(C6CCC5C3(C2O)C)(C)C)OC7CN(CCO7)C(C)(C)C8CN(C8)C9COC9)C)C(C(C)C)OC(=O)N1CCC1	7.9	71287835;71289808	PUBCHEM:(71287835 71289808)	2.0	776.561	449.0	7.49	8.492507296092552e+17	8.492505815083763e+17	8.492505815083763e+17	
340	BHTPQMAKTAZYEG	sirius	CCCCCCCCCCCCCCCC(=O)OCC(COCC(COP(=O)(O)OCC[N+](C)(C)C)O)OC(=O)CCCCCCCCCCCCCCC																																																																																												1.0	4.0	0.925	0.925	-242.069	0.019	0.01	16.817	C43H86NO10P	[M - H]-	C43H85NO10P-	InChI=1S/C43H86NO10P/c1-6-8-10-12-14-16-18-20-22-24-26-28-30-32-42(46)51-39-41(38-50-36-40(45)37-53-55(48,49)52-35-34-44(3,4)5)54-43(47)33-31-29-27-25-23-21-19-17-15-13-11-9-7-2/h40-41,45H,6-39H2,1-5H3/p+1	[3-[2,3-Di(hexadecanoyloxy)propoxy]-2-hydroxypropyl] 2-(trimethylazaniumyl)ethyl phosphate	CCCCCCCCCCCCCCCC(=O)OCC(COCC(COP(=O)(O)OCC[N+](C)(C)C)O)OC(=O)CCCCCCCCCCCCCCC	12.8	25032591;25032592	PUBCHEM:(25032591 25032592)	2.0	806.593	457.0	7.614	8.492507393945672e+17	8.492505815419308e+17	8.492505815419308e+17	
341	ZEGLAXUDCXEQEY	sirius	CCCCCCCCCCCCCCCCCCCC(=O)OCC(COP(=O)(O)OCCN)OC(=O)CCCC(C=CC=CCC=CCCCCCCCC)O																																																																																												1.0	7.0	0.257	0.342	-138.042	0.023	0.009	8.924	C45H84NO9P	[M - H2O - H]-	C45H81NO8P-	InChI=1S/C45H84NO9P/c1-3-5-7-9-11-13-15-17-18-19-20-22-24-26-28-30-32-36-44(48)52-40-43(41-54-56(50,51)53-39-38-46)55-45(49)37-33-35-42(47)34-31-29-27-25-23-21-16-14-12-10-8-6-4-2/h21,23,27,29,31,34,42-43,47H,3-20,22,24-26,28,30,32-33,35-41,46H2,1-2H3,(H,50,51)	[(2R)-1-[2-aminoethoxy(hydroxy)phosphoryl]oxy-3-icosanoyloxypropan-2-yl] (6E,8E,11E)-5-hydroxyicosa-6,8,11-trienoate	CCCCCCCCCCCCCCCCCCCC(=O)OCC(COP(=O)(O)OCCN)OC(=O)CCCC(C=CC=CCC=CCCCCCCCC)O	11.2	156965268	PUBCHEMANNOTATIONBIO:(null);HMDB:(HMDB0261916);PUBCHEM:(156965268)	16777226.0	794.572	457.0	7.62	8.492507210109315e+17	8.492505815796795e+17	8.492505815796795e+17	
342	RGDJOBMNGGOXQL	sirius	CCCCCCCCCCCCCCCCCC(=O)OCC(COP(=O)(O)OCCN)OC(=O)C(CCCCCCCCCCCCCCCC)O																																																																																												1.0	5.0	0.227	0.227	-367.399	0.027	0.047	14.477	C41H82NO9P	[M - H2O - H]-	C41H79NO8P-	InChI=1S/C41H82NO9P/c1-3-5-7-9-11-13-15-17-19-21-23-25-27-29-31-33-40(44)48-36-38(37-50-52(46,47)49-35-34-42)51-41(45)39(43)32-30-28-26-24-22-20-18-16-14-12-10-8-6-4-2/h38-39,43H,3-37,42H2,1-2H3,(H,46,47)	[(2R)-1-[2-aminoethoxy(hydroxy)phosphoryl]oxy-3-octadecanoyloxypropan-2-yl] 2-hydroxyoctadecanoate	CCCCCCCCCCCCCCCCCC(=O)OCC(COP(=O)(O)OCCN)OC(=O)C(CCCCCCCCCCCCCCCC)O	11.7	156024948	PUBCHEMANNOTATIONBIO:(null);LotusExpanded;PUBCHEM:(156024948)	8606711810.0	744.556	460.0	7.671	8.492507012054268e+17	8.492505816132339e+17	8.492505816132339e+17	
344	JOSWMZPZHFLHSI	sirius	CCCCCCCCCCCCCCCCCCOC(=O)N(CCCCCCCCCCCC)C1C(C(C(C(O1)CO)O)O)NC(=O)CNC(=O)OCC2=CC=CC=C2																																																																																												1.0	1.0	0.012	0.012	-625.957	0.996	0.05	15.498	C47H83N3O9	[M - H]-	C47H82N3O9-	InChI=1S/C47H83N3O9/c1-3-5-7-9-11-13-15-16-17-18-19-20-22-24-26-31-35-57-47(56)50(34-30-25-23-21-14-12-10-8-6-4-2)45-42(44(54)43(53)40(37-51)59-45)49-41(52)36-48-46(55)58-38-39-32-28-27-29-33-39/h27-29,32-33,40,42-45,51,53-54H,3-26,30-31,34-38H2,1-2H3,(H,48,55)(H,49,52)	octadecyl N-[(2R,3R,4R,5R,6R)-4,5-dihydroxy-6-(hydroxymethyl)-3-[[2-(phenylmethoxycarbonylamino)acetyl]amino]oxan-2-yl]-N-dodecylcarbamate	CCCCCCCCCCCCCCCCCCOC(=O)N(CCCCCCCCCCCC)C1C(C(C(C(O1)CO)O)O)NC(=O)CNC(=O)OCC2=CC=CC=C2	13.7	67919189;67919406	PUBCHEM:(67919189 67919406)	2.0	832.609	467.0	7.787	8.492507156715821e+17	8.492505816803428e+17	8.492505816803428e+17	
348	COPHJIFTQLQXFM	sirius	CC1C2CC3C(C(C(N3)CC4C(C(C(N4)CC5C(C(C(N5)CC(C1CCC(=O)O)N2)CCC(=O)O)C)C(C)O)C)C(C)O)C																																																																																												1.0	2.0	0.033	0.033	-663.276	0.183	0.616	55.82	C34H60N4O6	[M + Cl]-	C34H60ClN4O6-	InChI=1S/C34H60N4O6/c1-15-21(7-9-31(41)42)27-14-28-22(8-10-32(43)44)16(2)24(36-28)12-29-34(20(6)40)18(4)26(38-29)13-30-33(19(5)39)17(3)25(37-30)11-23(15)35-27/h15-30,33-40H,7-14H2,1-6H3,(H,41,42)(H,43,44)	Hematop-orphyrin	CC1C2CC3C(C(C(N3)CC4C(C(C(N4)CC5C(C(C(N5)CC(C1CCC(=O)O)N2)CCC(=O)O)C)C(C)O)C)C(C)O)C	-1.8	45006077	PUBCHEMANNOTATIONBIO:(null);PUBCHEM:(45006077)	16777218.0	655.422	482.0	8.032	8.492507404976692e+17	8.492505818313377e+17	8.492505818313377e+17	
349	QDVJJUPTFYEORJ	sirius	CCCC(CC(=O)C1CC2(CN1C(=O)C(CC(=O)C(C3CCCCC3)NC(=O)C4CCCCN4C(C)C)C(C)(C)C)C(C25CCC5)(C)C)C(=O)C(=O)CC(C)C																																																																																												1.0	2.0	0.032	0.032	-577.374	0.161	0.163	6.29	C47H77N3O6	[M - H]-	C47H76N3O6-	InChI=1S/C47H77N3O6/c1-11-18-33(41(54)39(53)25-30(2)3)26-37(51)36-28-47(45(9,10)46(47)22-17-23-46)29-50(36)43(56)34(44(6,7)8)27-38(52)40(32-19-13-12-14-20-32)48-42(55)35-21-15-16-24-49(35)31(4)5/h30-36,40H,11-29H2,1-10H3,(H,48,55)	(2S)-N-[(1S,4S)-1-cyclohexyl-4-[(5R,8S)-10,10-dimethyl-8-[(3R)-7-methyl-4,5-dioxo-3-propyloctanoyl]-7-azadispiro[3.0.45.14]decane-7-carbonyl]-5,5-dimethyl-2-oxohexyl]-1-propan-2-ylpiperidine-2-carboxamide	CCCC(CC(=O)C1CC2(CN1C(=O)C(CC(=O)C(C3CCCCC3)NC(=O)C4CCCCN4C(C)C)C(C)(C)C)C(C25CCC5)(C)C)C(=O)C(=O)CC(C)C	9.1	58509897	PUBCHEM:(58509897)	2.0	778.577	486.0	8.104	8.492506946790894e+17	8.492505818690865e+17	8.492505818690865e+17	
354	AREDFYVTHDAYMK	sirius	B(C(CC(C)C)NC(=O)C(CCCN=C(N)N[N+](=O)[O-])CC(=O)C1CC2CCC1C2)(O)O																																																																																												1.0	1.0	-inf	-inf	-393.747	0.984	0.355	16.116	C20H36BN5O6	[M - H2O - H]-	C20H33BN5O5-	InChI=1S/C20H36BN5O6/c1-12(2)8-18(21(29)30)24-19(28)15(4-3-7-23-20(22)25-26(31)32)11-17(27)16-10-13-5-6-14(16)9-13/h12-16,18,29-30H,3-11H2,1-2H3,(H,24,28)(H3,22,23,25)	[(1R)-1-[[(2R)-5-[[amino(nitramido)methylidene]amino]-2-[2-(2-bicyclo[2.2.1]heptanyl)-2-oxoethyl]pentanoyl]amino]-3-methylbutyl]boronic acid	B(C(CC(C)C)NC(=O)C(CCCN=C(N)N[N+](=O)[O-])CC(=O)C1CC2CCC1C2)(O)O	2.403	58301903	PUBCHEM:(58301903)	2.0	433.261	505.0	8.412	8.492507006433901e+17	8.492505820410529e+17	8.492505820410529e+17	
358	AQTNXUZBBPTYCC	sirius	C1=C(NC(=C1)C=O)CCCCCC=CCCCCCCCCCCCCCCCC(C#N)O																																																																																												1.0	2.0	0.06	0.06	-443.662	0.355	0.771	17.98	C29H48N2O2	[M + Cl]-	C29H48ClN2O2-	InChI=1S/C29H48N2O2/c30-25-29(33)22-20-18-16-14-12-10-8-6-4-2-1-3-5-7-9-11-13-15-17-19-21-27-23-24-28(26-32)31-27/h9,11,23-24,26,29,31,33H,1-8,10,12-22H2	24-(5-formyl-1H-pyrrol-2-yl)-2-hydroxytetracos-18-enenitrile	C1=C(NC(=C1)C=O)CCCCCC=CCCCCCCCCCCCCCCCC(C#N)O	9.8	74051349;23424978	COCONUT:(CNP0179708);SUPERNATURAL:(SN0012837);LotusExpanded;PUBCHEM:(74051349 23424978)	8593080322.0	491.342	505.0	8.414	8.492507183978799e+17	8.492505821794651e+17	8.492505821794651e+17	
359	PFVUYFKQDTWQHZ	sirius	CC(=O)N(C)CCN(C)CCN(CCN(C)CCN(CCN(C)CCN)C(=O)C)C(=O)C																																																																																												1.0	4.0	0.039	0.039	-212.109	0.012	0.012	1.913	C22H47N7O3	[M + Cl]-	C22H47ClN7O3-	InChI=1S/C22H47N7O3/c1-20(30)27(7)15-10-25(5)12-17-29(22(3)32)19-14-26(6)13-18-28(21(2)31)16-11-24(4)9-8-23/h8-19,23H2,1-7H3	N-[2-[2-[acetyl-[2-[2-[acetyl-[2-[2-aminoethyl(methyl)amino]ethyl]amino]ethyl-methylamino]ethyl]amino]ethyl-methylamino]ethyl]-N-methylacetamide	CC(=O)N(C)CCN(C)CCN(CCN(C)CCN(CCN(C)CCN)C(=O)C)C(=O)C	-2.1	122628388	PUBCHEM:(122628388)	2.0	492.343	505.0	8.408	8.492506966042751e+17	8.492505822130195e+17	8.492505822130195e+17	
361	PLTOWUBLEPQHQC	sirius	CC(C)(C)C1=CC(=CC(=C1O)C(C)(C)C)CCC(=O)OCC(CO)(COC(=O)CCC2=CC(=C(C(=C2)C(C)(C)C)O)C(C)(C)C)COC(=O)CCC3=CC(=C(C(=C3)C(C)(C)C)O)C(C)(C)C																																																																																												1.0	3.0	0.072	0.072	-309.407	0.011	0.109	18.6	C56H84O10	[M - H]-	C56H83O10-	InChI=1S/C56H84O10/c1-50(2,3)38-25-35(26-39(47(38)61)51(4,5)6)19-22-44(58)64-32-56(31-57,33-65-45(59)23-20-36-27-40(52(7,8)9)48(62)41(28-36)53(10,11)12)34-66-46(60)24-21-37-29-42(54(13,14)15)49(63)43(30-37)55(16,17)18/h25-30,57,61-63H,19-24,31-34H2,1-18H3	Pentaerythritol tris(3,5-di-tert-butyl-4-hydroxyhydrocinnamate)	CC(C)(C)C1=CC(=CC(=C1O)C(C)(C)C)CCC(=O)OCC(CO)(COC(=O)CCC2=CC(=C(C(=C2)C(C)(C)C)O)C(C)(C)C)COC(=O)CCC3=CC(=C(C(=C3)C(C)(C)C)O)C(C)(C)C	14.0	14401630	NORMAN:(NS00102064);PUBCHEM:(14401630);DSSTox:(DTXSID00904998)	137439215618.0	915.601	508.0	8.473	8.492507304732818e+17	8.492505822801284e+17	8.492505822801284e+17	
363	VFYRJZCHMPRQIM	sirius	CC(C)CC(C(=O)OCC1=CC=CC=C1)NC(=O)C(CC(=O)OCC2=CC=CC=C2)NC(=O)C3CCCCN3C(=O)C(C(C)(C)C)NC(=O)OC(C)(C)C																																																																																												1.0	1.0	0.022	0.022	-483.18	1.0	0.0	105.304	C41H58N4O9	[M - H2O - H]-	C41H55N4O8-	InChI=1S/C41H58N4O9/c1-27(2)23-31(38(50)53-26-29-19-13-10-14-20-29)43-35(47)30(24-33(46)52-25-28-17-11-9-12-18-28)42-36(48)32-21-15-16-22-45(32)37(49)34(40(3,4)5)44-39(51)54-41(6,7)8/h9-14,17-20,27,30-32,34H,15-16,21-26H2,1-8H3,(H,42,48)(H,43,47)(H,44,51)	Boc-Gly(tBu)-Pip-Asp(OBn)-Leu-OBn	CC(C)CC(C(=O)OCC1=CC=CC=C1)NC(=O)C(CC(=O)OCC2=CC=CC=C2)NC(=O)C3CCCCN3C(=O)C(C(C)(C)C)NC(=O)OC(C)(C)C	6.3	10533101	PUBCHEM:(10533101)	2.0	731.403	521.0	8.682	8.49250845996998e+17	8.492505823472372e+17	8.492505823472372e+17	
364	YRARGFURTNXRCG	sirius	CC(=O)NC(CC1CCCCC1)C(=O)NC(C2CCN(CC2)C(=N)N)C(=O)N3CC4=CC=CC=C4CC3C(=O)NC(CCSC)C(=O)N																																																																																												1.0	1.0	-inf	-inf	-511.562	0.107	0.11	15.275	C34H52N8O5S	[M - H]-	C34H51N8O5S-	InChI=1S/C34H52N8O5S/c1-21(43)38-27(18-22-8-4-3-5-9-22)31(45)40-29(23-12-15-41(16-13-23)34(36)37)33(47)42-20-25-11-7-6-10-24(25)19-28(42)32(46)39-26(30(35)44)14-17-48-2/h6-7,10-11,22-23,26-29H,3-5,8-9,12-20H2,1-2H3,(H2,35,44)(H3,36,37)(H,38,43)(H,39,46)(H,40,45)	AcChaGpgTicMetNH2	CC(=O)NC(CC1CCCCC1)C(=O)NC(C2CCN(CC2)C(=N)N)C(=O)N3CC4=CC=CC=C4CC3C(=O)NC(CCSC)C(=O)N	2.2	10129457	CHEBI:(60966);PUBCHEM:(10129457);PUBMED	98.0	683.369	521.0	8.686	8.492507488317514e+17	8.49250582384986e+17	8.49250582384986e+17	
366	VFQZLBHWSQWJJL	sirius	CCCCCC=CCC=CCCCCCCCCOC(=O)C(CNC(=O)CCCCCCCC=CCC=CCCCCC)NC(=O)CCN1CC(C(C1)OCCN)OCCN																																																																																												1.0	1.0	0.034	0.034	-700.062	0.584	0.5	24.296	C50H91N5O6	[M - H]-	C50H90N5O6-	InChI=1S/C50H91N5O6/c1-3-5-7-9-11-13-15-17-19-21-23-25-27-29-31-33-39-61-50(58)45(54-49(57)35-38-55-43-46(59-40-36-51)47(44-55)60-41-37-52)42-53-48(56)34-32-30-28-26-24-22-20-18-16-14-12-10-8-6-4-2/h11-14,17-20,45-47H,3-10,15-16,21-44,51-52H2,1-2H3,(H,53,56)(H,54,57)	[(9Z,12Z)-octadeca-9,12-dienyl] 2-[3-[(3S,4R)-3,4-bis(2-aminoethoxy)pyrrolidin-1-yl]propanoylamino]-3-[[(9Z,12Z)-octadeca-9,12-dienoyl]amino]propanoate	CCCCCC=CCC=CCCCCCCCCOC(=O)C(CNC(=O)CCCCCCCC=CCC=CCCCCC)NC(=O)CCN1CC(C(C1)OCCN)OCCN	10.5	124165380	PUBCHEM:(124165380)	2.0	856.69	524.0	8.741	8.492507046447562e+17	8.492505824562892e+17	8.492505824562892e+17	
368	MKGMQRQZFRZGCC	sirius	CCCCOC(=O)CCCCCCCC(=O)OCC(COC(=O)CCCCCCCC(=O)OCC(COC(=O)CCCCCCCC(=O)OCCCC)OC(=O)CCCCCCCC(=O)OCCCC)OC(=O)CCCCCCCC(=O)OCCCC																																																																																												1.0	3.0	-inf	-inf	-382.128	0.035	0.106	17.335	C67H116O20	[M - H2O - H]-	C67H113O19-	InChI=1S/C67H116O20/c1-5-9-48-78-58(68)38-28-18-13-22-32-42-62(72)82-52-56(86-66(76)46-36-26-16-20-30-40-60(70)80-50-11-7-3)54-84-64(74)44-34-24-15-25-35-45-65(75)85-55-57(87-67(77)47-37-27-17-21-31-41-61(71)81-51-12-8-4)53-83-63(73)43-33-23-14-19-29-39-59(69)79-49-10-6-2/h56-57H,5-55H2,1-4H3	9-O-[3-[9-[2,3-bis[(9-butoxy-9-oxononanoyl)oxy]propoxy]-9-oxononanoyl]oxy-2-(9-butoxy-9-oxononanoyl)oxypropyl] 1-O-butyl nonanedioate	CCCCOC(=O)CCCCCCCC(=O)OCC(COC(=O)CCCCCCCC(=O)OCC(COC(=O)CCCCCCCC(=O)OCCCC)OC(=O)CCCCCCCC(=O)OCCCC)OC(=O)CCCCCCCC(=O)OCCCC	15.3	89878730	PUBCHEM:(89878730)	2.0	1221.783	533.0	8.883	8.4925070872162e+17	8.49250582523398e+17	8.49250582523398e+17	
369	BGYHLZZASRKEJE	sirius	CC(C)(C)C1=CC(=CC(=C1O)C(C)(C)C)CCC(=O)OCC(COC(=O)CCC2=CC(=C(C(=C2)C(C)(C)C)O)C(C)(C)C)(COC(=O)CCC3=CC(=C(C(=C3)C(C)(C)C)O)C(C)(C)C)COC(=O)CCC4=CC(=C(C(=C4)C(C)(C)C)O)C(C)(C)C																																																																																												1.0	2.0	0.332	0.332	-67.725	0.018	0.5	58.826	C73H108O12	[M - H]-	C73H107O12-	InChI=1S/C73H108O12/c1-65(2,3)49-33-45(34-50(61(49)78)66(4,5)6)25-29-57(74)82-41-73(42-83-58(75)30-26-46-35-51(67(7,8)9)62(79)52(36-46)68(10,11)12,43-84-59(76)31-27-47-37-53(69(13,14)15)63(80)54(38-47)70(16,17)18)44-85-60(77)32-28-48-39-55(71(19,20)21)64(81)56(40-48)72(22,23)24/h33-40,78-81H,25-32,41-44H2,1-24H3	3-{[3-(3,5-di-tert-butyl-4-hydroxyphenyl)propanoyl]oxy}-2,2-bis({[3-(3,5-di-tert-butyl-4-hydroxyphenyl)propanoyl]oxy}methyl)propyl 3-(3,5-di-tert-butyl-4-hydroxyphenyl)propanoate	CC(C)(C)C1=CC(=CC(=C1O)C(C)(C)C)CCC(=O)OCC(COC(=O)CCC2=CC(=C(C(=C2)C(C)(C)C)O)C(C)(C)C)(COC(=O)CCC3=CC(=C(C(=C3)C(C)(C)C)O)C(C)(C)C)COC(=O)CCC4=CC(=C(C(=C4)C(C)(C)C)O)C(C)(C)C	19.4	64819	PUBCHEMANNOTATIONBIO:(null);COCONUT:(CNP0347192);NORMAN:(NS00006684);PUBCHEMANNOTATIONSAFETYANDTOXIC:(null);SUPERNATURAL:(SN0025232);MESH:(64819);PUBCHEM:(64819);DSSTox:(DTXSID1027633);PUBCHEMANNOTATIONDRUG:(null);PUBCHEMANNOTATIONFOOD:(null);PUBMED:(null)	137694019654.0	1175.778	533.0	8.884	8.492507400321014e+17	8.492505825611468e+17	8.492505825611468e+17	
373	OQHXPWTXWRDMBN	sirius	CCC(C1CCN(CC1)C(=O)C2CCCCC2(C(=O)C3=CC=C(C=C3)CO)O)C4CCN(CC4)C(=O)C5CCCCC5(C(=O)C6=CC=C(C=C6)CO)O																																																																																												1.0	1.0	0.05	0.05	-642.141	1.0	0.01	60.124	C43H58N2O8	[M - H2O - H]-	C43H55N2O7-	InChI=1S/C43H58N2O8/c1-2-35(31-17-23-44(24-18-31)40(50)36-7-3-5-21-42(36,52)38(48)33-13-9-29(27-46)10-14-33)32-19-25-45(26-20-32)41(51)37-8-4-6-22-43(37,53)39(49)34-15-11-30(28-47)12-16-34/h9-16,31-32,35-37,46-47,52-53H,2-8,17-28H2,1H3	[4-[1-[1-[2-Hydroxy-2-[4-(hydroxymethyl)benzoyl]cyclohexanecarbonyl]piperidin-4-yl]propyl]piperidin-1-yl]-[2-hydroxy-2-[4-(hydroxymethyl)benzoyl]cyclohexyl]methanone	CCC(C1CCN(CC1)C(=O)C2CCCCC2(C(=O)C3=CC=C(C=C3)CO)O)C4CCN(CC4)C(=O)C5CCCCC5(C(=O)C6=CC=C(C=C6)CO)O	5.3	70899955	PUBCHEM:(70899955)	2.0	711.401	535.0	8.91	8.492508918617124e+17	8.492505826911702e+17	8.492505826911702e+17	
378	NGIXRUKQRXBUGC	sirius	CCCCCCCCCCCCCCCCC(CCCCCCCCCCCCCCCC)(CS(=O)(=O)O)NC																																																																																												1.0	1.0	-inf	-inf	-276.234	1.0	0.498	31.402	C35H73NO3S	[M - H2O - H]-	C35H70NO2S-	InChI=1S/C35H73NO3S/c1-4-6-8-10-12-14-16-18-20-22-24-26-28-30-32-35(36-3,34-40(37,38)39)33-31-29-27-25-23-21-19-17-15-13-11-9-7-5-2/h36H,4-34H2,1-3H3,(H,37,38,39)	2-Hexadecyl-2-(methylazaniumyl)octadecane-1-sulfonate	CCCCCCCCCCCCCCCCC(CCCCCCCCCCCCCCCC)(CS(=O)(=O)O)NC	12.9	139977302;139977303	PUBCHEM:(139977302 139977303)	2.0	568.514	542.0	9.029	8.492506997332261e+17	8.492505828631366e+17	8.492505828631366e+17	
379	PQXUHCMBUXUDTO	sirius	CC(=C)C1CCC2(C1C3CCC4C(C3(CC2)C)(CCC5C4(CC(C(C5(C)C)OC(=O)C=CC6=CC(=C(C=C6)O)OC)O)C)C)C(=O)O																																																																																												1.0	3.0	0.038	0.038	-260.959	0.038	0.031	13.373	C40H56O7	[M + Cl]-	C40H56ClO7-	InChI=1S/C40H56O7/c1-23(2)25-15-18-40(35(44)45)20-19-38(6)26(33(25)40)11-13-31-37(5)22-28(42)34(36(3,4)30(37)16-17-39(31,38)7)47-32(43)14-10-24-9-12-27(41)29(21-24)46-8/h9-10,12,14,21,25-26,28,30-31,33-34,41-42H,1,11,13,15-20,22H2,2-8H3,(H,44,45)	10-hydroxy-9-{[3-(4-hydroxy-3-methoxyphenyl)prop-2-enoyl]oxy}-5a,5b,8,8,11a-pentamethyl-1-(prop-1-en-2-yl)-icosahydro-1H-cyclopenta[a]chrysene-3a-carboxylic acid	CC(=C)C1CCC2(C1C3CCC4C(C3(CC2)C)(CCC5C4(CC(C(C5(C)C)OC(=O)C=CC6=CC(=C(C=C6)O)OC)O)C)C)C(=O)O	9.5	163185636;102065962;162990901;162990902	COCONUT:(CNP0263866);TeroMol:(TKC184539 TKC057451);SUPERNATURAL:(SN0292837);PUBCHEM:(163185636 102065962 162990901 162990902);LOTUS:(Q105213535 Q105213534)	279969794.0	683.369	542.0	9.029	8.492507292820993e+17	8.492505829008854e+17	8.492505829008854e+17	
380	ZVOYOCHQUUNYAB	sirius	CC(C)[SiH](C(C)C)[Si](C(C)C)(C(C)C)OOCC1C(C(C(O1)N2C=CC(=NC2=O)N)O)OO[Si](C(C)C)(C(C)C)[SiH](C(C)C)C(C)C																																																																																												1.0	1.0	-inf	-inf	-498.683	0.889	0.497	123.816	C33H69N3O7Si4	[M - H2O - H]-	C33H66N3O6Si4-	InChI=1S/C33H69N3O7Si4/c1-20(2)44(21(3)4)46(24(9)10,25(11)12)42-39-19-28-31(30(37)32(40-28)36-18-17-29(34)35-33(36)38)41-43-47(26(13)14,27(15)16)45(22(5)6)23(7)8/h17-18,20-28,30-32,37,44-45H,19H2,1-16H3,(H2,34,35,38)	4-amino-1-[(2R,3S,4S,5R)-4-[di(propan-2-yl)silyl-di(propan-2-yl)silyl]peroxy-5-[[di(propan-2-yl)silyl-di(propan-2-yl)silyl]peroxymethyl]-3-hydroxyoxolan-2-yl]pyrimidin-2-one	CC(C)[SiH](C(C)C)[Si](C(C)C)(C(C)C)OOCC1C(C(C(O1)N2C=CC(=NC2=O)N)O)OO[Si](C(C)C)(C(C)C)[SiH](C(C)C)C(C)C	7.614	123626602;123691120	PUBCHEM:(123626602 123691120)	2.0	712.403	542.0	9.034	8.492508706301455e+17	8.492505829344398e+17	8.492505829344398e+17	
384	YNHOFJVPIPTQNZ	sirius	CC(=CC=CC(=CC=CC=C(C)C(=CC=C(C)C(=O)CC12C(CC(CC1(O2)C)O)(C)C)O)C)CC=C3C(CC(CC3(C)O)OC(=O)C)(C)C																																																																																												1.0	7.0	0.043	0.043	-294.749	0.022	0.005	13.803	C42H60O7	[M + Cl]-	C42H60ClO7-	InChI=1S/C42H60O7/c1-28(16-14-17-29(2)19-22-37-38(6,7)25-34(48-32(5)43)26-40(37,10)47)15-12-13-18-30(3)35(45)21-20-31(4)36(46)27-42-39(8,9)23-33(44)24-41(42,11)49-42/h12-18,20-22,33-34,44-45,47H,19,23-27H2,1-11H3	[(1S,3R)-3-hydroxy-4-[(3E,5E,7E,9E,11E,13Z,15E)-13-hydroxy-18-[(1S,4S,6R)-4-hydroxy-2,2,6-trimethyl-7-oxabicyclo[4.1.0]heptan-1-yl]-3,7,12,16-tetramethyl-17-oxooctadeca-3,5,7,9,11,13,15-heptaenylidene]-3,5,5-trimethylcyclohexyl] acetate	CC(=CC=CC(=CC=CC=C(C)C(=CC=C(C)C(=O)CC12C(CC(CC1(O2)C)O)(C)C)O)C)CC=C3C(CC(CC3(C)O)OC(=O)C)(C)C	8.2	154702507	PUBCHEMANNOTATIONBIO:(null);PUBCHEM:(154702507)	16777218.0	711.401	543.0	9.043	8.492507344368995e+17	8.49250583089629e+17	8.492505830854348e+17	
387	XAZGXEWGLSHONT	sirius	CC1(OC2COC3(C(C2O1)OC(O3)(C)C)CC4=CN(N=N4)CCOCCN5C=C(N=N5)CC67C(C8C(CO6)OC(O8)(C)C)OC(O7)(C)C)C																																																																																												1.0	3.0	0.172	0.172	-408.924	0.016	0.002	126.786	C32H48N6O11	[M + Cl]-	C32H48ClN6O11-	InChI=1S/C32H48N6O11/c1-27(2)42-21-17-40-31(25(23(21)44-27)46-29(5,6)48-31)13-19-15-37(35-33-19)9-11-39-12-10-38-16-20(34-36-38)14-32-26(47-30(7,8)49-32)24-22(18-41-32)43-28(3,4)45-24/h15-16,21-26H,9-14,17-18H2,1-8H3	3a,3'a-[Oxybisethylenebis(1H-1,2,3-triazole-1,4-diylmethylene)]bis[(3aS)-2,2,7,7-tetramethyl-3abeta,5abeta,8abeta,8bbeta-tetrahydro-5H-bis[1,3]dioxolo[4,5-b:4',5'-d]pyran]	CC1(OC2COC3(C(C2O1)OC(O3)(C)C)CC4=CN(N=N4)CCOCCN5C=C(N=N5)CC67C(C8C(CO6)OC(O8)(C)C)OC(O7)(C)C)C	-0.1	102079543	PUBCHEM:(102079543)	2.0	727.305	542.0	9.04	8.492509862545239e+17	8.492505831944867e+17	8.492505831944867e+17	
388	CXBANIPOAQACAS	sirius	CC(C)(C)OC(=O)CCN(C)C(=O)C(CC1=CC=CC=C1)NC(=O)C(CCS(=O)C)NC(=O)C(CC2=CC=C(C=C2)OC(=O)OC)NC(=O)OC(C)(C)C																																																																																												1.0	1.0	0.018	0.018	-558.488	0.994	0.491	130.519	C38H54N4O11S	[M - H2O - H]-	C38H51N4O10S-	InChI=1S/C38H54N4O11S/c1-37(2,3)52-31(43)19-21-42(7)34(46)30(24-25-13-11-10-12-14-25)40-32(44)28(20-22-54(9)49)39-33(45)29(41-35(47)53-38(4,5)6)23-26-15-17-27(18-16-26)51-36(48)50-8/h10-18,28-30H,19-24H2,1-9H3,(H,39,45)(H,40,44)(H,41,47)	Boc-Tyr(CO2Me)-D-Met(O)-Phe-N(Me)bAla-OtBu	CC(C)(C)OC(=O)CCN(C)C(=O)C(CC1=CC=CC=C1)NC(=O)C(CCS(=O)C)NC(=O)C(CC2=CC=C(C=C2)OC(=O)OC)NC(=O)OC(C)(C)C	3.6	10919810	PUBCHEM:(10919810)	2.0	755.336	543.0	9.042	8.49251014360555e+17	8.492505832280411e+17	8.492505832280411e+17	
391	SJCYSDUSSWAFAK	sirius	CCCCCCCCCCCCCCCCCC(C(=O)NC(CO)C(C(C(CCCCCCCCCCC=CCCCCCCC)O)O)O)O																																																																																												1.0	2.0	0.081	0.081	-190.088	0.493	0.497	14.055	C43H85NO6	[M - H2O - H]-	C43H82NO5-	InChI=1S/C43H85NO6/c1-3-5-7-9-11-13-15-17-19-20-22-23-25-27-29-31-33-35-39(46)42(49)41(48)38(37-45)44-43(50)40(47)36-34-32-30-28-26-24-21-18-16-14-12-10-8-6-4-2/h15,17,38-42,45-49H,3-14,16,18-37H2,1-2H3,(H,44,50)	2-hydroxy-N-(1,3,4,5-tetrahydroxytetracos-16-en-2-yl)nonadecanamide	CCCCCCCCCCCCCCCCCC(C(=O)NC(CO)C(C(C(CCCCCCCCCCC=CCCCCCCC)O)O)O)O	14.3	163053504;163053505;102481044	COCONUT:(CNP0338340);SUPERNATURAL:(SN0346900);PUBCHEM:(163053504 163053505 102481044)	3145730.0	692.621	557.0	9.277	8.492507092459081e+17	8.492505833245102e+17	8.492505833245102e+17	
392	ZCUCZYYSYGKQQV	sirius	CCCCCCCCCCCCCCCCCCCCCCCC(=O)NC(CO)C(C=CCCC=CCCCCCCCCC)O																																																																																												1.0	1.0	0.072	0.164	-138.943	1.0	1.0	45.042	C42H81NO3	[M + Cl]-	C42H81ClNO3-	InChI=1S/C42H81NO3/c1-3-5-7-9-11-13-15-17-18-19-20-21-22-23-24-26-28-30-32-34-36-38-42(46)43-40(39-44)41(45)37-35-33-31-29-27-25-16-14-12-10-8-6-4-2/h27,29,35,37,40-41,44-45H,3-26,28,30-34,36,38-39H2,1-2H3,(H,43,46)		CCCCCCCCCCCCCCCCCCCCCCCC(=O)NC(CO)C(C=CCCC=CCCCCCCCCC)O	16.3	134783616;136212570;138311445;132994562	COCONUT:(CNP0477291);CHEBI:(157626 157628);SUPERNATURAL:(SN0466935);PUBCHEM:(134783616 136212570 138311445 132994562);PUBCHEMANNOTATIONDRUG:(null)	36700194.0	682.592	557.0	9.279	8.492506962519535e+17	8.492505833538703e+17	8.492505833538703e+17	
393	YNHOFJVPIPTQNZ	sirius	CC(=CC=CC(=CC=CC=C(C)C(=CC=C(C)C(=O)CC12C(CC(CC1(O2)C)O)(C)C)O)C)CC=C3C(CC(CC3(C)O)OC(=O)C)(C)C																																																																																												1.0	2.0	0.037	0.076	-302.674	0.084	0.158	7.286	C42H60O7	[M + Cl]-	C42H60ClO7-	InChI=1S/C42H60O7/c1-28(16-14-17-29(2)19-22-37-38(6,7)25-34(48-32(5)43)26-40(37,10)47)15-12-13-18-30(3)35(45)21-20-31(4)36(46)27-42-39(8,9)23-33(44)24-41(42,11)49-42/h12-18,20-22,33-34,44-45,47H,19,23-27H2,1-11H3	[(1S,3R)-3-hydroxy-4-[(3E,5E,7E,9E,11E,13Z,15E)-13-hydroxy-18-[(1S,4S,6R)-4-hydroxy-2,2,6-trimethyl-7-oxabicyclo[4.1.0]heptan-1-yl]-3,7,12,16-tetramethyl-17-oxooctadeca-3,5,7,9,11,13,15-heptaenylidene]-3,5,5-trimethylcyclohexyl] acetate	CC(=CC=CC(=CC=CC=C(C)C(=CC=C(C)C(=O)CC12C(CC(CC1(O2)C)O)(C)C)O)C)CC=C3C(CC(CC3(C)O)OC(=O)C)(C)C	8.2	154702507	PUBCHEMANNOTATIONBIO:(null);PUBCHEM:(154702507)	16777218.0	711.401	564.0	9.397	8.492507387234785e+17	8.492505833874248e+17	8.492505833874248e+17	
394	OQHXPWTXWRDMBN	sirius	CCC(C1CCN(CC1)C(=O)C2CCCCC2(C(=O)C3=CC=C(C=C3)CO)O)C4CCN(CC4)C(=O)C5CCCCC5(C(=O)C6=CC=C(C=C6)CO)O																																																																																												1.0	1.0	0.04	0.04	-584.323	1.0	0.49	82.912	C43H58N2O8	[M - H2O - H]-	C43H55N2O7-	InChI=1S/C43H58N2O8/c1-2-35(31-17-23-44(24-18-31)40(50)36-7-3-5-21-42(36,52)38(48)33-13-9-29(27-46)10-14-33)32-19-25-45(26-20-32)41(51)37-8-4-6-22-43(37,53)39(49)34-15-11-30(28-47)12-16-34/h9-16,31-32,35-37,46-47,52-53H,2-8,17-28H2,1H3	[4-[1-[1-[2-Hydroxy-2-[4-(hydroxymethyl)benzoyl]cyclohexanecarbonyl]piperidin-4-yl]propyl]piperidin-1-yl]-[2-hydroxy-2-[4-(hydroxymethyl)benzoyl]cyclohexyl]methanone	CCC(C1CCN(CC1)C(=O)C2CCCCC2(C(=O)C3=CC=C(C=C3)CO)O)C4CCN(CC4)C(=O)C5CCCCC5(C(=O)C6=CC=C(C=C6)CO)O	5.3	70899955	PUBCHEM:(70899955)	2.0	711.401	567.0	9.447	8.492509145822572e+17	8.492505834209792e+17	8.492505834209792e+17	
395	VZKOPSOGUBOUJU	sirius	CCCCCCCCCCCCCCCCCCCCCCCC(C(=O)NC(CO)C(C=CC(CCCCCCCCCCCC)O)O)O																																																																																												1.0	2.0	0.336	0.336	-182.507	0.486	0.5	16.365	C43H85NO5	[M - H]-	C43H84NO5-	InChI=1S/C43H85NO5/c1-3-5-7-9-11-13-15-16-17-18-19-20-21-22-23-24-25-27-29-31-33-35-42(48)43(49)44-40(38-45)41(47)37-36-39(46)34-32-30-28-26-14-12-10-8-6-4-2/h36-37,39-42,45-48H,3-35,38H2,1-2H3,(H,44,49)	N-(2-Hydroxypentacosanoyl)-6-hydroxysphingosine	CCCCCCCCCCCCCCCCCCCCCCCC(C(=O)NC(CO)C(C=CC(CCCCCCCCCCCC)O)O)O	15.5	100947579	LIPIDMAPS:(LMSP02010184);PUBCHEM:(100947579)	2147483650.0	694.637	579.0	9.65	8.492506975102449e+17	8.492505834545336e+17	8.492505834545336e+17	
398	FNCJJSFATNODMJ	sirius	CCC1C2(C(C(C(=O)C(CC(C(C(C(=O)C(C(=O)O1)C)C)OC3C(C(CC(O3)C)N(C)C)OC(=O)C)(C)OC)C)C)N(C(=O)O2)CC(=O)OCC4=CC=CC=C4)C																																																																																												1.0	2.0	0.409	0.409	-541.989	0.016	0.137	90.331	C42H62N2O13	[M - H2O - H]-	C42H59N2O12-	InChI=1S/C42H62N2O13/c1-13-31-42(9)36(44(40(50)57-42)21-32(46)52-22-29-17-15-14-16-18-29)25(4)33(47)23(2)20-41(8,51-12)37(26(5)34(48)27(6)38(49)55-31)56-39-35(54-28(7)45)30(43(10)11)19-24(3)53-39/h14-18,23-27,30-31,35-37,39H,13,19-22H2,1-12H3	benzyl 2-[(1S,2R,5R,7R,8R,9R,11R,13R,14R)-8-[(2S,3R,4S,6R)-3-acetyloxy-4-(dimethylamino)-6-methyloxan-2-yl]oxy-2-ethyl-9-methoxy-1,5,7,9,11,13-hexamethyl-4,6,12,16-tetraoxo-3,17-dioxa-15-azabicyclo[12.3.0]heptadecan-15-yl]acetate	CCC1C2(C(C(C(=O)C(CC(C(C(C(=O)C(C(=O)O1)C)C)OC3C(C(CC(O3)C)N(C)C)OC(=O)C)(C)OC)C)C)N(C(=O)O2)CC(=O)OCC4=CC=CC=C4)C	5.1	11994457	PUBCHEM:(11994457)	2.0	783.405	633.0	10.548	8.492510570921242e+17	8.492505835258368e+17	8.492505835258368e+17	
399	BDRWDQBSCACMRH	sirius	CCC(C)C1C(=O)NC(C(=O)NC(C(=O)NC(C(=O)NC(C(=O)NCC(=O)NC(C(=O)NC(C(=O)N1)C(C)C)C(C)C)CC2=CC=CC=C2)C(C)O)CC(=O)O)C																																																																																												1.0	1.0	0.159	0.159	-798.744	0.972	0.499	78.388	C38H58N8O11	[M - H2O - H]-	C38H55N8O10-	InChI=1S/C38H58N8O11/c1-9-20(6)30-37(56)40-21(7)32(51)41-25(16-27(49)50)34(53)46-31(22(8)47)38(57)42-24(15-23-13-11-10-12-14-23)33(52)39-17-26(48)43-28(18(2)3)35(54)44-29(19(4)5)36(55)45-30/h10-14,18-22,24-25,28-31,47H,9,15-17H2,1-8H3,(H,39,52)(H,40,56)(H,41,51)(H,42,57)(H,43,48)(H,44,54)(H,45,55)(H,46,53)(H,49,50)	cyclo[Ala-Asp-Thr-Phe-Gly-Val-Val-Ile]	CCC(C)C1C(=O)NC(C(=O)NC(C(=O)NC(C(=O)NC(C(=O)NCC(=O)NC(C(=O)NC(C(=O)N1)C(C)C)C(C)C)CC2=CC=CC=C2)C(C)O)CC(=O)O)C	1.5	155818561	PUBCHEMANNOTATIONBIO:(null);PUBCHEM:(155818561)	16777218.0	783.405	641.0	10.681	8.492510318843571e+17	8.492505835258368e+17	8.492505835258368e+17	
