#Scan#	SpectrumFile	Annotation	OrigAnnotation	Protein	dbIndex	numMods	matchOrientation	startMass	Charge	MQScore	p-value	isDecoy	StrictEnvelopeScore	UnstrictEvelopeScore	CompoundName	Organism	FileScanUniqueID	FDR	LibraryName	mzErrorPPM	LibMetaData	Smiles	Inchi	LibSearchSharedPeaks	Abundance	ParentMassDiff	SpecMZ	ExactMass	LibrarySpectrumID
836	spectra_filtered.mgf	*..*		:10702	11148	-1	0	415.212	1	0.99089	0	0	4896590.0	3026490.0	1-({[2-(2-furylmethyl)-5-methylpyrrolidinyl]amino}methylene)-7-[8-({[2-(2-fury lmethyl)pyrrolidinyl]amino}methylene)-1,6-dihydroxy-3-methyl-5-(methylethyl)-7 -oxo(2-naphthyl)]-3,8-dihydroxy-6-methyl-4-(methylethyl)naphthalen-2-one CollisionEnergy:102040 M+2H]	BERKELEY-LAB	temp/spectra_filtered.mgf836	-1	BERKELEY-LAB.mgf	1.02898				8	0	0.000427246	415.212	0	CCMSLIB00010113136
451	spectra_filtered.mgf	*..*		:10702	11148	-1	0	415.212	1	0.989903	0	0	4896590.0	15999400.0	1-({[2-(2-furylmethyl)-5-methylpyrrolidinyl]amino}methylene)-7-[8-({[2-(2-fury lmethyl)pyrrolidinyl]amino}methylene)-1,6-dihydroxy-3-methyl-5-(methylethyl)-7 -oxo(2-naphthyl)]-3,8-dihydroxy-6-methyl-4-(methylethyl)naphthalen-2-one CollisionEnergy:102040 M+2H]	BERKELEY-LAB	temp/spectra_filtered.mgf451	-1	BERKELEY-LAB.mgf	0.808487				7	0	0.000335693	415.212	0	CCMSLIB00010113136
1465	spectra_filtered.mgf	*..*		:1145	50386	-1	0	184.074	1	0.989333	0	0	99.2	1257560.0	PHOSPHOCHOLINE M	MONA	temp/spectra_filtered.mgf1465	-1	MONA.mgf	3.39869				6	0	0.00062561	184.073	0	CCMSLIB00006679415
6	spectra_filtered.mgf	*..*		:26	260	-1	0	138.055	1	0.987121	0	0	1625920.0	836319.0	TRIGONELLINE M+H	GNPS-MSMLS	temp/spectra_filtered.mgf6	-1	GNPS-MSMLS.mgf	0.331581				6	0	4.57764e-05	138.055	0	CCMSLIB00005464011
754	spectra_filtered.mgf	*..*		:10702	11148	-1	0	415.212	1	0.986357	0	0	4896590.0	3033260.0	1-({[2-(2-furylmethyl)-5-methylpyrrolidinyl]amino}methylene)-7-[8-({[2-(2-fury lmethyl)pyrrolidinyl]amino}methylene)-1,6-dihydroxy-3-methyl-5-(methylethyl)-7 -oxo(2-naphthyl)]-3,8-dihydroxy-6-methyl-4-(methylethyl)naphthalen-2-one CollisionEnergy:102040 M+2H]	BERKELEY-LAB	temp/spectra_filtered.mgf754	-1	BERKELEY-LAB.mgf	1.46998				9	0	0.000610352	415.211	0	CCMSLIB00010113136
1471	spectra_filtered.mgf	*..*		:10702	11148	-1	0	415.212	1	0.984839	0	0	4896590.0	4455550.0	1-({[2-(2-furylmethyl)-5-methylpyrrolidinyl]amino}methylene)-7-[8-({[2-(2-fury lmethyl)pyrrolidinyl]amino}methylene)-1,6-dihydroxy-3-methyl-5-(methylethyl)-7 -oxo(2-naphthyl)]-3,8-dihydroxy-6-methyl-4-(methylethyl)naphthalen-2-one CollisionEnergy:102040 M+2H]	BERKELEY-LAB	temp/spectra_filtered.mgf1471	-1	BERKELEY-LAB.mgf	1.02898				7	0	0.000427246	415.212	0	CCMSLIB00010113136
1006	spectra_filtered.mgf	*..*		:10702	11148	-1	0	415.212	1	0.98381	0	0	4896590.0	2770530.0	1-({[2-(2-furylmethyl)-5-methylpyrrolidinyl]amino}methylene)-7-[8-({[2-(2-fury lmethyl)pyrrolidinyl]amino}methylene)-1,6-dihydroxy-3-methyl-5-(methylethyl)-7 -oxo(2-naphthyl)]-3,8-dihydroxy-6-methyl-4-(methylethyl)naphthalen-2-one CollisionEnergy:102040 M+2H]	BERKELEY-LAB	temp/spectra_filtered.mgf1006	-1	BERKELEY-LAB.mgf	1.02898				7	0	0.000427246	415.212	0	CCMSLIB00010113136
1867	spectra_filtered.mgf	*..*		:2483	2100	-1	0	732.553	1	0.983768	0	0	127845000.0	8062910.0	Spectral Match to 1-(9Z-Octadecenoyl)-2-tetradecanoyl-sn-glycero-3-phosphocholine from NIST14 M+H	GNPS-NIST14-MATCHES	temp/spectra_filtered.mgf1867	-1	GNPS-NIST14-MATCHES.mgf	1456.16				8	0	1.06671	733.62	0	CCMSLIB00003136587
1575	spectra_filtered.mgf	*..*		:755	1201	-1	0	731.606	1	0.983279	0	0	33576000.0	9973370.0	Sphingomyelin (d18:1/18:0) CollisionEnergy:102040 M	BERKELEY-LAB	temp/spectra_filtered.mgf1575	-1	BERKELEY-LAB.mgf	1458.96				8	0	1.06738	730.539	0	CCMSLIB00010103189
1288	spectra_filtered.mgf	*..*		:10702	11148	-1	0	415.212	1	0.983167	0	0	4896590.0	3479610.0	1-({[2-(2-furylmethyl)-5-methylpyrrolidinyl]amino}methylene)-7-[8-({[2-(2-fury lmethyl)pyrrolidinyl]amino}methylene)-1,6-dihydroxy-3-methyl-5-(methylethyl)-7 -oxo(2-naphthyl)]-3,8-dihydroxy-6-methyl-4-(methylethyl)naphthalen-2-one CollisionEnergy:102040 M+2H]	BERKELEY-LAB	temp/spectra_filtered.mgf1288	-1	BERKELEY-LAB.mgf	1.02898				7	0	0.000427246	415.212	0	CCMSLIB00010113136
1510	spectra_filtered.mgf	*..*		:10702	11148	-1	0	415.212	1	0.982857	0	0	4896590.0	5136510.0	1-({[2-(2-furylmethyl)-5-methylpyrrolidinyl]amino}methylene)-7-[8-({[2-(2-fury lmethyl)pyrrolidinyl]amino}methylene)-1,6-dihydroxy-3-methyl-5-(methylethyl)-7 -oxo(2-naphthyl)]-3,8-dihydroxy-6-methyl-4-(methylethyl)naphthalen-2-one CollisionEnergy:102040 M+2H]	BERKELEY-LAB	temp/spectra_filtered.mgf1510	-1	BERKELEY-LAB.mgf	1.10248				7	0	0.000457764	415.212	0	CCMSLIB00010113136
2084	spectra_filtered.mgf	*..*		:755	1201	-1	0	731.606	1	0.981804	0	0	33576000.0	9971940.0	Sphingomyelin (d18:1/18:0) CollisionEnergy:102040 M	BERKELEY-LAB	temp/spectra_filtered.mgf2084	-1	BERKELEY-LAB.mgf	1345.67				8	0	0.984497	732.591	0	CCMSLIB00010103189
813	spectra_filtered.mgf	*..*		:10702	11148	-1	0	415.212	1	0.981376	0	0	4896590.0	6758050.0	1-({[2-(2-furylmethyl)-5-methylpyrrolidinyl]amino}methylene)-7-[8-({[2-(2-fury lmethyl)pyrrolidinyl]amino}methylene)-1,6-dihydroxy-3-methyl-5-(methylethyl)-7 -oxo(2-naphthyl)]-3,8-dihydroxy-6-methyl-4-(methylethyl)naphthalen-2-one CollisionEnergy:102040 M+2H]	BERKELEY-LAB	temp/spectra_filtered.mgf813	-1	BERKELEY-LAB.mgf	1.02898				7	0	0.000427246	415.212	0	CCMSLIB00010113136
1435	spectra_filtered.mgf	*..*		:10702	11148	-1	0	415.212	1	0.981259	0	0	4896590.0	4001960.0	1-({[2-(2-furylmethyl)-5-methylpyrrolidinyl]amino}methylene)-7-[8-({[2-(2-fury lmethyl)pyrrolidinyl]amino}methylene)-1,6-dihydroxy-3-methyl-5-(methylethyl)-7 -oxo(2-naphthyl)]-3,8-dihydroxy-6-methyl-4-(methylethyl)naphthalen-2-one CollisionEnergy:102040 M+2H]	BERKELEY-LAB	temp/spectra_filtered.mgf1435	-1	BERKELEY-LAB.mgf	1.10248				6	0	0.000457764	415.212	0	CCMSLIB00010113136
1064	spectra_filtered.mgf	*..*		:10702	11148	-1	0	415.212	1	0.98068	0	0	4896590.0	5408090.0	1-({[2-(2-furylmethyl)-5-methylpyrrolidinyl]amino}methylene)-7-[8-({[2-(2-fury lmethyl)pyrrolidinyl]amino}methylene)-1,6-dihydroxy-3-methyl-5-(methylethyl)-7 -oxo(2-naphthyl)]-3,8-dihydroxy-6-methyl-4-(methylethyl)naphthalen-2-one CollisionEnergy:102040 M+2H]	BERKELEY-LAB	temp/spectra_filtered.mgf1064	-1	BERKELEY-LAB.mgf	1.02898				7	0	0.000427246	415.212	0	CCMSLIB00010113136
232	spectra_filtered.mgf	*..*		:10702	11148	-1	0	415.212	1	0.980379	0	0	4896590.0	539102000.0	1-({[2-(2-furylmethyl)-5-methylpyrrolidinyl]amino}methylene)-7-[8-({[2-(2-fury lmethyl)pyrrolidinyl]amino}methylene)-1,6-dihydroxy-3-methyl-5-(methylethyl)-7 -oxo(2-naphthyl)]-3,8-dihydroxy-6-methyl-4-(methylethyl)naphthalen-2-one CollisionEnergy:102040 M+2H]	BERKELEY-LAB	temp/spectra_filtered.mgf232	-1	BERKELEY-LAB.mgf	0.514491				7	0	0.000213623	415.212	0	CCMSLIB00010113136
885	spectra_filtered.mgf	*..*		:10702	11148	-1	0	415.212	1	0.980349	0	0	4896590.0	16611400.0	1-({[2-(2-furylmethyl)-5-methylpyrrolidinyl]amino}methylene)-7-[8-({[2-(2-fury lmethyl)pyrrolidinyl]amino}methylene)-1,6-dihydroxy-3-methyl-5-(methylethyl)-7 -oxo(2-naphthyl)]-3,8-dihydroxy-6-methyl-4-(methylethyl)naphthalen-2-one CollisionEnergy:102040 M+2H]	BERKELEY-LAB	temp/spectra_filtered.mgf885	-1	BERKELEY-LAB.mgf	1.02898				6	0	0.000427246	415.212	0	CCMSLIB00010113136
680	spectra_filtered.mgf	*..*		:10702	11148	-1	0	415.212	1	0.980272	0	0	4896590.0	5319610.0	1-({[2-(2-furylmethyl)-5-methylpyrrolidinyl]amino}methylene)-7-[8-({[2-(2-fury lmethyl)pyrrolidinyl]amino}methylene)-1,6-dihydroxy-3-methyl-5-(methylethyl)-7 -oxo(2-naphthyl)]-3,8-dihydroxy-6-methyl-4-(methylethyl)naphthalen-2-one CollisionEnergy:102040 M+2H]	BERKELEY-LAB	temp/spectra_filtered.mgf680	-1	BERKELEY-LAB.mgf	1.02898				7	0	0.000427246	415.212	0	CCMSLIB00010113136
1212	spectra_filtered.mgf	*..*		:10702	11148	-1	0	415.212	1	0.980029	0	0	4896590.0	5004460.0	1-({[2-(2-furylmethyl)-5-methylpyrrolidinyl]amino}methylene)-7-[8-({[2-(2-fury lmethyl)pyrrolidinyl]amino}methylene)-1,6-dihydroxy-3-methyl-5-(methylethyl)-7 -oxo(2-naphthyl)]-3,8-dihydroxy-6-methyl-4-(methylethyl)naphthalen-2-one CollisionEnergy:102040 M+2H]	BERKELEY-LAB	temp/spectra_filtered.mgf1212	-1	BERKELEY-LAB.mgf	1.17598				7	0	0.000488281	415.212	0	CCMSLIB00010113136
650	spectra_filtered.mgf	*..*		:10702	11148	-1	0	415.212	1	0.980022	0	0	4896590.0	7332950.0	1-({[2-(2-furylmethyl)-5-methylpyrrolidinyl]amino}methylene)-7-[8-({[2-(2-fury lmethyl)pyrrolidinyl]amino}methylene)-1,6-dihydroxy-3-methyl-5-(methylethyl)-7 -oxo(2-naphthyl)]-3,8-dihydroxy-6-methyl-4-(methylethyl)naphthalen-2-one CollisionEnergy:102040 M+2H]	BERKELEY-LAB	temp/spectra_filtered.mgf650	-1	BERKELEY-LAB.mgf	1.10248				6	0	0.000457764	415.212	0	CCMSLIB00010113136
1554	spectra_filtered.mgf	*..*		:10702	11148	-1	0	415.212	1	0.979173	0	0	4896590.0	11755800.0	1-({[2-(2-furylmethyl)-5-methylpyrrolidinyl]amino}methylene)-7-[8-({[2-(2-fury lmethyl)pyrrolidinyl]amino}methylene)-1,6-dihydroxy-3-methyl-5-(methylethyl)-7 -oxo(2-naphthyl)]-3,8-dihydroxy-6-methyl-4-(methylethyl)naphthalen-2-one CollisionEnergy:102040 M+2H]	BERKELEY-LAB	temp/spectra_filtered.mgf1554	-1	BERKELEY-LAB.mgf	1.02898				7	0	0.000427246	415.212	0	CCMSLIB00010113136
1747	spectra_filtered.mgf	*..*		:755	1201	-1	0	731.606	1	0.979001	0	0	33576000.0	11629000.0	Sphingomyelin (d18:1/18:0) CollisionEnergy:102040 M	BERKELEY-LAB	temp/spectra_filtered.mgf1747	-1	BERKELEY-LAB.mgf	2.50279				9	0	0.00183105	731.608	0	CCMSLIB00010103189
970	spectra_filtered.mgf	*..*		:10702	11148	-1	0	415.212	1	0.978628	0	0	4896590.0	3414370.0	1-({[2-(2-furylmethyl)-5-methylpyrrolidinyl]amino}methylene)-7-[8-({[2-(2-fury lmethyl)pyrrolidinyl]amino}methylene)-1,6-dihydroxy-3-methyl-5-(methylethyl)-7 -oxo(2-naphthyl)]-3,8-dihydroxy-6-methyl-4-(methylethyl)naphthalen-2-one CollisionEnergy:102040 M+2H]	BERKELEY-LAB	temp/spectra_filtered.mgf970	-1	BERKELEY-LAB.mgf	0.955484				6	0	0.000396729	415.212	0	CCMSLIB00010113136
1780	spectra_filtered.mgf	*..*		:2493	1621	-1	0	734.568	1	0.97833	0	0	50631400.0	2761680.0	Spectral Match to 1-Stearoyl-2-myristoyl-sn-glycero-3-phosphocholine from NIST14 M+H	GNPS-NIST14-MATCHES	temp/spectra_filtered.mgf1780	-1	GNPS-NIST14-MATCHES.mgf	1376.38				11	0	1.01105	733.557	0	CCMSLIB00003136108
1871	spectra_filtered.mgf	*..*		:2493	1621	-1	0	734.568	1	0.978038	0	0	50631400.0	3103240.0	Spectral Match to 1-Stearoyl-2-myristoyl-sn-glycero-3-phosphocholine from NIST14 M+H	GNPS-NIST14-MATCHES	temp/spectra_filtered.mgf1871	-1	GNPS-NIST14-MATCHES.mgf	76.9412				12	0	0.0565186	734.625	0	CCMSLIB00003136108
2396	spectra_filtered.mgf	*..*		:2357	957	-1	0	815.7	1	0.977798	0	0	1473320.0	13126700.0	Spectral Match to N-Tetracosanoyl-4-sphingenyl-1-O-phosphorylcholine from NIST14 M+H	GNPS-NIST14-MATCHES	temp/spectra_filtered.mgf2396	-1	GNPS-NIST14-MATCHES.mgf	78.7912				10	0	0.06427	815.636	0	CCMSLIB00003135443
1466	spectra_filtered.mgf	*..*		:2488	931	-1	0	706.537	1	0.976641	0	0	7437560.0	3009560.0	Spectral Match to 1-Myristoyl-2-palmitoyl-sn-glycero-3-phosphocholine from NIST14 M+H	GNPS-NIST14-MATCHES	temp/spectra_filtered.mgf1466	-1	GNPS-NIST14-MATCHES.mgf	2773.09				9	0	1.95929	704.578	0	CCMSLIB00003135417
1118	spectra_filtered.mgf	*..*		:10702	11148	-1	0	415.212	1	0.975494	0	0	4896590.0	1812060.0	1-({[2-(2-furylmethyl)-5-methylpyrrolidinyl]amino}methylene)-7-[8-({[2-(2-fury lmethyl)pyrrolidinyl]amino}methylene)-1,6-dihydroxy-3-methyl-5-(methylethyl)-7 -oxo(2-naphthyl)]-3,8-dihydroxy-6-methyl-4-(methylethyl)naphthalen-2-one CollisionEnergy:102040 M+2H]	BERKELEY-LAB	temp/spectra_filtered.mgf1118	-1	BERKELEY-LAB.mgf	1.10248				6	0	0.000457764	415.212	0	CCMSLIB00010113136
1752	spectra_filtered.mgf	*..*		:755	1201	-1	0	731.606	1	0.975178	0	0	33576000.0	46614300.0	Sphingomyelin (d18:1/18:0) CollisionEnergy:102040 M	BERKELEY-LAB	temp/spectra_filtered.mgf1752	-1	BERKELEY-LAB.mgf	1369.78				8	0	1.00214	732.608	0	CCMSLIB00010103189
1541	spectra_filtered.mgf	*..*		:2488	931	-1	0	706.537	1	0.974876	0	0	7437560.0	2455590.0	Spectral Match to 1-Myristoyl-2-palmitoyl-sn-glycero-3-phosphocholine from NIST14 M+H	GNPS-NIST14-MATCHES	temp/spectra_filtered.mgf1541	-1	GNPS-NIST14-MATCHES.mgf	80.5985				10	0	0.0569458	706.594	0	CCMSLIB00003135417
1637	spectra_filtered.mgf	*..*		:2488	931	-1	0	706.537	1	0.974085	0	0	7437560.0	8825950.0	Spectral Match to 1-Myristoyl-2-palmitoyl-sn-glycero-3-phosphocholine from NIST14 M+H	GNPS-NIST14-MATCHES	temp/spectra_filtered.mgf1637	-1	GNPS-NIST14-MATCHES.mgf	1338.82				10	0	0.945923	705.591	0	CCMSLIB00003135417
1799	spectra_filtered.mgf	*..*		:755	1201	-1	0	731.606	1	0.973913	0	0	33576000.0	48165100.0	Sphingomyelin (d18:1/18:0) CollisionEnergy:102040 M	BERKELEY-LAB	temp/spectra_filtered.mgf1799	-1	BERKELEY-LAB.mgf	1296.69				8	0	0.948669	732.555	0	CCMSLIB00010103189
1661	spectra_filtered.mgf	*..*		:755	1201	-1	0	731.606	1	0.973384	0	0	33576000.0	25220300.0	Sphingomyelin (d18:1/18:0) CollisionEnergy:102040 M	BERKELEY-LAB	temp/spectra_filtered.mgf1661	-1	BERKELEY-LAB.mgf	1459.38				8	0	1.06769	730.538	0	CCMSLIB00010103189
2083	spectra_filtered.mgf	*..*		:2483	2100	-1	0	732.553	1	0.972276	0	0	127845000.0	4328150.0	Spectral Match to 1-(9Z-Octadecenoyl)-2-tetradecanoyl-sn-glycero-3-phosphocholine from NIST14 M+H	GNPS-NIST14-MATCHES	temp/spectra_filtered.mgf2083	-1	GNPS-NIST14-MATCHES.mgf	1421.16				9	0	1.04108	733.594	0	CCMSLIB00003136587
2062	spectra_filtered.mgf	*..*		:1145	50386	-1	0	184.074	1	0.971725	0	0	99.2	1433930.0	PHOSPHOCHOLINE M	MONA	temp/spectra_filtered.mgf2062	-1	MONA.mgf	3.64737				6	0	0.000671387	184.073	0	CCMSLIB00006679415
1828	spectra_filtered.mgf	*..*		:26	540	-1	0	184.073	0	0.970556	0	0	2920060.0	544433.0	PHOSPHORYLCHOLINE M+H	GNPS-MSMLS	temp/spectra_filtered.mgf1828	-1	GNPS-MSMLS.mgf	1.98949				6	0	0.000366211	184.073	0	CCMSLIB00005464291
2056	spectra_filtered.mgf	*..*		:755	1201	-1	0	731.606	1	0.970502	0	0	33576000.0	3471320.0	Sphingomyelin (d18:1/18:0) CollisionEnergy:102040 M	BERKELEY-LAB	temp/spectra_filtered.mgf2056	-1	BERKELEY-LAB.mgf	1408.65				8	0	1.03058	730.575	0	CCMSLIB00010103189
2030	spectra_filtered.mgf	*..*		:2572	3351	-1	0	746.574	1	0.970341	0	0	2883830.0	3866520.0	Spectral Match to 1-Hexadecyl-2-(9Z-octadecenoyl)-sn-glycero-3-phosphocholine from NIST14 M+H	GNPS-NIST14-MATCHES	temp/spectra_filtered.mgf2030	-1	GNPS-NIST14-MATCHES.mgf	1312.8				9	0	0.980103	745.594	0	CCMSLIB00003137838
1753	spectra_filtered.mgf	*..*		:755	1201	-1	0	731.606	1	0.969964	0	0	33576000.0	275131000.0	Sphingomyelin (d18:1/18:0) CollisionEnergy:102040 M	BERKELEY-LAB	temp/spectra_filtered.mgf1753	-1	BERKELEY-LAB.mgf	1296.69				8	0	0.948669	732.555	0	CCMSLIB00010103189
472	spectra_filtered.mgf	*..*		:3997	4588	-1	0	524.367	1	0.969497	0	0	2611660.0	1594570.0	Spectral Match to 1-Stearoyl-2-hydroxy-sn-glycero-3-phosphocholine from NIST14 M+H	GNPS-NIST14-MATCHES	temp/spectra_filtered.mgf472	-1	GNPS-NIST14-MATCHES.mgf	9.07903				10	0	0.00476074	524.372	0	CCMSLIB00003139075
1903	spectra_filtered.mgf	*..*		:2572	3351	-1	0	746.574	1	0.969309	0	0	2883830.0	4300080.0	Spectral Match to 1-Hexadecyl-2-(9Z-octadecenoyl)-sn-glycero-3-phosphocholine from NIST14 M+H	GNPS-NIST14-MATCHES	temp/spectra_filtered.mgf1903	-1	GNPS-NIST14-MATCHES.mgf	1338.55				10	0	0.999329	747.573	0	CCMSLIB00003137838
1542	spectra_filtered.mgf	*..*		:2488	931	-1	0	706.537	1	0.968284	0	0	7437560.0	43225500.0	Spectral Match to 1-Myristoyl-2-palmitoyl-sn-glycero-3-phosphocholine from NIST14 M+H	GNPS-NIST14-MATCHES	temp/spectra_filtered.mgf1542	-1	GNPS-NIST14-MATCHES.mgf	1339.59				9	0	0.946472	705.591	0	CCMSLIB00003135417
2089	spectra_filtered.mgf	*..*		:1742	5663	-1	0	758.567	1	0.968196	0	0	1093110.0	9500840.0	Spectral Match to 1-Hexadecanoyl-2-octadecadienoyl-sn-glycero-3-phosphocholine from NIST14 M+H	GNPS-NIST14-MATCHES	temp/spectra_filtered.mgf2089	-1	GNPS-NIST14-MATCHES.mgf	1414.02				6	0	1.07263	759.64	0	CCMSLIB00003140150
1986	spectra_filtered.mgf	*..*		:2488	931	-1	0	706.537	1	0.967266	0	0	7437560.0	3811280.0	Spectral Match to 1-Myristoyl-2-palmitoyl-sn-glycero-3-phosphocholine from NIST14 M+H	GNPS-NIST14-MATCHES	temp/spectra_filtered.mgf1986	-1	GNPS-NIST14-MATCHES.mgf	2799.61				8	0	1.97803	704.559	0	CCMSLIB00003135417
1484	spectra_filtered.mgf	*..*		:6670	7116	-1	0	391.284	1	0.966917	0	0	91935400.0	16265300.0	DEHP CollisionEnergy:102040 M+H	BERKELEY-LAB	temp/spectra_filtered.mgf1484	-1	BERKELEY-LAB.mgf	0.779934				6	0	0.000305176	391.284	0	CCMSLIB00010109104
2277	spectra_filtered.mgf	*..*		:755	1201	-1	0	731.606	1	0.966331	0	0	33576000.0	2838270.0	Sphingomyelin (d18:1/18:0) CollisionEnergy:102040 M	BERKELEY-LAB	temp/spectra_filtered.mgf2277	-1	BERKELEY-LAB.mgf	1345.92				7	0	0.98468	732.591	0	CCMSLIB00010103189
1434	spectra_filtered.mgf	*..*		:3612	5001	-1	0	678.507	1	0.965371	0	0	1013880.0	5698060.0	Spectral Match to 1,2-Ditetradecanoyl-sn-glycero-3-phosphocholine from NIST14 M+H	GNPS-NIST14-MATCHES	temp/spectra_filtered.mgf1434	-1	GNPS-NIST14-MATCHES.mgf	0.35982				6	0	0.000244141	678.507	0	CCMSLIB00003139488
1651	spectra_filtered.mgf	*..*		:3265	4650	-1	0	706.538	1	0.965187	0	0	922457.0	31508600.0	Spectral Match to 1,2-Dipentadecanoyl-sn-glycero-3-phosphocholine from NIST14 M+H	GNPS-NIST14-MATCHES	temp/spectra_filtered.mgf1651	-1	GNPS-NIST14-MATCHES.mgf	78.0068				7	0	0.0551147	706.593	0	CCMSLIB00003139137
2404	spectra_filtered.mgf	*..*		:8438	1178	-1	0	813.683	1	0.964933	0	0	690238.0	33259700.0	Spectral Match to N-Tetracosenoyl-4-sphingenyl-1-O-phosphorylcholine from NIST14 M+H	GNPS-NIST14-MATCHES	temp/spectra_filtered.mgf2404	-1	GNPS-NIST14-MATCHES.mgf	1168.15				6	0	0.9505	814.633	0	CCMSLIB00003135664
2458	spectra_filtered.mgf	*..*		:8438	1178	-1	0	813.683	1	0.964305	0	0	690238.0	16682600.0	Spectral Match to N-Tetracosenoyl-4-sphingenyl-1-O-phosphorylcholine from NIST14 M+H	GNPS-NIST14-MATCHES	temp/spectra_filtered.mgf2458	-1	GNPS-NIST14-MATCHES.mgf	1234.31				6	0	1.00433	814.687	0	CCMSLIB00003135664
2244	spectra_filtered.mgf	*..*		:2572	3351	-1	0	746.574	1	0.964205	0	0	2883830.0	142907000.0	Spectral Match to 1-Hexadecyl-2-(9Z-octadecenoyl)-sn-glycero-3-phosphocholine from NIST14 M+H	GNPS-NIST14-MATCHES	temp/spectra_filtered.mgf2244	-1	GNPS-NIST14-MATCHES.mgf	42.8389				7	0	0.0319824	746.606	0	CCMSLIB00003137838
2259	spectra_filtered.mgf	*..*		:8438	1178	-1	0	813.683	1	0.9641	0	0	690238.0	10934800.0	Spectral Match to N-Tetracosenoyl-4-sphingenyl-1-O-phosphorylcholine from NIST14 M+H	GNPS-NIST14-MATCHES	temp/spectra_filtered.mgf2259	-1	GNPS-NIST14-MATCHES.mgf	1310.82				6	0	1.06659	812.616	0	CCMSLIB00003135664
2313	spectra_filtered.mgf	*..*		:2501	85	-1	0	772.586	1	0.963856	0	0	12134500.0	25468700.0	Spectral Match to 1-(1Z-Octadecenyl)-2-(9Z-octadecenoyl)-sn-glycero-3-phosphocholine from NIST14 M+H	GNPS-NIST14-MATCHES	temp/spectra_filtered.mgf2313	-1	GNPS-NIST14-MATCHES.mgf	45.5836				9	0	0.0352173	772.621	0	CCMSLIB00003134571
2231	spectra_filtered.mgf	*..*		:8438	1178	-1	0	813.683	1	0.962826	0	0	690238.0	21259300.0	Spectral Match to N-Tetracosenoyl-4-sphingenyl-1-O-phosphorylcholine from NIST14 M+H	GNPS-NIST14-MATCHES	temp/spectra_filtered.mgf2231	-1	GNPS-NIST14-MATCHES.mgf	1310.97				6	0	1.06671	812.616	0	CCMSLIB00003135664
2215	spectra_filtered.mgf	*..*		:2572	3351	-1	0	746.574	1	0.962372	0	0	2883830.0	66951300.0	Spectral Match to 1-Hexadecyl-2-(9Z-octadecenoyl)-sn-glycero-3-phosphocholine from NIST14 M+H	GNPS-NIST14-MATCHES	temp/spectra_filtered.mgf2215	-1	GNPS-NIST14-MATCHES.mgf	2655.52				8	0	1.98254	744.591	0	CCMSLIB00003137838
1847	spectra_filtered.mgf	*..*		:1742	5663	-1	0	758.567	1	0.962218	0	0	1093110.0	182530000.0	Spectral Match to 1-Hexadecanoyl-2-octadecadienoyl-sn-glycero-3-phosphocholine from NIST14 M+H	GNPS-NIST14-MATCHES	temp/spectra_filtered.mgf1847	-1	GNPS-NIST14-MATCHES.mgf	4.18398				7	0	0.00317383	758.57	0	CCMSLIB00003140150
2407	spectra_filtered.mgf	*..*		:2380	110	-1	0	788.612	1	0.961678	0	0	577352.0	12418900.0	Spectral Match to 1-Octadecanoyl-2-octadecenoyl-sn-glycero-3-phosphocholine from NIST14 M+H	GNPS-NIST14-MATCHES	temp/spectra_filtered.mgf2407	-1	GNPS-NIST14-MATCHES.mgf	1347.3				7	0	1.0625	789.674	0	CCMSLIB00003134596
2046	spectra_filtered.mgf	*..*		:3265	4650	-1	0	706.538	1	0.96153	0	0	922457.0	3122610.0	Spectral Match to 1,2-Dipentadecanoyl-sn-glycero-3-phosphocholine from NIST14 M+H	GNPS-NIST14-MATCHES	temp/spectra_filtered.mgf2046	-1	GNPS-NIST14-MATCHES.mgf	51.8317				7	0	0.0366211	706.575	0	CCMSLIB00003139137
2216	spectra_filtered.mgf	*..*		:8438	1178	-1	0	813.683	1	0.961066	0	0	690238.0	22443300.0	Spectral Match to N-Tetracosenoyl-4-sphingenyl-1-O-phosphorylcholine from NIST14 M+H	GNPS-NIST14-MATCHES	temp/spectra_filtered.mgf2216	-1	GNPS-NIST14-MATCHES.mgf	1243.68				6	0	1.01196	812.671	0	CCMSLIB00003135664
1932	spectra_filtered.mgf	*..*		:2626	5749	-1	0	784.584	1	0.960698	0	0	25358800.0	65143400.0	Spectral Match to Arachidonoylthio-PC from NIST14 M+H	GNPS-NIST14-MATCHES	temp/spectra_filtered.mgf1932	-1	GNPS-NIST14-MATCHES.mgf	1.71145				6	0	0.00134277	784.585	0	CCMSLIB00003140236
2150	spectra_filtered.mgf	*..*		:8144	2056	-1	0	786.599	1	0.960499	0	0	3596160.0	8164150.0	Spectral Match to 1-Stearoyl-2-linoleoyl-sn-glycero-3-phosphocholine from NIST14 M+H	GNPS-NIST14-MATCHES	temp/spectra_filtered.mgf2150	-1	GNPS-NIST14-MATCHES.mgf	1200.92				6	0	0.944641	785.654	0	CCMSLIB00003136543
2033	spectra_filtered.mgf	*..*		:2572	3351	-1	0	746.574	1	0.960235	0	0	2883830.0	29953100.0	Spectral Match to 1-Hexadecyl-2-(9Z-octadecenoyl)-sn-glycero-3-phosphocholine from NIST14 M+H	GNPS-NIST14-MATCHES	temp/spectra_filtered.mgf2033	-1	GNPS-NIST14-MATCHES.mgf	2656.99				8	0	1.98364	744.59	0	CCMSLIB00003137838
2284	spectra_filtered.mgf	*..*		:2572	3351	-1	0	746.574	1	0.959499	0	0	2883830.0	37108900.0	Spectral Match to 1-Hexadecyl-2-(9Z-octadecenoyl)-sn-glycero-3-phosphocholine from NIST14 M+H	GNPS-NIST14-MATCHES	temp/spectra_filtered.mgf2284	-1	GNPS-NIST14-MATCHES.mgf	1338.96				9	0	0.999634	747.574	0	CCMSLIB00003137838
2273	spectra_filtered.mgf	*..*		:2501	85	-1	0	772.586	1	0.959324	0	0	12134500.0	22495200.0	Spectral Match to 1-(1Z-Octadecenyl)-2-(9Z-octadecenoyl)-sn-glycero-3-phosphocholine from NIST14 M+H	GNPS-NIST14-MATCHES	temp/spectra_filtered.mgf2273	-1	GNPS-NIST14-MATCHES.mgf	2563.19				10	0	1.98029	770.606	0	CCMSLIB00003134571
2211	spectra_filtered.mgf	*..*		:2431	285	-1	0	746.588	1	0.958628	0	0	1918220.0	13325600.0	Spectral Match to 1-Hexadecyl-2-(9Z-octadecenoyl)-sn-glycero-3-phosphocholine from NIST14 M+H	GNPS-NIST14-MATCHES	temp/spectra_filtered.mgf2211	-1	GNPS-NIST14-MATCHES.mgf	1330.43				8	0	0.993286	745.595	0	CCMSLIB00003134771
2014	spectra_filtered.mgf	*..*		:3265	4650	-1	0	706.538	1	0.958574	0	0	922457.0	7429860.0	Spectral Match to 1,2-Dipentadecanoyl-sn-glycero-3-phosphocholine from NIST14 M+H	GNPS-NIST14-MATCHES	temp/spectra_filtered.mgf2014	-1	GNPS-NIST14-MATCHES.mgf	51.9181				8	0	0.0366821	706.575	0	CCMSLIB00003139137
2428	spectra_filtered.mgf	*..*		:8438	1178	-1	0	813.683	1	0.958499	0	0	690238.0	26999000.0	Spectral Match to N-Tetracosenoyl-4-sphingenyl-1-O-phosphorylcholine from NIST14 M+H	GNPS-NIST14-MATCHES	temp/spectra_filtered.mgf2428	-1	GNPS-NIST14-MATCHES.mgf	1234.31				6	0	1.00433	814.687	0	CCMSLIB00003135664
2324	spectra_filtered.mgf	*..*		:2493	1621	-1	0	734.568	1	0.958387	0	0	50631400.0	3436760.0	Spectral Match to 1-Stearoyl-2-myristoyl-sn-glycero-3-phosphocholine from NIST14 M+H	GNPS-NIST14-MATCHES	temp/spectra_filtered.mgf2324	-1	GNPS-NIST14-MATCHES.mgf	52.0143				7	0	0.038208	734.606	0	CCMSLIB00003136108
866	spectra_filtered.mgf	*..*		:6722	6722	-1	0	315.253	1	0.957996	0	0	1291320000.0	6119480.0	VS1150000 - 40.0 eV M+H	BIRMINGHAM-UHPLC-MS-POS	temp/spectra_filtered.mgf866	-1	BIRMINGHAM-UHPLC-MS-POS.mgf	0.29041				12	0	9.15527e-05	315.253	0	CCMSLIB00006124110
2342	spectra_filtered.mgf	*..*		:9364	1549	-1	0	758.569	1	0.957836	0	0	2837850.0	4230780.0	Spectral Match to 1-Palmitoyl-2-linoleoyl-sn-glycero-3-phosphocholine from NIST14 M+H	GNPS-NIST14-MATCHES	temp/spectra_filtered.mgf2342	-1	GNPS-NIST14-MATCHES.mgf	49.403				6	0	0.0374756	758.606	0	CCMSLIB00003136036
2344	spectra_filtered.mgf	*..*		:2380	110	-1	0	788.612	1	0.957665	0	0	577352.0	9611270.0	Spectral Match to 1-Octadecanoyl-2-octadecenoyl-sn-glycero-3-phosphocholine from NIST14 M+H	GNPS-NIST14-MATCHES	temp/spectra_filtered.mgf2344	-1	GNPS-NIST14-MATCHES.mgf	1278.19				7	0	1.008	789.62	0	CCMSLIB00003134596
2157	spectra_filtered.mgf	*..*		:1742	5663	-1	0	758.567	1	0.957397	0	0	1093110.0	2825570.0	Spectral Match to 1-Hexadecanoyl-2-octadecadienoyl-sn-glycero-3-phosphocholine from NIST14 M+H	GNPS-NIST14-MATCHES	temp/spectra_filtered.mgf2157	-1	GNPS-NIST14-MATCHES.mgf	51.2537				6	0	0.0388794	758.606	0	CCMSLIB00003140150
1352	spectra_filtered.mgf	*..*		:34	145	-1	0	415.282	1	0.957331	0	0	5127390.0	1834640.0	DEOXYCHOLATE M+Na	GNPS-MSMLS	temp/spectra_filtered.mgf1352	-1	GNPS-MSMLS.mgf	169.68				7	0	0.0704651	415.212	0	CCMSLIB00005463896
2432	spectra_filtered.mgf	*..*		:2572	3351	-1	0	746.574	1	0.957251	0	0	2883830.0	4766060.0	Spectral Match to 1-Hexadecyl-2-(9Z-octadecenoyl)-sn-glycero-3-phosphocholine from NIST14 M+H	GNPS-NIST14-MATCHES	temp/spectra_filtered.mgf2432	-1	GNPS-NIST14-MATCHES.mgf	43.0024				7	0	0.0321045	746.606	0	CCMSLIB00003137838
1927	spectra_filtered.mgf	*..*		:2572	3351	-1	0	746.574	1	0.957159	0	0	2883830.0	60463900.0	Spectral Match to 1-Hexadecyl-2-(9Z-octadecenoyl)-sn-glycero-3-phosphocholine from NIST14 M+H	GNPS-NIST14-MATCHES	temp/spectra_filtered.mgf1927	-1	GNPS-NIST14-MATCHES.mgf	82.8982				6	0	0.0618896	746.512	0	CCMSLIB00003137838
2380	spectra_filtered.mgf	*..*		:2380	110	-1	0	788.612	1	0.956219	0	0	577352.0	9472860.0	Spectral Match to 1-Octadecanoyl-2-octadecenoyl-sn-glycero-3-phosphocholine from NIST14 M+H	GNPS-NIST14-MATCHES	temp/spectra_filtered.mgf2380	-1	GNPS-NIST14-MATCHES.mgf	1347.07				7	0	1.06232	789.674	0	CCMSLIB00003134596
2002	spectra_filtered.mgf	*..*		:2501	85	-1	0	772.586	1	0.955972	0	0	12134500.0	32674700.0	Spectral Match to 1-(1Z-Octadecenyl)-2-(9Z-octadecenoyl)-sn-glycero-3-phosphocholine from NIST14 M+H	GNPS-NIST14-MATCHES	temp/spectra_filtered.mgf2002	-1	GNPS-NIST14-MATCHES.mgf	1.65902				6	0	0.00128174	772.585	0	CCMSLIB00003134571
2134	spectra_filtered.mgf	*..*		:2431	285	-1	0	746.588	1	0.95581	0	0	1918220.0	14887300.0	Spectral Match to 1-Hexadecyl-2-(9Z-octadecenoyl)-sn-glycero-3-phosphocholine from NIST14 M+H	GNPS-NIST14-MATCHES	temp/spectra_filtered.mgf2134	-1	GNPS-NIST14-MATCHES.mgf	2675.99				7	0	1.99786	748.586	0	CCMSLIB00003134771
2431	spectra_filtered.mgf	*..*		:8438	1178	-1	0	813.683	1	0.955522	0	0	690238.0	64594100.0	Spectral Match to N-Tetracosenoyl-4-sphingenyl-1-O-phosphorylcholine from NIST14 M+H	GNPS-NIST14-MATCHES	temp/spectra_filtered.mgf2431	-1	GNPS-NIST14-MATCHES.mgf	2.40035				6	0	0.00195312	813.685	0	CCMSLIB00003135664
1995	spectra_filtered.mgf	*..*		:2461	3720	-1	0	810.6	1	0.955459	0	0	16863600.0	5212740.0	Spectral Match to 1-Octadecanoyl-2-(5Z,8Z,11Z,14Z-eicosatetraenoyl)-sn-glycero-3-phosphocholine from NIST14 M+H	GNPS-NIST14-MATCHES	temp/spectra_filtered.mgf1995	-1	GNPS-NIST14-MATCHES.mgf	1168.3				8	0	0.947021	809.653	0	CCMSLIB00003138207
2570	spectra_filtered.mgf	*..*		:2357	957	-1	0	815.7	1	0.954979	0	0	1473320.0	2789320.0	Spectral Match to N-Tetracosanoyl-4-sphingenyl-1-O-phosphorylcholine from NIST14 M+H	GNPS-NIST14-MATCHES	temp/spectra_filtered.mgf2570	-1	GNPS-NIST14-MATCHES.mgf	2.09511				8	0	0.00170898	815.698	0	CCMSLIB00003135443
1668	spectra_filtered.mgf	*..*		:3265	4650	-1	0	706.538	1	0.954467	0	0	922457.0	249344000.0	Spectral Match to 1,2-Dipentadecanoyl-sn-glycero-3-phosphocholine from NIST14 M+H	GNPS-NIST14-MATCHES	temp/spectra_filtered.mgf1668	-1	GNPS-NIST14-MATCHES.mgf	1.03663				7	0	0.000732422	706.539	0	CCMSLIB00003139137
2193	spectra_filtered.mgf	*..*		:2626	5749	-1	0	784.584	0	0.953499	0	0	25358800.0	1254680.0	Spectral Match to Arachidonoylthio-PC from NIST14 M+H	GNPS-NIST14-MATCHES	temp/spectra_filtered.mgf2193	-1	GNPS-NIST14-MATCHES.mgf	1363.79				7	0	1.07001	785.654	0	CCMSLIB00003140236
1501	spectra_filtered.mgf	*..*		:2488	931	-1	0	706.537	1	0.953298	0	0	7437560.0	14227700.0	Spectral Match to 1-Myristoyl-2-palmitoyl-sn-glycero-3-phosphocholine from NIST14 M+H	GNPS-NIST14-MATCHES	temp/spectra_filtered.mgf1501	-1	GNPS-NIST14-MATCHES.mgf	1429.87				10	0	1.01025	705.527	0	CCMSLIB00003135417
1917	spectra_filtered.mgf	*..*		:2572	3351	-1	0	746.574	1	0.953092	0	0	2883830.0	84681000.0	Spectral Match to 1-Hexadecyl-2-(9Z-octadecenoyl)-sn-glycero-3-phosphocholine from NIST14 M+H	GNPS-NIST14-MATCHES	temp/spectra_filtered.mgf1917	-1	GNPS-NIST14-MATCHES.mgf	5.39574				6	0	0.00402832	746.57	0	CCMSLIB00003137838
1530	spectra_filtered.mgf	*..*		:2576	4876	-1	0	730.541	1	0.952457	0	0	4554970.0	1122600.0	Spectral Match to 1,2-Dipalmitoleoyl-sn-glycero-3-phosphocholine from NIST14 M+H	GNPS-NIST14-MATCHES	temp/spectra_filtered.mgf1530	-1	GNPS-NIST14-MATCHES.mgf	1301.26				10	0	0.950623	729.59	0	CCMSLIB00003139363
1989	spectra_filtered.mgf	*..*		:2493	1621	-1	0	734.568	1	0.952349	0	0	50631400.0	341278000.0	Spectral Match to 1-Stearoyl-2-myristoyl-sn-glycero-3-phosphocholine from NIST14 M+H	GNPS-NIST14-MATCHES	temp/spectra_filtered.mgf1989	-1	GNPS-NIST14-MATCHES.mgf	3.15741				6	0	0.00231934	734.57	0	CCMSLIB00003136108
2065	spectra_filtered.mgf	*..*		:2461	3720	-1	0	810.6	1	0.951802	0	0	16863600.0	14551900.0	Spectral Match to 1-Octadecanoyl-2-(5Z,8Z,11Z,14Z-eicosatetraenoyl)-sn-glycero-3-phosphocholine from NIST14 M+H	GNPS-NIST14-MATCHES	temp/spectra_filtered.mgf2065	-1	GNPS-NIST14-MATCHES.mgf	0.828259				6	0	0.000671387	810.601	0	CCMSLIB00003138207
1513	spectra_filtered.mgf	*..*		:2488	931	-1	0	706.537	1	0.950668	0	0	7437560.0	14179100.0	Spectral Match to 1-Myristoyl-2-palmitoyl-sn-glycero-3-phosphocholine from NIST14 M+H	GNPS-NIST14-MATCHES	temp/spectra_filtered.mgf1513	-1	GNPS-NIST14-MATCHES.mgf	1430.21				10	0	1.0105	705.526	0	CCMSLIB00003135417
2159	spectra_filtered.mgf	*..*		:2431	285	-1	0	746.588	1	0.95027	0	0	1918220.0	10623600.0	Spectral Match to 1-Hexadecyl-2-(9Z-octadecenoyl)-sn-glycero-3-phosphocholine from NIST14 M+H	GNPS-NIST14-MATCHES	temp/spectra_filtered.mgf2159	-1	GNPS-NIST14-MATCHES.mgf	2675.75				7	0	1.99768	748.586	0	CCMSLIB00003134771
2158	spectra_filtered.mgf	*..*		:2747	187	-1	0	786.604	1	0.949363	0	0	534093.0	63766400.0	Spectral Match to 1-Stearoyl-2-linoleoyl-sn-glycero-3-phosphocholine from NIST14 M+H	GNPS-NIST14-MATCHES	temp/spectra_filtered.mgf2158	-1	GNPS-NIST14-MATCHES.mgf	60.2124				9	0	0.0473633	786.651	0	CCMSLIB00003134673
2500	spectra_filtered.mgf	*..*		:2501	85	-1	0	772.586	1	0.949291	0	0	12134500.0	12081800.0	Spectral Match to 1-(1Z-Octadecenyl)-2-(9Z-octadecenoyl)-sn-glycero-3-phosphocholine from NIST14 M+H	GNPS-NIST14-MATCHES	temp/spectra_filtered.mgf2500	-1	GNPS-NIST14-MATCHES.mgf	46.3737				7	0	0.0358276	772.622	0	CCMSLIB00003134571
2639	spectra_filtered.mgf	*..*		:1417	4614	-1	0	815.703	1	0.949236	0	0	287760.0	3372500.0	Spectral Match to N-Tetracosanoyl-4-sphingenyl-1-O-phosphorylcholine from NIST14 M+H	GNPS-NIST14-MATCHES	temp/spectra_filtered.mgf2639	-1	GNPS-NIST14-MATCHES.mgf	1157.7				6	0	0.944336	816.647	0	CCMSLIB00003139101
2425	spectra_filtered.mgf	*..*		:26	540	-1	0	184.073	1	0.948233	0	0	2920060.0	217090.0	PHOSPHORYLCHOLINE M+H	GNPS-MSMLS	temp/spectra_filtered.mgf2425	-1	GNPS-MSMLS.mgf	1.8237				6	0	0.000335693	184.073	0	CCMSLIB00005464291
2497	spectra_filtered.mgf	*..*		:2380	110	-1	0	788.612	1	0.947489	0	0	577352.0	2850630.0	Spectral Match to 1-Octadecanoyl-2-octadecenoyl-sn-glycero-3-phosphocholine from NIST14 M+H	GNPS-NIST14-MATCHES	temp/spectra_filtered.mgf2497	-1	GNPS-NIST14-MATCHES.mgf	1358.91				7	0	1.07166	789.684	0	CCMSLIB00003134596
2063	spectra_filtered.mgf	*..*		:1858	3903	-1	0	760.586	1	0.947013	0	0	15161200.0	863087000.0	Spectral Match to 1-Hexadecanoyl-2-(9Z-octadecenoyl)-sn-glycero-3-phosphocholine from NIST14 M+H	GNPS-NIST14-MATCHES	temp/spectra_filtered.mgf2063	-1	GNPS-NIST14-MATCHES.mgf	0.160495				7	0	0.00012207	760.586	0	CCMSLIB00003138390
946	spectra_filtered.mgf	*..*		:4719	5011	-1	0	284.3	1	0.946539	0	0	6162870.0	41424400.0	Spectral Match to Octadecanamide from NIST14 M+H	GNPS-NIST14-MATCHES	temp/spectra_filtered.mgf946	-1	GNPS-NIST14-MATCHES.mgf	18.9997				8	0	0.00540161	284.295	0	CCMSLIB00003139498
2410	spectra_filtered.mgf	*..*		:2493	1621	-1	0	734.568	1	0.945416	0	0	50631400.0	1358420.0	Spectral Match to 1-Stearoyl-2-myristoyl-sn-glycero-3-phosphocholine from NIST14 M+H	GNPS-NIST14-MATCHES	temp/spectra_filtered.mgf2410	-1	GNPS-NIST14-MATCHES.mgf	2.4927				6	0	0.00183105	734.57	0	CCMSLIB00003136108
2032	spectra_filtered.mgf	*..*		:2461	3720	-1	0	810.6	1	0.944955	0	0	16863600.0	24256600.0	Spectral Match to 1-Octadecanoyl-2-(5Z,8Z,11Z,14Z-eicosatetraenoyl)-sn-glycero-3-phosphocholine from NIST14 M+H	GNPS-NIST14-MATCHES	temp/spectra_filtered.mgf2032	-1	GNPS-NIST14-MATCHES.mgf	0.677666				7	0	0.000549316	810.601	0	CCMSLIB00003138207
2804	spectra_filtered.mgf	*..*		:1417	4614	-1	0	815.703	1	0.944418	0	0	287760.0	10106600.0	Spectral Match to N-Tetracosanoyl-4-sphingenyl-1-O-phosphorylcholine from NIST14 M+H	GNPS-NIST14-MATCHES	temp/spectra_filtered.mgf2804	-1	GNPS-NIST14-MATCHES.mgf	3.74126				7	0	0.00305176	815.7	0	CCMSLIB00003139101
2389	spectra_filtered.mgf	*..*		:1858	3903	-1	0	760.586	1	0.943636	0	0	15161200.0	6286800.0	Spectral Match to 1-Hexadecanoyl-2-(9Z-octadecenoyl)-sn-glycero-3-phosphocholine from NIST14 M+H	GNPS-NIST14-MATCHES	temp/spectra_filtered.mgf2389	-1	GNPS-NIST14-MATCHES.mgf	46.7843				7	0	0.0355835	760.622	0	CCMSLIB00003138390
2090	spectra_filtered.mgf	*..*		:1858	3903	-1	0	760.586	1	0.943338	0	0	15161200.0	43509700.0	Spectral Match to 1-Hexadecanoyl-2-(9Z-octadecenoyl)-sn-glycero-3-phosphocholine from NIST14 M+H	GNPS-NIST14-MATCHES	temp/spectra_filtered.mgf2090	-1	GNPS-NIST14-MATCHES.mgf	0.240743				7	0	0.000183105	760.586	0	CCMSLIB00003138390
2248	spectra_filtered.mgf	*..*		:2461	3720	-1	0	810.6	1	0.942922	0	0	16863600.0	3046590.0	Spectral Match to 1-Octadecanoyl-2-(5Z,8Z,11Z,14Z-eicosatetraenoyl)-sn-glycero-3-phosphocholine from NIST14 M+H	GNPS-NIST14-MATCHES	temp/spectra_filtered.mgf2248	-1	GNPS-NIST14-MATCHES.mgf	1318.74				6	0	1.06897	811.669	0	CCMSLIB00003138207
2839	spectra_filtered.mgf	*..*		:1417	4614	-1	0	815.703	1	0.94192	0	0	287760.0	3981240.0	Spectral Match to N-Tetracosanoyl-4-sphingenyl-1-O-phosphorylcholine from NIST14 M+H	GNPS-NIST14-MATCHES	temp/spectra_filtered.mgf2839	-1	GNPS-NIST14-MATCHES.mgf	3.44196				8	0	0.00280762	815.7	0	CCMSLIB00003139101
1727	spectra_filtered.mgf	*..*		:1461	4494	-1	0	626.217	1	0.941084	0	0	11103900.0	1918580.0	Contaminant vial septum ThermoFisher C5000-44B M+NH4	GNPS-LIBRARY	temp/spectra_filtered.mgf1727	-1	GNPS-LIBRARY.mgf	3158.99				20	0	1.97821	628.195	0	CCMSLIB00005435819
2726	spectra_filtered.mgf	*..*		:1417	4614	-1	0	815.703	1	0.940768	0	0	287760.0	16175100.0	Spectral Match to N-Tetracosanoyl-4-sphingenyl-1-O-phosphorylcholine from NIST14 M+H	GNPS-NIST14-MATCHES	temp/spectra_filtered.mgf2726	-1	GNPS-NIST14-MATCHES.mgf	3.66644				6	0	0.00299072	815.7	0	CCMSLIB00003139101
2000	spectra_filtered.mgf	*..*		:2501	85	-1	0	772.586	1	0.940006	0	0	12134500.0	4817210.0	Spectral Match to 1-(1Z-Octadecenyl)-2-(9Z-octadecenoyl)-sn-glycero-3-phosphocholine from NIST14 M+H	GNPS-NIST14-MATCHES	temp/spectra_filtered.mgf2000	-1	GNPS-NIST14-MATCHES.mgf	76.7101				8	0	0.0592651	772.527	0	CCMSLIB00003134571
701	spectra_filtered.mgf	*..*		:1896	1896	-1	0	314.269	1	0.939624	0	0	70982300.0	1710570.0	Candidate Alanine/Sarcosine-C15:0 (delta mass:224.2139) M+H	GNPS-N-ACYL-LIPIDS-MASSQL	temp/spectra_filtered.mgf701	-1	GNPS-N-ACYL-LIPIDS-MASSQL.mgf	0.679746				6	0	0.000213623	314.269	0	CCMSLIB00016340301
2477	spectra_filtered.mgf	*..*		:2185	629	-1	0	750.561	1	0.939544	0	0	153295.0	11472200.0	Spectral Match to 1-Palmitoyl-2-thiopalmitoyl phosphatidylcholine from NIST14 M+H	GNPS-NIST14-MATCHES	temp/spectra_filtered.mgf2477	-1	GNPS-NIST14-MATCHES.mgf	2583.84				8	0	1.93933	748.622	0	CCMSLIB00003135115
1666	spectra_filtered.mgf	*..*		:996	3746	-1	0	766.571	1	0.938729	0	0	468624.0	7335300.0	Spectral Match to Eicosapentaenoyl PAF C-16 from NIST14 M+H	GNPS-NIST14-MATCHES	temp/spectra_filtered.mgf1666	-1	GNPS-NIST14-MATCHES.mgf	2587.52				7	0	1.98352	768.555	0	CCMSLIB00003138233
1819	spectra_filtered.mgf	*..*		:2463	2742	-1	0	782.571	1	0.938223	0	0	550572.0	194578000.0	Spectral Match to 1,2-Dilinoleoyl-sn-glycero-3-phosphocholine from NIST14 M+H	GNPS-NIST14-MATCHES	temp/spectra_filtered.mgf1819	-1	GNPS-NIST14-MATCHES.mgf	1.32588				6	0	0.0010376	782.57	0	CCMSLIB00003137229
2519	spectra_filtered.mgf	*..*		:2185	629	-1	0	750.561	1	0.937679	0	0	153295.0	6910270.0	Spectral Match to 1-Palmitoyl-2-thiopalmitoyl phosphatidylcholine from NIST14 M+H	GNPS-NIST14-MATCHES	temp/spectra_filtered.mgf2519	-1	GNPS-NIST14-MATCHES.mgf	2583.76				7	0	1.93927	748.622	0	CCMSLIB00003135115
2574	spectra_filtered.mgf	*..*		:2291	10661	-1	0	832.583	1	0.93767	0	0	118007000.0	3000240.0	PC-DAG (20:4/20:3) M+H	GNPS-LIBRARY	temp/spectra_filtered.mgf2574	-1	GNPS-LIBRARY.mgf	1065.17				8	0	0.886841	831.696	0	CCMSLIB00006678074
2434	spectra_filtered.mgf	*..*		:2747	187	-1	0	786.604	1	0.937324	0	0	534093.0	13874200.0	Spectral Match to 1-Stearoyl-2-linoleoyl-sn-glycero-3-phosphocholine from NIST14 M+H	GNPS-NIST14-MATCHES	temp/spectra_filtered.mgf2434	-1	GNPS-NIST14-MATCHES.mgf	1354.7				8	0	1.06561	787.67	0	CCMSLIB00003134673
1916	spectra_filtered.mgf	*..*		:2610	835	-1	0	792.59	1	0.937164	0	0	100824.0	32966100.0	Spectral Match to Docosahexaenoyl PAF C-16 from NIST14 M+H	GNPS-NIST14-MATCHES	temp/spectra_filtered.mgf1916	-1	GNPS-NIST14-MATCHES.mgf	0.616058				8	0	0.000488281	792.591	0	CCMSLIB00003135321
1864	spectra_filtered.mgf	*..*		:2610	835	-1	0	792.59	1	0.936444	0	0	100824.0	7246580.0	Spectral Match to Docosahexaenoyl PAF C-16 from NIST14 M+H	GNPS-NIST14-MATCHES	temp/spectra_filtered.mgf1864	-1	GNPS-NIST14-MATCHES.mgf	0.616058				6	0	0.000488281	792.591	0	CCMSLIB00003135321
2405	spectra_filtered.mgf	*..*		:2380	110	-1	0	788.612	1	0.936127	0	0	577352.0	32289700.0	Spectral Match to 1-Octadecanoyl-2-octadecenoyl-sn-glycero-3-phosphocholine from NIST14 M+H	GNPS-NIST14-MATCHES	temp/spectra_filtered.mgf2405	-1	GNPS-NIST14-MATCHES.mgf	74.919				6	0	0.059082	788.671	0	CCMSLIB00003134596
604	spectra_filtered.mgf	*..*		:4684	5620	-1	0	283.26	1	0.935825	0	0	2285130.0	3446840.0	Spectral Match to 3-Hydroxyoctadecanoic Acid from NIST14 M+H-H2O	GNPS-NIST14-MATCHES	temp/spectra_filtered.mgf604	-1	GNPS-NIST14-MATCHES.mgf	7040.72				11	0	1.99435	281.266	0	CCMSLIB00003140107
2103	spectra_filtered.mgf	*..*		:2799	4623	-1	0	782.569	1	0.933582	0	0	149509.0	2775070.0	Spectral Match to 1-Hexadecanoyl-2-(9Z-octadecenoyl)-sn-glycero-3-phosphocholine from NIST14 M+Na	GNPS-NIST14-MATCHES	temp/spectra_filtered.mgf2103	-1	GNPS-NIST14-MATCHES.mgf	2528.47				6	0	1.9787	780.59	0	CCMSLIB00003139110
2223	spectra_filtered.mgf	*..*		:2748	842	-1	0	810.599	1	0.933466	0	0	226566.0	14779500.0	Spectral Match to 1-Octadecanoyl-2-(5Z,8Z,11Z,14Z-eicosatetraenoyl)-sn-glycero-3-phosphocholine from NIST14 M+H	GNPS-NIST14-MATCHES	temp/spectra_filtered.mgf2223	-1	GNPS-NIST14-MATCHES.mgf	1319.95				7	0	1.06995	811.669	0	CCMSLIB00003135328
2205	spectra_filtered.mgf	*..*		:2501	85	-1	0	772.586	1	0.933412	0	0	12134500.0	9616530.0	Spectral Match to 1-(1Z-Octadecenyl)-2-(9Z-octadecenoyl)-sn-glycero-3-phosphocholine from NIST14 M+H	GNPS-NIST14-MATCHES	temp/spectra_filtered.mgf2205	-1	GNPS-NIST14-MATCHES.mgf	2533.8				7	0	1.95758	774.544	0	CCMSLIB00003134571
2442	spectra_filtered.mgf	*..*		:2380	110	-1	0	788.612	1	0.933278	0	0	577352.0	7479080.0	Spectral Match to 1-Octadecanoyl-2-octadecenoyl-sn-glycero-3-phosphocholine from NIST14 M+H	GNPS-NIST14-MATCHES	temp/spectra_filtered.mgf2442	-1	GNPS-NIST14-MATCHES.mgf	75.6156				6	0	0.0596313	788.672	0	CCMSLIB00003134596
744	spectra_filtered.mgf	*..*		:27816	27816	-1	0	398.233	1	0.932977	0	0	112.289	4003100.0	302776-68-7 [M+H]+	MSNLIB-POSITIVE	temp/spectra_filtered.mgf744	-1	MSNLIB-POSITIVE.mgf	0.996222				8	0	0.000396729	398.233	0	CCMSLIB00012323239
2257	spectra_filtered.mgf	*..*		:2501	85	-1	0	772.586	1	0.930717	0	0	12134500.0	8686160.0	Spectral Match to 1-(1Z-Octadecenyl)-2-(9Z-octadecenoyl)-sn-glycero-3-phosphocholine from NIST14 M+H	GNPS-NIST14-MATCHES	temp/spectra_filtered.mgf2257	-1	GNPS-NIST14-MATCHES.mgf	1311.66				9	0	1.01337	771.573	0	CCMSLIB00003134571
3	spectra_filtered.mgf	*..*		:5294	5294	-1	0	258.11	1	0.930211	0	0	461396000.0	1924090.0	L-alpha-Glycerylphosphorylcholine - 40.0 eV M+H	BIRMINGHAM-UHPLC-MS-POS	temp/spectra_filtered.mgf3	-1	BIRMINGHAM-UHPLC-MS-POS.mgf	0.945878				6	0	0.000244141	258.11	0	CCMSLIB00006121569
2141	spectra_filtered.mgf	*..*		:1544	5126	-1	0	720.444	1	0.930013	0	0	56650.0	9191070.0	Spectral Match to KDdiA-PC from NIST14 M+H	GNPS-NIST14-MATCHES	temp/spectra_filtered.mgf2141	-1	GNPS-NIST14-MATCHES.mgf	1200.97				7	0	0.865234	719.579	0	CCMSLIB00003139613
2166	spectra_filtered.mgf	*..*		:1544	5126	-1	0	720.444	1	0.929908	0	0	56650.0	29755500.0	Spectral Match to KDdiA-PC from NIST14 M+H	GNPS-NIST14-MATCHES	temp/spectra_filtered.mgf2166	-1	GNPS-NIST14-MATCHES.mgf	1595.85				8	0	1.14972	721.594	0	CCMSLIB00003139613
1740	spectra_filtered.mgf	*..*		:2610	835	-1	0	792.59	1	0.929673	0	0	100824.0	3201400.0	Spectral Match to Docosahexaenoyl PAF C-16 from NIST14 M+H	GNPS-NIST14-MATCHES	temp/spectra_filtered.mgf1740	-1	GNPS-NIST14-MATCHES.mgf	2497.11				7	0	1.97919	794.569	0	CCMSLIB00003135321
2399	spectra_filtered.mgf	*..*		:2747	187	-1	0	786.604	1	0.929607	0	0	534093.0	28209700.0	Spectral Match to 1-Stearoyl-2-linoleoyl-sn-glycero-3-phosphocholine from NIST14 M+H	GNPS-NIST14-MATCHES	temp/spectra_filtered.mgf2399	-1	GNPS-NIST14-MATCHES.mgf	1354.55				7	0	1.06549	787.669	0	CCMSLIB00003134673
1312	spectra_filtered.mgf	*..*		:2356	2356	-1	0	386.341	1	0.927798	0	0	3857410.0	907486.0	Candidate 2-phenethylamine-C18:1 (delta mass:264.245) M+H	GNPS-N-ACYL-LIPIDS-MASSQL	temp/spectra_filtered.mgf1312	-1	GNPS-N-ACYL-LIPIDS-MASSQL.mgf	2.13277				10	0	0.000823975	386.342	0	CCMSLIB00016340761
1977	spectra_filtered.mgf	*..*		:1544	5126	-1	0	720.444	1	0.927252	0	0	56650.0	62593400.0	Spectral Match to KDdiA-PC from NIST14 M+H	GNPS-NIST14-MATCHES	temp/spectra_filtered.mgf1977	-1	GNPS-NIST14-MATCHES.mgf	2593.92				9	0	1.86877	718.575	0	CCMSLIB00003139613
222	spectra_filtered.mgf	*..*		:41175	53174	-1	0	302.305	1	0.927246	0	0	14894800.0	11965900.0	Massbank:LU100204 2,2'-(Tetradecylimino)diethanol|Tetradecyldiethanolamine M+H	MASSBANK	temp/spectra_filtered.mgf222	-1	MASSBANK.mgf	118.515				8	0	0.0358276	302.269	0	CCMSLIB00005766726
2140	spectra_filtered.mgf	*..*		:2747	187	-1	0	786.604	1	0.926302	0	0	534093.0	380426000.0	Spectral Match to 1-Stearoyl-2-linoleoyl-sn-glycero-3-phosphocholine from NIST14 M+H	GNPS-NIST14-MATCHES	temp/spectra_filtered.mgf2140	-1	GNPS-NIST14-MATCHES.mgf	3.18132				6	0	0.00250244	786.602	0	CCMSLIB00003134673
1781	spectra_filtered.mgf	*..*		:996	3746	-1	0	766.571	1	0.92611	0	0	468624.0	16964600.0	Spectral Match to Eicosapentaenoyl PAF C-16 from NIST14 M+H	GNPS-NIST14-MATCHES	temp/spectra_filtered.mgf1781	-1	GNPS-NIST14-MATCHES.mgf	3.74219				6	0	0.00286865	766.574	0	CCMSLIB00003138233
2484	spectra_filtered.mgf	*..*		:2244	4485	-1	0	792.551	1	0.925929	0	0	483822.0	1323720.0	Spectral Match to Docosahexaenoyl PAF C-16 from NIST14 M+H	GNPS-NIST14-MATCHES	temp/spectra_filtered.mgf2484	-1	GNPS-NIST14-MATCHES.mgf	2351.07				6	0	1.86334	790.688	0	CCMSLIB00003138972
2196	spectra_filtered.mgf	*..*		:2501	85	-1	0	772.586	1	0.925427	0	0	12134500.0	8182840.0	Spectral Match to 1-(1Z-Octadecenyl)-2-(9Z-octadecenoyl)-sn-glycero-3-phosphocholine from NIST14 M+H	GNPS-NIST14-MATCHES	temp/spectra_filtered.mgf2196	-1	GNPS-NIST14-MATCHES.mgf	2562.8				8	0	1.97998	770.606	0	CCMSLIB00003134571
835	spectra_filtered.mgf	*..*		:34185	34185	-1	0	432.111	1	0.924873	0	0	144.292	431520.0	Ex229 [M+H]+	MSNLIB-POSITIVE	temp/spectra_filtered.mgf835	-1	MSNLIB-POSITIVE.mgf	294.645				6	0	0.127319	432.238	0	CCMSLIB00012336145
815	spectra_filtered.mgf	*..*		:34571	34571	-1	0	432.311	1	0.923819	0	0	204.33	716185.0	glycodeoxycholic acid [M+H-H2O]+	MSNLIB-POSITIVE	temp/spectra_filtered.mgf815	-1	MSNLIB-POSITIVE.mgf	168.291				9	0	0.0727539	432.238	0	CCMSLIB00012336920
1634	spectra_filtered.mgf	*..*		:1544	5126	-1	0	720.444	1	0.923736	0	0	56650.0	9509100.0	Spectral Match to KDdiA-PC from NIST14 M+H	GNPS-NIST14-MATCHES	temp/spectra_filtered.mgf1634	-1	GNPS-NIST14-MATCHES.mgf	2645.09				7	0	1.90564	718.538	0	CCMSLIB00003139613
2169	spectra_filtered.mgf	*..*		:1544	5126	-1	0	720.444	1	0.92364	0	0	56650.0	93840000.0	Spectral Match to KDdiA-PC from NIST14 M+H	GNPS-NIST14-MATCHES	temp/spectra_filtered.mgf2169	-1	GNPS-NIST14-MATCHES.mgf	202.986				9	0	0.14624	720.59	0	CCMSLIB00003139613
452	spectra_filtered.mgf	*..*		:34185	34185	-1	0	432.111	1	0.923143	0	0	144.292	1796420.0	Ex229 [M+H]+	MSNLIB-POSITIVE	temp/spectra_filtered.mgf452	-1	MSNLIB-POSITIVE.mgf	294.504				7	0	0.127258	432.238	0	CCMSLIB00012336145
2333	spectra_filtered.mgf	*..*		:956	5170	-1	0	830.564	1	0.922901	0	0	256596.0	2638970.0	Spectral Match to 1,2-Diarachidonoyl-sn-glycero-3-phosphocholine from NIST14 M+H	GNPS-NIST14-MATCHES	temp/spectra_filtered.mgf2333	-1	GNPS-NIST14-MATCHES.mgf	1064.38				10	0	0.884033	829.68	0	CCMSLIB00003139657
1681	spectra_filtered.mgf	*..*		:1544	5126	-1	0	720.444	1	0.922886	0	0	56650.0	4286350.0	Spectral Match to KDdiA-PC from NIST14 M+H	GNPS-NIST14-MATCHES	temp/spectra_filtered.mgf1681	-1	GNPS-NIST14-MATCHES.mgf	1163.27				7	0	0.838074	719.606	0	CCMSLIB00003139613
239	spectra_filtered.mgf	*..*		:2109	3963	-1	0	135.117	1	0.922013	0	0	105344.0	4051930.0	Spectral Match to .alpha.-Pinene oxide from NIST14 M+H-H2O	GNPS-NIST14-MATCHES	temp/spectra_filtered.mgf239	-1	GNPS-NIST14-MATCHES.mgf	269.226				7	0	0.036377	135.081	0	CCMSLIB00003138450
1962	spectra_filtered.mgf	*..*		:2533	614	-1	0	766.572	1	0.921618	0	0	35469.0	4700630.0	Spectral Match to Eicosapentaenoyl PAF C-16 from NIST14 M+H	GNPS-NIST14-MATCHES	temp/spectra_filtered.mgf1962	-1	GNPS-NIST14-MATCHES.mgf	1312.55				7	0	1.00616	767.578	0	CCMSLIB00003135100
2571	spectra_filtered.mgf	*..*		:11899	11899	-1	0	810.682	1	0.920925	0	0	1963970.0	10611400.0	GalCer(d18:1/24:1); [M+H]+ C48H92N1O8 M+H	PNNL-LIPIDS-POSITIVE	temp/spectra_filtered.mgf2571	-1	PNNL-LIPIDS-POSITIVE.mgf	0.451732				18	0	0.000366211	810.682	0	CCMSLIB00010077736
1647	spectra_filtered.mgf	*..*		:2196	10662	-1	0	756.551	1	0.920599	0	0	45870200.0	11219400.0	PC-DAG (16:0/18:3) M+H	GNPS-LIBRARY	temp/spectra_filtered.mgf1647	-1	GNPS-LIBRARY.mgf	3.9531				7	0	0.00299072	756.554	0	CCMSLIB00006678075
2206	spectra_filtered.mgf	*..*		:1544	5126	-1	0	720.444	1	0.920512	0	0	56650.0	28989200.0	Spectral Match to KDdiA-PC from NIST14 M+H	GNPS-NIST14-MATCHES	temp/spectra_filtered.mgf2206	-1	GNPS-NIST14-MATCHES.mgf	203.24				6	0	0.146423	720.59	0	CCMSLIB00003139613
1532	spectra_filtered.mgf	*..*		:1080	9375	-1	0	184.073	1	0.920259	0	0	1322770.0	287169.0	PHOSPHOCHOLINE CHLORIDE - 20.0 eV M+	GNPS-LIBRARY	temp/spectra_filtered.mgf1532	-1	GNPS-LIBRARY.mgf	1.98949				6	0	0.000366211	184.073	0	CCMSLIB00005884233
1729	spectra_filtered.mgf	*..*		:2196	10662	-1	0	756.551	1	0.917263	0	0	45870200.0	5935260.0	PC-DAG (16:0/18:3) M+H	GNPS-LIBRARY	temp/spectra_filtered.mgf1729	-1	GNPS-LIBRARY.mgf	2.82364				7	0	0.00213623	756.553	0	CCMSLIB00006678075
551	spectra_filtered.mgf	*..*		:3192	1670	-1	0	255.232	1	0.915748	0	0	243558.0	113162000.0	Spectral Match to Palmitelaidic acid from NIST14 M+H	GNPS-NIST14-MATCHES	temp/spectra_filtered.mgf551	-1	GNPS-NIST14-MATCHES.mgf	3855.35				10	0	0.984009	254.248	0	CCMSLIB00003136157
1632	spectra_filtered.mgf	*..*		:1544	5126	-1	0	720.444	1	0.915707	0	0	56650.0	896007.0	Spectral Match to KDdiA-PC from NIST14 M+H	GNPS-NIST14-MATCHES	temp/spectra_filtered.mgf1632	-1	GNPS-NIST14-MATCHES.mgf	1252.06				6	0	0.902039	719.542	0	CCMSLIB00003139613
1470	spectra_filtered.mgf	*..*		:27139	27139	-1	0	703.575	1	0.915071	0	0	580734.0	223216000.0	SM(d18:1/16:0); [M+H]+ C39H80N2O6P1 M+H	PNNL-LIPIDS-POSITIVE	temp/spectra_filtered.mgf1470	-1	PNNL-LIPIDS-POSITIVE.mgf	1.30125				10	0	0.000915527	703.576	0	CCMSLIB00010098543
2145	spectra_filtered.mgf	*..*		:1544	5126	-1	0	720.444	1	0.915065	0	0	56650.0	58027200.0	Spectral Match to KDdiA-PC from NIST14 M+H	GNPS-NIST14-MATCHES	temp/spectra_filtered.mgf2145	-1	GNPS-NIST14-MATCHES.mgf	2593.67				7	0	1.86859	718.575	0	CCMSLIB00003139613
2325	spectra_filtered.mgf	*..*		:1885	1885	-1	0	798.601	1	0.913214	0	0	713670.0	4606700.0	PC(17:0/20:3); [M+H]+ C45H85N1O8P1 M+H	PNNL-LIPIDS-POSITIVE	temp/spectra_filtered.mgf2325	-1	PNNL-LIPIDS-POSITIVE.mgf	1337.41				8	0	1.06805	799.669	0	CCMSLIB00010057147
520	spectra_filtered.mgf	*..*		:1090	3072	-1	0	243.21	1	0.912789	0	0	26644.8	1480830.0	Spectral Match to Pinolenic acid from NIST14 243.2	GNPS-NIST14-MATCHES	temp/spectra_filtered.mgf520	-1	GNPS-NIST14-MATCHES.mgf	3.63887				9	0	0.00088501	243.211	0	CCMSLIB00003137559
181	spectra_filtered.mgf	*..*		:1118	19581	-1	0	287.104	1	0.912221	0	0	332.996	57337500.0	2-[[(2R,3S)-2-(3,4-dihydroxyphenyl)-3,5-dihydroxy-3,4-dihydro-2H-chromen-7-yl]oxy]oxane-3,4,5-triol [M+K]+	MONA	temp/spectra_filtered.mgf181	-1	MONA.mgf	4129.97				7	0	1.18573	288.29	0	CCMSLIB00004692181
571	spectra_filtered.mgf	*..*		:34185	34185	-1	0	432.111	1	0.91181	0	0	144.292	814280.0	Ex229 [M+H]+	MSNLIB-POSITIVE	temp/spectra_filtered.mgf571	-1	MSNLIB-POSITIVE.mgf	294.504				6	0	0.127258	432.238	0	CCMSLIB00012336145
1587	spectra_filtered.mgf	*..*		:24133	24133	-1	0	718.539	1	0.91056	0	0	452283.0	4589660.0	PC(15:0/16:1); [M+H]+ C39H77N1O8P1 M+H	PNNL-LIPIDS-POSITIVE	temp/spectra_filtered.mgf1587	-1	PNNL-LIPIDS-POSITIVE.mgf	1319.34				8	0	0.947998	717.591	0	CCMSLIB00010095537
2462	spectra_filtered.mgf	*..*		:16661	16661	-1	0	813.685	1	0.910211	0	0	3712370.0	14509300.0	SM(d18:1/24:1); [M+H]+ C47H94N2O6P1 M+H	PNNL-LIPIDS-POSITIVE	temp/spectra_filtered.mgf2462	-1	PNNL-LIPIDS-POSITIVE.mgf	0.150022				9	0	0.00012207	813.685	0	CCMSLIB00010087618
1512	spectra_filtered.mgf	*..*		:22951	22951	-1	0	703.575	1	0.909374	0	0	467864.0	61541000.0	SM(d18:1/16:0); [M+H]+ C39H80N2O6P1 M+H	PNNL-LIPIDS-POSITIVE	temp/spectra_filtered.mgf1512	-1	PNNL-LIPIDS-POSITIVE.mgf	1348.27				8	0	0.948608	704.524	0	CCMSLIB00010094355
1065	spectra_filtered.mgf	*..*		:34185	34185	-1	0	432.111	1	0.909196	0	0	144.292	444397.0	Ex229 [M+H]+	MSNLIB-POSITIVE	temp/spectra_filtered.mgf1065	-1	MSNLIB-POSITIVE.mgf	294.645				7	0	0.127319	432.238	0	CCMSLIB00012336145
3482	spectra_filtered.mgf	*..*		:1217	10751	-1	0	878.815	1	0.908525	0	0	3788100000.0	5811550.0	TAG (16:0/18:0/18:1) M+NH4	GNPS-LIBRARY	temp/spectra_filtered.mgf3482	-1	GNPS-LIBRARY.mgf	3.19478				18	0	0.00280762	878.818	0	CCMSLIB00006678165
1374	spectra_filtered.mgf	*..*		:1109	1109	-1	0	689.56	1	0.908112	0	0	284842.0	5202470.0	SM(d18:1/15:0); [M+H]+ C38H78N2O6P1 M+H	PNNL-LIPIDS-POSITIVE	temp/spectra_filtered.mgf1374	-1	PNNL-LIPIDS-POSITIVE.mgf	0.796619				6	0	0.000549316	689.559	0	CCMSLIB00010056371
683	spectra_filtered.mgf	*..*		:34185	34185	-1	0	432.111	1	0.908001	0	0	144.292	864273.0	Ex229 [M+H]+	MSNLIB-POSITIVE	temp/spectra_filtered.mgf683	-1	MSNLIB-POSITIVE.mgf	294.362				7	0	0.127197	432.238	0	CCMSLIB00012336145
1834	spectra_filtered.mgf	*..*		:1544	5126	-1	0	720.444	1	0.907301	0	0	56650.0	30789700.0	Spectral Match to KDdiA-PC from NIST14 M+H	GNPS-NIST14-MATCHES	temp/spectra_filtered.mgf1834	-1	GNPS-NIST14-MATCHES.mgf	153.68				6	0	0.110718	720.555	0	CCMSLIB00003139613
1633	spectra_filtered.mgf	*..*		:26069	26069	-1	0	717.591	1	0.906464	0	0	691064.0	4483560.0	SM(d18:1/17:0); [M+H]+ C40H82N2O6P1 M+H	PNNL-LIPIDS-POSITIVE	temp/spectra_filtered.mgf1633	-1	PNNL-LIPIDS-POSITIVE.mgf	0.0850556				9	0	6.10352e-05	717.591	0	CCMSLIB00010097473
1963	spectra_filtered.mgf	*..*		:2163	3260	-1	0	815.708	1	0.906207	0	0	900352.0	5278430.0	Spectral Match to N-Tetracosanoyl-4-sphingenyl-1-O-phosphorylcholine from NIST14 M+H	GNPS-NIST14-MATCHES	temp/spectra_filtered.mgf1963	-1	GNPS-NIST14-MATCHES.mgf	1080.54				6	0	0.881409	816.589	0	CCMSLIB00003137747
1388	spectra_filtered.mgf	*..*		:3119	918	-1	0	265.216	1	0.906028	0	0	1253890.0	501988.0	Spectral Match to 12(S)-Hydroxy-16-heptadecynoic acid from NIST14 M+H-H2O	GNPS-NIST14-MATCHES	temp/spectra_filtered.mgf1388	-1	GNPS-NIST14-MATCHES.mgf	7462.2				7	0	1.9791	263.237	0	CCMSLIB00003135404
881	spectra_filtered.mgf	*..*		:34185	34185	-1	0	432.111	1	0.905905	0	0	144.292	952929.0	Ex229 [M+H]+	MSNLIB-POSITIVE	temp/spectra_filtered.mgf881	-1	MSNLIB-POSITIVE.mgf	294.716				6	0	0.12735	432.238	0	CCMSLIB00012336145
2037	spectra_filtered.mgf	*..*		:48159	48159	-1	0	415.212	1	0.905404	0	0	135.694	948825.0	Schisandrin [M+H-H2O]+	MSNLIB-POSITIVE	temp/spectra_filtered.mgf2037	-1	MSNLIB-POSITIVE.mgf	2.13146				6	0	0.00088501	415.211	0	CCMSLIB00012364214
826	spectra_filtered.mgf	*..*		:2163	2509	-1	0	293.247	1	0.904778	0	0	430209.0	2467610.0	Spectral Match to 9Z,11E,13E-Octadecatrienoic acid methyl ester from NIST14 M+H	GNPS-NIST14-MATCHES	temp/spectra_filtered.mgf826	-1	GNPS-NIST14-MATCHES.mgf	6748.59				8	0	1.979	291.268	0	CCMSLIB00003136996
534	spectra_filtered.mgf	*..*		:4789	5235	-1	0	189.112	1	0.904636	0	0	1274310.0	29490600.0	azelaic acid CollisionEnergy:102040 M+H	BERKELEY-LAB	temp/spectra_filtered.mgf534	-1	BERKELEY-LAB.mgf	5202.02				8	0	0.983765	188.128	0	CCMSLIB00010107223
2598	spectra_filtered.mgf	*..*		:10429	10429	-1	0	774.601	1	0.90437	0	0	594057.0	3763580.0	PC(17:0/18:1); [M+H]+ C43H85N1O8P1 M+H	PNNL-LIPIDS-POSITIVE	temp/spectra_filtered.mgf2598	-1	PNNL-LIPIDS-POSITIVE.mgf	45.9378				8	0	0.0355835	774.637	0	CCMSLIB00010074563
253	spectra_filtered.mgf	*..*		:3192	1670	-1	0	255.232	1	0.904281	0	0	243558.0	4476490.0	Spectral Match to Palmitelaidic acid from NIST14 M+H	GNPS-NIST14-MATCHES	temp/spectra_filtered.mgf253	-1	GNPS-NIST14-MATCHES.mgf	3855.35				9	0	0.984009	254.248	0	CCMSLIB00003136157
1482	spectra_filtered.mgf	*..*		:2365	2532	-1	0	778.54	1	0.904266	0	0	2395140.0	1131300.0	Spectral Match to 1,2-Di-(9Z,12Z,15Z-octadecatrienoyl)-sn-glycero-3-phosphocholine from NIST14 M+H	GNPS-NIST14-MATCHES	temp/spectra_filtered.mgf1482	-1	GNPS-NIST14-MATCHES.mgf	1.72473				6	0	0.00134277	778.539	0	CCMSLIB00003137019
415	spectra_filtered.mgf	*..*		:34185	34185	-1	0	432.111	1	0.903508	0	0	144.292	1079790.0	Ex229 [M+H]+	MSNLIB-POSITIVE	temp/spectra_filtered.mgf415	-1	MSNLIB-POSITIVE.mgf	294.574				6	0	0.127289	432.238	0	CCMSLIB00012336145
2611	spectra_filtered.mgf	*..*		:6901	6901	-1	0	801.685	1	0.902605	0	0	44457500.0	3824960.0	SM(d18:1/23:0); [M+H]+ C46H94N2O6P1 M+H	PNNL-LIPIDS-POSITIVE	temp/spectra_filtered.mgf2611	-1	PNNL-LIPIDS-POSITIVE.mgf	0.152267				7	0	0.00012207	801.685	0	CCMSLIB00010067207
3336	spectra_filtered.mgf	*..*		:26956	47937	-1	0	880.718	1	0.902438	0	0	292.247	1157920.0	Ubidecarenone [M+NH4]+	MONA	temp/spectra_filtered.mgf3336	-1	MONA.mgf	0.554413				10	0	0.000488281	880.719	0	CCMSLIB00004720537
1508	spectra_filtered.mgf	*..*		:34185	34185	-1	0	432.111	1	0.902426	0	0	144.292	620949.0	Ex229 [M+H]+	MSNLIB-POSITIVE	temp/spectra_filtered.mgf1508	-1	MSNLIB-POSITIVE.mgf	294.574				6	0	0.127289	432.238	0	CCMSLIB00012336145
1375	spectra_filtered.mgf	*..*		:3959	2594	-1	0	352.357	1	0.902211	0	0	3324750.0	2271040.0	amylamine-C18:1 M+H	ECG-ACYL-AMIDES-C4-C24-LIBRARY	temp/spectra_filtered.mgf1375	-1	ECG-ACYL-AMIDES-C4-C24-LIBRARY.mgf	1.03932				13	0	0.000366211	352.357	0	CCMSLIB00011436086
1984	spectra_filtered.mgf	*..*		:28597	28597	-1	0	820.586	1	0.901978	0	0	600637.0	8679170.0	PC(17:0/22:6); [M+H]+ C47H83N1O8P1 M+H	PNNL-LIPIDS-POSITIVE	temp/spectra_filtered.mgf1984	-1	PNNL-LIPIDS-POSITIVE.mgf	2413.41				8	0	1.98041	818.606	0	CCMSLIB00010100001
1717	spectra_filtered.mgf	*..*		:5832	10664	-1	0	744.589	1	0.901495	0	0	89268000.0	4565580.0	PAF (o-16:0/18:2) M+H	GNPS-LIBRARY	temp/spectra_filtered.mgf1717	-1	GNPS-LIBRARY.mgf	124.597				6	0	0.0927734	744.496	0	CCMSLIB00006678077
2561	spectra_filtered.mgf	*..*		:1907	1907	-1	0	800.617	1	0.901407	0	0	1231830.0	3596020.0	PC(18:1/19:1); [M+H]+ C45H87N1O8P1 M+H	PNNL-LIPIDS-POSITIVE	temp/spectra_filtered.mgf2561	-1	PNNL-LIPIDS-POSITIVE.mgf	1334.27				9	0	1.06824	801.685	0	CCMSLIB00010057169
1335	spectra_filtered.mgf	*..*		:23447	23447	-1	0	701.56	1	0.901298	0	0	367046.0	8348950.0	SM(d18:2/16:0); [M+H]+ C39H78N2O6P1 M+H	PNNL-LIPIDS-POSITIVE	temp/spectra_filtered.mgf1335	-1	PNNL-LIPIDS-POSITIVE.mgf	0.608994				8	0	0.000427246	701.56	0	CCMSLIB00010094851
3483	spectra_filtered.mgf	*..*		:530	10750	-1	0	904.831	1	0.901086	0	0	1228140000.0	7404340.0	TAG (16:0/18:1/20:1)/TAG (18:0/18:1/18:1) M+NH4	GNPS-LIBRARY	temp/spectra_filtered.mgf3483	-1	GNPS-LIBRARY.mgf	2.76565				18	0	0.00250244	904.833	0	CCMSLIB00006678164
1308	spectra_filtered.mgf	*..*		:3857	2006	-1	0	326.342	1	0.901049	0	0	3321210.0	414381.0	amylamine-C16:0 M+H	ECG-ACYL-AMIDES-C4-C24-LIBRARY	temp/spectra_filtered.mgf1308	-1	ECG-ACYL-AMIDES-C4-C24-LIBRARY.mgf	0.561085				11	0	0.000183105	326.342	0	CCMSLIB00011435469
2212	spectra_filtered.mgf	*..*		:10429	10429	-1	0	774.601	1	0.901033	0	0	594057.0	40187600.0	PC(17:0/18:1); [M+H]+ C43H85N1O8P1 M+H	PNNL-LIPIDS-POSITIVE	temp/spectra_filtered.mgf2212	-1	PNNL-LIPIDS-POSITIVE.mgf	0.236387				8	0	0.000183105	774.601	0	CCMSLIB00010074563
1645	spectra_filtered.mgf	*..*		:17411	17411	-1	0	704.523	1	0.900943	0	0	218656.0	6241700.0	PC(14:0/16:1); [M+H]+ C38H75N1O8P1 M+H	PNNL-LIPIDS-POSITIVE	temp/spectra_filtered.mgf1645	-1	PNNL-LIPIDS-POSITIVE.mgf	1343.6				9	0	0.946594	703.576	0	CCMSLIB00010088815
424	spectra_filtered.mgf	*..*		:105179	205618	-1	0	449.163	1	0.900795	0	0	130.206	965926.0	Tolvaptan [M+H]+	MSNLIB-POSITIVE	temp/spectra_filtered.mgf424	-1	MSNLIB-POSITIVE.mgf	2318.22				6	0	1.04126	450.204	0	CCMSLIB00013060389
230	spectra_filtered.mgf	*..*		:34571	34571	-1	0	432.311	1	0.900736	0	0	204.33	59922900.0	glycodeoxycholic acid [M+H-H2O]+	MSNLIB-POSITIVE	temp/spectra_filtered.mgf230	-1	MSNLIB-POSITIVE.mgf	167.514				8	0	0.0724182	432.239	0	CCMSLIB00012336920
443	spectra_filtered.mgf	*..*		:10249	10249	-1	0	415.111	1	0.900374	0	0	119.609	2275050.0	LTURM34 [M+H]+	MSNLIB-POSITIVE	temp/spectra_filtered.mgf443	-1	MSNLIB-POSITIVE.mgf	2128.09				6	0	0.883392	414.228	0	CCMSLIB00012284550
1500	spectra_filtered.mgf	*..*		:22951	22951	-1	0	703.575	1	0.899976	0	0	467864.0	62982700.0	SM(d18:1/16:0); [M+H]+ C39H80N2O6P1 M+H	PNNL-LIPIDS-POSITIVE	temp/spectra_filtered.mgf1500	-1	PNNL-LIPIDS-POSITIVE.mgf	1348.88				9	0	0.949036	704.524	0	CCMSLIB00010094355
1462	spectra_filtered.mgf	*..*		:2488	931	-1	0	706.537	1	0.899442	0	0	7437560.0	2295210.0	Spectral Match to 1-Myristoyl-2-palmitoyl-sn-glycero-3-phosphocholine from NIST14 M+H	GNPS-NIST14-MATCHES	temp/spectra_filtered.mgf1462	-1	GNPS-NIST14-MATCHES.mgf	65.3945				10	0	0.0462036	706.583	0	CCMSLIB00003135417
2268	spectra_filtered.mgf	*..*		:6901	6901	-1	0	801.685	1	0.899164	0	0	44457500.0	13656100.0	SM(d18:1/23:0); [M+H]+ C46H94N2O6P1 M+H	PNNL-LIPIDS-POSITIVE	temp/spectra_filtered.mgf2268	-1	PNNL-LIPIDS-POSITIVE.mgf	1332.72				8	0	1.06842	800.617	0	CCMSLIB00010067207
1936	spectra_filtered.mgf	*..*		:24133	24133	-1	0	718.539	1	0.898863	0	0	452283.0	19671100.0	PC(15:0/16:1); [M+H]+ C39H77N1O8P1 M+H	PNNL-LIPIDS-POSITIVE	temp/spectra_filtered.mgf1936	-1	PNNL-LIPIDS-POSITIVE.mgf	2754.12				7	0	1.97894	716.56	0	CCMSLIB00010095537
1287	spectra_filtered.mgf	*..*		:6834	6834	-1	0	263.237	1	0.898853	0	0	375149.0	828590.0	2,4,6-Tri-tert-butylphenol_CE30 M+H	WFSR-LIBRARY	temp/spectra_filtered.mgf1287	-1	WFSR-LIBRARY.mgf	0.0				9	0	0.0	263.237	0	CCMSLIB00013940615
1979	spectra_filtered.mgf	*..*		:27581	27581	-1	0	796.586	1	0.898852	0	0	1105740.0	11321800.0	PC(17:0/20:4); [M+H]+ C45H83N1O8P1 M+H	PNNL-LIPIDS-POSITIVE	temp/spectra_filtered.mgf1979	-1	PNNL-LIPIDS-POSITIVE.mgf	1.53242				6	0	0.0012207	796.585	0	CCMSLIB00010098985
2537	spectra_filtered.mgf	*..*		:2275	2275	-1	0	773.654	1	0.898774	0	0	3308430.0	10412800.0	SM(d18:1/21:0); [M+H]+ C44H90N2O6P1 M+H	PNNL-LIPIDS-POSITIVE	temp/spectra_filtered.mgf2537	-1	PNNL-LIPIDS-POSITIVE.mgf	1270.32				9	0	0.982788	774.637	0	CCMSLIB00010057537
1683	spectra_filtered.mgf	*..*		:5832	10664	-1	0	744.589	1	0.898474	0	0	89268000.0	4666790.0	PAF (o-16:0/18:2) M+H	GNPS-LIBRARY	temp/spectra_filtered.mgf1683	-1	GNPS-LIBRARY.mgf	47.1337				7	0	0.0350952	744.554	0	CCMSLIB00006678077
1942	spectra_filtered.mgf	*..*		:13099	13099	-1	0	808.586	1	0.897949	0	0	1187220.0	44800100.0	PC(18:1/20:4); [M+H]+ C46H83N1O8P1 M+H	PNNL-LIPIDS-POSITIVE	temp/spectra_filtered.mgf1942	-1	PNNL-LIPIDS-POSITIVE.mgf	0.754838				9	0	0.000610352	808.585	0	CCMSLIB00010080259
2291	spectra_filtered.mgf	*..*		:4659	4659	-1	0	761.654	1	0.897524	0	0	7223710.0	40480200.0	SM(d18:0/20:0); [M+H]+ C43H90N2O6P1 M+H	PNNL-LIPIDS-POSITIVE	temp/spectra_filtered.mgf2291	-1	PNNL-LIPIDS-POSITIVE.mgf	1243.29				8	0	0.94696	762.601	0	CCMSLIB00010061954
377	spectra_filtered.mgf	*..*		:4746	4925	-1	0	307.263	1	0.897073	0	0	1747170.0	1763150.0	Spectral Match to 9Z,11E,13E-Octadecatrienoic acid ethyl ester from NIST14 M+H	GNPS-NIST14-MATCHES	temp/spectra_filtered.mgf377	-1	GNPS-NIST14-MATCHES.mgf	3202.4				8	0	0.983978	306.279	0	CCMSLIB00003139412
2298	spectra_filtered.mgf	*..*		:1885	1885	-1	0	798.601	1	0.89701	0	0	713670.0	6093320.0	PC(17:0/20:3); [M+H]+ C45H85N1O8P1 M+H	PNNL-LIPIDS-POSITIVE	temp/spectra_filtered.mgf2298	-1	PNNL-LIPIDS-POSITIVE.mgf	1337.33				6	0	1.06799	799.669	0	CCMSLIB00010057147
2136	spectra_filtered.mgf	*..*		:968	4257	-1	0	834.622	1	0.896865	0	0	190892.0	19847300.0	Spectral Match to 1-Octadecanoyl-2-(4Z,7Z,10Z,13Z,16Z,19Z-docosahexaenoyl)-sn-glycero-3-phosphocholine from NIST14 M+H	GNPS-NIST14-MATCHES	temp/spectra_filtered.mgf2136	-1	GNPS-NIST14-MATCHES.mgf	2389.49				8	0	1.99432	836.616	0	CCMSLIB00003138744
316	spectra_filtered.mgf	*..*		:3119	918	-1	0	265.216	1	0.896729	0	0	1253890.0	31911200.0	Spectral Match to 12(S)-Hydroxy-16-heptadecynoic acid from NIST14 M+H-H2O	GNPS-NIST14-MATCHES	temp/spectra_filtered.mgf316	-1	GNPS-NIST14-MATCHES.mgf	7461.4				7	0	1.97888	263.237	0	CCMSLIB00003135404
1856	spectra_filtered.mgf	*..*		:14965	14965	-1	0	692.559	1	0.896727	0	0	218958.0	29834200.0	PC(O-14:0/16:0); [M+H]+ C38H79N1O7P1 M+H	PNNL-LIPIDS-POSITIVE	temp/spectra_filtered.mgf1856	-1	PNNL-LIPIDS-POSITIVE.mgf	0.528779				6	0	0.000366211	692.559	0	CCMSLIB00010084120
2239	spectra_filtered.mgf	*..*		:14231	14231	-1	0	812.617	1	0.89582	0	0	1545480.0	4798700.0	PC(18:0/20:3); [M+H]+ C46H87N1O8P1 M+H	PNNL-LIPIDS-POSITIVE	temp/spectra_filtered.mgf2239	-1	PNNL-LIPIDS-POSITIVE.mgf	1234.2				8	0	1.00293	813.62	0	CCMSLIB00010082605
2628	spectra_filtered.mgf	*..*		:4542	648	-1	0	267.268	1	0.895794	0	0	2066070.0	450388.0	Spectral Match to cis,cis-9,12-Octadecadien-1-ol from NIST14 M+H	GNPS-NIST14-MATCHES	temp/spectra_filtered.mgf2628	-1	GNPS-NIST14-MATCHES.mgf	3682.87				7	0	0.984314	266.284	0	CCMSLIB00003135134
511	spectra_filtered.mgf	*..*		:34185	34185	-1	0	432.111	1	0.895759	0	0	144.292	1629010.0	Ex229 [M+H]+	MSNLIB-POSITIVE	temp/spectra_filtered.mgf511	-1	MSNLIB-POSITIVE.mgf	294.574				7	0	0.127289	432.238	0	CCMSLIB00012336145
1997	spectra_filtered.mgf	*..*		:5832	10664	-1	0	744.589	1	0.89504	0	0	89268000.0	1683390.0	PAF (o-16:0/18:2) M+H	GNPS-LIBRARY	temp/spectra_filtered.mgf1997	-1	GNPS-LIBRARY.mgf	1358.52				7	0	1.01154	743.577	0	CCMSLIB00006678077
2120	spectra_filtered.mgf	*..*		:2562	574	-1	0	810.599	1	0.894929	0	0	2724190.0	165494000.0	Spectral Match to 1-Octadecanoyl-2-octadecenoyl-sn-glycero-3-phosphocholine from NIST14 M+Na	GNPS-NIST14-MATCHES	temp/spectra_filtered.mgf2120	-1	GNPS-NIST14-MATCHES.mgf	2.18359				6	0	0.00177002	810.601	0	CCMSLIB00003135060
738	spectra_filtered.mgf	*..*		:3886	5155	-1	0	293.247	1	0.894768	0	0	287161.0	1038110.0	Spectral Match to 9Z,11E,13E-Octadecatrienoic acid methyl ester from NIST14 M+H	GNPS-NIST14-MATCHES	temp/spectra_filtered.mgf738	-1	GNPS-NIST14-MATCHES.mgf	3353.48				6	0	0.983398	292.264	0	CCMSLIB00003139642
552	spectra_filtered.mgf	*..*		:2743	1245	-1	0	219.21	1	0.894718	0	0	9448.92	3199950.0	Spectral Match to Pinolenic acid ethyl ester from NIST14 219.2	GNPS-NIST14-MATCHES	temp/spectra_filtered.mgf552	-1	GNPS-NIST14-MATCHES.mgf	4.03727				9	0	0.00088501	219.211	0	CCMSLIB00003135731
572	spectra_filtered.mgf	*..*		:12857	12857	-1	0	600.468	1	0.894661	0	0	321.854	1012190.0	Polidocanol [M+NH4]+	MSNLIB-POSITIVE	temp/spectra_filtered.mgf572	-1	MSNLIB-POSITIVE.mgf	1.11811				16	0	0.000671387	600.469	0	CCMSLIB00012287158
2045	spectra_filtered.mgf	*..*		:15409	15409	-1	0	794.57	1	0.894586	0	0	889828.0	37090000.0	PC(17:1/20:4); [M+H]+ C45H81N1O8P1 M+H	PNNL-LIPIDS-POSITIVE	temp/spectra_filtered.mgf2045	-1	PNNL-LIPIDS-POSITIVE.mgf	43.9384				8	0	0.0349121	794.605	0	CCMSLIB00010085033
2416	spectra_filtered.mgf	*..*		:1949	1949	-1	0	799.669	1	0.894491	0	0	3244500.0	3525820.0	SM(d17:1/24:1); [M+H]+ C46H92N2O6P1 M+H	PNNL-LIPIDS-POSITIVE	temp/spectra_filtered.mgf2416	-1	PNNL-LIPIDS-POSITIVE.mgf	1290.51				10	0	1.03198	798.637	0	CCMSLIB00010057211
609	spectra_filtered.mgf	*..*		:6834	6834	-1	0	263.237	1	0.894279	0	0	375149.0	43909300.0	2,4,6-Tri-tert-butylphenol_CE30 M+H	WFSR-LIBRARY	temp/spectra_filtered.mgf609	-1	WFSR-LIBRARY.mgf	0.347796				9	0	9.15527e-05	263.237	0	CCMSLIB00013940615
1025	spectra_filtered.mgf	*..*		:34185	34185	-1	0	432.111	1	0.8941	0	0	144.292	731201.0	Ex229 [M+H]+	MSNLIB-POSITIVE	temp/spectra_filtered.mgf1025	-1	MSNLIB-POSITIVE.mgf	294.645				6	0	0.127319	432.238	0	CCMSLIB00012336145
2341	spectra_filtered.mgf	*..*		:20487	20487	-1	0	787.669	1	0.893314	0	0	256373000.0	116484000.0	SM(d18:1/22:0); [M+H]+ C45H92N2O6P1 M+H	PNNL-LIPIDS-POSITIVE	temp/spectra_filtered.mgf2341	-1	PNNL-LIPIDS-POSITIVE.mgf	1203.47				7	0	0.947937	788.617	0	CCMSLIB00010091891
943	spectra_filtered.mgf	*..*		:741	1382	-1	0	567.592	1	0.892666	0	0	1769260.0	18233100.0	Spectral Match to Octadecanamide from NIST14 2M+H	GNPS-NIST14-MATCHES	temp/spectra_filtered.mgf943	-1	GNPS-NIST14-MATCHES.mgf	16.5602				6	0	0.00939941	567.583	0	CCMSLIB00003135869
3376	spectra_filtered.mgf	*..*		:10105	10798	-1	0	922.784	1	0.892518	0	0	1784900000.0	14716700.0	TAG (16:0/18:1/22:6) M+NH4	GNPS-LIBRARY	temp/spectra_filtered.mgf3376	-1	GNPS-LIBRARY.mgf	2.71184				19	0	0.00250244	922.786	0	CCMSLIB00006678212
2577	spectra_filtered.mgf	*..*		:2275	2275	-1	0	773.654	1	0.892294	0	0	3308430.0	8108980.0	SM(d18:1/21:0); [M+H]+ C44H90N2O6P1 M+H	PNNL-LIPIDS-POSITIVE	temp/spectra_filtered.mgf2577	-1	PNNL-LIPIDS-POSITIVE.mgf	1270.56				8	0	0.982971	774.637	0	CCMSLIB00010057537
865	spectra_filtered.mgf	*..*		:34185	34185	-1	0	432.111	1	0.891771	0	0	144.292	512120.0	Ex229 [M+H]+	MSNLIB-POSITIVE	temp/spectra_filtered.mgf865	-1	MSNLIB-POSITIVE.mgf	294.716				6	0	0.12735	432.238	0	CCMSLIB00012336145
1749	spectra_filtered.mgf	*..*		:735	4938	-1	0	806.55	1	0.890923	0	0	340912.0	37327900.0	Spectral Match to 1-Palmitoyl-2-docosahexaenoyl-sn-glycero-3-phosphocholine from NIST14 M+H	GNPS-NIST14-MATCHES	temp/spectra_filtered.mgf1749	-1	GNPS-NIST14-MATCHES.mgf	24.3671				7	0	0.0196533	806.57	0	CCMSLIB00003139425
2367	spectra_filtered.mgf	*..*		:24009	24009	-1	0	787.669	1	0.890821	0	0	4630930.0	38285600.0	SM(d18:1/22:0); [M+H]+ C45H92N2O6P1 M+H	PNNL-LIPIDS-POSITIVE	temp/spectra_filtered.mgf2367	-1	PNNL-LIPIDS-POSITIVE.mgf	1203.55				6	0	0.947998	788.617	0	CCMSLIB00010095413
1028	spectra_filtered.mgf	*..*		:2488	33	-1	0	263.237	1	0.890082	0	0	628374.0	809015.0	2,4,6-Tri-tert-butylphenol M+H	ECRFS_DB	temp/spectra_filtered.mgf1028	-1	ECRFS_DB.mgf	0.115932				9	0	3.05176e-05	263.237	0	CCMSLIB00012728788
1716	spectra_filtered.mgf	*..*		:1544	5126	-1	0	720.444	1	0.890066	0	0	56650.0	1229000.0	Spectral Match to KDdiA-PC from NIST14 M+H	GNPS-NIST14-MATCHES	temp/spectra_filtered.mgf1716	-1	GNPS-NIST14-MATCHES.mgf	1162.51				6	0	0.837524	719.606	0	CCMSLIB00003139613
1920	spectra_filtered.mgf	*..*		:968	4257	-1	0	834.622	1	0.889855	0	0	190892.0	16278800.0	Spectral Match to 1-Octadecanoyl-2-(4Z,7Z,10Z,13Z,16Z,19Z-docosahexaenoyl)-sn-glycero-3-phosphocholine from NIST14 M+H	GNPS-NIST14-MATCHES	temp/spectra_filtered.mgf1920	-1	GNPS-NIST14-MATCHES.mgf	25.3027				6	0	0.0211182	834.601	0	CCMSLIB00003138744
1829	spectra_filtered.mgf	*..*		:22935	22935	-1	0	689.56	1	0.889803	0	0	179091.0	14730200.0	SM(d18:1/15:0); [M+H]+ C38H78N2O6P1 M+H	PNNL-LIPIDS-POSITIVE	temp/spectra_filtered.mgf1829	-1	PNNL-LIPIDS-POSITIVE.mgf	1426.92				6	0	0.983948	690.544	0	CCMSLIB00010094339
793	spectra_filtered.mgf	*..*		:6012	2362	-1	0	282.279	0	0.889755	0	0	283986.0	46224000.0	Spectral Match to 9-Octadecenamide, (Z)- from NIST14 M+H	GNPS-NIST14-MATCHES	temp/spectra_filtered.mgf793	-1	GNPS-NIST14-MATCHES.mgf	4150.4				12	0	1.17157	283.451	0	CCMSLIB00003136849
3035	spectra_filtered.mgf	*..*		:2357	957	-1	0	815.7	1	0.889344	0	0	1473320.0	1949050.0	Spectral Match to N-Tetracosanoyl-4-sphingenyl-1-O-phosphorylcholine from NIST14 M+H	GNPS-NIST14-MATCHES	temp/spectra_filtered.mgf3035	-1	GNPS-NIST14-MATCHES.mgf	1.19721				6	0	0.000976562	815.701	0	CCMSLIB00003135443
651	spectra_filtered.mgf	*..*		:19885	19885	-1	0	432.311	1	0.88925	0	0	205.212	684247.0	glycodeoxycholic acid [M+H-H2O]+	MSNLIB-POSITIVE	temp/spectra_filtered.mgf651	-1	MSNLIB-POSITIVE.mgf	168.432				8	0	0.0728149	432.238	0	CCMSLIB00012306020
2095	spectra_filtered.mgf	*..*		:20385	20385	-1	0	798.601	1	0.888761	0	0	10138500.0	4210800.0	PC(17:0/20:3); [M+H]+ C45H85N1O8P1 M+H	PNNL-LIPIDS-POSITIVE	temp/spectra_filtered.mgf2095	-1	PNNL-LIPIDS-POSITIVE.mgf	0.993559				8	0	0.000793457	798.6	0	CCMSLIB00010091789
2146	spectra_filtered.mgf	*..*		:968	4257	-1	0	834.622	1	0.888134	0	0	190892.0	13576800.0	Spectral Match to 1-Octadecanoyl-2-(4Z,7Z,10Z,13Z,16Z,19Z-docosahexaenoyl)-sn-glycero-3-phosphocholine from NIST14 M+H	GNPS-NIST14-MATCHES	temp/spectra_filtered.mgf2146	-1	GNPS-NIST14-MATCHES.mgf	2389.64				6	0	1.99445	836.616	0	CCMSLIB00003138744
1706	spectra_filtered.mgf	*..*		:735	4938	-1	0	806.55	1	0.887593	0	0	340912.0	9296010.0	Spectral Match to 1-Palmitoyl-2-docosahexaenoyl-sn-glycero-3-phosphocholine from NIST14 M+H	GNPS-NIST14-MATCHES	temp/spectra_filtered.mgf1706	-1	GNPS-NIST14-MATCHES.mgf	24.7455				7	0	0.0199585	806.57	0	CCMSLIB00003139425
2048	spectra_filtered.mgf	*..*		:968	4257	-1	0	834.622	1	0.8873	0	0	190892.0	23654500.0	Spectral Match to 1-Octadecanoyl-2-(4Z,7Z,10Z,13Z,16Z,19Z-docosahexaenoyl)-sn-glycero-3-phosphocholine from NIST14 M+H	GNPS-NIST14-MATCHES	temp/spectra_filtered.mgf2048	-1	GNPS-NIST14-MATCHES.mgf	25.7414				6	0	0.0214844	834.601	0	CCMSLIB00003138744
2334	spectra_filtered.mgf	*..*		:11669	11669	-1	0	838.633	1	0.887106	0	0	2615490.0	5333810.0	PC(18:0/22:4); [M+H]+ C48H89N1O8P1 M+H	PNNL-LIPIDS-POSITIVE	temp/spectra_filtered.mgf2334	-1	PNNL-LIPIDS-POSITIVE.mgf	0.873352				7	0	0.000732422	838.632	0	CCMSLIB00010077245
2142	spectra_filtered.mgf	*..*		:11681	11681	-1	0	811.669	1	0.886487	0	0	4318300.0	115863000.0	SM(d18:2/24:1); [M+H]+ C47H92N2O6P1 M+H	PNNL-LIPIDS-POSITIVE	temp/spectra_filtered.mgf2142	-1	PNNL-LIPIDS-POSITIVE.mgf	1316.1				6	0	1.06824	810.601	0	CCMSLIB00010077270
1830	spectra_filtered.mgf	*..*		:1155	1155	-1	0	832.586	1	0.886105	0	0	328397.0	23235000.0	PC(18:1/22:6); [M+H]+ C48H83N1O8P1 M+H	PNNL-LIPIDS-POSITIVE	temp/spectra_filtered.mgf1830	-1	PNNL-LIPIDS-POSITIVE.mgf	0.879695				10	0	0.000732422	832.585	0	CCMSLIB00010056417
2286	spectra_filtered.mgf	*..*		:2071	65	-1	0	746.569	1	0.88595	0	0	7108360.0	79665400.0	Spectral Match to 1-Hexadecyl-2-(9Z-octadecenoyl)-sn-glycero-3-phosphocholine from NIST14 M+H	GNPS-NIST14-MATCHES	temp/spectra_filtered.mgf2286	-1	GNPS-NIST14-MATCHES.mgf	2.77964				8	0	0.0020752	746.571	0	CCMSLIB00003134551
2310	spectra_filtered.mgf	*..*		:11669	11669	-1	0	838.633	1	0.885825	0	0	2615490.0	5617060.0	PC(18:0/22:4); [M+H]+ C48H89N1O8P1 M+H	PNNL-LIPIDS-POSITIVE	temp/spectra_filtered.mgf2310	-1	PNNL-LIPIDS-POSITIVE.mgf	0.873352				8	0	0.000732422	838.632	0	CCMSLIB00010077245
1719	spectra_filtered.mgf	*..*		:15727	15727	-1	0	744.554	1	0.885756	0	0	1706060.0	5242700.0	PC(16:1/17:1); [M+H]+ C41H79N1O8P1 M+H	PNNL-LIPIDS-POSITIVE	temp/spectra_filtered.mgf1719	-1	PNNL-LIPIDS-POSITIVE.mgf	0.245926				8	0	0.000183105	744.554	0	CCMSLIB00010085693
1934	spectra_filtered.mgf	*..*		:1847	1847	-1	0	717.591	1	0.885626	0	0	1466310.0	4180030.0	SM(d18:1/17:0); [M+H]+ C40H82N2O6P1 M+H	PNNL-LIPIDS-POSITIVE	temp/spectra_filtered.mgf1934	-1	PNNL-LIPIDS-POSITIVE.mgf	38.5302				7	0	0.0276489	717.563	0	CCMSLIB00010057109
2281	spectra_filtered.mgf	*..*		:23985	23985	-1	0	796.586	1	0.884925	0	0	700240.0	19357100.0	PC(17:0/20:4); [M+H]+ C45H83N1O8P1 M+H	PNNL-LIPIDS-POSITIVE	temp/spectra_filtered.mgf2281	-1	PNNL-LIPIDS-POSITIVE.mgf	44.2103				9	0	0.0352173	796.621	0	CCMSLIB00010095389
50	spectra_filtered.mgf	*..*		:1183	808	-1	0	171.101	1	0.884209	0	0	22217000.0	64265400.0	Spectral Match to Azelaic acid from NIST14 M+H-H2O	GNPS-NIST14-MATCHES	temp/spectra_filtered.mgf50	-1	GNPS-NIST14-MATCHES.mgf	5747.03				7	0	0.983322	170.118	0	CCMSLIB00003135294
1285	spectra_filtered.mgf	*..*		:34185	34185	-1	0	432.111	1	0.88408	0	0	144.292	351524.0	Ex229 [M+H]+	MSNLIB-POSITIVE	temp/spectra_filtered.mgf1285	-1	MSNLIB-POSITIVE.mgf	294.645				6	0	0.127319	432.238	0	CCMSLIB00012336145
1900	spectra_filtered.mgf	*..*		:13099	13099	-1	0	808.586	1	0.882794	0	0	1187220.0	72722500.0	PC(18:1/20:4); [M+H]+ C46H83N1O8P1 M+H	PNNL-LIPIDS-POSITIVE	temp/spectra_filtered.mgf1900	-1	PNNL-LIPIDS-POSITIVE.mgf	0.830322				6	0	0.000671387	808.585	0	CCMSLIB00010080259
498	spectra_filtered.mgf	*..*		:1189	5055	-1	0	189.112	1	0.882334	0	0	651442.0	3497730.0	Spectral Match to Azelaic acid from NIST14 M+H	GNPS-NIST14-MATCHES	temp/spectra_filtered.mgf498	-1	GNPS-NIST14-MATCHES.mgf	5201.94				6	0	0.983749	188.128	0	CCMSLIB00003139542
1996	spectra_filtered.mgf	*..*		:744	744	-1	0	742.539	1	0.881071	0	0	5870600.0	9475160.0	PC(16:1/17:2); [M+H]+ C41H77N1O8P1 M+H	PNNL-LIPIDS-POSITIVE	temp/spectra_filtered.mgf1996	-1	PNNL-LIPIDS-POSITIVE.mgf	47.2638				6	0	0.0350952	742.574	0	CCMSLIB00010056006
438	spectra_filtered.mgf	*..*		:3119	918	-1	0	265.216	1	0.881003	0	0	1253890.0	26478200.0	Spectral Match to 12(S)-Hydroxy-16-heptadecynoic acid from NIST14 M+H-H2O	GNPS-NIST14-MATCHES	temp/spectra_filtered.mgf438	-1	GNPS-NIST14-MATCHES.mgf	7461.51				7	0	1.97891	263.237	0	CCMSLIB00003135404
1746	spectra_filtered.mgf	*..*		:21135	21135	-1	0	762.601	1	0.880736	0	0	1047990.0	7470520.0	PC(16:0/18:0); [M+H]+ C42H85N1O8P1 M+H	PNNL-LIPIDS-POSITIVE	temp/spectra_filtered.mgf1746	-1	PNNL-LIPIDS-POSITIVE.mgf	2567.38				9	0	1.95789	764.559	0	CCMSLIB00010092539
2209	spectra_filtered.mgf	*..*		:28597	28597	-1	0	820.586	1	0.880437	0	0	600637.0	10689800.0	PC(17:0/22:6); [M+H]+ C47H83N1O8P1 M+H	PNNL-LIPIDS-POSITIVE	temp/spectra_filtered.mgf2209	-1	PNNL-LIPIDS-POSITIVE.mgf	42.3222				6	0	0.034729	820.621	0	CCMSLIB00010100001
1657	spectra_filtered.mgf	*..*		:4814	22145	-1	0	473.318	1	0.880117	0	0	22239.5	15265800.0	C23 3a, 7a_4-hydroxybenzaldehyde [CCS=232.69866943359375] [M+H]+	GNPS-ION-MOBILITY-LIBRARY	temp/spectra_filtered.mgf1657	-1	GNPS-ION-MOBILITY-LIBRARY.mgf	0.257903				6	0	0.00012207	473.318	0	CCMSLIB00017431561
2615	spectra_filtered.mgf	*..*		:8657	8657	-1	0	828.554	1	0.879938	0	0	1764710.0	1224530.0	PC(20:4/20:5); [M+H]+ C48H79N1O8P1 M+H	PNNL-LIPIDS-POSITIVE	temp/spectra_filtered.mgf2615	-1	PNNL-LIPIDS-POSITIVE.mgf	1033.07				6	0	0.855957	827.698	0	CCMSLIB00010070819
3447	spectra_filtered.mgf	*..*		:971	10755	-1	0	850.783	1	0.879896	0	0	7517300000.0	9818720.0	TAG (16:0/16:0/18:1) M+NH4	GNPS-LIBRARY	temp/spectra_filtered.mgf3447	-1	GNPS-LIBRARY.mgf	4.08918				17	0	0.003479	850.786	0	CCMSLIB00006678169
993	spectra_filtered.mgf	*..*		:3553	2768	-1	0	460.424	1	0.879374	0	0	617610.0	1743170.0	spermidine-C20:1 M+Na	ECG-ACYL-AMIDES-C4-C24-LIBRARY	temp/spectra_filtered.mgf993	-1	ECG-ACYL-AMIDES-C4-C24-LIBRARY.mgf	335.451				6	0	0.154449	460.27	0	CCMSLIB00011436270
2029	spectra_filtered.mgf	*..*		:30469	30469	-1	0	820.622	1	0.878986	0	0	773039.0	2489590.0	PC(O-18:0/22:6); [M+H]+ C48H87N1O7P1 M+H	PNNL-LIPIDS-POSITIVE	temp/spectra_filtered.mgf2029	-1	PNNL-LIPIDS-POSITIVE.mgf	2411.59				6	0	1.979	822.601	0	CCMSLIB00010101873
2252	spectra_filtered.mgf	*..*		:23653	23653	-1	0	796.586	1	0.878965	0	0	590162.0	17256300.0	PC(17:0/20:4); [M+H]+ C45H83N1O8P1 M+H	PNNL-LIPIDS-POSITIVE	temp/spectra_filtered.mgf2252	-1	PNNL-LIPIDS-POSITIVE.mgf	2485.58				7	0	1.97998	794.606	0	CCMSLIB00010095057
2648	spectra_filtered.mgf	*..*		:11901	11901	-1	0	812.698	1	0.878882	0	0	124997.0	14166400.0	GalCer(d18:1/24:0); [M+H]+ C48H94N1O8 M+H	PNNL-LIPIDS-POSITIVE	temp/spectra_filtered.mgf2648	-1	PNNL-LIPIDS-POSITIVE.mgf	1.20163				9	0	0.000976562	812.697	0	CCMSLIB00010077741
3061	spectra_filtered.mgf	*..*		:29281	29281	-1	0	634.614	1	0.878819	0	0	1196810.0	4777030.0	Cer(d18:1/23:1); [M+H]+ C41H80N1O3 M+H	PNNL-LIPIDS-POSITIVE	temp/spectra_filtered.mgf3061	-1	PNNL-LIPIDS-POSITIVE.mgf	3119.01				12	0	1.97937	632.635	0	CCMSLIB00010100685
1615	spectra_filtered.mgf	*..*		:13649	13649	-1	0	780.554	1	0.878596	0	0	433345.0	30542900.0	PC(16:1/20:4); [M+H]+ C44H79N1O8P1 M+H	PNNL-LIPIDS-POSITIVE	temp/spectra_filtered.mgf1615	-1	PNNL-LIPIDS-POSITIVE.mgf	0.0				6	0	0.0	780.554	0	CCMSLIB00010081394
2306	spectra_filtered.mgf	*..*		:17237	17237	-1	0	822.601	1	0.877699	0	0	181841.0	3907790.0	PC(19:1/20:4); [M+H]+ C47H85N1O8P1 M+H	PNNL-LIPIDS-POSITIVE	temp/spectra_filtered.mgf2306	-1	PNNL-LIPIDS-POSITIVE.mgf	43.1089				8	0	0.0354614	822.636	0	CCMSLIB00010088641
3452	spectra_filtered.mgf	*..*		:1188	10752	-1	0	876.799	1	0.877481	0	0	5577200000.0	20368500.0	TAG (16:0/18:1/18:1) M+NH4	GNPS-LIBRARY	temp/spectra_filtered.mgf3452	-1	GNPS-LIBRARY.mgf	3.82862				14	0	0.00335693	876.802	0	CCMSLIB00006678166
1684	spectra_filtered.mgf	*..*		:3396	1558	-1	0	369.352	1	0.877367	0	0	509559.0	1381520.0	Spectral Match to Cholesterol from NIST14 M+H-H2O	GNPS-NIST14-MATCHES	temp/spectra_filtered.mgf1684	-1	GNPS-NIST14-MATCHES.mgf	106.999				17	0	0.0395203	369.392	0	CCMSLIB00003136045
190	spectra_filtered.mgf	*..*		:3553	2768	-1	0	460.424	1	0.876741	0	0	617610.0	5285630.0	spermidine-C20:1 M+Na	ECG-ACYL-AMIDES-C4-C24-LIBRARY	temp/spectra_filtered.mgf190	-1	ECG-ACYL-AMIDES-C4-C24-LIBRARY.mgf	335.782				6	0	0.154602	460.269	0	CCMSLIB00011436270
2102	spectra_filtered.mgf	*..*		:28597	28597	-1	0	820.586	1	0.876338	0	0	600637.0	2700200.0	PC(17:0/22:6); [M+H]+ C47H83N1O8P1 M+H	PNNL-LIPIDS-POSITIVE	temp/spectra_filtered.mgf2102	-1	PNNL-LIPIDS-POSITIVE.mgf	39.2726				6	0	0.0322266	820.618	0	CCMSLIB00010100001
455	spectra_filtered.mgf	*..*		:4789	5235	-1	0	189.112	1	0.874738	0	0	1274310.0	1510680.0	azelaic acid CollisionEnergy:102040 M+H	BERKELEY-LAB	temp/spectra_filtered.mgf455	-1	BERKELEY-LAB.mgf	5202.1				8	0	0.98378	188.128	0	CCMSLIB00010107223
969	spectra_filtered.mgf	*..*		:2578	3297	-1	0	563.552	1	0.873877	0	0	5172120.0	685461.0	Spectral Match to 9-Octadecenamide, (Z)- from NIST14 2M+H	GNPS-NIST14-MATCHES	temp/spectra_filtered.mgf969	-1	GNPS-NIST14-MATCHES.mgf	1.08304				10	0	0.000610352	563.551	0	CCMSLIB00003137784
2553	spectra_filtered.mgf	*..*		:7809	7809	-1	0	773.654	1	0.873353	0	0	26570900.0	1865380.0	SM(d18:1/21:0); [M+H]+ C44H90N2O6P1 M+H	PNNL-LIPIDS-POSITIVE	temp/spectra_filtered.mgf2553	-1	PNNL-LIPIDS-POSITIVE.mgf	2568.02				6	0	1.98676	775.641	0	CCMSLIB00010069089
596	spectra_filtered.mgf	*..*		:2315	20778	-1	0	351.253	1	0.872976	0	0	360.568	4932780.0	(5R)-5-hydroxy-1-(4-hydroxy-3-methoxyphenyl)tetradecan-3-one [M+H]+	MONA	temp/spectra_filtered.mgf596	-1	MONA.mgf	2826.36				7	0	0.992767	352.246	0	CCMSLIB00004693378
2184	spectra_filtered.mgf	*..*		:28597	28597	-1	0	820.586	1	0.87257	0	0	600637.0	7256340.0	PC(17:0/22:6); [M+H]+ C47H83N1O8P1 M+H	PNNL-LIPIDS-POSITIVE	temp/spectra_filtered.mgf2184	-1	PNNL-LIPIDS-POSITIVE.mgf	2414.6				7	0	1.98138	818.605	0	CCMSLIB00010100001
1699	spectra_filtered.mgf	*..*		:17615	17615	-1	0	856.68	1	0.871976	0	0	440322.0	2154180.0	PC(19:1/22:1); [M+H]+ C49H95N1O8P1 M+H	PNNL-LIPIDS-POSITIVE	temp/spectra_filtered.mgf1699	-1	PNNL-LIPIDS-POSITIVE.mgf	110.503				6	0	0.0946655	856.585	0	CCMSLIB00010089019
36	spectra_filtered.mgf	*..*		:4658	22012	-1	0	519.325	1	0.87167	0	0	177188.0	493346.0	C23 3a, 7b_kojic acid [CCS=212.06292724609375] [M+NH4]+	GNPS-ION-MOBILITY-LIBRARY	temp/spectra_filtered.mgf36	-1	GNPS-ION-MOBILITY-LIBRARY.mgf	1941.44				13	0	1.00824	520.333	0	CCMSLIB00017431428
191	spectra_filtered.mgf	*..*		:34185	34185	-1	0	432.111	1	0.87095	0	0	144.292	350281.0	Ex229 [M+H]+	MSNLIB-POSITIVE	temp/spectra_filtered.mgf191	-1	MSNLIB-POSITIVE.mgf	294.221				6	0	0.127136	432.238	0	CCMSLIB00012336145
2270	spectra_filtered.mgf	*..*		:23985	23985	-1	0	796.586	1	0.870769	0	0	700240.0	3686600.0	PC(17:0/20:4); [M+H]+ C45H83N1O8P1 M+H	PNNL-LIPIDS-POSITIVE	temp/spectra_filtered.mgf2270	-1	PNNL-LIPIDS-POSITIVE.mgf	2485.35				9	0	1.9798	794.606	0	CCMSLIB00010095389
1973	spectra_filtered.mgf	*..*		:20733	20733	-1	0	768.554	1	0.870613	0	0	5446350.0	47351400.0	PC(15:0/20:4); [M+H]+ C43H79N1O8P1 M+H	PNNL-LIPIDS-POSITIVE	temp/spectra_filtered.mgf1973	-1	PNNL-LIPIDS-POSITIVE.mgf	2575.21				6	0	1.97919	766.575	0	CCMSLIB00010092137
764	spectra_filtered.mgf	*..*		:2296	2928	-1	0	247.199	1	0.870457	0	0	7000.0	18251000.0	Spectral Match to 5(Z),8(Z),11(Z)-Eicosatrienoic acid methyl ester from NIST14 247.2	GNPS-NIST14-MATCHES	temp/spectra_filtered.mgf764	-1	GNPS-NIST14-MATCHES.mgf	173.699				9	0	0.0429382	247.242	0	CCMSLIB00003137415
1573	spectra_filtered.mgf	*..*		:2932	12360	-1	0	584.57	1	0.869952	0	0	11123.0	906027.0	Cer (19:0;2O/17:0;O) M+H	GNPS-LIBRARY	temp/spectra_filtered.mgf1573	-1	GNPS-LIBRARY.mgf	57.2169				6	0	0.0334473	584.537	0	CCMSLIB00010128722
2482	spectra_filtered.mgf	*..*		:3119	918	-1	0	265.216	1	0.868835	0	0	1253890.0	170259.0	Spectral Match to 12(S)-Hydroxy-16-heptadecynoic acid from NIST14 M+H-H2O	GNPS-NIST14-MATCHES	temp/spectra_filtered.mgf2482	-1	GNPS-NIST14-MATCHES.mgf	3572.25				6	0	0.947418	264.269	0	CCMSLIB00003135404
1546	spectra_filtered.mgf	*..*		:34571	34571	-1	0	432.311	1	0.868125	0	0	204.33	1094050.0	glycodeoxycholic acid [M+H-H2O]+	MSNLIB-POSITIVE	temp/spectra_filtered.mgf1546	-1	MSNLIB-POSITIVE.mgf	168.22				6	0	0.0727234	432.238	0	CCMSLIB00012336920
779	spectra_filtered.mgf	*..*		:5452	5137	-1	0	282.279	1	0.867803	0	0	150806.0	38422100.0	Spectral Match to 9-Octadecenamide, (Z)- from NIST14 M+H	GNPS-NIST14-MATCHES	temp/spectra_filtered.mgf779	-1	GNPS-NIST14-MATCHES.mgf	4182.83				11	0	1.18073	283.46	0	CCMSLIB00003139624
945	spectra_filtered.mgf	*..*		:4795	2306	-1	0	284.295	1	0.866613	0	0	1082080.0	3921940.0	Spectral Match to Octadecanamide from NIST14 M+H	GNPS-NIST14-MATCHES	temp/spectra_filtered.mgf945	-1	GNPS-NIST14-MATCHES.mgf	3525.31				7	0	1.00223	285.297	0	CCMSLIB00003136793
3399	spectra_filtered.mgf	*..*		:938	10760	-1	0	796.737	1	0.866485	0	0	1051110000.0	2327950.0	TAG (14:0/16:0/16:0)/ TAG (14:0/14:0/18:0) M+NH4	GNPS-LIBRARY	temp/spectra_filtered.mgf3399	-1	GNPS-LIBRARY.mgf	3.14086				19	0	0.00250244	796.74	0	CCMSLIB00006678174
1473	spectra_filtered.mgf	*..*		:34185	34185	-1	0	432.111	1	0.866427	0	0	144.292	676076.0	Ex229 [M+H]+	MSNLIB-POSITIVE	temp/spectra_filtered.mgf1473	-1	MSNLIB-POSITIVE.mgf	294.716				6	0	0.12735	432.238	0	CCMSLIB00012336145
2469	spectra_filtered.mgf	*..*		:14481	14481	-1	0	841.716	1	0.866193	0	0	325544.0	1686980.0	SM(d18:1/26:1); [M+H]+ C49H98N2O6P1 M+H	PNNL-LIPIDS-POSITIVE	temp/spectra_filtered.mgf2469	-1	PNNL-LIPIDS-POSITIVE.mgf	1268.83				6	0	1.06799	840.648	0	CCMSLIB00010083121
755	spectra_filtered.mgf	*..*		:2578	3297	-1	0	563.552	1	0.865961	0	0	5172120.0	191978000.0	Spectral Match to 9-Octadecenamide, (Z)- from NIST14 2M+H	GNPS-NIST14-MATCHES	temp/spectra_filtered.mgf755	-1	GNPS-NIST14-MATCHES.mgf	1.62457				10	0	0.000915527	563.551	0	CCMSLIB00003137784
1310	spectra_filtered.mgf	*..*		:15328	13021	-1	0	675.674	1	0.86548	0	0	535394.0	5859370.0	13-Docosenamide, (Z)- M+H	GNPS-LIBRARY	temp/spectra_filtered.mgf1310	-1	GNPS-LIBRARY.mgf	3.97462				16	0	0.00268555	675.677	0	CCMSLIB00010152838
1464	spectra_filtered.mgf	*..*		:1858	3903	-1	0	760.586	1	0.863317	0	0	15161200.0	1218700.0	Spectral Match to 1-Hexadecanoyl-2-(9Z-octadecenoyl)-sn-glycero-3-phosphocholine from NIST14 M+H	GNPS-NIST14-MATCHES	temp/spectra_filtered.mgf1464	-1	GNPS-NIST14-MATCHES.mgf	1370.79				6	0	1.0426	761.629	0	CCMSLIB00003138390
70	spectra_filtered.mgf	*..*		:2109	3963	-1	0	135.117	1	0.86327	0	0	105344.0	5642930.0	Spectral Match to .alpha.-Pinene oxide from NIST14 M+H-H2O	GNPS-NIST14-MATCHES	temp/spectra_filtered.mgf70	-1	GNPS-NIST14-MATCHES.mgf	269.79				6	0	0.0364532	135.081	0	CCMSLIB00003138450
2233	spectra_filtered.mgf	*..*		:2269	2269	-1	0	746.57	1	0.863102	0	0	2464950.0	16176400.0	PE(18:0/18:1); [M+H]+ C41H81N1O8P1 M+H	PNNL-LIPIDS-POSITIVE	temp/spectra_filtered.mgf2233	-1	PNNL-LIPIDS-POSITIVE.mgf	1392.03				11	0	1.03925	747.609	0	CCMSLIB00010057531
579	spectra_filtered.mgf	*..*		:3553	2768	-1	0	460.424	1	0.862643	0	0	617610.0	8696760.0	spermidine-C20:1 M+Na	ECG-ACYL-AMIDES-C4-C24-LIBRARY	temp/spectra_filtered.mgf579	-1	ECG-ACYL-AMIDES-C4-C24-LIBRARY.mgf	335.451				6	0	0.154449	460.27	0	CCMSLIB00011436270
2186	spectra_filtered.mgf	*..*		:21945	21945	-1	0	768.591	1	0.861996	0	0	933956.0	5059810.0	PC(O-16:0/20:4); [M+H]+ C44H83N1O7P1 M+H	PNNL-LIPIDS-POSITIVE	temp/spectra_filtered.mgf2186	-1	PNNL-LIPIDS-POSITIVE.mgf	2574.45				8	0	1.9787	770.57	0	CCMSLIB00010093349
870	spectra_filtered.mgf	*..*		:3553	2768	-1	0	460.424	1	0.861215	0	0	617610.0	2693630.0	spermidine-C20:1 M+Na	ECG-ACYL-AMIDES-C4-C24-LIBRARY	temp/spectra_filtered.mgf870	-1	ECG-ACYL-AMIDES-C4-C24-LIBRARY.mgf	335.384				6	0	0.154419	460.27	0	CCMSLIB00011436270
44	spectra_filtered.mgf	*..*		:4789	5235	-1	0	189.112	1	0.86043	0	0	1274310.0	6359980.0	azelaic acid CollisionEnergy:102040 M+H	BERKELEY-LAB	temp/spectra_filtered.mgf44	-1	BERKELEY-LAB.mgf	5202.26				7	0	0.98381	188.128	0	CCMSLIB00010107223
2890	spectra_filtered.mgf	*..*		:29309	29309	-1	0	648.629	1	0.860191	0	0	447304.0	6610460.0	Cer(d18:1/24:1); [M+H]+ C42H82N1O3 M+H	PNNL-LIPIDS-POSITIVE	temp/spectra_filtered.mgf2890	-1	PNNL-LIPIDS-POSITIVE.mgf	0.188197				15	0	0.00012207	648.629	0	CCMSLIB00010100713
1774	spectra_filtered.mgf	*..*		:624	624	-1	0	770.57	1	0.859505	0	0	9422330.0	2225920.0	PC(17:1/18:2); [M+H]+ C43H81N1O8P1 M+H	PNNL-LIPIDS-POSITIVE	temp/spectra_filtered.mgf1774	-1	PNNL-LIPIDS-POSITIVE.mgf	0.950494				7	0	0.000732422	770.569	0	CCMSLIB00010055886
613	spectra_filtered.mgf	*..*		:41175	53174	-1	0	302.305	1	0.858518	0	0	14894800.0	71240.4	Massbank:LU100204 2,2'-(Tetradecylimino)diethanol|Tetradecyldiethanolamine M+H	MASSBANK	temp/spectra_filtered.mgf613	-1	MASSBANK.mgf	196.549				6	0	0.0594177	302.246	0	CCMSLIB00005766726
729	spectra_filtered.mgf	*..*		:84755	185194	-1	0	154.086	1	0.858511	0	0	113.615	1426750.0	3-(2-methyl-5-oxopyrrolidin-2-yl)propanoic acid [M+H-H2O]+	MSNLIB-POSITIVE	temp/spectra_filtered.mgf729	-1	MSNLIB-POSITIVE.mgf	6456.11				6	0	0.994797	153.091	0	CCMSLIB00012891964
74	spectra_filtered.mgf	*..*		:301	14162	-1	0	165.076	1	0.857919	0	0	73527700.0	2596840.0	Mannitol M+H-H2O	GNPS-LIBRARY	temp/spectra_filtered.mgf74	-1	GNPS-LIBRARY.mgf	0.647045				6	0	0.000106812	165.076	0	CCMSLIB00012176426
3368	spectra_filtered.mgf	*..*		:1014	10763	-1	0	768.707	1	0.857607	0	0	696820000.0	1950570.0	TAG (14:0/14:0/16:0) M+NH4	GNPS-LIBRARY	temp/spectra_filtered.mgf3368	-1	GNPS-LIBRARY.mgf	1.5086				17	0	0.00115967	768.708	0	CCMSLIB00006678177
49	spectra_filtered.mgf	*..*		:25126	43589	-1	0	343.225	1	0.857592	0	0	351.593	816203.0	Spegatrine [M+NH4]+	MONA	temp/spectra_filtered.mgf49	-1	MONA.mgf	3073.76				8	0	1.05499	342.17	0	CCMSLIB00004716189
499	spectra_filtered.mgf	*..*		:38	231	-1	0	155.043	1	0.857416	0	0	58969.1	30655200.0	ASPARAGINE M+Na	GNPS-MSMLS	temp/spectra_filtered.mgf499	-1	GNPS-MSMLS.mgf	12589.2				6	0	1.95187	153.091	0	CCMSLIB00005463982
761	spectra_filtered.mgf	*..*		:4218	5408	-1	0	265.252	1	0.85642	0	0	1406980.0	30961400.0	Spectral Match to 9-Octadecenamide, (Z)- from NIST14 M+H-NH3	GNPS-NIST14-MATCHES	temp/spectra_filtered.mgf761	-1	GNPS-NIST14-MATCHES.mgf	2.18597				9	0	0.000579834	265.253	0	CCMSLIB00003139895
681	spectra_filtered.mgf	*..*		:35108	47107	-1	0	403.233	1	0.856026	0	0	302779.0	5095380.0	Massbank:LU052302 Acetyl tributyl citrate|tributyl 2-acetyloxypropane-1,2,3-tricarboxylate M+H	MASSBANK	temp/spectra_filtered.mgf681	-1	MASSBANK.mgf	0.68114				7	0	0.000274658	403.233	0	CCMSLIB00005760659
1983	spectra_filtered.mgf	*..*		:901	922	-1	0	756.553	1	0.854778	0	0	287491.0	4356000.0	Spectral Match to 1,2-Dihexadecanoyl-sn-glycero-3-phosphocholine from NIST14 M+Na	GNPS-NIST14-MATCHES	temp/spectra_filtered.mgf1983	-1	GNPS-NIST14-MATCHES.mgf	1.61351				11	0	0.0012207	756.552	0	CCMSLIB00003135408
1897	spectra_filtered.mgf	*..*		:7299	7299	-1	0	818.606	1	0.853857	0	0	3912150.0	1838120.0	PC(P-18:0/22:6); [M+H]+ C48H85N1O7P1 M+H	PNNL-LIPIDS-POSITIVE	temp/spectra_filtered.mgf1897	-1	PNNL-LIPIDS-POSITIVE.mgf	2417.31				6	0	1.97882	820.585	0	CCMSLIB00010068035
698	spectra_filtered.mgf	*..*		:35108	47107	-1	0	403.233	1	0.853699	0	0	302779.0	2779510.0	Massbank:LU052302 Acetyl tributyl citrate|tributyl 2-acetyloxypropane-1,2,3-tricarboxylate M+H	MASSBANK	temp/spectra_filtered.mgf698	-1	MASSBANK.mgf	297.734				7	0	0.120056	403.353	0	CCMSLIB00005760659
2939	spectra_filtered.mgf	*..*		:1629	4452	-1	0	1037.63	1	0.853667	0	0	23709.0	2551550.0	Asp-UDCA 2M+Na	BILELIB19	temp/spectra_filtered.mgf2939	-1	BILELIB19.mgf	1523.83				6	0	1.58118	1036.05	0	CCMSLIB00006584931
2	spectra_filtered.mgf	*..*		:600	5710	-1	0	239.105	1	0.853545	0	0	690140.0	5612480.0	Spectral Match to 4-(2-Hydroxyethyl)piperazine-1-ethanesulfonic acid from NIST14 M+H	GNPS-NIST14-MATCHES	temp/spectra_filtered.mgf2	-1	GNPS-NIST14-MATCHES.mgf	4.59477				9	0	0.00109863	239.106	0	CCMSLIB00003140197
1355	spectra_filtered.mgf	*..*		:3553	2768	-1	0	460.424	1	0.851607	0	0	617610.0	2091790.0	spermidine-C20:1 M+Na	ECG-ACYL-AMIDES-C4-C24-LIBRARY	temp/spectra_filtered.mgf1355	-1	ECG-ACYL-AMIDES-C4-C24-LIBRARY.mgf	335.583				6	0	0.15451	460.27	0	CCMSLIB00011436270
281	spectra_filtered.mgf	*..*		:45486	45486	-1	0	316.152	1	0.851286	0	0	439.122	1726140.0	Defensamide [M+Na]+	MSNLIB-POSITIVE	temp/spectra_filtered.mgf281	-1	MSNLIB-POSITIVE.mgf	3708.23				6	0	1.17236	317.324	0	CCMSLIB00012358877
3417	spectra_filtered.mgf	*..*		:7146	10797	-1	0	950.816	1	0.851189	0	0	141940000.0	4217200.0	TAG (18:0/18:1/22:6) M+NH4	GNPS-LIBRARY	temp/spectra_filtered.mgf3417	-1	GNPS-LIBRARY.mgf	1.73319				21	0	0.00164795	950.818	0	CCMSLIB00006678211
2076	spectra_filtered.mgf	*..*		:22087	22087	-1	0	794.57	1	0.850917	0	0	298162.0	18862500.0	PC(17:0/20:5); [M+H]+ C45H81N1O8P1 M+H	PNNL-LIPIDS-POSITIVE	temp/spectra_filtered.mgf2076	-1	PNNL-LIPIDS-POSITIVE.mgf	44.5529				10	0	0.0354004	794.605	0	CCMSLIB00010093491
2258	spectra_filtered.mgf	*..*		:21945	21945	-1	0	768.591	1	0.850135	0	0	933956.0	11073100.0	PC(O-16:0/20:4); [M+H]+ C44H83N1O7P1 M+H	PNNL-LIPIDS-POSITIVE	temp/spectra_filtered.mgf2258	-1	PNNL-LIPIDS-POSITIVE.mgf	2574.29				9	0	1.97858	770.57	0	CCMSLIB00010093349
2204	spectra_filtered.mgf	*..*		:2365	2532	-1	0	778.54	1	0.849407	0	0	2395140.0	4138810.0	Spectral Match to 1,2-Di-(9Z,12Z,15Z-octadecatrienoyl)-sn-glycero-3-phosphocholine from NIST14 M+H	GNPS-NIST14-MATCHES	temp/spectra_filtered.mgf2204	-1	GNPS-NIST14-MATCHES.mgf	2476.48				10	0	1.92804	776.612	0	CCMSLIB00003137019
1297	spectra_filtered.mgf	*..*		:3553	2768	-1	0	460.424	1	0.849398	0	0	617610.0	3007660.0	spermidine-C20:1 M+Na	ECG-ACYL-AMIDES-C4-C24-LIBRARY	temp/spectra_filtered.mgf1297	-1	ECG-ACYL-AMIDES-C4-C24-LIBRARY.mgf	335.583				6	0	0.15451	460.27	0	CCMSLIB00011436270
2261	spectra_filtered.mgf	*..*		:17997	17997	-1	0	796.586	1	0.849109	0	0	1768030.0	10200400.0	PC(15:0/22:4); [M+H]+ C45H83N1O8P1 M+H	PNNL-LIPIDS-POSITIVE	temp/spectra_filtered.mgf2261	-1	PNNL-LIPIDS-POSITIVE.mgf	0.536346				9	0	0.000427246	796.586	0	CCMSLIB00010089401
1195	spectra_filtered.mgf	*..*		:3553	2768	-1	0	460.424	1	0.848266	0	0	617610.0	2867880.0	spermidine-C20:1 M+Na	ECG-ACYL-AMIDES-C4-C24-LIBRARY	temp/spectra_filtered.mgf1195	-1	ECG-ACYL-AMIDES-C4-C24-LIBRARY.mgf	335.782				6	0	0.154602	460.269	0	CCMSLIB00011436270
1223	spectra_filtered.mgf	*..*		:3667	2622	-1	0	350.342	1	0.847169	0	0	3894350.0	346568.0	amylamine-C18:2 M+H	ECG-ACYL-AMIDES-C4-C24-LIBRARY	temp/spectra_filtered.mgf1223	-1	ECG-ACYL-AMIDES-C4-C24-LIBRARY.mgf	1.0453				12	0	0.000366211	350.342	0	CCMSLIB00011436115
1777	spectra_filtered.mgf	*..*		:28	28	-1	0	768.554	1	0.846574	0	0	3708990.0	1733090.0	PC(17:2/18:2); [M+H]+ C43H79N1O8P1 M+H	PNNL-LIPIDS-POSITIVE	temp/spectra_filtered.mgf1777	-1	PNNL-LIPIDS-POSITIVE.mgf	2544.63				6	0	1.95569	770.51	0	CCMSLIB00010055290
669	spectra_filtered.mgf	*..*		:3556	1763	-1	0	511.52	1	0.846325	0	0	1144200.0	13379300.0	amylamine-C11:0 2M+H	ECG-ACYL-AMIDES-C4-C24-LIBRARY	temp/spectra_filtered.mgf669	-1	ECG-ACYL-AMIDES-C4-C24-LIBRARY.mgf	0.178982				6	0	9.15527e-05	511.52	0	CCMSLIB00011435216
2202	spectra_filtered.mgf	*..*		:4963	1673	-1	0	538.52	1	0.84579	0	0	136140.0	1214540.0	Ceramide (18:1/16:0) M+H	GNPS-LIBRARY	temp/spectra_filtered.mgf2202	-1	GNPS-LIBRARY.mgf	0.226677				9	0	0.00012207	538.52	0	CCMSLIB00000223895
3415	spectra_filtered.mgf	*..*		:9641	10813	-1	0	924.8	1	0.843985	0	0	256520000.0	3934520.0	TAG (16:0/18:0/22:6) M+NH4	GNPS-LIBRARY	temp/spectra_filtered.mgf3415	-1	GNPS-LIBRARY.mgf	2.37594				17	0	0.00219727	924.802	0	CCMSLIB00006678228
1631	spectra_filtered.mgf	*..*		:5125	1007	-1	0	282.279	0	0.843322	0	0	458596.0	257700.0	Spectral Match to 9-Octadecenamide, (Z)- from NIST14 M+H	GNPS-NIST14-MATCHES	temp/spectra_filtered.mgf1631	-1	GNPS-NIST14-MATCHES.mgf	3485.62				7	0	0.983917	283.263	0	CCMSLIB00003135493
379	spectra_filtered.mgf	*..*		:5494	4427	-1	0	282.279	1	0.842269	0	0	166485.0	1531090.0	Spectral Match to 9-Octadecenamide, (Z)- from NIST14 M+H	GNPS-NIST14-MATCHES	temp/spectra_filtered.mgf379	-1	GNPS-NIST14-MATCHES.mgf	3555.24				8	0	1.00357	283.283	0	CCMSLIB00003138914
3441	spectra_filtered.mgf	*..*		:7141	25604	-1	0	833.408	1	0.842148	0	0	594.729	16695600.0	2,2,6b,9,9,12a-hexamethyl-4a-[3,4,5-trihydroxy-6-(hydroxymethyl)oxan-2-yl]oxycarbonyl-10-(3,4,5-trihydroxy-6-methyloxan-2-yl)oxy-1,3,4,5,6,6a,7,8,8a,10,11,12,13,14b-tetradecahydropicene-6a-carboxylic acid [M+K]+	MONA	temp/spectra_filtered.mgf3441	-1	MONA.mgf	1399.97				16	0	1.16675	832.241	0	CCMSLIB00004698204
1826	spectra_filtered.mgf	*..*		:2365	2532	-1	0	778.54	1	0.840899	0	0	2395140.0	1076600.0	Spectral Match to 1,2-Di-(9Z,12Z,15Z-octadecatrienoyl)-sn-glycero-3-phosphocholine from NIST14 M+H	GNPS-NIST14-MATCHES	temp/spectra_filtered.mgf1826	-1	GNPS-NIST14-MATCHES.mgf	87.5694				6	0	0.0681763	778.608	0	CCMSLIB00003137019
512	spectra_filtered.mgf	*..*		:24348	24348	-1	0	358.368	1	0.840711	0	0	364.715	4538310.0	Stearyldiethanolamine [M+H]+	MSNLIB-POSITIVE	temp/spectra_filtered.mgf512	-1	MSNLIB-POSITIVE.mgf	0.255471				6	0	9.15527e-05	358.368	0	CCMSLIB00012316042
2194	spectra_filtered.mgf	*..*		:22087	22087	-1	0	794.57	1	0.840437	0	0	298162.0	4093520.0	PC(17:0/20:5); [M+H]+ C45H81N1O8P1 M+H	PNNL-LIPIDS-POSITIVE	temp/spectra_filtered.mgf2194	-1	PNNL-LIPIDS-POSITIVE.mgf	1.68994				9	0	0.00134277	794.569	0	CCMSLIB00010093491
525	spectra_filtered.mgf	*..*		:2887	379	-1	0	279.232	1	0.840373	0	0	759178.0	43557900.0	gamma-Linolenic acid (known structural isomers: 0; isobaric peaks in run: 2) [M+H]+	CMMC-FOOD-BIOMARKERS	temp/spectra_filtered.mgf525	-1	CMMC-FOOD-BIOMARKERS.mgf	3523.33				8	0	0.983826	278.248	0	CCMSLIB00013576563
2097	spectra_filtered.mgf	*..*		:22087	22087	-1	0	794.57	1	0.840125	0	0	298162.0	17586400.0	PC(17:0/20:5); [M+H]+ C45H81N1O8P1 M+H	PNNL-LIPIDS-POSITIVE	temp/spectra_filtered.mgf2097	-1	PNNL-LIPIDS-POSITIVE.mgf	0.768153				12	0	0.000610352	794.569	0	CCMSLIB00010093491
450	spectra_filtered.mgf	*..*		:1183	808	-1	0	171.101	1	0.83946	0	0	22217000.0	5516320.0	Spectral Match to Azelaic acid from NIST14 M+H-H2O	GNPS-NIST14-MATCHES	temp/spectra_filtered.mgf450	-1	GNPS-NIST14-MATCHES.mgf	5747.12				7	0	0.983337	170.118	0	CCMSLIB00003135294
2476	spectra_filtered.mgf	*..*		:17639	17639	-1	0	810.682	1	0.839116	0	0	1195070.0	7255740.0	GalCer(d18:1/24:1); [M+H]+ C48H92N1O8 M+H	PNNL-LIPIDS-POSITIVE	temp/spectra_filtered.mgf2476	-1	PNNL-LIPIDS-POSITIVE.mgf	0.301155				8	0	0.000244141	810.682	0	CCMSLIB00010089043
2390	spectra_filtered.mgf	*..*		:28729	28729	-1	0	846.695	1	0.839069	0	0	428322.0	648182.0	PC(16:0/24:0); [M+H]+ C48H97N1O8P1 M+H	PNNL-LIPIDS-POSITIVE	temp/spectra_filtered.mgf2390	-1	PNNL-LIPIDS-POSITIVE.mgf	2315.92				7	0	1.96088	848.656	0	CCMSLIB00010100133
3418	spectra_filtered.mgf	*..*		:1243	10753	-1	0	874.784	1	0.838846	0	0	624400000.0	8430030.0	TAG (16:0/18:1/18:2) M+NH4	GNPS-LIBRARY	temp/spectra_filtered.mgf3418	-1	GNPS-LIBRARY.mgf	3.06995				16	0	0.00268555	874.787	0	CCMSLIB00006678167
3080	spectra_filtered.mgf	*..*		:25505	25505	-1	0	676.661	1	0.837765	0	0	1031680.0	730670.0	Cer(d18:1/26:1); [M+H]+ C44H86N1O3 M+H	PNNL-LIPIDS-POSITIVE	temp/spectra_filtered.mgf3080	-1	PNNL-LIPIDS-POSITIVE.mgf	0.360802				8	0	0.000244141	676.661	0	CCMSLIB00010096909
2468	spectra_filtered.mgf	*..*		:8216	15823	-1	0	532.439	1	0.837396	0	0	241018.0	320077.0	Didodecyl 3,3'-thiodipropionate M+NH4	GNPS-LIBRARY	temp/spectra_filtered.mgf2468	-1	GNPS-LIBRARY.mgf	0.802432				10	0	0.000427246	532.439	0	CCMSLIB00017457371
337	spectra_filtered.mgf	*..*		:16928	117367	-1	0	330.179	1	0.837016	0	0	365.592	17115700.0	Z1517722710 [M+Na]+	MSNLIB-POSITIVE	temp/spectra_filtered.mgf337	-1	MSNLIB-POSITIVE.mgf	367.769				6	0	0.121429	330.3	0	CCMSLIB00012766668
1548	spectra_filtered.mgf	*..*		:2513	2513	-1	0	802.633	1	0.836361	0	0	1154240.0	1900190.0	PC(18:0/19:1); [M+H]+ C45H89N1O8P1 M+H	PNNL-LIPIDS-POSITIVE	temp/spectra_filtered.mgf1548	-1	PNNL-LIPIDS-POSITIVE.mgf	2393.63				6	0	1.9212	804.554	0	CCMSLIB00010057775
317	spectra_filtered.mgf	*..*		:3168	3168	-1	0	247.0	1	0.83601	0	0	592.682	9676210.0	MoNA:2479447 O-Galactosylsphingosine M+H	MONA	temp/spectra_filtered.mgf317	-1	MONA.mgf	7180.03				10	0	1.77347	245.227	0	CCMSLIB00000565916
763	spectra_filtered.mgf	*..*		:6012	2362	-1	0	282.279	1	0.835754	0	0	283986.0	2529680.0	Spectral Match to 9-Octadecenamide, (Z)- from NIST14 M+H	GNPS-NIST14-MATCHES	temp/spectra_filtered.mgf763	-1	GNPS-NIST14-MATCHES.mgf	3550.27				10	0	1.00217	283.281	0	CCMSLIB00003136849
2164	spectra_filtered.mgf	*..*		:18753	18753	-1	0	702.544	1	0.832979	0	0	2921220.0	12336600.0	PE(P-16:0/18:1); [M+H]+ C39H77N1O7P1 M+H	PNNL-LIPIDS-POSITIVE	temp/spectra_filtered.mgf2164	-1	PNNL-LIPIDS-POSITIVE.mgf	0.260632				16	0	0.000183105	702.544	0	CCMSLIB00010090157
3348	spectra_filtered.mgf	*..*		:5137	5137	-1	0	896.771	1	0.832781	0	0	7380870.0	14425300.0	TG(18:1/18:2/18:3); [M+NH4]+ C57H102N1O6 M+NH4	PNNL-LIPIDS-POSITIVE	temp/spectra_filtered.mgf3348	-1	PNNL-LIPIDS-POSITIVE.mgf	0.136122				19	0	0.00012207	896.771	0	CCMSLIB00010063206
372	spectra_filtered.mgf	*..*		:1072	1180	-1	0	243.21	1	0.832654	0	0	25666.7	1713460.0	Spectral Match to 12(13)-Epoxy-9Z-octadecenoic acid from NIST14 243.2	GNPS-NIST14-MATCHES	temp/spectra_filtered.mgf372	-1	GNPS-NIST14-MATCHES.mgf	3.88983				8	0	0.000946045	243.211	0	CCMSLIB00003135666
760	spectra_filtered.mgf	*..*		:4652	3896	-1	0	227.202	1	0.831565	0	0	636731.0	2346550.0	Spectral Match to Myristoleic acid from NIST14 M+H	GNPS-NIST14-MATCHES	temp/spectra_filtered.mgf760	-1	GNPS-NIST14-MATCHES.mgf	4337.3				7	0	0.985443	226.217	0	CCMSLIB00003138383
1889	spectra_filtered.mgf	*..*		:2244	4485	-1	0	792.551	1	0.830151	0	0	483822.0	14050100.0	Spectral Match to Docosahexaenoyl PAF C-16 from NIST14 M+H	GNPS-NIST14-MATCHES	temp/spectra_filtered.mgf1889	-1	GNPS-NIST14-MATCHES.mgf	2504.71				6	0	1.98511	790.566	0	CCMSLIB00003138972
3370	spectra_filtered.mgf	*..*		:13579	13579	-1	0	794.724	1	0.829583	0	0	198262.0	1480990.0	TG(14:0/16:0/16:1); [M+NH4]+ C49H96N1O6 M+NH4	PNNL-LIPIDS-POSITIVE	temp/spectra_filtered.mgf3370	-1	PNNL-LIPIDS-POSITIVE.mgf	0.153601				19	0	0.00012207	794.724	0	CCMSLIB00010081248
690	spectra_filtered.mgf	*..*		:4746	4925	-1	0	307.263	1	0.829474	0	0	1747170.0	6368910.0	Spectral Match to 9Z,11E,13E-Octadecatrienoic acid ethyl ester from NIST14 M+H	GNPS-NIST14-MATCHES	temp/spectra_filtered.mgf690	-1	GNPS-NIST14-MATCHES.mgf	3202.2				8	0	0.983917	306.279	0	CCMSLIB00003139412
608	spectra_filtered.mgf	*..*		:3168	3168	-1	0	247.0	1	0.829173	0	0	592.682	11552400.0	MoNA:2479447 O-Galactosylsphingosine M+H	MONA	temp/spectra_filtered.mgf608	-1	MONA.mgf	7180.28				10	0	1.77353	245.226	0	CCMSLIB00000565916
3374	spectra_filtered.mgf	*..*		:12104	10815	-1	0	820.737	1	0.828589	0	0	694230000.0	1646770.0	TAG (14:0/16:1/18:1) M+NH4	GNPS-LIBRARY	temp/spectra_filtered.mgf3374	-1	GNPS-LIBRARY.mgf	3.12338				22	0	0.00256348	820.74	0	CCMSLIB00006678230
280	spectra_filtered.mgf	*..*		:25329	43792	-1	0	317.176	1	0.827529	0	0	370.387	21262100.0	Sodium Tetradecyl Sulfate [M+H]+	MONA	temp/spectra_filtered.mgf280	-1	MONA.mgf	2695.89				6	0	0.855072	316.321	0	CCMSLIB00004716392
1351	spectra_filtered.mgf	*..*		:1406	4504	-1	0	552.197	1	0.826858	0	0	514612.0	338211.0	Contaminant vial septum ThermoFisher C5000-44B M+H	GNPS-LIBRARY	temp/spectra_filtered.mgf1351	-1	GNPS-LIBRARY.mgf	3583.76				12	0	1.97894	554.176	0	CCMSLIB00005435829
3378	spectra_filtered.mgf	*..*		:1318	10805	-1	0	872.768	1	0.826676	0	0	660590000.0	4741920.0	TAG (16:0/18:2/18:2) M+NH4	GNPS-LIBRARY	temp/spectra_filtered.mgf3378	-1	GNPS-LIBRARY.mgf	3.35678				20	0	0.00292969	872.771	0	CCMSLIB00006678219
374	spectra_filtered.mgf	*..*		:4652	3896	-1	0	227.202	1	0.826179	0	0	636731.0	5897600.0	Spectral Match to Myristoleic acid from NIST14 M+H	GNPS-NIST14-MATCHES	temp/spectra_filtered.mgf374	-1	GNPS-NIST14-MATCHES.mgf	4336.7				7	0	0.985306	226.217	0	CCMSLIB00003138383
357	spectra_filtered.mgf	*..*		:2082	1772	-1	0	279.23	1	0.825553	0	0	811549.0	9365610.0	Spectral Match to Pinolenic acid from NIST14 M+H	GNPS-NIST14-MATCHES	temp/spectra_filtered.mgf357	-1	GNPS-NIST14-MATCHES.mgf	3515.26				10	0	0.981567	278.248	0	CCMSLIB00003136259
2122	spectra_filtered.mgf	*..*		:17006	17006	-1	0	792.591	1	0.825426	0	0	131819.0	19355700.0	PC(O-16:0/22:6); [M+H]+ C46H83N1O7P1 M+H	PNNL-LIPIDS-POSITIVE	temp/spectra_filtered.mgf2122	-1	PNNL-LIPIDS-POSITIVE.mgf	2494.95				6	0	1.97748	794.568	0	CCMSLIB00010088321
2243	spectra_filtered.mgf	*..*		:22416	22416	-1	0	806.57	1	0.824877	0	0	56763.9	3864100.0	PC(16:0/22:6); [M+H]+ C46H81N1O8P1 M+H	PNNL-LIPIDS-POSITIVE	temp/spectra_filtered.mgf2243	-1	PNNL-LIPIDS-POSITIVE.mgf	2368.47				8	0	1.91034	804.66	0	CCMSLIB00010093820
2096	spectra_filtered.mgf	*..*		:5889	5889	-1	0	744.554	1	0.824702	0	0	2145670.0	22822500.0	PE(18:1/18:1); [M+H]+ C41H79N1O8P1 M+H	PNNL-LIPIDS-POSITIVE	temp/spectra_filtered.mgf2096	-1	PNNL-LIPIDS-POSITIVE.mgf	1.63951				11	0	0.0012207	744.555	0	CCMSLIB00010064959
3435	spectra_filtered.mgf	*..*		:1293	10757	-1	0	836.769	1	0.823751	0	0	1332680000.0	735033.0	TAG (15:0/16:0/18:1)/ TAG (16:0/16:0/17:1) M+NH4	GNPS-LIBRARY	temp/spectra_filtered.mgf3435	-1	GNPS-LIBRARY.mgf	2.04236				16	0	0.00170898	836.771	0	CCMSLIB00006678171
1713	spectra_filtered.mgf	*..*		:28257	28257	-1	0	690.507	1	0.823575	0	0	218168.0	1915080.0	PC(14:0/15:1); [M+H]+ C37H73N1O8P1 M+H	PNNL-LIPIDS-POSITIVE	temp/spectra_filtered.mgf1713	-1	PNNL-LIPIDS-POSITIVE.mgf	1.0607				12	0	0.000732422	690.508	0	CCMSLIB00010099661
2173	spectra_filtered.mgf	*..*		:2365	2532	-1	0	778.54	1	0.822139	0	0	2395140.0	2315850.0	Spectral Match to 1,2-Di-(9Z,12Z,15Z-octadecatrienoyl)-sn-glycero-3-phosphocholine from NIST14 M+H	GNPS-NIST14-MATCHES	temp/spectra_filtered.mgf2173	-1	GNPS-NIST14-MATCHES.mgf	134.059				8	0	0.10437	778.644	0	CCMSLIB00003137019
773	spectra_filtered.mgf	*..*		:2887	379	-1	0	279.232	1	0.821204	0	0	759178.0	591369.0	gamma-Linolenic acid (known structural isomers: 0; isobaric peaks in run: 2) [M+H]+	CMMC-FOOD-BIOMARKERS	temp/spectra_filtered.mgf773	-1	CMMC-FOOD-BIOMARKERS.mgf	3521.58				8	0	0.983337	278.249	0	CCMSLIB00013576563
3031	spectra_filtered.mgf	*..*		:2342	3805	-1	0	1033.74	1	0.821008	0	0	795491.0	3753140.0	Ile/Leu-DCA 2M+Na	BILELIB19	temp/spectra_filtered.mgf3031	-1	BILELIB19.mgf	284.469				6	0	0.294067	1034.03	0	CCMSLIB00006584271
1892	spectra_filtered.mgf	*..*		:2244	4485	-1	0	792.551	1	0.820706	0	0	483822.0	8046720.0	Spectral Match to Docosahexaenoyl PAF C-16 from NIST14 M+H	GNPS-NIST14-MATCHES	temp/spectra_filtered.mgf1892	-1	GNPS-NIST14-MATCHES.mgf	2500.39				6	0	1.98169	790.569	0	CCMSLIB00003138972
2129	spectra_filtered.mgf	*..*		:17805	17805	-1	0	726.544	1	0.820018	0	0	645780.0	2815960.0	PE(P-16:0/20:3); [M+H]+ C41H77N1O7P1 M+H	PNNL-LIPIDS-POSITIVE	temp/spectra_filtered.mgf2129	-1	PNNL-LIPIDS-POSITIVE.mgf	0.588053				15	0	0.000427246	726.544	0	CCMSLIB00010089209
1641	spectra_filtered.mgf	*..*		:22581	22581	-1	0	700.573	1	0.819833	0	0	7107.55	12144000.0	GalCer(d18:1/16:0); [M+H]+ C40H78N1O8 M+H	PNNL-LIPIDS-POSITIVE	temp/spectra_filtered.mgf1641	-1	PNNL-LIPIDS-POSITIVE.mgf	0.435609				7	0	0.000305176	700.573	0	CCMSLIB00010093985
301	spectra_filtered.mgf	*..*		:25328	43791	-1	0	317.176	1	0.819814	0	0	406.338	19399600.0	Sodium Tetradecyl Sulfate [M+H]+	MONA	temp/spectra_filtered.mgf301	-1	MONA.mgf	2998.78				6	0	0.951141	316.225	0	CCMSLIB00004716391
2338	spectra_filtered.mgf	*..*		:17641	17641	-1	0	844.68	1	0.819664	0	0	1404830.0	3904540.0	PC(18:1/22:0); [M+H]+ C48H95N1O8P1 M+H	PNNL-LIPIDS-POSITIVE	temp/spectra_filtered.mgf2338	-1	PNNL-LIPIDS-POSITIVE.mgf	2356.85				6	0	1.99078	846.671	0	CCMSLIB00010089045
1992	spectra_filtered.mgf	*..*		:1529	1529	-1	0	768.554	1	0.818918	0	0	13959400.0	82109800.0	PE(18:0/20:4); [M+H]+ C43H79N1O8P1 M+H	PNNL-LIPIDS-POSITIVE	temp/spectra_filtered.mgf1992	-1	PNNL-LIPIDS-POSITIVE.mgf	45.9816				15	0	0.0353394	768.589	0	CCMSLIB00010056791
1282	spectra_filtered.mgf	*..*		:15328	13021	-1	0	675.674	1	0.81788	0	0	535394.0	4100740.0	13-Docosenamide, (Z)- M+H	GNPS-LIBRARY	temp/spectra_filtered.mgf1282	-1	GNPS-LIBRARY.mgf	192.588				15	0	0.130127	675.544	0	CCMSLIB00010152838
2101	spectra_filtered.mgf	*..*		:22087	22087	-1	0	794.57	1	0.817856	0	0	298162.0	8615100.0	PC(17:0/20:5); [M+H]+ C45H81N1O8P1 M+H	PNNL-LIPIDS-POSITIVE	temp/spectra_filtered.mgf2101	-1	PNNL-LIPIDS-POSITIVE.mgf	1261.23				10	0	1.00214	795.572	0	CCMSLIB00010093491
1915	spectra_filtered.mgf	*..*		:21918	21918	-1	0	806.57	1	0.81765	0	0	53526.7	1831640.0	PC(16:0/22:6); [M+H]+ C46H81N1O8P1 M+H	PNNL-LIPIDS-POSITIVE	temp/spectra_filtered.mgf1915	-1	PNNL-LIPIDS-POSITIVE.mgf	2413.65				7	0	1.94678	804.623	0	CCMSLIB00010093322
3430	spectra_filtered.mgf	*..*		:5175	5175	-1	0	900.802	1	0.817081	0	0	36482900.0	29284200.0	TG(18:1/18:1/18:2); [M+NH4]+ C57H106N1O6 M+NH4	PNNL-LIPIDS-POSITIVE	temp/spectra_filtered.mgf3430	-1	PNNL-LIPIDS-POSITIVE.mgf	0.406539				19	0	0.000366211	900.802	0	CCMSLIB00010063298
3334	spectra_filtered.mgf	*..*		:12105	10801	-1	0	894.752	1	0.816652	0	0	2082300000.0	3301050.0	TAG (14:0/18:1/22:6) M+NH4	GNPS-LIBRARY	temp/spectra_filtered.mgf3334	-1	GNPS-LIBRARY.mgf	3.54716				17	0	0.00317383	894.755	0	CCMSLIB00006678215
2023	spectra_filtered.mgf	*..*		:4288	2170	-1	0	791.833	1	0.816353	0	0	1729670.0	5752050.0	amylamine-C21:0 2M+H	ECG-ACYL-AMIDES-C4-C24-LIBRARY	temp/spectra_filtered.mgf2023	-1	ECG-ACYL-AMIDES-C4-C24-LIBRARY.mgf	0.539566				8	0	0.000427246	791.833	0	CCMSLIB00011435641
3462	spectra_filtered.mgf	*..*		:14323	14323	-1	0	902.818	1	0.81634	0	0	747572.0	25552100.0	TG(18:1/18:1/18:1); [M+NH4]+ C57H108N1O6 M+NH4	PNNL-LIPIDS-POSITIVE	temp/spectra_filtered.mgf3462	-1	PNNL-LIPIDS-POSITIVE.mgf	0.0676052				18	0	6.10352e-05	902.818	0	CCMSLIB00010082797
2203	spectra_filtered.mgf	*..*		:22087	22087	-1	0	794.57	1	0.816304	0	0	298162.0	3955450.0	PC(17:0/20:5); [M+H]+ C45H81N1O8P1 M+H	PNNL-LIPIDS-POSITIVE	temp/spectra_filtered.mgf2203	-1	PNNL-LIPIDS-POSITIVE.mgf	45.0138				8	0	0.0357666	794.606	0	CCMSLIB00010093491
212	spectra_filtered.mgf	*..*		:3689	1915	-1	0	277.216	1	0.815818	0	0	762297.0	1948350.0	Spectral Match to 9,12-Octadecadiynoic Acid from NIST14 M+H	GNPS-NIST14-MATCHES	temp/spectra_filtered.mgf212	-1	GNPS-NIST14-MATCHES.mgf	69.9046				8	0	0.0193787	277.235	0	CCMSLIB00003136402
2213	spectra_filtered.mgf	*..*		:4447	4447	-1	0	804.554	1	0.815669	0	0	1727240.0	2172000.0	PC(18:2/20:5); [M+H]+ C46H79N1O8P1 M+H	PNNL-LIPIDS-POSITIVE	temp/spectra_filtered.mgf2213	-1	PNNL-LIPIDS-POSITIVE.mgf	2375.85				6	0	1.9115	802.643	0	CCMSLIB00010061298
1698	spectra_filtered.mgf	*..*		:4115	2108	-1	0	735.77	1	0.815605	0	0	2271110.0	3857240.0	amylamine-C19:0 2M+H	ECG-ACYL-AMIDES-C4-C24-LIBRARY	temp/spectra_filtered.mgf1698	-1	ECG-ACYL-AMIDES-C4-C24-LIBRARY.mgf	0.829541				7	0	0.000610352	735.771	0	CCMSLIB00011435577
3382	spectra_filtered.mgf	*..*		:1202	10802	-1	0	898.782	1	0.814811	0	0	160440000.0	23378300.0	TAG (18:1/18:2/18:2) M+NH4	GNPS-LIBRARY	temp/spectra_filtered.mgf3382	-1	GNPS-LIBRARY.mgf	5.29688				21	0	0.00476074	898.787	0	CCMSLIB00006678216
825	spectra_filtered.mgf	*..*		:2570	3035	-1	0	307.262	1	0.813289	0	0	513598.0	14227200.0	Spectral Match to 14,15-EE-(8Z)-E from NIST14 M+H-H2O	GNPS-NIST14-MATCHES	temp/spectra_filtered.mgf825	-1	GNPS-NIST14-MATCHES.mgf	3360.92				7	0	1.03268	308.295	0	CCMSLIB00003137522
1941	spectra_filtered.mgf	*..*		:14063	14063	-1	0	799.669	1	0.811989	0	0	724229.0	3408190.0	SM(d17:1/24:1); [M+H]+ C46H92N2O6P1 M+H	PNNL-LIPIDS-POSITIVE	temp/spectra_filtered.mgf1941	-1	PNNL-LIPIDS-POSITIVE.mgf	1337.6				6	0	1.06964	798.599	0	CCMSLIB00010082254
502	spectra_filtered.mgf	*..*		:1083	4012	-1	0	135.117	1	0.811775	0	0	221009.0	10269100.0	Adamantylidene M+H	GNPS-NIST14-MATCHES	temp/spectra_filtered.mgf502	-1	GNPS-NIST14-MATCHES.mgf	269.564				6	0	0.0364227	135.081	0	CCMSLIB00003138499
2031	spectra_filtered.mgf	*..*		:22087	22087	-1	0	794.57	1	0.810767	0	0	298162.0	30700900.0	PC(17:0/20:5); [M+H]+ C45H81N1O8P1 M+H	PNNL-LIPIDS-POSITIVE	temp/spectra_filtered.mgf2031	-1	PNNL-LIPIDS-POSITIVE.mgf	2492.43				9	0	1.98041	792.59	0	CCMSLIB00010093491
2307	spectra_filtered.mgf	*..*		:21299	21299	-1	0	796.586	1	0.810474	0	0	416376.0	3806820.0	PC(15:0/22:4); [M+H]+ C45H83N1O8P1 M+H	PNNL-LIPIDS-POSITIVE	temp/spectra_filtered.mgf2307	-1	PNNL-LIPIDS-POSITIVE.mgf	44.4401				13	0	0.0354004	796.621	0	CCMSLIB00010092703
2881	spectra_filtered.mgf	*..*		:1811	4917	-1	0	630.618	1	0.809824	0	0	146223.0	3879530.0	Cer(d18:1_24:1) -  N-[1,3-dihydroxyoctadec-4-en-2-yl]tetracos-15-enamide M+H-H2O	GNPS-LIBRARY	temp/spectra_filtered.mgf2881	-1	GNPS-LIBRARY.mgf	0.77429				8	0	0.000488281	630.618	0	CCMSLIB00005436375
2580	spectra_filtered.mgf	*..*		:11690	10691	-1	0	664.56	1	0.80969	0	0	23980000.0	31614300.0	MMPE-DEG (31:0) M+H	GNPS-LIBRARY	temp/spectra_filtered.mgf2580	-1	GNPS-LIBRARY.mgf	1331.17				7	0	0.884644	665.445	0	CCMSLIB00006678105
1825	spectra_filtered.mgf	*..*		:21495	21495	-1	0	788.617	1	0.80957	0	0	165908.0	6449090.0	PC(18:0/18:1); [M+H]+ C44H87N1O8P1 M+H	PNNL-LIPIDS-POSITIVE	temp/spectra_filtered.mgf1825	-1	PNNL-LIPIDS-POSITIVE.mgf	2480.59				8	0	1.95624	790.573	0	CCMSLIB00010092899
2195	spectra_filtered.mgf	*..*		:2365	2532	-1	0	778.54	1	0.809519	0	0	2395140.0	1560050.0	Spectral Match to 1,2-Di-(9Z,12Z,15Z-octadecatrienoyl)-sn-glycero-3-phosphocholine from NIST14 M+H	GNPS-NIST14-MATCHES	temp/spectra_filtered.mgf2195	-1	GNPS-NIST14-MATCHES.mgf	134.529				8	0	0.104736	778.645	0	CCMSLIB00003137019
1893	spectra_filtered.mgf	*..*		:1185	1185	-1	0	790.575	1	0.809442	0	0	2369400.0	14699500.0	PC(P-16:0/22:6); [M+H]+ C46H81N1O7P1 M+H	PNNL-LIPIDS-POSITIVE	temp/spectra_filtered.mgf1893	-1	PNNL-LIPIDS-POSITIVE.mgf	6.09908				11	0	0.00482178	790.57	0	CCMSLIB00010056447
1759	spectra_filtered.mgf	*..*		:20334	20334	-1	0	792.591	1	0.809283	0	0	527419.0	6584280.0	PC(O-16:0/22:6); [M+H]+ C46H83N1O7P1 M+H	PNNL-LIPIDS-POSITIVE	temp/spectra_filtered.mgf1759	-1	PNNL-LIPIDS-POSITIVE.mgf	2503.42				6	0	1.98419	790.607	0	CCMSLIB00010091738
1767	spectra_filtered.mgf	*..*		:3302	1166	-1	0	577.516	1	0.808767	0	0	705684.0	1546880.0	Spectral Match to 1-Palmitoyl-2-oleoyl-sn-glycerol from NIST14 M+H-H2O	GNPS-NIST14-MATCHES	temp/spectra_filtered.mgf1767	-1	GNPS-NIST14-MATCHES.mgf	6.02408				10	0	0.003479	577.519	0	CCMSLIB00003135652
2991	spectra_filtered.mgf	*..*		:705	1459	-1	0	251.047	1	0.808307	0	0	24944400.0	565253.0	MassbankEU:SM881501 Diphenylphosphate|Diphenyl hydrogen phosphate [M+H]+	MASSBANKEU	temp/spectra_filtered.mgf2991	-1	MASSBANKEU.mgf	1.15483				7	0	0.000289917	251.047	0	CCMSLIB00000842066
751	spectra_filtered.mgf	*..*		:6012	2362	-1	0	282.279	1	0.807238	0	0	283986.0	106672000.0	Spectral Match to 9-Octadecenamide, (Z)- from NIST14 M+H	GNPS-NIST14-MATCHES	temp/spectra_filtered.mgf751	-1	GNPS-NIST14-MATCHES.mgf	4183.7				10	0	1.18097	283.46	0	CCMSLIB00003136849
1483	spectra_filtered.mgf	*..*		:2326	6918	-1	0	297.243	1	0.80722	0	0	215400.0	212927.0	NCGC00381425-01!8-hydroxy-8-(3-octyloxiran-2-yl)octanoic acid [IIN-based on: CCMSLIB00000846585] [M-H2O+H]+	GNPS-NIH-NATURALPRODUCTSLIBRARY_ROUND2_POSITIVE	temp/spectra_filtered.mgf1483	-1	GNPS-NIH-NATURALPRODUCTSLIBRARY_ROUND2_POSITIVE.mgf	3312.61				11	0	0.98465	296.258	0	CCMSLIB00005722214
9	spectra_filtered.mgf	*..*		:4789	5235	-1	0	189.112	1	0.807134	0	0	1274310.0	4995630.0	azelaic acid CollisionEnergy:102040 M+H	BERKELEY-LAB	temp/spectra_filtered.mgf9	-1	BERKELEY-LAB.mgf	10405.4				8	0	1.96779	187.144	0	CCMSLIB00010107223
2413	spectra_filtered.mgf	*..*		:28357	28357	-1	0	730.575	1	0.806994	0	0	1883020.0	3603480.0	PE(P-18:0/18:1); [M+H]+ C41H81N1O7P1 M+H	PNNL-LIPIDS-POSITIVE	temp/spectra_filtered.mgf2413	-1	PNNL-LIPIDS-POSITIVE.mgf	0.250632				14	0	0.000183105	730.575	0	CCMSLIB00010099761
2026	spectra_filtered.mgf	*..*		:22075	22075	-1	0	718.575	1	0.806082	0	0	196991.0	10144800.0	PC(O-16:0/16:1); [M+H]+ C40H81N1O7P1 M+H	PNNL-LIPIDS-POSITIVE	temp/spectra_filtered.mgf2026	-1	PNNL-LIPIDS-POSITIVE.mgf	1345.78				9	0	0.967041	719.542	0	CCMSLIB00010093479
353	spectra_filtered.mgf	*..*		:1183	808	-1	0	171.101	1	0.805594	0	0	22217000.0	2675920.0	Spectral Match to Azelaic acid from NIST14 M+H-H2O	GNPS-NIST14-MATCHES	temp/spectra_filtered.mgf353	-1	GNPS-NIST14-MATCHES.mgf	5746.85				7	0	0.983292	170.118	0	CCMSLIB00003135294
1300	spectra_filtered.mgf	*..*		:16	16	-1	0	281.247	1	0.804371	0	0	5067.0	4486050.0	linoleic acid [M+H]+	GNPS-SCIEX-LIBRARY	temp/spectra_filtered.mgf1300	-1	GNPS-SCIEX-LIBRARY.mgf	3496.46				13	0	0.983368	280.264	0	CCMSLIB00006581640
1726	spectra_filtered.mgf	*..*		:1319	4493	-1	0	631.195	1	0.804332	0	0	2952160.0	1165630.0	Contaminant vial septum ThermoFisher C5000-44B M+NH4	GNPS-LIBRARY	temp/spectra_filtered.mgf1726	-1	GNPS-LIBRARY.mgf	3167.14				25	0	1.99908	629.196	0	CCMSLIB00005435818
1797	spectra_filtered.mgf	*..*		:20334	20334	-1	0	792.591	1	0.803951	0	0	527419.0	1220290.0	PC(O-16:0/22:6); [M+H]+ C46H83N1O7P1 M+H	PNNL-LIPIDS-POSITIVE	temp/spectra_filtered.mgf1797	-1	PNNL-LIPIDS-POSITIVE.mgf	2503.66				6	0	1.98438	790.607	0	CCMSLIB00010091738
1784	spectra_filtered.mgf	*..*		:28607	28607	-1	0	740.523	1	0.803934	0	0	219463.0	8513190.0	PE(16:0/20:4); [M+H]+ C41H75N1O8P1 M+H	PNNL-LIPIDS-POSITIVE	temp/spectra_filtered.mgf1784	-1	PNNL-LIPIDS-POSITIVE.mgf	2.14296				15	0	0.00158691	740.521	0	CCMSLIB00010100011
1827	spectra_filtered.mgf	*..*		:14397	14397	-1	0	717.591	1	0.803721	0	0	523266.0	5002070.0	SM(d18:1/17:0); [M+H]+ C40H82N2O6P1 M+H	PNNL-LIPIDS-POSITIVE	temp/spectra_filtered.mgf1827	-1	PNNL-LIPIDS-POSITIVE.mgf	1437.18				6	0	1.03131	716.56	0	CCMSLIB00010082949
1841	spectra_filtered.mgf	*..*		:2357	957	-1	0	815.7	1	0.80315	0	0	1473320.0	4241850.0	Spectral Match to N-Tetracosanoyl-4-sphingenyl-1-O-phosphorylcholine from NIST14 M+H	GNPS-NIST14-MATCHES	temp/spectra_filtered.mgf1841	-1	GNPS-NIST14-MATCHES.mgf	1131.06				6	0	0.922607	816.623	0	CCMSLIB00003135443
165	spectra_filtered.mgf	*..*		:18010	18456	-1	0	391.284	1	0.802335	0	0	84623800.0	936788.0	DEHP CollisionEnergy:205060 M+H	BERKELEY-LAB	temp/spectra_filtered.mgf165	-1	BERKELEY-LAB.mgf	82.673				6	0	0.0323486	391.316	0	CCMSLIB00010120445
1818	spectra_filtered.mgf	*..*		:14663	14663	-1	0	841.716	1	0.802028	0	0	155687.0	5562320.0	SM(d18:1/26:1); [M+H]+ C49H98N2O6P1 M+H	PNNL-LIPIDS-POSITIVE	temp/spectra_filtered.mgf1818	-1	PNNL-LIPIDS-POSITIVE.mgf	1299.07				6	0	1.09344	840.623	0	CCMSLIB00010083495
267	spectra_filtered.mgf	*..*		:4542	648	-1	0	267.268	1	0.800752	0	0	2066070.0	3916050.0	Spectral Match to cis,cis-9,12-Octadecadien-1-ol from NIST14 M+H	GNPS-NIST14-MATCHES	temp/spectra_filtered.mgf267	-1	GNPS-NIST14-MATCHES.mgf	3816.12				7	0	1.01993	266.248	0	CCMSLIB00003135134
1173	spectra_filtered.mgf	*..*		:34571	34571	-1	0	432.311	1	0.799551	0	0	204.33	286977.0	glycodeoxycholic acid [M+H-H2O]+	MSNLIB-POSITIVE	temp/spectra_filtered.mgf1173	-1	MSNLIB-POSITIVE.mgf	168.149				6	0	0.0726929	432.238	0	CCMSLIB00012336920
215	spectra_filtered.mgf	*..*		:2796	236	-1	0	279.232	1	0.79881	0	0	942813.0	7630020.0	Spectral Match to 9(10)-EpOME from NIST14 M+H-H2O	GNPS-NIST14-MATCHES	temp/spectra_filtered.mgf215	-1	GNPS-NIST14-MATCHES.mgf	0.437164				7	0	0.00012207	279.232	0	CCMSLIB00003134722
1045	spectra_filtered.mgf	*..*		:2620	7140	-1	0	310.347	1	0.798752	0	0	75363200.0	4907250.0	(2R,6R)-2-methyl-6-pentadecylpiperidine M+H	GNPS-LIBRARY	temp/spectra_filtered.mgf1045	-1	GNPS-LIBRARY.mgf	3111.97				6	0	0.96579	311.313	0	CCMSLIB00005724651
2654	spectra_filtered.mgf	*..*		:1534	7454	-1	0	561.343	1	0.798349	0	0	1725720.0	419850.0	(6R)-6-[(2R,3aS,7S,8S,9bR,11aR)-2,7,8-trihydroxy-3a,6,6,9b,11a-pentamethyl-10-oxo-1H,2H,3H,3aH,3bH,4H,6H,7H,8H,9H,9aH,9bH,10H,11H,11aH-cyclopenta[a]phenanthren-1-yl]-6-hydroxy-2-methyl-5-oxoheptan-2-yl acetate M-H	GNPS-LIBRARY	temp/spectra_filtered.mgf2654	-1	GNPS-LIBRARY.mgf	1411.32				6	0	0.792236	560.551	0	CCMSLIB00005724965
1978	spectra_filtered.mgf	*..*		:22075	22075	-1	0	718.575	1	0.798037	0	0	196991.0	10265600.0	PC(O-16:0/16:1); [M+H]+ C40H81N1O7P1 M+H	PNNL-LIPIDS-POSITIVE	temp/spectra_filtered.mgf1978	-1	PNNL-LIPIDS-POSITIVE.mgf	1397.08				11	0	1.00391	719.579	0	CCMSLIB00010093479
297	spectra_filtered.mgf	*..*		:3495	1821	-1	0	277.216	1	0.797495	0	0	2196100.0	5284980.0	Spectral Match to 9-Oxo-10E,12Z-octadecadienoic acid from NIST14 M+H-H2O	GNPS-NIST14-MATCHES	temp/spectra_filtered.mgf297	-1	GNPS-NIST14-MATCHES.mgf	2.97232				8	0	0.000823975	277.217	0	CCMSLIB00003136308
2280	spectra_filtered.mgf	*..*		:28055	28055	-1	0	746.57	1	0.797163	0	0	4389240.0	19586400.0	PE(18:0/18:1); [M+H]+ C41H81N1O8P1 M+H	PNNL-LIPIDS-POSITIVE	temp/spectra_filtered.mgf2280	-1	PNNL-LIPIDS-POSITIVE.mgf	47.9079				11	0	0.0357666	746.606	0	CCMSLIB00010099459
3476	spectra_filtered.mgf	*..*		:21517	21517	-1	0	890.818	1	0.79706	0	0	363416.0	1190240.0	TG(16:0/18:1/19:1); [M+NH4]+ C56H108N1O6 M+NH4	PNNL-LIPIDS-POSITIVE	temp/spectra_filtered.mgf3476	-1	PNNL-LIPIDS-POSITIVE.mgf	0.274063				17	0	0.000244141	890.818	0	CCMSLIB00010092921
1794	spectra_filtered.mgf	*..*		:14397	14397	-1	0	717.591	1	0.795529	0	0	523266.0	4774540.0	SM(d18:1/17:0); [M+H]+ C40H82N2O6P1 M+H	PNNL-LIPIDS-POSITIVE	temp/spectra_filtered.mgf1794	-1	PNNL-LIPIDS-POSITIVE.mgf	1487.54				9	0	1.06744	716.524	0	CCMSLIB00010082949
29	spectra_filtered.mgf	*..*		:83509	183948	-1	0	155.081	1	0.795448	0	0	161.721	20359900.0	1-Ethyl-3-methyl-1H-pyrazole-4-carboxylic acid [M+H]+	MSNLIB-POSITIVE	temp/spectra_filtered.mgf29	-1	MSNLIB-POSITIVE.mgf	6583.93				6	0	1.02104	156.102	0	CCMSLIB00012885037
2025	spectra_filtered.mgf	*..*		:22087	22087	-1	0	794.57	1	0.795362	0	0	298162.0	24352200.0	PC(17:0/20:5); [M+H]+ C45H81N1O8P1 M+H	PNNL-LIPIDS-POSITIVE	temp/spectra_filtered.mgf2025	-1	PNNL-LIPIDS-POSITIVE.mgf	2182.71				11	0	1.73431	792.836	0	CCMSLIB00010093491
1881	spectra_filtered.mgf	*..*		:26319	26319	-1	0	766.539	1	0.795103	0	0	496439.0	18432600.0	PE(18:1/20:4); [M+H]+ C43H77N1O8P1 M+H	PNNL-LIPIDS-POSITIVE	temp/spectra_filtered.mgf1881	-1	PNNL-LIPIDS-POSITIVE.mgf	1.11474				13	0	0.000854492	766.538	0	CCMSLIB00010097723
354	spectra_filtered.mgf	*..*		:2326	6918	-1	0	297.243	1	0.794837	0	0	215400.0	400718000.0	NCGC00381425-01!8-hydroxy-8-(3-octyloxiran-2-yl)octanoic acid [IIN-based on: CCMSLIB00000846585] [M-H2O+H]+	GNPS-NIH-NATURALPRODUCTSLIBRARY_ROUND2_POSITIVE	temp/spectra_filtered.mgf354	-1	GNPS-NIH-NATURALPRODUCTSLIBRARY_ROUND2_POSITIVE.mgf	3311.27				12	0	0.984253	296.259	0	CCMSLIB00005722214
1676	spectra_filtered.mgf	*..*		:19489	19489	-1	0	766.539	1	0.79401	0	0	2379860.0	6358870.0	PE(18:1/20:4); [M+H]+ C43H77N1O8P1 M+H	PNNL-LIPIDS-POSITIVE	temp/spectra_filtered.mgf1676	-1	PNNL-LIPIDS-POSITIVE.mgf	2542.48				15	0	1.94891	764.59	0	CCMSLIB00010090893
3446	spectra_filtered.mgf	*..*		:23409	23409	-1	0	824.771	1	0.792548	0	0	138632.0	1985710.0	TG(16:0/16:0/16:0); [M+NH4]+ C51H102N1O6 M+NH4	PNNL-LIPIDS-POSITIVE	temp/spectra_filtered.mgf3446	-1	PNNL-LIPIDS-POSITIVE.mgf	0.222008				16	0	0.000183105	824.771	0	CCMSLIB00010094813
153	spectra_filtered.mgf	*..*		:2796	236	-1	0	279.232	1	0.792272	0	0	942813.0	15679400.0	Spectral Match to 9(10)-EpOME from NIST14 M+H-H2O	GNPS-NIST14-MATCHES	temp/spectra_filtered.mgf153	-1	GNPS-NIST14-MATCHES.mgf	3526.06				7	0	0.984589	278.247	0	CCMSLIB00003134722
887	spectra_filtered.mgf	*..*		:2796	236	-1	0	279.232	0	0.792169	0	0	942813.0	498083.0	Spectral Match to 9(10)-EpOME from NIST14 M+H-H2O	GNPS-NIST14-MATCHES	temp/spectra_filtered.mgf887	-1	GNPS-NIST14-MATCHES.mgf	3522.78				7	0	0.983673	278.248	0	CCMSLIB00003134722
3409	spectra_filtered.mgf	*..*		:16493	16493	-1	0	822.755	1	0.791508	0	0	32654.7	3607200.0	TG(16:0/16:0/16:1); [M+NH4]+ C51H100N1O6 M+NH4	PNNL-LIPIDS-POSITIVE	temp/spectra_filtered.mgf3409	-1	PNNL-LIPIDS-POSITIVE.mgf	0.296736				15	0	0.000244141	822.755	0	CCMSLIB00010087273
362	spectra_filtered.mgf	*..*		:2796	236	-1	0	279.232	1	0.791173	0	0	942813.0	33044200.0	Spectral Match to 9(10)-EpOME from NIST14 M+H-H2O	GNPS-NIST14-MATCHES	temp/spectra_filtered.mgf362	-1	GNPS-NIST14-MATCHES.mgf	67.8698				7	0	0.0189514	279.251	0	CCMSLIB00003134722
20	spectra_filtered.mgf	*..*		:672	49913	-1	0	175.096	1	0.791126	0	0	194.0	2027530.0	SUBERIC ACID M+H	MONA	temp/spectra_filtered.mgf20	-1	MONA.mgf	5616.69				6	0	0.983459	174.113	0	CCMSLIB00006678942
335	spectra_filtered.mgf	*..*		:16928	117367	-1	0	330.179	1	0.789876	0	0	365.592	2346600.0	Z1517722710 [M+Na]+	MSNLIB-POSITIVE	temp/spectra_filtered.mgf335	-1	MSNLIB-POSITIVE.mgf	3406.41				7	0	1.12473	331.304	0	CCMSLIB00012766668
3393	spectra_filtered.mgf	*..*		:12177	12177	-1	0	898.786	1	0.789539	0	0	369957.0	3196190.0	TG(16:0/18:1/20:4); [M+NH4]+ C57H104N1O6 M+NH4	PNNL-LIPIDS-POSITIVE	temp/spectra_filtered.mgf3393	-1	PNNL-LIPIDS-POSITIVE.mgf	0.679084				18	0	0.000610352	898.787	0	CCMSLIB00010078326
2144	spectra_filtered.mgf	*..*		:19571	19571	-1	0	776.559	1	0.789516	0	0	3349050.0	9561970.0	PE(P-18:0/22:6); [M+H]+ C45H79N1O7P1 M+H	PNNL-LIPIDS-POSITIVE	temp/spectra_filtered.mgf2144	-1	PNNL-LIPIDS-POSITIVE.mgf	1.80773				11	0	0.00140381	776.56	0	CCMSLIB00010090975
1866	spectra_filtered.mgf	*..*		:4551	4551	-1	0	748.528	1	0.789446	0	0	4461640.0	25548200.0	PE(P-16:0/22:6); [M+H]+ C43H75N1O7P1 M+H	PNNL-LIPIDS-POSITIVE	temp/spectra_filtered.mgf1866	-1	PNNL-LIPIDS-POSITIVE.mgf	1.14156				12	0	0.000854492	748.529	0	CCMSLIB00010061633
2079	spectra_filtered.mgf	*..*		:20407	20407	-1	0	768.554	1	0.789298	0	0	14695200.0	113750000.0	PE(18:0/20:4); [M+H]+ C43H79N1O8P1 M+H	PNNL-LIPIDS-POSITIVE	temp/spectra_filtered.mgf2079	-1	PNNL-LIPIDS-POSITIVE.mgf	1.19123				15	0	0.000915527	768.553	0	CCMSLIB00010091811
3486	spectra_filtered.mgf	*..*		:6591	6591	-1	0	930.849	1	0.788615	0	0	5014100.0	3114550.0	TG(18:1/18:1/20:1); [M+NH4]+ C59H112N1O6 M+NH4	PNNL-LIPIDS-POSITIVE	temp/spectra_filtered.mgf3486	-1	PNNL-LIPIDS-POSITIVE.mgf	0.0655693				19	0	6.10352e-05	930.849	0	CCMSLIB00010066548
268	spectra_filtered.mgf	*..*		:2887	379	-1	0	279.232	1	0.788259	0	0	759178.0	50600600.0	gamma-Linolenic acid (known structural isomers: 0; isobaric peaks in run: 2) [M+H]+	CMMC-FOOD-BIOMARKERS	temp/spectra_filtered.mgf268	-1	CMMC-FOOD-BIOMARKERS.mgf	3523.44				7	0	0.983856	278.248	0	CCMSLIB00013576563
1493	spectra_filtered.mgf	*..*		:3121	131	-1	0	280.225	0	0.788104	0	0	55885.2	804143.0	3-hydroxydecanoyl amylamine [M+Na]+ [M+Na]+	3-HYDROXY-ACYL-AMIDES-LIBRARY	temp/spectra_filtered.mgf1493	-1	3-HYDROXY-ACYL-AMIDES-LIBRARY.mgf	137.546				10	0	0.0385437	280.264	0	CCMSLIB00013640932
366	spectra_filtered.mgf	*..*		:4542	648	-1	0	267.268	1	0.788078	0	0	2066070.0	1635070.0	Spectral Match to cis,cis-9,12-Octadecadien-1-ol from NIST14 M+H	GNPS-NIST14-MATCHES	temp/spectra_filtered.mgf366	-1	GNPS-NIST14-MATCHES.mgf	3816.35				7	0	1.01999	266.248	0	CCMSLIB00003135134
3371	spectra_filtered.mgf	*..*		:18875	18875	-1	0	896.771	1	0.786392	0	0	1864460.0	6205560.0	TG(16:0/16:0/22:6); [M+NH4]+ C57H102N1O6 M+NH4	PNNL-LIPIDS-POSITIVE	temp/spectra_filtered.mgf3371	-1	PNNL-LIPIDS-POSITIVE.mgf	0.136122				17	0	0.00012207	896.771	0	CCMSLIB00010090279
2275	spectra_filtered.mgf	*..*		:2501	85	-1	0	772.586	1	0.786052	0	0	12134500.0	3212450.0	Spectral Match to 1-(1Z-Octadecenyl)-2-(9Z-octadecenoyl)-sn-glycero-3-phosphocholine from NIST14 M+H	GNPS-NIST14-MATCHES	temp/spectra_filtered.mgf2275	-1	GNPS-NIST14-MATCHES.mgf	1264.49				7	0	0.976929	771.609	0	CCMSLIB00003134571
1924	spectra_filtered.mgf	*..*		:16789	16789	-1	0	724.528	1	0.785842	0	0	1326040.0	60005900.0	PE(P-16:0/20:4); [M+H]+ C41H75N1O7P1 M+H	PNNL-LIPIDS-POSITIVE	temp/spectra_filtered.mgf1924	-1	PNNL-LIPIDS-POSITIVE.mgf	0.336965				16	0	0.000244141	724.528	0	CCMSLIB00010087885
206	spectra_filtered.mgf	*..*		:3738	4340	-1	0	277.216	1	0.785476	0	0	1654100.0	10996400.0	Spectral Match to 9S-Hydroxy-10E,12Z,15Z-octadecatrienoic acid from NIST14 M+H-H2O	GNPS-NIST14-MATCHES	temp/spectra_filtered.mgf206	-1	GNPS-NIST14-MATCHES.mgf	3549.17				9	0	0.983887	276.232	0	CCMSLIB00003138827
1896	spectra_filtered.mgf	*..*		:28331	28331	-1	0	864.648	1	0.785409	0	0	1235290.0	3547410.0	PC(20:4/22:1); [M+H]+ C50H91N1O8P1 M+H	PNNL-LIPIDS-POSITIVE	temp/spectra_filtered.mgf1896	-1	PNNL-LIPIDS-POSITIVE.mgf	2301.93				6	0	1.99036	866.638	0	CCMSLIB00010099735
776	spectra_filtered.mgf	*..*		:2570	3035	-1	0	307.262	1	0.783718	0	0	513598.0	530890.0	Spectral Match to 14,15-EE-(8Z)-E from NIST14 M+H-H2O	GNPS-NIST14-MATCHES	temp/spectra_filtered.mgf776	-1	GNPS-NIST14-MATCHES.mgf	3359.14				7	0	1.03214	308.294	0	CCMSLIB00003137522
782	spectra_filtered.mgf	*..*		:5609	967	-1	0	282.279	0	0.783132	0	0	192864.0	53778500.0	Spectral Match to 9-Octadecenamide, (Z)- from NIST14 M+H	GNPS-NIST14-MATCHES	temp/spectra_filtered.mgf782	-1	GNPS-NIST14-MATCHES.mgf	4157.1				9	0	1.17346	283.452	0	CCMSLIB00003135453
426	spectra_filtered.mgf	*..*		:4467	510	-1	0	281.247	1	0.782794	0	0	1270480.0	28249300.0	Linoleic acid M+H	LEAFBOT	temp/spectra_filtered.mgf426	-1	LEAFBOT.mgf	3.25524				6	0	0.000915527	281.248	0	CCMSLIB00011428767
1660	spectra_filtered.mgf	*..*		:17695	17695	-1	0	520.34	1	0.782248	0	0	49124.2	4162550.0	PC(18:2/0:0); [M+H]+ C26H51N1O7P1 M+H	PNNL-LIPIDS-POSITIVE	temp/spectra_filtered.mgf1660	-1	PNNL-LIPIDS-POSITIVE.mgf	3776.66				7	0	1.96515	518.375	0	CCMSLIB00010089099
602	spectra_filtered.mgf	*..*		:6550	6550	-1	0	185.154	1	0.781929	0	0	6220.0	1209860.0	Massbank:FIO00258 delta-Undecalactone [M+H]+	MASSBANK	temp/spectra_filtered.mgf602	-1	MASSBANK.mgf	5316.19				6	0	0.984314	184.17	0	CCMSLIB00000213949
1679	spectra_filtered.mgf	*..*		:13667	13667	-1	0	788.544	1	0.781301	0	0	158481.0	3485150.0	PS(18:0/18:2); [M+H]+ C42H79N1O10P1 M+H	PNNL-LIPIDS-POSITIVE	temp/spectra_filtered.mgf1679	-1	PNNL-LIPIDS-POSITIVE.mgf	0.464414				18	0	0.000366211	788.544	0	CCMSLIB00010081432
1929	spectra_filtered.mgf	*..*		:22831	22831	-1	0	840.648	1	0.780475	0	0	742123.0	1376030.0	PC(18:1/22:2); [M+H]+ C48H91N1O8P1 M+H	PNNL-LIPIDS-POSITIVE	temp/spectra_filtered.mgf1929	-1	PNNL-LIPIDS-POSITIVE.mgf	2367.5				6	0	1.99023	842.638	0	CCMSLIB00010094235
1210	spectra_filtered.mgf	*..*		:2082	1772	-1	0	279.23	0	0.77996	0	0	811549.0	308647.0	Spectral Match to Pinolenic acid from NIST14 M+H	GNPS-NIST14-MATCHES	temp/spectra_filtered.mgf1210	-1	GNPS-NIST14-MATCHES.mgf	3517.01				9	0	0.982056	278.248	0	CCMSLIB00003136259
1745	spectra_filtered.mgf	*..*		:17759	17759	-1	0	764.523	1	0.779781	0	0	234448.0	1915600.0	PE(16:0/22:6); [M+H]+ C43H75N1O8P1 M+H	PNNL-LIPIDS-POSITIVE	temp/spectra_filtered.mgf1745	-1	PNNL-LIPIDS-POSITIVE.mgf	1358.94				11	0	1.03894	765.562	0	CCMSLIB00010089163
2185	spectra_filtered.mgf	*..*		:14523	14523	-1	0	530.325	1	0.778812	0	0	29304.4	774107.0	PE(22:4/0:0); [M+H]+ C27H49N1O7P1 M+H	PNNL-LIPIDS-POSITIVE	temp/spectra_filtered.mgf2185	-1	PNNL-LIPIDS-POSITIVE.mgf	44.1946				9	0	0.0234375	530.348	0	CCMSLIB00010083209
412	spectra_filtered.mgf	*..*		:3957	1055	-1	0	323.258	1	0.778732	0	0	640922.0	1509690.0	Spectral Match to 15-OxoEDE from NIST14 M+H	GNPS-NIST14-MATCHES	temp/spectra_filtered.mgf412	-1	GNPS-NIST14-MATCHES.mgf	3045.83				9	0	0.984589	322.273	0	CCMSLIB00003135541
1126	spectra_filtered.mgf	*..*		:2796	236	-1	0	279.232	0	0.778131	0	0	942813.0	257151.0	Spectral Match to 9(10)-EpOME from NIST14 M+H-H2O	GNPS-NIST14-MATCHES	temp/spectra_filtered.mgf1126	-1	GNPS-NIST14-MATCHES.mgf	3523.98				6	0	0.984009	278.248	0	CCMSLIB00003134722
3416	spectra_filtered.mgf	*..*		:4763	4763	-1	0	848.771	1	0.777448	0	0	12716000.0	7010920.0	TG(14:0/18:1/18:1); [M+NH4]+ C53H102N1O6 M+NH4	PNNL-LIPIDS-POSITIVE	temp/spectra_filtered.mgf3416	-1	PNNL-LIPIDS-POSITIVE.mgf	0.07191				19	0	6.10352e-05	848.771	0	CCMSLIB00010062256
607	spectra_filtered.mgf	*..*		:5902	5902	-1	0	211.0	1	0.776858	0	0	259755.0	1142200.0	Acibenzolar-S-Methyl_CE15 M+H	WFSR-LIBRARY	temp/spectra_filtered.mgf607	-1	WFSR-LIBRARY.mgf	3860.98				6	0	0.814667	210.185	0	CCMSLIB00013939683
1611	spectra_filtered.mgf	*..*		:19141	19141	-1	0	836.617	1	0.775758	0	0	10644000.0	950457.0	PC(18:0/22:5); [M+H]+ C48H87N1O8P1 M+H	PNNL-LIPIDS-POSITIVE	temp/spectra_filtered.mgf1611	-1	PNNL-LIPIDS-POSITIVE.mgf	2378.69				6	0	1.99005	838.607	0	CCMSLIB00010090545
1718	spectra_filtered.mgf	*..*		:5809	5809	-1	0	764.523	1	0.775414	0	0	1884660.0	4372730.0	PE(16:0/22:6); [M+H]+ C43H75N1O8P1 M+H	PNNL-LIPIDS-POSITIVE	temp/spectra_filtered.mgf1718	-1	PNNL-LIPIDS-POSITIVE.mgf	0.0798343				10	0	6.10352e-05	764.523	0	CCMSLIB00010064783
689	spectra_filtered.mgf	*..*		:3837	1318	-1	0	289.253	1	0.77492	0	0	516207.0	743984.0	Spectral Match to cis-8,11,14-Eicosatrienoic acid from NIST14 M+H-H2O	GNPS-NIST14-MATCHES	temp/spectra_filtered.mgf689	-1	GNPS-NIST14-MATCHES.mgf	1.47707				8	0	0.000427246	289.253	0	CCMSLIB00003135804
3433	spectra_filtered.mgf	*..*		:12359	12359	-1	0	810.755	1	0.77454	0	0	192292.0	1475100.0	TG(15:0/16:0/16:0); [M+NH4]+ C50H100N1O6 M+NH4	PNNL-LIPIDS-POSITIVE	temp/spectra_filtered.mgf3433	-1	PNNL-LIPIDS-POSITIVE.mgf	0.451691				13	0	0.000366211	810.755	0	CCMSLIB00010078702
2075	spectra_filtered.mgf	*..*		:16629	16629	-1	0	768.554	1	0.774387	0	0	737621.0	3252180.0	PE(18:0/20:4); [M+H]+ C43H79N1O8P1 M+H	PNNL-LIPIDS-POSITIVE	temp/spectra_filtered.mgf2075	-1	PNNL-LIPIDS-POSITIVE.mgf	1304.0				10	0	1.0022	769.556	0	CCMSLIB00010087551
1987	spectra_filtered.mgf	*..*		:1201	1201	-1	0	792.554	1	0.774238	0	0	7719100.0	24348800.0	PE(18:0/22:6); [M+H]+ C45H79N1O8P1 M+H	PNNL-LIPIDS-POSITIVE	temp/spectra_filtered.mgf1987	-1	PNNL-LIPIDS-POSITIVE.mgf	87.0221				11	0	0.0689697	792.623	0	CCMSLIB00010056463
270	spectra_filtered.mgf	*..*		:2796	236	-1	0	279.232	1	0.774218	0	0	942813.0	3582740.0	Spectral Match to 9(10)-EpOME from NIST14 M+H-H2O	GNPS-NIST14-MATCHES	temp/spectra_filtered.mgf270	-1	GNPS-NIST14-MATCHES.mgf	69.1813				6	0	0.0193176	279.251	0	CCMSLIB00003134722
440	spectra_filtered.mgf	*..*		:2296	2928	-1	0	247.199	1	0.773932	0	0	7000.0	8511050.0	Spectral Match to 5(Z),8(Z),11(Z)-Eicosatrienoic acid methyl ester from NIST14 247.2	GNPS-NIST14-MATCHES	temp/spectra_filtered.mgf440	-1	GNPS-NIST14-MATCHES.mgf	7979.42				8	0	1.9725	245.227	0	CCMSLIB00003137415
2371	spectra_filtered.mgf	*..*		:6409	6409	-1	0	780.591	1	0.773723	0	0	2864130.0	4161150.0	PE(P-18:0/22:4); [M+H]+ C45H83N1O7P1 M+H	PNNL-LIPIDS-POSITIVE	temp/spectra_filtered.mgf2371	-1	PNNL-LIPIDS-POSITIVE.mgf	0.0				9	0	0.0	780.591	0	CCMSLIB00010066150
646	spectra_filtered.mgf	*..*		:41175	53174	-1	0	302.305	0	0.773554	0	0	14894800.0	56452.5	Massbank:LU100204 2,2'-(Tetradecylimino)diethanol|Tetradecyldiethanolamine M+H	MASSBANK	temp/spectra_filtered.mgf646	-1	MASSBANK.mgf	196.65				6	0	0.0594482	302.246	0	CCMSLIB00005766726
585	spectra_filtered.mgf	*..*		:2570	3035	-1	0	307.262	1	0.773402	0	0	513598.0	2502220.0	Spectral Match to 14,15-EE-(8Z)-E from NIST14 M+H-H2O	GNPS-NIST14-MATCHES	temp/spectra_filtered.mgf585	-1	GNPS-NIST14-MATCHES.mgf	3360.92				7	0	1.03268	308.295	0	CCMSLIB00003137522
3355	spectra_filtered.mgf	*..*		:17313	17313	-1	0	902.818	1	0.772293	0	0	266239.0	24722300.0	TG(18:1/18:1/18:1); [M+NH4]+ C57H108N1O6 M+NH4	PNNL-LIPIDS-POSITIVE	temp/spectra_filtered.mgf3355	-1	PNNL-LIPIDS-POSITIVE.mgf	672.469				10	0	0.607117	903.425	0	CCMSLIB00010088717
214	spectra_filtered.mgf	*..*		:2446	6916	-1	0	315.254	1	0.771492	0	0	57400.0	18409600.0	NCGC00381425-01!8-hydroxy-8-(3-octyloxiran-2-yl)octanoic acid [IIN-based on: CCMSLIB00000846585] [M+H]+	GNPS-NIH-NATURALPRODUCTSLIBRARY_ROUND2_POSITIVE	temp/spectra_filtered.mgf214	-1	GNPS-NIH-NATURALPRODUCTSLIBRARY_ROUND2_POSITIVE.mgf	3124.52				9	0	0.985016	314.269	0	CCMSLIB00005722212
523	spectra_filtered.mgf	*..*		:2297	6919	-1	0	279.233	1	0.771218	0	0	225900.0	4809630.0	NCGC00381425-01!8-hydroxy-8-(3-octyloxiran-2-yl)octanoic acid [IIN-based on: CCMSLIB00000846585] [M-2H2O+H]+	GNPS-NIH-NATURALPRODUCTSLIBRARY_ROUND2_POSITIVE	temp/spectra_filtered.mgf523	-1	GNPS-NIH-NATURALPRODUCTSLIBRARY_ROUND2_POSITIVE.mgf	64.7001				9	0	0.0180664	279.251	0	CCMSLIB00005722215
2445	spectra_filtered.mgf	*..*		:7359	7359	-1	0	780.591	1	0.770066	0	0	3506560.0	2593420.0	PE(P-20:0/20:4); [M+H]+ C45H83N1O7P1 M+H	PNNL-LIPIDS-POSITIVE	temp/spectra_filtered.mgf2445	-1	PNNL-LIPIDS-POSITIVE.mgf	0.0				15	0	0.0	780.591	0	CCMSLIB00010068160
1215	spectra_filtered.mgf	*..*		:15061	15061	-1	0	530.325	1	0.769837	0	0	32141.3	316984.0	PE(22:4/0:0); [M+H]+ C27H49N1O7P1 M+H	PNNL-LIPIDS-POSITIVE	temp/spectra_filtered.mgf1215	-1	PNNL-LIPIDS-POSITIVE.mgf	3754.81				7	0	1.99127	528.334	0	CCMSLIB00010084318
271	spectra_filtered.mgf	*..*		:16794	4600	-1	0	263.184	1	0.768702	0	0	3689.0	7614770.0	Talaromycin A M+CH3OH+H	GNPS-LIBRARY	temp/spectra_filtered.mgf271	-1	GNPS-LIBRARY.mgf	7456.62				9	0	1.96246	261.222	0	CCMSLIB00005436020
294	spectra_filtered.mgf	*..*		:2326	6918	-1	0	297.243	1	0.768432	0	0	215400.0	7145050.0	NCGC00381425-01!8-hydroxy-8-(3-octyloxiran-2-yl)octanoic acid [IIN-based on: CCMSLIB00000846585] [M-H2O+H]+	GNPS-NIH-NATURALPRODUCTSLIBRARY_ROUND2_POSITIVE	temp/spectra_filtered.mgf294	-1	GNPS-NIH-NATURALPRODUCTSLIBRARY_ROUND2_POSITIVE.mgf	3340.02				11	0	0.992798	296.25	0	CCMSLIB00005722214
193	spectra_filtered.mgf	*..*		:38184	38184	-1	0	278.284	1	0.768006	0	0	150.749	5401760.0	PERHEXILINE [M+H]+	MSNLIB-POSITIVE	temp/spectra_filtered.mgf193	-1	MSNLIB-POSITIVE.mgf	7113.1				7	0	1.97946	280.263	0	CCMSLIB00012344148
2678	spectra_filtered.mgf	*..*		:30521	30521	-1	0	842.664	1	0.767191	0	0	417108.0	1826490.0	PC(18:2/22:0); [M+H]+ C48H93N1O8P1 M+H	PNNL-LIPIDS-POSITIVE	temp/spectra_filtered.mgf2678	-1	PNNL-LIPIDS-POSITIVE.mgf	0.289725				6	0	0.000244141	842.664	0	CCMSLIB00010101925
1616	spectra_filtered.mgf	*..*		:1203	10737	-1	0	603.534	1	0.766996	0	0	35623000.0	1540510.0	AEG(o-18:3/18:1) M+H	GNPS-LIBRARY	temp/spectra_filtered.mgf1616	-1	GNPS-LIBRARY.mgf	1.82033				10	0	0.00109863	603.535	0	CCMSLIB00006678151
3311	spectra_filtered.mgf	*..*		:23195	23195	-1	0	740.677	1	0.766549	0	0	87908.3	1403240.0	TG(12:0/14:0/16:0); [M+NH4]+ C45H90N1O6 M+NH4	PNNL-LIPIDS-POSITIVE	temp/spectra_filtered.mgf3311	-1	PNNL-LIPIDS-POSITIVE.mgf	0.247214				16	0	0.000183105	740.677	0	CCMSLIB00010094599
1809	spectra_filtered.mgf	*..*		:2185	2185	-1	0	766.539	1	0.766437	0	0	562358.0	3059420.0	PE(18:1/20:4); [M+H]+ C43H77N1O8P1 M+H	PNNL-LIPIDS-POSITIVE	temp/spectra_filtered.mgf1809	-1	PNNL-LIPIDS-POSITIVE.mgf	0.477746				10	0	0.000366211	766.539	0	CCMSLIB00010057447
1803	spectra_filtered.mgf	*..*		:17947	17947	-1	0	790.539	1	0.76629	0	0	103391.0	5957640.0	PE(18:1/22:6); [M+H]+ C45H77N1O8P1 M+H	PNNL-LIPIDS-POSITIVE	temp/spectra_filtered.mgf1803	-1	PNNL-LIPIDS-POSITIVE.mgf	0.077207				11	0	6.10352e-05	790.539	0	CCMSLIB00010089351
405	spectra_filtered.mgf	*..*		:3957	1055	-1	0	323.258	1	0.766077	0	0	640922.0	1338110.0	Spectral Match to 15-OxoEDE from NIST14 M+H	GNPS-NIST14-MATCHES	temp/spectra_filtered.mgf405	-1	GNPS-NIST14-MATCHES.mgf	3156.57				9	0	1.02039	322.238	0	CCMSLIB00003135541
3377	spectra_filtered.mgf	*..*		:23701	23701	-1	0	846.755	1	0.765883	0	0	92168.9	1498460.0	TG(16:0/16:1/18:2); [M+NH4]+ C53H100N1O6 M+NH4	PNNL-LIPIDS-POSITIVE	temp/spectra_filtered.mgf3377	-1	PNNL-LIPIDS-POSITIVE.mgf	0.360406				17	0	0.000305176	846.755	0	CCMSLIB00010095105
2015	spectra_filtered.mgf	*..*		:24500	24500	-1	0	794.606	1	0.765574	0	0	39979.6	8668290.0	PC(O-18:1/20:4); [M+H]+ C46H85N1O7P1 M+H	PNNL-LIPIDS-POSITIVE	temp/spectra_filtered.mgf2015	-1	PNNL-LIPIDS-POSITIVE.mgf	1320.63				6	0	1.04938	793.557	0	CCMSLIB00010095904
444	spectra_filtered.mgf	*..*		:5206	5206	-1	0	281.247	1	0.765205	0	0	476.055	127157000.0	MoNA:790536 Linoleic acid M+H	MONA	temp/spectra_filtered.mgf444	-1	MONA.mgf	3496.56				10	0	0.983398	280.264	0	CCMSLIB00000567955
351	spectra_filtered.mgf	*..*		:16928	117367	-1	0	330.179	1	0.764922	0	0	365.592	3139160.0	Z1517722710 [M+Na]+	MSNLIB-POSITIVE	temp/spectra_filtered.mgf351	-1	MSNLIB-POSITIVE.mgf	3516.49				6	0	1.16107	331.34	0	CCMSLIB00012766668
1029	spectra_filtered.mgf	*..*		:2536	2278	-1	0	283.263	1	0.764772	0	0	214676.0	499250.0	Spectral Match to Elaidic acid from NIST14 M+H	GNPS-NIST14-MATCHES	temp/spectra_filtered.mgf1029	-1	GNPS-NIST14-MATCHES.mgf	7045.92				10	0	1.99585	281.267	0	CCMSLIB00003136765
1675	spectra_filtered.mgf	*..*		:11605	11605	-1	0	812.544	1	0.764563	0	0	348481.0	4289880.0	PS(18:0/20:4); [M+H]+ C44H79N1O10P1 M+H	PNNL-LIPIDS-POSITIVE	temp/spectra_filtered.mgf1675	-1	PNNL-LIPIDS-POSITIVE.mgf	0.150232				15	0	0.00012207	812.544	0	CCMSLIB00010077106
906	spectra_filtered.mgf	*..*		:2518	317	-1	0	297.278	1	0.76373	0	0	980658.0	13361600.0	Spectral Match to Phytomonic acid from NIST14 M+H	GNPS-NIST14-MATCHES	temp/spectra_filtered.mgf906	-1	GNPS-NIST14-MATCHES.mgf	3428.53				10	0	1.01923	296.259	0	CCMSLIB00003134803
1202	spectra_filtered.mgf	*..*		:5704	17703	-1	0	281.247	1	0.763423	0	0	1011200.0	3764930.0	Massbank:EQ331603 Linoleic acid|(9Z,12Z)-octadeca-9,12-dienoic acid M+H	MASSBANK	temp/spectra_filtered.mgf1202	-1	MASSBANK.mgf	3496.67				9	0	0.983429	280.264	0	CCMSLIB00005731255
1664	spectra_filtered.mgf	*..*		:1783	1783	-1	0	185.082	1	0.762666	0	0	358.417	582320.0	HMDB:HMDB01565-1652 Phosphorylcholine M+H	HMDB	temp/spectra_filtered.mgf1664	-1	HMDB.mgf	5449.84				6	0	1.00867	184.073	0	CCMSLIB00000426811
874	spectra_filtered.mgf	*..*		:2518	317	-1	0	297.278	1	0.761371	0	0	980658.0	14043500.0	Spectral Match to Phytomonic acid from NIST14 M+H	GNPS-NIST14-MATCHES	temp/spectra_filtered.mgf874	-1	GNPS-NIST14-MATCHES.mgf	3308.01				10	0	0.983398	296.295	0	CCMSLIB00003134803
3479	spectra_filtered.mgf	*..*		:7037	7037	-1	0	852.802	1	0.761055	0	0	853462.0	724126.0	TG(16:0/16:0/18:0); [M+NH4]+ C53H106N1O6 M+NH4	PNNL-LIPIDS-POSITIVE	temp/spectra_filtered.mgf3479	-1	PNNL-LIPIDS-POSITIVE.mgf	0.0715701				14	0	6.10352e-05	852.802	0	CCMSLIB00010067490
2362	spectra_filtered.mgf	*..*		:1249	1249	-1	0	754.575	1	0.760998	0	0	629555.0	926229.0	PE(P-18:0/20:3); [M+H]+ C43H81N1O7P1 M+H	PNNL-LIPIDS-POSITIVE	temp/spectra_filtered.mgf2362	-1	PNNL-LIPIDS-POSITIVE.mgf	0.404434				10	0	0.000305176	754.575	0	CCMSLIB00010056511
911	spectra_filtered.mgf	*..*		:15061	15061	-1	0	530.325	1	0.760967	0	0	32141.3	869273.0	PE(22:4/0:0); [M+H]+ C27H49N1O7P1 M+H	PNNL-LIPIDS-POSITIVE	temp/spectra_filtered.mgf911	-1	PNNL-LIPIDS-POSITIVE.mgf	3756.08				7	0	1.99194	528.333	0	CCMSLIB00010084318
2165	spectra_filtered.mgf	*..*		:17233	17233	-1	0	731.607	1	0.760855	0	0	507360.0	3537340.0	SM(d18:0/18:1); [M+H]+ C41H84N2O6P1 M+H	PNNL-LIPIDS-POSITIVE	temp/spectra_filtered.mgf2165	-1	PNNL-LIPIDS-POSITIVE.mgf	1294.86				7	0	0.947327	732.554	0	CCMSLIB00010088637
564	spectra_filtered.mgf	*..*		:4467	510	-1	0	281.247	1	0.760793	0	0	1270480.0	502683.0	Linoleic acid M+H	LEAFBOT	temp/spectra_filtered.mgf564	-1	LEAFBOT.mgf	70.3132				6	0	0.0197754	281.267	0	CCMSLIB00011428767
2222	spectra_filtered.mgf	*..*		:1937	1937	-1	0	778.575	1	0.760134	0	0	2388480.0	10259700.0	PE(P-18:0/22:5); [M+H]+ C45H81N1O7P1 M+H	PNNL-LIPIDS-POSITIVE	temp/spectra_filtered.mgf2222	-1	PNNL-LIPIDS-POSITIVE.mgf	0.548754				13	0	0.000427246	778.575	0	CCMSLIB00010057199
196	spectra_filtered.mgf	*..*		:1	586	-1	0	316.249	1	0.759146	0	0	1273310.0	1844070.0	Nephrosteranic acid [M+NH4]	LDB_POSITIVE	temp/spectra_filtered.mgf196	-1	LDB_POSITIVE.mgf	2999.56				12	0	0.948608	315.3	0	CCMSLIB00005720014
536	spectra_filtered.mgf	*..*		:2836	4610	-1	0	307.263	1	0.758791	0	0	5574150.0	131488.0	Spectral Match to cis-8,11,14-Eicosatrienoic acid from NIST14 M+H	GNPS-NIST14-MATCHES	temp/spectra_filtered.mgf536	-1	GNPS-NIST14-MATCHES.mgf	3328.53				6	0	1.02274	306.24	0	CCMSLIB00003139097
361	spectra_filtered.mgf	*..*		:5704	17703	-1	0	281.247	1	0.758759	0	0	1011200.0	107841000.0	Massbank:EQ331603 Linoleic acid|(9Z,12Z)-octadeca-9,12-dienoic acid M+H	MASSBANK	temp/spectra_filtered.mgf361	-1	MASSBANK.mgf	3592.16				10	0	1.01028	280.237	0	CCMSLIB00005731255
2523	spectra_filtered.mgf	*..*		:17575	17575	-1	0	658.541	1	0.758241	0	0	79002.1	949042.0	DG(16:0/22:6/0:0); [M+NH4]+ C41H72N1O5 M+NH4	PNNL-LIPIDS-POSITIVE	temp/spectra_filtered.mgf2523	-1	PNNL-LIPIDS-POSITIVE.mgf	0.185365				12	0	0.00012207	658.541	0	CCMSLIB00010088979
769	spectra_filtered.mgf	*..*		:5494	4427	-1	0	282.279	1	0.758233	0	0	166485.0	125063000.0	Spectral Match to 9-Octadecenamide, (Z)- from NIST14 M+H	GNPS-NIST14-MATCHES	temp/spectra_filtered.mgf769	-1	GNPS-NIST14-MATCHES.mgf	4151.15				7	0	1.17178	283.451	0	CCMSLIB00003138914
2358	spectra_filtered.mgf	*..*		:5917	5917	-1	0	824.617	1	0.757627	0	0	3433160.0	1180610.0	PC(19:0/20:4); [M+H]+ C47H87N1O8P1 M+H	PNNL-LIPIDS-POSITIVE	temp/spectra_filtered.mgf2358	-1	PNNL-LIPIDS-POSITIVE.mgf	2398.8				6	0	1.97809	822.639	0	CCMSLIB00010065028
1693	spectra_filtered.mgf	*..*		:11559	30022	-1	0	519.224	1	0.75754	0	0	125.005	1168850.0	Deacetoxy(7)-7-Oxokhivorinic Acid [M-H]-	MONA	temp/spectra_filtered.mgf1693	-1	MONA.mgf	1667.69				6	0	0.865906	518.358	0	CCMSLIB00004702622
1590	spectra_filtered.mgf	*..*		:30363	30363	-1	0	762.529	1	0.757305	0	0	112693.0	2008100.0	PS(16:0/18:1); [M+H]+ C40H77N1O10P1 M+H	PNNL-LIPIDS-POSITIVE	temp/spectra_filtered.mgf1590	-1	PNNL-LIPIDS-POSITIVE.mgf	0.640345				13	0	0.000488281	762.529	0	CCMSLIB00010101767
2022	spectra_filtered.mgf	*..*		:17973	17973	-1	0	718.539	1	0.756596	0	0	1338700.0	25376000.0	PE(16:0/18:1); [M+H]+ C39H77N1O8P1 M+H	PNNL-LIPIDS-POSITIVE	temp/spectra_filtered.mgf2022	-1	PNNL-LIPIDS-POSITIVE.mgf	0.0849434				9	0	6.10352e-05	718.539	0	CCMSLIB00010089377
1432	spectra_filtered.mgf	*..*		:5206	5206	-1	0	281.247	1	0.756536	0	0	476.055	1753480.0	MoNA:790536 Linoleic acid M+H	MONA	temp/spectra_filtered.mgf1432	-1	MONA.mgf	3496.78				10	0	0.983459	280.264	0	CCMSLIB00000567955
1402	spectra_filtered.mgf	*..*		:66451	66451	-1	0	405.14	1	0.755962	0	0	240.419	612222.0	7-methyl-1-[(2S,3R,4S,5S,6R)-3,4,5-trihydroxy-6-(hydroxymethyl)oxan-2-yl]oxy-1,4a,5,6,7,7a-hexahydrocyclopenta[c]pyran-4-carboxylic acid [M+FA]-	MSNLIB-NEGATIVE	temp/spectra_filtered.mgf1402	-1	MSNLIB-NEGATIVE.mgf	4348.72				7	0	1.76184	403.378	0	CCMSLIB00012413391
3459	spectra_filtered.mgf	*..*		:4013	4013	-1	0	928.833	1	0.755889	0	0	1159780.0	3221300.0	TG(18:1/18:2/20:1); [M+NH4]+ C59H110N1O6 M+NH4	PNNL-LIPIDS-POSITIVE	temp/spectra_filtered.mgf3459	-1	PNNL-LIPIDS-POSITIVE.mgf	0.197135				18	0	0.000183105	928.833	0	CCMSLIB00010059777
318	spectra_filtered.mgf	*..*		:5704	17703	-1	0	281.247	1	0.755773	0	0	1011200.0	62289100.0	Massbank:EQ331603 Linoleic acid|(9Z,12Z)-octadeca-9,12-dienoic acid M+H	MASSBANK	temp/spectra_filtered.mgf318	-1	MASSBANK.mgf	3559.83				10	0	1.00119	280.246	0	CCMSLIB00005731255
2034	spectra_filtered.mgf	*..*		:22087	22087	-1	0	794.57	1	0.75548	0	0	298162.0	15711700.0	PC(17:0/20:5); [M+H]+ C45H81N1O8P1 M+H	PNNL-LIPIDS-POSITIVE	temp/spectra_filtered.mgf2034	-1	PNNL-LIPIDS-POSITIVE.mgf	1229.51				9	0	0.976929	793.593	0	CCMSLIB00010093491
727	spectra_filtered.mgf	*..*		:15061	15061	-1	0	530.325	1	0.754998	0	0	32141.3	2367150.0	PE(22:4/0:0); [M+H]+ C27H49N1O7P1 M+H	PNNL-LIPIDS-POSITIVE	temp/spectra_filtered.mgf727	-1	PNNL-LIPIDS-POSITIVE.mgf	3756.54				7	0	1.99219	528.333	0	CCMSLIB00010084318
315	spectra_filtered.mgf	*..*		:5704	17703	-1	0	281.247	1	0.754408	0	0	1011200.0	142324000.0	Massbank:EQ331603 Linoleic acid|(9Z,12Z)-octadeca-9,12-dienoic acid M+H	MASSBANK	temp/spectra_filtered.mgf315	-1	MASSBANK.mgf	3496.67				10	0	0.983429	280.264	0	CCMSLIB00005731255
1566	spectra_filtered.mgf	*..*		:15061	15061	-1	0	530.325	1	0.754358	0	0	32141.3	382421.0	PE(22:4/0:0); [M+H]+ C27H49N1O7P1 M+H	PNNL-LIPIDS-POSITIVE	temp/spectra_filtered.mgf1566	-1	PNNL-LIPIDS-POSITIVE.mgf	3755.16				7	0	1.99146	528.334	0	CCMSLIB00010084318
3234	spectra_filtered.mgf	*..*		:7852	26315	-1	0	685.174	1	0.754124	0	0	603.568	1124220.0	7-[(2S,3R,4S,5S,6R)-4,5-dihydroxy-3-[(2R,3R,4R,5R,6S)-3,4,5-trihydroxy-6-methyloxan-2-yl]oxy-6-[[(2R,3R,4R,5R,6S)-3,4,5-trihydroxy-6-methyloxan-2-yl]oxymethyl]oxan-2-yl]oxy-6-methoxychromen-2-one [M+K]+	MONA	temp/spectra_filtered.mgf3234	-1	MONA.mgf	1500.19				18	0	1.02789	686.202	0	CCMSLIB00004698915
1821	spectra_filtered.mgf	*..*		:2326	6918	-1	0	297.243	1	0.753	0	0	215400.0	222940.0	NCGC00381425-01!8-hydroxy-8-(3-octyloxiran-2-yl)octanoic acid [IIN-based on: CCMSLIB00000846585] [M-H2O+H]+	GNPS-NIH-NATURALPRODUCTSLIBRARY_ROUND2_POSITIVE	temp/spectra_filtered.mgf1821	-1	GNPS-NIH-NATURALPRODUCTSLIBRARY_ROUND2_POSITIVE.mgf	3312.61				11	0	0.98465	296.258	0	CCMSLIB00005722214
644	spectra_filtered.mgf	*..*		:1869	1944	-1	0	304.26	1	0.752555	0	0	19058.8	2216330.0	Spectral Match to Arachidonoyl amide from NIST14 M+H	GNPS-NIST14-MATCHES	temp/spectra_filtered.mgf644	-1	GNPS-NIST14-MATCHES.mgf	11.1334				11	0	0.00338745	304.263	0	CCMSLIB00003136431
401	spectra_filtered.mgf	*..*		:25203	25203	-1	0	210.149	1	0.752542	0	0	199.443	2554130.0	Mirogabalin [M+H]+	MSNLIB-POSITIVE	temp/spectra_filtered.mgf401	-1	MSNLIB-POSITIVE.mgf	0.290438				6	0	6.10352e-05	210.149	0	CCMSLIB00012317841
1669	spectra_filtered.mgf	*..*		:17937	17937	-1	0	764.523	1	0.752413	0	0	346217.0	6189690.0	PE(16:0/22:6); [M+H]+ C43H75N1O8P1 M+H	PNNL-LIPIDS-POSITIVE	temp/spectra_filtered.mgf1669	-1	PNNL-LIPIDS-POSITIVE.mgf	0.239503				12	0	0.000183105	764.523	0	CCMSLIB00010089341
1921	spectra_filtered.mgf	*..*		:27799	27799	-1	0	774.544	1	0.750959	0	0	227522.0	7849140.0	PE(P-18:1/22:6); [M+H]+ C45H77N1O7P1 M+H	PNNL-LIPIDS-POSITIVE	temp/spectra_filtered.mgf1921	-1	PNNL-LIPIDS-POSITIVE.mgf	0.0				11	0	0.0	774.544	0	CCMSLIB00010099203
410	spectra_filtered.mgf	*..*		:6953	23836	-1	0	221.117	1	0.748964	0	0	15949.3	20660400.0	3-methoxybenzoic-acid_3-methyl-2-buten-1-ol [CCS=156.89639282226562] [M+H]+	GNPS-ION-MOBILITY-LIBRARY	temp/spectra_filtered.mgf410	-1	GNPS-ION-MOBILITY-LIBRARY.mgf	1.72519				6	0	0.00038147	221.117	0	CCMSLIB00017433252
263	spectra_filtered.mgf	*..*		:27303	27303	-1	0	502.293	1	0.747985	0	0	337677.0	1833430.0	PE(20:4/0:0); [M+H]+ C25H45N1O7P1 M+H	PNNL-LIPIDS-POSITIVE	temp/spectra_filtered.mgf263	-1	PNNL-LIPIDS-POSITIVE.mgf	2.30875				7	0	0.00115967	502.294	0	CCMSLIB00010098707
221	spectra_filtered.mgf	*..*		:2326	6918	-1	0	297.243	1	0.747522	0	0	215400.0	36369600.0	NCGC00381425-01!8-hydroxy-8-(3-octyloxiran-2-yl)octanoic acid [IIN-based on: CCMSLIB00000846585] [M-H2O+H]+	GNPS-NIH-NATURALPRODUCTSLIBRARY_ROUND2_POSITIVE	temp/spectra_filtered.mgf221	-1	GNPS-NIH-NATURALPRODUCTSLIBRARY_ROUND2_POSITIVE.mgf	3312.71				11	0	0.98468	296.258	0	CCMSLIB00005722214
1769	spectra_filtered.mgf	*..*		:8886	5249	-1	0	753.589	1	0.745655	0	0	957641.0	5052810.0	Spectral Match to N-Stearoyl-4-sphingenyl-1-O-phosphorylcholine from NIST14 M+Na	GNPS-NIST14-MATCHES	temp/spectra_filtered.mgf1769	-1	GNPS-NIST14-MATCHES.mgf	1256.28				7	0	0.946716	754.536	0	CCMSLIB00003139736
154	spectra_filtered.mgf	*..*		:16794	4600	-1	0	263.184	1	0.745129	0	0	3689.0	2173990.0	Talaromycin A M+CH3OH+H	GNPS-LIBRARY	temp/spectra_filtered.mgf154	-1	GNPS-LIBRARY.mgf	7457.55				10	0	1.96271	261.221	0	CCMSLIB00005436020
3302	spectra_filtered.mgf	*..*		:9329	9329	-1	0	894.755	1	0.745042	0	0	14922300.0	5975010.0	TG(18:2/18:2/18:3); [M+NH4]+ C57H100N1O6 M+NH4	PNNL-LIPIDS-POSITIVE	temp/spectra_filtered.mgf3302	-1	PNNL-LIPIDS-POSITIVE.mgf	0.272858				20	0	0.000244141	894.755	0	CCMSLIB00010072204
1441	spectra_filtered.mgf	*..*		:15061	15061	-1	0	530.325	1	0.745001	0	0	32141.3	20926800.0	PE(22:4/0:0); [M+H]+ C27H49N1O7P1 M+H	PNNL-LIPIDS-POSITIVE	temp/spectra_filtered.mgf1441	-1	PNNL-LIPIDS-POSITIVE.mgf	43.389				8	0	0.0230103	530.348	0	CCMSLIB00010084318
3419	spectra_filtered.mgf	*..*		:1243	10753	-1	0	874.784	1	0.744901	0	0	624400000.0	2304650.0	TAG (16:0/18:1/18:2) M+NH4	GNPS-LIBRARY	temp/spectra_filtered.mgf3419	-1	GNPS-LIBRARY.mgf	1149.84				21	0	1.00586	875.79	0	CCMSLIB00006678167
2019	spectra_filtered.mgf	*..*		:1201	1201	-1	0	792.554	1	0.74384	0	0	7719100.0	31094700.0	PE(18:0/22:6); [M+H]+ C45H79N1O8P1 M+H	PNNL-LIPIDS-POSITIVE	temp/spectra_filtered.mgf2019	-1	PNNL-LIPIDS-POSITIVE.mgf	0.616086				9	0	0.000488281	792.554	0	CCMSLIB00010056463
531	spectra_filtered.mgf	*..*		:15061	15061	-1	0	530.325	1	0.743379	0	0	32141.3	1506360.0	PE(22:4/0:0); [M+H]+ C27H49N1O7P1 M+H	PNNL-LIPIDS-POSITIVE	temp/spectra_filtered.mgf531	-1	PNNL-LIPIDS-POSITIVE.mgf	44.1946				7	0	0.0234375	530.348	0	CCMSLIB00010084318
3443	spectra_filtered.mgf	*..*		:24403	24403	-1	0	862.786	1	0.743278	0	0	206645.0	1357120.0	TG(16:0/17:1/18:1); [M+NH4]+ C54H104N1O6 M+NH4	PNNL-LIPIDS-POSITIVE	temp/spectra_filtered.mgf3443	-1	PNNL-LIPIDS-POSITIVE.mgf	0.565936				15	0	0.000488281	862.786	0	CCMSLIB00010095807
1395	spectra_filtered.mgf	*..*		:15061	15061	-1	0	530.325	1	0.742016	0	0	32141.3	22906600.0	PE(22:4/0:0); [M+H]+ C27H49N1O7P1 M+H	PNNL-LIPIDS-POSITIVE	temp/spectra_filtered.mgf1395	-1	PNNL-LIPIDS-POSITIVE.mgf	43.1588				7	0	0.0228882	530.348	0	CCMSLIB00010084318
1391	spectra_filtered.mgf	*..*		:5704	17703	-1	0	281.247	1	0.741875	0	0	1011200.0	2544910.0	Massbank:EQ331603 Linoleic acid|(9Z,12Z)-octadeca-9,12-dienoic acid M+H	MASSBANK	temp/spectra_filtered.mgf1391	-1	MASSBANK.mgf	3496.78				9	0	0.983459	280.264	0	CCMSLIB00005731255
656	spectra_filtered.mgf	*..*		:15061	15061	-1	0	530.325	1	0.741098	0	0	32141.3	1222450.0	PE(22:4/0:0); [M+H]+ C27H49N1O7P1 M+H	PNNL-LIPIDS-POSITIVE	temp/spectra_filtered.mgf656	-1	PNNL-LIPIDS-POSITIVE.mgf	44.0795				7	0	0.0233765	530.348	0	CCMSLIB00010084318
358	spectra_filtered.mgf	*..*		:2796	236	-1	0	279.232	1	0.740914	0	0	942813.0	79057600.0	Spectral Match to 9(10)-EpOME from NIST14 M+H-H2O	GNPS-NIST14-MATCHES	temp/spectra_filtered.mgf358	-1	GNPS-NIST14-MATCHES.mgf	1.74866				7	0	0.000488281	279.232	0	CCMSLIB00003134722
699	spectra_filtered.mgf	*..*		:16869	4557	-1	0	199.2	1	0.739562	0	0	122131.0	2243300.0	Spectral Match to 1-Decanoyl-2-hydroxy-sn-glycero-3-phosphocholine from NIST14 199.2	GNPS-NIST14-MATCHES	temp/spectra_filtered.mgf699	-1	GNPS-NIST14-MATCHES.mgf	4842.37				6	0	0.9646	200.165	0	CCMSLIB00003139044
1621	spectra_filtered.mgf	*..*		:5027	5083	-1	0	887.562	1	0.73909	0	0	89575.2	7140570.0	Spectral Match to 1-Octadecanoyl-2-(5Z,8Z,11Z,14Z-eicosatetraenoyl)-sn-glycero-3-phospho-(1'-myo-inositol) from NIST14 M+H	GNPS-NIST14-MATCHES	temp/spectra_filtered.mgf1621	-1	GNPS-NIST14-MATCHES.mgf	2.95699				11	0	0.00262451	887.565	0	CCMSLIB00003139570
927	spectra_filtered.mgf	*..*		:15061	15061	-1	0	530.325	1	0.738083	0	0	32141.3	74946600.0	PE(22:4/0:0); [M+H]+ C27H49N1O7P1 M+H	PNNL-LIPIDS-POSITIVE	temp/spectra_filtered.mgf927	-1	PNNL-LIPIDS-POSITIVE.mgf	43.5041				8	0	0.0230713	530.348	0	CCMSLIB00010084318
1321	spectra_filtered.mgf	*..*		:5704	17703	-1	0	281.247	1	0.737768	0	0	1011200.0	1817480.0	Massbank:EQ331603 Linoleic acid|(9Z,12Z)-octadeca-9,12-dienoic acid M+H	MASSBANK	temp/spectra_filtered.mgf1321	-1	MASSBANK.mgf	3496.46				9	0	0.983368	280.264	0	CCMSLIB00005731255
2433	spectra_filtered.mgf	*..*		:6054	1063	-1	0	835.665	1	0.737553	0	0	195399.0	2102360.0	Spectral Match to N-Tetracosenoyl-4-sphingenyl-1-O-phosphorylcholine from NIST14 M+Na	GNPS-NIST14-MATCHES	temp/spectra_filtered.mgf2433	-1	GNPS-NIST14-MATCHES.mgf	1.89898				7	0	0.00158691	835.667	0	CCMSLIB00003135549
777	spectra_filtered.mgf	*..*		:15061	15061	-1	0	530.325	1	0.737326	0	0	32141.3	2902630.0	PE(22:4/0:0); [M+H]+ C27H49N1O7P1 M+H	PNNL-LIPIDS-POSITIVE	temp/spectra_filtered.mgf777	-1	PNNL-LIPIDS-POSITIVE.mgf	10.0128				7	0	0.00531006	530.33	0	CCMSLIB00010084318
1369	spectra_filtered.mgf	*..*		:3656	3054	-1	0	386.269	1	0.737295	0	0	5999960.0	441416.0	Gly-C22:6 M+H	ECG-ACYL-AMIDES-C4-C24-LIBRARY	temp/spectra_filtered.mgf1369	-1	ECG-ACYL-AMIDES-C4-C24-LIBRARY.mgf	2576.47				6	0	0.995209	385.274	0	CCMSLIB00011436575
771	spectra_filtered.mgf	*..*		:3121	131	-1	0	280.225	1	0.736381	0	0	55885.2	504488.0	3-hydroxydecanoyl amylamine [M+Na]+ [M+Na]+	3-HYDROXY-ACYL-AMIDES-LIBRARY	temp/spectra_filtered.mgf771	-1	3-HYDROXY-ACYL-AMIDES-LIBRARY.mgf	3175.09				8	0	0.88974	281.115	0	CCMSLIB00013640932
3337	spectra_filtered.mgf	*..*		:9337	9337	-1	0	870.755	1	0.736124	0	0	15609000.0	2365740.0	TG(16:0/18:2/18:3); [M+NH4]+ C55H100N1O6 M+NH4	PNNL-LIPIDS-POSITIVE	temp/spectra_filtered.mgf3337	-1	PNNL-LIPIDS-POSITIVE.mgf	0.280378				17	0	0.000244141	870.755	0	CCMSLIB00010072220
100	spectra_filtered.mgf	*..*		:40057	40057	-1	0	180.175	1	0.735792	0	0	441.662	2371750.0	rimantadine [M+H]+	MSNLIB-POSITIVE	temp/spectra_filtered.mgf100	-1	MSNLIB-POSITIVE.mgf	5257.73				6	0	0.947311	181.122	0	CCMSLIB00012347910
1549	spectra_filtered.mgf	*..*		:15061	15061	-1	0	530.325	1	0.735654	0	0	32141.3	17215100.0	PE(22:4/0:0); [M+H]+ C27H49N1O7P1 M+H	PNNL-LIPIDS-POSITIVE	temp/spectra_filtered.mgf1549	-1	PNNL-LIPIDS-POSITIVE.mgf	43.9644				7	0	0.0233154	530.348	0	CCMSLIB00010084318
1692	spectra_filtered.mgf	*..*		:15725	15725	-1	0	838.56	1	0.734963	0	0	60551.6	1868410.0	PS(20:0/20:5); [M+H]+ C46H81N1O10P1 M+H	PNNL-LIPIDS-POSITIVE	temp/spectra_filtered.mgf1692	-1	PNNL-LIPIDS-POSITIVE.mgf	0.145571				10	0	0.00012207	838.56	0	CCMSLIB00010085689
2659	spectra_filtered.mgf	*..*		:30521	30521	-1	0	842.664	1	0.734152	0	0	417108.0	2329020.0	PC(18:2/22:0); [M+H]+ C48H93N1O8P1 M+H	PNNL-LIPIDS-POSITIVE	temp/spectra_filtered.mgf2659	-1	PNNL-LIPIDS-POSITIVE.mgf	52.4402				6	0	0.0441895	842.708	0	CCMSLIB00010101925
2197	spectra_filtered.mgf	*..*		:2071	65	-1	0	746.569	1	0.734088	0	0	7108360.0	5232800.0	Spectral Match to 1-Hexadecyl-2-(9Z-octadecenoyl)-sn-glycero-3-phosphocholine from NIST14 M+H	GNPS-NIST14-MATCHES	temp/spectra_filtered.mgf2197	-1	GNPS-NIST14-MATCHES.mgf	2538.63				9	0	1.89526	748.464	0	CCMSLIB00003134551
1895	spectra_filtered.mgf	*..*		:15061	15061	-1	0	530.325	1	0.733839	0	0	32141.3	10558600.0	PE(22:4/0:0); [M+H]+ C27H49N1O7P1 M+H	PNNL-LIPIDS-POSITIVE	temp/spectra_filtered.mgf1895	-1	PNNL-LIPIDS-POSITIVE.mgf	44.0795				8	0	0.0233765	530.348	0	CCMSLIB00010084318
1517	spectra_filtered.mgf	*..*		:15061	15061	-1	0	530.325	1	0.733677	0	0	32141.3	21104000.0	PE(22:4/0:0); [M+H]+ C27H49N1O7P1 M+H	PNNL-LIPIDS-POSITIVE	temp/spectra_filtered.mgf1517	-1	PNNL-LIPIDS-POSITIVE.mgf	43.7342				7	0	0.0231934	530.348	0	CCMSLIB00010084318
1649	spectra_filtered.mgf	*..*		:5206	5206	-1	0	281.247	1	0.733674	0	0	476.055	1108170.0	MoNA:790536 Linoleic acid M+H	MONA	temp/spectra_filtered.mgf1649	-1	MONA.mgf	3496.89				9	0	0.98349	280.264	0	CCMSLIB00000567955
1042	spectra_filtered.mgf	*..*		:8169	8169	-1	0	294.0	1	0.732835	0	0	10866300.0	1985130.0	Massbank:KO002367 N-Acetylmuramate|N-Acetylmuramic acid [M+H]+	MASSBANK	temp/spectra_filtered.mgf1042	-1	MASSBANK.mgf	2435.49				6	0	0.716034	293.284	0	CCMSLIB00000217226
490	spectra_filtered.mgf	*..*		:84760	185199	-1	0	172.097	1	0.732782	0	0	454.37	2696110.0	3-(2-methyl-5-oxopyrrolidin-2-yl)propanoic acid [M+H]+	MSNLIB-POSITIVE	temp/spectra_filtered.mgf490	-1	MSNLIB-POSITIVE.mgf	5671.03				6	0	0.975967	171.121	0	CCMSLIB00012892190
987	spectra_filtered.mgf	*..*		:3846	93	-1	0	335.258	1	0.732762	0	0	438607.0	341318.0	Spectral Match to Monolinolenin (9c,12c,15c) from NIST14 M+H-H2O	GNPS-NIST14-MATCHES	temp/spectra_filtered.mgf987	-1	GNPS-NIST14-MATCHES.mgf	2826.57				6	0	0.947632	334.31	0	CCMSLIB00003134579
2423	spectra_filtered.mgf	*..*		:15061	15061	-1	0	530.325	1	0.732388	0	0	32141.3	6996310.0	PE(22:4/0:0); [M+H]+ C27H49N1O7P1 M+H	PNNL-LIPIDS-POSITIVE	temp/spectra_filtered.mgf2423	-1	PNNL-LIPIDS-POSITIVE.mgf	44.4248				7	0	0.0235596	530.349	0	CCMSLIB00010084318
2153	spectra_filtered.mgf	*..*		:16793	16793	-1	0	768.554	1	0.732358	0	0	697619.0	2524230.0	PE(18:0/20:4); [M+H]+ C43H79N1O8P1 M+H	PNNL-LIPIDS-POSITIVE	temp/spectra_filtered.mgf2153	-1	PNNL-LIPIDS-POSITIVE.mgf	45.7434				6	0	0.0351562	768.589	0	CCMSLIB00010087893
1367	spectra_filtered.mgf	*..*		:15061	15061	-1	0	530.325	1	0.732175	0	0	32141.3	21530600.0	PE(22:4/0:0); [M+H]+ C27H49N1O7P1 M+H	PNNL-LIPIDS-POSITIVE	temp/spectra_filtered.mgf1367	-1	PNNL-LIPIDS-POSITIVE.mgf	42.9286				7	0	0.0227661	530.348	0	CCMSLIB00010084318
978	spectra_filtered.mgf	*..*		:15061	15061	-1	0	530.325	1	0.73196	0	0	32141.3	64348200.0	PE(22:4/0:0); [M+H]+ C27H49N1O7P1 M+H	PNNL-LIPIDS-POSITIVE	temp/spectra_filtered.mgf978	-1	PNNL-LIPIDS-POSITIVE.mgf	43.0437				7	0	0.0228271	530.348	0	CCMSLIB00010084318
1237	spectra_filtered.mgf	*..*		:20757	39220	-1	0	499.234	1	0.731785	0	0	158.138	347624.0	methyl (1S,5S,9S,10R,15R)-15-(acetyloxy)-8-hydroxy-4,5,7,10,14,14-hexamethyl-6,18-dioxo-19-oxapentacyclo[10.5.2.0,.0,?.0?,?]nonadeca-3,7-diene-9-carboxylate [M-H]-	MONA	temp/spectra_filtered.mgf1237	-1	MONA.mgf	1616.73				6	0	0.807129	498.427	0	CCMSLIB00004711820
2447	spectra_filtered.mgf	*..*		:15061	15061	-1	0	530.325	1	0.731748	0	0	32141.3	2504360.0	PE(22:4/0:0); [M+H]+ C27H49N1O7P1 M+H	PNNL-LIPIDS-POSITIVE	temp/spectra_filtered.mgf2447	-1	PNNL-LIPIDS-POSITIVE.mgf	44.655				7	0	0.0236816	530.349	0	CCMSLIB00010084318
1140	spectra_filtered.mgf	*..*		:15061	15061	-1	0	530.325	1	0.731263	0	0	32141.3	434605.0	PE(22:4/0:0); [M+H]+ C27H49N1O7P1 M+H	PNNL-LIPIDS-POSITIVE	temp/spectra_filtered.mgf1140	-1	PNNL-LIPIDS-POSITIVE.mgf	3755.85				6	0	1.99182	528.333	0	CCMSLIB00010084318
1246	spectra_filtered.mgf	*..*		:5704	17703	-1	0	281.247	1	0.7303	0	0	1011200.0	1202050.0	Massbank:EQ331603 Linoleic acid|(9Z,12Z)-octadeca-9,12-dienoic acid M+H	MASSBANK	temp/spectra_filtered.mgf1246	-1	MASSBANK.mgf	3496.67				9	0	0.983429	280.264	0	CCMSLIB00005731255
1030	spectra_filtered.mgf	*..*		:5704	17703	-1	0	281.247	1	0.729302	0	0	1011200.0	4106910.0	Massbank:EQ331603 Linoleic acid|(9Z,12Z)-octadeca-9,12-dienoic acid M+H	MASSBANK	temp/spectra_filtered.mgf1030	-1	MASSBANK.mgf	3496.02				9	0	0.983246	280.264	0	CCMSLIB00005731255
2220	spectra_filtered.mgf	*..*		:15061	15061	-1	0	530.325	1	0.729129	0	0	32141.3	7784730.0	PE(22:4/0:0); [M+H]+ C27H49N1O7P1 M+H	PNNL-LIPIDS-POSITIVE	temp/spectra_filtered.mgf2220	-1	PNNL-LIPIDS-POSITIVE.mgf	44.4248				7	0	0.0235596	530.349	0	CCMSLIB00010084318
225	spectra_filtered.mgf	*..*		:4546	634	-1	0	249.258	1	0.729023	0	0	1258400.0	9562420.0	Spectral Match to cis,cis-9,12-Octadecadien-1-ol from NIST14 M+H-H2O	GNPS-NIST14-MATCHES	temp/spectra_filtered.mgf225	-1	GNPS-NIST14-MATCHES.mgf	7794.56				6	0	1.94286	251.201	0	CCMSLIB00003135120
876	spectra_filtered.mgf	*..*		:5704	17703	-1	0	281.247	1	0.728966	0	0	1011200.0	679318.0	Massbank:EQ331603 Linoleic acid|(9Z,12Z)-octadeca-9,12-dienoic acid M+H	MASSBANK	temp/spectra_filtered.mgf876	-1	MASSBANK.mgf	7033.71				8	0	1.97821	279.269	0	CCMSLIB00005731255
1648	spectra_filtered.mgf	*..*		:2326	6918	-1	0	297.243	1	0.728618	0	0	215400.0	260429.0	NCGC00381425-01!8-hydroxy-8-(3-octyloxiran-2-yl)octanoic acid [IIN-based on: CCMSLIB00000846585] [M-H2O+H]+	GNPS-NIH-NATURALPRODUCTSLIBRARY_ROUND2_POSITIVE	temp/spectra_filtered.mgf1648	-1	GNPS-NIH-NATURALPRODUCTSLIBRARY_ROUND2_POSITIVE.mgf	3312.71				10	0	0.98468	296.258	0	CCMSLIB00005722214
850	spectra_filtered.mgf	*..*		:15061	15061	-1	0	530.325	1	0.728132	0	0	32141.3	40806200.0	PE(22:4/0:0); [M+H]+ C27H49N1O7P1 M+H	PNNL-LIPIDS-POSITIVE	temp/spectra_filtered.mgf850	-1	PNNL-LIPIDS-POSITIVE.mgf	43.389				8	0	0.0230103	530.348	0	CCMSLIB00010084318
147	spectra_filtered.mgf	*..*		:2326	6918	-1	0	297.243	1	0.728015	0	0	215400.0	37686100.0	NCGC00381425-01!8-hydroxy-8-(3-octyloxiran-2-yl)octanoic acid [IIN-based on: CCMSLIB00000846585] [M-H2O+H]+	GNPS-NIH-NATURALPRODUCTSLIBRARY_ROUND2_POSITIVE	temp/spectra_filtered.mgf147	-1	GNPS-NIH-NATURALPRODUCTSLIBRARY_ROUND2_POSITIVE.mgf	3313.94				11	0	0.985046	296.258	0	CCMSLIB00005722214
507	spectra_filtered.mgf	*..*		:2326	6918	-1	0	297.243	1	0.727608	0	0	215400.0	24751900.0	NCGC00381425-01!8-hydroxy-8-(3-octyloxiran-2-yl)octanoic acid [IIN-based on: CCMSLIB00000846585] [M-H2O+H]+	GNPS-NIH-NATURALPRODUCTSLIBRARY_ROUND2_POSITIVE	temp/spectra_filtered.mgf507	-1	GNPS-NIH-NATURALPRODUCTSLIBRARY_ROUND2_POSITIVE.mgf	3068.26				12	0	0.912018	296.331	0	CCMSLIB00005722214
703	spectra_filtered.mgf	*..*		:15061	15061	-1	0	530.325	1	0.726809	0	0	32141.3	110830000.0	PE(22:4/0:0); [M+H]+ C27H49N1O7P1 M+H	PNNL-LIPIDS-POSITIVE	temp/spectra_filtered.mgf703	-1	PNNL-LIPIDS-POSITIVE.mgf	43.8493				7	0	0.0232544	530.348	0	CCMSLIB00010084318
2051	spectra_filtered.mgf	*..*		:2533	614	-1	0	766.572	0	0.726577	0	0	35469.0	544292.0	Spectral Match to Eicosapentaenoyl PAF C-16 from NIST14 M+H	GNPS-NIST14-MATCHES	temp/spectra_filtered.mgf2051	-1	GNPS-NIST14-MATCHES.mgf	1038.73				7	0	0.796265	765.776	0	CCMSLIB00003135100
816	spectra_filtered.mgf	*..*		:15061	15061	-1	0	530.325	1	0.726113	0	0	32141.3	38473200.0	PE(22:4/0:0); [M+H]+ C27H49N1O7P1 M+H	PNNL-LIPIDS-POSITIVE	temp/spectra_filtered.mgf816	-1	PNNL-LIPIDS-POSITIVE.mgf	43.6191				7	0	0.0231323	530.348	0	CCMSLIB00010084318
1980	spectra_filtered.mgf	*..*		:8650	8650	-1	0	826.539	1	0.725699	0	0	30990.3	1510400.0	PC(20:5/20:5); [M+H]+ C48H77N1O8P1 M+H	PNNL-LIPIDS-POSITIVE	temp/spectra_filtered.mgf1980	-1	PNNL-LIPIDS-POSITIVE.mgf	2318.86				6	0	1.91663	824.622	0	CCMSLIB00010070806
2263	spectra_filtered.mgf	*..*		:15061	15061	-1	0	530.325	1	0.724961	0	0	32141.3	9952560.0	PE(22:4/0:0); [M+H]+ C27H49N1O7P1 M+H	PNNL-LIPIDS-POSITIVE	temp/spectra_filtered.mgf2263	-1	PNNL-LIPIDS-POSITIVE.mgf	44.4248				8	0	0.0235596	530.349	0	CCMSLIB00010084318
766	spectra_filtered.mgf	*..*		:11777	4136	-1	0	297.315	1	0.724873	0	0	7557940.0	76112.8	Phytol; (E,7R,11R)-3,7,11,15-tetramethylhexadec-2-en-1-ol M+H	GNPS-LIBRARY	temp/spectra_filtered.mgf766	-1	GNPS-LIBRARY.mgf	6697.31				6	0	1.99121	299.306	0	CCMSLIB00004722180
1071	spectra_filtered.mgf	*..*		:3777	2442	-1	0	296.295	1	0.724757	0	0	9248540.0	730952.0	amylamine-C14:1 M+H	ECG-ACYL-AMIDES-C4-C24-LIBRARY	temp/spectra_filtered.mgf1071	-1	ECG-ACYL-AMIDES-C4-C24-LIBRARY.mgf	6679.27				6	0	1.97903	298.274	0	CCMSLIB00011435927
605	spectra_filtered.mgf	*..*		:5704	17703	-1	0	281.247	1	0.724647	0	0	1011200.0	188002000.0	Massbank:EQ331603 Linoleic acid|(9Z,12Z)-octadeca-9,12-dienoic acid M+H	MASSBANK	temp/spectra_filtered.mgf605	-1	MASSBANK.mgf	3496.46				9	0	0.983368	280.264	0	CCMSLIB00005731255
2372	spectra_filtered.mgf	*..*		:15061	15061	-1	0	530.325	1	0.724433	0	0	32141.3	1023470.0	PE(22:4/0:0); [M+H]+ C27H49N1O7P1 M+H	PNNL-LIPIDS-POSITIVE	temp/spectra_filtered.mgf2372	-1	PNNL-LIPIDS-POSITIVE.mgf	44.0795				7	0	0.0233765	530.348	0	CCMSLIB00010084318
1807	spectra_filtered.mgf	*..*		:15061	15061	-1	0	530.325	1	0.72406	0	0	32141.3	7064160.0	PE(22:4/0:0); [M+H]+ C27H49N1O7P1 M+H	PNNL-LIPIDS-POSITIVE	temp/spectra_filtered.mgf1807	-1	PNNL-LIPIDS-POSITIVE.mgf	43.7342				7	0	0.0231934	530.348	0	CCMSLIB00010084318
1044	spectra_filtered.mgf	*..*		:1120	893	-1	0	311.257	1	0.723905	0	0	651644.0	58451700.0	Spectral Match to Monopalmitolein (9c) from NIST14 M+H-H2O	GNPS-NIST14-MATCHES	temp/spectra_filtered.mgf1044	-1	GNPS-NIST14-MATCHES.mgf	3040.61				7	0	0.946411	310.311	0	CCMSLIB00003135379
1332	spectra_filtered.mgf	*..*		:15061	15061	-1	0	530.325	1	0.723821	0	0	32141.3	34151100.0	PE(22:4/0:0); [M+H]+ C27H49N1O7P1 M+H	PNNL-LIPIDS-POSITIVE	temp/spectra_filtered.mgf1332	-1	PNNL-LIPIDS-POSITIVE.mgf	42.9286				7	0	0.0227661	530.348	0	CCMSLIB00010084318
1876	spectra_filtered.mgf	*..*		:1842	1842	-1	0	740.559	1	0.72374	0	0	150865.0	2446380.0	PC(P-16:0/18:3); [M+H]+ C42H79N1O7P1 M+H	PNNL-LIPIDS-POSITIVE	temp/spectra_filtered.mgf1876	-1	PNNL-LIPIDS-POSITIVE.mgf	2672.97				6	0	1.97949	742.539	0	CCMSLIB00010057104
2328	spectra_filtered.mgf	*..*		:2326	6918	-1	0	297.243	1	0.723592	0	0	215400.0	338578.0	NCGC00381425-01!8-hydroxy-8-(3-octyloxiran-2-yl)octanoic acid [IIN-based on: CCMSLIB00000846585] [M-H2O+H]+	GNPS-NIH-NATURALPRODUCTSLIBRARY_ROUND2_POSITIVE	temp/spectra_filtered.mgf2328	-1	GNPS-NIH-NATURALPRODUCTSLIBRARY_ROUND2_POSITIVE.mgf	3312.61				10	0	0.98465	296.258	0	CCMSLIB00005722214
3410	spectra_filtered.mgf	*..*		:19333	19333	-1	0	930.849	1	0.723558	0	0	9157610.0	2136560.0	TG(18:1/18:1/20:1); [M+NH4]+ C59H112N1O6 M+NH4	PNNL-LIPIDS-POSITIVE	temp/spectra_filtered.mgf3410	-1	PNNL-LIPIDS-POSITIVE.mgf	652.153				15	0	0.607056	931.456	0	CCMSLIB00010090737
1218	spectra_filtered.mgf	*..*		:15061	15061	-1	0	530.325	1	0.723327	0	0	32141.3	49462700.0	PE(22:4/0:0); [M+H]+ C27H49N1O7P1 M+H	PNNL-LIPIDS-POSITIVE	temp/spectra_filtered.mgf1218	-1	PNNL-LIPIDS-POSITIVE.mgf	42.8135				7	0	0.0227051	530.348	0	CCMSLIB00010084318
1620	spectra_filtered.mgf	*..*		:1803	1803	-1	0	836.544	1	0.722883	0	0	378771.0	1205810.0	PS(18:0/22:6); [M+H]+ C46H79N1O10P1 M+H	PNNL-LIPIDS-POSITIVE	temp/spectra_filtered.mgf1620	-1	PNNL-LIPIDS-POSITIVE.mgf	0.948494				10	0	0.000793457	836.543	0	CCMSLIB00010057065
952	spectra_filtered.mgf	*..*		:3846	93	-1	0	335.258	1	0.72228	0	0	438607.0	207155.0	Spectral Match to Monolinolenin (9c,12c,15c) from NIST14 M+H-H2O	GNPS-NIST14-MATCHES	temp/spectra_filtered.mgf952	-1	GNPS-NIST14-MATCHES.mgf	2826.57				6	0	0.947632	334.31	0	CCMSLIB00003134579
918	spectra_filtered.mgf	*..*		:9174	27637	-1	0	533.203	1	0.72222	0	0	153.993	46570700.0	2-[4-[(3R,3aR,6S,6aR)-3-(3,4-dimethoxyphenyl)-1,3,3a,4,6,6a-hexahydrofuro[3,4-c]furan-6-yl]-2-methoxyphenoxy]-6-(hydroxymethyl)oxane-3,4,5-triol [M-H]-	MONA	temp/spectra_filtered.mgf918	-1	MONA.mgf	3616.3				6	0	1.92822	531.275	0	CCMSLIB00004700237
2347	spectra_filtered.mgf	*..*		:10254	28717	-1	0	581.333	1	0.721969	0	0	199.684	28338700.0	(2R,3R,4S,5R,6R)-2-[[7-[(2R,3R,4R,5S)-3,4-dihydroxy-5-(hydroxymethyl)oxolan-2-yl]oxy-2-ethenyl-2,4b,8,8-tetramethyl-4,4a,5,6,7,8a,9,10-octahydro-3H-phenanthren-3-yl]oxy]-6-methyloxane-3,4,5-triol [M-H]-	MONA	temp/spectra_filtered.mgf2347	-1	MONA.mgf	1299.27				6	0	0.75531	580.578	0	CCMSLIB00004701317
425	spectra_filtered.mgf	*..*		:1755	1172	-1	0	434.326	1	0.721667	0	0	50730.0	8636780.0	Thr-C22:4 M+H	ECG-ACYL-AMIDES-C4-C24-LIBRARY	temp/spectra_filtered.mgf425	-1	ECG-ACYL-AMIDES-C4-C24-LIBRARY.mgf	2643.62				6	0	1.14819	433.178	0	CCMSLIB00010011771
1	spectra_filtered.mgf	*..*		:10816	111255	-1	0	282.134	1	0.720804	0	0	240.174	674513.0	AKOS009986244 [M+H]+	MSNLIB-POSITIVE	temp/spectra_filtered.mgf1	-1	MSNLIB-POSITIVE.mgf	3577.84				7	0	1.00943	283.143	0	CCMSLIB00012756034
1200	spectra_filtered.mgf	*..*		:15061	15061	-1	0	530.325	0	0.720094	0	0	32141.3	4451920.0	PE(22:4/0:0); [M+H]+ C27H49N1O7P1 M+H	PNNL-LIPIDS-POSITIVE	temp/spectra_filtered.mgf1200	-1	PNNL-LIPIDS-POSITIVE.mgf	240.999				7	0	0.127808	530.453	0	CCMSLIB00010084318
772	spectra_filtered.mgf	*..*		:2326	6918	-1	0	297.243	1	0.719782	0	0	215400.0	1903530.0	NCGC00381425-01!8-hydroxy-8-(3-octyloxiran-2-yl)octanoic acid [IIN-based on: CCMSLIB00000846585] [M-H2O+H]+	GNPS-NIH-NATURALPRODUCTSLIBRARY_ROUND2_POSITIVE	temp/spectra_filtered.mgf772	-1	GNPS-NIH-NATURALPRODUCTSLIBRARY_ROUND2_POSITIVE.mgf	3313.64				11	0	0.984955	296.258	0	CCMSLIB00005722214
3058	spectra_filtered.mgf	*..*		:15061	15061	-1	0	530.325	1	0.719711	0	0	32141.3	484641.0	PE(22:4/0:0); [M+H]+ C27H49N1O7P1 M+H	PNNL-LIPIDS-POSITIVE	temp/spectra_filtered.mgf3058	-1	PNNL-LIPIDS-POSITIVE.mgf	44.5399				7	0	0.0236206	530.349	0	CCMSLIB00010084318
1933	spectra_filtered.mgf	*..*		:23329	23329	-1	0	806.57	1	0.71891	0	0	536246.0	1178800.0	PC(16:0/22:6); [M+H]+ C46H81N1O8P1 M+H	PNNL-LIPIDS-POSITIVE	temp/spectra_filtered.mgf1933	-1	PNNL-LIPIDS-POSITIVE.mgf	2.79988				8	0	0.0022583	806.568	0	CCMSLIB00010094733
1653	spectra_filtered.mgf	*..*		:15061	15061	-1	0	530.325	1	0.718523	0	0	32141.3	32116300.0	PE(22:4/0:0); [M+H]+ C27H49N1O7P1 M+H	PNNL-LIPIDS-POSITIVE	temp/spectra_filtered.mgf1653	-1	PNNL-LIPIDS-POSITIVE.mgf	43.2739				7	0	0.0229492	530.348	0	CCMSLIB00010084318
1939	spectra_filtered.mgf	*..*		:15061	15061	-1	0	530.325	1	0.718035	0	0	32141.3	9474900.0	PE(22:4/0:0); [M+H]+ C27H49N1O7P1 M+H	PNNL-LIPIDS-POSITIVE	temp/spectra_filtered.mgf1939	-1	PNNL-LIPIDS-POSITIVE.mgf	43.9644				6	0	0.0233154	530.348	0	CCMSLIB00010084318
2536	spectra_filtered.mgf	*..*		:15061	15061	-1	0	530.325	1	0.717772	0	0	32141.3	1019850.0	PE(22:4/0:0); [M+H]+ C27H49N1O7P1 M+H	PNNL-LIPIDS-POSITIVE	temp/spectra_filtered.mgf2536	-1	PNNL-LIPIDS-POSITIVE.mgf	44.655				7	0	0.0236816	530.349	0	CCMSLIB00010084318
1183	spectra_filtered.mgf	*..*		:15061	15061	-1	0	530.325	1	0.717623	0	0	32141.3	22314100.0	PE(22:4/0:0); [M+H]+ C27H49N1O7P1 M+H	PNNL-LIPIDS-POSITIVE	temp/spectra_filtered.mgf1183	-1	PNNL-LIPIDS-POSITIVE.mgf	42.5833				7	0	0.022583	530.348	0	CCMSLIB00010084318
2040	spectra_filtered.mgf	*..*		:26983	26983	-1	0	726.544	1	0.717403	0	0	651878.0	2403600.0	PE(P-16:0/20:3); [M+H]+ C41H77N1O7P1 M+H	PNNL-LIPIDS-POSITIVE	temp/spectra_filtered.mgf2040	-1	PNNL-LIPIDS-POSITIVE.mgf	0.33603				10	0	0.000244141	726.544	0	CCMSLIB00010098387
3381	spectra_filtered.mgf	*..*		:19281	19281	-1	0	948.802	1	0.716991	0	0	10733200.0	5280330.0	TG(18:1/18:1/22:6); [M+NH4]+ C61H106N1O6 M+NH4	PNNL-LIPIDS-POSITIVE	temp/spectra_filtered.mgf3381	-1	PNNL-LIPIDS-POSITIVE.mgf	0.0				13	0	0.0	948.802	0	CCMSLIB00010090685
3159	spectra_filtered.mgf	*..*		:1043	2644	-1	0	1013.7	1	0.716599	0	0	431390.0	40392600.0	Val-CA 2M-H	BILELIB19	temp/spectra_filtered.mgf3159	-1	BILELIB19.mgf	1625.92				7	0	1.64819	1012.05	0	CCMSLIB00006583093
3290	spectra_filtered.mgf	*..*		:1043	2644	-1	0	1013.7	1	0.715906	0	0	431390.0	66916000.0	Val-CA 2M-H	BILELIB19	temp/spectra_filtered.mgf3290	-1	BILELIB19.mgf	1625.74				7	0	1.64801	1012.05	0	CCMSLIB00006583093
3375	spectra_filtered.mgf	*..*		:1043	2644	-1	0	1013.7	1	0.715334	0	0	431390.0	171638000.0	Val-CA 2M-H	BILELIB19	temp/spectra_filtered.mgf3375	-1	BILELIB19.mgf	1625.74				6	0	1.64801	1012.05	0	CCMSLIB00006583093
2887	spectra_filtered.mgf	*..*		:1043	2644	-1	0	1013.7	1	0.715194	0	0	431390.0	2369510.0	Val-CA 2M-H	BILELIB19	temp/spectra_filtered.mgf2887	-1	BILELIB19.mgf	635.941				7	0	0.644653	1013.06	0	CCMSLIB00006583093
371	spectra_filtered.mgf	*..*		:2483	6924	-1	0	261.222	1	0.715069	0	0	172200.0	6034230.0	NCGC00381425-01!8-hydroxy-8-(3-octyloxiran-2-yl)octanoic acid [IIN-based on: CCMSLIB00000846585] [M-3H2O+H]+	GNPS-NIH-NATURALPRODUCTSLIBRARY_ROUND2_POSITIVE	temp/spectra_filtered.mgf371	-1	GNPS-NIH-NATURALPRODUCTSLIBRARY_ROUND2_POSITIVE.mgf	1.63557				10	0	0.000427246	261.222	0	CCMSLIB00005722220
958	spectra_filtered.mgf	*..*		:15061	15061	-1	0	530.325	1	0.712677	0	0	32141.3	385416.0	PE(22:4/0:0); [M+H]+ C27H49N1O7P1 M+H	PNNL-LIPIDS-POSITIVE	temp/spectra_filtered.mgf958	-1	PNNL-LIPIDS-POSITIVE.mgf	3756.08				7	0	1.99194	528.333	0	CCMSLIB00010084318
1805	spectra_filtered.mgf	*..*		:8886	5249	-1	0	753.589	1	0.712576	0	0	957641.0	1022600.0	Spectral Match to N-Stearoyl-4-sphingenyl-1-O-phosphorylcholine from NIST14 M+Na	GNPS-NIST14-MATCHES	temp/spectra_filtered.mgf1805	-1	GNPS-NIST14-MATCHES.mgf	1256.28				7	0	0.946716	754.536	0	CCMSLIB00003139736
1058	spectra_filtered.mgf	*..*		:15061	15061	-1	0	530.325	1	0.711217	0	0	32141.3	3789220.0	PE(22:4/0:0); [M+H]+ C27H49N1O7P1 M+H	PNNL-LIPIDS-POSITIVE	temp/spectra_filtered.mgf1058	-1	PNNL-LIPIDS-POSITIVE.mgf	43.1588				6	0	0.0228882	530.348	0	CCMSLIB00010084318
1943	spectra_filtered.mgf	*..*		:947	2581	-1	0	754.538	1	0.711177	0	0	33729.1	2711590.0	Spectral Match to 1-Heptadecanoyl, 2-(5Z,8Z,11Z,14Z-eicosatetraenoyl)-sn-glycero-3-phosphoethanolamine from NIST14 M+H	GNPS-NIST14-MATCHES	temp/spectra_filtered.mgf1943	-1	GNPS-NIST14-MATCHES.mgf	0.728017				9	0	0.000549316	754.539	0	CCMSLIB00003137068
26	spectra_filtered.mgf	*..*		:95931	95931	-1	0	316.129	1	0.710766	0	0	298.418	2360630.0	CHEBI:182579 [M+H-H2O]+	MSNLIB-POSITIVE	temp/spectra_filtered.mgf26	-1	MSNLIB-POSITIVE.mgf	262.19				8	0	0.0828857	316.212	0	CCMSLIB00012447183
2105	spectra_filtered.mgf	*..*		:15061	15061	-1	0	530.325	1	0.710701	0	0	32141.3	5744550.0	PE(22:4/0:0); [M+H]+ C27H49N1O7P1 M+H	PNNL-LIPIDS-POSITIVE	temp/spectra_filtered.mgf2105	-1	PNNL-LIPIDS-POSITIVE.mgf	44.0795				7	0	0.0233765	530.348	0	CCMSLIB00010084318
1289	spectra_filtered.mgf	*..*		:15061	15061	-1	0	530.325	1	0.710615	0	0	32141.3	24719700.0	PE(22:4/0:0); [M+H]+ C27H49N1O7P1 M+H	PNNL-LIPIDS-POSITIVE	temp/spectra_filtered.mgf1289	-1	PNNL-LIPIDS-POSITIVE.mgf	42.9286				6	0	0.0227661	530.348	0	CCMSLIB00010084318
1561	spectra_filtered.mgf	*..*		:26	46	-1	0	150.054	0	0.710573	0	0	17922200.0	314287.0	PYRIDOXAL M-H2O+H	GNPS-MSMLS	temp/spectra_filtered.mgf1561	-1	GNPS-MSMLS.mgf	6383.81				6	0	0.957916	149.096	0	CCMSLIB00005463585
2339	spectra_filtered.mgf	*..*		:12441	12441	-1	0	810.601	1	0.710438	0	0	632003.0	3214170.0	PC(18:0/20:4); [M+H]+ C46H85N1O8P1 M+H	PNNL-LIPIDS-POSITIVE	temp/spectra_filtered.mgf2339	-1	PNNL-LIPIDS-POSITIVE.mgf	2.63537				9	0	0.00213623	810.599	0	CCMSLIB00010078874
1056	spectra_filtered.mgf	*..*		:3777	2442	-1	0	296.295	0	0.710296	0	0	9248540.0	520533.0	amylamine-C14:1 M+H	ECG-ACYL-AMIDES-C4-C24-LIBRARY	temp/spectra_filtered.mgf1056	-1	ECG-ACYL-AMIDES-C4-C24-LIBRARY.mgf	6679.37				6	0	1.97906	298.274	0	CCMSLIB00011435927
3388	spectra_filtered.mgf	*..*		:11219	11219	-1	0	924.802	1	0.709734	0	0	388045.0	4475970.0	TG(18:2/18:3/20:1); [M+NH4]+ C59H106N1O6 M+NH4	PNNL-LIPIDS-POSITIVE	temp/spectra_filtered.mgf3388	-1	PNNL-LIPIDS-POSITIVE.mgf	0.0659981				20	0	6.10352e-05	924.802	0	CCMSLIB00010076286
2713	spectra_filtered.mgf	*..*		:4891	2486	-1	0	646.35	1	0.708808	0	0	70840.0	2028810.0	Ceramide (18:1/18:0) M+H	GNPS-LIBRARY	temp/spectra_filtered.mgf2713	-1	GNPS-LIBRARY.mgf	406.146				10	0	0.262512	646.612	0	CCMSLIB00000531475
1252	spectra_filtered.mgf	*..*		:3843	1964	-1	0	312.326	1	0.70856	0	0	3975870.0	2912330.0	amylamine-C15:0 M+H	ECG-ACYL-AMIDES-C4-C24-LIBRARY	temp/spectra_filtered.mgf1252	-1	ECG-ACYL-AMIDES-C4-C24-LIBRARY.mgf	0.0977107				9	0	3.05176e-05	312.326	0	CCMSLIB00011435425
1012	spectra_filtered.mgf	*..*		:15061	15061	-1	0	530.325	1	0.708172	0	0	32141.3	52643900.0	PE(22:4/0:0); [M+H]+ C27H49N1O7P1 M+H	PNNL-LIPIDS-POSITIVE	temp/spectra_filtered.mgf1012	-1	PNNL-LIPIDS-POSITIVE.mgf	43.1588				6	0	0.0228882	530.348	0	CCMSLIB00010084318
394	spectra_filtered.mgf	*..*		:1747	766	-1	0	277.215	1	0.707153	0	0	5468650.0	1367720.0	Spectral Match to 13-Keto-9Z,11E-octadecadienoic acid from NIST14 M+H-H2O	GNPS-NIST14-MATCHES	temp/spectra_filtered.mgf394	-1	GNPS-NIST14-MATCHES.mgf	3543.68				9	0	0.982361	276.233	0	CCMSLIB00003135252
3176	spectra_filtered.mgf	*..*		:967	2903	-1	0	1013.7	1	0.707045	0	0	169840.0	129851000.0	Val-bMCA 2M-H	BILELIB19	temp/spectra_filtered.mgf3176	-1	BILELIB19.mgf	1626.22				8	0	1.6485	1012.05	0	CCMSLIB00006583352
99	spectra_filtered.mgf	*..*		:986	986	-1	0	222.113	1	0.706605	0	0	357652.0	302590.0	Candidate Phenylalanine-C3:0 (delta mass:56.0264) M+H	GNPS-N-ACYL-LIPIDS-MASSQL	temp/spectra_filtered.mgf99	-1	GNPS-N-ACYL-LIPIDS-MASSQL.mgf	8924.74				6	0	1.9823	220.131	0	CCMSLIB00016339391
2132	spectra_filtered.mgf	*..*		:15061	15061	-1	0	530.325	1	0.705829	0	0	32141.3	3480000.0	PE(22:4/0:0); [M+H]+ C27H49N1O7P1 M+H	PNNL-LIPIDS-POSITIVE	temp/spectra_filtered.mgf2132	-1	PNNL-LIPIDS-POSITIVE.mgf	339.055				6	0	0.17981	530.505	0	CCMSLIB00010084318
2565	spectra_filtered.mgf	*..*		:3722	3722	-1	0	524.164	1	0.705334	0	0	140.433	285326.0	209984-57-6 [M+FA]-	MSNLIB-NEGATIVE	temp/spectra_filtered.mgf2565	-1	MSNLIB-NEGATIVE.mgf	1157.79				6	0	0.606873	523.557	0	CCMSLIB00012293516
3214	spectra_filtered.mgf	*..*		:15883	34346	-1	0	997.477	1	0.705222	0	0	767.165	3602130.0	[(2S,3R,4S,5S,6R)-6-[[(2R,3R,4R,5S,6R)-3,4-dihydroxy-6-(hydroxymethyl)-5-[(2S,3R,4R,5R,6S)-3,4,5-trihydroxy-6-methyloxan-2-yl]oxyoxan-2-yl]oxymethyl]-3,4,5-trihydroxyoxan-2-yl] (1S,2R,4aS,6aS,6bR,9R,10R,11R,12aR)-10,11-dihydroxy-9-(hydroxymethyl)-1,2,6a,6b,9,12a-hexamethyl-2,3,4,5,6,6a,7,8,8a,10,11,12,13,14b-tetradecahydro-1H-picene-4a-carboxylate [M+K]+	MONA	temp/spectra_filtered.mgf3214	-1	MONA.mgf	814.555				15	0	0.8125	998.289	0	CCMSLIB00004706946
1476	spectra_filtered.mgf	*..*		:15061	15061	-1	0	530.325	1	0.70513	0	0	32141.3	5458340.0	PE(22:4/0:0); [M+H]+ C27H49N1O7P1 M+H	PNNL-LIPIDS-POSITIVE	temp/spectra_filtered.mgf1476	-1	PNNL-LIPIDS-POSITIVE.mgf	43.9644				6	0	0.0233154	530.348	0	CCMSLIB00010084318
65	spectra_filtered.mgf	*..*		:68291	168730	-1	0	380.127	1	0.705079	0	0	176.768	3141570.0	(2R,6R)-4-[(3-fluorophenyl)methyl]-10-methoxy-8-oxa-4-azatricyclo[7.4.0.0?,?]trideca-1(13),9,11-triene-6-carboxylic acid [M+Na]+	MSNLIB-POSITIVE	temp/spectra_filtered.mgf65	-1	MSNLIB-POSITIVE.mgf	2917.47				6	0	1.10901	381.236	0	CCMSLIB00012864366
447	spectra_filtered.mgf	*..*		:3121	131	-1	0	280.225	1	0.705009	0	0	55885.2	1857160.0	3-hydroxydecanoyl amylamine [M+Na]+ [M+Na]+	3-HYDROXY-ACYL-AMIDES-LIBRARY	temp/spectra_filtered.mgf447	-1	3-HYDROXY-ACYL-AMIDES-LIBRARY.mgf	3715.8				8	0	1.04126	281.266	0	CCMSLIB00013640932
524	spectra_filtered.mgf	*..*		:28761	105712	-1	0	262.102	1	0.704526	0	0	253.502	6848000.0	AKOS011690510 [M-H]-	MSNLIB-NEGATIVE	temp/spectra_filtered.mgf524	-1	MSNLIB-NEGATIVE.mgf	3359.59				6	0	0.880554	261.221	0	CCMSLIB00012785124
2789	spectra_filtered.mgf	*..*		:13575	32038	-1	0	543.26	1	0.704472	0	0	140.422	206193.0	3-Deacetylkhivorin [M-H]-	MONA	temp/spectra_filtered.mgf2789	-1	MONA.mgf	2255.2				6	0	1.22516	544.485	0	CCMSLIB00004704638
1207	spectra_filtered.mgf	*..*		:2326	6918	-1	0	297.243	1	0.704383	0	0	215400.0	360918.0	NCGC00381425-01!8-hydroxy-8-(3-octyloxiran-2-yl)octanoic acid [IIN-based on: CCMSLIB00000846585] [M-H2O+H]+	GNPS-NIH-NATURALPRODUCTSLIBRARY_ROUND2_POSITIVE	temp/spectra_filtered.mgf1207	-1	GNPS-NIH-NATURALPRODUCTSLIBRARY_ROUND2_POSITIVE.mgf	3312.71				10	0	0.98468	296.258	0	CCMSLIB00005722214
1618	spectra_filtered.mgf	*..*		:30363	30363	-1	0	762.529	1	0.704353	0	0	112693.0	1861670.0	PS(16:0/18:1); [M+H]+ C40H77N1O10P1 M+H	PNNL-LIPIDS-POSITIVE	temp/spectra_filtered.mgf1618	-1	PNNL-LIPIDS-POSITIVE.mgf	0.480258				11	0	0.000366211	762.529	0	CCMSLIB00010101767
548	spectra_filtered.mgf	*..*		:1948	1684	-1	0	270.169	1	0.702364	0	0	706545.0	501188.0	Asp-C10:0 M-H2O+H	ECG-ACYL-AMIDES-C4-C24-LIBRARY	temp/spectra_filtered.mgf548	-1	ECG-ACYL-AMIDES-C4-C24-LIBRARY.mgf	541.856				7	0	0.146393	270.315	0	CCMSLIB00011435133
1488	spectra_filtered.mgf	*..*		:8371	5477	-1	0	413.266	1	0.701745	0	0	19295.8	230849.0	Spectral Match to Bis(2-ethylhexyl) phthalate from NIST14 M+Na	GNPS-NIST14-MATCHES	temp/spectra_filtered.mgf1488	-1	GNPS-NIST14-MATCHES.mgf	0.516914				6	0	0.000213623	413.266	0	CCMSLIB00003139964
2992	spectra_filtered.mgf	*..*		:15048	33511	-1	0	607.272	1	0.701533	0	0	84.9516	35979300.0	OUABAIN [M+Na]+	MONA	temp/spectra_filtered.mgf2992	-1	MONA.mgf	196.29				9	0	0.119202	607.391	0	CCMSLIB00004706111
2966	spectra_filtered.mgf	*..*		:17131	35594	-1	0	612.192	1	0.701249	0	0	798.813	854269.0	4-(3,4-dihydroxyphenyl)-7-methoxy-5-[(2S,3R,4S,5S,6R)-3,4,5-trihydroxy-6-[[(2S,3R,4S,5R)-3,4,5-trihydroxyoxan-2-yl]oxymethyl]oxan-2-yl]oxychromen-2-one [M+NH4]+	MONA	temp/spectra_filtered.mgf2966	-1	MONA.mgf	14.9549				18	0	0.00915527	612.183	0	CCMSLIB00004708194
648	spectra_filtered.mgf	*..*		:23228	23674	-1	0	265.253	0	0.70115	0	0	6847480.0	395163.0	oleic acid CollisionEnergy:205060 M+H-H2O	BERKELEY-LAB	temp/spectra_filtered.mgf648	-1	BERKELEY-LAB.mgf	3751.92				6	0	0.995209	266.248	0	CCMSLIB00010125664
3425	spectra_filtered.mgf	*..*		:967	2903	-1	0	1013.7	1	0.700601	0	0	169840.0	96696000.0	Val-bMCA 2M-H	BILELIB19	temp/spectra_filtered.mgf3425	-1	BILELIB19.mgf	1625.92				7	0	1.64819	1012.05	0	CCMSLIB00006583352
