data_source	npc_level	npc_term	npc_label	feature_id	higher_mean_group	lower_mean_group	mean_difference_max_min	abs_mean_difference_max_min	average_intensity	median_intensity	mean_pet	median_pet	mean_ps	median_ps	mean_untreated	median_untreated	contribution_fraction_of_term_difference	cumulative_contribution_fraction	average_intensity_fraction_of_term	feature_id_full_annotated	sirius_chebiasciiname	sirius_name	sirius_adduct	gnps_component	canopus_npc_pathway	canopus_npc_superclass	canopus_npc_class	canopus_npc_pathway_probability	canopus_npc_superclass_probability	canopus_npc_class_probability
filtered	superclass	Fatty amides	NPC superclass: Fatty amides	2436	Untreated	PS	0.550637726846591	0.550637726846591	0.438671698649335	0.518523942057632	0.457629962334906	0.621114979017654	0.242486947243423	0.0475359413609721	0.793124674090015	0.860850080212413	0.0103202433541952	0.0103202433541952	0.00455757918919389	NA_[2436_520.52_8.1]	NA	3,3-Dimethyl-9-(octadecylamino)-2,4,4a,5,6,7,8,8a,9,9a,10,10a-dodecahydroacridin-10-ium-1-one	[M + H3N + H]+	-1	Fatty acids	Fatty amides	Primary amides	0.984	0.777	0.202
filtered	superclass	Fatty amides	NPC superclass: Fatty amides	3093	PET	Untreated	0.386061711731448	0.386061711731448	0.280969788971891	0	0.386061711731448	0.290903769250531	0.31636276069828	0.18878857574448	0	0	0.00723570256913345	0.0175559459233286	0.002919135351	NA_[3093_632.65_9.8]	NA	N,N'-[Methyliminobis(ethylene)]bis(octadecanamide)	[M - H2O + H]+	-1	Fatty acids	Fatty amides	N-acyl amines	0.999	0.964	0.658
filtered	superclass	Fatty amides	NPC superclass: Fatty amides	1148	Untreated	PET	0.333333333333333	0.333333333333333	0.121746863226287	0	0	0	0.137700491399052	0	0.333333333333333	0	0.00624744900384109	0.0238033949271697	0.00126488891783583	NA_[1148_478.42_4.2]	NA	N,N-Bis(2-hydroxyethyl)tetracosanamide	[M + Na]+	24	Fatty acids	Fatty amides	N-acyl ethanolamines (endocannabinoids)	0.997	0.978	0.443
filtered	superclass	Fatty amides	NPC superclass: Fatty amides	3262	Untreated	PS	0.333333333333333	0.333333333333333	0.100544604424974	0	0.0846948443957677	0	0	0	0.333333333333333	0	0.00624744900384109	0.0300508439310108	0.00104460807050901	NA_[3262_536.58_10.5]	NA	N-hydroxy-N-octadecyloctadecan-1-amine oxide	[M - H2O + H]+	306	Fatty acids	Fatty amides	N-acyl amines	1	0.991	0.809
filtered	superclass	Fatty amides	NPC superclass: Fatty amides	1271	Untreated	PET	0.333333333333333	0.333333333333333	0.0666666666666667	0	0	0	0	0	0.333333333333333	0	0.00624744900384109	0.0362982929348519	0.000692633268908029	NA_[1271_514.46_4.6]	NA	methyl (2S)-3-methyl-2-[[(2R)-3-methyl-2-(octadecanoylamino)butanoyl]amino]butanoate	[M + H3N + H]+	-1	Fatty acids	Fatty amides	N-acyl amines	0.992	0.815	0.169
filtered	superclass	Fatty amides	NPC superclass: Fatty amides	2039	Untreated	PET	0.333333333333333	0.333333333333333	0.0666666666666667	0	0	0	0	0	0.333333333333333	0	0.00624744900384109	0.042545741938693	0.000692633268908029	NA_[2039_564.58_7.1]	NA	1-Aminooctadecoxy-(octadecylamino)-oxoazanium	[M - H2O + H]+	-1	Fatty acids	Fatty amides	N-acyl amines	0.999	0.851	0.319
filtered	superclass	Fatty amides	NPC superclass: Fatty amides	2262	Untreated	PET	0.333333333333333	0.333333333333333	0.0666666666666667	0	0	0	0	0	0.333333333333333	0	0.00624744900384109	0.0487931909425341	0.000692633268908029	NA_[2262_564.58_7.7]	NA	5-[8-(5,5-Dimethylhexyl)-8-octylheptadecyl]-1,3,5-triazinan-2-one	[M + H]+	-1	Fatty acids	Fatty amides	N-acyl ethanolamines (endocannabinoids)	0.998	0.906	0.223
filtered	superclass	Fatty amides	NPC superclass: Fatty amides	2530	Untreated	PET	0.333333333333333	0.333333333333333	0.0666666666666667	0	0	0	0	0	0.333333333333333	0	0.00624744900384109	0.0550406399463752	0.000692633268908029	NA_[2530_564.58_8.4]	NA	1-Aminooctadecoxy-(octadecylamino)-oxoazanium	[M - H2O + H]+	88	Fatty acids	Fatty amides	N-acyl ethanolamines (endocannabinoids)	0.996	0.752	0.153
filtered	superclass	Fatty amides	NPC superclass: Fatty amides	3132	Untreated	PET	0.333333333333333	0.333333333333333	0.0666666666666667	0	0	0	0	0	0.333333333333333	0	0.00624744900384109	0.0612880889502163	0.000692633268908029	NA_[3132_452.48_10]	NA	1-[1-Hydroxypropyl(tetracosyl)amino]propan-1-ol	[M - H2O + H]+	163	Fatty acids	Fatty amides	N-acyl amines	1	0.988	0.505
filtered	superclass	Fatty amides	NPC superclass: Fatty amides	3161	Untreated	PET	0.333333333333333	0.333333333333333	0.0666666666666667	0	0	0	0	0	0.333333333333333	0	0.00624744900384109	0.0675355379540573	0.000692633268908029	NA_[3161_538.57_10.1]	NA	N-(5-Amino-3-azapentane-1-yl)-2-tetradecylhexadecanamide	[M + H]+	500	Fatty acids	Fatty amides	N-acyl amines	0.999	0.992	0.629
filtered	superclass	Fatty amides	NPC superclass: Fatty amides	3192	Untreated	PET	0.333333333333333	0.333333333333333	0.0666666666666667	0	0	0	0	0	0.333333333333333	0	0.00624744900384109	0.0737829869578984	0.000692633268908029	NA_[3192_494.53_10.2]	NA	Tritriacontanamide	[M + H]+	92	Fatty acids	Fatty amides	N-acyl ethanolamines (endocannabinoids)	0.999	0.997	0.47
filtered	superclass	Fatty amides	NPC superclass: Fatty amides	897	Untreated	PET	0.333191836562117	0.333191836562117	0.13330503397909	0	0	0	0.166666666666667	0	0.333191836562117	0.419225081013462	0.00624479702225394	0.0800277839801524	0.00138497252170249	NA_[897_348.29_3.4]	NA	(E)-N-(2-Hydroxyethyl)-6-octadeceneamide	[M + Na]+	-1	Fatty acids	Fatty amides	N-acyl ethanolamines (endocannabinoids)	1	0.983	0.827
filtered	superclass	Fatty amides	NPC superclass: Fatty amides	3172	Untreated	PS	0.332845232353319	0.332845232353319	0.108218109007353	0	0.103390504871703	0	0.000488100980014206	0	0.333333333333333	0	0.006238300845897	0.0862660848260494	0.00112433193895213	NA_[3172_480.51_10.2]	NA	N-decyldocosanamide	[M + H]+	84	Fatty acids	Fatty amides	Primary amides	0.999	0.997	0.63
filtered	superclass	Fatty amides	NPC superclass: Fatty amides	3242	Untreated	PS	0.332698390463106	0.332698390463106	0.0764653390546268	0	0.0238617380996732	0	0.000634942870227249	0	0.333333333333333	0	0.0062355486842348	0.0925016335102842	0.000794436566213504	NA_[3242_480.51_10.4]	NA	N-decyldocosanamide	[M + H]+	84	Fatty acids	Fatty amides	Primary amides	0.999	0.999	0.88
filtered	superclass	Fatty amides	NPC superclass: Fatty amides	3111	PET	PS	0.312795051179991	0.312795051179991	0.182690354078946	0	0.315121078656224	0.0044063189462274	0.00232602747623293	0	0.278557558129817	0	0.00586251339270257	0.0983641469029867	0.00189806125715498	NA_[3111_564.58_9.8]	NA	1-Aminooctadecoxy-(octadecylamino)-oxoazanium	[M - H2O + H]+	-1	Fatty acids	Fatty amides	N-acyl ethanolamines (endocannabinoids)	0.997	0.75	0.177
filtered	superclass	Fatty amides	NPC superclass: Fatty amides	2385	PS	Untreated	0.300345379747521	0.300345379747521	0.345891304499554	0.275102961308778	0.37703139555225	0.431063293302057	0.425246370380264	0.322978533689174	0.124900990632743	0.138457720203491	0.00562917733053578	0.103993324233523	0.00359363737383583	NA_[2385_412.38_8]	NA	N-[(E)-1,3-dihydroxynon-4-en-2-yl]hexadecanamide	[M + H]+	20	Fatty acids	Fatty amides	N-acyl amines	0.997	0.773	0.241
filtered	superclass	Fatty amides	NPC superclass: Fatty amides	2427	PS	PET	0.298311228724888	0.298311228724888	0.119324491489955	0	0	0	0.298311228724888	0	0	0	0.00559105256619573	0.109584376799718	0.00123972168902214	NA_[2427_503.32_8.1]	NA	H-Ala-Asp-Ala-Ile-Ile-al	[M + H3N + H]+	8	Fatty acids	Fatty amides	N-acyl amines	0.933	0.877	0.505
filtered	superclass	Fatty amides	NPC superclass: Fatty amides	2406	Untreated	PET	0.294611047333019	0.294611047333019	0.296213306304058	0.134130466089986	0.194445145964721	0.067065233044993	0.301560023146554	0.16138804721519	0.489056193297741	0.674779503354115	0.00552170248254375	0.115106079282262	0.00307750785959153	NA_[2406_579.58_8]	NA	1-[6-(2-Oxohexadecyl)piperidin-2-yl]hexadecan-2-one	[M + H3N + H]+	57	Fatty acids	Fatty amides	N-acyl ethanolamines (endocannabinoids)	0.999	0.989	0.885
filtered	superclass	Fatty amides	NPC superclass: Fatty amides	646	PS	PET	0.287487539489072	0.287487539489072	0.214079000311009	0	0.0750820652832253	0	0.362569604772297	0.269532774502369	0.195091661444	0	0.00538819122659319	0.120494270508855	0.00222417356684966	NA_[646_302.25_2.5]	NA	Octadecadienamide	[M + Na]+	-1	Fatty acids	Fatty amides	Primary amides	1	0.999	1
filtered	superclass	Fatty amides	NPC superclass: Fatty amides	1792	Untreated	PET	0.286320268221864	0.286320268221864	0.557697074860282	0.581704633381686	0.453189316137385	0.545296689021698	0.571298578833695	0.647053359714919	0.739509584359249	0.777740104330744	0.0053663138234466	0.125860584332302	0.00579419322031384	NA_[1792_452.46_6.5]	NA	N-[2-(3-methyl-2-undecylimidazolidin-1-yl)ethyl]undecanamide	[M + H]+	-1	Fatty acids	Fatty amides	N-acyl amines	0.985	0.903	0.178
filtered	superclass	Fatty amides	NPC superclass: Fatty amides	1161	PS	Untreated	0.285132582192642	0.285132582192642	0.345990930078622	0.387168478601527	0.316871853892745	0.414572937194528	0.460447841600088	0.411441286706857	0.175315259407446	0	0.00534405379974618	0.131204638132048	0.00359467243369328	NA_[1161_441.44_4.2]	NA	3-(docosanoylamino)-N,N-dimethylpropan-1-amine oxide	[M + H]+	57	Fatty acids	Fatty amides	N-acyl amines	1	0.998	0.758
filtered	superclass	Fatty amides	NPC superclass: Fatty amides	1169	Untreated	PET	0.28350923179433	0.28350923179433	0.442139329426277	0.432532418447748	0.341616793323254	0.416735235338068	0.451168517683646	0.492828801313194	0.625126025117584	0.587033408187542	0.00531362840325971	0.136518266535308	0.00459360613579989	NA_[1169_334.31_4.3]	NA	1-(pyrrolidin-1-yl)octadeca-2,4-dien-1-one	[M + H]+	-1	Fatty acids	Fatty amides	Primary amides	1	0.999	0.968
filtered	superclass	Fatty amides	NPC superclass: Fatty amides	1383	Untreated	PET	0.282880650428606	0.282880650428606	0.117252778485652	0	0.050452682904727	0	0.0760125966427367	0	0.333333333333333	0	0.00530184731317835	0.141820113848486	0.00121819762876599	N-dodecanoylsphinganine_[1383_506.45_5.1]	N-dodecanoylsphinganine	N-(1,3-dihydroxyoctadecan-2-yl)dodecanamide	[M + Na]+	24	Fatty acids	Fatty amides	N-acyl ethanolamines (endocannabinoids)	0.999	0.992	0.489
filtered	superclass	Fatty amides	NPC superclass: Fatty amides	3227	PS	PET	0.282195801652478	0.282195801652478	0.620163277287507	0.700286546045404	0.467248672261933	0.523786173600087	0.749444473914411	0.791679536766311	0.667430094084847	0.786592017591544	0.00528901163976574	0.147109125488252	0.00644318577006543	NA_[3227_578.62_10.4]	NA	Nonatriacontanamide	[M + H]+	-1	Fatty acids	Fatty amides	N-acyl amines	1	0.998	0.646
filtered	superclass	Fatty amides	NPC superclass: Fatty amides	2817	Untreated	PET	0.278696833130378	0.278696833130378	0.67365603856652	0.754416574529635	0.59731893781954	0.731058606444302	0.648813273121803	0.7514196881163	0.876015770949917	0.935290244541327	0.00522343275754213	0.152332558245794	0.00699894876167943	NA_[2817_593.63_9.1]	NA	2,2-Didodecyltetradecylurea	[M + H]+	57	Fatty acids	Fatty amides	Open-chain polyketides	0.979	0.81	0.252
filtered	superclass	Fatty amides	NPC superclass: Fatty amides	2049	Untreated	PS	0.26223656173287	0.26223656173287	0.131312327491338	0	0.0905173804612156	0.0294963225211115	0.0710967716004637	0.0365297377991755	0.333333333333333	0	0.00491492863910619	0.1572474868849	0.00136426929957371	N-stearoylhexadecasphinganine_[2049_562.52_7.1]	N-stearoylhexadecasphinganine	2-Octadecanoylaminohexadecane-1,3-diol	[M + Na]+	24	Fatty acids	Fatty amides	Ceramides	1	0.799	0.426
filtered	superclass	Fatty amides	NPC superclass: Fatty amides	1571	Untreated	PET	0.261179757947843	0.261179757947843	0.639354584502048	0.776516429200452	0.485331642010829	0.535870348188129	0.739799119264953	0.798285364702865	0.746511399958672	0.776516429200452	0.00489512165584413	0.162142608540744	0.00664257383782481	NA_[1571_407.4_5.9]	NA	N-(2-methylpropyl)docosa-2,4,10-trienamide	[M + H3N + H]+	154	Fatty acids	Fatty amides	Primary amides	0.999	0.985	0.638
filtered	superclass	Fatty amides	NPC superclass: Fatty amides	2208	Untreated	PET	0.259834843099957	0.259834843099957	0.57364664561653	0.610272559063937	0.470905982670745	0.545125092498053	0.59784021848523	0.531146698387317	0.730740825770702	0.811245066863757	0.00486991479506409	0.167012523335808	0.00595990127027254	NA_[2208_506.5_7.5]	NA	1-Methyl-1-tridecanoyl-2-pentadecyl-1H-imidazol-1-ium	[M + H3N + H]+	-1	Fatty acids	Fatty amides	Primary amides	0.947	0.74	0.163
filtered	superclass	Fatty amides	NPC superclass: Fatty amides	2719	PET	PS	0.25728870688352	0.25728870688352	0.102915482753408	0	0.25728870688352	0	0	0	0	0	0.00482219422655704	0.171834717562365	0.00106924030861111	NA_[2719_452.48_8.9]	NA	1-[1-Hydroxypropyl(tetracosyl)amino]propan-1-ol	[M - H2O + H]+	163	Fatty acids	Fatty amides	N-acyl amines	1	0.994	0.708
filtered	superclass	Fatty amides	NPC superclass: Fatty amides	2171	Untreated	PS	0.251652152359168	0.251652152359168	0.60499861691153	0.634310605237348	0.588658817766226	0.621707506287821	0.532007765555344	0.548753108805277	0.783659917914512	0.984193598991811	0.00471655196571224	0.176551269528078	0.00628563254574404	NA_[2171_468.49_7.4]	NA	[4-[3-(Dimethylamino)propylamino]-4-oxobutyl]-dimethyl-octadecylazanium	[M + H]+	-1	Fatty acids	Fatty amides	N-acyl amines	0.997	0.978	0.35
filtered	superclass	Fatty amides	NPC superclass: Fatty amides	2834	PET	PS	0.251421003920162	0.251421003920162	0.172090717938954	0.059077857852777	0.315170037429851	0.0652334270826853	0.0637490335096893	0.059379865885369	0.102615447815691	0.059077857852777	0.00471221970145722	0.181263489229535	0.00178793634772181	NA_[2834_480.51_9.1]	NA	N-decyldocosanamide	[M + H]+	84	Fatty acids	Fatty amides	Primary amides	0.998	0.994	0.568
filtered	superclass	Fatty amides	NPC superclass: Fatty amides	2503	Untreated	PS	0.248505496479966	0.248505496479966	0.42578516086528	0.439780140801359	0.447723548020015	0.480153542085232	0.328324403935469	0.35112485911697	0.576829900415435	0.59931477760899	0.0046575762492984	0.185921065478833	0.00442369451733975	NA_[2503_534.54_8.3]	NA	Dimethyl-bis[2-(tetradecanoylamino)ethyl]azanium	[M - H2O + H]+	-1	Fatty acids	Fatty amides	N-acyl amines	0.994	0.84	0.283
filtered	superclass	Fatty amides	NPC superclass: Fatty amides	273	Untreated	PET	0.248247649680682	0.248247649680682	0.446175385102214	0.431679598765445	0.346740399503958	0.353131240820611	0.471204038659256	0.537429821231222	0.594988049184641	0.431679598765445	0.00465274359511041	0.190573809073944	0.00463553873234468	linoleoyl ethanolamide_[273_341.32_1.1]	linoleoyl ethanolamide	N-(2-hydroxyethyl)octadeca-9,12-dienamide	[M + H3N + H]+	102	Fatty acids	Fatty amides	N-acyl ethanolamines (endocannabinoids)	1	0.996	0.972
filtered	superclass	Fatty amides	NPC superclass: Fatty amides	3139	PET	PS	0.247606490194589	0.247606490194589	0.100683513304584	0	0.247606490194589	0	0	0	0.00820458613374058	0	0.00464072676153231	0.195214535835476	0.00104605126417948	NA_[3139_536.58_10]	NA	N-hydroxy-N-octadecyloctadecan-1-amine oxide	[M - H2O + H]+	306	Fatty acids	Fatty amides	N-acyl amines	1	0.983	0.478
filtered	superclass	Fatty amides	NPC superclass: Fatty amides	275	Untreated	PET	0.244268879764601	0.244268879764601	0.462047381983162	0.462473697186415	0.357450081408208	0.374451076433676	0.496808892963292	0.49202049753339	0.601718961172809	0.462473697186415	0.0045781721086642	0.19979270794414	0.00480044082860091	NA_[275_318.24_1.1]	NA	1,3-Propanediol, 2-methyl-2-propyl-, carbamate cyclohexanecarbamate	[M + H3N + H]+	-1	Fatty acids	Fatty amides	N-acyl amines	0.811	0.814	0.589
filtered	superclass	Fatty amides	NPC superclass: Fatty amides	468	Untreated	PET	0.239678819004687	0.239678819004687	0.262624449203945	0.166599940588389	0.166186687081525	0.111822606415285	0.287441682885231	0.136842009855715	0.405865506086212	0.462533859027365	0.00449214359709792	0.204284851541238	0.00272853646120948	NA_[468_355.33_1.8]	NA	(9Z,12Z)-N-(2-hydroxyethyl)nonadeca-9,12-dienamide	[M + H3N + H]+	102	Fatty acids	Fatty amides	N-acyl ethanolamines (endocannabinoids)	1	1	0.999
filtered	superclass	Fatty amides	NPC superclass: Fatty amides	382	Untreated	PET	0.239277573354544	0.239277573354544	0.443600071263571	0.440986386662296	0.351511934553373	0.361999636840588	0.462093489651598	0.530941085640669	0.590789507907917	0.436236879472197	0.00448462331188608	0.208769474853124	0.00460878251170683	C20 sphingosine_[382_345.35_1.5]	C20 sphingosine	C20 Sphingosine	[M + H3N + H]+	-1	Fatty acids	Fatty amides	Primary amides	1	0.999	0.989
filtered	superclass	Fatty amides	NPC superclass: Fatty amides	1696	Untreated	PET	0.234340506082245	0.234340506082245	0.534001121195107	0.487569450076523	0.39443922615437	0.43945518711547	0.62617371071509	0.614638870891895	0.628779732236615	0.812957605773933	0.00439209108384941	0.213161565936974	0.00554800413260879	NA_[1696_826.68_6.2]	NA	1-[3,5-Bis[3-(3,5-ditert-butylcyclohexa-1,5-dien-1-yl)propanoyl]-1,3,5-triazinan-1-yl]-3-(3,5-ditert-butylcyclohexa-1,5-dien-1-yl)propan-1-one	[M + H]+	282	Fatty acids	Fatty amides	N-acyl amines	0.994	0.903	0.558
filtered	superclass	Fatty amides	NPC superclass: Fatty amides	2852	Untreated	PET	0.233451099401607	0.233451099401607	0.252678772902004	0.230514544280355	0.193716177191752	0.0848246143047315	0.224397116766579	0.251988643674271	0.427167276593359	0.281501829780078	0.00437542151520654	0.21753698745218	0.00262520586688177	N-octodecanoylsphinganine_[2852_568.57_9.2]	N-octodecanoylsphinganine	N-Octodecanoylsphinganine	[M + H]+	21	Fatty acids	Fatty amides	N-acyl amines	1	0.964	0.664
filtered	superclass	Fatty amides	NPC superclass: Fatty amides	951	PET	Untreated	0.232108615456007	0.232108615456007	0.302920844894052	0.350009211255975	0.384861931753361	0.32239055022022	0.296063522333091	0.368682942540924	0.152753316297354	0	0.00435026021524069	0.221887247667421	0.00314719582529023	NA_[951_462.36_3.6]	NA	N-[(2S,3R,6R)-1,3,6-trihydroxyoctadec-4-yn-2-yl]octanamide	[M + Na]+	31	Fatty acids	Fatty amides	N-acyl amines	0.997	0.808	0.188
filtered	superclass	Fatty amides	NPC superclass: Fatty amides	2449	PET	Untreated	0.230944689303272	0.230944689303272	0.166367252535171	0	0.250103089294968	0.112088564931164	0.156235842047112	0.121500912617219	0.0191583999916951	0	0.00432844550739036	0.226215693174811	0.00172847240944024	NA_[2449_424.45_8.1]	NA	1-(1-Hydroxydecylamino)octadecan-1-ol	[M - H2O + H]+	92	Fatty acids	Fatty amides	N-acyl amines	1	0.967	0.627
filtered	superclass	Fatty amides	NPC superclass: Fatty amides	2646	Untreated	PET	0.228230802671664	0.228230802671664	0.342748026253214	0.312698720192298	0.257911621142163	0.137166541103625	0.355887232583958	0.365633082792854	0.486142423813826	0.458427271441479	0.00427758090239081	0.230493274077202	0.00356098028753307	Cer(d18:0/17:0)_[2646_554.55_8.7]	Cer(d18:0/17:0)	C17 dihydro Ceramide (d18:0/17:0)	[M + H]+	21	Fatty acids	Fatty amides	N-acyl amines	1	0.932	0.538
filtered	superclass	Fatty amides	NPC superclass: Fatty amides	2674	PET	PS	0.227903179372333	0.227903179372333	0.0911612717489333	0	0.227903179372333	0	0	0	0	0	0.0042714404728257	0.234764714550028	0.000947119944739152	NA_[2674_452.48_8.8]	NA	1-[1-Hydroxypropyl(tetracosyl)amino]propan-1-ol	[M - H2O + H]+	163	Fatty acids	Fatty amides	N-acyl amines	1	0.993	0.609
filtered	superclass	Fatty amides	NPC superclass: Fatty amides	2866	PET	PS	0.226871200894807	0.226871200894807	0.117585877816206	0.0212640131866953	0.250093439550848	0.0234595424680923	0.0232222386560417	0.023187635305569	0.0412980326672509	0.0212640131866953	0.00425209877409148	0.239016813324119	0.00122165836393888	NA_[2866_480.51_9.2]	NA	N-decyldocosanamide	[M + H]+	-1	Fatty acids	Fatty amides	Primary amides	0.998	0.995	0.506
filtered	superclass	Fatty amides	NPC superclass: Fatty amides	2815	PET	PS	0.226392454569577	0.226392454569577	0.138871879622071	0.0406989104517588	0.270751689930681	0.0449395002424711	0.0443592353611038	0.0409069646758102	0.0641375475267876	0.0406989104517588	0.00424312594433353	0.243259939268453	0.00144280925913056	NA_[2815_480.51_9.1]	NA	N-decyldocosanamide	[M + H]+	84	Fatty acids	Fatty amides	Primary amides	0.999	0.997	0.577
filtered	superclass	Fatty amides	NPC superclass: Fatty amides	3222	Untreated	PS	0.220691414037188	0.220691414037188	0.115306321223964	0	0.177445851248173	0	0.000316163195429419	0	0.221007577232617	0	0.00413627506434873	0.247396214332801	0.0011979749129267	NA_[3222_480.51_10.3]	NA	4-Octacosylmorpholine	[M + H]+	84	Fatty acids	Fatty amides	N-acyl amines	0.98	0.933	0.142
filtered	superclass	Fatty amides	NPC superclass: Fatty amides	2532	PET	PS	0.218933962519286	0.218933962519286	0.0875735850077144	0	0.218933962519286	0	0	0	0	0	0.00410333629814429	0.251499550630946	0.000909845676808326	NA_[2532_424.45_8.4]	NA	1-(1-Hydroxydecylamino)octadecan-1-ol	[M - H2O + H]+	92	Fatty acids	Fatty amides	N-acyl amines	1	0.996	0.776
filtered	superclass	Fatty amides	NPC superclass: Fatty amides	1796	PS	PET	0.211266759850981	0.211266759850981	0.750065842365227	0.821452575304706	0.625733322995091	0.684965866139861	0.837000082846072	0.849092862601794	0.824862400143811	0.835145581221754	0.00395963492512723	0.255459185556073	0.00779280834440522	NA_[1796_409.42_6.5]	NA	(2E)-N,2-di(ethylidene)docosanamide	[M + H3N + H]+	154	Fatty acids	Fatty amides	N-acyl amines	0.977	0.973	0.55
filtered	superclass	Fatty amides	NPC superclass: Fatty amides	311	PS	PET	0.208919633094397	0.208919633094397	0.591004757397614	0.577461443501706	0.484911212157997	0.526295463292621	0.693830845252394	0.671156986657411	0.597539672167285	0.569950157866772	0.00391564426097532	0.259374829817048	0.00614024335584758	NA_[311_559.52_1.3]	NA	(9Z,12Z)-N-[(9Z,12Z)-octadeca-9,12-dienoyl]octadeca-9,12-dienamide	[M + H3N + H]+	102	Fatty acids	Fatty amides	Primary amides	0.998	0.883	0.156
filtered	superclass	Fatty amides	NPC superclass: Fatty amides	3074	PET	PS	0.208301119818743	0.208301119818743	0.202566736473737	0.127184780448953	0.325245553409806	0.135773420162893	0.116944433591063	0.126126516991976	0.128453708366948	0.123160324671677	0.00390405187053177	0.26327888168758	0.00210456691283754	NA_[3074_534.56_9.7]	NA	N-(octadecanoyl)-1-deoxysphinganine	[M - H2O + H]+	-1	Fatty acids	Fatty amides	N-acyl ethanolamines (endocannabinoids)	0.994	0.778	0.588
filtered	superclass	Fatty amides	NPC superclass: Fatty amides	3478	PET	PS	0.207844292714611	0.207844292714611	0.0888170233340891	0	0.208039672018855	0	0.000195379304244514	0	0.0276150140242461	0	0.00389548985842185	0.267174371546002	0.000922764378098562	NA_[3478_480.51_11.8]	NA	Dotriacontanamide	[M + H]+	-1	Fatty acids	Fatty amides	N-acyl amines	0.994	0.988	0.328
filtered	superclass	Fatty amides	NPC superclass: Fatty amides	2346	PS	Untreated	0.204384918935914	0.204384918935914	0.200415813913879	0.151851742875654	0.210806799672995	0.175307175235436	0.26161679638644	0.156869184773777	0.0572318774505258	0.0475089001848368	0.00383065307461896	0.271005024620621	0.0020822199049805	NA_[2346_567.58_7.9]	NA	N-[(E)-3-hydroxyoctadec-4-en-2-yl]octadecanamide	[M + H3N + H]+	20	Fatty acids	Fatty amides	N-acyl ethanolamines (endocannabinoids)	0.999	0.851	0.182
filtered	superclass	Fatty amides	NPC superclass: Fatty amides	507	PS	PET	0.203126494077357	0.203126494077357	0.544984754509533	0.548793102674319	0.427608658241761	0.532835184813272	0.630735152319118	0.565360382659463	0.608236151425909	0.666417492652182	0.00380706723923196	0.274812091859853	0.00566211858031467	NA_[507_296.33_1.9]	NA	2-Hydroxyethyl(octadecyl)azanium	[M - H2O + H]+	3	Fatty acids	Fatty amides	Sphingoid bases	1	0.864	0.936
filtered	superclass	Fatty amides	NPC superclass: Fatty amides	566	Untreated	PET	0.2027668956427	0.2027668956427	0.339578825359549	0.406063542144252	0.243714938688008	0.266815326168261	0.38199120754551	0.351139027029144	0.446481834330708	0.447490977074556	0.00380032752058481	0.278612419380438	0.003528053877911	NA_[566_483.49_2.2]	NA	Amphiphile, XVI	[M + H]+	-1	Fatty acids	Fatty amides	N-acyl ethanolamines (endocannabinoids)	1	0.996	0.931
filtered	superclass	Fatty amides	NPC superclass: Fatty amides	2867	PET	PS	0.20097854979303	0.20097854979303	0.080391419917212	0	0.20097854979303	0	0	0	0	0	0.00376680972209367	0.282379229102531	0.000835226579541248	NA_[2867_538.57_9.2]	NA	N-(5-Amino-3-azapentane-1-yl)-2-tetradecylhexadecanamide	[M + H]+	500	Fatty acids	Fatty amides	N-acyl amines	0.999	0.974	0.485
filtered	superclass	Fatty amides	NPC superclass: Fatty amides	1930	Untreated	PET	0.200695179678664	0.200695179678664	0.24758558987422	0.0968691570366613	0.191426573946817	0	0.231476523925992	0.126526717430266	0.392121753625481	0.176365260876442	0.00376149870107752	0.286140727803609	0.00257229024673655	NA_[1930_498.49_6.8]	NA	N-(1,3-dihydroxypropan-2-yl)octacosanamide	[M + H]+	21	Fatty acids	Fatty amides	N-acyl amines	1	0.971	0.876
filtered	superclass	Fatty amides	NPC superclass: Fatty amides	1054	PS	PET	0.198571344158329	0.198571344158329	0.0904928445467878	0	0	0	0.198571344158329	0	0.0553215344172809	0	0.00372169303876002	0.289862420842369	0.000940175320968416	(13Z,16Z)-docosadienoylcarnitine_[1054_497.43_3.9]	(13Z,16Z)-docosadienoylcarnitine	(13Z,16Z)-docosadienoylcarnitine	[M + H3N + H]+	-1	Fatty acids	Fatty amides	N-acyl amines	1	0.944	0.598
filtered	superclass	Fatty amides	NPC superclass: Fatty amides	3296	Untreated	PS	0.197788147011535	0.197788147011535	0.106224296068974	0	0.166666666666667	0	0	0	0.197788147011535	0	0.00370701408605636	0.293569434928425	0.00110361722135561	NA_[3296_536.58_10.7]	NA	N-hydroxy-N-octadecyloctadecan-1-amine oxide	[M - H2O + H]+	306	Fatty acids	Fatty amides	N-acyl amines	1	0.996	0.788
filtered	superclass	Fatty amides	NPC superclass: Fatty amides	2501	PS	PET	0.197241679787462	0.197241679787462	0.535761765044706	0.579870202707439	0.422629267897134	0.399981372047054	0.619870947684596	0.663151160340686	0.593808394060072	0.579870202707439	0.00369677200771237	0.297266206936137	0.00556629634018275	NA_[2501_575.55_8.3]	NA	(6Z,9Z,28Z,31Z)-19-nitrosoheptatriaconta-6,9,28,31-tetraen-19-ol	[M + H3N + H]+	99	Fatty acids	Fatty amides	Primary amides	1	0.992	0.483
filtered	superclass	Fatty amides	NPC superclass: Fatty amides	454	Untreated	PET	0.19721745919785	0.19721745919785	0.534616167383413	0.56668523108326	0.432467338569019	0.519719457165513	0.58923068100608	0.614125589783925	0.629684797766869	0.456772637020719	0.00369631805701704	0.300962524993155	0.00555439415438783	N-gondoylethanolamine_[454_371.36_1.7]	N-gondoylethanolamine	N-cis-11-eicosaenoylethanolamine	[M + H3N + H]+	-1	Fatty acids	Fatty amides	N-acyl ethanolamines (endocannabinoids)	1	0.999	0.987
filtered	superclass	Fatty amides	NPC superclass: Fatty amides	2605	Untreated	PET	0.196713824744058	0.196713824744058	0.693125301933134	0.768541025911604	0.641187021183263	0.745922402249073	0.672675810685912	0.788345573833326	0.837900845927321	0.768704658251113	0.00368687876531711	0.304649403758472	0.00720122465461217	NA_[2605_591.62_8.6]	NA	N,N-di(cyclotridecyl)cyclotridecanamine oxide	[M + H3N + H]+	57	Fatty acids	Fatty amides	Primary amides	0.996	0.981	0.416
filtered	superclass	Fatty amides	NPC superclass: Fatty amides	2645	Untreated	PET	0.196206201389173	0.196206201389173	0.655191719176864	0.724367227076841	0.606321673885803	0.68096999990958	0.630393686418869	0.727643629374365	0.802527875274976	0.707809250801327	0.00367736471224871	0.30832676847072	0.00680711373322414	NA_[2645_591.62_8.7]	NA	(Octatriacontylamino)carbamic acid	[M - H2O + H]+	57	Fatty acids	Fatty amides	N-acyl ethanolamines (endocannabinoids)	0.999	0.791	0.214
filtered	superclass	Fatty amides	NPC superclass: Fatty amides	1976	Untreated	PET	0.195882851486398	0.195882851486398	0.626114993720284	0.683810419966693	0.515826313324467	0.605368519635775	0.69360658857081	0.695682745794453	0.711709164810865	0.652419105608495	0.00367130437616474	0.311998072846885	0.00650502112219215	NA_[1976_368.39_6.9]	NA	N,N-dibutylhexadecanamide	[M + H]+	142	Fatty acids	Fatty amides	N-acyl amines	1	0.999	0.854
filtered	superclass	Fatty amides	NPC superclass: Fatty amides	937	PS	Untreated	0.195669118045576	0.195669118045576	0.0842352600231422	0	0.0149190320122793	0	0.195669118045576	0	0	0	0.0036672985098489	0.315665371356734	0.000875162152607201	NA_[937_446.36_3.5]	NA	N-[(1S,2R)-1-(Hydroxymethyl)-2-hydroxy-3-heptadecynyl]octanamide	[M + Na]+	177	Fatty acids	Fatty amides	N-acyl amines	0.988	0.837	0.244
filtered	superclass	Fatty amides	NPC superclass: Fatty amides	22	Untreated	PET	0.194184000293894	0.194184000293894	0.18817244870628	0.0493418288276803	0.139149333039439	0.0579277159037929	0.164615122059594	0.0733687149562477	0.333333333333333	0	0.0036394639175939	0.319304835274328	0.00195501747398789	NA_[22_196.09_0.5]	NA	5-Hydroxy-2-(2-hydroxyethyl)-2-(hydroxymethyl)pentanenitrile	[M + Na]+	16	Fatty acids	Fatty amides	Primary amides	0.877	0.736	0.492
filtered	superclass	Fatty amides	NPC superclass: Fatty amides	999	PET	Untreated	0.193931341949464	0.193931341949464	0.144239203446452	0	0.193931341949464	0.0340094999635476	0.166666666666667	0	0	0	0.00363472850722723	0.322939563781555	0.0014985730648171	NA_[999_462.36_3.7]	NA	N-[(2S,3R,6R)-1,3,6-trihydroxyoctadec-4-yn-2-yl]octanamide	[M + Na]+	31	Fatty acids	Fatty amides	Ceramides	1	0.893	0.143
filtered	superclass	Fatty amides	NPC superclass: Fatty amides	307	Untreated	PET	0.193825781266829	0.193825781266829	0.596209983484169	0.604773571377011	0.508322988030812	0.544463831727427	0.631127586030789	0.649747096311377	0.702148769297641	0.559584866780646	0.00363275005228251	0.326572313833838	0.00619432304724362	NA_[307_343.33_1.3]	NA	(E)-N-(2-Hydroxyethyl)-6-octadeceneamide	[M + H3N + H]+	102	Fatty acids	Fatty amides	N-acyl ethanolamines (endocannabinoids)	1	0.998	0.985
filtered	superclass	Fatty amides	NPC superclass: Fatty amides	3086	PET	PS	0.1936591825569	0.1936591825569	0.111314709604764	0.00511294744482583	0.198616159604315	0.00477792676406858	0.00495697704741577	0.00498950545607926	0.149427274720356	0.00652914805052916	0.00362962760144935	0.330201941435287	0.00115650406786643	NA_[3086_480.51_9.7]	NA	N-decyldocosanamide	[M + H]+	84	Fatty acids	Fatty amides	N-acyl amines	0.998	0.996	0.494
filtered	superclass	Fatty amides	NPC superclass: Fatty amides	1411	PET	Untreated	0.193055182614428	0.193055182614428	0.120913595502714	0	0.193055182614428	0	0.109228806142358	0	0	0	0.0036183072249326	0.33382024866022	0.00125623168362702	NA_[1411_482.47_5.2]	NA	N-[2-(dodecanoylamino)cyclopropyl]tetradecanamide	[M + H3N + H]+	-1	Fatty acids	Fatty amides	N-acyl ethanolamines (endocannabinoids)	0.992	0.826	0.243
filtered	superclass	Fatty amides	NPC superclass: Fatty amides	1629	Untreated	PET	0.192754218553917	0.192754218553917	0.419693304457801	0.475269671716287	0.334380572311262	0.211157724299358	0.451285293400652	0.54054880393639	0.527134790865179	0.602901424727242	0.00361266645207251	0.337432915112292	0.00436040318108129	N-palmitoylhexadecasphinganine_[1629_512.5_6.1]	N-palmitoylhexadecasphinganine	N-[2-Hydroxy-1-(hydroxymethyl)pentadecyl]hexadecanamide	[M + H]+	21	Fatty acids	Fatty amides	N-acyl amines	1	0.995	0.573
filtered	superclass	Fatty amides	NPC superclass: Fatty amides	659	PS	PET	0.192527734467005	0.192527734467005	0.640186818530904	0.670604747209268	0.524733939739499	0.591500577078593	0.717261674206503	0.764906168076979	0.716942864762519	0.670604747209268	0.00360842160872301	0.341041336721015	0.00665122033246337	NA_[659_397.38_2.5]	NA	Octadecanamide, N-[2-[bis(2-hydroxyethyl)amino]ethyl]-	[M - H2O + H]+	102	Fatty acids	Fatty amides	N-acyl ethanolamines (endocannabinoids)	1	0.953	0.699
filtered	superclass	Fatty amides	NPC superclass: Fatty amides	2942	Untreated	PET	0.190157894207928	0.190157894207928	0.290635804619074	0.225930051343531	0.201903047297696	0.0778568846918057	0.328655993497176	0.30651826412888	0.392060941505624	0.305562862030315	0.00356400524022552	0.344605341961241	0.00301956041122537	NA_[2942_582.58_9.4]	NA	N-(1,3-dihydroxyoctadecan-2-yl)nonadecanamide	[M + H]+	21	Fatty acids	Fatty amides	N-acyl amines	0.999	0.971	0.477
filtered	superclass	Fatty amides	NPC superclass: Fatty amides	2591	PET	PS	0.190046433416255	0.190046433416255	0.0760185733665021	0	0.190046433416255	0	0	0	0	0	0.00356191620338981	0.34816725816463	0.000789794894528478	NA_[2591_424.45_8.5]	NA	1-(1-Hydroxydecylamino)octadecan-1-ol	[M - H2O + H]+	92	Fatty acids	Fatty amides	N-acyl amines	1	0.997	0.757
filtered	superclass	Fatty amides	NPC superclass: Fatty amides	113	Untreated	PET	0.189915120622246	0.189915120622246	0.439189007311343	0.3888054959589	0.386999716946287	0.326925766922758	0.422515382547804	0.347465610266349	0.576914837568533	0.730744512705598	0.00355945509343743	0.351726713258068	0.00456295376703791	NA_[113_263.23_0.7]	NA	Propylcarbamic acid 2-ethyl-2-(hydroxymethyl)hexyl ester	[M + H3N + H]+	111	Fatty acids	Fatty amides	N-acyl amines	0.989	0.984	0.691
filtered	superclass	Fatty amides	NPC superclass: Fatty amides	3256	Untreated	PS	0.189758456569102	0.189758456569102	0.104618357980487	0	0.166666666666667	0	0	0	0.189758456569102	0	0.00355651884138917	0.355283232099457	0.00108693232913723	NA_[3256_508.55_10.5]	NA	1-(Dihexadecylamino)ethane-1,1-diol	[M - H2O + H]+	86	Fatty acids	Fatty amides	N-acyl amines	1	0.964	0.707
filtered	superclass	Fatty amides	NPC superclass: Fatty amides	550	Untreated	PET	0.188852658439659	0.188852658439659	0.569516830634184	0.623338048868217	0.471108665064798	0.624658584297681	0.622702749768435	0.574500501507875	0.659961323504457	0.662634570464809	0.00353954205852477	0.358822774157982	0.00591699456150443	NA_[550_507.49_2.1]	NA	(E)-N-[(E)-hexadec-9-enoyl]hexadec-9-enamide	[M + H3N + H]+	99	Fatty acids	Fatty amides	Primary amides	1	0.986	0.631
filtered	superclass	Fatty amides	NPC superclass: Fatty amides	3103	PET	Untreated	0.188822568750173	0.188822568750173	0.221020376171067	0.198015142590287	0.307160655200899	0.200711555688508	0.186221242001405	0.199235050137365	0.118338086450726	0.155846100638052	0.00353897810712296	0.362361752265105	0.00229629098463972	NA_[3103_594.63_9.8]	NA	2,2-Bis[[(Z)-9-octadecenyl]amino]ethanol	[M + H3N + H]+	225	Fatty acids	Fatty amides	N-acyl ethanolamines (endocannabinoids)	0.951	0.758	0.13
filtered	superclass	Fatty amides	NPC superclass: Fatty amides	1190	PS	PET	0.188807440460065	0.188807440460065	0.0755229761840261	0	0	0	0.188807440460065	0	0	0	0.00353869456746006	0.365900446832565	0.000784645888080078	NA_[1190_455.42_4.4]	NA	N-((1S,2R)-1,3-Dihydroxy-1-(2-tridecylcycloprop-1-en-1-yl)propan-2-yl)octanamide	[M + H3N + H]+	102	Fatty acids	Fatty amides	N-acyl ethanolamines (endocannabinoids)	1	0.905	0.359
filtered	superclass	Fatty amides	NPC superclass: Fatty amides	2107	Untreated	PET	0.187862328033419	0.187862328033419	0.736513498367976	0.770595199912214	0.630322692568054	0.756971034097188	0.801868543051149	0.822162001044827	0.818185020601473	0.820771631122758	0.00352098094239495	0.36942142777496	0.00765200627954249	NA_[2107_566.56_7.2]	NA	N-[2-(pentadecanoylamino)cyclopentyl]pentadecanamide	[M + H3N + H]+	57	Fatty acids	Fatty amides	N-acyl ethanolamines (endocannabinoids)	0.998	0.833	0.276
filtered	superclass	Fatty amides	NPC superclass: Fatty amides	1857	PS	PET	0.18766686051836	0.18766686051836	0.54421173869381	0.546755769974761	0.435642859978113	0.53017136364859	0.623309720496473	0.536786600054982	0.603153532519877	0.576190418964218	0.00351731742239825	0.372938745197358	0.00565408733324423	NA_[1857_515.49_6.6]	NA	N-[(Z)-3-(2-methylphenyl)pent-3-enyl]docosanamide	[M + H3N + H]+	70	Fatty acids	Fatty amides	N-acyl amines	0.984	0.927	0.185
filtered	superclass	Fatty amides	NPC superclass: Fatty amides	984	PS	Untreated	0.186977354174397	0.186977354174397	0.173260363448533	0	0.120126205405338	0.0263890168064023	0.271008920202129	0.120644367208178	0.0840315660277314	0	0.00350439445523304	0.376443139652591	0.00180008837861326	N-(2R-methyl-3-hydroxy-ethyl)-16,16-dimethyl-5Z,8Z,11Z,14Z-docosatetraenoyl amine_[984_435.39_3.7]	N-(2R-methyl-3-hydroxy-ethyl)-16,16-dimethyl-5Z,8Z,11Z,14Z-docosatetraenoyl amine	(5Z,8Z,11Z,14Z)-N-[(2S)-1-hydroxypropan-2-yl]-16,16-dimethyldocosa-5,8,11,14-tetraenamide	[M + H3N + H]+	18	Fatty acids	Fatty amides	N-acyl ethanolamines (endocannabinoids)	0.969	0.777	0.211
filtered	superclass	Fatty amides	NPC superclass: Fatty amides	276	Untreated	PS	0.186863648869414	0.186863648869414	0.190443263090619	0.00952384531758362	0.162971806595961	0.00476192265879181	0.146469684463919	0.0512266654724513	0.333333333333333	0	0.00350226335095	0.379945403003541	0.0019786100978395	NA_[276_493.36_1.1]	NA	3-[(ethylamino)methyl]-3-hydroxy-8-[4-(5-hydroxy-6-methylpiperidin-2-yl)-2-(3-hydroxypropyl)cyclohexyl]octanoic acid	[M + Na]+	31	Fatty acids	Fatty amides	N-acyl amines	0.987	0.85	0.596
filtered	superclass	Fatty amides	NPC superclass: Fatty amides	1813	Untreated	PET	0.186680865979999	0.186680865979999	0.310769133672077	0.21342000910788	0.232027950649297	0.187195550282381	0.335540475216248	0.385433653918927	0.418708816629296	0.256126449887887	0.00349883757060881	0.38344424057415	0.0032287356139651	NA_[1813_552.55_6.5]	NA	NA	[M + H3N + H]+	-1	Fatty acids	Fatty amides	N-acyl ethanolamines (endocannabinoids)	0.998	0.858	0.4
filtered	superclass	Fatty amides	NPC superclass: Fatty amides	3115	PS	Untreated	0.186090279216565	0.186090279216565	0.319969052414175	0.355877907832513	0.326630154607712	0.196761647549109	0.377558410690671	0.464844455768717	0.191468131474106	0	0.00348776858854812	0.386932009162698	0.00332431816084551	NA_[3115_632.65_9.9]	NA	N,N'-[Methyliminobis(ethylene)]bis(octadecanamide)	[M - H2O + H]+	-1	Fatty acids	Fatty amides	N-acyl amines	0.988	0.952	0.619
filtered	superclass	Fatty amides	NPC superclass: Fatty amides	2288	PS	Untreated	0.18568038341121	0.18568038341121	0.262411030756473	0.217311361895602	0.204666055412873	0.223610626920913	0.362801142122609	0.238426464707237	0.177120758711399	0.156202540698609	0.00348008617912559	0.390412095341824	0.00272631915045571	NA_[2288_522.53_7.7]	NA	N-(3-hydroxyoctadec-4-en-2-yl)hexadecanamide	[M + H]+	20	Fatty acids	Fatty amides	N-acyl amines	0.999	0.961	0.298
filtered	superclass	Fatty amides	NPC superclass: Fatty amides	1324	PS	PET	0.18474275954576	0.18474275954576	0.0738971038183041	0	0	0	0.18474275954576	0	0	0	0.00346251290727304	0.393874608249097	0.000767753888707619	NA_[1324_473.47_4.9]	NA	2-Hydroxy-N,N,N-trimethyl-3-[(1-oxodocosyl)oxy]-1-propanaminium	[M + H3N + H]+	57	Fatty acids	Fatty amides	N-acyl amines	1	0.985	0.75
filtered	superclass	Fatty amides	NPC superclass: Fatty amides	2657	PET	PS	0.183978925336931	0.183978925336931	0.0735915701347724	0	0.183978925336931	0	0	0	0	0	0.00344819686147189	0.397322805110568	0.000764579546797828	NA_[2657_424.45_8.8]	NA	2-[2-Hydroxyethyl(tetracosyl)amino]ethanol	[M - H2O + H]+	92	Fatty acids	Fatty amides	N-acyl amines	1	0.995	0.701
filtered	superclass	Fatty amides	NPC superclass: Fatty amides	3260	PET	PS	0.182529203229832	0.182529203229832	0.0896243281389138	0	0.18447660602915	0	0.00194740279931826	0	0.0752736230376325	0	0.00342102566667036	0.400743830777239	0.000931151870588126	NA_[3260_480.51_10.5]	NA	N-decyldocosanamide	[M + H]+	84	Fatty acids	Fatty amides	Primary amides	0.999	0.997	0.789
filtered	superclass	Fatty amides	NPC superclass: Fatty amides	694	PS	Untreated	0.181547959389997	0.181547959389997	0.0744969318899523	0	0.00469437033488344	0	0.181547959389997	0	0	0	0.00340263485412126	0.40414646563136	0.000773985801878346	NA_[694_395.36_2.7]	NA	NA	[M + H3N + H]+	70	Fatty acids	Fatty amides	N-acyl amines	1	0.994	0.414
filtered	superclass	Fatty amides	NPC superclass: Fatty amides	2278	PS	PET	0.181419090877551	0.181419090877551	0.586133670350855	0.610991873703728	0.480418388552238	0.54654631686054	0.661837479429789	0.634590304743767	0.64615661579022	0.598879088106315	0.00340021955574214	0.407546685187102	0.0060896352016826	NA_[2278_396.42_7.7]	NA	hexacosanamide	[M + H]+	142	Fatty acids	Fatty amides	Primary amides	1	0.999	0.867
filtered	superclass	Fatty amides	NPC superclass: Fatty amides	638	PS	Untreated	0.17980287811346	0.17980287811346	0.0758368452044241	0	0.00978923489760048	0	0.17980287811346	0	0	0	0.00336992793527309	0.410916613122375	0.000787906829964186	NA_[638_395.36_2.5]	NA	8'-methyl-5-[(methylamino)methyl]-3-pentylspiro[cyclopentane-1,4'-tricyclo[6.3.1.0²,⁵]dodecane]-1',6'-diol	[M + H3N + H]+	18	Fatty acids	Fatty amides	N-acyl ethanolamines (endocannabinoids)	0.989	0.896	0.773
filtered	superclass	Fatty amides	NPC superclass: Fatty amides	568	PS	Untreated	0.179721754690764	0.179721754690764	0.088029556248783	0	0.0201647797422614	0	0.193179992150052	0	0.0134582374592879	0	0.00336840749193416	0.414285020614309	0.000914582989576766	N-(2-hydroxyethyl)docosa-7,10,13,16-tetraenamide_[568_393.35_2.2]	N-(2-hydroxyethyl)docosa-7,10,13,16-tetraenamide	Adrenoyl-Ethanolamine	[M + H3N + H]+	70	Fatty acids	Fatty amides	N-acyl ethanolamines (endocannabinoids)	0.998	0.968	0.64
filtered	superclass	Fatty amides	NPC superclass: Fatty amides	466	PS	PET	0.178947352135038	0.178947352135038	0.506682381393447	0.511715217277641	0.41744032079895	0.477133912595882	0.596387672933987	0.536304247691047	0.50575591950136	0.437129864890474	0.00335389337050812	0.417638913984818	0.00526417611183972	linoleoyl ethanolamide_[466_341.32_1.8]	linoleoyl ethanolamide	N-(2-hydroxyethyl)octadeca-9,12-dienamide	[M + H3N + H]+	102	Fatty acids	Fatty amides	N-acyl ethanolamines (endocannabinoids)	1	0.984	0.768
filtered	superclass	Fatty amides	NPC superclass: Fatty amides	1226	PS	Untreated	0.178621183742972	0.178621183742972	0.178904646736867	0	0.199992020308033	0	0.224386792270414	0.134717173212042	0.0457656085274422	0	0.00334778020931983	0.420986694194137	0.00185872965438289	NA_[1226_441.44_4.5]	NA	2,2,6,6-Tetramethyl-4-piperidinyl stearate	[M + H3N + H]+	57	Fatty acids	Fatty amides	N-acyl ethanolamines (endocannabinoids)	1	0.991	0.283
filtered	superclass	Fatty amides	NPC superclass: Fatty amides	861	PS	PET	0.178589216129909	0.178589216129909	0.0714356864519637	0	0	0	0.178589216129909	0	0	0	0.00334718106122269	0.42433387525536	0.000742180995358689	tro-40303_[861_423.39_3.3]	tro-40303	3-[(3aR,5aS,6R,7E,9aS,9bS)-7-hydroxyimino-3a,6-dimethyl-3-[(2R)-6-methylheptan-2-yl]-1,2,3,4,5,5a,8,9,9a,9b-decahydrocyclopenta[a]naphthalen-6-yl]propan-1-ol	[M + H3N + H]+	18	Fatty acids	Fatty amides	N-acyl ethanolamines (endocannabinoids)	0.989	0.82	0.222
filtered	superclass	Fatty amides	NPC superclass: Fatty amides	2692	Untreated	PET	0.176082309381371	0.176082309381371	0.298103516071843	0.258418259239633	0.243390443698507	0.0936143938581318	0.292131969941162	0.333401556163486	0.419472753079878	0.258418259239633	0.00330019574501605	0.427634071000376	0.00309714619214726	N-octodecanoylsphinganine_[2692_568.57_8.9]	N-octodecanoylsphinganine	N-Octodecanoylsphinganine	[M + H]+	21	Fatty acids	Fatty amides	N-acyl amines	1	0.957	0.506
filtered	superclass	Fatty amides	NPC superclass: Fatty amides	310	Untreated	PET	0.175960982058945	0.175960982058945	0.748907049027962	0.793873978087315	0.645725539773969	0.752263500821472	0.815698821879479	0.7797728924861	0.821686521832914	0.872173317343943	0.00329792178623717	0.430931992786613	0.00778076906214754	NA_[310_320.26_1.3]	NA	(3S,5S,7S,9R,11S,13S)-5,9,11-Triaminopentadecane-1,3,7,13,15-pentaol	[M - H2O + H]+	-1	Fatty acids	Fatty amides	N-acyl amines	0.833	0.787	0.852
filtered	superclass	Fatty amides	NPC superclass: Fatty amides	2738	PET	PS	0.174351515841375	0.174351515841375	0.06974060633655	0	0.174351515841375	0	0	0	0	0	0.00326775661188415	0.434199749398498	0.000724569962137689	NA_[2738_424.45_8.9]	NA	1-(1-Hydroxydecylamino)octadecan-1-ol	[M - H2O + H]+	92	Fatty acids	Fatty amides	N-acyl amines	1	0.996	0.713
filtered	superclass	Fatty amides	NPC superclass: Fatty amides	1390	PS	Untreated	0.174031735195373	0.174031735195373	0.0825556369744331	0	0.0323573572407099	0	0.174031735195373	0	0	0	0.0032617631720492	0.437461512570547	0.000857711710565791	NA_[1390_482.43_5.2]	NA	N-[2-(2,5-dioxopyrrolidin-1-yl)ethyl]docosanamide	[M + H3N + H]+	-1	Fatty acids	Fatty amides	N-acyl amines	1	0.99	0.426
filtered	superclass	Fatty amides	NPC superclass: Fatty amides	351	Untreated	PET	0.173449489825933	0.173449489825933	0.317265830647121	0.302568849695073	0.23960625891919	0.12180535955853	0.34703044332605	0.330737513294985	0.413055748745123	0.329935031548522	0.00325085052728931	0.440712363097836	0.00329623304090905	NA_[351_331.34_1.4]	NA	N-{3-[(3-aminopropyl)amino]propyl}dodecanamide	[M + H3N + H]+	21	Fatty acids	Fatty amides	Primary amides	0.968	0.799	0.697
filtered	superclass	Fatty amides	NPC superclass: Fatty amides	389	PS	Untreated	0.173336823432639	0.173336823432639	0.135921545623875	0.051074845492987	0.0720567036519849	0.0800144981669943	0.236277048082681	0.0406575649047872	0.0629402246500421	0.0289900766624084	0.00324873889464966	0.443961101992486	0.00141215676690744	NA_[389_433.38_1.5]	NA	(9Z,12Z)-N-[(3-methoxy-6-methylcyclohexa-2,4-dien-1-yl)methyl]octadeca-9,12-dienamide	[M + H3N + H]+	18	Fatty acids	Fatty amides	N-acyl ethanolamines (endocannabinoids)	0.999	0.96	0.49
filtered	superclass	Fatty amides	NPC superclass: Fatty amides	820	PS	Untreated	0.173318288340409	0.173318288340409	0.0783702981574956	0	0.0226074570533303	0	0.173318288340409	0	0	0	0.00324839150351919	0.447209493496005	0.000814228136971846	NA_[820_398.36_3.2]	NA	3-(Henicosanoylamino)propanoic acid	[M + H]+	20	Fatty acids	Fatty amides	N-acyl amines	1	0.989	0.881
filtered	superclass	Fatty amides	NPC superclass: Fatty amides	2964	PET	PS	0.17302831260287	0.17302831260287	0.0785788667957326	0.00531000833483658	0.177612589277238	0.00614061367731675	0.00458427667436787	0.00472105466539212	0.0285006020754517	0.00530710674295476	0.00324295667762131	0.450452450173626	0.000816395060637252	NA_[2964_480.51_9.4]	NA	Dotriacontanamide	[M + H]+	84	Fatty acids	Fatty amides	N-acyl amines	0.995	0.99	0.302
filtered	superclass	Fatty amides	NPC superclass: Fatty amides	2920	Untreated	PET	0.172543461836751	0.172543461836751	0.246469626890043	0.136514336773881	0.206294650421209	0	0.220460360674918	0.239029069809394	0.37883811225796	0.136514336773881	0.00323386943631391	0.45368631960994	0.00256069595039089	N-octodecanoylsphinganine_[2920_568.57_9.3]	N-octodecanoylsphinganine	N-Octodecanoylsphinganine	[M + H]+	21	Fatty acids	Fatty amides	N-acyl amines	1	0.981	0.697
filtered	superclass	Fatty amides	NPC superclass: Fatty amides	1479	PS	PET	0.171760628238878	0.171760628238878	0.28226697087168	0.255919889577239	0.20040917467941	0.216677406759783	0.372169802918288	0.284674412693033	0.266176899163003	0.185334128028008	0.0032191972973703	0.45690551690731	0.00293261242109428	NA_[1479_559.52_5.6]	NA	Hexadecanamide, N,N'-1,2-ethanediylbis-	[M + Na]+	-1	Fatty acids	Fatty amides	N-acyl amines	1	0.967	0.543
filtered	superclass	Fatty amides	NPC superclass: Fatty amides	2915	PET	PS	0.171687400635451	0.171687400635451	0.084471992816831	0.0111596528302999	0.181723110212394	0.010314585521151	0.0100357095769424	0.0102150577121681	0.0388423245054825	0.0111596528302999	0.00321782484021605	0.460123341747526	0.000877621687738458	NA_[2915_480.51_9.3]	NA	N-decyldocosanamide	[M + H]+	84	Fatty acids	Fatty amides	Primary amides	0.999	0.998	0.879
filtered	superclass	Fatty amides	NPC superclass: Fatty amides	2255	Untreated	PET	0.171588087487393	0.171588087487393	0.695156164901	0.752539179226144	0.655900531114539	0.779121152427133	0.668245571836993	0.696181912610873	0.827488618601932	0.942388442050121	0.00321596347873233	0.463339305226259	0.00722232430345422	NA_[2255_494.5_7.6]	NA	1-(4-Ethyl-4-prop-2-enylpiperazin-4-ium-1-yl)docosan-1-one	[M + H3N + H]+	-1	Fatty acids	Fatty amides	N-acyl amines	0.994	0.957	0.301
filtered	superclass	Fatty amides	NPC superclass: Fatty amides	3133	PS	PET	0.170259214226042	0.170259214226042	0.468429176745577	0.519947785712402	0.367114861824177	0.327564342215059	0.537374076050219	0.708415574448642	0.533168007979094	0.375885087851653	0.00319105727493375	0.466530362501193	0.00486674447911779	NA_[3133_646.66_10]	NA	Octadecanamide, N,N'-(iminodi-3,1-propanediyl)bis-	[M - H2O + H]+	-1	Fatty acids	Fatty amides	N-acyl amines	1	0.99	0.842
filtered	superclass	Fatty amides	NPC superclass: Fatty amides	787	PS	PET	0.169949121125526	0.169949121125526	0.185900444213839	0.127069174871369	0.116943960925071	0.13037323117726	0.286893082050597	0.13231486434004	0.121828135117858	0.0987890481001617	0.00318524540243801	0.469715607903631	0.00193141248550929	NA_[787_421.38_3]	NA	N-(5Z,8Z,11Z,14Z-tetracosatetraenoyl)-ethanolamine	[M + H3N + H]+	70	Fatty acids	Fatty amides	N-acyl amines	0.998	0.968	0.366
filtered	superclass	Fatty amides	NPC superclass: Fatty amides	766	PS	PET	0.169776342045719	0.169776342045719	0.334596161155093	0.316183444358656	0.241514877796394	0.304469212186578	0.411291219842114	0.300032318819724	0.367368610498448	0.352431260534105	0.00318200711696794	0.472897615020599	0.00347628649297394	oleamide_[766_299.31_2.9]	oleamide	Oleamide	[M + H3N + H]+	-1	Fatty acids	Fatty amides	Primary amides	1	1	1
filtered	superclass	Fatty amides	NPC superclass: Fatty amides	196	Untreated	PET	0.169636215337295	0.169636215337295	0.577093982894112	0.598473667106306	0.495900513186828	0.526978025323918	0.61406607978639	0.721524600486725	0.665536728524123	0.511932807315826	0.00317938081357306	0.476076995834172	0.00599571737758654	palmitoleoyl ethanolamide_[196_315.3_0.9]	palmitoleoyl ethanolamide	N-(2-hydroxyethyl)hexadec-9-enamide	[M + H3N + H]+	-1	Fatty acids	Fatty amides	N-acyl ethanolamines (endocannabinoids)	1	0.999	0.998
filtered	superclass	Fatty amides	NPC superclass: Fatty amides	1277	PS	PET	0.169511686948856	0.169511686948856	0.0788973656193332	0	0.00879516879045624	0	0.178306855739312	0	0.0202827790371298	0	0.00317704685930415	0.479254042693476	0.00081970410385726	NA_[1277_560.5_4.6]	NA	N-(1,3-dihydroxyoctadec-8-en-2-yl)hexadecanamide	[M + Na]+	102	Fatty acids	Fatty amides	N-acyl amines	1	0.92	0.302
filtered	superclass	Fatty amides	NPC superclass: Fatty amides	943	PS	PET	0.168984254888628	0.168984254888628	0.482124657072607	0.486410479025935	0.387912403004814	0.48646193575385	0.556896657893442	0.457829784734435	0.521005163566525	0.53856228024373	0.00316716154460636	0.482421204238082	0.00500903365874044	NA_[943_567.58_3.6]	NA	N-[(E)-3-hydroxyoctadec-4-en-2-yl]octadecanamide	[M + H3N + H]+	24	Fatty acids	Fatty amides	Ceramides	1	0.958	0.62
filtered	superclass	Fatty amides	NPC superclass: Fatty amides	3335	PET	PS	0.167152809951715	0.167152809951715	0.0719072029835202	0	0.167891936698362	0	0.00073912674664651	0	0.0222738880275848	0	0.00313283596806624	0.485554040206148	0.000747079815907631	NA_[3335_480.51_10.9]	NA	N-decyldocosanamide	[M + H]+	84	Fatty acids	Fatty amides	N-acyl amines	0.998	0.995	0.507
filtered	superclass	Fatty amides	NPC superclass: Fatty amides	1415	PS	PET	0.167114623302803	0.167114623302803	0.277482795737343	0.303700716471793	0.186278466902827	0.151850358235897	0.353393090205631	0.323829115037649	0.3080708644698	0.32856801444189	0.00313212026064113	0.488686160466789	0.00288290723815942	NA_[1415_501.48_5.3]	NA	NA	[M + H3N + H]+	-1	Fatty acids	Fatty amides	N-acyl ethanolamines (endocannabinoids)	0.996	0.927	0.747
filtered	superclass	Fatty amides	NPC superclass: Fatty amides	3286	PET	PS	0.167114227819793	0.167114227819793	0.0685389038070686	0	0.167353836565565	0	0.000239608745772748	0	0.00750762841266677	0	0.00313211284836131	0.491818273315151	0.000712084874868943	NA_[3286_480.51_10.7]	NA	N-decyldocosanamide	[M + H]+	-1	Fatty acids	Fatty amides	Primary amides	0.997	0.991	0.566
filtered	superclass	Fatty amides	NPC superclass: Fatty amides	299	Untreated	PET	0.167006389345402	0.167006389345402	0.244344242203347	0.0852279242312524	0.19654339936278	0.0822455532428613	0.232542311791497	0.0506683618654082	0.363549788708182	0.518669117487091	0.00313009170225309	0.494948365017404	0.00253861426824239	Oleoyl sarcosine_[299_371.33_1.2]	Oleoyl sarcosine	DIOYAVUHUXAUPX	[M + H3N + H]+	738	Fatty acids	Fatty amides	N-acyl amines	0.995	0.73	0.279
filtered	superclass	Fatty amides	NPC superclass: Fatty amides	3372	PET	PS	0.166964777207638	0.166964777207638	0.0699623103486287	0	0.167378184401541	0	0.000413407193902714	0	0.0142283685522564	0	0.00312931179312723	0.498077676810531	0.000726873355756931	NA_[3372_480.51_11.1]	NA	N-decyldocosanamide	[M + H]+	84	Fatty acids	Fatty amides	Primary amides	0.999	0.998	0.843
filtered	superclass	Fatty amides	NPC superclass: Fatty amides	3438	PET	PS	0.1666937284131	0.1666937284131	0.0766913094367859	0	0.167782267010714	0	0.00108853859761359	0	0.0457149359672746	0	0.00312423170256294	0.501201908513094	0.000796784285280573	NA_[3438_480.51_11.4]	NA	N-decyldocosanamide	[M + H]+	84	Fatty acids	Fatty amides	Primary amides	0.999	0.999	0.877
filtered	superclass	Fatty amides	NPC superclass: Fatty amides	2635	PET	Untreated	0.166666666666667	0.166666666666667	0.1104327254078	0	0.166666666666667	0	0.109415146852834	0	0	0	0.00312372450192054	0.504325633015015	0.00114734069390441	NA_[2635_507.34_8.7]	NA	2,29-diaminotriaconta-4,6,10,13,16,19,22,26-octaene-3,28-diol	[M + K]+	33	Fatty acids	Fatty amides	N-acyl ethanolamines (endocannabinoids)	0.999	0.976	0.254
filtered	superclass	Fatty amides	NPC superclass: Fatty amides	3188	PET	PS	0.166666666666667	0.166666666666667	0.092955650416131	0	0.166666666666667	0	0	0	0.131444918747322	0	0.00312372450192054	0.507449357516935	0.000965762640167952	NA_[3188_452.48_10.2]	NA	1-[1-Hydroxypropyl(tetracosyl)amino]propan-1-ol	[M - H2O + H]+	163	Fatty acids	Fatty amides	N-acyl amines	1	0.994	0.553
filtered	superclass	Fatty amides	NPC superclass: Fatty amides	3243	PET	PS	0.166666666666667	0.166666666666667	0.0897722591401679	0	0.166666666666667	0	0	0	0.115527962367506	0	0.00312372450192054	0.510573082018856	0.000932688799582697	NA_[3243_494.53_10.4]	NA	Tritriacontanamide	[M + H]+	92	Fatty acids	Fatty amides	Primary amides	0.999	0.997	0.788
filtered	superclass	Fatty amides	NPC superclass: Fatty amides	1057	PS	PET	0.166666666666667	0.166666666666667	0.0869696855730281	0	0	0	0.166666666666667	0	0.101515094531807	0	0.00312372450192054	0.513696806520776	0.000903571464215248	NA_[1057_510.43_3.9]	NA	3-(Cholamidopropyl)-1,1-dimethamine	[M + H3N + H]+	-1	Fatty acids	Fatty amides	N-acyl amines	0.998	0.876	0.461
filtered	superclass	Fatty amides	NPC superclass: Fatty amides	1504	PS	PET	0.166666666666667	0.166666666666667	0.0849874120830433	0	0	0	0.166666666666667	0	0.091603727081883	0	0.00312372450192054	0.516820531022697	0.000882976635706679	NA_[1504_424.41_5.6]	NA	NA	[M - H2O + H]+	130	Fatty acids	Fatty amides	N-acyl ethanolamines (endocannabinoids)	0.999	0.929	0.333
filtered	superclass	Fatty amides	NPC superclass: Fatty amides	2343	PS	Untreated	0.166666666666667	0.166666666666667	0.0827546078206195	0	0.040219852884882	0	0.166666666666667	0	0	0	0.00312372450192054	0.519944255524617	0.000859778917979963	NA_[2343_609.63_7.9]	NA	38-Isocyanatooctatriacontan-1-ol	[M + H3N + H]+	57	Fatty acids	Fatty amides	N-acyl amines	0.999	0.961	0.447
filtered	superclass	Fatty amides	NPC superclass: Fatty amides	3101	PET	Untreated	0.166666666666667	0.166666666666667	0.0720943201830496	0	0.166666666666667	0	0.0135691337909573	0	0	0	0.00312372450192054	0.523067980026538	0.000749023869871316	NA_[3101_508.54_9.8]	NA	1-(Dihexadecylamino)ethane-1,1-diol	[M - H2O + H]+	86	Fatty acids	Fatty amides	N-acyl amines	1	0.992	0.569
filtered	superclass	Fatty amides	NPC superclass: Fatty amides	1052	PS	PET	0.166666666666667	0.166666666666667	0.0666666666666667	0	0	0	0.166666666666667	0	0	0	0.00312372450192054	0.526191704528458	0.000692633268908029	NA_[1052_553.51_3.9]	NA	4-amino-N-[(Z,2R)-2-(4-aminobutyl)-4-oxohenicos-12-enyl]-N-(2-oxopropyl)butanamide	[M + H3N + H]+	-1	Fatty acids	Fatty amides	N-acyl amines	0.998	0.781	0.303
filtered	superclass	Fatty amides	NPC superclass: Fatty amides	1110	PS	PET	0.166666666666667	0.166666666666667	0.0666666666666667	0	0	0	0.166666666666667	0	0	0	0.00312372450192054	0.529315429030379	0.000692633268908029	NA_[1110_656.6_4.1]	NA	N-((2s,3r,4e,8e)-1,3-dihydroxyhexacosa-4,8-dien-2-yl)pentadecanamide	[M + Na]+	131	Fatty acids	Fatty amides	N-acyl ethanolamines (endocannabinoids)	0.998	0.766	0.498
filtered	superclass	Fatty amides	NPC superclass: Fatty amides	1164	PS	PET	0.166666666666667	0.166666666666667	0.0666666666666667	0	0	0	0.166666666666667	0	0	0	0.00312372450192054	0.532439153532299	0.000692633268908029	NA_[1164_454.4_4.3]	NA	N-[3-[2-[2-(3-aminopropoxy)ethoxy]ethoxy]propyl]hexadeca-1,3-diyn-1-amine	[M + H3N + H]+	-1	Fatty acids	Fatty amides	N-acyl ethanolamines (endocannabinoids)	1	0.897	0.424
filtered	superclass	Fatty amides	NPC superclass: Fatty amides	1278	PS	PET	0.166666666666667	0.166666666666667	0.0666666666666667	0	0	0	0.166666666666667	0	0	0	0.00312372450192054	0.53556287803422	0.000692633268908029	NA_[1278_452.37_4.6]	NA	(9Z,12Z)-N-[(E)-1,3-dihydroxyoct-4-en-2-yl]nonadeca-9,12-dienamide	[M + O + H]+	102	Fatty acids	Fatty amides	N-acyl amines	0.999	0.889	0.281
filtered	superclass	Fatty amides	NPC superclass: Fatty amides	1348	PS	PET	0.166666666666667	0.166666666666667	0.0666666666666667	0	0	0	0.166666666666667	0	0	0	0.00312372450192054	0.538686602536141	0.000692633268908029	NA_[1348_512.44_5]	NA	N-Nervonoyl Glutamine	[M + H3N + H]+	-1	Fatty acids	Fatty amides	N-acyl amines	0.999	0.924	0.375
filtered	superclass	Fatty amides	NPC superclass: Fatty amides	1557	PS	PET	0.166666666666667	0.166666666666667	0.0666666666666667	0	0	0	0.166666666666667	0	0	0	0.00312372450192054	0.541810327038061	0.000692633268908029	NA_[1557_421.38_5.9]	NA	N-(5Z,8Z,11Z,14Z-tetracosatetraenoyl)-ethanolamine	[M + H3N + H]+	70	Fatty acids	Fatty amides	N-acyl ethanolamines (endocannabinoids)	1	0.995	0.921
filtered	superclass	Fatty amides	NPC superclass: Fatty amides	1580	PS	PET	0.166666666666667	0.166666666666667	0.0666666666666667	0	0	0	0.166666666666667	0	0	0	0.00312372450192054	0.544934051539982	0.000692633268908029	NA_[1580_421.38_5.9]	NA	N-(5Z,8Z,11Z,14Z-tetracosatetraenoyl)-ethanolamine	[M + H3N + H]+	70	Fatty acids	Fatty amides	N-acyl ethanolamines (endocannabinoids)	1	0.993	0.868
filtered	superclass	Fatty amides	NPC superclass: Fatty amides	1700	PS	PET	0.166666666666667	0.166666666666667	0.0666666666666667	0	0	0	0.166666666666667	0	0	0	0.00312372450192054	0.548057776041902	0.000692633268908029	Cer(d16:1/18:0)_[1700_560.5_6.2]	Cer(d16:1/18:0)	N-(octadecanoyl)-hexadecasphing-4-enine	[M + Na]+	102	Fatty acids	Fatty amides	N-acyl amines	1	0.945	0.269
filtered	superclass	Fatty amides	NPC superclass: Fatty amides	1849	PS	PET	0.166666666666667	0.166666666666667	0.0666666666666667	0	0	0	0.166666666666667	0	0	0	0.00312372450192054	0.551181500543823	0.000692633268908029	NA_[1849_562.52_6.6]	NA	N-(1,3-dihydroxyundecan-2-yl)tricosanamide	[M + Na]+	102	Fatty acids	Fatty amides	N-acyl ethanolamines (endocannabinoids)	1	0.954	0.278
filtered	superclass	Fatty amides	NPC superclass: Fatty amides	1884	PS	PET	0.166666666666667	0.166666666666667	0.0666666666666667	0	0	0	0.166666666666667	0	0	0	0.00312372450192054	0.554305225045743	0.000692633268908029	NA_[1884_598.55_6.7]	NA	2,3-Bis(hexadecanoylamino)propanoic acid	[M + H3N + H]+	-1	Fatty acids	Fatty amides	Fatty acyl carnitines	0.998	0.724	0.161
filtered	superclass	Fatty amides	NPC superclass: Fatty amides	2664	PET	PS	0.166666666666667	0.166666666666667	0.0666666666666667	0	0.166666666666667	0	0	0	0	0	0.00312372450192054	0.557428949547664	0.000692633268908029	NA_[2664_536.55_8.8]	NA	N,N-Bis[1-(tetradecylamino)ethyl]glycine	[M - H2O + H]+	-1	Fatty acids	Fatty amides	N-acyl amines	0.993	0.748	0.143
filtered	superclass	Fatty amides	NPC superclass: Fatty amides	2863	PET	PS	0.166666666666667	0.166666666666667	0.0666666666666667	0	0.166666666666667	0	0	0	0	0	0.00312372450192054	0.560552674049584	0.000692633268908029	NA_[2863_452.48_9.2]	NA	1-[1-Hydroxypropyl(tetracosyl)amino]propan-1-ol	[M - H2O + H]+	163	Fatty acids	Fatty amides	N-acyl amines	1	0.991	0.617
filtered	superclass	Fatty amides	NPC superclass: Fatty amides	2909	PET	PS	0.166666666666667	0.166666666666667	0.0666666666666667	0	0.166666666666667	0	0	0	0	0	0.00312372450192054	0.563676398551505	0.000692633268908029	NA_[2909_509.35_9.3]	NA	NA	[M + K]+	39	Fatty acids	Fatty amides	N-acyl amines	0.997	0.947	0.223
filtered	superclass	Fatty amides	NPC superclass: Fatty amides	3055	PET	PS	0.166666666666667	0.166666666666667	0.0666666666666667	0	0.166666666666667	0	0	0	0	0	0.00312372450192054	0.566800123053425	0.000692633268908029	NA_[3055_494.53_9.6]	NA	Tritriacontanamide	[M + H]+	92	Fatty acids	Fatty amides	Primary amides	1	0.999	0.866
filtered	superclass	Fatty amides	NPC superclass: Fatty amides	3151	PET	PS	0.166666666666667	0.166666666666667	0.0666666666666667	0	0.166666666666667	0	0	0	0	0	0.00312372450192054	0.569923847555346	0.000692633268908029	NA_[3151_594.63_10.1]	NA	2,2-Bis[[(Z)-9-octadecenyl]amino]ethanol	[M + H3N + H]+	225	Fatty acids	Fatty amides	N-acyl ethanolamines (endocannabinoids)	0.989	0.817	0.253
filtered	superclass	Fatty amides	NPC superclass: Fatty amides	3154	PET	PS	0.166666666666667	0.166666666666667	0.0666666666666667	0	0.166666666666667	0	0	0	0	0	0.00312372450192054	0.573047572057267	0.000692633268908029	NA_[3154_424.45_10.1]	NA	Octacosanamide	[M + H]+	92	Fatty acids	Fatty amides	Primary amides	0.999	0.999	0.776
filtered	superclass	Fatty amides	NPC superclass: Fatty amides	3259	PET	PS	0.166666666666667	0.166666666666667	0.0666666666666667	0	0.166666666666667	0	0	0	0	0	0.00312372450192054	0.576171296559187	0.000692633268908029	NA_[3259_452.48_10.5]	NA	1-[1-Hydroxypropyl(tetracosyl)amino]propan-1-ol	[M - H2O + H]+	163	Fatty acids	Fatty amides	N-acyl amines	1	0.996	0.646
filtered	superclass	Fatty amides	NPC superclass: Fatty amides	3298	PET	PS	0.166666666666667	0.166666666666667	0.0666666666666667	0	0.166666666666667	0	0	0	0	0	0.00312372450192054	0.579295021061108	0.000692633268908029	NA_[3298_494.53_10.7]	NA	Tritriacontanamide	[M + H]+	92	Fatty acids	Fatty amides	Primary amides	0.999	0.998	0.843
filtered	superclass	Fatty amides	NPC superclass: Fatty amides	3300	PET	PS	0.166666666666667	0.166666666666667	0.0666666666666667	0	0.166666666666667	0	0	0	0	0	0.00312372450192054	0.582418745563028	0.000692633268908029	NA_[3300_424.45_10.7]	NA	2-[2-Hydroxyethyl(tetracosyl)amino]ethanol	[M - H2O + H]+	92	Fatty acids	Fatty amides	N-acyl ethanolamines (endocannabinoids)	1	0.996	0.724
filtered	superclass	Fatty amides	NPC superclass: Fatty amides	3319	PET	PS	0.166666666666667	0.166666666666667	0.0666666666666667	0	0.166666666666667	0	0	0	0	0	0.00312372450192054	0.585542470064949	0.000692633268908029	NA_[3319_452.48_10.8]	NA	2-[Hexacosyl(2-hydroxyethyl)amino]ethanol	[M - H2O + H]+	163	Fatty acids	Fatty amides	N-acyl ethanolamines (endocannabinoids)	1	0.986	0.652
filtered	superclass	Fatty amides	NPC superclass: Fatty amides	3328	PET	PS	0.166666666666667	0.166666666666667	0.0666666666666667	0	0.166666666666667	0	0	0	0	0	0.00312372450192054	0.588666194566869	0.000692633268908029	NA_[3328_536.58_10.8]	NA	N-hydroxy-N-octadecyloctadecan-1-amine oxide	[M - H2O + H]+	306	Fatty acids	Fatty amides	N-acyl amines	1	0.991	0.717
filtered	superclass	Fatty amides	NPC superclass: Fatty amides	3338	PET	PS	0.166666666666667	0.166666666666667	0.0666666666666667	0	0.166666666666667	0	0	0	0	0	0.00312372450192054	0.59178991906879	0.000692633268908029	NA_[3338_593.63_10.9]	NA	2-heptadecyl-N-prop-1-en-2-ylnonadecanamide	[M + H3N + H]+	57	Fatty acids	Fatty amides	N-acyl amines	1	0.997	0.618
filtered	superclass	Fatty amides	NPC superclass: Fatty amides	3349	PET	PS	0.166666666666667	0.166666666666667	0.0666666666666667	0	0.166666666666667	0	0	0	0	0	0.00312372450192054	0.59491364357071	0.000692633268908029	NA_[3349_494.53_10.9]	NA	N,N-dihexadecylformamide	[M + H]+	92	Fatty acids	Fatty amides	N-acyl ethanolamines (endocannabinoids)	0.995	0.987	0.354
filtered	superclass	Fatty amides	NPC superclass: Fatty amides	3360	PET	PS	0.166666666666667	0.166666666666667	0.0666666666666667	0	0.166666666666667	0	0	0	0	0	0.00312372450192054	0.598037368072631	0.000692633268908029	NA_[3360_452.48_11]	NA	1-[1-Hydroxypropyl(tetracosyl)amino]propan-1-ol	[M - H2O + H]+	163	Fatty acids	Fatty amides	N-acyl amines	1	0.99	0.587
filtered	superclass	Fatty amides	NPC superclass: Fatty amides	3367	PET	PS	0.166666666666667	0.166666666666667	0.0666666666666667	0	0.166666666666667	0	0	0	0	0	0.00312372450192054	0.601161092574551	0.000692633268908029	NA_[3367_562.57_11]	NA	1-Methyl-1-heptadecanoyl-2-pentadecyl-1H-imidazol-1-ium	[M + H3N + H]+	-1	Fatty acids	Fatty amides	N-acyl amines	0.981	0.886	0.14
filtered	superclass	Fatty amides	NPC superclass: Fatty amides	3480	PET	PS	0.166666666666667	0.166666666666667	0.0666666666666667	0	0.166666666666667	0	0	0	0	0	0.00312372450192054	0.604284817076472	0.000692633268908029	NA_[3480_508.55_11.8]	NA	1-(Dihexadecylamino)ethane-1,1-diol	[M - H2O + H]+	86	Fatty acids	Fatty amides	N-acyl amines	1	0.962	0.581
filtered	superclass	Fatty amides	NPC superclass: Fatty amides	789	PS	PET	0.166666666666667	0.166666666666667	0.0666666666666667	0	0	0	0.166666666666667	0	0	0	0.00312372450192054	0.607408541578393	0.000692633268908029	N,N-bis(4-acetamidobutyl)-15-methylhexadec-6E-enamide_[789_511.46_3]	N,N-bis(4-acetamidobutyl)-15-methylhexadec-6E-enamide	N,N-bis(4-acetamidobutyl)-15-methylhexadec-6E-enamide	[M + H3N + H]+	-1	Fatty acids	Fatty amides	N-acyl amines	0.998	0.957	0.226
filtered	superclass	Fatty amides	NPC superclass: Fatty amides	860	PS	PET	0.166666666666667	0.166666666666667	0.0666666666666667	0	0	0	0.166666666666667	0	0	0	0.00312372450192054	0.610532266080313	0.000692633268908029	NA_[860_424.38_3.3]	NA	N-Nervonoyl Glycine	[M + H]+	757	Fatty acids	Fatty amides	Ceramides	1	0.953	0.493
filtered	superclass	Fatty amides	NPC superclass: Fatty amides	905	PS	PET	0.166666666666667	0.166666666666667	0.0666666666666667	0	0	0	0.166666666666667	0	0	0	0.00312372450192054	0.613655990582234	0.000692633268908029	NA_[905_482.43_3.4]	NA	(2E,4E)-N-[(2S,3R)-3-hydroxy-4-(octadecylamino)-4-oxobutan-2-yl]hexa-2,4-dienamide	[M + H3N + H]+	-1	Fatty acids	Fatty amides	N-acyl ethanolamines (endocannabinoids)	0.999	0.821	0.284
filtered	superclass	Fatty amides	NPC superclass: Fatty amides	910	PS	PET	0.166666666666667	0.166666666666667	0.0666666666666667	0	0	0	0.166666666666667	0	0	0	0.00312372450192054	0.616779715084154	0.000692633268908029	NA_[910_424.38_3.4]	NA	N-[(1S,2R)-1-(Hydroxymethyl)-2-hydroxy-3-heptadecynyl]octanamide	[M + H]+	-1	Fatty acids	Fatty amides	Ceramides	0.999	0.705	0.298
filtered	superclass	Fatty amides	NPC superclass: Fatty amides	925	PS	PET	0.166666666666667	0.166666666666667	0.0666666666666667	0	0	0	0.166666666666667	0	0	0	0.00312372450192054	0.619903439586075	0.000692633268908029	Pentacosanoylglycine_[925_457.44_3.5]	Pentacosanoylglycine	2-pentacosanamidoacetic acid	[M + H3N + H]+	-1	Fatty acids	Fatty amides	N-acyl amines	1	0.961	0.29
filtered	superclass	Fatty amides	NPC superclass: Fatty amides	928	PS	PET	0.166666666666667	0.166666666666667	0.0666666666666667	0	0	0	0.166666666666667	0	0	0	0.00312372450192054	0.623027164087995	0.000692633268908029	Hydrazidomycin A_[928_470.43_3.5]	Hydrazidomycin A	Hydrazidomycin A	[M + H3N + H]+	-1	Fatty acids	Fatty amides	N-acyl amines	0.989	0.94	0.257
filtered	superclass	Fatty amides	NPC superclass: Fatty amides	935	PS	PET	0.166666666666667	0.166666666666667	0.0666666666666667	0	0	0	0.166666666666667	0	0	0	0.00312372450192054	0.626150888589916	0.000692633268908029	NA_[935_469.44_3.5]	NA	Tricosyl 5-oxopyrrolidine-2-carboxylate	[M + H3N + H]+	355	Fatty acids	Fatty amides	N-acyl ethanolamines (endocannabinoids)	0.999	0.916	0.409
filtered	superclass	Fatty amides	NPC superclass: Fatty amides	971	PS	PET	0.166666666666667	0.166666666666667	0.0666666666666667	0	0	0	0.166666666666667	0	0	0	0.00312372450192054	0.629274613091836	0.000692633268908029	NA_[971_469.44_3.6]	NA	12-hydroxy-N-[2-(octanoylamino)ethyl]octadecanamide	[M + H]+	355	Fatty acids	Fatty amides	N-acyl amines	1	0.968	0.63
filtered	superclass	Fatty amides	NPC superclass: Fatty amides	3420	PET	PS	0.166588731336009	0.166588731336009	0.0861228355254199	0	0.169318714412269	0	0.00272998307626003	0	0.0865167826500417	0	0.0031222638109089	0.632396876902745	0.000894773116464001	NA_[3420_480.51_11.3]	NA	N-decyldocosanamide	[M + H]+	84	Fatty acids	Fatty amides	Primary amides	0.999	0.999	0.808
filtered	superclass	Fatty amides	NPC superclass: Fatty amides	1609	PS	PET	0.16642643295229	0.16642643295229	0.545212580702373	0.571767848444269	0.45083116280686	0.525312320435208	0.61725759575915	0.564645840610936	0.589885386379847	0.588911885015548	0.00311922195828184	0.635516098861027	0.00566448558032501	Tricosanoyl-EA_[1609_380.39_6]	Tricosanoyl-EA	NA	[M - H2O + H]+	-1	Fatty acids	Fatty amides	N-acyl amines	1	0.98	0.599
filtered	superclass	Fatty amides	NPC superclass: Fatty amides	778	PS	PET	0.166121690370789	0.166121690370789	0.223254326706804	0.159144013904696	0.154787747582767	0.172847104733784	0.320909437953556	0.185336812362269	0.164877262461374	0.108731002221941	0.00311351036707015	0.638629609228097	0.00231950061157192	NA_[778_409.38_3]	NA	N-(6-cyclopropyl-6-oxohex-1-en-2-yl)hexadecanamide	[M + H3N + H]+	18	Fatty acids	Fatty amides	N-acyl ethanolamines (endocannabinoids)	0.997	0.968	0.378
filtered	superclass	Fatty amides	NPC superclass: Fatty amides	1318	PS	Untreated	0.166063784426863	0.166063784426863	0.0949299248935904	0	0.0351011347868932	0	0.190170379773676	0	0.0241065953468132	0	0.00311242507377506	0.641742034301872	0.000986274362943618	NA_[1318_469.44_4.9]	NA	Tricosyl 5-oxopyrrolidine-2-carboxylate	[M + H3N + H]+	102	Fatty acids	Fatty amides	N-acyl amines	0.999	0.935	0.379
filtered	superclass	Fatty amides	NPC superclass: Fatty amides	3451	PET	PS	0.165922670602996	0.165922670602996	0.0914112663863764	0	0.167933440819083	0	0.0020107702160867	0	0.117167909861542	0	0.00310978026952003	0.644851814571392	0.000949717263783277	NA_[3451_480.51_11.6]	NA	N-hexadecyl-N-hydroxyhexadecan-1-amine oxide	[M - H2O + H]+	-1	Fatty acids	Fatty amides	Sphingoid bases	1	0.942	0.438
filtered	superclass	Fatty amides	NPC superclass: Fatty amides	636	PS	PET	0.16537238355853	0.16537238355853	0.0901741327844865	0	0.0232183117413217	0	0.188590695299852	0	0.0272526498400854	0	0.00309946659877669	0.647951281170169	0.000936864065421982	NA_[636_419.36_2.5]	NA	N-[(3-methoxyphenyl)methyl]octadec-9-enimidic acid	[M + H3N + H]+	70	Fatty acids	Fatty amides	N-acyl amines	0.999	0.964	0.367
filtered	superclass	Fatty amides	NPC superclass: Fatty amides	1414	PS	PET	0.165162595725731	0.165162595725731	0.226915081843573	0.122004112975943	0.144610127517796	0.094410834703253	0.309772723243527	0.236326760209595	0.22580970769522	0.122004112975943	0.00309553468241558	0.651046815852585	0.00235753402352771	NA_[1414_486.46_5.3]	NA	(2S)-2,6-diamino-7-oxooctacosanoic acid	[M + H3N + H]+	42	Fatty acids	Fatty amides	N-acyl ethanolamines (endocannabinoids)	0.997	0.959	0.269
filtered	superclass	Fatty amides	NPC superclass: Fatty amides	557	Untreated	PET	0.164395568019247	0.164395568019247	0.580023935397699	0.616831030854833	0.492710309085309	0.634158131880288	0.628796590856661	0.588479937355393	0.657105877104556	0.618638474084478	0.0030811587829732	0.654127974635558	0.00602615811629111	NA_[557_495.49_2.1]	NA	1-(5-Dodecyl-2,5-dihydro-1,2-oxazol-3-yl)hexadecan-1-one	[M + H3N + H]+	99	Fatty acids	Fatty amides	N-acyl ethanolamines (endocannabinoids)	0.999	0.89	0.585
filtered	superclass	Fatty amides	NPC superclass: Fatty amides	1253	PS	PET	0.163438987850961	0.163438987850961	0.704829833454122	0.759302657863152	0.615196062606134	0.785976878438218	0.778635050457095	0.715972616590317	0.736486941144153	0.743603818071817	0.00306323022551485	0.657191204861073	0.00732282887353845	NA_[1253_455.46_4.6]	NA	N-tetradecanoyltetradecanamide	[M + H3N + H]+	57	Fatty acids	Fatty amides	N-acyl ethanolamines (endocannabinoids)	0.996	0.958	0.929
filtered	superclass	Fatty amides	NPC superclass: Fatty amides	939	PS	Untreated	0.163174050937378	0.163174050937378	0.10055999274378	0	0.0424132982790403	0.0224888830235757	0.193715806032733	0	0.0305417550953542	0	0.00305826468594432	0.660249469547017	0.00104476794743238	NA_[939_449.41_3.5]	NA	N-(1-hydroxypropan-2-yl)pentacosa-10,12-diynamide	[M + H3N + H]+	58	Fatty acids	Fatty amides	Ceramides	0.998	0.78	0.715
filtered	superclass	Fatty amides	NPC superclass: Fatty amides	1945	Untreated	PET	0.162549451063227	0.162549451063227	0.560203393148678	0.597831718902732	0.474922659633564	0.598874194334031	0.606849767889737	0.574977321484889	0.637472110696791	0.597831718902732	0.00304655821835962	0.663296027765377	0.00582023261174908	NA_[1945_607.61_6.8]	NA	(Z)-N-[(Z)-4-hydroxynonadec-5-en-3-yl]icos-11-enamide	[M + H3N + H]+	57	Fatty acids	Fatty amides	N-acyl ethanolamines (endocannabinoids)	0.999	0.938	0.542
filtered	superclass	Fatty amides	NPC superclass: Fatty amides	306	PS	PET	0.162532970068521	0.162532970068521	0.679562269424614	0.687467539603838	0.589855979480687	0.680578423455141	0.752388949549209	0.71698534320319	0.713321489063277	0.669854116786647	0.00304624932583775	0.666342277091214	0.00706031154147193	Jietacin B_[306_342.31_1.3]	Jietacin B	Jietacin B	[M + H3N + H]+	-1	Fatty acids	Fatty amides	Primary amides	0.992	0.734	0.478
filtered	superclass	Fatty amides	NPC superclass: Fatty amides	780	Untreated	PET	0.162476971915851	0.162476971915851	0.59475579957295	0.643799902901864	0.509449313769057	0.661966140693768	0.641477042320864	0.582056442720477	0.671926285684908	0.669714582582981	0.0030451997890284	0.669387476880243	0.00617921480490331	NA_[780_551.55_3]	NA	N-hexadecanoyl-N-(prop-2-en-1-yl)hexadecanamide	[M + H3N + H]+	99	Fatty acids	Fatty amides	N-acyl ethanolamines (endocannabinoids)	1	0.994	0.689
filtered	superclass	Fatty amides	NPC superclass: Fatty amides	561	PS	Untreated	0.162200728448095	0.162200728448095	0.119404739415778	0.0253365034538417	0.0676164032879635	0.0379077188209826	0.207997206317019	0.0158786690508858	0.0457964778689247	0	0.00304002233809604	0.672427499218339	0.00124055542476993	NA_[561_381.35_2.2]	NA	(9Z,12Z,15Z)-N-(2-hydroxyethyl)henicosa-9,12,15-trienamide	[M + H3N + H]+	18	Fatty acids	Fatty amides	N-acyl ethanolamines (endocannabinoids)	0.94	0.781	0.371
filtered	superclass	Fatty amides	NPC superclass: Fatty amides	1710	Untreated	PET	0.162036876222991	0.162036876222991	0.555289851039984	0.639388610332706	0.480846466196008	0.639898792894324	0.585936490194452	0.523111713100443	0.642883342418999	0.662908668859041	0.00303695136283454	0.675464450581173	0.00576918337075914	NA_[1710_488.46_6.3]	NA	N-[2-(5-methyl-3a,4-dihydro-1H-indol-3-yl)ethyl]icosanamide	[M + H3N + H]+	-1	Fatty acids	Fatty amides	N-acyl amines	0.987	0.948	0.253
filtered	superclass	Fatty amides	NPC superclass: Fatty amides	1412	PET	Untreated	0.16099851292269	0.16099851292269	0.14082359683522	0	0.202495584890348	0	0.128814871213874	0.00824987753165406	0.0414970719676575	0	0.00301748999753628	0.67848194057871	0.00146308662323047	NA_[1412_424.41_5.2]	NA	NA	[M - H2O + H]+	20	Fatty acids	Fatty amides	N-acyl ethanolamines (endocannabinoids)	0.999	0.984	0.734
filtered	superclass	Fatty amides	NPC superclass: Fatty amides	3150	PET	Untreated	0.160909311126201	0.160909311126201	0.0701759651725839	0	0.166666666666667	0	0.00589456849455993	0	0.00575735554046611	0	0.00301581814651241	0.681497758725222	0.000729093122343941	NA_[3150_536.58_10.1]	NA	N-hydroxy-N-octadecyloctadecan-1-amine oxide	[M - H2O + H]+	306	Fatty acids	Fatty amides	N-acyl amines	1	0.99	0.743
filtered	superclass	Fatty amides	NPC superclass: Fatty amides	691	PS	Untreated	0.160718679453298	0.160718679453298	0.23005887499354	0.138038169402931	0.192633913801102	0.140733561903894	0.308581742272932	0.135672187162486	0.147863062819634	0	0.00301224526154748	0.684510003986769	0.00239019645942119	NA_[691_523.46_2.7]	NA	N-[3-[3-(cyclopentanecarbonylamino)propyl-dodecanoylamino]propyl]cyclopentanecarboxamide	[M + H3N + H]+	-1	Fatty acids	Fatty amides	N-acyl ethanolamines (endocannabinoids)	0.999	0.911	0.736
filtered	superclass	Fatty amides	NPC superclass: Fatty amides	2251	Untreated	PET	0.160149542793199	0.160149542793199	0.253863711828056	0.201267213718843	0.175073596793702	0	0.291974112982987	0.216558737517283	0.3352231395869	0.266459620460483	0.00300157830476692	0.687511582291536	0.00263751678870888	NA_[2251_468.48_7.6]	NA	N-(1-hydroxypropan-2-yl)heptacosanamide	[M + H]+	146	Fatty acids	Fatty amides	N-acyl amines	1	0.994	0.859
filtered	superclass	Fatty amides	NPC superclass: Fatty amides	2559	PS	PET	0.159047911355291	0.159047911355291	0.519600571736035	0.542158070980675	0.442994217668353	0.382345576956708	0.602042129023645	0.589115672113556	0.507930165296177	0.449982456036728	0.00298093114607886	0.690492513437615	0.00539838963792015	NA_[2559_635.65_8.5]	NA	Bis[1-(dibutylamino)dodecyl] carbonate	[M - H2O + H]+	561	Fatty acids	Fatty amides	N-acyl ethanolamines (endocannabinoids)	0.998	0.807	0.339
filtered	superclass	Fatty amides	NPC superclass: Fatty amides	2345	PS	Untreated	0.158922015619591	0.158922015619591	0.245005995854534	0.186539881593351	0.242436334498455	0.19537641306919	0.299693108631784	0.165756891205117	0.140771093012193	0.143011950175624	0.0029785715645131	0.693471085002128	0.0025454895571619	NA_[2345_566.56_7.9]	NA	3-Hexyl-1,2-bis(9-nitrosononyl)-4-pentylcyclohexane	[M + H3N + H]+	20	Fatty acids	Fatty amides	N-acyl ethanolamines (endocannabinoids)	0.999	0.929	0.461
filtered	superclass	Fatty amides	NPC superclass: Fatty amides	1782	PS	PET	0.15846404061008	0.15846404061008	0.464817500697589	0.462286785152689	0.380784056106727	0.453628160814288	0.539248096716807	0.448240602548369	0.484023197840878	0.486506962088823	0.00296998803796223	0.696441073040091	0.00482922097430746	NA_[1782_515.49_6.5]	NA	N-[3-(pentadecanoylamino)cyclopropen-1-yl]hexadecanamide	[M - H2O + H]+	70	Fatty acids	Fatty amides	N-acyl amines	1	0.904	0.659
filtered	superclass	Fatty amides	NPC superclass: Fatty amides	665	Untreated	PS	0.15757813836733	0.15757813836733	0.175892414638513	0	0.200172297254541	0.0299970790175258	0.107179780105385	0	0.264757918472715	0	0.00295338415071034	0.699394457190801	0.001827434071908	Putative (3-hydroxyoctadecanoyl)glycine_[665_380.28_2.6]	Putative (3-hydroxyoctadecanoyl)glycine	PDEJWCOMIACOMR	[M + Na]+	211	Fatty acids	Fatty amides	N-acyl amines	0.988	0.831	0.355
filtered	superclass	Fatty amides	NPC superclass: Fatty amides	704	PS	PET	0.157024279200171	0.157024279200171	0.100919101970653	0	0.0375317721893802	0.00627847325242783	0.194556051389551	0.0266887450048429	0.0404198626954033	0	0.00294300353000392	0.702337460720805	0.00104849891239794	NA_[704_407.36_2.8]	NA	N-(5Z,8Z,11Z,14Z-tricosatetraenoyl)-ethanolamine	[M + H3N + H]+	58	Fatty acids	Fatty amides	N-acyl amines	0.996	0.934	0.304
filtered	superclass	Fatty amides	NPC superclass: Fatty amides	1865	PS	PET	0.156783190533705	0.156783190533705	0.540749818219532	0.565089407867325	0.455131600947476	0.516222529332735	0.61191479148118	0.553943828904918	0.569656306240346	0.574617213643756	0.00293848496255646	0.705275945683361	0.00561811971382225	NA_[1865_382.4_6.6]	NA	N-pentylicosanamide	[M + H]+	92	Fatty acids	Fatty amides	Primary amides	1	0.999	0.781
filtered	superclass	Fatty amides	NPC superclass: Fatty amides	1394	PS	Untreated	0.156409017609124	0.156409017609124	0.13073999711514	0	0.0768661103799583	0	0.218792260808303	0	0.0623832431991791	0.0699364723089308	0.00293147208376166	0.708207417767123	0.00135832307368329	NA_[1394_460.38_5.2]	NA	N-((1S,2R)-1,3-Dihydroxy-1-(2-tridecylcycloprop-1-en-1-yl)propan-2-yl)octanamide	[M + Na]+	363	Fatty acids	Fatty amides	N-acyl ethanolamines (endocannabinoids)	0.999	0.789	0.267
filtered	superclass	Fatty amides	NPC superclass: Fatty amides	637	Untreated	PET	0.155802644085743	0.155802644085743	0.532289097119012	0.567163926651442	0.447444597151398	0.566718720529795	0.58165452502756	0.543924555168117	0.603247241237141	0.579874536891516	0.00292010722076785	0.711127524987891	0.00553021706012466	NA_[637_547.52_2.5]	NA	3,5-Bis(1,1-dimethylethyl)-4-hydroxy-N-octadecylbenzenepropanamide	[M + H3N + H]+	99	Fatty acids	Fatty amides	N-acyl ethanolamines (endocannabinoids)	0.994	0.713	0.159
filtered	superclass	Fatty amides	NPC superclass: Fatty amides	678	PS	PET	0.155165330834361	0.155165330834361	0.180892569795753	0	0.089395650964522	0.0555067168596626	0.244560981798883	0	0.236549583451957	0.291163584517311	0.00290816247465541	0.714035687462546	0.0018793831790821	NA_[678_561.54_2.7]	NA	(Z)-N-[4-[[(Z)-hexadec-9-enoyl]amino]butyl]hexadec-9-enamide	[M + H]+	99	Fatty acids	Fatty amides	N-acyl amines	1	0.999	0.898
filtered	superclass	Fatty amides	NPC superclass: Fatty amides	841	PS	Untreated	0.155110655801374	0.155110655801374	0.231752380585805	0.168268883522815	0.172944842951069	0.187537922825096	0.322660957609421	0.161131293618259	0.167550301808047	0.131023689363685	0.00290713773621429	0.716942825198761	0.00240779113413546	N-(2R-methyl-3-hydroxy-ethyl)-16,16-dimethyl-5Z,8Z,11Z,14Z-docosatetraenoyl amine_[841_435.39_3.3]	N-(2R-methyl-3-hydroxy-ethyl)-16,16-dimethyl-5Z,8Z,11Z,14Z-docosatetraenoyl amine	(5Z,8Z,11Z,14Z)-N-[(2S)-1-hydroxypropan-2-yl]-16,16-dimethyldocosa-5,8,11,14-tetraenamide	[M + H3N + H]+	18	Fatty acids	Fatty amides	N-acyl ethanolamines (endocannabinoids)	0.987	0.854	0.386
filtered	superclass	Fatty amides	NPC superclass: Fatty amides	1640	PS	PET	0.15498377407275	0.15498377407275	0.463000961325806	0.453240214152618	0.380566642288249	0.258405632745545	0.535550416360999	0.471039536718827	0.482770689330533	0.453240214152618	0.002904759674827	0.719847584873587	0.00481034804025979	NA_[1640_561.53_6.1]	NA	1-(5-decanoyl-4-nonyl-1,4-dihydropyridin-3-yl)dodecan-1-one	[M + H3N + H]+	-1	Fatty acids	Fatty amides	N-acyl ethanolamines (endocannabinoids)	0.994	0.858	0.192
filtered	superclass	Fatty amides	NPC superclass: Fatty amides	2295	PS	PET	0.154753511486748	0.154753511486748	0.690376495734462	0.791353096765187	0.615305213658649	0.738808363991784	0.770058725145397	0.792148069633782	0.68115460106422	0.747047478730169	0.00290044401353638	0.722748028887124	0.00717266593526746	NA_[2295_424.45_7.7]	NA	1-[Docosyl(1-hydroxypropyl)amino]propan-1-ol	[M - H2O + H]+	92	Fatty acids	Fatty amides	N-acyl amines	1	0.995	0.724
filtered	superclass	Fatty amides	NPC superclass: Fatty amides	1698	PS	PET	0.154675033445663	0.154675033445663	0.302452080619437	0.279691249012452	0.232164809950259	0.236176776564471	0.386839843395922	0.276789052126556	0.27425109640482	0.308938549733793	0.00289897315085758	0.725647002037981	0.00314232559931212	NA_[1698_735.77_6.2]	NA	23-[(Dimethylamino)methyl]pentatetracontane-22,24-dione	[M + H3N + H]+	282	Fatty acids	Fatty amides	N-acyl amines	0.998	0.974	0.326
filtered	superclass	Fatty amides	NPC superclass: Fatty amides	1039	Untreated	PET	0.154069828295237	0.154069828295237	0.401393030572456	0.396412434572327	0.324588405803016	0.424941306369924	0.439565053578998	0.330598345373046	0.478658234098253	0.469261335834232	0.00288763018591513	0.728534632223897	0.00417027250323451	NA_[1039_591.58_3.8]	NA	3-(Hexadec-2-enyl)-1-octadecylpyrrolidine-2,5-dione	[M + H3N + H]+	99	Fatty acids	Fatty amides	Primary amides	1	0.99	0.534
filtered	superclass	Fatty amides	NPC superclass: Fatty amides	541	Untreated	PET	0.15341041849471	0.15341041849471	0.363344155391269	0.364719341979803	0.27621183045337	0.351433200754983	0.417337433550765	0.336630096073156	0.429622248948079	0.377789092374145	0.00287527129861085	0.731409903522507	0.00377496375130923	NA_[541_531.49_2.1]	NA	(4E,8E,12E,16E)-N-(6-methoxyhexyl)-4,8,13,17,21-pentamethyldocosa-4,8,12,16,20-pentaenamide	[M + H3N + H]+	243	Fatty acids	Fatty amides	N-acyl ethanolamines (endocannabinoids)	1	0.98	0.468
filtered	superclass	Fatty amides	NPC superclass: Fatty amides	369	PS	PET	0.152967551620261	0.152967551620261	0.738585505640284	0.764471130590278	0.656703162406781	0.760287504094496	0.809670714027042	0.803293152855618	0.760179775333773	0.715373879192074	0.00286697093397003	0.734276874456477	0.00767353339709578	NA_[369_341.32_1.4]	NA	(E)-N,N-dimethyl-18-oxooctadec-9-enamide	[M + H3N + H]+	102	Fatty acids	Fatty amides	N-acyl ethanolamines (endocannabinoids)	1	0.996	0.757
filtered	superclass	Fatty amides	NPC superclass: Fatty amides	2021	PS	PET	0.151719578000653	0.151719578000653	0.621786630429345	0.639798589230626	0.542720473567789	0.623065499487357	0.694440051568442	0.670689143692971	0.634612101874264	0.639798589230626	0.00284358097933012	0.737120455435808	0.00646005159596378	NA_[2021_396.42_7]	NA	hexacosanamide	[M + H]+	92	Fatty acids	Fatty amides	N-acyl amines	1	0.999	0.762
filtered	superclass	Fatty amides	NPC superclass: Fatty amides	1125	PS	PET	0.151266038771828	0.151266038771828	0.076664264623478	0	0.0154006278948386	0	0.166666666666667	0	0.0191867339943795	0	0.00283508058972013	0.739955536025528	0.000796503303218846	N-[1-hydroxy-3-(4-hydroxyphenyl)propan-2-yl]-9-octadecenamide_[1125_449.37_4.1]	N-[1-hydroxy-3-(4-hydroxyphenyl)propan-2-yl]-9-octadecenamide	N-[1-hydroxy-3-(4-hydroxyphenyl)propan-2-yl]-9-octadecenamide	[M + H3N + H]+	18	Fatty acids	Fatty amides	N-acyl ethanolamines (endocannabinoids)	1	0.966	0.614
filtered	superclass	Fatty amides	NPC superclass: Fatty amides	1302	PS	Untreated	0.151207120760505	0.151207120760505	0.116230379833032	0.0193413382909975	0.0579678353023904	0.0205737194126793	0.205474449773629	0.0182797606239084	0.0542673290131231	0.0507810638356813	0.0028339763279067	0.742789512353434	0.00120757541895262	NA_[1302_469.44_4.7]	NA	Tricosyl 5-oxopyrrolidine-2-carboxylate	[M + H3N + H]+	102	Fatty acids	Fatty amides	N-acyl amines	1	0.993	0.626
filtered	superclass	Fatty amides	NPC superclass: Fatty amides	663	PS	PET	0.150665904404811	0.150665904404811	0.368758898300518	0.353679896367764	0.284748841493978	0.366870337394337	0.435414745898789	0.32089407366583	0.403467316717056	0.375167218818894	0.00282383266315995	0.745613345016594	0.00383122021753217	NA_[663_535.52_2.6]	NA	N-[(E,2R,3S)-3-ethynyl-1-hydroxyoctadec-4-en-2-yl]tetradecanamide	[M + H3N + H]+	99	Fatty acids	Fatty amides	N-acyl amines	1	0.992	0.408
filtered	superclass	Fatty amides	NPC superclass: Fatty amides	669	PS	PET	0.150365915785596	0.150365915785596	0.538233459162796	0.550307204261414	0.456903509264656	0.540196385056953	0.607269425050252	0.521470646716447	0.562821427184163	0.564320393539007	0.00281821017235912	0.748431555188954	0.00559197600383405	NA_[669_511.52_2.6]	NA	N-amino-N-hydroxydotriacontanamide	[M + H]+	24	Fatty acids	Fatty amides	N-acyl amines	0.999	0.994	0.638
filtered	superclass	Fatty amides	NPC superclass: Fatty amides	603	Untreated	PET	0.149339197224421	0.149339197224421	0.493238846733764	0.499587497332998	0.410867885090575	0.506872125831736	0.542125690586336	0.46809576230144	0.560207082314997	0.516392157666584	0.00279896705680242	0.751230522245756	0.0051245045214845	NA_[603_559.52_2.4]	NA	(9Z,12Z)-N-[(9Z,12Z)-octadeca-9,12-dienoyl]octadeca-9,12-dienamide	[M + H3N + H]+	102	Fatty acids	Fatty amides	Primary amides	0.999	0.83	0.108
filtered	superclass	Fatty amides	NPC superclass: Fatty amides	2170	PS	PET	0.148958123570187	0.148958123570187	0.62659751157476	0.673556662509317	0.553426456689928	0.622543273615403	0.702384580260115	0.694011560313877	0.621365483973715	0.673556662509317	0.0027918248421378	0.754022347087894	0.00651003424097493	NA_[2170_410.44_7.4]	NA	2-(Pentacosylamino)ethane-1,1-diol	[M - H2O + H]+	92	Fatty acids	Fatty amides	N-acyl amines	1	0.997	0.724
filtered	superclass	Fatty amides	NPC superclass: Fatty amides	489	Untreated	PET	0.148510847081236	0.148510847081236	0.494062347590773	0.490777841492456	0.435839566981192	0.481121008894151	0.507141094964527	0.482446164163502	0.584350414062428	0.529188619548255	0.0027834418309718	0.756805788918866	0.00513306028284258	(4E,8E,9Me-d19:2)sphingosine_[489_334.27_1.9]	(4E,8E,9Me-d19:2)sphingosine	(4E,8E,9Me-d19:2)sphingosine	[M + Na]+	-1	Fatty acids	Fatty amides	Primary amides	0.999	0.978	0.942
filtered	superclass	Fatty amides	NPC superclass: Fatty amides	1914	PS	PET	0.148393301384923	0.148393301384923	0.101860811176878	0.0162736441554319	0.0422779043813195	0.0188919420183929	0.190671205766243	0.00627724032194763	0.0434058355892662	0.035452358252521	0.00278123874874179	0.759587027667607	0.00105828279928597	N-stearoylhexadecasphinganine_[1914_562.52_6.8]	N-stearoylhexadecasphinganine	2-Octadecanoylaminohexadecane-1,3-diol	[M + Na]+	102	Fatty acids	Fatty amides	N-acyl amines	1	0.818	0.259
filtered	superclass	Fatty amides	NPC superclass: Fatty amides	1310	PS	PET	0.148266146533007	0.148266146533007	0.358997938740467	0.317346491755244	0.281044418487113	0.305736970475281	0.429310565020119	0.282301056551624	0.374279726687872	0.371392373255216	0.00277885556838297	0.76236588323599	0.00372980873761581	NA_[1310_675.68_4.8]	NA	(E)-N-[(E)-docos-13-enoyl]docos-13-enamide	[M + H3N + H]+	153	Fatty acids	Fatty amides	N-acyl ethanolamines (endocannabinoids)	1	0.987	0.447
filtered	superclass	Fatty amides	NPC superclass: Fatty amides	1490	Untreated	PET	0.147750573335916	0.147750573335916	0.310486071347577	0.270288017603753	0.24622462188131	0.10461137649165	0.333002958879018	0.303005026491324	0.393975195217227	0.332515721329598	0.00276919251661326	0.765135075752604	0.00322579473821825	NA_[1490_498.49_5.6]	NA	N-(1,3-dihydroxypropan-2-yl)octacosanamide	[M + H]+	21	Fatty acids	Fatty amides	N-acyl amines	1	0.995	0.661
filtered	superclass	Fatty amides	NPC superclass: Fatty amides	824	Untreated	PET	0.147717823399134	0.147717823399134	0.41607225766014	0.428171446513679	0.332497492171279	0.449525034150624	0.467575494193865	0.387454093046575	0.480215315570413	0.488747628177423	0.00276857870593349	0.767903654458537	0.0043227823188763	NA_[824_589.57_3.2]	NA	1-(5-dodecanoyl-4-nonyl-1,4-dihydropyridin-3-yl)dodecan-1-one	[M + H3N + H]+	99	Fatty acids	Fatty amides	Primary amides	1	0.994	0.73
filtered	superclass	Fatty amides	NPC superclass: Fatty amides	2485	Untreated	PET	0.146938423792065	0.146938423792065	0.791295087748913	0.864999585279802	0.724286785275514	0.852624330652935	0.81833832956298	0.868529886082107	0.871225209067579	0.874987267190895	0.00275397092803714	0.770657625386574	0.00822115954947593	NA_[2485_546.54_8.3]	NA	N-[2-(2,4-dimethyl-6-tetradecylpyridin-1-ium-1-yl)ethyl]dodecanamide	[M + H3N + H]+	-1	Fatty acids	Fatty amides	N-acyl amines	0.97	0.845	0.334
filtered	superclass	Fatty amides	NPC superclass: Fatty amides	737	PS	PET	0.146737315012811	0.146737315012811	0.0820814424929518	0	0.0199293516538555	0	0.166666666666667	0	0.0372151758237145	0	0.00275020167750931	0.773407827064084	0.000852785067458693	NA_[737_421.38_2.8]	NA	N-(5Z,8Z,11Z,14Z-tetracosatetraenoyl)-ethanolamine	[M + H3N + H]+	18	Fatty acids	Fatty amides	N-acyl ethanolamines (endocannabinoids)	0.983	0.843	0.448
filtered	superclass	Fatty amides	NPC superclass: Fatty amides	650	PET	PS	0.146470577640551	0.146470577640551	0.192335323298325	0.07844531966488	0.277431319939956	0.107394978887683	0.130960742299405	0.0687556144250803	0.144892492012904	0.07844531966488	0.00274520239311747	0.776153029457201	0.00199826765553903	Kalihinol A_[650_415.21_2.5]	Kalihinol A	Kalihinol A	[M + Na]+	186	Fatty acids	Fatty amides	N-acyl amines	0.992	0.811	0.134
filtered	superclass	Fatty amides	NPC superclass: Fatty amides	588	PS	PET	0.146448506349562	0.146448506349562	0.310426923812376	0.300076578827214	0.224370088328432	0.293774395914925	0.370818594677994	0.270666941147951	0.361757253049029	0.327643883329289	0.00274478872532275	0.778897818182524	0.00322518022495844	1,1'-(1,4-Dihydro-4-nonyl-3,5-pyridinediyl)bis[1-decanone]_[588_533.5_2.3]	1,1'-(1,4-Dihydro-4-nonyl-3,5-pyridinediyl)bis[1-decanone]	1-(5-decanoyl-4-nonyl-1,4-dihydropyridin-3-yl)decan-1-one	[M + H3N + H]+	99	Fatty acids	Fatty amides	N-acyl ethanolamines (endocannabinoids)	0.999	0.957	0.443
filtered	superclass	Fatty amides	NPC superclass: Fatty amides	1971	PS	PET	0.146220269163681	0.146220269163681	0.119085486635527	0.0311463247619952	0.0574676232050905	0.0295951999784349	0.203687892368772	0.0312923130583184	0.0731164020299087	0.0427614939393189	0.00274051102478405	0.781638329207308	0.00123723854831802	N-stearoylhexadecasphinganine_[1971_562.52_6.9]	N-stearoylhexadecasphinganine	2-Octadecanoylaminohexadecane-1,3-diol	[M + Na]+	102	Fatty acids	Fatty amides	N-acyl amines	1	0.938	0.243
filtered	superclass	Fatty amides	NPC superclass: Fatty amides	1228	PET	Untreated	0.145883985202465	0.145883985202465	0.264418517587465	0.21483898441014	0.295789992429635	0.196957965556131	0.290303297925442	0.262031340159534	0.149906007227171	0.0365990057663614	0.00273420827408852	0.784372537481396	0.00274717593294631	NA_[1228_454.44_4.5]	NA	N-[3-amino-1-(dodecanoylamino)propyl]dodecanamide	[M + H]+	-1	Fatty acids	Fatty amides	N-acyl ethanolamines (endocannabinoids)	0.984	0.727	0.516
filtered	superclass	Fatty amides	NPC superclass: Fatty amides	849	PS	PET	0.145806631463926	0.145806631463926	0.127286550750504	0.0348030700497413	0.0674324066822945	0.0231233841779848	0.213239038146221	0.0565773412951494	0.0750898640954901	0.0348030700497413	0.00273275848347819	0.787105295964874	0.00132244349601524	NA_[849_451.39_3.3]	NA	(Z)-N-[(4E,8E,12E)-1,3-dihydroxytetradeca-4,8,12-trien-2-yl]tridec-9-enamide	[M + H3N + H]+	58	Fatty acids	Fatty amides	N-acyl amines	0.999	0.943	0.358
filtered	superclass	Fatty amides	NPC superclass: Fatty amides	1286	PS	PET	0.145519373746807	0.145519373746807	0.512329915345414	0.528080383398897	0.428170799430831	0.501348918334506	0.573690173177638	0.525845601049846	0.55792763151013	0.596933877122787	0.00272737459966221	0.789832670564537	0.00532285116037601	NA_[1286_445.42_4.7]	NA	N-(2-pyridin-4-ylethyl)docosanamide	[M + H]+	70	Fatty acids	Fatty amides	N-acyl amines	0.998	0.99	0.566
filtered	superclass	Fatty amides	NPC superclass: Fatty amides	1946	Untreated	PET	0.145216210274425	0.145216210274425	0.691011016201015	0.729069907559983	0.626319343815374	0.760311257295202	0.715440419642263	0.706895799821674	0.771535554089799	0.729069907559983	0.0027216926046616	0.792554363169198	0.00717925828504152	NA_[1946_564.55_6.8]	NA	(E)-N-[1-[[(E)-hexadec-9-enoyl]amino]propyl]hexadec-9-enamide	[M + H3N + H]+	57	Fatty acids	Fatty amides	N-acyl ethanolamines (endocannabinoids)	0.998	0.947	0.55
filtered	superclass	Fatty amides	NPC superclass: Fatty amides	674	PS	PET	0.144635410215137	0.144635410215137	0.447067948157928	0.432366522668855	0.373055772519471	0.443111278343922	0.517691182734608	0.411598155465169	0.453845830281482	0.453272420248268	0.00271080704840611	0.795265170217604	0.00464481201534946	NA_[674_523.52_2.6]	NA	N-(2-methylprop-2-enoyl)nonacosanamide	[M + H3N + H]+	-1	Fatty acids	Fatty amides	Ceramides	1	0.95	0.58
filtered	superclass	Fatty amides	NPC superclass: Fatty amides	1420	PS	PET	0.144544998547766	0.144544998547766	0.226883044241054	0.23229453442677	0.152183270383194	0.129455435525729	0.296728268930959	0.213710450318651	0.236592142576963	0.23229453442677	0.00270911252156235	0.797974282739167	0.00235720116888729	NA_[1420_487.48_5.3]	NA	N-(1,3-dihydroxytricosan-2-yl)hexanamide	[M + H3N + H]+	42	Fatty acids	Fatty amides	Ceramides	0.999	0.798	0.386
filtered	superclass	Fatty amides	NPC superclass: Fatty amides	1027	PS	Untreated	0.144414295193539	0.144414295193539	0.15721645882566	0.0975165405194773	0.0999056927408535	0.0986173978759033	0.243561734613377	0.0846329652489722	0.099147439419838	0.103004830505564	0.00270666283394187	0.800680945573109	0.00163340024703842	NA_[1027_441.4_3.8]	NA	2-(Docos-13-enoylamino)ethyl acetate	[M + H3N + H]+	102	Fatty acids	Fatty amides	N-acyl amines	0.999	0.948	0.37
filtered	superclass	Fatty amides	NPC superclass: Fatty amides	473	Untreated	PET	0.14400404631931	0.14400404631931	0.530520154078775	0.549247212289408	0.456842329607816	0.574300757113887	0.569034867625557	0.510201677182321	0.600846375927126	0.554946662668186	0.00269897380717997	0.803379919380289	0.00551183862811759	NA_[473_455.46_1.9]	NA	NA	[M + H]+	24	Fatty acids	Fatty amides	N-acyl ethanolamines (endocannabinoids)	0.996	0.958	0.576
filtered	superclass	Fatty amides	NPC superclass: Fatty amides	1175	PET	Untreated	0.14350261404625	0.14350261404625	0.343669842728235	0.195017952236289	0.428386547949325	0.378656892528755	0.288346091919724	0.298817418931099	0.284883933903075	0	0.00268957578951552	0.806069495169804	0.00357055749890948	NA_[1175_543.47_4.3]	NA	ethyl N-(27-amino-3,26-dihydroxy-11-oxooctacosan-2-yl)carbamate	[M + H]+	-1	Fatty acids	Fatty amides	N-acyl amines	1	0.9	0.63
filtered	superclass	Fatty amides	NPC superclass: Fatty amides	641	Untreated	PET	0.142343513696213	0.142343513696213	0.604887283351788	0.644239081083181	0.52717467812268	0.64191380611743	0.650284434347342	0.61401537594585	0.669518191818893	0.678064275695002	0.00266785152853394	0.808737346698338	0.00628447584583268	NA_[641_535.52_2.5]	NA	(Z)-3-oxo-2-[(Z)-tetradec-7-enyl]icos-11-enamide	[M + H3N + H]+	-1	Fatty acids	Fatty amides	Primary amides	1	0.987	0.705
filtered	superclass	Fatty amides	NPC superclass: Fatty amides	479	PS	Untreated	0.142238742450071	0.142238742450071	0.343263109732544	0.263447124686544	0.317449423052942	0.260690510480963	0.407885148335635	0.396968320596352	0.265646405885564	0.211480609051378	0.00266588786948192	0.81140323456782	0.00356633174684381	NA_[479_371.33_1.9]	NA	N-(1,3-dihydroxypropan-2-yl)octadeca-9,12-dienamide	[M + H3N + H]+	102	Fatty acids	Fatty amides	N-acyl amines	1	0.994	0.834
filtered	superclass	Fatty amides	NPC superclass: Fatty amides	1036	PS	PET	0.142161409433404	0.142161409433404	0.365500227395675	0.282626072290878	0.303445359173651	0.275644582289742	0.445606768607055	0.27825978806649	0.329396881416963	0.416261508583915	0.00266443846724809	0.814067673035068	0.00379736425931541	NA_[1036_418.33_3.8]	NA	N-[(2S,3R)-1,3-dihydroxyoctadec-4-yn-2-yl]hexanamide	[M + Na]+	363	Fatty acids	Fatty amides	N-acyl amines	1	0.992	0.724
filtered	superclass	Fatty amides	NPC superclass: Fatty amides	745	Untreated	PET	0.141886161777797	0.141886161777797	0.260270778418643	0.152148587829336	0.191447171555536	0.165671930889015	0.292563107824405	0.155176318073179	0.333333333333333	0	0.0026592796801726	0.816726952715241	0.00270408300086013	NA_[745_408.29_2.9]	NA	2-(Hexadecylthio)ethyl nicotinate	[M + H]+	-1	Fatty acids	Fatty amides	Primary amides	1	0.894	0.259
filtered	superclass	Fatty amides	NPC superclass: Fatty amides	522	PS	PET	0.141709634778175	0.141709634778175	0.282688044053235	0.256521249260984	0.201855357993263	0.239980099149577	0.343564992771438	0.225048910205111	0.322599518736777	0.256521249260984	0.00265597114988878	0.819382923865129	0.00293698716050714	NA_[522_555.49_2]	NA	(9Z,12Z,15Z)-N-[(9Z,12Z,15Z)-octadeca-9,12,15-trienoyl]octadeca-9,12,15-trienamide	[M + H3N + H]+	102	Fatty acids	Fatty amides	N-acyl ethanolamines (endocannabinoids)	0.996	0.945	0.298
filtered	superclass	Fatty amides	NPC superclass: Fatty amides	1043	Untreated	PET	0.141684076967105	0.141684076967105	0.437924964475178	0.438527846671356	0.354577133623252	0.456805162469821	0.492104672269515	0.399760528468623	0.496261210590357	0.506132116867526	0.00265549213652484	0.822038416001654	0.00454982099521312	NA_[1043_619.61_3.8]	NA	(E)-N-[(E)-octadec-9-enoyl]docos-13-enamide	[M + H3N + H]+	99	Fatty acids	Fatty amides	Primary amides	1	0.987	0.471
filtered	superclass	Fatty amides	NPC superclass: Fatty amides	755	PS	PET	0.141635333598192	0.141635333598192	0.603713393916738	0.635184732545574	0.523823959773956	0.662201385550673	0.665459293372147	0.617503884547325	0.640000463291485	0.635184732545574	0.00265457857139017	0.824692994573044	0.00627227972268166	NA_[755_563.55_2.9]	NA	N-octadec-9-enoyloctadec-9-enamide	[M + H3N + H]+	99	Fatty acids	Fatty amides	Primary amides	1	0.99	0.679
filtered	superclass	Fatty amides	NPC superclass: Fatty amides	289	PS	Untreated	0.14121178865182	0.14121178865182	0.281012332693744	0.217592973594616	0.229093876085471	0.246440841288272	0.362695233316532	0.232560085157055	0.221483444664713	0.217592973594616	0.00264664034503028	0.827339634918075	0.00291957735895708	N-[(9Z)-hexadecenoyl]glycinate_[289_334.24_1.2]	N-[(9Z)-hexadecenoyl]glycinate	Palmitoleoylglycine	[M + Na]+	-1	Fatty acids	Fatty amides	Nitro fatty acids	0.994	0.84	0.406
filtered	superclass	Fatty amides	NPC superclass: Fatty amides	463	PS	Untreated	0.140448518833272	0.140448518833272	0.312168230229948	0.141374353220518	0.261376566325749	0.20200669833531	0.392845512443838	0.307501203679286	0.252396993610565	0.141374353220518	0.00263233487722765	0.829971969795302	0.00324327152630104	NA_[463_358.33_1.8]	NA	N,N-Bis(2-hydroxyethyl)heptadecanamide	[M + H]+	159	Fatty acids	Fatty amides	N-acyl ethanolamines (endocannabinoids)	1	0.906	0.259
filtered	superclass	Fatty amides	NPC superclass: Fatty amides	2489	Untreated	PET	0.140161857444557	0.140161857444557	0.746141462676892	0.846193673240613	0.693327771076809	0.84495024159768	0.755281071354738	0.820986066057373	0.833489628521366	0.863416639520328	0.00262696217000555	0.832598931965308	0.0077520360054257	NA_[2489_589.6_8.3]	NA	5-(4-cyclodecylcyclononyl)-N-(cycloundecylmethyl)octanamide	[M + H3N + H]+	57	Fatty acids	Fatty amides	N-acyl amines	0.997	0.981	0.467
filtered	superclass	Fatty amides	NPC superclass: Fatty amides	177	PS	PET	0.139907315531432	0.139907315531432	0.728048740355866	0.783823232011362	0.670218111344753	0.769924376648682	0.810125426876184	0.821866326998979	0.679556625337456	0.806705443934267	0.00262219145714077	0.835221123422449	0.00756406168435584	N-oleoylglycinate_[177_357.31_0.8]	N-oleoylglycinate	Elmiric Acid	[M + H3N + H]+	509	Fatty acids	Fatty amides	N-acyl ethanolamines (endocannabinoids)	0.998	0.704	0.176
filtered	superclass	Fatty amides	NPC superclass: Fatty amides	671	PS	PET	0.139682761655723	0.139682761655723	0.536065241829051	0.539534531065953	0.453113670682954	0.551905793539331	0.592796432338677	0.494533284520264	0.588506003101992	0.623251950103962	0.00261798279047945	0.837839106212928	0.00556944931194043	NA_[671_297.29_2.6]	NA	Octadecadienamide	[M + H3N + H]+	-1	Fatty acids	Fatty amides	Primary amides	1	0.999	0.995
filtered	superclass	Fatty amides	NPC superclass: Fatty amides	1214	Untreated	PET	0.139167662547819	0.139167662547819	0.155727777297474	0	0.102045963535406	0	0.166666666666667	0	0.241213626083225	0	0.00260832862425379	0.840447434837182	0.00161793359173997	NA_[1214_544.47_4.4]	NA	2-[3-[3-[(2-Aminopiperidin-1-ium-4-yl)methyl]-1-hydroxycyclopentyl]-1-hydroxypropyl]-9-hydroxyhexadecanoate	[M + H3N + H]+	-1	Fatty acids	Fatty amides	N-acyl amines	0.998	0.713	0.2
filtered	superclass	Fatty amides	NPC superclass: Fatty amides	1078	PS	PET	0.139152623706239	0.139152623706239	0.0946789146016078	0	0.037545837487339	0	0.176698461193578	0	0.0449059756462041	0	0.00260804676106626	0.843055481598248	0.000983666491757635	NA_[1078_433.38_4]	NA	(9Z,12Z)-N-[(3-methoxy-6-methylcyclohexa-2,4-dien-1-yl)methyl]octadeca-9,12-dienamide	[M + H3N + H]+	18	Fatty acids	Fatty amides	N-acyl ethanolamines (endocannabinoids)	0.999	0.976	0.548
filtered	superclass	Fatty amides	NPC superclass: Fatty amides	1059	PS	PET	0.138616796785758	0.138616796785758	0.150506016701278	0.0669482139523077	0.0943588199511782	0.0784941670687856	0.232975616736937	0.0630140992999199	0.0978612101301594	0.0923249929576688	0.00259800410698449	0.845653485705233	0.00156368211507199	NA_[1059_441.41_3.9]	NA	N-[(1S,2R)-1-(Hydroxymethyl)-2-hydroxy-3-heptadecynyl]octanamide	[M + H3N + H]+	102	Fatty acids	Fatty amides	N-acyl ethanolamines (endocannabinoids)	1	0.801	0.285
filtered	superclass	Fatty amides	NPC superclass: Fatty amides	519	PS	PET	0.138107945211101	0.138107945211101	0.29298140661478	0.233287080887598	0.233326436854781	0.250298147487628	0.371434382065883	0.27713093940931	0.255385395232573	0.158042866612479	0.0025884670341949	0.848241952739428	0.00304393004089301	linoleoyl ethanolamide_[519_341.32_2]	linoleoyl ethanolamide	N-(2-hydroxyethyl)octadeca-9,12-dienamide	[M + H3N + H]+	102	Fatty acids	Fatty amides	Primary amides	1	0.982	0.742
filtered	superclass	Fatty amides	NPC superclass: Fatty amides	327	Untreated	PET	0.137720768634496	0.137720768634496	0.425771807879903	0.466750877910616	0.351196190669042	0.273296224710431	0.468774849378947	0.517635085230194	0.488916959303539	0.466750877910616	0.00258121043644144	0.850823163175869	0.00442355578651108	N-myristoyl lysine_[327_374.34_1.3]	N-myristoyl lysine	Myristoyl lysine	[M + H3N + H]+	-1	Fatty acids	Fatty amides	N-acyl amines	0.999	0.972	0.519
filtered	superclass	Fatty amides	NPC superclass: Fatty amides	456	PS	Untreated	0.135173494960789	0.135173494960789	0.351318573104573	0.338750677982125	0.304077422129532	0.344335268359978	0.427870505408196	0.322118333545521	0.292697010447407	0.338750677982125	0.0025334685493155	0.853356631725185	0.00365002397576287	NA_[456_512.44_1.7]	NA	3-Octacosylpyrrole-2,5-dione	[M + Na]+	166	Fatty acids	Fatty amides	N-acyl ethanolamines (endocannabinoids)	0.999	0.762	0.389
filtered	superclass	Fatty amides	NPC superclass: Fatty amides	575	PET	Untreated	0.133662319882486	0.133662319882486	0.544400975534118	0.588104808325185	0.599324655060069	0.738813399494245	0.528846616186435	0.528627596348465	0.465662335177583	0.555464876389284	0.00250514558160278	0.855861777306787	0.00565605340921374	NA_[575_359.33_2.3]	NA	12-hydroxy-N-(2-hydroxyethyl)octadec-9-enamide	[M + H3N + H]+	631	Fatty acids	Fatty amides	Nitro fatty acids	1	0.837	0.738
filtered	superclass	Fatty amides	NPC superclass: Fatty amides	483	PS	Untreated	0.133295285823251	0.133295285823251	0.331291604904213	0.288454363940619	0.287934295605084	0.280388368854883	0.404628239711382	0.357327553129786	0.271332953888131	0.215748950241405	0.00249826650189955	0.858360043808687	0.00344195380899888	N-(11Z,14Z)-eicosadienoylethanolamine_[483_369.35_1.9]	N-(11Z,14Z)-eicosadienoylethanolamine	N-(2-hydroxyethyl)icosa-11,14-dienamide	[M + H3N + H]+	102	Fatty acids	Fatty amides	N-acyl ethanolamines (endocannabinoids)	1	0.993	0.934
filtered	superclass	Fatty amides	NPC superclass: Fatty amides	944	PS	PET	0.131769235787545	0.131769235787545	0.420478817867508	0.412931126075366	0.345862599038705	0.37244879882324	0.47763183482625	0.402441641031749	0.455405221607631	0.474127105302503	0.0024696647425734	0.86082970855126	0.00436856427189234	NA_[944_325.32_3.6]	NA	Icosa-2,4-dienamide	[M + H3N + H]+	24	Fatty acids	Fatty amides	Primary amides	0.999	0.997	0.981
filtered	superclass	Fatty amides	NPC superclass: Fatty amides	873	Untreated	PET	0.130082951135467	0.130082951135467	0.410421607500347	0.43568050779844	0.337942761346774	0.444612353119959	0.454098401162973	0.359799970722468	0.468025712482241	0.456394342367719	0.00243805981046395	0.863267768361724	0.0042640748945018	NA_[873_577.57_3.4]	NA	N-methyl-N-octadec-9-enoyloctadec-9-enamide	[M + H3N + H]+	99	Fatty acids	Fatty amides	N-acyl ethanolamines (endocannabinoids)	0.999	0.962	0.373
filtered	superclass	Fatty amides	NPC superclass: Fatty amides	514	PS	Untreated	0.129473717976449	0.129473717976449	0.205847641826671	0.130723094664939	0.169341626051951	0.134174626132186	0.273342891668634	0.11144392173013	0.143869173692184	0.176667273730997	0.00242664135118671	0.865694409712911	0.00213865387583124	NA_[514_503.38_2]	NA	NA	[M + Na]+	154	Fatty acids	Fatty amides	N-acyl ethanolamines (endocannabinoids)	0.996	0.868	0.235
filtered	superclass	Fatty amides	NPC superclass: Fatty amides	831	PS	PET	0.128221406836672	0.128221406836672	0.273733226007139	0.245868928440026	0.203274379214184	0.273590259037841	0.331495786050856	0.200600153817714	0.299125799505616	0.342664448753849	0.00240317010123861	0.868097579814149	0.00284395108707098	NA_[831_615.58_3.2]	NA	(E)-1-[1-[(E)-octadec-9-enoyl]-2,5-dihydropyrrol-2-yl]octadec-9-en-1-one	[M + H3N + H]+	99	Fatty acids	Fatty amides	N-acyl ethanolamines (endocannabinoids)	0.998	0.952	0.236
filtered	superclass	Fatty amides	NPC superclass: Fatty amides	3102	PET	Untreated	0.127948878014145	0.127948878014145	0.197792109996579	0.154282293445288	0.267673652937304	0.1565591334775	0.156944234592565	0.144148566260433	0.139724774923159	0.121388497818772	0.00239806227147616	0.870495642085626	0.00205496093566721	NA_[3102_536.58_9.8]	NA	N-hydroxy-N-octadecyloctadecan-1-amine oxide	[M - H2O + H]+	306	Fatty acids	Fatty amides	N-acyl amines	1	0.992	0.829
filtered	superclass	Fatty amides	NPC superclass: Fatty amides	2869	PET	PS	0.127738984009942	0.127738984009942	0.261384519133215	0	0.321370871731209	0.183305958545192	0.193631887721267	0	0.276917076761121	0.0493593271207639	0.00239412836521375	0.872889770450839	0.00271565420893787	NA_[2869_593.63_9.2]	NA	N-[3-(Octadecylamino)propyl]octadecanamide	[M + H]+	57	Fatty acids	Fatty amides	N-acyl amines	0.996	0.999	0.955
filtered	superclass	Fatty amides	NPC superclass: Fatty amides	486	Untreated	PET	0.125920837356395	0.125920837356395	0.281204005736824	0.233287163703816	0.212482130133355	0.233458302919487	0.321326400463831	0.180501534527884	0.338402967489749	0.306919176864748	0.00236005202971513	0.875249822480555	0.00292156874585293	NA_[486_505.47_1.9]	NA	N-[2-(4-hydroxyphenyl)ethyl]tetracosanamide	[M + H3N + H]+	-1	Fatty acids	Fatty amides	N-acyl ethanolamines (endocannabinoids)	0.997	0.912	0.488
filtered	superclass	Fatty amides	NPC superclass: Fatty amides	255	PS	PET	0.125858240399523	0.125858240399523	0.350818566551263	0.291385744766182	0.298914956765592	0.328484584497794	0.424773197165116	0.363334709112322	0.306716524894897	0.260257171332444	0.00235887881582758	0.877608701296382	0.00364482915816045	N-linoleoylglycine(1-)_[255_355.3_1]	N-linoleoylglycine(1-)	2-(octadeca-9,12-dienamido)acetic acid	[M + H3N + H]+	96	Fatty acids	Fatty amides	Primary amides	0.992	0.757	0.533
filtered	superclass	Fatty amides	NPC superclass: Fatty amides	189	Untreated	PET	0.124906280033516	0.124906280033516	0.215057273943033	0.0349297593891282	0.187259297839192	0.0174648796945641	0.194301098082036	0.0859966821021463	0.312165577872708	0	0.00234103684430665	0.879949738140689	0.00223433733980418	NA_[189_479.35_0.9]	NA	3-hydroxy-8-[4-(5-hydroxy-6-methylpiperidin-2-yl)cyclohexyl]-3-{[(4-hydroxybutan-2-yl)amino]methyl}octanoic acid	[M + Na]+	31	Fatty acids	Fatty amides	N-acyl amines	0.919	0.762	0.142
filtered	superclass	Fatty amides	NPC superclass: Fatty amides	1060	PS	PET	0.122902996556508	0.122902996556508	0.184804586556249	0.0918831682958131	0.131519711686681	0.105600332715026	0.254422708243189	0.0901183963879234	0.152138092921504	0.142438979711703	0.00230349061021812	0.882253228750907	0.00192002707343477	NA_[1060_454.4_3.9]	NA	1-Isocyanato-12-(12-isocyanatododecoxy)dodecane	[M + H3N + H]+	-1	Fatty acids	Fatty amides	N-acyl amines	0.999	0.917	0.305
filtered	superclass	Fatty amides	NPC superclass: Fatty amides	775	PS	PET	0.122812598869604	0.122812598869604	0.304125811597141	0.315665109989792	0.233683216506837	0.30604822137475	0.356495815376442	0.22276947163602	0.340270994219149	0.322090863171178	0.00230179634540113	0.884555025096308	0.00315971482568753	NA_[775_561.54_2.9]	NA	N-(18-oxooctadeca-6,9-dienyl)octadec-9-enamide	[M + H3N + H]+	99	Fatty acids	Fatty amides	N-acyl ethanolamines (endocannabinoids)	1	0.997	0.476
filtered	superclass	Fatty amides	NPC superclass: Fatty amides	1798	PS	PET	0.122364625369651	0.122364625369651	0.469868875885859	0.473788668855393	0.402865569988866	0.406050190207301	0.525230195358517	0.450001834572205	0.49315284873453	0.518390839170209	0.00229340027061305	0.886848425366921	0.00488170223194445	NA_[1798_368.39_6.5]	NA	Tetracosanimidate	[M + H]+	58	Fatty acids	Fatty amides	Primary amides	0.999	0.999	0.819
filtered	superclass	Fatty amides	NPC superclass: Fatty amides	1731	PS	Untreated	0.121915607764047	0.121915607764047	0.132705682368361	0	0.0866110429685795	0.0247702423659119	0.204073977889564	0.0234998269523004	0.0821583701255166	0	0.00228498462683453	0.889133409993756	0.00137874555872202	Cer(d16:1/18:0)_[1731_560.5_6.3]	Cer(d16:1/18:0)	N-(octadecanoyl)-hexadecasphing-4-enine	[M + Na]+	102	Fatty acids	Fatty amides	N-acyl ethanolamines (endocannabinoids)	1	0.874	0.325
filtered	superclass	Fatty amides	NPC superclass: Fatty amides	768	PS	PET	0.121719357261167	0.121719357261167	0.56715353985399	0.582117289271326	0.499135958472917	0.616164319646392	0.620855315734084	0.563985136331068	0.595785150855947	0.604015076930143	0.00228130643180837	0.891414716425564	0.00589244115422743	NA_[768_566.56_2.9]	NA	9-methyl-N-(2-methyloctyl)-N'-[(E)-oct-1-enyl]heptadecanediamide	[M + H3N + H]+	345	Fatty acids	Fatty amides	N-acyl amines	0.999	0.98	0.321
filtered	superclass	Fatty amides	NPC superclass: Fatty amides	1639	PS	Untreated	0.120691651836964	0.120691651836964	0.17848633849972	0.0941595972281899	0.146487360519204	0.0782316319747039	0.240049541099052	0.130092699825395	0.119357889262088	0.0611967344830022	0.00226204482012233	0.893676761245686	0.00185438364135729	N-(2R-methyl-3-hydroxy-ethyl)-16,16-dimethyl-5Z,8Z,11Z,14Z-docosatetraenoyl amine_[1639_435.39_6.1]	N-(2R-methyl-3-hydroxy-ethyl)-16,16-dimethyl-5Z,8Z,11Z,14Z-docosatetraenoyl amine	(5Z,8Z,11Z,14Z)-N-[(2S)-1-hydroxypropan-2-yl]-16,16-dimethyldocosa-5,8,11,14-tetraenamide	[M + H3N + H]+	18	Fatty acids	Fatty amides	N-acyl ethanolamines (endocannabinoids)	0.996	0.918	0.321
filtered	superclass	Fatty amides	NPC superclass: Fatty amides	2409	PS	PET	0.120206517387742	0.120206517387742	0.719478091424842	0.840200837827038	0.662350275823634	0.82883223356157	0.782556793211377	0.866569966059531	0.707576319054188	0.831514826658292	0.00225295226192777	0.895929713507614	0.00747501693556947	NA_[2409_438.47_8]	NA	3-dodecoxy-N-tetradecoxypropan-1-amine	[M - H2O + H]+	92	Fatty acids	Fatty amides	N-acyl amines	1	0.991	0.689
filtered	superclass	Fatty amides	NPC superclass: Fatty amides	1600	PS	Untreated	0.120177123456138	0.120177123456138	0.162819435403766	0.0765631340289138	0.124464594937664	0.0500961118667503	0.22844837019988	0.108747838993244	0.108271246743742	0.0241344067419986	0.00225240135066161	0.898182114858276	0.00169161236678205	N-(2R-methyl-3-hydroxy-ethyl)-16,16-dimethyl-5Z,8Z,11Z,14Z-docosatetraenoyl amine_[1600_435.39_6]	N-(2R-methyl-3-hydroxy-ethyl)-16,16-dimethyl-5Z,8Z,11Z,14Z-docosatetraenoyl amine	(5Z,8Z,11Z,14Z)-N-[(2S)-1-hydroxypropan-2-yl]-16,16-dimethyldocosa-5,8,11,14-tetraenamide	[M + H3N + H]+	18	Fatty acids	Fatty amides	N-acyl ethanolamines (endocannabinoids)	0.988	0.773	0.218
filtered	superclass	Fatty amides	NPC superclass: Fatty amides	1938	PET	PS	0.120112399423968	0.120112399423968	0.100074576863324	0	0.166666666666667	0	0.0465542672426991	0	0.0739310164978882	0	0.00225118827039069	0.900433303128666	0.00103972471961148	NA_[1938_503.32_6.8]	NA	Unk-Val-Ser-Lys-NH2	[M + H]+	8	Fatty acids	Fatty amides	N-acyl amines	0.542	0.782	0.43
filtered	superclass	Fatty amides	NPC superclass: Fatty amides	2232	PS	PET	0.119962643044212	0.119962643044212	0.363837626003807	0.335540261220191	0.310937727294637	0.332712764674745	0.430900370338848	0.32424202197901	0.335511934752067	0.335540261220191	0.00224838148435411	0.902681684613021	0.00378009066376131	NA_[2232_582.59_7.5]	NA	N-[3-(heptadec-1-en-2-ylamino)-2-hydroxypropyl]hexadecanamide	[M + H3N + H]+	-1	Fatty acids	Fatty amides	N-acyl amines	1	0.973	0.311
filtered	superclass	Fatty amides	NPC superclass: Fatty amides	195	PS	PET	0.119727809236703	0.119727809236703	0.425928556425471	0.398872102440975	0.370155935800494	0.374358284430794	0.489883745037197	0.417871436343697	0.409563420451972	0.349416552090132	0.00224398014764374	0.904925664760664	0.00442518432537377	NA_[195_332.22_0.9]	NA	18-Amino-18-oxooctadeca-9,12-dienoic acid	[M + Na]+	24	Fatty acids	Fatty amides	Nitro fatty acids	0.993	0.841	0.38
filtered	superclass	Fatty amides	NPC superclass: Fatty amides	748	PS	PET	0.118807621318754	0.118807621318754	0.350417657462489	0.364024317325679	0.284447092981705	0.373204473536756	0.403254714300459	0.22712766231678	0.376684672748118	0.398971597156604	0.00222673366636974	0.907152398427034	0.00364066391357007	NA_[748_561.54_2.9]	NA	1-(5-decanoyl-4-nonyl-1,4-dihydropyridin-3-yl)dodecan-1-one	[M + H3N + H]+	99	Fatty acids	Fatty amides	Primary amides	1	0.982	0.505
filtered	superclass	Fatty amides	NPC superclass: Fatty amides	356	PS	Untreated	0.118447459509124	0.118447459509124	0.456485019231873	0.457475087742069	0.450982801831887	0.504683174452655	0.499635650668238	0.435166468082648	0.381188191159115	0.457475087742069	0.00221998338875335	0.909372381815787	0.00474265066617175	Linoleyl hydroxamic acid_[356_334.21_1.4]	Linoleyl hydroxamic acid	(9Z,12Z)-N-hydroxyoctadeca-9,12-dienamide	[M + K]+	102	Fatty acids	Fatty amides	Primary amides	1	0.992	0.945
filtered	superclass	Fatty amides	NPC superclass: Fatty amides	361	PS	Untreated	0.118182657207227	0.118182657207227	0.375467260414889	0.353818249014069	0.336680914537335	0.35094480611311	0.440719043402335	0.336098847051938	0.322536386195107	0.353818249014069	0.00221502037212176	0.911587402187909	0.0039009167392366	NA_[361_280.24_1.4]	NA	N-[2-(2-oxoimidazolidin-1-yl)ethyl]undecanamide	[M - H2O + H]+	3	Fatty acids	Fatty amides	Primary amides	0.928	0.927	0.554
filtered	superclass	Fatty amides	NPC superclass: Fatty amides	742	PS	Untreated	0.117443642912549	0.117443642912549	0.122997385421874	0	0.0978159078587376	0	0.178932918101481	0	0.0614892751889315	0	0.00220116950976443	0.913788571697674	0.0012778812169784	(4E,8E,10E-d18:3)sphingosine_[742_318.24_2.9]	(4E,8E,10E-d18:3)sphingosine	2-aminooctadeca-4,8,10-triene-1,3-diol	[M + Na]+	-1	Fatty acids	Fatty amides	Primary amides	1	0.922	0.789
filtered	superclass	Fatty amides	NPC superclass: Fatty amides	248	PS	PET	0.117152681127799	0.117152681127799	0.590563001363106	0.609821560110582	0.534464684321867	0.618650587430761	0.651617365449665	0.663259354715103	0.580650907272465	0.585672876747008	0.00219571620302753	0.915984287900701	0.00613565373195397	NA_[248_313.28_1.1]	NA	Methyl 16-cyanohexadecanoate	[M + H3N + H]+	102	Fatty acids	Fatty amides	Primary amides	0.992	0.811	0.329
filtered	superclass	Fatty amides	NPC superclass: Fatty amides	1217	Untreated	PET	0.114547484696401	0.114547484696401	0.274957488182513	0.228585386623424	0.206882593237317	0.222651867554915	0.319796088252107	0.191464150246324	0.321430077933718	0.297641381533963	0.0021468887074771	0.918131176608178	0.00285667055775892	C20 sphingosine_[1217_310.31_4.4]	C20 sphingosine	C20 Sphingosine	[M - H2O + H]+	-1	Fatty acids	Fatty amides	Sphingoid bases	0.993	0.905	0.674
filtered	superclass	Fatty amides	NPC superclass: Fatty amides	3458	PS	PET	0.113424221448956	0.113424221448956	0.222581782050196	0	0.166666666666667	0	0.280090888115623	0.197638199650558	0.219393800686399	0	0.00212583611790819	0.920257012726086	0.00231251320951202	NA_[3458_702.75_11.6]	NA	2-[(E)-hexadec-7-enyl]dotriacontanamide	[M + H]+	619	Fatty acids	Fatty amides	Primary amides	0.986	0.931	0.468
filtered	superclass	Fatty amides	NPC superclass: Fatty amides	698	Untreated	PS	0.111360384434551	0.111360384434551	0.165252556886675	0	0.204630119449036	0.0280627578981418	0.101880720366917	0.00419132393800662	0.213241104801468	0	0.002087154968409	0.922344167694495	0.00171689128007741	NA_[698_403.35_2.7]	NA	N-Octadecanoylthreonine	[M + H3N + H]+	93	Fatty acids	Fatty amides	Fatty acyl homoserine lactones	0.997	0.893	0.58
filtered	superclass	Fatty amides	NPC superclass: Fatty amides	875	PS	PET	0.110764207625854	0.110764207625854	0.352190150794739	0.346938464424181	0.287064104886584	0.373813144104952	0.397828312512439	0.306437812344398	0.391165919175648	0.416559665536404	0.00207598121578017	0.924420148910276	0.00365907923133257	NA_[875_591.58_3.4]	NA	3-(Hexadec-2-enyl)-1-octadecylpyrrolidine-2,5-dione	[M + H3N + H]+	99	Fatty acids	Fatty amides	N-acyl ethanolamines (endocannabinoids)	1	0.987	0.536
filtered	superclass	Fatty amides	NPC superclass: Fatty amides	2506	PS	PET	0.110691533373803	0.110691533373803	0.767800353935016	0.892982822700025	0.712722836593342	0.909129412899381	0.823414369967145	0.885771449803257	0.766727356554104	0.920186207770732	0.00207461912972943	0.926494768040005	0.00797706103522127	NA_[2506_452.48_8.3]	NA	1-[1-Hydroxypropyl(tetracosyl)amino]propan-1-ol	[M - H2O + H]+	163	Fatty acids	Fatty amides	N-acyl amines	1	0.995	0.626
filtered	superclass	Fatty amides	NPC superclass: Fatty amides	465	PET	Untreated	0.109803417324992	0.109803417324992	0.644518929738158	0.700657816813314	0.674243106783485	0.810244901416912	0.654834372832665	0.64240565653738	0.564439689458493	0.700657816813314	0.0020579737505561	0.928552741790561	0.00669622879766467	NA_[465_387.36_1.8]	NA	(Z)-9,10-bis(2-hydroxyethyl)octadec-9-enamide	[M + H3N + H]+	-1	Fatty acids	Fatty amides	N-acyl amines	0.998	0.813	0.161
filtered	superclass	Fatty amides	NPC superclass: Fatty amides	386	PS	Untreated	0.10778383094479	0.10778383094479	0.225943323991959	0.150195276563231	0.184101444853543	0.159956618578906	0.2897658537325	0.135149148576957	0.18198202278771	0.193723612781042	0.00202012196179861	0.93057286375236	0.00234743794626745	NA_[386_475.35_1.5]	NA	2,2,4,4-tetramethyl-6-(methylamino)-7-oxo-N-(4,4,6,6-tetramethyl-2,8-dioxononan-3-yl)octanamide	[M + Na]+	154	Fatty acids	Fatty amides	N-acyl amines	0.891	0.715	0.143
filtered	superclass	Fatty amides	NPC superclass: Fatty amides	613	Untreated	PET	0.107638190899799	0.107638190899799	0.413857630667506	0.374832807948537	0.365709262152699	0.417270772501585	0.432261087989816	0.340966364830121	0.473347453052498	0.374832807948537	0.00201739232553663	0.932590256077896	0.00429977345387649	NA_[613_302.25_2.4]	NA	Octadecadienamide	[M + Na]+	-1	Fatty acids	Fatty amides	Primary amides	1	0.999	1
filtered	superclass	Fatty amides	NPC superclass: Fatty amides	278	Untreated	PET	0.107507637007883	0.107507637007883	0.296916757346986	0.145755771727962	0.259952077590347	0.178302159293517	0.298609958478002	0.132845303686644	0.367459714598231	0.423035088211818	0.00201494543919063	0.934605201517087	0.00308481636352222	Serinolamide C_[278_373.34_1.1]	Serinolamide C	Serinolamides C	[M + H3N + H]+	157	Fatty acids	Fatty amides	N-acyl ethanolamines (endocannabinoids)	0.998	0.776	0.248
filtered	superclass	Fatty amides	NPC superclass: Fatty amides	2603	PS	PET	0.107307126542192	0.107307126542192	0.658310324796783	0.678467717764177	0.608355940286842	0.667309700559948	0.715663066829034	0.740753504739796	0.643513609752161	0.661343763458414	0.00201118740246321	0.93661638891955	0.00683951448329853	NA_[2603_549.57_8.6]	NA	N,N-bis(prop-2-enyl)triacontanamide	[M + H3N + H]+	57	Fatty acids	Fatty amides	Primary amides	0.954	0.833	0.291
filtered	superclass	Fatty amides	NPC superclass: Fatty amides	697	PET	PS	0.107155404110053	0.107155404110053	0.121045110693253	0	0.166666666666667	0	0.059511262556614	0	0.152869695019702	0	0.00200834376799061	0.938624732687541	0.00125759806057203	Putative (3-hydroxyoctadecanoyl)glycine_[697_375.32_2.7]	Putative (3-hydroxyoctadecanoyl)glycine	PDEJWCOMIACOMR	[M + H3N + H]+	-1	Fatty acids	Fatty amides	N-acyl ethanolamines (endocannabinoids)	1	0.943	0.726
filtered	superclass	Fatty amides	NPC superclass: Fatty amides	969	PS	PET	0.106734596548089	0.106734596548089	0.249574214090164	0.193727541019872	0.18577335495308	0.229626489452754	0.292507951501169	0.117407830045215	0.291308457542322	0.202426191787491	0.00200045684663922	0.94062518953418	0.00259295105610634	NA_[969_563.55_3.6]	NA	N-octadec-9-enoyloctadec-9-enamide	[M + H3N + H]+	99	Fatty acids	Fatty amides	Primary amides	1	0.986	0.524
filtered	superclass	Fatty amides	NPC superclass: Fatty amides	596	Untreated	PS	0.105844984187307	0.105844984187307	0.158763005989185	0	0.195116286161631	0	0.0992458244784518	0.0167027047377983	0.205090808665759	0	0.0019837834230677	0.942608972957248	0.00164946809729931	NA_[596_352.25_2.3]	NA	NA	[M + Na]+	3	Fatty acids	Fatty amides	N-acyl amines	0.998	0.93	0.399
filtered	superclass	Fatty amides	NPC superclass: Fatty amides	2720	PET	Untreated	0.105080997104888	0.105080997104888	0.371711622804683	0.341047141836962	0.410881870944701	0.368753873288102	0.3654967491471	0.403591817449995	0.305800873839814	0.341047141836962	0.00196946451205667	0.944578437469304	0.00386189754591474	NA_[2720_483.52_8.9]	NA	2-[2-[Di(nonyl)amino]ethyl-nonylamino]ethanol	[M + H]+	722	Fatty acids	Fatty amides	Sphingoid bases	0.992	0.813	0.533
filtered	superclass	Fatty amides	NPC superclass: Fatty amides	258	PS	PET	0.103639889583251	0.103639889583251	0.285809675520876	0.229180320527013	0.24025555526898	0.216103346672537	0.343895444852231	0.229692495712645	0.260746377361957	0.19339594419285	0.00194245477480525	0.94652089224411	0.00296941934762351	(9E)-9-nitrooctadecenoic acid_[258_350.23_1.1]	(9E)-9-nitrooctadecenoic acid	9-nitro-9E-octadecenoic acid	[M + Na]+	-1	Fatty acids	Fatty amides	N-acyl amines	0.919	0.836	0.321
filtered	superclass	Fatty amides	NPC superclass: Fatty amides	150	PS	PET	0.102681364700665	0.102681364700665	0.524074504227221	0.504597801392111	0.475427583363078	0.5670993874553	0.578108948063743	0.450857171096539	0.513299458282461	0.511281448019398	0.00192448976883663	0.948445382012946	0.00544487155521381	NA_[150_352.25_0.8]	NA	NA	[M + Na]+	-1	Fatty acids	Fatty amides	N-acyl amines	0.962	0.919	0.223
filtered	superclass	Fatty amides	NPC superclass: Fatty amides	439	PS	Untreated	0.102669652667721	0.102669652667721	0.664206996240372	0.681765601898167	0.623858515566451	0.719883090050076	0.725329200912226	0.678941631226442	0.622659548244505	0.574881918634599	0.00192427025785099	0.950369652270797	0.00690077794556327	oleoyl ethanolamide_[439_343.33_1.7]	oleoyl ethanolamide	N-(2-hydroxyethyl)octadec-9-enamide	[M + H3N + H]+	159	Fatty acids	Fatty amides	Primary amides	1	0.985	0.707
filtered	superclass	Fatty amides	NPC superclass: Fatty amides	2382	PET	PS	0.101441126748093	0.101441126748093	0.15726060778271	0	0.206041540192134	0	0.104600413444041	0.0540814275196954	0.165019131641199	0	0.00190124479875266	0.95227089706955	0.00163385893258502	N-2-hydroxypalmitoylsphingosine_[2382_576.5_8]	N-2-hydroxypalmitoylsphingosine	N-2-Hydroxypalmitoylsphingosine	[M + Na]+	529	Fatty acids	Fatty amides	N-acyl amines	1	0.954	0.664
filtered	superclass	Fatty amides	NPC superclass: Fatty amides	2418	PET	PS	0.100895163472114	0.100895163472114	0.158018914497184	0	0.206371123281335	0	0.105475959809221	0.0545341102169194	0.16640040630481	0	0.00189101216557873	0.954161909235129	0.00164173735946225	NA_[2418_576.5_8]	NA	N-[(E,2S,3R)-1,3,6-trihydroxyoctadec-4-en-2-yl]hexadecanamide	[M + Na]+	529	Fatty acids	Fatty amides	N-acyl amines	0.999	0.961	0.757
filtered	superclass	Fatty amides	NPC superclass: Fatty amides	319	PS	Untreated	0.0997827602391714	0.0997827602391714	0.622384295895405	0.664170418042767	0.610007341169129	0.685577363305506	0.66389651912598	0.675221677839802	0.564113758886809	0.576793843521826	0.00187016311817018	0.956032072353299	0.00646626104074585	NA_[319_465.41_1.3]	NA	(9Z,12Z,15Z)-N-[(E)-1,3-dihydroxydec-4-en-2-yl]octadeca-9,12,15-trienamide	[M + H3N + H]+	99	Fatty acids	Fatty amides	N-acyl amines	0.999	0.911	0.399
filtered	superclass	Fatty amides	NPC superclass: Fatty amides	573	PS	Untreated	0.099464513388951	0.099464513388951	0.308430678545108	0.265353333249959	0.278669224960308	0.276291363322004	0.361426485397959	0.290775233215017	0.261961972009008	0.221032260213975	0.00186419842526802	0.957896270778567	0.0032044402366833	linoleoyl ethanolamide_[573_341.32_2.3]	linoleoyl ethanolamide	N-(2-hydroxyethyl)octadeca-9,12-dienamide	[M + H3N + H]+	102	Fatty acids	Fatty amides	N-acyl ethanolamines (endocannabinoids)	1	0.997	0.869
filtered	superclass	Fatty amides	NPC superclass: Fatty amides	2662	Untreated	PET	0.0980641704255586	0.0980641704255586	0.706541291029606	0.81826798371652	0.669196057894234	0.811943176959311	0.713527055519885	0.829010428552029	0.767260228319792	0.81826798371652	0.00183795271151298	0.95973422349008	0.00734061006036502	NA_[2662_550.57_8.8]	NA	N-(3-cyanooctadecan-2-yl)hexadecanamide	[M + H3N + H]+	-1	Fatty acids	Fatty amides	Primary amides	0.967	0.826	0.235
filtered	superclass	Fatty amides	NPC superclass: Fatty amides	182	PS	PET	0.0976117492167777	0.0976117492167777	0.497931052093181	0.468412557009017	0.449616247033998	0.451597546213946	0.547227996250776	0.496140493896114	0.495966773896355	0.39808157103068	0.00182947327622263	0.961563696766302	0.00517325418453171	NA_[182_332.22_0.9]	NA	2-[[(E)-2-oxohexadec-5-enylidene]amino]acetic acid	[M + Na]+	24	Fatty acids	Fatty amides	Primary amides	1	0.942	0.81
filtered	superclass	Fatty amides	NPC superclass: Fatty amides	1133	PS	PET	0.0955990615156243	0.0955990615156243	0.114890565714328	0	0.0710676051510424	0	0.166666666666667	0	0.0989842849362197	0.0369907899727894	0.00179175078490179	0.963355447551204	0.00119365542146111	NA_[1133_519.53_4.1]	NA	Hexadecanamide, N,N'-1,2-ethanediylbis-	[M - H2O + H]+	70	Fatty acids	Fatty amides	N-acyl amines	1	0.995	0.712
filtered	superclass	Fatty amides	NPC superclass: Fatty amides	291	PET	Untreated	0.0952848214589708	0.0952848214589708	0.356690863220358	0.318949433912279	0.388216940047526	0.304026046566199	0.357044158709092	0.403829673385618	0.292932118588555	0.102984515072867	0.00178586118871507	0.965141308739919	0.00370583937872915	NA_[291_311.27_1.2]	NA	Lanyuamide I	[M + H3N + H]+	297	Fatty acids	Fatty amides	Primary amides	0.999	0.947	0.71
filtered	superclass	Fatty amides	NPC superclass: Fatty amides	701	Untreated	PS	0.0908969454853315	0.0908969454853315	0.27089721699716	0.235501878943261	0.283369722299066	0.126877961395903	0.232283231634112	0.16486515048213	0.323180177119443	0.235501878943261	0.0017036220945736	0.966844930834493	0.00281448637420246	NA_[701_314.27_2.7]	NA	N-Pentadecanoylsarcosine	[M + H]+	-1	Fatty acids	Fatty amides	N-acyl amines	0.998	0.997	0.981
filtered	superclass	Fatty amides	NPC superclass: Fatty amides	429	PS	Untreated	0.0883364519793033	0.0883364519793033	0.450027412130435	0.42499510373101	0.454465855411922	0.396910170484842	0.476513933935878	0.502789155258818	0.388177481956574	0.214694179704421	0.00165563243676286	0.968500563271256	0.00467555936343186	NA_[429_339.3_1.7]	NA	N-ethoxyoctadeca-9,12,15-trienamide	[M + H3N + H]+	102	Fatty acids	Fatty amides	Primary amides	0.999	0.871	0.305
filtered	superclass	Fatty amides	NPC superclass: Fatty amides	1550	PS	PET	0.0879032451941061	0.0879032451941061	0.359421349564772	0.421901438259683	0.319131008319225	0.375943923935474	0.407034253513331	0.392738113065586	0.344776224158746	0.499589645085635	0.00164751312486695	0.970148076396123	0.00373420776396575	N-(docosanoyl)ethanolamine_[1550_366.37_5.8]	N-(docosanoyl)ethanolamine	N-(2-Hydroxyethyl)docosanamide	[M - H2O + H]+	24	Fatty acids	Fatty amides	N-acyl ethanolamines (endocannabinoids)	0.997	0.966	0.822
filtered	superclass	Fatty amides	NPC superclass: Fatty amides	436	PS	Untreated	0.0877614690424289	0.0877614690424289	0.72695426245069	0.839762418148454	0.693611796054164	0.852143296520036	0.778436396395851	0.826428348394215	0.690674927353422	0.614872953482429	0.00164485590703426	0.971792932303157	0.0075526906072177	Jietacin B_[436_342.31_1.7]	Jietacin B	Jietacin B	[M + H3N + H]+	102	Fatty acids	Fatty amides	Primary amides	0.983	0.87	0.533
filtered	superclass	Fatty amides	NPC superclass: Fatty amides	1145	Untreated	PET	0.086828587488183	0.086828587488183	0.176026365747337	0	0.153323302638389	0	0.166666666666667	0	0.240151890126572	0	0.00162737151722393	0.973420303820381	0.00182882575682367	olaflur_[1145_459.45_4.2]	olaflur	N-Stearyl-N-(2-hydroxyethyl)-N',N'-bis(2-hydroxyethyl)trimethylenediamine	[M + H]+	1	Fatty acids	Fatty amides	N-acyl ethanolamines (endocannabinoids)	0.996	0.878	0.483
filtered	superclass	Fatty amides	NPC superclass: Fatty amides	2395	PET	Untreated	0.0861536108574433	0.0861536108574433	0.201251428471634	0.0384636038511066	0.248183223196088	0.107585931713206	0.173930541813674	0.0995178206329678	0.162029612338645	0	0.00161472087098594	0.975035024691367	0.00209090152162077	NA_[2395_395.37_8]	NA	1-[1-(Acetylamino)ethyl]-1-ethyl-2-(12-tetradecenyl)-4-imidazoline-1-ium	[M + H3N + H]+	682	Fatty acids	Fatty amides	Primary amides	0.983	0.893	0.4
filtered	superclass	Fatty amides	NPC superclass: Fatty amides	469	PET	Untreated	0.0859967690293612	0.0859967690293612	0.541966751328763	0.572477907256149	0.582674024436762	0.659398942103379	0.523904226181444	0.550272763872318	0.496677255407401	0.590019185252466	0.0016117812870181	0.976646805978385	0.00563076303918459	NA_[469_364.28_1.8]	NA	2-Amino-2-oxoethyl stearate	[M + Na]+	31	Fatty acids	Fatty amides	N-acyl amines	0.96	0.852	0.318
filtered	superclass	Fatty amides	NPC superclass: Fatty amides	583	PS	Untreated	0.0838449672407295	0.0838449672407295	0.483568917175748	0.417120589600751	0.474150208000724	0.445216148839054	0.517796379039341	0.538767993866823	0.433951411798612	0.248062802807943	0.00157145147119555	0.97821825744958	0.00502403879768631	N-gondoylethanolamine_[583_371.36_2.3]	N-gondoylethanolamine	N-cis-11-eicosaenoylethanolamine	[M + H3N + H]+	159	Fatty acids	Fatty amides	N-acyl ethanolamines (endocannabinoids)	1	0.992	0.831
filtered	superclass	Fatty amides	NPC superclass: Fatty amides	330	Untreated	PET	0.0825820971586583	0.0825820971586583	0.634640418319252	0.668927670102532	0.598658358819432	0.656805782615815	0.647322458989652	0.694872240047872	0.68124045597809	0.657853440354774	0.0015477823218869	0.979766039771467	0.00659359601282433	N-octadecanoylglycinate_[330_359.33_1.3]	N-octadecanoylglycinate	Stearoylglycine	[M + H3N + H]+	631	Fatty acids	Fatty amides	N-acyl ethanolamines (endocannabinoids)	1	0.996	0.915
filtered	superclass	Fatty amides	NPC superclass: Fatty amides	2829	PET	Untreated	0.0804445760433081	0.0804445760433081	0.384494200188299	0.38911159045119	0.418483418386727	0.377356050327396	0.373732660912312	0.3833224140974	0.338038842343419	0.38911159045119	0.00150772015939855	0.981273759930866	0.003994702121289	NA_[2829_494.53_9.1]	NA	Tritriacontanamide	[M + H]+	92	Fatty acids	Fatty amides	Primary amides	0.999	0.998	0.76
filtered	superclass	Fatty amides	NPC superclass: Fatty amides	2723	PET	Untreated	0.0795800648825041	0.0795800648825041	0.4024359092457	0.393189469440251	0.430620007498227	0.403582802121244	0.39994979430816	0.440986502011511	0.351039942615723	0.393189469440251	0.00149151719122743	0.982765277122093	0.00418110749020236	NA_[2723_480.51_8.9]	NA	N-decyldocosanamide	[M + H]+	84	Fatty acids	Fatty amides	Primary amides	0.999	0.997	0.833
filtered	superclass	Fatty amides	NPC superclass: Fatty amides	298	PS	PET	0.0758521876178361	0.0758521876178361	0.626638443983552	0.680529260713632	0.584910536154593	0.704754247460397	0.660762723772429	0.693913379810936	0.641845700063714	0.649159011425898	0.00142164802191665	0.98418692514401	0.00651045950819652	Alpha-Linolenoyl ethanolamide_[298_339.3_1.2]	Alpha-Linolenoyl ethanolamide	Alpha-Lea	[M + H3N + H]+	-1	Fatty acids	Fatty amides	N-acyl ethanolamines (endocannabinoids)	0.999	0.959	0.712
filtered	superclass	Fatty amides	NPC superclass: Fatty amides	2608	PS	Untreated	0.0722052762792912	0.0722052762792912	0.550610475582852	0.626035485475071	0.540712050112511	0.590548444167987	0.581277851322842	0.626148373723119	0.509072575043551	0.626035485475071	0.00135329634408938	0.985540221488099	0.00572056700396932	NA_[2608_466.5_8.6]	NA	N-nonyldocosanamide	[M + H]+	-1	Fatty acids	Fatty amides	Primary amides	1	0.999	0.853
filtered	superclass	Fatty amides	NPC superclass: Fatty amides	2305	Untreated	PET	0.0720396333033876	0.0720396333033876	0.594160118187346	0.634386881785804	0.566319956578458	0.607849202381508	0.599900543948986	0.586794561723703	0.638359589881845	0.795441269314476	0.00135019180595498	0.986890413294054	0.00617302597372324	NA_[2305_582.59_7.8]	NA	N,N'-Ethylenebisheptadecanamide	[M + H3N + H]+	74	Fatty acids	Fatty amides	N-acyl amines	1	0.987	0.846
filtered	superclass	Fatty amides	NPC superclass: Fatty amides	2400	PS	PET	0.0705454842943858	0.0705454842943858	0.353709803551844	0.324062376117376	0.323074515665437	0.299450496133151	0.393619999959823	0.385614771400201	0.3351599865087	0.34387091722963	0.00132218794674134	0.988212601240796	0.00367486766218396	NA_[2400_424.45_8]	NA	1-(1-Hydroxydecylamino)octadecan-1-ol	[M - H2O + H]+	92	Fatty acids	Fatty amides	Sphingoid bases	1	0.959	0.533
filtered	superclass	Fatty amides	NPC superclass: Fatty amides	197	Untreated	PET	0.0695005747541117	0.0695005747541117	0.29040942240387	0.173892204208576	0.274227237402162	0.179533463476043	0.279932412529377	0.118850049350907	0.343727812156274	0.424278392492086	0.00130260388954187	0.989515205130338	0.00301720841341928	Putative (3-hydroxyoctadecanoyl)glycine_[197_380.28_0.9]	Putative (3-hydroxyoctadecanoyl)glycine	PDEJWCOMIACOMR	[M + Na]+	-1	Fatty acids	Fatty amides	N-acyl amines	0.967	0.735	0.252
filtered	superclass	Fatty amides	NPC superclass: Fatty amides	180	PS	PET	0.0686522169392195	0.0686522169392195	0.56447675628921	0.576193970060429	0.532855033470119	0.536351913542582	0.601507250409338	0.600434910481771	0.553659213687135	0.463049468123797	0.00128670367298523	0.990801908803323	0.00586463071396794	(9E)-9-nitrooctadecenoic acid_[180_350.23_0.9]	(9E)-9-nitrooctadecenoic acid	9-nitro-9E-octadecenoic acid	[M + Na]+	659	Fatty acids	Fatty amides	N-acyl amines	0.979	0.921	0.344
filtered	superclass	Fatty amides	NPC superclass: Fatty amides	513	PS	Untreated	0.0663760978225638	0.0663760978225638	0.580188168834607	0.526796763820824	0.562676704729036	0.622436521230013	0.613987844179175	0.606868214467247	0.547611746356611	0.501937088770304	0.00124404385866131	0.992045952661984	0.00602786441942515	N-octadecanoylglycinate_[513_359.33_1.9]	N-octadecanoylglycinate	Stearoylglycine	[M + H3N + H]+	21	Fatty acids	Fatty amides	N-acyl ethanolamines (endocannabinoids)	0.999	0.993	0.935
filtered	superclass	Fatty amides	NPC superclass: Fatty amides	467	PS	Untreated	0.061127260420508	0.061127260420508	0.696960813280804	0.770126770945047	0.698898331183194	0.876368168544465	0.716044888152713	0.748789144256363	0.654917627732205	0.59664387067163	0.00114566832666491	0.993191620988649	0.00724107369605222	N-octadecanoylglycinate_[467_359.33_1.8]	N-octadecanoylglycinate	Stearoylglycine	[M + H3N + H]+	631	Fatty acids	Fatty amides	N-acyl amines	1	0.983	0.565
filtered	superclass	Fatty amides	NPC superclass: Fatty amides	323	PET	PS	0.0521123533684517	0.0521123533684517	0.670092627764598	0.708564719446856	0.697935578014808	0.82302096833005	0.645823224646357	0.640031774940342	0.662945533500659	0.629540566342673	0.000976707810418644	0.994168328799068	0.00696192670859646	NA_[323_336.25_1.3]	NA	2-Tridecyl-2-oxazoline-4,4-dimethanol	[M + Na]+	31	Fatty acids	Fatty amides	N-acyl amines	0.99	0.967	0.403
filtered	superclass	Fatty amides	NPC superclass: Fatty amides	286	Untreated	PET	0.050567277475019	0.050567277475019	0.595476013932761	0.562589726668523	0.566283652208853	0.586051641218444	0.613980917781113	0.529949769517893	0.616850929683872	0.442995888084303	0.00094774946186479	0.995116078260933	0.00618669747129856	palmitoleoyl ethanolamide_[286_315.3_1.2]	palmitoleoyl ethanolamide	N-(2-hydroxyethyl)hexadec-9-enamide	[M + H3N + H]+	-1	Fatty acids	Fatty amides	N-acyl ethanolamines (endocannabinoids)	1	0.987	0.887
filtered	superclass	Fatty amides	NPC superclass: Fatty amides	269	PS	PET	0.0490771946818175	0.0490771946818175	0.39126605779333	0.31292595794362	0.36442083819944	0.290784788440544	0.413498032881258	0.324963657293572	0.400492546805255	0.31292595794362	0.000919821813078709	0.996035900074011	0.00406505832933228	C16:0-NAGME_[269_328.28_1.1]	C16:0-NAGME	NA	[M + H]+	102	Fatty acids	Fatty amides	N-acyl ethanolamines (endocannabinoids)	0.999	0.826	0.819
filtered	superclass	Fatty amides	NPC superclass: Fatty amides	274	PS	PET	0.0470147668707701	0.0470147668707701	0.395355003467669	0.289499218253968	0.37331469617033	0.29468617525449	0.4203294630411	0.337495440367185	0.389486698915484	0.289499218253968	0.000881167075357841	0.996917067149369	0.00410754042646435	C16:0-NAGME_[274_310.27_1.1]	C16:0-NAGME	NA	[M - H2O + H]+	157	Fatty acids	Fatty amides	N-acyl ethanolamines (endocannabinoids)	1	0.891	0.673
filtered	superclass	Fatty amides	NPC superclass: Fatty amides	2507	PS	Untreated	0.0469498734731836	0.0469498734731836	0.633092868552444	0.750119236188013	0.625372408411636	0.791359691566891	0.653889799804043	0.71674804367429	0.606939926330859	0.75261946982374	0.000879950820781518	0.997797017970151	0.0065775177460176	NA_[2507_903.96_8.3]	NA	4-(dimethylamino)butyl (E)-15-decyl-6-octadecylhexacos-5-enoate	[M + H3N + H]+	-1	Fatty acids	Fatty amides	N-acyl amines	0.999	0.932	0.168
filtered	superclass	Fatty amides	NPC superclass: Fatty amides	2488	PS	PET	0.0441796172492879	0.0441796172492879	0.708557049247918	0.818734569845132	0.682621859737298	0.776209372054289	0.726801476986586	0.784484005831546	0.723938572791823	0.818734569845132	0.000828029717322432	0.998625047687473	0.00736155277842619	NA_[2488_547.56_8.3]	NA	N-octadec-1-enyloctadeca-2,4-dienamide	[M + H3N + H]+	57	Fatty acids	Fatty amides	N-acyl amines	0.996	0.959	0.218
filtered	superclass	Fatty amides	NPC superclass: Fatty amides	125	PET	PS	0.0418980748045175	0.0418980748045175	0.359151132992961	0.286035610078577	0.376726475248161	0.247680963170709	0.334828400443643	0.479087650529664	0.372645913581199	0.286035610078577	0.000785268257101026	0.999410315944574	0.00373140034915406	NA_[125_277.25_0.7]	NA	N-(1,3-dihydroxydodecan-2-yl)acetamide	[M + H3N + H]+	-1	Fatty acids	Fatty amides	Nitro fatty acids	0.962	0.81	0.307
filtered	superclass	Fatty amides	NPC superclass: Fatty amides	217	PS	PET	0.0229177369362945	0.0229177369362945	0.672708825752478	0.699737877111481	0.661006044976245	0.737514298508234	0.683923781912539	0.755287983681023	0.673684474984822	0.696262408339869	0.000429532178378836	0.999839848122953	0.00698910769506331	N-hexadecanoylglycinate_[217_331.3_1]	N-hexadecanoylglycinate	Elmiric Acid	[M + H3N + H]+	631	Fatty acids	Fatty amides	N-acyl ethanolamines (endocannabinoids)	1	0.946	0.883
filtered	superclass	Fatty amides	NPC superclass: Fatty amides	574	PS	Untreated	0.0085449211322749	0.0085449211322749	0.477336926885276	0.452691794831535	0.474646672452299	0.497105219914654	0.481978736884685	0.493564658666523	0.47343381575241	0.252244429943786	0.000160151877047194	1	0.00495929154058592	oleoyl ethanolamide_[574_343.33_2.3]	oleoyl ethanolamide	N-(2-hydroxyethyl)octadec-9-enamide	[M + H3N + H]+	-1	Fatty acids	Fatty amides	Primary amides	1	0.991	0.693
