sample_id	group	data_source	numerator_level	numerator_term	numerator_class	denominator_level	denominator_term	npc_pathway	npc_superclass	npc_class	ratio_label	ratio_plot_label	numerator_n_features	denominator_n_features	numerator_summed_intensity	denominator_summed_intensity	ratio	npc_overall_test	npc_overall_p_value	npc_overall_q_value	npc_overall_significance	npc_max_mean_difference	npc_max_median_difference
A549_110626_PET05	PET	raw	superclass	Aminosugars and aminoglycosides	Aminoglycosides	pathway	Carbohydrates	Carbohydrates	Aminosugars and aminoglycosides	Aminoglycosides	NPC superclass: Aminosugars and aminoglycosides / NPC pathway: Carbohydrates	Aminosugars and aminoglycosides	2	10	6655905.1	28654825	0.232278686050255	kruskal_wallis	0.846481724890613	0.917653700821449	ns	0.0423688825546064	0.0227537691987766
A549_110626_PET100	PET	raw	superclass	Aminosugars and aminoglycosides	Aminoglycosides	pathway	Carbohydrates	Carbohydrates	Aminosugars and aminoglycosides	Aminoglycosides	NPC superclass: Aminosugars and aminoglycosides / NPC pathway: Carbohydrates	Aminosugars and aminoglycosides	2	10	2027747.2	23627343.6	0.0858220557642375	kruskal_wallis	0.846481724890613	0.917653700821449	ns	0.0423688825546064	0.0227537691987766
A549_110626_PS05	PS	raw	superclass	Aminosugars and aminoglycosides	Aminoglycosides	pathway	Carbohydrates	Carbohydrates	Aminosugars and aminoglycosides	Aminoglycosides	NPC superclass: Aminosugars and aminoglycosides / NPC pathway: Carbohydrates	Aminosugars and aminoglycosides	2	10	2027747.2	48169276.6	0.0420962767790455	kruskal_wallis	0.846481724890613	0.917653700821449	ns	0.0423688825546064	0.0227537691987766
A549_110626_PS100	PS	raw	superclass	Aminosugars and aminoglycosides	Aminoglycosides	pathway	Carbohydrates	Carbohydrates	Aminosugars and aminoglycosides	Aminoglycosides	NPC superclass: Aminosugars and aminoglycosides / NPC pathway: Carbohydrates	Aminosugars and aminoglycosides	2	10	6150073.1	35571701.7	0.17289229376395	kruskal_wallis	0.846481724890613	0.917653700821449	ns	0.0423688825546064	0.0227537691987766
A549_110626_untreated	Untreated	raw	superclass	Aminosugars and aminoglycosides	Aminoglycosides	pathway	Carbohydrates	Carbohydrates	Aminosugars and aminoglycosides	Aminoglycosides	NPC superclass: Aminosugars and aminoglycosides / NPC pathway: Carbohydrates	Aminosugars and aminoglycosides	2	10	2027747.2	21284813.9	0.0952673210828496	kruskal_wallis	0.846481724890613	0.917653700821449	ns	0.0423688825546064	0.0227537691987766
A549_180626_PET05	PET	raw	superclass	Aminosugars and aminoglycosides	Aminoglycosides	pathway	Carbohydrates	Carbohydrates	Aminosugars and aminoglycosides	Aminoglycosides	NPC superclass: Aminosugars and aminoglycosides / NPC pathway: Carbohydrates	Aminosugars and aminoglycosides	2	10	2027747.2	39004932.5	0.0519869429334354	kruskal_wallis	0.846481724890613	0.917653700821449	ns	0.0423688825546064	0.0227537691987766
A549_180626_PET100	PET	raw	superclass	Aminosugars and aminoglycosides	Aminoglycosides	pathway	Carbohydrates	Carbohydrates	Aminosugars and aminoglycosides	Aminoglycosides	NPC superclass: Aminosugars and aminoglycosides / NPC pathway: Carbohydrates	Aminosugars and aminoglycosides	2	10	2027747.2	39971751.9	0.0507295053034691	kruskal_wallis	0.846481724890613	0.917653700821449	ns	0.0423688825546064	0.0227537691987766
A549_180626_PS05	PS	raw	superclass	Aminosugars and aminoglycosides	Aminoglycosides	pathway	Carbohydrates	Carbohydrates	Aminosugars and aminoglycosides	Aminoglycosides	NPC superclass: Aminosugars and aminoglycosides / NPC pathway: Carbohydrates	Aminosugars and aminoglycosides	2	10	2027747.2	20879675.3	0.0971158397276417	kruskal_wallis	0.846481724890613	0.917653700821449	ns	0.0423688825546064	0.0227537691987766
A549_180626_PS100	PS	raw	superclass	Aminosugars and aminoglycosides	Aminoglycosides	pathway	Carbohydrates	Carbohydrates	Aminosugars and aminoglycosides	Aminoglycosides	NPC superclass: Aminosugars and aminoglycosides / NPC pathway: Carbohydrates	Aminosugars and aminoglycosides	2	10	2027747.2	36833470.7	0.0550517548703332	kruskal_wallis	0.846481724890613	0.917653700821449	ns	0.0423688825546064	0.0227537691987766
A549_180626_untreated	Untreated	raw	superclass	Aminosugars and aminoglycosides	Aminoglycosides	pathway	Carbohydrates	Carbohydrates	Aminosugars and aminoglycosides	Aminoglycosides	NPC superclass: Aminosugars and aminoglycosides / NPC pathway: Carbohydrates	Aminosugars and aminoglycosides	2	10	2027747.2	38122537.4	0.0531902475096004	kruskal_wallis	0.846481724890613	0.917653700821449	ns	0.0423688825546064	0.0227537691987766
A549_210626_PET05	PET	raw	superclass	Aminosugars and aminoglycosides	Aminoglycosides	pathway	Carbohydrates	Carbohydrates	Aminosugars and aminoglycosides	Aminoglycosides	NPC superclass: Aminosugars and aminoglycosides / NPC pathway: Carbohydrates	Aminosugars and aminoglycosides	2	10	2027747.2	27221512.9	0.0744906136352179	kruskal_wallis	0.846481724890613	0.917653700821449	ns	0.0423688825546064	0.0227537691987766
A549_210626_PET100	PET	raw	superclass	Aminosugars and aminoglycosides	Aminoglycosides	pathway	Carbohydrates	Carbohydrates	Aminosugars and aminoglycosides	Aminoglycosides	NPC superclass: Aminosugars and aminoglycosides / NPC pathway: Carbohydrates	Aminosugars and aminoglycosides	2	10	7164814.1	41891195.5	0.171033889448202	kruskal_wallis	0.846481724890613	0.917653700821449	ns	0.0423688825546064	0.0227537691987766
A549_210626_PS05	PS	raw	superclass	Aminosugars and aminoglycosides	Aminoglycosides	pathway	Carbohydrates	Carbohydrates	Aminosugars and aminoglycosides	Aminoglycosides	NPC superclass: Aminosugars and aminoglycosides / NPC pathway: Carbohydrates	Aminosugars and aminoglycosides	2	10	2027747.2	31880331.7	0.0636049592921896	kruskal_wallis	0.846481724890613	0.917653700821449	ns	0.0423688825546064	0.0227537691987766
A549_210626_PS100	PS	raw	superclass	Aminosugars and aminoglycosides	Aminoglycosides	pathway	Carbohydrates	Carbohydrates	Aminosugars and aminoglycosides	Aminoglycosides	NPC superclass: Aminosugars and aminoglycosides / NPC pathway: Carbohydrates	Aminosugars and aminoglycosides	2	10	2027747.2	20744532.2	0.0977485141843787	kruskal_wallis	0.846481724890613	0.917653700821449	ns	0.0423688825546064	0.0227537691987766
A549_210626_untreated	Untreated	raw	superclass	Aminosugars and aminoglycosides	Aminoglycosides	pathway	Carbohydrates	Carbohydrates	Aminosugars and aminoglycosides	Aminoglycosides	NPC superclass: Aminosugars and aminoglycosides / NPC pathway: Carbohydrates	Aminosugars and aminoglycosides	2	10	2027747.2	35199892.6	0.0576066303111391	kruskal_wallis	0.846481724890613	0.917653700821449	ns	0.0423688825546064	0.0227537691987766
A549_110626_PET05	PET	raw	superclass	Carotenoids (C40)	Apocarotenoids (β-) | Cannabinoids | Carotenoids (C40, β-β)	pathway	Terpenoids	Terpenoids	Carotenoids (C40)	Apocarotenoids (β-) | Cannabinoids | Carotenoids (C40, β-β)	NPC superclass: Carotenoids (C40) / NPC pathway: Terpenoids	Carotenoids (C40)	11	328	34486814	12413988413.6	0.00277806075299848	kruskal_wallis	0.142868116953198	0.43880921635625	ns	0.000715856458918413	0.000772232748109573
A549_110626_PET100	PET	raw	superclass	Carotenoids (C40)	Apocarotenoids (β-) | Cannabinoids | Carotenoids (C40, β-β)	pathway	Terpenoids	Terpenoids	Carotenoids (C40)	Apocarotenoids (β-) | Cannabinoids | Carotenoids (C40, β-β)	NPC superclass: Carotenoids (C40) / NPC pathway: Terpenoids	Carotenoids (C40)	11	328	33224531.5	14863016969.1	0.00223538273347015	kruskal_wallis	0.142868116953198	0.43880921635625	ns	0.000715856458918413	0.000772232748109573
A549_110626_PS05	PS	raw	superclass	Carotenoids (C40)	Apocarotenoids (β-) | Cannabinoids | Carotenoids (C40, β-β)	pathway	Terpenoids	Terpenoids	Carotenoids (C40)	Apocarotenoids (β-) | Cannabinoids | Carotenoids (C40, β-β)	NPC superclass: Carotenoids (C40) / NPC pathway: Terpenoids	Carotenoids (C40)	11	328	24620077.5	12871061495	0.00191282416835349	kruskal_wallis	0.142868116953198	0.43880921635625	ns	0.000715856458918413	0.000772232748109573
A549_110626_PS100	PS	raw	superclass	Carotenoids (C40)	Apocarotenoids (β-) | Cannabinoids | Carotenoids (C40, β-β)	pathway	Terpenoids	Terpenoids	Carotenoids (C40)	Apocarotenoids (β-) | Cannabinoids | Carotenoids (C40, β-β)	NPC superclass: Carotenoids (C40) / NPC pathway: Terpenoids	Carotenoids (C40)	11	328	34552679.5	13243674001.2	0.00260899501881949	kruskal_wallis	0.142868116953198	0.43880921635625	ns	0.000715856458918413	0.000772232748109573
A549_110626_untreated	Untreated	raw	superclass	Carotenoids (C40)	Apocarotenoids (β-) | Cannabinoids | Carotenoids (C40, β-β)	pathway	Terpenoids	Terpenoids	Carotenoids (C40)	Apocarotenoids (β-) | Cannabinoids | Carotenoids (C40, β-β)	NPC superclass: Carotenoids (C40) / NPC pathway: Terpenoids	Carotenoids (C40)	11	328	24133812.9	14567162470.1	0.00165672710450893	kruskal_wallis	0.142868116953198	0.43880921635625	ns	0.000715856458918413	0.000772232748109573
A549_180626_PET05	PET	raw	superclass	Carotenoids (C40)	Apocarotenoids (β-) | Cannabinoids | Carotenoids (C40, β-β)	pathway	Terpenoids	Terpenoids	Carotenoids (C40)	Apocarotenoids (β-) | Cannabinoids | Carotenoids (C40, β-β)	NPC superclass: Carotenoids (C40) / NPC pathway: Terpenoids	Carotenoids (C40)	11	328	25784845.6	15339376161.6	0.00168095790391716	kruskal_wallis	0.142868116953198	0.43880921635625	ns	0.000715856458918413	0.000772232748109573
A549_180626_PET100	PET	raw	superclass	Carotenoids (C40)	Apocarotenoids (β-) | Cannabinoids | Carotenoids (C40, β-β)	pathway	Terpenoids	Terpenoids	Carotenoids (C40)	Apocarotenoids (β-) | Cannabinoids | Carotenoids (C40, β-β)	NPC superclass: Carotenoids (C40) / NPC pathway: Terpenoids	Carotenoids (C40)	11	328	21249821.1	14118872693.8	0.00150506499781186	kruskal_wallis	0.142868116953198	0.43880921635625	ns	0.000715856458918413	0.000772232748109573
A549_180626_PS05	PS	raw	superclass	Carotenoids (C40)	Apocarotenoids (β-) | Cannabinoids | Carotenoids (C40, β-β)	pathway	Terpenoids	Terpenoids	Carotenoids (C40)	Apocarotenoids (β-) | Cannabinoids | Carotenoids (C40, β-β)	NPC superclass: Carotenoids (C40) / NPC pathway: Terpenoids	Carotenoids (C40)	11	328	16180737.2	14801169210.3	0.00109320668996473	kruskal_wallis	0.142868116953198	0.43880921635625	ns	0.000715856458918413	0.000772232748109573
A549_180626_PS100	PS	raw	superclass	Carotenoids (C40)	Apocarotenoids (β-) | Cannabinoids | Carotenoids (C40, β-β)	pathway	Terpenoids	Terpenoids	Carotenoids (C40)	Apocarotenoids (β-) | Cannabinoids | Carotenoids (C40, β-β)	NPC superclass: Carotenoids (C40) / NPC pathway: Terpenoids	Carotenoids (C40)	11	328	19162540.5	14039838092	0.00136486905151128	kruskal_wallis	0.142868116953198	0.43880921635625	ns	0.000715856458918413	0.000772232748109573
A549_180626_untreated	Untreated	raw	superclass	Carotenoids (C40)	Apocarotenoids (β-) | Cannabinoids | Carotenoids (C40, β-β)	pathway	Terpenoids	Terpenoids	Carotenoids (C40)	Apocarotenoids (β-) | Cannabinoids | Carotenoids (C40, β-β)	NPC superclass: Carotenoids (C40) / NPC pathway: Terpenoids	Carotenoids (C40)	11	328	19120680	16122838566.1	0.00118593757058408	kruskal_wallis	0.142868116953198	0.43880921635625	ns	0.000715856458918413	0.000772232748109573
A549_210626_PET05	PET	raw	superclass	Carotenoids (C40)	Apocarotenoids (β-) | Cannabinoids | Carotenoids (C40, β-β)	pathway	Terpenoids	Terpenoids	Carotenoids (C40)	Apocarotenoids (β-) | Cannabinoids | Carotenoids (C40, β-β)	NPC superclass: Carotenoids (C40) / NPC pathway: Terpenoids	Carotenoids (C40)	11	328	19498655.5	15315759878.2	0.001273110551162	kruskal_wallis	0.142868116953198	0.43880921635625	ns	0.000715856458918413	0.000772232748109573
A549_210626_PET100	PET	raw	superclass	Carotenoids (C40)	Apocarotenoids (β-) | Cannabinoids | Carotenoids (C40, β-β)	pathway	Terpenoids	Terpenoids	Carotenoids (C40)	Apocarotenoids (β-) | Cannabinoids | Carotenoids (C40, β-β)	NPC superclass: Carotenoids (C40) / NPC pathway: Terpenoids	Carotenoids (C40)	11	328	37935946.1	13669470882.2	0.00277523149410261	kruskal_wallis	0.142868116953198	0.43880921635625	ns	0.000715856458918413	0.000772232748109573
A549_210626_PS05	PS	raw	superclass	Carotenoids (C40)	Apocarotenoids (β-) | Cannabinoids | Carotenoids (C40, β-β)	pathway	Terpenoids	Terpenoids	Carotenoids (C40)	Apocarotenoids (β-) | Cannabinoids | Carotenoids (C40, β-β)	NPC superclass: Carotenoids (C40) / NPC pathway: Terpenoids	Carotenoids (C40)	11	328	16983520.9	12184297093.2	0.00139388598046238	kruskal_wallis	0.142868116953198	0.43880921635625	ns	0.000715856458918413	0.000772232748109573
A549_210626_PS100	PS	raw	superclass	Carotenoids (C40)	Apocarotenoids (β-) | Cannabinoids | Carotenoids (C40, β-β)	pathway	Terpenoids	Terpenoids	Carotenoids (C40)	Apocarotenoids (β-) | Cannabinoids | Carotenoids (C40, β-β)	NPC superclass: Carotenoids (C40) / NPC pathway: Terpenoids	Carotenoids (C40)	11	328	19240874.3	16430213468.8	0.00117106660461456	kruskal_wallis	0.142868116953198	0.43880921635625	ns	0.000715856458918413	0.000772232748109573
A549_210626_untreated	Untreated	raw	superclass	Carotenoids (C40)	Apocarotenoids (β-) | Cannabinoids | Carotenoids (C40, β-β)	pathway	Terpenoids	Terpenoids	Carotenoids (C40)	Apocarotenoids (β-) | Cannabinoids | Carotenoids (C40, β-β)	NPC superclass: Carotenoids (C40) / NPC pathway: Terpenoids	Carotenoids (C40)	11	328	16737681.9	14764154882.5	0.00113367016488287	kruskal_wallis	0.142868116953198	0.43880921635625	ns	0.000715856458918413	0.000772232748109573
A549_110626_PET05	PET	raw	superclass	Chromanes	Azaphilones	pathway	Polyketides	Polyketides	Chromanes	Azaphilones	NPC superclass: Chromanes / NPC pathway: Polyketides	Chromanes	1	150	6391920	6565292988.7	0.000973592497852205	kruskal_wallis	0.846481724890613	0.917653700821449	ns	4.90943954683093e-05	9.15370889418355e-05
A549_110626_PET100	PET	raw	superclass	Chromanes	Azaphilones	pathway	Polyketides	Polyketides	Chromanes	Azaphilones	NPC superclass: Chromanes / NPC pathway: Polyketides	Chromanes	1	150	6966212	8125399185.8	0.000857337816974481	kruskal_wallis	0.846481724890613	0.917653700821449	ns	4.90943954683093e-05	9.15370889418355e-05
A549_110626_PS05	PS	raw	superclass	Chromanes	Azaphilones	pathway	Polyketides	Polyketides	Chromanes	Azaphilones	NPC superclass: Chromanes / NPC pathway: Polyketides	Chromanes	1	150	5983529.5	6524424494.96	0.000917096903278162	kruskal_wallis	0.846481724890613	0.917653700821449	ns	4.90943954683093e-05	9.15370889418355e-05
A549_110626_PS100	PS	raw	superclass	Chromanes	Azaphilones	pathway	Polyketides	Polyketides	Chromanes	Azaphilones	NPC superclass: Chromanes / NPC pathway: Polyketides	Chromanes	1	150	5400181	7176029029.7	0.000752530539891888	kruskal_wallis	0.846481724890613	0.917653700821449	ns	4.90943954683093e-05	9.15370889418355e-05
A549_110626_untreated	Untreated	raw	superclass	Chromanes	Azaphilones	pathway	Polyketides	Polyketides	Chromanes	Azaphilones	NPC superclass: Chromanes / NPC pathway: Polyketides	Chromanes	1	150	7631778.5	7977246302.3	0.000956693351413708	kruskal_wallis	0.846481724890613	0.917653700821449	ns	4.90943954683093e-05	9.15370889418355e-05
A549_180626_PET05	PET	raw	superclass	Chromanes	Azaphilones	pathway	Polyketides	Polyketides	Chromanes	Azaphilones	NPC superclass: Chromanes / NPC pathway: Polyketides	Chromanes	1	150	4307371.5	7016090678.2	0.000613927569862177	kruskal_wallis	0.846481724890613	0.917653700821449	ns	4.90943954683093e-05	9.15370889418355e-05
A549_180626_PET100	PET	raw	superclass	Chromanes	Azaphilones	pathway	Polyketides	Polyketides	Chromanes	Azaphilones	NPC superclass: Chromanes / NPC pathway: Polyketides	Chromanes	1	150	6885475	7887370547.1	0.000872974707969264	kruskal_wallis	0.846481724890613	0.917653700821449	ns	4.90943954683093e-05	9.15370889418355e-05
A549_180626_PS05	PS	raw	superclass	Chromanes	Azaphilones	pathway	Polyketides	Polyketides	Chromanes	Azaphilones	NPC superclass: Chromanes / NPC pathway: Polyketides	Chromanes	1	150	7292391.5	8429696401.7	0.000865083527626138	kruskal_wallis	0.846481724890613	0.917653700821449	ns	4.90943954683093e-05	9.15370889418355e-05
A549_180626_PS100	PS	raw	superclass	Chromanes	Azaphilones	pathway	Polyketides	Polyketides	Chromanes	Azaphilones	NPC superclass: Chromanes / NPC pathway: Polyketides	Chromanes	1	150	7168461	7744341501.3	0.000925638545097304	kruskal_wallis	0.846481724890613	0.917653700821449	ns	4.90943954683093e-05	9.15370889418355e-05
A549_180626_untreated	Untreated	raw	superclass	Chromanes	Azaphilones	pathway	Polyketides	Polyketides	Chromanes	Azaphilones	NPC superclass: Chromanes / NPC pathway: Polyketides	Chromanes	1	150	9024748	9311438840.8	0.000969210897939446	kruskal_wallis	0.846481724890613	0.917653700821449	ns	4.90943954683093e-05	9.15370889418355e-05
A549_210626_PET05	PET	raw	superclass	Chromanes	Azaphilones	pathway	Polyketides	Polyketides	Chromanes	Azaphilones	NPC superclass: Chromanes / NPC pathway: Polyketides	Chromanes	1	150	4365456.5	8649773546.5	0.000504690264610039	kruskal_wallis	0.846481724890613	0.917653700821449	ns	4.90943954683093e-05	9.15370889418355e-05
A549_210626_PET100	PET	raw	superclass	Chromanes	Azaphilones	pathway	Polyketides	Polyketides	Chromanes	Azaphilones	NPC superclass: Chromanes / NPC pathway: Polyketides	Chromanes	1	150	6745256.5	7046049113	0.000957310457509438	kruskal_wallis	0.846481724890613	0.917653700821449	ns	4.90943954683093e-05	9.15370889418355e-05
A549_210626_PS05	PS	raw	superclass	Chromanes	Azaphilones	pathway	Polyketides	Polyketides	Chromanes	Azaphilones	NPC superclass: Chromanes / NPC pathway: Polyketides	Chromanes	1	150	6095355.5	6664796721.2	0.000914559851557262	kruskal_wallis	0.846481724890613	0.917653700821449	ns	4.90943954683093e-05	9.15370889418355e-05
A549_210626_PS100	PS	raw	superclass	Chromanes	Azaphilones	pathway	Polyketides	Polyketides	Chromanes	Azaphilones	NPC superclass: Chromanes / NPC pathway: Polyketides	Chromanes	1	150	5316148.5	7600031547.2	0.000699490320136707	kruskal_wallis	0.846481724890613	0.917653700821449	ns	4.90943954683093e-05	9.15370889418355e-05
A549_210626_untreated	Untreated	raw	superclass	Chromanes	Azaphilones	pathway	Polyketides	Polyketides	Chromanes	Azaphilones	NPC superclass: Chromanes / NPC pathway: Polyketides	Chromanes	1	150	5257094.5	8846156040.8	0.000594280100390879	kruskal_wallis	0.846481724890613	0.917653700821449	ns	4.90943954683093e-05	9.15370889418355e-05
A549_110626_PET05	PET	raw	superclass	Diterpenoids	Kaurane and Phyllocladane diterpenoids | Labdane diterpenoids | Tetracyclic diterpenoids	pathway	Terpenoids	Terpenoids	Diterpenoids	Kaurane and Phyllocladane diterpenoids | Labdane diterpenoids | Tetracyclic diterpenoids	NPC superclass: Diterpenoids / NPC pathway: Terpenoids	Diterpenoids	5	328	46150031.6	12413988413.6	0.00371758294453061	kruskal_wallis	0.601497239262129	0.760717096713869	ns	0.000510462699772072	0.0011822038681921
A549_110626_PET100	PET	raw	superclass	Diterpenoids	Kaurane and Phyllocladane diterpenoids | Labdane diterpenoids | Tetracyclic diterpenoids	pathway	Terpenoids	Terpenoids	Diterpenoids	Kaurane and Phyllocladane diterpenoids | Labdane diterpenoids | Tetracyclic diterpenoids	NPC superclass: Diterpenoids / NPC pathway: Terpenoids	Diterpenoids	5	328	48374092.1	14863016969.1	0.00325466170162956	kruskal_wallis	0.601497239262129	0.760717096713869	ns	0.000510462699772072	0.0011822038681921
A549_110626_PS05	PS	raw	superclass	Diterpenoids	Kaurane and Phyllocladane diterpenoids | Labdane diterpenoids | Tetracyclic diterpenoids	pathway	Terpenoids	Terpenoids	Diterpenoids	Kaurane and Phyllocladane diterpenoids | Labdane diterpenoids | Tetracyclic diterpenoids	NPC superclass: Diterpenoids / NPC pathway: Terpenoids	Diterpenoids	5	328	38575574.1	12871061495	0.00299707791117193	kruskal_wallis	0.601497239262129	0.760717096713869	ns	0.000510462699772072	0.0011822038681921
A549_110626_PS100	PS	raw	superclass	Diterpenoids	Kaurane and Phyllocladane diterpenoids | Labdane diterpenoids | Tetracyclic diterpenoids	pathway	Terpenoids	Terpenoids	Diterpenoids	Kaurane and Phyllocladane diterpenoids | Labdane diterpenoids | Tetracyclic diterpenoids	NPC superclass: Diterpenoids / NPC pathway: Terpenoids	Diterpenoids	5	328	34915248.1	13243674001.2	0.00263637175732628	kruskal_wallis	0.601497239262129	0.760717096713869	ns	0.000510462699772072	0.0011822038681921
A549_110626_untreated	Untreated	raw	superclass	Diterpenoids	Kaurane and Phyllocladane diterpenoids | Labdane diterpenoids | Tetracyclic diterpenoids	pathway	Terpenoids	Terpenoids	Diterpenoids	Kaurane and Phyllocladane diterpenoids | Labdane diterpenoids | Tetracyclic diterpenoids	NPC superclass: Diterpenoids / NPC pathway: Terpenoids	Diterpenoids	5	328	59318380.4	14567162470.1	0.00407206142732016	kruskal_wallis	0.601497239262129	0.760717096713869	ns	0.000510462699772072	0.0011822038681921
A549_180626_PET05	PET	raw	superclass	Diterpenoids	Kaurane and Phyllocladane diterpenoids | Labdane diterpenoids | Tetracyclic diterpenoids	pathway	Terpenoids	Terpenoids	Diterpenoids	Kaurane and Phyllocladane diterpenoids | Labdane diterpenoids | Tetracyclic diterpenoids	NPC superclass: Diterpenoids / NPC pathway: Terpenoids	Diterpenoids	5	328	36745625.9	15339376161.6	0.00239550979863103	kruskal_wallis	0.601497239262129	0.760717096713869	ns	0.000510462699772072	0.0011822038681921
A549_180626_PET100	PET	raw	superclass	Diterpenoids	Kaurane and Phyllocladane diterpenoids | Labdane diterpenoids | Tetracyclic diterpenoids	pathway	Terpenoids	Terpenoids	Diterpenoids	Kaurane and Phyllocladane diterpenoids | Labdane diterpenoids | Tetracyclic diterpenoids	NPC superclass: Diterpenoids / NPC pathway: Terpenoids	Diterpenoids	5	328	42029653.1	14118872693.8	0.0029768419909655	kruskal_wallis	0.601497239262129	0.760717096713869	ns	0.000510462699772072	0.0011822038681921
A549_180626_PS05	PS	raw	superclass	Diterpenoids	Kaurane and Phyllocladane diterpenoids | Labdane diterpenoids | Tetracyclic diterpenoids	pathway	Terpenoids	Terpenoids	Diterpenoids	Kaurane and Phyllocladane diterpenoids | Labdane diterpenoids | Tetracyclic diterpenoids	NPC superclass: Diterpenoids / NPC pathway: Terpenoids	Diterpenoids	5	328	45730025.5	14801169210.3	0.00308962250550969	kruskal_wallis	0.601497239262129	0.760717096713869	ns	0.000510462699772072	0.0011822038681921
A549_180626_PS100	PS	raw	superclass	Diterpenoids	Kaurane and Phyllocladane diterpenoids | Labdane diterpenoids | Tetracyclic diterpenoids	pathway	Terpenoids	Terpenoids	Diterpenoids	Kaurane and Phyllocladane diterpenoids | Labdane diterpenoids | Tetracyclic diterpenoids	NPC superclass: Diterpenoids / NPC pathway: Terpenoids	Diterpenoids	5	328	47343643.4	14039838092	0.00337209325989142	kruskal_wallis	0.601497239262129	0.760717096713869	ns	0.000510462699772072	0.0011822038681921
A549_180626_untreated	Untreated	raw	superclass	Diterpenoids	Kaurane and Phyllocladane diterpenoids | Labdane diterpenoids | Tetracyclic diterpenoids	pathway	Terpenoids	Terpenoids	Diterpenoids	Kaurane and Phyllocladane diterpenoids | Labdane diterpenoids | Tetracyclic diterpenoids	NPC superclass: Diterpenoids / NPC pathway: Terpenoids	Diterpenoids	5	328	66571945.2	16122838566.1	0.00412904619289401	kruskal_wallis	0.601497239262129	0.760717096713869	ns	0.000510462699772072	0.0011822038681921
A549_210626_PET05	PET	raw	superclass	Diterpenoids	Kaurane and Phyllocladane diterpenoids | Labdane diterpenoids | Tetracyclic diterpenoids	pathway	Terpenoids	Terpenoids	Diterpenoids	Kaurane and Phyllocladane diterpenoids | Labdane diterpenoids | Tetracyclic diterpenoids	NPC superclass: Diterpenoids / NPC pathway: Terpenoids	Diterpenoids	5	328	29070083.2	15315759878.2	0.00189805033711566	kruskal_wallis	0.601497239262129	0.760717096713869	ns	0.000510462699772072	0.0011822038681921
A549_210626_PET100	PET	raw	superclass	Diterpenoids	Kaurane and Phyllocladane diterpenoids | Labdane diterpenoids | Tetracyclic diterpenoids	pathway	Terpenoids	Terpenoids	Diterpenoids	Kaurane and Phyllocladane diterpenoids | Labdane diterpenoids | Tetracyclic diterpenoids	NPC superclass: Diterpenoids / NPC pathway: Terpenoids	Diterpenoids	5	328	38313792.6	13669470882.2	0.00280287312729062	kruskal_wallis	0.601497239262129	0.760717096713869	ns	0.000510462699772072	0.0011822038681921
A549_210626_PS05	PS	raw	superclass	Diterpenoids	Kaurane and Phyllocladane diterpenoids | Labdane diterpenoids | Tetracyclic diterpenoids	pathway	Terpenoids	Terpenoids	Diterpenoids	Kaurane and Phyllocladane diterpenoids | Labdane diterpenoids | Tetracyclic diterpenoids	NPC superclass: Diterpenoids / NPC pathway: Terpenoids	Diterpenoids	5	328	48121406.3	12184297093.2	0.00394946100968404	kruskal_wallis	0.601497239262129	0.760717096713869	ns	0.000510462699772072	0.0011822038681921
A549_210626_PS100	PS	raw	superclass	Diterpenoids	Kaurane and Phyllocladane diterpenoids | Labdane diterpenoids | Tetracyclic diterpenoids	pathway	Terpenoids	Terpenoids	Diterpenoids	Kaurane and Phyllocladane diterpenoids | Labdane diterpenoids | Tetracyclic diterpenoids	NPC superclass: Diterpenoids / NPC pathway: Terpenoids	Diterpenoids	5	328	38533592.2	16430213468.8	0.00234528859123912	kruskal_wallis	0.601497239262129	0.760717096713869	ns	0.000510462699772072	0.0011822038681921
A549_210626_untreated	Untreated	raw	superclass	Diterpenoids	Kaurane and Phyllocladane diterpenoids | Labdane diterpenoids | Tetracyclic diterpenoids	pathway	Terpenoids	Terpenoids	Diterpenoids	Kaurane and Phyllocladane diterpenoids | Labdane diterpenoids | Tetracyclic diterpenoids	NPC superclass: Diterpenoids / NPC pathway: Terpenoids	Diterpenoids	5	328	27358575.9	14764154882.5	0.00185304042918354	kruskal_wallis	0.601497239262129	0.760717096713869	ns	0.000510462699772072	0.0011822038681921
A549_110626_PET05	PET	raw	superclass	Eicosanoids	Leukotrienes	pathway	Fatty acids	Fatty acids	Eicosanoids	Leukotrienes	NPC superclass: Eicosanoids / NPC pathway: Fatty acids	Eicosanoids	1	1440	1013873.6	34114366377.95	2.9719842624875e-05	kruskal_wallis	0.128734903587804	0.42571312725669	ns	7.02724383444136e-05	9.95093875244288e-05
A549_110626_PET100	PET	raw	superclass	Eicosanoids	Leukotrienes	pathway	Fatty acids	Fatty acids	Eicosanoids	Leukotrienes	NPC superclass: Eicosanoids / NPC pathway: Fatty acids	Eicosanoids	1	1440	1449863.1	35458165160.66	4.08894000417311e-05	kruskal_wallis	0.128734903587804	0.42571312725669	ns	7.02724383444136e-05	9.95093875244288e-05
A549_110626_PS05	PS	raw	superclass	Eicosanoids	Leukotrienes	pathway	Fatty acids	Fatty acids	Eicosanoids	Leukotrienes	NPC superclass: Eicosanoids / NPC pathway: Fatty acids	Eicosanoids	1	1440	1013873.6	34785738556.84	2.91462433187476e-05	kruskal_wallis	0.128734903587804	0.42571312725669	ns	7.02724383444136e-05	9.95093875244288e-05
A549_110626_PS100	PS	raw	superclass	Eicosanoids	Leukotrienes	pathway	Fatty acids	Fatty acids	Eicosanoids	Leukotrienes	NPC superclass: Eicosanoids / NPC pathway: Fatty acids	Eicosanoids	1	1440	1013873.6	39295522102.6	2.58012502633962e-05	kruskal_wallis	0.128734903587804	0.42571312725669	ns	7.02724383444136e-05	9.95093875244288e-05
A549_110626_untreated	Untreated	raw	superclass	Eicosanoids	Leukotrienes	pathway	Fatty acids	Fatty acids	Eicosanoids	Leukotrienes	NPC superclass: Eicosanoids / NPC pathway: Fatty acids	Eicosanoids	1	1440	5163508	40726922534.5	0.000126783652647115	kruskal_wallis	0.128734903587804	0.42571312725669	ns	7.02724383444136e-05	9.95093875244288e-05
A549_180626_PET05	PET	raw	superclass	Eicosanoids	Leukotrienes	pathway	Fatty acids	Fatty acids	Eicosanoids	Leukotrienes	NPC superclass: Eicosanoids / NPC pathway: Fatty acids	Eicosanoids	1	1440	1013873.6	31199184663.6	3.24967979430207e-05	kruskal_wallis	0.128734903587804	0.42571312725669	ns	7.02724383444136e-05	9.95093875244288e-05
A549_180626_PET100	PET	raw	superclass	Eicosanoids	Leukotrienes	pathway	Fatty acids	Fatty acids	Eicosanoids	Leukotrienes	NPC superclass: Eicosanoids / NPC pathway: Fatty acids	Eicosanoids	1	1440	1013873.6	36474343757.1	2.77968976426791e-05	kruskal_wallis	0.128734903587804	0.42571312725669	ns	7.02724383444136e-05	9.95093875244288e-05
A549_180626_PS05	PS	raw	superclass	Eicosanoids	Leukotrienes	pathway	Fatty acids	Fatty acids	Eicosanoids	Leukotrienes	NPC superclass: Eicosanoids / NPC pathway: Fatty acids	Eicosanoids	1	1440	1013873.6	36381542275.7	2.78678015438941e-05	kruskal_wallis	0.128734903587804	0.42571312725669	ns	7.02724383444136e-05	9.95093875244288e-05
A549_180626_PS100	PS	raw	superclass	Eicosanoids	Leukotrienes	pathway	Fatty acids	Fatty acids	Eicosanoids	Leukotrienes	NPC superclass: Eicosanoids / NPC pathway: Fatty acids	Eicosanoids	1	1440	1013873.6	38000221483.6	2.66807287014778e-05	kruskal_wallis	0.128734903587804	0.42571312725669	ns	7.02724383444136e-05	9.95093875244288e-05
A549_180626_untreated	Untreated	raw	superclass	Eicosanoids	Leukotrienes	pathway	Fatty acids	Fatty acids	Eicosanoids	Leukotrienes	NPC superclass: Eicosanoids / NPC pathway: Fatty acids	Eicosanoids	1	1440	5288095.5	38180285352.2	0.000138503299575138	kruskal_wallis	0.128734903587804	0.42571312725669	ns	7.02724383444136e-05	9.95093875244288e-05
A549_210626_PET05	PET	raw	superclass	Eicosanoids	Leukotrienes	pathway	Fatty acids	Fatty acids	Eicosanoids	Leukotrienes	NPC superclass: Eicosanoids / NPC pathway: Fatty acids	Eicosanoids	1	1440	3027530	36530109795.76	8.28776594685024e-05	kruskal_wallis	0.128734903587804	0.42571312725669	ns	7.02724383444136e-05	9.95093875244288e-05
A549_210626_PET100	PET	raw	superclass	Eicosanoids	Leukotrienes	pathway	Fatty acids	Fatty acids	Eicosanoids	Leukotrienes	NPC superclass: Eicosanoids / NPC pathway: Fatty acids	Eicosanoids	1	1440	1013873.6	40523921542.8	2.50191383607626e-05	kruskal_wallis	0.128734903587804	0.42571312725669	ns	7.02724383444136e-05	9.95093875244288e-05
A549_210626_PS05	PS	raw	superclass	Eicosanoids	Leukotrienes	pathway	Fatty acids	Fatty acids	Eicosanoids	Leukotrienes	NPC superclass: Eicosanoids / NPC pathway: Fatty acids	Eicosanoids	1	1440	1013873.6	34631729940.5	2.92758577680616e-05	kruskal_wallis	0.128734903587804	0.42571312725669	ns	7.02724383444136e-05	9.95093875244288e-05
A549_210626_PS100	PS	raw	superclass	Eicosanoids	Leukotrienes	pathway	Fatty acids	Fatty acids	Eicosanoids	Leukotrienes	NPC superclass: Eicosanoids / NPC pathway: Fatty acids	Eicosanoids	1	1440	1013873.6	42962798740.1	2.35988722739723e-05	kruskal_wallis	0.128734903587804	0.42571312725669	ns	7.02724383444136e-05	9.95093875244288e-05
A549_210626_untreated	Untreated	raw	superclass	Eicosanoids	Leukotrienes	pathway	Fatty acids	Fatty acids	Eicosanoids	Leukotrienes	NPC superclass: Eicosanoids / NPC pathway: Fatty acids	Eicosanoids	1	1440	1013873.6	37950422097.55	2.6715739745763e-05	kruskal_wallis	0.128734903587804	0.42571312725669	ns	7.02724383444136e-05	9.95093875244288e-05
A549_110626_PET05	PET	raw	superclass	Fatty Acids and Conjugates	Dicarboxylic acids | Fatty alcohols | Halogenated fatty acids | Hydroxy fatty acids | Nitro fatty acids | Oxo fatty acids | Unsaturated fatty acids	pathway	Fatty acids	Fatty acids	Fatty Acids and Conjugates	Dicarboxylic acids | Fatty alcohols | Halogenated fatty acids | Hydroxy fatty acids | Nitro fatty acids | Oxo fatty acids | Unsaturated fatty acids	NPC superclass: Fatty Acids and Conjugates / NPC pathway: Fatty acids	Fatty Acids and Conjugates	85	1440	2882940116.85	34114366377.95	0.0845080950620676	kruskal_wallis	0.562704868806956	0.742444286770597	ns	0.0192200792758703	0.00737949547607915
A549_110626_PET100	PET	raw	superclass	Fatty Acids and Conjugates	Dicarboxylic acids | Fatty alcohols | Halogenated fatty acids | Hydroxy fatty acids | Nitro fatty acids | Oxo fatty acids | Unsaturated fatty acids	pathway	Fatty acids	Fatty acids	Fatty Acids and Conjugates	Dicarboxylic acids | Fatty alcohols | Halogenated fatty acids | Hydroxy fatty acids | Nitro fatty acids | Oxo fatty acids | Unsaturated fatty acids	NPC superclass: Fatty Acids and Conjugates / NPC pathway: Fatty acids	Fatty Acids and Conjugates	85	1440	3434253393.3	35458165160.66	0.0968536690417987	kruskal_wallis	0.562704868806956	0.742444286770597	ns	0.0192200792758703	0.00737949547607915
A549_110626_PS05	PS	raw	superclass	Fatty Acids and Conjugates	Dicarboxylic acids | Fatty alcohols | Halogenated fatty acids | Hydroxy fatty acids | Nitro fatty acids | Oxo fatty acids | Unsaturated fatty acids	pathway	Fatty acids	Fatty acids	Fatty Acids and Conjugates	Dicarboxylic acids | Fatty alcohols | Halogenated fatty acids | Hydroxy fatty acids | Nitro fatty acids | Oxo fatty acids | Unsaturated fatty acids	NPC superclass: Fatty Acids and Conjugates / NPC pathway: Fatty acids	Fatty Acids and Conjugates	85	1440	3069088642.3	34785738556.84	0.0882283593687425	kruskal_wallis	0.562704868806956	0.742444286770597	ns	0.0192200792758703	0.00737949547607915
A549_110626_PS100	PS	raw	superclass	Fatty Acids and Conjugates	Dicarboxylic acids | Fatty alcohols | Halogenated fatty acids | Hydroxy fatty acids | Nitro fatty acids | Oxo fatty acids | Unsaturated fatty acids	pathway	Fatty acids	Fatty acids	Fatty Acids and Conjugates	Dicarboxylic acids | Fatty alcohols | Halogenated fatty acids | Hydroxy fatty acids | Nitro fatty acids | Oxo fatty acids | Unsaturated fatty acids	NPC superclass: Fatty Acids and Conjugates / NPC pathway: Fatty acids	Fatty Acids and Conjugates	85	1440	4355482329.7	39295522102.6	0.110839151553398	kruskal_wallis	0.562704868806956	0.742444286770597	ns	0.0192200792758703	0.00737949547607915
A549_110626_untreated	Untreated	raw	superclass	Fatty Acids and Conjugates	Dicarboxylic acids | Fatty alcohols | Halogenated fatty acids | Hydroxy fatty acids | Nitro fatty acids | Oxo fatty acids | Unsaturated fatty acids	pathway	Fatty acids	Fatty acids	Fatty Acids and Conjugates	Dicarboxylic acids | Fatty alcohols | Halogenated fatty acids | Hydroxy fatty acids | Nitro fatty acids | Oxo fatty acids | Unsaturated fatty acids	NPC superclass: Fatty Acids and Conjugates / NPC pathway: Fatty acids	Fatty Acids and Conjugates	85	1440	3630578640.6	40726922534.5	0.0891444384859798	kruskal_wallis	0.562704868806956	0.742444286770597	ns	0.0192200792758703	0.00737949547607915
A549_180626_PET05	PET	raw	superclass	Fatty Acids and Conjugates	Dicarboxylic acids | Fatty alcohols | Halogenated fatty acids | Hydroxy fatty acids | Nitro fatty acids | Oxo fatty acids | Unsaturated fatty acids	pathway	Fatty acids	Fatty acids	Fatty Acids and Conjugates	Dicarboxylic acids | Fatty alcohols | Halogenated fatty acids | Hydroxy fatty acids | Nitro fatty acids | Oxo fatty acids | Unsaturated fatty acids	NPC superclass: Fatty Acids and Conjugates / NPC pathway: Fatty acids	Fatty Acids and Conjugates	85	1440	2530197186.1	31199184663.6	0.0810981829615559	kruskal_wallis	0.562704868806956	0.742444286770597	ns	0.0192200792758703	0.00737949547607915
A549_180626_PET100	PET	raw	superclass	Fatty Acids and Conjugates	Dicarboxylic acids | Fatty alcohols | Halogenated fatty acids | Hydroxy fatty acids | Nitro fatty acids | Oxo fatty acids | Unsaturated fatty acids	pathway	Fatty acids	Fatty acids	Fatty Acids and Conjugates	Dicarboxylic acids | Fatty alcohols | Halogenated fatty acids | Hydroxy fatty acids | Nitro fatty acids | Oxo fatty acids | Unsaturated fatty acids	NPC superclass: Fatty Acids and Conjugates / NPC pathway: Fatty acids	Fatty Acids and Conjugates	85	1440	3044873870.8	36474343757.1	0.0834798808465826	kruskal_wallis	0.562704868806956	0.742444286770597	ns	0.0192200792758703	0.00737949547607915
A549_180626_PS05	PS	raw	superclass	Fatty Acids and Conjugates	Dicarboxylic acids | Fatty alcohols | Halogenated fatty acids | Hydroxy fatty acids | Nitro fatty acids | Oxo fatty acids | Unsaturated fatty acids	pathway	Fatty acids	Fatty acids	Fatty Acids and Conjugates	Dicarboxylic acids | Fatty alcohols | Halogenated fatty acids | Hydroxy fatty acids | Nitro fatty acids | Oxo fatty acids | Unsaturated fatty acids	NPC superclass: Fatty Acids and Conjugates / NPC pathway: Fatty acids	Fatty Acids and Conjugates	85	1440	1590949924.8	36381542275.7	0.0437295899317229	kruskal_wallis	0.562704868806956	0.742444286770597	ns	0.0192200792758703	0.00737949547607915
A549_180626_PS100	PS	raw	superclass	Fatty Acids and Conjugates	Dicarboxylic acids | Fatty alcohols | Halogenated fatty acids | Hydroxy fatty acids | Nitro fatty acids | Oxo fatty acids | Unsaturated fatty acids	pathway	Fatty acids	Fatty acids	Fatty Acids and Conjugates	Dicarboxylic acids | Fatty alcohols | Halogenated fatty acids | Hydroxy fatty acids | Nitro fatty acids | Oxo fatty acids | Unsaturated fatty acids	NPC superclass: Fatty Acids and Conjugates / NPC pathway: Fatty acids	Fatty Acids and Conjugates	85	1440	2978245082.4	38000221483.6	0.0783744137829655	kruskal_wallis	0.562704868806956	0.742444286770597	ns	0.0192200792758703	0.00737949547607915
A549_180626_untreated	Untreated	raw	superclass	Fatty Acids and Conjugates	Dicarboxylic acids | Fatty alcohols | Halogenated fatty acids | Hydroxy fatty acids | Nitro fatty acids | Oxo fatty acids | Unsaturated fatty acids	pathway	Fatty acids	Fatty acids	Fatty Acids and Conjugates	Dicarboxylic acids | Fatty alcohols | Halogenated fatty acids | Hydroxy fatty acids | Nitro fatty acids | Oxo fatty acids | Unsaturated fatty acids	NPC superclass: Fatty Acids and Conjugates / NPC pathway: Fatty acids	Fatty Acids and Conjugates	85	1440	1780498263.8	38180285352.2	0.0466339695310162	kruskal_wallis	0.562704868806956	0.742444286770597	ns	0.0192200792758703	0.00737949547607915
A549_210626_PET05	PET	raw	superclass	Fatty Acids and Conjugates	Dicarboxylic acids | Fatty alcohols | Halogenated fatty acids | Hydroxy fatty acids | Nitro fatty acids | Oxo fatty acids | Unsaturated fatty acids	pathway	Fatty acids	Fatty acids	Fatty Acids and Conjugates	Dicarboxylic acids | Fatty alcohols | Halogenated fatty acids | Hydroxy fatty acids | Nitro fatty acids | Oxo fatty acids | Unsaturated fatty acids	NPC superclass: Fatty Acids and Conjugates / NPC pathway: Fatty acids	Fatty Acids and Conjugates	85	1440	4553408521.66	36530109795.76	0.124648092959975	kruskal_wallis	0.562704868806956	0.742444286770597	ns	0.0192200792758703	0.00737949547607915
A549_210626_PET100	PET	raw	superclass	Fatty Acids and Conjugates	Dicarboxylic acids | Fatty alcohols | Halogenated fatty acids | Hydroxy fatty acids | Nitro fatty acids | Oxo fatty acids | Unsaturated fatty acids	pathway	Fatty acids	Fatty acids	Fatty Acids and Conjugates	Dicarboxylic acids | Fatty alcohols | Halogenated fatty acids | Hydroxy fatty acids | Nitro fatty acids | Oxo fatty acids | Unsaturated fatty acids	NPC superclass: Fatty Acids and Conjugates / NPC pathway: Fatty acids	Fatty Acids and Conjugates	85	1440	4138986926.2	40523921542.8	0.102136880356669	kruskal_wallis	0.562704868806956	0.742444286770597	ns	0.0192200792758703	0.00737949547607915
A549_210626_PS05	PS	raw	superclass	Fatty Acids and Conjugates	Dicarboxylic acids | Fatty alcohols | Halogenated fatty acids | Hydroxy fatty acids | Nitro fatty acids | Oxo fatty acids | Unsaturated fatty acids	pathway	Fatty acids	Fatty acids	Fatty Acids and Conjugates	Dicarboxylic acids | Fatty alcohols | Halogenated fatty acids | Hydroxy fatty acids | Nitro fatty acids | Oxo fatty acids | Unsaturated fatty acids	NPC superclass: Fatty Acids and Conjugates / NPC pathway: Fatty acids	Fatty Acids and Conjugates	85	1440	1545275911.7	34631729940.5	0.0446202345177357	kruskal_wallis	0.562704868806956	0.742444286770597	ns	0.0192200792758703	0.00737949547607915
A549_210626_PS100	PS	raw	superclass	Fatty Acids and Conjugates	Dicarboxylic acids | Fatty alcohols | Halogenated fatty acids | Hydroxy fatty acids | Nitro fatty acids | Oxo fatty acids | Unsaturated fatty acids	pathway	Fatty acids	Fatty acids	Fatty Acids and Conjugates	Dicarboxylic acids | Fatty alcohols | Halogenated fatty acids | Hydroxy fatty acids | Nitro fatty acids | Oxo fatty acids | Unsaturated fatty acids	NPC superclass: Fatty Acids and Conjugates / NPC pathway: Fatty acids	Fatty Acids and Conjugates	85	1440	4318435146.6	42962798740.1	0.100515685040074	kruskal_wallis	0.562704868806956	0.742444286770597	ns	0.0192200792758703	0.00737949547607915
A549_210626_untreated	Untreated	raw	superclass	Fatty Acids and Conjugates	Dicarboxylic acids | Fatty alcohols | Halogenated fatty acids | Hydroxy fatty acids | Nitro fatty acids | Oxo fatty acids | Unsaturated fatty acids	pathway	Fatty acids	Fatty acids	Fatty Acids and Conjugates	Dicarboxylic acids | Fatty alcohols | Halogenated fatty acids | Hydroxy fatty acids | Nitro fatty acids | Oxo fatty acids | Unsaturated fatty acids	NPC superclass: Fatty Acids and Conjugates / NPC pathway: Fatty acids	Fatty Acids and Conjugates	85	1440	3526495716.4	37950422097.55	0.0929237547697174	kruskal_wallis	0.562704868806956	0.742444286770597	ns	0.0192200792758703	0.00737949547607915
A549_110626_PET05	PET	raw	superclass	Fatty acyl glycosides	Fatty acyl glycosides of mono- and disaccharides	pathway	Fatty acids	Fatty acids	Fatty acyl glycosides	Fatty acyl glycosides of mono- and disaccharides	NPC superclass: Fatty acyl glycosides / NPC pathway: Fatty acids	Fatty acyl glycosides	2	1440	2716426.2	34114366377.95	7.96270453891759e-05	kruskal_wallis	0.0745836970892156	0.385631433652025	ns	8.2004224208766e-05	9.31881545174063e-05
A549_110626_PET100	PET	raw	superclass	Fatty acyl glycosides	Fatty acyl glycosides of mono- and disaccharides	pathway	Fatty acids	Fatty acids	Fatty acyl glycosides	Fatty acyl glycosides of mono- and disaccharides	NPC superclass: Fatty acyl glycosides / NPC pathway: Fatty acids	Fatty acyl glycosides	2	1440	3261862.4	35458165160.66	9.19918553377082e-05	kruskal_wallis	0.0745836970892156	0.385631433652025	ns	8.2004224208766e-05	9.31881545174063e-05
A549_110626_PS05	PS	raw	superclass	Fatty acyl glycosides	Fatty acyl glycosides of mono- and disaccharides	pathway	Fatty acids	Fatty acids	Fatty acyl glycosides	Fatty acyl glycosides of mono- and disaccharides	NPC superclass: Fatty acyl glycosides / NPC pathway: Fatty acids	Fatty acyl glycosides	2	1440	2888005.1	34785738556.84	8.30226759532787e-05	kruskal_wallis	0.0745836970892156	0.385631433652025	ns	8.2004224208766e-05	9.31881545174063e-05
A549_110626_PS100	PS	raw	superclass	Fatty acyl glycosides	Fatty acyl glycosides of mono- and disaccharides	pathway	Fatty acids	Fatty acids	Fatty acyl glycosides	Fatty acyl glycosides of mono- and disaccharides	NPC superclass: Fatty acyl glycosides / NPC pathway: Fatty acids	Fatty acyl glycosides	2	1440	2027747.2	39295522102.6	5.16025005267924e-05	kruskal_wallis	0.0745836970892156	0.385631433652025	ns	8.2004224208766e-05	9.31881545174063e-05
A549_110626_untreated	Untreated	raw	superclass	Fatty acyl glycosides	Fatty acyl glycosides of mono- and disaccharides	pathway	Fatty acids	Fatty acids	Fatty acyl glycosides	Fatty acyl glycosides of mono- and disaccharides	NPC superclass: Fatty acyl glycosides / NPC pathway: Fatty acids	Fatty acyl glycosides	2	1440	3521696.4	40726922534.5	8.64709676263104e-05	kruskal_wallis	0.0745836970892156	0.385631433652025	ns	8.2004224208766e-05	9.31881545174063e-05
A549_180626_PET05	PET	raw	superclass	Fatty acyl glycosides	Fatty acyl glycosides of mono- and disaccharides	pathway	Fatty acids	Fatty acids	Fatty acyl glycosides	Fatty acyl glycosides of mono- and disaccharides	NPC superclass: Fatty acyl glycosides / NPC pathway: Fatty acids	Fatty acyl glycosides	2	1440	2622476.7	31199184663.6	8.40559369828544e-05	kruskal_wallis	0.0745836970892156	0.385631433652025	ns	8.2004224208766e-05	9.31881545174063e-05
A549_180626_PET100	PET	raw	superclass	Fatty acyl glycosides	Fatty acyl glycosides of mono- and disaccharides	pathway	Fatty acids	Fatty acids	Fatty acyl glycosides	Fatty acyl glycosides of mono- and disaccharides	NPC superclass: Fatty acyl glycosides / NPC pathway: Fatty acids	Fatty acyl glycosides	2	1440	2027747.2	36474343757.1	5.55937952853582e-05	kruskal_wallis	0.0745836970892156	0.385631433652025	ns	8.2004224208766e-05	9.31881545174063e-05
A549_180626_PS05	PS	raw	superclass	Fatty acyl glycosides	Fatty acyl glycosides of mono- and disaccharides	pathway	Fatty acids	Fatty acids	Fatty acyl glycosides	Fatty acyl glycosides of mono- and disaccharides	NPC superclass: Fatty acyl glycosides / NPC pathway: Fatty acids	Fatty acyl glycosides	2	1440	2428427.1	36381542275.7	6.6748877263018e-05	kruskal_wallis	0.0745836970892156	0.385631433652025	ns	8.2004224208766e-05	9.31881545174063e-05
A549_180626_PS100	PS	raw	superclass	Fatty acyl glycosides	Fatty acyl glycosides of mono- and disaccharides	pathway	Fatty acids	Fatty acids	Fatty acyl glycosides	Fatty acyl glycosides of mono- and disaccharides	NPC superclass: Fatty acyl glycosides / NPC pathway: Fatty acids	Fatty acyl glycosides	2	1440	2639646.6	38000221483.6	6.9463979338626e-05	kruskal_wallis	0.0745836970892156	0.385631433652025	ns	8.2004224208766e-05	9.31881545174063e-05
A549_180626_untreated	Untreated	raw	superclass	Fatty acyl glycosides	Fatty acyl glycosides of mono- and disaccharides	pathway	Fatty acids	Fatty acids	Fatty acyl glycosides	Fatty acyl glycosides of mono- and disaccharides	NPC superclass: Fatty acyl glycosides / NPC pathway: Fatty acids	Fatty acyl glycosides	2	1440	8044559.6	38180285352.2	0.000210699305303554	kruskal_wallis	0.0745836970892156	0.385631433652025	ns	8.2004224208766e-05	9.31881545174063e-05
A549_210626_PET05	PET	raw	superclass	Fatty acyl glycosides	Fatty acyl glycosides of mono- and disaccharides	pathway	Fatty acids	Fatty acids	Fatty acyl glycosides	Fatty acyl glycosides of mono- and disaccharides	NPC superclass: Fatty acyl glycosides / NPC pathway: Fatty acids	Fatty acyl glycosides	2	1440	3829523.6	36530109795.76	0.000104831976181043	kruskal_wallis	0.0745836970892156	0.385631433652025	ns	8.2004224208766e-05	9.31881545174063e-05
A549_210626_PET100	PET	raw	superclass	Fatty acyl glycosides	Fatty acyl glycosides of mono- and disaccharides	pathway	Fatty acids	Fatty acids	Fatty acyl glycosides	Fatty acyl glycosides of mono- and disaccharides	NPC superclass: Fatty acyl glycosides / NPC pathway: Fatty acids	Fatty acyl glycosides	2	1440	2346187.2	40523921542.8	5.78963513568655e-05	kruskal_wallis	0.0745836970892156	0.385631433652025	ns	8.2004224208766e-05	9.31881545174063e-05
A549_210626_PS05	PS	raw	superclass	Fatty acyl glycosides	Fatty acyl glycosides of mono- and disaccharides	pathway	Fatty acids	Fatty acids	Fatty acyl glycosides	Fatty acyl glycosides of mono- and disaccharides	NPC superclass: Fatty acyl glycosides / NPC pathway: Fatty acids	Fatty acyl glycosides	2	1440	3701044.1	34631729940.5	0.00010686858861393	kruskal_wallis	0.0745836970892156	0.385631433652025	ns	8.2004224208766e-05	9.31881545174063e-05
A549_210626_PS100	PS	raw	superclass	Fatty acyl glycosides	Fatty acyl glycosides of mono- and disaccharides	pathway	Fatty acids	Fatty acids	Fatty acyl glycosides	Fatty acyl glycosides of mono- and disaccharides	NPC superclass: Fatty acyl glycosides / NPC pathway: Fatty acids	Fatty acyl glycosides	2	1440	2027747.2	42962798740.1	4.71977445479447e-05	kruskal_wallis	0.0745836970892156	0.385631433652025	ns	8.2004224208766e-05	9.31881545174063e-05
A549_210626_untreated	Untreated	raw	superclass	Fatty acyl glycosides	Fatty acyl glycosides of mono- and disaccharides	pathway	Fatty acids	Fatty acids	Fatty acyl glycosides	Fatty acyl glycosides of mono- and disaccharides	NPC superclass: Fatty acyl glycosides / NPC pathway: Fatty acids	Fatty acyl glycosides	2	1440	6121197.5	37950422097.55	0.000161294582818228	kruskal_wallis	0.0745836970892156	0.385631433652025	ns	8.2004224208766e-05	9.31881545174063e-05
A549_110626_PET05	PET	raw	superclass	Fatty acyls	Acetate-derived alkaloids | Fatty alcohols | Fatty aldehydes | Hydrocarbons | Sphingoid bases | Unsaturated fatty acids	pathway	Fatty acids	Fatty acids	Fatty acyls	Acetate-derived alkaloids | Fatty alcohols | Fatty aldehydes | Hydrocarbons | Sphingoid bases | Unsaturated fatty acids	NPC superclass: Fatty acyls / NPC pathway: Fatty acids	Fatty acyls	98	1440	5044385363.4	34114366377.95	0.147866893012572	kruskal_wallis	0.541994188459187	0.742444286770597	ns	0.00808669428344783	0.00730672603012239
A549_110626_PET100	PET	raw	superclass	Fatty acyls	Acetate-derived alkaloids | Fatty alcohols | Fatty aldehydes | Hydrocarbons | Sphingoid bases | Unsaturated fatty acids	pathway	Fatty acids	Fatty acids	Fatty acyls	Acetate-derived alkaloids | Fatty alcohols | Fatty aldehydes | Hydrocarbons | Sphingoid bases | Unsaturated fatty acids	NPC superclass: Fatty acyls / NPC pathway: Fatty acids	Fatty acyls	98	1440	5351462320.1	35458165160.66	0.150923272421251	kruskal_wallis	0.541994188459187	0.742444286770597	ns	0.00808669428344783	0.00730672603012239
A549_110626_PS05	PS	raw	superclass	Fatty acyls	Acetate-derived alkaloids | Fatty alcohols | Fatty aldehydes | Hydrocarbons | Sphingoid bases | Unsaturated fatty acids	pathway	Fatty acids	Fatty acids	Fatty acyls	Acetate-derived alkaloids | Fatty alcohols | Fatty aldehydes | Hydrocarbons | Sphingoid bases | Unsaturated fatty acids	NPC superclass: Fatty acyls / NPC pathway: Fatty acids	Fatty acyls	98	1440	5187424528.3	34785738556.84	0.149125036394548	kruskal_wallis	0.541994188459187	0.742444286770597	ns	0.00808669428344783	0.00730672603012239
A549_110626_PS100	PS	raw	superclass	Fatty acyls	Acetate-derived alkaloids | Fatty alcohols | Fatty aldehydes | Hydrocarbons | Sphingoid bases | Unsaturated fatty acids	pathway	Fatty acids	Fatty acids	Fatty acyls	Acetate-derived alkaloids | Fatty alcohols | Fatty aldehydes | Hydrocarbons | Sphingoid bases | Unsaturated fatty acids	NPC superclass: Fatty acyls / NPC pathway: Fatty acids	Fatty acyls	98	1440	5511247095.8	39295522102.6	0.140251275486561	kruskal_wallis	0.541994188459187	0.742444286770597	ns	0.00808669428344783	0.00730672603012239
A549_110626_untreated	Untreated	raw	superclass	Fatty acyls	Acetate-derived alkaloids | Fatty alcohols | Fatty aldehydes | Hydrocarbons | Sphingoid bases | Unsaturated fatty acids	pathway	Fatty acids	Fatty acids	Fatty acyls	Acetate-derived alkaloids | Fatty alcohols | Fatty aldehydes | Hydrocarbons | Sphingoid bases | Unsaturated fatty acids	NPC superclass: Fatty acyls / NPC pathway: Fatty acids	Fatty acyls	98	1440	6489979352.2	40726922534.5	0.159353541792958	kruskal_wallis	0.541994188459187	0.742444286770597	ns	0.00808669428344783	0.00730672603012239
A549_180626_PET05	PET	raw	superclass	Fatty acyls	Acetate-derived alkaloids | Fatty alcohols | Fatty aldehydes | Hydrocarbons | Sphingoid bases | Unsaturated fatty acids	pathway	Fatty acids	Fatty acids	Fatty acyls	Acetate-derived alkaloids | Fatty alcohols | Fatty aldehydes | Hydrocarbons | Sphingoid bases | Unsaturated fatty acids	NPC superclass: Fatty acyls / NPC pathway: Fatty acids	Fatty acyls	98	1440	3724772263.6	31199184663.6	0.11938684628338	kruskal_wallis	0.541994188459187	0.742444286770597	ns	0.00808669428344783	0.00730672603012239
A549_180626_PET100	PET	raw	superclass	Fatty acyls	Acetate-derived alkaloids | Fatty alcohols | Fatty aldehydes | Hydrocarbons | Sphingoid bases | Unsaturated fatty acids	pathway	Fatty acids	Fatty acids	Fatty acyls	Acetate-derived alkaloids | Fatty alcohols | Fatty aldehydes | Hydrocarbons | Sphingoid bases | Unsaturated fatty acids	NPC superclass: Fatty acyls / NPC pathway: Fatty acids	Fatty acyls	98	1440	5406799424.4	36474343757.1	0.14823568753989	kruskal_wallis	0.541994188459187	0.742444286770597	ns	0.00808669428344783	0.00730672603012239
A549_180626_PS05	PS	raw	superclass	Fatty acyls	Acetate-derived alkaloids | Fatty alcohols | Fatty aldehydes | Hydrocarbons | Sphingoid bases | Unsaturated fatty acids	pathway	Fatty acids	Fatty acids	Fatty acyls	Acetate-derived alkaloids | Fatty alcohols | Fatty aldehydes | Hydrocarbons | Sphingoid bases | Unsaturated fatty acids	NPC superclass: Fatty acyls / NPC pathway: Fatty acids	Fatty acyls	98	1440	5330800092.5	36381542275.7	0.146524851863154	kruskal_wallis	0.541994188459187	0.742444286770597	ns	0.00808669428344783	0.00730672603012239
A549_180626_PS100	PS	raw	superclass	Fatty acyls	Acetate-derived alkaloids | Fatty alcohols | Fatty aldehydes | Hydrocarbons | Sphingoid bases | Unsaturated fatty acids	pathway	Fatty acids	Fatty acids	Fatty acyls	Acetate-derived alkaloids | Fatty alcohols | Fatty aldehydes | Hydrocarbons | Sphingoid bases | Unsaturated fatty acids	NPC superclass: Fatty acyls / NPC pathway: Fatty acids	Fatty acyls	98	1440	5409915485.1	38000221483.6	0.142365367197525	kruskal_wallis	0.541994188459187	0.742444286770597	ns	0.00808669428344783	0.00730672603012239
A549_180626_untreated	Untreated	raw	superclass	Fatty acyls	Acetate-derived alkaloids | Fatty alcohols | Fatty aldehydes | Hydrocarbons | Sphingoid bases | Unsaturated fatty acids	pathway	Fatty acids	Fatty acids	Fatty acyls	Acetate-derived alkaloids | Fatty alcohols | Fatty aldehydes | Hydrocarbons | Sphingoid bases | Unsaturated fatty acids	NPC superclass: Fatty acyls / NPC pathway: Fatty acids	Fatty acyls	98	1440	5674164916.3	38180285352.2	0.148615047372166	kruskal_wallis	0.541994188459187	0.742444286770597	ns	0.00808669428344783	0.00730672603012239
A549_210626_PET05	PET	raw	superclass	Fatty acyls	Acetate-derived alkaloids | Fatty alcohols | Fatty aldehydes | Hydrocarbons | Sphingoid bases | Unsaturated fatty acids	pathway	Fatty acids	Fatty acids	Fatty acyls	Acetate-derived alkaloids | Fatty alcohols | Fatty aldehydes | Hydrocarbons | Sphingoid bases | Unsaturated fatty acids	NPC superclass: Fatty acyls / NPC pathway: Fatty acids	Fatty acyls	98	1440	4733599148.6	36530109795.76	0.129580753385784	kruskal_wallis	0.541994188459187	0.742444286770597	ns	0.00808669428344783	0.00730672603012239
A549_210626_PET100	PET	raw	superclass	Fatty acyls	Acetate-derived alkaloids | Fatty alcohols | Fatty aldehydes | Hydrocarbons | Sphingoid bases | Unsaturated fatty acids	pathway	Fatty acids	Fatty acids	Fatty acyls	Acetate-derived alkaloids | Fatty alcohols | Fatty aldehydes | Hydrocarbons | Sphingoid bases | Unsaturated fatty acids	NPC superclass: Fatty acyls / NPC pathway: Fatty acids	Fatty acyls	98	1440	5790939119.3	40523921542.8	0.142901745409407	kruskal_wallis	0.541994188459187	0.742444286770597	ns	0.00808669428344783	0.00730672603012239
A549_210626_PS05	PS	raw	superclass	Fatty acyls	Acetate-derived alkaloids | Fatty alcohols | Fatty aldehydes | Hydrocarbons | Sphingoid bases | Unsaturated fatty acids	pathway	Fatty acids	Fatty acids	Fatty acyls	Acetate-derived alkaloids | Fatty alcohols | Fatty aldehydes | Hydrocarbons | Sphingoid bases | Unsaturated fatty acids	NPC superclass: Fatty acyls / NPC pathway: Fatty acids	Fatty acyls	98	1440	4603092128.1	34631729940.5	0.132915454584812	kruskal_wallis	0.541994188459187	0.742444286770597	ns	0.00808669428344783	0.00730672603012239
A549_210626_PS100	PS	raw	superclass	Fatty acyls	Acetate-derived alkaloids | Fatty alcohols | Fatty aldehydes | Hydrocarbons | Sphingoid bases | Unsaturated fatty acids	pathway	Fatty acids	Fatty acids	Fatty acyls	Acetate-derived alkaloids | Fatty alcohols | Fatty aldehydes | Hydrocarbons | Sphingoid bases | Unsaturated fatty acids	NPC superclass: Fatty acyls / NPC pathway: Fatty acids	Fatty acyls	98	1440	5038502854.1	42962798740.1	0.117275945745062	kruskal_wallis	0.541994188459187	0.742444286770597	ns	0.00808669428344783	0.00730672603012239
A549_210626_untreated	Untreated	raw	superclass	Fatty acyls	Acetate-derived alkaloids | Fatty alcohols | Fatty aldehydes | Hydrocarbons | Sphingoid bases | Unsaturated fatty acids	pathway	Fatty acids	Fatty acids	Fatty acyls	Acetate-derived alkaloids | Fatty alcohols | Fatty aldehydes | Hydrocarbons | Sphingoid bases | Unsaturated fatty acids	NPC superclass: Fatty acyls / NPC pathway: Fatty acids	Fatty acyls	98	1440	4953306523.6	37950422097.55	0.130520459321051	kruskal_wallis	0.541994188459187	0.742444286770597	ns	0.00808669428344783	0.00730672603012239
A549_110626_PET05	PET	raw	superclass	Fatty amides	Ceramides | Fatty acyl carnitines | Fatty acyl homoserine lactones | N-acyl amines | N-acyl ethanolamines (endocannabinoids) | Nitro fatty acids | Open-chain polyketides | Primary amides | Sphingoid bases	pathway	Fatty acids	Fatty acids	Fatty amides	Ceramides | Fatty acyl carnitines | Fatty acyl homoserine lactones | N-acyl amines | N-acyl ethanolamines (endocannabinoids) | Nitro fatty acids | Open-chain polyketides | Primary amides | Sphingoid bases	NPC superclass: Fatty amides / NPC pathway: Fatty acids	Fatty amides	321	1440	7077672235.2	34114366377.95	0.207468963567639	kruskal_wallis	0.388355806180039	0.698097555033196	ns	0.0146123544919158	0.017487567020091
A549_110626_PET100	PET	raw	superclass	Fatty amides	Ceramides | Fatty acyl carnitines | Fatty acyl homoserine lactones | N-acyl amines | N-acyl ethanolamines (endocannabinoids) | Nitro fatty acids | Open-chain polyketides | Primary amides | Sphingoid bases	pathway	Fatty acids	Fatty acids	Fatty amides	Ceramides | Fatty acyl carnitines | Fatty acyl homoserine lactones | N-acyl amines | N-acyl ethanolamines (endocannabinoids) | Nitro fatty acids | Open-chain polyketides | Primary amides | Sphingoid bases	NPC superclass: Fatty amides / NPC pathway: Fatty acids	Fatty amides	321	1440	7314980310.6	35458165160.66	0.206298895542283	kruskal_wallis	0.388355806180039	0.698097555033196	ns	0.0146123544919158	0.017487567020091
A549_110626_PS05	PS	raw	superclass	Fatty amides	Ceramides | Fatty acyl carnitines | Fatty acyl homoserine lactones | N-acyl amines | N-acyl ethanolamines (endocannabinoids) | Nitro fatty acids | Open-chain polyketides | Primary amides | Sphingoid bases	pathway	Fatty acids	Fatty acids	Fatty amides	Ceramides | Fatty acyl carnitines | Fatty acyl homoserine lactones | N-acyl amines | N-acyl ethanolamines (endocannabinoids) | Nitro fatty acids | Open-chain polyketides | Primary amides | Sphingoid bases	NPC superclass: Fatty amides / NPC pathway: Fatty acids	Fatty amides	321	1440	6720092656.3	34785738556.84	0.19318528037918	kruskal_wallis	0.388355806180039	0.698097555033196	ns	0.0146123544919158	0.017487567020091
A549_110626_PS100	PS	raw	superclass	Fatty amides	Ceramides | Fatty acyl carnitines | Fatty acyl homoserine lactones | N-acyl amines | N-acyl ethanolamines (endocannabinoids) | Nitro fatty acids | Open-chain polyketides | Primary amides | Sphingoid bases	pathway	Fatty acids	Fatty acids	Fatty amides	Ceramides | Fatty acyl carnitines | Fatty acyl homoserine lactones | N-acyl amines | N-acyl ethanolamines (endocannabinoids) | Nitro fatty acids | Open-chain polyketides | Primary amides | Sphingoid bases	NPC superclass: Fatty amides / NPC pathway: Fatty acids	Fatty amides	321	1440	7147028949.3	39295522102.6	0.181878966530569	kruskal_wallis	0.388355806180039	0.698097555033196	ns	0.0146123544919158	0.017487567020091
A549_110626_untreated	Untreated	raw	superclass	Fatty amides	Ceramides | Fatty acyl carnitines | Fatty acyl homoserine lactones | N-acyl amines | N-acyl ethanolamines (endocannabinoids) | Nitro fatty acids | Open-chain polyketides | Primary amides | Sphingoid bases	pathway	Fatty acids	Fatty acids	Fatty amides	Ceramides | Fatty acyl carnitines | Fatty acyl homoserine lactones | N-acyl amines | N-acyl ethanolamines (endocannabinoids) | Nitro fatty acids | Open-chain polyketides | Primary amides | Sphingoid bases	NPC superclass: Fatty amides / NPC pathway: Fatty acids	Fatty amides	321	1440	7454909183.8	40726922534.5	0.183046219057797	kruskal_wallis	0.388355806180039	0.698097555033196	ns	0.0146123544919158	0.017487567020091
A549_180626_PET05	PET	raw	superclass	Fatty amides	Ceramides | Fatty acyl carnitines | Fatty acyl homoserine lactones | N-acyl amines | N-acyl ethanolamines (endocannabinoids) | Nitro fatty acids | Open-chain polyketides | Primary amides | Sphingoid bases	pathway	Fatty acids	Fatty acids	Fatty amides	Ceramides | Fatty acyl carnitines | Fatty acyl homoserine lactones | N-acyl amines | N-acyl ethanolamines (endocannabinoids) | Nitro fatty acids | Open-chain polyketides | Primary amides | Sphingoid bases	NPC superclass: Fatty amides / NPC pathway: Fatty acids	Fatty amides	321	1440	7220295774.8	31199184663.6	0.2314257841239	kruskal_wallis	0.388355806180039	0.698097555033196	ns	0.0146123544919158	0.017487567020091
A549_180626_PET100	PET	raw	superclass	Fatty amides	Ceramides | Fatty acyl carnitines | Fatty acyl homoserine lactones | N-acyl amines | N-acyl ethanolamines (endocannabinoids) | Nitro fatty acids | Open-chain polyketides | Primary amides | Sphingoid bases	pathway	Fatty acids	Fatty acids	Fatty amides	Ceramides | Fatty acyl carnitines | Fatty acyl homoserine lactones | N-acyl amines | N-acyl ethanolamines (endocannabinoids) | Nitro fatty acids | Open-chain polyketides | Primary amides | Sphingoid bases	NPC superclass: Fatty amides / NPC pathway: Fatty acids	Fatty amides	321	1440	7251364919.6	36474343757.1	0.198807275818046	kruskal_wallis	0.388355806180039	0.698097555033196	ns	0.0146123544919158	0.017487567020091
A549_180626_PS05	PS	raw	superclass	Fatty amides	Ceramides | Fatty acyl carnitines | Fatty acyl homoserine lactones | N-acyl amines | N-acyl ethanolamines (endocannabinoids) | Nitro fatty acids | Open-chain polyketides | Primary amides | Sphingoid bases	pathway	Fatty acids	Fatty acids	Fatty amides	Ceramides | Fatty acyl carnitines | Fatty acyl homoserine lactones | N-acyl amines | N-acyl ethanolamines (endocannabinoids) | Nitro fatty acids | Open-chain polyketides | Primary amides | Sphingoid bases	NPC superclass: Fatty amides / NPC pathway: Fatty acids	Fatty amides	321	1440	7781802480.3	36381542275.7	0.213894243991345	kruskal_wallis	0.388355806180039	0.698097555033196	ns	0.0146123544919158	0.017487567020091
A549_180626_PS100	PS	raw	superclass	Fatty amides	Ceramides | Fatty acyl carnitines | Fatty acyl homoserine lactones | N-acyl amines | N-acyl ethanolamines (endocannabinoids) | Nitro fatty acids | Open-chain polyketides | Primary amides | Sphingoid bases	pathway	Fatty acids	Fatty acids	Fatty amides	Ceramides | Fatty acyl carnitines | Fatty acyl homoserine lactones | N-acyl amines | N-acyl ethanolamines (endocannabinoids) | Nitro fatty acids | Open-chain polyketides | Primary amides | Sphingoid bases	NPC superclass: Fatty amides / NPC pathway: Fatty acids	Fatty amides	321	1440	7934997420.6	38000221483.6	0.2088145045161	kruskal_wallis	0.388355806180039	0.698097555033196	ns	0.0146123544919158	0.017487567020091
A549_180626_untreated	Untreated	raw	superclass	Fatty amides	Ceramides | Fatty acyl carnitines | Fatty acyl homoserine lactones | N-acyl amines | N-acyl ethanolamines (endocannabinoids) | Nitro fatty acids | Open-chain polyketides | Primary amides | Sphingoid bases	pathway	Fatty acids	Fatty acids	Fatty amides	Ceramides | Fatty acyl carnitines | Fatty acyl homoserine lactones | N-acyl amines | N-acyl ethanolamines (endocannabinoids) | Nitro fatty acids | Open-chain polyketides | Primary amides | Sphingoid bases	NPC superclass: Fatty amides / NPC pathway: Fatty acids	Fatty amides	321	1440	7401890020.5	38180285352.2	0.193866807233631	kruskal_wallis	0.388355806180039	0.698097555033196	ns	0.0146123544919158	0.017487567020091
A549_210626_PET05	PET	raw	superclass	Fatty amides	Ceramides | Fatty acyl carnitines | Fatty acyl homoserine lactones | N-acyl amines | N-acyl ethanolamines (endocannabinoids) | Nitro fatty acids | Open-chain polyketides | Primary amides | Sphingoid bases	pathway	Fatty acids	Fatty acids	Fatty amides	Ceramides | Fatty acyl carnitines | Fatty acyl homoserine lactones | N-acyl amines | N-acyl ethanolamines (endocannabinoids) | Nitro fatty acids | Open-chain polyketides | Primary amides | Sphingoid bases	NPC superclass: Fatty amides / NPC pathway: Fatty acids	Fatty amides	321	1440	7055918564.9	36530109795.76	0.19315350006747	kruskal_wallis	0.388355806180039	0.698097555033196	ns	0.0146123544919158	0.017487567020091
A549_210626_PET100	PET	raw	superclass	Fatty amides	Ceramides | Fatty acyl carnitines | Fatty acyl homoserine lactones | N-acyl amines | N-acyl ethanolamines (endocannabinoids) | Nitro fatty acids | Open-chain polyketides | Primary amides | Sphingoid bases	pathway	Fatty acids	Fatty acids	Fatty amides	Ceramides | Fatty acyl carnitines | Fatty acyl homoserine lactones | N-acyl amines | N-acyl ethanolamines (endocannabinoids) | Nitro fatty acids | Open-chain polyketides | Primary amides | Sphingoid bases	NPC superclass: Fatty amides / NPC pathway: Fatty acids	Fatty amides	321	1440	7518020217	40523921542.8	0.185520550104207	kruskal_wallis	0.388355806180039	0.698097555033196	ns	0.0146123544919158	0.017487567020091
A549_210626_PS05	PS	raw	superclass	Fatty amides	Ceramides | Fatty acyl carnitines | Fatty acyl homoserine lactones | N-acyl amines | N-acyl ethanolamines (endocannabinoids) | Nitro fatty acids | Open-chain polyketides | Primary amides | Sphingoid bases	pathway	Fatty acids	Fatty acids	Fatty amides	Ceramides | Fatty acyl carnitines | Fatty acyl homoserine lactones | N-acyl amines | N-acyl ethanolamines (endocannabinoids) | Nitro fatty acids | Open-chain polyketides | Primary amides | Sphingoid bases	NPC superclass: Fatty amides / NPC pathway: Fatty acids	Fatty amides	321	1440	7698998108.3	34631729940.5	0.222310526258072	kruskal_wallis	0.388355806180039	0.698097555033196	ns	0.0146123544919158	0.017487567020091
A549_210626_PS100	PS	raw	superclass	Fatty amides	Ceramides | Fatty acyl carnitines | Fatty acyl homoserine lactones | N-acyl amines | N-acyl ethanolamines (endocannabinoids) | Nitro fatty acids | Open-chain polyketides | Primary amides | Sphingoid bases	pathway	Fatty acids	Fatty acids	Fatty amides	Ceramides | Fatty acyl carnitines | Fatty acyl homoserine lactones | N-acyl amines | N-acyl ethanolamines (endocannabinoids) | Nitro fatty acids | Open-chain polyketides | Primary amides | Sphingoid bases	NPC superclass: Fatty amides / NPC pathway: Fatty acids	Fatty amides	321	1440	9214452847.1	42962798740.1	0.214475153326069	kruskal_wallis	0.388355806180039	0.698097555033196	ns	0.0146123544919158	0.017487567020091
A549_210626_untreated	Untreated	raw	superclass	Fatty amides	Ceramides | Fatty acyl carnitines | Fatty acyl homoserine lactones | N-acyl amines | N-acyl ethanolamines (endocannabinoids) | Nitro fatty acids | Open-chain polyketides | Primary amides | Sphingoid bases	pathway	Fatty acids	Fatty acids	Fatty amides	Ceramides | Fatty acyl carnitines | Fatty acyl homoserine lactones | N-acyl amines | N-acyl ethanolamines (endocannabinoids) | Nitro fatty acids | Open-chain polyketides | Primary amides | Sphingoid bases	NPC superclass: Fatty amides / NPC pathway: Fatty acids	Fatty amides	321	1440	7458367906	37950422097.55	0.196529247733492	kruskal_wallis	0.388355806180039	0.698097555033196	ns	0.0146123544919158	0.017487567020091
A549_110626_PET05	PET	raw	superclass	Fatty esters	Ceramides | Cholane steroids | Diacylglycerols | Fatty acid estolides | Fatty acyl carnitines | Lactones | N-acyl amines | Wax monoesters	pathway	Fatty acids	Fatty acids	Fatty esters	Ceramides | Cholane steroids | Diacylglycerols | Fatty acid estolides | Fatty acyl carnitines | Lactones | N-acyl amines | Wax monoesters	NPC superclass: Fatty esters / NPC pathway: Fatty acids	Fatty esters	87	1440	1392982710	34114366377.95	0.0408327299580262	kruskal_wallis	0.199388519168535	0.481152690015652	ns	0.0124567967226145	0.0113588847120329
A549_110626_PET100	PET	raw	superclass	Fatty esters	Ceramides | Cholane steroids | Diacylglycerols | Fatty acid estolides | Fatty acyl carnitines | Lactones | N-acyl amines | Wax monoesters	pathway	Fatty acids	Fatty acids	Fatty esters	Ceramides | Cholane steroids | Diacylglycerols | Fatty acid estolides | Fatty acyl carnitines | Lactones | N-acyl amines | Wax monoesters	NPC superclass: Fatty esters / NPC pathway: Fatty acids	Fatty esters	87	1440	1167547852.9	35458165160.66	0.0329274751699608	kruskal_wallis	0.199388519168535	0.481152690015652	ns	0.0124567967226145	0.0113588847120329
A549_110626_PS05	PS	raw	superclass	Fatty esters	Ceramides | Cholane steroids | Diacylglycerols | Fatty acid estolides | Fatty acyl carnitines | Lactones | N-acyl amines | Wax monoesters	pathway	Fatty acids	Fatty acids	Fatty esters	Ceramides | Cholane steroids | Diacylglycerols | Fatty acid estolides | Fatty acyl carnitines | Lactones | N-acyl amines | Wax monoesters	NPC superclass: Fatty esters / NPC pathway: Fatty acids	Fatty esters	87	1440	1032819097.6	34785738556.84	0.0296908773666648	kruskal_wallis	0.199388519168535	0.481152690015652	ns	0.0124567967226145	0.0113588847120329
A549_110626_PS100	PS	raw	superclass	Fatty esters	Ceramides | Cholane steroids | Diacylglycerols | Fatty acid estolides | Fatty acyl carnitines | Lactones | N-acyl amines | Wax monoesters	pathway	Fatty acids	Fatty acids	Fatty esters	Ceramides | Cholane steroids | Diacylglycerols | Fatty acid estolides | Fatty acyl carnitines | Lactones | N-acyl amines | Wax monoesters	NPC superclass: Fatty esters / NPC pathway: Fatty acids	Fatty esters	87	1440	1082001706.9	39295522102.6	0.0275349874236283	kruskal_wallis	0.199388519168535	0.481152690015652	ns	0.0124567967226145	0.0113588847120329
A549_110626_untreated	Untreated	raw	superclass	Fatty esters	Ceramides | Cholane steroids | Diacylglycerols | Fatty acid estolides | Fatty acyl carnitines | Lactones | N-acyl amines | Wax monoesters	pathway	Fatty acids	Fatty acids	Fatty esters	Ceramides | Cholane steroids | Diacylglycerols | Fatty acid estolides | Fatty acyl carnitines | Lactones | N-acyl amines | Wax monoesters	NPC superclass: Fatty esters / NPC pathway: Fatty acids	Fatty esters	87	1440	1684217824	40726922534.5	0.0413539182238307	kruskal_wallis	0.199388519168535	0.481152690015652	ns	0.0124567967226145	0.0113588847120329
A549_180626_PET05	PET	raw	superclass	Fatty esters	Ceramides | Cholane steroids | Diacylglycerols | Fatty acid estolides | Fatty acyl carnitines | Lactones | N-acyl amines | Wax monoesters	pathway	Fatty acids	Fatty acids	Fatty esters	Ceramides | Cholane steroids | Diacylglycerols | Fatty acid estolides | Fatty acyl carnitines | Lactones | N-acyl amines | Wax monoesters	NPC superclass: Fatty esters / NPC pathway: Fatty acids	Fatty esters	87	1440	1017272694.8	31199184663.6	0.0326057461362716	kruskal_wallis	0.199388519168535	0.481152690015652	ns	0.0124567967226145	0.0113588847120329
A549_180626_PET100	PET	raw	superclass	Fatty esters	Ceramides | Cholane steroids | Diacylglycerols | Fatty acid estolides | Fatty acyl carnitines | Lactones | N-acyl amines | Wax monoesters	pathway	Fatty acids	Fatty acids	Fatty esters	Ceramides | Cholane steroids | Diacylglycerols | Fatty acid estolides | Fatty acyl carnitines | Lactones | N-acyl amines | Wax monoesters	NPC superclass: Fatty esters / NPC pathway: Fatty acids	Fatty esters	87	1440	775740275.4	36474343757.1	0.0212681078120561	kruskal_wallis	0.199388519168535	0.481152690015652	ns	0.0124567967226145	0.0113588847120329
A549_180626_PS05	PS	raw	superclass	Fatty esters	Ceramides | Cholane steroids | Diacylglycerols | Fatty acid estolides | Fatty acyl carnitines | Lactones | N-acyl amines | Wax monoesters	pathway	Fatty acids	Fatty acids	Fatty esters	Ceramides | Cholane steroids | Diacylglycerols | Fatty acid estolides | Fatty acyl carnitines | Lactones | N-acyl amines | Wax monoesters	NPC superclass: Fatty esters / NPC pathway: Fatty acids	Fatty esters	87	1440	1320832522.9	36381542275.7	0.0363050173324349	kruskal_wallis	0.199388519168535	0.481152690015652	ns	0.0124567967226145	0.0113588847120329
A549_180626_PS100	PS	raw	superclass	Fatty esters	Ceramides | Cholane steroids | Diacylglycerols | Fatty acid estolides | Fatty acyl carnitines | Lactones | N-acyl amines | Wax monoesters	pathway	Fatty acids	Fatty acids	Fatty esters	Ceramides | Cholane steroids | Diacylglycerols | Fatty acid estolides | Fatty acyl carnitines | Lactones | N-acyl amines | Wax monoesters	NPC superclass: Fatty esters / NPC pathway: Fatty acids	Fatty esters	87	1440	1973958494.3	38000221483.6	0.0519459733978633	kruskal_wallis	0.199388519168535	0.481152690015652	ns	0.0124567967226145	0.0113588847120329
A549_180626_untreated	Untreated	raw	superclass	Fatty esters	Ceramides | Cholane steroids | Diacylglycerols | Fatty acid estolides | Fatty acyl carnitines | Lactones | N-acyl amines | Wax monoesters	pathway	Fatty acids	Fatty acids	Fatty esters	Ceramides | Cholane steroids | Diacylglycerols | Fatty acid estolides | Fatty acyl carnitines | Lactones | N-acyl amines | Wax monoesters	NPC superclass: Fatty esters / NPC pathway: Fatty acids	Fatty esters	87	1440	1589632688.9	38180285352.2	0.0416349085460254	kruskal_wallis	0.199388519168535	0.481152690015652	ns	0.0124567967226145	0.0113588847120329
A549_210626_PET05	PET	raw	superclass	Fatty esters	Ceramides | Cholane steroids | Diacylglycerols | Fatty acid estolides | Fatty acyl carnitines | Lactones | N-acyl amines | Wax monoesters	pathway	Fatty acids	Fatty acids	Fatty esters	Ceramides | Cholane steroids | Diacylglycerols | Fatty acid estolides | Fatty acyl carnitines | Lactones | N-acyl amines | Wax monoesters	NPC superclass: Fatty esters / NPC pathway: Fatty acids	Fatty esters	87	1440	1097996468.4	36530109795.76	0.0300572999790831	kruskal_wallis	0.199388519168535	0.481152690015652	ns	0.0124567967226145	0.0113588847120329
A549_210626_PET100	PET	raw	superclass	Fatty esters	Ceramides | Cholane steroids | Diacylglycerols | Fatty acid estolides | Fatty acyl carnitines | Lactones | N-acyl amines | Wax monoesters	pathway	Fatty acids	Fatty acids	Fatty esters	Ceramides | Cholane steroids | Diacylglycerols | Fatty acid estolides | Fatty acyl carnitines | Lactones | N-acyl amines | Wax monoesters	NPC superclass: Fatty esters / NPC pathway: Fatty acids	Fatty esters	87	1440	1344833751	40523921542.8	0.0331861700398278	kruskal_wallis	0.199388519168535	0.481152690015652	ns	0.0124567967226145	0.0113588847120329
A549_210626_PS05	PS	raw	superclass	Fatty esters	Ceramides | Cholane steroids | Diacylglycerols | Fatty acid estolides | Fatty acyl carnitines | Lactones | N-acyl amines | Wax monoesters	pathway	Fatty acids	Fatty acids	Fatty esters	Ceramides | Cholane steroids | Diacylglycerols | Fatty acid estolides | Fatty acyl carnitines | Lactones | N-acyl amines | Wax monoesters	NPC superclass: Fatty esters / NPC pathway: Fatty acids	Fatty esters	87	1440	2151062329	34631729940.5	0.062112471213413	kruskal_wallis	0.199388519168535	0.481152690015652	ns	0.0124567967226145	0.0113588847120329
A549_210626_PS100	PS	raw	superclass	Fatty esters	Ceramides | Cholane steroids | Diacylglycerols | Fatty acid estolides | Fatty acyl carnitines | Lactones | N-acyl amines | Wax monoesters	pathway	Fatty acids	Fatty acids	Fatty esters	Ceramides | Cholane steroids | Diacylglycerols | Fatty acid estolides | Fatty acyl carnitines | Lactones | N-acyl amines | Wax monoesters	NPC superclass: Fatty esters / NPC pathway: Fatty acids	Fatty esters	87	1440	2493087504.7	42962798740.1	0.0580289826969079	kruskal_wallis	0.199388519168535	0.481152690015652	ns	0.0124567967226145	0.0113588847120329
A549_210626_untreated	Untreated	raw	superclass	Fatty esters	Ceramides | Cholane steroids | Diacylglycerols | Fatty acid estolides | Fatty acyl carnitines | Lactones | N-acyl amines | Wax monoesters	pathway	Fatty acids	Fatty acids	Fatty esters	Ceramides | Cholane steroids | Diacylglycerols | Fatty acid estolides | Fatty acyl carnitines | Lactones | N-acyl amines | Wax monoesters	NPC superclass: Fatty esters / NPC pathway: Fatty acids	Fatty esters	87	1440	1330884354.2	37950422097.55	0.0350690263939362	kruskal_wallis	0.199388519168535	0.481152690015652	ns	0.0124567967226145	0.0113588847120329
A549_110626_PET05	PET	raw	superclass	Glycerolipids	Diacylglycerols | Fatty alcohols | Glycerophosphoserines | Monoacylglycerols | Triacylglycerols | Wax monoesters	pathway	Fatty acids	Fatty acids	Glycerolipids	Diacylglycerols | Fatty alcohols | Glycerophosphoserines | Monoacylglycerols | Triacylglycerols | Wax monoesters	NPC superclass: Glycerolipids / NPC pathway: Fatty acids	Glycerolipids	91	1440	646777337.3	34114366377.95	0.0189590898489631	kruskal_wallis	0.133654121348031	0.42571312725669	ns	0.0026232366157902	0.00324672802829776
A549_110626_PET100	PET	raw	superclass	Glycerolipids	Diacylglycerols | Fatty alcohols | Glycerophosphoserines | Monoacylglycerols | Triacylglycerols | Wax monoesters	pathway	Fatty acids	Fatty acids	Glycerolipids	Diacylglycerols | Fatty alcohols | Glycerophosphoserines | Monoacylglycerols | Triacylglycerols | Wax monoesters	NPC superclass: Glycerolipids / NPC pathway: Fatty acids	Glycerolipids	91	1440	710706758.9	35458165160.66	0.0200435289214714	kruskal_wallis	0.133654121348031	0.42571312725669	ns	0.0026232366157902	0.00324672802829776
A549_110626_PS05	PS	raw	superclass	Glycerolipids	Diacylglycerols | Fatty alcohols | Glycerophosphoserines | Monoacylglycerols | Triacylglycerols | Wax monoesters	pathway	Fatty acids	Fatty acids	Glycerolipids	Diacylglycerols | Fatty alcohols | Glycerophosphoserines | Monoacylglycerols | Triacylglycerols | Wax monoesters	NPC superclass: Glycerolipids / NPC pathway: Fatty acids	Glycerolipids	91	1440	647181933.4	34785738556.84	0.0186048064594777	kruskal_wallis	0.133654121348031	0.42571312725669	ns	0.0026232366157902	0.00324672802829776
A549_110626_PS100	PS	raw	superclass	Glycerolipids	Diacylglycerols | Fatty alcohols | Glycerophosphoserines | Monoacylglycerols | Triacylglycerols | Wax monoesters	pathway	Fatty acids	Fatty acids	Glycerolipids	Diacylglycerols | Fatty alcohols | Glycerophosphoserines | Monoacylglycerols | Triacylglycerols | Wax monoesters	NPC superclass: Glycerolipids / NPC pathway: Fatty acids	Glycerolipids	91	1440	758003028.5	39295522102.6	0.0192898067754607	kruskal_wallis	0.133654121348031	0.42571312725669	ns	0.0026232366157902	0.00324672802829776
A549_110626_untreated	Untreated	raw	superclass	Glycerolipids	Diacylglycerols | Fatty alcohols | Glycerophosphoserines | Monoacylglycerols | Triacylglycerols | Wax monoesters	pathway	Fatty acids	Fatty acids	Glycerolipids	Diacylglycerols | Fatty alcohols | Glycerophosphoserines | Monoacylglycerols | Triacylglycerols | Wax monoesters	NPC superclass: Glycerolipids / NPC pathway: Fatty acids	Glycerolipids	91	1440	738420837.1	40726922534.5	0.0181310246673924	kruskal_wallis	0.133654121348031	0.42571312725669	ns	0.0026232366157902	0.00324672802829776
A549_180626_PET05	PET	raw	superclass	Glycerolipids	Diacylglycerols | Fatty alcohols | Glycerophosphoserines | Monoacylglycerols | Triacylglycerols | Wax monoesters	pathway	Fatty acids	Fatty acids	Glycerolipids	Diacylglycerols | Fatty alcohols | Glycerophosphoserines | Monoacylglycerols | Triacylglycerols | Wax monoesters	NPC superclass: Glycerolipids / NPC pathway: Fatty acids	Glycerolipids	91	1440	531669514.8	31199184663.6	0.0170411349056919	kruskal_wallis	0.133654121348031	0.42571312725669	ns	0.0026232366157902	0.00324672802829776
A549_180626_PET100	PET	raw	superclass	Glycerolipids	Diacylglycerols | Fatty alcohols | Glycerophosphoserines | Monoacylglycerols | Triacylglycerols | Wax monoesters	pathway	Fatty acids	Fatty acids	Glycerolipids	Diacylglycerols | Fatty alcohols | Glycerophosphoserines | Monoacylglycerols | Triacylglycerols | Wax monoesters	NPC superclass: Glycerolipids / NPC pathway: Fatty acids	Glycerolipids	91	1440	688501887	36474343757.1	0.0188763337754631	kruskal_wallis	0.133654121348031	0.42571312725669	ns	0.0026232366157902	0.00324672802829776
A549_180626_PS05	PS	raw	superclass	Glycerolipids	Diacylglycerols | Fatty alcohols | Glycerophosphoserines | Monoacylglycerols | Triacylglycerols | Wax monoesters	pathway	Fatty acids	Fatty acids	Glycerolipids	Diacylglycerols | Fatty alcohols | Glycerophosphoserines | Monoacylglycerols | Triacylglycerols | Wax monoesters	NPC superclass: Glycerolipids / NPC pathway: Fatty acids	Glycerolipids	91	1440	779332890.7	36381542275.7	0.0214211064719082	kruskal_wallis	0.133654121348031	0.42571312725669	ns	0.0026232366157902	0.00324672802829776
A549_180626_PS100	PS	raw	superclass	Glycerolipids	Diacylglycerols | Fatty alcohols | Glycerophosphoserines | Monoacylglycerols | Triacylglycerols | Wax monoesters	pathway	Fatty acids	Fatty acids	Glycerolipids	Diacylglycerols | Fatty alcohols | Glycerophosphoserines | Monoacylglycerols | Triacylglycerols | Wax monoesters	NPC superclass: Glycerolipids / NPC pathway: Fatty acids	Glycerolipids	91	1440	884653917.2	38000221483.6	0.0232802305529139	kruskal_wallis	0.133654121348031	0.42571312725669	ns	0.0026232366157902	0.00324672802829776
A549_180626_untreated	Untreated	raw	superclass	Glycerolipids	Diacylglycerols | Fatty alcohols | Glycerophosphoserines | Monoacylglycerols | Triacylglycerols | Wax monoesters	pathway	Fatty acids	Fatty acids	Glycerolipids	Diacylglycerols | Fatty alcohols | Glycerophosphoserines | Monoacylglycerols | Triacylglycerols | Wax monoesters	NPC superclass: Glycerolipids / NPC pathway: Fatty acids	Glycerolipids	91	1440	816203921.3	38180285352.2	0.0213776275837333	kruskal_wallis	0.133654121348031	0.42571312725669	ns	0.0026232366157902	0.00324672802829776
A549_210626_PET05	PET	raw	superclass	Glycerolipids	Diacylglycerols | Fatty alcohols | Glycerophosphoserines | Monoacylglycerols | Triacylglycerols | Wax monoesters	pathway	Fatty acids	Fatty acids	Glycerolipids	Diacylglycerols | Fatty alcohols | Glycerophosphoserines | Monoacylglycerols | Triacylglycerols | Wax monoesters	NPC superclass: Glycerolipids / NPC pathway: Fatty acids	Glycerolipids	91	1440	727556248.3	36530109795.76	0.0199166181642423	kruskal_wallis	0.133654121348031	0.42571312725669	ns	0.0026232366157902	0.00324672802829776
A549_210626_PET100	PET	raw	superclass	Glycerolipids	Diacylglycerols | Fatty alcohols | Glycerophosphoserines | Monoacylglycerols | Triacylglycerols | Wax monoesters	pathway	Fatty acids	Fatty acids	Glycerolipids	Diacylglycerols | Fatty alcohols | Glycerophosphoserines | Monoacylglycerols | Triacylglycerols | Wax monoesters	NPC superclass: Glycerolipids / NPC pathway: Fatty acids	Glycerolipids	91	1440	773952942.4	40523921542.8	0.0190986684638252	kruskal_wallis	0.133654121348031	0.42571312725669	ns	0.0026232366157902	0.00324672802829776
A549_210626_PS05	PS	raw	superclass	Glycerolipids	Diacylglycerols | Fatty alcohols | Glycerophosphoserines | Monoacylglycerols | Triacylglycerols | Wax monoesters	pathway	Fatty acids	Fatty acids	Glycerolipids	Diacylglycerols | Fatty alcohols | Glycerophosphoserines | Monoacylglycerols | Triacylglycerols | Wax monoesters	NPC superclass: Glycerolipids / NPC pathway: Fatty acids	Glycerolipids	91	1440	801035650.2	34631729940.5	0.0231301078974756	kruskal_wallis	0.133654121348031	0.42571312725669	ns	0.0026232366157902	0.00324672802829776
A549_210626_PS100	PS	raw	superclass	Glycerolipids	Diacylglycerols | Fatty alcohols | Glycerophosphoserines | Monoacylglycerols | Triacylglycerols | Wax monoesters	pathway	Fatty acids	Fatty acids	Glycerolipids	Diacylglycerols | Fatty alcohols | Glycerophosphoserines | Monoacylglycerols | Triacylglycerols | Wax monoesters	NPC superclass: Glycerolipids / NPC pathway: Fatty acids	Glycerolipids	91	1440	1028904708.4	42962798740.1	0.0239487356171621	kruskal_wallis	0.133654121348031	0.42571312725669	ns	0.0026232366157902	0.00324672802829776
A549_210626_untreated	Untreated	raw	superclass	Glycerolipids	Diacylglycerols | Fatty alcohols | Glycerophosphoserines | Monoacylglycerols | Triacylglycerols | Wax monoesters	pathway	Fatty acids	Fatty acids	Glycerolipids	Diacylglycerols | Fatty alcohols | Glycerophosphoserines | Monoacylglycerols | Triacylglycerols | Wax monoesters	NPC superclass: Glycerolipids / NPC pathway: Fatty acids	Glycerolipids	91	1440	794890291.1	37950422097.55	0.0209454927551732	kruskal_wallis	0.133654121348031	0.42571312725669	ns	0.0026232366157902	0.00324672802829776
A549_110626_PET05	PET	raw	superclass	Glycerophospholipids	Glycerophosphates | Glycerophosphocholines | Glycerophosphoethanolamines | Glycerophosphoinositols | Glycerophosphoserines	pathway	Fatty acids	Fatty acids	Glycerophospholipids	Glycerophosphates | Glycerophosphocholines | Glycerophosphoethanolamines | Glycerophosphoinositols | Glycerophosphoserines	NPC superclass: Glycerophospholipids / NPC pathway: Fatty acids	Glycerophospholipids	192	1440	7719825766.2	34114366377.95	0.226292515026448	kruskal_wallis	0.0961672258808662	0.385631433652025	ns	0.0477437762840568	0.0374554299684259
A549_110626_PET100	PET	raw	superclass	Glycerophospholipids	Glycerophosphates | Glycerophosphocholines | Glycerophosphoethanolamines | Glycerophosphoinositols | Glycerophosphoserines	pathway	Fatty acids	Fatty acids	Glycerophospholipids	Glycerophosphates | Glycerophosphocholines | Glycerophosphoethanolamines | Glycerophosphoinositols | Glycerophosphoserines	NPC superclass: Glycerophospholipids / NPC pathway: Fatty acids	Glycerophospholipids	192	1440	7514813072	35458165160.66	0.211934628821051	kruskal_wallis	0.0961672258808662	0.385631433652025	ns	0.0477437762840568	0.0374554299684259
A549_110626_PS05	PS	raw	superclass	Glycerophospholipids	Glycerophosphates | Glycerophosphocholines | Glycerophosphoethanolamines | Glycerophosphoinositols | Glycerophosphoserines	pathway	Fatty acids	Fatty acids	Glycerophospholipids	Glycerophosphates | Glycerophosphocholines | Glycerophosphoethanolamines | Glycerophosphoinositols | Glycerophosphoserines	NPC superclass: Glycerophospholipids / NPC pathway: Fatty acids	Glycerophospholipids	192	1440	9084935956	34785738556.84	0.261168407885179	kruskal_wallis	0.0961672258808662	0.385631433652025	ns	0.0477437762840568	0.0374554299684259
A549_110626_PS100	PS	raw	superclass	Glycerophospholipids	Glycerophosphates | Glycerophosphocholines | Glycerophosphoethanolamines | Glycerophosphoinositols | Glycerophosphoserines	pathway	Fatty acids	Fatty acids	Glycerophospholipids	Glycerophosphates | Glycerophosphocholines | Glycerophosphoethanolamines | Glycerophosphoinositols | Glycerophosphoserines	NPC superclass: Glycerophospholipids / NPC pathway: Fatty acids	Glycerophospholipids	192	1440	9980267575.1	39295522102.6	0.25397976769571	kruskal_wallis	0.0961672258808662	0.385631433652025	ns	0.0477437762840568	0.0374554299684259
A549_110626_untreated	Untreated	raw	superclass	Glycerophospholipids	Glycerophosphates | Glycerophosphocholines | Glycerophosphoethanolamines | Glycerophosphoinositols | Glycerophosphoserines	pathway	Fatty acids	Fatty acids	Glycerophospholipids	Glycerophosphates | Glycerophosphocholines | Glycerophosphoethanolamines | Glycerophosphoinositols | Glycerophosphoserines	NPC superclass: Glycerophospholipids / NPC pathway: Fatty acids	Glycerophospholipids	192	1440	10911532587.6	40726922534.5	0.267919398485284	kruskal_wallis	0.0961672258808662	0.385631433652025	ns	0.0477437762840568	0.0374554299684259
A549_180626_PET05	PET	raw	superclass	Glycerophospholipids	Glycerophosphates | Glycerophosphocholines | Glycerophosphoethanolamines | Glycerophosphoinositols | Glycerophosphoserines	pathway	Fatty acids	Fatty acids	Glycerophospholipids	Glycerophosphates | Glycerophosphocholines | Glycerophosphoethanolamines | Glycerophosphoinositols | Glycerophosphoserines	NPC superclass: Glycerophospholipids / NPC pathway: Fatty acids	Glycerophospholipids	192	1440	5953881704.2	31199184663.6	0.190834528799285	kruskal_wallis	0.0961672258808662	0.385631433652025	ns	0.0477437762840568	0.0374554299684259
A549_180626_PET100	PET	raw	superclass	Glycerophospholipids	Glycerophosphates | Glycerophosphocholines | Glycerophosphoethanolamines | Glycerophosphoinositols | Glycerophosphoserines	pathway	Fatty acids	Fatty acids	Glycerophospholipids	Glycerophosphates | Glycerophosphocholines | Glycerophosphoethanolamines | Glycerophosphoinositols | Glycerophosphoserines	NPC superclass: Glycerophospholipids / NPC pathway: Fatty acids	Glycerophospholipids	192	1440	10276311793.8	36474343757.1	0.281740827531671	kruskal_wallis	0.0961672258808662	0.385631433652025	ns	0.0477437762840568	0.0374554299684259
A549_180626_PS05	PS	raw	superclass	Glycerophospholipids	Glycerophosphates | Glycerophosphocholines | Glycerophosphoethanolamines | Glycerophosphoinositols | Glycerophosphoserines	pathway	Fatty acids	Fatty acids	Glycerophospholipids	Glycerophosphates | Glycerophosphocholines | Glycerophosphoethanolamines | Glycerophosphoinositols | Glycerophosphoserines	NPC superclass: Glycerophospholipids / NPC pathway: Fatty acids	Glycerophospholipids	192	1440	9827251526.4	36381542275.7	0.270116408258037	kruskal_wallis	0.0961672258808662	0.385631433652025	ns	0.0477437762840568	0.0374554299684259
A549_180626_PS100	PS	raw	superclass	Glycerophospholipids	Glycerophosphates | Glycerophosphocholines | Glycerophosphoethanolamines | Glycerophosphoinositols | Glycerophosphoserines	pathway	Fatty acids	Fatty acids	Glycerophospholipids	Glycerophosphates | Glycerophosphocholines | Glycerophosphoethanolamines | Glycerophosphoinositols | Glycerophosphoserines	NPC superclass: Glycerophospholipids / NPC pathway: Fatty acids	Glycerophospholipids	192	1440	8624692823.1	38000221483.6	0.226964277743018	kruskal_wallis	0.0961672258808662	0.385631433652025	ns	0.0477437762840568	0.0374554299684259
A549_180626_untreated	Untreated	raw	superclass	Glycerophospholipids	Glycerophosphates | Glycerophosphocholines | Glycerophosphoethanolamines | Glycerophosphoinositols | Glycerophosphoserines	pathway	Fatty acids	Fatty acids	Glycerophospholipids	Glycerophosphates | Glycerophosphocholines | Glycerophosphoethanolamines | Glycerophosphoinositols | Glycerophosphoserines	NPC superclass: Glycerophospholipids / NPC pathway: Fatty acids	Glycerophospholipids	192	1440	11658648448.5	38180285352.2	0.305357813357155	kruskal_wallis	0.0961672258808662	0.385631433652025	ns	0.0477437762840568	0.0374554299684259
A549_210626_PET05	PET	raw	superclass	Glycerophospholipids	Glycerophosphates | Glycerophosphocholines | Glycerophosphoethanolamines | Glycerophosphoinositols | Glycerophosphoserines	pathway	Fatty acids	Fatty acids	Glycerophospholipids	Glycerophosphates | Glycerophosphocholines | Glycerophosphoethanolamines | Glycerophosphoinositols | Glycerophosphoserines	NPC superclass: Glycerophospholipids / NPC pathway: Fatty acids	Glycerophospholipids	192	1440	8571257727.9	36530109795.76	0.234635422007268	kruskal_wallis	0.0961672258808662	0.385631433652025	ns	0.0477437762840568	0.0374554299684259
A549_210626_PET100	PET	raw	superclass	Glycerophospholipids	Glycerophosphates | Glycerophosphocholines | Glycerophosphoethanolamines | Glycerophosphoinositols | Glycerophosphoserines	pathway	Fatty acids	Fatty acids	Glycerophospholipids	Glycerophosphates | Glycerophosphocholines | Glycerophosphoethanolamines | Glycerophosphoinositols | Glycerophosphoserines	NPC superclass: Glycerophospholipids / NPC pathway: Fatty acids	Glycerophospholipids	192	1440	9733515216.5	40523921542.8	0.240191838448305	kruskal_wallis	0.0961672258808662	0.385631433652025	ns	0.0477437762840568	0.0374554299684259
A549_210626_PS05	PS	raw	superclass	Glycerophospholipids	Glycerophosphates | Glycerophosphocholines | Glycerophosphoethanolamines | Glycerophosphoinositols | Glycerophosphoserines	pathway	Fatty acids	Fatty acids	Glycerophospholipids	Glycerophosphates | Glycerophosphocholines | Glycerophosphoethanolamines | Glycerophosphoinositols | Glycerophosphoserines	NPC superclass: Glycerophospholipids / NPC pathway: Fatty acids	Glycerophospholipids	192	1440	8450051594	34631729940.5	0.243997386457963	kruskal_wallis	0.0961672258808662	0.385631433652025	ns	0.0477437762840568	0.0374554299684259
A549_210626_PS100	PS	raw	superclass	Glycerophospholipids	Glycerophosphates | Glycerophosphocholines | Glycerophosphoethanolamines | Glycerophosphoinositols | Glycerophosphoserines	pathway	Fatty acids	Fatty acids	Glycerophospholipids	Glycerophosphates | Glycerophosphocholines | Glycerophosphoethanolamines | Glycerophosphoinositols | Glycerophosphoserines	NPC superclass: Glycerophospholipids / NPC pathway: Fatty acids	Glycerophospholipids	192	1440	8259892165.4	42962798740.1	0.192256845634465	kruskal_wallis	0.0961672258808662	0.385631433652025	ns	0.0477437762840568	0.0374554299684259
A549_210626_untreated	Untreated	raw	superclass	Glycerophospholipids	Glycerophosphates | Glycerophosphocholines | Glycerophosphoethanolamines | Glycerophosphoinositols | Glycerophosphoserines	pathway	Fatty acids	Fatty acids	Glycerophospholipids	Glycerophosphates | Glycerophosphocholines | Glycerophosphoethanolamines | Glycerophosphoinositols | Glycerophosphoserines	NPC superclass: Glycerophospholipids / NPC pathway: Fatty acids	Glycerophospholipids	192	1440	9972194362.7	37950422097.55	0.262768997326746	kruskal_wallis	0.0961672258808662	0.385631433652025	ns	0.0477437762840568	0.0374554299684259
A549_110626_PET05	PET	raw	superclass	Histidine alkaloids	Imidazole alkaloids	pathway	Alkaloids	Alkaloids	Histidine alkaloids	Imidazole alkaloids	NPC superclass: Histidine alkaloids / NPC pathway: Alkaloids	Histidine alkaloids	1	93	1013873.6	787230408.2	0.00128789943762236	kruskal_wallis	0.0407622039783662	0.35055495421395	ns	0.000582555758234312	0.000548871716485983
A549_110626_PET100	PET	raw	superclass	Histidine alkaloids	Imidazole alkaloids	pathway	Alkaloids	Alkaloids	Histidine alkaloids	Imidazole alkaloids	NPC superclass: Histidine alkaloids / NPC pathway: Alkaloids	Histidine alkaloids	1	93	1013873.6	1433301569.5	0.000707369350299173	kruskal_wallis	0.0407622039783662	0.35055495421395	ns	0.000582555758234312	0.000548871716485983
A549_110626_PS05	PS	raw	superclass	Histidine alkaloids	Imidazole alkaloids	pathway	Alkaloids	Alkaloids	Histidine alkaloids	Imidazole alkaloids	NPC superclass: Histidine alkaloids / NPC pathway: Alkaloids	Histidine alkaloids	1	93	1013873.6	779730417.2	0.00130028735269916	kruskal_wallis	0.0407622039783662	0.35055495421395	ns	0.000582555758234312	0.000548871716485983
A549_110626_PS100	PS	raw	superclass	Histidine alkaloids	Imidazole alkaloids	pathway	Alkaloids	Alkaloids	Histidine alkaloids	Imidazole alkaloids	NPC superclass: Histidine alkaloids / NPC pathway: Alkaloids	Histidine alkaloids	1	93	1013873.6	752687730.9	0.0013470042866086	kruskal_wallis	0.0407622039783662	0.35055495421395	ns	0.000582555758234312	0.000548871716485983
A549_110626_untreated	Untreated	raw	superclass	Histidine alkaloids	Imidazole alkaloids	pathway	Alkaloids	Alkaloids	Histidine alkaloids	Imidazole alkaloids	NPC superclass: Histidine alkaloids / NPC pathway: Alkaloids	Histidine alkaloids	1	93	1013873.6	1753754950	0.00057811588785537	kruskal_wallis	0.0407622039783662	0.35055495421395	ns	0.000582555758234312	0.000548871716485983
A549_180626_PET05	PET	raw	superclass	Histidine alkaloids	Imidazole alkaloids	pathway	Alkaloids	Alkaloids	Histidine alkaloids	Imidazole alkaloids	NPC superclass: Histidine alkaloids / NPC pathway: Alkaloids	Histidine alkaloids	1	93	1013873.6	883056375.3	0.00114814141923335	kruskal_wallis	0.0407622039783662	0.35055495421395	ns	0.000582555758234312	0.000548871716485983
A549_180626_PET100	PET	raw	superclass	Histidine alkaloids	Imidazole alkaloids	pathway	Alkaloids	Alkaloids	Histidine alkaloids	Imidazole alkaloids	NPC superclass: Histidine alkaloids / NPC pathway: Alkaloids	Histidine alkaloids	1	93	1013873.6	1263477831.1	0.000802446687265821	kruskal_wallis	0.0407622039783662	0.35055495421395	ns	0.000582555758234312	0.000548871716485983
A549_180626_PS05	PS	raw	superclass	Histidine alkaloids	Imidazole alkaloids	pathway	Alkaloids	Alkaloids	Histidine alkaloids	Imidazole alkaloids	NPC superclass: Histidine alkaloids / NPC pathway: Alkaloids	Histidine alkaloids	1	93	1013873.6	1322990069.2	0.000766350121292354	kruskal_wallis	0.0407622039783662	0.35055495421395	ns	0.000582555758234312	0.000548871716485983
A549_180626_PS100	PS	raw	superclass	Histidine alkaloids	Imidazole alkaloids	pathway	Alkaloids	Alkaloids	Histidine alkaloids	Imidazole alkaloids	NPC superclass: Histidine alkaloids / NPC pathway: Alkaloids	Histidine alkaloids	1	93	1013873.6	1230921284.8	0.000823670540529108	kruskal_wallis	0.0407622039783662	0.35055495421395	ns	0.000582555758234312	0.000548871716485983
A549_180626_untreated	Untreated	raw	superclass	Histidine alkaloids	Imidazole alkaloids	pathway	Alkaloids	Alkaloids	Histidine alkaloids	Imidazole alkaloids	NPC superclass: Histidine alkaloids / NPC pathway: Alkaloids	Histidine alkaloids	1	93	1013873.6	2350512715	0.000431341465855461	kruskal_wallis	0.0407622039783662	0.35055495421395	ns	0.000582555758234312	0.000548871716485983
A549_210626_PET05	PET	raw	superclass	Histidine alkaloids	Imidazole alkaloids	pathway	Alkaloids	Alkaloids	Histidine alkaloids	Imidazole alkaloids	NPC superclass: Histidine alkaloids / NPC pathway: Alkaloids	Histidine alkaloids	1	93	1013873.6	1534368662.9	0.000660775747390298	kruskal_wallis	0.0407622039783662	0.35055495421395	ns	0.000582555758234312	0.000548871716485983
A549_210626_PET100	PET	raw	superclass	Histidine alkaloids	Imidazole alkaloids	pathway	Alkaloids	Alkaloids	Histidine alkaloids	Imidazole alkaloids	NPC superclass: Histidine alkaloids / NPC pathway: Alkaloids	Histidine alkaloids	1	93	1013873.6	778473199.3	0.00130238728951963	kruskal_wallis	0.0407622039783662	0.35055495421395	ns	0.000582555758234312	0.000548871716485983
A549_210626_PS05	PS	raw	superclass	Histidine alkaloids	Imidazole alkaloids	pathway	Alkaloids	Alkaloids	Histidine alkaloids	Imidazole alkaloids	NPC superclass: Histidine alkaloids / NPC pathway: Alkaloids	Histidine alkaloids	1	93	1013873.6	554405587.2	0.00182875790469667	kruskal_wallis	0.0407622039783662	0.35055495421395	ns	0.000582555758234312	0.000548871716485983
A549_210626_PS100	PS	raw	superclass	Histidine alkaloids	Imidazole alkaloids	pathway	Alkaloids	Alkaloids	Histidine alkaloids	Imidazole alkaloids	NPC superclass: Histidine alkaloids / NPC pathway: Alkaloids	Histidine alkaloids	1	93	1013873.6	1063108430.75	0.000953687855983546	kruskal_wallis	0.0407622039783662	0.35055495421395	ns	0.000582555758234312	0.000548871716485983
A549_210626_untreated	Untreated	raw	superclass	Histidine alkaloids	Imidazole alkaloids	pathway	Alkaloids	Alkaloids	Histidine alkaloids	Imidazole alkaloids	NPC superclass: Histidine alkaloids / NPC pathway: Alkaloids	Histidine alkaloids	1	93	1013873.6	1346884982.2	0.000752754402490954	kruskal_wallis	0.0407622039783662	0.35055495421395	ns	0.000582555758234312	0.000548871716485983
A549_110626_PET05	PET	raw	superclass	Lignans	Neolignans	pathway	Shikimates and Phenylpropanoids	Shikimates and Phenylpropanoids	Lignans	Neolignans	NPC superclass: Lignans / NPC pathway: Shikimates and Phenylpropanoids	Lignans	12	44	1196485090.4	215168656.5	5.56068485932104	kruskal_wallis	0.0253494055227249	0.35055495421395	ns	1.81385955134578	1.42645536544523
A549_110626_PET100	PET	raw	superclass	Lignans	Neolignans	pathway	Shikimates and Phenylpropanoids	Shikimates and Phenylpropanoids	Lignans	Neolignans	NPC superclass: Lignans / NPC pathway: Shikimates and Phenylpropanoids	Lignans	12	44	1435439372.2	247411286.8	5.80183463238832	kruskal_wallis	0.0253494055227249	0.35055495421395	ns	1.81385955134578	1.42645536544523
A549_110626_PS05	PS	raw	superclass	Lignans	Neolignans	pathway	Shikimates and Phenylpropanoids	Shikimates and Phenylpropanoids	Lignans	Neolignans	NPC superclass: Lignans / NPC pathway: Shikimates and Phenylpropanoids	Lignans	12	44	1125283292	176444743.3	6.37753934151916	kruskal_wallis	0.0253494055227249	0.35055495421395	ns	1.81385955134578	1.42645536544523
A549_110626_PS100	PS	raw	superclass	Lignans	Neolignans	pathway	Shikimates and Phenylpropanoids	Shikimates and Phenylpropanoids	Lignans	Neolignans	NPC superclass: Lignans / NPC pathway: Shikimates and Phenylpropanoids	Lignans	12	44	1317077837	208903209.1	6.30472764240557	kruskal_wallis	0.0253494055227249	0.35055495421395	ns	1.81385955134578	1.42645536544523
A549_110626_untreated	Untreated	raw	superclass	Lignans	Neolignans	pathway	Shikimates and Phenylpropanoids	Shikimates and Phenylpropanoids	Lignans	Neolignans	NPC superclass: Lignans / NPC pathway: Shikimates and Phenylpropanoids	Lignans	12	44	1416995163.2	332548966.9	4.26101207412892	kruskal_wallis	0.0253494055227249	0.35055495421395	ns	1.81385955134578	1.42645536544523
A549_180626_PET05	PET	raw	superclass	Lignans	Neolignans	pathway	Shikimates and Phenylpropanoids	Shikimates and Phenylpropanoids	Lignans	Neolignans	NPC superclass: Lignans / NPC pathway: Shikimates and Phenylpropanoids	Lignans	12	44	1049926424	164502306.2	6.38244197454297	kruskal_wallis	0.0253494055227249	0.35055495421395	ns	1.81385955134578	1.42645536544523
A549_180626_PET100	PET	raw	superclass	Lignans	Neolignans	pathway	Shikimates and Phenylpropanoids	Shikimates and Phenylpropanoids	Lignans	Neolignans	NPC superclass: Lignans / NPC pathway: Shikimates and Phenylpropanoids	Lignans	12	44	1446013184.4	212785890.4	6.79562531933743	kruskal_wallis	0.0253494055227249	0.35055495421395	ns	1.81385955134578	1.42645536544523
A549_180626_PS05	PS	raw	superclass	Lignans	Neolignans	pathway	Shikimates and Phenylpropanoids	Shikimates and Phenylpropanoids	Lignans	Neolignans	NPC superclass: Lignans / NPC pathway: Shikimates and Phenylpropanoids	Lignans	12	44	1407838380.3	203380995.8	6.92217271708333	kruskal_wallis	0.0253494055227249	0.35055495421395	ns	1.81385955134578	1.42645536544523
A549_180626_PS100	PS	raw	superclass	Lignans	Neolignans	pathway	Shikimates and Phenylpropanoids	Shikimates and Phenylpropanoids	Lignans	Neolignans	NPC superclass: Lignans / NPC pathway: Shikimates and Phenylpropanoids	Lignans	12	44	1278971903	201767347.3	6.33884481366723	kruskal_wallis	0.0253494055227249	0.35055495421395	ns	1.81385955134578	1.42645536544523
A549_180626_untreated	Untreated	raw	superclass	Lignans	Neolignans	pathway	Shikimates and Phenylpropanoids	Shikimates and Phenylpropanoids	Lignans	Neolignans	NPC superclass: Lignans / NPC pathway: Shikimates and Phenylpropanoids	Lignans	12	44	1673843360.5	326758905.4	5.12256386234057	kruskal_wallis	0.0253494055227249	0.35055495421395	ns	1.81385955134578	1.42645536544523
A549_210626_PET05	PET	raw	superclass	Lignans	Neolignans	pathway	Shikimates and Phenylpropanoids	Shikimates and Phenylpropanoids	Lignans	Neolignans	NPC superclass: Lignans / NPC pathway: Shikimates and Phenylpropanoids	Lignans	12	44	936010112.8	189845764.2	4.93037132929616	kruskal_wallis	0.0253494055227249	0.35055495421395	ns	1.81385955134578	1.42645536544523
A549_210626_PET100	PET	raw	superclass	Lignans	Neolignans	pathway	Shikimates and Phenylpropanoids	Shikimates and Phenylpropanoids	Lignans	Neolignans	NPC superclass: Lignans / NPC pathway: Shikimates and Phenylpropanoids	Lignans	12	44	1240258856	211223277.2	5.87179061153209	kruskal_wallis	0.0253494055227249	0.35055495421395	ns	1.81385955134578	1.42645536544523
A549_210626_PS05	PS	raw	superclass	Lignans	Neolignans	pathway	Shikimates and Phenylpropanoids	Shikimates and Phenylpropanoids	Lignans	Neolignans	NPC superclass: Lignans / NPC pathway: Shikimates and Phenylpropanoids	Lignans	12	44	1106500469	151392326.2	7.30882797545653	kruskal_wallis	0.0253494055227249	0.35055495421395	ns	1.81385955134578	1.42645536544523
A549_210626_PS100	PS	raw	superclass	Lignans	Neolignans	pathway	Shikimates and Phenylpropanoids	Shikimates and Phenylpropanoids	Lignans	Neolignans	NPC superclass: Lignans / NPC pathway: Shikimates and Phenylpropanoids	Lignans	12	44	1309292801.8	209096419.6	6.26167011517781	kruskal_wallis	0.0253494055227249	0.35055495421395	ns	1.81385955134578	1.42645536544523
A549_210626_untreated	Untreated	raw	superclass	Lignans	Neolignans	pathway	Shikimates and Phenylpropanoids	Shikimates and Phenylpropanoids	Lignans	Neolignans	NPC superclass: Lignans / NPC pathway: Shikimates and Phenylpropanoids	Lignans	12	44	961082940.5	194877179.5	4.93173671214797	kruskal_wallis	0.0253494055227249	0.35055495421395	ns	1.81385955134578	1.42645536544523
A549_110626_PET05	PET	raw	superclass	Linear polyketides	Acetogenins | Ansa macrolides | Open-chain polyketides	pathway	Polyketides	Polyketides	Linear polyketides	Acetogenins | Ansa macrolides | Open-chain polyketides	NPC superclass: Linear polyketides / NPC pathway: Polyketides	Linear polyketides	21	150	242809821.7	6565292988.7	0.0369838516145308	kruskal_wallis	0.394882642166123	0.698097555033196	ns	0.00464913779245939	0.00321436933324554
A549_110626_PET100	PET	raw	superclass	Linear polyketides	Acetogenins | Ansa macrolides | Open-chain polyketides	pathway	Polyketides	Polyketides	Linear polyketides	Acetogenins | Ansa macrolides | Open-chain polyketides	NPC superclass: Linear polyketides / NPC pathway: Polyketides	Linear polyketides	21	150	303320088.7	8125399185.8	0.0373298691872375	kruskal_wallis	0.394882642166123	0.698097555033196	ns	0.00464913779245939	0.00321436933324554
A549_110626_PS05	PS	raw	superclass	Linear polyketides	Acetogenins | Ansa macrolides | Open-chain polyketides	pathway	Polyketides	Polyketides	Linear polyketides	Acetogenins | Ansa macrolides | Open-chain polyketides	NPC superclass: Linear polyketides / NPC pathway: Polyketides	Linear polyketides	21	150	237403494	6524424494.96	0.0363868865649974	kruskal_wallis	0.394882642166123	0.698097555033196	ns	0.00464913779245939	0.00321436933324554
A549_110626_PS100	PS	raw	superclass	Linear polyketides	Acetogenins | Ansa macrolides | Open-chain polyketides	pathway	Polyketides	Polyketides	Linear polyketides	Acetogenins | Ansa macrolides | Open-chain polyketides	NPC superclass: Linear polyketides / NPC pathway: Polyketides	Linear polyketides	21	150	265243178.6	7176029029.7	0.0369623892966733	kruskal_wallis	0.394882642166123	0.698097555033196	ns	0.00464913779245939	0.00321436933324554
A549_110626_untreated	Untreated	raw	superclass	Linear polyketides	Acetogenins | Ansa macrolides | Open-chain polyketides	pathway	Polyketides	Polyketides	Linear polyketides	Acetogenins | Ansa macrolides | Open-chain polyketides	NPC superclass: Linear polyketides / NPC pathway: Polyketides	Linear polyketides	21	150	341655790.6	7977246302.3	0.0428287879868387	kruskal_wallis	0.394882642166123	0.698097555033196	ns	0.00464913779245939	0.00321436933324554
A549_180626_PET05	PET	raw	superclass	Linear polyketides	Acetogenins | Ansa macrolides | Open-chain polyketides	pathway	Polyketides	Polyketides	Linear polyketides	Acetogenins | Ansa macrolides | Open-chain polyketides	NPC superclass: Linear polyketides / NPC pathway: Polyketides	Linear polyketides	21	150	191864582.2	7016090678.2	0.0273463658039869	kruskal_wallis	0.394882642166123	0.698097555033196	ns	0.00464913779245939	0.00321436933324554
A549_180626_PET100	PET	raw	superclass	Linear polyketides	Acetogenins | Ansa macrolides | Open-chain polyketides	pathway	Polyketides	Polyketides	Linear polyketides	Acetogenins | Ansa macrolides | Open-chain polyketides	NPC superclass: Linear polyketides / NPC pathway: Polyketides	Linear polyketides	21	150	272486161	7887370547.1	0.0345471484283424	kruskal_wallis	0.394882642166123	0.698097555033196	ns	0.00464913779245939	0.00321436933324554
A549_180626_PS05	PS	raw	superclass	Linear polyketides	Acetogenins | Ansa macrolides | Open-chain polyketides	pathway	Polyketides	Polyketides	Linear polyketides	Acetogenins | Ansa macrolides | Open-chain polyketides	NPC superclass: Linear polyketides / NPC pathway: Polyketides	Linear polyketides	21	150	310181023.9	8429696401.7	0.036796227185293	kruskal_wallis	0.394882642166123	0.698097555033196	ns	0.00464913779245939	0.00321436933324554
A549_180626_PS100	PS	raw	superclass	Linear polyketides	Acetogenins | Ansa macrolides | Open-chain polyketides	pathway	Polyketides	Polyketides	Linear polyketides	Acetogenins | Ansa macrolides | Open-chain polyketides	NPC superclass: Linear polyketides / NPC pathway: Polyketides	Linear polyketides	21	150	317497474.5	7744341501.3	0.040997349412691	kruskal_wallis	0.394882642166123	0.698097555033196	ns	0.00464913779245939	0.00321436933324554
A549_180626_untreated	Untreated	raw	superclass	Linear polyketides	Acetogenins | Ansa macrolides | Open-chain polyketides	pathway	Polyketides	Polyketides	Linear polyketides	Acetogenins | Ansa macrolides | Open-chain polyketides	NPC superclass: Linear polyketides / NPC pathway: Polyketides	Linear polyketides	21	150	347651782.8	9311438840.8	0.0373359895010738	kruskal_wallis	0.394882642166123	0.698097555033196	ns	0.00464913779245939	0.00321436933324554
A549_210626_PET05	PET	raw	superclass	Linear polyketides	Acetogenins | Ansa macrolides | Open-chain polyketides	pathway	Polyketides	Polyketides	Linear polyketides	Acetogenins | Ansa macrolides | Open-chain polyketides	NPC superclass: Linear polyketides / NPC pathway: Polyketides	Linear polyketides	21	150	294532837.6	8649773546.5	0.0340509304684836	kruskal_wallis	0.394882642166123	0.698097555033196	ns	0.00464913779245939	0.00321436933324554
A549_210626_PET100	PET	raw	superclass	Linear polyketides	Acetogenins | Ansa macrolides | Open-chain polyketides	pathway	Polyketides	Polyketides	Linear polyketides	Acetogenins | Ansa macrolides | Open-chain polyketides	NPC superclass: Linear polyketides / NPC pathway: Polyketides	Linear polyketides	21	150	296904508.1	7046049113	0.0421377290079074	kruskal_wallis	0.394882642166123	0.698097555033196	ns	0.00464913779245939	0.00321436933324554
A549_210626_PS05	PS	raw	superclass	Linear polyketides	Acetogenins | Ansa macrolides | Open-chain polyketides	pathway	Polyketides	Polyketides	Linear polyketides	Acetogenins | Ansa macrolides | Open-chain polyketides	NPC superclass: Linear polyketides / NPC pathway: Polyketides	Linear polyketides	21	150	287915930.3	6664796721.2	0.0431995066532443	kruskal_wallis	0.394882642166123	0.698097555033196	ns	0.00464913779245939	0.00321436933324554
A549_210626_PS100	PS	raw	superclass	Linear polyketides	Acetogenins | Ansa macrolides | Open-chain polyketides	pathway	Polyketides	Polyketides	Linear polyketides	Acetogenins | Ansa macrolides | Open-chain polyketides	NPC superclass: Linear polyketides / NPC pathway: Polyketides	Linear polyketides	21	150	349209001.9	7600031547.2	0.045948362152346	kruskal_wallis	0.394882642166123	0.698097555033196	ns	0.00464913779245939	0.00321436933324554
A549_210626_untreated	Untreated	raw	superclass	Linear polyketides	Acetogenins | Ansa macrolides | Open-chain polyketides	pathway	Polyketides	Polyketides	Linear polyketides	Acetogenins | Ansa macrolides | Open-chain polyketides	NPC superclass: Linear polyketides / NPC pathway: Polyketides	Linear polyketides	21	150	260612104.5	8846156040.8	0.0294604914606991	kruskal_wallis	0.394882642166123	0.698097555033196	ns	0.00464913779245939	0.00321436933324554
A549_110626_PET05	PET	raw	superclass	Macrolides	3-Spirotetramic acids | Ansa macrolides | Erythromycins | Lactam bearing macrolide lactones | Macrolide lactones | Open-chain polyketides | Polyene macrolides | Spirotetronate macrolides	pathway	Polyketides	Polyketides	Macrolides	3-Spirotetramic acids | Ansa macrolides | Erythromycins | Lactam bearing macrolide lactones | Macrolide lactones | Open-chain polyketides | Polyene macrolides | Spirotetronate macrolides	NPC superclass: Macrolides / NPC pathway: Polyketides	Macrolides	57	150	1188034407.6	6565292988.7	0.180956799589114	kruskal_wallis	0.0232256037250516	0.35055495421395	ns	0.110320121871934	0.116958261763616
A549_110626_PET100	PET	raw	superclass	Macrolides	3-Spirotetramic acids | Ansa macrolides | Erythromycins | Lactam bearing macrolide lactones | Macrolide lactones | Open-chain polyketides | Polyene macrolides | Spirotetronate macrolides	pathway	Polyketides	Polyketides	Macrolides	3-Spirotetramic acids | Ansa macrolides | Erythromycins | Lactam bearing macrolide lactones | Macrolide lactones | Open-chain polyketides | Polyene macrolides | Spirotetronate macrolides	NPC superclass: Macrolides / NPC pathway: Polyketides	Macrolides	57	150	1936325871.1	8125399185.8	0.238305322215299	kruskal_wallis	0.0232256037250516	0.35055495421395	ns	0.110320121871934	0.116958261763616
A549_110626_PS05	PS	raw	superclass	Macrolides	3-Spirotetramic acids | Ansa macrolides | Erythromycins | Lactam bearing macrolide lactones | Macrolide lactones | Open-chain polyketides | Polyene macrolides | Spirotetronate macrolides	pathway	Polyketides	Polyketides	Macrolides	3-Spirotetramic acids | Ansa macrolides | Erythromycins | Lactam bearing macrolide lactones | Macrolide lactones | Open-chain polyketides | Polyene macrolides | Spirotetronate macrolides	NPC superclass: Macrolides / NPC pathway: Polyketides	Macrolides	57	150	1073598694.6	6524424494.96	0.164550711779918	kruskal_wallis	0.0232256037250516	0.35055495421395	ns	0.110320121871934	0.116958261763616
A549_110626_PS100	PS	raw	superclass	Macrolides	3-Spirotetramic acids | Ansa macrolides | Erythromycins | Lactam bearing macrolide lactones | Macrolide lactones | Open-chain polyketides | Polyene macrolides | Spirotetronate macrolides	pathway	Polyketides	Polyketides	Macrolides	3-Spirotetramic acids | Ansa macrolides | Erythromycins | Lactam bearing macrolide lactones | Macrolide lactones | Open-chain polyketides | Polyene macrolides | Spirotetronate macrolides	NPC superclass: Macrolides / NPC pathway: Polyketides	Macrolides	57	150	1151073410	7176029029.7	0.160405344687983	kruskal_wallis	0.0232256037250516	0.35055495421395	ns	0.110320121871934	0.116958261763616
A549_110626_untreated	Untreated	raw	superclass	Macrolides	3-Spirotetramic acids | Ansa macrolides | Erythromycins | Lactam bearing macrolide lactones | Macrolide lactones | Open-chain polyketides | Polyene macrolides | Spirotetronate macrolides	pathway	Polyketides	Polyketides	Macrolides	3-Spirotetramic acids | Ansa macrolides | Erythromycins | Lactam bearing macrolide lactones | Macrolide lactones | Open-chain polyketides | Polyene macrolides | Spirotetronate macrolides	NPC superclass: Macrolides / NPC pathway: Polyketides	Macrolides	57	150	2233140892.2	7977246302.3	0.279938816926856	kruskal_wallis	0.0232256037250516	0.35055495421395	ns	0.110320121871934	0.116958261763616
A549_180626_PET05	PET	raw	superclass	Macrolides	3-Spirotetramic acids | Ansa macrolides | Erythromycins | Lactam bearing macrolide lactones | Macrolide lactones | Open-chain polyketides | Polyene macrolides | Spirotetronate macrolides	pathway	Polyketides	Polyketides	Macrolides	3-Spirotetramic acids | Ansa macrolides | Erythromycins | Lactam bearing macrolide lactones | Macrolide lactones | Open-chain polyketides | Polyene macrolides | Spirotetronate macrolides	NPC superclass: Macrolides / NPC pathway: Polyketides	Macrolides	57	150	1200969432.7	7016090678.2	0.171173590505548	kruskal_wallis	0.0232256037250516	0.35055495421395	ns	0.110320121871934	0.116958261763616
A549_180626_PET100	PET	raw	superclass	Macrolides	3-Spirotetramic acids | Ansa macrolides | Erythromycins | Lactam bearing macrolide lactones | Macrolide lactones | Open-chain polyketides | Polyene macrolides | Spirotetronate macrolides	pathway	Polyketides	Polyketides	Macrolides	3-Spirotetramic acids | Ansa macrolides | Erythromycins | Lactam bearing macrolide lactones | Macrolide lactones | Open-chain polyketides | Polyene macrolides | Spirotetronate macrolides	NPC superclass: Macrolides / NPC pathway: Polyketides	Macrolides	57	150	1753964419.3	7887370547.1	0.222376317788809	kruskal_wallis	0.0232256037250516	0.35055495421395	ns	0.110320121871934	0.116958261763616
A549_180626_PS05	PS	raw	superclass	Macrolides	3-Spirotetramic acids | Ansa macrolides | Erythromycins | Lactam bearing macrolide lactones | Macrolide lactones | Open-chain polyketides | Polyene macrolides | Spirotetronate macrolides	pathway	Polyketides	Polyketides	Macrolides	3-Spirotetramic acids | Ansa macrolides | Erythromycins | Lactam bearing macrolide lactones | Macrolide lactones | Open-chain polyketides | Polyene macrolides | Spirotetronate macrolides	NPC superclass: Macrolides / NPC pathway: Polyketides	Macrolides	57	150	1532776607	8429696401.7	0.181830582497715	kruskal_wallis	0.0232256037250516	0.35055495421395	ns	0.110320121871934	0.116958261763616
A549_180626_PS100	PS	raw	superclass	Macrolides	3-Spirotetramic acids | Ansa macrolides | Erythromycins | Lactam bearing macrolide lactones | Macrolide lactones | Open-chain polyketides | Polyene macrolides | Spirotetronate macrolides	pathway	Polyketides	Polyketides	Macrolides	3-Spirotetramic acids | Ansa macrolides | Erythromycins | Lactam bearing macrolide lactones | Macrolide lactones | Open-chain polyketides | Polyene macrolides | Spirotetronate macrolides	NPC superclass: Macrolides / NPC pathway: Polyketides	Macrolides	57	150	1518454973.9	7744341501.3	0.196072832486158	kruskal_wallis	0.0232256037250516	0.35055495421395	ns	0.110320121871934	0.116958261763616
A549_180626_untreated	Untreated	raw	superclass	Macrolides	3-Spirotetramic acids | Ansa macrolides | Erythromycins | Lactam bearing macrolide lactones | Macrolide lactones | Open-chain polyketides | Polyene macrolides | Spirotetronate macrolides	pathway	Polyketides	Polyketides	Macrolides	3-Spirotetramic acids | Ansa macrolides | Erythromycins | Lactam bearing macrolide lactones | Macrolide lactones | Open-chain polyketides | Polyene macrolides | Spirotetronate macrolides	NPC superclass: Macrolides / NPC pathway: Polyketides	Macrolides	57	150	2905389591.5	9311438840.8	0.312023699148346	kruskal_wallis	0.0232256037250516	0.35055495421395	ns	0.110320121871934	0.116958261763616
A549_210626_PET05	PET	raw	superclass	Macrolides	3-Spirotetramic acids | Ansa macrolides | Erythromycins | Lactam bearing macrolide lactones | Macrolide lactones | Open-chain polyketides | Polyene macrolides | Spirotetronate macrolides	pathway	Polyketides	Polyketides	Macrolides	3-Spirotetramic acids | Ansa macrolides | Erythromycins | Lactam bearing macrolide lactones | Macrolide lactones | Open-chain polyketides | Polyene macrolides | Spirotetronate macrolides	NPC superclass: Macrolides / NPC pathway: Polyketides	Macrolides	57	150	2120391013.1	8649773546.5	0.245138326651105	kruskal_wallis	0.0232256037250516	0.35055495421395	ns	0.110320121871934	0.116958261763616
A549_210626_PET100	PET	raw	superclass	Macrolides	3-Spirotetramic acids | Ansa macrolides | Erythromycins | Lactam bearing macrolide lactones | Macrolide lactones | Open-chain polyketides | Polyene macrolides | Spirotetronate macrolides	pathway	Polyketides	Polyketides	Macrolides	3-Spirotetramic acids | Ansa macrolides | Erythromycins | Lactam bearing macrolide lactones | Macrolide lactones | Open-chain polyketides | Polyene macrolides | Spirotetronate macrolides	NPC superclass: Macrolides / NPC pathway: Polyketides	Macrolides	57	150	1035128674	7046049113	0.146909091520549	kruskal_wallis	0.0232256037250516	0.35055495421395	ns	0.110320121871934	0.116958261763616
A549_210626_PS05	PS	raw	superclass	Macrolides	3-Spirotetramic acids | Ansa macrolides | Erythromycins | Lactam bearing macrolide lactones | Macrolide lactones | Open-chain polyketides | Polyene macrolides | Spirotetronate macrolides	pathway	Polyketides	Polyketides	Macrolides	3-Spirotetramic acids | Ansa macrolides | Erythromycins | Lactam bearing macrolide lactones | Macrolide lactones | Open-chain polyketides | Polyene macrolides | Spirotetronate macrolides	NPC superclass: Macrolides / NPC pathway: Polyketides	Macrolides	57	150	905569436.7	6664796721.2	0.135873526917855	kruskal_wallis	0.0232256037250516	0.35055495421395	ns	0.110320121871934	0.116958261763616
A549_210626_PS100	PS	raw	superclass	Macrolides	3-Spirotetramic acids | Ansa macrolides | Erythromycins | Lactam bearing macrolide lactones | Macrolide lactones | Open-chain polyketides | Polyene macrolides | Spirotetronate macrolides	pathway	Polyketides	Polyketides	Macrolides	3-Spirotetramic acids | Ansa macrolides | Erythromycins | Lactam bearing macrolide lactones | Macrolide lactones | Open-chain polyketides | Polyene macrolides | Spirotetronate macrolides	NPC superclass: Macrolides / NPC pathway: Polyketides	Macrolides	57	150	1226724121	7600031547.2	0.161410398546563	kruskal_wallis	0.0232256037250516	0.35055495421395	ns	0.110320121871934	0.116958261763616
A549_210626_untreated	Untreated	raw	superclass	Macrolides	3-Spirotetramic acids | Ansa macrolides | Erythromycins | Lactam bearing macrolide lactones | Macrolide lactones | Open-chain polyketides | Polyene macrolides | Spirotetronate macrolides	pathway	Polyketides	Polyketides	Macrolides	3-Spirotetramic acids | Ansa macrolides | Erythromycins | Lactam bearing macrolide lactones | Macrolide lactones | Open-chain polyketides | Polyene macrolides | Spirotetronate macrolides	NPC superclass: Macrolides / NPC pathway: Polyketides	Macrolides	57	150	2114846526.2	8846156040.8	0.239069547998697	kruskal_wallis	0.0232256037250516	0.35055495421395	ns	0.110320121871934	0.116958261763616
A549_110626_PET05	PET	raw	superclass	Monoterpenoids	Menthane monoterpenoids	pathway	Terpenoids	Terpenoids	Monoterpenoids	Menthane monoterpenoids	NPC superclass: Monoterpenoids / NPC pathway: Terpenoids	Monoterpenoids	2	328	21424182.5	12413988413.6	0.00172580977089756	kruskal_wallis	0.416862019678508	0.698097555033196	ns	0.000205661142143927	0.000114562348701201
A549_110626_PET100	PET	raw	superclass	Monoterpenoids	Menthane monoterpenoids	pathway	Terpenoids	Terpenoids	Monoterpenoids	Menthane monoterpenoids	NPC superclass: Monoterpenoids / NPC pathway: Terpenoids	Monoterpenoids	2	328	24751565.5	14863016969.1	0.00166531233540661	kruskal_wallis	0.416862019678508	0.698097555033196	ns	0.000205661142143927	0.000114562348701201
A549_110626_PS05	PS	raw	superclass	Monoterpenoids	Menthane monoterpenoids	pathway	Terpenoids	Terpenoids	Monoterpenoids	Menthane monoterpenoids	NPC superclass: Monoterpenoids / NPC pathway: Terpenoids	Monoterpenoids	2	328	20380733.5	12871061495	0.00158345397603121	kruskal_wallis	0.416862019678508	0.698097555033196	ns	0.000205661142143927	0.000114562348701201
A549_110626_PS100	PS	raw	superclass	Monoterpenoids	Menthane monoterpenoids	pathway	Terpenoids	Terpenoids	Monoterpenoids	Menthane monoterpenoids	NPC superclass: Monoterpenoids / NPC pathway: Terpenoids	Monoterpenoids	2	328	23022631	13243674001.2	0.00173838702144993	kruskal_wallis	0.416862019678508	0.698097555033196	ns	0.000205661142143927	0.000114562348701201
A549_110626_untreated	Untreated	raw	superclass	Monoterpenoids	Menthane monoterpenoids	pathway	Terpenoids	Terpenoids	Monoterpenoids	Menthane monoterpenoids	NPC superclass: Monoterpenoids / NPC pathway: Terpenoids	Monoterpenoids	2	328	24870288	14567162470.1	0.00170728431505091	kruskal_wallis	0.416862019678508	0.698097555033196	ns	0.000205661142143927	0.000114562348701201
A549_180626_PET05	PET	raw	superclass	Monoterpenoids	Menthane monoterpenoids	pathway	Terpenoids	Terpenoids	Monoterpenoids	Menthane monoterpenoids	NPC superclass: Monoterpenoids / NPC pathway: Terpenoids	Monoterpenoids	2	328	19095514.5	15339376161.6	0.00124486904153266	kruskal_wallis	0.416862019678508	0.698097555033196	ns	0.000205661142143927	0.000114562348701201
A549_180626_PET100	PET	raw	superclass	Monoterpenoids	Menthane monoterpenoids	pathway	Terpenoids	Terpenoids	Monoterpenoids	Menthane monoterpenoids	NPC superclass: Monoterpenoids / NPC pathway: Terpenoids	Monoterpenoids	2	328	21462544.5	14118872693.8	0.00152013159729281	kruskal_wallis	0.416862019678508	0.698097555033196	ns	0.000205661142143927	0.000114562348701201
A549_180626_PS05	PS	raw	superclass	Monoterpenoids	Menthane monoterpenoids	pathway	Terpenoids	Terpenoids	Monoterpenoids	Menthane monoterpenoids	NPC superclass: Monoterpenoids / NPC pathway: Terpenoids	Monoterpenoids	2	328	24368954.5	14801169210.3	0.00164642091133191	kruskal_wallis	0.416862019678508	0.698097555033196	ns	0.000205661142143927	0.000114562348701201
A549_180626_PS100	PS	raw	superclass	Monoterpenoids	Menthane monoterpenoids	pathway	Terpenoids	Terpenoids	Monoterpenoids	Menthane monoterpenoids	NPC superclass: Monoterpenoids / NPC pathway: Terpenoids	Monoterpenoids	2	328	25500532	14039838092	0.00181629815336192	kruskal_wallis	0.416862019678508	0.698097555033196	ns	0.000205661142143927	0.000114562348701201
A549_180626_untreated	Untreated	raw	superclass	Monoterpenoids	Menthane monoterpenoids	pathway	Terpenoids	Terpenoids	Monoterpenoids	Menthane monoterpenoids	NPC superclass: Monoterpenoids / NPC pathway: Terpenoids	Monoterpenoids	2	328	29891242	16122838566.1	0.00185396894457838	kruskal_wallis	0.416862019678508	0.698097555033196	ns	0.000205661142143927	0.000114562348701201
A549_210626_PET05	PET	raw	superclass	Monoterpenoids	Menthane monoterpenoids	pathway	Terpenoids	Terpenoids	Monoterpenoids	Menthane monoterpenoids	NPC superclass: Monoterpenoids / NPC pathway: Terpenoids	Monoterpenoids	2	328	15841862.5	15315759878.2	0.00103435040938118	kruskal_wallis	0.416862019678508	0.698097555033196	ns	0.000205661142143927	0.000114562348701201
A549_210626_PET100	PET	raw	superclass	Monoterpenoids	Menthane monoterpenoids	pathway	Terpenoids	Terpenoids	Monoterpenoids	Menthane monoterpenoids	NPC superclass: Monoterpenoids / NPC pathway: Terpenoids	Monoterpenoids	2	328	22945981.5	13669470882.2	0.0016786298239151	kruskal_wallis	0.416862019678508	0.698097555033196	ns	0.000205661142143927	0.000114562348701201
A549_210626_PS05	PS	raw	superclass	Monoterpenoids	Menthane monoterpenoids	pathway	Terpenoids	Terpenoids	Monoterpenoids	Menthane monoterpenoids	NPC superclass: Monoterpenoids / NPC pathway: Terpenoids	Monoterpenoids	2	328	22798316	12184297093.2	0.00187112279236228	kruskal_wallis	0.416862019678508	0.698097555033196	ns	0.000205661142143927	0.000114562348701201
A549_210626_PS100	PS	raw	superclass	Monoterpenoids	Menthane monoterpenoids	pathway	Terpenoids	Terpenoids	Monoterpenoids	Menthane monoterpenoids	NPC superclass: Monoterpenoids / NPC pathway: Terpenoids	Monoterpenoids	2	328	23780877	16430213468.8	0.00144738697675222	kruskal_wallis	0.416862019678508	0.698097555033196	ns	0.000205661142143927	0.000114562348701201
A549_210626_untreated	Untreated	raw	superclass	Monoterpenoids	Menthane monoterpenoids	pathway	Terpenoids	Terpenoids	Monoterpenoids	Menthane monoterpenoids	NPC superclass: Monoterpenoids / NPC pathway: Terpenoids	Monoterpenoids	2	328	18275820.5	14764154882.5	0.00123785077069751	kruskal_wallis	0.416862019678508	0.698097555033196	ns	0.000205661142143927	0.000114562348701201
A549_110626_PET05	PET	raw	superclass	Nicotinic acid alkaloids	Aminoacids | Pyridine alkaloids	pathway	Alkaloids	Alkaloids	Nicotinic acid alkaloids	Aminoacids | Pyridine alkaloids	NPC superclass: Nicotinic acid alkaloids / NPC pathway: Alkaloids	Nicotinic acid alkaloids	2	93	3180034.1	787230408.2	0.00403952142457395	kruskal_wallis	0.177432208552375	0.468215353487526	ns	0.00125473949565495	0.00173362598109333
A549_110626_PET100	PET	raw	superclass	Nicotinic acid alkaloids	Aminoacids | Pyridine alkaloids	pathway	Alkaloids	Alkaloids	Nicotinic acid alkaloids	Aminoacids | Pyridine alkaloids	NPC superclass: Nicotinic acid alkaloids / NPC pathway: Alkaloids	Nicotinic acid alkaloids	2	93	2027747.2	1433301569.5	0.00141473870059835	kruskal_wallis	0.177432208552375	0.468215353487526	ns	0.00125473949565495	0.00173362598109333
A549_110626_PS05	PS	raw	superclass	Nicotinic acid alkaloids	Aminoacids | Pyridine alkaloids	pathway	Alkaloids	Alkaloids	Nicotinic acid alkaloids	Aminoacids | Pyridine alkaloids	NPC superclass: Nicotinic acid alkaloids / NPC pathway: Alkaloids	Nicotinic acid alkaloids	2	93	2737740.2	779730417.2	0.00351113684884987	kruskal_wallis	0.177432208552375	0.468215353487526	ns	0.00125473949565495	0.00173362598109333
A549_110626_PS100	PS	raw	superclass	Nicotinic acid alkaloids	Aminoacids | Pyridine alkaloids	pathway	Alkaloids	Alkaloids	Nicotinic acid alkaloids	Aminoacids | Pyridine alkaloids	NPC superclass: Nicotinic acid alkaloids / NPC pathway: Alkaloids	Nicotinic acid alkaloids	2	93	2384606	752687730.9	0.00316812125680419	kruskal_wallis	0.177432208552375	0.468215353487526	ns	0.00125473949565495	0.00173362598109333
A549_110626_untreated	Untreated	raw	superclass	Nicotinic acid alkaloids	Aminoacids | Pyridine alkaloids	pathway	Alkaloids	Alkaloids	Nicotinic acid alkaloids	Aminoacids | Pyridine alkaloids	NPC superclass: Nicotinic acid alkaloids / NPC pathway: Alkaloids	Nicotinic acid alkaloids	2	93	2605902.2	1753754950	0.0014858986998155	kruskal_wallis	0.177432208552375	0.468215353487526	ns	0.00125473949565495	0.00173362598109333
A549_180626_PET05	PET	raw	superclass	Nicotinic acid alkaloids	Aminoacids | Pyridine alkaloids	pathway	Alkaloids	Alkaloids	Nicotinic acid alkaloids	Aminoacids | Pyridine alkaloids	NPC superclass: Nicotinic acid alkaloids / NPC pathway: Alkaloids	Nicotinic acid alkaloids	2	93	2027747.2	883056375.3	0.0022962828384667	kruskal_wallis	0.177432208552375	0.468215353487526	ns	0.00125473949565495	0.00173362598109333
A549_180626_PET100	PET	raw	superclass	Nicotinic acid alkaloids	Aminoacids | Pyridine alkaloids	pathway	Alkaloids	Alkaloids	Nicotinic acid alkaloids	Aminoacids | Pyridine alkaloids	NPC superclass: Nicotinic acid alkaloids / NPC pathway: Alkaloids	Nicotinic acid alkaloids	2	93	3799700.1	1263477831.1	0.00300733420600814	kruskal_wallis	0.177432208552375	0.468215353487526	ns	0.00125473949565495	0.00173362598109333
A549_180626_PS05	PS	raw	superclass	Nicotinic acid alkaloids	Aminoacids | Pyridine alkaloids	pathway	Alkaloids	Alkaloids	Nicotinic acid alkaloids	Aminoacids | Pyridine alkaloids	NPC superclass: Nicotinic acid alkaloids / NPC pathway: Alkaloids	Nicotinic acid alkaloids	2	93	4327405.4	1322990069.2	0.00327092810501347	kruskal_wallis	0.177432208552375	0.468215353487526	ns	0.00125473949565495	0.00173362598109333
A549_180626_PS100	PS	raw	superclass	Nicotinic acid alkaloids	Aminoacids | Pyridine alkaloids	pathway	Alkaloids	Alkaloids	Nicotinic acid alkaloids	Aminoacids | Pyridine alkaloids	NPC superclass: Nicotinic acid alkaloids / NPC pathway: Alkaloids	Nicotinic acid alkaloids	2	93	2027747.2	1230921284.8	0.00164734108105822	kruskal_wallis	0.177432208552375	0.468215353487526	ns	0.00125473949565495	0.00173362598109333
A549_180626_untreated	Untreated	raw	superclass	Nicotinic acid alkaloids	Aminoacids | Pyridine alkaloids	pathway	Alkaloids	Alkaloids	Nicotinic acid alkaloids	Aminoacids | Pyridine alkaloids	NPC superclass: Nicotinic acid alkaloids / NPC pathway: Alkaloids	Nicotinic acid alkaloids	2	93	2027747.2	2350512715	0.000862682931710922	kruskal_wallis	0.177432208552375	0.468215353487526	ns	0.00125473949565495	0.00173362598109333
A549_210626_PET05	PET	raw	superclass	Nicotinic acid alkaloids	Aminoacids | Pyridine alkaloids	pathway	Alkaloids	Alkaloids	Nicotinic acid alkaloids	Aminoacids | Pyridine alkaloids	NPC superclass: Nicotinic acid alkaloids / NPC pathway: Alkaloids	Nicotinic acid alkaloids	2	93	2027747.2	1534368662.9	0.0013215514947806	kruskal_wallis	0.177432208552375	0.468215353487526	ns	0.00125473949565495	0.00173362598109333
A549_210626_PET100	PET	raw	superclass	Nicotinic acid alkaloids	Aminoacids | Pyridine alkaloids	pathway	Alkaloids	Alkaloids	Nicotinic acid alkaloids	Aminoacids | Pyridine alkaloids	NPC superclass: Nicotinic acid alkaloids / NPC pathway: Alkaloids	Nicotinic acid alkaloids	2	93	2306630.1	778473199.3	0.00296301799737501	kruskal_wallis	0.177432208552375	0.468215353487526	ns	0.00125473949565495	0.00173362598109333
A549_210626_PS05	PS	raw	superclass	Nicotinic acid alkaloids	Aminoacids | Pyridine alkaloids	pathway	Alkaloids	Alkaloids	Nicotinic acid alkaloids	Aminoacids | Pyridine alkaloids	NPC superclass: Nicotinic acid alkaloids / NPC pathway: Alkaloids	Nicotinic acid alkaloids	2	93	2027747.2	554405587.2	0.00365751580939334	kruskal_wallis	0.177432208552375	0.468215353487526	ns	0.00125473949565495	0.00173362598109333
A549_210626_PS100	PS	raw	superclass	Nicotinic acid alkaloids	Aminoacids | Pyridine alkaloids	pathway	Alkaloids	Alkaloids	Nicotinic acid alkaloids	Aminoacids | Pyridine alkaloids	NPC superclass: Nicotinic acid alkaloids / NPC pathway: Alkaloids	Nicotinic acid alkaloids	2	93	2027747.2	1063108430.75	0.00190737571196709	kruskal_wallis	0.177432208552375	0.468215353487526	ns	0.00125473949565495	0.00173362598109333
A549_210626_untreated	Untreated	raw	superclass	Nicotinic acid alkaloids	Aminoacids | Pyridine alkaloids	pathway	Alkaloids	Alkaloids	Nicotinic acid alkaloids	Aminoacids | Pyridine alkaloids	NPC superclass: Nicotinic acid alkaloids / NPC pathway: Alkaloids	Nicotinic acid alkaloids	2	93	3324663.4	1346884982.2	0.00246840928805183	kruskal_wallis	0.177432208552375	0.468215353487526	ns	0.00125473949565495	0.00173362598109333
A549_110626_PET05	PET	raw	superclass	Nucleosides	Purine nucleosides | Pyrimidine nucleosides	pathway	Carbohydrates	Carbohydrates	Nucleosides	Purine nucleosides | Pyrimidine nucleosides	NPC superclass: Nucleosides / NPC pathway: Carbohydrates	Nucleosides	3	10	13583017.1	28654825	0.474021987571029	kruskal_wallis	0.951229424500713	0.971254575213674	ns	0.00551625523055255	0.0239382097918283
A549_110626_PET100	PET	raw	superclass	Nucleosides	Purine nucleosides | Pyrimidine nucleosides	pathway	Carbohydrates	Carbohydrates	Nucleosides	Purine nucleosides | Pyrimidine nucleosides	NPC superclass: Nucleosides / NPC pathway: Carbohydrates	Nucleosides	3	10	13120994.6	23627343.6	0.555330925986957	kruskal_wallis	0.951229424500713	0.971254575213674	ns	0.00551625523055255	0.0239382097918283
A549_110626_PS05	PS	raw	superclass	Nucleosides	Purine nucleosides | Pyrimidine nucleosides	pathway	Carbohydrates	Carbohydrates	Nucleosides	Purine nucleosides | Pyrimidine nucleosides	NPC superclass: Nucleosides / NPC pathway: Carbohydrates	Nucleosides	3	10	27915425.4	48169276.6	0.579527602870415	kruskal_wallis	0.951229424500713	0.971254575213674	ns	0.00551625523055255	0.0239382097918283
A549_110626_PS100	PS	raw	superclass	Nucleosides	Purine nucleosides | Pyrimidine nucleosides	pathway	Carbohydrates	Carbohydrates	Nucleosides	Purine nucleosides | Pyrimidine nucleosides	NPC superclass: Nucleosides / NPC pathway: Carbohydrates	Nucleosides	3	10	18292988.6	35571701.7	0.514256775070168	kruskal_wallis	0.951229424500713	0.971254575213674	ns	0.00551625523055255	0.0239382097918283
A549_110626_untreated	Untreated	raw	superclass	Nucleosides	Purine nucleosides | Pyrimidine nucleosides	pathway	Carbohydrates	Carbohydrates	Nucleosides	Purine nucleosides | Pyrimidine nucleosides	NPC superclass: Nucleosides / NPC pathway: Carbohydrates	Nucleosides	3	10	11138774.1	21284813.9	0.52332024852705	kruskal_wallis	0.951229424500713	0.971254575213674	ns	0.00551625523055255	0.0239382097918283
A549_180626_PET05	PET	raw	superclass	Nucleosides	Purine nucleosides | Pyrimidine nucleosides	pathway	Carbohydrates	Carbohydrates	Nucleosides	Purine nucleosides | Pyrimidine nucleosides	NPC superclass: Nucleosides / NPC pathway: Carbohydrates	Nucleosides	3	10	23069097.1	39004932.5	0.591440508197265	kruskal_wallis	0.951229424500713	0.971254575213674	ns	0.00551625523055255	0.0239382097918283
A549_180626_PET100	PET	raw	superclass	Nucleosides	Purine nucleosides | Pyrimidine nucleosides	pathway	Carbohydrates	Carbohydrates	Nucleosides	Purine nucleosides | Pyrimidine nucleosides	NPC superclass: Nucleosides / NPC pathway: Carbohydrates	Nucleosides	3	10	23650524.1	39971751.9	0.591680949065432	kruskal_wallis	0.951229424500713	0.971254575213674	ns	0.00551625523055255	0.0239382097918283
A549_180626_PS05	PS	raw	superclass	Nucleosides	Purine nucleosides | Pyrimidine nucleosides	pathway	Carbohydrates	Carbohydrates	Nucleosides	Purine nucleosides | Pyrimidine nucleosides	NPC superclass: Nucleosides / NPC pathway: Carbohydrates	Nucleosides	3	10	11166624.6	20879675.3	0.534808345415218	kruskal_wallis	0.951229424500713	0.971254575213674	ns	0.00551625523055255	0.0239382097918283
A549_180626_PS100	PS	raw	superclass	Nucleosides	Purine nucleosides | Pyrimidine nucleosides	pathway	Carbohydrates	Carbohydrates	Nucleosides	Purine nucleosides | Pyrimidine nucleosides	NPC superclass: Nucleosides / NPC pathway: Carbohydrates	Nucleosides	3	10	21561866.6	36833470.7	0.585387860286541	kruskal_wallis	0.951229424500713	0.971254575213674	ns	0.00551625523055255	0.0239382097918283
A549_180626_untreated	Untreated	raw	superclass	Nucleosides	Purine nucleosides | Pyrimidine nucleosides	pathway	Carbohydrates	Carbohydrates	Nucleosides	Purine nucleosides | Pyrimidine nucleosides	NPC superclass: Nucleosides / NPC pathway: Carbohydrates	Nucleosides	3	10	23047012.1	38122537.4	0.60455084241061	kruskal_wallis	0.951229424500713	0.971254575213674	ns	0.00551625523055255	0.0239382097918283
A549_210626_PET05	PET	raw	superclass	Nucleosides	Purine nucleosides | Pyrimidine nucleosides	pathway	Carbohydrates	Carbohydrates	Nucleosides	Purine nucleosides | Pyrimidine nucleosides	NPC superclass: Nucleosides / NPC pathway: Carbohydrates	Nucleosides	3	10	14677458.4	27221512.9	0.539185990650799	kruskal_wallis	0.951229424500713	0.971254575213674	ns	0.00551625523055255	0.0239382097918283
A549_210626_PET100	PET	raw	superclass	Nucleosides	Purine nucleosides | Pyrimidine nucleosides	pathway	Carbohydrates	Carbohydrates	Nucleosides	Purine nucleosides | Pyrimidine nucleosides	NPC superclass: Nucleosides / NPC pathway: Carbohydrates	Nucleosides	3	10	21691909.6	41891195.5	0.517815482253306	kruskal_wallis	0.951229424500713	0.971254575213674	ns	0.00551625523055255	0.0239382097918283
A549_210626_PS05	PS	raw	superclass	Nucleosides	Purine nucleosides | Pyrimidine nucleosides	pathway	Carbohydrates	Carbohydrates	Nucleosides	Purine nucleosides | Pyrimidine nucleosides	NPC superclass: Nucleosides / NPC pathway: Carbohydrates	Nucleosides	3	10	17040687.6	31880331.7	0.53452039835583	kruskal_wallis	0.951229424500713	0.971254575213674	ns	0.00551625523055255	0.0239382097918283
A549_210626_PS100	PS	raw	superclass	Nucleosides	Purine nucleosides | Pyrimidine nucleosides	pathway	Carbohydrates	Carbohydrates	Nucleosides	Purine nucleosides | Pyrimidine nucleosides	NPC superclass: Nucleosides / NPC pathway: Carbohydrates	Nucleosides	3	10	11493972.6	20744532.2	0.55407239310993	kruskal_wallis	0.951229424500713	0.971254575213674	ns	0.00551625523055255	0.0239382097918283
A549_210626_untreated	Untreated	raw	superclass	Nucleosides	Purine nucleosides | Pyrimidine nucleosides	pathway	Carbohydrates	Carbohydrates	Nucleosides	Purine nucleosides | Pyrimidine nucleosides	NPC superclass: Nucleosides / NPC pathway: Carbohydrates	Nucleosides	3	10	18034385.1	35199892.6	0.512342049020911	kruskal_wallis	0.951229424500713	0.971254575213674	ns	0.00551625523055255	0.0239382097918283
A549_110626_PET05	PET	raw	superclass	Octadecanoids	Jasmonic acids | Other Octadecanoids | Phytane diterpenoids	pathway	Fatty acids	Fatty acids	Octadecanoids	Jasmonic acids | Other Octadecanoids | Phytane diterpenoids	NPC superclass: Octadecanoids / NPC pathway: Fatty acids	Octadecanoids	14	1440	492135208.5	34114366377.95	0.0144260398404496	kruskal_wallis	0.769126364368571	0.881274570317642	ns	0.00442886302008779	0.000513732441547999
A549_110626_PET100	PET	raw	superclass	Octadecanoids	Jasmonic acids | Other Octadecanoids | Phytane diterpenoids	pathway	Fatty acids	Fatty acids	Octadecanoids	Jasmonic acids | Other Octadecanoids | Phytane diterpenoids	NPC superclass: Octadecanoids / NPC pathway: Fatty acids	Octadecanoids	14	1440	571847230.5	35458165160.66	0.0161273779370415	kruskal_wallis	0.769126364368571	0.881274570317642	ns	0.00442886302008779	0.000513732441547999
A549_110626_PS05	PS	raw	superclass	Octadecanoids	Jasmonic acids | Other Octadecanoids | Phytane diterpenoids	pathway	Fatty acids	Fatty acids	Octadecanoids	Jasmonic acids | Other Octadecanoids | Phytane diterpenoids	NPC superclass: Octadecanoids / NPC pathway: Fatty acids	Octadecanoids	14	1440	617310240.5	34785738556.84	0.0177460725604924	kruskal_wallis	0.769126364368571	0.881274570317642	ns	0.00442886302008779	0.000513732441547999
A549_110626_PS100	PS	raw	superclass	Octadecanoids	Jasmonic acids | Other Octadecanoids | Phytane diterpenoids	pathway	Fatty acids	Fatty acids	Octadecanoids	Jasmonic acids | Other Octadecanoids | Phytane diterpenoids	NPC superclass: Octadecanoids / NPC pathway: Fatty acids	Octadecanoids	14	1440	816175831	39295522102.6	0.0207701994356756	kruskal_wallis	0.769126364368571	0.881274570317642	ns	0.00442886302008779	0.000513732441547999
A549_110626_untreated	Untreated	raw	superclass	Octadecanoids	Jasmonic acids | Other Octadecanoids | Phytane diterpenoids	pathway	Fatty acids	Fatty acids	Octadecanoids	Jasmonic acids | Other Octadecanoids | Phytane diterpenoids	NPC superclass: Octadecanoids / NPC pathway: Fatty acids	Octadecanoids	14	1440	643534983	40726922534.5	0.0158012180383838	kruskal_wallis	0.769126364368571	0.881274570317642	ns	0.00442886302008779	0.000513732441547999
A549_180626_PET05	PET	raw	superclass	Octadecanoids	Jasmonic acids | Other Octadecanoids | Phytane diterpenoids	pathway	Fatty acids	Fatty acids	Octadecanoids	Jasmonic acids | Other Octadecanoids | Phytane diterpenoids	NPC superclass: Octadecanoids / NPC pathway: Fatty acids	Octadecanoids	14	1440	474114992	31199184663.6	0.0151963904541758	kruskal_wallis	0.769126364368571	0.881274570317642	ns	0.00442886302008779	0.000513732441547999
A549_180626_PET100	PET	raw	superclass	Octadecanoids	Jasmonic acids | Other Octadecanoids | Phytane diterpenoids	pathway	Fatty acids	Fatty acids	Octadecanoids	Jasmonic acids | Other Octadecanoids | Phytane diterpenoids	NPC superclass: Octadecanoids / NPC pathway: Fatty acids	Octadecanoids	14	1440	599055657.1	36474343757.1	0.016424028382509	kruskal_wallis	0.769126364368571	0.881274570317642	ns	0.00442886302008779	0.000513732441547999
A549_180626_PS05	PS	raw	superclass	Octadecanoids	Jasmonic acids | Other Octadecanoids | Phytane diterpenoids	pathway	Fatty acids	Fatty acids	Octadecanoids	Jasmonic acids | Other Octadecanoids | Phytane diterpenoids	NPC superclass: Octadecanoids / NPC pathway: Fatty acids	Octadecanoids	14	1440	274717938.1	36381542275.7	0.00755102507799649	kruskal_wallis	0.769126364368571	0.881274570317642	ns	0.00442886302008779	0.000513732441547999
A549_180626_PS100	PS	raw	superclass	Octadecanoids	Jasmonic acids | Other Octadecanoids | Phytane diterpenoids	pathway	Fatty acids	Fatty acids	Octadecanoids	Jasmonic acids | Other Octadecanoids | Phytane diterpenoids	NPC superclass: Octadecanoids / NPC pathway: Fatty acids	Octadecanoids	14	1440	565588775.7	38000221483.6	0.0148838283993712	kruskal_wallis	0.769126364368571	0.881274570317642	ns	0.00442886302008779	0.000513732441547999
A549_180626_untreated	Untreated	raw	superclass	Octadecanoids	Jasmonic acids | Other Octadecanoids | Phytane diterpenoids	pathway	Fatty acids	Fatty acids	Octadecanoids	Jasmonic acids | Other Octadecanoids | Phytane diterpenoids	NPC superclass: Octadecanoids / NPC pathway: Fatty acids	Octadecanoids	14	1440	330388640.9	38180285352.2	0.00865338322781714	kruskal_wallis	0.769126364368571	0.881274570317642	ns	0.00442886302008779	0.000513732441547999
A549_210626_PET05	PET	raw	superclass	Octadecanoids	Jasmonic acids | Other Octadecanoids | Phytane diterpenoids	pathway	Fatty acids	Fatty acids	Octadecanoids	Jasmonic acids | Other Octadecanoids | Phytane diterpenoids	NPC superclass: Octadecanoids / NPC pathway: Fatty acids	Octadecanoids	14	1440	1118353169.5	36530109795.76	0.0306145581207589	kruskal_wallis	0.769126364368571	0.881274570317642	ns	0.00442886302008779	0.000513732441547999
A549_210626_PET100	PET	raw	superclass	Octadecanoids	Jasmonic acids | Other Octadecanoids | Phytane diterpenoids	pathway	Fatty acids	Fatty acids	Octadecanoids	Jasmonic acids | Other Octadecanoids | Phytane diterpenoids	NPC superclass: Octadecanoids / NPC pathway: Fatty acids	Octadecanoids	14	1440	779652133.5	40523921542.8	0.0192393061633129	kruskal_wallis	0.769126364368571	0.881274570317642	ns	0.00442886302008779	0.000513732441547999
A549_210626_PS05	PS	raw	superclass	Octadecanoids	Jasmonic acids | Other Octadecanoids | Phytane diterpenoids	pathway	Fatty acids	Fatty acids	Octadecanoids	Jasmonic acids | Other Octadecanoids | Phytane diterpenoids	NPC superclass: Octadecanoids / NPC pathway: Fatty acids	Octadecanoids	14	1440	286528842.5	34631729940.5	0.00827359311799551	kruskal_wallis	0.769126364368571	0.881274570317642	ns	0.00442886302008779	0.000513732441547999
A549_210626_PS100	PS	raw	superclass	Octadecanoids	Jasmonic acids | Other Octadecanoids | Phytane diterpenoids	pathway	Fatty acids	Fatty acids	Octadecanoids	Jasmonic acids | Other Octadecanoids | Phytane diterpenoids	NPC superclass: Octadecanoids / NPC pathway: Fatty acids	Octadecanoids	14	1440	932069345.2	42962798740.1	0.0216948004444142	kruskal_wallis	0.769126364368571	0.881274570317642	ns	0.00442886302008779	0.000513732441547999
A549_210626_untreated	Untreated	raw	superclass	Octadecanoids	Jasmonic acids | Other Octadecanoids | Phytane diterpenoids	pathway	Fatty acids	Fatty acids	Octadecanoids	Jasmonic acids | Other Octadecanoids | Phytane diterpenoids	NPC superclass: Octadecanoids / NPC pathway: Fatty acids	Octadecanoids	14	1440	693455164.5	37950422097.55	0.0182726601226596	kruskal_wallis	0.769126364368571	0.881274570317642	ns	0.00442886302008779	0.000513732441547999
A549_110626_PET05	PET	raw	superclass	Oligopeptides	Cyclamides | Cyclic peptides | Depsipeptides | Linear peptides | Lipopeptides | Microcolins and mirabimids | Microginins | Open-chain polyketides | Tripeptides	pathway	Amino acids and Peptides	Amino acids and Peptides	Oligopeptides	Cyclamides | Cyclic peptides | Depsipeptides | Linear peptides | Lipopeptides | Microcolins and mirabimids | Microginins | Open-chain polyketides | Tripeptides	NPC superclass: Oligopeptides / NPC pathway: Amino acids and Peptides	Oligopeptides	125	141	1260141568.3	1261887026.5	0.99861678726911	kruskal_wallis	0.16807695594952	0.468215353487526	ns	0.0505731690083006	0.0432989472911289
A549_110626_PET100	PET	raw	superclass	Oligopeptides	Cyclamides | Cyclic peptides | Depsipeptides | Linear peptides | Lipopeptides | Microcolins and mirabimids | Microginins | Open-chain polyketides | Tripeptides	pathway	Amino acids and Peptides	Amino acids and Peptides	Oligopeptides	Cyclamides | Cyclic peptides | Depsipeptides | Linear peptides | Lipopeptides | Microcolins and mirabimids | Microginins | Open-chain polyketides | Tripeptides	NPC superclass: Oligopeptides / NPC pathway: Amino acids and Peptides	Oligopeptides	125	141	1414116922.4	1576419087.3	0.897043770779266	kruskal_wallis	0.16807695594952	0.468215353487526	ns	0.0505731690083006	0.0432989472911289
A549_110626_PS05	PS	raw	superclass	Oligopeptides	Cyclamides | Cyclic peptides | Depsipeptides | Linear peptides | Lipopeptides | Microcolins and mirabimids | Microginins | Open-chain polyketides | Tripeptides	pathway	Amino acids and Peptides	Amino acids and Peptides	Oligopeptides	Cyclamides | Cyclic peptides | Depsipeptides | Linear peptides | Lipopeptides | Microcolins and mirabimids | Microginins | Open-chain polyketides | Tripeptides	NPC superclass: Oligopeptides / NPC pathway: Amino acids and Peptides	Oligopeptides	125	141	1290335069.1	1278650513.3	1.00913819349264	kruskal_wallis	0.16807695594952	0.468215353487526	ns	0.0505731690083006	0.0432989472911289
A549_110626_PS100	PS	raw	superclass	Oligopeptides	Cyclamides | Cyclic peptides | Depsipeptides | Linear peptides | Lipopeptides | Microcolins and mirabimids | Microginins | Open-chain polyketides | Tripeptides	pathway	Amino acids and Peptides	Amino acids and Peptides	Oligopeptides	Cyclamides | Cyclic peptides | Depsipeptides | Linear peptides | Lipopeptides | Microcolins and mirabimids | Microginins | Open-chain polyketides | Tripeptides	NPC superclass: Oligopeptides / NPC pathway: Amino acids and Peptides	Oligopeptides	125	141	1318814535.3	1438361364.9	0.916886790401026	kruskal_wallis	0.16807695594952	0.468215353487526	ns	0.0505731690083006	0.0432989472911289
A549_110626_untreated	Untreated	raw	superclass	Oligopeptides	Cyclamides | Cyclic peptides | Depsipeptides | Linear peptides | Lipopeptides | Microcolins and mirabimids | Microginins | Open-chain polyketides | Tripeptides	pathway	Amino acids and Peptides	Amino acids and Peptides	Oligopeptides	Cyclamides | Cyclic peptides | Depsipeptides | Linear peptides | Lipopeptides | Microcolins and mirabimids | Microginins | Open-chain polyketides | Tripeptides	NPC superclass: Oligopeptides / NPC pathway: Amino acids and Peptides	Oligopeptides	125	141	1696003525.7	1785861188.6	0.949683848065234	kruskal_wallis	0.16807695594952	0.468215353487526	ns	0.0505731690083006	0.0432989472911289
A549_180626_PET05	PET	raw	superclass	Oligopeptides	Cyclamides | Cyclic peptides | Depsipeptides | Linear peptides | Lipopeptides | Microcolins and mirabimids | Microginins | Open-chain polyketides | Tripeptides	pathway	Amino acids and Peptides	Amino acids and Peptides	Oligopeptides	Cyclamides | Cyclic peptides | Depsipeptides | Linear peptides | Lipopeptides | Microcolins and mirabimids | Microginins | Open-chain polyketides | Tripeptides	NPC superclass: Oligopeptides / NPC pathway: Amino acids and Peptides	Oligopeptides	125	141	917515131.9	993420522.3	0.923591884105372	kruskal_wallis	0.16807695594952	0.468215353487526	ns	0.0505731690083006	0.0432989472911289
A549_180626_PET100	PET	raw	superclass	Oligopeptides	Cyclamides | Cyclic peptides | Depsipeptides | Linear peptides | Lipopeptides | Microcolins and mirabimids | Microginins | Open-chain polyketides | Tripeptides	pathway	Amino acids and Peptides	Amino acids and Peptides	Oligopeptides	Cyclamides | Cyclic peptides | Depsipeptides | Linear peptides | Lipopeptides | Microcolins and mirabimids | Microginins | Open-chain polyketides | Tripeptides	NPC superclass: Oligopeptides / NPC pathway: Amino acids and Peptides	Oligopeptides	125	141	1412034951.7	1474863097.7	0.95740069291992	kruskal_wallis	0.16807695594952	0.468215353487526	ns	0.0505731690083006	0.0432989472911289
A549_180626_PS05	PS	raw	superclass	Oligopeptides	Cyclamides | Cyclic peptides | Depsipeptides | Linear peptides | Lipopeptides | Microcolins and mirabimids | Microginins | Open-chain polyketides | Tripeptides	pathway	Amino acids and Peptides	Amino acids and Peptides	Oligopeptides	Cyclamides | Cyclic peptides | Depsipeptides | Linear peptides | Lipopeptides | Microcolins and mirabimids | Microginins | Open-chain polyketides | Tripeptides	NPC superclass: Oligopeptides / NPC pathway: Amino acids and Peptides	Oligopeptides	125	141	1445250908.7	1480990834.5	0.975867557740784	kruskal_wallis	0.16807695594952	0.468215353487526	ns	0.0505731690083006	0.0432989472911289
A549_180626_PS100	PS	raw	superclass	Oligopeptides	Cyclamides | Cyclic peptides | Depsipeptides | Linear peptides | Lipopeptides | Microcolins and mirabimids | Microginins | Open-chain polyketides | Tripeptides	pathway	Amino acids and Peptides	Amino acids and Peptides	Oligopeptides	Cyclamides | Cyclic peptides | Depsipeptides | Linear peptides | Lipopeptides | Microcolins and mirabimids | Microginins | Open-chain polyketides | Tripeptides	NPC superclass: Oligopeptides / NPC pathway: Amino acids and Peptides	Oligopeptides	125	141	1625247307.5	1606086500.9	1.01193012119164	kruskal_wallis	0.16807695594952	0.468215353487526	ns	0.0505731690083006	0.0432989472911289
A549_180626_untreated	Untreated	raw	superclass	Oligopeptides	Cyclamides | Cyclic peptides | Depsipeptides | Linear peptides | Lipopeptides | Microcolins and mirabimids | Microginins | Open-chain polyketides | Tripeptides	pathway	Amino acids and Peptides	Amino acids and Peptides	Oligopeptides	Cyclamides | Cyclic peptides | Depsipeptides | Linear peptides | Lipopeptides | Microcolins and mirabimids | Microginins | Open-chain polyketides | Tripeptides	NPC superclass: Oligopeptides / NPC pathway: Amino acids and Peptides	Oligopeptides	125	141	2054928277.2	2104203255.8	0.976582595590906	kruskal_wallis	0.16807695594952	0.468215353487526	ns	0.0505731690083006	0.0432989472911289
A549_210626_PET05	PET	raw	superclass	Oligopeptides	Cyclamides | Cyclic peptides | Depsipeptides | Linear peptides | Lipopeptides | Microcolins and mirabimids | Microginins | Open-chain polyketides | Tripeptides	pathway	Amino acids and Peptides	Amino acids and Peptides	Oligopeptides	Cyclamides | Cyclic peptides | Depsipeptides | Linear peptides | Lipopeptides | Microcolins and mirabimids | Microginins | Open-chain polyketides | Tripeptides	NPC superclass: Oligopeptides / NPC pathway: Amino acids and Peptides	Oligopeptides	125	141	1247469658.4	1317408748.9	0.946911624385069	kruskal_wallis	0.16807695594952	0.468215353487526	ns	0.0505731690083006	0.0432989472911289
A549_210626_PET100	PET	raw	superclass	Oligopeptides	Cyclamides | Cyclic peptides | Depsipeptides | Linear peptides | Lipopeptides | Microcolins and mirabimids | Microginins | Open-chain polyketides | Tripeptides	pathway	Amino acids and Peptides	Amino acids and Peptides	Oligopeptides	Cyclamides | Cyclic peptides | Depsipeptides | Linear peptides | Lipopeptides | Microcolins and mirabimids | Microginins | Open-chain polyketides | Tripeptides	NPC superclass: Oligopeptides / NPC pathway: Amino acids and Peptides	Oligopeptides	125	141	1493027559.1	1569136596.1	0.951496232266098	kruskal_wallis	0.16807695594952	0.468215353487526	ns	0.0505731690083006	0.0432989472911289
A549_210626_PS05	PS	raw	superclass	Oligopeptides	Cyclamides | Cyclic peptides | Depsipeptides | Linear peptides | Lipopeptides | Microcolins and mirabimids | Microginins | Open-chain polyketides | Tripeptides	pathway	Amino acids and Peptides	Amino acids and Peptides	Oligopeptides	Cyclamides | Cyclic peptides | Depsipeptides | Linear peptides | Lipopeptides | Microcolins and mirabimids | Microginins | Open-chain polyketides | Tripeptides	NPC superclass: Oligopeptides / NPC pathway: Amino acids and Peptides	Oligopeptides	125	141	1381992926.5	1294084569.6	1.06793092118174	kruskal_wallis	0.16807695594952	0.468215353487526	ns	0.0505731690083006	0.0432989472911289
A549_210626_PS100	PS	raw	superclass	Oligopeptides	Cyclamides | Cyclic peptides | Depsipeptides | Linear peptides | Lipopeptides | Microcolins and mirabimids | Microginins | Open-chain polyketides | Tripeptides	pathway	Amino acids and Peptides	Amino acids and Peptides	Oligopeptides	Cyclamides | Cyclic peptides | Depsipeptides | Linear peptides | Lipopeptides | Microcolins and mirabimids | Microginins | Open-chain polyketides | Tripeptides	NPC superclass: Oligopeptides / NPC pathway: Amino acids and Peptides	Oligopeptides	125	141	1479137369.2	1542202367.4	0.959107183640029	kruskal_wallis	0.16807695594952	0.468215353487526	ns	0.0505731690083006	0.0432989472911289
A549_210626_untreated	Untreated	raw	superclass	Oligopeptides	Cyclamides | Cyclic peptides | Depsipeptides | Linear peptides | Lipopeptides | Microcolins and mirabimids | Microginins | Open-chain polyketides | Tripeptides	pathway	Amino acids and Peptides	Amino acids and Peptides	Oligopeptides	Cyclamides | Cyclic peptides | Depsipeptides | Linear peptides | Lipopeptides | Microcolins and mirabimids | Microginins | Open-chain polyketides | Tripeptides	NPC superclass: Oligopeptides / NPC pathway: Amino acids and Peptides	Oligopeptides	125	141	1455756386.1	1631201150.5	0.892444433142888	kruskal_wallis	0.16807695594952	0.468215353487526	ns	0.0505731690083006	0.0432989472911289
A549_110626_PET05	PET	raw	superclass	Ornithine alkaloids	Tropane alkaloids	pathway	Alkaloids	Alkaloids	Ornithine alkaloids	Tropane alkaloids	NPC superclass: Ornithine alkaloids / NPC pathway: Alkaloids	Ornithine alkaloids	1	93	3367993.8	787230408.2	0.0042782821457582	kruskal_wallis	0.541994188459187	0.742444286770597	ns	0.0010002365095053	0.00136020304112682
A549_110626_PET100	PET	raw	superclass	Ornithine alkaloids	Tropane alkaloids	pathway	Alkaloids	Alkaloids	Ornithine alkaloids	Tropane alkaloids	NPC superclass: Ornithine alkaloids / NPC pathway: Alkaloids	Ornithine alkaloids	1	93	4820369	1433301569.5	0.00336312266907066	kruskal_wallis	0.541994188459187	0.742444286770597	ns	0.0010002365095053	0.00136020304112682
A549_110626_PS05	PS	raw	superclass	Ornithine alkaloids	Tropane alkaloids	pathway	Alkaloids	Alkaloids	Ornithine alkaloids	Tropane alkaloids	NPC superclass: Ornithine alkaloids / NPC pathway: Alkaloids	Ornithine alkaloids	1	93	2376268.5	779730417.2	0.00304755136850136	kruskal_wallis	0.541994188459187	0.742444286770597	ns	0.0010002365095053	0.00136020304112682
A549_110626_PS100	PS	raw	superclass	Ornithine alkaloids	Tropane alkaloids	pathway	Alkaloids	Alkaloids	Ornithine alkaloids	Tropane alkaloids	NPC superclass: Ornithine alkaloids / NPC pathway: Alkaloids	Ornithine alkaloids	1	93	3932886.2	752687730.9	0.00522512329953537	kruskal_wallis	0.541994188459187	0.742444286770597	ns	0.0010002365095053	0.00136020304112682
A549_110626_untreated	Untreated	raw	superclass	Ornithine alkaloids	Tropane alkaloids	pathway	Alkaloids	Alkaloids	Ornithine alkaloids	Tropane alkaloids	NPC superclass: Ornithine alkaloids / NPC pathway: Alkaloids	Ornithine alkaloids	1	93	4147258.8	1753754950	0.00236478807942923	kruskal_wallis	0.541994188459187	0.742444286770597	ns	0.0010002365095053	0.00136020304112682
A549_180626_PET05	PET	raw	superclass	Ornithine alkaloids	Tropane alkaloids	pathway	Alkaloids	Alkaloids	Ornithine alkaloids	Tropane alkaloids	NPC superclass: Ornithine alkaloids / NPC pathway: Alkaloids	Ornithine alkaloids	1	93	3468598.8	883056375.3	0.00392794718097315	kruskal_wallis	0.541994188459187	0.742444286770597	ns	0.0010002365095053	0.00136020304112682
A549_180626_PET100	PET	raw	superclass	Ornithine alkaloids	Tropane alkaloids	pathway	Alkaloids	Alkaloids	Ornithine alkaloids	Tropane alkaloids	NPC superclass: Ornithine alkaloids / NPC pathway: Alkaloids	Ornithine alkaloids	1	93	4768411	1263477831.1	0.00377403614264333	kruskal_wallis	0.541994188459187	0.742444286770597	ns	0.0010002365095053	0.00136020304112682
A549_180626_PS05	PS	raw	superclass	Ornithine alkaloids	Tropane alkaloids	pathway	Alkaloids	Alkaloids	Ornithine alkaloids	Tropane alkaloids	NPC superclass: Ornithine alkaloids / NPC pathway: Alkaloids	Ornithine alkaloids	1	93	1013873.6	1322990069.2	0.000766350121292354	kruskal_wallis	0.541994188459187	0.742444286770597	ns	0.0010002365095053	0.00136020304112682
A549_180626_PS100	PS	raw	superclass	Ornithine alkaloids	Tropane alkaloids	pathway	Alkaloids	Alkaloids	Ornithine alkaloids	Tropane alkaloids	NPC superclass: Ornithine alkaloids / NPC pathway: Alkaloids	Ornithine alkaloids	1	93	2304306	1230921284.8	0.00187201734867588	kruskal_wallis	0.541994188459187	0.742444286770597	ns	0.0010002365095053	0.00136020304112682
A549_180626_untreated	Untreated	raw	superclass	Ornithine alkaloids	Tropane alkaloids	pathway	Alkaloids	Alkaloids	Ornithine alkaloids	Tropane alkaloids	NPC superclass: Ornithine alkaloids / NPC pathway: Alkaloids	Ornithine alkaloids	1	93	3724805.8	2350512715	0.00158467800502836	kruskal_wallis	0.541994188459187	0.742444286770597	ns	0.0010002365095053	0.00136020304112682
A549_210626_PET05	PET	raw	superclass	Ornithine alkaloids	Tropane alkaloids	pathway	Alkaloids	Alkaloids	Ornithine alkaloids	Tropane alkaloids	NPC superclass: Ornithine alkaloids / NPC pathway: Alkaloids	Ornithine alkaloids	1	93	5640256.5	1534368662.9	0.00367594609846877	kruskal_wallis	0.541994188459187	0.742444286770597	ns	0.0010002365095053	0.00136020304112682
A549_210626_PET100	PET	raw	superclass	Ornithine alkaloids	Tropane alkaloids	pathway	Alkaloids	Alkaloids	Ornithine alkaloids	Tropane alkaloids	NPC superclass: Ornithine alkaloids / NPC pathway: Alkaloids	Ornithine alkaloids	1	93	2718596.2	778473199.3	0.00349221553477313	kruskal_wallis	0.541994188459187	0.742444286770597	ns	0.0010002365095053	0.00136020304112682
A549_210626_PS05	PS	raw	superclass	Ornithine alkaloids	Tropane alkaloids	pathway	Alkaloids	Alkaloids	Ornithine alkaloids	Tropane alkaloids	NPC superclass: Ornithine alkaloids / NPC pathway: Alkaloids	Ornithine alkaloids	1	93	1666438.1	554405587.2	0.00300581043639237	kruskal_wallis	0.541994188459187	0.742444286770597	ns	0.0010002365095053	0.00136020304112682
A549_210626_PS100	PS	raw	superclass	Ornithine alkaloids	Tropane alkaloids	pathway	Alkaloids	Alkaloids	Ornithine alkaloids	Tropane alkaloids	NPC superclass: Ornithine alkaloids / NPC pathway: Alkaloids	Ornithine alkaloids	1	93	5057262.5	1063108430.75	0.00475705238875042	kruskal_wallis	0.541994188459187	0.742444286770597	ns	0.0010002365095053	0.00136020304112682
A549_210626_untreated	Untreated	raw	superclass	Ornithine alkaloids	Tropane alkaloids	pathway	Alkaloids	Alkaloids	Ornithine alkaloids	Tropane alkaloids	NPC superclass: Ornithine alkaloids / NPC pathway: Alkaloids	Ornithine alkaloids	1	93	5799147	1346884982.2	0.00430559927287012	kruskal_wallis	0.541994188459187	0.742444286770597	ns	0.0010002365095053	0.00136020304112682
A549_110626_PET05	PET	raw	superclass	Phenylpropanoids (C6-C3)	Cinnamic acids and derivatives	pathway	Shikimates and Phenylpropanoids	Shikimates and Phenylpropanoids	Phenylpropanoids (C6-C3)	Cinnamic acids and derivatives	NPC superclass: Phenylpropanoids (C6-C3) / NPC pathway: Shikimates and Phenylpropanoids	Phenylpropanoids (C6-C3)	1	44	38633656	215168656.5	0.179550575016022	kruskal_wallis	0.0253494055227249	0.35055495421395	ns	0.0600694896426386	0.0477026639665799
A549_110626_PET100	PET	raw	superclass	Phenylpropanoids (C6-C3)	Cinnamic acids and derivatives	pathway	Shikimates and Phenylpropanoids	Shikimates and Phenylpropanoids	Phenylpropanoids (C6-C3)	Cinnamic acids and derivatives	NPC superclass: Phenylpropanoids (C6-C3) / NPC pathway: Shikimates and Phenylpropanoids	Phenylpropanoids (C6-C3)	1	44	45553850	247411286.8	0.184121955749029	kruskal_wallis	0.0253494055227249	0.35055495421395	ns	0.0600694896426386	0.0477026639665799
A549_110626_PS05	PS	raw	superclass	Phenylpropanoids (C6-C3)	Cinnamic acids and derivatives	pathway	Shikimates and Phenylpropanoids	Shikimates and Phenylpropanoids	Phenylpropanoids (C6-C3)	Cinnamic acids and derivatives	NPC superclass: Phenylpropanoids (C6-C3) / NPC pathway: Shikimates and Phenylpropanoids	Phenylpropanoids (C6-C3)	1	44	36495360	176444743.3	0.20683733228566	kruskal_wallis	0.0253494055227249	0.35055495421395	ns	0.0600694896426386	0.0477026639665799
A549_110626_PS100	PS	raw	superclass	Phenylpropanoids (C6-C3)	Cinnamic acids and derivatives	pathway	Shikimates and Phenylpropanoids	Shikimates and Phenylpropanoids	Phenylpropanoids (C6-C3)	Cinnamic acids and derivatives	NPC superclass: Phenylpropanoids (C6-C3) / NPC pathway: Shikimates and Phenylpropanoids	Phenylpropanoids (C6-C3)	1	44	40801660	208903209.1	0.19531370616939	kruskal_wallis	0.0253494055227249	0.35055495421395	ns	0.0600694896426386	0.0477026639665799
A549_110626_untreated	Untreated	raw	superclass	Phenylpropanoids (C6-C3)	Cinnamic acids and derivatives	pathway	Shikimates and Phenylpropanoids	Shikimates and Phenylpropanoids	Phenylpropanoids (C6-C3)	Cinnamic acids and derivatives	NPC superclass: Phenylpropanoids (C6-C3) / NPC pathway: Shikimates and Phenylpropanoids	Phenylpropanoids (C6-C3)	1	44	42906508	332548966.9	0.129023128232728	kruskal_wallis	0.0253494055227249	0.35055495421395	ns	0.0600694896426386	0.0477026639665799
A549_180626_PET05	PET	raw	superclass	Phenylpropanoids (C6-C3)	Cinnamic acids and derivatives	pathway	Shikimates and Phenylpropanoids	Shikimates and Phenylpropanoids	Phenylpropanoids (C6-C3)	Cinnamic acids and derivatives	NPC superclass: Phenylpropanoids (C6-C3) / NPC pathway: Shikimates and Phenylpropanoids	Phenylpropanoids (C6-C3)	1	44	34163556	164502306.2	0.2076782799535	kruskal_wallis	0.0253494055227249	0.35055495421395	ns	0.0600694896426386	0.0477026639665799
A549_180626_PET100	PET	raw	superclass	Phenylpropanoids (C6-C3)	Cinnamic acids and derivatives	pathway	Shikimates and Phenylpropanoids	Shikimates and Phenylpropanoids	Phenylpropanoids (C6-C3)	Cinnamic acids and derivatives	NPC superclass: Phenylpropanoids (C6-C3) / NPC pathway: Shikimates and Phenylpropanoids	Phenylpropanoids (C6-C3)	1	44	44886750	212785890.4	0.21094796236546	kruskal_wallis	0.0253494055227249	0.35055495421395	ns	0.0600694896426386	0.0477026639665799
A549_180626_PS05	PS	raw	superclass	Phenylpropanoids (C6-C3)	Cinnamic acids and derivatives	pathway	Shikimates and Phenylpropanoids	Shikimates and Phenylpropanoids	Phenylpropanoids (C6-C3)	Cinnamic acids and derivatives	NPC superclass: Phenylpropanoids (C6-C3) / NPC pathway: Shikimates and Phenylpropanoids	Phenylpropanoids (C6-C3)	1	44	43958080	203380995.8	0.216136615061258	kruskal_wallis	0.0253494055227249	0.35055495421395	ns	0.0600694896426386	0.0477026639665799
A549_180626_PS100	PS	raw	superclass	Phenylpropanoids (C6-C3)	Cinnamic acids and derivatives	pathway	Shikimates and Phenylpropanoids	Shikimates and Phenylpropanoids	Phenylpropanoids (C6-C3)	Cinnamic acids and derivatives	NPC superclass: Phenylpropanoids (C6-C3) / NPC pathway: Shikimates and Phenylpropanoids	Phenylpropanoids (C6-C3)	1	44	40173004	201767347.3	0.199105576484922	kruskal_wallis	0.0253494055227249	0.35055495421395	ns	0.0600694896426386	0.0477026639665799
A549_180626_untreated	Untreated	raw	superclass	Phenylpropanoids (C6-C3)	Cinnamic acids and derivatives	pathway	Shikimates and Phenylpropanoids	Shikimates and Phenylpropanoids	Phenylpropanoids (C6-C3)	Cinnamic acids and derivatives	NPC superclass: Phenylpropanoids (C6-C3) / NPC pathway: Shikimates and Phenylpropanoids	Phenylpropanoids (C6-C3)	1	44	50735460	326758905.4	0.155268790418711	kruskal_wallis	0.0253494055227249	0.35055495421395	ns	0.0600694896426386	0.0477026639665799
A549_210626_PET05	PET	raw	superclass	Phenylpropanoids (C6-C3)	Cinnamic acids and derivatives	pathway	Shikimates and Phenylpropanoids	Shikimates and Phenylpropanoids	Phenylpropanoids (C6-C3)	Cinnamic acids and derivatives	NPC superclass: Phenylpropanoids (C6-C3) / NPC pathway: Shikimates and Phenylpropanoids	Phenylpropanoids (C6-C3)	1	44	29112248	189845764.2	0.153346839855382	kruskal_wallis	0.0253494055227249	0.35055495421395	ns	0.0600694896426386	0.0477026639665799
A549_210626_PET100	PET	raw	superclass	Phenylpropanoids (C6-C3)	Cinnamic acids and derivatives	pathway	Shikimates and Phenylpropanoids	Shikimates and Phenylpropanoids	Phenylpropanoids (C6-C3)	Cinnamic acids and derivatives	NPC superclass: Phenylpropanoids (C6-C3) / NPC pathway: Shikimates and Phenylpropanoids	Phenylpropanoids (C6-C3)	1	44	40696270	211223277.2	0.192669437476184	kruskal_wallis	0.0253494055227249	0.35055495421395	ns	0.0600694896426386	0.0477026639665799
A549_210626_PS05	PS	raw	superclass	Phenylpropanoids (C6-C3)	Cinnamic acids and derivatives	pathway	Shikimates and Phenylpropanoids	Shikimates and Phenylpropanoids	Phenylpropanoids (C6-C3)	Cinnamic acids and derivatives	NPC superclass: Phenylpropanoids (C6-C3) / NPC pathway: Shikimates and Phenylpropanoids	Phenylpropanoids (C6-C3)	1	44	34885000	151392326.2	0.23042779561967	kruskal_wallis	0.0253494055227249	0.35055495421395	ns	0.0600694896426386	0.0477026639665799
A549_210626_PS100	PS	raw	superclass	Phenylpropanoids (C6-C3)	Cinnamic acids and derivatives	pathway	Shikimates and Phenylpropanoids	Shikimates and Phenylpropanoids	Phenylpropanoids (C6-C3)	Cinnamic acids and derivatives	NPC superclass: Phenylpropanoids (C6-C3) / NPC pathway: Shikimates and Phenylpropanoids	Phenylpropanoids (C6-C3)	1	44	40548040	209096419.6	0.19392029800208	kruskal_wallis	0.0253494055227249	0.35055495421395	ns	0.0600694896426386	0.0477026639665799
A549_210626_untreated	Untreated	raw	superclass	Phenylpropanoids (C6-C3)	Cinnamic acids and derivatives	pathway	Shikimates and Phenylpropanoids	Shikimates and Phenylpropanoids	Phenylpropanoids (C6-C3)	Cinnamic acids and derivatives	NPC superclass: Phenylpropanoids (C6-C3) / NPC pathway: Shikimates and Phenylpropanoids	Phenylpropanoids (C6-C3)	1	44	30472998	194877179.5	0.156370274232135	kruskal_wallis	0.0253494055227249	0.35055495421395	ns	0.0600694896426386	0.0477026639665799
A549_110626_PET05	PET	raw	superclass	Saccharides	Monosaccharides	pathway	Carbohydrates	Carbohydrates	Saccharides	Monosaccharides	NPC superclass: Saccharides / NPC pathway: Carbohydrates	Saccharides	1	10	3043074	28654825	0.106197612443978	kruskal_wallis	0.971254575213674	0.971254575213674	ns	0.011348596792348	0.0282463943468585
A549_110626_PET100	PET	raw	superclass	Saccharides	Monosaccharides	pathway	Carbohydrates	Carbohydrates	Saccharides	Monosaccharides	NPC superclass: Saccharides / NPC pathway: Carbohydrates	Saccharides	1	10	2531566.5	23627343.6	0.107145625122242	kruskal_wallis	0.971254575213674	0.971254575213674	ns	0.011348596792348	0.0282463943468585
A549_110626_PS05	PS	raw	superclass	Saccharides	Monosaccharides	pathway	Carbohydrates	Carbohydrates	Saccharides	Monosaccharides	NPC superclass: Saccharides / NPC pathway: Carbohydrates	Saccharides	1	10	12422520	48169276.6	0.25789301556586	kruskal_wallis	0.971254575213674	0.971254575213674	ns	0.011348596792348	0.0282463943468585
A549_110626_PS100	PS	raw	superclass	Saccharides	Monosaccharides	pathway	Carbohydrates	Carbohydrates	Saccharides	Monosaccharides	NPC superclass: Saccharides / NPC pathway: Carbohydrates	Saccharides	1	10	5831397	35571701.7	0.163933596688179	kruskal_wallis	0.971254575213674	0.971254575213674	ns	0.011348596792348	0.0282463943468585
A549_110626_untreated	Untreated	raw	superclass	Saccharides	Monosaccharides	pathway	Carbohydrates	Carbohydrates	Saccharides	Monosaccharides	NPC superclass: Saccharides / NPC pathway: Carbohydrates	Saccharides	1	10	1892116.2	21284813.9	0.0888951253644741	kruskal_wallis	0.971254575213674	0.971254575213674	ns	0.011348596792348	0.0282463943468585
A549_180626_PET05	PET	raw	superclass	Saccharides	Monosaccharides	pathway	Carbohydrates	Carbohydrates	Saccharides	Monosaccharides	NPC superclass: Saccharides / NPC pathway: Carbohydrates	Saccharides	1	10	9088154	39004932.5	0.23300012120262	kruskal_wallis	0.971254575213674	0.971254575213674	ns	0.011348596792348	0.0282463943468585
A549_180626_PET100	PET	raw	superclass	Saccharides	Monosaccharides	pathway	Carbohydrates	Carbohydrates	Saccharides	Monosaccharides	NPC superclass: Saccharides / NPC pathway: Carbohydrates	Saccharides	1	10	8625059	39971751.9	0.215778858569369	kruskal_wallis	0.971254575213674	0.971254575213674	ns	0.011348596792348	0.0282463943468585
A549_180626_PS05	PS	raw	superclass	Saccharides	Monosaccharides	pathway	Carbohydrates	Carbohydrates	Saccharides	Monosaccharides	NPC superclass: Saccharides / NPC pathway: Carbohydrates	Saccharides	1	10	2387538.2	20879675.3	0.114347477424613	kruskal_wallis	0.971254575213674	0.971254575213674	ns	0.011348596792348	0.0282463943468585
A549_180626_PS100	PS	raw	superclass	Saccharides	Monosaccharides	pathway	Carbohydrates	Carbohydrates	Saccharides	Monosaccharides	NPC superclass: Saccharides / NPC pathway: Carbohydrates	Saccharides	1	10	6694593	36833470.7	0.181752978276902	kruskal_wallis	0.971254575213674	0.971254575213674	ns	0.011348596792348	0.0282463943468585
A549_180626_untreated	Untreated	raw	superclass	Saccharides	Monosaccharides	pathway	Carbohydrates	Carbohydrates	Saccharides	Monosaccharides	NPC superclass: Saccharides / NPC pathway: Carbohydrates	Saccharides	1	10	6673210.5	38122537.4	0.175046336238888	kruskal_wallis	0.971254575213674	0.971254575213674	ns	0.011348596792348	0.0282463943468585
A549_210626_PET05	PET	raw	superclass	Saccharides	Monosaccharides	pathway	Carbohydrates	Carbohydrates	Saccharides	Monosaccharides	NPC superclass: Saccharides / NPC pathway: Carbohydrates	Saccharides	1	10	6318277.5	27221512.9	0.232106037721364	kruskal_wallis	0.971254575213674	0.971254575213674	ns	0.011348596792348	0.0282463943468585
A549_210626_PET100	PET	raw	superclass	Saccharides	Monosaccharides	pathway	Carbohydrates	Carbohydrates	Saccharides	Monosaccharides	NPC superclass: Saccharides / NPC pathway: Carbohydrates	Saccharides	1	10	7808540	41891195.5	0.186400505089429	kruskal_wallis	0.971254575213674	0.971254575213674	ns	0.011348596792348	0.0282463943468585
A549_210626_PS05	PS	raw	superclass	Saccharides	Monosaccharides	pathway	Carbohydrates	Carbohydrates	Saccharides	Monosaccharides	NPC superclass: Saccharides / NPC pathway: Carbohydrates	Saccharides	1	10	6689153	31880331.7	0.209820683892069	kruskal_wallis	0.971254575213674	0.971254575213674	ns	0.011348596792348	0.0282463943468585
A549_210626_PS100	PS	raw	superclass	Saccharides	Monosaccharides	pathway	Carbohydrates	Carbohydrates	Saccharides	Monosaccharides	NPC superclass: Saccharides / NPC pathway: Carbohydrates	Saccharides	1	10	2512557.5	20744532.2	0.121119024318129	kruskal_wallis	0.971254575213674	0.971254575213674	ns	0.011348596792348	0.0282463943468585
A549_210626_untreated	Untreated	raw	superclass	Saccharides	Monosaccharides	pathway	Carbohydrates	Carbohydrates	Saccharides	Monosaccharides	NPC superclass: Saccharides / NPC pathway: Carbohydrates	Saccharides	1	10	10367696	35199892.6	0.294537716856557	kruskal_wallis	0.971254575213674	0.971254575213674	ns	0.011348596792348	0.0282463943468585
A549_110626_PET05	PET	raw	superclass	Sesquiterpenoids	Bisabolane sesquiterpenoids | Caryophyllane sesquiterpenoids | Humulane sesquiterpenoids	pathway	Terpenoids	Terpenoids	Sesquiterpenoids	Bisabolane sesquiterpenoids | Caryophyllane sesquiterpenoids | Humulane sesquiterpenoids	NPC superclass: Sesquiterpenoids / NPC pathway: Terpenoids	Sesquiterpenoids	4	328	28426827	12413988413.6	0.00228990281389802	kruskal_wallis	0.864301741471365	0.917653700821449	ns	4.86973053086515e-05	0.00023947827055246
A549_110626_PET100	PET	raw	superclass	Sesquiterpenoids	Bisabolane sesquiterpenoids | Caryophyllane sesquiterpenoids | Humulane sesquiterpenoids	pathway	Terpenoids	Terpenoids	Sesquiterpenoids	Bisabolane sesquiterpenoids | Caryophyllane sesquiterpenoids | Humulane sesquiterpenoids	NPC superclass: Sesquiterpenoids / NPC pathway: Terpenoids	Sesquiterpenoids	4	328	34254678.5	14863016969.1	0.00230469214771234	kruskal_wallis	0.864301741471365	0.917653700821449	ns	4.86973053086515e-05	0.00023947827055246
A549_110626_PS05	PS	raw	superclass	Sesquiterpenoids	Bisabolane sesquiterpenoids | Caryophyllane sesquiterpenoids | Humulane sesquiterpenoids	pathway	Terpenoids	Terpenoids	Sesquiterpenoids	Bisabolane sesquiterpenoids | Caryophyllane sesquiterpenoids | Humulane sesquiterpenoids	NPC superclass: Sesquiterpenoids / NPC pathway: Terpenoids	Sesquiterpenoids	4	328	32242826.5	12871061495	0.00250506351108068	kruskal_wallis	0.864301741471365	0.917653700821449	ns	4.86973053086515e-05	0.00023947827055246
A549_110626_PS100	PS	raw	superclass	Sesquiterpenoids	Bisabolane sesquiterpenoids | Caryophyllane sesquiterpenoids | Humulane sesquiterpenoids	pathway	Terpenoids	Terpenoids	Sesquiterpenoids	Bisabolane sesquiterpenoids | Caryophyllane sesquiterpenoids | Humulane sesquiterpenoids	NPC superclass: Sesquiterpenoids / NPC pathway: Terpenoids	Sesquiterpenoids	4	328	36192704	13243674001.2	0.00273282957559365	kruskal_wallis	0.864301741471365	0.917653700821449	ns	4.86973053086515e-05	0.00023947827055246
A549_110626_untreated	Untreated	raw	superclass	Sesquiterpenoids	Bisabolane sesquiterpenoids | Caryophyllane sesquiterpenoids | Humulane sesquiterpenoids	pathway	Terpenoids	Terpenoids	Sesquiterpenoids	Bisabolane sesquiterpenoids | Caryophyllane sesquiterpenoids | Humulane sesquiterpenoids	NPC superclass: Sesquiterpenoids / NPC pathway: Terpenoids	Sesquiterpenoids	4	328	37204924.5	14567162470.1	0.0025540268790415	kruskal_wallis	0.864301741471365	0.917653700821449	ns	4.86973053086515e-05	0.00023947827055246
A549_180626_PET05	PET	raw	superclass	Sesquiterpenoids	Bisabolane sesquiterpenoids | Caryophyllane sesquiterpenoids | Humulane sesquiterpenoids	pathway	Terpenoids	Terpenoids	Sesquiterpenoids	Bisabolane sesquiterpenoids | Caryophyllane sesquiterpenoids | Humulane sesquiterpenoids	NPC superclass: Sesquiterpenoids / NPC pathway: Terpenoids	Sesquiterpenoids	4	328	22662634	15339376161.6	0.00147741562376785	kruskal_wallis	0.864301741471365	0.917653700821449	ns	4.86973053086515e-05	0.00023947827055246
A549_180626_PET100	PET	raw	superclass	Sesquiterpenoids	Bisabolane sesquiterpenoids | Caryophyllane sesquiterpenoids | Humulane sesquiterpenoids	pathway	Terpenoids	Terpenoids	Sesquiterpenoids	Bisabolane sesquiterpenoids | Caryophyllane sesquiterpenoids | Humulane sesquiterpenoids	NPC superclass: Sesquiterpenoids / NPC pathway: Terpenoids	Sesquiterpenoids	4	328	36169614	14118872693.8	0.0025617919209572	kruskal_wallis	0.864301741471365	0.917653700821449	ns	4.86973053086515e-05	0.00023947827055246
A549_180626_PS05	PS	raw	superclass	Sesquiterpenoids	Bisabolane sesquiterpenoids | Caryophyllane sesquiterpenoids | Humulane sesquiterpenoids	pathway	Terpenoids	Terpenoids	Sesquiterpenoids	Bisabolane sesquiterpenoids | Caryophyllane sesquiterpenoids | Humulane sesquiterpenoids	NPC superclass: Sesquiterpenoids / NPC pathway: Terpenoids	Sesquiterpenoids	4	328	27694361.2	14801169210.3	0.00187109280398793	kruskal_wallis	0.864301741471365	0.917653700821449	ns	4.86973053086515e-05	0.00023947827055246
A549_180626_PS100	PS	raw	superclass	Sesquiterpenoids	Bisabolane sesquiterpenoids | Caryophyllane sesquiterpenoids | Humulane sesquiterpenoids	pathway	Terpenoids	Terpenoids	Sesquiterpenoids	Bisabolane sesquiterpenoids | Caryophyllane sesquiterpenoids | Humulane sesquiterpenoids	NPC superclass: Sesquiterpenoids / NPC pathway: Terpenoids	Sesquiterpenoids	4	328	34392763.5	14039838092	0.00244965527911588	kruskal_wallis	0.864301741471365	0.917653700821449	ns	4.86973053086515e-05	0.00023947827055246
A549_180626_untreated	Untreated	raw	superclass	Sesquiterpenoids	Bisabolane sesquiterpenoids | Caryophyllane sesquiterpenoids | Humulane sesquiterpenoids	pathway	Terpenoids	Terpenoids	Sesquiterpenoids	Bisabolane sesquiterpenoids | Caryophyllane sesquiterpenoids | Humulane sesquiterpenoids	NPC superclass: Sesquiterpenoids / NPC pathway: Terpenoids	Sesquiterpenoids	4	328	32966419.3	16122838566.1	0.00204470318082297	kruskal_wallis	0.864301741471365	0.917653700821449	ns	4.86973053086515e-05	0.00023947827055246
A549_210626_PET05	PET	raw	superclass	Sesquiterpenoids	Bisabolane sesquiterpenoids | Caryophyllane sesquiterpenoids | Humulane sesquiterpenoids	pathway	Terpenoids	Terpenoids	Sesquiterpenoids	Bisabolane sesquiterpenoids | Caryophyllane sesquiterpenoids | Humulane sesquiterpenoids	NPC superclass: Sesquiterpenoids / NPC pathway: Terpenoids	Sesquiterpenoids	4	328	36328960.7	15315759878.2	0.00237199858112881	kruskal_wallis	0.864301741471365	0.917653700821449	ns	4.86973053086515e-05	0.00023947827055246
A549_210626_PET100	PET	raw	superclass	Sesquiterpenoids	Bisabolane sesquiterpenoids | Caryophyllane sesquiterpenoids | Humulane sesquiterpenoids	pathway	Terpenoids	Terpenoids	Sesquiterpenoids	Bisabolane sesquiterpenoids | Caryophyllane sesquiterpenoids | Humulane sesquiterpenoids	NPC superclass: Sesquiterpenoids / NPC pathway: Terpenoids	Sesquiterpenoids	4	328	35923296.5	13669470882.2	0.00262799466121094	kruskal_wallis	0.864301741471365	0.917653700821449	ns	4.86973053086515e-05	0.00023947827055246
A549_210626_PS05	PS	raw	superclass	Sesquiterpenoids	Bisabolane sesquiterpenoids | Caryophyllane sesquiterpenoids | Humulane sesquiterpenoids	pathway	Terpenoids	Terpenoids	Sesquiterpenoids	Bisabolane sesquiterpenoids | Caryophyllane sesquiterpenoids | Humulane sesquiterpenoids	NPC superclass: Sesquiterpenoids / NPC pathway: Terpenoids	Sesquiterpenoids	4	328	23170896.3	12184297093.2	0.00190170151981369	kruskal_wallis	0.864301741471365	0.917653700821449	ns	4.86973053086515e-05	0.00023947827055246
A549_210626_PS100	PS	raw	superclass	Sesquiterpenoids	Bisabolane sesquiterpenoids | Caryophyllane sesquiterpenoids | Humulane sesquiterpenoids	pathway	Terpenoids	Terpenoids	Sesquiterpenoids	Bisabolane sesquiterpenoids | Caryophyllane sesquiterpenoids | Humulane sesquiterpenoids	NPC superclass: Sesquiterpenoids / NPC pathway: Terpenoids	Sesquiterpenoids	4	328	37120182	16430213468.8	0.00225926352512029	kruskal_wallis	0.864301741471365	0.917653700821449	ns	4.86973053086515e-05	0.00023947827055246
A549_210626_untreated	Untreated	raw	superclass	Sesquiterpenoids	Bisabolane sesquiterpenoids | Caryophyllane sesquiterpenoids | Humulane sesquiterpenoids	pathway	Terpenoids	Terpenoids	Sesquiterpenoids	Bisabolane sesquiterpenoids | Caryophyllane sesquiterpenoids | Humulane sesquiterpenoids	NPC superclass: Sesquiterpenoids / NPC pathway: Terpenoids	Sesquiterpenoids	4	328	31225909	14764154882.5	0.00211498113156563	kruskal_wallis	0.864301741471365	0.917653700821449	ns	4.86973053086515e-05	0.00023947827055246
A549_110626_PET05	PET	raw	superclass	Small peptides	Aminoacids | Dipeptides | Tripeptides	pathway	Amino acids and Peptides	Amino acids and Peptides	Small peptides	Aminoacids | Dipeptides | Tripeptides	NPC superclass: Small peptides / NPC pathway: Amino acids and Peptides	Small peptides	18	141	118045810.4	1261887026.5	0.0935470512977811	kruskal_wallis	0.0941844674557766	0.385631433652025	ns	0.0279542822887404	0.0266839092913531
A549_110626_PET100	PET	raw	superclass	Small peptides	Aminoacids | Dipeptides | Tripeptides	pathway	Amino acids and Peptides	Amino acids and Peptides	Small peptides	Aminoacids | Dipeptides | Tripeptides	NPC superclass: Small peptides / NPC pathway: Amino acids and Peptides	Small peptides	18	141	119814177.1	1576419087.3	0.0760040131873884	kruskal_wallis	0.0941844674557766	0.385631433652025	ns	0.0279542822887404	0.0266839092913531
A549_110626_PS05	PS	raw	superclass	Small peptides	Aminoacids | Dipeptides | Tripeptides	pathway	Amino acids and Peptides	Amino acids and Peptides	Small peptides	Aminoacids | Dipeptides | Tripeptides	NPC superclass: Small peptides / NPC pathway: Amino acids and Peptides	Small peptides	18	141	88883991.9	1278650513.3	0.0695139062437038	kruskal_wallis	0.0941844674557766	0.385631433652025	ns	0.0279542822887404	0.0266839092913531
A549_110626_PS100	PS	raw	superclass	Small peptides	Aminoacids | Dipeptides | Tripeptides	pathway	Amino acids and Peptides	Amino acids and Peptides	Small peptides	Aminoacids | Dipeptides | Tripeptides	NPC superclass: Small peptides / NPC pathway: Amino acids and Peptides	Small peptides	18	141	141181328.3	1438361364.9	0.0981542828841314	kruskal_wallis	0.0941844674557766	0.385631433652025	ns	0.0279542822887404	0.0266839092913531
A549_110626_untreated	Untreated	raw	superclass	Small peptides	Aminoacids | Dipeptides | Tripeptides	pathway	Amino acids and Peptides	Amino acids and Peptides	Small peptides	Aminoacids | Dipeptides | Tripeptides	NPC superclass: Small peptides / NPC pathway: Amino acids and Peptides	Small peptides	18	141	112910261.5	1785861188.6	0.06322454523384	kruskal_wallis	0.0941844674557766	0.385631433652025	ns	0.0279542822887404	0.0266839092913531
A549_180626_PET05	PET	raw	superclass	Small peptides	Aminoacids | Dipeptides | Tripeptides	pathway	Amino acids and Peptides	Amino acids and Peptides	Small peptides	Aminoacids | Dipeptides | Tripeptides	NPC superclass: Small peptides / NPC pathway: Amino acids and Peptides	Small peptides	18	141	94627631.1	993420522.3	0.0952543550045805	kruskal_wallis	0.0941844674557766	0.385631433652025	ns	0.0279542822887404	0.0266839092913531
A549_180626_PET100	PET	raw	superclass	Small peptides	Aminoacids | Dipeptides | Tripeptides	pathway	Amino acids and Peptides	Amino acids and Peptides	Small peptides	Aminoacids | Dipeptides | Tripeptides	NPC superclass: Small peptides / NPC pathway: Amino acids and Peptides	Small peptides	18	141	95712017.3	1474863097.7	0.0648955265402326	kruskal_wallis	0.0941844674557766	0.385631433652025	ns	0.0279542822887404	0.0266839092913531
A549_180626_PS05	PS	raw	superclass	Small peptides	Aminoacids | Dipeptides | Tripeptides	pathway	Amino acids and Peptides	Amino acids and Peptides	Small peptides	Aminoacids | Dipeptides | Tripeptides	NPC superclass: Small peptides / NPC pathway: Amino acids and Peptides	Small peptides	18	141	73080487	1480990834.5	0.0493456713556724	kruskal_wallis	0.0941844674557766	0.385631433652025	ns	0.0279542822887404	0.0266839092913531
A549_180626_PS100	PS	raw	superclass	Small peptides	Aminoacids | Dipeptides | Tripeptides	pathway	Amino acids and Peptides	Amino acids and Peptides	Small peptides	Aminoacids | Dipeptides | Tripeptides	NPC superclass: Small peptides / NPC pathway: Amino acids and Peptides	Small peptides	18	141	91416923.8	1606086500.9	0.0569190537052474	kruskal_wallis	0.0941844674557766	0.385631433652025	ns	0.0279542822887404	0.0266839092913531
A549_180626_untreated	Untreated	raw	superclass	Small peptides	Aminoacids | Dipeptides | Tripeptides	pathway	Amino acids and Peptides	Amino acids and Peptides	Small peptides	Aminoacids | Dipeptides | Tripeptides	NPC superclass: Small peptides / NPC pathway: Amino acids and Peptides	Small peptides	18	141	85186919.8	2104203255.8	0.0404841688012752	kruskal_wallis	0.0941844674557766	0.385631433652025	ns	0.0279542822887404	0.0266839092913531
A549_210626_PET05	PET	raw	superclass	Small peptides	Aminoacids | Dipeptides | Tripeptides	pathway	Amino acids and Peptides	Amino acids and Peptides	Small peptides	Aminoacids | Dipeptides | Tripeptides	NPC superclass: Small peptides / NPC pathway: Amino acids and Peptides	Small peptides	18	141	118878833	1317408748.9	0.0902368631597904	kruskal_wallis	0.0941844674557766	0.385631433652025	ns	0.0279542822887404	0.0266839092913531
A549_210626_PET100	PET	raw	superclass	Small peptides	Aminoacids | Dipeptides | Tripeptides	pathway	Amino acids and Peptides	Amino acids and Peptides	Small peptides	Aminoacids | Dipeptides | Tripeptides	NPC superclass: Small peptides / NPC pathway: Amino acids and Peptides	Small peptides	18	141	140538017.3	1569136596.1	0.0895639153718671	kruskal_wallis	0.0941844674557766	0.385631433652025	ns	0.0279542822887404	0.0266839092913531
A549_210626_PS05	PS	raw	superclass	Small peptides	Aminoacids | Dipeptides | Tripeptides	pathway	Amino acids and Peptides	Amino acids and Peptides	Small peptides	Aminoacids | Dipeptides | Tripeptides	NPC superclass: Small peptides / NPC pathway: Amino acids and Peptides	Small peptides	18	141	64105282.6	1294084569.6	0.0495371663536757	kruskal_wallis	0.0941844674557766	0.385631433652025	ns	0.0279542822887404	0.0266839092913531
A549_210626_PS100	PS	raw	superclass	Small peptides	Aminoacids | Dipeptides | Tripeptides	pathway	Amino acids and Peptides	Amino acids and Peptides	Small peptides	Aminoacids | Dipeptides | Tripeptides	NPC superclass: Small peptides / NPC pathway: Amino acids and Peptides	Small peptides	18	141	130982670.5	1542202367.4	0.0849322198362487	kruskal_wallis	0.0941844674557766	0.385631433652025	ns	0.0279542822887404	0.0266839092913531
A549_210626_untreated	Untreated	raw	superclass	Small peptides	Aminoacids | Dipeptides | Tripeptides	pathway	Amino acids and Peptides	Amino acids and Peptides	Small peptides	Aminoacids | Dipeptides | Tripeptides	NPC superclass: Small peptides / NPC pathway: Amino acids and Peptides	Small peptides	18	141	109582953.7	1631201150.5	0.0671793013794837	kruskal_wallis	0.0941844674557766	0.385631433652025	ns	0.0279542822887404	0.0266839092913531
A549_110626_PET05	PET	raw	superclass	Steroids	Androstane steroids | Cholane steroids | Cholestane steroids | Ergostane steroids | Estrane steroids | Unsaturated fatty acids	pathway	Terpenoids	Terpenoids	Steroids	Androstane steroids | Cholane steroids | Cholestane steroids | Ergostane steroids | Estrane steroids | Unsaturated fatty acids	NPC superclass: Steroids / NPC pathway: Terpenoids	Steroids	12	328	81252802.2	12413988413.6	0.0065452616429853	kruskal_wallis	0.541994188459187	0.742444286770597	ns	0.000532772737714834	0.00045229337531388
A549_110626_PET100	PET	raw	superclass	Steroids	Androstane steroids | Cholane steroids | Cholestane steroids | Ergostane steroids | Estrane steroids | Unsaturated fatty acids	pathway	Terpenoids	Terpenoids	Steroids	Androstane steroids | Cholane steroids | Cholestane steroids | Ergostane steroids | Estrane steroids | Unsaturated fatty acids	NPC superclass: Steroids / NPC pathway: Terpenoids	Steroids	12	328	76835639.2	14863016969.1	0.00516958564736488	kruskal_wallis	0.541994188459187	0.742444286770597	ns	0.000532772737714834	0.00045229337531388
A549_110626_PS05	PS	raw	superclass	Steroids	Androstane steroids | Cholane steroids | Cholestane steroids | Ergostane steroids | Estrane steroids | Unsaturated fatty acids	pathway	Terpenoids	Terpenoids	Steroids	Androstane steroids | Cholane steroids | Cholestane steroids | Ergostane steroids | Estrane steroids | Unsaturated fatty acids	NPC superclass: Steroids / NPC pathway: Terpenoids	Steroids	12	328	78622522.1	12871061495	0.00610847226008067	kruskal_wallis	0.541994188459187	0.742444286770597	ns	0.000532772737714834	0.00045229337531388
A549_110626_PS100	PS	raw	superclass	Steroids	Androstane steroids | Cholane steroids | Cholestane steroids | Ergostane steroids | Estrane steroids | Unsaturated fatty acids	pathway	Terpenoids	Terpenoids	Steroids	Androstane steroids | Cholane steroids | Cholestane steroids | Ergostane steroids | Estrane steroids | Unsaturated fatty acids	NPC superclass: Steroids / NPC pathway: Terpenoids	Steroids	12	328	80576471.5	13243674001.2	0.0060841479103683	kruskal_wallis	0.541994188459187	0.742444286770597	ns	0.000532772737714834	0.00045229337531388
A549_110626_untreated	Untreated	raw	superclass	Steroids	Androstane steroids | Cholane steroids | Cholestane steroids | Ergostane steroids | Estrane steroids | Unsaturated fatty acids	pathway	Terpenoids	Terpenoids	Steroids	Androstane steroids | Cholane steroids | Cholestane steroids | Ergostane steroids | Estrane steroids | Unsaturated fatty acids	NPC superclass: Steroids / NPC pathway: Terpenoids	Steroids	12	328	79846987.7	14567162470.1	0.00548130000361367	kruskal_wallis	0.541994188459187	0.742444286770597	ns	0.000532772737714834	0.00045229337531388
A549_180626_PET05	PET	raw	superclass	Steroids	Androstane steroids | Cholane steroids | Cholestane steroids | Ergostane steroids | Estrane steroids | Unsaturated fatty acids	pathway	Terpenoids	Terpenoids	Steroids	Androstane steroids | Cholane steroids | Cholestane steroids | Ergostane steroids | Estrane steroids | Unsaturated fatty acids	NPC superclass: Steroids / NPC pathway: Terpenoids	Steroids	12	328	60924369.6	15339376161.6	0.00397176319024731	kruskal_wallis	0.541994188459187	0.742444286770597	ns	0.000532772737714834	0.00045229337531388
A549_180626_PET100	PET	raw	superclass	Steroids	Androstane steroids | Cholane steroids | Cholestane steroids | Ergostane steroids | Estrane steroids | Unsaturated fatty acids	pathway	Terpenoids	Terpenoids	Steroids	Androstane steroids | Cholane steroids | Cholestane steroids | Ergostane steroids | Estrane steroids | Unsaturated fatty acids	NPC superclass: Steroids / NPC pathway: Terpenoids	Steroids	12	328	70476282.9	14118872693.8	0.00499163668576374	kruskal_wallis	0.541994188459187	0.742444286770597	ns	0.000532772737714834	0.00045229337531388
A549_180626_PS05	PS	raw	superclass	Steroids	Androstane steroids | Cholane steroids | Cholestane steroids | Ergostane steroids | Estrane steroids | Unsaturated fatty acids	pathway	Terpenoids	Terpenoids	Steroids	Androstane steroids | Cholane steroids | Cholestane steroids | Ergostane steroids | Estrane steroids | Unsaturated fatty acids	NPC superclass: Steroids / NPC pathway: Terpenoids	Steroids	12	328	75165257.6	14801169210.3	0.00507833242982542	kruskal_wallis	0.541994188459187	0.742444286770597	ns	0.000532772737714834	0.00045229337531388
A549_180626_PS100	PS	raw	superclass	Steroids	Androstane steroids | Cholane steroids | Cholestane steroids | Ergostane steroids | Estrane steroids | Unsaturated fatty acids	pathway	Terpenoids	Terpenoids	Steroids	Androstane steroids | Cholane steroids | Cholestane steroids | Ergostane steroids | Estrane steroids | Unsaturated fatty acids	NPC superclass: Steroids / NPC pathway: Terpenoids	Steroids	12	328	73741984.1	14039838092	0.00525233863929091	kruskal_wallis	0.541994188459187	0.742444286770597	ns	0.000532772737714834	0.00045229337531388
A549_180626_untreated	Untreated	raw	superclass	Steroids	Androstane steroids | Cholane steroids | Cholestane steroids | Ergostane steroids | Estrane steroids | Unsaturated fatty acids	pathway	Terpenoids	Terpenoids	Steroids	Androstane steroids | Cholane steroids | Cholestane steroids | Ergostane steroids | Estrane steroids | Unsaturated fatty acids	NPC superclass: Steroids / NPC pathway: Terpenoids	Steroids	12	328	79463912.3	16122838566.1	0.00492865521007457	kruskal_wallis	0.541994188459187	0.742444286770597	ns	0.000532772737714834	0.00045229337531388
A549_210626_PET05	PET	raw	superclass	Steroids	Androstane steroids | Cholane steroids | Cholestane steroids | Ergostane steroids | Estrane steroids | Unsaturated fatty acids	pathway	Terpenoids	Terpenoids	Steroids	Androstane steroids | Cholane steroids | Cholestane steroids | Ergostane steroids | Estrane steroids | Unsaturated fatty acids	NPC superclass: Steroids / NPC pathway: Terpenoids	Steroids	12	328	68602823.5	15315759878.2	0.004479230808368	kruskal_wallis	0.541994188459187	0.742444286770597	ns	0.000532772737714834	0.00045229337531388
A549_210626_PET100	PET	raw	superclass	Steroids	Androstane steroids | Cholane steroids | Cholestane steroids | Ergostane steroids | Estrane steroids | Unsaturated fatty acids	pathway	Terpenoids	Terpenoids	Steroids	Androstane steroids | Cholane steroids | Cholestane steroids | Ergostane steroids | Estrane steroids | Unsaturated fatty acids	NPC superclass: Steroids / NPC pathway: Terpenoids	Steroids	12	328	90644142.2	13669470882.2	0.00663113758982685	kruskal_wallis	0.541994188459187	0.742444286770597	ns	0.000532772737714834	0.00045229337531388
A549_210626_PS05	PS	raw	superclass	Steroids	Androstane steroids | Cholane steroids | Cholestane steroids | Ergostane steroids | Estrane steroids | Unsaturated fatty acids	pathway	Terpenoids	Terpenoids	Steroids	Androstane steroids | Cholane steroids | Cholestane steroids | Ergostane steroids | Estrane steroids | Unsaturated fatty acids	NPC superclass: Steroids / NPC pathway: Terpenoids	Steroids	12	328	67130098	12184297093.2	0.00550955853148599	kruskal_wallis	0.541994188459187	0.742444286770597	ns	0.000532772737714834	0.00045229337531388
A549_210626_PS100	PS	raw	superclass	Steroids	Androstane steroids | Cholane steroids | Cholestane steroids | Ergostane steroids | Estrane steroids | Unsaturated fatty acids	pathway	Terpenoids	Terpenoids	Steroids	Androstane steroids | Cholane steroids | Cholestane steroids | Ergostane steroids | Estrane steroids | Unsaturated fatty acids	NPC superclass: Steroids / NPC pathway: Terpenoids	Steroids	12	328	73322421.1	16430213468.8	0.00446265784916519	kruskal_wallis	0.541994188459187	0.742444286770597	ns	0.000532772737714834	0.00045229337531388
A549_210626_untreated	Untreated	raw	superclass	Steroids	Androstane steroids | Cholane steroids | Cholestane steroids | Ergostane steroids | Estrane steroids | Unsaturated fatty acids	pathway	Terpenoids	Terpenoids	Steroids	Androstane steroids | Cholane steroids | Cholestane steroids | Ergostane steroids | Estrane steroids | Unsaturated fatty acids	NPC superclass: Steroids / NPC pathway: Terpenoids	Steroids	12	328	62592345	14764154882.5	0.0042394803832755	kruskal_wallis	0.541994188459187	0.742444286770597	ns	0.000532772737714834	0.00045229337531388
A549_110626_PET05	PET	raw	superclass	Triterpenoids	Abeolupane triterpenoids | Cucurbitane triterpenoids | Lanostane, Tirucallane and Euphane triterpenoids | Limonoids | Lupane triterpenoids | Oleanane triterpenoids | Ursane and Taraxastane triterpenoids	pathway	Terpenoids	Terpenoids	Triterpenoids	Abeolupane triterpenoids | Cucurbitane triterpenoids | Lanostane, Tirucallane and Euphane triterpenoids | Limonoids | Lupane triterpenoids | Oleanane triterpenoids | Ursane and Taraxastane triterpenoids	NPC superclass: Triterpenoids / NPC pathway: Terpenoids	Triterpenoids	16	328	145838286.3	12413988413.6	0.0117478993407331	kruskal_wallis	0.541994188459187	0.742444286770597	ns	0.00169800896244332	0.00252417845005006
A549_110626_PET100	PET	raw	superclass	Triterpenoids	Abeolupane triterpenoids | Cucurbitane triterpenoids | Lanostane, Tirucallane and Euphane triterpenoids | Limonoids | Lupane triterpenoids | Oleanane triterpenoids | Ursane and Taraxastane triterpenoids	pathway	Terpenoids	Terpenoids	Triterpenoids	Abeolupane triterpenoids | Cucurbitane triterpenoids | Lanostane, Tirucallane and Euphane triterpenoids | Limonoids | Lupane triterpenoids | Oleanane triterpenoids | Ursane and Taraxastane triterpenoids	NPC superclass: Triterpenoids / NPC pathway: Terpenoids	Triterpenoids	16	328	196356231.9	14863016969.1	0.0132110615434418	kruskal_wallis	0.541994188459187	0.742444286770597	ns	0.00169800896244332	0.00252417845005006
A549_110626_PS05	PS	raw	superclass	Triterpenoids	Abeolupane triterpenoids | Cucurbitane triterpenoids | Lanostane, Tirucallane and Euphane triterpenoids | Limonoids | Lupane triterpenoids | Oleanane triterpenoids | Ursane and Taraxastane triterpenoids	pathway	Terpenoids	Terpenoids	Triterpenoids	Abeolupane triterpenoids | Cucurbitane triterpenoids | Lanostane, Tirucallane and Euphane triterpenoids | Limonoids | Lupane triterpenoids | Oleanane triterpenoids | Ursane and Taraxastane triterpenoids	NPC superclass: Triterpenoids / NPC pathway: Terpenoids	Triterpenoids	16	328	151395634	12871061495	0.0117624823763613	kruskal_wallis	0.541994188459187	0.742444286770597	ns	0.00169800896244332	0.00252417845005006
A549_110626_PS100	PS	raw	superclass	Triterpenoids	Abeolupane triterpenoids | Cucurbitane triterpenoids | Lanostane, Tirucallane and Euphane triterpenoids | Limonoids | Lupane triterpenoids | Oleanane triterpenoids | Ursane and Taraxastane triterpenoids	pathway	Terpenoids	Terpenoids	Triterpenoids	Abeolupane triterpenoids | Cucurbitane triterpenoids | Lanostane, Tirucallane and Euphane triterpenoids | Limonoids | Lupane triterpenoids | Oleanane triterpenoids | Ursane and Taraxastane triterpenoids	NPC superclass: Triterpenoids / NPC pathway: Terpenoids	Triterpenoids	16	328	161449395	13243674001.2	0.0121906802436674	kruskal_wallis	0.541994188459187	0.742444286770597	ns	0.00169800896244332	0.00252417845005006
A549_110626_untreated	Untreated	raw	superclass	Triterpenoids	Abeolupane triterpenoids | Cucurbitane triterpenoids | Lanostane, Tirucallane and Euphane triterpenoids | Limonoids | Lupane triterpenoids | Oleanane triterpenoids | Ursane and Taraxastane triterpenoids	pathway	Terpenoids	Terpenoids	Triterpenoids	Abeolupane triterpenoids | Cucurbitane triterpenoids | Lanostane, Tirucallane and Euphane triterpenoids | Limonoids | Lupane triterpenoids | Oleanane triterpenoids | Ursane and Taraxastane triterpenoids	NPC superclass: Triterpenoids / NPC pathway: Terpenoids	Triterpenoids	16	328	216445009.3	14567162470.1	0.0148584193897931	kruskal_wallis	0.541994188459187	0.742444286770597	ns	0.00169800896244332	0.00252417845005006
A549_180626_PET05	PET	raw	superclass	Triterpenoids	Abeolupane triterpenoids | Cucurbitane triterpenoids | Lanostane, Tirucallane and Euphane triterpenoids | Limonoids | Lupane triterpenoids | Oleanane triterpenoids | Ursane and Taraxastane triterpenoids	pathway	Terpenoids	Terpenoids	Triterpenoids	Abeolupane triterpenoids | Cucurbitane triterpenoids | Lanostane, Tirucallane and Euphane triterpenoids | Limonoids | Lupane triterpenoids | Oleanane triterpenoids | Ursane and Taraxastane triterpenoids	NPC superclass: Triterpenoids / NPC pathway: Terpenoids	Triterpenoids	16	328	103681993.6	15339376161.6	0.00675920536192035	kruskal_wallis	0.541994188459187	0.742444286770597	ns	0.00169800896244332	0.00252417845005006
A549_180626_PET100	PET	raw	superclass	Triterpenoids	Abeolupane triterpenoids | Cucurbitane triterpenoids | Lanostane, Tirucallane and Euphane triterpenoids | Limonoids | Lupane triterpenoids | Oleanane triterpenoids | Ursane and Taraxastane triterpenoids	pathway	Terpenoids	Terpenoids	Triterpenoids	Abeolupane triterpenoids | Cucurbitane triterpenoids | Lanostane, Tirucallane and Euphane triterpenoids | Limonoids | Lupane triterpenoids | Oleanane triterpenoids | Ursane and Taraxastane triterpenoids	NPC superclass: Triterpenoids / NPC pathway: Terpenoids	Triterpenoids	16	328	163592345.9	14118872693.8	0.0115867852517601	kruskal_wallis	0.541994188459187	0.742444286770597	ns	0.00169800896244332	0.00252417845005006
A549_180626_PS05	PS	raw	superclass	Triterpenoids	Abeolupane triterpenoids | Cucurbitane triterpenoids | Lanostane, Tirucallane and Euphane triterpenoids | Limonoids | Lupane triterpenoids | Oleanane triterpenoids | Ursane and Taraxastane triterpenoids	pathway	Terpenoids	Terpenoids	Triterpenoids	Abeolupane triterpenoids | Cucurbitane triterpenoids | Lanostane, Tirucallane and Euphane triterpenoids | Limonoids | Lupane triterpenoids | Oleanane triterpenoids | Ursane and Taraxastane triterpenoids	NPC superclass: Triterpenoids / NPC pathway: Terpenoids	Triterpenoids	16	328	182953629.4	14801169210.3	0.0123607552079524	kruskal_wallis	0.541994188459187	0.742444286770597	ns	0.00169800896244332	0.00252417845005006
A549_180626_PS100	PS	raw	superclass	Triterpenoids	Abeolupane triterpenoids | Cucurbitane triterpenoids | Lanostane, Tirucallane and Euphane triterpenoids | Limonoids | Lupane triterpenoids | Oleanane triterpenoids | Ursane and Taraxastane triterpenoids	pathway	Terpenoids	Terpenoids	Triterpenoids	Abeolupane triterpenoids | Cucurbitane triterpenoids | Lanostane, Tirucallane and Euphane triterpenoids | Limonoids | Lupane triterpenoids | Oleanane triterpenoids | Ursane and Taraxastane triterpenoids	NPC superclass: Triterpenoids / NPC pathway: Terpenoids	Triterpenoids	16	328	180834095.7	14039838092	0.0128800698779454	kruskal_wallis	0.541994188459187	0.742444286770597	ns	0.00169800896244332	0.00252417845005006
A549_180626_untreated	Untreated	raw	superclass	Triterpenoids	Abeolupane triterpenoids | Cucurbitane triterpenoids | Lanostane, Tirucallane and Euphane triterpenoids | Limonoids | Lupane triterpenoids | Oleanane triterpenoids | Ursane and Taraxastane triterpenoids	pathway	Terpenoids	Terpenoids	Triterpenoids	Abeolupane triterpenoids | Cucurbitane triterpenoids | Lanostane, Tirucallane and Euphane triterpenoids | Limonoids | Lupane triterpenoids | Oleanane triterpenoids | Ursane and Taraxastane triterpenoids	NPC superclass: Triterpenoids / NPC pathway: Terpenoids	Triterpenoids	16	328	228807598	16122838566.1	0.0141915207462967	kruskal_wallis	0.541994188459187	0.742444286770597	ns	0.00169800896244332	0.00252417845005006
A549_210626_PET05	PET	raw	superclass	Triterpenoids	Abeolupane triterpenoids | Cucurbitane triterpenoids | Lanostane, Tirucallane and Euphane triterpenoids | Limonoids | Lupane triterpenoids | Oleanane triterpenoids | Ursane and Taraxastane triterpenoids	pathway	Terpenoids	Terpenoids	Triterpenoids	Abeolupane triterpenoids | Cucurbitane triterpenoids | Lanostane, Tirucallane and Euphane triterpenoids | Limonoids | Lupane triterpenoids | Oleanane triterpenoids | Ursane and Taraxastane triterpenoids	NPC superclass: Triterpenoids / NPC pathway: Terpenoids	Triterpenoids	16	328	127688339	15315759878.2	0.00833705542627028	kruskal_wallis	0.541994188459187	0.742444286770597	ns	0.00169800896244332	0.00252417845005006
A549_210626_PET100	PET	raw	superclass	Triterpenoids	Abeolupane triterpenoids | Cucurbitane triterpenoids | Lanostane, Tirucallane and Euphane triterpenoids | Limonoids | Lupane triterpenoids | Oleanane triterpenoids | Ursane and Taraxastane triterpenoids	pathway	Terpenoids	Terpenoids	Triterpenoids	Abeolupane triterpenoids | Cucurbitane triterpenoids | Lanostane, Tirucallane and Euphane triterpenoids | Limonoids | Lupane triterpenoids | Oleanane triterpenoids | Ursane and Taraxastane triterpenoids	NPC superclass: Triterpenoids / NPC pathway: Terpenoids	Triterpenoids	16	328	172013377.2	13669470882.2	0.012583762654924	kruskal_wallis	0.541994188459187	0.742444286770597	ns	0.00169800896244332	0.00252417845005006
A549_210626_PS05	PS	raw	superclass	Triterpenoids	Abeolupane triterpenoids | Cucurbitane triterpenoids | Lanostane, Tirucallane and Euphane triterpenoids | Limonoids | Lupane triterpenoids | Oleanane triterpenoids | Ursane and Taraxastane triterpenoids	pathway	Terpenoids	Terpenoids	Triterpenoids	Abeolupane triterpenoids | Cucurbitane triterpenoids | Lanostane, Tirucallane and Euphane triterpenoids | Limonoids | Lupane triterpenoids | Oleanane triterpenoids | Ursane and Taraxastane triterpenoids	NPC superclass: Triterpenoids / NPC pathway: Terpenoids	Triterpenoids	16	328	139768057.8	12184297093.2	0.0114711629838708	kruskal_wallis	0.541994188459187	0.742444286770597	ns	0.00169800896244332	0.00252417845005006
A549_210626_PS100	PS	raw	superclass	Triterpenoids	Abeolupane triterpenoids | Cucurbitane triterpenoids | Lanostane, Tirucallane and Euphane triterpenoids | Limonoids | Lupane triterpenoids | Oleanane triterpenoids | Ursane and Taraxastane triterpenoids	pathway	Terpenoids	Terpenoids	Triterpenoids	Abeolupane triterpenoids | Cucurbitane triterpenoids | Lanostane, Tirucallane and Euphane triterpenoids | Limonoids | Lupane triterpenoids | Oleanane triterpenoids | Ursane and Taraxastane triterpenoids	NPC superclass: Triterpenoids / NPC pathway: Terpenoids	Triterpenoids	16	328	167049618.9	16430213468.8	0.0101672214555957	kruskal_wallis	0.541994188459187	0.742444286770597	ns	0.00169800896244332	0.00252417845005006
A549_210626_untreated	Untreated	raw	superclass	Triterpenoids	Abeolupane triterpenoids | Cucurbitane triterpenoids | Lanostane, Tirucallane and Euphane triterpenoids | Limonoids | Lupane triterpenoids | Oleanane triterpenoids | Ursane and Taraxastane triterpenoids	pathway	Terpenoids	Terpenoids	Triterpenoids	Abeolupane triterpenoids | Cucurbitane triterpenoids | Lanostane, Tirucallane and Euphane triterpenoids | Limonoids | Lupane triterpenoids | Oleanane triterpenoids | Ursane and Taraxastane triterpenoids	NPC superclass: Triterpenoids / NPC pathway: Terpenoids	Triterpenoids	16	328	120430791.2	14764154882.5	0.00815697154076506	kruskal_wallis	0.541994188459187	0.742444286770597	ns	0.00169800896244332	0.00252417845005006
A549_110626_PET05	PET	raw	superclass	Tryptophan alkaloids	Simple indole alkaloids	pathway	Alkaloids	Alkaloids	Tryptophan alkaloids	Simple indole alkaloids	NPC superclass: Tryptophan alkaloids / NPC pathway: Alkaloids	Tryptophan alkaloids	1	93	5764768.5	787230408.2	0.00732284784727908	kruskal_wallis	0.207007552681153	0.481152690015652	ns	0.00815149467239947	0.00242993611165754
A549_110626_PET100	PET	raw	superclass	Tryptophan alkaloids	Simple indole alkaloids	pathway	Alkaloids	Alkaloids	Tryptophan alkaloids	Simple indole alkaloids	NPC superclass: Tryptophan alkaloids / NPC pathway: Alkaloids	Tryptophan alkaloids	1	93	1013873.6	1433301569.5	0.000707369350299173	kruskal_wallis	0.207007552681153	0.481152690015652	ns	0.00815149467239947	0.00242993611165754
A549_110626_PS05	PS	raw	superclass	Tryptophan alkaloids	Simple indole alkaloids	pathway	Alkaloids	Alkaloids	Tryptophan alkaloids	Simple indole alkaloids	NPC superclass: Tryptophan alkaloids / NPC pathway: Alkaloids	Tryptophan alkaloids	1	93	1153639.1	779730417.2	0.00147953584284002	kruskal_wallis	0.207007552681153	0.481152690015652	ns	0.00815149467239947	0.00242993611165754
A549_110626_PS100	PS	raw	superclass	Tryptophan alkaloids	Simple indole alkaloids	pathway	Alkaloids	Alkaloids	Tryptophan alkaloids	Simple indole alkaloids	NPC superclass: Tryptophan alkaloids / NPC pathway: Alkaloids	Tryptophan alkaloids	1	93	1478120.9	752687730.9	0.00196379034667217	kruskal_wallis	0.207007552681153	0.481152690015652	ns	0.00815149467239947	0.00242993611165754
A549_110626_untreated	Untreated	raw	superclass	Tryptophan alkaloids	Simple indole alkaloids	pathway	Alkaloids	Alkaloids	Tryptophan alkaloids	Simple indole alkaloids	NPC superclass: Tryptophan alkaloids / NPC pathway: Alkaloids	Tryptophan alkaloids	1	93	1807088.4	1753754950	0.00103041100468455	kruskal_wallis	0.207007552681153	0.481152690015652	ns	0.00815149467239947	0.00242993611165754
A549_180626_PET05	PET	raw	superclass	Tryptophan alkaloids	Simple indole alkaloids	pathway	Alkaloids	Alkaloids	Tryptophan alkaloids	Simple indole alkaloids	NPC superclass: Tryptophan alkaloids / NPC pathway: Alkaloids	Tryptophan alkaloids	1	93	2591688	883056375.3	0.00293490661807354	kruskal_wallis	0.207007552681153	0.481152690015652	ns	0.00815149467239947	0.00242993611165754
A549_180626_PET100	PET	raw	superclass	Tryptophan alkaloids	Simple indole alkaloids	pathway	Alkaloids	Alkaloids	Tryptophan alkaloids	Simple indole alkaloids	NPC superclass: Tryptophan alkaloids / NPC pathway: Alkaloids	Tryptophan alkaloids	1	93	4370289	1263477831.1	0.00345893603546266	kruskal_wallis	0.207007552681153	0.481152690015652	ns	0.00815149467239947	0.00242993611165754
A549_180626_PS05	PS	raw	superclass	Tryptophan alkaloids	Simple indole alkaloids	pathway	Alkaloids	Alkaloids	Tryptophan alkaloids	Simple indole alkaloids	NPC superclass: Tryptophan alkaloids / NPC pathway: Alkaloids	Tryptophan alkaloids	1	93	6837196.5	1322990069.2	0.00516798777192212	kruskal_wallis	0.207007552681153	0.481152690015652	ns	0.00815149467239947	0.00242993611165754
A549_180626_PS100	PS	raw	superclass	Tryptophan alkaloids	Simple indole alkaloids	pathway	Alkaloids	Alkaloids	Tryptophan alkaloids	Simple indole alkaloids	NPC superclass: Tryptophan alkaloids / NPC pathway: Alkaloids	Tryptophan alkaloids	1	93	6101558.5	1230921284.8	0.004956903886012	kruskal_wallis	0.207007552681153	0.481152690015652	ns	0.00815149467239947	0.00242993611165754
A549_180626_untreated	Untreated	raw	superclass	Tryptophan alkaloids	Simple indole alkaloids	pathway	Alkaloids	Alkaloids	Tryptophan alkaloids	Simple indole alkaloids	NPC superclass: Tryptophan alkaloids / NPC pathway: Alkaloids	Tryptophan alkaloids	1	93	2474866.5	2350512715	0.00105290496163089	kruskal_wallis	0.207007552681153	0.481152690015652	ns	0.00815149467239947	0.00242993611165754
A549_210626_PET05	PET	raw	superclass	Tryptophan alkaloids	Simple indole alkaloids	pathway	Alkaloids	Alkaloids	Tryptophan alkaloids	Simple indole alkaloids	NPC superclass: Tryptophan alkaloids / NPC pathway: Alkaloids	Tryptophan alkaloids	1	93	1013873.6	1534368662.9	0.000660775747390298	kruskal_wallis	0.207007552681153	0.481152690015652	ns	0.00815149467239947	0.00242993611165754
A549_210626_PET100	PET	raw	superclass	Tryptophan alkaloids	Simple indole alkaloids	pathway	Alkaloids	Alkaloids	Tryptophan alkaloids	Simple indole alkaloids	NPC superclass: Tryptophan alkaloids / NPC pathway: Alkaloids	Tryptophan alkaloids	1	93	1013873.6	778473199.3	0.00130238728951963	kruskal_wallis	0.207007552681153	0.481152690015652	ns	0.00815149467239947	0.00242993611165754
A549_210626_PS05	PS	raw	superclass	Tryptophan alkaloids	Simple indole alkaloids	pathway	Alkaloids	Alkaloids	Tryptophan alkaloids	Simple indole alkaloids	NPC superclass: Tryptophan alkaloids / NPC pathway: Alkaloids	Tryptophan alkaloids	1	93	22209046	554405587.2	0.0400592030685797	kruskal_wallis	0.207007552681153	0.481152690015652	ns	0.00815149467239947	0.00242993611165754
A549_210626_PS100	PS	raw	superclass	Tryptophan alkaloids	Simple indole alkaloids	pathway	Alkaloids	Alkaloids	Tryptophan alkaloids	Simple indole alkaloids	NPC superclass: Tryptophan alkaloids / NPC pathway: Alkaloids	Tryptophan alkaloids	1	93	1013873.6	1063108430.75	0.000953687855983546	kruskal_wallis	0.207007552681153	0.481152690015652	ns	0.00815149467239947	0.00242993611165754
A549_210626_untreated	Untreated	raw	superclass	Tryptophan alkaloids	Simple indole alkaloids	pathway	Alkaloids	Alkaloids	Tryptophan alkaloids	Simple indole alkaloids	NPC superclass: Tryptophan alkaloids / NPC pathway: Alkaloids	Tryptophan alkaloids	1	93	1013873.6	1346884982.2	0.000752754402490954	kruskal_wallis	0.207007552681153	0.481152690015652	ns	0.00815149467239947	0.00242993611165754
A549_110626_PET05	PET	raw	superclass	Tyrosine alkaloids	Isoquinoline alkaloids	pathway	Alkaloids	Alkaloids	Tyrosine alkaloids	Isoquinoline alkaloids	NPC superclass: Tyrosine alkaloids / NPC pathway: Alkaloids	Tyrosine alkaloids	16	93	172220201.3	787230408.2	0.218767211614426	kruskal_wallis	0.0672055127397498	0.385631433652025	ns	0.198676339275506	0.202864191249119
A549_110626_PET100	PET	raw	superclass	Tyrosine alkaloids	Isoquinoline alkaloids	pathway	Alkaloids	Alkaloids	Tyrosine alkaloids	Isoquinoline alkaloids	NPC superclass: Tyrosine alkaloids / NPC pathway: Alkaloids	Tyrosine alkaloids	16	93	605673536.9	1433301569.5	0.422572297266992	kruskal_wallis	0.0672055127397498	0.385631433652025	ns	0.198676339275506	0.202864191249119
A549_110626_PS05	PS	raw	superclass	Tyrosine alkaloids	Isoquinoline alkaloids	pathway	Alkaloids	Alkaloids	Tyrosine alkaloids	Isoquinoline alkaloids	NPC superclass: Tyrosine alkaloids / NPC pathway: Alkaloids	Tyrosine alkaloids	16	93	147119031.3	779730417.2	0.18867935385707	kruskal_wallis	0.0672055127397498	0.385631433652025	ns	0.198676339275506	0.202864191249119
A549_110626_PS100	PS	raw	superclass	Tyrosine alkaloids	Isoquinoline alkaloids	pathway	Alkaloids	Alkaloids	Tyrosine alkaloids	Isoquinoline alkaloids	NPC superclass: Tyrosine alkaloids / NPC pathway: Alkaloids	Tyrosine alkaloids	16	93	144762136.7	752687730.9	0.192326951479474	kruskal_wallis	0.0672055127397498	0.385631433652025	ns	0.198676339275506	0.202864191249119
A549_110626_untreated	Untreated	raw	superclass	Tyrosine alkaloids	Isoquinoline alkaloids	pathway	Alkaloids	Alkaloids	Tyrosine alkaloids	Isoquinoline alkaloids	NPC superclass: Tyrosine alkaloids / NPC pathway: Alkaloids	Tyrosine alkaloids	16	93	806692491.5	1753754950	0.459980165130824	kruskal_wallis	0.0672055127397498	0.385631433652025	ns	0.198676339275506	0.202864191249119
A549_180626_PET05	PET	raw	superclass	Tyrosine alkaloids	Isoquinoline alkaloids	pathway	Alkaloids	Alkaloids	Tyrosine alkaloids	Isoquinoline alkaloids	NPC superclass: Tyrosine alkaloids / NPC pathway: Alkaloids	Tyrosine alkaloids	16	93	198486241	883056375.3	0.22477187929544	kruskal_wallis	0.0672055127397498	0.385631433652025	ns	0.198676339275506	0.202864191249119
A549_180626_PET100	PET	raw	superclass	Tyrosine alkaloids	Isoquinoline alkaloids	pathway	Alkaloids	Alkaloids	Tyrosine alkaloids	Isoquinoline alkaloids	NPC superclass: Tyrosine alkaloids / NPC pathway: Alkaloids	Tyrosine alkaloids	16	93	479700514.6	1263477831.1	0.379666744277077	kruskal_wallis	0.0672055127397498	0.385631433652025	ns	0.198676339275506	0.202864191249119
A549_180626_PS05	PS	raw	superclass	Tyrosine alkaloids	Isoquinoline alkaloids	pathway	Alkaloids	Alkaloids	Tyrosine alkaloids	Isoquinoline alkaloids	NPC superclass: Tyrosine alkaloids / NPC pathway: Alkaloids	Tyrosine alkaloids	16	93	655038217.1	1322990069.2	0.495119526857897	kruskal_wallis	0.0672055127397498	0.385631433652025	ns	0.198676339275506	0.202864191249119
A549_180626_PS100	PS	raw	superclass	Tyrosine alkaloids	Isoquinoline alkaloids	pathway	Alkaloids	Alkaloids	Tyrosine alkaloids	Isoquinoline alkaloids	NPC superclass: Tyrosine alkaloids / NPC pathway: Alkaloids	Tyrosine alkaloids	16	93	495427098.3	1230921284.8	0.402484792827753	kruskal_wallis	0.0672055127397498	0.385631433652025	ns	0.198676339275506	0.202864191249119
A549_180626_untreated	Untreated	raw	superclass	Tyrosine alkaloids	Isoquinoline alkaloids	pathway	Alkaloids	Alkaloids	Tyrosine alkaloids	Isoquinoline alkaloids	NPC superclass: Tyrosine alkaloids / NPC pathway: Alkaloids	Tyrosine alkaloids	16	93	1297514367.5	2350512715	0.55201333701358	kruskal_wallis	0.0672055127397498	0.385631433652025	ns	0.198676339275506	0.202864191249119
A549_210626_PET05	PET	raw	superclass	Tyrosine alkaloids	Isoquinoline alkaloids	pathway	Alkaloids	Alkaloids	Tyrosine alkaloids	Isoquinoline alkaloids	NPC superclass: Tyrosine alkaloids / NPC pathway: Alkaloids	Tyrosine alkaloids	16	93	640009901	1534368662.9	0.417116118488997	kruskal_wallis	0.0672055127397498	0.385631433652025	ns	0.198676339275506	0.202864191249119
A549_210626_PET100	PET	raw	superclass	Tyrosine alkaloids	Isoquinoline alkaloids	pathway	Alkaloids	Alkaloids	Tyrosine alkaloids	Isoquinoline alkaloids	NPC superclass: Tyrosine alkaloids / NPC pathway: Alkaloids	Tyrosine alkaloids	16	93	119237369.2	778473199.3	0.153168239198495	kruskal_wallis	0.0672055127397498	0.385631433652025	ns	0.198676339275506	0.202864191249119
A549_210626_PS05	PS	raw	superclass	Tyrosine alkaloids	Isoquinoline alkaloids	pathway	Alkaloids	Alkaloids	Tyrosine alkaloids	Isoquinoline alkaloids	NPC superclass: Tyrosine alkaloids / NPC pathway: Alkaloids	Tyrosine alkaloids	16	93	42947983.3	554405587.2	0.077466721641293	kruskal_wallis	0.0672055127397498	0.385631433652025	ns	0.198676339275506	0.202864191249119
A549_210626_PS100	PS	raw	superclass	Tyrosine alkaloids	Isoquinoline alkaloids	pathway	Alkaloids	Alkaloids	Tyrosine alkaloids	Isoquinoline alkaloids	NPC superclass: Tyrosine alkaloids / NPC pathway: Alkaloids	Tyrosine alkaloids	16	93	342219915.45	1063108430.75	0.321904996283936	kruskal_wallis	0.0672055127397498	0.385631433652025	ns	0.198676339275506	0.202864191249119
A549_210626_untreated	Untreated	raw	superclass	Tyrosine alkaloids	Isoquinoline alkaloids	pathway	Alkaloids	Alkaloids	Tyrosine alkaloids	Isoquinoline alkaloids	NPC superclass: Tyrosine alkaloids / NPC pathway: Alkaloids	Tyrosine alkaloids	16	93	569768292	1346884982.2	0.423026687155826	kruskal_wallis	0.0672055127397498	0.385631433652025	ns	0.198676339275506	0.202864191249119
A549_110626_PET05	PET	raw	class	Acetogenins	Acetogenins	pathway	Polyketides	Polyketides	Linear polyketides	Acetogenins	NPC class: Acetogenins / NPC pathway: Polyketides	Acetogenins	1	150	8868218	6565292988.7	0.00135077261826147	kruskal_wallis	0.939413062813476	0.971254575213674	ns	6.71361350903467e-05	0.000221752886585879
A549_110626_PET100	PET	raw	class	Acetogenins	Acetogenins	pathway	Polyketides	Polyketides	Linear polyketides	Acetogenins	NPC class: Acetogenins / NPC pathway: Polyketides	Acetogenins	1	150	11369587	8125399185.8	0.00139926503794048	kruskal_wallis	0.939413062813476	0.971254575213674	ns	6.71361350903467e-05	0.000221752886585879
A549_110626_PS05	PS	raw	class	Acetogenins	Acetogenins	pathway	Polyketides	Polyketides	Linear polyketides	Acetogenins	NPC class: Acetogenins / NPC pathway: Polyketides	Acetogenins	1	150	11000010	6524424494.96	0.0016859739902726	kruskal_wallis	0.939413062813476	0.971254575213674	ns	6.71361350903467e-05	0.000221752886585879
A549_110626_PS100	PS	raw	class	Acetogenins	Acetogenins	pathway	Polyketides	Polyketides	Linear polyketides	Acetogenins	NPC class: Acetogenins / NPC pathway: Polyketides	Acetogenins	1	150	14012706	7176029029.7	0.00195271032795499	kruskal_wallis	0.939413062813476	0.971254575213674	ns	6.71361350903467e-05	0.000221752886585879
A549_110626_untreated	Untreated	raw	class	Acetogenins	Acetogenins	pathway	Polyketides	Polyketides	Linear polyketides	Acetogenins	NPC class: Acetogenins / NPC pathway: Polyketides	Acetogenins	1	150	14825450	7977246302.3	0.00185846712489315	kruskal_wallis	0.939413062813476	0.971254575213674	ns	6.71361350903467e-05	0.000221752886585879
A549_180626_PET05	PET	raw	class	Acetogenins	Acetogenins	pathway	Polyketides	Polyketides	Linear polyketides	Acetogenins	NPC class: Acetogenins / NPC pathway: Polyketides	Acetogenins	1	150	5929304.5	7016090678.2	0.000845100893354072	kruskal_wallis	0.939413062813476	0.971254575213674	ns	6.71361350903467e-05	0.000221752886585879
A549_180626_PET100	PET	raw	class	Acetogenins	Acetogenins	pathway	Polyketides	Polyketides	Linear polyketides	Acetogenins	NPC class: Acetogenins / NPC pathway: Polyketides	Acetogenins	1	150	12155570	7887370547.1	0.00154114351892207	kruskal_wallis	0.939413062813476	0.971254575213674	ns	6.71361350903467e-05	0.000221752886585879
A549_180626_PS05	PS	raw	class	Acetogenins	Acetogenins	pathway	Polyketides	Polyketides	Linear polyketides	Acetogenins	NPC class: Acetogenins / NPC pathway: Polyketides	Acetogenins	1	150	6464609	8429696401.7	0.000766885151248899	kruskal_wallis	0.939413062813476	0.971254575213674	ns	6.71361350903467e-05	0.000221752886585879
A549_180626_PS100	PS	raw	class	Acetogenins	Acetogenins	pathway	Polyketides	Polyketides	Linear polyketides	Acetogenins	NPC class: Acetogenins / NPC pathway: Polyketides	Acetogenins	1	150	11199915	7744341501.3	0.00144620623950015	kruskal_wallis	0.939413062813476	0.971254575213674	ns	6.71361350903467e-05	0.000221752886585879
A549_180626_untreated	Untreated	raw	class	Acetogenins	Acetogenins	pathway	Polyketides	Polyketides	Linear polyketides	Acetogenins	NPC class: Acetogenins / NPC pathway: Polyketides	Acetogenins	1	150	8009018	9311438840.8	0.000860126789955042	kruskal_wallis	0.939413062813476	0.971254575213674	ns	6.71361350903467e-05	0.000221752886585879
A549_210626_PET05	PET	raw	class	Acetogenins	Acetogenins	pathway	Polyketides	Polyketides	Linear polyketides	Acetogenins	NPC class: Acetogenins / NPC pathway: Polyketides	Acetogenins	1	150	9249139	8649773546.5	0.00106929261792553	kruskal_wallis	0.939413062813476	0.971254575213674	ns	6.71361350903467e-05	0.000221752886585879
A549_210626_PET100	PET	raw	class	Acetogenins	Acetogenins	pathway	Polyketides	Polyketides	Linear polyketides	Acetogenins	NPC class: Acetogenins / NPC pathway: Polyketides	Acetogenins	1	150	12712365	7046049113	0.00180418342196134	kruskal_wallis	0.939413062813476	0.971254575213674	ns	6.71361350903467e-05	0.000221752886585879
A549_210626_PS05	PS	raw	class	Acetogenins	Acetogenins	pathway	Polyketides	Polyketides	Linear polyketides	Acetogenins	NPC class: Acetogenins / NPC pathway: Polyketides	Acetogenins	1	150	6604343	6664796721.2	0.000990929397590222	kruskal_wallis	0.939413062813476	0.971254575213674	ns	6.71361350903467e-05	0.000221752886585879
A549_210626_PS100	PS	raw	class	Acetogenins	Acetogenins	pathway	Polyketides	Polyketides	Linear polyketides	Acetogenins	NPC class: Acetogenins / NPC pathway: Polyketides	Acetogenins	1	150	11029174	7600031547.2	0.00145120108140385	kruskal_wallis	0.939413062813476	0.971254575213674	ns	6.71361350903467e-05	0.000221752886585879
A549_210626_untreated	Untreated	raw	class	Acetogenins	Acetogenins	pathway	Polyketides	Polyketides	Linear polyketides	Acetogenins	NPC class: Acetogenins / NPC pathway: Polyketides	Acetogenins	1	150	10853798	8846156040.8	0.00122695077386612	kruskal_wallis	0.939413062813476	0.971254575213674	ns	6.71361350903467e-05	0.000221752886585879
A549_110626_PET05	PET	raw	class	Aminoacids	Aminoacids	pathway	Amino acids and Peptides	Amino acids and Peptides	Nicotinic acid alkaloids | Small peptides	Aminoacids	NPC class: Aminoacids / NPC pathway: Amino acids and Peptides	Aminoacids	11	141	70599099.1	1261887026.5	0.0559472421994981	kruskal_wallis	0.0686203139293382	0.385631433652025	ns	0.0253304911251112	0.0290334929823076
A549_110626_PET100	PET	raw	class	Aminoacids	Aminoacids	pathway	Amino acids and Peptides	Amino acids and Peptides	Nicotinic acid alkaloids | Small peptides	Aminoacids	NPC class: Aminoacids / NPC pathway: Amino acids and Peptides	Aminoacids	11	141	58897573.7	1576419087.3	0.0373616217758923	kruskal_wallis	0.0686203139293382	0.385631433652025	ns	0.0253304911251112	0.0290334929823076
A549_110626_PS05	PS	raw	class	Aminoacids	Aminoacids	pathway	Amino acids and Peptides	Amino acids and Peptides	Nicotinic acid alkaloids | Small peptides	Aminoacids	NPC class: Aminoacids / NPC pathway: Amino acids and Peptides	Aminoacids	11	141	54672788.1	1278650513.3	0.042758195090305	kruskal_wallis	0.0686203139293382	0.385631433652025	ns	0.0253304911251112	0.0290334929823076
A549_110626_PS100	PS	raw	class	Aminoacids	Aminoacids	pathway	Amino acids and Peptides	Amino acids and Peptides	Nicotinic acid alkaloids | Small peptides	Aminoacids	NPC class: Aminoacids / NPC pathway: Amino acids and Peptides	Aminoacids	11	141	84760059	1438361364.9	0.0589282089107648	kruskal_wallis	0.0686203139293382	0.385631433652025	ns	0.0253304911251112	0.0290334929823076
A549_110626_untreated	Untreated	raw	class	Aminoacids	Aminoacids	pathway	Amino acids and Peptides	Amino acids and Peptides	Nicotinic acid alkaloids | Small peptides	Aminoacids	NPC class: Aminoacids / NPC pathway: Amino acids and Peptides	Aminoacids	11	141	40655275.4	1785861188.6	0.022765081440552	kruskal_wallis	0.0686203139293382	0.385631433652025	ns	0.0253304911251112	0.0290334929823076
A549_180626_PET05	PET	raw	class	Aminoacids	Aminoacids	pathway	Amino acids and Peptides	Amino acids and Peptides	Nicotinic acid alkaloids | Small peptides	Aminoacids	NPC class: Aminoacids / NPC pathway: Amino acids and Peptides	Aminoacids	11	141	65041870.1	993420522.3	0.0654726459137495	kruskal_wallis	0.0686203139293382	0.385631433652025	ns	0.0253304911251112	0.0290334929823076
A549_180626_PET100	PET	raw	class	Aminoacids	Aminoacids	pathway	Amino acids and Peptides	Amino acids and Peptides	Nicotinic acid alkaloids | Small peptides	Aminoacids	NPC class: Aminoacids / NPC pathway: Amino acids and Peptides	Aminoacids	11	141	49264272.4	1474863097.7	0.0334026069787942	kruskal_wallis	0.0686203139293382	0.385631433652025	ns	0.0253304911251112	0.0290334929823076
A549_180626_PS05	PS	raw	class	Aminoacids	Aminoacids	pathway	Amino acids and Peptides	Amino acids and Peptides	Nicotinic acid alkaloids | Small peptides	Aminoacids	NPC class: Aminoacids / NPC pathway: Amino acids and Peptides	Aminoacids	11	141	28165553.2	1480990834.5	0.0190180469344424	kruskal_wallis	0.0686203139293382	0.385631433652025	ns	0.0253304911251112	0.0290334929823076
A549_180626_PS100	PS	raw	class	Aminoacids	Aminoacids	pathway	Amino acids and Peptides	Amino acids and Peptides	Nicotinic acid alkaloids | Small peptides	Aminoacids	NPC class: Aminoacids / NPC pathway: Amino acids and Peptides	Aminoacids	11	141	42343161	1606086500.9	0.0263641846041743	kruskal_wallis	0.0686203139293382	0.385631433652025	ns	0.0253304911251112	0.0290334929823076
A549_180626_untreated	Untreated	raw	class	Aminoacids	Aminoacids	pathway	Amino acids and Peptides	Amino acids and Peptides	Nicotinic acid alkaloids | Small peptides	Aminoacids	NPC class: Aminoacids / NPC pathway: Amino acids and Peptides	Aminoacids	11	141	31980318.5	2104203255.8	0.0151983029262263	kruskal_wallis	0.0686203139293382	0.385631433652025	ns	0.0253304911251112	0.0290334929823076
A549_210626_PET05	PET	raw	class	Aminoacids	Aminoacids	pathway	Amino acids and Peptides	Amino acids and Peptides	Nicotinic acid alkaloids | Small peptides	Aminoacids	NPC class: Aminoacids / NPC pathway: Amino acids and Peptides	Aminoacids	11	141	62774403.9	1317408748.9	0.0476499066462211	kruskal_wallis	0.0686203139293382	0.385631433652025	ns	0.0253304911251112	0.0290334929823076
A549_210626_PET100	PET	raw	class	Aminoacids	Aminoacids	pathway	Amino acids and Peptides	Amino acids and Peptides	Nicotinic acid alkaloids | Small peptides	Aminoacids	NPC class: Aminoacids / NPC pathway: Amino acids and Peptides	Aminoacids	11	141	87896061.4	1569136596.1	0.0560155576120401	kruskal_wallis	0.0686203139293382	0.385631433652025	ns	0.0253304911251112	0.0290334929823076
A549_210626_PS05	PS	raw	class	Aminoacids	Aminoacids	pathway	Amino acids and Peptides	Amino acids and Peptides	Nicotinic acid alkaloids | Small peptides	Aminoacids	NPC class: Aminoacids / NPC pathway: Amino acids and Peptides	Aminoacids	11	141	30184306.5	1294084569.6	0.0233248330202484	kruskal_wallis	0.0686203139293382	0.385631433652025	ns	0.0253304911251112	0.0290334929823076
A549_210626_PS100	PS	raw	class	Aminoacids	Aminoacids	pathway	Amino acids and Peptides	Amino acids and Peptides	Nicotinic acid alkaloids | Small peptides	Aminoacids	NPC class: Aminoacids / NPC pathway: Amino acids and Peptides	Aminoacids	11	141	67236601.9	1542202367.4	0.0435977815371625	kruskal_wallis	0.0686203139293382	0.385631433652025	ns	0.0253304911251112	0.0290334929823076
A549_210626_untreated	Untreated	raw	class	Aminoacids	Aminoacids	pathway	Amino acids and Peptides	Amino acids and Peptides	Nicotinic acid alkaloids | Small peptides	Aminoacids	NPC class: Aminoacids / NPC pathway: Amino acids and Peptides	Aminoacids	11	141	55411793.5	1631201150.5	0.033969932820986	kruskal_wallis	0.0686203139293382	0.385631433652025	ns	0.0253304911251112	0.0290334929823076
A549_110626_PET05	PET	raw	class	Aminoglycosides	Aminoglycosides	pathway	Carbohydrates	Carbohydrates	Aminosugars and aminoglycosides	Aminoglycosides	NPC class: Aminoglycosides / NPC pathway: Carbohydrates	Aminoglycosides	2	10	6655905.1	28654825	0.232278686050255	kruskal_wallis	0.846481724890613	0.917653700821449	ns	0.0423688825546064	0.0227537691987766
A549_110626_PET100	PET	raw	class	Aminoglycosides	Aminoglycosides	pathway	Carbohydrates	Carbohydrates	Aminosugars and aminoglycosides	Aminoglycosides	NPC class: Aminoglycosides / NPC pathway: Carbohydrates	Aminoglycosides	2	10	2027747.2	23627343.6	0.0858220557642375	kruskal_wallis	0.846481724890613	0.917653700821449	ns	0.0423688825546064	0.0227537691987766
A549_110626_PS05	PS	raw	class	Aminoglycosides	Aminoglycosides	pathway	Carbohydrates	Carbohydrates	Aminosugars and aminoglycosides	Aminoglycosides	NPC class: Aminoglycosides / NPC pathway: Carbohydrates	Aminoglycosides	2	10	2027747.2	48169276.6	0.0420962767790455	kruskal_wallis	0.846481724890613	0.917653700821449	ns	0.0423688825546064	0.0227537691987766
A549_110626_PS100	PS	raw	class	Aminoglycosides	Aminoglycosides	pathway	Carbohydrates	Carbohydrates	Aminosugars and aminoglycosides	Aminoglycosides	NPC class: Aminoglycosides / NPC pathway: Carbohydrates	Aminoglycosides	2	10	6150073.1	35571701.7	0.17289229376395	kruskal_wallis	0.846481724890613	0.917653700821449	ns	0.0423688825546064	0.0227537691987766
A549_110626_untreated	Untreated	raw	class	Aminoglycosides	Aminoglycosides	pathway	Carbohydrates	Carbohydrates	Aminosugars and aminoglycosides	Aminoglycosides	NPC class: Aminoglycosides / NPC pathway: Carbohydrates	Aminoglycosides	2	10	2027747.2	21284813.9	0.0952673210828496	kruskal_wallis	0.846481724890613	0.917653700821449	ns	0.0423688825546064	0.0227537691987766
A549_180626_PET05	PET	raw	class	Aminoglycosides	Aminoglycosides	pathway	Carbohydrates	Carbohydrates	Aminosugars and aminoglycosides	Aminoglycosides	NPC class: Aminoglycosides / NPC pathway: Carbohydrates	Aminoglycosides	2	10	2027747.2	39004932.5	0.0519869429334354	kruskal_wallis	0.846481724890613	0.917653700821449	ns	0.0423688825546064	0.0227537691987766
A549_180626_PET100	PET	raw	class	Aminoglycosides	Aminoglycosides	pathway	Carbohydrates	Carbohydrates	Aminosugars and aminoglycosides	Aminoglycosides	NPC class: Aminoglycosides / NPC pathway: Carbohydrates	Aminoglycosides	2	10	2027747.2	39971751.9	0.0507295053034691	kruskal_wallis	0.846481724890613	0.917653700821449	ns	0.0423688825546064	0.0227537691987766
A549_180626_PS05	PS	raw	class	Aminoglycosides	Aminoglycosides	pathway	Carbohydrates	Carbohydrates	Aminosugars and aminoglycosides	Aminoglycosides	NPC class: Aminoglycosides / NPC pathway: Carbohydrates	Aminoglycosides	2	10	2027747.2	20879675.3	0.0971158397276417	kruskal_wallis	0.846481724890613	0.917653700821449	ns	0.0423688825546064	0.0227537691987766
A549_180626_PS100	PS	raw	class	Aminoglycosides	Aminoglycosides	pathway	Carbohydrates	Carbohydrates	Aminosugars and aminoglycosides	Aminoglycosides	NPC class: Aminoglycosides / NPC pathway: Carbohydrates	Aminoglycosides	2	10	2027747.2	36833470.7	0.0550517548703332	kruskal_wallis	0.846481724890613	0.917653700821449	ns	0.0423688825546064	0.0227537691987766
A549_180626_untreated	Untreated	raw	class	Aminoglycosides	Aminoglycosides	pathway	Carbohydrates	Carbohydrates	Aminosugars and aminoglycosides	Aminoglycosides	NPC class: Aminoglycosides / NPC pathway: Carbohydrates	Aminoglycosides	2	10	2027747.2	38122537.4	0.0531902475096004	kruskal_wallis	0.846481724890613	0.917653700821449	ns	0.0423688825546064	0.0227537691987766
A549_210626_PET05	PET	raw	class	Aminoglycosides	Aminoglycosides	pathway	Carbohydrates	Carbohydrates	Aminosugars and aminoglycosides	Aminoglycosides	NPC class: Aminoglycosides / NPC pathway: Carbohydrates	Aminoglycosides	2	10	2027747.2	27221512.9	0.0744906136352179	kruskal_wallis	0.846481724890613	0.917653700821449	ns	0.0423688825546064	0.0227537691987766
A549_210626_PET100	PET	raw	class	Aminoglycosides	Aminoglycosides	pathway	Carbohydrates	Carbohydrates	Aminosugars and aminoglycosides	Aminoglycosides	NPC class: Aminoglycosides / NPC pathway: Carbohydrates	Aminoglycosides	2	10	7164814.1	41891195.5	0.171033889448202	kruskal_wallis	0.846481724890613	0.917653700821449	ns	0.0423688825546064	0.0227537691987766
A549_210626_PS05	PS	raw	class	Aminoglycosides	Aminoglycosides	pathway	Carbohydrates	Carbohydrates	Aminosugars and aminoglycosides	Aminoglycosides	NPC class: Aminoglycosides / NPC pathway: Carbohydrates	Aminoglycosides	2	10	2027747.2	31880331.7	0.0636049592921896	kruskal_wallis	0.846481724890613	0.917653700821449	ns	0.0423688825546064	0.0227537691987766
A549_210626_PS100	PS	raw	class	Aminoglycosides	Aminoglycosides	pathway	Carbohydrates	Carbohydrates	Aminosugars and aminoglycosides	Aminoglycosides	NPC class: Aminoglycosides / NPC pathway: Carbohydrates	Aminoglycosides	2	10	2027747.2	20744532.2	0.0977485141843787	kruskal_wallis	0.846481724890613	0.917653700821449	ns	0.0423688825546064	0.0227537691987766
A549_210626_untreated	Untreated	raw	class	Aminoglycosides	Aminoglycosides	pathway	Carbohydrates	Carbohydrates	Aminosugars and aminoglycosides	Aminoglycosides	NPC class: Aminoglycosides / NPC pathway: Carbohydrates	Aminoglycosides	2	10	2027747.2	35199892.6	0.0576066303111391	kruskal_wallis	0.846481724890613	0.917653700821449	ns	0.0423688825546064	0.0227537691987766
A549_110626_PET05	PET	raw	class	Androstane steroids	Androstane steroids	pathway	Terpenoids	Terpenoids	Steroids	Androstane steroids	NPC class: Androstane steroids / NPC pathway: Terpenoids	Androstane steroids	1	328	8093572.5	12413988413.6	0.000651971971484457	kruskal_wallis	0.403195657112499	0.698097555033196	ns	0.000282797717281821	0.000330337358868469
A549_110626_PET100	PET	raw	class	Androstane steroids	Androstane steroids	pathway	Terpenoids	Terpenoids	Steroids	Androstane steroids	NPC class: Androstane steroids / NPC pathway: Terpenoids	Androstane steroids	1	328	6549199	14863016969.1	0.000440637255115546	kruskal_wallis	0.403195657112499	0.698097555033196	ns	0.000282797717281821	0.000330337358868469
A549_110626_PS05	PS	raw	class	Androstane steroids	Androstane steroids	pathway	Terpenoids	Terpenoids	Steroids	Androstane steroids	NPC class: Androstane steroids / NPC pathway: Terpenoids	Androstane steroids	1	328	2594567.2	12871061495	0.00020158144695431	kruskal_wallis	0.403195657112499	0.698097555033196	ns	0.000282797717281821	0.000330337358868469
A549_110626_PS100	PS	raw	class	Androstane steroids	Androstane steroids	pathway	Terpenoids	Terpenoids	Steroids	Androstane steroids	NPC class: Androstane steroids / NPC pathway: Terpenoids	Androstane steroids	1	328	5727801	13243674001.2	0.000432493354901443	kruskal_wallis	0.403195657112499	0.698097555033196	ns	0.000282797717281821	0.000330337358868469
A549_110626_untreated	Untreated	raw	class	Androstane steroids	Androstane steroids	pathway	Terpenoids	Terpenoids	Steroids	Androstane steroids	NPC class: Androstane steroids / NPC pathway: Terpenoids	Androstane steroids	1	328	1422949.9	14567162470.1	9.76820230378217e-05	kruskal_wallis	0.403195657112499	0.698097555033196	ns	0.000282797717281821	0.000330337358868469
A549_180626_PET05	PET	raw	class	Androstane steroids	Androstane steroids	pathway	Terpenoids	Terpenoids	Steroids	Androstane steroids	NPC class: Androstane steroids / NPC pathway: Terpenoids	Androstane steroids	1	328	6372000	15339376161.6	0.000415401508697037	kruskal_wallis	0.403195657112499	0.698097555033196	ns	0.000282797717281821	0.000330337358868469
A549_180626_PET100	PET	raw	class	Androstane steroids	Androstane steroids	pathway	Terpenoids	Terpenoids	Steroids	Androstane steroids	NPC class: Androstane steroids / NPC pathway: Terpenoids	Androstane steroids	1	328	1013873.6	14118872693.8	7.18098124395739e-05	kruskal_wallis	0.403195657112499	0.698097555033196	ns	0.000282797717281821	0.000330337358868469
A549_180626_PS05	PS	raw	class	Androstane steroids	Androstane steroids	pathway	Terpenoids	Terpenoids	Steroids	Androstane steroids	NPC class: Androstane steroids / NPC pathway: Terpenoids	Androstane steroids	1	328	1265898.8	14801169210.3	8.55269460144454e-05	kruskal_wallis	0.403195657112499	0.698097555033196	ns	0.000282797717281821	0.000330337358868469
A549_180626_PS100	PS	raw	class	Androstane steroids	Androstane steroids	pathway	Terpenoids	Terpenoids	Steroids	Androstane steroids	NPC class: Androstane steroids / NPC pathway: Terpenoids	Androstane steroids	1	328	1013873.6	14039838092	7.2214052139085e-05	kruskal_wallis	0.403195657112499	0.698097555033196	ns	0.000282797717281821	0.000330337358868469
A549_180626_untreated	Untreated	raw	class	Androstane steroids	Androstane steroids	pathway	Terpenoids	Terpenoids	Steroids	Androstane steroids	NPC class: Androstane steroids / NPC pathway: Terpenoids	Androstane steroids	1	328	1742953.6	16122838566.1	0.000108104636342681	kruskal_wallis	0.403195657112499	0.698097555033196	ns	0.000282797717281821	0.000330337358868469
A549_210626_PET05	PET	raw	class	Androstane steroids	Androstane steroids	pathway	Terpenoids	Terpenoids	Steroids	Androstane steroids	NPC class: Androstane steroids / NPC pathway: Terpenoids	Androstane steroids	1	328	1013873.6	15315759878.2	6.61980605639501e-05	kruskal_wallis	0.403195657112499	0.698097555033196	ns	0.000282797717281821	0.000330337358868469
A549_210626_PET100	PET	raw	class	Androstane steroids	Androstane steroids	pathway	Terpenoids	Terpenoids	Steroids	Androstane steroids	NPC class: Androstane steroids / NPC pathway: Terpenoids	Androstane steroids	1	328	8197357.5	13669470882.2	0.00059968359936114	kruskal_wallis	0.403195657112499	0.698097555033196	ns	0.000282797717281821	0.000330337358868469
A549_210626_PS05	PS	raw	class	Androstane steroids	Androstane steroids	pathway	Terpenoids	Terpenoids	Steroids	Androstane steroids	NPC class: Androstane steroids / NPC pathway: Terpenoids	Androstane steroids	1	328	1592029.6	12184297093.2	0.000130662408165384	kruskal_wallis	0.403195657112499	0.698097555033196	ns	0.000282797717281821	0.000330337358868469
A549_210626_PS100	PS	raw	class	Androstane steroids	Androstane steroids	pathway	Terpenoids	Terpenoids	Steroids	Androstane steroids	NPC class: Androstane steroids / NPC pathway: Terpenoids	Androstane steroids	1	328	1013873.6	16430213468.8	6.17078774980791e-05	kruskal_wallis	0.403195657112499	0.698097555033196	ns	0.000282797717281821	0.000330337358868469
A549_210626_untreated	Untreated	raw	class	Androstane steroids	Androstane steroids	pathway	Terpenoids	Terpenoids	Steroids	Androstane steroids	NPC class: Androstane steroids / NPC pathway: Terpenoids	Androstane steroids	1	328	1013873.6	14764154882.5	6.86712926048851e-05	kruskal_wallis	0.403195657112499	0.698097555033196	ns	0.000282797717281821	0.000330337358868469
A549_110626_PET05	PET	raw	class	Azaphilones	Azaphilones	pathway	Polyketides	Polyketides	Chromanes	Azaphilones	NPC class: Azaphilones / NPC pathway: Polyketides	Azaphilones	3	150	23025247.5	6565292988.7	0.00350711652010511	kruskal_wallis	0.569782824730923	0.742444286770597	ns	0.000484559467209708	0.000511579826436391
A549_110626_PET100	PET	raw	class	Azaphilones	Azaphilones	pathway	Polyketides	Polyketides	Chromanes	Azaphilones	NPC class: Azaphilones / NPC pathway: Polyketides	Azaphilones	3	150	20052353.6	8125399185.8	0.00246786073415859	kruskal_wallis	0.569782824730923	0.742444286770597	ns	0.000484559467209708	0.000511579826436391
A549_110626_PS05	PS	raw	class	Azaphilones	Azaphilones	pathway	Polyketides	Polyketides	Chromanes	Azaphilones	NPC class: Azaphilones / NPC pathway: Polyketides	Azaphilones	3	150	21789253	6524424494.96	0.00333964367536659	kruskal_wallis	0.569782824730923	0.742444286770597	ns	0.000484559467209708	0.000511579826436391
A549_110626_PS100	PS	raw	class	Azaphilones	Azaphilones	pathway	Polyketides	Polyketides	Chromanes	Azaphilones	NPC class: Azaphilones / NPC pathway: Polyketides	Azaphilones	3	150	16840372.6	7176029029.7	0.00234675368930385	kruskal_wallis	0.569782824730923	0.742444286770597	ns	0.000484559467209708	0.000511579826436391
A549_110626_untreated	Untreated	raw	class	Azaphilones	Azaphilones	pathway	Polyketides	Polyketides	Chromanes	Azaphilones	NPC class: Azaphilones / NPC pathway: Polyketides	Azaphilones	3	150	21818529.1	7977246302.3	0.0027350953290372	kruskal_wallis	0.569782824730923	0.742444286770597	ns	0.000484559467209708	0.000511579826436391
A549_180626_PET05	PET	raw	class	Azaphilones	Azaphilones	pathway	Polyketides	Polyketides	Chromanes	Azaphilones	NPC class: Azaphilones / NPC pathway: Polyketides	Azaphilones	3	150	12723493.1	7016090678.2	0.00181347329782007	kruskal_wallis	0.569782824730923	0.742444286770597	ns	0.000484559467209708	0.000511579826436391
A549_180626_PET100	PET	raw	class	Azaphilones	Azaphilones	pathway	Polyketides	Polyketides	Chromanes	Azaphilones	NPC class: Azaphilones / NPC pathway: Polyketides	Azaphilones	3	150	18906107.6	7887370547.1	0.00239701019333386	kruskal_wallis	0.569782824730923	0.742444286770597	ns	0.000484559467209708	0.000511579826436391
A549_180626_PS05	PS	raw	class	Azaphilones	Azaphilones	pathway	Polyketides	Polyketides	Chromanes	Azaphilones	NPC class: Azaphilones / NPC pathway: Polyketides	Azaphilones	3	150	19671012.1	8429696401.7	0.00233353743273993	kruskal_wallis	0.569782824730923	0.742444286770597	ns	0.000484559467209708	0.000511579826436391
A549_180626_PS100	PS	raw	class	Azaphilones	Azaphilones	pathway	Polyketides	Polyketides	Chromanes	Azaphilones	NPC class: Azaphilones / NPC pathway: Polyketides	Azaphilones	3	150	20719108.6	7744341501.3	0.00267538674482808	kruskal_wallis	0.569782824730923	0.742444286770597	ns	0.000484559467209708	0.000511579826436391
A549_180626_untreated	Untreated	raw	class	Azaphilones	Azaphilones	pathway	Polyketides	Polyketides	Chromanes	Azaphilones	NPC class: Azaphilones / NPC pathway: Polyketides	Azaphilones	3	150	24545932.6	9311438840.8	0.00263610522709411	kruskal_wallis	0.569782824730923	0.742444286770597	ns	0.000484559467209708	0.000511579826436391
A549_210626_PET05	PET	raw	class	Azaphilones	Azaphilones	pathway	Polyketides	Polyketides	Chromanes	Azaphilones	NPC class: Azaphilones / NPC pathway: Polyketides	Azaphilones	3	150	11993168.1	8649773546.5	0.00138652972075238	kruskal_wallis	0.569782824730923	0.742444286770597	ns	0.000484559467209708	0.000511579826436391
A549_210626_PET100	PET	raw	class	Azaphilones	Azaphilones	pathway	Polyketides	Polyketides	Chromanes	Azaphilones	NPC class: Azaphilones / NPC pathway: Polyketides	Azaphilones	3	150	19507560.1	7046049113	0.00276858134071312	kruskal_wallis	0.569782824730923	0.742444286770597	ns	0.000484559467209708	0.000511579826436391
A549_210626_PS05	PS	raw	class	Azaphilones	Azaphilones	pathway	Polyketides	Polyketides	Chromanes	Azaphilones	NPC class: Azaphilones / NPC pathway: Polyketides	Azaphilones	3	150	22260176	6664796721.2	0.00333996323236578	kruskal_wallis	0.569782824730923	0.742444286770597	ns	0.000484559467209708	0.000511579826436391
A549_210626_PS100	PS	raw	class	Azaphilones	Azaphilones	pathway	Polyketides	Polyketides	Chromanes	Azaphilones	NPC class: Azaphilones / NPC pathway: Polyketides	Azaphilones	3	150	24416194.5	7600031547.2	0.00321264383553716	kruskal_wallis	0.569782824730923	0.742444286770597	ns	0.000484559467209708	0.000511579826436391
A549_210626_untreated	Untreated	raw	class	Azaphilones	Azaphilones	pathway	Polyketides	Polyketides	Chromanes	Azaphilones	NPC class: Azaphilones / NPC pathway: Polyketides	Azaphilones	3	150	19610096	8846156040.8	0.00221679291090445	kruskal_wallis	0.569782824730923	0.742444286770597	ns	0.000484559467209708	0.000511579826436391
A549_110626_PET05	PET	raw	class	Carotenoids (C40, β-β)	Carotenoids (C40, β-β)	pathway	Terpenoids	Terpenoids	Carotenoids (C40)	Carotenoids (C40, β-β)	NPC class: Carotenoids (C40, β-β) / NPC pathway: Terpenoids	Carotenoids (C40, β-β)	2	328	5130626.7	12413988413.6	0.000413293981681117	kruskal_wallis	0.778800783071405	0.881274570317642	ns	5.1816972264375e-05	0.000121416824368736
A549_110626_PET100	PET	raw	class	Carotenoids (C40, β-β)	Carotenoids (C40, β-β)	pathway	Terpenoids	Terpenoids	Carotenoids (C40)	Carotenoids (C40, β-β)	NPC class: Carotenoids (C40, β-β) / NPC pathway: Terpenoids	Carotenoids (C40, β-β)	2	328	7209441	14863016969.1	0.000485059057322502	kruskal_wallis	0.778800783071405	0.881274570317642	ns	5.1816972264375e-05	0.000121416824368736
A549_110626_PS05	PS	raw	class	Carotenoids (C40, β-β)	Carotenoids (C40, β-β)	pathway	Terpenoids	Terpenoids	Carotenoids (C40)	Carotenoids (C40, β-β)	NPC class: Carotenoids (C40, β-β) / NPC pathway: Terpenoids	Carotenoids (C40, β-β)	2	328	6220394.8	12871061495	0.000483285298762377	kruskal_wallis	0.778800783071405	0.881274570317642	ns	5.1816972264375e-05	0.000121416824368736
A549_110626_PS100	PS	raw	class	Carotenoids (C40, β-β)	Carotenoids (C40, β-β)	pathway	Terpenoids	Terpenoids	Carotenoids (C40)	Carotenoids (C40, β-β)	NPC class: Carotenoids (C40, β-β) / NPC pathway: Terpenoids	Carotenoids (C40, β-β)	2	328	7386519.8	13243674001.2	0.000557739476170337	kruskal_wallis	0.778800783071405	0.881274570317642	ns	5.1816972264375e-05	0.000121416824368736
A549_110626_untreated	Untreated	raw	class	Carotenoids (C40, β-β)	Carotenoids (C40, β-β)	pathway	Terpenoids	Terpenoids	Carotenoids (C40)	Carotenoids (C40, β-β)	NPC class: Carotenoids (C40, β-β) / NPC pathway: Terpenoids	Carotenoids (C40, β-β)	2	328	8809889.5	14567162470.1	0.000604777321464138	kruskal_wallis	0.778800783071405	0.881274570317642	ns	5.1816972264375e-05	0.000121416824368736
A549_180626_PET05	PET	raw	class	Carotenoids (C40, β-β)	Carotenoids (C40, β-β)	pathway	Terpenoids	Terpenoids	Carotenoids (C40)	Carotenoids (C40, β-β)	NPC class: Carotenoids (C40, β-β) / NPC pathway: Terpenoids	Carotenoids (C40, β-β)	2	328	4072704.7	15339376161.6	0.000265506540624217	kruskal_wallis	0.778800783071405	0.881274570317642	ns	5.1816972264375e-05	0.000121416824368736
A549_180626_PET100	PET	raw	class	Carotenoids (C40, β-β)	Carotenoids (C40, β-β)	pathway	Terpenoids	Terpenoids	Carotenoids (C40)	Carotenoids (C40, β-β)	NPC class: Carotenoids (C40, β-β) / NPC pathway: Terpenoids	Carotenoids (C40, β-β)	2	328	7967840.5	14118872693.8	0.000564339708473957	kruskal_wallis	0.778800783071405	0.881274570317642	ns	5.1816972264375e-05	0.000121416824368736
A549_180626_PS05	PS	raw	class	Carotenoids (C40, β-β)	Carotenoids (C40, β-β)	pathway	Terpenoids	Terpenoids	Carotenoids (C40)	Carotenoids (C40, β-β)	NPC class: Carotenoids (C40, β-β) / NPC pathway: Terpenoids	Carotenoids (C40, β-β)	2	328	2886513.9	14801169210.3	0.000195019316311262	kruskal_wallis	0.778800783071405	0.881274570317642	ns	5.1816972264375e-05	0.000121416824368736
A549_180626_PS100	PS	raw	class	Carotenoids (C40, β-β)	Carotenoids (C40, β-β)	pathway	Terpenoids	Terpenoids	Carotenoids (C40)	Carotenoids (C40, β-β)	NPC class: Carotenoids (C40, β-β) / NPC pathway: Terpenoids	Carotenoids (C40, β-β)	2	328	5179514.1	14039838092	0.000368915514983846	kruskal_wallis	0.778800783071405	0.881274570317642	ns	5.1816972264375e-05	0.000121416824368736
A549_180626_untreated	Untreated	raw	class	Carotenoids (C40, β-β)	Carotenoids (C40, β-β)	pathway	Terpenoids	Terpenoids	Carotenoids (C40)	Carotenoids (C40, β-β)	NPC class: Carotenoids (C40, β-β) / NPC pathway: Terpenoids	Carotenoids (C40, β-β)	2	328	2741609.5	16122838566.1	0.000170045087827433	kruskal_wallis	0.778800783071405	0.881274570317642	ns	5.1816972264375e-05	0.000121416824368736
A549_210626_PET05	PET	raw	class	Carotenoids (C40, β-β)	Carotenoids (C40, β-β)	pathway	Terpenoids	Terpenoids	Carotenoids (C40)	Carotenoids (C40, β-β)	NPC class: Carotenoids (C40, β-β) / NPC pathway: Terpenoids	Carotenoids (C40, β-β)	2	328	3975936.9	15315759878.2	0.000259597756273212	kruskal_wallis	0.778800783071405	0.881274570317642	ns	5.1816972264375e-05	0.000121416824368736
A549_210626_PET100	PET	raw	class	Carotenoids (C40, β-β)	Carotenoids (C40, β-β)	pathway	Terpenoids	Terpenoids	Carotenoids (C40)	Carotenoids (C40, β-β)	NPC class: Carotenoids (C40, β-β) / NPC pathway: Terpenoids	Carotenoids (C40, β-β)	2	328	6166198.3	13669470882.2	0.000451092683333446	kruskal_wallis	0.778800783071405	0.881274570317642	ns	5.1816972264375e-05	0.000121416824368736
A549_210626_PS05	PS	raw	class	Carotenoids (C40, β-β)	Carotenoids (C40, β-β)	pathway	Terpenoids	Terpenoids	Carotenoids (C40)	Carotenoids (C40, β-β)	NPC class: Carotenoids (C40, β-β) / NPC pathway: Terpenoids	Carotenoids (C40, β-β)	2	328	3844424.1	12184297093.2	0.000315522846381147	kruskal_wallis	0.778800783071405	0.881274570317642	ns	5.1816972264375e-05	0.000121416824368736
A549_210626_PS100	PS	raw	class	Carotenoids (C40, β-β)	Carotenoids (C40, β-β)	pathway	Terpenoids	Terpenoids	Carotenoids (C40)	Carotenoids (C40, β-β)	NPC class: Carotenoids (C40, β-β) / NPC pathway: Terpenoids	Carotenoids (C40, β-β)	2	328	3409358.7	16430213468.8	0.000207505441513232	kruskal_wallis	0.778800783071405	0.881274570317642	ns	5.1816972264375e-05	0.000121416824368736
A549_210626_untreated	Untreated	raw	class	Carotenoids (C40, β-β)	Carotenoids (C40, β-β)	pathway	Terpenoids	Terpenoids	Carotenoids (C40)	Carotenoids (C40, β-β)	NPC class: Carotenoids (C40, β-β) / NPC pathway: Terpenoids	Carotenoids (C40, β-β)	2	328	4588352.5	14764154882.5	0.000310776508138545	kruskal_wallis	0.778800783071405	0.881274570317642	ns	5.1816972264375e-05	0.000121416824368736
A549_110626_PET05	PET	raw	class	Ceramides	Ceramides	pathway	Fatty acids	Fatty acids	Fatty amides | Spingolipids	Ceramides	NPC class: Ceramides / NPC pathway: Fatty acids	Ceramides	101	1440	1627110722.9	34114366377.95	0.0476957626846528	kruskal_wallis	0.509156420607549	0.742444286770597	ns	0.0138547430554311	0.0212595225485462
A549_110626_PET100	PET	raw	class	Ceramides	Ceramides	pathway	Fatty acids	Fatty acids	Fatty amides | Spingolipids	Ceramides	NPC class: Ceramides / NPC pathway: Fatty acids	Ceramides	101	1440	1252110761.3	35458165160.66	0.0353123393618006	kruskal_wallis	0.509156420607549	0.742444286770597	ns	0.0138547430554311	0.0212595225485462
A549_110626_PS05	PS	raw	class	Ceramides	Ceramides	pathway	Fatty acids	Fatty acids	Fatty amides | Spingolipids	Ceramides	NPC class: Ceramides / NPC pathway: Fatty acids	Ceramides	101	1440	1222216922.84	34785738556.84	0.0351355749093237	kruskal_wallis	0.509156420607549	0.742444286770597	ns	0.0138547430554311	0.0212595225485462
A549_110626_PS100	PS	raw	class	Ceramides	Ceramides	pathway	Fatty acids	Fatty acids	Fatty amides | Spingolipids	Ceramides	NPC class: Ceramides / NPC pathway: Fatty acids	Ceramides	101	1440	1328593713.4	39295522102.6	0.0338103082058832	kruskal_wallis	0.509156420607549	0.742444286770597	ns	0.0138547430554311	0.0212595225485462
A549_110626_untreated	Untreated	raw	class	Ceramides	Ceramides	pathway	Fatty acids	Fatty acids	Fatty amides | Spingolipids	Ceramides	NPC class: Ceramides / NPC pathway: Fatty acids	Ceramides	101	1440	1914279923.5	40726922534.5	0.0470028129888381	kruskal_wallis	0.509156420607549	0.742444286770597	ns	0.0138547430554311	0.0212595225485462
A549_180626_PET05	PET	raw	class	Ceramides	Ceramides	pathway	Fatty acids	Fatty acids	Fatty amides | Spingolipids	Ceramides	NPC class: Ceramides / NPC pathway: Fatty acids	Ceramides	101	1440	1926535036.5	31199184663.6	0.0617495315109206	kruskal_wallis	0.509156420607549	0.742444286770597	ns	0.0138547430554311	0.0212595225485462
A549_180626_PET100	PET	raw	class	Ceramides	Ceramides	pathway	Fatty acids	Fatty acids	Fatty amides | Spingolipids	Ceramides	NPC class: Ceramides / NPC pathway: Fatty acids	Ceramides	101	1440	1065686194	36474343757.1	0.0292174192659068	kruskal_wallis	0.509156420607549	0.742444286770597	ns	0.0138547430554311	0.0212595225485462
A549_180626_PS05	PS	raw	class	Ceramides	Ceramides	pathway	Fatty acids	Fatty acids	Fatty amides | Spingolipids	Ceramides	NPC class: Ceramides / NPC pathway: Fatty acids	Ceramides	101	1440	2013561980.8	36381542275.7	0.0553457015522099	kruskal_wallis	0.509156420607549	0.742444286770597	ns	0.0138547430554311	0.0212595225485462
A549_180626_PS100	PS	raw	class	Ceramides	Ceramides	pathway	Fatty acids	Fatty acids	Fatty amides | Spingolipids	Ceramides	NPC class: Ceramides / NPC pathway: Fatty acids	Ceramides	101	1440	2256179319.3	38000221483.6	0.0593727939263121	kruskal_wallis	0.509156420607549	0.742444286770597	ns	0.0138547430554311	0.0212595225485462
A549_180626_untreated	Untreated	raw	class	Ceramides	Ceramides	pathway	Fatty acids	Fatty acids	Fatty amides | Spingolipids	Ceramides	NPC class: Ceramides / NPC pathway: Fatty acids	Ceramides	101	1440	1799649431.3	38180285352.2	0.0471355678643796	kruskal_wallis	0.509156420607549	0.742444286770597	ns	0.0138547430554311	0.0212595225485462
A549_210626_PET05	PET	raw	class	Ceramides	Ceramides	pathway	Fatty acids	Fatty acids	Fatty amides | Spingolipids	Ceramides	NPC class: Ceramides / NPC pathway: Fatty acids	Ceramides	101	1440	1286046480.3	36530109795.76	0.0352051085389639	kruskal_wallis	0.509156420607549	0.742444286770597	ns	0.0138547430554311	0.0212595225485462
A549_210626_PET100	PET	raw	class	Ceramides	Ceramides	pathway	Fatty acids	Fatty acids	Fatty amides | Spingolipids	Ceramides	NPC class: Ceramides / NPC pathway: Fatty acids	Ceramides	101	1440	1494810392.9	40523921542.8	0.036887111019629	kruskal_wallis	0.509156420607549	0.742444286770597	ns	0.0138547430554311	0.0212595225485462
A549_210626_PS05	PS	raw	class	Ceramides	Ceramides	pathway	Fatty acids	Fatty acids	Fatty amides | Spingolipids	Ceramides	NPC class: Ceramides / NPC pathway: Fatty acids	Ceramides	101	1440	2538391230	34631729940.5	0.073296691628202	kruskal_wallis	0.509156420607549	0.742444286770597	ns	0.0138547430554311	0.0212595225485462
A549_210626_PS100	PS	raw	class	Ceramides	Ceramides	pathway	Fatty acids	Fatty acids	Fatty amides | Spingolipids	Ceramides	NPC class: Ceramides / NPC pathway: Fatty acids	Ceramides	101	1440	3103403180.8	42962798740.1	0.0722346604925296	kruskal_wallis	0.509156420607549	0.742444286770597	ns	0.0138547430554311	0.0212595225485462
A549_210626_untreated	Untreated	raw	class	Ceramides	Ceramides	pathway	Fatty acids	Fatty acids	Fatty amides | Spingolipids	Ceramides	NPC class: Ceramides / NPC pathway: Fatty acids	Ceramides	101	1440	1508289918.5	37950422097.55	0.0397436928269995	kruskal_wallis	0.509156420607549	0.742444286770597	ns	0.0138547430554311	0.0212595225485462
A549_110626_PET05	PET	raw	class	Cholane steroids	Cholane steroids	pathway	Terpenoids	Terpenoids	Steroids	Cholane steroids	NPC class: Cholane steroids / NPC pathway: Terpenoids	Cholane steroids	1	328	1013873.6	12413988413.6	8.16718661416876e-05	kruskal_wallis	0.959189457109137	0.971254575213674	ns	2.72091913329057e-05	4.78474457761965e-06
A549_110626_PET100	PET	raw	class	Cholane steroids	Cholane steroids	pathway	Terpenoids	Terpenoids	Steroids	Cholane steroids	NPC class: Cholane steroids / NPC pathway: Terpenoids	Cholane steroids	1	328	1013873.6	14863016969.1	6.82145221328771e-05	kruskal_wallis	0.959189457109137	0.971254575213674	ns	2.72091913329057e-05	4.78474457761965e-06
A549_110626_PS05	PS	raw	class	Cholane steroids	Cholane steroids	pathway	Terpenoids	Terpenoids	Steroids	Cholane steroids	NPC class: Cholane steroids / NPC pathway: Terpenoids	Cholane steroids	1	328	1013873.6	12871061495	7.87715605580672e-05	kruskal_wallis	0.959189457109137	0.971254575213674	ns	2.72091913329057e-05	4.78474457761965e-06
A549_110626_PS100	PS	raw	class	Cholane steroids	Cholane steroids	pathway	Terpenoids	Terpenoids	Steroids	Cholane steroids	NPC class: Cholane steroids / NPC pathway: Terpenoids	Cholane steroids	1	328	1013873.6	13243674001.2	7.65553123633316e-05	kruskal_wallis	0.959189457109137	0.971254575213674	ns	2.72091913329057e-05	4.78474457761965e-06
A549_110626_untreated	Untreated	raw	class	Cholane steroids	Cholane steroids	pathway	Terpenoids	Terpenoids	Steroids	Cholane steroids	NPC class: Cholane steroids / NPC pathway: Terpenoids	Cholane steroids	1	328	1013873.6	14567162470.1	6.95999376735887e-05	kruskal_wallis	0.959189457109137	0.971254575213674	ns	2.72091913329057e-05	4.78474457761965e-06
A549_180626_PET05	PET	raw	class	Cholane steroids	Cholane steroids	pathway	Terpenoids	Terpenoids	Steroids	Cholane steroids	NPC class: Cholane steroids / NPC pathway: Terpenoids	Cholane steroids	1	328	1013873.6	15339376161.6	6.60961429799272e-05	kruskal_wallis	0.959189457109137	0.971254575213674	ns	2.72091913329057e-05	4.78474457761965e-06
A549_180626_PET100	PET	raw	class	Cholane steroids	Cholane steroids	pathway	Terpenoids	Terpenoids	Steroids	Cholane steroids	NPC class: Cholane steroids / NPC pathway: Terpenoids	Cholane steroids	1	328	1013873.6	14118872693.8	7.18098124395739e-05	kruskal_wallis	0.959189457109137	0.971254575213674	ns	2.72091913329057e-05	4.78474457761965e-06
A549_180626_PS05	PS	raw	class	Cholane steroids	Cholane steroids	pathway	Terpenoids	Terpenoids	Steroids	Cholane steroids	NPC class: Cholane steroids / NPC pathway: Terpenoids	Cholane steroids	1	328	1013873.6	14801169210.3	6.84995614599456e-05	kruskal_wallis	0.959189457109137	0.971254575213674	ns	2.72091913329057e-05	4.78474457761965e-06
A549_180626_PS100	PS	raw	class	Cholane steroids	Cholane steroids	pathway	Terpenoids	Terpenoids	Steroids	Cholane steroids	NPC class: Cholane steroids / NPC pathway: Terpenoids	Cholane steroids	1	328	1013873.6	14039838092	7.2214052139085e-05	kruskal_wallis	0.959189457109137	0.971254575213674	ns	2.72091913329057e-05	4.78474457761965e-06
A549_180626_untreated	Untreated	raw	class	Cholane steroids	Cholane steroids	pathway	Terpenoids	Terpenoids	Steroids	Cholane steroids	NPC class: Cholane steroids / NPC pathway: Terpenoids	Cholane steroids	1	328	2641505.8	16122838566.1	0.000163836274187726	kruskal_wallis	0.959189457109137	0.971254575213674	ns	2.72091913329057e-05	4.78474457761965e-06
A549_210626_PET05	PET	raw	class	Cholane steroids	Cholane steroids	pathway	Terpenoids	Terpenoids	Steroids	Cholane steroids	NPC class: Cholane steroids / NPC pathway: Terpenoids	Cholane steroids	1	328	2383198.5	15315759878.2	0.000155604326455403	kruskal_wallis	0.959189457109137	0.971254575213674	ns	2.72091913329057e-05	4.78474457761965e-06
A549_210626_PET100	PET	raw	class	Cholane steroids	Cholane steroids	pathway	Terpenoids	Terpenoids	Steroids	Cholane steroids	NPC class: Cholane steroids / NPC pathway: Terpenoids	Cholane steroids	1	328	1013873.6	13669470882.2	7.41706543535813e-05	kruskal_wallis	0.959189457109137	0.971254575213674	ns	2.72091913329057e-05	4.78474457761965e-06
A549_210626_PS05	PS	raw	class	Cholane steroids	Cholane steroids	pathway	Terpenoids	Terpenoids	Steroids	Cholane steroids	NPC class: Cholane steroids / NPC pathway: Terpenoids	Cholane steroids	1	328	1013873.6	12184297093.2	8.32114969164563e-05	kruskal_wallis	0.959189457109137	0.971254575213674	ns	2.72091913329057e-05	4.78474457761965e-06
A549_210626_PS100	PS	raw	class	Cholane steroids	Cholane steroids	pathway	Terpenoids	Terpenoids	Steroids	Cholane steroids	NPC class: Cholane steroids / NPC pathway: Terpenoids	Cholane steroids	1	328	1013873.6	16430213468.8	6.17078774980791e-05	kruskal_wallis	0.959189457109137	0.971254575213674	ns	2.72091913329057e-05	4.78474457761965e-06
A549_210626_untreated	Untreated	raw	class	Cholane steroids	Cholane steroids	pathway	Terpenoids	Terpenoids	Steroids	Cholane steroids	NPC class: Cholane steroids / NPC pathway: Terpenoids	Cholane steroids	1	328	1013873.6	14764154882.5	6.86712926048851e-05	kruskal_wallis	0.959189457109137	0.971254575213674	ns	2.72091913329057e-05	4.78474457761965e-06
A549_110626_PET05	PET	raw	class	Cholestane steroids	Cholestane steroids	pathway	Terpenoids	Terpenoids	Steroids	Cholestane steroids	NPC class: Cholestane steroids / NPC pathway: Terpenoids	Cholestane steroids	1	328	8436020	12413988413.6	0.000679557586082328	kruskal_wallis	0.199388519168535	0.481152690015652	ns	9.46001108216688e-05	6.38447056936619e-05
A549_110626_PET100	PET	raw	class	Cholestane steroids	Cholestane steroids	pathway	Terpenoids	Terpenoids	Steroids	Cholestane steroids	NPC class: Cholestane steroids / NPC pathway: Terpenoids	Cholestane steroids	1	328	7145256.5	14863016969.1	0.000480740654125262	kruskal_wallis	0.199388519168535	0.481152690015652	ns	9.46001108216688e-05	6.38447056936619e-05
A549_110626_PS05	PS	raw	class	Cholestane steroids	Cholestane steroids	pathway	Terpenoids	Terpenoids	Steroids	Cholestane steroids	NPC class: Cholestane steroids / NPC pathway: Terpenoids	Cholestane steroids	1	328	8268543	12871061495	0.000642413448433299	kruskal_wallis	0.199388519168535	0.481152690015652	ns	9.46001108216688e-05	6.38447056936619e-05
A549_110626_PS100	PS	raw	class	Cholestane steroids	Cholestane steroids	pathway	Terpenoids	Terpenoids	Steroids	Cholestane steroids	NPC class: Cholestane steroids / NPC pathway: Terpenoids	Cholestane steroids	1	328	6967481.5	13243674001.2	0.000526098837782377	kruskal_wallis	0.199388519168535	0.481152690015652	ns	9.46001108216688e-05	6.38447056936619e-05
A549_110626_untreated	Untreated	raw	class	Cholestane steroids	Cholestane steroids	pathway	Terpenoids	Terpenoids	Steroids	Cholestane steroids	NPC class: Cholestane steroids / NPC pathway: Terpenoids	Cholestane steroids	1	328	7297340	14567162470.1	0.000500944505491597	kruskal_wallis	0.199388519168535	0.481152690015652	ns	9.46001108216688e-05	6.38447056936619e-05
A549_180626_PET05	PET	raw	class	Cholestane steroids	Cholestane steroids	pathway	Terpenoids	Terpenoids	Steroids	Cholestane steroids	NPC class: Cholestane steroids / NPC pathway: Terpenoids	Cholestane steroids	1	328	8783184	15339376161.6	0.000572590691268624	kruskal_wallis	0.199388519168535	0.481152690015652	ns	9.46001108216688e-05	6.38447056936619e-05
A549_180626_PET100	PET	raw	class	Cholestane steroids	Cholestane steroids	pathway	Terpenoids	Terpenoids	Steroids	Cholestane steroids	NPC class: Cholestane steroids / NPC pathway: Terpenoids	Cholestane steroids	1	328	7832495	14118872693.8	0.000554753567785867	kruskal_wallis	0.199388519168535	0.481152690015652	ns	9.46001108216688e-05	6.38447056936619e-05
A549_180626_PS05	PS	raw	class	Cholestane steroids	Cholestane steroids	pathway	Terpenoids	Terpenoids	Steroids	Cholestane steroids	NPC class: Cholestane steroids / NPC pathway: Terpenoids	Cholestane steroids	1	328	7477615.5	14801169210.3	0.000505204379043001	kruskal_wallis	0.199388519168535	0.481152690015652	ns	9.46001108216688e-05	6.38447056936619e-05
A549_180626_PS100	PS	raw	class	Cholestane steroids	Cholestane steroids	pathway	Terpenoids	Terpenoids	Steroids	Cholestane steroids	NPC class: Cholestane steroids / NPC pathway: Terpenoids	Cholestane steroids	1	328	6896079.5	14039838092	0.00049117941779752	kruskal_wallis	0.199388519168535	0.481152690015652	ns	9.46001108216688e-05	6.38447056936619e-05
A549_180626_untreated	Untreated	raw	class	Cholestane steroids	Cholestane steroids	pathway	Terpenoids	Terpenoids	Steroids	Cholestane steroids	NPC class: Cholestane steroids / NPC pathway: Terpenoids	Cholestane steroids	1	328	6687071.5	16122838566.1	0.000414757703650292	kruskal_wallis	0.199388519168535	0.481152690015652	ns	9.46001108216688e-05	6.38447056936619e-05
A549_210626_PET05	PET	raw	class	Cholestane steroids	Cholestane steroids	pathway	Terpenoids	Terpenoids	Steroids	Cholestane steroids	NPC class: Cholestane steroids / NPC pathway: Terpenoids	Cholestane steroids	1	328	8083176.5	15315759878.2	0.000527768557634894	kruskal_wallis	0.199388519168535	0.481152690015652	ns	9.46001108216688e-05	6.38447056936619e-05
A549_210626_PET100	PET	raw	class	Cholestane steroids	Cholestane steroids	pathway	Terpenoids	Terpenoids	Steroids	Cholestane steroids	NPC class: Cholestane steroids / NPC pathway: Terpenoids	Cholestane steroids	1	328	7972703.5	13669470882.2	0.000583248873983983	kruskal_wallis	0.199388519168535	0.481152690015652	ns	9.46001108216688e-05	6.38447056936619e-05
A549_210626_PS05	PS	raw	class	Cholestane steroids	Cholestane steroids	pathway	Terpenoids	Terpenoids	Steroids	Cholestane steroids	NPC class: Cholestane steroids / NPC pathway: Terpenoids	Cholestane steroids	1	328	7471955	12184297093.2	0.000613244649473466	kruskal_wallis	0.199388519168535	0.481152690015652	ns	9.46001108216688e-05	6.38447056936619e-05
A549_210626_PS100	PS	raw	class	Cholestane steroids	Cholestane steroids	pathway	Terpenoids	Terpenoids	Steroids	Cholestane steroids	NPC class: Cholestane steroids / NPC pathway: Terpenoids	Cholestane steroids	1	328	6221378.5	16430213468.8	0.000378654757700746	kruskal_wallis	0.199388519168535	0.481152690015652	ns	9.46001108216688e-05	6.38447056936619e-05
A549_210626_untreated	Untreated	raw	class	Cholestane steroids	Cholestane steroids	pathway	Terpenoids	Terpenoids	Steroids	Cholestane steroids	NPC class: Cholestane steroids / NPC pathway: Terpenoids	Cholestane steroids	1	328	7379529.5	14764154882.5	0.000499827423833584	kruskal_wallis	0.199388519168535	0.481152690015652	ns	9.46001108216688e-05	6.38447056936619e-05
A549_110626_PET05	PET	raw	class	Cinnamic acids and derivatives	Cinnamic acids and derivatives	pathway	Shikimates and Phenylpropanoids	Shikimates and Phenylpropanoids	Phenylpropanoids (C6-C3)	Cinnamic acids and derivatives	NPC class: Cinnamic acids and derivatives / NPC pathway: Shikimates and Phenylpropanoids	Cinnamic acids and derivatives	1	44	38633656	215168656.5	0.179550575016022	kruskal_wallis	0.0253494055227249	0.35055495421395	ns	0.0600694896426386	0.0477026639665799
A549_110626_PET100	PET	raw	class	Cinnamic acids and derivatives	Cinnamic acids and derivatives	pathway	Shikimates and Phenylpropanoids	Shikimates and Phenylpropanoids	Phenylpropanoids (C6-C3)	Cinnamic acids and derivatives	NPC class: Cinnamic acids and derivatives / NPC pathway: Shikimates and Phenylpropanoids	Cinnamic acids and derivatives	1	44	45553850	247411286.8	0.184121955749029	kruskal_wallis	0.0253494055227249	0.35055495421395	ns	0.0600694896426386	0.0477026639665799
A549_110626_PS05	PS	raw	class	Cinnamic acids and derivatives	Cinnamic acids and derivatives	pathway	Shikimates and Phenylpropanoids	Shikimates and Phenylpropanoids	Phenylpropanoids (C6-C3)	Cinnamic acids and derivatives	NPC class: Cinnamic acids and derivatives / NPC pathway: Shikimates and Phenylpropanoids	Cinnamic acids and derivatives	1	44	36495360	176444743.3	0.20683733228566	kruskal_wallis	0.0253494055227249	0.35055495421395	ns	0.0600694896426386	0.0477026639665799
A549_110626_PS100	PS	raw	class	Cinnamic acids and derivatives	Cinnamic acids and derivatives	pathway	Shikimates and Phenylpropanoids	Shikimates and Phenylpropanoids	Phenylpropanoids (C6-C3)	Cinnamic acids and derivatives	NPC class: Cinnamic acids and derivatives / NPC pathway: Shikimates and Phenylpropanoids	Cinnamic acids and derivatives	1	44	40801660	208903209.1	0.19531370616939	kruskal_wallis	0.0253494055227249	0.35055495421395	ns	0.0600694896426386	0.0477026639665799
A549_110626_untreated	Untreated	raw	class	Cinnamic acids and derivatives	Cinnamic acids and derivatives	pathway	Shikimates and Phenylpropanoids	Shikimates and Phenylpropanoids	Phenylpropanoids (C6-C3)	Cinnamic acids and derivatives	NPC class: Cinnamic acids and derivatives / NPC pathway: Shikimates and Phenylpropanoids	Cinnamic acids and derivatives	1	44	42906508	332548966.9	0.129023128232728	kruskal_wallis	0.0253494055227249	0.35055495421395	ns	0.0600694896426386	0.0477026639665799
A549_180626_PET05	PET	raw	class	Cinnamic acids and derivatives	Cinnamic acids and derivatives	pathway	Shikimates and Phenylpropanoids	Shikimates and Phenylpropanoids	Phenylpropanoids (C6-C3)	Cinnamic acids and derivatives	NPC class: Cinnamic acids and derivatives / NPC pathway: Shikimates and Phenylpropanoids	Cinnamic acids and derivatives	1	44	34163556	164502306.2	0.2076782799535	kruskal_wallis	0.0253494055227249	0.35055495421395	ns	0.0600694896426386	0.0477026639665799
A549_180626_PET100	PET	raw	class	Cinnamic acids and derivatives	Cinnamic acids and derivatives	pathway	Shikimates and Phenylpropanoids	Shikimates and Phenylpropanoids	Phenylpropanoids (C6-C3)	Cinnamic acids and derivatives	NPC class: Cinnamic acids and derivatives / NPC pathway: Shikimates and Phenylpropanoids	Cinnamic acids and derivatives	1	44	44886750	212785890.4	0.21094796236546	kruskal_wallis	0.0253494055227249	0.35055495421395	ns	0.0600694896426386	0.0477026639665799
A549_180626_PS05	PS	raw	class	Cinnamic acids and derivatives	Cinnamic acids and derivatives	pathway	Shikimates and Phenylpropanoids	Shikimates and Phenylpropanoids	Phenylpropanoids (C6-C3)	Cinnamic acids and derivatives	NPC class: Cinnamic acids and derivatives / NPC pathway: Shikimates and Phenylpropanoids	Cinnamic acids and derivatives	1	44	43958080	203380995.8	0.216136615061258	kruskal_wallis	0.0253494055227249	0.35055495421395	ns	0.0600694896426386	0.0477026639665799
A549_180626_PS100	PS	raw	class	Cinnamic acids and derivatives	Cinnamic acids and derivatives	pathway	Shikimates and Phenylpropanoids	Shikimates and Phenylpropanoids	Phenylpropanoids (C6-C3)	Cinnamic acids and derivatives	NPC class: Cinnamic acids and derivatives / NPC pathway: Shikimates and Phenylpropanoids	Cinnamic acids and derivatives	1	44	40173004	201767347.3	0.199105576484922	kruskal_wallis	0.0253494055227249	0.35055495421395	ns	0.0600694896426386	0.0477026639665799
A549_180626_untreated	Untreated	raw	class	Cinnamic acids and derivatives	Cinnamic acids and derivatives	pathway	Shikimates and Phenylpropanoids	Shikimates and Phenylpropanoids	Phenylpropanoids (C6-C3)	Cinnamic acids and derivatives	NPC class: Cinnamic acids and derivatives / NPC pathway: Shikimates and Phenylpropanoids	Cinnamic acids and derivatives	1	44	50735460	326758905.4	0.155268790418711	kruskal_wallis	0.0253494055227249	0.35055495421395	ns	0.0600694896426386	0.0477026639665799
A549_210626_PET05	PET	raw	class	Cinnamic acids and derivatives	Cinnamic acids and derivatives	pathway	Shikimates and Phenylpropanoids	Shikimates and Phenylpropanoids	Phenylpropanoids (C6-C3)	Cinnamic acids and derivatives	NPC class: Cinnamic acids and derivatives / NPC pathway: Shikimates and Phenylpropanoids	Cinnamic acids and derivatives	1	44	29112248	189845764.2	0.153346839855382	kruskal_wallis	0.0253494055227249	0.35055495421395	ns	0.0600694896426386	0.0477026639665799
A549_210626_PET100	PET	raw	class	Cinnamic acids and derivatives	Cinnamic acids and derivatives	pathway	Shikimates and Phenylpropanoids	Shikimates and Phenylpropanoids	Phenylpropanoids (C6-C3)	Cinnamic acids and derivatives	NPC class: Cinnamic acids and derivatives / NPC pathway: Shikimates and Phenylpropanoids	Cinnamic acids and derivatives	1	44	40696270	211223277.2	0.192669437476184	kruskal_wallis	0.0253494055227249	0.35055495421395	ns	0.0600694896426386	0.0477026639665799
A549_210626_PS05	PS	raw	class	Cinnamic acids and derivatives	Cinnamic acids and derivatives	pathway	Shikimates and Phenylpropanoids	Shikimates and Phenylpropanoids	Phenylpropanoids (C6-C3)	Cinnamic acids and derivatives	NPC class: Cinnamic acids and derivatives / NPC pathway: Shikimates and Phenylpropanoids	Cinnamic acids and derivatives	1	44	34885000	151392326.2	0.23042779561967	kruskal_wallis	0.0253494055227249	0.35055495421395	ns	0.0600694896426386	0.0477026639665799
A549_210626_PS100	PS	raw	class	Cinnamic acids and derivatives	Cinnamic acids and derivatives	pathway	Shikimates and Phenylpropanoids	Shikimates and Phenylpropanoids	Phenylpropanoids (C6-C3)	Cinnamic acids and derivatives	NPC class: Cinnamic acids and derivatives / NPC pathway: Shikimates and Phenylpropanoids	Cinnamic acids and derivatives	1	44	40548040	209096419.6	0.19392029800208	kruskal_wallis	0.0253494055227249	0.35055495421395	ns	0.0600694896426386	0.0477026639665799
A549_210626_untreated	Untreated	raw	class	Cinnamic acids and derivatives	Cinnamic acids and derivatives	pathway	Shikimates and Phenylpropanoids	Shikimates and Phenylpropanoids	Phenylpropanoids (C6-C3)	Cinnamic acids and derivatives	NPC class: Cinnamic acids and derivatives / NPC pathway: Shikimates and Phenylpropanoids	Cinnamic acids and derivatives	1	44	30472998	194877179.5	0.156370274232135	kruskal_wallis	0.0253494055227249	0.35055495421395	ns	0.0600694896426386	0.0477026639665799
A549_110626_PET05	PET	raw	class	Depsipeptides	Depsipeptides	pathway	Amino acids and Peptides	Amino acids and Peptides	Oligopeptides	Depsipeptides	NPC class: Depsipeptides / NPC pathway: Amino acids and Peptides	Depsipeptides	1	141	1673448.8	1261887026.5	0.00132614787604364	kruskal_wallis	0.031745636378068	0.35055495421395	ns	0.000398591757291254	0.000160793772509441
A549_110626_PET100	PET	raw	class	Depsipeptides	Depsipeptides	pathway	Amino acids and Peptides	Amino acids and Peptides	Oligopeptides	Depsipeptides	NPC class: Depsipeptides / NPC pathway: Amino acids and Peptides	Depsipeptides	1	141	1013873.6	1576419087.3	0.000643149786860615	kruskal_wallis	0.031745636378068	0.35055495421395	ns	0.000398591757291254	0.000160793772509441
A549_110626_PS05	PS	raw	class	Depsipeptides	Depsipeptides	pathway	Amino acids and Peptides	Amino acids and Peptides	Oligopeptides	Depsipeptides	NPC class: Depsipeptides / NPC pathway: Amino acids and Peptides	Depsipeptides	1	141	1013873.6	1278650513.3	0.000792924719815228	kruskal_wallis	0.031745636378068	0.35055495421395	ns	0.000398591757291254	0.000160793772509441
A549_110626_PS100	PS	raw	class	Depsipeptides	Depsipeptides	pathway	Amino acids and Peptides	Amino acids and Peptides	Oligopeptides	Depsipeptides	NPC class: Depsipeptides / NPC pathway: Amino acids and Peptides	Depsipeptides	1	141	1013873.6	1438361364.9	0.000704881001910454	kruskal_wallis	0.031745636378068	0.35055495421395	ns	0.000398591757291254	0.000160793772509441
A549_110626_untreated	Untreated	raw	class	Depsipeptides	Depsipeptides	pathway	Amino acids and Peptides	Amino acids and Peptides	Oligopeptides	Depsipeptides	NPC class: Depsipeptides / NPC pathway: Amino acids and Peptides	Depsipeptides	1	141	1013873.6	1785861188.6	0.000567722511957837	kruskal_wallis	0.031745636378068	0.35055495421395	ns	0.000398591757291254	0.000160793772509441
A549_180626_PET05	PET	raw	class	Depsipeptides	Depsipeptides	pathway	Amino acids and Peptides	Amino acids and Peptides	Oligopeptides	Depsipeptides	NPC class: Depsipeptides / NPC pathway: Amino acids and Peptides	Depsipeptides	1	141	1650365.9	993420522.3	0.0016612963623693	kruskal_wallis	0.031745636378068	0.35055495421395	ns	0.000398591757291254	0.000160793772509441
A549_180626_PET100	PET	raw	class	Depsipeptides	Depsipeptides	pathway	Amino acids and Peptides	Amino acids and Peptides	Oligopeptides	Depsipeptides	NPC class: Depsipeptides / NPC pathway: Amino acids and Peptides	Depsipeptides	1	141	1013873.6	1474863097.7	0.000687435736632846	kruskal_wallis	0.031745636378068	0.35055495421395	ns	0.000398591757291254	0.000160793772509441
A549_180626_PS05	PS	raw	class	Depsipeptides	Depsipeptides	pathway	Amino acids and Peptides	Amino acids and Peptides	Oligopeptides	Depsipeptides	NPC class: Depsipeptides / NPC pathway: Amino acids and Peptides	Depsipeptides	1	141	1013873.6	1480990834.5	0.000684591407577681	kruskal_wallis	0.031745636378068	0.35055495421395	ns	0.000398591757291254	0.000160793772509441
A549_180626_PS100	PS	raw	class	Depsipeptides	Depsipeptides	pathway	Amino acids and Peptides	Amino acids and Peptides	Oligopeptides	Depsipeptides	NPC class: Depsipeptides / NPC pathway: Amino acids and Peptides	Depsipeptides	1	141	1013873.6	1606086500.9	0.000631269610591869	kruskal_wallis	0.031745636378068	0.35055495421395	ns	0.000398591757291254	0.000160793772509441
A549_180626_untreated	Untreated	raw	class	Depsipeptides	Depsipeptides	pathway	Amino acids and Peptides	Amino acids and Peptides	Oligopeptides	Depsipeptides	NPC class: Depsipeptides / NPC pathway: Amino acids and Peptides	Depsipeptides	1	141	1013873.6	2104203255.8	0.000481832540276407	kruskal_wallis	0.031745636378068	0.35055495421395	ns	0.000398591757291254	0.000160793772509441
A549_210626_PET05	PET	raw	class	Depsipeptides	Depsipeptides	pathway	Amino acids and Peptides	Amino acids and Peptides	Oligopeptides	Depsipeptides	NPC class: Depsipeptides / NPC pathway: Amino acids and Peptides	Depsipeptides	1	141	1013873.6	1317408748.9	0.000769596832301711	kruskal_wallis	0.031745636378068	0.35055495421395	ns	0.000398591757291254	0.000160793772509441
A549_210626_PET100	PET	raw	class	Depsipeptides	Depsipeptides	pathway	Amino acids and Peptides	Amino acids and Peptides	Oligopeptides	Depsipeptides	NPC class: Depsipeptides / NPC pathway: Amino acids and Peptides	Depsipeptides	1	141	1013873.6	1569136596.1	0.000646134697590972	kruskal_wallis	0.031745636378068	0.35055495421395	ns	0.000398591757291254	0.000160793772509441
A549_210626_PS05	PS	raw	class	Depsipeptides	Depsipeptides	pathway	Amino acids and Peptides	Amino acids and Peptides	Oligopeptides	Depsipeptides	NPC class: Depsipeptides / NPC pathway: Amino acids and Peptides	Depsipeptides	1	141	1013873.6	1294084569.6	0.000783467807141373	kruskal_wallis	0.031745636378068	0.35055495421395	ns	0.000398591757291254	0.000160793772509441
A549_210626_PS100	PS	raw	class	Depsipeptides	Depsipeptides	pathway	Amino acids and Peptides	Amino acids and Peptides	Oligopeptides	Depsipeptides	NPC class: Depsipeptides / NPC pathway: Amino acids and Peptides	Depsipeptides	1	141	1013873.6	1542202367.4	0.000657419299458923	kruskal_wallis	0.031745636378068	0.35055495421395	ns	0.000398591757291254	0.000160793772509441
A549_210626_untreated	Untreated	raw	class	Depsipeptides	Depsipeptides	pathway	Amino acids and Peptides	Amino acids and Peptides	Oligopeptides	Depsipeptides	NPC class: Depsipeptides / NPC pathway: Amino acids and Peptides	Depsipeptides	1	141	1013873.6	1631201150.5	0.000621550321791537	kruskal_wallis	0.031745636378068	0.35055495421395	ns	0.000398591757291254	0.000160793772509441
A549_110626_PET05	PET	raw	class	Diacylglycerols	Diacylglycerols	pathway	Fatty acids	Fatty acids	Fatty esters | Glycerolipids	Diacylglycerols	NPC class: Diacylglycerols / NPC pathway: Fatty acids	Diacylglycerols	25	1440	152874887.7	34114366377.95	0.0044812465811709	kruskal_wallis	0.422105498392165	0.698097555033196	ns	0.000376585874542412	0.000769706367975507
A549_110626_PET100	PET	raw	class	Diacylglycerols	Diacylglycerols	pathway	Fatty acids	Fatty acids	Fatty esters | Glycerolipids	Diacylglycerols	NPC class: Diacylglycerols / NPC pathway: Fatty acids	Diacylglycerols	25	1440	181669679.6	35458165160.66	0.00512349352474556	kruskal_wallis	0.422105498392165	0.698097555033196	ns	0.000376585874542412	0.000769706367975507
A549_110626_PS05	PS	raw	class	Diacylglycerols	Diacylglycerols	pathway	Fatty acids	Fatty acids	Fatty esters | Glycerolipids	Diacylglycerols	NPC class: Diacylglycerols / NPC pathway: Fatty acids	Diacylglycerols	25	1440	149511919.8	34785738556.84	0.0042980809378446	kruskal_wallis	0.422105498392165	0.698097555033196	ns	0.000376585874542412	0.000769706367975507
A549_110626_PS100	PS	raw	class	Diacylglycerols	Diacylglycerols	pathway	Fatty acids	Fatty acids	Fatty esters | Glycerolipids	Diacylglycerols	NPC class: Diacylglycerols / NPC pathway: Fatty acids	Diacylglycerols	25	1440	177886645.3	39295522102.6	0.00452689354363433	kruskal_wallis	0.422105498392165	0.698097555033196	ns	0.000376585874542412	0.000769706367975507
A549_110626_untreated	Untreated	raw	class	Diacylglycerols	Diacylglycerols	pathway	Fatty acids	Fatty acids	Fatty esters | Glycerolipids	Diacylglycerols	NPC class: Diacylglycerols / NPC pathway: Fatty acids	Diacylglycerols	25	1440	171745299	40726922534.5	0.00421699672629361	kruskal_wallis	0.422105498392165	0.698097555033196	ns	0.000376585874542412	0.000769706367975507
A549_180626_PET05	PET	raw	class	Diacylglycerols	Diacylglycerols	pathway	Fatty acids	Fatty acids	Fatty esters | Glycerolipids	Diacylglycerols	NPC class: Diacylglycerols / NPC pathway: Fatty acids	Diacylglycerols	25	1440	151313320.8	31199184663.6	0.00484991266379268	kruskal_wallis	0.422105498392165	0.698097555033196	ns	0.000376585874542412	0.000769706367975507
A549_180626_PET100	PET	raw	class	Diacylglycerols	Diacylglycerols	pathway	Fatty acids	Fatty acids	Fatty esters | Glycerolipids	Diacylglycerols	NPC class: Diacylglycerols / NPC pathway: Fatty acids	Diacylglycerols	25	1440	196746762.2	36474343757.1	0.00539411383273213	kruskal_wallis	0.422105498392165	0.698097555033196	ns	0.000376585874542412	0.000769706367975507
A549_180626_PS05	PS	raw	class	Diacylglycerols	Diacylglycerols	pathway	Fatty acids	Fatty acids	Fatty esters | Glycerolipids	Diacylglycerols	NPC class: Diacylglycerols / NPC pathway: Fatty acids	Diacylglycerols	25	1440	206530758	36381542275.7	0.00567680051700134	kruskal_wallis	0.422105498392165	0.698097555033196	ns	0.000376585874542412	0.000769706367975507
A549_180626_PS100	PS	raw	class	Diacylglycerols	Diacylglycerols	pathway	Fatty acids	Fatty acids	Fatty esters | Glycerolipids	Diacylglycerols	NPC class: Diacylglycerols / NPC pathway: Fatty acids	Diacylglycerols	25	1440	177796873.4	38000221483.6	0.00467883781879358	kruskal_wallis	0.422105498392165	0.698097555033196	ns	0.000376585874542412	0.000769706367975507
A549_180626_untreated	Untreated	raw	class	Diacylglycerols	Diacylglycerols	pathway	Fatty acids	Fatty acids	Fatty esters | Glycerolipids	Diacylglycerols	NPC class: Diacylglycerols / NPC pathway: Fatty acids	Diacylglycerols	25	1440	159888013.3	38180285352.2	0.00418771132339866	kruskal_wallis	0.422105498392165	0.698097555033196	ns	0.000376585874542412	0.000769706367975507
A549_210626_PET05	PET	raw	class	Diacylglycerols	Diacylglycerols	pathway	Fatty acids	Fatty acids	Fatty esters | Glycerolipids	Diacylglycerols	NPC class: Diacylglycerols / NPC pathway: Fatty acids	Diacylglycerols	25	1440	228233872.7	36530109795.76	0.00624782881781786	kruskal_wallis	0.422105498392165	0.698097555033196	ns	0.000376585874542412	0.000769706367975507
A549_210626_PET100	PET	raw	class	Diacylglycerols	Diacylglycerols	pathway	Fatty acids	Fatty acids	Fatty esters | Glycerolipids	Diacylglycerols	NPC class: Diacylglycerols / NPC pathway: Fatty acids	Diacylglycerols	25	1440	178787655.6	40523921542.8	0.00441190409993195	kruskal_wallis	0.422105498392165	0.698097555033196	ns	0.000376585874542412	0.000769706367975507
A549_210626_PS05	PS	raw	class	Diacylglycerols	Diacylglycerols	pathway	Fatty acids	Fatty acids	Fatty esters | Glycerolipids	Diacylglycerols	NPC class: Diacylglycerols / NPC pathway: Fatty acids	Diacylglycerols	25	1440	151755195.2	34631729940.5	0.00438196981383047	kruskal_wallis	0.422105498392165	0.698097555033196	ns	0.000376585874542412	0.000769706367975507
A549_210626_PS100	PS	raw	class	Diacylglycerols	Diacylglycerols	pathway	Fatty acids	Fatty acids	Fatty esters | Glycerolipids	Diacylglycerols	NPC class: Diacylglycerols / NPC pathway: Fatty acids	Diacylglycerols	25	1440	219236301.1	42962798740.1	0.00510293341051295	kruskal_wallis	0.422105498392165	0.698097555033196	ns	0.000376585874542412	0.000769706367975507
A549_210626_untreated	Untreated	raw	class	Diacylglycerols	Diacylglycerols	pathway	Fatty acids	Fatty acids	Fatty esters | Glycerolipids	Diacylglycerols	NPC class: Diacylglycerols / NPC pathway: Fatty acids	Diacylglycerols	25	1440	217068220.4	37950422097.55	0.00571978408677603	kruskal_wallis	0.422105498392165	0.698097555033196	ns	0.000376585874542412	0.000769706367975507
A549_110626_PET05	PET	raw	class	Dicarboxylic acids	Dicarboxylic acids	pathway	Fatty acids	Fatty acids	Fatty Acids and Conjugates	Dicarboxylic acids	NPC class: Dicarboxylic acids / NPC pathway: Fatty acids	Dicarboxylic acids	6	1440	6083241.6	34114366377.95	0.00017831905574925	kruskal_wallis	0.107618074507542	0.385631433652025	ns	6.70609912162352e-05	6.47603532106555e-05
A549_110626_PET100	PET	raw	class	Dicarboxylic acids	Dicarboxylic acids	pathway	Fatty acids	Fatty acids	Fatty Acids and Conjugates	Dicarboxylic acids	NPC class: Dicarboxylic acids / NPC pathway: Fatty acids	Dicarboxylic acids	6	1440	7039905.2	35458165160.66	0.000198541158802278	kruskal_wallis	0.107618074507542	0.385631433652025	ns	6.70609912162352e-05	6.47603532106555e-05
A549_110626_PS05	PS	raw	class	Dicarboxylic acids	Dicarboxylic acids	pathway	Fatty acids	Fatty acids	Fatty Acids and Conjugates	Dicarboxylic acids	NPC class: Dicarboxylic acids / NPC pathway: Fatty acids	Dicarboxylic acids	6	1440	6083241.6	34785738556.84	0.000174877459912486	kruskal_wallis	0.107618074507542	0.385631433652025	ns	6.70609912162352e-05	6.47603532106555e-05
A549_110626_PS100	PS	raw	class	Dicarboxylic acids	Dicarboxylic acids	pathway	Fatty acids	Fatty acids	Fatty Acids and Conjugates	Dicarboxylic acids	NPC class: Dicarboxylic acids / NPC pathway: Fatty acids	Dicarboxylic acids	6	1440	6083241.6	39295522102.6	0.000154807501580377	kruskal_wallis	0.107618074507542	0.385631433652025	ns	6.70609912162352e-05	6.47603532106555e-05
A549_110626_untreated	Untreated	raw	class	Dicarboxylic acids	Dicarboxylic acids	pathway	Fatty acids	Fatty acids	Fatty Acids and Conjugates	Dicarboxylic acids	NPC class: Dicarboxylic acids / NPC pathway: Fatty acids	Dicarboxylic acids	6	1440	9743498.8	40726922534.5	0.000239239750848993	kruskal_wallis	0.107618074507542	0.385631433652025	ns	6.70609912162352e-05	6.47603532106555e-05
A549_180626_PET05	PET	raw	class	Dicarboxylic acids	Dicarboxylic acids	pathway	Fatty acids	Fatty acids	Fatty Acids and Conjugates	Dicarboxylic acids	NPC class: Dicarboxylic acids / NPC pathway: Fatty acids	Dicarboxylic acids	6	1440	6083241.6	31199184663.6	0.000194980787658124	kruskal_wallis	0.107618074507542	0.385631433652025	ns	6.70609912162352e-05	6.47603532106555e-05
A549_180626_PET100	PET	raw	class	Dicarboxylic acids	Dicarboxylic acids	pathway	Fatty acids	Fatty acids	Fatty Acids and Conjugates	Dicarboxylic acids	NPC class: Dicarboxylic acids / NPC pathway: Fatty acids	Dicarboxylic acids	6	1440	6083241.6	36474343757.1	0.000166781385856075	kruskal_wallis	0.107618074507542	0.385631433652025	ns	6.70609912162352e-05	6.47603532106555e-05
A549_180626_PS05	PS	raw	class	Dicarboxylic acids	Dicarboxylic acids	pathway	Fatty acids	Fatty acids	Fatty Acids and Conjugates	Dicarboxylic acids	NPC class: Dicarboxylic acids / NPC pathway: Fatty acids	Dicarboxylic acids	6	1440	6083241.6	36381542275.7	0.000167206809263364	kruskal_wallis	0.107618074507542	0.385631433652025	ns	6.70609912162352e-05	6.47603532106555e-05
A549_180626_PS100	PS	raw	class	Dicarboxylic acids	Dicarboxylic acids	pathway	Fatty acids	Fatty acids	Fatty Acids and Conjugates	Dicarboxylic acids	NPC class: Dicarboxylic acids / NPC pathway: Fatty acids	Dicarboxylic acids	6	1440	6615129.3	38000221483.6	0.000174081335364188	kruskal_wallis	0.107618074507542	0.385631433652025	ns	6.70609912162352e-05	6.47603532106555e-05
A549_180626_untreated	Untreated	raw	class	Dicarboxylic acids	Dicarboxylic acids	pathway	Fatty acids	Fatty acids	Fatty Acids and Conjugates	Dicarboxylic acids	NPC class: Dicarboxylic acids / NPC pathway: Fatty acids	Dicarboxylic acids	6	1440	11399779.5	38180285352.2	0.000298577640131313	kruskal_wallis	0.107618074507542	0.385631433652025	ns	6.70609912162352e-05	6.47603532106555e-05
A549_210626_PET05	PET	raw	class	Dicarboxylic acids	Dicarboxylic acids	pathway	Fatty acids	Fatty acids	Fatty Acids and Conjugates	Dicarboxylic acids	NPC class: Dicarboxylic acids / NPC pathway: Fatty acids	Dicarboxylic acids	6	1440	9530076.76	36530109795.76	0.000260882784455965	kruskal_wallis	0.107618074507542	0.385631433652025	ns	6.70609912162352e-05	6.47603532106555e-05
A549_210626_PET100	PET	raw	class	Dicarboxylic acids	Dicarboxylic acids	pathway	Fatty acids	Fatty acids	Fatty Acids and Conjugates	Dicarboxylic acids	NPC class: Dicarboxylic acids / NPC pathway: Fatty acids	Dicarboxylic acids	6	1440	6083241.6	40523921542.8	0.000150114830164575	kruskal_wallis	0.107618074507542	0.385631433652025	ns	6.70609912162352e-05	6.47603532106555e-05
A549_210626_PS05	PS	raw	class	Dicarboxylic acids	Dicarboxylic acids	pathway	Fatty acids	Fatty acids	Fatty Acids and Conjugates	Dicarboxylic acids	NPC class: Dicarboxylic acids / NPC pathway: Fatty acids	Dicarboxylic acids	6	1440	6083241.6	34631729940.5	0.00017565514660837	kruskal_wallis	0.107618074507542	0.385631433652025	ns	6.70609912162352e-05	6.47603532106555e-05
A549_210626_PS100	PS	raw	class	Dicarboxylic acids	Dicarboxylic acids	pathway	Fatty acids	Fatty acids	Fatty Acids and Conjugates	Dicarboxylic acids	NPC class: Dicarboxylic acids / NPC pathway: Fatty acids	Dicarboxylic acids	6	1440	8271643.2	42962798740.1	0.00019253036214048	kruskal_wallis	0.107618074507542	0.385631433652025	ns	6.70609912162352e-05	6.47603532106555e-05
A549_210626_untreated	Untreated	raw	class	Dicarboxylic acids	Dicarboxylic acids	pathway	Fatty acids	Fatty acids	Fatty Acids and Conjugates	Dicarboxylic acids	NPC class: Dicarboxylic acids / NPC pathway: Fatty acids	Dicarboxylic acids	6	1440	6942835.8	37950422097.55	0.000182944890103033	kruskal_wallis	0.107618074507542	0.385631433652025	ns	6.70609912162352e-05	6.47603532106555e-05
A549_110626_PET05	PET	raw	class	Dipeptides	Dipeptides	pathway	Amino acids and Peptides	Amino acids and Peptides	Small peptides	Dipeptides	NPC class: Dipeptides / NPC pathway: Amino acids and Peptides	Dipeptides	1	141	24307346	1261887026.5	0.0192626958590893	kruskal_wallis	0.341297755300994	0.698097555033196	ns	0.00403748621955347	0.00551117872361121
A549_110626_PET100	PET	raw	class	Dipeptides	Dipeptides	pathway	Amino acids and Peptides	Amino acids and Peptides	Small peptides	Dipeptides	NPC class: Dipeptides / NPC pathway: Amino acids and Peptides	Dipeptides	1	141	30744536	1576419087.3	0.0195027681710309	kruskal_wallis	0.341297755300994	0.698097555033196	ns	0.00403748621955347	0.00551117872361121
A549_110626_PS05	PS	raw	class	Dipeptides	Dipeptides	pathway	Amino acids and Peptides	Amino acids and Peptides	Small peptides	Dipeptides	NPC class: Dipeptides / NPC pathway: Amino acids and Peptides	Dipeptides	1	141	15738939	1278650513.3	0.0123090233306834	kruskal_wallis	0.341297755300994	0.698097555033196	ns	0.00403748621955347	0.00551117872361121
A549_110626_PS100	PS	raw	class	Dipeptides	Dipeptides	pathway	Amino acids and Peptides	Amino acids and Peptides	Small peptides	Dipeptides	NPC class: Dipeptides / NPC pathway: Amino acids and Peptides	Dipeptides	1	141	33106798	1438361364.9	0.0230170239606663	kruskal_wallis	0.341297755300994	0.698097555033196	ns	0.00403748621955347	0.00551117872361121
A549_110626_untreated	Untreated	raw	class	Dipeptides	Dipeptides	pathway	Amino acids and Peptides	Amino acids and Peptides	Small peptides	Dipeptides	NPC class: Dipeptides / NPC pathway: Amino acids and Peptides	Dipeptides	1	141	34112268	1785861188.6	0.0191012986998961	kruskal_wallis	0.341297755300994	0.698097555033196	ns	0.00403748621955347	0.00551117872361121
A549_180626_PET05	PET	raw	class	Dipeptides	Dipeptides	pathway	Amino acids and Peptides	Amino acids and Peptides	Small peptides	Dipeptides	NPC class: Dipeptides / NPC pathway: Amino acids and Peptides	Dipeptides	1	141	14759149	993420522.3	0.0148568996398717	kruskal_wallis	0.341297755300994	0.698097555033196	ns	0.00403748621955347	0.00551117872361121
A549_180626_PET100	PET	raw	class	Dipeptides	Dipeptides	pathway	Amino acids and Peptides	Amino acids and Peptides	Small peptides	Dipeptides	NPC class: Dipeptides / NPC pathway: Amino acids and Peptides	Dipeptides	1	141	21662224	1474863097.7	0.0146876167922172	kruskal_wallis	0.341297755300994	0.698097555033196	ns	0.00403748621955347	0.00551117872361121
A549_180626_PS05	PS	raw	class	Dipeptides	Dipeptides	pathway	Amino acids and Peptides	Amino acids and Peptides	Small peptides	Dipeptides	NPC class: Dipeptides / NPC pathway: Amino acids and Peptides	Dipeptides	1	141	19267144	1480990834.5	0.0130096308168611	kruskal_wallis	0.341297755300994	0.698097555033196	ns	0.00403748621955347	0.00551117872361121
A549_180626_PS100	PS	raw	class	Dipeptides	Dipeptides	pathway	Amino acids and Peptides	Amino acids and Peptides	Small peptides	Dipeptides	NPC class: Dipeptides / NPC pathway: Amino acids and Peptides	Dipeptides	1	141	22907622	1606086500.9	0.0142630063742914	kruskal_wallis	0.341297755300994	0.698097555033196	ns	0.00403748621955347	0.00551117872361121
A549_180626_untreated	Untreated	raw	class	Dipeptides	Dipeptides	pathway	Amino acids and Peptides	Amino acids and Peptides	Small peptides	Dipeptides	NPC class: Dipeptides / NPC pathway: Amino acids and Peptides	Dipeptides	1	141	17785592	2104203255.8	0.00845241159615926	kruskal_wallis	0.341297755300994	0.698097555033196	ns	0.00403748621955347	0.00551117872361121
A549_210626_PET05	PET	raw	class	Dipeptides	Dipeptides	pathway	Amino acids and Peptides	Amino acids and Peptides	Small peptides	Dipeptides	NPC class: Dipeptides / NPC pathway: Amino acids and Peptides	Dipeptides	1	141	22877852	1317408748.9	0.0173657963172799	kruskal_wallis	0.341297755300994	0.698097555033196	ns	0.00403748621955347	0.00551117872361121
A549_210626_PET100	PET	raw	class	Dipeptides	Dipeptides	pathway	Amino acids and Peptides	Amino acids and Peptides	Small peptides	Dipeptides	NPC class: Dipeptides / NPC pathway: Amino acids and Peptides	Dipeptides	1	141	28891566	1569136596.1	0.0184123970289192	kruskal_wallis	0.341297755300994	0.698097555033196	ns	0.00403748621955347	0.00551117872361121
A549_210626_PS05	PS	raw	class	Dipeptides	Dipeptides	pathway	Amino acids and Peptides	Amino acids and Peptides	Small peptides	Dipeptides	NPC class: Dipeptides / NPC pathway: Amino acids and Peptides	Dipeptides	1	141	13799507	1294084569.6	0.0106635279673147	kruskal_wallis	0.341297755300994	0.698097555033196	ns	0.00403748621955347	0.00551117872361121
A549_210626_PS100	PS	raw	class	Dipeptides	Dipeptides	pathway	Amino acids and Peptides	Amino acids and Peptides	Small peptides	Dipeptides	NPC class: Dipeptides / NPC pathway: Amino acids and Peptides	Dipeptides	1	141	31411226	1542202367.4	0.0203677718722195	kruskal_wallis	0.341297755300994	0.698097555033196	ns	0.00403748621955347	0.00551117872361121
A549_210626_untreated	Untreated	raw	class	Dipeptides	Dipeptides	pathway	Amino acids and Peptides	Amino acids and Peptides	Small peptides	Dipeptides	NPC class: Dipeptides / NPC pathway: Amino acids and Peptides	Dipeptides	1	141	20190874	1631201150.5	0.0123779179494884	kruskal_wallis	0.341297755300994	0.698097555033196	ns	0.00403748621955347	0.00551117872361121
A549_110626_PET05	PET	raw	class	Erythromycins	Erythromycins	pathway	Polyketides	Polyketides	Macrolides	Erythromycins	NPC class: Erythromycins / NPC pathway: Polyketides	Erythromycins	3	150	64788710.1	6565292988.7	0.00986836538925415	kruskal_wallis	0.364826517344987	0.698097555033196	ns	0.00478240052133023	0.00545606754746863
A549_110626_PET100	PET	raw	class	Erythromycins	Erythromycins	pathway	Polyketides	Polyketides	Macrolides	Erythromycins	NPC class: Erythromycins / NPC pathway: Polyketides	Erythromycins	3	150	49053939.6	8125399185.8	0.00603711134410811	kruskal_wallis	0.364826517344987	0.698097555033196	ns	0.00478240052133023	0.00545606754746863
A549_110626_PS05	PS	raw	class	Erythromycins	Erythromycins	pathway	Polyketides	Polyketides	Macrolides	Erythromycins	NPC class: Erythromycins / NPC pathway: Polyketides	Erythromycins	3	150	13862608.1	6524424494.96	0.00212472504060835	kruskal_wallis	0.364826517344987	0.698097555033196	ns	0.00478240052133023	0.00545606754746863
A549_110626_PS100	PS	raw	class	Erythromycins	Erythromycins	pathway	Polyketides	Polyketides	Macrolides	Erythromycins	NPC class: Erythromycins / NPC pathway: Polyketides	Erythromycins	3	150	51757838.1	7176029029.7	0.0072126015496573	kruskal_wallis	0.364826517344987	0.698097555033196	ns	0.00478240052133023	0.00545606754746863
A549_110626_untreated	Untreated	raw	class	Erythromycins	Erythromycins	pathway	Polyketides	Polyketides	Macrolides	Erythromycins	NPC class: Erythromycins / NPC pathway: Polyketides	Erythromycins	3	150	11758215.8	7977246302.3	0.00147396925635979	kruskal_wallis	0.364826517344987	0.698097555033196	ns	0.00478240052133023	0.00545606754746863
A549_180626_PET05	PET	raw	class	Erythromycins	Erythromycins	pathway	Polyketides	Polyketides	Macrolides	Erythromycins	NPC class: Erythromycins / NPC pathway: Polyketides	Erythromycins	3	150	50716829.1	7016090678.2	0.00722864504268516	kruskal_wallis	0.364826517344987	0.698097555033196	ns	0.00478240052133023	0.00545606754746863
A549_180626_PET100	PET	raw	class	Erythromycins	Erythromycins	pathway	Polyketides	Polyketides	Macrolides	Erythromycins	NPC class: Erythromycins / NPC pathway: Polyketides	Erythromycins	3	150	9144435.7	7887370547.1	0.00115937696161139	kruskal_wallis	0.364826517344987	0.698097555033196	ns	0.00478240052133023	0.00545606754746863
A549_180626_PS05	PS	raw	class	Erythromycins	Erythromycins	pathway	Polyketides	Polyketides	Macrolides	Erythromycins	NPC class: Erythromycins / NPC pathway: Polyketides	Erythromycins	3	150	9646216.7	8429696401.7	0.0011443136550036	kruskal_wallis	0.364826517344987	0.698097555033196	ns	0.00478240052133023	0.00545606754746863
A549_180626_PS100	PS	raw	class	Erythromycins	Erythromycins	pathway	Polyketides	Polyketides	Macrolides	Erythromycins	NPC class: Erythromycins / NPC pathway: Polyketides	Erythromycins	3	150	8960935.7	7744341501.3	0.00115709459590538	kruskal_wallis	0.364826517344987	0.698097555033196	ns	0.00478240052133023	0.00545606754746863
A549_180626_untreated	Untreated	raw	class	Erythromycins	Erythromycins	pathway	Polyketides	Polyketides	Macrolides	Erythromycins	NPC class: Erythromycins / NPC pathway: Polyketides	Erythromycins	3	150	13749209.1	9311438840.8	0.00147659339604476	kruskal_wallis	0.364826517344987	0.698097555033196	ns	0.00478240052133023	0.00545606754746863
A549_210626_PET05	PET	raw	class	Erythromycins	Erythromycins	pathway	Polyketides	Polyketides	Macrolides	Erythromycins	NPC class: Erythromycins / NPC pathway: Polyketides	Erythromycins	3	150	9315808.7	8649773546.5	0.0010770002994783	kruskal_wallis	0.364826517344987	0.698097555033196	ns	0.00478240052133023	0.00545606754746863
A549_210626_PET100	PET	raw	class	Erythromycins	Erythromycins	pathway	Polyketides	Polyketides	Macrolides	Erythromycins	NPC class: Erythromycins / NPC pathway: Polyketides	Erythromycins	3	150	82633424.1	7046049113	0.0117276253365224	kruskal_wallis	0.364826517344987	0.698097555033196	ns	0.00478240052133023	0.00545606754746863
A549_210626_PS05	PS	raw	class	Erythromycins	Erythromycins	pathway	Polyketides	Polyketides	Macrolides	Erythromycins	NPC class: Erythromycins / NPC pathway: Polyketides	Erythromycins	3	150	7974607.2	6664796721.2	0.00119652669595063	kruskal_wallis	0.364826517344987	0.698097555033196	ns	0.00478240052133023	0.00545606754746863
A549_210626_PS100	PS	raw	class	Erythromycins	Erythromycins	pathway	Polyketides	Polyketides	Macrolides	Erythromycins	NPC class: Erythromycins / NPC pathway: Polyketides	Erythromycins	3	150	8626576.2	7600031547.2	0.00113507110416906	kruskal_wallis	0.364826517344987	0.698097555033196	ns	0.00478240052133023	0.00545606754746863
A549_210626_untreated	Untreated	raw	class	Erythromycins	Erythromycins	pathway	Polyketides	Polyketides	Macrolides	Erythromycins	NPC class: Erythromycins / NPC pathway: Polyketides	Erythromycins	3	150	11069177.1	8846156040.8	0.00125129797043451	kruskal_wallis	0.364826517344987	0.698097555033196	ns	0.00478240052133023	0.00545606754746863
A549_110626_PET05	PET	raw	class	Fatty acid estolides	Fatty acid estolides	pathway	Fatty acids	Fatty acids	Fatty esters	Fatty acid estolides	NPC class: Fatty acid estolides / NPC pathway: Fatty acids	Fatty acid estolides	4	1440	4340865.9	34114366377.95	0.000127244511942797	kruskal_wallis	0.49658530379141	0.742444286770597	ns	8.62510961607396e-05	4.76572328074434e-05
A549_110626_PET100	PET	raw	class	Fatty acid estolides	Fatty acid estolides	pathway	Fatty acids	Fatty acids	Fatty esters	Fatty acid estolides	NPC class: Fatty acid estolides / NPC pathway: Fatty acids	Fatty acid estolides	4	1440	4391768.7	35458165160.66	0.000123857754063162	kruskal_wallis	0.49658530379141	0.742444286770597	ns	8.62510961607396e-05	4.76572328074434e-05
A549_110626_PS05	PS	raw	class	Fatty acid estolides	Fatty acid estolides	pathway	Fatty acids	Fatty acids	Fatty esters	Fatty acid estolides	NPC class: Fatty acid estolides / NPC pathway: Fatty acids	Fatty acid estolides	4	1440	6091056.6	34785738556.84	0.000175102120946698	kruskal_wallis	0.49658530379141	0.742444286770597	ns	8.62510961607396e-05	4.76572328074434e-05
A549_110626_PS100	PS	raw	class	Fatty acid estolides	Fatty acid estolides	pathway	Fatty acids	Fatty acids	Fatty esters	Fatty acid estolides	NPC class: Fatty acid estolides / NPC pathway: Fatty acids	Fatty acid estolides	4	1440	6843024.4	39295522102.6	0.000174142600323084	kruskal_wallis	0.49658530379141	0.742444286770597	ns	8.62510961607396e-05	4.76572328074434e-05
A549_110626_untreated	Untreated	raw	class	Fatty acid estolides	Fatty acid estolides	pathway	Fatty acids	Fatty acids	Fatty esters	Fatty acid estolides	NPC class: Fatty acid estolides / NPC pathway: Fatty acids	Fatty acid estolides	4	1440	4241003.2	40726922534.5	0.000104132670383023	kruskal_wallis	0.49658530379141	0.742444286770597	ns	8.62510961607396e-05	4.76572328074434e-05
A549_180626_PET05	PET	raw	class	Fatty acid estolides	Fatty acid estolides	pathway	Fatty acids	Fatty acids	Fatty esters	Fatty acid estolides	NPC class: Fatty acid estolides / NPC pathway: Fatty acids	Fatty acid estolides	4	1440	4950836.4	31199184663.6	0.000158684800688914	kruskal_wallis	0.49658530379141	0.742444286770597	ns	8.62510961607396e-05	4.76572328074434e-05
A549_180626_PET100	PET	raw	class	Fatty acid estolides	Fatty acid estolides	pathway	Fatty acids	Fatty acids	Fatty esters	Fatty acid estolides	NPC class: Fatty acid estolides / NPC pathway: Fatty acids	Fatty acid estolides	4	1440	4566608.3	36474343757.1	0.000125200560986408	kruskal_wallis	0.49658530379141	0.742444286770597	ns	8.62510961607396e-05	4.76572328074434e-05
A549_180626_PS05	PS	raw	class	Fatty acid estolides	Fatty acid estolides	pathway	Fatty acids	Fatty acids	Fatty esters	Fatty acid estolides	NPC class: Fatty acid estolides / NPC pathway: Fatty acids	Fatty acid estolides	4	1440	4055494.4	36381542275.7	0.000111471206175576	kruskal_wallis	0.49658530379141	0.742444286770597	ns	8.62510961607396e-05	4.76572328074434e-05
A549_180626_PS100	PS	raw	class	Fatty acid estolides	Fatty acid estolides	pathway	Fatty acids	Fatty acids	Fatty esters	Fatty acid estolides	NPC class: Fatty acid estolides / NPC pathway: Fatty acids	Fatty acid estolides	4	1440	5077249.6	38000221483.6	0.000133611052824816	kruskal_wallis	0.49658530379141	0.742444286770597	ns	8.62510961607396e-05	4.76572328074434e-05
A549_180626_untreated	Untreated	raw	class	Fatty acid estolides	Fatty acid estolides	pathway	Fatty acids	Fatty acids	Fatty esters	Fatty acid estolides	NPC class: Fatty acid estolides / NPC pathway: Fatty acids	Fatty acid estolides	4	1440	4055494.4	38180285352.2	0.000106219593766507	kruskal_wallis	0.49658530379141	0.742444286770597	ns	8.62510961607396e-05	4.76572328074434e-05
A549_210626_PET05	PET	raw	class	Fatty acid estolides	Fatty acid estolides	pathway	Fatty acids	Fatty acids	Fatty esters	Fatty acid estolides	NPC class: Fatty acid estolides / NPC pathway: Fatty acids	Fatty acid estolides	4	1440	23138903.6	36530109795.76	0.000633420039780053	kruskal_wallis	0.49658530379141	0.742444286770597	ns	8.62510961607396e-05	4.76572328074434e-05
A549_210626_PET100	PET	raw	class	Fatty acid estolides	Fatty acid estolides	pathway	Fatty acids	Fatty acids	Fatty esters	Fatty acid estolides	NPC class: Fatty acid estolides / NPC pathway: Fatty acids	Fatty acid estolides	4	1440	7710339.5	40523921542.8	0.000190266371231042	kruskal_wallis	0.49658530379141	0.742444286770597	ns	8.62510961607396e-05	4.76572328074434e-05
A549_210626_PS05	PS	raw	class	Fatty acid estolides	Fatty acid estolides	pathway	Fatty acids	Fatty acids	Fatty esters	Fatty acid estolides	NPC class: Fatty acid estolides / NPC pathway: Fatty acids	Fatty acid estolides	4	1440	4055494.4	34631729940.5	0.000117103431072247	kruskal_wallis	0.49658530379141	0.742444286770597	ns	8.62510961607396e-05	4.76572328074434e-05
A549_210626_PS100	PS	raw	class	Fatty acid estolides	Fatty acid estolides	pathway	Fatty acids	Fatty acids	Fatty esters	Fatty acid estolides	NPC class: Fatty acid estolides / NPC pathway: Fatty acids	Fatty acid estolides	4	1440	16198829	42962798740.1	0.000377043150703322	kruskal_wallis	0.49658530379141	0.742444286770597	ns	8.62510961607396e-05	4.76572328074434e-05
A549_210626_untreated	Untreated	raw	class	Fatty acid estolides	Fatty acid estolides	pathway	Fatty acids	Fatty acids	Fatty esters	Fatty acid estolides	NPC class: Fatty acid estolides / NPC pathway: Fatty acids	Fatty acid estolides	4	1440	7978372.9	37950422097.55	0.000210231466714439	kruskal_wallis	0.49658530379141	0.742444286770597	ns	8.62510961607396e-05	4.76572328074434e-05
A549_110626_PET05	PET	raw	class	Fatty acyl carnitines	Fatty acyl carnitines	pathway	Fatty acids	Fatty acids	Fatty esters	Fatty acyl carnitines	NPC class: Fatty acyl carnitines / NPC pathway: Fatty acids	Fatty acyl carnitines	1	1440	4196724	34114366377.95	0.000123019256858089	kruskal_wallis	0.0339341521613492	0.35055495421395	ns	0.000108937979730496	0.000104670600416777
A549_110626_PET100	PET	raw	class	Fatty acyl carnitines	Fatty acyl carnitines	pathway	Fatty acids	Fatty acids	Fatty esters	Fatty acyl carnitines	NPC class: Fatty acyl carnitines / NPC pathway: Fatty acids	Fatty acyl carnitines	1	1440	7679872.5	35458165160.66	0.0002165896758956	kruskal_wallis	0.0339341521613492	0.35055495421395	ns	0.000108937979730496	0.000104670600416777
A549_110626_PS05	PS	raw	class	Fatty acyl carnitines	Fatty acyl carnitines	pathway	Fatty acids	Fatty acids	Fatty esters	Fatty acyl carnitines	NPC class: Fatty acyl carnitines / NPC pathway: Fatty acids	Fatty acyl carnitines	1	1440	5277526.5	34785738556.84	0.000151715235005763	kruskal_wallis	0.0339341521613492	0.35055495421395	ns	0.000108937979730496	0.000104670600416777
A549_110626_PS100	PS	raw	class	Fatty acyl carnitines	Fatty acyl carnitines	pathway	Fatty acids	Fatty acids	Fatty esters	Fatty acyl carnitines	NPC class: Fatty acyl carnitines / NPC pathway: Fatty acids	Fatty acyl carnitines	1	1440	6424554	39295522102.6	0.00016349328514393	kruskal_wallis	0.0339341521613492	0.35055495421395	ns	0.000108937979730496	0.000104670600416777
A549_110626_untreated	Untreated	raw	class	Fatty acyl carnitines	Fatty acyl carnitines	pathway	Fatty acids	Fatty acids	Fatty esters	Fatty acyl carnitines	NPC class: Fatty acyl carnitines / NPC pathway: Fatty acids	Fatty acyl carnitines	1	1440	10660929	40726922534.5	0.000261766132488137	kruskal_wallis	0.0339341521613492	0.35055495421395	ns	0.000108937979730496	0.000104670600416777
A549_180626_PET05	PET	raw	class	Fatty acyl carnitines	Fatty acyl carnitines	pathway	Fatty acids	Fatty acids	Fatty esters	Fatty acyl carnitines	NPC class: Fatty acyl carnitines / NPC pathway: Fatty acids	Fatty acyl carnitines	1	1440	3225708.5	31199184663.6	0.000103390794816617	kruskal_wallis	0.0339341521613492	0.35055495421395	ns	0.000108937979730496	0.000104670600416777
A549_180626_PET100	PET	raw	class	Fatty acyl carnitines	Fatty acyl carnitines	pathway	Fatty acids	Fatty acids	Fatty esters	Fatty acyl carnitines	NPC class: Fatty acyl carnitines / NPC pathway: Fatty acids	Fatty acyl carnitines	1	1440	6978511	36474343757.1	0.000191326567695727	kruskal_wallis	0.0339341521613492	0.35055495421395	ns	0.000108937979730496	0.000104670600416777
A549_180626_PS05	PS	raw	class	Fatty acyl carnitines	Fatty acyl carnitines	pathway	Fatty acids	Fatty acids	Fatty esters	Fatty acyl carnitines	NPC class: Fatty acyl carnitines / NPC pathway: Fatty acids	Fatty acyl carnitines	1	1440	7677852	36381542275.7	0.000211037012719722	kruskal_wallis	0.0339341521613492	0.35055495421395	ns	0.000108937979730496	0.000104670600416777
A549_180626_PS100	PS	raw	class	Fatty acyl carnitines	Fatty acyl carnitines	pathway	Fatty acids	Fatty acids	Fatty esters	Fatty acyl carnitines	NPC class: Fatty acyl carnitines / NPC pathway: Fatty acids	Fatty acyl carnitines	1	1440	5609269.5	38000221483.6	0.000147611494907229	kruskal_wallis	0.0339341521613492	0.35055495421395	ns	0.000108937979730496	0.000104670600416777
A549_180626_untreated	Untreated	raw	class	Fatty acyl carnitines	Fatty acyl carnitines	pathway	Fatty acids	Fatty acids	Fatty esters	Fatty acyl carnitines	NPC class: Fatty acyl carnitines / NPC pathway: Fatty acids	Fatty acyl carnitines	1	1440	11891670	38180285352.2	0.000311461003769444	kruskal_wallis	0.0339341521613492	0.35055495421395	ns	0.000108937979730496	0.000104670600416777
A549_210626_PET05	PET	raw	class	Fatty acyl carnitines	Fatty acyl carnitines	pathway	Fatty acids	Fatty acids	Fatty esters	Fatty acyl carnitines	NPC class: Fatty acyl carnitines / NPC pathway: Fatty acids	Fatty acyl carnitines	1	1440	4963035	36530109795.76	0.000135861485983709	kruskal_wallis	0.0339341521613492	0.35055495421395	ns	0.000108937979730496	0.000104670600416777
A549_210626_PET100	PET	raw	class	Fatty acyl carnitines	Fatty acyl carnitines	pathway	Fatty acids	Fatty acids	Fatty esters	Fatty acyl carnitines	NPC class: Fatty acyl carnitines / NPC pathway: Fatty acids	Fatty acyl carnitines	1	1440	8565323	40523921542.8	0.000211364613144698	kruskal_wallis	0.0339341521613492	0.35055495421395	ns	0.000108937979730496	0.000104670600416777
A549_210626_PS05	PS	raw	class	Fatty acyl carnitines	Fatty acyl carnitines	pathway	Fatty acids	Fatty acids	Fatty esters	Fatty acyl carnitines	NPC class: Fatty acyl carnitines / NPC pathway: Fatty acids	Fatty acyl carnitines	1	1440	5369208	34631729940.5	0.00015503724501273	kruskal_wallis	0.0339341521613492	0.35055495421395	ns	0.000108937979730496	0.000104670600416777
A549_210626_PS100	PS	raw	class	Fatty acyl carnitines	Fatty acyl carnitines	pathway	Fatty acids	Fatty acids	Fatty esters	Fatty acyl carnitines	NPC class: Fatty acyl carnitines / NPC pathway: Fatty acids	Fatty acyl carnitines	1	1440	6837693.5	42962798740.1	0.000159153819129989	kruskal_wallis	0.0339341521613492	0.35055495421395	ns	0.000108937979730496	0.000104670600416777
A549_210626_untreated	Untreated	raw	class	Fatty acyl carnitines	Fatty acyl carnitines	pathway	Fatty acids	Fatty acids	Fatty esters	Fatty acyl carnitines	NPC class: Fatty acyl carnitines / NPC pathway: Fatty acids	Fatty acyl carnitines	1	1440	9273679	37950422097.55	0.000244363000131129	kruskal_wallis	0.0339341521613492	0.35055495421395	ns	0.000108937979730496	0.000104670600416777
A549_110626_PET05	PET	raw	class	Fatty acyl glycosides of mono- and disaccharides	Fatty acyl glycosides of mono- and disaccharides	pathway	Fatty acids	Fatty acids	Fatty acyl glycosides	Fatty acyl glycosides of mono- and disaccharides	NPC class: Fatty acyl glycosides of mono- and disaccharides / NPC pathway: Fatty acids	Fatty acyl glycosides of mono- and disaccharides	1	1440	1702552.6	34114366377.95	4.99072027643009e-05	kruskal_wallis	0.864301741471365	0.917653700821449	ns	7.62051866796526e-06	1.00967988613119e-05
A549_110626_PET100	PET	raw	class	Fatty acyl glycosides of mono- and disaccharides	Fatty acyl glycosides of mono- and disaccharides	pathway	Fatty acids	Fatty acids	Fatty acyl glycosides	Fatty acyl glycosides of mono- and disaccharides	NPC class: Fatty acyl glycosides of mono- and disaccharides / NPC pathway: Fatty acids	Fatty acyl glycosides of mono- and disaccharides	1	1440	1013873.6	35458165160.66	2.85935156375454e-05	kruskal_wallis	0.864301741471365	0.917653700821449	ns	7.62051866796526e-06	1.00967988613119e-05
A549_110626_PS05	PS	raw	class	Fatty acyl glycosides of mono- and disaccharides	Fatty acyl glycosides of mono- and disaccharides	pathway	Fatty acids	Fatty acids	Fatty acyl glycosides	Fatty acyl glycosides of mono- and disaccharides	NPC class: Fatty acyl glycosides of mono- and disaccharides / NPC pathway: Fatty acids	Fatty acyl glycosides of mono- and disaccharides	1	1440	1874131.5	34785738556.84	5.38764326345311e-05	kruskal_wallis	0.864301741471365	0.917653700821449	ns	7.62051866796526e-06	1.00967988613119e-05
A549_110626_PS100	PS	raw	class	Fatty acyl glycosides of mono- and disaccharides	Fatty acyl glycosides of mono- and disaccharides	pathway	Fatty acids	Fatty acids	Fatty acyl glycosides	Fatty acyl glycosides of mono- and disaccharides	NPC class: Fatty acyl glycosides of mono- and disaccharides / NPC pathway: Fatty acids	Fatty acyl glycosides of mono- and disaccharides	1	1440	1013873.6	39295522102.6	2.58012502633962e-05	kruskal_wallis	0.864301741471365	0.917653700821449	ns	7.62051866796526e-06	1.00967988613119e-05
A549_110626_untreated	Untreated	raw	class	Fatty acyl glycosides of mono- and disaccharides	Fatty acyl glycosides of mono- and disaccharides	pathway	Fatty acids	Fatty acids	Fatty acyl glycosides	Fatty acyl glycosides of mono- and disaccharides	NPC class: Fatty acyl glycosides of mono- and disaccharides / NPC pathway: Fatty acids	Fatty acyl glycosides of mono- and disaccharides	1	1440	1013873.6	40726922534.5	2.48944319114989e-05	kruskal_wallis	0.864301741471365	0.917653700821449	ns	7.62051866796526e-06	1.00967988613119e-05
A549_180626_PET05	PET	raw	class	Fatty acyl glycosides of mono- and disaccharides	Fatty acyl glycosides of mono- and disaccharides	pathway	Fatty acids	Fatty acids	Fatty acyl glycosides	Fatty acyl glycosides of mono- and disaccharides	NPC class: Fatty acyl glycosides of mono- and disaccharides / NPC pathway: Fatty acids	Fatty acyl glycosides of mono- and disaccharides	1	1440	1608603.1	31199184663.6	5.15591390398337e-05	kruskal_wallis	0.864301741471365	0.917653700821449	ns	7.62051866796526e-06	1.00967988613119e-05
A549_180626_PET100	PET	raw	class	Fatty acyl glycosides of mono- and disaccharides	Fatty acyl glycosides of mono- and disaccharides	pathway	Fatty acids	Fatty acids	Fatty acyl glycosides	Fatty acyl glycosides of mono- and disaccharides	NPC class: Fatty acyl glycosides of mono- and disaccharides / NPC pathway: Fatty acids	Fatty acyl glycosides of mono- and disaccharides	1	1440	1013873.6	36474343757.1	2.77968976426791e-05	kruskal_wallis	0.864301741471365	0.917653700821449	ns	7.62051866796526e-06	1.00967988613119e-05
A549_180626_PS05	PS	raw	class	Fatty acyl glycosides of mono- and disaccharides	Fatty acyl glycosides of mono- and disaccharides	pathway	Fatty acids	Fatty acids	Fatty acyl glycosides	Fatty acyl glycosides of mono- and disaccharides	NPC class: Fatty acyl glycosides of mono- and disaccharides / NPC pathway: Fatty acids	Fatty acyl glycosides of mono- and disaccharides	1	1440	1414553.5	36381542275.7	3.88810757191239e-05	kruskal_wallis	0.864301741471365	0.917653700821449	ns	7.62051866796526e-06	1.00967988613119e-05
A549_180626_PS100	PS	raw	class	Fatty acyl glycosides of mono- and disaccharides	Fatty acyl glycosides of mono- and disaccharides	pathway	Fatty acids	Fatty acids	Fatty acyl glycosides	Fatty acyl glycosides of mono- and disaccharides	NPC class: Fatty acyl glycosides of mono- and disaccharides / NPC pathway: Fatty acids	Fatty acyl glycosides of mono- and disaccharides	1	1440	1625773	38000221483.6	4.27832506371481e-05	kruskal_wallis	0.864301741471365	0.917653700821449	ns	7.62051866796526e-06	1.00967988613119e-05
A549_180626_untreated	Untreated	raw	class	Fatty acyl glycosides of mono- and disaccharides	Fatty acyl glycosides of mono- and disaccharides	pathway	Fatty acids	Fatty acids	Fatty acyl glycosides	Fatty acyl glycosides of mono- and disaccharides	NPC class: Fatty acyl glycosides of mono- and disaccharides / NPC pathway: Fatty acids	Fatty acyl glycosides of mono- and disaccharides	1	1440	1894170.6	38180285352.2	4.96112216691659e-05	kruskal_wallis	0.864301741471365	0.917653700821449	ns	7.62051866796526e-06	1.00967988613119e-05
A549_210626_PET05	PET	raw	class	Fatty acyl glycosides of mono- and disaccharides	Fatty acyl glycosides of mono- and disaccharides	pathway	Fatty acids	Fatty acids	Fatty acyl glycosides	Fatty acyl glycosides of mono- and disaccharides	NPC class: Fatty acyl glycosides of mono- and disaccharides / NPC pathway: Fatty acids	Fatty acyl glycosides of mono- and disaccharides	1	1440	1013873.6	36530109795.76	2.7754463527993e-05	kruskal_wallis	0.864301741471365	0.917653700821449	ns	7.62051866796526e-06	1.00967988613119e-05
A549_210626_PET100	PET	raw	class	Fatty acyl glycosides of mono- and disaccharides	Fatty acyl glycosides of mono- and disaccharides	pathway	Fatty acids	Fatty acids	Fatty acyl glycosides	Fatty acyl glycosides of mono- and disaccharides	NPC class: Fatty acyl glycosides of mono- and disaccharides / NPC pathway: Fatty acids	Fatty acyl glycosides of mono- and disaccharides	1	1440	1332313.6	40523921542.8	3.28772129961029e-05	kruskal_wallis	0.864301741471365	0.917653700821449	ns	7.62051866796526e-06	1.00967988613119e-05
A549_210626_PS05	PS	raw	class	Fatty acyl glycosides of mono- and disaccharides	Fatty acyl glycosides of mono- and disaccharides	pathway	Fatty acids	Fatty acids	Fatty acyl glycosides	Fatty acyl glycosides of mono- and disaccharides	NPC class: Fatty acyl glycosides of mono- and disaccharides / NPC pathway: Fatty acids	Fatty acyl glycosides of mono- and disaccharides	1	1440	2687170.5	34631729940.5	7.75927308458679e-05	kruskal_wallis	0.864301741471365	0.917653700821449	ns	7.62051866796526e-06	1.00967988613119e-05
A549_210626_PS100	PS	raw	class	Fatty acyl glycosides of mono- and disaccharides	Fatty acyl glycosides of mono- and disaccharides	pathway	Fatty acids	Fatty acids	Fatty acyl glycosides	Fatty acyl glycosides of mono- and disaccharides	NPC class: Fatty acyl glycosides of mono- and disaccharides / NPC pathway: Fatty acids	Fatty acyl glycosides of mono- and disaccharides	1	1440	1013873.6	42962798740.1	2.35988722739723e-05	kruskal_wallis	0.864301741471365	0.917653700821449	ns	7.62051866796526e-06	1.00967988613119e-05
A549_210626_untreated	Untreated	raw	class	Fatty acyl glycosides of mono- and disaccharides	Fatty acyl glycosides of mono- and disaccharides	pathway	Fatty acids	Fatty acids	Fatty acyl glycosides	Fatty acyl glycosides of mono- and disaccharides	NPC class: Fatty acyl glycosides of mono- and disaccharides / NPC pathway: Fatty acids	Fatty acyl glycosides of mono- and disaccharides	1	1440	1286504	37950422097.55	3.38995966024592e-05	kruskal_wallis	0.864301741471365	0.917653700821449	ns	7.62051866796526e-06	1.00967988613119e-05
A549_110626_PET05	PET	raw	class	Fatty alcohols	Fatty alcohols	pathway	Fatty acids	Fatty acids	Fatty Acids and Conjugates | Fatty acyls	Fatty alcohols	NPC class: Fatty alcohols / NPC pathway: Fatty acids	Fatty alcohols	39	1440	696216983.2	34114366377.95	0.0204083222735746	kruskal_wallis	0.695934313678641	0.831254874671711	ns	0.000571968893616128	0.00156453245321652
A549_110626_PET100	PET	raw	class	Fatty alcohols	Fatty alcohols	pathway	Fatty acids	Fatty acids	Fatty Acids and Conjugates | Fatty acyls	Fatty alcohols	NPC class: Fatty alcohols / NPC pathway: Fatty acids	Fatty alcohols	39	1440	761639410	35458165160.66	0.0214799442257949	kruskal_wallis	0.695934313678641	0.831254874671711	ns	0.000571968893616128	0.00156453245321652
A549_110626_PS05	PS	raw	class	Fatty alcohols	Fatty alcohols	pathway	Fatty acids	Fatty acids	Fatty Acids and Conjugates | Fatty acyls	Fatty alcohols	NPC class: Fatty alcohols / NPC pathway: Fatty acids	Fatty alcohols	39	1440	718514662.1	34785738556.84	0.0206554378865909	kruskal_wallis	0.695934313678641	0.831254874671711	ns	0.000571968893616128	0.00156453245321652
A549_110626_PS100	PS	raw	class	Fatty alcohols	Fatty alcohols	pathway	Fatty acids	Fatty acids	Fatty Acids and Conjugates | Fatty acyls	Fatty alcohols	NPC class: Fatty alcohols / NPC pathway: Fatty acids	Fatty alcohols	39	1440	759019774	39295522102.6	0.0193156811103874	kruskal_wallis	0.695934313678641	0.831254874671711	ns	0.000571968893616128	0.00156453245321652
A549_110626_untreated	Untreated	raw	class	Fatty alcohols	Fatty alcohols	pathway	Fatty acids	Fatty acids	Fatty Acids and Conjugates | Fatty acyls	Fatty alcohols	NPC class: Fatty alcohols / NPC pathway: Fatty acids	Fatty alcohols	39	1440	864255247.4	40726922534.5	0.0212207354156918	kruskal_wallis	0.695934313678641	0.831254874671711	ns	0.000571968893616128	0.00156453245321652
A549_180626_PET05	PET	raw	class	Fatty alcohols	Fatty alcohols	pathway	Fatty acids	Fatty acids	Fatty Acids and Conjugates | Fatty acyls	Fatty alcohols	NPC class: Fatty alcohols / NPC pathway: Fatty acids	Fatty alcohols	39	1440	522291149.5	31199184663.6	0.0167405384189208	kruskal_wallis	0.695934313678641	0.831254874671711	ns	0.000571968893616128	0.00156453245321652
A549_180626_PET100	PET	raw	class	Fatty alcohols	Fatty alcohols	pathway	Fatty acids	Fatty acids	Fatty Acids and Conjugates | Fatty acyls	Fatty alcohols	NPC class: Fatty alcohols / NPC pathway: Fatty acids	Fatty alcohols	39	1440	773723434	36474343757.1	0.0212128130159817	kruskal_wallis	0.695934313678641	0.831254874671711	ns	0.000571968893616128	0.00156453245321652
A549_180626_PS05	PS	raw	class	Fatty alcohols	Fatty alcohols	pathway	Fatty acids	Fatty acids	Fatty Acids and Conjugates | Fatty acyls	Fatty alcohols	NPC class: Fatty alcohols / NPC pathway: Fatty acids	Fatty alcohols	39	1440	781348461.1	36381542275.7	0.0214765073778051	kruskal_wallis	0.695934313678641	0.831254874671711	ns	0.000571968893616128	0.00156453245321652
A549_180626_PS100	PS	raw	class	Fatty alcohols	Fatty alcohols	pathway	Fatty acids	Fatty acids	Fatty Acids and Conjugates | Fatty acyls	Fatty alcohols	NPC class: Fatty alcohols / NPC pathway: Fatty acids	Fatty alcohols	39	1440	759879971.9	38000221483.6	0.0199967248145632	kruskal_wallis	0.695934313678641	0.831254874671711	ns	0.000571968893616128	0.00156453245321652
A549_180626_untreated	Untreated	raw	class	Fatty alcohols	Fatty alcohols	pathway	Fatty acids	Fatty acids	Fatty Acids and Conjugates | Fatty acyls	Fatty alcohols	NPC class: Fatty alcohols / NPC pathway: Fatty acids	Fatty alcohols	39	1440	816363056.8	38180285352.2	0.0213817955855838	kruskal_wallis	0.695934313678641	0.831254874671711	ns	0.000571968893616128	0.00156453245321652
A549_210626_PET05	PET	raw	class	Fatty alcohols	Fatty alcohols	pathway	Fatty acids	Fatty acids	Fatty Acids and Conjugates | Fatty acyls	Fatty alcohols	NPC class: Fatty alcohols / NPC pathway: Fatty acids	Fatty alcohols	39	1440	607986559.8	36530109795.76	0.016643436419963	kruskal_wallis	0.695934313678641	0.831254874671711	ns	0.000571968893616128	0.00156453245321652
A549_210626_PET100	PET	raw	class	Fatty alcohols	Fatty alcohols	pathway	Fatty acids	Fatty acids	Fatty Acids and Conjugates | Fatty acyls	Fatty alcohols	NPC class: Fatty alcohols / NPC pathway: Fatty acids	Fatty alcohols	39	1440	845991748.7	40523921542.8	0.0208763544220786	kruskal_wallis	0.695934313678641	0.831254874671711	ns	0.000571968893616128	0.00156453245321652
A549_210626_PS05	PS	raw	class	Fatty alcohols	Fatty alcohols	pathway	Fatty acids	Fatty acids	Fatty Acids and Conjugates | Fatty acyls	Fatty alcohols	NPC class: Fatty alcohols / NPC pathway: Fatty acids	Fatty alcohols	39	1440	659097513.1	34631729940.5	0.019031608130243	kruskal_wallis	0.695934313678641	0.831254874671711	ns	0.000571968893616128	0.00156453245321652
A549_210626_PS100	PS	raw	class	Fatty alcohols	Fatty alcohols	pathway	Fatty acids	Fatty acids	Fatty Acids and Conjugates | Fatty acyls	Fatty alcohols	NPC class: Fatty alcohols / NPC pathway: Fatty acids	Fatty alcohols	39	1440	713011045.6	42962798740.1	0.0165960101881002	kruskal_wallis	0.695934313678641	0.831254874671711	ns	0.000571968893616128	0.00156453245321652
A549_210626_untreated	Untreated	raw	class	Fatty alcohols	Fatty alcohols	pathway	Fatty acids	Fatty acids	Fatty Acids and Conjugates | Fatty acyls	Fatty alcohols	NPC class: Fatty alcohols / NPC pathway: Fatty acids	Fatty alcohols	39	1440	669800678.2	37950422097.55	0.0176493604334177	kruskal_wallis	0.695934313678641	0.831254874671711	ns	0.000571968893616128	0.00156453245321652
A549_110626_PET05	PET	raw	class	Fatty aldehydes	Fatty aldehydes	pathway	Fatty acids	Fatty acids	Fatty acyls	Fatty aldehydes	NPC class: Fatty aldehydes / NPC pathway: Fatty acids	Fatty aldehydes	10	1440	821729728.3	34114366377.95	0.0240874978944686	kruskal_wallis	0.569782824730923	0.742444286770597	ns	0.00150850814466597	0.000886353269883827
A549_110626_PET100	PET	raw	class	Fatty aldehydes	Fatty aldehydes	pathway	Fatty acids	Fatty acids	Fatty acyls	Fatty aldehydes	NPC class: Fatty aldehydes / NPC pathway: Fatty acids	Fatty aldehydes	10	1440	777140083.7	35458165160.66	0.021917098083863	kruskal_wallis	0.569782824730923	0.742444286770597	ns	0.00150850814466597	0.000886353269883827
A549_110626_PS05	PS	raw	class	Fatty aldehydes	Fatty aldehydes	pathway	Fatty acids	Fatty acids	Fatty acyls	Fatty aldehydes	NPC class: Fatty aldehydes / NPC pathway: Fatty acids	Fatty aldehydes	10	1440	749108591.5	34785738556.84	0.0215349342166749	kruskal_wallis	0.569782824730923	0.742444286770597	ns	0.00150850814466597	0.000886353269883827
A549_110626_PS100	PS	raw	class	Fatty aldehydes	Fatty aldehydes	pathway	Fatty acids	Fatty acids	Fatty acyls	Fatty aldehydes	NPC class: Fatty aldehydes / NPC pathway: Fatty acids	Fatty aldehydes	10	1440	799607602.1	39295522102.6	0.0203485679618211	kruskal_wallis	0.569782824730923	0.742444286770597	ns	0.00150850814466597	0.000886353269883827
A549_110626_untreated	Untreated	raw	class	Fatty aldehydes	Fatty aldehydes	pathway	Fatty acids	Fatty acids	Fatty acyls	Fatty aldehydes	NPC class: Fatty aldehydes / NPC pathway: Fatty acids	Fatty aldehydes	10	1440	814909152.3	40726922534.5	0.0200091021267243	kruskal_wallis	0.569782824730923	0.742444286770597	ns	0.00150850814466597	0.000886353269883827
A549_180626_PET05	PET	raw	class	Fatty aldehydes	Fatty aldehydes	pathway	Fatty acids	Fatty acids	Fatty acyls	Fatty aldehydes	NPC class: Fatty aldehydes / NPC pathway: Fatty acids	Fatty aldehydes	10	1440	631338093.4	31199184663.6	0.020235724112899	kruskal_wallis	0.569782824730923	0.742444286770597	ns	0.00150850814466597	0.000886353269883827
A549_180626_PET100	PET	raw	class	Fatty aldehydes	Fatty aldehydes	pathway	Fatty acids	Fatty acids	Fatty acyls	Fatty aldehydes	NPC class: Fatty aldehydes / NPC pathway: Fatty acids	Fatty aldehydes	10	1440	689107597.7	36474343757.1	0.0188929402620399	kruskal_wallis	0.569782824730923	0.742444286770597	ns	0.00150850814466597	0.000886353269883827
A549_180626_PS05	PS	raw	class	Fatty aldehydes	Fatty aldehydes	pathway	Fatty acids	Fatty acids	Fatty acyls	Fatty aldehydes	NPC class: Fatty aldehydes / NPC pathway: Fatty acids	Fatty aldehydes	10	1440	732540333.3	36381542275.7	0.0201349444657622	kruskal_wallis	0.569782824730923	0.742444286770597	ns	0.00150850814466597	0.000886353269883827
A549_180626_PS100	PS	raw	class	Fatty aldehydes	Fatty aldehydes	pathway	Fatty acids	Fatty acids	Fatty acyls	Fatty aldehydes	NPC class: Fatty aldehydes / NPC pathway: Fatty acids	Fatty aldehydes	10	1440	685972041.7	38000221483.6	0.0180517906190639	kruskal_wallis	0.569782824730923	0.742444286770597	ns	0.00150850814466597	0.000886353269883827
A549_180626_untreated	Untreated	raw	class	Fatty aldehydes	Fatty aldehydes	pathway	Fatty acids	Fatty acids	Fatty acyls	Fatty aldehydes	NPC class: Fatty aldehydes / NPC pathway: Fatty acids	Fatty aldehydes	10	1440	799776652.9	38180285352.2	0.020947372329	kruskal_wallis	0.569782824730923	0.742444286770597	ns	0.00150850814466597	0.000886353269883827
A549_210626_PET05	PET	raw	class	Fatty aldehydes	Fatty aldehydes	pathway	Fatty acids	Fatty acids	Fatty acyls	Fatty aldehydes	NPC class: Fatty aldehydes / NPC pathway: Fatty acids	Fatty aldehydes	10	1440	565993930.3	36530109795.76	0.0154939017009386	kruskal_wallis	0.569782824730923	0.742444286770597	ns	0.00150850814466597	0.000886353269883827
A549_210626_PET100	PET	raw	class	Fatty aldehydes	Fatty aldehydes	pathway	Fatty acids	Fatty acids	Fatty acyls	Fatty aldehydes	NPC class: Fatty aldehydes / NPC pathway: Fatty acids	Fatty aldehydes	10	1440	858740091.5	40523921542.8	0.0211909425052318	kruskal_wallis	0.569782824730923	0.742444286770597	ns	0.00150850814466597	0.000886353269883827
A549_210626_PS05	PS	raw	class	Fatty aldehydes	Fatty aldehydes	pathway	Fatty acids	Fatty acids	Fatty acyls	Fatty aldehydes	NPC class: Fatty aldehydes / NPC pathway: Fatty acids	Fatty aldehydes	10	1440	675977277.4	34631729940.5	0.019519015612601	kruskal_wallis	0.569782824730923	0.742444286770597	ns	0.00150850814466597	0.000886353269883827
A549_210626_PS100	PS	raw	class	Fatty aldehydes	Fatty aldehydes	pathway	Fatty acids	Fatty acids	Fatty acyls	Fatty aldehydes	NPC class: Fatty aldehydes / NPC pathway: Fatty acids	Fatty aldehydes	10	1440	566155290.2	42962798740.1	0.0131778028155221	kruskal_wallis	0.569782824730923	0.742444286770597	ns	0.00150850814466597	0.000886353269883827
A549_210626_untreated	Untreated	raw	class	Fatty aldehydes	Fatty aldehydes	pathway	Fatty acids	Fatty acids	Fatty acyls	Fatty aldehydes	NPC class: Fatty aldehydes / NPC pathway: Fatty acids	Fatty aldehydes	10	1440	618864934.2	37950422097.55	0.0163071950190497	kruskal_wallis	0.569782824730923	0.742444286770597	ns	0.00150850814466597	0.000886353269883827
A549_110626_PET05	PET	raw	class	Glycerophosphates	Glycerophosphates	pathway	Fatty acids	Fatty acids	Glycerophospholipids	Glycerophosphates	NPC class: Glycerophosphates / NPC pathway: Fatty acids	Glycerophosphates	5	1440	91509338.5	34114366377.95	0.00268242820300914	kruskal_wallis	0.569782824730923	0.742444286770597	ns	0.000742025519925089	0.000826697240450438
A549_110626_PET100	PET	raw	class	Glycerophosphates	Glycerophosphates	pathway	Fatty acids	Fatty acids	Glycerophospholipids	Glycerophosphates	NPC class: Glycerophosphates / NPC pathway: Fatty acids	Glycerophosphates	5	1440	119911767	35458165160.66	0.00338178150100782	kruskal_wallis	0.569782824730923	0.742444286770597	ns	0.000742025519925089	0.000826697240450438
A549_110626_PS05	PS	raw	class	Glycerophosphates	Glycerophosphates	pathway	Fatty acids	Fatty acids	Glycerophospholipids	Glycerophosphates	NPC class: Glycerophosphates / NPC pathway: Fatty acids	Glycerophosphates	5	1440	124203505.8	34785738556.84	0.0035705295029758	kruskal_wallis	0.569782824730923	0.742444286770597	ns	0.000742025519925089	0.000826697240450438
A549_110626_PS100	PS	raw	class	Glycerophosphates	Glycerophosphates	pathway	Fatty acids	Fatty acids	Glycerophospholipids	Glycerophosphates	NPC class: Glycerophosphates / NPC pathway: Fatty acids	Glycerophosphates	5	1440	13075945	39295522102.6	0.000332759161867322	kruskal_wallis	0.569782824730923	0.742444286770597	ns	0.000742025519925089	0.000826697240450438
A549_110626_untreated	Untreated	raw	class	Glycerophosphates	Glycerophosphates	pathway	Fatty acids	Fatty acids	Glycerophospholipids	Glycerophosphates	NPC class: Glycerophosphates / NPC pathway: Fatty acids	Glycerophosphates	5	1440	121822084.5	40726922534.5	0.00299119297307092	kruskal_wallis	0.569782824730923	0.742444286770597	ns	0.000742025519925089	0.000826697240450438
A549_180626_PET05	PET	raw	class	Glycerophosphates	Glycerophosphates	pathway	Fatty acids	Fatty acids	Glycerophospholipids	Glycerophosphates	NPC class: Glycerophosphates / NPC pathway: Fatty acids	Glycerophosphates	5	1440	66367850.8	31199184663.6	0.00212723029513753	kruskal_wallis	0.569782824730923	0.742444286770597	ns	0.000742025519925089	0.000826697240450438
A549_180626_PET100	PET	raw	class	Glycerophosphates	Glycerophosphates	pathway	Fatty acids	Fatty acids	Glycerophospholipids	Glycerophosphates	NPC class: Glycerophosphates / NPC pathway: Fatty acids	Glycerophosphates	5	1440	140011555.4	36474343757.1	0.00383863123987654	kruskal_wallis	0.569782824730923	0.742444286770597	ns	0.000742025519925089	0.000826697240450438
A549_180626_PS05	PS	raw	class	Glycerophosphates	Glycerophosphates	pathway	Fatty acids	Fatty acids	Glycerophospholipids	Glycerophosphates	NPC class: Glycerophosphates / NPC pathway: Fatty acids	Glycerophosphates	5	1440	148159765	36381542275.7	0.00407238824229173	kruskal_wallis	0.569782824730923	0.742444286770597	ns	0.000742025519925089	0.000826697240450438
A549_180626_PS100	PS	raw	class	Glycerophosphates	Glycerophosphates	pathway	Fatty acids	Fatty acids	Glycerophospholipids	Glycerophosphates	NPC class: Glycerophosphates / NPC pathway: Fatty acids	Glycerophosphates	5	1440	140430744.7	38000221483.6	0.00369552437373573	kruskal_wallis	0.569782824730923	0.742444286770597	ns	0.000742025519925089	0.000826697240450438
A549_180626_untreated	Untreated	raw	class	Glycerophosphates	Glycerophosphates	pathway	Fatty acids	Fatty acids	Glycerophospholipids	Glycerophosphates	NPC class: Glycerophosphates / NPC pathway: Fatty acids	Glycerophosphates	5	1440	13129846.4	38180285352.2	0.000343890735202256	kruskal_wallis	0.569782824730923	0.742444286770597	ns	0.000742025519925089	0.000826697240450438
A549_210626_PET05	PET	raw	class	Glycerophosphates	Glycerophosphates	pathway	Fatty acids	Fatty acids	Glycerophospholipids	Glycerophosphates	NPC class: Glycerophosphates / NPC pathway: Fatty acids	Glycerophosphates	5	1440	107041667.2	36530109795.76	0.00293023119280151	kruskal_wallis	0.569782824730923	0.742444286770597	ns	0.000742025519925089	0.000826697240450438
A549_210626_PET100	PET	raw	class	Glycerophosphates	Glycerophosphates	pathway	Fatty acids	Fatty acids	Glycerophospholipids	Glycerophosphates	NPC class: Glycerophosphates / NPC pathway: Fatty acids	Glycerophosphates	5	1440	14684669.9	40523921542.8	0.000362370405946289	kruskal_wallis	0.569782824730923	0.742444286770597	ns	0.000742025519925089	0.000826697240450438
A549_210626_PS05	PS	raw	class	Glycerophosphates	Glycerophosphates	pathway	Fatty acids	Fatty acids	Glycerophospholipids	Glycerophosphates	NPC class: Glycerophosphates / NPC pathway: Fatty acids	Glycerophosphates	5	1440	132247251.8	34631729940.5	0.00381867299228803	kruskal_wallis	0.569782824730923	0.742444286770597	ns	0.000742025519925089	0.000826697240450438
A549_210626_PS100	PS	raw	class	Glycerophosphates	Glycerophosphates	pathway	Fatty acids	Fatty acids	Glycerophospholipids	Glycerophosphates	NPC class: Glycerophosphates / NPC pathway: Fatty acids	Glycerophosphates	5	1440	123586876.9	42962798740.1	0.00287660209586505	kruskal_wallis	0.569782824730923	0.742444286770597	ns	0.000742025519925089	0.000826697240450438
A549_210626_untreated	Untreated	raw	class	Glycerophosphates	Glycerophosphates	pathway	Fatty acids	Fatty acids	Glycerophospholipids	Glycerophosphates	NPC class: Glycerophosphates / NPC pathway: Fatty acids	Glycerophosphates	5	1440	137459385.8	37950422097.55	0.00362207791646339	kruskal_wallis	0.569782824730923	0.742444286770597	ns	0.000742025519925089	0.000826697240450438
A549_110626_PET05	PET	raw	class	Glycerophosphocholines	Glycerophosphocholines	pathway	Fatty acids	Fatty acids	Glycerophospholipids	Glycerophosphocholines	NPC class: Glycerophosphocholines / NPC pathway: Fatty acids	Glycerophosphocholines	145	1440	5303595603.6	34114366377.95	0.155465165169476	kruskal_wallis	0.349937749111155	0.698097555033196	ns	0.0241090653131684	0.0185831544826849
A549_110626_PET100	PET	raw	class	Glycerophosphocholines	Glycerophosphocholines	pathway	Fatty acids	Fatty acids	Glycerophospholipids	Glycerophosphocholines	NPC class: Glycerophosphocholines / NPC pathway: Fatty acids	Glycerophosphocholines	145	1440	6372891552.4	35458165160.66	0.179729873881646	kruskal_wallis	0.349937749111155	0.698097555033196	ns	0.0241090653131684	0.0185831544826849
A549_110626_PS05	PS	raw	class	Glycerophosphocholines	Glycerophosphocholines	pathway	Fatty acids	Fatty acids	Glycerophospholipids	Glycerophosphocholines	NPC class: Glycerophosphocholines / NPC pathway: Fatty acids	Glycerophosphocholines	145	1440	6287661223.5	34785738556.84	0.180753995296835	kruskal_wallis	0.349937749111155	0.698097555033196	ns	0.0241090653131684	0.0185831544826849
A549_110626_PS100	PS	raw	class	Glycerophosphocholines	Glycerophosphocholines	pathway	Fatty acids	Fatty acids	Glycerophospholipids	Glycerophosphocholines	NPC class: Glycerophosphocholines / NPC pathway: Fatty acids	Glycerophosphocholines	145	1440	7243497803.5	39295522102.6	0.184333924475856	kruskal_wallis	0.349937749111155	0.698097555033196	ns	0.0241090653131684	0.0185831544826849
A549_110626_untreated	Untreated	raw	class	Glycerophosphocholines	Glycerophosphocholines	pathway	Fatty acids	Fatty acids	Glycerophospholipids	Glycerophosphocholines	NPC class: Glycerophosphocholines / NPC pathway: Fatty acids	Glycerophosphocholines	145	1440	7659692083.9	40726922534.5	0.188074413857601	kruskal_wallis	0.349937749111155	0.698097555033196	ns	0.0241090653131684	0.0185831544826849
A549_180626_PET05	PET	raw	class	Glycerophosphocholines	Glycerophosphocholines	pathway	Fatty acids	Fatty acids	Glycerophospholipids	Glycerophosphocholines	NPC class: Glycerophosphocholines / NPC pathway: Fatty acids	Glycerophosphocholines	145	1440	3979045443.8	31199184663.6	0.127536840680402	kruskal_wallis	0.349937749111155	0.698097555033196	ns	0.0241090653131684	0.0185831544826849
A549_180626_PET100	PET	raw	class	Glycerophosphocholines	Glycerophosphocholines	pathway	Fatty acids	Fatty acids	Glycerophospholipids	Glycerophosphocholines	NPC class: Glycerophosphocholines / NPC pathway: Fatty acids	Glycerophosphocholines	145	1440	7227630995.5	36474343757.1	0.198156573936799	kruskal_wallis	0.349937749111155	0.698097555033196	ns	0.0241090653131684	0.0185831544826849
A549_180626_PS05	PS	raw	class	Glycerophosphocholines	Glycerophosphocholines	pathway	Fatty acids	Fatty acids	Glycerophospholipids	Glycerophosphocholines	NPC class: Glycerophosphocholines / NPC pathway: Fatty acids	Glycerophosphocholines	145	1440	8183607092.1	36381542275.7	0.224938432518459	kruskal_wallis	0.349937749111155	0.698097555033196	ns	0.0241090653131684	0.0185831544826849
A549_180626_PS100	PS	raw	class	Glycerophosphocholines	Glycerophosphocholines	pathway	Fatty acids	Fatty acids	Glycerophospholipids	Glycerophosphocholines	NPC class: Glycerophosphocholines / NPC pathway: Fatty acids	Glycerophosphocholines	145	1440	7244475306.6	38000221483.6	0.190642975850195	kruskal_wallis	0.349937749111155	0.698097555033196	ns	0.0241090653131684	0.0185831544826849
A549_180626_untreated	Untreated	raw	class	Glycerophosphocholines	Glycerophosphocholines	pathway	Fatty acids	Fatty acids	Glycerophospholipids	Glycerophosphocholines	NPC class: Glycerophosphocholines / NPC pathway: Fatty acids	Glycerophosphocholines	145	1440	8260959448.4	38180285352.2	0.216367147919286	kruskal_wallis	0.349937749111155	0.698097555033196	ns	0.0241090653131684	0.0185831544826849
A549_210626_PET05	PET	raw	class	Glycerophosphocholines	Glycerophosphocholines	pathway	Fatty acids	Fatty acids	Glycerophospholipids	Glycerophosphocholines	NPC class: Glycerophosphocholines / NPC pathway: Fatty acids	Glycerophosphocholines	145	1440	5817516602.3	36530109795.76	0.159252644868186	kruskal_wallis	0.349937749111155	0.698097555033196	ns	0.0241090653131684	0.0185831544826849
A549_210626_PET100	PET	raw	class	Glycerophosphocholines	Glycerophosphocholines	pathway	Fatty acids	Fatty acids	Glycerophospholipids	Glycerophosphocholines	NPC class: Glycerophosphocholines / NPC pathway: Fatty acids	Glycerophosphocholines	145	1440	8403637074.6	40523921542.8	0.207374724722146	kruskal_wallis	0.349937749111155	0.698097555033196	ns	0.0241090653131684	0.0185831544826849
A549_210626_PS05	PS	raw	class	Glycerophosphocholines	Glycerophosphocholines	pathway	Fatty acids	Fatty acids	Glycerophospholipids	Glycerophosphocholines	NPC class: Glycerophosphocholines / NPC pathway: Fatty acids	Glycerophosphocholines	145	1440	6831124756.1	34631729940.5	0.197250462735659	kruskal_wallis	0.349937749111155	0.698097555033196	ns	0.0241090653131684	0.0185831544826849
A549_210626_PS100	PS	raw	class	Glycerophosphocholines	Glycerophosphocholines	pathway	Fatty acids	Fatty acids	Glycerophospholipids	Glycerophosphocholines	NPC class: Glycerophosphocholines / NPC pathway: Fatty acids	Glycerophosphocholines	145	1440	6974813547.7	42962798740.1	0.162345418646806	kruskal_wallis	0.349937749111155	0.698097555033196	ns	0.0241090653131684	0.0185831544826849
A549_210626_untreated	Untreated	raw	class	Glycerophosphocholines	Glycerophosphocholines	pathway	Fatty acids	Fatty acids	Glycerophospholipids	Glycerophosphocholines	NPC class: Glycerophosphocholines / NPC pathway: Fatty acids	Glycerophosphocholines	145	1440	6893449234.1	37950422097.55	0.181643545791946	kruskal_wallis	0.349937749111155	0.698097555033196	ns	0.0241090653131684	0.0185831544826849
A549_110626_PET05	PET	raw	class	Glycerophosphoethanolamines	Glycerophosphoethanolamines	pathway	Fatty acids	Fatty acids	Glycerophospholipids	Glycerophosphoethanolamines	NPC class: Glycerophosphoethanolamines / NPC pathway: Fatty acids	Glycerophosphoethanolamines	30	1440	2213002365	34114366377.95	0.0648701001942216	kruskal_wallis	0.0866538932275246	0.385631433652025	ns	0.032629352865628	0.0360515650134074
A549_110626_PET100	PET	raw	class	Glycerophosphoethanolamines	Glycerophosphoethanolamines	pathway	Fatty acids	Fatty acids	Glycerophospholipids	Glycerophosphoethanolamines	NPC class: Glycerophosphoethanolamines / NPC pathway: Fatty acids	Glycerophosphoethanolamines	30	1440	897131016.1	35458165160.66	0.0253011122271873	kruskal_wallis	0.0866538932275246	0.385631433652025	ns	0.032629352865628	0.0360515650134074
A549_110626_PS05	PS	raw	class	Glycerophosphoethanolamines	Glycerophosphoethanolamines	pathway	Fatty acids	Fatty acids	Glycerophospholipids	Glycerophosphoethanolamines	NPC class: Glycerophosphoethanolamines / NPC pathway: Fatty acids	Glycerophosphoethanolamines	30	1440	2560216560.8	34785738556.84	0.0735996033724165	kruskal_wallis	0.0866538932275246	0.385631433652025	ns	0.032629352865628	0.0360515650134074
A549_110626_PS100	PS	raw	class	Glycerophosphoethanolamines	Glycerophosphoethanolamines	pathway	Fatty acids	Fatty acids	Glycerophospholipids	Glycerophosphoethanolamines	NPC class: Glycerophosphoethanolamines / NPC pathway: Fatty acids	Glycerophosphoethanolamines	30	1440	2607204832.7	39295522102.6	0.0663486497492673	kruskal_wallis	0.0866538932275246	0.385631433652025	ns	0.032629352865628	0.0360515650134074
A549_110626_untreated	Untreated	raw	class	Glycerophosphoethanolamines	Glycerophosphoethanolamines	pathway	Fatty acids	Fatty acids	Glycerophospholipids	Glycerophosphoethanolamines	NPC class: Glycerophosphoethanolamines / NPC pathway: Fatty acids	Glycerophosphoethanolamines	30	1440	2988437517.4	40726922534.5	0.0733774449780358	kruskal_wallis	0.0866538932275246	0.385631433652025	ns	0.032629352865628	0.0360515650134074
A549_180626_PET05	PET	raw	class	Glycerophosphoethanolamines	Glycerophosphoethanolamines	pathway	Fatty acids	Fatty acids	Glycerophospholipids	Glycerophosphoethanolamines	NPC class: Glycerophosphoethanolamines / NPC pathway: Fatty acids	Glycerophosphoethanolamines	30	1440	1831228477.5	31199184663.6	0.0586947542778735	kruskal_wallis	0.0866538932275246	0.385631433652025	ns	0.032629352865628	0.0360515650134074
A549_180626_PET100	PET	raw	class	Glycerophosphoethanolamines	Glycerophosphoethanolamines	pathway	Fatty acids	Fatty acids	Glycerophospholipids	Glycerophosphoethanolamines	NPC class: Glycerophosphoethanolamines / NPC pathway: Fatty acids	Glycerophosphoethanolamines	30	1440	2782682410.3	36474343757.1	0.0762915003716367	kruskal_wallis	0.0866538932275246	0.385631433652025	ns	0.032629352865628	0.0360515650134074
A549_180626_PS05	PS	raw	class	Glycerophosphoethanolamines	Glycerophosphoethanolamines	pathway	Fatty acids	Fatty acids	Glycerophospholipids	Glycerophosphoethanolamines	NPC class: Glycerophosphoethanolamines / NPC pathway: Fatty acids	Glycerophosphoethanolamines	30	1440	1364939148.4	36381542275.7	0.0375173525645633	kruskal_wallis	0.0866538932275246	0.385631433652025	ns	0.032629352865628	0.0360515650134074
A549_180626_PS100	PS	raw	class	Glycerophosphoethanolamines	Glycerophosphoethanolamines	pathway	Fatty acids	Fatty acids	Glycerophospholipids	Glycerophosphoethanolamines	NPC class: Glycerophosphoethanolamines / NPC pathway: Fatty acids	Glycerophosphoethanolamines	30	1440	1112738195.3	38000221483.6	0.0292824134138332	kruskal_wallis	0.0866538932275246	0.385631433652025	ns	0.032629352865628	0.0360515650134074
A549_180626_untreated	Untreated	raw	class	Glycerophosphoethanolamines	Glycerophosphoethanolamines	pathway	Fatty acids	Fatty acids	Glycerophospholipids	Glycerophosphoethanolamines	NPC class: Glycerophosphoethanolamines / NPC pathway: Fatty acids	Glycerophosphoethanolamines	30	1440	3248106240.8	38180285352.2	0.0850728644596901	kruskal_wallis	0.0866538932275246	0.385631433652025	ns	0.032629352865628	0.0360515650134074
A549_210626_PET05	PET	raw	class	Glycerophosphoethanolamines	Glycerophosphoethanolamines	pathway	Fatty acids	Fatty acids	Glycerophospholipids	Glycerophosphoethanolamines	NPC class: Glycerophosphoethanolamines / NPC pathway: Fatty acids	Glycerophosphoethanolamines	30	1440	2554165174.8	36530109795.76	0.0699194497109466	kruskal_wallis	0.0866538932275246	0.385631433652025	ns	0.032629352865628	0.0360515650134074
A549_210626_PET100	PET	raw	class	Glycerophosphoethanolamines	Glycerophosphoethanolamines	pathway	Fatty acids	Fatty acids	Glycerophospholipids	Glycerophosphoethanolamines	NPC class: Glycerophosphoethanolamines / NPC pathway: Fatty acids	Glycerophosphoethanolamines	30	1440	1184629392	40523921542.8	0.0292328419091631	kruskal_wallis	0.0866538932275246	0.385631433652025	ns	0.032629352865628	0.0360515650134074
A549_210626_PS05	PS	raw	class	Glycerophosphoethanolamines	Glycerophosphoethanolamines	pathway	Fatty acids	Fatty acids	Glycerophospholipids	Glycerophosphoethanolamines	NPC class: Glycerophosphoethanolamines / NPC pathway: Fatty acids	Glycerophosphoethanolamines	30	1440	1380142434.5	34631729940.5	0.0398519634124888	kruskal_wallis	0.0866538932275246	0.385631433652025	ns	0.032629352865628	0.0360515650134074
A549_210626_PS100	PS	raw	class	Glycerophosphoethanolamines	Glycerophosphoethanolamines	pathway	Fatty acids	Fatty acids	Glycerophospholipids	Glycerophosphoethanolamines	NPC class: Glycerophosphoethanolamines / NPC pathway: Fatty acids	Glycerophosphoethanolamines	30	1440	1030976785.1	42962798740.1	0.0239969651729817	kruskal_wallis	0.0866538932275246	0.385631433652025	ns	0.032629352865628	0.0360515650134074
A549_210626_untreated	Untreated	raw	class	Glycerophosphoethanolamines	Glycerophosphoethanolamines	pathway	Fatty acids	Fatty acids	Glycerophospholipids	Glycerophosphoethanolamines	NPC class: Glycerophosphoethanolamines / NPC pathway: Fatty acids	Glycerophosphoethanolamines	30	1440	2836271208.9	37950422097.55	0.0747362230019335	kruskal_wallis	0.0866538932275246	0.385631433652025	ns	0.032629352865628	0.0360515650134074
A549_110626_PET05	PET	raw	class	Glycerophosphoinositols	Glycerophosphoinositols	pathway	Fatty acids	Fatty acids	Glycerophospholipids	Glycerophosphoinositols	NPC class: Glycerophosphoinositols / NPC pathway: Fatty acids	Glycerophosphoinositols	3	1440	11248212.7	34114366377.95	0.000329720698176893	kruskal_wallis	0.664757256135293	0.81670177182336	ns	3.61759475366708e-05	4.71181021943962e-05
A549_110626_PET100	PET	raw	class	Glycerophosphoinositols	Glycerophosphoinositols	pathway	Fatty acids	Fatty acids	Glycerophospholipids	Glycerophosphoinositols	NPC class: Glycerophosphoinositols / NPC pathway: Fatty acids	Glycerophosphoinositols	3	1440	12116666.5	35458165160.66	0.000341717244676923	kruskal_wallis	0.664757256135293	0.81670177182336	ns	3.61759475366708e-05	4.71181021943962e-05
A549_110626_PS05	PS	raw	class	Glycerophosphoinositols	Glycerophosphoinositols	pathway	Fatty acids	Fatty acids	Glycerophospholipids	Glycerophosphoinositols	NPC class: Glycerophosphoinositols / NPC pathway: Fatty acids	Glycerophosphoinositols	3	1440	10731619.7	34785738556.84	0.000308506305895001	kruskal_wallis	0.664757256135293	0.81670177182336	ns	3.61759475366708e-05	4.71181021943962e-05
A549_110626_PS100	PS	raw	class	Glycerophosphoinositols	Glycerophosphoinositols	pathway	Fatty acids	Fatty acids	Glycerophospholipids	Glycerophosphoinositols	NPC class: Glycerophosphoinositols / NPC pathway: Fatty acids	Glycerophosphoinositols	3	1440	12231732	39295522102.6	0.000311275467165524	kruskal_wallis	0.664757256135293	0.81670177182336	ns	3.61759475366708e-05	4.71181021943962e-05
A549_110626_untreated	Untreated	raw	class	Glycerophosphoinositols	Glycerophosphoinositols	pathway	Fatty acids	Fatty acids	Glycerophospholipids	Glycerophosphoinositols	NPC class: Glycerophosphoinositols / NPC pathway: Fatty acids	Glycerophosphoinositols	3	1440	15237357.5	40726922534.5	0.000374134762750423	kruskal_wallis	0.664757256135293	0.81670177182336	ns	3.61759475366708e-05	4.71181021943962e-05
A549_180626_PET05	PET	raw	class	Glycerophosphoinositols	Glycerophosphoinositols	pathway	Fatty acids	Fatty acids	Glycerophospholipids	Glycerophosphoinositols	NPC class: Glycerophosphoinositols / NPC pathway: Fatty acids	Glycerophosphoinositols	3	1440	8094187.9	31199184663.6	0.000259435879087041	kruskal_wallis	0.664757256135293	0.81670177182336	ns	3.61759475366708e-05	4.71181021943962e-05
A549_180626_PET100	PET	raw	class	Glycerophosphoinositols	Glycerophosphoinositols	pathway	Fatty acids	Fatty acids	Glycerophospholipids	Glycerophosphoinositols	NPC class: Glycerophosphoinositols / NPC pathway: Fatty acids	Glycerophosphoinositols	3	1440	12909401.3	36474343757.1	0.000353931009313556	kruskal_wallis	0.664757256135293	0.81670177182336	ns	3.61759475366708e-05	4.71181021943962e-05
A549_180626_PS05	PS	raw	class	Glycerophosphoinositols	Glycerophosphoinositols	pathway	Fatty acids	Fatty acids	Glycerophospholipids	Glycerophosphoinositols	NPC class: Glycerophosphoinositols / NPC pathway: Fatty acids	Glycerophosphoinositols	3	1440	14600346.7	36381542275.7	0.000401311923209805	kruskal_wallis	0.664757256135293	0.81670177182336	ns	3.61759475366708e-05	4.71181021943962e-05
A549_180626_PS100	PS	raw	class	Glycerophosphoinositols	Glycerophosphoinositols	pathway	Fatty acids	Fatty acids	Glycerophospholipids	Glycerophosphoinositols	NPC class: Glycerophosphoinositols / NPC pathway: Fatty acids	Glycerophosphoinositols	3	1440	12830474.5	38000221483.6	0.000337642097837175	kruskal_wallis	0.664757256135293	0.81670177182336	ns	3.61759475366708e-05	4.71181021943962e-05
A549_180626_untreated	Untreated	raw	class	Glycerophosphoinositols	Glycerophosphoinositols	pathway	Fatty acids	Fatty acids	Glycerophospholipids	Glycerophosphoinositols	NPC class: Glycerophosphoinositols / NPC pathway: Fatty acids	Glycerophosphoinositols	3	1440	14493176.8	38180285352.2	0.000379598441088259	kruskal_wallis	0.664757256135293	0.81670177182336	ns	3.61759475366708e-05	4.71181021943962e-05
A549_210626_PET05	PET	raw	class	Glycerophosphoinositols	Glycerophosphoinositols	pathway	Fatty acids	Fatty acids	Glycerophospholipids	Glycerophosphoinositols	NPC class: Glycerophosphoinositols / NPC pathway: Fatty acids	Glycerophosphoinositols	3	1440	9412902.5	36530109795.76	0.000257675176796007	kruskal_wallis	0.664757256135293	0.81670177182336	ns	3.61759475366708e-05	4.71181021943962e-05
A549_210626_PET100	PET	raw	class	Glycerophosphoinositols	Glycerophosphoinositols	pathway	Fatty acids	Fatty acids	Glycerophospholipids	Glycerophosphoinositols	NPC class: Glycerophosphoinositols / NPC pathway: Fatty acids	Glycerophosphoinositols	3	1440	13909338.5	40523921542.8	0.000343237721584014	kruskal_wallis	0.664757256135293	0.81670177182336	ns	3.61759475366708e-05	4.71181021943962e-05
A549_210626_PS05	PS	raw	class	Glycerophosphoinositols	Glycerophosphoinositols	pathway	Fatty acids	Fatty acids	Glycerophospholipids	Glycerophosphoinositols	NPC class: Glycerophosphoinositols / NPC pathway: Fatty acids	Glycerophosphoinositols	3	1440	10957175.4	34631729940.5	0.000316391223274878	kruskal_wallis	0.664757256135293	0.81670177182336	ns	3.61759475366708e-05	4.71181021943962e-05
A549_210626_PS100	PS	raw	class	Glycerophosphoinositols	Glycerophosphoinositols	pathway	Fatty acids	Fatty acids	Glycerophospholipids	Glycerophosphoinositols	NPC class: Glycerophosphoinositols / NPC pathway: Fatty acids	Glycerophosphoinositols	3	1440	14657704.4	42962798740.1	0.000341172009967754	kruskal_wallis	0.664757256135293	0.81670177182336	ns	3.61759475366708e-05	4.71181021943962e-05
A549_210626_untreated	Untreated	raw	class	Glycerophosphoinositols	Glycerophosphoinositols	pathway	Fatty acids	Fatty acids	Glycerophospholipids	Glycerophosphoinositols	NPC class: Glycerophosphoinositols / NPC pathway: Fatty acids	Glycerophosphoinositols	3	1440	11296076.1	37950422097.55	0.000297653503588548	kruskal_wallis	0.664757256135293	0.81670177182336	ns	3.61759475366708e-05	4.71181021943962e-05
A549_110626_PET05	PET	raw	class	Glycerophosphoserines	Glycerophosphoserines	pathway	Fatty acids	Fatty acids	Glycerophospholipids	Glycerophosphoserines	NPC class: Glycerophosphoserines / NPC pathway: Fatty acids	Glycerophosphoserines	6	1440	25307172	34114366377.95	0.000741833271051384	kruskal_wallis	0.589095678253264	0.756152661638517	ns	0.000108319982058681	6.12552618677593e-05
A549_110626_PET100	PET	raw	class	Glycerophosphoserines	Glycerophosphoserines	pathway	Fatty acids	Fatty acids	Glycerophospholipids	Glycerophosphoserines	NPC class: Glycerophosphoserines / NPC pathway: Fatty acids	Glycerophosphoserines	6	1440	28446516.2	35458165160.66	0.000802255730693046	kruskal_wallis	0.589095678253264	0.756152661638517	ns	0.000108319982058681	6.12552618677593e-05
A549_110626_PS05	PS	raw	class	Glycerophosphoserines	Glycerophosphoserines	pathway	Fatty acids	Fatty acids	Glycerophospholipids	Glycerophosphoserines	NPC class: Glycerophosphoserines / NPC pathway: Fatty acids	Glycerophosphoserines	6	1440	30520481.8	34785738556.84	0.000877384901577681	kruskal_wallis	0.589095678253264	0.756152661638517	ns	0.000108319982058681	6.12552618677593e-05
A549_110626_PS100	PS	raw	class	Glycerophosphoserines	Glycerophosphoserines	pathway	Fatty acids	Fatty acids	Glycerophospholipids	Glycerophosphoserines	NPC class: Glycerophosphoserines / NPC pathway: Fatty acids	Glycerophosphoserines	6	1440	27588037.5	39295522102.6	0.000702065681376317	kruskal_wallis	0.589095678253264	0.756152661638517	ns	0.000108319982058681	6.12552618677593e-05
A549_110626_untreated	Untreated	raw	class	Glycerophosphoserines	Glycerophosphoserines	pathway	Fatty acids	Fatty acids	Glycerophospholipids	Glycerophosphoserines	NPC class: Glycerophosphoserines / NPC pathway: Fatty acids	Glycerophosphoserines	6	1440	32626355.7	40726922534.5	0.00080110044338268	kruskal_wallis	0.589095678253264	0.756152661638517	ns	0.000108319982058681	6.12552618677593e-05
A549_180626_PET05	PET	raw	class	Glycerophosphoserines	Glycerophosphoserines	pathway	Fatty acids	Fatty acids	Glycerophospholipids	Glycerophosphoserines	NPC class: Glycerophosphoserines / NPC pathway: Fatty acids	Glycerophosphoserines	6	1440	21869718.5	31199184663.6	0.000700970834199887	kruskal_wallis	0.589095678253264	0.756152661638517	ns	0.000108319982058681	6.12552618677593e-05
A549_180626_PET100	PET	raw	class	Glycerophosphoserines	Glycerophosphoserines	pathway	Fatty acids	Fatty acids	Glycerophospholipids	Glycerophosphoserines	NPC class: Glycerophosphoserines / NPC pathway: Fatty acids	Glycerophosphoserines	6	1440	34376736.5	36474343757.1	0.000942490884248145	kruskal_wallis	0.589095678253264	0.756152661638517	ns	0.000108319982058681	6.12552618677593e-05
A549_180626_PS05	PS	raw	class	Glycerophosphoserines	Glycerophosphoserines	pathway	Fatty acids	Fatty acids	Glycerophospholipids	Glycerophosphoserines	NPC class: Glycerophosphoserines / NPC pathway: Fatty acids	Glycerophosphoserines	6	1440	33429829.4	36381542275.7	0.000918867846411462	kruskal_wallis	0.589095678253264	0.756152661638517	ns	0.000108319982058681	6.12552618677593e-05
A549_180626_PS100	PS	raw	class	Glycerophosphoserines	Glycerophosphoserines	pathway	Fatty acids	Fatty acids	Glycerophospholipids	Glycerophosphoserines	NPC class: Glycerophosphoserines / NPC pathway: Fatty acids	Glycerophosphoserines	6	1440	30104695.6	38000221483.6	0.000792224214087607	kruskal_wallis	0.589095678253264	0.756152661638517	ns	0.000108319982058681	6.12552618677593e-05
A549_180626_untreated	Untreated	raw	class	Glycerophosphoserines	Glycerophosphoserines	pathway	Fatty acids	Fatty acids	Glycerophospholipids	Glycerophosphoserines	NPC class: Glycerophosphoserines / NPC pathway: Fatty acids	Glycerophosphoserines	6	1440	33263557.7	38180285352.2	0.000871223391683826	kruskal_wallis	0.589095678253264	0.756152661638517	ns	0.000108319982058681	6.12552618677593e-05
A549_210626_PET05	PET	raw	class	Glycerophosphoserines	Glycerophosphoserines	pathway	Fatty acids	Fatty acids	Glycerophospholipids	Glycerophosphoserines	NPC class: Glycerophosphoserines / NPC pathway: Fatty acids	Glycerophosphoserines	6	1440	29869959.5	36530109795.76	0.000817680528939088	kruskal_wallis	0.589095678253264	0.756152661638517	ns	0.000108319982058681	6.12552618677593e-05
A549_210626_PET100	PET	raw	class	Glycerophosphoserines	Glycerophosphoserines	pathway	Fatty acids	Fatty acids	Glycerophospholipids	Glycerophosphoserines	NPC class: Glycerophosphoserines / NPC pathway: Fatty acids	Glycerophosphoserines	6	1440	35024000.7	40523921542.8	0.000864279649317967	kruskal_wallis	0.589095678253264	0.756152661638517	ns	0.000108319982058681	6.12552618677593e-05
A549_210626_PS05	PS	raw	class	Glycerophosphoserines	Glycerophosphoserines	pathway	Fatty acids	Fatty acids	Glycerophospholipids	Glycerophosphoserines	NPC class: Glycerophosphoserines / NPC pathway: Fatty acids	Glycerophosphoserines	6	1440	30838549.4	34631729940.5	0.000890470948259963	kruskal_wallis	0.589095678253264	0.756152661638517	ns	0.000108319982058681	6.12552618677593e-05
A549_210626_PS100	PS	raw	class	Glycerophosphoserines	Glycerophosphoserines	pathway	Fatty acids	Fatty acids	Glycerophospholipids	Glycerophosphoserines	NPC class: Glycerophosphoserines / NPC pathway: Fatty acids	Glycerophosphoserines	6	1440	30736360.7	42962798740.1	0.000715418026789575	kruskal_wallis	0.589095678253264	0.756152661638517	ns	0.000108319982058681	6.12552618677593e-05
A549_210626_untreated	Untreated	raw	class	Glycerophosphoserines	Glycerophosphoserines	pathway	Fatty acids	Fatty acids	Glycerophospholipids	Glycerophosphoserines	NPC class: Glycerophosphoserines / NPC pathway: Fatty acids	Glycerophosphoserines	6	1440	41266968.7	37950422097.55	0.00108739156033429	kruskal_wallis	0.589095678253264	0.756152661638517	ns	0.000108319982058681	6.12552618677593e-05
A549_110626_PET05	PET	raw	class	Hydrocarbons	Hydrocarbons	pathway	Fatty acids	Fatty acids	Fatty acyls	Hydrocarbons	NPC class: Hydrocarbons / NPC pathway: Fatty acids	Hydrocarbons	4	1440	87923968.6	34114366377.95	0.00257732966885265	kruskal_wallis	0.664757256135293	0.81670177182336	ns	6.12533710806821e-05	0.000167868023551104
A549_110626_PET100	PET	raw	class	Hydrocarbons	Hydrocarbons	pathway	Fatty acids	Fatty acids	Fatty acyls	Hydrocarbons	NPC class: Hydrocarbons / NPC pathway: Fatty acids	Hydrocarbons	4	1440	100392076.6	35458165160.66	0.00283128233356481	kruskal_wallis	0.664757256135293	0.81670177182336	ns	6.12533710806821e-05	0.000167868023551104
A549_110626_PS05	PS	raw	class	Hydrocarbons	Hydrocarbons	pathway	Fatty acids	Fatty acids	Fatty acyls	Hydrocarbons	NPC class: Hydrocarbons / NPC pathway: Fatty acids	Hydrocarbons	4	1440	87489883.6	34785738556.84	0.00251510783527109	kruskal_wallis	0.664757256135293	0.81670177182336	ns	6.12533710806821e-05	0.000167868023551104
A549_110626_PS100	PS	raw	class	Hydrocarbons	Hydrocarbons	pathway	Fatty acids	Fatty acids	Fatty acyls	Hydrocarbons	NPC class: Hydrocarbons / NPC pathway: Fatty acids	Hydrocarbons	4	1440	95928662.6	39295522102.6	0.00244121104561308	kruskal_wallis	0.664757256135293	0.81670177182336	ns	6.12533710806821e-05	0.000167868023551104
A549_110626_untreated	Untreated	raw	class	Hydrocarbons	Hydrocarbons	pathway	Fatty acids	Fatty acids	Fatty acyls	Hydrocarbons	NPC class: Hydrocarbons / NPC pathway: Fatty acids	Hydrocarbons	4	1440	104582692.6	40726922534.5	0.00256790069299755	kruskal_wallis	0.664757256135293	0.81670177182336	ns	6.12533710806821e-05	0.000167868023551104
A549_180626_PET05	PET	raw	class	Hydrocarbons	Hydrocarbons	pathway	Fatty acids	Fatty acids	Fatty acyls	Hydrocarbons	NPC class: Hydrocarbons / NPC pathway: Fatty acids	Hydrocarbons	4	1440	66884361.6	31199184663.6	0.00214378556110262	kruskal_wallis	0.664757256135293	0.81670177182336	ns	6.12533710806821e-05	0.000167868023551104
A549_180626_PET100	PET	raw	class	Hydrocarbons	Hydrocarbons	pathway	Fatty acids	Fatty acids	Fatty acyls	Hydrocarbons	NPC class: Hydrocarbons / NPC pathway: Fatty acids	Hydrocarbons	4	1440	94449705.6	36474343757.1	0.00258948334283916	kruskal_wallis	0.664757256135293	0.81670177182336	ns	6.12533710806821e-05	0.000167868023551104
A549_180626_PS05	PS	raw	class	Hydrocarbons	Hydrocarbons	pathway	Fatty acids	Fatty acids	Fatty acyls	Hydrocarbons	NPC class: Hydrocarbons / NPC pathway: Fatty acids	Hydrocarbons	4	1440	99704891.6	36381542275.7	0.00274053504506308	kruskal_wallis	0.664757256135293	0.81670177182336	ns	6.12533710806821e-05	0.000167868023551104
A549_180626_PS100	PS	raw	class	Hydrocarbons	Hydrocarbons	pathway	Fatty acids	Fatty acids	Fatty acyls	Hydrocarbons	NPC class: Hydrocarbons / NPC pathway: Fatty acids	Hydrocarbons	4	1440	90376069.6	38000221483.6	0.00237830375907162	kruskal_wallis	0.664757256135293	0.81670177182336	ns	6.12533710806821e-05	0.000167868023551104
A549_180626_untreated	Untreated	raw	class	Hydrocarbons	Hydrocarbons	pathway	Fatty acids	Fatty acids	Fatty acyls	Hydrocarbons	NPC class: Hydrocarbons / NPC pathway: Fatty acids	Hydrocarbons	4	1440	101685061.6	38180285352.2	0.00266328710385452	kruskal_wallis	0.664757256135293	0.81670177182336	ns	6.12533710806821e-05	0.000167868023551104
A549_210626_PET05	PET	raw	class	Hydrocarbons	Hydrocarbons	pathway	Fatty acids	Fatty acids	Fatty acyls	Hydrocarbons	NPC class: Hydrocarbons / NPC pathway: Fatty acids	Hydrocarbons	4	1440	77095579.6	36530109795.76	0.00211046668162351	kruskal_wallis	0.664757256135293	0.81670177182336	ns	6.12533710806821e-05	0.000167868023551104
A549_210626_PET100	PET	raw	class	Hydrocarbons	Hydrocarbons	pathway	Fatty acids	Fatty acids	Fatty acyls	Hydrocarbons	NPC class: Hydrocarbons / NPC pathway: Fatty acids	Hydrocarbons	4	1440	107048778.6	40523921542.8	0.00264161943179509	kruskal_wallis	0.664757256135293	0.81670177182336	ns	6.12533710806821e-05	0.000167868023551104
A549_210626_PS05	PS	raw	class	Hydrocarbons	Hydrocarbons	pathway	Fatty acids	Fatty acids	Fatty acyls	Hydrocarbons	NPC class: Hydrocarbons / NPC pathway: Fatty acids	Hydrocarbons	4	1440	82765191.1	34631729940.5	0.00238986591897653	kruskal_wallis	0.664757256135293	0.81670177182336	ns	6.12533710806821e-05	0.000167868023551104
A549_210626_PS100	PS	raw	class	Hydrocarbons	Hydrocarbons	pathway	Fatty acids	Fatty acids	Fatty acyls	Hydrocarbons	NPC class: Hydrocarbons / NPC pathway: Fatty acids	Hydrocarbons	4	1440	88564509.6	42962798740.1	0.00206142318929835	kruskal_wallis	0.664757256135293	0.81670177182336	ns	6.12533710806821e-05	0.000167868023551104
A549_210626_untreated	Untreated	raw	class	Hydrocarbons	Hydrocarbons	pathway	Fatty acids	Fatty acids	Fatty acyls	Hydrocarbons	NPC class: Hydrocarbons / NPC pathway: Fatty acids	Hydrocarbons	4	1440	78310996.6	37950422097.55	0.00206350792090546	kruskal_wallis	0.664757256135293	0.81670177182336	ns	6.12533710806821e-05	0.000167868023551104
A549_110626_PET05	PET	raw	class	Hydroxy fatty acids	Hydroxy fatty acids	pathway	Fatty acids	Fatty acids	Fatty Acids and Conjugates	Hydroxy fatty acids	NPC class: Hydroxy fatty acids / NPC pathway: Fatty acids	Hydroxy fatty acids	5	1440	6170355.4	34114366377.95	0.000180872636813452	kruskal_wallis	0.0564161395037774	0.385631433652025	ns	0.000436500442413896	0.000308930838219559
A549_110626_PET100	PET	raw	class	Hydroxy fatty acids	Hydroxy fatty acids	pathway	Fatty acids	Fatty acids	Fatty Acids and Conjugates	Hydroxy fatty acids	NPC class: Hydroxy fatty acids / NPC pathway: Fatty acids	Hydroxy fatty acids	5	1440	21067388	35458165160.66	0.000594147720406406	kruskal_wallis	0.0564161395037774	0.385631433652025	ns	0.000436500442413896	0.000308930838219559
A549_110626_PS05	PS	raw	class	Hydroxy fatty acids	Hydroxy fatty acids	pathway	Fatty acids	Fatty acids	Fatty Acids and Conjugates	Hydroxy fatty acids	NPC class: Hydroxy fatty acids / NPC pathway: Fatty acids	Hydroxy fatty acids	5	1440	11754055.1	34785738556.84	0.000337898678816143	kruskal_wallis	0.0564161395037774	0.385631433652025	ns	0.000436500442413896	0.000308930838219559
A549_110626_PS100	PS	raw	class	Hydroxy fatty acids	Hydroxy fatty acids	pathway	Fatty acids	Fatty acids	Fatty Acids and Conjugates	Hydroxy fatty acids	NPC class: Hydroxy fatty acids / NPC pathway: Fatty acids	Hydroxy fatty acids	5	1440	6985440.5	39295522102.6	0.000177766832611643	kruskal_wallis	0.0564161395037774	0.385631433652025	ns	0.000436500442413896	0.000308930838219559
A549_110626_untreated	Untreated	raw	class	Hydroxy fatty acids	Hydroxy fatty acids	pathway	Fatty acids	Fatty acids	Fatty Acids and Conjugates	Hydroxy fatty acids	NPC class: Hydroxy fatty acids / NPC pathway: Fatty acids	Hydroxy fatty acids	5	1440	24479027.7	40726922534.5	0.000601052723275707	kruskal_wallis	0.0564161395037774	0.385631433652025	ns	0.000436500442413896	0.000308930838219559
A549_180626_PET05	PET	raw	class	Hydroxy fatty acids	Hydroxy fatty acids	pathway	Fatty acids	Fatty acids	Fatty Acids and Conjugates	Hydroxy fatty acids	NPC class: Hydroxy fatty acids / NPC pathway: Fatty acids	Hydroxy fatty acids	5	1440	7455191.1	31199184663.6	0.000238954677193791	kruskal_wallis	0.0564161395037774	0.385631433652025	ns	0.000436500442413896	0.000308930838219559
A549_180626_PET100	PET	raw	class	Hydroxy fatty acids	Hydroxy fatty acids	pathway	Fatty acids	Fatty acids	Fatty Acids and Conjugates	Hydroxy fatty acids	NPC class: Hydroxy fatty acids / NPC pathway: Fatty acids	Hydroxy fatty acids	5	1440	13536745	36474343757.1	0.000371130597719526	kruskal_wallis	0.0564161395037774	0.385631433652025	ns	0.000436500442413896	0.000308930838219559
A549_180626_PS05	PS	raw	class	Hydroxy fatty acids	Hydroxy fatty acids	pathway	Fatty acids	Fatty acids	Fatty Acids and Conjugates	Hydroxy fatty acids	NPC class: Hydroxy fatty acids / NPC pathway: Fatty acids	Hydroxy fatty acids	5	1440	14114572.2	36381542275.7	0.000387959699262871	kruskal_wallis	0.0564161395037774	0.385631433652025	ns	0.000436500442413896	0.000308930838219559
A549_180626_PS100	PS	raw	class	Hydroxy fatty acids	Hydroxy fatty acids	pathway	Fatty acids	Fatty acids	Fatty Acids and Conjugates	Hydroxy fatty acids	NPC class: Hydroxy fatty acids / NPC pathway: Fatty acids	Hydroxy fatty acids	5	1440	15401144.8	38000221483.6	0.000405290921965988	kruskal_wallis	0.0564161395037774	0.385631433652025	ns	0.000436500442413896	0.000308930838219559
A549_180626_untreated	Untreated	raw	class	Hydroxy fatty acids	Hydroxy fatty acids	pathway	Fatty acids	Fatty acids	Fatty Acids and Conjugates	Hydroxy fatty acids	NPC class: Hydroxy fatty acids / NPC pathway: Fatty acids	Hydroxy fatty acids	5	1440	23441682.5	38180285352.2	0.000613973475676217	kruskal_wallis	0.0564161395037774	0.385631433652025	ns	0.000436500442413896	0.000308930838219559
A549_210626_PET05	PET	raw	class	Hydroxy fatty acids	Hydroxy fatty acids	pathway	Fatty acids	Fatty acids	Fatty Acids and Conjugates	Hydroxy fatty acids	NPC class: Hydroxy fatty acids / NPC pathway: Fatty acids	Hydroxy fatty acids	5	1440	22859051.3	36530109795.76	0.000625759173126088	kruskal_wallis	0.0564161395037774	0.385631433652025	ns	0.000436500442413896	0.000308930838219559
A549_210626_PET100	PET	raw	class	Hydroxy fatty acids	Hydroxy fatty acids	pathway	Fatty acids	Fatty acids	Fatty Acids and Conjugates	Hydroxy fatty acids	NPC class: Hydroxy fatty acids / NPC pathway: Fatty acids	Hydroxy fatty acids	5	1440	7881571	40523921542.8	0.000194491813722316	kruskal_wallis	0.0564161395037774	0.385631433652025	ns	0.000436500442413896	0.000308930838219559
A549_210626_PS05	PS	raw	class	Hydroxy fatty acids	Hydroxy fatty acids	pathway	Fatty acids	Fatty acids	Fatty Acids and Conjugates	Hydroxy fatty acids	NPC class: Hydroxy fatty acids / NPC pathway: Fatty acids	Hydroxy fatty acids	5	1440	6079926.6	34631729940.5	0.000175559425141215	kruskal_wallis	0.0564161395037774	0.385631433652025	ns	0.000436500442413896	0.000308930838219559
A549_210626_PS100	PS	raw	class	Hydroxy fatty acids	Hydroxy fatty acids	pathway	Fatty acids	Fatty acids	Fatty Acids and Conjugates	Hydroxy fatty acids	NPC class: Hydroxy fatty acids / NPC pathway: Fatty acids	Hydroxy fatty acids	5	1440	13031152.3	42962798740.1	0.000303312462924748	kruskal_wallis	0.0564161395037774	0.385631433652025	ns	0.000436500442413896	0.000308930838219559
A549_210626_untreated	Untreated	raw	class	Hydroxy fatty acids	Hydroxy fatty acids	pathway	Fatty acids	Fatty acids	Fatty Acids and Conjugates	Hydroxy fatty acids	NPC class: Hydroxy fatty acids / NPC pathway: Fatty acids	Hydroxy fatty acids	5	1440	37509026	37950422097.55	0.000988369138651069	kruskal_wallis	0.0564161395037774	0.385631433652025	ns	0.000436500442413896	0.000308930838219559
A549_110626_PET05	PET	raw	class	Imidazole alkaloids	Imidazole alkaloids	pathway	Alkaloids	Alkaloids	Histidine alkaloids	Imidazole alkaloids	NPC class: Imidazole alkaloids / NPC pathway: Alkaloids	Imidazole alkaloids	1	93	1013873.6	787230408.2	0.00128789943762236	kruskal_wallis	0.0407622039783662	0.35055495421395	ns	0.000582555758234312	0.000548871716485983
A549_110626_PET100	PET	raw	class	Imidazole alkaloids	Imidazole alkaloids	pathway	Alkaloids	Alkaloids	Histidine alkaloids	Imidazole alkaloids	NPC class: Imidazole alkaloids / NPC pathway: Alkaloids	Imidazole alkaloids	1	93	1013873.6	1433301569.5	0.000707369350299173	kruskal_wallis	0.0407622039783662	0.35055495421395	ns	0.000582555758234312	0.000548871716485983
A549_110626_PS05	PS	raw	class	Imidazole alkaloids	Imidazole alkaloids	pathway	Alkaloids	Alkaloids	Histidine alkaloids	Imidazole alkaloids	NPC class: Imidazole alkaloids / NPC pathway: Alkaloids	Imidazole alkaloids	1	93	1013873.6	779730417.2	0.00130028735269916	kruskal_wallis	0.0407622039783662	0.35055495421395	ns	0.000582555758234312	0.000548871716485983
A549_110626_PS100	PS	raw	class	Imidazole alkaloids	Imidazole alkaloids	pathway	Alkaloids	Alkaloids	Histidine alkaloids	Imidazole alkaloids	NPC class: Imidazole alkaloids / NPC pathway: Alkaloids	Imidazole alkaloids	1	93	1013873.6	752687730.9	0.0013470042866086	kruskal_wallis	0.0407622039783662	0.35055495421395	ns	0.000582555758234312	0.000548871716485983
A549_110626_untreated	Untreated	raw	class	Imidazole alkaloids	Imidazole alkaloids	pathway	Alkaloids	Alkaloids	Histidine alkaloids	Imidazole alkaloids	NPC class: Imidazole alkaloids / NPC pathway: Alkaloids	Imidazole alkaloids	1	93	1013873.6	1753754950	0.00057811588785537	kruskal_wallis	0.0407622039783662	0.35055495421395	ns	0.000582555758234312	0.000548871716485983
A549_180626_PET05	PET	raw	class	Imidazole alkaloids	Imidazole alkaloids	pathway	Alkaloids	Alkaloids	Histidine alkaloids	Imidazole alkaloids	NPC class: Imidazole alkaloids / NPC pathway: Alkaloids	Imidazole alkaloids	1	93	1013873.6	883056375.3	0.00114814141923335	kruskal_wallis	0.0407622039783662	0.35055495421395	ns	0.000582555758234312	0.000548871716485983
A549_180626_PET100	PET	raw	class	Imidazole alkaloids	Imidazole alkaloids	pathway	Alkaloids	Alkaloids	Histidine alkaloids	Imidazole alkaloids	NPC class: Imidazole alkaloids / NPC pathway: Alkaloids	Imidazole alkaloids	1	93	1013873.6	1263477831.1	0.000802446687265821	kruskal_wallis	0.0407622039783662	0.35055495421395	ns	0.000582555758234312	0.000548871716485983
A549_180626_PS05	PS	raw	class	Imidazole alkaloids	Imidazole alkaloids	pathway	Alkaloids	Alkaloids	Histidine alkaloids	Imidazole alkaloids	NPC class: Imidazole alkaloids / NPC pathway: Alkaloids	Imidazole alkaloids	1	93	1013873.6	1322990069.2	0.000766350121292354	kruskal_wallis	0.0407622039783662	0.35055495421395	ns	0.000582555758234312	0.000548871716485983
A549_180626_PS100	PS	raw	class	Imidazole alkaloids	Imidazole alkaloids	pathway	Alkaloids	Alkaloids	Histidine alkaloids	Imidazole alkaloids	NPC class: Imidazole alkaloids / NPC pathway: Alkaloids	Imidazole alkaloids	1	93	1013873.6	1230921284.8	0.000823670540529108	kruskal_wallis	0.0407622039783662	0.35055495421395	ns	0.000582555758234312	0.000548871716485983
A549_180626_untreated	Untreated	raw	class	Imidazole alkaloids	Imidazole alkaloids	pathway	Alkaloids	Alkaloids	Histidine alkaloids	Imidazole alkaloids	NPC class: Imidazole alkaloids / NPC pathway: Alkaloids	Imidazole alkaloids	1	93	1013873.6	2350512715	0.000431341465855461	kruskal_wallis	0.0407622039783662	0.35055495421395	ns	0.000582555758234312	0.000548871716485983
A549_210626_PET05	PET	raw	class	Imidazole alkaloids	Imidazole alkaloids	pathway	Alkaloids	Alkaloids	Histidine alkaloids	Imidazole alkaloids	NPC class: Imidazole alkaloids / NPC pathway: Alkaloids	Imidazole alkaloids	1	93	1013873.6	1534368662.9	0.000660775747390298	kruskal_wallis	0.0407622039783662	0.35055495421395	ns	0.000582555758234312	0.000548871716485983
A549_210626_PET100	PET	raw	class	Imidazole alkaloids	Imidazole alkaloids	pathway	Alkaloids	Alkaloids	Histidine alkaloids	Imidazole alkaloids	NPC class: Imidazole alkaloids / NPC pathway: Alkaloids	Imidazole alkaloids	1	93	1013873.6	778473199.3	0.00130238728951963	kruskal_wallis	0.0407622039783662	0.35055495421395	ns	0.000582555758234312	0.000548871716485983
A549_210626_PS05	PS	raw	class	Imidazole alkaloids	Imidazole alkaloids	pathway	Alkaloids	Alkaloids	Histidine alkaloids	Imidazole alkaloids	NPC class: Imidazole alkaloids / NPC pathway: Alkaloids	Imidazole alkaloids	1	93	1013873.6	554405587.2	0.00182875790469667	kruskal_wallis	0.0407622039783662	0.35055495421395	ns	0.000582555758234312	0.000548871716485983
A549_210626_PS100	PS	raw	class	Imidazole alkaloids	Imidazole alkaloids	pathway	Alkaloids	Alkaloids	Histidine alkaloids	Imidazole alkaloids	NPC class: Imidazole alkaloids / NPC pathway: Alkaloids	Imidazole alkaloids	1	93	1013873.6	1063108430.75	0.000953687855983546	kruskal_wallis	0.0407622039783662	0.35055495421395	ns	0.000582555758234312	0.000548871716485983
A549_210626_untreated	Untreated	raw	class	Imidazole alkaloids	Imidazole alkaloids	pathway	Alkaloids	Alkaloids	Histidine alkaloids	Imidazole alkaloids	NPC class: Imidazole alkaloids / NPC pathway: Alkaloids	Imidazole alkaloids	1	93	1013873.6	1346884982.2	0.000752754402490954	kruskal_wallis	0.0407622039783662	0.35055495421395	ns	0.000582555758234312	0.000548871716485983
A549_110626_PET05	PET	raw	class	Isoquinoline alkaloids	Isoquinoline alkaloids	pathway	Alkaloids	Alkaloids	Tyrosine alkaloids	Isoquinoline alkaloids	NPC class: Isoquinoline alkaloids / NPC pathway: Alkaloids	Isoquinoline alkaloids	8	93	134950024.1	787230408.2	0.171423794983432	kruskal_wallis	0.388355806180039	0.698097555033196	ns	0.120929752598493	0.137381704384918
A549_110626_PET100	PET	raw	class	Isoquinoline alkaloids	Isoquinoline alkaloids	pathway	Alkaloids	Alkaloids	Tyrosine alkaloids	Isoquinoline alkaloids	NPC class: Isoquinoline alkaloids / NPC pathway: Alkaloids	Isoquinoline alkaloids	8	93	425847211.3	1433301569.5	0.297109289741833	kruskal_wallis	0.388355806180039	0.698097555033196	ns	0.120929752598493	0.137381704384918
A549_110626_PS05	PS	raw	class	Isoquinoline alkaloids	Isoquinoline alkaloids	pathway	Alkaloids	Alkaloids	Tyrosine alkaloids	Isoquinoline alkaloids	NPC class: Isoquinoline alkaloids / NPC pathway: Alkaloids	Isoquinoline alkaloids	8	93	66803340	779730417.2	0.0856749185697921	kruskal_wallis	0.388355806180039	0.698097555033196	ns	0.120929752598493	0.137381704384918
A549_110626_PS100	PS	raw	class	Isoquinoline alkaloids	Isoquinoline alkaloids	pathway	Alkaloids	Alkaloids	Tyrosine alkaloids	Isoquinoline alkaloids	NPC class: Isoquinoline alkaloids / NPC pathway: Alkaloids	Isoquinoline alkaloids	8	93	101673325.5	752687730.9	0.135080354476388	kruskal_wallis	0.388355806180039	0.698097555033196	ns	0.120929752598493	0.137381704384918
A549_110626_untreated	Untreated	raw	class	Isoquinoline alkaloids	Isoquinoline alkaloids	pathway	Alkaloids	Alkaloids	Tyrosine alkaloids	Isoquinoline alkaloids	NPC class: Isoquinoline alkaloids / NPC pathway: Alkaloids	Isoquinoline alkaloids	8	93	499555980.2	1753754950	0.284849362905576	kruskal_wallis	0.388355806180039	0.698097555033196	ns	0.120929752598493	0.137381704384918
A549_180626_PET05	PET	raw	class	Isoquinoline alkaloids	Isoquinoline alkaloids	pathway	Alkaloids	Alkaloids	Tyrosine alkaloids	Isoquinoline alkaloids	NPC class: Isoquinoline alkaloids / NPC pathway: Alkaloids	Isoquinoline alkaloids	8	93	91014340	883056375.3	0.103067417376472	kruskal_wallis	0.388355806180039	0.698097555033196	ns	0.120929752598493	0.137381704384918
A549_180626_PET100	PET	raw	class	Isoquinoline alkaloids	Isoquinoline alkaloids	pathway	Alkaloids	Alkaloids	Tyrosine alkaloids	Isoquinoline alkaloids	NPC class: Isoquinoline alkaloids / NPC pathway: Alkaloids	Isoquinoline alkaloids	8	93	369035879.6	1263477831.1	0.292079425943479	kruskal_wallis	0.388355806180039	0.698097555033196	ns	0.120929752598493	0.137381704384918
A549_180626_PS05	PS	raw	class	Isoquinoline alkaloids	Isoquinoline alkaloids	pathway	Alkaloids	Alkaloids	Tyrosine alkaloids	Isoquinoline alkaloids	NPC class: Isoquinoline alkaloids / NPC pathway: Alkaloids	Isoquinoline alkaloids	8	93	479993103.2	1322990069.2	0.362809301728355	kruskal_wallis	0.388355806180039	0.698097555033196	ns	0.120929752598493	0.137381704384918
A549_180626_PS100	PS	raw	class	Isoquinoline alkaloids	Isoquinoline alkaloids	pathway	Alkaloids	Alkaloids	Tyrosine alkaloids	Isoquinoline alkaloids	NPC class: Isoquinoline alkaloids / NPC pathway: Alkaloids	Isoquinoline alkaloids	8	93	352928667.2	1230921284.8	0.286719119701747	kruskal_wallis	0.388355806180039	0.698097555033196	ns	0.120929752598493	0.137381704384918
A549_180626_untreated	Untreated	raw	class	Isoquinoline alkaloids	Isoquinoline alkaloids	pathway	Alkaloids	Alkaloids	Tyrosine alkaloids	Isoquinoline alkaloids	NPC class: Isoquinoline alkaloids / NPC pathway: Alkaloids	Isoquinoline alkaloids	8	93	885338578	2350512715	0.376657642543321	kruskal_wallis	0.388355806180039	0.698097555033196	ns	0.120929752598493	0.137381704384918
A549_210626_PET05	PET	raw	class	Isoquinoline alkaloids	Isoquinoline alkaloids	pathway	Alkaloids	Alkaloids	Tyrosine alkaloids	Isoquinoline alkaloids	NPC class: Isoquinoline alkaloids / NPC pathway: Alkaloids	Isoquinoline alkaloids	8	93	402192425.8	1534368662.9	0.262122419158278	kruskal_wallis	0.388355806180039	0.698097555033196	ns	0.120929752598493	0.137381704384918
A549_210626_PET100	PET	raw	class	Isoquinoline alkaloids	Isoquinoline alkaloids	pathway	Alkaloids	Alkaloids	Tyrosine alkaloids	Isoquinoline alkaloids	NPC class: Isoquinoline alkaloids / NPC pathway: Alkaloids	Isoquinoline alkaloids	8	93	49506749.6	778473199.3	0.0635946743504032	kruskal_wallis	0.388355806180039	0.698097555033196	ns	0.120929752598493	0.137381704384918
A549_210626_PS05	PS	raw	class	Isoquinoline alkaloids	Isoquinoline alkaloids	pathway	Alkaloids	Alkaloids	Tyrosine alkaloids	Isoquinoline alkaloids	NPC class: Isoquinoline alkaloids / NPC pathway: Alkaloids	Isoquinoline alkaloids	8	93	9611666.1	554405587.2	0.0173368853451555	kruskal_wallis	0.388355806180039	0.698097555033196	ns	0.120929752598493	0.137381704384918
A549_210626_PS100	PS	raw	class	Isoquinoline alkaloids	Isoquinoline alkaloids	pathway	Alkaloids	Alkaloids	Tyrosine alkaloids	Isoquinoline alkaloids	NPC class: Isoquinoline alkaloids / NPC pathway: Alkaloids	Isoquinoline alkaloids	8	93	169943158.4	1063108430.75	0.159854962564927	kruskal_wallis	0.388355806180039	0.698097555033196	ns	0.120929752598493	0.137381704384918
A549_210626_untreated	Untreated	raw	class	Isoquinoline alkaloids	Isoquinoline alkaloids	pathway	Alkaloids	Alkaloids	Tyrosine alkaloids	Isoquinoline alkaloids	NPC class: Isoquinoline alkaloids / NPC pathway: Alkaloids	Isoquinoline alkaloids	8	93	303076090.4	1346884982.2	0.225020023539765	kruskal_wallis	0.388355806180039	0.698097555033196	ns	0.120929752598493	0.137381704384918
A549_110626_PET05	PET	raw	class	Jasmonic acids	Jasmonic acids	pathway	Fatty acids	Fatty acids	Octadecanoids	Jasmonic acids	NPC class: Jasmonic acids / NPC pathway: Fatty acids	Jasmonic acids	2	1440	31999007.5	34114366377.95	0.000937992139308286	kruskal_wallis	0.202739508496909	0.481152690015652	ns	0.000464469412948339	0.000449696049937338
A549_110626_PET100	PET	raw	class	Jasmonic acids	Jasmonic acids	pathway	Fatty acids	Fatty acids	Octadecanoids	Jasmonic acids	NPC class: Jasmonic acids / NPC pathway: Fatty acids	Jasmonic acids	2	1440	20731512	35458165160.66	0.00058467526184917	kruskal_wallis	0.202739508496909	0.481152690015652	ns	0.000464469412948339	0.000449696049937338
A549_110626_PS05	PS	raw	class	Jasmonic acids	Jasmonic acids	pathway	Fatty acids	Fatty acids	Octadecanoids	Jasmonic acids	NPC class: Jasmonic acids / NPC pathway: Fatty acids	Jasmonic acids	2	1440	41230616	34785738556.84	0.00118527355492623	kruskal_wallis	0.202739508496909	0.481152690015652	ns	0.000464469412948339	0.000449696049937338
A549_110626_PS100	PS	raw	class	Jasmonic acids	Jasmonic acids	pathway	Fatty acids	Fatty acids	Octadecanoids	Jasmonic acids	NPC class: Jasmonic acids / NPC pathway: Fatty acids	Jasmonic acids	2	1440	49129928	39295522102.6	0.00125026785168352	kruskal_wallis	0.202739508496909	0.481152690015652	ns	0.000464469412948339	0.000449696049937338
A549_110626_untreated	Untreated	raw	class	Jasmonic acids	Jasmonic acids	pathway	Fatty acids	Fatty acids	Octadecanoids	Jasmonic acids	NPC class: Jasmonic acids / NPC pathway: Fatty acids	Jasmonic acids	2	1440	14432184	40726922534.5	0.000354364707713293	kruskal_wallis	0.202739508496909	0.481152690015652	ns	0.000464469412948339	0.000449696049937338
A549_180626_PET05	PET	raw	class	Jasmonic acids	Jasmonic acids	pathway	Fatty acids	Fatty acids	Octadecanoids	Jasmonic acids	NPC class: Jasmonic acids / NPC pathway: Fatty acids	Jasmonic acids	2	1440	54070245	31199184663.6	0.0017330659625565	kruskal_wallis	0.202739508496909	0.481152690015652	ns	0.000464469412948339	0.000449696049937338
A549_180626_PET100	PET	raw	class	Jasmonic acids	Jasmonic acids	pathway	Fatty acids	Fatty acids	Octadecanoids	Jasmonic acids	NPC class: Jasmonic acids / NPC pathway: Fatty acids	Jasmonic acids	2	1440	40587950	36474343757.1	0.00111278081575078	kruskal_wallis	0.202739508496909	0.481152690015652	ns	0.000464469412948339	0.000449696049937338
A549_180626_PS05	PS	raw	class	Jasmonic acids	Jasmonic acids	pathway	Fatty acids	Fatty acids	Octadecanoids	Jasmonic acids	NPC class: Jasmonic acids / NPC pathway: Fatty acids	Jasmonic acids	2	1440	11690066.2	36381542275.7	0.000321318599179014	kruskal_wallis	0.202739508496909	0.481152690015652	ns	0.000464469412948339	0.000449696049937338
A549_180626_PS100	PS	raw	class	Jasmonic acids	Jasmonic acids	pathway	Fatty acids	Fatty acids	Octadecanoids	Jasmonic acids	NPC class: Jasmonic acids / NPC pathway: Fatty acids	Jasmonic acids	2	1440	30596646.5	38000221483.6	0.000805170214947426	kruskal_wallis	0.202739508496909	0.481152690015652	ns	0.000464469412948339	0.000449696049937338
A549_180626_untreated	Untreated	raw	class	Jasmonic acids	Jasmonic acids	pathway	Fatty acids	Fatty acids	Octadecanoids	Jasmonic acids	NPC class: Jasmonic acids / NPC pathway: Fatty acids	Jasmonic acids	2	1440	21980024.8	38180285352.2	0.000575690427592194	kruskal_wallis	0.202739508496909	0.481152690015652	ns	0.000464469412948339	0.000449696049937338
A549_210626_PET05	PET	raw	class	Jasmonic acids	Jasmonic acids	pathway	Fatty acids	Fatty acids	Octadecanoids	Jasmonic acids	NPC class: Jasmonic acids / NPC pathway: Fatty acids	Jasmonic acids	2	1440	27136011	36530109795.76	0.000742839568556392	kruskal_wallis	0.202739508496909	0.481152690015652	ns	0.000464469412948339	0.000449696049937338
A549_210626_PET100	PET	raw	class	Jasmonic acids	Jasmonic acids	pathway	Fatty acids	Fatty acids	Octadecanoids	Jasmonic acids	NPC class: Jasmonic acids / NPC pathway: Fatty acids	Jasmonic acids	2	1440	55433094	40523921542.8	0.00136791040673232	kruskal_wallis	0.202739508496909	0.481152690015652	ns	0.000464469412948339	0.000449696049937338
A549_210626_PS05	PS	raw	class	Jasmonic acids	Jasmonic acids	pathway	Fatty acids	Fatty acids	Octadecanoids	Jasmonic acids	NPC class: Jasmonic acids / NPC pathway: Fatty acids	Jasmonic acids	2	1440	20579637	34631729940.5	0.000594242246499306	kruskal_wallis	0.202739508496909	0.481152690015652	ns	0.000464469412948339	0.000449696049937338
A549_210626_PS100	PS	raw	class	Jasmonic acids	Jasmonic acids	pathway	Fatty acids	Fatty acids	Octadecanoids	Jasmonic acids	NPC class: Jasmonic acids / NPC pathway: Fatty acids	Jasmonic acids	2	1440	16087339	42962798740.1	0.000374448114921913	kruskal_wallis	0.202739508496909	0.481152690015652	ns	0.000464469412948339	0.000449696049937338
A549_210626_untreated	Untreated	raw	class	Jasmonic acids	Jasmonic acids	pathway	Fatty acids	Fatty acids	Octadecanoids	Jasmonic acids	NPC class: Jasmonic acids / NPC pathway: Fatty acids	Jasmonic acids	2	1440	34768989	37950422097.55	0.000916168703226218	kruskal_wallis	0.202739508496909	0.481152690015652	ns	0.000464469412948339	0.000449696049937338
A549_110626_PET05	PET	raw	class	Lactones	Lactones	pathway	Fatty acids	Fatty acids	Fatty esters	Lactones	NPC class: Lactones / NPC pathway: Fatty acids	Lactones	1	1440	12150917	34114366377.95	0.000356181816932523	kruskal_wallis	0.105399224561864	0.385631433652025	ns	0.000186883167952787	0.000261093374305211
A549_110626_PET100	PET	raw	class	Lactones	Lactones	pathway	Fatty acids	Fatty acids	Fatty esters	Lactones	NPC class: Lactones / NPC pathway: Fatty acids	Lactones	1	1440	9923007	35458165160.66	0.000279851113418845	kruskal_wallis	0.105399224561864	0.385631433652025	ns	0.000186883167952787	0.000261093374305211
A549_110626_PS05	PS	raw	class	Lactones	Lactones	pathway	Fatty acids	Fatty acids	Fatty esters	Lactones	NPC class: Lactones / NPC pathway: Fatty acids	Lactones	1	1440	4200497.5	34785738556.84	0.000120753437306969	kruskal_wallis	0.105399224561864	0.385631433652025	ns	0.000186883167952787	0.000261093374305211
A549_110626_PS100	PS	raw	class	Lactones	Lactones	pathway	Fatty acids	Fatty acids	Fatty esters	Lactones	NPC class: Lactones / NPC pathway: Fatty acids	Lactones	1	1440	10274859	39295522102.6	0.000261476586904037	kruskal_wallis	0.105399224561864	0.385631433652025	ns	0.000186883167952787	0.000261093374305211
A549_110626_untreated	Untreated	raw	class	Lactones	Lactones	pathway	Fatty acids	Fatty acids	Fatty esters	Lactones	NPC class: Lactones / NPC pathway: Fatty acids	Lactones	1	1440	1706158.9	40726922534.5	4.18926546329324e-05	kruskal_wallis	0.105399224561864	0.385631433652025	ns	0.000186883167952787	0.000261093374305211
A549_180626_PET05	PET	raw	class	Lactones	Lactones	pathway	Fatty acids	Fatty acids	Fatty esters	Lactones	NPC class: Lactones / NPC pathway: Fatty acids	Lactones	1	1440	9875227	31199184663.6	0.000316521957431836	kruskal_wallis	0.105399224561864	0.385631433652025	ns	0.000186883167952787	0.000261093374305211
A549_180626_PET100	PET	raw	class	Lactones	Lactones	pathway	Fatty acids	Fatty acids	Fatty esters	Lactones	NPC class: Lactones / NPC pathway: Fatty acids	Lactones	1	1440	1013873.6	36474343757.1	2.77968976426791e-05	kruskal_wallis	0.105399224561864	0.385631433652025	ns	0.000186883167952787	0.000261093374305211
A549_180626_PS05	PS	raw	class	Lactones	Lactones	pathway	Fatty acids	Fatty acids	Fatty esters	Lactones	NPC class: Lactones / NPC pathway: Fatty acids	Lactones	1	1440	1013873.6	36381542275.7	2.78678015438941e-05	kruskal_wallis	0.105399224561864	0.385631433652025	ns	0.000186883167952787	0.000261093374305211
A549_180626_PS100	PS	raw	class	Lactones	Lactones	pathway	Fatty acids	Fatty acids	Fatty esters	Lactones	NPC class: Lactones / NPC pathway: Fatty acids	Lactones	1	1440	1013873.6	38000221483.6	2.66807287014778e-05	kruskal_wallis	0.105399224561864	0.385631433652025	ns	0.000186883167952787	0.000261093374305211
A549_180626_untreated	Untreated	raw	class	Lactones	Lactones	pathway	Fatty acids	Fatty acids	Fatty esters	Lactones	NPC class: Lactones / NPC pathway: Fatty acids	Lactones	1	1440	1588560.1	38180285352.2	4.16068158041796e-05	kruskal_wallis	0.105399224561864	0.385631433652025	ns	0.000186883167952787	0.000261093374305211
A549_210626_PET05	PET	raw	class	Lactones	Lactones	pathway	Fatty acids	Fatty acids	Fatty esters	Lactones	NPC class: Lactones / NPC pathway: Fatty acids	Lactones	1	1440	1736533.8	36530109795.76	4.75370539456073e-05	kruskal_wallis	0.105399224561864	0.385631433652025	ns	0.000186883167952787	0.000261093374305211
A549_210626_PET100	PET	raw	class	Lactones	Lactones	pathway	Fatty acids	Fatty acids	Fatty esters	Lactones	NPC class: Lactones / NPC pathway: Fatty acids	Lactones	1	1440	13588868	40523921542.8	0.000335329540741705	kruskal_wallis	0.105399224561864	0.385631433652025	ns	0.000186883167952787	0.000261093374305211
A549_210626_PS05	PS	raw	class	Lactones	Lactones	pathway	Fatty acids	Fatty acids	Fatty esters	Lactones	NPC class: Lactones / NPC pathway: Fatty acids	Lactones	1	1440	1604090.5	34631729940.5	4.63185206963658e-05	kruskal_wallis	0.105399224561864	0.385631433652025	ns	0.000186883167952787	0.000261093374305211
A549_210626_PS100	PS	raw	class	Lactones	Lactones	pathway	Fatty acids	Fatty acids	Fatty esters	Lactones	NPC class: Lactones / NPC pathway: Fatty acids	Lactones	1	1440	1013873.6	42962798740.1	2.35988722739723e-05	kruskal_wallis	0.105399224561864	0.385631433652025	ns	0.000186883167952787	0.000261093374305211
A549_210626_untreated	Untreated	raw	class	Lactones	Lactones	pathway	Fatty acids	Fatty acids	Fatty esters	Lactones	NPC class: Lactones / NPC pathway: Fatty acids	Lactones	1	1440	1421631	37950422097.55	3.74602157611253e-05	kruskal_wallis	0.105399224561864	0.385631433652025	ns	0.000186883167952787	0.000261093374305211
A549_110626_PET05	PET	raw	class	Linear peptides	Linear peptides	pathway	Amino acids and Peptides	Amino acids and Peptides	Oligopeptides	Linear peptides	NPC class: Linear peptides / NPC pathway: Amino acids and Peptides	Linear peptides	3	141	211706683	1261887026.5	0.167769918030772	kruskal_wallis	0.171615288855939	0.468215353487526	ns	0.0219705647785656	0.0176651861317614
A549_110626_PET100	PET	raw	class	Linear peptides	Linear peptides	pathway	Amino acids and Peptides	Amino acids and Peptides	Oligopeptides	Linear peptides	NPC class: Linear peptides / NPC pathway: Amino acids and Peptides	Linear peptides	3	141	220090045.5	1576419087.3	0.139613918197957	kruskal_wallis	0.171615288855939	0.468215353487526	ns	0.0219705647785656	0.0176651861317614
A549_110626_PS05	PS	raw	class	Linear peptides	Linear peptides	pathway	Amino acids and Peptides	Amino acids and Peptides	Oligopeptides	Linear peptides	NPC class: Linear peptides / NPC pathway: Amino acids and Peptides	Linear peptides	3	141	189020496.5	1278650513.3	0.147828116075414	kruskal_wallis	0.171615288855939	0.468215353487526	ns	0.0219705647785656	0.0176651861317614
A549_110626_PS100	PS	raw	class	Linear peptides	Linear peptides	pathway	Amino acids and Peptides	Amino acids and Peptides	Oligopeptides	Linear peptides	NPC class: Linear peptides / NPC pathway: Amino acids and Peptides	Linear peptides	3	141	194472171	1438361364.9	0.135203972899759	kruskal_wallis	0.171615288855939	0.468215353487526	ns	0.0219705647785656	0.0176651861317614
A549_110626_untreated	Untreated	raw	class	Linear peptides	Linear peptides	pathway	Amino acids and Peptides	Amino acids and Peptides	Oligopeptides	Linear peptides	NPC class: Linear peptides / NPC pathway: Amino acids and Peptides	Linear peptides	3	141	248555979	1785861188.6	0.139179898519913	kruskal_wallis	0.171615288855939	0.468215353487526	ns	0.0219705647785656	0.0176651861317614
A549_180626_PET05	PET	raw	class	Linear peptides	Linear peptides	pathway	Amino acids and Peptides	Amino acids and Peptides	Oligopeptides	Linear peptides	NPC class: Linear peptides / NPC pathway: Amino acids and Peptides	Linear peptides	3	141	144602361.5	993420522.3	0.145560070739441	kruskal_wallis	0.171615288855939	0.468215353487526	ns	0.0219705647785656	0.0176651861317614
A549_180626_PET100	PET	raw	class	Linear peptides	Linear peptides	pathway	Amino acids and Peptides	Amino acids and Peptides	Oligopeptides	Linear peptides	NPC class: Linear peptides / NPC pathway: Amino acids and Peptides	Linear peptides	3	141	213754958.5	1474863097.7	0.144932067819273	kruskal_wallis	0.171615288855939	0.468215353487526	ns	0.0219705647785656	0.0176651861317614
A549_180626_PS05	PS	raw	class	Linear peptides	Linear peptides	pathway	Amino acids and Peptides	Amino acids and Peptides	Oligopeptides	Linear peptides	NPC class: Linear peptides / NPC pathway: Amino acids and Peptides	Linear peptides	3	141	192217351.5	1480990834.5	0.129789696885528	kruskal_wallis	0.171615288855939	0.468215353487526	ns	0.0219705647785656	0.0176651861317614
A549_180626_PS100	PS	raw	class	Linear peptides	Linear peptides	pathway	Amino acids and Peptides	Amino acids and Peptides	Oligopeptides	Linear peptides	NPC class: Linear peptides / NPC pathway: Amino acids and Peptides	Linear peptides	3	141	261735594	1606086500.9	0.162964817806097	kruskal_wallis	0.171615288855939	0.468215353487526	ns	0.0219705647785656	0.0176651861317614
A549_180626_untreated	Untreated	raw	class	Linear peptides	Linear peptides	pathway	Amino acids and Peptides	Amino acids and Peptides	Oligopeptides	Linear peptides	NPC class: Linear peptides / NPC pathway: Amino acids and Peptides	Linear peptides	3	141	266992044	2104203255.8	0.126885101647888	kruskal_wallis	0.171615288855939	0.468215353487526	ns	0.0219705647785656	0.0176651861317614
A549_210626_PET05	PET	raw	class	Linear peptides	Linear peptides	pathway	Amino acids and Peptides	Amino acids and Peptides	Oligopeptides	Linear peptides	NPC class: Linear peptides / NPC pathway: Amino acids and Peptides	Linear peptides	3	141	142597528.2	1317408748.9	0.108240914840641	kruskal_wallis	0.171615288855939	0.468215353487526	ns	0.0219705647785656	0.0176651861317614
A549_210626_PET100	PET	raw	class	Linear peptides	Linear peptides	pathway	Amino acids and Peptides	Amino acids and Peptides	Oligopeptides	Linear peptides	NPC class: Linear peptides / NPC pathway: Amino acids and Peptides	Linear peptides	3	141	226220081.5	1569136596.1	0.144168507740025	kruskal_wallis	0.171615288855939	0.468215353487526	ns	0.0219705647785656	0.0176651861317614
A549_210626_PS05	PS	raw	class	Linear peptides	Linear peptides	pathway	Amino acids and Peptides	Amino acids and Peptides	Oligopeptides	Linear peptides	NPC class: Linear peptides / NPC pathway: Amino acids and Peptides	Linear peptides	3	141	211417397.5	1294084569.6	0.16337216474604	kruskal_wallis	0.171615288855939	0.468215353487526	ns	0.0219705647785656	0.0176651861317614
A549_210626_PS100	PS	raw	class	Linear peptides	Linear peptides	pathway	Amino acids and Peptides	Amino acids and Peptides	Oligopeptides	Linear peptides	NPC class: Linear peptides / NPC pathway: Amino acids and Peptides	Linear peptides	3	141	208880356	1542202367.4	0.135442896740038	kruskal_wallis	0.171615288855939	0.468215353487526	ns	0.0219705647785656	0.0176651861317614
A549_210626_untreated	Untreated	raw	class	Linear peptides	Linear peptides	pathway	Amino acids and Peptides	Amino acids and Peptides	Oligopeptides	Linear peptides	NPC class: Linear peptides / NPC pathway: Amino acids and Peptides	Linear peptides	3	141	171804855.2	1631201150.5	0.10532413807294	kruskal_wallis	0.171615288855939	0.468215353487526	ns	0.0219705647785656	0.0176651861317614
A549_110626_PET05	PET	raw	class	Lipopeptides	Lipopeptides	pathway	Amino acids and Peptides	Amino acids and Peptides	Oligopeptides	Lipopeptides	NPC class: Lipopeptides / NPC pathway: Amino acids and Peptides	Lipopeptides	7	141	13223493.5	1261887026.5	0.0104791421278631	kruskal_wallis	0.408267234146884	0.698097555033196	ns	0.00144743217805984	0.00144471473553645
A549_110626_PET100	PET	raw	class	Lipopeptides	Lipopeptides	pathway	Amino acids and Peptides	Amino acids and Peptides	Oligopeptides	Lipopeptides	NPC class: Lipopeptides / NPC pathway: Amino acids and Peptides	Lipopeptides	7	141	11810423.8	1576419087.3	0.00749193148899777	kruskal_wallis	0.408267234146884	0.698097555033196	ns	0.00144743217805984	0.00144471473553645
A549_110626_PS05	PS	raw	class	Lipopeptides	Lipopeptides	pathway	Amino acids and Peptides	Amino acids and Peptides	Oligopeptides	Lipopeptides	NPC class: Lipopeptides / NPC pathway: Amino acids and Peptides	Lipopeptides	7	141	12356932.5	1278650513.3	0.00966404218468474	kruskal_wallis	0.408267234146884	0.698097555033196	ns	0.00144743217805984	0.00144471473553645
A549_110626_PS100	PS	raw	class	Lipopeptides	Lipopeptides	pathway	Amino acids and Peptides	Amino acids and Peptides	Oligopeptides	Lipopeptides	NPC class: Lipopeptides / NPC pathway: Amino acids and Peptides	Lipopeptides	7	141	16802260.5	1438361364.9	0.0116815293500101	kruskal_wallis	0.408267234146884	0.698097555033196	ns	0.00144743217805984	0.00144471473553645
A549_110626_untreated	Untreated	raw	class	Lipopeptides	Lipopeptides	pathway	Amino acids and Peptides	Amino acids and Peptides	Oligopeptides	Lipopeptides	NPC class: Lipopeptides / NPC pathway: Amino acids and Peptides	Lipopeptides	7	141	15046980.3	1785861188.6	0.00842561582952361	kruskal_wallis	0.408267234146884	0.698097555033196	ns	0.00144743217805984	0.00144471473553645
A549_180626_PET05	PET	raw	class	Lipopeptides	Lipopeptides	pathway	Amino acids and Peptides	Amino acids and Peptides	Oligopeptides	Lipopeptides	NPC class: Lipopeptides / NPC pathway: Amino acids and Peptides	Lipopeptides	7	141	10807885.4	993420522.3	0.0108794666079348	kruskal_wallis	0.408267234146884	0.698097555033196	ns	0.00144743217805984	0.00144471473553645
A549_180626_PET100	PET	raw	class	Lipopeptides	Lipopeptides	pathway	Amino acids and Peptides	Amino acids and Peptides	Oligopeptides	Lipopeptides	NPC class: Lipopeptides / NPC pathway: Amino acids and Peptides	Lipopeptides	7	141	11943987.8	1474863097.7	0.00809837049867628	kruskal_wallis	0.408267234146884	0.698097555033196	ns	0.00144743217805984	0.00144471473553645
A549_180626_PS05	PS	raw	class	Lipopeptides	Lipopeptides	pathway	Amino acids and Peptides	Amino acids and Peptides	Oligopeptides	Lipopeptides	NPC class: Lipopeptides / NPC pathway: Amino acids and Peptides	Lipopeptides	7	141	9976861.1	1480990834.5	0.00673661231898731	kruskal_wallis	0.408267234146884	0.698097555033196	ns	0.00144743217805984	0.00144471473553645
A549_180626_PS100	PS	raw	class	Lipopeptides	Lipopeptides	pathway	Amino acids and Peptides	Amino acids and Peptides	Oligopeptides	Lipopeptides	NPC class: Lipopeptides / NPC pathway: Amino acids and Peptides	Lipopeptides	7	141	13059848	1606086500.9	0.00813147236632751	kruskal_wallis	0.408267234146884	0.698097555033196	ns	0.00144743217805984	0.00144471473553645
A549_180626_untreated	Untreated	raw	class	Lipopeptides	Lipopeptides	pathway	Amino acids and Peptides	Amino acids and Peptides	Oligopeptides	Lipopeptides	NPC class: Lipopeptides / NPC pathway: Amino acids and Peptides	Lipopeptides	7	141	15817768.2	2104203255.8	0.00751722446793108	kruskal_wallis	0.408267234146884	0.698097555033196	ns	0.00144743217805984	0.00144471473553645
A549_210626_PET05	PET	raw	class	Lipopeptides	Lipopeptides	pathway	Amino acids and Peptides	Amino acids and Peptides	Oligopeptides	Lipopeptides	NPC class: Lipopeptides / NPC pathway: Amino acids and Peptides	Lipopeptides	7	141	13259618	1317408748.9	0.0100649232905667	kruskal_wallis	0.408267234146884	0.698097555033196	ns	0.00144743217805984	0.00144471473553645
A549_210626_PET100	PET	raw	class	Lipopeptides	Lipopeptides	pathway	Amino acids and Peptides	Amino acids and Peptides	Oligopeptides	Lipopeptides	NPC class: Lipopeptides / NPC pathway: Amino acids and Peptides	Lipopeptides	7	141	12890638.2	1569136596.1	0.00821511539023368	kruskal_wallis	0.408267234146884	0.698097555033196	ns	0.00144743217805984	0.00144471473553645
A549_210626_PS05	PS	raw	class	Lipopeptides	Lipopeptides	pathway	Amino acids and Peptides	Amino acids and Peptides	Oligopeptides	Lipopeptides	NPC class: Lipopeptides / NPC pathway: Amino acids and Peptides	Lipopeptides	7	141	11408553.1	1294084569.6	0.00881592545649963	kruskal_wallis	0.408267234146884	0.698097555033196	ns	0.00144743217805984	0.00144471473553645
A549_210626_PS100	PS	raw	class	Lipopeptides	Lipopeptides	pathway	Amino acids and Peptides	Amino acids and Peptides	Oligopeptides	Lipopeptides	NPC class: Lipopeptides / NPC pathway: Amino acids and Peptides	Lipopeptides	7	141	17166609.5	1542202367.4	0.0111312301568705	kruskal_wallis	0.408267234146884	0.698097555033196	ns	0.00144743217805984	0.00144471473553645
A549_210626_untreated	Untreated	raw	class	Lipopeptides	Lipopeptides	pathway	Amino acids and Peptides	Amino acids and Peptides	Oligopeptides	Lipopeptides	NPC class: Lipopeptides / NPC pathway: Amino acids and Peptides	Lipopeptides	7	141	12715651.9	1631201150.5	0.00779526908505574	kruskal_wallis	0.408267234146884	0.698097555033196	ns	0.00144743217805984	0.00144471473553645
A549_110626_PET05	PET	raw	class	Macrolide lactones	Macrolide lactones	pathway	Polyketides	Polyketides	Macrolides	Macrolide lactones	NPC class: Macrolide lactones / NPC pathway: Polyketides	Macrolide lactones	3	150	21700294.4	6565292988.7	0.00330530479558946	kruskal_wallis	0.327369208619727	0.698097555033196	ns	0.000551975742971761	0.000227505612232845
A549_110626_PET100	PET	raw	class	Macrolide lactones	Macrolide lactones	pathway	Polyketides	Polyketides	Macrolides	Macrolide lactones	NPC class: Macrolide lactones / NPC pathway: Polyketides	Macrolide lactones	3	150	27898155.5	8125399185.8	0.00343345045111814	kruskal_wallis	0.327369208619727	0.698097555033196	ns	0.000551975742971761	0.000227505612232845
A549_110626_PS05	PS	raw	class	Macrolide lactones	Macrolide lactones	pathway	Polyketides	Polyketides	Macrolides	Macrolide lactones	NPC class: Macrolide lactones / NPC pathway: Polyketides	Macrolide lactones	3	150	23820801.5	6524424494.96	0.00365101956784099	kruskal_wallis	0.327369208619727	0.698097555033196	ns	0.000551975742971761	0.000227505612232845
A549_110626_PS100	PS	raw	class	Macrolide lactones	Macrolide lactones	pathway	Polyketides	Polyketides	Macrolides	Macrolide lactones	NPC class: Macrolide lactones / NPC pathway: Polyketides	Macrolide lactones	3	150	30187268	7176029029.7	0.00420668142158589	kruskal_wallis	0.327369208619727	0.698097555033196	ns	0.000551975742971761	0.000227505612232845
A549_110626_untreated	Untreated	raw	class	Macrolide lactones	Macrolide lactones	pathway	Polyketides	Polyketides	Macrolides	Macrolide lactones	NPC class: Macrolide lactones / NPC pathway: Polyketides	Macrolide lactones	3	150	26839981.4	7977246302.3	0.0033645672181717	kruskal_wallis	0.327369208619727	0.698097555033196	ns	0.000551975742971761	0.000227505612232845
A549_180626_PET05	PET	raw	class	Macrolide lactones	Macrolide lactones	pathway	Polyketides	Polyketides	Macrolides	Macrolide lactones	NPC class: Macrolide lactones / NPC pathway: Polyketides	Macrolide lactones	3	150	23547481.2	7016090678.2	0.00335621106967237	kruskal_wallis	0.327369208619727	0.698097555033196	ns	0.000551975742971761	0.000227505612232845
A549_180626_PET100	PET	raw	class	Macrolide lactones	Macrolide lactones	pathway	Polyketides	Polyketides	Macrolides	Macrolide lactones	NPC class: Macrolide lactones / NPC pathway: Polyketides	Macrolide lactones	3	150	29458753	7887370547.1	0.0037349269726945	kruskal_wallis	0.327369208619727	0.698097555033196	ns	0.000551975742971761	0.000227505612232845
A549_180626_PS05	PS	raw	class	Macrolide lactones	Macrolide lactones	pathway	Polyketides	Polyketides	Macrolides	Macrolide lactones	NPC class: Macrolide lactones / NPC pathway: Polyketides	Macrolide lactones	3	150	28390685.2	8429696401.7	0.00336793685645363	kruskal_wallis	0.327369208619727	0.698097555033196	ns	0.000551975742971761	0.000227505612232845
A549_180626_PS100	PS	raw	class	Macrolide lactones	Macrolide lactones	pathway	Polyketides	Polyketides	Macrolides	Macrolide lactones	NPC class: Macrolide lactones / NPC pathway: Polyketides	Macrolide lactones	3	150	23239707.9	7744341501.3	0.0030008630037943	kruskal_wallis	0.327369208619727	0.698097555033196	ns	0.000551975742971761	0.000227505612232845
A549_180626_untreated	Untreated	raw	class	Macrolide lactones	Macrolide lactones	pathway	Polyketides	Polyketides	Macrolides	Macrolide lactones	NPC class: Macrolide lactones / NPC pathway: Polyketides	Macrolide lactones	3	150	26182580.1	9311438840.8	0.00281187263833765	kruskal_wallis	0.327369208619727	0.698097555033196	ns	0.000551975742971761	0.000227505612232845
A549_210626_PET05	PET	raw	class	Macrolide lactones	Macrolide lactones	pathway	Polyketides	Polyketides	Macrolides	Macrolide lactones	NPC class: Macrolide lactones / NPC pathway: Polyketides	Macrolide lactones	3	150	35747633	8649773546.5	0.00413278252983452	kruskal_wallis	0.327369208619727	0.698097555033196	ns	0.000551975742971761	0.000227505612232845
A549_210626_PET100	PET	raw	class	Macrolide lactones	Macrolide lactones	pathway	Polyketides	Polyketides	Macrolides	Macrolide lactones	NPC class: Macrolide lactones / NPC pathway: Polyketides	Macrolide lactones	3	150	25769796.9	7046049113	0.00365733994849036	kruskal_wallis	0.327369208619727	0.698097555033196	ns	0.000551975742971761	0.000227505612232845
A549_210626_PS05	PS	raw	class	Macrolide lactones	Macrolide lactones	pathway	Polyketides	Polyketides	Macrolides	Macrolide lactones	NPC class: Macrolide lactones / NPC pathway: Polyketides	Macrolide lactones	3	150	23547567.2	6664796721.2	0.00353312609296811	kruskal_wallis	0.327369208619727	0.698097555033196	ns	0.000551975742971761	0.000227505612232845
A549_210626_PS100	PS	raw	class	Macrolide lactones	Macrolide lactones	pathway	Polyketides	Polyketides	Macrolides	Macrolide lactones	NPC class: Macrolide lactones / NPC pathway: Polyketides	Macrolide lactones	3	150	36313717.5	7600031547.2	0.0047781008900389	kruskal_wallis	0.327369208619727	0.698097555033196	ns	0.000551975742971761	0.000227505612232845
A549_210626_untreated	Untreated	raw	class	Macrolide lactones	Macrolide lactones	pathway	Polyketides	Polyketides	Macrolides	Macrolide lactones	NPC class: Macrolide lactones / NPC pathway: Polyketides	Macrolide lactones	3	150	30399787.2	8846156040.8	0.00343649683091627	kruskal_wallis	0.327369208619727	0.698097555033196	ns	0.000551975742971761	0.000227505612232845
A549_110626_PET05	PET	raw	class	Macrotetrolides	Macrotetrolides	pathway	Polyketides	Polyketides	Polyethers	Macrotetrolides	NPC class: Macrotetrolides / NPC pathway: Polyketides	Macrotetrolides	1	150	3947351	6565292988.7	0.000601245215833333	kruskal_wallis	0.971254575213674	0.971254575213674	ns	0.000271465529846253	0.00041283475053375
A549_110626_PET100	PET	raw	class	Macrotetrolides	Macrotetrolides	pathway	Polyketides	Polyketides	Polyethers	Macrotetrolides	NPC class: Macrotetrolides / NPC pathway: Polyketides	Macrotetrolides	1	150	2666270.5	8125399185.8	0.00032814024751665	kruskal_wallis	0.971254575213674	0.971254575213674	ns	0.000271465529846253	0.00041283475053375
A549_110626_PS05	PS	raw	class	Macrotetrolides	Macrotetrolides	pathway	Polyketides	Polyketides	Polyethers	Macrotetrolides	NPC class: Macrotetrolides / NPC pathway: Polyketides	Macrotetrolides	1	150	14555051	6524424494.96	0.00223085591859382	kruskal_wallis	0.971254575213674	0.971254575213674	ns	0.000271465529846253	0.00041283475053375
A549_110626_PS100	PS	raw	class	Macrotetrolides	Macrotetrolides	pathway	Polyketides	Polyketides	Polyethers	Macrotetrolides	NPC class: Macrotetrolides / NPC pathway: Polyketides	Macrotetrolides	1	150	3430532	7176029029.7	0.000478054364858585	kruskal_wallis	0.971254575213674	0.971254575213674	ns	0.000271465529846253	0.00041283475053375
A549_110626_untreated	Untreated	raw	class	Macrotetrolides	Macrotetrolides	pathway	Polyketides	Polyketides	Polyethers	Macrotetrolides	NPC class: Macrotetrolides / NPC pathway: Polyketides	Macrotetrolides	1	150	1592811.9	7977246302.3	0.000199669389616409	kruskal_wallis	0.971254575213674	0.971254575213674	ns	0.000271465529846253	0.00041283475053375
A549_180626_PET05	PET	raw	class	Macrotetrolides	Macrotetrolides	pathway	Polyketides	Polyketides	Polyethers	Macrotetrolides	NPC class: Macrotetrolides / NPC pathway: Polyketides	Macrotetrolides	1	150	11423784	7016090678.2	0.00162822639044494	kruskal_wallis	0.971254575213674	0.971254575213674	ns	0.000271465529846253	0.00041283475053375
A549_180626_PET100	PET	raw	class	Macrotetrolides	Macrotetrolides	pathway	Polyketides	Polyketides	Polyethers	Macrotetrolides	NPC class: Macrotetrolides / NPC pathway: Polyketides	Macrotetrolides	1	150	9101859	7887370547.1	0.00115397887618536	kruskal_wallis	0.971254575213674	0.971254575213674	ns	0.000271465529846253	0.00041283475053375
A549_180626_PS05	PS	raw	class	Macrotetrolides	Macrotetrolides	pathway	Polyketides	Polyketides	Polyethers	Macrotetrolides	NPC class: Macrotetrolides / NPC pathway: Polyketides	Macrotetrolides	1	150	4987098.5	8429696401.7	0.000591610689442417	kruskal_wallis	0.971254575213674	0.971254575213674	ns	0.000271465529846253	0.00041283475053375
A549_180626_PS100	PS	raw	class	Macrotetrolides	Macrotetrolides	pathway	Polyketides	Polyketides	Polyethers	Macrotetrolides	NPC class: Macrotetrolides / NPC pathway: Polyketides	Macrotetrolides	1	150	7077131	7744341501.3	0.000913845418466115	kruskal_wallis	0.971254575213674	0.971254575213674	ns	0.000271465529846253	0.00041283475053375
A549_180626_untreated	Untreated	raw	class	Macrotetrolides	Macrotetrolides	pathway	Polyketides	Polyketides	Polyethers	Macrotetrolides	NPC class: Macrotetrolides / NPC pathway: Polyketides	Macrotetrolides	1	150	11753488	9311438840.8	0.00126226335166373	kruskal_wallis	0.971254575213674	0.971254575213674	ns	0.000271465529846253	0.00041283475053375
A549_210626_PET05	PET	raw	class	Macrotetrolides	Macrotetrolides	pathway	Polyketides	Polyketides	Polyethers	Macrotetrolides	NPC class: Macrotetrolides / NPC pathway: Polyketides	Macrotetrolides	1	150	4423583	8649773546.5	0.000511410267126581	kruskal_wallis	0.971254575213674	0.971254575213674	ns	0.000271465529846253	0.00041283475053375
A549_210626_PET100	PET	raw	class	Macrotetrolides	Macrotetrolides	pathway	Polyketides	Polyketides	Polyethers	Macrotetrolides	NPC class: Macrotetrolides / NPC pathway: Polyketides	Macrotetrolides	1	150	4921783	7046049113	0.000698516703626048	kruskal_wallis	0.971254575213674	0.971254575213674	ns	0.000271465529846253	0.00041283475053375
A549_210626_PS05	PS	raw	class	Macrotetrolides	Macrotetrolides	pathway	Polyketides	Polyketides	Polyethers	Macrotetrolides	NPC class: Macrotetrolides / NPC pathway: Polyketides	Macrotetrolides	1	150	14086608	6664796721.2	0.00211358404303495	kruskal_wallis	0.971254575213674	0.971254575213674	ns	0.000271465529846253	0.00041283475053375
A549_210626_PS100	PS	raw	class	Macrotetrolides	Macrotetrolides	pathway	Polyketides	Polyketides	Polyethers	Macrotetrolides	NPC class: Macrotetrolides / NPC pathway: Polyketides	Macrotetrolides	1	150	1689946.4	7600031547.2	0.000222360445414547	kruskal_wallis	0.971254575213674	0.971254575213674	ns	0.000271465529846253	0.00041283475053375
A549_210626_untreated	Untreated	raw	class	Macrotetrolides	Macrotetrolides	pathway	Polyketides	Polyketides	Polyethers	Macrotetrolides	NPC class: Macrotetrolides / NPC pathway: Polyketides	Macrotetrolides	1	150	9400949	8846156040.8	0.00106271571026344	kruskal_wallis	0.971254575213674	0.971254575213674	ns	0.000271465529846253	0.00041283475053375
A549_110626_PET05	PET	raw	class	Microcolins and mirabimids	Microcolins and mirabimids	pathway	Amino acids and Peptides	Amino acids and Peptides	Oligopeptides	Microcolins and mirabimids	NPC class: Microcolins and mirabimids / NPC pathway: Amino acids and Peptides	Microcolins and mirabimids	1	141	1013873.6	1261887026.5	0.000803458295955466	kruskal_wallis	0.239508429462086	0.542045392993143	ns	0.000604753644458556	0.000344300905788275
A549_110626_PET100	PET	raw	class	Microcolins and mirabimids	Microcolins and mirabimids	pathway	Amino acids and Peptides	Amino acids and Peptides	Oligopeptides	Microcolins and mirabimids	NPC class: Microcolins and mirabimids / NPC pathway: Amino acids and Peptides	Microcolins and mirabimids	1	141	1013873.6	1576419087.3	0.000643149786860615	kruskal_wallis	0.239508429462086	0.542045392993143	ns	0.000604753644458556	0.000344300905788275
A549_110626_PS05	PS	raw	class	Microcolins and mirabimids	Microcolins and mirabimids	pathway	Amino acids and Peptides	Amino acids and Peptides	Oligopeptides	Microcolins and mirabimids	NPC class: Microcolins and mirabimids / NPC pathway: Amino acids and Peptides	Microcolins and mirabimids	1	141	1013873.6	1278650513.3	0.000792924719815228	kruskal_wallis	0.239508429462086	0.542045392993143	ns	0.000604753644458556	0.000344300905788275
A549_110626_PS100	PS	raw	class	Microcolins and mirabimids	Microcolins and mirabimids	pathway	Amino acids and Peptides	Amino acids and Peptides	Oligopeptides	Microcolins and mirabimids	NPC class: Microcolins and mirabimids / NPC pathway: Amino acids and Peptides	Microcolins and mirabimids	1	141	1765062.9	1438361364.9	0.00122713453174732	kruskal_wallis	0.239508429462086	0.542045392993143	ns	0.000604753644458556	0.000344300905788275
A549_110626_untreated	Untreated	raw	class	Microcolins and mirabimids	Microcolins and mirabimids	pathway	Amino acids and Peptides	Amino acids and Peptides	Oligopeptides	Microcolins and mirabimids	NPC class: Microcolins and mirabimids / NPC pathway: Amino acids and Peptides	Microcolins and mirabimids	1	141	1013873.6	1785861188.6	0.000567722511957837	kruskal_wallis	0.239508429462086	0.542045392993143	ns	0.000604753644458556	0.000344300905788275
A549_180626_PET05	PET	raw	class	Microcolins and mirabimids	Microcolins and mirabimids	pathway	Amino acids and Peptides	Amino acids and Peptides	Oligopeptides	Microcolins and mirabimids	NPC class: Microcolins and mirabimids / NPC pathway: Amino acids and Peptides	Microcolins and mirabimids	1	141	1013873.6	993420522.3	0.00102058853953676	kruskal_wallis	0.239508429462086	0.542045392993143	ns	0.000604753644458556	0.000344300905788275
A549_180626_PET100	PET	raw	class	Microcolins and mirabimids	Microcolins and mirabimids	pathway	Amino acids and Peptides	Amino acids and Peptides	Oligopeptides	Microcolins and mirabimids	NPC class: Microcolins and mirabimids / NPC pathway: Amino acids and Peptides	Microcolins and mirabimids	1	141	1013873.6	1474863097.7	0.000687435736632846	kruskal_wallis	0.239508429462086	0.542045392993143	ns	0.000604753644458556	0.000344300905788275
A549_180626_PS05	PS	raw	class	Microcolins and mirabimids	Microcolins and mirabimids	pathway	Amino acids and Peptides	Amino acids and Peptides	Oligopeptides	Microcolins and mirabimids	NPC class: Microcolins and mirabimids / NPC pathway: Amino acids and Peptides	Microcolins and mirabimids	1	141	1013873.6	1480990834.5	0.000684591407577681	kruskal_wallis	0.239508429462086	0.542045392993143	ns	0.000604753644458556	0.000344300905788275
A549_180626_PS100	PS	raw	class	Microcolins and mirabimids	Microcolins and mirabimids	pathway	Amino acids and Peptides	Amino acids and Peptides	Oligopeptides	Microcolins and mirabimids	NPC class: Microcolins and mirabimids / NPC pathway: Amino acids and Peptides	Microcolins and mirabimids	1	141	1013873.6	1606086500.9	0.000631269610591869	kruskal_wallis	0.239508429462086	0.542045392993143	ns	0.000604753644458556	0.000344300905788275
A549_180626_untreated	Untreated	raw	class	Microcolins and mirabimids	Microcolins and mirabimids	pathway	Amino acids and Peptides	Amino acids and Peptides	Oligopeptides	Microcolins and mirabimids	NPC class: Microcolins and mirabimids / NPC pathway: Amino acids and Peptides	Microcolins and mirabimids	1	141	1013873.6	2104203255.8	0.000481832540276407	kruskal_wallis	0.239508429462086	0.542045392993143	ns	0.000604753644458556	0.000344300905788275
A549_210626_PET05	PET	raw	class	Microcolins and mirabimids	Microcolins and mirabimids	pathway	Amino acids and Peptides	Amino acids and Peptides	Oligopeptides	Microcolins and mirabimids	NPC class: Microcolins and mirabimids / NPC pathway: Amino acids and Peptides	Microcolins and mirabimids	1	141	4207532	1317408748.9	0.0031937938802313	kruskal_wallis	0.239508429462086	0.542045392993143	ns	0.000604753644458556	0.000344300905788275
A549_210626_PET100	PET	raw	class	Microcolins and mirabimids	Microcolins and mirabimids	pathway	Amino acids and Peptides	Amino acids and Peptides	Oligopeptides	Microcolins and mirabimids	NPC class: Microcolins and mirabimids / NPC pathway: Amino acids and Peptides	Microcolins and mirabimids	1	141	2034195.5	1569136596.1	0.0012963788525842	kruskal_wallis	0.239508429462086	0.542045392993143	ns	0.000604753644458556	0.000344300905788275
A549_210626_PS05	PS	raw	class	Microcolins and mirabimids	Microcolins and mirabimids	pathway	Amino acids and Peptides	Amino acids and Peptides	Oligopeptides	Microcolins and mirabimids	NPC class: Microcolins and mirabimids / NPC pathway: Amino acids and Peptides	Microcolins and mirabimids	1	141	1013873.6	1294084569.6	0.000783467807141373	kruskal_wallis	0.239508429462086	0.542045392993143	ns	0.000604753644458556	0.000344300905788275
A549_210626_PS100	PS	raw	class	Microcolins and mirabimids	Microcolins and mirabimids	pathway	Amino acids and Peptides	Amino acids and Peptides	Oligopeptides	Microcolins and mirabimids	NPC class: Microcolins and mirabimids / NPC pathway: Amino acids and Peptides	Microcolins and mirabimids	1	141	4066584.2	1542202367.4	0.00263686808291953	kruskal_wallis	0.239508429462086	0.542045392993143	ns	0.000604753644458556	0.000344300905788275
A549_210626_untreated	Untreated	raw	class	Microcolins and mirabimids	Microcolins and mirabimids	pathway	Amino acids and Peptides	Amino acids and Peptides	Oligopeptides	Microcolins and mirabimids	NPC class: Microcolins and mirabimids / NPC pathway: Amino acids and Peptides	Microcolins and mirabimids	1	141	1563647.5	1631201150.5	0.000958586560290683	kruskal_wallis	0.239508429462086	0.542045392993143	ns	0.000604753644458556	0.000344300905788275
A549_110626_PET05	PET	raw	class	Monoacylglycerols	Monoacylglycerols	pathway	Fatty acids	Fatty acids	Glycerolipids	Monoacylglycerols	NPC class: Monoacylglycerols / NPC pathway: Fatty acids	Monoacylglycerols	3	1440	8980020.2	34114366377.95	0.000263232800530755	kruskal_wallis	0.769126364368571	0.881274570317642	ns	0.000112803196311134	9.61993312130568e-05
A549_110626_PET100	PET	raw	class	Monoacylglycerols	Monoacylglycerols	pathway	Fatty acids	Fatty acids	Glycerolipids	Monoacylglycerols	NPC class: Monoacylglycerols / NPC pathway: Fatty acids	Monoacylglycerols	3	1440	12941183.1	35458165160.66	0.000364970467066298	kruskal_wallis	0.769126364368571	0.881274570317642	ns	0.000112803196311134	9.61993312130568e-05
A549_110626_PS05	PS	raw	class	Monoacylglycerols	Monoacylglycerols	pathway	Fatty acids	Fatty acids	Glycerolipids	Monoacylglycerols	NPC class: Monoacylglycerols / NPC pathway: Fatty acids	Monoacylglycerols	3	1440	9922452.6	34785738556.84	0.000285244844917887	kruskal_wallis	0.769126364368571	0.881274570317642	ns	0.000112803196311134	9.61993312130568e-05
A549_110626_PS100	PS	raw	class	Monoacylglycerols	Monoacylglycerols	pathway	Fatty acids	Fatty acids	Glycerolipids	Monoacylglycerols	NPC class: Monoacylglycerols / NPC pathway: Fatty acids	Monoacylglycerols	3	1440	13330198.2	39295522102.6	0.000339229446174428	kruskal_wallis	0.769126364368571	0.881274570317642	ns	0.000112803196311134	9.61993312130568e-05
A549_110626_untreated	Untreated	raw	class	Monoacylglycerols	Monoacylglycerols	pathway	Fatty acids	Fatty acids	Glycerolipids	Monoacylglycerols	NPC class: Monoacylglycerols / NPC pathway: Fatty acids	Monoacylglycerols	3	1440	10835837.2	40726922534.5	0.000266060790397824	kruskal_wallis	0.769126364368571	0.881274570317642	ns	0.000112803196311134	9.61993312130568e-05
A549_180626_PET05	PET	raw	class	Monoacylglycerols	Monoacylglycerols	pathway	Fatty acids	Fatty acids	Glycerolipids	Monoacylglycerols	NPC class: Monoacylglycerols / NPC pathway: Fatty acids	Monoacylglycerols	3	1440	12449694.2	31199184663.6	0.000399039088176077	kruskal_wallis	0.769126364368571	0.881274570317642	ns	0.000112803196311134	9.61993312130568e-05
A549_180626_PET100	PET	raw	class	Monoacylglycerols	Monoacylglycerols	pathway	Fatty acids	Fatty acids	Glycerolipids	Monoacylglycerols	NPC class: Monoacylglycerols / NPC pathway: Fatty acids	Monoacylglycerols	3	1440	14273733	36474343757.1	0.0003913362525466	kruskal_wallis	0.769126364368571	0.881274570317642	ns	0.000112803196311134	9.61993312130568e-05
A549_180626_PS05	PS	raw	class	Monoacylglycerols	Monoacylglycerols	pathway	Fatty acids	Fatty acids	Glycerolipids	Monoacylglycerols	NPC class: Monoacylglycerols / NPC pathway: Fatty acids	Monoacylglycerols	3	1440	21031559.4	36381542275.7	0.000578083228045212	kruskal_wallis	0.769126364368571	0.881274570317642	ns	0.000112803196311134	9.61993312130568e-05
A549_180626_PS100	PS	raw	class	Monoacylglycerols	Monoacylglycerols	pathway	Fatty acids	Fatty acids	Glycerolipids	Monoacylglycerols	NPC class: Monoacylglycerols / NPC pathway: Fatty acids	Monoacylglycerols	3	1440	9937162.2	38000221483.6	0.000261502744248179	kruskal_wallis	0.769126364368571	0.881274570317642	ns	0.000112803196311134	9.61993312130568e-05
A549_180626_untreated	Untreated	raw	class	Monoacylglycerols	Monoacylglycerols	pathway	Fatty acids	Fatty acids	Glycerolipids	Monoacylglycerols	NPC class: Monoacylglycerols / NPC pathway: Fatty acids	Monoacylglycerols	3	1440	8867187.4	38180285352.2	0.000232245184083965	kruskal_wallis	0.769126364368571	0.881274570317642	ns	0.000112803196311134	9.61993312130568e-05
A549_210626_PET05	PET	raw	class	Monoacylglycerols	Monoacylglycerols	pathway	Fatty acids	Fatty acids	Glycerolipids	Monoacylglycerols	NPC class: Monoacylglycerols / NPC pathway: Fatty acids	Monoacylglycerols	3	1440	13134392.8	36530109795.76	0.000359549776155463	kruskal_wallis	0.769126364368571	0.881274570317642	ns	0.000112803196311134	9.61993312130568e-05
A549_210626_PET100	PET	raw	class	Monoacylglycerols	Monoacylglycerols	pathway	Fatty acids	Fatty acids	Glycerolipids	Monoacylglycerols	NPC class: Monoacylglycerols / NPC pathway: Fatty acids	Monoacylglycerols	3	1440	11219031.4	40523921542.8	0.000276849598283592	kruskal_wallis	0.769126364368571	0.881274570317642	ns	0.000112803196311134	9.61993312130568e-05
A549_210626_PS05	PS	raw	class	Monoacylglycerols	Monoacylglycerols	pathway	Fatty acids	Fatty acids	Glycerolipids	Monoacylglycerols	NPC class: Monoacylglycerols / NPC pathway: Fatty acids	Monoacylglycerols	3	1440	8882265.4	34631729940.5	0.000256477669907349	kruskal_wallis	0.769126364368571	0.881274570317642	ns	0.000112803196311134	9.61993312130568e-05
A549_210626_PS100	PS	raw	class	Monoacylglycerols	Monoacylglycerols	pathway	Fatty acids	Fatty acids	Glycerolipids	Monoacylglycerols	NPC class: Monoacylglycerols / NPC pathway: Fatty acids	Monoacylglycerols	3	1440	15860418.8	42962798740.1	0.000369166331456811	kruskal_wallis	0.769126364368571	0.881274570317642	ns	0.000112803196311134	9.61993312130568e-05
A549_210626_untreated	Untreated	raw	class	Monoacylglycerols	Monoacylglycerols	pathway	Fatty acids	Fatty acids	Glycerolipids	Monoacylglycerols	NPC class: Monoacylglycerols / NPC pathway: Fatty acids	Monoacylglycerols	3	1440	32925505.6	37950422097.55	0.000867592605831006	kruskal_wallis	0.769126364368571	0.881274570317642	ns	0.000112803196311134	9.61993312130568e-05
A549_110626_PET05	PET	raw	class	N-acyl amines	N-acyl amines	pathway	Fatty acids	Fatty acids	Fatty amides	N-acyl amines	NPC class: N-acyl amines / NPC pathway: Fatty acids	N-acyl amines	30	1440	849647248.4	34114366377.95	0.024905848726218	kruskal_wallis	0.541994188459187	0.742444286770597	ns	0.00200626906111116	0.00220187225741555
A549_110626_PET100	PET	raw	class	N-acyl amines	N-acyl amines	pathway	Fatty acids	Fatty acids	Fatty amides	N-acyl amines	NPC class: N-acyl amines / NPC pathway: Fatty acids	N-acyl amines	30	1440	952718856.7	35458165160.66	0.0268688143445454	kruskal_wallis	0.541994188459187	0.742444286770597	ns	0.00200626906111116	0.00220187225741555
A549_110626_PS05	PS	raw	class	N-acyl amines	N-acyl amines	pathway	Fatty acids	Fatty acids	Fatty amides	N-acyl amines	NPC class: N-acyl amines / NPC pathway: Fatty acids	N-acyl amines	30	1440	882227137.6	34785738556.84	0.0253617480669108	kruskal_wallis	0.541994188459187	0.742444286770597	ns	0.00200626906111116	0.00220187225741555
A549_110626_PS100	PS	raw	class	N-acyl amines	N-acyl amines	pathway	Fatty acids	Fatty acids	Fatty amides	N-acyl amines	NPC class: N-acyl amines / NPC pathway: Fatty acids	N-acyl amines	30	1440	928443933.5	39295522102.6	0.0236272196886924	kruskal_wallis	0.541994188459187	0.742444286770597	ns	0.00200626906111116	0.00220187225741555
A549_110626_untreated	Untreated	raw	class	N-acyl amines	N-acyl amines	pathway	Fatty acids	Fatty acids	Fatty amides	N-acyl amines	NPC class: N-acyl amines / NPC pathway: Fatty acids	N-acyl amines	30	1440	911934670.5	40726922534.5	0.0223914456027827	kruskal_wallis	0.541994188459187	0.742444286770597	ns	0.00200626906111116	0.00220187225741555
A549_180626_PET05	PET	raw	class	N-acyl amines	N-acyl amines	pathway	Fatty acids	Fatty acids	Fatty amides	N-acyl amines	NPC class: N-acyl amines / NPC pathway: Fatty acids	N-acyl amines	30	1440	688651633.8	31199184663.6	0.0220727445676953	kruskal_wallis	0.541994188459187	0.742444286770597	ns	0.00200626906111116	0.00220187225741555
A549_180626_PET100	PET	raw	class	N-acyl amines	N-acyl amines	pathway	Fatty acids	Fatty acids	Fatty amides	N-acyl amines	NPC class: N-acyl amines / NPC pathway: Fatty acids	N-acyl amines	30	1440	924825405.3	36474343757.1	0.0253555049943832	kruskal_wallis	0.541994188459187	0.742444286770597	ns	0.00200626906111116	0.00220187225741555
A549_180626_PS05	PS	raw	class	N-acyl amines	N-acyl amines	pathway	Fatty acids	Fatty acids	Fatty amides	N-acyl amines	NPC class: N-acyl amines / NPC pathway: Fatty acids	N-acyl amines	30	1440	1053447756.8	36381542275.7	0.0289555552322921	kruskal_wallis	0.541994188459187	0.742444286770597	ns	0.00200626906111116	0.00220187225741555
A549_180626_PS100	PS	raw	class	N-acyl amines	N-acyl amines	pathway	Fatty acids	Fatty acids	Fatty amides	N-acyl amines	NPC class: N-acyl amines / NPC pathway: Fatty acids	N-acyl amines	30	1440	938291775.8	38000221483.6	0.024691744920617	kruskal_wallis	0.541994188459187	0.742444286770597	ns	0.00200626906111116	0.00220187225741555
A549_180626_untreated	Untreated	raw	class	N-acyl amines	N-acyl amines	pathway	Fatty acids	Fatty acids	Fatty amides	N-acyl amines	NPC class: N-acyl amines / NPC pathway: Fatty acids	N-acyl amines	30	1440	956903697.1	38180285352.2	0.0250627696538382	kruskal_wallis	0.541994188459187	0.742444286770597	ns	0.00200626906111116	0.00220187225741555
A549_210626_PET05	PET	raw	class	N-acyl amines	N-acyl amines	pathway	Fatty acids	Fatty acids	Fatty amides	N-acyl amines	NPC class: N-acyl amines / NPC pathway: Fatty acids	N-acyl amines	30	1440	799589240.6	36530109795.76	0.0218884981477063	kruskal_wallis	0.541994188459187	0.742444286770597	ns	0.00200626906111116	0.00220187225741555
A549_210626_PET100	PET	raw	class	N-acyl amines	N-acyl amines	pathway	Fatty acids	Fatty acids	Fatty amides	N-acyl amines	NPC class: N-acyl amines / NPC pathway: Fatty acids	N-acyl amines	30	1440	968587064.2	40523921542.8	0.0239016123643663	kruskal_wallis	0.541994188459187	0.742444286770597	ns	0.00200626906111116	0.00220187225741555
A549_210626_PS05	PS	raw	class	N-acyl amines	N-acyl amines	pathway	Fatty acids	Fatty acids	Fatty amides	N-acyl amines	NPC class: N-acyl amines / NPC pathway: Fatty acids	N-acyl amines	30	1440	848300443.1	34631729940.5	0.0244948907997795	kruskal_wallis	0.541994188459187	0.742444286770597	ns	0.00200626906111116	0.00220187225741555
A549_210626_PS100	PS	raw	class	N-acyl amines	N-acyl amines	pathway	Fatty acids	Fatty acids	Fatty amides	N-acyl amines	NPC class: N-acyl amines / NPC pathway: Fatty acids	N-acyl amines	30	1440	951906814.5	42962798740.1	0.0221565364085912	kruskal_wallis	0.541994188459187	0.742444286770597	ns	0.00200626906111116	0.00220187225741555
A549_210626_untreated	Untreated	raw	class	N-acyl amines	N-acyl amines	pathway	Fatty acids	Fatty acids	Fatty amides	N-acyl amines	NPC class: N-acyl amines / NPC pathway: Fatty acids	N-acyl amines	30	1440	803441749.4	37950422097.55	0.0211708251184871	kruskal_wallis	0.541994188459187	0.742444286770597	ns	0.00200626906111116	0.00220187225741555
A549_110626_PET05	PET	raw	class	N-acyl ethanolamines (endocannabinoids)	N-acyl ethanolamines (endocannabinoids)	pathway	Fatty acids	Fatty acids	Fatty amides	N-acyl ethanolamines (endocannabinoids)	NPC class: N-acyl ethanolamines (endocannabinoids) / NPC pathway: Fatty acids	N-acyl ethanolamines (endocannabinoids)	29	1440	441549359.9	34114366377.95	0.0129432085886666	kruskal_wallis	0.403195657112499	0.698097555033196	ns	0.00105473060197419	0.00100877426937536
A549_110626_PET100	PET	raw	class	N-acyl ethanolamines (endocannabinoids)	N-acyl ethanolamines (endocannabinoids)	pathway	Fatty acids	Fatty acids	Fatty amides	N-acyl ethanolamines (endocannabinoids)	NPC class: N-acyl ethanolamines (endocannabinoids) / NPC pathway: Fatty acids	N-acyl ethanolamines (endocannabinoids)	29	1440	409899793.6	35458165160.66	0.0115600960101222	kruskal_wallis	0.403195657112499	0.698097555033196	ns	0.00105473060197419	0.00100877426937536
A549_110626_PS05	PS	raw	class	N-acyl ethanolamines (endocannabinoids)	N-acyl ethanolamines (endocannabinoids)	pathway	Fatty acids	Fatty acids	Fatty amides	N-acyl ethanolamines (endocannabinoids)	NPC class: N-acyl ethanolamines (endocannabinoids) / NPC pathway: Fatty acids	N-acyl ethanolamines (endocannabinoids)	29	1440	483068374.5	34785738556.84	0.0138869661689277	kruskal_wallis	0.403195657112499	0.698097555033196	ns	0.00105473060197419	0.00100877426937536
A549_110626_PS100	PS	raw	class	N-acyl ethanolamines (endocannabinoids)	N-acyl ethanolamines (endocannabinoids)	pathway	Fatty acids	Fatty acids	Fatty amides	N-acyl ethanolamines (endocannabinoids)	NPC class: N-acyl ethanolamines (endocannabinoids) / NPC pathway: Fatty acids	N-acyl ethanolamines (endocannabinoids)	29	1440	358846979.9	39295522102.6	0.00913200692341117	kruskal_wallis	0.403195657112499	0.698097555033196	ns	0.00105473060197419	0.00100877426937536
A549_110626_untreated	Untreated	raw	class	N-acyl ethanolamines (endocannabinoids)	N-acyl ethanolamines (endocannabinoids)	pathway	Fatty acids	Fatty acids	Fatty amides	N-acyl ethanolamines (endocannabinoids)	NPC class: N-acyl ethanolamines (endocannabinoids) / NPC pathway: Fatty acids	N-acyl ethanolamines (endocannabinoids)	29	1440	429998214.5	40726922534.5	0.0105580826573809	kruskal_wallis	0.403195657112499	0.698097555033196	ns	0.00105473060197419	0.00100877426937536
A549_180626_PET05	PET	raw	class	N-acyl ethanolamines (endocannabinoids)	N-acyl ethanolamines (endocannabinoids)	pathway	Fatty acids	Fatty acids	Fatty amides	N-acyl ethanolamines (endocannabinoids)	NPC class: N-acyl ethanolamines (endocannabinoids) / NPC pathway: Fatty acids	N-acyl ethanolamines (endocannabinoids)	29	1440	450324589.9	31199184663.6	0.0144338576394079	kruskal_wallis	0.403195657112499	0.698097555033196	ns	0.00105473060197419	0.00100877426937536
A549_180626_PET100	PET	raw	class	N-acyl ethanolamines (endocannabinoids)	N-acyl ethanolamines (endocannabinoids)	pathway	Fatty acids	Fatty acids	Fatty amides	N-acyl ethanolamines (endocannabinoids)	NPC class: N-acyl ethanolamines (endocannabinoids) / NPC pathway: Fatty acids	N-acyl ethanolamines (endocannabinoids)	29	1440	440774979.9	36474343757.1	0.0120845211865998	kruskal_wallis	0.403195657112499	0.698097555033196	ns	0.00105473060197419	0.00100877426937536
A549_180626_PS05	PS	raw	class	N-acyl ethanolamines (endocannabinoids)	N-acyl ethanolamines (endocannabinoids)	pathway	Fatty acids	Fatty acids	Fatty amides	N-acyl ethanolamines (endocannabinoids)	NPC class: N-acyl ethanolamines (endocannabinoids) / NPC pathway: Fatty acids	N-acyl ethanolamines (endocannabinoids)	29	1440	382068191.3	36381542275.7	0.0105017040895265	kruskal_wallis	0.403195657112499	0.698097555033196	ns	0.00105473060197419	0.00100877426937536
A549_180626_PS100	PS	raw	class	N-acyl ethanolamines (endocannabinoids)	N-acyl ethanolamines (endocannabinoids)	pathway	Fatty acids	Fatty acids	Fatty amides	N-acyl ethanolamines (endocannabinoids)	NPC class: N-acyl ethanolamines (endocannabinoids) / NPC pathway: Fatty acids	N-acyl ethanolamines (endocannabinoids)	29	1440	427291447.7	38000221483.6	0.0112444462431465	kruskal_wallis	0.403195657112499	0.698097555033196	ns	0.00105473060197419	0.00100877426937536
A549_180626_untreated	Untreated	raw	class	N-acyl ethanolamines (endocannabinoids)	N-acyl ethanolamines (endocannabinoids)	pathway	Fatty acids	Fatty acids	Fatty amides	N-acyl ethanolamines (endocannabinoids)	NPC class: N-acyl ethanolamines (endocannabinoids) / NPC pathway: Fatty acids	N-acyl ethanolamines (endocannabinoids)	29	1440	425836095.2	38180285352.2	0.0111532978675201	kruskal_wallis	0.403195657112499	0.698097555033196	ns	0.00105473060197419	0.00100877426937536
A549_210626_PET05	PET	raw	class	N-acyl ethanolamines (endocannabinoids)	N-acyl ethanolamines (endocannabinoids)	pathway	Fatty acids	Fatty acids	Fatty amides	N-acyl ethanolamines (endocannabinoids)	NPC class: N-acyl ethanolamines (endocannabinoids) / NPC pathway: Fatty acids	N-acyl ethanolamines (endocannabinoids)	29	1440	423307456	36530109795.76	0.0115879053845366	kruskal_wallis	0.403195657112499	0.698097555033196	ns	0.00105473060197419	0.00100877426937536
A549_210626_PET100	PET	raw	class	N-acyl ethanolamines (endocannabinoids)	N-acyl ethanolamines (endocannabinoids)	pathway	Fatty acids	Fatty acids	Fatty amides	N-acyl ethanolamines (endocannabinoids)	NPC class: N-acyl ethanolamines (endocannabinoids) / NPC pathway: Fatty acids	N-acyl ethanolamines (endocannabinoids)	29	1440	356465996.6	40523921542.8	0.00879643388469975	kruskal_wallis	0.403195657112499	0.698097555033196	ns	0.00105473060197419	0.00100877426937536
A549_210626_PS05	PS	raw	class	N-acyl ethanolamines (endocannabinoids)	N-acyl ethanolamines (endocannabinoids)	pathway	Fatty acids	Fatty acids	Fatty amides	N-acyl ethanolamines (endocannabinoids)	NPC class: N-acyl ethanolamines (endocannabinoids) / NPC pathway: Fatty acids	N-acyl ethanolamines (endocannabinoids)	29	1440	448630697.6	34631729940.5	0.0129543253649408	kruskal_wallis	0.403195657112499	0.698097555033196	ns	0.00105473060197419	0.00100877426937536
A549_210626_PS100	PS	raw	class	N-acyl ethanolamines (endocannabinoids)	N-acyl ethanolamines (endocannabinoids)	pathway	Fatty acids	Fatty acids	Fatty amides	N-acyl ethanolamines (endocannabinoids)	NPC class: N-acyl ethanolamines (endocannabinoids) / NPC pathway: Fatty acids	N-acyl ethanolamines (endocannabinoids)	29	1440	334815362.2	42962798740.1	0.00779314597788283	kruskal_wallis	0.403195657112499	0.698097555033196	ns	0.00105473060197419	0.00100877426937536
A549_210626_untreated	Untreated	raw	class	N-acyl ethanolamines (endocannabinoids)	N-acyl ethanolamines (endocannabinoids)	pathway	Fatty acids	Fatty acids	Fatty amides	N-acyl ethanolamines (endocannabinoids)	NPC class: N-acyl ethanolamines (endocannabinoids) / NPC pathway: Fatty acids	N-acyl ethanolamines (endocannabinoids)	29	1440	410905880.9	37950422097.55	0.0108274390161928	kruskal_wallis	0.403195657112499	0.698097555033196	ns	0.00105473060197419	0.00100877426937536
A549_110626_PET05	PET	raw	class	Neutral glycosphingolipids	Neutral glycosphingolipids	pathway	Fatty acids	Fatty acids	Spingolipids	Neutral glycosphingolipids	NPC class: Neutral glycosphingolipids / NPC pathway: Fatty acids	Neutral glycosphingolipids	27	1440	122858119.6	34114366377.95	0.00360136014952955	kruskal_wallis	0.341297755300994	0.698097555033196	ns	0.000408764711556995	0.000554169428985663
A549_110626_PET100	PET	raw	class	Neutral glycosphingolipids	Neutral glycosphingolipids	pathway	Fatty acids	Fatty acids	Spingolipids	Neutral glycosphingolipids	NPC class: Neutral glycosphingolipids / NPC pathway: Fatty acids	Neutral glycosphingolipids	27	1440	154230590.4	35458165160.66	0.00434964950107219	kruskal_wallis	0.341297755300994	0.698097555033196	ns	0.000408764711556995	0.000554169428985663
A549_110626_PS05	PS	raw	class	Neutral glycosphingolipids	Neutral glycosphingolipids	pathway	Fatty acids	Fatty acids	Spingolipids	Neutral glycosphingolipids	NPC class: Neutral glycosphingolipids / NPC pathway: Fatty acids	Neutral glycosphingolipids	27	1440	145362176.2	34785738556.84	0.00417878654387279	kruskal_wallis	0.341297755300994	0.698097555033196	ns	0.000408764711556995	0.000554169428985663
A549_110626_PS100	PS	raw	class	Neutral glycosphingolipids	Neutral glycosphingolipids	pathway	Fatty acids	Fatty acids	Spingolipids	Neutral glycosphingolipids	NPC class: Neutral glycosphingolipids / NPC pathway: Fatty acids	Neutral glycosphingolipids	27	1440	150132373.9	39295522102.6	0.00382059751001671	kruskal_wallis	0.341297755300994	0.698097555033196	ns	0.000408764711556995	0.000554169428985663
A549_110626_untreated	Untreated	raw	class	Neutral glycosphingolipids	Neutral glycosphingolipids	pathway	Fatty acids	Fatty acids	Spingolipids	Neutral glycosphingolipids	NPC class: Neutral glycosphingolipids / NPC pathway: Fatty acids	Neutral glycosphingolipids	27	1440	148109887.4	40726922534.5	0.00363665796929624	kruskal_wallis	0.341297755300994	0.698097555033196	ns	0.000408764711556995	0.000554169428985663
A549_180626_PET05	PET	raw	class	Neutral glycosphingolipids	Neutral glycosphingolipids	pathway	Fatty acids	Fatty acids	Spingolipids	Neutral glycosphingolipids	NPC class: Neutral glycosphingolipids / NPC pathway: Fatty acids	Neutral glycosphingolipids	27	1440	100071292.4	31199184663.6	0.0032074970381118	kruskal_wallis	0.341297755300994	0.698097555033196	ns	0.000408764711556995	0.000554169428985663
A549_180626_PET100	PET	raw	class	Neutral glycosphingolipids	Neutral glycosphingolipids	pathway	Fatty acids	Fatty acids	Spingolipids	Neutral glycosphingolipids	NPC class: Neutral glycosphingolipids / NPC pathway: Fatty acids	Neutral glycosphingolipids	27	1440	171355762	36474343757.1	0.00469798067214422	kruskal_wallis	0.341297755300994	0.698097555033196	ns	0.000408764711556995	0.000554169428985663
A549_180626_PS05	PS	raw	class	Neutral glycosphingolipids	Neutral glycosphingolipids	pathway	Fatty acids	Fatty acids	Spingolipids	Neutral glycosphingolipids	NPC class: Neutral glycosphingolipids / NPC pathway: Fatty acids	Neutral glycosphingolipids	27	1440	179989440.9	36381542275.7	0.00494727352502092	kruskal_wallis	0.341297755300994	0.698097555033196	ns	0.000408764711556995	0.000554169428985663
A549_180626_PS100	PS	raw	class	Neutral glycosphingolipids	Neutral glycosphingolipids	pathway	Fatty acids	Fatty acids	Spingolipids	Neutral glycosphingolipids	NPC class: Neutral glycosphingolipids / NPC pathway: Fatty acids	Neutral glycosphingolipids	27	1440	167998887.6	38000221483.6	0.00442099759004048	kruskal_wallis	0.341297755300994	0.698097555033196	ns	0.000408764711556995	0.000554169428985663
A549_180626_untreated	Untreated	raw	class	Neutral glycosphingolipids	Neutral glycosphingolipids	pathway	Fatty acids	Fatty acids	Spingolipids	Neutral glycosphingolipids	NPC class: Neutral glycosphingolipids / NPC pathway: Fatty acids	Neutral glycosphingolipids	27	1440	165198699.1	38180285352.2	0.00432680629744117	kruskal_wallis	0.341297755300994	0.698097555033196	ns	0.000408764711556995	0.000554169428985663
A549_210626_PET05	PET	raw	class	Neutral glycosphingolipids	Neutral glycosphingolipids	pathway	Fatty acids	Fatty acids	Spingolipids	Neutral glycosphingolipids	NPC class: Neutral glycosphingolipids / NPC pathway: Fatty acids	Neutral glycosphingolipids	27	1440	136670621.5	36530109795.76	0.00374131428194785	kruskal_wallis	0.341297755300994	0.698097555033196	ns	0.000408764711556995	0.000554169428985663
A549_210626_PET100	PET	raw	class	Neutral glycosphingolipids	Neutral glycosphingolipids	pathway	Fatty acids	Fatty acids	Spingolipids	Neutral glycosphingolipids	NPC class: Neutral glycosphingolipids / NPC pathway: Fatty acids	Neutral glycosphingolipids	27	1440	199012859.3	40523921542.8	0.00491099705367382	kruskal_wallis	0.341297755300994	0.698097555033196	ns	0.000408764711556995	0.000554169428985663
A549_210626_PS05	PS	raw	class	Neutral glycosphingolipids	Neutral glycosphingolipids	pathway	Fatty acids	Fatty acids	Spingolipids	Neutral glycosphingolipids	NPC class: Neutral glycosphingolipids / NPC pathway: Fatty acids	Neutral glycosphingolipids	27	1440	151727026.4	34631729940.5	0.00438115643257437	kruskal_wallis	0.341297755300994	0.698097555033196	ns	0.000408764711556995	0.000554169428985663
A549_210626_PS100	PS	raw	class	Neutral glycosphingolipids	Neutral glycosphingolipids	pathway	Fatty acids	Fatty acids	Spingolipids	Neutral glycosphingolipids	NPC class: Neutral glycosphingolipids / NPC pathway: Fatty acids	Neutral glycosphingolipids	27	1440	175387433.7	42962798740.1	0.00408230931976737	kruskal_wallis	0.341297755300994	0.698097555033196	ns	0.000408764711556995	0.000554169428985663
A549_210626_untreated	Untreated	raw	class	Neutral glycosphingolipids	Neutral glycosphingolipids	pathway	Fatty acids	Fatty acids	Spingolipids	Neutral glycosphingolipids	NPC class: Neutral glycosphingolipids / NPC pathway: Fatty acids	Neutral glycosphingolipids	27	1440	141395760.8	37950422097.55	0.00372580205923792	kruskal_wallis	0.341297755300994	0.698097555033196	ns	0.000408764711556995	0.000554169428985663
A549_110626_PET05	PET	raw	class	Nitro fatty acids	Nitro fatty acids	pathway	Fatty acids	Fatty acids	Fatty Acids and Conjugates | Fatty amides	Nitro fatty acids	NPC class: Nitro fatty acids / NPC pathway: Fatty acids	Nitro fatty acids	15	1440	281047974.8	34114366377.95	0.00823840524212863	kruskal_wallis	0.105399224561864	0.385631433652025	ns	0.0023158194687863	0.00240330342479056
A549_110626_PET100	PET	raw	class	Nitro fatty acids	Nitro fatty acids	pathway	Fatty acids	Fatty acids	Fatty Acids and Conjugates | Fatty amides	Nitro fatty acids	NPC class: Nitro fatty acids / NPC pathway: Fatty acids	Nitro fatty acids	15	1440	299476565	35458165160.66	0.00844591263092942	kruskal_wallis	0.105399224561864	0.385631433652025	ns	0.0023158194687863	0.00240330342479056
A549_110626_PS05	PS	raw	class	Nitro fatty acids	Nitro fatty acids	pathway	Fatty acids	Fatty acids	Fatty Acids and Conjugates | Fatty amides	Nitro fatty acids	NPC class: Nitro fatty acids / NPC pathway: Fatty acids	Nitro fatty acids	15	1440	247309782.9	34785738556.84	0.00710951651913025	kruskal_wallis	0.105399224561864	0.385631433652025	ns	0.0023158194687863	0.00240330342479056
A549_110626_PS100	PS	raw	class	Nitro fatty acids	Nitro fatty acids	pathway	Fatty acids	Fatty acids	Fatty Acids and Conjugates | Fatty amides	Nitro fatty acids	NPC class: Nitro fatty acids / NPC pathway: Fatty acids	Nitro fatty acids	15	1440	351058362.4	39295522102.6	0.00893380068811383	kruskal_wallis	0.105399224561864	0.385631433652025	ns	0.0023158194687863	0.00240330342479056
A549_110626_untreated	Untreated	raw	class	Nitro fatty acids	Nitro fatty acids	pathway	Fatty acids	Fatty acids	Fatty Acids and Conjugates | Fatty amides	Nitro fatty acids	NPC class: Nitro fatty acids / NPC pathway: Fatty acids	Nitro fatty acids	15	1440	276278979.3	40726922534.5	0.0067836939819345	kruskal_wallis	0.105399224561864	0.385631433652025	ns	0.0023158194687863	0.00240330342479056
A549_180626_PET05	PET	raw	class	Nitro fatty acids	Nitro fatty acids	pathway	Fatty acids	Fatty acids	Fatty Acids and Conjugates | Fatty amides	Nitro fatty acids	NPC class: Nitro fatty acids / NPC pathway: Fatty acids	Nitro fatty acids	15	1440	252933712.2	31199184663.6	0.0081070616084111	kruskal_wallis	0.105399224561864	0.385631433652025	ns	0.0023158194687863	0.00240330342479056
A549_180626_PET100	PET	raw	class	Nitro fatty acids	Nitro fatty acids	pathway	Fatty acids	Fatty acids	Fatty Acids and Conjugates | Fatty amides	Nitro fatty acids	NPC class: Nitro fatty acids / NPC pathway: Fatty acids	Nitro fatty acids	15	1440	235569256	36474343757.1	0.00645849196270035	kruskal_wallis	0.105399224561864	0.385631433652025	ns	0.0023158194687863	0.00240330342479056
A549_180626_PS05	PS	raw	class	Nitro fatty acids	Nitro fatty acids	pathway	Fatty acids	Fatty acids	Fatty Acids and Conjugates | Fatty amides	Nitro fatty acids	NPC class: Nitro fatty acids / NPC pathway: Fatty acids	Nitro fatty acids	15	1440	120967688	36381542275.7	0.00332497416088918	kruskal_wallis	0.105399224561864	0.385631433652025	ns	0.0023158194687863	0.00240330342479056
A549_180626_PS100	PS	raw	class	Nitro fatty acids	Nitro fatty acids	pathway	Fatty acids	Fatty acids	Fatty Acids and Conjugates | Fatty amides	Nitro fatty acids	NPC class: Nitro fatty acids / NPC pathway: Fatty acids	Nitro fatty acids	15	1440	217533615.5	38000221483.6	0.00572453546340203	kruskal_wallis	0.105399224561864	0.385631433652025	ns	0.0023158194687863	0.00240330342479056
A549_180626_untreated	Untreated	raw	class	Nitro fatty acids	Nitro fatty acids	pathway	Fatty acids	Fatty acids	Fatty Acids and Conjugates | Fatty amides	Nitro fatty acids	NPC class: Nitro fatty acids / NPC pathway: Fatty acids	Nitro fatty acids	15	1440	136965520.9	38180285352.2	0.00358733622958918	kruskal_wallis	0.105399224561864	0.385631433652025	ns	0.0023158194687863	0.00240330342479056
A549_210626_PET05	PET	raw	class	Nitro fatty acids	Nitro fatty acids	pathway	Fatty acids	Fatty acids	Fatty Acids and Conjugates | Fatty amides	Nitro fatty acids	NPC class: Nitro fatty acids / NPC pathway: Fatty acids	Nitro fatty acids	15	1440	310019165.7	36530109795.76	0.00848667489458199	kruskal_wallis	0.105399224561864	0.385631433652025	ns	0.0023158194687863	0.00240330342479056
A549_210626_PET100	PET	raw	class	Nitro fatty acids	Nitro fatty acids	pathway	Fatty acids	Fatty acids	Fatty Acids and Conjugates | Fatty amides	Nitro fatty acids	NPC class: Nitro fatty acids / NPC pathway: Fatty acids	Nitro fatty acids	15	1440	358660097	40523921542.8	0.00885057722316423	kruskal_wallis	0.105399224561864	0.385631433652025	ns	0.0023158194687863	0.00240330342479056
A549_210626_PS05	PS	raw	class	Nitro fatty acids	Nitro fatty acids	pathway	Fatty acids	Fatty acids	Fatty Acids and Conjugates | Fatty amides	Nitro fatty acids	NPC class: Nitro fatty acids / NPC pathway: Fatty acids	Nitro fatty acids	15	1440	122520389.7	34631729940.5	0.00353780737810382	kruskal_wallis	0.105399224561864	0.385631433652025	ns	0.0023158194687863	0.00240330342479056
A549_210626_PS100	PS	raw	class	Nitro fatty acids	Nitro fatty acids	pathway	Fatty acids	Fatty acids	Fatty Acids and Conjugates | Fatty amides	Nitro fatty acids	NPC class: Nitro fatty acids / NPC pathway: Fatty acids	Nitro fatty acids	15	1440	264357643.2	42962798740.1	0.0061531755600749	kruskal_wallis	0.105399224561864	0.385631433652025	ns	0.0023158194687863	0.00240330342479056
A549_210626_untreated	Untreated	raw	class	Nitro fatty acids	Nitro fatty acids	pathway	Fatty acids	Fatty acids	Fatty Acids and Conjugates | Fatty amides	Nitro fatty acids	NPC class: Nitro fatty acids / NPC pathway: Fatty acids	Nitro fatty acids	15	1440	264706970.7	37950422097.55	0.00697507316307528	kruskal_wallis	0.105399224561864	0.385631433652025	ns	0.0023158194687863	0.00240330342479056
A549_110626_PET05	PET	raw	class	Open-chain polyketides	Open-chain polyketides	pathway	Polyketides	Polyketides	Linear polyketides | Macrolides	Open-chain polyketides	NPC class: Open-chain polyketides / NPC pathway: Polyketides	Open-chain polyketides	7	150	94966256.5	6565292988.7	0.0144648923762357	kruskal_wallis	0.026427944276123	0.35055495421395	ns	0.00456262613174756	0.00237952021449853
A549_110626_PET100	PET	raw	class	Open-chain polyketides	Open-chain polyketides	pathway	Polyketides	Polyketides	Linear polyketides | Macrolides	Open-chain polyketides	NPC class: Open-chain polyketides / NPC pathway: Polyketides	Open-chain polyketides	7	150	107888214	8125399185.8	0.0132778970648662	kruskal_wallis	0.026427944276123	0.35055495421395	ns	0.00456262613174756	0.00237952021449853
A549_110626_PS05	PS	raw	class	Open-chain polyketides	Open-chain polyketides	pathway	Polyketides	Polyketides	Linear polyketides | Macrolides	Open-chain polyketides	NPC class: Open-chain polyketides / NPC pathway: Polyketides	Open-chain polyketides	7	150	96923322.7	6524424494.96	0.0148554593244004	kruskal_wallis	0.026427944276123	0.35055495421395	ns	0.00456262613174756	0.00237952021449853
A549_110626_PS100	PS	raw	class	Open-chain polyketides	Open-chain polyketides	pathway	Polyketides	Polyketides	Linear polyketides | Macrolides	Open-chain polyketides	NPC class: Open-chain polyketides / NPC pathway: Polyketides	Open-chain polyketides	7	150	113403431.2	7176029029.7	0.0158030898050507	kruskal_wallis	0.026427944276123	0.35055495421395	ns	0.00456262613174756	0.00237952021449853
A549_110626_untreated	Untreated	raw	class	Open-chain polyketides	Open-chain polyketides	pathway	Polyketides	Polyketides	Linear polyketides | Macrolides	Open-chain polyketides	NPC class: Open-chain polyketides / NPC pathway: Polyketides	Open-chain polyketides	7	150	113523613.9	7977246302.3	0.0142309275153343	kruskal_wallis	0.026427944276123	0.35055495421395	ns	0.00456262613174756	0.00237952021449853
A549_180626_PET05	PET	raw	class	Open-chain polyketides	Open-chain polyketides	pathway	Polyketides	Polyketides	Linear polyketides | Macrolides	Open-chain polyketides	NPC class: Open-chain polyketides / NPC pathway: Polyketides	Open-chain polyketides	7	150	61456339.3	7016090678.2	0.00875934222044103	kruskal_wallis	0.026427944276123	0.35055495421395	ns	0.00456262613174756	0.00237952021449853
A549_180626_PET100	PET	raw	class	Open-chain polyketides	Open-chain polyketides	pathway	Polyketides	Polyketides	Linear polyketides | Macrolides	Open-chain polyketides	NPC class: Open-chain polyketides / NPC pathway: Polyketides	Open-chain polyketides	7	150	112680732.5	7887370547.1	0.0142862227439574	kruskal_wallis	0.026427944276123	0.35055495421395	ns	0.00456262613174756	0.00237952021449853
A549_180626_PS05	PS	raw	class	Open-chain polyketides	Open-chain polyketides	pathway	Polyketides	Polyketides	Linear polyketides | Macrolides	Open-chain polyketides	NPC class: Open-chain polyketides / NPC pathway: Polyketides	Open-chain polyketides	7	150	125196053.4	8429696401.7	0.0148517867588626	kruskal_wallis	0.026427944276123	0.35055495421395	ns	0.00456262613174756	0.00237952021449853
A549_180626_PS100	PS	raw	class	Open-chain polyketides	Open-chain polyketides	pathway	Polyketides	Polyketides	Linear polyketides | Macrolides	Open-chain polyketides	NPC class: Open-chain polyketides / NPC pathway: Polyketides	Open-chain polyketides	7	150	133373867.7	7744341501.3	0.0172221056725883	kruskal_wallis	0.026427944276123	0.35055495421395	ns	0.00456262613174756	0.00237952021449853
A549_180626_untreated	Untreated	raw	class	Open-chain polyketides	Open-chain polyketides	pathway	Polyketides	Polyketides	Linear polyketides | Macrolides	Open-chain polyketides	NPC class: Open-chain polyketides / NPC pathway: Polyketides	Open-chain polyketides	7	150	131599287	9311438840.8	0.014133077524321	kruskal_wallis	0.026427944276123	0.35055495421395	ns	0.00456262613174756	0.00237952021449853
A549_210626_PET05	PET	raw	class	Open-chain polyketides	Open-chain polyketides	pathway	Polyketides	Polyketides	Linear polyketides | Macrolides	Open-chain polyketides	NPC class: Open-chain polyketides / NPC pathway: Polyketides	Open-chain polyketides	7	150	122424197.2	8649773546.5	0.014153456913278	kruskal_wallis	0.026427944276123	0.35055495421395	ns	0.00456262613174756	0.00237952021449853
A549_210626_PET100	PET	raw	class	Open-chain polyketides	Open-chain polyketides	pathway	Polyketides	Polyketides	Linear polyketides | Macrolides	Open-chain polyketides	NPC class: Open-chain polyketides / NPC pathway: Polyketides	Open-chain polyketides	7	150	140508769.1	7046049113	0.019941497262737	kruskal_wallis	0.026427944276123	0.35055495421395	ns	0.00456262613174756	0.00237952021449853
A549_210626_PS05	PS	raw	class	Open-chain polyketides	Open-chain polyketides	pathway	Polyketides	Polyketides	Linear polyketides | Macrolides	Open-chain polyketides	NPC class: Open-chain polyketides / NPC pathway: Polyketides	Open-chain polyketides	7	150	125922535.3	6664796721.2	0.0188936798176385	kruskal_wallis	0.026427944276123	0.35055495421395	ns	0.00456262613174756	0.00237952021449853
A549_210626_PS100	PS	raw	class	Open-chain polyketides	Open-chain polyketides	pathway	Polyketides	Polyketides	Linear polyketides | Macrolides	Open-chain polyketides	NPC class: Open-chain polyketides / NPC pathway: Polyketides	Open-chain polyketides	7	150	195305705.8	7600031547.2	0.0256980125131131	kruskal_wallis	0.026427944276123	0.35055495421395	ns	0.00456262613174756	0.00237952021449853
A549_210626_untreated	Untreated	raw	class	Open-chain polyketides	Open-chain polyketides	pathway	Polyketides	Polyketides	Linear polyketides | Macrolides	Open-chain polyketides	NPC class: Open-chain polyketides / NPC pathway: Polyketides	Open-chain polyketides	7	150	102705495	8846156040.8	0.0116101835109289	kruskal_wallis	0.026427944276123	0.35055495421395	ns	0.00456262613174756	0.00237952021449853
A549_110626_PET05	PET	raw	class	Other Octadecanoids	Other Octadecanoids	pathway	Fatty acids	Fatty acids	Fatty Acids and Conjugates | Octadecanoids	Other Octadecanoids	NPC class: Other Octadecanoids / NPC pathway: Fatty acids	Other Octadecanoids	15	1440	605750231.2	34114366377.95	0.0177564555791231	kruskal_wallis	0.687289278790972	0.831254874671711	ns	0.0041390088858972	0.0024917795905953
A549_110626_PET100	PET	raw	class	Other Octadecanoids	Other Octadecanoids	pathway	Fatty acids	Fatty acids	Fatty Acids and Conjugates | Octadecanoids	Other Octadecanoids	NPC class: Other Octadecanoids / NPC pathway: Fatty acids	Other Octadecanoids	15	1440	702442461.5	35458165160.66	0.0198104571490728	kruskal_wallis	0.687289278790972	0.831254874671711	ns	0.0041390088858972	0.0024917795905953
A549_110626_PS05	PS	raw	class	Other Octadecanoids	Other Octadecanoids	pathway	Fatty acids	Fatty acids	Fatty Acids and Conjugates | Octadecanoids	Other Octadecanoids	NPC class: Other Octadecanoids / NPC pathway: Fatty acids	Other Octadecanoids	15	1440	865027888.2	34785738556.84	0.0248673141375608	kruskal_wallis	0.687289278790972	0.831254874671711	ns	0.0041390088858972	0.0024917795905953
A549_110626_PS100	PS	raw	class	Other Octadecanoids	Other Octadecanoids	pathway	Fatty acids	Fatty acids	Fatty Acids and Conjugates | Octadecanoids	Other Octadecanoids	NPC class: Other Octadecanoids / NPC pathway: Fatty acids	Other Octadecanoids	15	1440	1030990209.8	39295522102.6	0.0262368370398057	kruskal_wallis	0.687289278790972	0.831254874671711	ns	0.0041390088858972	0.0024917795905953
A549_110626_untreated	Untreated	raw	class	Other Octadecanoids	Other Octadecanoids	pathway	Fatty acids	Fatty acids	Fatty Acids and Conjugates | Octadecanoids	Other Octadecanoids	NPC class: Other Octadecanoids / NPC pathway: Fatty acids	Other Octadecanoids	15	1440	772115425.3	40726922534.5	0.0189583542592971	kruskal_wallis	0.687289278790972	0.831254874671711	ns	0.0041390088858972	0.0024917795905953
A549_180626_PET05	PET	raw	class	Other Octadecanoids	Other Octadecanoids	pathway	Fatty acids	Fatty acids	Fatty Acids and Conjugates | Octadecanoids	Other Octadecanoids	NPC class: Other Octadecanoids / NPC pathway: Fatty acids	Other Octadecanoids	15	1440	631389350.7	31199184663.6	0.0202373670180119	kruskal_wallis	0.687289278790972	0.831254874671711	ns	0.0041390088858972	0.0024917795905953
A549_180626_PET100	PET	raw	class	Other Octadecanoids	Other Octadecanoids	pathway	Fatty acids	Fatty acids	Fatty Acids and Conjugates | Octadecanoids	Other Octadecanoids	NPC class: Other Octadecanoids / NPC pathway: Fatty acids	Other Octadecanoids	15	1440	826614430	36474343757.1	0.0226629006817729	kruskal_wallis	0.687289278790972	0.831254874671711	ns	0.0041390088858972	0.0024917795905953
A549_180626_PS05	PS	raw	class	Other Octadecanoids	Other Octadecanoids	pathway	Fatty acids	Fatty acids	Fatty Acids and Conjugates | Octadecanoids	Other Octadecanoids	NPC class: Other Octadecanoids / NPC pathway: Fatty acids	Other Octadecanoids	15	1440	343563221.1	36381542275.7	0.00944333856152858	kruskal_wallis	0.687289278790972	0.831254874671711	ns	0.0041390088858972	0.0024917795905953
A549_180626_PS100	PS	raw	class	Other Octadecanoids	Other Octadecanoids	pathway	Fatty acids	Fatty acids	Fatty Acids and Conjugates | Octadecanoids	Other Octadecanoids	NPC class: Other Octadecanoids / NPC pathway: Fatty acids	Other Octadecanoids	15	1440	747480867.9	38000221483.6	0.0196704345058251	kruskal_wallis	0.687289278790972	0.831254874671711	ns	0.0041390088858972	0.0024917795905953
A549_180626_untreated	Untreated	raw	class	Other Octadecanoids	Other Octadecanoids	pathway	Fatty acids	Fatty acids	Fatty Acids and Conjugates | Octadecanoids	Other Octadecanoids	NPC class: Other Octadecanoids / NPC pathway: Fatty acids	Other Octadecanoids	15	1440	443019028.4	38180285352.2	0.0116033451377668	kruskal_wallis	0.687289278790972	0.831254874671711	ns	0.0041390088858972	0.0024917795905953
A549_210626_PET05	PET	raw	class	Other Octadecanoids	Other Octadecanoids	pathway	Fatty acids	Fatty acids	Fatty Acids and Conjugates | Octadecanoids	Other Octadecanoids	NPC class: Other Octadecanoids / NPC pathway: Fatty acids	Other Octadecanoids	15	1440	1143323174.7	36530109795.76	0.031298103977577	kruskal_wallis	0.687289278790972	0.831254874671711	ns	0.0041390088858972	0.0024917795905953
A549_210626_PET100	PET	raw	class	Other Octadecanoids	Other Octadecanoids	pathway	Fatty acids	Fatty acids	Fatty Acids and Conjugates | Octadecanoids	Other Octadecanoids	NPC class: Other Octadecanoids / NPC pathway: Fatty acids	Other Octadecanoids	15	1440	955876778.7	40523921542.8	0.0235879634129297	kruskal_wallis	0.687289278790972	0.831254874671711	ns	0.0041390088858972	0.0024917795905953
A549_210626_PS05	PS	raw	class	Other Octadecanoids	Other Octadecanoids	pathway	Fatty acids	Fatty acids	Fatty Acids and Conjugates | Octadecanoids	Other Octadecanoids	NPC class: Other Octadecanoids / NPC pathway: Fatty acids	Other Octadecanoids	15	1440	393218816.7	34631729940.5	0.0113542932269217	kruskal_wallis	0.687289278790972	0.831254874671711	ns	0.0041390088858972	0.0024917795905953
A549_210626_PS100	PS	raw	class	Other Octadecanoids	Other Octadecanoids	pathway	Fatty acids	Fatty acids	Fatty Acids and Conjugates | Octadecanoids	Other Octadecanoids	NPC class: Other Octadecanoids / NPC pathway: Fatty acids	Other Octadecanoids	15	1440	917835635.3	42962798740.1	0.0213634973096695	kruskal_wallis	0.687289278790972	0.831254874671711	ns	0.0041390088858972	0.0024917795905953
A549_210626_untreated	Untreated	raw	class	Other Octadecanoids	Other Octadecanoids	pathway	Fatty acids	Fatty acids	Fatty Acids and Conjugates | Octadecanoids	Other Octadecanoids	NPC class: Other Octadecanoids / NPC pathway: Fatty acids	Other Octadecanoids	15	1440	937295648.5	37950422097.55	0.0246978978544882	kruskal_wallis	0.687289278790972	0.831254874671711	ns	0.0041390088858972	0.0024917795905953
A549_110626_PET05	PET	raw	class	Oxo fatty acids	Oxo fatty acids	pathway	Fatty acids	Fatty acids	Fatty Acids and Conjugates	Oxo fatty acids	NPC class: Oxo fatty acids / NPC pathway: Fatty acids	Oxo fatty acids	2	1440	15211437.5	34114366377.95	0.000445895354803717	kruskal_wallis	0.0491686034717736	0.384409081688412	ns	0.000227117809709322	0.000258295899203687
A549_110626_PET100	PET	raw	class	Oxo fatty acids	Oxo fatty acids	pathway	Fatty acids	Fatty acids	Fatty Acids and Conjugates	Oxo fatty acids	NPC class: Oxo fatty acids / NPC pathway: Fatty acids	Oxo fatty acids	2	1440	13849111.5	35458165160.66	0.000390576089801885	kruskal_wallis	0.0491686034717736	0.384409081688412	ns	0.000227117809709322	0.000258295899203687
A549_110626_PS05	PS	raw	class	Oxo fatty acids	Oxo fatty acids	pathway	Fatty acids	Fatty acids	Fatty Acids and Conjugates	Oxo fatty acids	NPC class: Oxo fatty acids / NPC pathway: Fatty acids	Oxo fatty acids	2	1440	8389081.2	34785738556.84	0.000241164383682474	kruskal_wallis	0.0491686034717736	0.384409081688412	ns	0.000227117809709322	0.000258295899203687
A549_110626_PS100	PS	raw	class	Oxo fatty acids	Oxo fatty acids	pathway	Fatty acids	Fatty acids	Fatty Acids and Conjugates	Oxo fatty acids	NPC class: Oxo fatty acids / NPC pathway: Fatty acids	Oxo fatty acids	2	1440	16928770	39295522102.6	0.000430806593071833	kruskal_wallis	0.0491686034717736	0.384409081688412	ns	0.000227117809709322	0.000258295899203687
A549_110626_untreated	Untreated	raw	class	Oxo fatty acids	Oxo fatty acids	pathway	Fatty acids	Fatty acids	Fatty Acids and Conjugates	Oxo fatty acids	NPC class: Oxo fatty acids / NPC pathway: Fatty acids	Oxo fatty acids	2	1440	6129547.1	40726922534.5	0.000150503566647041	kruskal_wallis	0.0491686034717736	0.384409081688412	ns	0.000227117809709322	0.000258295899203687
A549_180626_PET05	PET	raw	class	Oxo fatty acids	Oxo fatty acids	pathway	Fatty acids	Fatty acids	Fatty Acids and Conjugates	Oxo fatty acids	NPC class: Oxo fatty acids / NPC pathway: Fatty acids	Oxo fatty acids	2	1440	13322764.5	31199184663.6	0.000427022841899572	kruskal_wallis	0.0491686034717736	0.384409081688412	ns	0.000227117809709322	0.000258295899203687
A549_180626_PET100	PET	raw	class	Oxo fatty acids	Oxo fatty acids	pathway	Fatty acids	Fatty acids	Fatty Acids and Conjugates	Oxo fatty acids	NPC class: Oxo fatty acids / NPC pathway: Fatty acids	Oxo fatty acids	2	1440	5658041.6	36474343757.1	0.000155123876598839	kruskal_wallis	0.0491686034717736	0.384409081688412	ns	0.000227117809709322	0.000258295899203687
A549_180626_PS05	PS	raw	class	Oxo fatty acids	Oxo fatty acids	pathway	Fatty acids	Fatty acids	Fatty Acids and Conjugates	Oxo fatty acids	NPC class: Oxo fatty acids / NPC pathway: Fatty acids	Oxo fatty acids	2	1440	2882107.6	36381542275.7	7.92189505920155e-05	kruskal_wallis	0.0491686034717736	0.384409081688412	ns	0.000227117809709322	0.000258295899203687
A549_180626_PS100	PS	raw	class	Oxo fatty acids	Oxo fatty acids	pathway	Fatty acids	Fatty acids	Fatty Acids and Conjugates	Oxo fatty acids	NPC class: Oxo fatty acids / NPC pathway: Fatty acids	Oxo fatty acids	2	1440	5808364.6	38000221483.6	0.000152850809106646	kruskal_wallis	0.0491686034717736	0.384409081688412	ns	0.000227117809709322	0.000258295899203687
A549_180626_untreated	Untreated	raw	class	Oxo fatty acids	Oxo fatty acids	pathway	Fatty acids	Fatty acids	Fatty Acids and Conjugates	Oxo fatty acids	NPC class: Oxo fatty acids / NPC pathway: Fatty acids	Oxo fatty acids	2	1440	3211658.1	38180285352.2	8.41182319716461e-05	kruskal_wallis	0.0491686034717736	0.384409081688412	ns	0.000227117809709322	0.000258295899203687
A549_210626_PET05	PET	raw	class	Oxo fatty acids	Oxo fatty acids	pathway	Fatty acids	Fatty acids	Fatty Acids and Conjugates	Oxo fatty acids	NPC class: Oxo fatty acids / NPC pathway: Fatty acids	Oxo fatty acids	2	1440	11091586.6	36530109795.76	0.000303628613820575	kruskal_wallis	0.0491686034717736	0.384409081688412	ns	0.000227117809709322	0.000258295899203687
A549_210626_PET100	PET	raw	class	Oxo fatty acids	Oxo fatty acids	pathway	Fatty acids	Fatty acids	Fatty Acids and Conjugates	Oxo fatty acids	NPC class: Oxo fatty acids / NPC pathway: Fatty acids	Oxo fatty acids	2	1440	19638350	40523921542.8	0.000484611292598093	kruskal_wallis	0.0491686034717736	0.384409081688412	ns	0.000227117809709322	0.000258295899203687
A549_210626_PS05	PS	raw	class	Oxo fatty acids	Oxo fatty acids	pathway	Fatty acids	Fatty acids	Fatty Acids and Conjugates	Oxo fatty acids	NPC class: Oxo fatty acids / NPC pathway: Fatty acids	Oxo fatty acids	2	1440	2993083	34631729940.5	8.64260319984693e-05	kruskal_wallis	0.0491686034717736	0.384409081688412	ns	0.000227117809709322	0.000258295899203687
A549_210626_PS100	PS	raw	class	Oxo fatty acids	Oxo fatty acids	pathway	Fatty acids	Fatty acids	Fatty Acids and Conjugates	Oxo fatty acids	NPC class: Oxo fatty acids / NPC pathway: Fatty acids	Oxo fatty acids	2	1440	9544567.6	42962798740.1	0.000222158888152029	kruskal_wallis	0.0491686034717736	0.384409081688412	ns	0.000227117809709322	0.000258295899203687
A549_210626_untreated	Untreated	raw	class	Oxo fatty acids	Oxo fatty acids	pathway	Fatty acids	Fatty acids	Fatty Acids and Conjugates	Oxo fatty acids	NPC class: Oxo fatty acids / NPC pathway: Fatty acids	Oxo fatty acids	2	1440	7113951.1	37950422097.55	0.000187453807014686	kruskal_wallis	0.0491686034717736	0.384409081688412	ns	0.000227117809709322	0.000258295899203687
A549_110626_PET05	PET	raw	class	Phosphosphingolipids	Phosphosphingolipids	pathway	Fatty acids	Fatty acids	Spingolipids	Phosphosphingolipids	NPC class: Phosphosphingolipids / NPC pathway: Fatty acids	Phosphosphingolipids	27	1440	309613277	34114366377.95	0.00907574461650034	kruskal_wallis	0.507039349150112	0.742444286770597	ns	0.00250184138541189	0.00188700385212251
A549_110626_PET100	PET	raw	class	Phosphosphingolipids	Phosphosphingolipids	pathway	Fatty acids	Fatty acids	Spingolipids	Phosphosphingolipids	NPC class: Phosphosphingolipids / NPC pathway: Fatty acids	Phosphosphingolipids	27	1440	429370557.9	35458165160.66	0.0121092153515145	kruskal_wallis	0.507039349150112	0.742444286770597	ns	0.00250184138541189	0.00188700385212251
A549_110626_PS05	PS	raw	class	Phosphosphingolipids	Phosphosphingolipids	pathway	Fatty acids	Fatty acids	Spingolipids	Phosphosphingolipids	NPC class: Phosphosphingolipids / NPC pathway: Fatty acids	Phosphosphingolipids	27	1440	372315326.2	34785738556.84	0.010703102525526	kruskal_wallis	0.507039349150112	0.742444286770597	ns	0.00250184138541189	0.00188700385212251
A549_110626_PS100	PS	raw	class	Phosphosphingolipids	Phosphosphingolipids	pathway	Fatty acids	Fatty acids	Spingolipids	Phosphosphingolipids	NPC class: Phosphosphingolipids / NPC pathway: Fatty acids	Phosphosphingolipids	27	1440	470202552	39295522102.6	0.0119658049273988	kruskal_wallis	0.507039349150112	0.742444286770597	ns	0.00250184138541189	0.00188700385212251
A549_110626_untreated	Untreated	raw	class	Phosphosphingolipids	Phosphosphingolipids	pathway	Fatty acids	Fatty acids	Spingolipids	Phosphosphingolipids	NPC class: Phosphosphingolipids / NPC pathway: Fatty acids	Phosphosphingolipids	27	1440	510026769.7	40726922534.5	0.0125230863998613	kruskal_wallis	0.507039349150112	0.742444286770597	ns	0.00250184138541189	0.00188700385212251
A549_180626_PET05	PET	raw	class	Phosphosphingolipids	Phosphosphingolipids	pathway	Fatty acids	Fatty acids	Spingolipids	Phosphosphingolipids	NPC class: Phosphosphingolipids / NPC pathway: Fatty acids	Phosphosphingolipids	27	1440	214258398	31199184663.6	0.00686743580994841	kruskal_wallis	0.507039349150112	0.742444286770597	ns	0.00250184138541189	0.00188700385212251
A549_180626_PET100	PET	raw	class	Phosphosphingolipids	Phosphosphingolipids	pathway	Fatty acids	Fatty acids	Spingolipids	Phosphosphingolipids	NPC class: Phosphosphingolipids / NPC pathway: Fatty acids	Phosphosphingolipids	27	1440	474084755.8	36474343757.1	0.0129977597117896	kruskal_wallis	0.507039349150112	0.742444286770597	ns	0.00250184138541189	0.00188700385212251
A549_180626_PS05	PS	raw	class	Phosphosphingolipids	Phosphosphingolipids	pathway	Fatty acids	Fatty acids	Spingolipids	Phosphosphingolipids	NPC class: Phosphosphingolipids / NPC pathway: Fatty acids	Phosphosphingolipids	27	1440	643598660.7	36381542275.7	0.0176902522664597	kruskal_wallis	0.507039349150112	0.742444286770597	ns	0.00250184138541189	0.00188700385212251
A549_180626_PS100	PS	raw	class	Phosphosphingolipids	Phosphosphingolipids	pathway	Fatty acids	Fatty acids	Spingolipids	Phosphosphingolipids	NPC class: Phosphosphingolipids / NPC pathway: Fatty acids	Phosphosphingolipids	27	1440	459835485.9	38000221483.6	0.0121008633094008	kruskal_wallis	0.507039349150112	0.742444286770597	ns	0.00250184138541189	0.00188700385212251
A549_180626_untreated	Untreated	raw	class	Phosphosphingolipids	Phosphosphingolipids	pathway	Fatty acids	Fatty acids	Spingolipids	Phosphosphingolipids	NPC class: Phosphosphingolipids / NPC pathway: Fatty acids	Phosphosphingolipids	27	1440	588316549.2	38180285352.2	0.0154089091732286	kruskal_wallis	0.507039349150112	0.742444286770597	ns	0.00250184138541189	0.00188700385212251
A549_210626_PET05	PET	raw	class	Phosphosphingolipids	Phosphosphingolipids	pathway	Fatty acids	Fatty acids	Spingolipids	Phosphosphingolipids	NPC class: Phosphosphingolipids / NPC pathway: Fatty acids	Phosphosphingolipids	27	1440	334723560.2	36530109795.76	0.00916294974396302	kruskal_wallis	0.507039349150112	0.742444286770597	ns	0.00250184138541189	0.00188700385212251
A549_210626_PET100	PET	raw	class	Phosphosphingolipids	Phosphosphingolipids	pathway	Fatty acids	Fatty acids	Spingolipids	Phosphosphingolipids	NPC class: Phosphosphingolipids / NPC pathway: Fatty acids	Phosphosphingolipids	27	1440	588876478.9	40523921542.8	0.0145315768188439	kruskal_wallis	0.507039349150112	0.742444286770597	ns	0.00250184138541189	0.00188700385212251
A549_210626_PS05	PS	raw	class	Phosphosphingolipids	Phosphosphingolipids	pathway	Fatty acids	Fatty acids	Spingolipids	Phosphosphingolipids	NPC class: Phosphosphingolipids / NPC pathway: Fatty acids	Phosphosphingolipids	27	1440	430246390.1	34631729940.5	0.0124234738154634	kruskal_wallis	0.507039349150112	0.742444286770597	ns	0.00250184138541189	0.00188700385212251
A549_210626_PS100	PS	raw	class	Phosphosphingolipids	Phosphosphingolipids	pathway	Fatty acids	Fatty acids	Spingolipids	Phosphosphingolipids	NPC class: Phosphosphingolipids / NPC pathway: Fatty acids	Phosphosphingolipids	27	1440	512491018.4	42962798740.1	0.011928715852528	kruskal_wallis	0.507039349150112	0.742444286770597	ns	0.00250184138541189	0.00188700385212251
A549_210626_untreated	Untreated	raw	class	Phosphosphingolipids	Phosphosphingolipids	pathway	Fatty acids	Fatty acids	Spingolipids	Phosphosphingolipids	NPC class: Phosphosphingolipids / NPC pathway: Fatty acids	Phosphosphingolipids	27	1440	453350794	37950422097.55	0.0119458696094257	kruskal_wallis	0.507039349150112	0.742444286770597	ns	0.00250184138541189	0.00188700385212251
A549_110626_PET05	PET	raw	class	Polyene macrolides	Polyene macrolides	pathway	Polyketides	Polyketides	Macrolides	Polyene macrolides	NPC class: Polyene macrolides / NPC pathway: Polyketides	Polyene macrolides	4	150	7860224.5	6565292988.7	0.00119723895240148	kruskal_wallis	0.778800783071405	0.881274570317642	ns	8.37443349760482e-05	0.000224813488459378
A549_110626_PET100	PET	raw	class	Polyene macrolides	Polyene macrolides	pathway	Polyketides	Polyketides	Macrolides	Polyene macrolides	NPC class: Polyene macrolides / NPC pathway: Polyketides	Polyene macrolides	4	150	9103174.3	8125399185.8	0.00112033564035952	kruskal_wallis	0.778800783071405	0.881274570317642	ns	8.37443349760482e-05	0.000224813488459378
A549_110626_PS05	PS	raw	class	Polyene macrolides	Polyene macrolides	pathway	Polyketides	Polyketides	Macrolides	Polyene macrolides	NPC class: Polyene macrolides / NPC pathway: Polyketides	Polyene macrolides	4	150	7814048.8	6524424494.96	0.00119766100535552	kruskal_wallis	0.778800783071405	0.881274570317642	ns	8.37443349760482e-05	0.000224813488459378
A549_110626_PS100	PS	raw	class	Polyene macrolides	Polyene macrolides	pathway	Polyketides	Polyketides	Macrolides	Polyene macrolides	NPC class: Polyene macrolides / NPC pathway: Polyketides	Polyene macrolides	4	150	8647143.4	7176029029.7	0.00120500396029773	kruskal_wallis	0.778800783071405	0.881274570317642	ns	8.37443349760482e-05	0.000224813488459378
A549_110626_untreated	Untreated	raw	class	Polyene macrolides	Polyene macrolides	pathway	Polyketides	Polyketides	Macrolides	Polyene macrolides	NPC class: Polyene macrolides / NPC pathway: Polyketides	Polyene macrolides	4	150	10972930.6	7977246302.3	0.0013755286203005	kruskal_wallis	0.778800783071405	0.881274570317642	ns	8.37443349760482e-05	0.000224813488459378
A549_180626_PET05	PET	raw	class	Polyene macrolides	Polyene macrolides	pathway	Polyketides	Polyketides	Macrolides	Polyene macrolides	NPC class: Polyene macrolides / NPC pathway: Polyketides	Polyene macrolides	4	150	5558267	7016090678.2	0.000792217098514752	kruskal_wallis	0.778800783071405	0.881274570317642	ns	8.37443349760482e-05	0.000224813488459378
A549_180626_PET100	PET	raw	class	Polyene macrolides	Polyene macrolides	pathway	Polyketides	Polyketides	Macrolides	Polyene macrolides	NPC class: Polyene macrolides / NPC pathway: Polyketides	Polyene macrolides	4	150	8467941.6	7887370547.1	0.0010736076807135	kruskal_wallis	0.778800783071405	0.881274570317642	ns	8.37443349760482e-05	0.000224813488459378
A549_180626_PS05	PS	raw	class	Polyene macrolides	Polyene macrolides	pathway	Polyketides	Polyketides	Macrolides	Polyene macrolides	NPC class: Polyene macrolides / NPC pathway: Polyketides	Polyene macrolides	4	150	7466929.6	8429696401.7	0.000885788674250968	kruskal_wallis	0.778800783071405	0.881274570317642	ns	8.37443349760482e-05	0.000224813488459378
A549_180626_PS100	PS	raw	class	Polyene macrolides	Polyene macrolides	pathway	Polyketides	Polyketides	Macrolides	Polyene macrolides	NPC class: Polyene macrolides / NPC pathway: Polyketides	Polyene macrolides	4	150	8819191.4	7744341501.3	0.00113879164529606	kruskal_wallis	0.778800783071405	0.881274570317642	ns	8.37443349760482e-05	0.000224813488459378
A549_180626_untreated	Untreated	raw	class	Polyene macrolides	Polyene macrolides	pathway	Polyketides	Polyketides	Macrolides	Polyene macrolides	NPC class: Polyene macrolides / NPC pathway: Polyketides	Polyene macrolides	4	150	8678436.5	9311438840.8	0.000932018847825497	kruskal_wallis	0.778800783071405	0.881274570317642	ns	8.37443349760482e-05	0.000224813488459378
A549_210626_PET05	PET	raw	class	Polyene macrolides	Polyene macrolides	pathway	Polyketides	Polyketides	Macrolides	Polyene macrolides	NPC class: Polyene macrolides / NPC pathway: Polyketides	Polyene macrolides	4	150	5894628.3	8649773546.5	0.000681477759887156	kruskal_wallis	0.778800783071405	0.881274570317642	ns	8.37443349760482e-05	0.000224813488459378
A549_210626_PET100	PET	raw	class	Polyene macrolides	Polyene macrolides	pathway	Polyketides	Polyketides	Macrolides	Polyene macrolides	NPC class: Polyene macrolides / NPC pathway: Polyketides	Polyene macrolides	4	150	8940533.8	7046049113	0.0012688719105725	kruskal_wallis	0.778800783071405	0.881274570317642	ns	8.37443349760482e-05	0.000224813488459378
A549_210626_PS05	PS	raw	class	Polyene macrolides	Polyene macrolides	pathway	Polyketides	Polyketides	Macrolides	Polyene macrolides	NPC class: Polyene macrolides / NPC pathway: Polyketides	Polyene macrolides	4	150	7830289.9	6664796721.2	0.00117487302727369	kruskal_wallis	0.778800783071405	0.881274570317642	ns	8.37443349760482e-05	0.000224813488459378
A549_210626_PS100	PS	raw	class	Polyene macrolides	Polyene macrolides	pathway	Polyketides	Polyketides	Macrolides	Polyene macrolides	NPC class: Polyene macrolides / NPC pathway: Polyketides	Polyene macrolides	4	150	7738868.5	7600031547.2	0.00101826794427599	kruskal_wallis	0.778800783071405	0.881274570317642	ns	8.37443349760482e-05	0.000224813488459378
A549_210626_untreated	Untreated	raw	class	Polyene macrolides	Polyene macrolides	pathway	Polyketides	Polyketides	Macrolides	Polyene macrolides	NPC class: Polyene macrolides / NPC pathway: Polyketides	Polyene macrolides	4	150	6647113.6	8846156040.8	0.000751412655320838	kruskal_wallis	0.778800783071405	0.881274570317642	ns	8.37443349760482e-05	0.000224813488459378
A549_110626_PET05	PET	raw	class	Prenyl quinone meroterpenoids	Prenyl quinone meroterpenoids	pathway	Terpenoids	Terpenoids	Fatty esters | Meroterpenoids | Steroids	Prenyl quinone meroterpenoids	NPC class: Prenyl quinone meroterpenoids / NPC pathway: Terpenoids	Prenyl quinone meroterpenoids	18	328	482726064.4	12413988413.6	0.0388856544985297	kruskal_wallis	0.177432208552375	0.468215353487526	ns	0.0287797409879365	0.0250563064724705
A549_110626_PET100	PET	raw	class	Prenyl quinone meroterpenoids	Prenyl quinone meroterpenoids	pathway	Terpenoids	Terpenoids	Fatty esters | Meroterpenoids | Steroids	Prenyl quinone meroterpenoids	NPC class: Prenyl quinone meroterpenoids / NPC pathway: Terpenoids	Prenyl quinone meroterpenoids	18	328	831761644.4	14863016969.1	0.055961831042057	kruskal_wallis	0.177432208552375	0.468215353487526	ns	0.0287797409879365	0.0250563064724705
A549_110626_PS05	PS	raw	class	Prenyl quinone meroterpenoids	Prenyl quinone meroterpenoids	pathway	Terpenoids	Terpenoids	Fatty esters | Meroterpenoids | Steroids	Prenyl quinone meroterpenoids	NPC class: Prenyl quinone meroterpenoids / NPC pathway: Terpenoids	Prenyl quinone meroterpenoids	18	328	425469982.2	12871061495	0.0330563242484143	kruskal_wallis	0.177432208552375	0.468215353487526	ns	0.0287797409879365	0.0250563064724705
A549_110626_PS100	PS	raw	class	Prenyl quinone meroterpenoids	Prenyl quinone meroterpenoids	pathway	Terpenoids	Terpenoids	Fatty esters | Meroterpenoids | Steroids	Prenyl quinone meroterpenoids	NPC class: Prenyl quinone meroterpenoids / NPC pathway: Terpenoids	Prenyl quinone meroterpenoids	18	328	497592119.3	13243674001.2	0.0375720603855783	kruskal_wallis	0.177432208552375	0.468215353487526	ns	0.0287797409879365	0.0250563064724705
A549_110626_untreated	Untreated	raw	class	Prenyl quinone meroterpenoids	Prenyl quinone meroterpenoids	pathway	Terpenoids	Terpenoids	Fatty esters | Meroterpenoids | Steroids	Prenyl quinone meroterpenoids	NPC class: Prenyl quinone meroterpenoids / NPC pathway: Terpenoids	Prenyl quinone meroterpenoids	18	328	429531827.1	14567162470.1	0.0294863071639134	kruskal_wallis	0.177432208552375	0.468215353487526	ns	0.0287797409879365	0.0250563064724705
A549_180626_PET05	PET	raw	class	Prenyl quinone meroterpenoids	Prenyl quinone meroterpenoids	pathway	Terpenoids	Terpenoids	Fatty esters | Meroterpenoids | Steroids	Prenyl quinone meroterpenoids	NPC class: Prenyl quinone meroterpenoids / NPC pathway: Terpenoids	Prenyl quinone meroterpenoids	18	328	820501173.1	15339376161.6	0.053489865849565	kruskal_wallis	0.177432208552375	0.468215353487526	ns	0.0287797409879365	0.0250563064724705
A549_180626_PET100	PET	raw	class	Prenyl quinone meroterpenoids	Prenyl quinone meroterpenoids	pathway	Terpenoids	Terpenoids	Fatty esters | Meroterpenoids | Steroids	Prenyl quinone meroterpenoids	NPC class: Prenyl quinone meroterpenoids / NPC pathway: Terpenoids	Prenyl quinone meroterpenoids	18	328	784943830.3	14118872693.8	0.0555953614232028	kruskal_wallis	0.177432208552375	0.468215353487526	ns	0.0287797409879365	0.0250563064724705
A549_180626_PS05	PS	raw	class	Prenyl quinone meroterpenoids	Prenyl quinone meroterpenoids	pathway	Terpenoids	Terpenoids	Fatty esters | Meroterpenoids | Steroids	Prenyl quinone meroterpenoids	NPC class: Prenyl quinone meroterpenoids / NPC pathway: Terpenoids	Prenyl quinone meroterpenoids	18	328	841301719.1	14801169210.3	0.056840220333036	kruskal_wallis	0.177432208552375	0.468215353487526	ns	0.0287797409879365	0.0250563064724705
A549_180626_PS100	PS	raw	class	Prenyl quinone meroterpenoids	Prenyl quinone meroterpenoids	pathway	Terpenoids	Terpenoids	Fatty esters | Meroterpenoids | Steroids	Prenyl quinone meroterpenoids	NPC class: Prenyl quinone meroterpenoids / NPC pathway: Terpenoids	Prenyl quinone meroterpenoids	18	328	490637318.3	14039838092	0.0349460809366148	kruskal_wallis	0.177432208552375	0.468215353487526	ns	0.0287797409879365	0.0250563064724705
A549_180626_untreated	Untreated	raw	class	Prenyl quinone meroterpenoids	Prenyl quinone meroterpenoids	pathway	Terpenoids	Terpenoids	Fatty esters | Meroterpenoids | Steroids	Prenyl quinone meroterpenoids	NPC class: Prenyl quinone meroterpenoids / NPC pathway: Terpenoids	Prenyl quinone meroterpenoids	18	328	148215485.6	16122838566.1	0.00919289025889269	kruskal_wallis	0.177432208552375	0.468215353487526	ns	0.0287797409879365	0.0250563064724705
A549_210626_PET05	PET	raw	class	Prenyl quinone meroterpenoids	Prenyl quinone meroterpenoids	pathway	Terpenoids	Terpenoids	Fatty esters | Meroterpenoids | Steroids	Prenyl quinone meroterpenoids	NPC class: Prenyl quinone meroterpenoids / NPC pathway: Terpenoids	Prenyl quinone meroterpenoids	18	328	1692500148.9	15315759878.2	0.110507096112747	kruskal_wallis	0.177432208552375	0.468215353487526	ns	0.0287797409879365	0.0250563064724705
A549_210626_PET100	PET	raw	class	Prenyl quinone meroterpenoids	Prenyl quinone meroterpenoids	pathway	Terpenoids	Terpenoids	Fatty esters | Meroterpenoids | Steroids	Prenyl quinone meroterpenoids	NPC class: Prenyl quinone meroterpenoids / NPC pathway: Terpenoids	Prenyl quinone meroterpenoids	18	328	593855106.8	13669470882.2	0.0434438985910787	kruskal_wallis	0.177432208552375	0.468215353487526	ns	0.0287797409879365	0.0250563064724705
A549_210626_PS05	PS	raw	class	Prenyl quinone meroterpenoids	Prenyl quinone meroterpenoids	pathway	Terpenoids	Terpenoids	Fatty esters | Meroterpenoids | Steroids	Prenyl quinone meroterpenoids	NPC class: Prenyl quinone meroterpenoids / NPC pathway: Terpenoids	Prenyl quinone meroterpenoids	18	328	381017510.7	12184297093.2	0.0312711933881392	kruskal_wallis	0.177432208552375	0.468215353487526	ns	0.0287797409879365	0.0250563064724705
A549_210626_PS100	PS	raw	class	Prenyl quinone meroterpenoids	Prenyl quinone meroterpenoids	pathway	Terpenoids	Terpenoids	Fatty esters | Meroterpenoids | Steroids	Prenyl quinone meroterpenoids	NPC class: Prenyl quinone meroterpenoids / NPC pathway: Terpenoids	Prenyl quinone meroterpenoids	18	328	2238912354.7	16430213468.8	0.136268001566234	kruskal_wallis	0.177432208552375	0.468215353487526	ns	0.0287797409879365	0.0250563064724705
A549_210626_untreated	Untreated	raw	class	Prenyl quinone meroterpenoids	Prenyl quinone meroterpenoids	pathway	Terpenoids	Terpenoids	Fatty esters | Meroterpenoids | Steroids	Prenyl quinone meroterpenoids	NPC class: Prenyl quinone meroterpenoids / NPC pathway: Terpenoids	Prenyl quinone meroterpenoids	18	328	796133922.1	14764154882.5	0.0539234333719745	kruskal_wallis	0.177432208552375	0.468215353487526	ns	0.0287797409879365	0.0250563064724705
A549_110626_PET05	PET	raw	class	Primary amides	Primary amides	pathway	Fatty acids	Fatty acids	Fatty amides	Primary amides	NPC class: Primary amides / NPC pathway: Fatty acids	Primary amides	33	1440	1404198096.8	34114366377.95	0.0411614884252287	kruskal_wallis	0.0814037992415808	0.385631433652025	ns	0.0163637520770385	0.0169336473666705
A549_110626_PET100	PET	raw	class	Primary amides	Primary amides	pathway	Fatty acids	Fatty acids	Fatty amides	Primary amides	NPC class: Primary amides / NPC pathway: Fatty acids	Primary amides	33	1440	1815942801	35458165160.66	0.0512136708927834	kruskal_wallis	0.0814037992415808	0.385631433652025	ns	0.0163637520770385	0.0169336473666705
A549_110626_PS05	PS	raw	class	Primary amides	Primary amides	pathway	Fatty acids	Fatty acids	Fatty amides	Primary amides	NPC class: Primary amides / NPC pathway: Fatty acids	Primary amides	33	1440	1358534226	34785738556.84	0.0390543447505118	kruskal_wallis	0.0814037992415808	0.385631433652025	ns	0.0163637520770385	0.0169336473666705
A549_110626_PS100	PS	raw	class	Primary amides	Primary amides	pathway	Fatty acids	Fatty acids	Fatty amides	Primary amides	NPC class: Primary amides / NPC pathway: Fatty acids	Primary amides	33	1440	1863447230.9	39295522102.6	0.0474213633307777	kruskal_wallis	0.0814037992415808	0.385631433652025	ns	0.0163637520770385	0.0169336473666705
A549_110626_untreated	Untreated	raw	class	Primary amides	Primary amides	pathway	Fatty acids	Fatty acids	Fatty amides	Primary amides	NPC class: Primary amides / NPC pathway: Fatty acids	Primary amides	33	1440	977029229.6	40726922534.5	0.0239897632523634	kruskal_wallis	0.0814037992415808	0.385631433652025	ns	0.0163637520770385	0.0169336473666705
A549_180626_PET05	PET	raw	class	Primary amides	Primary amides	pathway	Fatty acids	Fatty acids	Fatty amides	Primary amides	NPC class: Primary amides / NPC pathway: Fatty acids	Primary amides	33	1440	2192412344	31199184663.6	0.0702714627846631	kruskal_wallis	0.0814037992415808	0.385631433652025	ns	0.0163637520770385	0.0169336473666705
A549_180626_PET100	PET	raw	class	Primary amides	Primary amides	pathway	Fatty acids	Fatty acids	Fatty amides	Primary amides	NPC class: Primary amides / NPC pathway: Fatty acids	Primary amides	33	1440	2043460520.4	36474343757.1	0.0560246000314187	kruskal_wallis	0.0814037992415808	0.385631433652025	ns	0.0163637520770385	0.0169336473666705
A549_180626_PS05	PS	raw	class	Primary amides	Primary amides	pathway	Fatty acids	Fatty acids	Fatty amides	Primary amides	NPC class: Primary amides / NPC pathway: Fatty acids	Primary amides	33	1440	2021175127	36381542275.7	0.055554960031202	kruskal_wallis	0.0814037992415808	0.385631433652025	ns	0.0163637520770385	0.0169336473666705
A549_180626_PS100	PS	raw	class	Primary amides	Primary amides	pathway	Fatty acids	Fatty acids	Fatty amides	Primary amides	NPC class: Primary amides / NPC pathway: Fatty acids	Primary amides	33	1440	1540262771.1	38000221483.6	0.0405329945712222	kruskal_wallis	0.0814037992415808	0.385631433652025	ns	0.0163637520770385	0.0169336473666705
A549_180626_untreated	Untreated	raw	class	Primary amides	Primary amides	pathway	Fatty acids	Fatty acids	Fatty amides	Primary amides	NPC class: Primary amides / NPC pathway: Fatty acids	Primary amides	33	1440	1343463832	38180285352.2	0.0351873701206528	kruskal_wallis	0.0814037992415808	0.385631433652025	ns	0.0163637520770385	0.0169336473666705
A549_210626_PET05	PET	raw	class	Primary amides	Primary amides	pathway	Fatty acids	Fatty acids	Fatty amides	Primary amides	NPC class: Primary amides / NPC pathway: Fatty acids	Primary amides	33	1440	1937131962.2	36530109795.76	0.0530283640818632	kruskal_wallis	0.0814037992415808	0.385631433652025	ns	0.0163637520770385	0.0169336473666705
A549_210626_PET100	PET	raw	class	Primary amides	Primary amides	pathway	Fatty acids	Fatty acids	Fatty amides	Primary amides	NPC class: Primary amides / NPC pathway: Fatty acids	Primary amides	33	1440	1720826799.3	40523921542.8	0.0424644687331783	kruskal_wallis	0.0814037992415808	0.385631433652025	ns	0.0163637520770385	0.0169336473666705
A549_210626_PS05	PS	raw	class	Primary amides	Primary amides	pathway	Fatty acids	Fatty acids	Fatty amides	Primary amides	NPC class: Primary amides / NPC pathway: Fatty acids	Primary amides	33	1440	1340409177.1	34631729940.5	0.0387046555110856	kruskal_wallis	0.0814037992415808	0.385631433652025	ns	0.0163637520770385	0.0169336473666705
A549_210626_PS100	PS	raw	class	Primary amides	Primary amides	pathway	Fatty acids	Fatty acids	Fatty amides	Primary amides	NPC class: Primary amides / NPC pathway: Fatty acids	Primary amides	33	1440	2112382212.8	42962798740.1	0.0491677049621159	kruskal_wallis	0.0814037992415808	0.385631433652025	ns	0.0163637520770385	0.0169336473666705
A549_210626_untreated	Untreated	raw	class	Primary amides	Primary amides	pathway	Fatty acids	Fatty acids	Fatty amides	Primary amides	NPC class: Primary amides / NPC pathway: Fatty acids	Primary amides	33	1440	1852498161.3	37950422097.55	0.048813637870436	kruskal_wallis	0.0814037992415808	0.385631433652025	ns	0.0163637520770385	0.0169336473666705
A549_110626_PET05	PET	raw	class	Pyridine alkaloids	Pyridine alkaloids	pathway	Alkaloids	Alkaloids	Nicotinic acid alkaloids	Pyridine alkaloids	NPC class: Pyridine alkaloids / NPC pathway: Alkaloids	Pyridine alkaloids	1	93	1013873.6	787230408.2	0.00128789943762236	kruskal_wallis	0.0407622039783662	0.35055495421395	ns	0.000582555758234312	0.000548871716485983
A549_110626_PET100	PET	raw	class	Pyridine alkaloids	Pyridine alkaloids	pathway	Alkaloids	Alkaloids	Nicotinic acid alkaloids	Pyridine alkaloids	NPC class: Pyridine alkaloids / NPC pathway: Alkaloids	Pyridine alkaloids	1	93	1013873.6	1433301569.5	0.000707369350299173	kruskal_wallis	0.0407622039783662	0.35055495421395	ns	0.000582555758234312	0.000548871716485983
A549_110626_PS05	PS	raw	class	Pyridine alkaloids	Pyridine alkaloids	pathway	Alkaloids	Alkaloids	Nicotinic acid alkaloids	Pyridine alkaloids	NPC class: Pyridine alkaloids / NPC pathway: Alkaloids	Pyridine alkaloids	1	93	1013873.6	779730417.2	0.00130028735269916	kruskal_wallis	0.0407622039783662	0.35055495421395	ns	0.000582555758234312	0.000548871716485983
A549_110626_PS100	PS	raw	class	Pyridine alkaloids	Pyridine alkaloids	pathway	Alkaloids	Alkaloids	Nicotinic acid alkaloids	Pyridine alkaloids	NPC class: Pyridine alkaloids / NPC pathway: Alkaloids	Pyridine alkaloids	1	93	1013873.6	752687730.9	0.0013470042866086	kruskal_wallis	0.0407622039783662	0.35055495421395	ns	0.000582555758234312	0.000548871716485983
A549_110626_untreated	Untreated	raw	class	Pyridine alkaloids	Pyridine alkaloids	pathway	Alkaloids	Alkaloids	Nicotinic acid alkaloids	Pyridine alkaloids	NPC class: Pyridine alkaloids / NPC pathway: Alkaloids	Pyridine alkaloids	1	93	1013873.6	1753754950	0.00057811588785537	kruskal_wallis	0.0407622039783662	0.35055495421395	ns	0.000582555758234312	0.000548871716485983
A549_180626_PET05	PET	raw	class	Pyridine alkaloids	Pyridine alkaloids	pathway	Alkaloids	Alkaloids	Nicotinic acid alkaloids	Pyridine alkaloids	NPC class: Pyridine alkaloids / NPC pathway: Alkaloids	Pyridine alkaloids	1	93	1013873.6	883056375.3	0.00114814141923335	kruskal_wallis	0.0407622039783662	0.35055495421395	ns	0.000582555758234312	0.000548871716485983
A549_180626_PET100	PET	raw	class	Pyridine alkaloids	Pyridine alkaloids	pathway	Alkaloids	Alkaloids	Nicotinic acid alkaloids	Pyridine alkaloids	NPC class: Pyridine alkaloids / NPC pathway: Alkaloids	Pyridine alkaloids	1	93	1013873.6	1263477831.1	0.000802446687265821	kruskal_wallis	0.0407622039783662	0.35055495421395	ns	0.000582555758234312	0.000548871716485983
A549_180626_PS05	PS	raw	class	Pyridine alkaloids	Pyridine alkaloids	pathway	Alkaloids	Alkaloids	Nicotinic acid alkaloids	Pyridine alkaloids	NPC class: Pyridine alkaloids / NPC pathway: Alkaloids	Pyridine alkaloids	1	93	1013873.6	1322990069.2	0.000766350121292354	kruskal_wallis	0.0407622039783662	0.35055495421395	ns	0.000582555758234312	0.000548871716485983
A549_180626_PS100	PS	raw	class	Pyridine alkaloids	Pyridine alkaloids	pathway	Alkaloids	Alkaloids	Nicotinic acid alkaloids	Pyridine alkaloids	NPC class: Pyridine alkaloids / NPC pathway: Alkaloids	Pyridine alkaloids	1	93	1013873.6	1230921284.8	0.000823670540529108	kruskal_wallis	0.0407622039783662	0.35055495421395	ns	0.000582555758234312	0.000548871716485983
A549_180626_untreated	Untreated	raw	class	Pyridine alkaloids	Pyridine alkaloids	pathway	Alkaloids	Alkaloids	Nicotinic acid alkaloids	Pyridine alkaloids	NPC class: Pyridine alkaloids / NPC pathway: Alkaloids	Pyridine alkaloids	1	93	1013873.6	2350512715	0.000431341465855461	kruskal_wallis	0.0407622039783662	0.35055495421395	ns	0.000582555758234312	0.000548871716485983
A549_210626_PET05	PET	raw	class	Pyridine alkaloids	Pyridine alkaloids	pathway	Alkaloids	Alkaloids	Nicotinic acid alkaloids	Pyridine alkaloids	NPC class: Pyridine alkaloids / NPC pathway: Alkaloids	Pyridine alkaloids	1	93	1013873.6	1534368662.9	0.000660775747390298	kruskal_wallis	0.0407622039783662	0.35055495421395	ns	0.000582555758234312	0.000548871716485983
A549_210626_PET100	PET	raw	class	Pyridine alkaloids	Pyridine alkaloids	pathway	Alkaloids	Alkaloids	Nicotinic acid alkaloids	Pyridine alkaloids	NPC class: Pyridine alkaloids / NPC pathway: Alkaloids	Pyridine alkaloids	1	93	1013873.6	778473199.3	0.00130238728951963	kruskal_wallis	0.0407622039783662	0.35055495421395	ns	0.000582555758234312	0.000548871716485983
A549_210626_PS05	PS	raw	class	Pyridine alkaloids	Pyridine alkaloids	pathway	Alkaloids	Alkaloids	Nicotinic acid alkaloids	Pyridine alkaloids	NPC class: Pyridine alkaloids / NPC pathway: Alkaloids	Pyridine alkaloids	1	93	1013873.6	554405587.2	0.00182875790469667	kruskal_wallis	0.0407622039783662	0.35055495421395	ns	0.000582555758234312	0.000548871716485983
A549_210626_PS100	PS	raw	class	Pyridine alkaloids	Pyridine alkaloids	pathway	Alkaloids	Alkaloids	Nicotinic acid alkaloids	Pyridine alkaloids	NPC class: Pyridine alkaloids / NPC pathway: Alkaloids	Pyridine alkaloids	1	93	1013873.6	1063108430.75	0.000953687855983546	kruskal_wallis	0.0407622039783662	0.35055495421395	ns	0.000582555758234312	0.000548871716485983
A549_210626_untreated	Untreated	raw	class	Pyridine alkaloids	Pyridine alkaloids	pathway	Alkaloids	Alkaloids	Nicotinic acid alkaloids	Pyridine alkaloids	NPC class: Pyridine alkaloids / NPC pathway: Alkaloids	Pyridine alkaloids	1	93	1013873.6	1346884982.2	0.000752754402490954	kruskal_wallis	0.0407622039783662	0.35055495421395	ns	0.000582555758234312	0.000548871716485983
A549_110626_PET05	PET	raw	class	Simple phenolic acids	Simple phenolic acids	pathway	Shikimates and Phenylpropanoids	Shikimates and Phenylpropanoids	Phenolic acids (C6-C1)	Simple phenolic acids	NPC class: Simple phenolic acids / NPC pathway: Shikimates and Phenylpropanoids	Simple phenolic acids	1	44	1013873.6	215168656.5	0.00471199484391445	kruskal_wallis	0.1796640309894	0.468215353487526	ns	0.0106949357540327	0.00190221082482595
A549_110626_PET100	PET	raw	class	Simple phenolic acids	Simple phenolic acids	pathway	Shikimates and Phenylpropanoids	Shikimates and Phenylpropanoids	Phenolic acids (C6-C1)	Simple phenolic acids	NPC class: Simple phenolic acids / NPC pathway: Shikimates and Phenylpropanoids	Simple phenolic acids	1	44	1013873.6	247411286.8	0.0040979278395637	kruskal_wallis	0.1796640309894	0.468215353487526	ns	0.0106949357540327	0.00190221082482595
A549_110626_PS05	PS	raw	class	Simple phenolic acids	Simple phenolic acids	pathway	Shikimates and Phenylpropanoids	Shikimates and Phenylpropanoids	Phenolic acids (C6-C1)	Simple phenolic acids	NPC class: Simple phenolic acids / NPC pathway: Shikimates and Phenylpropanoids	Simple phenolic acids	1	44	1013873.6	176444743.3	0.0057461252800043	kruskal_wallis	0.1796640309894	0.468215353487526	ns	0.0106949357540327	0.00190221082482595
A549_110626_PS100	PS	raw	class	Simple phenolic acids	Simple phenolic acids	pathway	Shikimates and Phenylpropanoids	Shikimates and Phenylpropanoids	Phenolic acids (C6-C1)	Simple phenolic acids	NPC class: Simple phenolic acids / NPC pathway: Shikimates and Phenylpropanoids	Simple phenolic acids	1	44	1013873.6	208903209.1	0.00485331749745725	kruskal_wallis	0.1796640309894	0.468215353487526	ns	0.0106949357540327	0.00190221082482595
A549_110626_untreated	Untreated	raw	class	Simple phenolic acids	Simple phenolic acids	pathway	Shikimates and Phenylpropanoids	Shikimates and Phenylpropanoids	Phenolic acids (C6-C1)	Simple phenolic acids	NPC class: Simple phenolic acids / NPC pathway: Shikimates and Phenylpropanoids	Simple phenolic acids	1	44	1013873.6	332548966.9	0.00304879491718547	kruskal_wallis	0.1796640309894	0.468215353487526	ns	0.0106949357540327	0.00190221082482595
A549_180626_PET05	PET	raw	class	Simple phenolic acids	Simple phenolic acids	pathway	Shikimates and Phenylpropanoids	Shikimates and Phenylpropanoids	Phenolic acids (C6-C1)	Simple phenolic acids	NPC class: Simple phenolic acids / NPC pathway: Shikimates and Phenylpropanoids	Simple phenolic acids	1	44	1013873.6	164502306.2	0.00616327894374529	kruskal_wallis	0.1796640309894	0.468215353487526	ns	0.0106949357540327	0.00190221082482595
A549_180626_PET100	PET	raw	class	Simple phenolic acids	Simple phenolic acids	pathway	Shikimates and Phenylpropanoids	Shikimates and Phenylpropanoids	Phenolic acids (C6-C1)	Simple phenolic acids	NPC class: Simple phenolic acids / NPC pathway: Shikimates and Phenylpropanoids	Simple phenolic acids	1	44	1013873.6	212785890.4	0.00476475953407482	kruskal_wallis	0.1796640309894	0.468215353487526	ns	0.0106949357540327	0.00190221082482595
A549_180626_PS05	PS	raw	class	Simple phenolic acids	Simple phenolic acids	pathway	Shikimates and Phenylpropanoids	Shikimates and Phenylpropanoids	Phenolic acids (C6-C1)	Simple phenolic acids	NPC class: Simple phenolic acids / NPC pathway: Shikimates and Phenylpropanoids	Simple phenolic acids	1	44	1013873.6	203380995.8	0.00498509507248661	kruskal_wallis	0.1796640309894	0.468215353487526	ns	0.0106949357540327	0.00190221082482595
A549_180626_PS100	PS	raw	class	Simple phenolic acids	Simple phenolic acids	pathway	Shikimates and Phenylpropanoids	Shikimates and Phenylpropanoids	Phenolic acids (C6-C1)	Simple phenolic acids	NPC class: Simple phenolic acids / NPC pathway: Shikimates and Phenylpropanoids	Simple phenolic acids	1	44	1013873.6	201767347.3	0.00502496371968707	kruskal_wallis	0.1796640309894	0.468215353487526	ns	0.0106949357540327	0.00190221082482595
A549_180626_untreated	Untreated	raw	class	Simple phenolic acids	Simple phenolic acids	pathway	Shikimates and Phenylpropanoids	Shikimates and Phenylpropanoids	Phenolic acids (C6-C1)	Simple phenolic acids	NPC class: Simple phenolic acids / NPC pathway: Shikimates and Phenylpropanoids	Simple phenolic acids	1	44	1013873.6	326758905.4	0.00310281857126089	kruskal_wallis	0.1796640309894	0.468215353487526	ns	0.0106949357540327	0.00190221082482595
A549_210626_PET05	PET	raw	class	Simple phenolic acids	Simple phenolic acids	pathway	Shikimates and Phenylpropanoids	Shikimates and Phenylpropanoids	Phenolic acids (C6-C1)	Simple phenolic acids	NPC class: Simple phenolic acids / NPC pathway: Shikimates and Phenylpropanoids	Simple phenolic acids	1	44	1013873.6	189845764.2	0.00534051209555509	kruskal_wallis	0.1796640309894	0.468215353487526	ns	0.0106949357540327	0.00190221082482595
A549_210626_PET100	PET	raw	class	Simple phenolic acids	Simple phenolic acids	pathway	Shikimates and Phenylpropanoids	Shikimates and Phenylpropanoids	Phenolic acids (C6-C1)	Simple phenolic acids	NPC class: Simple phenolic acids / NPC pathway: Shikimates and Phenylpropanoids	Simple phenolic acids	1	44	1013873.6	211223277.2	0.0048000088505397	kruskal_wallis	0.1796640309894	0.468215353487526	ns	0.0106949357540327	0.00190221082482595
A549_210626_PS05	PS	raw	class	Simple phenolic acids	Simple phenolic acids	pathway	Shikimates and Phenylpropanoids	Shikimates and Phenylpropanoids	Phenolic acids (C6-C1)	Simple phenolic acids	NPC class: Simple phenolic acids / NPC pathway: Shikimates and Phenylpropanoids	Simple phenolic acids	1	44	9298481	151392326.2	0.0614197643526267	kruskal_wallis	0.1796640309894	0.468215353487526	ns	0.0106949357540327	0.00190221082482595
A549_210626_PS100	PS	raw	class	Simple phenolic acids	Simple phenolic acids	pathway	Shikimates and Phenylpropanoids	Shikimates and Phenylpropanoids	Phenolic acids (C6-C1)	Simple phenolic acids	NPC class: Simple phenolic acids / NPC pathway: Shikimates and Phenylpropanoids	Simple phenolic acids	1	44	1013873.6	209096419.6	0.00484883290655829	kruskal_wallis	0.1796640309894	0.468215353487526	ns	0.0106949357540327	0.00190221082482595
A549_210626_untreated	Untreated	raw	class	Simple phenolic acids	Simple phenolic acids	pathway	Shikimates and Phenylpropanoids	Shikimates and Phenylpropanoids	Phenolic acids (C6-C1)	Simple phenolic acids	NPC class: Simple phenolic acids / NPC pathway: Shikimates and Phenylpropanoids	Simple phenolic acids	1	44	1013873.6	194877179.5	0.00520262866386569	kruskal_wallis	0.1796640309894	0.468215353487526	ns	0.0106949357540327	0.00190221082482595
A549_110626_PET05	PET	raw	class	Sphingoid bases	Sphingoid bases	pathway	Fatty acids	Fatty acids	Fatty amides | Spingolipids	Sphingoid bases	NPC class: Sphingoid bases / NPC pathway: Fatty acids	Sphingoid bases	30	1440	604357393.3	34114366377.95	0.0177156270940043	kruskal_wallis	0.0862935864993706	0.385631433652025	ns	0.00664351263290926	0.00715442883897601
A549_110626_PET100	PET	raw	class	Sphingoid bases	Sphingoid bases	pathway	Fatty acids	Fatty acids	Fatty amides | Spingolipids	Sphingoid bases	NPC class: Sphingoid bases / NPC pathway: Fatty acids	Sphingoid bases	30	1440	457648994.6	35458165160.66	0.0129067308623107	kruskal_wallis	0.0862935864993706	0.385631433652025	ns	0.00664351263290926	0.00715442883897601
A549_110626_PS05	PS	raw	class	Sphingoid bases	Sphingoid bases	pathway	Fatty acids	Fatty acids	Fatty amides | Spingolipids	Sphingoid bases	NPC class: Sphingoid bases / NPC pathway: Fatty acids	Sphingoid bases	30	1440	507056773.9	34785738556.84	0.0145765705986512	kruskal_wallis	0.0862935864993706	0.385631433652025	ns	0.00664351263290926	0.00715442883897601
A549_110626_PS100	PS	raw	class	Sphingoid bases	Sphingoid bases	pathway	Fatty acids	Fatty acids	Fatty amides | Spingolipids	Sphingoid bases	NPC class: Sphingoid bases / NPC pathway: Fatty acids	Sphingoid bases	30	1440	477979577.4	39295522102.6	0.0121637161647071	kruskal_wallis	0.0862935864993706	0.385631433652025	ns	0.00664351263290926	0.00715442883897601
A549_110626_untreated	Untreated	raw	class	Sphingoid bases	Sphingoid bases	pathway	Fatty acids	Fatty acids	Fatty amides | Spingolipids	Sphingoid bases	NPC class: Sphingoid bases / NPC pathway: Fatty acids	Sphingoid bases	30	1440	831593597.3	40726922534.5	0.0204187683612861	kruskal_wallis	0.0862935864993706	0.385631433652025	ns	0.00664351263290926	0.00715442883897601
A549_180626_PET05	PET	raw	class	Sphingoid bases	Sphingoid bases	pathway	Fatty acids	Fatty acids	Fatty amides | Spingolipids	Sphingoid bases	NPC class: Sphingoid bases / NPC pathway: Fatty acids	Sphingoid bases	30	1440	465524063.8	31199184663.6	0.0149210329955553	kruskal_wallis	0.0862935864993706	0.385631433652025	ns	0.00664351263290926	0.00715442883897601
A549_180626_PET100	PET	raw	class	Sphingoid bases	Sphingoid bases	pathway	Fatty acids	Fatty acids	Fatty amides | Spingolipids	Sphingoid bases	NPC class: Sphingoid bases / NPC pathway: Fatty acids	Sphingoid bases	30	1440	338472955.6	36474343757.1	0.00927975449960258	kruskal_wallis	0.0862935864993706	0.385631433652025	ns	0.00664351263290926	0.00715442883897601
A549_180626_PS05	PS	raw	class	Sphingoid bases	Sphingoid bases	pathway	Fatty acids	Fatty acids	Fatty amides | Spingolipids	Sphingoid bases	NPC class: Sphingoid bases / NPC pathway: Fatty acids	Sphingoid bases	30	1440	599834846.6	36381542275.7	0.0164873397079882	kruskal_wallis	0.0862935864993706	0.385631433652025	ns	0.00664351263290926	0.00715442883897601
A549_180626_PS100	PS	raw	class	Sphingoid bases	Sphingoid bases	pathway	Fatty acids	Fatty acids	Fatty amides | Spingolipids	Sphingoid bases	NPC class: Sphingoid bases / NPC pathway: Fatty acids	Sphingoid bases	30	1440	838700221.4	38000221483.6	0.0220709298171318	kruskal_wallis	0.0862935864993706	0.385631433652025	ns	0.00664351263290926	0.00715442883897601
A549_180626_untreated	Untreated	raw	class	Sphingoid bases	Sphingoid bases	pathway	Fatty acids	Fatty acids	Fatty amides | Spingolipids	Sphingoid bases	NPC class: Sphingoid bases / NPC pathway: Fatty acids	Sphingoid bases	30	1440	872605019.5	38180285352.2	0.0228548585074868	kruskal_wallis	0.0862935864993706	0.385631433652025	ns	0.00664351263290926	0.00715442883897601
A549_210626_PET05	PET	raw	class	Sphingoid bases	Sphingoid bases	pathway	Fatty acids	Fatty acids	Fatty amides | Spingolipids	Sphingoid bases	NPC class: Sphingoid bases / NPC pathway: Fatty acids	Sphingoid bases	30	1440	448178437	36530109795.76	0.0122687404857463	kruskal_wallis	0.0862935864993706	0.385631433652025	ns	0.00664351263290926	0.00715442883897601
A549_210626_PET100	PET	raw	class	Sphingoid bases	Sphingoid bases	pathway	Fatty acids	Fatty acids	Fatty amides | Spingolipids	Sphingoid bases	NPC class: Sphingoid bases / NPC pathway: Fatty acids	Sphingoid bases	30	1440	552014759.4	40523921542.8	0.0136219481823096	kruskal_wallis	0.0862935864993706	0.385631433652025	ns	0.00664351263290926	0.00715442883897601
A549_210626_PS05	PS	raw	class	Sphingoid bases	Sphingoid bases	pathway	Fatty acids	Fatty acids	Fatty amides | Spingolipids	Sphingoid bases	NPC class: Sphingoid bases / NPC pathway: Fatty acids	Sphingoid bases	30	1440	1085031917.1	34631729940.5	0.0313305722516365	kruskal_wallis	0.0862935864993706	0.385631433652025	ns	0.00664351263290926	0.00715442883897601
A549_210626_PS100	PS	raw	class	Sphingoid bases	Sphingoid bases	pathway	Fatty acids	Fatty acids	Fatty amides | Spingolipids	Sphingoid bases	NPC class: Sphingoid bases / NPC pathway: Fatty acids	Sphingoid bases	30	1440	923697985	42962798740.1	0.0214999490742639	kruskal_wallis	0.0862935864993706	0.385631433652025	ns	0.00664351263290926	0.00715442883897601
A549_210626_untreated	Untreated	raw	class	Sphingoid bases	Sphingoid bases	pathway	Fatty acids	Fatty acids	Fatty amides | Spingolipids	Sphingoid bases	NPC class: Sphingoid bases / NPC pathway: Fatty acids	Sphingoid bases	30	1440	645681957.5	37950422097.55	0.0170138280897193	kruskal_wallis	0.0862935864993706	0.385631433652025	ns	0.00664351263290926	0.00715442883897601
A549_110626_PET05	PET	raw	class	Steroidal alkaloids	Steroidal alkaloids	pathway	Alkaloids	Alkaloids	Pseudoalkaloids (transamidation)	Steroidal alkaloids	NPC class: Steroidal alkaloids / NPC pathway: Alkaloids	Steroidal alkaloids	13	93	109756269.8	787230408.2	0.139420770154137	kruskal_wallis	0.0761538227986104	0.385631433652025	ns	0.0643032205151744	0.0571813752250466
A549_110626_PET100	PET	raw	class	Steroidal alkaloids	Steroidal alkaloids	pathway	Alkaloids	Alkaloids	Pseudoalkaloids (transamidation)	Steroidal alkaloids	NPC class: Steroidal alkaloids / NPC pathway: Alkaloids	Steroidal alkaloids	13	93	113436071.4	1433301569.5	0.0791431990405003	kruskal_wallis	0.0761538227986104	0.385631433652025	ns	0.0643032205151744	0.0571813752250466
A549_110626_PS05	PS	raw	class	Steroidal alkaloids	Steroidal alkaloids	pathway	Alkaloids	Alkaloids	Pseudoalkaloids (transamidation)	Steroidal alkaloids	NPC class: Steroidal alkaloids / NPC pathway: Alkaloids	Steroidal alkaloids	13	93	132304181.1	779730417.2	0.16967938941654	kruskal_wallis	0.0761538227986104	0.385631433652025	ns	0.0643032205151744	0.0571813752250466
A549_110626_PS100	PS	raw	class	Steroidal alkaloids	Steroidal alkaloids	pathway	Alkaloids	Alkaloids	Pseudoalkaloids (transamidation)	Steroidal alkaloids	NPC class: Steroidal alkaloids / NPC pathway: Alkaloids	Steroidal alkaloids	13	93	111544501.1	752687730.9	0.148194924031277	kruskal_wallis	0.0761538227986104	0.385631433652025	ns	0.0643032205151744	0.0571813752250466
A549_110626_untreated	Untreated	raw	class	Steroidal alkaloids	Steroidal alkaloids	pathway	Alkaloids	Alkaloids	Pseudoalkaloids (transamidation)	Steroidal alkaloids	NPC class: Steroidal alkaloids / NPC pathway: Alkaloids	Steroidal alkaloids	13	93	133280674.2	1753754950	0.0759973188956644	kruskal_wallis	0.0761538227986104	0.385631433652025	ns	0.0643032205151744	0.0571813752250466
A549_180626_PET05	PET	raw	class	Steroidal alkaloids	Steroidal alkaloids	pathway	Alkaloids	Alkaloids	Pseudoalkaloids (transamidation)	Steroidal alkaloids	NPC class: Steroidal alkaloids / NPC pathway: Alkaloids	Steroidal alkaloids	13	93	99218964.6	883056375.3	0.112358584769056	kruskal_wallis	0.0761538227986104	0.385631433652025	ns	0.0643032205151744	0.0571813752250466
A549_180626_PET100	PET	raw	class	Steroidal alkaloids	Steroidal alkaloids	pathway	Alkaloids	Alkaloids	Pseudoalkaloids (transamidation)	Steroidal alkaloids	NPC class: Steroidal alkaloids / NPC pathway: Alkaloids	Steroidal alkaloids	13	93	135009820.4	1263477831.1	0.106855709753497	kruskal_wallis	0.0761538227986104	0.385631433652025	ns	0.0643032205151744	0.0571813752250466
A549_180626_PS05	PS	raw	class	Steroidal alkaloids	Steroidal alkaloids	pathway	Alkaloids	Alkaloids	Pseudoalkaloids (transamidation)	Steroidal alkaloids	NPC class: Steroidal alkaloids / NPC pathway: Alkaloids	Steroidal alkaloids	13	93	113135463.8	1322990069.2	0.0855149758368269	kruskal_wallis	0.0761538227986104	0.385631433652025	ns	0.0643032205151744	0.0571813752250466
A549_180626_PS100	PS	raw	class	Steroidal alkaloids	Steroidal alkaloids	pathway	Alkaloids	Alkaloids	Pseudoalkaloids (transamidation)	Steroidal alkaloids	NPC class: Steroidal alkaloids / NPC pathway: Alkaloids	Steroidal alkaloids	13	93	128749345.7	1230921284.8	0.104595921193222	kruskal_wallis	0.0761538227986104	0.385631433652025	ns	0.0643032205151744	0.0571813752250466
A549_180626_untreated	Untreated	raw	class	Steroidal alkaloids	Steroidal alkaloids	pathway	Alkaloids	Alkaloids	Pseudoalkaloids (transamidation)	Steroidal alkaloids	NPC class: Steroidal alkaloids / NPC pathway: Alkaloids	Steroidal alkaloids	13	93	149404660.5	2350512715	0.0635625834085309	kruskal_wallis	0.0761538227986104	0.385631433652025	ns	0.0643032205151744	0.0571813752250466
A549_210626_PET05	PET	raw	class	Steroidal alkaloids	Steroidal alkaloids	pathway	Alkaloids	Alkaloids	Pseudoalkaloids (transamidation)	Steroidal alkaloids	NPC class: Steroidal alkaloids / NPC pathway: Alkaloids	Steroidal alkaloids	13	93	105393236.2	1534368662.9	0.0686883398679453	kruskal_wallis	0.0761538227986104	0.385631433652025	ns	0.0643032205151744	0.0571813752250466
A549_210626_PET100	PET	raw	class	Steroidal alkaloids	Steroidal alkaloids	pathway	Alkaloids	Alkaloids	Pseudoalkaloids (transamidation)	Steroidal alkaloids	NPC class: Steroidal alkaloids / NPC pathway: Alkaloids	Steroidal alkaloids	13	93	130302781.7	778473199.3	0.167382488976072	kruskal_wallis	0.0761538227986104	0.385631433652025	ns	0.0643032205151744	0.0571813752250466
A549_210626_PS05	PS	raw	class	Steroidal alkaloids	Steroidal alkaloids	pathway	Alkaloids	Alkaloids	Pseudoalkaloids (transamidation)	Steroidal alkaloids	NPC class: Steroidal alkaloids / NPC pathway: Alkaloids	Steroidal alkaloids	13	93	122355062.9	554405587.2	0.220695941247542	kruskal_wallis	0.0761538227986104	0.385631433652025	ns	0.0643032205151744	0.0571813752250466
A549_210626_PS100	PS	raw	class	Steroidal alkaloids	Steroidal alkaloids	pathway	Alkaloids	Alkaloids	Pseudoalkaloids (transamidation)	Steroidal alkaloids	NPC class: Steroidal alkaloids / NPC pathway: Alkaloids	Steroidal alkaloids	13	93	125619511.9	1063108430.75	0.118162464210145	kruskal_wallis	0.0761538227986104	0.385631433652025	ns	0.0643032205151744	0.0571813752250466
A549_210626_untreated	Untreated	raw	class	Steroidal alkaloids	Steroidal alkaloids	pathway	Alkaloids	Alkaloids	Pseudoalkaloids (transamidation)	Steroidal alkaloids	NPC class: Steroidal alkaloids / NPC pathway: Alkaloids	Steroidal alkaloids	13	93	122502211.7	1346884982.2	0.0909522441180576	kruskal_wallis	0.0761538227986104	0.385631433652025	ns	0.0643032205151744	0.0571813752250466
A549_110626_PET05	PET	raw	class	Triacylglycerols	Triacylglycerols	pathway	Fatty acids	Fatty acids	Glycerolipids	Triacylglycerols	NPC class: Triacylglycerols / NPC pathway: Fatty acids	Triacylglycerols	51	1440	313117275.7	34114366377.95	0.00917845790336546	kruskal_wallis	0.113608153670764	0.390812048627427	ns	0.00142757725103961	0.00108389329265934
A549_110626_PET100	PET	raw	class	Triacylglycerols	Triacylglycerols	pathway	Fatty acids	Fatty acids	Glycerolipids	Triacylglycerols	NPC class: Triacylglycerols / NPC pathway: Fatty acids	Triacylglycerols	51	1440	378783650.2	35458165160.66	0.0106825507886192	kruskal_wallis	0.113608153670764	0.390812048627427	ns	0.00142757725103961	0.00108389329265934
A549_110626_PS05	PS	raw	class	Triacylglycerols	Triacylglycerols	pathway	Fatty acids	Fatty acids	Glycerolipids	Triacylglycerols	NPC class: Triacylglycerols / NPC pathway: Fatty acids	Triacylglycerols	51	1440	366506405.2	34785738556.84	0.0105361110732528	kruskal_wallis	0.113608153670764	0.390812048627427	ns	0.00142757725103961	0.00108389329265934
A549_110626_PS100	PS	raw	class	Triacylglycerols	Triacylglycerols	pathway	Fatty acids	Fatty acids	Glycerolipids	Triacylglycerols	NPC class: Triacylglycerols / NPC pathway: Fatty acids	Triacylglycerols	51	1440	433152405.3	39295522102.6	0.0110229456722587	kruskal_wallis	0.113608153670764	0.390812048627427	ns	0.00142757725103961	0.00108389329265934
A549_110626_untreated	Untreated	raw	class	Triacylglycerols	Triacylglycerols	pathway	Fatty acids	Fatty acids	Glycerolipids	Triacylglycerols	NPC class: Triacylglycerols / NPC pathway: Fatty acids	Triacylglycerols	51	1440	334127031.8	40726922534.5	0.00820408248418375	kruskal_wallis	0.113608153670764	0.390812048627427	ns	0.00142757725103961	0.00108389329265934
A549_180626_PET05	PET	raw	class	Triacylglycerols	Triacylglycerols	pathway	Fatty acids	Fatty acids	Glycerolipids	Triacylglycerols	NPC class: Triacylglycerols / NPC pathway: Fatty acids	Triacylglycerols	51	1440	252055135.8	31199184663.6	0.00807890137251157	kruskal_wallis	0.113608153670764	0.390812048627427	ns	0.00142757725103961	0.00108389329265934
A549_180626_PET100	PET	raw	class	Triacylglycerols	Triacylglycerols	pathway	Fatty acids	Fatty acids	Glycerolipids	Triacylglycerols	NPC class: Triacylglycerols / NPC pathway: Fatty acids	Triacylglycerols	51	1440	367224668.3	36474343757.1	0.0100680267408106	kruskal_wallis	0.113608153670764	0.390812048627427	ns	0.00142757725103961	0.00108389329265934
A549_180626_PS05	PS	raw	class	Triacylglycerols	Triacylglycerols	pathway	Fatty acids	Fatty acids	Glycerolipids	Triacylglycerols	NPC class: Triacylglycerols / NPC pathway: Fatty acids	Triacylglycerols	51	1440	380172607.9	36381542275.7	0.0104496012021438	kruskal_wallis	0.113608153670764	0.390812048627427	ns	0.00142757725103961	0.00108389329265934
A549_180626_PS100	PS	raw	class	Triacylglycerols	Triacylglycerols	pathway	Fatty acids	Fatty acids	Glycerolipids	Triacylglycerols	NPC class: Triacylglycerols / NPC pathway: Fatty acids	Triacylglycerols	51	1440	463856000	38000221483.6	0.0122066656953615	kruskal_wallis	0.113608153670764	0.390812048627427	ns	0.00142757725103961	0.00108389329265934
A549_180626_untreated	Untreated	raw	class	Triacylglycerols	Triacylglycerols	pathway	Fatty acids	Fatty acids	Glycerolipids	Triacylglycerols	NPC class: Triacylglycerols / NPC pathway: Fatty acids	Triacylglycerols	51	1440	467946995.5	38180285352.2	0.0122562466776597	kruskal_wallis	0.113608153670764	0.390812048627427	ns	0.00142757725103961	0.00108389329265934
A549_210626_PET05	PET	raw	class	Triacylglycerols	Triacylglycerols	pathway	Fatty acids	Fatty acids	Glycerolipids	Triacylglycerols	NPC class: Triacylglycerols / NPC pathway: Fatty acids	Triacylglycerols	51	1440	346017672.5	36530109795.76	0.00947212243364683	kruskal_wallis	0.113608153670764	0.390812048627427	ns	0.00142757725103961	0.00108389329265934
A549_210626_PET100	PET	raw	class	Triacylglycerols	Triacylglycerols	pathway	Fatty acids	Fatty acids	Glycerolipids	Triacylglycerols	NPC class: Triacylglycerols / NPC pathway: Fatty acids	Triacylglycerols	51	1440	426059626.2	40523921542.8	0.0105137807492301	kruskal_wallis	0.113608153670764	0.390812048627427	ns	0.00142757725103961	0.00108389329265934
A549_210626_PS05	PS	raw	class	Triacylglycerols	Triacylglycerols	pathway	Fatty acids	Fatty acids	Glycerolipids	Triacylglycerols	NPC class: Triacylglycerols / NPC pathway: Fatty acids	Triacylglycerols	51	1440	368333536.8	34631729940.5	0.010635724447864	kruskal_wallis	0.113608153670764	0.390812048627427	ns	0.00142757725103961	0.00108389329265934
A549_210626_PS100	PS	raw	class	Triacylglycerols	Triacylglycerols	pathway	Fatty acids	Fatty acids	Glycerolipids	Triacylglycerols	NPC class: Triacylglycerols / NPC pathway: Fatty acids	Triacylglycerols	51	1440	503019420.5	42962798740.1	0.0117082554035405	kruskal_wallis	0.113608153670764	0.390812048627427	ns	0.00142757725103961	0.00108389329265934
A549_210626_untreated	Untreated	raw	class	Triacylglycerols	Triacylglycerols	pathway	Fatty acids	Fatty acids	Glycerolipids	Triacylglycerols	NPC class: Triacylglycerols / NPC pathway: Fatty acids	Triacylglycerols	51	1440	369843628.6	37950422097.55	0.00974544176740201	kruskal_wallis	0.113608153670764	0.390812048627427	ns	0.00142757725103961	0.00108389329265934
A549_110626_PET05	PET	raw	class	Tripeptides	Tripeptides	pathway	Amino acids and Peptides	Amino acids and Peptides	Oligopeptides | Small peptides	Tripeptides	NPC class: Tripeptides / NPC pathway: Amino acids and Peptides	Tripeptides	2	141	12523262.6	1261887026.5	0.00992423437043712	kruskal_wallis	0.43099160515501	0.699344868742092	ns	0.000818655731642018	0.000950944334282942
A549_110626_PET100	PET	raw	class	Tripeptides	Tripeptides	pathway	Amino acids and Peptides	Amino acids and Peptides	Oligopeptides | Small peptides	Tripeptides	NPC class: Tripeptides / NPC pathway: Amino acids and Peptides	Tripeptides	2	141	17383570.6	1576419087.3	0.011027252042332	kruskal_wallis	0.43099160515501	0.699344868742092	ns	0.000818655731642018	0.000950944334282942
A549_110626_PS05	PS	raw	class	Tripeptides	Tripeptides	pathway	Amino acids and Peptides	Amino acids and Peptides	Oligopeptides | Small peptides	Tripeptides	NPC class: Tripeptides / NPC pathway: Amino acids and Peptides	Tripeptides	2	141	14182437.6	1278650513.3	0.0110917232288886	kruskal_wallis	0.43099160515501	0.699344868742092	ns	0.000818655731642018	0.000950944334282942
A549_110626_PS100	PS	raw	class	Tripeptides	Tripeptides	pathway	Amino acids and Peptides	Amino acids and Peptides	Oligopeptides | Small peptides	Tripeptides	NPC class: Tripeptides / NPC pathway: Amino acids and Peptides	Tripeptides	2	141	13533764.6	1438361364.9	0.0094091547021919	kruskal_wallis	0.43099160515501	0.699344868742092	ns	0.000818655731642018	0.000950944334282942
A549_110626_untreated	Untreated	raw	class	Tripeptides	Tripeptides	pathway	Amino acids and Peptides	Amino acids and Peptides	Oligopeptides | Small peptides	Tripeptides	NPC class: Tripeptides / NPC pathway: Amino acids and Peptides	Tripeptides	2	141	17768882.6	1785861188.6	0.00994975573321556	kruskal_wallis	0.43099160515501	0.699344868742092	ns	0.000818655731642018	0.000950944334282942
A549_180626_PET05	PET	raw	class	Tripeptides	Tripeptides	pathway	Amino acids and Peptides	Amino acids and Peptides	Oligopeptides | Small peptides	Tripeptides	NPC class: Tripeptides / NPC pathway: Amino acids and Peptides	Tripeptides	2	141	10089914.6	993420522.3	0.0101567406486022	kruskal_wallis	0.43099160515501	0.699344868742092	ns	0.000818655731642018	0.000950944334282942
A549_180626_PET100	PET	raw	class	Tripeptides	Tripeptides	pathway	Amino acids and Peptides	Amino acids and Peptides	Oligopeptides | Small peptides	Tripeptides	NPC class: Tripeptides / NPC pathway: Amino acids and Peptides	Tripeptides	2	141	14212107.6	1474863097.7	0.0096362215734893	kruskal_wallis	0.43099160515501	0.699344868742092	ns	0.000818655731642018	0.000950944334282942
A549_180626_PS05	PS	raw	class	Tripeptides	Tripeptides	pathway	Amino acids and Peptides	Amino acids and Peptides	Oligopeptides | Small peptides	Tripeptides	NPC class: Tripeptides / NPC pathway: Amino acids and Peptides	Tripeptides	2	141	12067845.6	1480990834.5	0.00814849445308974	kruskal_wallis	0.43099160515501	0.699344868742092	ns	0.000818655731642018	0.000950944334282942
A549_180626_PS100	PS	raw	class	Tripeptides	Tripeptides	pathway	Amino acids and Peptides	Amino acids and Peptides	Oligopeptides | Small peptides	Tripeptides	NPC class: Tripeptides / NPC pathway: Amino acids and Peptides	Tripeptides	2	141	15461888.6	1606086500.9	0.00962705843759701	kruskal_wallis	0.43099160515501	0.699344868742092	ns	0.000818655731642018	0.000950944334282942
A549_180626_untreated	Untreated	raw	class	Tripeptides	Tripeptides	pathway	Amino acids and Peptides	Amino acids and Peptides	Oligopeptides | Small peptides	Tripeptides	NPC class: Tripeptides / NPC pathway: Amino acids and Peptides	Tripeptides	2	141	16371602.6	2104203255.8	0.00778042831882971	kruskal_wallis	0.43099160515501	0.699344868742092	ns	0.000818655731642018	0.000950944334282942
A549_210626_PET05	PET	raw	class	Tripeptides	Tripeptides	pathway	Amino acids and Peptides	Amino acids and Peptides	Oligopeptides | Small peptides	Tripeptides	NPC class: Tripeptides / NPC pathway: Amino acids and Peptides	Tripeptides	2	141	11425315.6	1317408748.9	0.00867256696871022	kruskal_wallis	0.43099160515501	0.699344868742092	ns	0.000818655731642018	0.000950944334282942
A549_210626_PET100	PET	raw	class	Tripeptides	Tripeptides	pathway	Amino acids and Peptides	Amino acids and Peptides	Oligopeptides | Small peptides	Tripeptides	NPC class: Tripeptides / NPC pathway: Amino acids and Peptides	Tripeptides	2	141	14107519.6	1569136596.1	0.00899062556762964	kruskal_wallis	0.43099160515501	0.699344868742092	ns	0.000818655731642018	0.000950944334282942
A549_210626_PS05	PS	raw	class	Tripeptides	Tripeptides	pathway	Amino acids and Peptides	Amino acids and Peptides	Oligopeptides | Small peptides	Tripeptides	NPC class: Tripeptides / NPC pathway: Amino acids and Peptides	Tripeptides	2	141	10655760.6	1294084569.6	0.00823420729241342	kruskal_wallis	0.43099160515501	0.699344868742092	ns	0.000818655731642018	0.000950944334282942
A549_210626_PS100	PS	raw	class	Tripeptides	Tripeptides	pathway	Amino acids and Peptides	Amino acids and Peptides	Oligopeptides | Small peptides	Tripeptides	NPC class: Tripeptides / NPC pathway: Amino acids and Peptides	Tripeptides	2	141	12722263.6	1542202367.4	0.00824941257316864	kruskal_wallis	0.43099160515501	0.699344868742092	ns	0.000818655731642018	0.000950944334282942
A549_210626_untreated	Untreated	raw	class	Tripeptides	Tripeptides	pathway	Amino acids and Peptides	Amino acids and Peptides	Oligopeptides | Small peptides	Tripeptides	NPC class: Tripeptides / NPC pathway: Amino acids and Peptides	Tripeptides	2	141	14709632.6	1631201150.5	0.00901766933862888	kruskal_wallis	0.43099160515501	0.699344868742092	ns	0.000818655731642018	0.000950944334282942
A549_110626_PET05	PET	raw	class	Unsaturated fatty acids	Unsaturated fatty acids	pathway	Fatty acids	Fatty acids	Fatty Acids and Conjugates	Unsaturated fatty acids	NPC class: Unsaturated fatty acids / NPC pathway: Fatty acids	Unsaturated fatty acids	59	1440	2827414630.05	34114366377.95	0.0828804673880009	kruskal_wallis	0.488377470666188	0.742444286770597	ns	0.0197547912204611	0.0109278301208351
A549_110626_PET100	PET	raw	class	Unsaturated fatty acids	Unsaturated fatty acids	pathway	Fatty acids	Fatty acids	Fatty Acids and Conjugates	Unsaturated fatty acids	NPC class: Unsaturated fatty acids / NPC pathway: Fatty acids	Unsaturated fatty acids	59	1440	3331969980	35458165160.66	0.0939690467598347	kruskal_wallis	0.488377470666188	0.742444286770597	ns	0.0197547912204611	0.0109278301208351
A549_110626_PS05	PS	raw	class	Unsaturated fatty acids	Unsaturated fatty acids	pathway	Fatty acids	Fatty acids	Fatty Acids and Conjugates	Unsaturated fatty acids	NPC class: Unsaturated fatty acids / NPC pathway: Fatty acids	Unsaturated fatty acids	59	1440	2855247636.4	34785738556.84	0.0820809836115602	kruskal_wallis	0.488377470666188	0.742444286770597	ns	0.0197547912204611	0.0109278301208351
A549_110626_PS100	PS	raw	class	Unsaturated fatty acids	Unsaturated fatty acids	pathway	Fatty acids	Fatty acids	Fatty Acids and Conjugates	Unsaturated fatty acids	NPC class: Unsaturated fatty acids / NPC pathway: Fatty acids	Unsaturated fatty acids	59	1440	4163127240.8	39295522102.6	0.105944062275853	kruskal_wallis	0.488377470666188	0.742444286770597	ns	0.0197547912204611	0.0109278301208351
A549_110626_untreated	Untreated	raw	class	Unsaturated fatty acids	Unsaturated fatty acids	pathway	Fatty acids	Fatty acids	Fatty Acids and Conjugates	Unsaturated fatty acids	NPC class: Unsaturated fatty acids / NPC pathway: Fatty acids	Unsaturated fatty acids	59	1440	3442730689.6	40726922534.5	0.0845320607439377	kruskal_wallis	0.488377470666188	0.742444286770597	ns	0.0197547912204611	0.0109278301208351
A549_180626_PET05	PET	raw	class	Unsaturated fatty acids	Unsaturated fatty acids	pathway	Fatty acids	Fatty acids	Fatty Acids and Conjugates	Unsaturated fatty acids	NPC class: Unsaturated fatty acids / NPC pathway: Fatty acids	Unsaturated fatty acids	59	1440	2439651563.5	31199184663.6	0.078196003831675	kruskal_wallis	0.488377470666188	0.742444286770597	ns	0.0197547912204611	0.0109278301208351
A549_180626_PET100	PET	raw	class	Unsaturated fatty acids	Unsaturated fatty acids	pathway	Fatty acids	Fatty acids	Fatty Acids and Conjugates	Unsaturated fatty acids	NPC class: Unsaturated fatty acids / NPC pathway: Fatty acids	Unsaturated fatty acids	59	1440	2843967804.4	36474343757.1	0.0779717333186125	kruskal_wallis	0.488377470666188	0.742444286770597	ns	0.0197547912204611	0.0109278301208351
A549_180626_PS05	PS	raw	class	Unsaturated fatty acids	Unsaturated fatty acids	pathway	Fatty acids	Fatty acids	Fatty Acids and Conjugates	Unsaturated fatty acids	NPC class: Unsaturated fatty acids / NPC pathway: Fatty acids	Unsaturated fatty acids	59	1440	1534128795.8	36381542275.7	0.0421677779400979	kruskal_wallis	0.488377470666188	0.742444286770597	ns	0.0197547912204611	0.0109278301208351
A549_180626_PS100	PS	raw	class	Unsaturated fatty acids	Unsaturated fatty acids	pathway	Fatty acids	Fatty acids	Fatty Acids and Conjugates	Unsaturated fatty acids	NPC class: Unsaturated fatty acids / NPC pathway: Fatty acids	Unsaturated fatty acids	59	1440	2770705220.2	38000221483.6	0.0729128702946053	kruskal_wallis	0.488377470666188	0.742444286770597	ns	0.0197547912204611	0.0109278301208351
A549_180626_untreated	Untreated	raw	class	Unsaturated fatty acids	Unsaturated fatty acids	pathway	Fatty acids	Fatty acids	Fatty Acids and Conjugates	Unsaturated fatty acids	NPC class: Unsaturated fatty acids / NPC pathway: Fatty acids	Unsaturated fatty acids	59	1440	1694183934.9	38180285352.2	0.044373265397881	kruskal_wallis	0.488377470666188	0.742444286770597	ns	0.0197547912204611	0.0109278301208351
A549_210626_PET05	PET	raw	class	Unsaturated fatty acids	Unsaturated fatty acids	pathway	Fatty acids	Fatty acids	Fatty Acids and Conjugates	Unsaturated fatty acids	NPC class: Unsaturated fatty acids / NPC pathway: Fatty acids	Unsaturated fatty acids	59	1440	4222335872.8	36530109795.76	0.115585085739055	kruskal_wallis	0.488377470666188	0.742444286770597	ns	0.0197547912204611	0.0109278301208351
A549_210626_PET100	PET	raw	class	Unsaturated fatty acids	Unsaturated fatty acids	pathway	Fatty acids	Fatty acids	Fatty Acids and Conjugates	Unsaturated fatty acids	NPC class: Unsaturated fatty acids / NPC pathway: Fatty acids	Unsaturated fatty acids	59	1440	3984958743.6	40523921542.8	0.0983359603880197	kruskal_wallis	0.488377470666188	0.742444286770597	ns	0.0197547912204611	0.0109278301208351
A549_210626_PS05	PS	raw	class	Unsaturated fatty acids	Unsaturated fatty acids	pathway	Fatty acids	Fatty acids	Fatty Acids and Conjugates	Unsaturated fatty acids	NPC class: Unsaturated fatty acids / NPC pathway: Fatty acids	Unsaturated fatty acids	59	1440	1482168897.7	34631729940.5	0.0427980034565551	kruskal_wallis	0.488377470666188	0.742444286770597	ns	0.0197547912204611	0.0109278301208351
A549_210626_PS100	PS	raw	class	Unsaturated fatty acids	Unsaturated fatty acids	pathway	Fatty acids	Fatty acids	Fatty Acids and Conjugates	Unsaturated fatty acids	NPC class: Unsaturated fatty acids / NPC pathway: Fatty acids	Unsaturated fatty acids	59	1440	4066237883.1	42962798740.1	0.0946455538825201	kruskal_wallis	0.488377470666188	0.742444286770597	ns	0.0197547912204611	0.0109278301208351
A549_210626_untreated	Untreated	raw	class	Unsaturated fatty acids	Unsaturated fatty acids	pathway	Fatty acids	Fatty acids	Fatty Acids and Conjugates	Unsaturated fatty acids	NPC class: Unsaturated fatty acids / NPC pathway: Fatty acids	Unsaturated fatty acids	59	1440	3237150090.8	37950422097.55	0.0852994489093965	kruskal_wallis	0.488377470666188	0.742444286770597	ns	0.0197547912204611	0.0109278301208351
A549_110626_PET05	PET	raw	class	Wax monoesters	Wax monoesters	pathway	Fatty acids	Fatty acids	Fatty esters | Glycerolipids	Wax monoesters	NPC class: Wax monoesters / NPC pathway: Fatty acids	Wax monoesters	35	1440	817240110	34114366377.95	0.0239558929791007	kruskal_wallis	0.25601992640813	0.564556760797415	ns	0.00786107765841495	0.00706465720122594
A549_110626_PET100	PET	raw	class	Wax monoesters	Wax monoesters	pathway	Fatty acids	Fatty acids	Fatty esters | Glycerolipids	Wax monoesters	NPC class: Wax monoesters / NPC pathway: Fatty acids	Wax monoesters	35	1440	681921866.1	35458165160.66	0.0192317302096775	kruskal_wallis	0.25601992640813	0.564556760797415	ns	0.00786107765841495	0.00706465720122594
A549_110626_PS05	PS	raw	class	Wax monoesters	Wax monoesters	pathway	Fatty acids	Fatty acids	Fatty esters | Glycerolipids	Wax monoesters	NPC class: Wax monoesters / NPC pathway: Fatty acids	Wax monoesters	35	1440	608332041.9	34785738556.84	0.0174879725754847	kruskal_wallis	0.25601992640813	0.564556760797415	ns	0.00786107765841495	0.00706465720122594
A549_110626_PS100	PS	raw	class	Wax monoesters	Wax monoesters	pathway	Fatty acids	Fatty acids	Fatty esters | Glycerolipids	Wax monoesters	NPC class: Wax monoesters / NPC pathway: Fatty acids	Wax monoesters	35	1440	613869570.5	39295522102.6	0.0156218708304014	kruskal_wallis	0.25601992640813	0.564556760797415	ns	0.00786107765841495	0.00706465720122594
A549_110626_untreated	Untreated	raw	class	Wax monoesters	Wax monoesters	pathway	Fatty acids	Fatty acids	Fatty esters | Glycerolipids	Wax monoesters	NPC class: Wax monoesters / NPC pathway: Fatty acids	Wax monoesters	35	1440	968230532.6	40726922534.5	0.0237737219594681	kruskal_wallis	0.25601992640813	0.564556760797415	ns	0.00786107765841495	0.00706465720122594
A549_180626_PET05	PET	raw	class	Wax monoesters	Wax monoesters	pathway	Fatty acids	Fatty acids	Fatty esters | Glycerolipids	Wax monoesters	NPC class: Wax monoesters / NPC pathway: Fatty acids	Wax monoesters	35	1440	619439827.2	31199184663.6	0.0198543594609605	kruskal_wallis	0.25601992640813	0.564556760797415	ns	0.00786107765841495	0.00706465720122594
A549_180626_PET100	PET	raw	class	Wax monoesters	Wax monoesters	pathway	Fatty acids	Fatty acids	Fatty esters | Glycerolipids	Wax monoesters	NPC class: Wax monoesters / NPC pathway: Fatty acids	Wax monoesters	35	1440	443946239.3	36474343757.1	0.0121714661203077	kruskal_wallis	0.25601992640813	0.564556760797415	ns	0.00786107765841495	0.00706465720122594
A549_180626_PS05	PS	raw	class	Wax monoesters	Wax monoesters	pathway	Fatty acids	Fatty acids	Fatty esters | Glycerolipids	Wax monoesters	NPC class: Wax monoesters / NPC pathway: Fatty acids	Wax monoesters	35	1440	772571133.1	36381542275.7	0.0212352496561427	kruskal_wallis	0.25601992640813	0.564556760797415	ns	0.00786107765841495	0.00706465720122594
A549_180626_PS100	PS	raw	class	Wax monoesters	Wax monoesters	pathway	Fatty acids	Fatty acids	Fatty esters | Glycerolipids	Wax monoesters	NPC class: Wax monoesters / NPC pathway: Fatty acids	Wax monoesters	35	1440	1212656043	38000221483.6	0.0319118151330606	kruskal_wallis	0.25601992640813	0.564556760797415	ns	0.00786107765841495	0.00706465720122594
A549_180626_untreated	Untreated	raw	class	Wax monoesters	Wax monoesters	pathway	Fatty acids	Fatty acids	Fatty esters | Glycerolipids	Wax monoesters	NPC class: Wax monoesters / NPC pathway: Fatty acids	Wax monoesters	35	1440	913236266.8	38180285352.2	0.0239190529451446	kruskal_wallis	0.25601992640813	0.564556760797415	ns	0.00786107765841495	0.00706465720122594
A549_210626_PET05	PET	raw	class	Wax monoesters	Wax monoesters	pathway	Fatty acids	Fatty acids	Fatty esters | Glycerolipids	Wax monoesters	NPC class: Wax monoesters / NPC pathway: Fatty acids	Wax monoesters	35	1440	604237251.7	36530109795.76	0.0165408003172805	kruskal_wallis	0.25601992640813	0.564556760797415	ns	0.00786107765841495	0.00706465720122594
A549_210626_PET100	PET	raw	class	Wax monoesters	Wax monoesters	pathway	Fatty acids	Fatty acids	Fatty esters | Glycerolipids	Wax monoesters	NPC class: Wax monoesters / NPC pathway: Fatty acids	Wax monoesters	35	1440	801807129.3	40523921542.8	0.0197860201770739	kruskal_wallis	0.25601992640813	0.564556760797415	ns	0.00786107765841495	0.00706465720122594
A549_210626_PS05	PS	raw	class	Wax monoesters	Wax monoesters	pathway	Fatty acids	Fatty acids	Fatty esters | Glycerolipids	Wax monoesters	NPC class: Wax monoesters / NPC pathway: Fatty acids	Wax monoesters	35	1440	1297572140.2	34631729940.5	0.0374677251881246	kruskal_wallis	0.25601992640813	0.564556760797415	ns	0.00786107765841495	0.00706465720122594
A549_210626_PS100	PS	raw	class	Wax monoesters	Wax monoesters	pathway	Fatty acids	Fatty acids	Fatty esters | Glycerolipids	Wax monoesters	NPC class: Wax monoesters / NPC pathway: Fatty acids	Wax monoesters	35	1440	1502929000.5	42962798740.1	0.0349821018316765	kruskal_wallis	0.25601992640813	0.564556760797415	ns	0.00786107765841495	0.00706465720122594
A549_210626_untreated	Untreated	raw	class	Wax monoesters	Wax monoesters	pathway	Fatty acids	Fatty acids	Fatty esters | Glycerolipids	Wax monoesters	NPC class: Wax monoesters / NPC pathway: Fatty acids	Wax monoesters	35	1440	792824216.7	37950422097.55	0.0208910513475207	kruskal_wallis	0.25601992640813	0.564556760797415	ns	0.00786107765841495	0.00706465720122594
