data_source	value	npc_label	plot_label	test	contrast	group_1	group_2	n_group_1	n_group_2	mean_group_1	mean_group_2	mean_difference	abs_mean_difference	median_group_1	median_group_2	median_difference	abs_median_difference	p_value	q_value	significance
filtered	pathway_normalized_ratio	NPC superclass: Aminosugars and aminoglycosides / NPC pathway: Carbohydrates	Aminosugars and aminoglycosides	kruskal_wallis	overall	NA	NA	NA	NA	NA	NA	NA	0.206834468141197	NA	NA	NA	0.295360523151432	0.124700056696731	0.994839233397245	ns
filtered	pathway_normalized_ratio	NPC superclass: Aminosugars and aminoglycosides / NPC pathway: Carbohydrates	Aminosugars and aminoglycosides	pairwise_wilcoxon_rank_sum	PET_vs_PS	PET	PS	5	6	0.0788818047440286	0	-0.0788818047440286	0.0788818047440286	0	0	0	0	0.361310428526179	1	ns
filtered	pathway_normalized_ratio	NPC superclass: Aminosugars and aminoglycosides / NPC pathway: Carbohydrates	Aminosugars and aminoglycosides	pairwise_wilcoxon_rank_sum	PET_vs_Untreated	PET	Untreated	5	3	0.0788818047440286	0.206834468141197	0.127952663397169	0.127952663397169	0	0.295360523151432	0.295360523151432	0.295360523151432	0.494524667883871	1	ns
filtered	pathway_normalized_ratio	NPC superclass: Aminosugars and aminoglycosides / NPC pathway: Carbohydrates	Aminosugars and aminoglycosides	pairwise_wilcoxon_rank_sum	PS_vs_Untreated	PS	Untreated	6	3	0	0.206834468141197	0.206834468141197	0.206834468141197	0	0.295360523151432	0.295360523151432	0.295360523151432	0.0518299272179097	1	ns
filtered	pathway_normalized_ratio	NPC superclass: Carotenoids (C40) / NPC pathway: Terpenoids	Carotenoids (C40)	kruskal_wallis	overall	NA	NA	NA	NA	NA	NA	NA	0.0075155930000534	NA	NA	NA	0.013144119492396	0.562704868806956	0.994839233397245	ns
filtered	pathway_normalized_ratio	NPC superclass: Carotenoids (C40) / NPC pathway: Terpenoids	Carotenoids (C40)	pairwise_wilcoxon_rank_sum	PET_vs_PS	PET	PS	6	6	0.0251546725441741	0.0326702655442275	0.0075155930000534	0.0075155930000534	0.0231563952875226	0.0314037253143254	0.00824733002680281	0.00824733002680281	0.378477593244679	1	ns
filtered	pathway_normalized_ratio	NPC superclass: Carotenoids (C40) / NPC pathway: Terpenoids	Carotenoids (C40)	pairwise_wilcoxon_rank_sum	PET_vs_Untreated	PET	Untreated	6	3	0.0251546725441741	0.0261520328594896	0.000997360315315492	0.000997360315315492	0.0231563952875226	0.0182596058219294	-0.00489678946559317	0.00489678946559317	0.897278961260083	1	ns
filtered	pathway_normalized_ratio	NPC superclass: Carotenoids (C40) / NPC pathway: Terpenoids	Carotenoids (C40)	pairwise_wilcoxon_rank_sum	PS_vs_Untreated	PS	Untreated	6	3	0.0326702655442275	0.0261520328594896	-0.0065182326847379	0.0065182326847379	0.0314037253143254	0.0182596058219294	-0.013144119492396	0.013144119492396	0.518605016428726	1	ns
filtered	pathway_normalized_ratio	NPC superclass: Chromanes / NPC pathway: Polyketides	Chromanes	kruskal_wallis	overall	NA	NA	NA	NA	NA	NA	NA	0.00222226620216996	NA	NA	NA	0.00204375806577754	0.895407649165432	0.994839233397245	ns
filtered	pathway_normalized_ratio	NPC superclass: Chromanes / NPC pathway: Polyketides	Chromanes	pairwise_wilcoxon_rank_sum	PET_vs_PS	PET	PS	5	6	0.0115459383730324	0.0137682045752023	0.00222226620216996	0.00222226620216996	0.0135256662437831	0.0114975341377174	-0.00202813210606571	0.00202813210606571	0.784191229401619	1	ns
filtered	pathway_normalized_ratio	NPC superclass: Chromanes / NPC pathway: Polyketides	Chromanes	pairwise_wilcoxon_rank_sum	PET_vs_Untreated	PET	Untreated	5	3	0.0115459383730324	0.0127078800915813	0.00116194171854894	0.00116194171854894	0.0135256662437831	0.0135412922034949	1.56259597118291e-05	1.56259597118291e-05	0.765594483995764	1	ns
filtered	pathway_normalized_ratio	NPC superclass: Chromanes / NPC pathway: Polyketides	Chromanes	pairwise_wilcoxon_rank_sum	PS_vs_Untreated	PS	Untreated	6	3	0.0137682045752023	0.0127078800915813	-0.00106032448362101	0.00106032448362101	0.0114975341377174	0.0135412922034949	0.00204375806577754	0.00204375806577754	1	1	ns
filtered	pathway_normalized_ratio	NPC superclass: Diterpenoids / NPC pathway: Terpenoids	Diterpenoids	kruskal_wallis	overall	NA	NA	NA	NA	NA	NA	NA	0.00835818629125845	NA	NA	NA	0.00359095594951246	0.269146348729184	0.994839233397245	ns
filtered	pathway_normalized_ratio	NPC superclass: Diterpenoids / NPC pathway: Terpenoids	Diterpenoids	pairwise_wilcoxon_rank_sum	PET_vs_PS	PET	PS	6	6	0.0128993483557555	0.0169835336106802	0.00408418525492472	0.00408418525492472	0.0142503074140266	0.0135084302544835	-0.000741877159543054	0.000741877159543054	0.936186293473059	1	ns
filtered	pathway_normalized_ratio	NPC superclass: Diterpenoids / NPC pathway: Terpenoids	Diterpenoids	pairwise_wilcoxon_rank_sum	PET_vs_Untreated	PET	Untreated	6	3	0.0128993483557555	0.021257534647014	0.00835818629125845	0.00835818629125845	0.0142503074140266	0.017099386203996	0.0028490787899694	0.0028490787899694	0.0932899561836047	1	ns
filtered	pathway_normalized_ratio	NPC superclass: Diterpenoids / NPC pathway: Terpenoids	Diterpenoids	pairwise_wilcoxon_rank_sum	PS_vs_Untreated	PS	Untreated	6	3	0.0169835336106802	0.021257534647014	0.00427400103633373	0.00427400103633373	0.0135084302544835	0.017099386203996	0.00359095594951246	0.00359095594951246	0.366156560194061	1	ns
filtered	pathway_normalized_ratio	NPC superclass: Eicosanoids / NPC pathway: Fatty acids	Eicosanoids	kruskal_wallis	overall	NA	NA	NA	NA	NA	NA	NA	0.000538349341113178	NA	NA	NA	0	0.963182437765253	0.994839233397245	ns
filtered	pathway_normalized_ratio	NPC superclass: Eicosanoids / NPC pathway: Fatty acids	Eicosanoids	pairwise_wilcoxon_rank_sum	PET_vs_PS	PET	PS	5	6	0.000154138763605279	0.000208342745808939	5.42039822036601e-05	5.42039822036601e-05	0	0	0	0	1	1	ns
filtered	pathway_normalized_ratio	NPC superclass: Eicosanoids / NPC pathway: Fatty acids	Eicosanoids	pairwise_wilcoxon_rank_sum	PET_vs_Untreated	PET	Untreated	5	3	0.000154138763605279	0.000692488104718457	0.000538349341113178	0.000538349341113178	0	0	0	0	1	1	ns
filtered	pathway_normalized_ratio	NPC superclass: Eicosanoids / NPC pathway: Fatty acids	Eicosanoids	pairwise_wilcoxon_rank_sum	PS_vs_Untreated	PS	Untreated	6	3	0.000208342745808939	0.000692488104718457	0.000484145358909518	0.000484145358909518	0	0	0	0	0.878088366511165	1	ns
filtered	pathway_normalized_ratio	NPC superclass: Fatty Acids and Conjugates / NPC pathway: Fatty acids	Fatty Acids and Conjugates	kruskal_wallis	overall	NA	NA	NA	NA	NA	NA	NA	0.00995314712259106	NA	NA	NA	0.0122693137309683	0.891153939136044	0.994839233397245	ns
filtered	pathway_normalized_ratio	NPC superclass: Fatty Acids and Conjugates / NPC pathway: Fatty acids	Fatty Acids and Conjugates	pairwise_wilcoxon_rank_sum	PET_vs_PS	PET	PS	5	6	0.0621522549245425	0.0574802734500415	-0.00467198147450095	0.00467198147450095	0.0590766864630731	0.0503356227657662	-0.00874106369730698	0.00874106369730698	0.522816653919089	1	ns
filtered	pathway_normalized_ratio	NPC superclass: Fatty Acids and Conjugates / NPC pathway: Fatty acids	Fatty Acids and Conjugates	pairwise_wilcoxon_rank_sum	PET_vs_Untreated	PET	Untreated	5	3	0.0621522549245425	0.0521991078019514	-0.00995314712259106	0.00995314712259106	0.0590766864630731	0.0626049364967345	0.00352825003366136	0.00352825003366136	1	1	ns
filtered	pathway_normalized_ratio	NPC superclass: Fatty Acids and Conjugates / NPC pathway: Fatty acids	Fatty Acids and Conjugates	pairwise_wilcoxon_rank_sum	PS_vs_Untreated	PS	Untreated	6	3	0.0574802734500415	0.0521991078019514	-0.00528116564809011	0.00528116564809011	0.0503356227657662	0.0626049364967345	0.0122693137309683	0.0122693137309683	0.897278961260083	1	ns
filtered	pathway_normalized_ratio	NPC superclass: Fatty acyl glycosides / NPC pathway: Fatty acids	Fatty acyl glycosides	kruskal_wallis	overall	NA	NA	NA	NA	NA	NA	NA	0.00111774003002641	NA	NA	NA	0.00184655932078123	0.522719484425344	0.994839233397245	ns
filtered	pathway_normalized_ratio	NPC superclass: Fatty acyl glycosides / NPC pathway: Fatty acids	Fatty acyl glycosides	pairwise_wilcoxon_rank_sum	PET_vs_PS	PET	PS	5	6	0.000492591662981803	0.000537426536394808	4.48348734130051e-05	4.48348734130051e-05	0.000293248920250935	0.000230904993374139	-6.23439268767963e-05	6.23439268767963e-05	0.923724918398048	1	ns
filtered	pathway_normalized_ratio	NPC superclass: Fatty acyl glycosides / NPC pathway: Fatty acids	Fatty acyl glycosides	pairwise_wilcoxon_rank_sum	PET_vs_Untreated	PET	Untreated	5	3	0.000492591662981803	0.00161033169300821	0.00111774003002641	0.00111774003002641	0.000293248920250935	0.00207746431415537	0.00178421539390444	0.00178421539390444	0.359396770820519	1	ns
filtered	pathway_normalized_ratio	NPC superclass: Fatty acyl glycosides / NPC pathway: Fatty acids	Fatty acyl glycosides	pairwise_wilcoxon_rank_sum	PS_vs_Untreated	PS	Untreated	6	3	0.000537426536394808	0.00161033169300821	0.0010729051566134	0.0010729051566134	0.000230904993374139	0.00207746431415537	0.00184655932078123	0.00184655932078123	0.41849223344682	1	ns
filtered	pathway_normalized_ratio	NPC superclass: Fatty acyls / NPC pathway: Fatty acids	Fatty acyls	kruskal_wallis	overall	NA	NA	NA	NA	NA	NA	NA	0.00517675015898494	NA	NA	NA	0.00577832182212712	0.939972403709615	0.994839233397245	ns
filtered	pathway_normalized_ratio	NPC superclass: Fatty acyls / NPC pathway: Fatty acids	Fatty acyls	pairwise_wilcoxon_rank_sum	PET_vs_PS	PET	PS	5	6	0.108798865021617	0.109365848301195	0.000566983279577438	0.000566983279577438	0.111064076466387	0.112857294966803	0.00179321850041533	0.00179321850041533	0.784191229401619	1	ns
filtered	pathway_normalized_ratio	NPC superclass: Fatty acyls / NPC pathway: Fatty acids	Fatty acyls	pairwise_wilcoxon_rank_sum	PET_vs_Untreated	PET	Untreated	5	3	0.108798865021617	0.113975615180602	0.00517675015898494	0.00517675015898494	0.111064076466387	0.116842398288514	0.00577832182212712	0.00577832182212712	1	1	ns
filtered	pathway_normalized_ratio	NPC superclass: Fatty acyls / NPC pathway: Fatty acids	Fatty acyls	pairwise_wilcoxon_rank_sum	PS_vs_Untreated	PS	Untreated	6	3	0.109365848301195	0.113975615180602	0.00460976687940751	0.00460976687940751	0.112857294966803	0.116842398288514	0.00398510332171179	0.00398510332171179	0.897278961260083	1	ns
filtered	pathway_normalized_ratio	NPC superclass: Fatty amides / NPC pathway: Fatty acids	Fatty amides	kruskal_wallis	overall	NA	NA	NA	NA	NA	NA	NA	0.0145531744502923	NA	NA	NA	0.0443042394545507	0.901396975732415	0.994839233397245	ns
filtered	pathway_normalized_ratio	NPC superclass: Fatty amides / NPC pathway: Fatty acids	Fatty amides	pairwise_wilcoxon_rank_sum	PET_vs_PS	PET	PS	5	6	0.239730803277505	0.225177628827213	-0.0145531744502923	0.0145531744502923	0.223614684572049	0.224239803535423	0.000625118963374083	0.000625118963374083	0.927264473525232	1	ns
filtered	pathway_normalized_ratio	NPC superclass: Fatty amides / NPC pathway: Fatty acids	Fatty amides	pairwise_wilcoxon_rank_sum	PET_vs_Untreated	PET	Untreated	5	3	0.239730803277505	0.239409008666911	-0.000321794610593951	0.000321794610593951	0.223614684572049	0.2679189240266	0.0443042394545507	0.0443042394545507	1	1	ns
filtered	pathway_normalized_ratio	NPC superclass: Fatty amides / NPC pathway: Fatty acids	Fatty amides	pairwise_wilcoxon_rank_sum	PS_vs_Untreated	PS	Untreated	6	3	0.225177628827213	0.239409008666911	0.0142313798396984	0.0142313798396984	0.224239803535423	0.2679189240266	0.0436791204911766	0.0436791204911766	0.698535358303339	1	ns
filtered	pathway_normalized_ratio	NPC superclass: Fatty esters / NPC pathway: Fatty acids	Fatty esters	kruskal_wallis	overall	NA	NA	NA	NA	NA	NA	NA	0.0109789760272143	NA	NA	NA	0.00504182888960406	0.745063585719429	0.994839233397245	ns
filtered	pathway_normalized_ratio	NPC superclass: Fatty esters / NPC pathway: Fatty acids	Fatty esters	pairwise_wilcoxon_rank_sum	PET_vs_PS	PET	PS	5	6	0.0283869400223622	0.0393659160495765	0.0109789760272143	0.0109789760272143	0.0274449501096495	0.0324867789992536	0.00504182888960406	0.00504182888960406	0.648076868139146	1	ns
filtered	pathway_normalized_ratio	NPC superclass: Fatty esters / NPC pathway: Fatty acids	Fatty esters	pairwise_wilcoxon_rank_sum	PET_vs_Untreated	PET	Untreated	5	3	0.0283869400223622	0.0322021189751872	0.00381517895282507	0.00381517895282507	0.0274449501096495	0.0294894278096853	0.00204447770003582	0.00204447770003582	0.550984987585094	1	ns
filtered	pathway_normalized_ratio	NPC superclass: Fatty esters / NPC pathway: Fatty acids	Fatty esters	pairwise_wilcoxon_rank_sum	PS_vs_Untreated	PS	Untreated	6	3	0.0393659160495765	0.0322021189751872	-0.00716379707438927	0.00716379707438927	0.0324867789992536	0.0294894278096853	-0.00299735118956824	0.00299735118956824	0.698535358303339	1	ns
filtered	pathway_normalized_ratio	NPC superclass: Glycerolipids / NPC pathway: Fatty acids	Glycerolipids	kruskal_wallis	overall	NA	NA	NA	NA	NA	NA	NA	0.00529514436381746	NA	NA	NA	0.00185749469539939	0.94445913699487	0.994839233397245	ns
filtered	pathway_normalized_ratio	NPC superclass: Glycerolipids / NPC pathway: Fatty acids	Glycerolipids	pairwise_wilcoxon_rank_sum	PET_vs_PS	PET	PS	5	6	0.0489719422068825	0.0497998892503827	0.000827947043500199	0.000827947043500199	0.048308856491655	0.0501663511870544	0.00185749469539939	0.00185749469539939	0.927264473525232	1	ns
filtered	pathway_normalized_ratio	NPC superclass: Glycerolipids / NPC pathway: Fatty acids	Glycerolipids	pairwise_wilcoxon_rank_sum	PET_vs_Untreated	PET	Untreated	5	3	0.0489719422068825	0.0445047448865652	-0.00446719732031726	0.00446719732031726	0.048308856491655	0.0483653845464708	5.65280548158187e-05	5.65280548158187e-05	0.765594483995764	1	ns
filtered	pathway_normalized_ratio	NPC superclass: Glycerolipids / NPC pathway: Fatty acids	Glycerolipids	pairwise_wilcoxon_rank_sum	PS_vs_Untreated	PS	Untreated	6	3	0.0497998892503827	0.0445047448865652	-0.00529514436381746	0.00529514436381746	0.0501663511870544	0.0483653845464708	-0.00180096664058357	0.00180096664058357	0.897278961260083	1	ns
filtered	pathway_normalized_ratio	NPC superclass: Glycerophospholipids / NPC pathway: Fatty acids	Glycerophospholipids	kruskal_wallis	overall	NA	NA	NA	NA	NA	NA	NA	0.0116589381776047	NA	NA	NA	0.0311553855631898	0.895407649165432	0.994839233397245	ns
filtered	pathway_normalized_ratio	NPC superclass: Glycerophospholipids / NPC pathway: Fatty acids	Glycerophospholipids	pairwise_wilcoxon_rank_sum	PET_vs_PS	PET	PS	5	6	0.112201134332652	0.118537506485039	0.00633637215238708	0.00633637215238708	0.098233980452336	0.101419394471857	0.00318541401952056	0.00318541401952056	0.784191229401619	1	ns
filtered	pathway_normalized_ratio	NPC superclass: Glycerophospholipids / NPC pathway: Fatty acids	Glycerophospholipids	pairwise_wilcoxon_rank_sum	PET_vs_Untreated	PET	Untreated	5	3	0.112201134332652	0.106878568307434	-0.00532256602521765	0.00532256602521765	0.098233980452336	0.0702640089086668	-0.0279699715436692	0.0279699715436692	0.765594483995764	1	ns
filtered	pathway_normalized_ratio	NPC superclass: Glycerophospholipids / NPC pathway: Fatty acids	Glycerophospholipids	pairwise_wilcoxon_rank_sum	PS_vs_Untreated	PS	Untreated	6	3	0.118537506485039	0.106878568307434	-0.0116589381776047	0.0116589381776047	0.101419394471857	0.0702640089086668	-0.0311553855631898	0.0311553855631898	1	1	ns
filtered	pathway_normalized_ratio	NPC superclass: Lignans / NPC pathway: Shikimates and Phenylpropanoids	Lignans	kruskal_wallis	overall	NA	NA	NA	NA	NA	NA	NA	0.112018740148418	NA	NA	NA	0.139585657855515	0.296639377462027	0.994839233397245	ns
filtered	pathway_normalized_ratio	NPC superclass: Lignans / NPC pathway: Shikimates and Phenylpropanoids	Lignans	pairwise_wilcoxon_rank_sum	PET_vs_PS	PET	PS	5	6	0.267387746185511	0.155369006037093	-0.112018740148418	0.112018740148418	0.281319930311859	0.141734272456344	-0.139585657855515	0.139585657855515	0.235333266509586	1	ns
filtered	pathway_normalized_ratio	NPC superclass: Lignans / NPC pathway: Shikimates and Phenylpropanoids	Lignans	pairwise_wilcoxon_rank_sum	PET_vs_Untreated	PET	Untreated	5	3	0.267387746185511	0.229748847662313	-0.0376388985231979	0.0376388985231979	0.281319930311859	0.206804417998927	-0.0745155123129322	0.0745155123129322	0.765594483995764	1	ns
filtered	pathway_normalized_ratio	NPC superclass: Lignans / NPC pathway: Shikimates and Phenylpropanoids	Lignans	pairwise_wilcoxon_rank_sum	PS_vs_Untreated	PS	Untreated	6	3	0.155369006037093	0.229748847662313	0.0743798416252202	0.0743798416252202	0.141734272456344	0.206804417998927	0.0650701455425832	0.0650701455425832	0.245278116806773	1	ns
filtered	pathway_normalized_ratio	NPC superclass: Linear polyketides / NPC pathway: Polyketides	Linear polyketides	kruskal_wallis	overall	NA	NA	NA	NA	NA	NA	NA	0.0404467960309234	NA	NA	NA	0.0542053233928775	0.296639377462027	0.994839233397245	ns
filtered	pathway_normalized_ratio	NPC superclass: Linear polyketides / NPC pathway: Polyketides	Linear polyketides	pairwise_wilcoxon_rank_sum	PET_vs_PS	PET	PS	5	6	0.102651147597384	0.143097943628308	0.0404467960309234	0.0404467960309234	0.105188385104153	0.153247140409287	0.0480587553051335	0.0480587553051335	0.170903520230797	1	ns
filtered	pathway_normalized_ratio	NPC superclass: Linear polyketides / NPC pathway: Polyketides	Linear polyketides	pairwise_wilcoxon_rank_sum	PET_vs_Untreated	PET	Untreated	5	3	0.102651147597384	0.10954653524827	0.00689538765088518	0.00689538765088518	0.105188385104153	0.0990418170164093	-0.00614656808774397	0.00614656808774397	0.765594483995764	1	ns
filtered	pathway_normalized_ratio	NPC superclass: Linear polyketides / NPC pathway: Polyketides	Linear polyketides	pairwise_wilcoxon_rank_sum	PS_vs_Untreated	PS	Untreated	6	3	0.143097943628308	0.10954653524827	-0.0335514083800382	0.0335514083800382	0.153247140409287	0.0990418170164093	-0.0542053233928775	0.0542053233928775	0.366156560194061	1	ns
filtered	pathway_normalized_ratio	NPC superclass: Macrolides / NPC pathway: Polyketides	Macrolides	kruskal_wallis	overall	NA	NA	NA	NA	NA	NA	NA	0.0518513914643681	NA	NA	NA	0.078534442192423	0.606530659712633	0.994839233397245	ns
filtered	pathway_normalized_ratio	NPC superclass: Macrolides / NPC pathway: Polyketides	Macrolides	pairwise_wilcoxon_rank_sum	PET_vs_PS	PET	PS	5	6	0.311861973306796	0.260010581842428	-0.0518513914643681	0.0518513914643681	0.290614426681575	0.274602129355154	-0.0160122973264216	0.0160122973264216	0.411313791776259	1	ns
filtered	pathway_normalized_ratio	NPC superclass: Macrolides / NPC pathway: Polyketides	Macrolides	pairwise_wilcoxon_rank_sum	PET_vs_Untreated	PET	Untreated	5	3	0.311861973306796	0.26525569493886	-0.0466062783679354	0.0466062783679354	0.290614426681575	0.212079984489152	-0.078534442192423	0.078534442192423	0.550984987585094	1	ns
filtered	pathway_normalized_ratio	NPC superclass: Macrolides / NPC pathway: Polyketides	Macrolides	pairwise_wilcoxon_rank_sum	PS_vs_Untreated	PS	Untreated	6	3	0.260010581842428	0.26525569493886	0.00524511309643272	0.00524511309643272	0.274602129355154	0.212079984489152	-0.0625221448660015	0.0625221448660015	1	1	ns
filtered	pathway_normalized_ratio	NPC superclass: Monoterpenoids / NPC pathway: Terpenoids	Monoterpenoids	kruskal_wallis	overall	NA	NA	NA	NA	NA	NA	NA	0.00432622686404925	NA	NA	NA	0.0015286753905572	0.43099160515501	0.994839233397245	ns
filtered	pathway_normalized_ratio	NPC superclass: Monoterpenoids / NPC pathway: Terpenoids	Monoterpenoids	pairwise_wilcoxon_rank_sum	PET_vs_PS	PET	PS	6	6	0.00950474841405707	0.0138309752781063	0.00432622686404925	0.00432622686404925	0.0113555417305918	0.012884217121149	0.0015286753905572	0.0015286753905572	0.297953061608168	1	ns
filtered	pathway_normalized_ratio	NPC superclass: Monoterpenoids / NPC pathway: Terpenoids	Monoterpenoids	pairwise_wilcoxon_rank_sum	PET_vs_Untreated	PET	Untreated	6	3	0.00950474841405707	0.0131419214626956	0.00363717304863855	0.00363717304863855	0.0113555417305918	0.0122192323690793	0.000863690638487489	0.000863690638487489	0.366156560194061	1	ns
filtered	pathway_normalized_ratio	NPC superclass: Monoterpenoids / NPC pathway: Terpenoids	Monoterpenoids	pairwise_wilcoxon_rank_sum	PS_vs_Untreated	PS	Untreated	6	3	0.0138309752781063	0.0131419214626956	-0.000689053815410699	0.000689053815410699	0.012884217121149	0.0122192323690793	-0.000664984752069707	0.000664984752069707	1	1	ns
filtered	pathway_normalized_ratio	NPC superclass: Nicotinic acid alkaloids / NPC pathway: Alkaloids	Nicotinic acid alkaloids	kruskal_wallis	overall	NA	NA	NA	NA	NA	NA	NA	0.0226465199284054	NA	NA	NA	0.00630691103861101	0.318707161426952	0.994839233397245	ns
filtered	pathway_normalized_ratio	NPC superclass: Nicotinic acid alkaloids / NPC pathway: Alkaloids	Nicotinic acid alkaloids	pairwise_wilcoxon_rank_sum	PET_vs_PS	PET	PS	5	6	0.00494827482440789	0.0226465199284054	0.0176982451039975	0.0176982451039975	0	0.00630691103861101	0.00630691103861101	0.00630691103861101	0.550312990379995	1	ns
filtered	pathway_normalized_ratio	NPC superclass: Nicotinic acid alkaloids / NPC pathway: Alkaloids	Nicotinic acid alkaloids	pairwise_wilcoxon_rank_sum	PET_vs_Untreated	PET	Untreated	5	3	0.00494827482440789	0	-0.00494827482440789	0.00494827482440789	0	0	0	0	0.329113985978608	1	ns
filtered	pathway_normalized_ratio	NPC superclass: Nicotinic acid alkaloids / NPC pathway: Alkaloids	Nicotinic acid alkaloids	pairwise_wilcoxon_rank_sum	PS_vs_Untreated	PS	Untreated	6	3	0.0226465199284054	0	-0.0226465199284054	0.0226465199284054	0.00630691103861101	0	-0.00630691103861101	0.00630691103861101	0.219768479502161	1	ns
filtered	pathway_normalized_ratio	NPC superclass: Nucleosides / NPC pathway: Carbohydrates	Nucleosides	kruskal_wallis	overall	NA	NA	NA	NA	NA	NA	NA	0.224283724068382	NA	NA	NA	0.223237726074884	0.332461967427823	0.994839233397245	ns
filtered	pathway_normalized_ratio	NPC superclass: Nucleosides / NPC pathway: Carbohydrates	Nucleosides	pairwise_wilcoxon_rank_sum	PET_vs_PS	PET	PS	5	6	0.662755895245769	0.657463792741257	-0.00529210250451251	0.00529210250451251	0.627822867995118	0.63251667977202	0.00469381177690176	0.00469381177690176	1	1	ns
filtered	pathway_normalized_ratio	NPC superclass: Nucleosides / NPC pathway: Carbohydrates	Nucleosides	pairwise_wilcoxon_rank_sum	PET_vs_Untreated	PET	Untreated	5	3	0.662755895245769	0.438472171177388	-0.224283724068382	0.224283724068382	0.627822867995118	0.409278953697135	-0.218543914297983	0.218543914297983	0.233037982273905	1	ns
filtered	pathway_normalized_ratio	NPC superclass: Nucleosides / NPC pathway: Carbohydrates	Nucleosides	pairwise_wilcoxon_rank_sum	PS_vs_Untreated	PS	Untreated	6	3	0.657463792741257	0.438472171177388	-0.218991621563869	0.218991621563869	0.63251667977202	0.409278953697135	-0.223237726074884	0.223237726074884	0.245278116806773	1	ns
filtered	pathway_normalized_ratio	NPC superclass: Octadecanoids / NPC pathway: Fatty acids	Octadecanoids	kruskal_wallis	overall	NA	NA	NA	NA	NA	NA	NA	0.00204912081052267	NA	NA	NA	0.00266932182712998	0.966295380798604	0.994839233397245	ns
filtered	pathway_normalized_ratio	NPC superclass: Octadecanoids / NPC pathway: Fatty acids	Octadecanoids	pairwise_wilcoxon_rank_sum	PET_vs_PS	PET	PS	5	6	0.0084933219963128	0.00954154729685017	0.00104822530053737	0.00104822530053737	0.00979282829572802	0.00712350646859804	-0.00266932182712998	0.00266932182712998	0.927264473525232	1	ns
filtered	pathway_normalized_ratio	NPC superclass: Octadecanoids / NPC pathway: Fatty acids	Octadecanoids	pairwise_wilcoxon_rank_sum	PET_vs_Untreated	PET	Untreated	5	3	0.0084933219963128	0.00749242648632751	-0.0010008955099853	0.0010008955099853	0.00979282829572802	0.00893320730947368	-0.000859620986254334	0.000859620986254334	1	1	ns
filtered	pathway_normalized_ratio	NPC superclass: Octadecanoids / NPC pathway: Fatty acids	Octadecanoids	pairwise_wilcoxon_rank_sum	PS_vs_Untreated	PS	Untreated	6	3	0.00954154729685017	0.00749242648632751	-0.00204912081052267	0.00204912081052267	0.00712350646859804	0.00893320730947368	0.00180970084087565	0.00180970084087565	0.897278961260083	1	ns
filtered	pathway_normalized_ratio	NPC superclass: Oligopeptides / NPC pathway: Amino acids and Peptides	Oligopeptides	kruskal_wallis	overall	NA	NA	NA	NA	NA	NA	NA	0.0486188573602517	NA	NA	NA	0.043604464382124	0.090631596367532	0.994839233397245	ns
filtered	pathway_normalized_ratio	NPC superclass: Oligopeptides / NPC pathway: Amino acids and Peptides	Oligopeptides	pairwise_wilcoxon_rank_sum	PET_vs_PS	PET	PS	5	6	0.884664333431216	0.914730529300575	0.0300661958693588	0.0300661958693588	0.880892629640967	0.90998942735546	0.0290967977144928	0.0290967977144928	0.315302452081746	1	ns
filtered	pathway_normalized_ratio	NPC superclass: Oligopeptides / NPC pathway: Amino acids and Peptides	Oligopeptides	pairwise_wilcoxon_rank_sum	PET_vs_Untreated	PET	Untreated	5	3	0.884664333431216	0.866111671940323	-0.018552661490893	0.018552661490893	0.880892629640967	0.866384962973336	-0.0145076666676311	0.0145076666676311	0.550984987585094	1	ns
filtered	pathway_normalized_ratio	NPC superclass: Oligopeptides / NPC pathway: Amino acids and Peptides	Oligopeptides	pairwise_wilcoxon_rank_sum	PS_vs_Untreated	PS	Untreated	6	3	0.914730529300575	0.866111671940323	-0.0486188573602517	0.0486188573602517	0.90998942735546	0.866384962973336	-0.043604464382124	0.043604464382124	0.0281858021479074	1	ns
filtered	pathway_normalized_ratio	NPC superclass: Ornithine alkaloids / NPC pathway: Alkaloids	Ornithine alkaloids	kruskal_wallis	overall	NA	NA	NA	NA	NA	NA	NA	0.00840457418643893	NA	NA	NA	0.00847826884588731	0.685818092884271	0.994839233397245	ns
filtered	pathway_normalized_ratio	NPC superclass: Ornithine alkaloids / NPC pathway: Alkaloids	Ornithine alkaloids	pairwise_wilcoxon_rank_sum	PET_vs_PS	PET	PS	5	6	0.0233004826353942	0.0271023797539492	0.00380189711855498	0.00380189711855498	0.0204900454259889	0.0289683142718762	0.00847826884588731	0.00847826884588731	0.784191229401619	1	ns
filtered	pathway_normalized_ratio	NPC superclass: Ornithine alkaloids / NPC pathway: Alkaloids	Ornithine alkaloids	pairwise_wilcoxon_rank_sum	PET_vs_Untreated	PET	Untreated	5	3	0.0233004826353942	0.0186978055675103	-0.00460267706788395	0.00460267706788395	0.0204900454259889	0.0205123050582257	2.22596322367666e-05	2.22596322367666e-05	1	1	ns
filtered	pathway_normalized_ratio	NPC superclass: Ornithine alkaloids / NPC pathway: Alkaloids	Ornithine alkaloids	pairwise_wilcoxon_rank_sum	PS_vs_Untreated	PS	Untreated	6	3	0.0271023797539492	0.0186978055675103	-0.00840457418643893	0.00840457418643893	0.0289683142718762	0.0205123050582257	-0.00845600921365054	0.00845600921365054	0.366156560194061	1	ns
filtered	pathway_normalized_ratio	NPC superclass: Phenylpropanoids (C6-C3) / NPC pathway: Shikimates and Phenylpropanoids	Phenylpropanoids (C6-C3)	kruskal_wallis	overall	NA	NA	NA	NA	NA	NA	NA	0.00936081637332357	NA	NA	NA	0.0361203741291828	0.909156442876713	0.994839233397245	ns
filtered	pathway_normalized_ratio	NPC superclass: Phenylpropanoids (C6-C3) / NPC pathway: Shikimates and Phenylpropanoids	Phenylpropanoids (C6-C3)	pairwise_wilcoxon_rank_sum	PET_vs_PS	PET	PS	5	6	0.0688586655067246	0.0782194818800482	0.00936081637332357	0.00936081637332357	0.0602710362579149	0.0803137164425567	0.0200426801846418	0.0200426801846418	0.784191229401619	1	ns
filtered	pathway_normalized_ratio	NPC superclass: Phenylpropanoids (C6-C3) / NPC pathway: Shikimates and Phenylpropanoids	Phenylpropanoids (C6-C3)	pairwise_wilcoxon_rank_sum	PET_vs_Untreated	PET	Untreated	5	3	0.0688586655067246	0.0763372593972675	0.00747859389054292	0.00747859389054292	0.0602710362579149	0.0963914103870977	0.0361203741291828	0.0361203741291828	1	1	ns
filtered	pathway_normalized_ratio	NPC superclass: Phenylpropanoids (C6-C3) / NPC pathway: Shikimates and Phenylpropanoids	Phenylpropanoids (C6-C3)	pairwise_wilcoxon_rank_sum	PS_vs_Untreated	PS	Untreated	6	3	0.0782194818800482	0.0763372593972675	-0.00188222248278065	0.00188222248278065	0.0803137164425567	0.0963914103870977	0.016077693944541	0.016077693944541	0.698535358303339	1	ns
filtered	pathway_normalized_ratio	NPC superclass: Saccharides / NPC pathway: Carbohydrates	Saccharides	kruskal_wallis	overall	NA	NA	NA	NA	NA	NA	NA	0.0576419873736886	NA	NA	NA	0.0021980647590057	0.692558073297308	0.994839233397245	ns
filtered	pathway_normalized_ratio	NPC superclass: Saccharides / NPC pathway: Carbohydrates	Saccharides	pairwise_wilcoxon_rank_sum	PET_vs_PS	PET	PS	5	6	0.0408115203434555	0.0536725331415667	0.0128610127981112	0.0128610127981112	0	0.0021980647590057	0.0021980647590057	0.0021980647590057	0.459232671186	1	ns
filtered	pathway_normalized_ratio	NPC superclass: Saccharides / NPC pathway: Carbohydrates	Saccharides	pairwise_wilcoxon_rank_sum	PET_vs_Untreated	PET	Untreated	5	3	0.0408115203434555	0.0984535077171441	0.0576419873736886	0.0576419873736886	0	0	0	0	0.696270340114023	1	ns
filtered	pathway_normalized_ratio	NPC superclass: Saccharides / NPC pathway: Carbohydrates	Saccharides	pairwise_wilcoxon_rank_sum	PS_vs_Untreated	PS	Untreated	6	3	0.0536725331415667	0.0984535077171441	0.0447809745755774	0.0447809745755774	0.0021980647590057	0	-0.0021980647590057	0.0021980647590057	1	1	ns
filtered	pathway_normalized_ratio	NPC superclass: Sesquiterpenoids / NPC pathway: Terpenoids	Sesquiterpenoids	kruskal_wallis	overall	NA	NA	NA	NA	NA	NA	NA	0.00815390400468769	NA	NA	NA	0.00604362613730806	0.307534910940282	0.994839233397245	ns
filtered	pathway_normalized_ratio	NPC superclass: Sesquiterpenoids / NPC pathway: Terpenoids	Sesquiterpenoids	pairwise_wilcoxon_rank_sum	PET_vs_PS	PET	PS	6	6	0.01825283648876	0.0264067404934477	0.00815390400468769	0.00815390400468769	0.0204070686959234	0.0264506948332314	0.00604362613730806	0.00604362613730806	0.229766270461138	1	ns
filtered	pathway_normalized_ratio	NPC superclass: Sesquiterpenoids / NPC pathway: Terpenoids	Sesquiterpenoids	pairwise_wilcoxon_rank_sum	PET_vs_Untreated	PET	Untreated	6	3	0.01825283648876	0.0215322087505302	0.00327937226177023	0.00327937226177023	0.0204070686959234	0.0206095737851033	0.000202505089179902	0.000202505089179902	1	1	ns
filtered	pathway_normalized_ratio	NPC superclass: Sesquiterpenoids / NPC pathway: Terpenoids	Sesquiterpenoids	pairwise_wilcoxon_rank_sum	PS_vs_Untreated	PS	Untreated	6	3	0.0264067404934477	0.0215322087505302	-0.00487453174291746	0.00487453174291746	0.0264506948332314	0.0206095737851033	-0.00584112104812816	0.00584112104812816	0.245278116806773	1	ns
filtered	pathway_normalized_ratio	NPC superclass: Small peptides / NPC pathway: Amino acids and Peptides	Small peptides	kruskal_wallis	overall	NA	NA	NA	NA	NA	NA	NA	0.00226008746610071	NA	NA	NA	0.0114565242333999	0.875173319042948	0.994839233397245	ns
filtered	pathway_normalized_ratio	NPC superclass: Small peptides / NPC pathway: Amino acids and Peptides	Small peptides	pairwise_wilcoxon_rank_sum	PET_vs_PS	PET	PS	5	6	0.127231369607809	0.128760388347252	0.00152901873944364	0.00152901873944364	0.116416944434165	0.11818141223389	0.00176446779972439	0.00176446779972439	0.784191229401619	1	ns
filtered	pathway_normalized_ratio	NPC superclass: Small peptides / NPC pathway: Amino acids and Peptides	Small peptides	pairwise_wilcoxon_rank_sum	PET_vs_Untreated	PET	Untreated	5	3	0.127231369607809	0.126500300881152	-0.000731068726657069	0.000731068726657069	0.116416944434165	0.127873468667565	0.0114565242333999	0.0114565242333999	1	1	ns
filtered	pathway_normalized_ratio	NPC superclass: Small peptides / NPC pathway: Amino acids and Peptides	Small peptides	pairwise_wilcoxon_rank_sum	PS_vs_Untreated	PS	Untreated	6	3	0.128760388347252	0.126500300881152	-0.00226008746610071	0.00226008746610071	0.11818141223389	0.127873468667565	0.00969205643367546	0.00969205643367546	0.698535358303339	1	ns
filtered	pathway_normalized_ratio	NPC superclass: Steroids / NPC pathway: Terpenoids	Steroids	kruskal_wallis	overall	NA	NA	NA	NA	NA	NA	NA	0.0205355545484145	NA	NA	NA	0.0219782719077078	0.244550527901713	0.994839233397245	ns
filtered	pathway_normalized_ratio	NPC superclass: Steroids / NPC pathway: Terpenoids	Steroids	pairwise_wilcoxon_rank_sum	PET_vs_PS	PET	PS	6	6	0.0414911519620345	0.062026706510449	0.0205355545484145	0.0205355545484145	0.0450938293355869	0.0670721012432948	0.0219782719077078	0.0219782719077078	0.128205275030392	1	ns
filtered	pathway_normalized_ratio	NPC superclass: Steroids / NPC pathway: Terpenoids	Steroids	pairwise_wilcoxon_rank_sum	PET_vs_Untreated	PET	Untreated	6	3	0.0414911519620345	0.0563111839415911	0.0148200319795566	0.0148200319795566	0.0450938293355869	0.0520618498465956	0.00696802051100873	0.00696802051100873	0.518605016428726	1	ns
filtered	pathway_normalized_ratio	NPC superclass: Steroids / NPC pathway: Terpenoids	Steroids	pairwise_wilcoxon_rank_sum	PS_vs_Untreated	PS	Untreated	6	3	0.062026706510449	0.0563111839415911	-0.00571552256885789	0.00571552256885789	0.0670721012432948	0.0520618498465956	-0.0150102513966991	0.0150102513966991	0.518605016428726	1	ns
filtered	pathway_normalized_ratio	NPC superclass: Triterpenoids / NPC pathway: Terpenoids	Triterpenoids	kruskal_wallis	overall	NA	NA	NA	NA	NA	NA	NA	0.152558317788442	NA	NA	NA	0.00912956447821019	0.199388519168535	0.994839233397245	ns
filtered	pathway_normalized_ratio	NPC superclass: Triterpenoids / NPC pathway: Terpenoids	Triterpenoids	pairwise_wilcoxon_rank_sum	PET_vs_PS	PET	PS	6	6	0.212534010648258	0.0660377825268884	-0.14649622812137	0.14649622812137	0.0627900430451512	0.0667724445304039	0.00398240148525264	0.00398240148525264	0.229766270461138	1	ns
filtered	pathway_normalized_ratio	NPC superclass: Triterpenoids / NPC pathway: Terpenoids	Triterpenoids	pairwise_wilcoxon_rank_sum	PET_vs_Untreated	PET	Untreated	6	3	0.212534010648258	0.0599756928598157	-0.152558317788442	0.152558317788442	0.0627900430451512	0.0576428800521937	-0.00514716299295755	0.00514716299295755	1	1	ns
filtered	pathway_normalized_ratio	NPC superclass: Triterpenoids / NPC pathway: Terpenoids	Triterpenoids	pairwise_wilcoxon_rank_sum	PS_vs_Untreated	PS	Untreated	6	3	0.0660377825268884	0.0599756928598157	-0.00606208966707261	0.00606208966707261	0.0667724445304039	0.0576428800521937	-0.00912956447821019	0.00912956447821019	0.0932899561836047	1	ns
filtered	pathway_normalized_ratio	NPC superclass: Tyrosine alkaloids / NPC pathway: Alkaloids	Tyrosine alkaloids	kruskal_wallis	overall	NA	NA	NA	NA	NA	NA	NA	0.0407660715357936	NA	NA	NA	0.14103223007405	0.971524405625943	0.994839233397245	ns
filtered	pathway_normalized_ratio	NPC superclass: Tyrosine alkaloids / NPC pathway: Alkaloids	Tyrosine alkaloids	pairwise_wilcoxon_rank_sum	PET_vs_PS	PET	PS	5	6	0.111676570673568	0.0987356290759313	-0.0129409415976366	0.0129409415976366	0.159859360709045	0.018827130634995	-0.14103223007405	0.14103223007405	1	1	ns
filtered	pathway_normalized_ratio	NPC superclass: Tyrosine alkaloids / NPC pathway: Alkaloids	Tyrosine alkaloids	pairwise_wilcoxon_rank_sum	PET_vs_Untreated	PET	Untreated	5	3	0.111676570673568	0.139501700611725	0.027825129938157	0.027825129938157	0.159859360709045	0.156024596740032	-0.00383476396901325	0.00383476396901325	1	1	ns
filtered	pathway_normalized_ratio	NPC superclass: Tyrosine alkaloids / NPC pathway: Alkaloids	Tyrosine alkaloids	pairwise_wilcoxon_rank_sum	PS_vs_Untreated	PS	Untreated	6	3	0.0987356290759313	0.139501700611725	0.0407660715357936	0.0407660715357936	0.018827130634995	0.156024596740032	0.137197466105037	0.137197466105037	0.895532903167044	1	ns
filtered	pathway_normalized_ratio	NPC class: Acetogenins / NPC pathway: Polyketides	Acetogenins	kruskal_wallis	overall	NA	NA	NA	NA	NA	NA	NA	0.00327325074641469	NA	NA	NA	0.00235228608249363	0.528801128091196	0.994839233397245	ns
filtered	pathway_normalized_ratio	NPC class: Acetogenins / NPC pathway: Polyketides	Acetogenins	pairwise_wilcoxon_rank_sum	PET_vs_PS	PET	PS	5	6	0.0152446955807004	0.0163158595355127	0.00107116395481234	0.00107116395481234	0.0121957192962465	0.0145003705961585	0.00230465129991201	0.00230465129991201	0.648076868139146	1	ns
filtered	pathway_normalized_ratio	NPC class: Acetogenins / NPC pathway: Polyketides	Acetogenins	pairwise_wilcoxon_rank_sum	PET_vs_Untreated	PET	Untreated	5	3	0.0152446955807004	0.013042608789098	-0.00220208679160235	0.00220208679160235	0.0121957192962465	0.0121480845136649	-4.7634782581624e-05	4.7634782581624e-05	0.550984987585094	1	ns
filtered	pathway_normalized_ratio	NPC class: Acetogenins / NPC pathway: Polyketides	Acetogenins	pairwise_wilcoxon_rank_sum	PS_vs_Untreated	PS	Untreated	6	3	0.0163158595355127	0.013042608789098	-0.00327325074641469	0.00327325074641469	0.0145003705961585	0.0121480845136649	-0.00235228608249363	0.00235228608249363	0.366156560194061	1	ns
filtered	pathway_normalized_ratio	NPC class: Aminoacids / NPC pathway: Amino acids and Peptides	Aminoacids	kruskal_wallis	overall	NA	NA	NA	NA	NA	NA	NA	0.0177528561006879	NA	NA	NA	0.00297402984240316	0.861938437940339	0.994839233397245	ns
filtered	pathway_normalized_ratio	NPC class: Aminoacids / NPC pathway: Amino acids and Peptides	Aminoacids	pairwise_wilcoxon_rank_sum	PET_vs_PS	PET	PS	5	6	0.062162609060061	0.0708477205681691	0.00868511150810809	0.00868511150810809	0.0582592635431279	0.0597040586962904	0.0014447951531625	0.0014447951531625	1	1	ns
filtered	pathway_normalized_ratio	NPC class: Aminoacids / NPC pathway: Amino acids and Peptides	Aminoacids	pairwise_wilcoxon_rank_sum	PET_vs_Untreated	PET	Untreated	5	3	0.062162609060061	0.0530948644674812	-0.00906774459257981	0.00906774459257981	0.0582592635431279	0.0567300288538872	-0.00152923468924067	0.00152923468924067	0.765594483995764	1	ns
filtered	pathway_normalized_ratio	NPC class: Aminoacids / NPC pathway: Amino acids and Peptides	Aminoacids	pairwise_wilcoxon_rank_sum	PS_vs_Untreated	PS	Untreated	6	3	0.0708477205681691	0.0530948644674812	-0.0177528561006879	0.0177528561006879	0.0597040586962904	0.0567300288538872	-0.00297402984240316	0.00297402984240316	0.698535358303339	1	ns
filtered	pathway_normalized_ratio	NPC class: Aminoglycosides / NPC pathway: Carbohydrates	Aminoglycosides	kruskal_wallis	overall	NA	NA	NA	NA	NA	NA	NA	0.206834468141197	NA	NA	NA	0.295360523151432	0.124700056696731	0.994839233397245	ns
filtered	pathway_normalized_ratio	NPC class: Aminoglycosides / NPC pathway: Carbohydrates	Aminoglycosides	pairwise_wilcoxon_rank_sum	PET_vs_PS	PET	PS	5	6	0.0788818047440286	0	-0.0788818047440286	0.0788818047440286	0	0	0	0	0.361310428526179	1	ns
filtered	pathway_normalized_ratio	NPC class: Aminoglycosides / NPC pathway: Carbohydrates	Aminoglycosides	pairwise_wilcoxon_rank_sum	PET_vs_Untreated	PET	Untreated	5	3	0.0788818047440286	0.206834468141197	0.127952663397169	0.127952663397169	0	0.295360523151432	0.295360523151432	0.295360523151432	0.494524667883871	1	ns
filtered	pathway_normalized_ratio	NPC class: Aminoglycosides / NPC pathway: Carbohydrates	Aminoglycosides	pairwise_wilcoxon_rank_sum	PS_vs_Untreated	PS	Untreated	6	3	0	0.206834468141197	0.206834468141197	0.206834468141197	0	0.295360523151432	0.295360523151432	0.295360523151432	0.0518299272179097	1	ns
filtered	pathway_normalized_ratio	NPC class: Androstane steroids / NPC pathway: Terpenoids	Androstane steroids	kruskal_wallis	overall	NA	NA	NA	NA	NA	NA	NA	0.000914366194227891	NA	NA	NA	0.00128979453233876	0.923536040103612	0.994839233397245	ns
filtered	pathway_normalized_ratio	NPC class: Androstane steroids / NPC pathway: Terpenoids	Androstane steroids	pairwise_wilcoxon_rank_sum	PET_vs_PS	PET	PS	6	6	0.00231096607889508	0.0025190836838968	0.000208117605001726	0.000208117605001726	0.00156854323306369	0.0013551273146758	-0.000213415918387884	0.000213415918387884	0.935736280642756	1	ns
filtered	pathway_normalized_ratio	NPC class: Androstane steroids / NPC pathway: Terpenoids	Androstane steroids	pairwise_wilcoxon_rank_sum	PET_vs_Untreated	PET	Untreated	6	3	0.00231096607889508	0.00322533227312297	0.000914366194227891	0.000914366194227891	0.00156854323306369	0.000278748700724924	-0.00128979453233876	0.00128979453233876	0.795418060483027	1	ns
filtered	pathway_normalized_ratio	NPC class: Androstane steroids / NPC pathway: Terpenoids	Androstane steroids	pairwise_wilcoxon_rank_sum	PS_vs_Untreated	PS	Untreated	6	3	0.0025190836838968	0.00322533227312297	0.000706248589226165	0.000706248589226165	0.0013551273146758	0.000278748700724924	-0.00107637861395088	0.00107637861395088	0.895532903167044	1	ns
filtered	pathway_normalized_ratio	NPC class: Azaphilones / NPC pathway: Polyketides	Azaphilones	kruskal_wallis	overall	NA	NA	NA	NA	NA	NA	NA	0.00274883948000942	NA	NA	NA	0.0137057713983298	0.823422607054273	0.994839233397245	ns
filtered	pathway_normalized_ratio	NPC class: Azaphilones / NPC pathway: Polyketides	Azaphilones	pairwise_wilcoxon_rank_sum	PET_vs_PS	PET	PS	5	6	0.0331665944100789	0.0324339837609591	-0.000732610649119773	0.000732610649119773	0.0340379261209896	0.0287088087708267	-0.00532911735016284	0.00532911735016284	0.648076868139146	1	ns
filtered	pathway_normalized_ratio	NPC class: Azaphilones / NPC pathway: Polyketides	Azaphilones	pairwise_wilcoxon_rank_sum	PET_vs_Untreated	PET	Untreated	5	3	0.0331665944100789	0.0351828232409685	0.00201622883088964	0.00201622883088964	0.0340379261209896	0.0424145801691565	0.00837665404816694	0.00837665404816694	0.550984987585094	1	ns
filtered	pathway_normalized_ratio	NPC class: Azaphilones / NPC pathway: Polyketides	Azaphilones	pairwise_wilcoxon_rank_sum	PS_vs_Untreated	PS	Untreated	6	3	0.0324339837609591	0.0351828232409685	0.00274883948000942	0.00274883948000942	0.0287088087708267	0.0424145801691565	0.0137057713983298	0.0137057713983298	0.897278961260083	1	ns
filtered	pathway_normalized_ratio	NPC class: Carotenoids (C40, β-β) / NPC pathway: Terpenoids	Carotenoids (C40, β-β)	kruskal_wallis	overall	NA	NA	NA	NA	NA	NA	NA	0.0048136267036192	NA	NA	NA	0.00388388268498337	0.725884952182909	0.994839233397245	ns
filtered	pathway_normalized_ratio	NPC class: Carotenoids (C40, β-β) / NPC pathway: Terpenoids	Carotenoids (C40, β-β)	pairwise_wilcoxon_rank_sum	PET_vs_PS	PET	PS	6	6	0.0111357271917469	0.00890539404843103	-0.00223033314331588	0.00223033314331588	0.00997584211415035	0.00887269875347337	-0.00110314336067698	0.00110314336067698	0.936186293473059	1	ns
filtered	pathway_normalized_ratio	NPC class: Carotenoids (C40, β-β) / NPC pathway: Terpenoids	Carotenoids (C40, β-β)	pairwise_wilcoxon_rank_sum	PET_vs_Untreated	PET	Untreated	6	3	0.0111357271917469	0.00632210048812771	-0.0048136267036192	0.0048136267036192	0.00997584211415035	0.00609195942916697	-0.00388388268498337	0.00388388268498337	0.60406553128758	1	ns
filtered	pathway_normalized_ratio	NPC class: Carotenoids (C40, β-β) / NPC pathway: Terpenoids	Carotenoids (C40, β-β)	pairwise_wilcoxon_rank_sum	PS_vs_Untreated	PS	Untreated	6	3	0.00890539404843103	0.00632210048812771	-0.00258329356030332	0.00258329356030332	0.00887269875347337	0.00609195942916697	-0.00278073932430639	0.00278073932430639	0.518605016428726	1	ns
filtered	pathway_normalized_ratio	NPC class: Ceramides / NPC pathway: Fatty acids	Ceramides	kruskal_wallis	overall	NA	NA	NA	NA	NA	NA	NA	0.0162383723344618	NA	NA	NA	0.00856858899612942	0.437088735856891	0.994839233397245	ns
filtered	pathway_normalized_ratio	NPC class: Ceramides / NPC pathway: Fatty acids	Ceramides	pairwise_wilcoxon_rank_sum	PET_vs_PS	PET	PS	5	6	0.0652729033672227	0.0683973299390048	0.00312442657178212	0.00312442657178212	0.0619050347661702	0.0704736237622996	0.00856858899612942	0.00856858899612942	0.315302452081746	1	ns
filtered	pathway_normalized_ratio	NPC class: Ceramides / NPC pathway: Fatty acids	Ceramides	pairwise_wilcoxon_rank_sum	PET_vs_Untreated	PET	Untreated	5	3	0.0652729033672227	0.0815112757016845	0.0162383723344618	0.0162383723344618	0.0619050347661702	0.0649981402236987	0.00309310545752853	0.00309310545752853	0.371093369522698	1	ns
filtered	pathway_normalized_ratio	NPC class: Ceramides / NPC pathway: Fatty acids	Ceramides	pairwise_wilcoxon_rank_sum	PS_vs_Untreated	PS	Untreated	6	3	0.0683973299390048	0.0815112757016845	0.0131139457626797	0.0131139457626797	0.0704736237622996	0.0649981402236987	-0.00547548353860089	0.00547548353860089	0.897278961260083	1	ns
filtered	pathway_normalized_ratio	NPC class: Cholane steroids / NPC pathway: Terpenoids	Cholane steroids	kruskal_wallis	overall	NA	NA	NA	NA	NA	NA	NA	0.00218638941570046	NA	NA	NA	0	0.724300426013839	0.994839233397245	ns
filtered	pathway_normalized_ratio	NPC class: Cholane steroids / NPC pathway: Terpenoids	Cholane steroids	pairwise_wilcoxon_rank_sum	PET_vs_PS	PET	PS	6	6	0.00130478013790474	0.000396826471159822	-0.000907953666744918	0.000907953666744918	0	0	0	0	0.599265961982854	1	ns
filtered	pathway_normalized_ratio	NPC class: Cholane steroids / NPC pathway: Terpenoids	Cholane steroids	pairwise_wilcoxon_rank_sum	PET_vs_Untreated	PET	Untreated	6	3	0.00130478013790474	0.00258321588686029	0.00127843574895555	0.00127843574895555	0	0	0	0	0.878088366511165	1	ns
filtered	pathway_normalized_ratio	NPC class: Cholane steroids / NPC pathway: Terpenoids	Cholane steroids	pairwise_wilcoxon_rank_sum	PS_vs_Untreated	PS	Untreated	6	3	0.000396826471159822	0.00258321588686029	0.00218638941570046	0.00218638941570046	0	0	0	0	0.595883090565178	1	ns
filtered	pathway_normalized_ratio	NPC class: Cholestane steroids / NPC pathway: Terpenoids	Cholestane steroids	kruskal_wallis	overall	NA	NA	NA	NA	NA	NA	NA	0.00204369181586534	NA	NA	NA	0.00156589480218109	0.710585026912256	0.994839233397245	ns
filtered	pathway_normalized_ratio	NPC class: Cholestane steroids / NPC pathway: Terpenoids	Cholestane steroids	pairwise_wilcoxon_rank_sum	PET_vs_PS	PET	PS	6	6	0.0065707137607738	0.00861440557663914	0.00204369181586534	0.00204369181586534	0.00738877203106121	0.0082015068576653	0.00081273482660409	0.00081273482660409	0.575173531920197	1	ns
filtered	pathway_normalized_ratio	NPC class: Cholestane steroids / NPC pathway: Terpenoids	Cholestane steroids	pairwise_wilcoxon_rank_sum	PET_vs_Untreated	PET	Untreated	6	3	0.0065707137607738	0.00808690310591924	0.00151618934514544	0.00151618934514544	0.00738877203106121	0.0089546668332423	0.00156589480218109	0.00156589480218109	0.518605016428726	1	ns
filtered	pathway_normalized_ratio	NPC class: Cholestane steroids / NPC pathway: Terpenoids	Cholestane steroids	pairwise_wilcoxon_rank_sum	PS_vs_Untreated	PS	Untreated	6	3	0.00861440557663914	0.00808690310591924	-0.000527502470719896	0.000527502470719896	0.0082015068576653	0.0089546668332423	0.000753159975577001	0.000753159975577001	0.897278961260083	1	ns
filtered	pathway_normalized_ratio	NPC class: Cinnamic acids and derivatives / NPC pathway: Shikimates and Phenylpropanoids	Cinnamic acids and derivatives	kruskal_wallis	overall	NA	NA	NA	NA	NA	NA	NA	0.00936081637332357	NA	NA	NA	0.0361203741291828	0.909156442876713	0.994839233397245	ns
filtered	pathway_normalized_ratio	NPC class: Cinnamic acids and derivatives / NPC pathway: Shikimates and Phenylpropanoids	Cinnamic acids and derivatives	pairwise_wilcoxon_rank_sum	PET_vs_PS	PET	PS	5	6	0.0688586655067246	0.0782194818800482	0.00936081637332357	0.00936081637332357	0.0602710362579149	0.0803137164425567	0.0200426801846418	0.0200426801846418	0.784191229401619	1	ns
filtered	pathway_normalized_ratio	NPC class: Cinnamic acids and derivatives / NPC pathway: Shikimates and Phenylpropanoids	Cinnamic acids and derivatives	pairwise_wilcoxon_rank_sum	PET_vs_Untreated	PET	Untreated	5	3	0.0688586655067246	0.0763372593972675	0.00747859389054292	0.00747859389054292	0.0602710362579149	0.0963914103870977	0.0361203741291828	0.0361203741291828	1	1	ns
filtered	pathway_normalized_ratio	NPC class: Cinnamic acids and derivatives / NPC pathway: Shikimates and Phenylpropanoids	Cinnamic acids and derivatives	pairwise_wilcoxon_rank_sum	PS_vs_Untreated	PS	Untreated	6	3	0.0782194818800482	0.0763372593972675	-0.00188222248278065	0.00188222248278065	0.0803137164425567	0.0963914103870977	0.016077693944541	0.016077693944541	0.698535358303339	1	ns
filtered	pathway_normalized_ratio	NPC class: Depsipeptides / NPC pathway: Amino acids and Peptides	Depsipeptides	kruskal_wallis	overall	NA	NA	NA	NA	NA	NA	NA	0.00549100014849901	NA	NA	NA	0.0054882076007222	0.663526010068268	0.994839233397245	ns
filtered	pathway_normalized_ratio	NPC class: Depsipeptides / NPC pathway: Amino acids and Peptides	Depsipeptides	pairwise_wilcoxon_rank_sum	PET_vs_PS	PET	PS	5	6	0.0125093322686562	0.0157796921059377	0.00327035983728158	0.00327035983728158	0.0140657980207465	0.0168703216258981	0.00280452360515158	0.00280452360515158	0.583024911513766	1	ns
filtered	pathway_normalized_ratio	NPC class: Depsipeptides / NPC pathway: Amino acids and Peptides	Depsipeptides	pairwise_wilcoxon_rank_sum	PET_vs_Untreated	PET	Untreated	5	3	0.0125093322686562	0.0180003324171552	0.00549100014849901	0.00549100014849901	0.0140657980207465	0.0195540056214687	0.0054882076007222	0.0054882076007222	0.550984987585094	1	ns
filtered	pathway_normalized_ratio	NPC class: Depsipeptides / NPC pathway: Amino acids and Peptides	Depsipeptides	pairwise_wilcoxon_rank_sum	PS_vs_Untreated	PS	Untreated	6	3	0.0157796921059377	0.0180003324171552	0.00222064031121743	0.00222064031121743	0.0168703216258981	0.0195540056214687	0.00268368399557062	0.00268368399557062	0.698535358303339	1	ns
filtered	pathway_normalized_ratio	NPC class: Diacylglycerols / NPC pathway: Fatty acids	Diacylglycerols	kruskal_wallis	overall	NA	NA	NA	NA	NA	NA	NA	0.00180852081306501	NA	NA	NA	0.000276595963876476	0.95896110585272	0.994839233397245	ns
filtered	pathway_normalized_ratio	NPC class: Diacylglycerols / NPC pathway: Fatty acids	Diacylglycerols	pairwise_wilcoxon_rank_sum	PET_vs_PS	PET	PS	5	6	0.0109238874040534	0.0114551147843115	0.000531227380258121	0.000531227380258121	0.00920708106200058	0.00937910002219593	0.000172018960195346	0.000172018960195346	0.784191229401619	1	ns
filtered	pathway_normalized_ratio	NPC class: Diacylglycerols / NPC pathway: Fatty acids	Diacylglycerols	pairwise_wilcoxon_rank_sum	PET_vs_Untreated	PET	Untreated	5	3	0.0109238874040534	0.00964659397124646	-0.00127729343280689	0.00127729343280689	0.00920708106200058	0.00948367702587706	0.000276595963876476	0.000276595963876476	0.765594483995764	1	ns
filtered	pathway_normalized_ratio	NPC class: Diacylglycerols / NPC pathway: Fatty acids	Diacylglycerols	pairwise_wilcoxon_rank_sum	PS_vs_Untreated	PS	Untreated	6	3	0.0114551147843115	0.00964659397124646	-0.00180852081306501	0.00180852081306501	0.00937910002219593	0.00948367702587706	0.00010457700368113	0.00010457700368113	1	1	ns
filtered	pathway_normalized_ratio	NPC class: Dicarboxylic acids / NPC pathway: Fatty acids	Dicarboxylic acids	kruskal_wallis	overall	NA	NA	NA	NA	NA	NA	NA	0.00146978021601433	NA	NA	NA	0.00127701627567838	0.333944118729797	0.994839233397245	ns
filtered	pathway_normalized_ratio	NPC class: Dicarboxylic acids / NPC pathway: Fatty acids	Dicarboxylic acids	pairwise_wilcoxon_rank_sum	PET_vs_PS	PET	PS	5	6	0.00179229413734795	0.000322513921333617	-0.00146978021601433	0.00146978021601433	0.00130521530651789	2.81990308395073e-05	-0.00127701627567838	0.00127701627567838	0.190841272960959	1	ns
filtered	pathway_normalized_ratio	NPC class: Dicarboxylic acids / NPC pathway: Fatty acids	Dicarboxylic acids	pairwise_wilcoxon_rank_sum	PET_vs_Untreated	PET	Untreated	5	3	0.00179229413734795	0.00154849701650132	-0.000243797120846632	0.000243797120846632	0.00130521530651789	0.00089515838260243	-0.000410056923915458	0.000410056923915458	0.880791022511061	1	ns
filtered	pathway_normalized_ratio	NPC class: Dicarboxylic acids / NPC pathway: Fatty acids	Dicarboxylic acids	pairwise_wilcoxon_rank_sum	PS_vs_Untreated	PS	Untreated	6	3	0.000322513921333617	0.00154849701650132	0.0012259830951677	0.0012259830951677	2.81990308395073e-05	0.00089515838260243	0.000866959351762922	0.000866959351762922	0.41849223344682	1	ns
filtered	pathway_normalized_ratio	NPC class: Dipeptides / NPC pathway: Amino acids and Peptides	Dipeptides	kruskal_wallis	overall	NA	NA	NA	NA	NA	NA	NA	0.00257357974068155	NA	NA	NA	0.00276635011835868	0.475299796359018	0.994839233397245	ns
filtered	pathway_normalized_ratio	NPC class: Dipeptides / NPC pathway: Amino acids and Peptides	Dipeptides	pairwise_wilcoxon_rank_sum	PET_vs_PS	PET	PS	5	6	0.014496574686102	0.0129712857155059	-0.00152528897059608	0.00152528897059608	0.0140992241008067	0.0127566871142838	-0.0013425369865229	0.0013425369865229	0.411313791776259	1	ns
filtered	pathway_normalized_ratio	NPC class: Dipeptides / NPC pathway: Amino acids and Peptides	Dipeptides	pairwise_wilcoxon_rank_sum	PET_vs_Untreated	PET	Untreated	5	3	0.014496574686102	0.0119229949454204	-0.00257357974068155	0.00257357974068155	0.0140992241008067	0.0113328739824481	-0.00276635011835868	0.00276635011835868	0.371093369522698	1	ns
filtered	pathway_normalized_ratio	NPC class: Dipeptides / NPC pathway: Amino acids and Peptides	Dipeptides	pairwise_wilcoxon_rank_sum	PS_vs_Untreated	PS	Untreated	6	3	0.0129712857155059	0.0119229949454204	-0.00104829077008547	0.00104829077008547	0.0127566871142838	0.0113328739824481	-0.00142381313183578	0.00142381313183578	0.698535358303339	1	ns
filtered	pathway_normalized_ratio	NPC class: Erythromycins / NPC pathway: Polyketides	Erythromycins	kruskal_wallis	overall	NA	NA	NA	NA	NA	NA	NA	0.0080825949060631	NA	NA	NA	0.0144266796608662	0.634872006543609	0.994839233397245	ns
filtered	pathway_normalized_ratio	NPC class: Erythromycins / NPC pathway: Polyketides	Erythromycins	pairwise_wilcoxon_rank_sum	PET_vs_PS	PET	PS	5	6	0.00368302115614247	0.00248090649366292	-0.00120211466247956	0.00120211466247956	0.000601671908144755	0.000953801530012386	0.000352129621867631	0.000352129621867631	0.927264473525232	1	ns
filtered	pathway_normalized_ratio	NPC class: Erythromycins / NPC pathway: Polyketides	Erythromycins	pairwise_wilcoxon_rank_sum	PET_vs_Untreated	PET	Untreated	5	3	0.00368302115614247	0.010563501399726	0.00688048024358355	0.00688048024358355	0.000601671908144755	0.0150283515690109	0.0144266796608662	0.0144266796608662	0.453355504597787	1	ns
filtered	pathway_normalized_ratio	NPC class: Erythromycins / NPC pathway: Polyketides	Erythromycins	pairwise_wilcoxon_rank_sum	PS_vs_Untreated	PS	Untreated	6	3	0.00248090649366292	0.010563501399726	0.0080825949060631	0.0080825949060631	0.000953801530012386	0.0150283515690109	0.0140745500389985	0.0140745500389985	0.518605016428726	1	ns
filtered	pathway_normalized_ratio	NPC class: Fatty acid estolides / NPC pathway: Fatty acids	Fatty acid estolides	kruskal_wallis	overall	NA	NA	NA	NA	NA	NA	NA	0.000782681141426256	NA	NA	NA	0	0.954500450177836	0.994839233397245	ns
filtered	pathway_normalized_ratio	NPC class: Fatty acid estolides / NPC pathway: Fatty acids	Fatty acid estolides	pairwise_wilcoxon_rank_sum	PET_vs_PS	PET	PS	5	6	7.31363505981857e-05	0.000855817492024441	0.000782681141426256	0.000782681141426256	0	0	0	0	0.915796468800296	1	ns
filtered	pathway_normalized_ratio	NPC class: Fatty acid estolides / NPC pathway: Fatty acids	Fatty acid estolides	pairwise_wilcoxon_rank_sum	PET_vs_Untreated	PET	Untreated	5	3	7.31363505981857e-05	7.31591232374411e-05	2.27726392554393e-08	2.27726392554393e-08	0	0	0	0	1	1	ns
filtered	pathway_normalized_ratio	NPC class: Fatty acid estolides / NPC pathway: Fatty acids	Fatty acid estolides	pairwise_wilcoxon_rank_sum	PS_vs_Untreated	PS	Untreated	6	3	0.000855817492024441	7.31591232374411e-05	-0.000782658368787	0.000782658368787	0	0	0	0	0.878088366511165	1	ns
filtered	pathway_normalized_ratio	NPC class: Fatty acyl carnitines / NPC pathway: Fatty acids	Fatty acyl carnitines	kruskal_wallis	overall	NA	NA	NA	NA	NA	NA	NA	0.000149550092797741	NA	NA	NA	0.000486804070896192	0.851332609790022	0.994839233397245	ns
filtered	pathway_normalized_ratio	NPC class: Fatty acyl carnitines / NPC pathway: Fatty acids	Fatty acyl carnitines	pairwise_wilcoxon_rank_sum	PET_vs_PS	PET	PS	5	6	0.000776455315921048	0.000926005408718789	0.000149550092797741	0.000149550092797741	0.00086931909282346	0.00081116791020316	-5.81511826203e-05	5.81511826203e-05	0.784191229401619	1	ns
filtered	pathway_normalized_ratio	NPC class: Fatty acyl carnitines / NPC pathway: Fatty acids	Fatty acyl carnitines	pairwise_wilcoxon_rank_sum	PET_vs_Untreated	PET	Untreated	5	3	0.000776455315921048	0.000785915423234715	9.46010731366618e-06	9.46010731366618e-06	0.00086931909282346	0.000382515021927268	-0.000486804070896192	0.000486804070896192	0.550984987585094	1	ns
filtered	pathway_normalized_ratio	NPC class: Fatty acyl carnitines / NPC pathway: Fatty acids	Fatty acyl carnitines	pairwise_wilcoxon_rank_sum	PS_vs_Untreated	PS	Untreated	6	3	0.000926005408718789	0.000785915423234715	-0.000140089985484075	0.000140089985484075	0.00081116791020316	0.000382515021927268	-0.000428652888275892	0.000428652888275892	0.897278961260083	1	ns
filtered	pathway_normalized_ratio	NPC class: Fatty acyl glycosides of mono- and disaccharides / NPC pathway: Fatty acids	Fatty acyl glycosides of mono- and disaccharides	kruskal_wallis	overall	NA	NA	NA	NA	NA	NA	NA	0.000745116977025564	NA	NA	NA	0	0.861202778352467	0.994839233397245	ns
filtered	pathway_normalized_ratio	NPC class: Fatty acyl glycosides of mono- and disaccharides / NPC pathway: Fatty acids	Fatty acyl glycosides of mono- and disaccharides	pairwise_wilcoxon_rank_sum	PET_vs_PS	PET	PS	5	6	0.000177016807145707	0.000172726611264191	-4.29019588151557e-06	4.29019588151557e-06	0	0	0	0	0.907569254067575	1	ns
filtered	pathway_normalized_ratio	NPC class: Fatty acyl glycosides of mono- and disaccharides / NPC pathway: Fatty acids	Fatty acyl glycosides of mono- and disaccharides	pairwise_wilcoxon_rank_sum	PET_vs_Untreated	PET	Untreated	5	3	0.000177016807145707	0.000917843588289755	0.000740826781144049	0.000740826781144049	0	0	0	0	0.696270340114023	1	ns
filtered	pathway_normalized_ratio	NPC class: Fatty acyl glycosides of mono- and disaccharides / NPC pathway: Fatty acids	Fatty acyl glycosides of mono- and disaccharides	pairwise_wilcoxon_rank_sum	PS_vs_Untreated	PS	Untreated	6	3	0.000172726611264191	0.000917843588289755	0.000745116977025564	0.000745116977025564	0	0	0	0	0.878088366511165	1	ns
filtered	pathway_normalized_ratio	NPC class: Fatty alcohols / NPC pathway: Fatty acids	Fatty alcohols	kruskal_wallis	overall	NA	NA	NA	NA	NA	NA	NA	0.00182641513485614	NA	NA	NA	0.00186628656493566	0.925757593074812	0.994839233397245	ns
filtered	pathway_normalized_ratio	NPC class: Fatty alcohols / NPC pathway: Fatty acids	Fatty alcohols	pairwise_wilcoxon_rank_sum	PET_vs_PS	PET	PS	5	6	0.0402107833754097	0.0400610264901589	-0.000149756885250839	0.000149756885250839	0.0417167438713691	0.0426197335074322	0.000902989636063077	0.000902989636063077	1	1	ns
filtered	pathway_normalized_ratio	NPC class: Fatty alcohols / NPC pathway: Fatty acids	Fatty alcohols	pairwise_wilcoxon_rank_sum	PET_vs_Untreated	PET	Untreated	5	3	0.0402107833754097	0.041887441625015	0.0016766582496053	0.0016766582496053	0.0417167438713691	0.0435830304363047	0.00186628656493566	0.00186628656493566	0.765594483995764	1	ns
filtered	pathway_normalized_ratio	NPC class: Fatty alcohols / NPC pathway: Fatty acids	Fatty alcohols	pairwise_wilcoxon_rank_sum	PS_vs_Untreated	PS	Untreated	6	3	0.0400610264901589	0.041887441625015	0.00182641513485614	0.00182641513485614	0.0426197335074322	0.0435830304363047	0.000963296928872585	0.000963296928872585	0.897278961260083	1	ns
filtered	pathway_normalized_ratio	NPC class: Fatty aldehydes / NPC pathway: Fatty acids	Fatty aldehydes	kruskal_wallis	overall	NA	NA	NA	NA	NA	NA	NA	0.000762900262951505	NA	NA	NA	0.00121880940056195	0.823422607054273	0.994839233397245	ns
filtered	pathway_normalized_ratio	NPC class: Fatty aldehydes / NPC pathway: Fatty acids	Fatty aldehydes	pairwise_wilcoxon_rank_sum	PET_vs_PS	PET	PS	5	6	0.0105944711472337	0.00983157088428221	-0.000762900262951505	0.000762900262951505	0.010853836040157	0.00963502663959508	-0.00121880940056195	0.00121880940056195	0.522816653919089	1	ns
filtered	pathway_normalized_ratio	NPC class: Fatty aldehydes / NPC pathway: Fatty acids	Fatty aldehydes	pairwise_wilcoxon_rank_sum	PET_vs_Untreated	PET	Untreated	5	3	0.0105944711472337	0.0104104005540679	-0.00018407059316583	0.00018407059316583	0.010853836040157	0.00964934649815107	-0.00120448954200596	0.00120448954200596	1	1	ns
filtered	pathway_normalized_ratio	NPC class: Fatty aldehydes / NPC pathway: Fatty acids	Fatty aldehydes	pairwise_wilcoxon_rank_sum	PS_vs_Untreated	PS	Untreated	6	3	0.00983157088428221	0.0104104005540679	0.000578829669785674	0.000578829669785674	0.00963502663959508	0.00964934649815107	1.43198585559855e-05	1.43198585559855e-05	1	1	ns
filtered	pathway_normalized_ratio	NPC class: Glycerophosphates / NPC pathway: Fatty acids	Glycerophosphates	kruskal_wallis	overall	NA	NA	NA	NA	NA	NA	NA	0.00085550722394284	NA	NA	NA	0.00133325146943523	0.562570907405658	0.994839233397245	ns
filtered	pathway_normalized_ratio	NPC class: Glycerophosphates / NPC pathway: Fatty acids	Glycerophosphates	pairwise_wilcoxon_rank_sum	PET_vs_PS	PET	PS	5	6	0.0029773776774477	0.00286128241990107	-0.000116095257546633	0.000116095257546633	0.00267244942010211	0.00257990341458718	-9.25460055149329e-05	9.25460055149329e-05	0.927264473525232	1	ns
filtered	pathway_normalized_ratio	NPC class: Glycerophosphates / NPC pathway: Fatty acids	Glycerophosphates	pairwise_wilcoxon_rank_sum	PET_vs_Untreated	PET	Untreated	5	3	0.0029773776774477	0.0037167896438439	0.000739411966396207	0.000739411966396207	0.00267244942010211	0.00391315488402241	0.0012407054639203	0.0012407054639203	0.765594483995764	1	ns
filtered	pathway_normalized_ratio	NPC class: Glycerophosphates / NPC pathway: Fatty acids	Glycerophosphates	pairwise_wilcoxon_rank_sum	PS_vs_Untreated	PS	Untreated	6	3	0.00286128241990107	0.0037167896438439	0.00085550722394284	0.00085550722394284	0.00257990341458718	0.00391315488402241	0.00133325146943523	0.00133325146943523	0.245278116806773	1	ns
filtered	pathway_normalized_ratio	NPC class: Glycerophosphocholines / NPC pathway: Fatty acids	Glycerophosphocholines	kruskal_wallis	overall	NA	NA	NA	NA	NA	NA	NA	0.00910765323172506	NA	NA	NA	0.0213752201379087	0.835270211411275	0.994839233397245	ns
filtered	pathway_normalized_ratio	NPC class: Glycerophosphocholines / NPC pathway: Fatty acids	Glycerophosphocholines	pairwise_wilcoxon_rank_sum	PET_vs_PS	PET	PS	5	6	0.0766857937813753	0.0828903415764811	0.00620454779510586	0.00620454779510586	0.0662494340903702	0.0666956668637075	0.000446232773337357	0.000446232773337357	0.648076868139146	1	ns
filtered	pathway_normalized_ratio	NPC class: Glycerophosphocholines / NPC pathway: Fatty acids	Glycerophosphocholines	pairwise_wilcoxon_rank_sum	PET_vs_Untreated	PET	Untreated	5	3	0.0766857937813753	0.0737826883447561	-0.0029031054366192	0.0029031054366192	0.0662494340903702	0.0453204467257989	-0.0209289873645713	0.0209289873645713	0.765594483995764	1	ns
filtered	pathway_normalized_ratio	NPC class: Glycerophosphocholines / NPC pathway: Fatty acids	Glycerophosphocholines	pairwise_wilcoxon_rank_sum	PS_vs_Untreated	PS	Untreated	6	3	0.0828903415764811	0.0737826883447561	-0.00910765323172506	0.00910765323172506	0.0666956668637075	0.0453204467257989	-0.0213752201379087	0.0213752201379087	1	1	ns
filtered	pathway_normalized_ratio	NPC class: Glycerophosphoethanolamines / NPC pathway: Fatty acids	Glycerophosphoethanolamines	kruskal_wallis	overall	NA	NA	NA	NA	NA	NA	NA	0.00249725306044085	NA	NA	NA	0.00753229763138549	0.966295380798604	0.994839233397245	ns
filtered	pathway_normalized_ratio	NPC class: Glycerophosphoethanolamines / NPC pathway: Fatty acids	Glycerophosphoethanolamines	pairwise_wilcoxon_rank_sum	PET_vs_PS	PET	PS	5	6	0.0244336097498276	0.0242269900004128	-0.000206619749414824	0.000206619749414824	0.0228668433316113	0.0207932089485261	-0.00207363438308523	0.00207363438308523	0.927264473525232	1	ns
filtered	pathway_normalized_ratio	NPC class: Glycerophosphoethanolamines / NPC pathway: Fatty acids	Glycerophosphoethanolamines	pairwise_wilcoxon_rank_sum	PET_vs_Untreated	PET	Untreated	5	3	0.0244336097498276	0.0219363566893867	-0.00249725306044085	0.00249725306044085	0.0228668433316113	0.0153345457002258	-0.00753229763138549	0.00753229763138549	1	1	ns
filtered	pathway_normalized_ratio	NPC class: Glycerophosphoethanolamines / NPC pathway: Fatty acids	Glycerophosphoethanolamines	pairwise_wilcoxon_rank_sum	PS_vs_Untreated	PS	Untreated	6	3	0.0242269900004128	0.0219363566893867	-0.00229063331102603	0.00229063331102603	0.0207932089485261	0.0153345457002258	-0.00545866324830026	0.00545866324830026	0.897278961260083	1	ns
filtered	pathway_normalized_ratio	NPC class: Glycerophosphoinositols / NPC pathway: Fatty acids	Glycerophosphoinositols	kruskal_wallis	overall	NA	NA	NA	NA	NA	NA	NA	0.000297009569918775	NA	NA	NA	0.00108470534113433	0.922237606475501	0.994839233397245	ns
filtered	pathway_normalized_ratio	NPC class: Glycerophosphoinositols / NPC pathway: Fatty acids	Glycerophosphoinositols	pairwise_wilcoxon_rank_sum	PET_vs_PS	PET	PS	5	6	0.00298212836959911	0.00317868740892332	0.00019655903932421	0.00019655903932421	0.00268082293028817	0.00330815594440531	0.00062733301411714	0.00062733301411714	0.927264473525232	1	ns
filtered	pathway_normalized_ratio	NPC class: Glycerophosphoinositols / NPC pathway: Fatty acids	Glycerophosphoinositols	pairwise_wilcoxon_rank_sum	PET_vs_Untreated	PET	Untreated	5	3	0.00298212836959911	0.00327913793951788	0.000297009569918775	0.000297009569918775	0.00268082293028817	0.0037655282714225	0.00108470534113433	0.00108470534113433	0.765594483995764	1	ns
filtered	pathway_normalized_ratio	NPC class: Glycerophosphoinositols / NPC pathway: Fatty acids	Glycerophosphoinositols	pairwise_wilcoxon_rank_sum	PS_vs_Untreated	PS	Untreated	6	3	0.00317868740892332	0.00327913793951788	0.000100450530594565	0.000100450530594565	0.00330815594440531	0.0037655282714225	0.000457372327017192	0.000457372327017192	0.698535358303339	1	ns
filtered	pathway_normalized_ratio	NPC class: Glycerophosphoserines / NPC pathway: Fatty acids	Glycerophosphoserines	kruskal_wallis	overall	NA	NA	NA	NA	NA	NA	NA	0.000926968073346292	NA	NA	NA	0.00398999965159736	0.874340217421885	0.994839233397245	ns
filtered	pathway_normalized_ratio	NPC class: Glycerophosphoserines / NPC pathway: Fatty acids	Glycerophosphoserines	pairwise_wilcoxon_rank_sum	PET_vs_PS	PET	PS	5	6	0.0032848781826009	0.00282303261144966	-0.00046184557115124	0.00046184557115124	0.0044338622773969	0.0020223143408909	-0.00241154793650601	0.00241154793650601	0.648076868139146	1	ns
filtered	pathway_normalized_ratio	NPC class: Glycerophosphoserines / NPC pathway: Fatty acids	Glycerophosphoserines	pairwise_wilcoxon_rank_sum	PET_vs_Untreated	PET	Untreated	5	3	0.0032848781826009	0.00235791010925461	-0.000926968073346292	0.000926968073346292	0.0044338622773969	0.000443862625799542	-0.00398999965159736	0.00398999965159736	1	1	ns
filtered	pathway_normalized_ratio	NPC class: Glycerophosphoserines / NPC pathway: Fatty acids	Glycerophosphoserines	pairwise_wilcoxon_rank_sum	PS_vs_Untreated	PS	Untreated	6	3	0.00282303261144966	0.00235791010925461	-0.000465122502195052	0.000465122502195052	0.0020223143408909	0.000443862625799542	-0.00157845171509135	0.00157845171509135	0.698535358303339	1	ns
filtered	pathway_normalized_ratio	NPC class: Hydrocarbons / NPC pathway: Fatty acids	Hydrocarbons	kruskal_wallis	overall	NA	NA	NA	NA	NA	NA	NA	0.000927828813608247	NA	NA	NA	0.00132042017095588	0.512928383116129	0.994839233397245	ns
filtered	pathway_normalized_ratio	NPC class: Hydrocarbons / NPC pathway: Fatty acids	Hydrocarbons	pairwise_wilcoxon_rank_sum	PET_vs_PS	PET	PS	5	6	0.00540601429951422	0.00447818548590597	-0.000927828813608247	0.000927828813608247	0.00539950007992161	0.00417410479744911	-0.0012253952824725	0.0012253952824725	0.235333266509586	1	ns
filtered	pathway_normalized_ratio	NPC class: Hydrocarbons / NPC pathway: Fatty acids	Hydrocarbons	pairwise_wilcoxon_rank_sum	PET_vs_Untreated	PET	Untreated	5	3	0.00540601429951422	0.00467680618096992	-0.000729208118544297	0.000729208118544297	0.00539950007992161	0.005494524968405	9.50248884833875e-05	9.50248884833875e-05	0.765594483995764	1	ns
filtered	pathway_normalized_ratio	NPC class: Hydrocarbons / NPC pathway: Fatty acids	Hydrocarbons	pairwise_wilcoxon_rank_sum	PS_vs_Untreated	PS	Untreated	6	3	0.00447818548590597	0.00467680618096992	0.00019862069506395	0.00019862069506395	0.00417410479744911	0.005494524968405	0.00132042017095588	0.00132042017095588	1	1	ns
filtered	pathway_normalized_ratio	NPC class: Hydroxy fatty acids / NPC pathway: Fatty acids	Hydroxy fatty acids	kruskal_wallis	overall	NA	NA	NA	NA	NA	NA	NA	0.0018864636465306	NA	NA	NA	0.000952660379302523	0.81609999322828	0.994839233397245	ns
filtered	pathway_normalized_ratio	NPC class: Hydroxy fatty acids / NPC pathway: Fatty acids	Hydroxy fatty acids	pairwise_wilcoxon_rank_sum	PET_vs_PS	PET	PS	5	6	0.00264398255740239	0.000757518910871787	-0.0018864636465306	0.0018864636465306	0.00106023030569643	0.000107569926393907	-0.000952660379302523	0.000952660379302523	0.640373539453049	1	ns
filtered	pathway_normalized_ratio	NPC class: Hydroxy fatty acids / NPC pathway: Fatty acids	Hydroxy fatty acids	pairwise_wilcoxon_rank_sum	PET_vs_Untreated	PET	Untreated	5	3	0.00264398255740239	0.00102989367507303	-0.00161408888232936	0.00161408888232936	0.00106023030569643	0.000592472291120394	-0.000467758014576035	0.000467758014576035	0.759981527157728	1	ns
filtered	pathway_normalized_ratio	NPC class: Hydroxy fatty acids / NPC pathway: Fatty acids	Hydroxy fatty acids	pairwise_wilcoxon_rank_sum	PS_vs_Untreated	PS	Untreated	6	3	0.000757518910871787	0.00102989367507303	0.000272374764201242	0.000272374764201242	0.000107569926393907	0.000592472291120394	0.000484902364726488	0.000484902364726488	0.895532903167044	1	ns
filtered	pathway_normalized_ratio	NPC class: Isoquinoline alkaloids / NPC pathway: Alkaloids	Isoquinoline alkaloids	kruskal_wallis	overall	NA	NA	NA	NA	NA	NA	NA	0.00700877371636362	NA	NA	NA	0.0769726257081216	0.991074553168258	0.994839233397245	ns
filtered	pathway_normalized_ratio	NPC class: Isoquinoline alkaloids / NPC pathway: Alkaloids	Isoquinoline alkaloids	pairwise_wilcoxon_rank_sum	PET_vs_PS	PET	PS	5	6	0.0641586493337394	0.0571498756173758	-0.00700877371636362	0.00700877371636362	0.0908941740527402	0.0139215483446186	-0.0769726257081216	0.0769726257081216	0.925557733182569	1	ns
filtered	pathway_normalized_ratio	NPC class: Isoquinoline alkaloids / NPC pathway: Alkaloids	Isoquinoline alkaloids	pairwise_wilcoxon_rank_sum	PET_vs_Untreated	PET	Untreated	5	3	0.0641586493337394	0.0612069110186936	-0.00295173831504576	0.00295173831504576	0.0908941740527402	0.0737381489462903	-0.0171560251064499	0.0171560251064499	1	1	ns
filtered	pathway_normalized_ratio	NPC class: Isoquinoline alkaloids / NPC pathway: Alkaloids	Isoquinoline alkaloids	pairwise_wilcoxon_rank_sum	PS_vs_Untreated	PS	Untreated	6	3	0.0571498756173758	0.0612069110186936	0.00405703540131787	0.00405703540131787	0.0139215483446186	0.0737381489462903	0.0598166006016717	0.0598166006016717	1	1	ns
filtered	pathway_normalized_ratio	NPC class: Jasmonic acids / NPC pathway: Fatty acids	Jasmonic acids	kruskal_wallis	overall	NA	NA	NA	NA	NA	NA	NA	0.000167112635195609	NA	NA	NA	0.000619529962863683	0.779914150691886	0.994839233397245	ns
filtered	pathway_normalized_ratio	NPC class: Jasmonic acids / NPC pathway: Fatty acids	Jasmonic acids	pairwise_wilcoxon_rank_sum	PET_vs_PS	PET	PS	5	6	0.00169361675638243	0.00158746066593897	-0.000106156090443455	0.000106156090443455	0.00165598018041569	0.0014991657475101	-0.000156814432905594	0.000156814432905594	0.784191229401619	1	ns
filtered	pathway_normalized_ratio	NPC class: Jasmonic acids / NPC pathway: Fatty acids	Jasmonic acids	pairwise_wilcoxon_rank_sum	PET_vs_Untreated	PET	Untreated	5	3	0.00169361675638243	0.00175457330113458	6.0956544752154e-05	6.0956544752154e-05	0.00165598018041569	0.00103645021755201	-0.000619529962863683	0.000619529962863683	1	1	ns
filtered	pathway_normalized_ratio	NPC class: Jasmonic acids / NPC pathway: Fatty acids	Jasmonic acids	pairwise_wilcoxon_rank_sum	PS_vs_Untreated	PS	Untreated	6	3	0.00158746066593897	0.00175457330113458	0.000167112635195609	0.000167112635195609	0.0014991657475101	0.00103645021755201	-0.00046271552995809	0.00046271552995809	0.518605016428726	1	ns
filtered	pathway_normalized_ratio	NPC class: Lactones / NPC pathway: Fatty acids	Lactones	kruskal_wallis	overall	NA	NA	NA	NA	NA	NA	NA	0.000321650873995205	NA	NA	NA	0.000452668182357963	0.530388065416678	0.994839233397245	ns
filtered	pathway_normalized_ratio	NPC class: Lactones / NPC pathway: Fatty acids	Lactones	pairwise_wilcoxon_rank_sum	PET_vs_PS	PET	PS	5	6	0.000655747645629502	0.000334096771634297	-0.000321650873995205	0.000321650873995205	0.000452668182357963	0.000265725297204435	-0.000186942885153528	0.000186942885153528	0.522816653919089	1	ns
filtered	pathway_normalized_ratio	NPC class: Lactones / NPC pathway: Fatty acids	Lactones	pairwise_wilcoxon_rank_sum	PET_vs_Untreated	PET	Untreated	5	3	0.000655747645629502	0.000534287681514005	-0.000121459964115497	0.000121459964115497	0.000452668182357963	0	-0.000452668182357963	0.000452668182357963	0.368227133821696	1	ns
filtered	pathway_normalized_ratio	NPC class: Lactones / NPC pathway: Fatty acids	Lactones	pairwise_wilcoxon_rank_sum	PS_vs_Untreated	PS	Untreated	6	3	0.000334096771634297	0.000534287681514005	0.000200190909879708	0.000200190909879708	0.000265725297204435	0	-0.000265725297204435	0.000265725297204435	0.693640621783759	1	ns
filtered	pathway_normalized_ratio	NPC class: Linear peptides / NPC pathway: Amino acids and Peptides	Linear peptides	kruskal_wallis	overall	NA	NA	NA	NA	NA	NA	NA	0.0112425998481657	NA	NA	NA	0.0113129182999579	0.505652926068085	0.994839233397245	ns
filtered	pathway_normalized_ratio	NPC class: Linear peptides / NPC pathway: Amino acids and Peptides	Linear peptides	pairwise_wilcoxon_rank_sum	PET_vs_PS	PET	PS	5	6	0.0408345957591194	0.0488936394060114	0.00805904364689202	0.00805904364689202	0.043766200376702	0.0519562934443787	0.00819009306767669	0.00819009306767669	0.411313791776259	1	ns
filtered	pathway_normalized_ratio	NPC class: Linear peptides / NPC pathway: Amino acids and Peptides	Linear peptides	pairwise_wilcoxon_rank_sum	PET_vs_Untreated	PET	Untreated	5	3	0.0408345957591194	0.0520771956072851	0.0112425998481657	0.0112425998481657	0.043766200376702	0.0550791186766598	0.0113129182999579	0.0113129182999579	0.371093369522698	1	ns
filtered	pathway_normalized_ratio	NPC class: Linear peptides / NPC pathway: Amino acids and Peptides	Linear peptides	pairwise_wilcoxon_rank_sum	PS_vs_Untreated	PS	Untreated	6	3	0.0488936394060114	0.0520771956072851	0.00318355620127369	0.00318355620127369	0.0519562934443787	0.0550791186766598	0.00312282523228118	0.00312282523228118	0.897278961260083	1	ns
filtered	pathway_normalized_ratio	NPC class: Lipopeptides / NPC pathway: Amino acids and Peptides	Lipopeptides	kruskal_wallis	overall	NA	NA	NA	NA	NA	NA	NA	0.0077317782491417	NA	NA	NA	0.00219231785758774	0.874340217421885	0.994839233397245	ns
filtered	pathway_normalized_ratio	NPC class: Lipopeptides / NPC pathway: Amino acids and Peptides	Lipopeptides	pairwise_wilcoxon_rank_sum	PET_vs_PS	PET	PS	5	6	0.0388920708492003	0.0466238490983419	0.0077317782491417	0.0077317782491417	0.0408713298186904	0.041791300121276	0.000919970302585539	0.000919970302585539	0.784191229401619	1	ns
filtered	pathway_normalized_ratio	NPC class: Lipopeptides / NPC pathway: Amino acids and Peptides	Lipopeptides	pairwise_wilcoxon_rank_sum	PET_vs_Untreated	PET	Untreated	5	3	0.0388920708492003	0.0455797462527438	0.0066876754035435	0.0066876754035435	0.0408713298186904	0.0395989822636882	-0.0012723475550022	0.0012723475550022	0.765594483995764	1	ns
filtered	pathway_normalized_ratio	NPC class: Lipopeptides / NPC pathway: Amino acids and Peptides	Lipopeptides	pairwise_wilcoxon_rank_sum	PS_vs_Untreated	PS	Untreated	6	3	0.0466238490983419	0.0455797462527438	-0.00104410284559819	0.00104410284559819	0.041791300121276	0.0395989822636882	-0.00219231785758774	0.00219231785758774	0.897278961260083	1	ns
filtered	pathway_normalized_ratio	NPC class: Macrolide lactones / NPC pathway: Polyketides	Macrolide lactones	kruskal_wallis	overall	NA	NA	NA	NA	NA	NA	NA	0.00867472990157947	NA	NA	NA	0.00129488086384806	0.779914150691886	0.994839233397245	ns
filtered	pathway_normalized_ratio	NPC class: Macrolide lactones / NPC pathway: Polyketides	Macrolide lactones	pairwise_wilcoxon_rank_sum	PET_vs_PS	PET	PS	5	6	0.0178555135221824	0.0213009464221137	0.00344543289993129	0.00344543289993129	0.0181775629227832	0.0181442582753425	-3.33046474407586e-05	3.33046474407586e-05	1	1	ns
filtered	pathway_normalized_ratio	NPC class: Macrolide lactones / NPC pathway: Polyketides	Macrolide lactones	pairwise_wilcoxon_rank_sum	PET_vs_Untreated	PET	Untreated	5	3	0.0178555135221824	0.0126262165205342	-0.00522929700164818	0.00522929700164818	0.0181775629227832	0.0168826820589352	-0.00129488086384806	0.00129488086384806	0.765594483995764	1	ns
filtered	pathway_normalized_ratio	NPC class: Macrolide lactones / NPC pathway: Polyketides	Macrolide lactones	pairwise_wilcoxon_rank_sum	PS_vs_Untreated	PS	Untreated	6	3	0.0213009464221137	0.0126262165205342	-0.00867472990157947	0.00867472990157947	0.0181442582753425	0.0168826820589352	-0.0012615762164073	0.0012615762164073	0.518605016428726	1	ns
filtered	pathway_normalized_ratio	NPC class: Macrotetrolides / NPC pathway: Polyketides	Macrotetrolides	kruskal_wallis	overall	NA	NA	NA	NA	NA	NA	NA	0.00675701465123955	NA	NA	NA	0.000249800801413941	0.902584231836422	0.994839233397245	ns
filtered	pathway_normalized_ratio	NPC class: Macrotetrolides / NPC pathway: Polyketides	Macrotetrolides	pairwise_wilcoxon_rank_sum	PET_vs_PS	PET	PS	5	6	0.00113321375703678	0.00141821494567672	0.000285001188639939	0.000285001188639939	0	0.000249800801413941	0.000249800801413941	0.000249800801413941	0.690487098680065	1	ns
filtered	pathway_normalized_ratio	NPC class: Macrotetrolides / NPC pathway: Polyketides	Macrotetrolides	pairwise_wilcoxon_rank_sum	PET_vs_Untreated	PET	Untreated	5	3	0.00113321375703678	0.00789022840827633	0.00675701465123955	0.00675701465123955	0	0	0	0	1	1	ns
filtered	pathway_normalized_ratio	NPC class: Macrotetrolides / NPC pathway: Polyketides	Macrotetrolides	pairwise_wilcoxon_rank_sum	PS_vs_Untreated	PS	Untreated	6	3	0.00141821494567672	0.00789022840827633	0.00647201346259961	0.00647201346259961	0.000249800801413941	0	-0.000249800801413941	0.000249800801413941	1	1	ns
filtered	pathway_normalized_ratio	NPC class: Microcolins and mirabimids / NPC pathway: Amino acids and Peptides	Microcolins and mirabimids	kruskal_wallis	overall	NA	NA	NA	NA	NA	NA	NA	0.00298532788144918	NA	NA	NA	0	0.994839233397245	0.994839233397245	ns
filtered	pathway_normalized_ratio	NPC class: Microcolins and mirabimids / NPC pathway: Amino acids and Peptides	Microcolins and mirabimids	pairwise_wilcoxon_rank_sum	PET_vs_PS	PET	PS	5	6	0.000837014729561628	0.00382234261101081	0.00298532788144918	0.00298532788144918	0	0	0	0	1	1	ns
filtered	pathway_normalized_ratio	NPC class: Microcolins and mirabimids / NPC pathway: Amino acids and Peptides	Microcolins and mirabimids	pairwise_wilcoxon_rank_sum	PET_vs_Untreated	PET	Untreated	5	3	0.000837014729561628	0.00106957120666153	0.000232556477099899	0.000232556477099899	0	0	0	0	1	1	ns
filtered	pathway_normalized_ratio	NPC class: Microcolins and mirabimids / NPC pathway: Amino acids and Peptides	Microcolins and mirabimids	pairwise_wilcoxon_rank_sum	PS_vs_Untreated	PS	Untreated	6	3	0.00382234261101081	0.00106957120666153	-0.00275277140434928	0.00275277140434928	0	0	0	0	1	1	ns
filtered	pathway_normalized_ratio	NPC class: Monoacylglycerols / NPC pathway: Fatty acids	Monoacylglycerols	kruskal_wallis	overall	NA	NA	NA	NA	NA	NA	NA	0.00064561390575245	NA	NA	NA	0.000338858854477695	0.597927533217168	0.994839233397245	ns
filtered	pathway_normalized_ratio	NPC class: Monoacylglycerols / NPC pathway: Fatty acids	Monoacylglycerols	pairwise_wilcoxon_rank_sum	PET_vs_PS	PET	PS	5	6	0.0024122814684818	0.00176666756272935	-0.00064561390575245	0.00064561390575245	0.00211872975708205	0.00179729639015687	-0.000321433366925186	0.000321433366925186	0.411313791776259	1	ns
filtered	pathway_normalized_ratio	NPC class: Monoacylglycerols / NPC pathway: Fatty acids	Monoacylglycerols	pairwise_wilcoxon_rank_sum	PET_vs_Untreated	PET	Untreated	5	3	0.0024122814684818	0.00221086712107553	-0.000201414347406265	0.000201414347406265	0.00211872975708205	0.00177987090260436	-0.000338858854477695	0.000338858854477695	0.550984987585094	1	ns
filtered	pathway_normalized_ratio	NPC class: Monoacylglycerols / NPC pathway: Fatty acids	Monoacylglycerols	pairwise_wilcoxon_rank_sum	PS_vs_Untreated	PS	Untreated	6	3	0.00176666756272935	0.00221086712107553	0.000444199558346185	0.000444199558346185	0.00179729639015687	0.00177987090260436	-1.74254875525089e-05	1.74254875525089e-05	0.897278961260083	1	ns
filtered	pathway_normalized_ratio	NPC class: N-acyl amines / NPC pathway: Fatty acids	N-acyl amines	kruskal_wallis	overall	NA	NA	NA	NA	NA	NA	NA	0.00505591032309903	NA	NA	NA	0.00471682650163415	0.499431057078927	0.994839233397245	ns
filtered	pathway_normalized_ratio	NPC class: N-acyl amines / NPC pathway: Fatty acids	N-acyl amines	pairwise_wilcoxon_rank_sum	PET_vs_PS	PET	PS	5	6	0.0226707601227575	0.0176148497996584	-0.00505591032309903	0.00505591032309903	0.0191943292455756	0.0192599332324215	6.56039868459114e-05	6.56039868459114e-05	0.411313791776259	1	ns
filtered	pathway_normalized_ratio	NPC class: N-acyl amines / NPC pathway: Fatty acids	N-acyl amines	pairwise_wilcoxon_rank_sum	PET_vs_Untreated	PET	Untreated	5	3	0.0226707601227575	0.0198852188905291	-0.00278554123222834	0.00278554123222834	0.0191943292455756	0.0239111557472098	0.00471682650163415	0.00471682650163415	1	1	ns
filtered	pathway_normalized_ratio	NPC class: N-acyl amines / NPC pathway: Fatty acids	N-acyl amines	pairwise_wilcoxon_rank_sum	PS_vs_Untreated	PS	Untreated	6	3	0.0176148497996584	0.0198852188905291	0.0022703690908707	0.0022703690908707	0.0192599332324215	0.0239111557472098	0.00465122251478824	0.00465122251478824	0.366156560194061	1	ns
filtered	pathway_normalized_ratio	NPC class: N-acyl ethanolamines (endocannabinoids) / NPC pathway: Fatty acids	N-acyl ethanolamines (endocannabinoids)	kruskal_wallis	overall	NA	NA	NA	NA	NA	NA	NA	0.00169049385683515	NA	NA	NA	0.00551094771441165	0.763016066829156	0.994839233397245	ns
filtered	pathway_normalized_ratio	NPC class: N-acyl ethanolamines (endocannabinoids) / NPC pathway: Fatty acids	N-acyl ethanolamines (endocannabinoids)	pairwise_wilcoxon_rank_sum	PET_vs_PS	PET	PS	5	6	0.0269023188135104	0.0275256385808694	0.000623319767359055	0.000623319767359055	0.0232210415365647	0.0251900216240834	0.00196898008751867	0.00196898008751867	0.927264473525232	1	ns
filtered	pathway_normalized_ratio	NPC class: N-acyl ethanolamines (endocannabinoids) / NPC pathway: Fatty acids	N-acyl ethanolamines (endocannabinoids)	pairwise_wilcoxon_rank_sum	PET_vs_Untreated	PET	Untreated	5	3	0.0269023188135104	0.0285928126703455	0.00169049385683515	0.00169049385683515	0.0232210415365647	0.0287319892509764	0.00551094771441165	0.00551094771441165	0.765594483995764	1	ns
filtered	pathway_normalized_ratio	NPC class: N-acyl ethanolamines (endocannabinoids) / NPC pathway: Fatty acids	N-acyl ethanolamines (endocannabinoids)	pairwise_wilcoxon_rank_sum	PS_vs_Untreated	PS	Untreated	6	3	0.0275256385808694	0.0285928126703455	0.0010671740894761	0.0010671740894761	0.0251900216240834	0.0287319892509764	0.00354196762689298	0.00354196762689298	0.518605016428726	1	ns
filtered	pathway_normalized_ratio	NPC class: Neutral glycosphingolipids / NPC pathway: Fatty acids	Neutral glycosphingolipids	kruskal_wallis	overall	NA	NA	NA	NA	NA	NA	NA	0.0018809987428566	NA	NA	NA	0.00301569550465473	0.925757593074812	0.994839233397245	ns
filtered	pathway_normalized_ratio	NPC class: Neutral glycosphingolipids / NPC pathway: Fatty acids	Neutral glycosphingolipids	pairwise_wilcoxon_rank_sum	PET_vs_PS	PET	PS	5	6	0.017684692226366	0.0195656909692226	0.0018809987428566	0.0018809987428566	0.0171361766714877	0.0183121244334487	0.00117594776196096	0.00117594776196096	0.784191229401619	1	ns
filtered	pathway_normalized_ratio	NPC class: Neutral glycosphingolipids / NPC pathway: Fatty acids	Neutral glycosphingolipids	pairwise_wilcoxon_rank_sum	PET_vs_Untreated	PET	Untreated	5	3	0.017684692226366	0.0190875548775893	0.00140286265122334	0.00140286265122334	0.0171361766714877	0.0152964289287939	-0.00183974774269377	0.00183974774269377	1	1	ns
filtered	pathway_normalized_ratio	NPC class: Neutral glycosphingolipids / NPC pathway: Fatty acids	Neutral glycosphingolipids	pairwise_wilcoxon_rank_sum	PS_vs_Untreated	PS	Untreated	6	3	0.0195656909692226	0.0190875548775893	-0.000478136091633261	0.000478136091633261	0.0183121244334487	0.0152964289287939	-0.00301569550465473	0.00301569550465473	0.897278961260083	1	ns
filtered	pathway_normalized_ratio	NPC class: Nitro fatty acids / NPC pathway: Fatty acids	Nitro fatty acids	kruskal_wallis	overall	NA	NA	NA	NA	NA	NA	NA	0.0032216187764119	NA	NA	NA	0.00195177890902764	0.620553872407749	0.994839233397245	ns
filtered	pathway_normalized_ratio	NPC class: Nitro fatty acids / NPC pathway: Fatty acids	Nitro fatty acids	pairwise_wilcoxon_rank_sum	PET_vs_PS	PET	PS	5	6	0.0176256174588042	0.0153077754817523	-0.00231784197705185	0.00231784197705185	0.017404821838299	0.0156551805682067	-0.00174964127009236	0.00174964127009236	0.411313791776259	1	ns
filtered	pathway_normalized_ratio	NPC class: Nitro fatty acids / NPC pathway: Fatty acids	Nitro fatty acids	pairwise_wilcoxon_rank_sum	PET_vs_Untreated	PET	Untreated	5	3	0.0176256174588042	0.0144039986823923	-0.0032216187764119	0.0032216187764119	0.017404821838299	0.0176069594772343	0.000202137638935274	0.000202137638935274	0.765594483995764	1	ns
filtered	pathway_normalized_ratio	NPC class: Nitro fatty acids / NPC pathway: Fatty acids	Nitro fatty acids	pairwise_wilcoxon_rank_sum	PS_vs_Untreated	PS	Untreated	6	3	0.0153077754817523	0.0144039986823923	-0.000903776799360047	0.000903776799360047	0.0156551805682067	0.0176069594772343	0.00195177890902764	0.00195177890902764	0.698535358303339	1	ns
filtered	pathway_normalized_ratio	NPC class: Open-chain polyketides / NPC pathway: Polyketides	Open-chain polyketides	kruskal_wallis	overall	NA	NA	NA	NA	NA	NA	NA	0.0163061512087	NA	NA	NA	0.0091819164332588	0.308157933248538	0.994839233397245	ns
filtered	pathway_normalized_ratio	NPC class: Open-chain polyketides / NPC pathway: Polyketides	Open-chain polyketides	pairwise_wilcoxon_rank_sum	PET_vs_PS	PET	PS	5	6	0.0407376796228438	0.0533434987669793	0.0126058191441355	0.0126058191441355	0.0395022050086348	0.0465010374642707	0.00699883245563586	0.00699883245563586	0.411313791776259	1	ns
filtered	pathway_normalized_ratio	NPC class: Open-chain polyketides / NPC pathway: Polyketides	Open-chain polyketides	pairwise_wilcoxon_rank_sum	PET_vs_Untreated	PET	Untreated	5	3	0.0407376796228438	0.0370373475582793	-0.00370033206456453	0.00370033206456453	0.0395022050086348	0.0373191210310119	-0.00218308397762294	0.00218308397762294	0.371093369522698	1	ns
filtered	pathway_normalized_ratio	NPC class: Open-chain polyketides / NPC pathway: Polyketides	Open-chain polyketides	pairwise_wilcoxon_rank_sum	PS_vs_Untreated	PS	Untreated	6	3	0.0533434987669793	0.0370373475582793	-0.0163061512087	0.0163061512087	0.0465010374642707	0.0373191210310119	-0.0091819164332588	0.0091819164332588	0.245278116806773	1	ns
filtered	pathway_normalized_ratio	NPC class: Other Octadecanoids / NPC pathway: Fatty acids	Other Octadecanoids	kruskal_wallis	overall	NA	NA	NA	NA	NA	NA	NA	0.00248751689842332	NA	NA	NA	0.00209944788758066	0.734495486362103	0.994839233397245	ns
filtered	pathway_normalized_ratio	NPC class: Other Octadecanoids / NPC pathway: Fatty acids	Other Octadecanoids	pairwise_wilcoxon_rank_sum	PET_vs_PS	PET	PS	5	6	0.0111026688558396	0.0116585407616672	0.000555871905827577	0.000555871905827577	0.0119286343908254	0.00982918650324477	-0.00209944788758066	0.00209944788758066	0.927264473525232	1	ns
filtered	pathway_normalized_ratio	NPC class: Other Octadecanoids / NPC pathway: Fatty acids	Other Octadecanoids	pairwise_wilcoxon_rank_sum	PET_vs_Untreated	PET	Untreated	5	3	0.0111026688558396	0.00917102386324387	-0.00193164499259574	0.00193164499259574	0.0119286343908254	0.0114816507259788	-0.000446983664846641	0.000446983664846641	0.371093369522698	1	ns
filtered	pathway_normalized_ratio	NPC class: Other Octadecanoids / NPC pathway: Fatty acids	Other Octadecanoids	pairwise_wilcoxon_rank_sum	PS_vs_Untreated	PS	Untreated	6	3	0.0116585407616672	0.00917102386324387	-0.00248751689842332	0.00248751689842332	0.00982918650324477	0.0114816507259788	0.00165246422273402	0.00165246422273402	0.897278961260083	1	ns
filtered	pathway_normalized_ratio	NPC class: Oxo fatty acids / NPC pathway: Fatty acids	Oxo fatty acids	kruskal_wallis	overall	NA	NA	NA	NA	NA	NA	NA	0.000233537302633385	NA	NA	NA	0.000155432782088386	0.895407649165432	0.994839233397245	ns
filtered	pathway_normalized_ratio	NPC class: Oxo fatty acids / NPC pathway: Fatty acids	Oxo fatty acids	pairwise_wilcoxon_rank_sum	PET_vs_PS	PET	PS	5	6	0.00113399211965746	0.000900454817024078	-0.000233537302633385	0.000233537302633385	0.000795074207108285	0.000732042871066021	-6.30313360422642e-05	6.30313360422642e-05	0.784191229401619	1	ns
filtered	pathway_normalized_ratio	NPC class: Oxo fatty acids / NPC pathway: Fatty acids	Oxo fatty acids	pairwise_wilcoxon_rank_sum	PET_vs_Untreated	PET	Untreated	5	3	0.00113399211965746	0.00107269663328582	-6.12954863716435e-05	6.12954863716435e-05	0.000795074207108285	0.000639641425019899	-0.000155432782088386	0.000155432782088386	0.765594483995764	1	ns
filtered	pathway_normalized_ratio	NPC class: Oxo fatty acids / NPC pathway: Fatty acids	Oxo fatty acids	pairwise_wilcoxon_rank_sum	PS_vs_Untreated	PS	Untreated	6	3	0.000900454817024078	0.00107269663328582	0.000172241816261742	0.000172241816261742	0.000732042871066021	0.000639641425019899	-9.24014460461216e-05	9.24014460461216e-05	1	1	ns
filtered	pathway_normalized_ratio	NPC class: Phosphosphingolipids / NPC pathway: Fatty acids	Phosphosphingolipids	kruskal_wallis	overall	NA	NA	NA	NA	NA	NA	NA	0.00150952711304426	NA	NA	NA	0.00419202838744361	0.966295380798604	0.994839233397245	ns
filtered	pathway_normalized_ratio	NPC class: Phosphosphingolipids / NPC pathway: Fatty acids	Phosphosphingolipids	pairwise_wilcoxon_rank_sum	PET_vs_PS	PET	PS	5	6	0.0184829389313691	0.0194698862566541	0.000986947325284978	0.000986947325284978	0.0174902123420871	0.0160755748227281	-0.00141463751935901	0.00141463751935901	1	1	ns
filtered	pathway_normalized_ratio	NPC class: Phosphosphingolipids / NPC pathway: Fatty acids	Phosphosphingolipids	pairwise_wilcoxon_rank_sum	PET_vs_Untreated	PET	Untreated	5	3	0.0184829389313691	0.0179603591436098	-0.00052257978775928	0.00052257978775928	0.0174902123420871	0.0132981839546435	-0.00419202838744361	0.00419202838744361	0.765594483995764	1	ns
filtered	pathway_normalized_ratio	NPC class: Phosphosphingolipids / NPC pathway: Fatty acids	Phosphosphingolipids	pairwise_wilcoxon_rank_sum	PS_vs_Untreated	PS	Untreated	6	3	0.0194698862566541	0.0179603591436098	-0.00150952711304426	0.00150952711304426	0.0160755748227281	0.0132981839546435	-0.00277739086808461	0.00277739086808461	1	1	ns
filtered	pathway_normalized_ratio	NPC class: Polyene macrolides / NPC pathway: Polyketides	Polyene macrolides	kruskal_wallis	overall	NA	NA	NA	NA	NA	NA	NA	0.0123954234372797	NA	NA	NA	0.0128238934172315	0.482597923482732	0.994839233397245	ns
filtered	pathway_normalized_ratio	NPC class: Polyene macrolides / NPC pathway: Polyketides	Polyene macrolides	pairwise_wilcoxon_rank_sum	PET_vs_PS	PET	PS	5	6	0.0248424543858893	0.037237877823169	0.0123954234372797	0.0123954234372797	0.0256843088278873	0.0345217166673298	0.00883740783944253	0.00883740783944253	0.315302452081746	1	ns
filtered	pathway_normalized_ratio	NPC class: Polyene macrolides / NPC pathway: Polyketides	Polyene macrolides	pairwise_wilcoxon_rank_sum	PET_vs_Untreated	PET	Untreated	5	3	0.0248424543858893	0.0276101197140023	0.00276766532811299	0.00276766532811299	0.0256843088278873	0.0216978232500983	-0.00398648557778901	0.00398648557778901	0.765594483995764	1	ns
filtered	pathway_normalized_ratio	NPC class: Polyene macrolides / NPC pathway: Polyketides	Polyene macrolides	pairwise_wilcoxon_rank_sum	PS_vs_Untreated	PS	Untreated	6	3	0.037237877823169	0.0276101197140023	-0.00962775810916667	0.00962775810916667	0.0345217166673298	0.0216978232500983	-0.0128238934172315	0.0128238934172315	0.518605016428726	1	ns
filtered	pathway_normalized_ratio	NPC class: Prenyl quinone meroterpenoids / NPC pathway: Terpenoids	Prenyl quinone meroterpenoids	kruskal_wallis	overall	NA	NA	NA	NA	NA	NA	NA	0.00838673768957812	NA	NA	NA	0.00716272529980219	0.846481724890613	0.994839233397245	ns
filtered	pathway_normalized_ratio	NPC class: Prenyl quinone meroterpenoids / NPC pathway: Terpenoids	Prenyl quinone meroterpenoids	pairwise_wilcoxon_rank_sum	PET_vs_PS	PET	PS	6	6	0.0551161529857914	0.0619202512519777	0.00680409826618625	0.00680409826618625	0.061285093734824	0.0666714225146851	0.00538632877986111	0.00538632877986111	0.936186293473059	1	ns
filtered	pathway_normalized_ratio	NPC class: Prenyl quinone meroterpenoids / NPC pathway: Terpenoids	Prenyl quinone meroterpenoids	pairwise_wilcoxon_rank_sum	PET_vs_Untreated	PET	Untreated	6	3	0.0551161529857914	0.0535335135623995	-0.00158263942339187	0.00158263942339187	0.061285093734824	0.0595086972148829	-0.00177639651994108	0.00177639651994108	0.897278961260083	1	ns
filtered	pathway_normalized_ratio	NPC class: Prenyl quinone meroterpenoids / NPC pathway: Terpenoids	Prenyl quinone meroterpenoids	pairwise_wilcoxon_rank_sum	PS_vs_Untreated	PS	Untreated	6	3	0.0619202512519777	0.0535335135623995	-0.00838673768957812	0.00838673768957812	0.0666714225146851	0.0595086972148829	-0.00716272529980219	0.00716272529980219	0.518605016428726	1	ns
filtered	pathway_normalized_ratio	NPC class: Primary amides / NPC pathway: Fatty acids	Primary amides	kruskal_wallis	overall	NA	NA	NA	NA	NA	NA	NA	0.0036085280053177	NA	NA	NA	0.00284181608483732	0.734495486362103	0.994839233397245	ns
filtered	pathway_normalized_ratio	NPC class: Primary amides / NPC pathway: Fatty acids	Primary amides	pairwise_wilcoxon_rank_sum	PET_vs_PS	PET	PS	5	6	0.0275896219178549	0.0239810939125372	-0.0036085280053177	0.0036085280053177	0.0255384219062914	0.0260237680495775	0.000485346143286096	0.000485346143286096	0.648076868139146	1	ns
filtered	pathway_normalized_ratio	NPC class: Primary amides / NPC pathway: Fatty acids	Primary amides	pairwise_wilcoxon_rank_sum	PET_vs_Untreated	PET	Untreated	5	3	0.0275896219178549	0.0263486682948057	-0.00124095362304921	0.00124095362304921	0.0255384219062914	0.0283802379911287	0.00284181608483732	0.00284181608483732	0.765594483995764	1	ns
filtered	pathway_normalized_ratio	NPC class: Primary amides / NPC pathway: Fatty acids	Primary amides	pairwise_wilcoxon_rank_sum	PS_vs_Untreated	PS	Untreated	6	3	0.0239810939125372	0.0263486682948057	0.0023675743822685	0.0023675743822685	0.0260237680495775	0.0283802379911287	0.00235646994155122	0.00235646994155122	0.518605016428726	1	ns
filtered	pathway_normalized_ratio	NPC class: Sphingoid bases / NPC pathway: Fatty acids	Sphingoid bases	kruskal_wallis	overall	NA	NA	NA	NA	NA	NA	NA	0.00743362452507418	NA	NA	NA	0.00379873768097463	0.909156442876713	0.994839233397245	ns
filtered	pathway_normalized_ratio	NPC class: Sphingoid bases / NPC pathway: Fatty acids	Sphingoid bases	pairwise_wilcoxon_rank_sum	PET_vs_PS	PET	PS	5	6	0.0215243957652809	0.0206873956312259	-0.000837000134054994	0.000837000134054994	0.023828245512205	0.0237744060668272	-5.38394453777381e-05	5.38394453777381e-05	0.927264473525232	1	ns
filtered	pathway_normalized_ratio	NPC class: Sphingoid bases / NPC pathway: Fatty acids	Sphingoid bases	pairwise_wilcoxon_rank_sum	PET_vs_Untreated	PET	Untreated	5	3	0.0215243957652809	0.0281210201563001	0.00659662439101918	0.00659662439101918	0.023828245512205	0.0200295078312303	-0.00379873768097463	0.00379873768097463	0.765594483995764	1	ns
filtered	pathway_normalized_ratio	NPC class: Sphingoid bases / NPC pathway: Fatty acids	Sphingoid bases	pairwise_wilcoxon_rank_sum	PS_vs_Untreated	PS	Untreated	6	3	0.0206873956312259	0.0281210201563001	0.00743362452507418	0.00743362452507418	0.0237744060668272	0.0200295078312303	-0.00374489823559689	0.00374489823559689	0.897278961260083	1	ns
filtered	pathway_normalized_ratio	NPC class: Steroidal alkaloids / NPC pathway: Alkaloids	Steroidal alkaloids	kruskal_wallis	overall	NA	NA	NA	NA	NA	NA	NA	0.0264894929378885	NA	NA	NA	0.035030676555229	0.923116346386634	0.994839233397245	ns
filtered	pathway_normalized_ratio	NPC class: Steroidal alkaloids / NPC pathway: Alkaloids	Steroidal alkaloids	pairwise_wilcoxon_rank_sum	PET_vs_PS	PET	PS	5	6	0.267967553100735	0.271204143765948	0.00323659066521287	0.00323659066521287	0.242078434084499	0.26321017973819	0.0211317456536914	0.0211317456536914	1	1	ns
filtered	pathway_normalized_ratio	NPC class: Steroidal alkaloids / NPC pathway: Alkaloids	Steroidal alkaloids	pairwise_wilcoxon_rank_sum	PET_vs_Untreated	PET	Untreated	5	3	0.267967553100735	0.244714650828059	-0.0232529022726757	0.0232529022726757	0.242078434084499	0.277109110639728	0.035030676555229	0.035030676555229	1	1	ns
filtered	pathway_normalized_ratio	NPC class: Steroidal alkaloids / NPC pathway: Alkaloids	Steroidal alkaloids	pairwise_wilcoxon_rank_sum	PS_vs_Untreated	PS	Untreated	6	3	0.271204143765948	0.244714650828059	-0.0264894929378885	0.0264894929378885	0.26321017973819	0.277109110639728	0.0138989309015376	0.0138989309015376	0.698535358303339	1	ns
filtered	pathway_normalized_ratio	NPC class: Triacylglycerols / NPC pathway: Fatty acids	Triacylglycerols	kruskal_wallis	overall	NA	NA	NA	NA	NA	NA	NA	0.00516889250188083	NA	NA	NA	0.00614652637716402	0.909156442876713	0.994839233397245	ns
filtered	pathway_normalized_ratio	NPC class: Triacylglycerols / NPC pathway: Fatty acids	Triacylglycerols	pairwise_wilcoxon_rank_sum	PET_vs_PS	PET	PS	5	6	0.0296697989014619	0.0295431350512821	-0.000126663850179794	0.000126663850179794	0.0326068666241631	0.0276412336887737	-0.00496563293538935	0.00496563293538935	0.927264473525232	1	ns
filtered	pathway_normalized_ratio	NPC class: Triacylglycerols / NPC pathway: Fatty acids	Triacylglycerols	pairwise_wilcoxon_rank_sum	PET_vs_Untreated	PET	Untreated	5	3	0.0296697989014619	0.0245009063995811	-0.00516889250188083	0.00516889250188083	0.0326068666241631	0.0264603402469991	-0.00614652637716402	0.00614652637716402	0.765594483995764	1	ns
filtered	pathway_normalized_ratio	NPC class: Triacylglycerols / NPC pathway: Fatty acids	Triacylglycerols	pairwise_wilcoxon_rank_sum	PS_vs_Untreated	PS	Untreated	6	3	0.0295431350512821	0.0245009063995811	-0.00504222865170103	0.00504222865170103	0.0276412336887737	0.0264603402469991	-0.00118089344177466	0.00118089344177466	0.897278961260083	1	ns
filtered	pathway_normalized_ratio	NPC class: Tripeptides / NPC pathway: Amino acids and Peptides	Tripeptides	kruskal_wallis	overall	NA	NA	NA	NA	NA	NA	NA	0.0038909144974548	NA	NA	NA	0.0054275194752503	0.437088735856891	0.994839233397245	ns
filtered	pathway_normalized_ratio	NPC class: Tripeptides / NPC pathway: Amino acids and Peptides	Tripeptides	pairwise_wilcoxon_rank_sum	PET_vs_PS	PET	PS	5	6	0.0177478628751233	0.0216387773725781	0.0038909144974548	0.0038909144974548	0.0185325067771248	0.0228892191253868	0.0043567123482619	0.0043567123482619	0.315302452081746	1	ns
filtered	pathway_normalized_ratio	NPC class: Tripeptides / NPC pathway: Amino acids and Peptides	Tripeptides	pairwise_wilcoxon_rank_sum	PET_vs_Untreated	PET	Untreated	5	3	0.0177478628751233	0.0214028164445142	0.00365495356939089	0.00365495356939089	0.0185325067771248	0.0239600262523751	0.0054275194752503	0.0054275194752503	0.371093369522698	1	ns
filtered	pathway_normalized_ratio	NPC class: Tripeptides / NPC pathway: Amino acids and Peptides	Tripeptides	pairwise_wilcoxon_rank_sum	PS_vs_Untreated	PS	Untreated	6	3	0.0216387773725781	0.0214028164445142	-0.000235960928063907	0.000235960928063907	0.0228892191253868	0.0239600262523751	0.00107080712698839	0.00107080712698839	0.897278961260083	1	ns
filtered	pathway_normalized_ratio	NPC class: Unsaturated fatty acids / NPC pathway: Fatty acids	Unsaturated fatty acids	kruskal_wallis	overall	NA	NA	NA	NA	NA	NA	NA	0.0060756460634491	NA	NA	NA	0.00522461921494544	0.94445913699487	0.994839233397245	ns
filtered	pathway_normalized_ratio	NPC class: Unsaturated fatty acids / NPC pathway: Fatty acids	Unsaturated fatty acids	pairwise_wilcoxon_rank_sum	PET_vs_PS	PET	PS	5	6	0.0470344920183454	0.0459425928139711	-0.00109189920437426	0.00109189920437426	0.0462828959937051	0.0414611397768433	-0.00482175621686175	0.00482175621686175	0.784191229401619	1	ns
filtered	pathway_normalized_ratio	NPC class: Unsaturated fatty acids / NPC pathway: Fatty acids	Unsaturated fatty acids	pairwise_wilcoxon_rank_sum	PET_vs_Untreated	PET	Untreated	5	3	0.0470344920183454	0.0409588459548963	-0.0060756460634491	0.0060756460634491	0.0462828959937051	0.0466857589917888	0.000402862998083689	0.000402862998083689	1	1	ns
filtered	pathway_normalized_ratio	NPC class: Unsaturated fatty acids / NPC pathway: Fatty acids	Unsaturated fatty acids	pairwise_wilcoxon_rank_sum	PS_vs_Untreated	PS	Untreated	6	3	0.0459425928139711	0.0409588459548963	-0.00498374685907484	0.00498374685907484	0.0414611397768433	0.0466857589917888	0.00522461921494544	0.00522461921494544	1	1	ns
filtered	pathway_normalized_ratio	NPC class: Wax monoesters / NPC pathway: Fatty acids	Wax monoesters	kruskal_wallis	overall	NA	NA	NA	NA	NA	NA	NA	0.00368582793438315	NA	NA	NA	0.00431884340061177	0.660183075544267	0.994839233397245	ns
filtered	pathway_normalized_ratio	NPC class: Wax monoesters / NPC pathway: Fatty acids	Wax monoesters	pairwise_wilcoxon_rank_sum	PET_vs_PS	PET	PS	5	6	0.0144852324311508	0.018171060365534	0.00368582793438315	0.00368582793438315	0.0110700817711879	0.0153889251717997	0.00431884340061177	0.00431884340061177	0.411313791776259	1	ns
filtered	pathway_normalized_ratio	NPC class: Wax monoesters / NPC pathway: Fatty acids	Wax monoesters	pairwise_wilcoxon_rank_sum	PET_vs_Untreated	PET	Untreated	5	3	0.0144852324311508	0.0176855826530173	0.00320035022186648	0.00320035022186648	0.0110700817711879	0.0127378701842418	0.00166778841305385	0.00166778841305385	0.765594483995764	1	ns
filtered	pathway_normalized_ratio	NPC class: Wax monoesters / NPC pathway: Fatty acids	Wax monoesters	pairwise_wilcoxon_rank_sum	PS_vs_Untreated	PS	Untreated	6	3	0.018171060365534	0.0176855826530173	-0.000485477712516676	0.000485477712516676	0.0153889251717997	0.0127378701842418	-0.00265105498755792	0.00265105498755792	0.897278961260083	1	ns
