"feature_id_full","feature_id","feature_mz","feature_rt","sirius_molecularformula"
"1_283.14_0.5",1,283.143436175043,0.48865008,"C17H18N2O2"
"10_216.12_0.5",10,216.123249054089,0.5239706,"C10H17NO4"
"100_181.12_0.6",100,181.122310466315,0.62905955,"C11H16O2"
"1000_715.49_3.7",1000,715.489422418892,3.73669,NA
"1001_702.49_3.7",1001,702.494814328186,3.7377226,"C41H64O8"
"1002_674.46_3.7",1002,674.463237244073,3.737775,"C39H63NO8"
"1003_679.42_3.7",1003,679.418174928901,3.738032,"C37H51N5O6"
"1004_695.39_3.7",1004,695.391950338426,3.7382586,NA
"1005_615.51_3.7",1005,615.507532780452,3.7406437,"C36H68N2O4"
"1006_415.21_3.7",1006,415.211577545276,3.7220728,"C24H30O6"
"1007_419.36_3.7",1007,419.363158766227,3.740163,"C26H43NO2"
"1008_607.5_3.7",1008,607.504853190133,3.742204,"C36H63NO5"
"1009_558.38_3.7",1009,558.378982003964,3.7282312,"C33H51NO6"
"101_350.23_0.7",101,350.230101999836,0.66242445,"C18H33NO4"
"1010_667.57_3.7",1010,667.573384794233,3.7154667,"C36H76NO6P"
"1011_516.33_3.7",1011,516.332327395433,3.7254343,"C30H45NO6"
"1012_530.35_3.7",1012,530.347871521916,3.7113104,"C31H44O6"
"1013_572.39_3.7",1013,572.394852058457,3.7354972,"C34H50O6"
"1014_529.33_3.7",1014,529.328306199616,3.701485,"C30H41NO6"
"1015_629.49_3.7",1015,629.486723111522,3.749127,"C38H64N2O5"
"1016_543.34_3.7",1016,543.34304998433,3.7116256,"C31H46N2O6"
"1017_473.27_3.7",1017,473.265110025317,3.7427704,NA
"1018_400.38_3.8",1018,400.378567405563,3.7657602,"C24H46O3"
"1019_590.48_3.8",1019,590.476746117685,3.7722428,"C36H60O5"
"102_198.15_0.6",102,198.148937254157,0.63064283,"C11H16O2"
"1020_337.2_3.7",1020,337.200838735973,3.7393548,"C15H27FN4O2"
"1021_485.29_3.7",1021,485.290171292058,3.7356741,"C29H40O6"
"1022_502.32_3.7",1022,502.31677152841,3.734649,"C29H40O6"
"1023_440.41_3.8",1023,440.410038221615,3.7687242,"C27H50O3"
"1024_507.27_3.8",1024,507.271813845732,3.7949147,"C27H36N6O5"
"1025_432.24_3.8",1025,432.238320343807,3.7550774,"C24H30O6"
"1026_454.4_3.8",1026,454.400633987303,3.7866752,"C26H51N3O3"
"1027_441.4_3.8",1027,441.40480399557,3.786834,"C26H49NO3"
"1028_263.24_3.8",1028,263.237034756655,3.7782683,"C18H30O"
"1029_281.27_3.8",1029,281.267135569925,3.784043,NA
"103_172.13_0.6",103,172.133207871453,0.6322066,"C9H14O2"
"1030_280.26_3.8",1030,280.263772002162,3.7825055,"C18H30O"
"1031_426.39_3.8",1031,426.394186924794,3.8119998,"C26H48O3"
"1033_532.47_3.8",1033,532.472209457734,3.8142815,"C34H58O3"
"1034_437.19_3.8",1034,437.193655660863,3.8087778,NA
"1035_991.55_3.8",1035,991.554727265224,3.8203816,"C45H80N10O12"
"1036_418.33_3.8",1036,418.32924564356,3.8235497,"C24H45NO3"
"1037_523.25_3.8",1037,523.246425685534,3.8051229,"C29H40O6"
"1038_629.49_3.8",1038,629.486751055558,3.768029,"C38H61NO5"
"1039_591.58_3.8",1039,591.582799379756,3.8258862,"C38H71NO2"
"104_155.11_0.6",104,155.106692027645,0.63329947,"C9H14O2"
"1040_507.27_3.8",1040,507.271843631742,3.826091,"C29H40O6"
"1041_986.6_3.8",1041,986.599244739182,3.7663512,"C59H76N4O8"
"1042_293.28_3.8",1042,293.28396317208,3.8321488,"C20H36O"
"1043_619.61_3.8",1043,619.614057347187,3.832151,"C40H75NO2"
"1044_310.31_3.8",1044,310.310584784066,3.8324177,"C20H36O"
"1045_311.31_3.8",1045,311.312775747585,3.8313344,NA
"1046_615.51_3.8",1046,615.507606672605,3.7757409,"C33H63N3O6"
"1047_593.53_3.8",1047,593.525525030202,3.833868,"C36H65NO4"
"1048_382.37_3.8",1048,382.368074383601,3.8455272,"C24H44O2"
"1049_517.43_3.8",1049,517.434287401415,3.849592,"C32H53NO3"
"1050_463.43_3.9",1050,463.425960552567,3.8582873,"C29H51NO2"
"1051_474.36_3.9",1051,474.355834727577,3.8548985,"C27H49NO4"
"1052_553.51_3.9",1052,553.505335330761,3.8643687,"C32H61N3O3"
"1053_558.38_3.9",1053,558.378997822584,3.9052339,"C33H48O6"
"1054_497.43_3.9",1054,497.431834139357,3.8791625,"C29H53NO4"
"1055_437.41_3.9",1055,437.410067651563,3.8848102,"C27H49NO2"
"1056_298.27_3.9",1056,298.274087566608,3.918497,"C18H32O2"
"1057_510.43_3.9",1057,510.426647592441,3.897621,"C29H52N2O4"
"1058_530.35_3.9",1058,530.347885559673,3.9225173,"C31H44O6"
"1059_441.41_3.9",1059,441.405003613172,3.8997018,"C26H49NO3"
"106_368.24_0.6",106,368.240790770973,0.64059377,"C18H35NO5"
"1060_454.4_3.9",1060,454.400630185711,3.9044223,"C26H48N2O3"
"1061_617.52_3.9",1061,617.52298961455,3.9055989,"C33H68N4O6"
"1062_618.53_3.9",1062,618.526452927239,3.8982224,NA
"1063_316.28_3.9",1063,316.284407829991,3.9189808,"C18H34O3"
"1064_415.21_3.9",1064,415.21158813614,3.8882308,"C24H30O6"
"1065_432.24_3.9",1065,432.238317806353,3.881484,"C24H30O6"
"1066_473.27_4",1066,473.265105271731,3.9867675,NA
"1067_764.65_3.9",1067,764.651364373886,3.9353962,"C45H91NO5"
"1068_460.27_4",1068,460.269517789966,3.9539776,"C26H34O6"
"1069_786.63_3.9",1069,786.633408917455,3.9410083,"C45H85N3O6"
"107_379.26_0.6",107,379.257145573354,0.64717215,"C21H31NO4"
"1070_543.34_3.9",1070,543.343069183121,3.9478445,"C31H46N2O6"
"1071_298.27_3.9",1071,298.274046788373,3.9410074,"C18H32O2"
"1072_298.31_3.9",1072,298.310335037147,3.9480064,"C19H36O"
"1073_619.61_4",1073,619.613852894123,3.9504926,"C40H80N2O3"
"1074_420.38_4",1074,420.38347101382,3.9678051,"C27H46O2"
"1075_562.48_4",1075,562.48315887848,3.9673738,"C33H65NO4"
"1076_748.62_4",1076,748.619427298889,3.9922545,"C42H83O7P"
"1077_609.52_4",1077,609.520406916477,4.0371456,"C36H65NO5"
"1078_433.38_4",1078,433.37899266625,3.9888167,"C27H45NO2"
"1079_780.65_4",1079,780.646513213628,4.0073223,"C50H82O5"
"108_137.1_0.6",108,137.096140399265,0.64824235,"C9H14O2"
"1080_467.38_4",1080,467.384652421431,4.005477,"C27H47NO4"
"1081_802.63_4",1081,802.628998917982,4.0060363,"C47H85N3O8"
"1082_172.13_4",1082,172.133217584502,4.0088067,"C9H14O2"
"1083_627.53_4",1083,627.531026356406,4.01287,"C36H67NO6"
"1084_649.51_4",1084,649.513565477042,4.020845,NA
"1085_685.58_4",1085,685.584173567441,4.0255895,"C38H73N3O6"
"1086_615.51_4",1086,615.507575918327,4.021309,"C33H63N3O6"
"1087_548.31_4",1087,548.313815813738,4.0267553,"C32H47NO4"
"1088_503.26_4",1088,503.256554818114,4.02606,"C22H36N6O6"
"1089_561.31_4",1089,561.309092841445,4.027362,NA
"109_240.16_0.7",109,240.157503264866,0.65217197,"C13H18O3"
"1090_520.28_4",1090,520.283099595532,4.026093,"C30H34N2O5"
"1091_543.34_4",1091,543.343063747633,4.005651,"C31H46N2O6"
"1092_189.11_4",1092,189.112175551915,3.994694,"C9H18O5"
"1093_337.2_4",1093,337.200841126971,4.000124,"C15H27FN4O2"
"1094_991.55_4",1094,991.554575021815,4.0049863,NA
"1095_1007.53_4",1095,1007.52826871371,4.027531,"C54H67N7O11"
"1096_529.33_4",1096,529.328442354748,4.0419664,"C30H41NO6"
"1097_530.35_4",1097,530.347755683473,4.001333,"C31H47NO6"
"1098_523.25_4",1098,523.246631362545,4.0384502,NA
"1099_572.39_4.1",1099,572.394779124998,4.078364,"C34H50O6"
"11_238.11_0.5",11,238.105082593064,0.52957934,"C10H17NO4"
"110_325.25_0.7",110,325.248375887699,0.6511773,"C18H29NO3"
"1100_516.33_4.1",1100,516.33242798985,4.0553846,"C30H42O6"
"1101_558.38_4",1101,558.378918391081,4.049065,"C33H51NO6"
"1102_485.29_4",1102,485.290138458759,3.9859326,"C29H40O6"
"1103_502.32_4",1103,502.316756061727,3.9886808,"C29H40O6"
"1104_298.31_4.1",1104,298.310301249861,4.053027,"C19H36O"
"1105_507.27_4",1105,507.27177244805,4.01618,"C26H40N2O9"
"1106_617.52_4.1",1106,617.522761615592,4.060605,"C33H68N4O6"
"1107_500.47_4.1",1107,500.467825732218,4.085732,"C30H58O4"
"1108_460.27_4.1",1108,460.269356936365,4.066252,"C26H34O6"
"1109_544.34_4.1",1109,544.344900410459,4.0738707,"C30H40F2N4O2"
"111_346.26_0.7",111,346.25876988796,0.65442985,"C18H32O5"
"1110_656.6_4.1",1110,656.595890233208,4.093238,"C41H79NO3"
"1111_611.54_4.1",1111,611.536067821621,4.0972414,"C36H67NO5"
"1112_633.52_4.1",1112,633.518225999491,4.09715,"C36H70N2O5"
"1113_669.59_4.1",1113,669.589061840091,4.097654,"C38H73N3O5"
"1114_627.53_4.1",1114,627.531020771291,4.1047792,"C41H72O5"
"1115_382.37_4.1",1115,382.36797661367,4.105319,"C24H44O2"
"1116_649.51_4.1",1116,649.513574465085,4.106526,NA
"1117_685.58_4.1",1117,685.584205530432,4.107594,"C38H73N3O6"
"1118_415.21_4.1",1118,415.211544986504,4.0792046,NA
"1119_473.27_4.1",1119,473.265055707152,4.093936,"C26H33NO6"
"112_154.12_0.7",112,154.122690581826,0.6582681,"C9H17NO2"
"1120_720.45_4.1",1120,720.447876647483,4.1235085,"C43H58O8"
"1121_733.44_4.1",1121,733.442585626605,4.1232543,NA
"1122_692.42_4.1",1122,692.416070591229,4.1240582,"C41H57NO8"
"1123_516.33_4.1",1123,516.332411354918,4.1106763,"C30H45NO6"
"1124_337.2_4.1",1124,337.200814961132,4.1049232,"C17H30O5"
"1125_449.37_4.1",1125,449.374182523933,4.1327977,"C27H45NO3"
"1126_278.25_4.1",1126,278.247981142556,4.1373067,"C18H28O"
"1127_507.27_4.1",1127,507.271749582114,4.124941,"C29H40O6"
"1128_485.29_4.1",1128,485.290038225689,4.1043687,"C29H40O6"
"1129_502.32_4.1",1129,502.316677183295,4.1033316,"C29H40O6"
"113_263.23_0.7",113,263.232970329282,0.6614582,"C13H27NO3"
"1130_543.34_4.1",1130,543.342982460757,4.108859,NA
"1131_572.39_4.1",1131,572.39476354658,4.111158,"C34H50O6"
"1132_523.25_4.1",1132,523.246507631425,4.140531,NA
"1133_519.53_4.1",1133,519.525317704377,4.145879,"C34H68N2O2"
"1134_530.35_4.1",1134,530.347721600507,4.1081867,"C31H47NO6"
"1135_149.1_4.1",1135,149.0960605386,4.145814,"C10H14O2"
"1136_189.11_4.1",1136,189.112162916398,4.1420674,"C9H16O4"
"1137_467.28_4.2",1137,467.279198157909,4.1662083,"C27H40O5"
"1138_1007.53_4.2",1138,1007.52827465281,4.1645403,NA
"1139_312.33_4.2",1139,312.325904211742,4.1653986,"C20H38O"
"1140_528.33_4.2",1140,528.333192060277,4.165512,"C31H45NO6"
"1141_440.41_4.2",1141,440.409105147411,4.1713023,"C27H50O3"
"1142_487.3_4.1",1142,487.29597867465,4.1392317,"C23H39N3O5S"
"1143_986.6_4.2",1143,986.599112774629,4.1662235,"C59H79N5O8"
"1144_458.45_4.2",1144,458.446557256657,4.1767826,NA
"1145_459.45_4.2",1145,459.449415541353,4.174604,"C27H58N2O3"
"1146_784.62_4.2",1146,784.61759816683,4.1786675,"C42H78N4O8"
"1147_456.44_4.2",1147,456.441427609226,4.17706,"C28H54O3"
"1148_478.42_4.2",1148,478.422909672188,4.1778064,"C28H57NO3"
"1149_991.55_4.2",1149,991.554548987812,4.1884394,NA
"115_290.27_0.7",115,290.268898997332,0.671533,"C16H32O3"
"1150_558.38_4.2",1150,558.378900670366,4.1835027,"C33H51NO6"
"1151_762.64_4.2",1151,762.63580167696,4.189233,"C45H89NO5"
"1152_449.37_4.2",1152,449.37431912822,4.1742034,"C27H45NO3"
"1153_820.69_4.2",1153,820.688828270934,4.1928773,"C52H86N2O4"
"1154_396.38_4.2",1154,396.383579858243,4.199571,"C25H46O2"
"1155_454.44_4.2",1155,454.437900540999,4.2009683,"C27H55N3O2"
"1156_633.52_4.2",1156,633.517937479807,4.153477,"C36H70N2O5"
"1157_460.27_4.2",1157,460.269044629333,4.223128,"C26H34O6"
"1159_292.23_4.2",1159,292.22702357441,4.214888,"C18H26O2"
"116_364.21_0.7",116,364.209327749872,0.671836,"C18H31NO5"
"1160_556.53_4.2",1160,556.529950649267,4.216319,"C34H66O4"
"1161_441.44_4.2",1161,441.441431752785,4.199851,"C27H56N2O2"
"1162_324.33_4.2",1162,324.325952991556,4.248436,"C21H38O"
"1163_294.24_4.2",1163,294.2427318777,4.187422,"C18H28O2"
"1164_454.4_4.3",1164,454.401951607036,4.271417,"C26H48N2O3"
"1165_432.35_4.3",1165,432.345051100091,4.2605014,"C27H42O3"
"1166_455.42_4.3",1166,455.421057438246,4.2635307,"C32H56O2"
"1167_468.42_4.3",1167,468.416182894209,4.2674093,"C27H53N3O3"
"1168_290.21_4.3",1168,290.211403776103,4.2679753,"C18H24O2"
"1169_334.31_4.3",1169,334.310335961555,4.27376,"C22H39NO"
"117_202.22_0.7",117,202.216536836585,0.67278785,"C12H24O"
"1170_663.54_4.3",1170,663.542430593154,4.271397,"C38H76N2O4"
"1171_627.47_4.3",1171,627.4712374761,4.2720904,"C38H59NO5"
"1172_516.48_4.3",1172,516.477936715015,4.2814283,"C34H58O2"
"1173_432.24_4.3",1173,432.238296498907,4.261798,"C20H35N5O3"
"1174_473.27_4.3",1174,473.265020930575,4.311195,"C26H33NO6"
"1175_543.47_4.3",1175,543.473389736184,4.3169804,"C31H62N2O5"
"1176_991.55_4.3",1176,991.554574729991,4.290527,"C45H80N10O12"
"1177_1007.53_4.3",1177,1007.52845784478,4.291553,"C54H67N7O11"
"1178_556.47_4.3",1178,556.4683939238,4.3197923,"C31H58N2O5"
"1179_324.33_4.3",1179,324.325980540756,4.321795,"C21H38O"
"118_324.22_0.7",118,324.216343554262,0.6827691,"C18H26O4"
"1180_543.34_4.4",1180,543.343038307184,4.371041,"C31H46N2O6"
"1181_523.25_4.3",1181,523.246689233213,4.308082,"C26H35NO7S"
"1182_507.27_4.3",1182,507.27182239718,4.3249674,"C26H35NO8"
"1183_530.35_4.4",1183,530.347621582285,4.381974,"C31H44O6"
"1184_617.52_4.4",1184,617.522756038924,4.3626213,"C33H65N3O6"
"1185_631.5_4.4",1185,631.502497061555,4.378173,"C36H68N2O5"
"1186_312.33_4.4",1186,312.325945069991,4.369416,"C20H38O"
"1187_641.58_4.4",1187,641.584254770158,4.3753057,"C43H76O3"
"1188_529.33_4.3",1188,529.328462553508,4.3497486,"C30H41NO6"
"1189_618.51_4.4",1189,618.505845919064,4.377669,"C33H64N2O7"
"1190_455.42_4.4",1190,455.42093532566,4.3942575,"C27H51NO3"
"1191_516.33_4.4",1191,516.332438719329,4.413108,"C30H42O6"
"1192_468.42_4.4",1192,468.416297588265,4.3964167,"C27H55N3O4"
"1193_432.35_4.4",1193,432.345084852494,4.388702,"C27H42O3"
"1194_497.43_4.4",1194,497.431963160417,4.3953404,"C29H53NO4"
"1195_460.27_4.4",1195,460.269410944847,4.4022264,"C26H34O6"
"1196_572.39_4.4",1196,572.394708322674,4.4367003,"C34H50O6"
"1197_485.29_4.4",1197,485.290097416611,4.4267526,"C29H40O6"
"1198_510.43_4.4",1198,510.426810627814,4.415786,NA
"1199_502.32_4.4",1199,502.31668220107,4.425947,"C29H40O6"
"120_306.21_0.7",120,306.205719143958,0.69107836,"C18H24O3"
"1200_530.45_4.4",1200,530.452820415672,4.4153748,"C29H56N2O5"
"1201_337.2_4.4",1201,337.200832690463,4.4234457,"C17H30O5"
"1202_280.26_4.4",1202,280.263593188393,4.427099,"C18H30O"
"1203_281.27_4.4",1203,281.266907564085,4.424486,"C11H29N5O2"
"1204_543.34_4.4",1204,543.343047082343,4.4319277,NA
"1205_486.29_4.4",1205,486.293254986573,4.425495,"C22H36N4O7"
"1206_172.13_4.4",1206,172.133175735579,4.4268613,"C9H14O2"
"1207_296.26_4.4",1207,296.258339908697,4.4317217,"C18H30O2"
"1208_189.11_4.4",1208,189.112166061366,4.4351945,"C9H18O5"
"1209_667.57_4.4",1209,667.573385824708,4.4380555,"C38H76N4O6"
"121_284.22_0.7",121,284.221891006606,0.6926948,"C16H26O3"
"1210_278.25_4.4",1210,278.247967035083,4.4387546,"C18H28O"
"1211_986.6_4.4",1211,986.599222784473,4.435128,"C59H79N5O8"
"1212_415.21_4.4",1212,415.211534047427,4.443136,"C24H30O6"
"1213_473.27_4.4",1213,473.265029248685,4.4495063,NA
"1214_544.47_4.4",1214,544.470013306914,4.4420037,"C30H58N2O5"
"1215_528.33_4.4",1215,528.333719111236,4.4410954,"C31H45NO6"
"1216_558.38_4.4",1216,558.378849964239,4.4453945,"C33H51NO6"
"1217_310.31_4.4",1217,310.310296927266,4.4488277,"C20H41NO2"
"1218_530.35_4.4",1218,530.347711760958,4.42804,"C31H47NO6"
"1219_560.5_4.5",1219,560.503689677931,4.466447,"C34H67NO3"
"122_266.21_0.7",122,266.211410176479,0.69656,"C16H24O2"
"1220_408.38_4.5",1220,408.383298267153,4.460749,"C26H46O2"
"1221_609.52_4.5",1221,609.520327511478,4.469841,"C36H65NO5"
"1222_650.55_4.5",1222,650.547063733609,4.459308,"C38H68N2O5"
"1223_350.34_4.5",1223,350.341631694371,4.4603295,"C23H40O"
"1224_396.38_4.5",1224,396.3835934544,4.473599,"C25H46O2"
"1225_523.25_4.5",1225,523.246652326187,4.5410414,NA
"1226_441.44_4.5",1226,441.441282348941,4.483996,"C27H53NO2"
"1227_572.39_4.5",1227,572.394709376068,4.4546027,"C34H50O6"
"1228_454.44_4.5",1228,454.437101242437,4.491638,"C27H55N3O2"
"1229_618.51_4.5",1229,618.505546871483,4.493934,"C34H65N7O4"
"123_238.18_0.7",123,238.180134976021,0.70294136,"C14H20O2"
"1230_529.33_4.5",1230,529.328397345337,4.4921274,"C30H41NO6"
"1231_641.58_4.5",1231,641.584488962455,4.497433,"C43H76O3"
"1232_516.33_4.5",1232,516.332413727261,4.48345,"C30H45NO6"
"1233_578.51_4.5",1233,578.514342454622,4.5051885,"C34H69NO4"
"1234_617.52_4.5",1234,617.522716261278,4.510505,"C33H65N3O6"
"1235_654.58_4.5",1235,654.578524168323,4.5118284,"C38H77N3O6"
"1236_202.14_4.5",1236,202.143797889656,4.512515,"C10H16O3"
"1237_498.43_4.5",1237,498.426883365062,4.5106754,"C28H52N2O4"
"1238_991.55_4.5",1238,991.554507793584,4.5312114,NA
"1239_631.5_4.5",1239,631.502430668369,4.5233526,"C36H68N2O5"
"124_260.26_0.7",124,260.258401012825,0.70469195,"C15H33NO2"
"1240_609.52_4.5",1240,609.520309490258,4.497319,"C36H65NO5"
"1241_398.34_4.5",1241,398.344892675883,4.5443306,"C23H44O2Si"
"1242_544.47_4.6",1242,544.474479149591,4.5505238,"C35H63NO4"
"1243_473.26_4.5",1243,473.264999399392,4.5021243,"C26H33NO6"
"1244_460.27_4.5",1244,460.269428132999,4.5021863,"C26H34O6"
"1245_544.47_4.6",1245,544.472146511559,4.563715,NA
"1246_280.26_4.5",1246,280.263574461158,4.486037,"C18H30O"
"1247_507.27_4.6",1247,507.271784403579,4.56714,NA
"1248_313.33_4.6",1248,313.329232089983,4.564335,NA
"1249_189.11_4.5",1249,189.112169037638,4.516482,"C9H18O5"
"125_277.25_0.7",125,277.248495975337,0.7062305,"C14H29NO3"
"1250_543.47_4.6",1250,543.473274054946,4.5635295,NA
"1251_411.4_4.6",1251,411.402539442406,4.5651407,NA
"1252_312.33_4.6",1252,312.325957632635,4.5645866,"C20H38O"
"1253_455.46_4.6",1253,455.456995535134,4.565622,"C28H55NO2"
"1254_410.4_4.6",1254,410.39929335609,4.5662313,"C26H48O2"
"1255_468.45_4.6",1255,468.452593129762,4.5668044,"C28H57N3O2"
"1256_520.4_4.6",1256,520.3977649086,4.569369,"C26H50N2O7"
"1257_544.48_4.6",1257,544.476140999714,4.5632606,"C31H62O4Si"
"1258_337.2_4.5",1258,337.200829340391,4.5221677,"C17H30O5"
"1259_485.29_4.5",1259,485.290061688032,4.5229673,"C29H40O6"
"126_339.26_0.7",126,339.263983002362,0.71234554,"C19H31NO3"
"1260_502.32_4.5",1260,502.316700685034,4.521754,"C29H40O6"
"1261_556.47_4.6",1261,556.46842408058,4.5806565,NA
"1262_466.39_4.6",1262,466.389321011844,4.592897,"C28H48O4"
"1263_657.58_4.6",1263,657.579416903404,4.593338,"C43H78O5"
"1264_542.45_4.6",1264,542.45340417275,4.587022,"C30H59N3O5"
"1265_557.47_4.6",1265,557.470918558646,4.582158,"C32H61NO3S"
"1266_670.57_4.6",1266,670.572888310893,4.5886416,NA
"1267_558.38_4.5",1267,558.379036555754,4.528217,"C33H48O6"
"1268_667.57_4.6",1268,667.573424993134,4.5542955,"C38H71N3O5"
"1269_438.36_4.6",1269,438.358056824537,4.603713,"C26H47NO3"
"127_200.16_0.7",127,200.164535370446,0.7140537,"C11H18O2"
"1270_558.44_4.6",1270,558.43682384509,4.6021194,"C31H56O7"
"1271_514.46_4.6",1271,514.458357740334,4.6054163,"C29H56N2O4"
"1272_634.5_4.6",1272,634.502496571481,4.617305,"C36H69NO6"
"1273_572.39_4.5",1273,572.394692693961,4.540183,"C34H50O6"
"1274_654.58_4.6",1274,654.578823356554,4.6189985,"C38H72N2O5"
"1275_523.25_4.6",1275,523.24661685058,4.639336,"C26H35NO7S"
"1276_618.51_4.6",1276,618.50649722996,4.642268,"C38H64O5"
"1277_560.5_4.6",1277,560.503783398292,4.644011,"C34H67NO3"
"1278_452.37_4.6",1278,452.37373064581,4.647657,"C27H49NO3"
"1279_350.34_4.6",1279,350.341700219311,4.6295934,"C23H40O"
"128_290.21_0.7",128,290.211425285411,0.714184,"C18H24O2"
"1280_594.51_4.7",1280,594.509134624204,4.6614094,"C36H64O5"
"1281_470.46_4.7",1281,470.456959844642,4.6612525,"C29H56O3"
"1282_675.54_4.7",1282,675.543874862313,4.6662803,"C44H67NO3"
"1283_507.27_4.7",1283,507.271789382998,4.7197704,"C26H40N2O9"
"1284_991.55_4.7",1284,991.554626859516,4.7114463,NA
"1285_432.24_4.7",1285,432.238302313061,4.7111125,"C24H30O6"
"1286_445.42_4.7",1286,445.415414577043,4.7097554,"C29H52N2O"
"1287_263.24_4.7",1287,263.236992644091,4.7197046,"C18H30O"
"1288_415.21_4.7",1288,415.211569659429,4.7121453,"C24H32O7"
"1289_530.35_4.7",1289,530.347766220898,4.6976976,"C31H44O6"
"129_425.3_0.7",129,425.298694186749,0.7178995,"C21H42N2O5"
"1290_523.25_4.7",1290,523.246631824753,4.673351,NA
"1291_337.2_4.7",1291,337.200978979762,4.720869,"C19H30O6"
"1292_485.29_4.7",1292,485.290079477537,4.7079844,"C29H40O6"
"1293_502.32_4.7",1293,502.316753461785,4.693876,"C29H40O6"
"1294_516.33_4.7",1294,516.332419232759,4.7215085,"C30H42O6"
"1295_529.33_4.7",1295,529.328362319226,4.7092233,"C30H41NO6"
"1296_543.34_4.7",1296,543.343113223078,4.6909013,"C31H46N2O6"
"1297_460.27_4.7",1297,460.269513025744,4.7259455,"C26H34O6"
"1298_473.27_4.7",1298,473.265037509177,4.718493,"C26H36N2O6"
"1299_558.38_4.7",1299,558.378904172444,4.730832,"C33H48O6"
"130_348.21_0.7",130,348.214424767793,0.7175609,"C18H31NO4"
"1300_280.26_4.7",1300,280.26362986834,4.70193,"C18H30O"
"1301_572.39_4.7",1301,572.394760572305,4.724533,"C34H50O6"
"1302_469.44_4.7",1302,469.43670356668,4.734919,"C28H53NO3"
"1303_482.43_4.7",1303,482.43211148427,4.740994,NA
"1304_652.56_4.8",1304,652.562160683961,4.755178,"C38H73N3O5"
"1305_446.36_4.8",1305,446.360718668431,4.767105,"C23H44N2O5"
"1306_576.5_4.8",1306,576.498524520031,4.82954,"C36H62O4"
"1307_507.27_4.8",1307,507.271857493592,4.806201,"C27H36N6O5"
"1308_326.34_4.8",1308,326.341818348745,4.8060627,"C21H40O"
"1309_991.55_4.8",1309,991.554653505297,4.805393,NA
"1310_675.68_4.8",1310,675.676685962374,4.807452,"C44H83NO2"
"1311_639.57_4.8",1311,639.568672147613,4.819091,"C43H76O4"
"1312_386.34_4.8",1312,386.341824492369,4.8223505,"C26H40O"
"1313_422.4_4.8",1313,422.399268265074,4.8419247,"C27H48O2"
"1314_616.49_4.9",1314,616.491066110907,4.851801,"C36H67NO5"
"1315_524.44_4.9",1315,524.443176022386,4.8581347,"C30H54N2O4"
"1316_652.56_4.9",1316,652.56190704294,4.858926,"C38H73N3O5"
"1317_410.4_4.9",1317,410.399350080698,4.859573,"C26H48O2"
"1318_469.44_4.9",1318,469.43682661944,4.869844,"C28H53NO3"
"1319_446.36_4.8",1319,446.360720392182,4.808553,"C28H44O3"
"132_307.24_0.7",132,307.237770102525,0.7057887,"C18H27NO2"
"1320_482.43_4.9",1320,482.432120168194,4.871314,NA
"1321_280.26_4.9",1321,280.263636946493,4.850044,"C18H30O"
"1323_486.46_4.9",1323,486.46296502396,4.8763275,"C28H59N3O3"
"1324_473.47_4.9",1324,473.467953290378,4.8735757,"C28H57NO3"
"1325_382.37_4.9",1325,382.367999926662,4.8755884,"C24H44O2"
"1326_396.38_4.9",1326,396.383525607098,4.8749456,"C25H46O2"
"1327_426.39_4.9",1327,426.39417186158,4.890173,"C26H48O3"
"1328_189.11_4.8",1328,189.11218887533,4.834966,"C9H18O5"
"1329_337.2_4.8",1329,337.201121104424,4.824143,"C17H30O5"
"133_366.23_0.7",133,366.225056559802,0.7278744,"C18H33NO5"
"1330_485.29_4.8",1330,485.29009725235,4.814703,"C29H40O6"
"1331_486.29_4.8",1331,486.293308342024,4.823116,"C22H36N4O7"
"1332_530.35_4.9",1332,530.347790416468,4.875139,"C31H47NO6"
"1333_558.38_4.9",1333,558.378816998783,4.9118834,"C33H51NO6"
"1334_572.39_4.9",1334,572.394769727457,4.93728,"C34H50O6"
"1335_701.56_4.9",1335,701.55958905021,4.9015775,"C39H79N2O7P"
"1336_498.39_4.9",1336,498.394640299504,4.927358,"C32H48O3"
"1337_730.49_4.9",1337,730.489330594208,4.9232626,"C42H69NO10"
"1338_487.3_4.9",1338,487.296044268323,4.8635745,"C23H39N3O5S"
"1339_502.32_4.8",1339,502.316812443128,4.8491235,"C29H40O6"
"134_389.3_0.7",134,389.300815377015,0.7345644,"C20H37NO5"
"1340_516.33_4.9",1340,516.332376928056,4.923342,"C30H42O6"
"1342_529.33_4.9",1342,529.328420923635,4.924656,"C30H41NO6"
"1344_604.37_4.9",1344,604.366616817708,4.9281015,"C30H53NO11"
"1345_632.4_4.9",1345,632.398741062598,4.9281015,"C32H54O11"
"1346_645.39_4.9",1346,645.393186357955,4.9281015,"C28H49N7O9"
"1347_424.42_4.9",1347,424.415004317355,4.9396753,"C27H55NO3"
"1348_512.44_5",1348,512.442582539831,4.9703183,"C29H54N2O4"
"1349_523.25_4.9",1349,523.24665396362,4.941613,"C26H35NO7S"
"135_371.29_0.7",135,371.290297220197,0.7367234,"C20H35NO4"
"1350_473.27_5",1350,473.265060348764,4.9632654,"C26H33NO6"
"1351_554.18_5",1351,554.175984149541,4.997493,NA
"1352_415.21_5",1352,415.211561232693,4.96625,"C24H32O7"
"1353_529.5_5",1353,529.502786538945,5.015563,NA
"1354_528.5_5",1354,528.499491231446,5.0158734,"C32H62O4"
"1355_460.27_5",1355,460.269487192001,4.995943,"C26H34O6"
"1356_473.27_5",1356,473.265099700916,4.9920197,"C26H33NO6"
"1357_515.34_5",1357,515.340145287578,5.033719,"C32H42N4O2"
"1358_502.34_5",1358,502.343970411795,5.0344105,"C25H54NO4P"
"1359_502.34_5",1359,502.340624116613,5.0340867,"C27H45N5O5"
"136_400.27_0.7",136,400.268764588458,0.7389177,"C21H34O6"
"1360_457.29_5",1360,457.286815959871,5.0345736,"C30H42O"
"1361_172.13_5",1361,172.1331744575,5.048416,"C9H14O2"
"1362_572.45_5.1",1362,572.452088086878,5.053374,"C32H58O7"
"1363_528.33_5.1",1363,528.333482510218,5.084298,"C31H42O6"
"1364_991.55_5.1",1364,991.554566394159,5.050634,"C51H71N7O12"
"1365_516.33_5.1",1365,516.332107141081,5.06387,"C30H42O6"
"1366_558.38_5.1",1366,558.378771881308,5.0581284,"C33H48O6"
"1367_530.35_5",1367,530.34780334951,5.0455723,"C31H44O6"
"1368_543.34_5.1",1368,543.343070769046,5.0542955,"C31H46N2O6"
"1369_385.27_5.1",1369,385.27378558445,5.0698395,NA
"137_377.19_0.7",137,377.193123450624,0.74008733,"C16H28N2O8"
"1370_884.54_5.1",1370,884.544122922239,5.0695744,"C41H73N9O12"
"1371_572.39_5.1",1371,572.394790729367,5.0583706,"C34H50O6"
"1372_552.48_5.1",1372,552.482978613849,5.090059,"C30H62O7"
"1373_651.58_5.1",1373,651.57859749145,5.107211,"C38H74N4O4"
"1374_689.56_5.1",1374,689.559472263953,5.108895,"C45H69NO3"
"1375_352.36_5.1",1375,352.357352305259,5.117328,"C23H42O"
"1376_651.58_5.1",1376,651.578595156743,5.114313,"C38H74N4O4"
"1377_740.55_5.1",1377,740.546573062832,5.1356354,"C40H79NO8"
"1378_508.46_5.1",1378,508.457173401146,5.1353025,"C28H58O6"
"1379_486.48_5.1",1379,486.477315811685,5.1460695,"C32H59N3"
"138_207.12_0.7",138,207.122742371245,0.740551,"C9H18O5"
"1380_487.48_5.1",1380,487.479921470998,5.1457486,NA
"1381_485.47_5.1",1381,485.474355426264,5.147683,NA
"1382_484.47_5.1",1382,484.473234441081,5.1473503,"C30H58O3"
"1383_506.45_5.1",1383,506.454212833332,5.1490293,"C30H61NO3"
"1384_464.43_5.2",1384,464.431315773487,5.167371,"C26H54O5"
"1385_507.27_5.2",1385,507.271657046219,5.166924,"C26H40N2O9"
"1386_523.25_5.2",1386,523.246394090971,5.171068,NA
"1387_485.29_5.1",1387,485.289705946962,5.1484265,"C29H40O6"
"1388_263.24_5.2",1388,263.236908873857,5.1758137,"C18H32O2"
"1389_483.45_5.2",1389,483.453755272156,5.209129,"C34H58O"
"139_344.24_0.8",139,344.243075483767,0.7785253,"C18H30O5"
"1390_482.43_5.2",1390,482.433240590928,5.1796865,"C28H52N2O3"
"1391_280.26_5.2",1391,280.263547266217,5.182845,"C18H30O"
"1392_483.45_5.2",1392,483.454398479638,5.1835017,"C29H55NO3"
"1393_496.45_5.2",1393,496.447171797162,5.184817,NA
"1394_460.38_5.2",1394,460.376246618258,5.1833577,"C27H51NO3"
"1395_530.35_5.1",1395,530.347917887167,5.1353054,"C31H44O6"
"1396_543.34_5.1",1396,543.34300711246,5.1471734,NA
"1397_502.32_5.2",1397,502.316355174881,5.168159,"C29H40O6"
"1398_189.11_5.2",1398,189.112162862122,5.182332,"C9H18O5"
"1399_558.38_5.1",1399,558.378762202157,5.142243,"C33H51NO6"
"14_256.18_0.5",14,256.17547038789,0.53618443,"C10H22O6"
"140_292.23_0.7",140,292.227071321551,0.7434026,"C18H26O2"
"1400_991.55_5.2",1400,991.55457080011,5.22362,NA
"1402_403.38_5.2",1402,403.378177728682,5.1998396,"C25H46N4"
"1403_420.4_5.2",1403,420.404817788633,5.1998396,"C24H50O4"
"1404_352.36_5.2",1404,352.357342228412,5.207328,"C23H42O"
"1405_516.33_5.2",1405,516.332166121169,5.206517,"C30H45NO6"
"1406_337.2_5.2",1406,337.200838821672,5.197026,"C17H30O5"
"1407_486.29_5.2",1407,486.292313056562,5.2048244,"C22H36N4O7"
"1408_487.3_5.2",1408,487.295350240955,5.2000327,"C23H39N3O5S"
"1409_572.39_5.2",1409,572.394737744112,5.1797366,"C34H50O6"
"141_326.23_0.7",141,326.232431314734,0.74093544,"C18H31NO3"
"1410_360.33_5.2",1410,360.325924394919,5.210967,"C24H38O"
"1411_482.47_5.2",1411,482.469397236637,5.2467084,"C29H56N2O2"
"1412_424.41_5.2",1412,424.41490851204,5.2450857,"C27H55NO3"
"1413_407.36_5.2",1413,407.362917097221,5.2466416,"C25H43NO2"
"1414_486.46_5.3",1414,486.462609784685,5.263919,"C28H56N2O3"
"1415_501.48_5.3",1415,501.481572708887,5.2629223,"C29H61NO2Si"
"1416_438.43_5.3",1416,438.430603472039,5.268904,"C28H52O2"
"1417_396.38_5.3",1417,396.383542338157,5.263206,"C25H46O2"
"1418_464.41_5.3",1418,464.407559026717,5.264031,"C27H55NO3"
"1419_500.48_5.3",1419,500.478706532642,5.2634315,NA
"142_355.21_0.7",142,355.211330373873,0.7414511,"C19H30O6"
"1420_487.48_5.3",1420,487.482731817285,5.263108,"C29H59NO3"
"1421_410.4_5.3",1421,410.399058861133,5.263551,"C26H48O2"
"1422_487.48_5.3",1422,487.482426694697,5.260423,"C29H62N2O3"
"1423_778.68_5.3",1423,778.678300027723,5.275125,"C45H84N4O5"
"1424_720.63_5.3",1424,720.6251841211,5.2842164,NA
"1425_742.61_5.3",1425,742.607205641276,5.2867894,"C43H81N3O5"
"1426_352.36_5.3",1426,352.357295346796,5.291377,"C23H42O"
"1427_340.36_5.3",1427,340.357348565814,5.3193235,"C22H42O"
"1428_460.27_5.3",1428,460.269479292359,5.318103,"C26H34O6"
"1429_496.45_5.3",1429,496.447703277329,5.3350286,NA
"143_359.33_0.7",143,359.32667540354,0.747748,"C20H39NO3"
"1430_460.38_5.3",1430,460.37626973804,5.334737,"C29H46O3"
"1431_483.45_5.3",1431,483.45285834627,5.3364906,"C34H58O"
"1432_280.26_5.4",1432,280.263562196471,5.357114,"C18H30O"
"1433_473.27_5.3",1433,473.2650963584,5.3349934,"C26H36N2O6"
"1435_415.21_5.3",1435,415.211538083944,5.3182497,"C24H30O6"
"1436_778.68_5.3",1436,778.678418643658,5.346977,"C50H84N2O3"
"1437_487.3_5.4",1437,487.296008349061,5.3632145,"C23H48N2O4S"
"1438_991.55_5.4",1438,991.554635212604,5.357965,"C45H80N10O12"
"1439_572.39_5.4",1439,572.394718603744,5.4108725,"C34H50O6"
"144_382.26_0.7",144,382.256390805659,0.7431971,"C19H37NO5"
"1440_507.27_5.3",1440,507.271851095528,5.3488355,"C26H40N2O9"
"1441_530.35_5.4",1441,530.348032703906,5.380618,"C31H44O6"
"1442_485.29_5.4",1442,485.290075962544,5.3829026,"C29H40O6"
"1443_486.29_5.4",1443,486.293220178439,5.379148,"C22H36N4O7"
"1444_502.32_5.4",1444,502.31666521384,5.3861337,"C29H40O6"
"1445_543.34_5.4",1445,543.343185188534,5.4069915,"C31H46N2O6"
"1446_558.38_5.4",1446,558.378808036328,5.410492,"C33H48O6"
"1447_516.33_5.4",1447,516.332414003084,5.3962064,"C30H42O6"
"1448_523.25_5.4",1448,523.246600785436,5.3721642,"C27H31N5O3S"
"1449_337.2_5.4",1449,337.200870069883,5.3895125,"C19H30O6"
"145_389.34_0.7",145,389.33685778823,0.74435115,"C21H41NO4"
"1450_626.44_5.4",1450,626.439670065182,5.441457,"C33H61N3O9"
"1451_296.26_5.5",1451,296.258369463723,5.453643,"C18H30O2"
"1452_662.51_5.5",1452,662.51061927389,5.463051,NA
"1453_649.52_5.5",1453,649.517392638023,5.4643044,"C43H68O4"
"1454_648.5_5.5",1454,648.495201438736,5.4637275,"C35H67O7P"
"1455_291.2_5.5",1455,291.19543134126,5.469284,"C18H26O3"
"1456_468.48_5.5",1456,468.477811083075,5.4755464,"C30H58O2"
"1457_1421.98_5.5",1457,1421.97825457239,5.4840093,NA
"1458_746.64_5.5",1458,746.640466637055,5.488215,"C45H80N2O5"
"1459_1406.14_5.5",1459,1406.14360710357,5.4890823,NA
"146_366.26_0.7",146,366.261190007774,0.7462477,"C19H37NO4"
"1460_1209.84_5.5",1460,1209.83968969043,5.485997,"C67H112N6O13"
"1461_586.47_5.5",1461,586.468284672743,5.4900837,"C33H60O7"
"1462_706.58_5.5",1462,706.583209079615,5.496942,"C39H79NO9"
"1463_1428.13_5.5",1463,1428.12563246529,5.4888124,NA
"1464_761.63_5.5",1464,761.628625606405,5.4972134,"C43H86N4O4"
"1465_184.07_5.5",1465,184.073381603809,5.4985294,"C7H15NO2"
"1466_704.58_5.5",1466,704.577699181409,5.4984517,"C38H74N2O8"
"1467_741.53_5.5",1467,741.530924843373,5.4974847,"C39H79N2O6P"
"1468_1429.13_5.5",1468,1429.12846813283,5.4903927,NA
"1469_725.56_5.5",1469,725.556714473563,5.4988246,"C39H79N2O6P"
"147_296.26_0.7",147,296.257968592212,0.74862397,"C18H30O2"
"1470_703.58_5.5",1470,703.575899549564,5.5000415,"C39H81N2O7P"
"1471_415.21_5.5",1471,415.211578592031,5.4922357,"C24H30O6"
"1472_612.57_5.5",1472,612.568096977158,5.5433946,"C36H70N2O4"
"1475_473.26_5.5",1475,473.264952643014,5.5430183,"C26H36N2O6"
"1476_530.35_5.5",1476,530.348316218766,5.5127134,"C31H44O6"
"1477_572.39_5.5",1477,572.394706191821,5.501665,"C34H50O6"
"1478_340.36_5.6",1478,340.357345734737,5.56362,"C22H42O"
"1479_559.52_5.6",1479,559.519909274848,5.574599,"C34H68N2O2"
"148_330.26_0.7",148,330.263687178304,0.747952,"C18H35NO3"
"1480_291.2_5.6",1480,291.195377515099,5.5975432,"C18H28O4"
"1482_778.54_5.6",1482,778.538661271977,5.59568,"C46H68N2O7"
"1483_296.26_5.6",1483,296.258360800818,5.5923123,"C18H35NO3"
"1484_391.28_5.6",1484,391.284301757812,5.5980744,"C24H38O4"
"1485_436.34_5.6",1485,436.342159587902,5.597868,"C26H42O4"
"1486_449.34_5.6",1486,449.337422720034,5.598499,"C26H41NO4"
"1487_437.35_5.6",1487,437.345490022833,5.598064,"C22H46N4O3"
"1488_413.27_5.6",1488,413.266186198678,5.5996857,"C24H38O4"
"149_297.26_0.7",149,297.261406054263,0.7488411,NA
"1490_498.49_5.6",1490,498.488349415679,5.607508,"C31H63NO3"
"1491_595.54_5.6",1491,595.540347081999,5.6196475,"C36H67NO4"
"1492_653.59_5.6",1492,653.594128402449,5.6250987,"C38H76N4O4"
"1493_280.26_5.6",1493,280.263544144967,5.619775,"C18H30O"
"1494_649.52_5.6",1494,649.517369465129,5.6223445,"C43H68O4"
"1495_507.27_5.6",1495,507.271861124583,5.6305575,"C26H40N2O9"
"1496_626.44_5.6",1496,626.439559509467,5.6180334,"C33H59N3O8"
"1497_366.37_5.6",1497,366.373057390475,5.6241164,"C24H44O"
"1498_662.51_5.6",1498,662.510588815226,5.6246467,NA
"1499_438.43_5.6",1499,438.430505296556,5.6273675,"C28H57NO3"
"15_233.19_0.5",15,233.185940329179,0.5293649,"C11H21NO3"
"150_352.25_0.8",150,352.245749257461,0.7502768,"C18H35NO4"
"1502_518.49_5.6",1502,518.493495494223,5.605444,"C34H60O2"
"1503_628.56_5.6",1503,628.562604183828,5.637076,"C37H69N7O"
"1504_424.41_5.6",1504,424.414422050929,5.6499143,"C27H55NO3"
"1505_410.4_5.6",1505,410.39924257047,5.64949,"C26H48O2"
"1506_514.49_5.7",1506,514.49457295004,5.6522455,NA
"1507_838.56_5.7",1507,838.559537528531,5.660295,"C48H75N3O9"
"1509_460.27_5.7",1509,460.269474765542,5.654705,"C26H34O6"
"151_268.23_0.8",151,268.227062606259,0.75604224,"C16H26O2"
"1510_415.21_5.6",1510,415.211539087195,5.6128573,"C24H30O6"
"1511_354.37_5.7",1511,354.372991906548,5.6730857,"C23H44O"
"1514_516.33_5.6",1514,516.332378380199,5.649087,"C30H45NO6"
"1515_473.26_5.7",1515,473.264998058068,5.656573,"C26H36N2O6"
"1516_508.28_5.7",1516,508.275170301832,5.6813836,"C23H38O11"
"1517_530.35_5.7",1517,530.348226662503,5.672789,"C31H47NO6"
"1518_543.34_5.7",1518,543.343217558404,5.6705966,NA
"1519_396.38_5.7",1519,396.383550613803,5.704366,"C25H46O2"
"152_291.26_0.8",152,291.264213879559,0.7590201,"C15H31NO3"
"1520_572.39_5.7",1520,572.394809546118,5.6923685,"C34H50O6"
"1521_523.25_5.7",1521,523.246520328023,5.69074,NA
"1523_507.27_5.7",1523,507.271907878431,5.6838365,"C26H40N2O9"
"1524_502.32_5.7",1524,502.316657743872,5.663954,"C29H40O6"
"1525_558.38_5.7",1525,558.378810967606,5.693214,"C33H51NO6"
"1526_572.45_5.7",1526,572.451993847105,5.7281394,"C36H58O2S"
"1527_485.29_5.7",1527,485.290093554982,5.673533,"C29H40O6"
"1528_556.53_5.7",1528,556.530036510699,5.730796,"C34H69NO4"
"1529_337.2_5.7",1529,337.200859339883,5.704456,"C17H30O5"
"153_278.25_0.8",153,278.247401554647,0.7631854,"C18H28O"
"1530_729.59_5.8",1530,729.590423414623,5.757466,"C41H81N2O6P"
"1531_366.37_5.8",1531,366.37306047126,5.760601,"C24H44O"
"1532_184.07_5.8",1532,184.073364528883,5.7682695,"C7H15NO2"
"1534_508.47_5.8",1534,508.472525911433,5.7756567,NA
"1535_584.54_5.8",1535,584.536598244957,5.7756567,"C34H69N3O4"
"1536_668.56_5.8",1536,668.557704546225,5.780204,"C38H73N3O6"
"1537_354.37_5.8",1537,354.373042147009,5.7767067,"C23H44O"
"1538_727.57_5.8",1538,727.572763340855,5.7878947,"C41H79N2O6P"
"1539_652.56_5.8",1539,652.562715542736,5.7862425,NA
"154_261.22_0.8",154,261.221290589665,0.7712658,"C18H28O"
"1540_754.54_5.8",1540,754.538503235845,5.792934,"C40H78NO8P"
"1541_706.59_5.8",1541,706.593955681172,5.789245,"C41H81NO6"
"1542_705.59_5.8",1542,705.590536794749,5.789677,NA
"1543_722.64_5.8",1543,722.640984687187,5.8046947,"C48H80O3"
"1544_744.62_5.8",1544,744.623065509923,5.812229,"C43H83N3O5"
"1545_780.69_5.8",1545,780.694657458836,5.805602,"C50H86N2O3"
"1547_516.33_5.8",1547,516.332437296196,5.8132105,"C30H45NO6"
"1549_530.35_5.8",1549,530.34830161666,5.779178,"C31H47NO6"
"155_375.32_0.8",155,375.321566238074,0.77794194,"C20H39NO4"
"1550_366.37_5.8",1550,366.37305284296,5.767747,"C24H49NO2"
"1551_485.29_5.8",1551,485.290056367014,5.7920613,"C29H40O6"
"1552_502.32_5.8",1552,502.316702345257,5.7916017,"C29H40O6"
"1553_543.34_5.8",1553,543.343253311137,5.8078713,"C31H46N2O6"
"1556_473.27_5.8",1556,473.265007340754,5.8100257,NA
"1557_421.38_5.9",1557,421.378793589878,5.8579545,"C26H45NO2"
"1558_792.69_5.9",1558,792.693943069708,5.8560114,"C46H86N4O5"
"1559_734.64_5.9",1559,734.640828669678,5.8557744,"C44H80N2O5"
"156_240.2_0.8",156,240.195682835719,0.7808177,"C14H22O2"
"1560_756.62_5.9",1560,756.62277547028,5.8588433,"C44H83N3O5"
"1563_337.2_5.8",1563,337.200860358435,5.835381,"C17H30O5"
"1564_507.27_5.8",1564,507.271932088442,5.804206,"C27H36N6O5"
"1565_523.25_5.8",1565,523.246544967607,5.817625,NA
"1567_558.38_5.9",1567,558.378794551544,5.871418,"C33H51NO6"
"1569_572.39_5.9",1569,572.394766225404,5.8558125,"C34H50O6"
"157_344.24_0.8",157,344.243068255467,0.78885067,"C18H30O5"
"1571_407.4_5.9",1571,407.399633522781,5.8801227,"C26H47NO"
"1572_508.47_5.9",1572,508.472607223192,5.9026775,"C32H58O3"
"1573_584.54_5.9",1573,584.536526889919,5.906408,NA
"1574_536.5_5.9",1574,536.503912775198,5.9022455,"C34H62O3"
"1575_730.54_5.9",1575,730.538652841058,5.9136157,"C40H76NO8P"
"1576_594.56_5.9",1576,594.557067700077,5.907199,"C36H71N3O3"
"1577_590.49_5.9",1577,590.489813111524,5.9112525,"C35H65N3O5"
"1578_650.55_5.9",1578,650.546969701688,5.915275,NA
"1579_556.53_5.9",1579,556.53009683654,5.933079,"C34H66O4"
"158_308.22_0.8",158,308.221599641377,0.7932164,"C18H26O3"
"1580_421.38_5.9",1580,421.37878875156,5.9449816,"C26H45NO2"
"1581_792.69_5.9",1581,792.694022082135,5.9491296,"C46H86N4O5"
"1582_734.64_5.9",1582,734.640978700949,5.9402847,"C44H80N2O5"
"1583_756.62_6",1583,756.622806627704,5.95179,"C44H83N3O5"
"1584_516.33_5.9",1584,516.332396485937,5.937247,"C30H42O6"
"1585_523.25_5.9",1585,523.246526180586,5.907734,"C29H40O6"
"1586_558.38_5.9",1586,558.378781556161,5.938961,"C33H48O6"
"1587_717.59_6",1587,717.591034663728,5.9636474,"C40H83N2O7P"
"1588_392.39_6",1588,392.38857176569,5.970021,"C26H46O"
"1589_552.5_6",1589,552.498817215031,5.971395,"C34H62O4"
"159_318.3_0.8",159,318.29995329765,0.79346377,"C18H39NO3"
"1591_507.27_5.9",1591,507.272002360261,5.9321017,"C27H36N6O5"
"1592_530.35_5.9",1592,530.348331997021,5.919588,"C31H47NO6"
"1593_572.39_6",1593,572.394784397468,5.951198,"C34H50O6"
"1597_574.48_6",1597,574.480871341354,6.0048413,"C34H65NO4"
"1598_610.55_6",1598,610.552026010523,6.003106,NA
"1599_770.64_6",1599,770.638732924336,6.0148635,"C45H85N3O5"
"16_240.18_0.5",16,240.180540650838,0.5339212,"C10H22O5"
"160_282.21_0.8",160,282.206169319444,0.7953744,"C16H24O3"
"1600_435.39_6",1600,435.394522585729,6.0135336,"C27H47NO2"
"1601_806.71_6",1601,806.709582288187,6.015578,"C47H88N4O5"
"1602_748.66_6",1602,748.656677116673,6.01538,"C45H82N2O5"
"1603_534.49_6",1603,534.487945089626,6.018566,NA
"1604_485.29_6",1604,485.289929069122,6.004755,"C29H40O6"
"1605_502.32_6",1605,502.31699486727,5.99562,"C29H40O6"
"1606_543.34_6",1606,543.343124893675,5.971773,"C31H46N2O6"
"1607_424.41_6",1607,424.414878428085,6.02891,"C27H50O2"
"1608_528.51_6",1608,528.510524857634,6.0317664,"C36H62O"
"1609_380.39_6",1609,380.388678676532,6.0468826,"C25H51NO2"
"161_264.2_0.8",161,264.195798742193,0.8071135,"C16H22O2"
"1610_802.54_6.1",1610,802.536229770846,6.0648627,"C44H78NO8P"
"1611_838.61_6.1",1611,838.607045420804,6.0562057,"C48H85N3O6"
"1612_503.32_6",1612,503.320548637988,6.036386,"C22H39N5O7"
"1613_531.35_6",1613,531.351253731299,5.9965696,"C24H43N5O7"
"1614_528.5_6.1",1614,528.498303196731,6.0683064,"C32H62O4"
"1615_780.55_6.1",1615,780.554000629554,6.094099,"C44H78NO8P"
"1616_603.54_6.1",1616,603.535124936588,6.0968604,"C39H72O5"
"1617_880.59_6.1",1617,880.589889991822,6.097116,"C45H86NO13P"
"1619_590.49_6.1",1619,590.489944061163,6.1000285,NA
"162_319.3_0.8",162,319.30335257066,0.79271173,NA
"1620_836.54_6.1",1620,836.543218781487,6.103774,"C46H78NO10P"
"1621_887.56_6.1",1621,887.564644629879,6.1054053,"C55H76N4O7"
"1622_904.59_6.1",1622,904.590956922058,6.105131,"C47H83N3O12"
"1623_627.53_6.1",1623,627.534681843621,6.106268,"C41H72O5"
"1624_513.51_6.1",1624,513.505444413214,6.1114473,"C36H64O"
"1625_909.55_6.1",1625,909.54610237262,6.1122265,"C51H73NO12"
"1626_594.56_6.1",1626,594.557350561156,6.1270256,"C36H71N3O3"
"1627_515.51_6.1",1627,515.511149059629,6.1108403,NA
"1628_514.51_6.1",1628,514.508370265597,6.111813,NA
"1629_512.5_6.1",1629,512.504600063826,6.1127415,"C32H65NO3"
"163_276.23_0.9",163,276.231762798715,0.8643675,"C15H27FO2"
"1630_509.66_6.1",1630,509.656861279265,6.1144648,NA
"1631_283.26_6.1",1631,283.262902531772,6.1148086,NA
"1632_719.54_6.1",1632,719.541935640213,6.1212597,"C39H67N5O6"
"1633_717.59_6.1",1633,717.590966977448,6.1143284,"C40H83N2O7P"
"1634_718.54_6.1",1634,718.538317039962,6.1230035,"C39H76NO8P"
"1635_806.71_6.1",1635,806.709288512953,6.0890293,"C47H91N5O5"
"1636_770.64_6.1",1636,770.638975049427,6.090091,"C42H80N4O7"
"1637_705.59_6.1",1637,705.591081972957,6.120519,NA
"1638_509.66_6.1",1638,509.65948785182,6.132786,NA
"1639_435.39_6.1",1639,435.394115394524,6.128814,"C27H47NO2"
"1640_561.53_6.1",1640,561.534862646434,6.1486907,"C36H65NO2"
"1641_700.57_6.1",1641,700.572696834861,6.1288466,"C40H77NO8"
"1642_748.66_6.1",1642,748.656479244722,6.1290083,"C45H82N2O5"
"1643_534.49_6.1",1643,534.486890904099,6.129947,"C32H65NO3"
"1644_682.56_6.1",1644,682.561620429615,6.1286893,"C40H77NO8"
"1645_703.58_6.1",1645,703.57641736099,6.132147,"C39H81N2O7P"
"1646_722.55_6.1",1646,722.554215825063,6.1322184,"C40H77NO8"
"1647_756.55_6.1",1647,756.554032468203,6.1339884,"C42H78NO8P"
"1648_296.26_6.1",1648,296.258321435971,6.1361713,"C18H30O2"
"1649_280.26_6.1",1649,280.263523321866,6.136989,"C18H30O"
"165_391.32_0.8",165,391.316352515171,0.8203104,"C20H39NO5"
"1651_706.59_6.1",1651,706.593136058996,6.1287932,"C41H81NO6"
"1653_530.35_6.1",1653,530.347945409498,6.09491,"C31H47NO6"
"1655_574.48_6.1",1655,574.480114704251,6.14133,"C34H65NO4"
"1656_597.56_6.2",1656,597.557990007571,6.150556,"C41H74O3"
"1657_473.32_6.1",1657,473.318114445409,6.1424036,"C28H41FN2O3"
"1658_490.34_6.1",1658,490.344284707192,6.142888,"C31H40N2O2"
"1659_531.37_6.1",1659,531.370890889813,6.1434116,"C22H43N9O5"
"166_224.16_0.8",166,224.164510147425,0.82625103,"C13H18O2"
"1660_518.37_6.1",1660,518.374885342356,6.1439533,"C30H45FN2O3"
"1661_730.54_6.1",1661,730.538315660355,6.1466546,"C40H76NO8P"
"1662_610.55_6.1",1662,610.552223057124,6.1474257,NA
"1664_184.07_6.2",1664,184.073338955196,6.1500745,"C7H15NO2"
"1665_930.61_6.2",1665,930.606820289146,6.151742,"C47H79N9O10"
"1666_768.55_6.2",1666,768.554531124124,6.1592703,"C43H78NO8P"
"1668_706.54_6.2",1668,706.538758126199,6.162346,"C38H76NO8P"
"1669_764.52_6.2",1669,764.523217783246,6.1581917,"C43H74NO8P"
"167_290.27_0.8",167,290.268788816824,0.82932067,"C16H35NO3"
"1670_485.29_6.1",1670,485.289893540818,6.13639,"C29H40O6"
"1674_369.35_6.2",1674,369.351668038621,6.170255,"C27H46O"
"1675_812.54_6.2",1675,812.543909882724,6.17086,"C44H78NO10P"
"1677_502.32_6.1",1677,502.317502417905,6.1360903,"C29H40O6"
"1678_370.35_6.2",1678,370.354696861386,6.1646285,NA
"1679_788.54_6.2",1679,788.544389874239,6.1736016,"C42H78NO10P"
"168_334.24_0.8",168,334.235029332567,0.8323488,"C16H29N7O2"
"1680_507.27_6.2",1680,507.272930138692,6.182765,NA
"1681_719.61_6.2",1681,719.605903835598,6.188087,NA
"1682_572.4_6.1",1682,572.395079195672,6.148212,"C34H50O6"
"1683_744.55_6.2",1683,744.553887592657,6.206614,"C41H78NO8P"
"1684_369.39_6.2",1684,369.391522416051,6.21214,"C24H52Si"
"1685_636.57_6.2",1685,636.567973813139,6.210177,NA
"1686_762.67_6.2",1686,762.672097703953,6.1994133,NA
"1687_820.73_6.2",1687,820.725729250992,6.2096977,"C48H90N4O5"
"1688_505.36_6.2",1688,505.364590825318,6.2097483,"C26H49NO5S"
"1689_476.33_6.2",1689,476.329175303446,6.208373,"C30H38N2O2"
"169_308.22_0.8",169,308.221631695508,0.8028765,"C18H26O3"
"1690_459.3_6.2",1690,459.302521753219,6.208898,"C30H35NO2"
"1691_546.41_6.2",1691,546.407302096193,6.2090845,"C24H48N8O5"
"1692_838.56_6.2",1692,838.559863663894,6.208499,"C46H80NO10P"
"1693_518.36_6.2",1693,518.358105955207,6.2099853,NA
"1694_481.28_6.2",1694,481.284497253509,6.209978,NA
"1695_504.36_6.2",1695,504.361134759575,6.2097178,"C30H50NO3P"
"1696_826.68_6.2",1696,826.684107834212,6.210095,"C54H87N3O3"
"1697_368.39_6.2",1697,368.388970603562,6.21214,"C24H46O"
"1698_735.77_6.2",1698,735.770608671485,6.21215,"C48H95NO2"
"1699_856.59_6.2",1699,856.585339201146,6.216821,"C50H82NO8P"
"17_289.21_0.5",17,289.212172820182,0.5297773,"C14H28N2O4"
"170_312.25_0.8",170,312.253078298148,0.8351635,"C18H30O3"
"1700_560.5_6.2",1700,560.503526643896,6.209705,"C34H67NO3"
"1701_426.44_6.2",1701,426.441946390976,6.215137,NA
"1702_543.34_6.2",1702,543.342963222699,6.181711,"C31H46N2O6"
"1703_507.27_6.2",1703,507.272751026746,6.2105393,"C29H40O6"
"1704_522.49_6.2",1704,522.488370342342,6.2388964,NA
"1705_598.55_6.2",1705,598.553165893951,6.2388964,NA
"1706_806.57_6.2",1706,806.569965778246,6.2460446,"C41H76N2O12"
"1707_598.59_6.3",1707,598.588403585524,6.2546163,NA
"1708_430.4_6.2",1708,430.40446943138,6.2496033,"C29H48O"
"1709_540.54_6.3",1709,540.535488770125,6.2537,"C34H69NO3"
"171_295.23_0.8",171,295.226722133695,0.83632594,"C18H30O3"
"1710_488.46_6.3",1710,488.457840975679,6.252695,"C31H54N2O"
"1712_530.35_6.2",1712,530.348291489347,6.2499204,"C31H44O6"
"1714_572.39_6.3",1714,572.394823952296,6.261805,"C34H50O6"
"1715_540.43_6.3",1715,540.426676520238,6.285758,"C34H52NO3"
"1716_719.61_6.2",1716,719.606440453302,6.219212,NA
"1717_744.5_6.3",1717,744.49621309452,6.302134,"C45H62N2O6"
"1718_764.52_6.3",1718,764.523101704699,6.309588,"C43H74NO8P"
"1719_744.55_6.3",1719,744.553808089705,6.2767,"C41H78NO8P"
"172_350.23_0.9",172,350.229999293392,0.8669486,"C18H33NO4"
"1720_496.51_6.3",1720,496.509186637542,6.3141,"C32H62O2"
"1721_614.58_6.3",1721,614.58348206243,6.312044,"C36H72N2O4"
"1722_556.53_6.3",1722,556.53027301519,6.316326,"C34H66O4"
"1723_502.32_6.2",1723,502.316912340867,6.2498827,"C29H40O6"
"1724_622.55_6.3",1724,622.552342604749,6.3296275,"C37H68N2O4"
"1725_623.58_6.3",1725,623.575083741475,6.3328705,"C38H71NO4"
"1726_629.2_6.3",1726,629.195927687843,6.326892,"C27H32N8O6S2"
"1727_628.2_6.3",1727,628.195187268779,6.331713,NA
"1728_636.57_6.3",1728,636.567642361338,6.3312616,NA
"1729_756.55_6.3",1729,756.553144162156,6.317685,"C40H80NO8P"
"173_294.24_0.8",173,294.242633776813,0.84217787,"C18H28O2"
"1730_600.5_6.3",1730,600.496542106967,6.332016,NA
"1731_560.5_6.3",1731,560.503728691712,6.337511,"C34H67NO3"
"1732_543.34_6.3",1732,543.343261741981,6.3021135,"C31H46N2O6"
"1733_991.66_6.4",1733,991.662067280856,6.3565793,NA
"1734_950.64_6.4",1734,950.635397566346,6.358007,"C56H87NO11"
"1735_485.29_6.3",1735,485.290121237837,6.3025846,"C30H33N3O2"
"1736_592.54_6.4",1736,592.541220240236,6.423624,NA
"1737_955.59_6.4",1737,955.590992415846,6.3592467,"C49H78N8O11"
"1738_864.62_6.4",1738,864.622166620117,6.3715606,"C50H87N3O6"
"1739_828.55_6.4",1739,828.552030469505,6.373869,"C46H80NO8P"
"174_295.25_0.8",174,295.245810010611,0.8427024,NA
"1740_794.57_6.4",1740,794.56919366442,6.3768373,"C45H80NO8P"
"1741_615.37_6.4",1741,615.368176923002,6.371811,"C39H50O6"
"1742_184.07_6.4",1742,184.073350793839,6.378464,"C7H15NO2"
"1743_673.42_6.4",1743,673.421987217401,6.3784285,NA
"1745_765.56_6.4",1745,765.561973637372,6.378902,"C39H69N7O7"
"1746_764.56_6.4",1746,764.558901780389,6.382048,"C44H78NO7P"
"1747_731.61_6.4",1747,731.607852548412,6.380133,"C41H85N2O7P"
"1748_632.4_6.4",1748,632.395268106195,6.3827696,"C39H50O6"
"1749_806.57_6.4",1749,806.569629993465,6.3820186,"C46H80NO8P"
"175_356.29_0.8",175,356.289892288533,0.84327114,"C19H34N2O3"
"1751_516.48_6.4",1751,516.477834152037,6.3872566,"C34H63NO3"
"1752_732.61_6.4",1752,732.608177610506,6.3920445,"C44H79N5O2"
"1753_732.55_6.4",1753,732.55470141734,6.4053855,"C40H78NO8P"
"1754_507.34_6.4",1754,507.343236415645,6.392893,"C29H39N5O2"
"1755_610.55_6.4",1755,610.552097939927,6.3898807,NA
"1756_489.31_6.4",1756,489.313138003399,6.392091,"C31H46O2"
"1757_534.37_6.4",1757,534.371621136906,6.392091,"C33H44N2O3"
"1758_547.37_6.4",1758,547.366223742709,6.392371,NA
"1759_790.61_6.4",1759,790.606797636201,6.4019804,"C43H80O11"
"176_277.22_0.8",176,277.216012333775,0.84474504,"C18H28O2"
"1760_506.34_6.4",1760,506.339782871963,6.392902,"C31H40N2O3"
"1761_490.32_6.4",1761,490.316318084092,6.3923526,"C28H40O6"
"1762_576.42_6.4",1762,576.417709949771,6.393365,"C29H54N2O8"
"1763_520.36_6.4",1763,520.355471685087,6.3959265,"C29H46N2O3S"
"1764_562.4_6.4",1764,562.402038693599,6.3955755,"C35H48N2O3"
"1765_511.3_6.4",1765,511.295074563583,6.3941426,"C30H39FN2O4"
"1766_512.3_6.4",1766,512.2986528059,6.3948298,"C23H43O9P"
"1768_586.47_6.4",1768,586.468130999906,6.3978524,"C33H60O7"
"1769_754.54_6.4",1769,754.535676288962,6.4094973,"C40H78NO8P"
"177_357.31_0.8",177,357.310924185932,0.8487278,"C20H37NO3"
"1770_542.53_6.4",1770,542.526199754769,6.4049377,NA
"1771_438.43_6.4",1771,438.430578458364,6.404991,"C28H57NO3"
"1772_612.57_6.4",1772,612.568029696457,6.415867,NA
"1773_507.27_6.4",1773,507.272123700872,6.388304,"C26H44O7"
"1774_770.57_6.4",1774,770.569283698398,6.4274364,"C43H80NO8P"
"1775_534.49_6.4",1775,534.488140063735,6.4180155,"C32H65NO3"
"1776_592.54_6.4",1776,592.541192113713,6.429822,NA
"1777_770.51_6.4",1777,770.509676776099,6.4399285,"C47H69N3O7"
"1778_538.52_6.4",1778,538.519666862391,6.4416695,"C34H64O3"
"1779_596.57_6.4",1779,596.572338805896,6.440564,"C36H73N3O3"
"178_244.26_0.9",178,244.263439383104,0.86785144,"C15H33NO"
"1780_733.56_6.4",1780,733.556959190728,6.4195447,"C40H69N5O6"
"1781_766.57_6.4",1781,766.573865798926,6.448813,"C44H80NO7P"
"1782_515.49_6.5",1782,515.493520287048,6.4552956,"C34H64N2O2"
"1783_794.57_6.4",1783,794.569023937518,6.3871527,"C45H80NO8P"
"1784_740.52_6.5",1784,740.5214249241,6.465081,"C41H74NO8P"
"1785_540.48_6.5",1785,540.475273398976,6.4748325,"C31H58N2O4"
"1786_500.48_6.5",1786,500.482774812861,6.4721885,"C34H58O"
"1787_576.55_6.5",1787,576.54648977231,6.4734397,"C36H66N2O2"
"1788_543.34_6.4",1788,543.343262422876,6.4340315,"C31H46N2O6"
"1789_577.55_6.5",1789,577.549361998316,6.4731836,NA
"179_521.36_0.9",179,521.356382892994,0.87889814,"C24H48N4O8"
"1790_394.4_6.5",1790,394.404274672068,6.4752755,"C26H48O"
"1791_501.49_6.5",1791,501.486032687563,6.472772,NA
"1792_452.46_6.5",1792,452.457357030113,6.475946,"C28H57N3O"
"1793_748.53_6.5",1793,748.52695956795,6.478085,"C45H71N3O7"
"1794_716.52_6.5",1794,716.523575288762,6.481981,"C39H74NO8P"
"1795_467.47_6.5",1795,467.468409348734,6.4841256,"C28H55N3O"
"1796_409.42_6.5",1796,409.415136759961,6.4843664,"C26H49NO"
"1797_790.61_6.4",1797,790.606615274184,6.431034,"C44H76N4O7"
"1798_368.39_6.5",1798,368.388584518376,6.4882393,"C24H49NO"
"1799_732.55_6.4",1799,732.554666998454,6.43843,"C40H78NO8P"
"18_230.14_0.5",18,230.138740689683,0.5341896,"C11H16O4"
"180_350.23_0.9",180,350.230062647072,0.87069213,"C18H33NO4"
"1800_711.49_6.5",1800,711.494945050219,6.495433,NA
"1801_698.5_6.5",1801,698.500034101287,6.4950385,"C35H69O10P"
"1802_670.47_6.5",1802,670.468202192873,6.4959626,"C40H65NO8"
"1803_790.54_6.5",1803,790.53907311468,6.496981,"C45H76NO8P"
"1804_624.57_6.5",1804,624.567943818668,6.5106616,"C37H73N3O4"
"1805_754.54_6.4",1805,754.535697492336,6.4454646,"C42H76NO8P"
"1806_534.49_6.5",1806,534.488282229904,6.4929686,"C32H65NO3"
"1807_530.35_6.5",1807,530.348210318077,6.456753,"C31H47NO6"
"1808_592.54_6.5",1808,592.541257049944,6.456488,NA
"1809_766.54_6.5",1809,766.538617457291,6.523394,"C43H76NO8P"
"181_288.29_0.9",181,288.289736722744,0.8720123,"C17H37NO2"
"1810_742.54_6.5",1810,742.535282660322,6.5452085,"C39H78NO8P"
"1811_636.57_6.5",1811,636.567679095061,6.5424204,"C38H73N3O4"
"1812_1564.13_6.5",1812,1564.1320520073,6.532547,NA
"1813_552.55_6.5",1813,552.546561629312,6.5353556,"C34H66N2O2"
"1814_560.5_6.5",1814,560.503535447638,6.536464,"C34H67NO3"
"1815_804.55_6.5",1815,804.551528518458,6.5377936,"C44H80NO8P"
"1816_596.57_6.5",1816,596.572779795237,6.5353827,NA
"1817_538.52_6.5",1817,538.519209220142,6.537882,"C34H64O3"
"1818_840.62_6.5",1818,840.622559710474,6.5402255,NA
"1819_782.57_6.5",1819,782.56993625233,6.541897,"C44H80NO8P"
"182_332.22_0.9",182,332.219402208601,0.92883795,"C18H31NO3"
"1820_476.48_6.5",1820,476.482842868087,6.539944,"C32H58O"
"1821_296.26_6.5",1821,296.258373453068,6.540394,NA
"1822_820.53_6.5",1822,820.525300162439,6.537364,NA
"1825_790.57_6.6",1825,790.573234878251,6.551976,"C46H80NO7P"
"1826_778.61_6.6",1826,778.608172896474,6.5528727,"C46H84NO6P"
"1828_184.07_6.6",1828,184.073368346112,6.556003,"C7H15NO2"
"1829_690.54_6.6",1829,690.543951610131,6.5591307,"C38H76NO7P"
"183_429.22_0.9",183,429.217207394576,0.8753129,"C27H28N2O3"
"1830_832.59_6.6",1830,832.585237975467,6.5597296,"C48H82NO8P"
"1831_543.34_6.5",1831,543.343172667584,6.5098815,NA
"1832_584.56_6.6",1832,584.561326322443,6.5624957,"C36H70O4"
"1833_576.5_6.6",1833,576.496709526744,6.5605817,"C34H67NO4"
"1834_720.55_6.6",1834,720.554655550333,6.560065,"C39H78NO8P"
"1835_554.51_6.6",1835,554.514534186614,6.562609,"C34H67NO3"
"1836_536.5_6.6",1836,536.503494309619,6.5644903,"C34H62O3"
"1837_612.57_6.6",1837,612.567799789471,6.5646677,NA
"1839_529.53_6.6",1839,529.527076007009,6.582468,NA
"184_242.21_0.9",184,242.211396023045,0.8794581,"C14H24O2"
"1840_502.32_6.6",1840,502.31661225731,6.5627346,"C29H40O6"
"1841_816.62_6.6",1841,816.622634491597,6.5847387,"C44H86N3O8P"
"1842_526.29_6.6",1842,526.293872574079,6.5811543,"C27H44NO7P"
"1843_527.52_6.6",1843,527.522864537295,6.5842137,NA
"1844_526.52_6.6",1844,526.519918807826,6.585094,"C33H64O3"
"1845_781.56_6.6",1845,781.555611787299,6.5858545,"C43H76N2O10"
"1846_780.55_6.6",1846,780.55224658139,6.5870137,"C42H80NO8P"
"1847_758.57_6.6",1847,758.57016655647,6.587129,"C42H80NO8P"
"1848_485.29_6.6",1848,485.290093966965,6.593239,"C29H40O6"
"1849_562.52_6.6",1849,562.518957176129,6.6002536,"C34H69NO3"
"185_328.25_0.9",185,328.248121742857,0.8807391,"C18H33NO3"
"1850_638.58_6.6",1850,638.583217056421,6.601944,NA
"1851_610.55_6.6",1851,610.55217823441,6.5998764,NA
"1852_444.42_6.6",1852,444.420152262125,6.6062865,"C30H50O"
"1853_502.47_6.6",1853,502.473496015362,6.6059875,NA
"1854_600.48_6.6",1854,600.483593695785,6.6016617,"C34H62O7"
"1855_516.5_6.6",1855,516.497430327359,6.611149,"C31H62O4"
"1856_692.56_6.6",1856,692.55940296511,6.6101694,"C38H78NO7P"
"1857_515.49_6.6",1857,515.493985029053,6.6118917,"C34H59NO"
"1858_487.33_6.6",1858,487.333902432093,6.6171837,"C32H39NO2"
"1859_532.39_6.6",1859,532.391894156189,6.6176577,"C34H55NO"
"186_332.32_0.9",186,332.315642978171,0.8908589,"C19H41NO3"
"1860_545.39_6.6",1860,545.386956999886,6.6176887,NA
"1861_538.52_6.6",1861,538.519296398969,6.5518155,"C34H69NO4"
"1862_596.57_6.6",1862,596.57282270961,6.550385,"C36H70N2O3"
"1863_396.38_6.6",1863,396.383702649244,6.6228056,"C25H46O2"
"1864_792.59_6.6",1864,792.590496631334,6.625363,NA
"1865_382.4_6.6",1865,382.404414046342,6.6234984,"C25H51NO"
"1866_748.53_6.6",1866,748.528841238076,6.6260653,"C45H71N3O7"
"1867_733.62_6.6",1867,733.619688940035,6.6277575,NA
"1868_950.64_6.6",1868,950.635736958238,6.639772,"C56H87NO11"
"1869_955.59_6.6",1869,955.591012947237,6.6409035,"C49H80N8O12"
"187_373.31_0.9",187,373.305904663167,0.8911238,"C20H37NO4"
"1870_991.66_6.6",1870,991.66213584101,6.640269,NA
"1871_734.62_6.6",1871,734.624510069718,6.624626,"C43H85NO6"
"1872_778.54_6.7",1872,778.538760177788,6.666935,"C44H76NO8P"
"1873_507.27_6.7",1873,507.272073982298,6.6688504,"C26H40N2O9"
"1875_726.53_6.7",1875,726.530911000312,6.67638,"C44H68O7"
"1876_742.54_6.7",1876,742.538488386584,6.6751747,"C39H78NO8P"
"1877_653.44_6.7",1877,653.441871628991,6.676177,"C40H62O8"
"1878_670.47_6.7",1878,670.468564627162,6.676177,"C40H60O7"
"1879_698.5_6.7",1879,698.500371694452,6.676177,"C42H69NO8"
"188_372.28_0.9",188,372.284953552797,0.8937308,"C19H34N2O4"
"1880_740.55_6.7",1880,740.54749330167,6.6764274,"C45H70O7"
"1881_766.54_6.7",1881,766.538127058318,6.6782813,"C43H76NO8P"
"1882_711.49_6.7",1882,711.494949050406,6.6767454,NA
"1883_553.39_6.7",1883,553.390068970604,6.6834283,NA
"1884_598.55_6.7",1884,598.552659041513,6.690644,"C35H68N2O4"
"1885_599.58_6.7",1885,599.575307351825,6.693155,"C41H74O2"
"1886_576.5_6.7",1886,576.49686552819,6.6889915,"C34H67NO4"
"1887_536.5_6.7",1887,536.50387816683,6.6916533,"C34H62O3"
"1888_612.57_6.7",1888,612.568032144264,6.6927314,NA
"1889_790.57_6.7",1889,790.565939674155,6.694726,"C42H73N9O4"
"189_479.35_0.9",189,479.346501696446,0.8975769,"C25H48N2O5"
"1890_543.34_6.7",1890,543.343304170999,6.68164,NA
"1891_576.55_6.7",1891,576.546672625675,6.7028394,"C36H71N3O3"
"1892_790.57_6.7",1892,790.569339054263,6.7008834,NA
"1893_790.57_6.7",1893,790.570188187234,6.7032933,NA
"1894_615.37_6.7",1894,615.368378728222,6.721432,"C39H50O6"
"1895_530.35_6.7",1895,530.348400970513,6.6999617,"C31H47NO6"
"1896_866.64_6.7",1896,866.638383213782,6.7342396,"C53H90NO7P"
"1897_820.58_6.7",1897,820.584818361644,6.7362504,"C47H82NO8P"
"1898_830.57_6.7",1898,830.567552518981,6.735961,"C46H82NO8P"
"1899_768.55_6.7",1899,768.548146974544,6.7225533,"C41H80NO8P"
"19_218.14_0.5",19,218.138989613205,0.5340806,"C10H16O4"
"190_460.27_0.9",190,460.269395400855,0.9221028,"C26H34O6"
"1900_808.59_6.7",1900,808.585351606643,6.741835,"C46H82NO8P"
"1901_502.32_6.7",1901,502.316792036203,6.7087765,"C29H40O6"
"1902_502.29_6.7",1902,502.293552739065,6.7451496,"C25H41O7P"
"1903_747.57_6.8",1903,747.573279682453,6.779532,NA
"1904_485.29_6.7",1904,485.290049048575,6.730509,"C29H40O6"
"1905_503.3_6.7",1905,503.296633999874,6.7439346,"C25H35N5O5"
"1906_1011.62_6.8",1906,1011.61722054595,6.750568,"C60H84N4O8"
"1907_602.51_6.8",1907,602.512248492141,6.7500725,"C36H69NO4"
"1908_624.57_6.8",1908,624.567932231384,6.751368,"C37H73N3O4"
"1909_625.59_6.8",1909,625.591326012455,6.751134,"C43H78O3"
"191_432.24_0.9",191,432.238135163353,0.92083216,"C24H30O6"
"1910_638.58_6.8",1910,638.583494577198,6.750796,NA
"1911_1006.66_6.8",1911,1006.6619720753,6.75097,"C54H87N9O9"
"1912_580.53_6.8",1912,580.530876711435,6.7529063,"C36H66O4"
"1913_1047.69_6.8",1913,1047.68858938027,6.7516184,NA
"1914_562.52_6.8",1914,562.519486612458,6.753186,"C34H69NO3"
"1915_804.62_6.8",1915,804.623244480459,6.7604795,"C46H88NO6P"
"1916_792.59_6.8",1916,792.590518423634,6.7711434,"C46H82NO7P"
"1917_746.57_6.8",1917,746.569971638491,6.7783756,"C41H80NO8P"
"1918_520.51_6.8",1918,520.509225699773,6.7805977,"C34H62O2"
"1919_596.57_6.8",1919,596.572086561608,6.792735,NA
"192_403.35_0.9",192,403.353000343753,0.93582845,"C22H43NO4"
"1920_834.6_6.8",1920,834.600896520615,6.788037,"C48H84NO8P"
"1921_774.54_6.8",1921,774.543984532466,6.7858815,"C47H73N3O7"
"1922_538.52_6.8",1922,538.519656697443,6.7933474,"C34H64O3"
"1923_1448.05_6.8",1923,1448.0483752303,6.793431,NA
"1924_724.53_6.8",1924,724.528272772116,6.7929497,"C43H71N3O7"
"1925_544.35_6.7",1925,544.345425591757,6.730489,"C30H40F2N4O2"
"1926_1449.05_6.8",1926,1449.05198453028,6.7917347,"C95H134N2O8"
"1927_746.51_6.8",1927,746.512061442262,6.7942305,"C43H72NO7P"
"1928_518.49_6.8",1928,518.493500584302,6.799413,"C34H60O2"
"1929_842.64_6.8",1929,842.638220975648,6.8035173,"C51H88NO6P"
"193_280.26_0.9",193,280.263459467021,0.9405447,"C18H30O"
"1930_498.49_6.8",1930,498.488675450231,6.8063397,"C31H63NO3"
"1931_580.57_6.8",1931,580.567753793668,6.8471003,"C37H75NO4"
"1932_784.59_6.8",1932,784.585321031891,6.805983,"C44H82NO8P"
"1933_806.57_6.8",1933,806.567759071693,6.808357,"C44H82NO8P"
"1934_717.56_6.8",1934,717.563350182143,6.806004,NA
"1935_594.56_6.8",1935,594.557089907745,6.8078246,NA
"1936_716.56_6.8",1936,716.560039492583,6.8096824,"C40H78NO7P"
"1937_502.32_6.8",1937,502.317079085569,6.7761984,"C29H40O6"
"1938_503.32_6.8",1938,503.31984794408,6.780366,"C22H42N6O7"
"1939_530.35_6.8",1939,530.348342106189,6.753416,"C31H47NO6"
"194_361.34_0.9",194,361.342398819096,0.94121015,"C20H41NO3"
"1940_543.34_6.8",1940,543.343276298065,6.75456,NA
"1941_798.6_6.8",1941,798.599353066504,6.8156214,"C45H84NO8P"
"1942_808.59_6.8",1942,808.585365987436,6.7528477,NA
"1943_754.54_6.8",1943,754.538547574928,6.820634,"C42H76NO8P"
"1944_932.63_6.8",1944,932.625210684046,6.8218975,"C56H82O10"
"1945_607.61_6.8",1945,607.613731920397,6.8444757,"C39H75NO2"
"1946_564.55_6.8",1946,564.546921847553,6.8438087,"C35H66N2O2"
"1947_503.33_6.8",1947,503.328922433497,6.8448296,"C32H39NO3"
"1948_750.54_6.8",1948,750.543635281077,6.845079,"C43H78NO8P"
"1949_561.38_6.8",1949,561.382242815047,6.8456087,NA
"195_332.22_0.9",195,332.219450640452,0.93022645,"C18H31NO3"
"1950_543.49_6.8",1950,543.494461109421,6.846713,"C29H59N5O3"
"1951_579.57_6.8",1951,579.56506168415,6.8477564,NA
"1952_502.5_6.8",1952,502.498607883913,6.846447,"C34H60O"
"1953_503.5_6.8",1953,503.501561821144,6.84677,NA
"1954_542.49_6.8",1954,542.491251135313,6.8482423,NA
"1955_578.56_6.8",1955,578.562374898989,6.8488708,"C36H73N3O3"
"1956_580.57_6.9",1956,580.567747810978,6.8505907,"C37H75NO4"
"1957_408.42_6.9",1957,408.420069521581,6.850352,"C27H50O"
"1958_409.42_6.8",1958,409.423454192958,6.84958,NA
"1959_558.47_6.9",1959,558.465404738625,6.8508387,"C34H65NO2"
"196_315.3_0.9",196,315.300383321297,0.9429773,"C18H35NO2"
"1960_504.5_6.8",1960,504.50468900464,6.845723,NA
"1961_522.52_6.9",1961,522.524801922354,6.8532953,"C34H69NO3"
"1962_767.58_6.9",1962,767.578195883049,6.874594,NA
"1963_816.59_6.9",1963,816.589408503272,6.860702,"C48H82NO7P"
"1964_584.56_6.9",1964,584.561089628537,6.8603096,"C36H70O4"
"1965_563.52_6.9",1965,563.523159231223,6.8709407,NA
"1966_602.51_6.9",1966,602.512080111029,6.86771,NA
"1967_638.58_6.9",1967,638.583278487594,6.869217,NA
"1968_624.57_6.9",1968,624.567971231717,6.8680735,"C37H73N3O4"
"1969_625.59_6.9",1969,625.591677909639,6.8678436,"C43H78O3"
"197_380.28_0.9",197,380.27704177675,0.94496304,"C20H39NO4"
"1970_485.29_6.8",1970,485.289996081061,6.8072915,"C29H40O6"
"1971_562.52_6.9",1971,562.519636834785,6.8712687,"C34H69NO3"
"1972_788.56_6.9",1972,788.556916501023,6.876072,"C44H80NO7P"
"1973_766.57_6.9",1973,766.574811804425,6.874872,"C44H80NO7P"
"1975_824.63_6.9",1975,824.627640036994,6.8767705,"C51H88NO6P"
"1976_368.39_6.9",1976,368.388727576816,6.8919516,"C24H49NO"
"1977_718.58_6.9",1977,718.57518727261,6.8952837,"C40H80NO7P"
"1978_719.58_6.9",1978,719.578941033223,6.8915224,"C45H80N2O2"
"1979_796.58_6.9",1979,796.584782183111,6.903899,"C45H82NO8P"
"198_298.27_0.9",198,298.273837995089,0.94865954,"C18H32O2"
"1980_824.62_6.9",1980,824.62239195072,6.9077444,NA
"1981_502.29_6.9",1981,502.293674862197,6.910558,"C25H44NO7P"
"1982_1469.14_6.9",1982,1469.13638839866,6.9273534,NA
"1983_756.55_6.9",1983,756.551776792317,6.92592,"C40H80NO8P"
"1984_818.61_6.9",1984,818.605602391205,6.9262514,"C46H86NO7P"
"1985_1468.13_6.9",1985,1468.13291163342,6.9278393,NA
"1986_704.56_6.9",1986,704.558944956854,6.9290624,"C39H78NO7P"
"1987_792.62_6.9",1987,792.622967279264,6.9294033,NA
"1988_184.07_6.9",1988,184.073353738216,6.932826,"C7H15NO2"
"1989_734.57_6.9",1989,734.570322274862,6.932968,"C40H80NO8P"
"199_316.28_0.9",199,316.284456131443,0.9488846,"C18H34O3"
"1990_576.55_6.9",1990,576.547033639158,6.9388475,"C36H71N3O3"
"1991_518.49_6.9",1991,518.493625446436,6.936263,"C34H60O2"
"1992_768.59_6.9",1992,768.589353320961,6.9426985,"C44H82NO7P"
"1993_790.57_6.9",1993,790.569631527378,6.937942,"C44H82NO7P"
"1994_536.5_6.9",1994,536.504102669102,6.944831,"C34H62O3"
"1995_809.65_6.9",1995,809.652936780491,6.9451027,NA
"1996_742.57_6.9",1996,742.574109109187,6.9465184,"C42H80NO7P"
"1997_743.58_7",1997,743.577430495585,6.9509563,"C42H74N6O5"
"1998_516.49_6.9",1998,516.48944678205,6.9486594,"C33H58N2O"
"1999_458.44_6.9",1999,458.435779710348,6.9484963,"C31H52O"
"2_239.11_0.5",2,239.106098339469,0.5011868,"C8H18N2O4S"
"20_174.11_0.5",20,174.112530365387,0.5346965,"C8H12O3"
"200_317.29_1",200,317.287894962029,0.9504622,NA
"2000_772.53_7",2000,772.526754168007,6.9506974,"C45H74NO7P"
"2001_485.29_7",2001,485.28980007243,6.9519663,"C29H40O6"
"2002_772.58_7",2002,772.584712466892,6.957814,"C43H82NO8P"
"2003_1484.11_6.9",2003,1484.10672674931,6.9474106,NA
"2004_750.54_7",2004,750.543335673255,6.959301,"C43H78NO8P"
"2005_522.53_7",2005,522.525044515618,6.967482,"C34H64O2"
"2006_526.52_7",2006,526.519766692793,6.979705,"C33H67NO3"
"2007_962.67_7",2007,962.667543991455,6.984458,"C58H88O10"
"2008_975.67_7",2008,975.666670275318,6.9846926,NA
"2009_934.64_7",2009,934.640858022274,6.9849257,"C42H79N17O7"
"201_338.27_1",201,338.266592288908,0.95068884,"C20H32O3"
"2010_955.57_7",2010,955.569428054229,6.984235,NA
"2011_937.65_7",2011,937.64968211839,6.98469,NA
"2012_939.6_7",2012,939.595336950813,6.985875,"C56H84O10"
"2013_529.51_7",2013,529.509350726131,6.9885206,"C35H61NO"
"2014_706.57_7",2014,706.574717748258,6.997416,"C39H80NO7P"
"2015_793.56_7",2015,793.556646810706,6.9996324,NA
"2016_776.56_7",2016,776.558202260425,6.996464,"C47H75N3O7"
"2017_543.34_7",2017,543.342465079415,6.983275,NA
"2018_502.32_7",2018,502.316646253755,6.988671,"C29H40O6"
"2019_792.55_7",2019,792.553547352138,7.0013976,"C45H78NO8P"
"202_299.28_0.9",202,299.277275297276,0.9491089,"C18H40O2Si"
"2020_520.51_7",2020,520.508925668359,7.006907,"C34H67NO3"
"2021_396.42_7",2021,396.419837323588,7.008001,"C26H53NO"
"2022_718.54_7",2022,718.538957624453,7.008085,"C39H76NO8P"
"2023_791.83_7",2023,791.832597431417,7.008278,NA
"2024_454.47_7",2024,454.472808349057,7.009847,"C28H59N3O"
"2025_792.84_7",2025,792.835695957874,7.0077925,NA
"2026_719.54_7",2026,719.542061645032,7.007556,"C39H67N5O6"
"2027_860.62_7",2027,860.616272093901,7.024667,"C50H86NO8P"
"2028_610.59_7",2028,610.587560143376,7.0276527,NA
"2029_822.6_7",2029,822.601013987322,7.031704,"C47H84NO8P"
"203_292.23_1",203,292.226955775905,0.9590246,"C18H26O2"
"2031_792.59_7",2031,792.589613915196,7.038021,"C46H82NO7P"
"2032_810.6_7.1",2032,810.600539095632,7.0540547,"C46H84NO8P"
"2033_744.59_7",2033,744.590324339029,7.0447373,"C42H82NO7P"
"2034_793.59_7",2034,793.593051618905,7.037194,NA
"2035_518.49_7",2035,518.493698434181,7.0438094,"C34H60O2"
"2036_576.55_7",2036,576.546629706296,7.0423183,"C36H71N3O3"
"2039_564.58_7.1",2039,564.58288750333,7.061797,"C36H75N3O2"
"204_339.3_1",204,339.300339257185,0.95136553,"C20H35NO2"
"2040_726.54_7.1",2040,726.543752106547,7.065915,"C41H77NO10"
"2041_507.27_7.1",2041,507.272035674171,7.0672493,NA
"2042_572.39_7.1",2042,572.39469241676,7.0672493,"C34H50O6"
"2043_991.66_7.1",2043,991.662172012771,7.071412,"C55H84N12O6"
"2045_794.6_7.1",2045,794.604929247737,7.085792,"C46H84NO7P"
"2046_706.57_7",2046,706.57466689376,7.010708,"C41H81NO5"
"2047_856.58_7.1",2047,856.582517870447,7.100963,"C48H84NO8P"
"2048_834.6_7.1",2048,834.600535115319,7.082009,"C48H84NO8P"
"2049_562.52_7.1",2049,562.516221859523,7.068792,"C34H69NO3"
"205_252.23_1",205,252.232318671148,0.95339715,"C16H26O"
"2052_542.54_7.1",2052,542.540662382903,7.0855365,NA
"2053_540.54_7.1",2053,540.535508474546,7.087101,"C34H69NO3"
"2054_1300.11_7.1",2054,1300.11297606754,7.089184,NA
"2055_543.54_7.1",2055,543.543555704502,7.0858707,"C33H67NO3"
"2057_1521.17_7.1",2057,1521.16705573124,7.1011224,NA
"2059_1520.16_7.1",2059,1520.16365408725,7.1017194,NA
"206_276.23_1",206,276.232112492723,0.9515821,"C18H26O"
"2060_816.59_7.1",2060,816.586962646227,7.059957,"C46H84NO7P"
"2062_184.07_7.1",2062,184.073325886359,7.1093187,"C5H14NO4P"
"2063_760.59_7.1",2063,760.586133547768,7.1114793,"C42H82NO8P"
"2064_438.43_7.1",2064,438.430445379732,7.1205688,"C28H52O2"
"2065_810.6_7.1",2065,810.6006276527,7.075521,NA
"2066_502.32_7.1",2066,502.316809020609,7.139118,"C29H40O6"
"2067_530.35_7.1",2067,530.348646909724,7.1094975,"C31H47NO6"
"2068_818.64_7.1",2068,818.639138014306,7.119798,"C49H88NO6P"
"2069_782.57_7.1",2069,782.566644669032,7.1242347,"C42H82NO8P"
"207_235.21_1",207,235.205755057779,0.95496845,"C16H26O"
"2070_485.29_7.2",2070,485.289735820795,7.1630435,"C29H40O6"
"2071_738.54_7.1",2071,738.544073724668,7.1423035,"C42H78NO8P"
"2072_424.41_7.1",2072,424.414779782132,7.14511,"C27H50O2"
"2073_1528.13_7.2",2073,1528.13206007772,7.159728,NA
"2074_1529.14_7.2",2074,1529.13520687282,7.159823,NA
"2075_769.56_7.2",2075,769.556192808098,7.165477,"C38H69N7O8"
"2076_794.61_7.1",2076,794.605389604728,7.101559,NA
"2077_396.38_7.2",2077,396.383613139436,7.164817,"C25H46O2"
"2078_1537.1_7.2",2078,1537.10424599132,7.166337,NA
"2079_768.55_7.2",2079,768.553122226146,7.166544,"C43H78NO8P"
"208_443.23_1",208,443.233145196523,0.9531193,"C28H27NO3"
"2080_1536.1_7.2",2080,1536.10052042005,7.166602,NA
"2081_560.5_7.2",2081,560.501682138422,7.1765046,"C34H67NO3"
"2082_790.53_7.2",2082,790.534270620001,7.1685324,"C43H78NO8P"
"2085_596.57_7.2",2085,596.572672083031,7.171885,NA
"2086_452.45_7.2",2086,452.446331252462,7.1727633,"C29H54O2"
"2087_410.4_7.2",2087,410.399238702993,7.1744156,"C26H48O2"
"2088_520.51_7.2",2088,520.509042763881,7.17616,"C34H62O2"
"2089_759.64_7.2",2089,759.639638084474,7.180882,"C43H89N2O7P"
"209_359.33_1",209,359.326791091043,0.9587928,"C20H39NO3"
"2090_760.59_7.1",2090,760.586172537043,7.130896,"C42H82NO8P"
"2091_544.35_7.2",2091,544.345313294137,7.2143273,"C30H40F2N4O2"
"2092_698.5_7.2",2092,698.499564564764,7.1825395,"C35H69O10P"
"2093_382.37_7.2",2093,382.367905022249,7.1864233,"C24H44O2"
"2094_739.52_7.2",2094,739.523935926635,7.1860485,"C47H72O5"
"2095_798.6_7.2",2095,798.600223488334,7.187142,"C45H84NO8P"
"2096_744.56_7.2",2096,744.555248836031,7.1916914,"C41H78NO8P"
"2097_794.57_7.2",2097,794.569384092671,7.1999164,"C45H80NO8P"
"2098_530.5_7.3",2098,530.504828076195,7.265467,"C34H65N3O2"
"2099_472.45_7.2",2099,472.451471414497,7.2110047,"C32H54O"
"21_242.14_0.5",21,242.138541403656,0.53686935,"C12H16O4"
"210_336.25_1",210,336.25080741228,0.95991546,"C18H35NO3"
"2100_608.54_7.2",2100,608.536379785564,7.200926,NA
"2101_795.57_7.2",2101,795.572131741344,7.2125254,"C40H71N7O8"
"2102_820.62_7.2",2102,820.618248425633,7.2047524,"C48H86NO7P"
"2103_780.59_7.2",2103,780.590286279261,7.2143226,"C45H82NO7P"
"2104_503.32_7.2",2104,503.320397956444,7.200423,"C22H39N5O7"
"2105_530.35_7.2",2105,530.348362740284,7.2226443,"C31H47NO6"
"2106_567.58_7.2",2106,567.583217412124,7.2284365,"C36H71NO2"
"2107_566.56_7.2",2107,566.562473063104,7.230975,"C35H68N2O2"
"2108_544.51_7.2",2108,544.506617325291,7.2317176,"C34H67NO2"
"2109_580.58_7.2",2109,580.577812235432,7.232688,"C36H73N3O2"
"211_293.23_1",211,293.230354810199,0.97077924,"C11H25N5O3"
"2110_609.63_7.2",2110,609.629586635907,7.23092,"C39H77NO2"
"2111_1066.02_7.2",2111,1066.02361536051,7.2375793,NA
"2112_504.51_7.2",2112,504.514259225313,7.237349,"C34H62O"
"2113_422.44_7.2",2113,422.435641537842,7.2375436,"C28H52O"
"2114_507.27_7.2",2114,507.271479610591,7.217792,"C26H38N2O8"
"2115_572.4_7.2",2115,572.395206130391,7.217792,"C34H50O6"
"2116_543.34_7.2",2116,543.342961391106,7.248419,NA
"2117_545.51_7.2",2117,545.509898592248,7.2326126,NA
"2118_770.61_7.3",2118,770.605011240869,7.2505054,"C44H84NO7P"
"2119_505.52_7.2",2119,505.517204789113,7.2373705,NA
"212_277.24_1",212,277.235369097833,0.952483,"C13H27N2O3"
"2120_810.6_7.3",2120,810.600788144733,7.250792,"C46H84NO8P"
"2121_832.58_7.3",2121,832.582724165618,7.252527,"C46H84NO8P"
"2122_794.57_7.2",2122,794.568464734093,7.243021,"C44H85NO6S"
"2124_868.65_7.3",2124,868.654227681652,7.2596755,NA
"2125_502.32_7.2",2125,502.317005635889,7.243393,"C29H40O6"
"2126_517.34_7.3",2126,517.344391554412,7.2734094,"C33H41NO3"
"2127_575.4_7.3",2127,575.397899504934,7.2734337,NA
"2128_562.4_7.3",2128,562.403360165016,7.27365,"C35H57NO2"
"213_355.3_1",213,355.295538906865,0.96977204,"C20H35NO3"
"2130_485.29_7.2",2130,485.289921339456,7.2419043,"C29H40O6"
"2131_472.45_7.3",2131,472.4515935007,7.2753663,"C32H54O"
"2132_530.5_7.3",2132,530.504837468424,7.2764254,NA
"2134_748.59_7.3",2134,748.585874707331,7.2870483,"C41H82NO8P"
"2136_836.62_7.3",2136,836.616326734166,7.3060136,"C48H86NO8P"
"2138_809.59_7.3",2138,809.586511082901,7.2998405,NA
"2139_808.58_7.3",2139,808.583072418768,7.3035293,"C44H84NO8P"
"214_314.27_1",214,314.268968572704,0.9639602,"C18H32O3"
"2140_786.6_7.3",2140,786.601514843137,7.3005767,"C44H84NO8P"
"2141_719.58_7.3",2141,719.578720631472,7.3175874,"C45H80N2O2"
"2142_810.6_7.3",2142,810.600756380173,7.2562594,NA
"2143_844.65_7.3",2143,844.65404481793,7.3079395,NA
"2144_776.56_7.3",2144,776.560403756344,7.308243,"C47H75N3O7"
"2145_718.58_7.3",2145,718.575366721973,7.3189054,"C40H80NO7P"
"2146_836.62_7.3",2146,836.616482069737,7.311865,NA
"2147_681.47_7.3",2147,681.473132287814,7.3399215,NA
"2148_698.5_7.3",2148,698.49993242578,7.3399367,"C35H69O10P"
"2149_768.58_7.3",2149,768.579989358805,7.3392396,"C47H74O7"
"215_279.23_1",215,279.231869873606,0.9641898,"C18H30O2"
"2150_785.65_7.3",2150,785.654337572256,7.34514,"C45H91N2O7P"
"2151_726.53_7.3",2151,726.532260522938,7.341777,"C44H68O7"
"2152_739.53_7.3",2152,739.526193754879,7.342063,NA
"2153_768.59_7.3",2153,768.589183172137,7.326544,NA
"2154_768.58_7.3",2154,768.583533295176,7.342063,NA
"2156_566.55_7.3",2156,566.549183618288,7.345625,"C36H71NO3"
"2158_786.65_7.4",2158,786.65135777469,7.3605022,NA
"2159_748.59_7.3",2159,748.585687379768,7.298536,"C41H82NO8P"
"216_324.25_1",216,324.251154269767,0.9642589,"C19H30O3"
"2160_576.53_7.4",2160,576.531500937599,7.3569446,"C35H71NO3"
"2161_598.59_7.4",2161,598.588513977751,7.363146,"C36H72N2O3"
"2162_554.55_7.4",2162,554.551014321748,7.3584175,"C35H71NO3"
"2163_634.55_7.4",2163,634.552112428597,7.360607,NA
"2164_702.54_7.4",2164,702.543849034006,7.3592434,"C39H78NO8P"
"2165_732.55_7.4",2165,732.554306842236,7.359786,"C40H78NO8P"
"2166_721.59_7.4",2166,721.593668042622,7.3906984,"C40H76N6O5"
"2167_612.6_7.4",2167,612.604251934241,7.360111,NA
"2169_720.59_7.4",2169,720.590232204791,7.39362,"C40H82NO7P"
"217_331.3_1",217,331.295617633382,0.96576416,"C18H35NO3"
"2170_410.44_7.4",2170,410.43568546655,7.3718557,"C27H57NO2"
"2171_468.49_7.4",2171,468.489015819071,7.374627,"C29H61N3O"
"2172_808.58_7.3",2172,808.583001963317,7.3096867,"C44H84NO8P"
"2174_579.57_7.4",2174,579.565070304355,7.3967843,NA
"2175_542.49_7.4",2175,542.490458411141,7.39296,"C36H60O2"
"2176_578.56_7.4",2176,578.562385700235,7.395542,"C36H73N3O3"
"2177_520.51_7.4",2177,520.509195923421,7.3966393,"C34H62O2"
"2178_564.55_7.4",2178,564.547514038985,7.396172,"C35H66N2O2"
"218_172.13_1",218,172.133304792238,0.9668871,"C9H14O2"
"2180_640.6_7.4",2180,640.599046784783,7.397639,NA
"2181_485.29_7.4",2181,485.289964116795,7.371327,"C30H33N3O2"
"2182_502.32_7.4",2182,502.316626612443,7.3906884,"C29H40O6"
"2183_448.45_7.4",2183,448.451420905017,7.4202027,"C30H54O"
"2185_530.35_7.4",2185,530.348456658987,7.421059,"C31H44O6"
"2186_770.57_7.4",2186,770.569682405522,7.4159684,"C41H82NO8P"
"2187_554.55_7.4",2187,554.551056076399,7.422688,"C35H71NO3"
"2188_612.6_7.4",2188,612.604201008073,7.422717,"C37H77N3O3"
"2189_576.53_7.4",2189,576.531460280162,7.3758073,NA
"219_297.26_1",219,297.261750777985,0.9671159,NA
"2190_598.59_7.4",2190,598.588540672771,7.3726096,"C41H72O"
"2191_502.29_7.4",2191,502.293339560355,7.436138,"C25H44NO7P"
"2192_543.34_7.4",2192,543.343245276586,7.445067,"C31H46N2O6"
"2193_785.65_7.4",2193,785.654011534206,7.3584538,"C47H81N3O5"
"2194_794.57_7.4",2194,794.568676867045,7.448223,"C45H80NO8P"
"2197_748.46_7.5",2197,748.4642460342,7.458639,"C38H63N9O4"
"2198_776.5_7.5",2198,776.495799402318,7.4558806,"C43H69NO11"
"2199_789.49_7.5",2199,789.490157266555,7.4599113,"C44H69NO6S2"
"22_196.09_0.5",22,196.094554698114,0.5345933,"C8H15NO3"
"220_284.26_1",220,284.258547275721,0.9673128,"C17H30O2"
"2200_596.57_7.5",2200,596.572788595194,7.4650393,"C36H73N3O3"
"2201_560.5_7.5",2201,560.501584633024,7.4655385,"C34H67NO3"
"2202_538.52_7.5",2202,538.519865381105,7.468331,"C34H67NO3"
"2203_794.61_7.4",2203,794.605768044651,7.4475613,NA
"2205_774.54_7.5",2205,774.543581016168,7.480903,"C45H76NO7P"
"2206_720.59_7.4",2206,720.590375301324,7.423819,"C40H79O7P"
"2207_448.45_7.5",2207,448.451423315373,7.4802375,"C30H54O"
"2208_506.5_7.5",2208,506.504988508671,7.4796576,"C32H60N2O"
"2209_820.62_7.5",2209,820.620700048413,7.483617,"C48H86NO7P"
"221_296.26_1",221,296.258323581066,0.9675636,"C18H30O2"
"2210_543.34_7.5",2210,543.343339737104,7.497796,"C31H46N2O6"
"2211_745.59_7.5",2211,745.594739073616,7.5036774,NA
"2212_774.6_7.5",2212,774.601193334349,7.4998536,"C43H84NO8P"
"2214_766.57_7.5",2214,766.573062171475,7.5073333,"C42H82NO7P"
"2215_744.59_7.5",2215,744.591423556947,7.506802,"C42H82NO7P"
"2216_812.67_7.5",2216,812.670996209825,7.5116477,NA
"2217_554.55_7.5",2217,554.551118697339,7.506894,"C35H71NO3"
"2218_485.29_7.5",2218,485.28999762488,7.482776,"C29H40O6"
"2219_502.32_7.5",2219,502.316615387424,7.5000043,"C29H40O6"
"222_302.27_1",222,302.269183604197,0.9682563,"C17H32O3"
"2220_530.35_7.5",2220,530.348552833003,7.4825025,"C31H47NO6"
"2221_555.55_7.5",2221,555.554069831431,7.5102224,NA
"2222_778.58_7.5",2222,778.575446048545,7.5142684,"C43H81NO9"
"2223_811.67_7.5",2223,811.668934763773,7.516636,"C54H88N2O4"
"2224_728.56_7.5",2224,728.559745883628,7.5162935,"C46H75NO4"
"2225_558.5_7.5",2225,558.501921647106,7.5227933,"C34H68ClNO2"
"2226_622.55_7.5",2226,622.552326688486,7.5266037,"C37H71N3O4"
"2227_556.56_7.5",2227,556.557031652733,7.517936,"C35H74NOP"
"2228_616.55_7.5",2228,616.554537208875,7.5346446,NA
"2229_624.57_7.5",2229,624.567710377741,7.5361276,NA
"223_290.21_1",223,290.210030850353,0.98128974,"C18H24O2"
"2230_524.54_7.5",2230,524.540575841185,7.5353904,"C34H66O2"
"2231_812.62_7.6",2231,812.61627786603,7.5501523,"C46H86NO8P"
"2232_582.59_7.5",2232,582.593403433798,7.549586,"C36H72N2O2"
"2233_747.61_7.6",2233,747.609250531496,7.5861044,NA
"2234_543.34_7.6",2234,543.343343623943,7.5575204,NA
"2235_520.51_7.6",2235,520.50927325478,7.5524116,"C34H67NO3"
"2236_578.56_7.6",2236,578.562305384861,7.561868,"C36H73N3O3"
"2237_544.35_7.6",2237,544.345575830651,7.575757,"C30H40F2N4O2"
"2238_502.5_7.6",2238,502.498611348689,7.5715857,"C34H65NO2"
"2239_813.62_7.6",2239,813.619937129373,7.55746,NA
"224_750.46_1",224,750.456005622498,1.0059695,"C40H61N7O8"
"2240_498.47_7.6",2240,498.467205346836,7.5775733,"C34H56O"
"2241_556.52_7.6",2241,556.520417585449,7.5809393,NA
"2242_774.6_7.5",2242,774.601167350733,7.517984,"C45H76N2O7"
"2244_746.61_7.6",2244,746.605928739746,7.593651,"C42H84NO7P"
"2246_486.47_7.6",2246,486.467208567954,7.588786,NA
"2247_544.52_7.6",2247,544.521442217203,7.58956,NA
"2248_811.67_7.5",2248,811.668955897143,7.523136,"C49H88N4O6"
"2249_522.53_7.6",2249,522.5251091631,7.591166,"C34H64O2"
"225_251.2_1",225,251.200845143083,1.0107591,"C16H26O2"
"2250_437.45_7.6",2250,437.45469259335,7.5998526,NA
"2251_468.48_7.6",2251,468.477703182154,7.592583,"C30H61NO2"
"2252_794.61_7.6",2252,794.606034615877,7.6007843,"C44H86NO7P"
"2253_436.45_7.6",2253,436.451460058887,7.6013017,"C29H54O"
"2254_774.72_7.6",2254,774.719784439939,7.6020074,"C45H93N5O3"
"2255_494.5_7.6",2255,494.504893898403,7.602323,"C31H60N2O"
"2256_716.67_7.6",2256,716.667470520372,7.6004877,"C45H82N2O3"
"2258_770.57_7.6",2258,770.569581822981,7.6202283,"C41H82NO8P"
"2259_812.62_7.6",2259,812.616419187122,7.5780153,"C46H86NO8P"
"226_268.23_1",226,268.227364032695,1.0157937,"C16H26O2"
"2260_766.57_7.6",2260,766.573660521074,7.571518,"C46H72N2O6"
"2261_796.59_7.6",2261,796.585577628926,7.643568,"C45H82NO8P"
"2262_564.58_7.7",2262,564.583065734752,7.650908,"C36H73N3O"
"2263_530.35_7.6",2263,530.348545976514,7.614531,"C31H47NO6"
"2264_543.34_7.6",2264,543.343165897186,7.6323295,NA
"2265_578.56_7.7",2265,578.56228064264,7.6598463,"C36H71N3O2"
"2266_520.51_7.7",2266,520.508966002531,7.661856,"C34H62O2"
"2267_592.57_7.7",2267,592.566354410322,7.663254,"C38H75NO4"
"2268_800.62_7.7",2268,800.616578687768,7.668011,"C45H86NO8P"
"2269_590.56_7.7",2269,590.562381374971,7.6774178,NA
"227_293.21_1",227,293.211362000598,1.0199997,"C18H28O3"
"2270_794.61_7.6",2270,794.606180412676,7.612015,NA
"2271_448.45_7.7",2271,448.451304170675,7.670333,"C30H54O"
"2272_612.59_7.7",2272,612.592712257693,7.6752043,"C38H77NO4"
"2274_624.6_7.7",2274,624.603882126999,7.686586,NA
"2276_485.29_7.7",2276,485.289816412014,7.670981,"C29H40O6"
"2278_396.42_7.7",2278,396.420018757025,7.6855607,"C26H53NO"
"2279_502.32_7.7",2279,502.316532929338,7.6779466,"C29H40O6"
"228_437.19_1",228,437.193462932042,1.0210286,"C22H26N6O5"
"2280_746.61_7.6",2280,746.605778627754,7.633252,"C47H81NO4"
"2281_796.62_7.7",2281,796.621191178698,7.7001944,"C44H88NO7P"
"2282_610.55_7.7",2282,610.551978637396,7.692177,"C36H71N3O4"
"2283_768.55_7.7",2283,768.551288743304,7.6957903,"C41H80NO8P"
"2284_747.57_7.7",2284,747.573616884222,7.7004347,"C41H84N2O6S2"
"2285_544.47_7.7",2285,544.472507139238,7.6981835,"C35H63NO4"
"2286_746.57_7.7",2286,746.571051599458,7.701518,"C41H80NO8P"
"2287_574.48_7.7",2287,574.480706012202,7.702596,"C34H65NO4"
"2288_522.53_7.7",2288,522.525066224418,7.7047033,"C34H67NO2"
"2289_784.58_7.7",2289,784.582976192869,7.707977,"C42H84NO8P"
"229_453.17_1",229,453.168067700599,1.0230968,"C25H17N5O3"
"2290_469.51_7.7",2290,469.50930943023,7.7137685,"C30H61NO"
"2291_762.6_7.7",2291,762.600926424873,7.711266,"C47H81NO5"
"2292_427.46_7.7",2292,427.459697153314,7.7136726,NA
"2293_426.46_7.7",2293,426.456278072743,7.713038,NA
"2294_532.52_7.7",2294,532.520400572408,7.7282624,"C34H67N3O2"
"2295_424.45_7.7",2295,424.451616311261,7.7135644,"C28H59NO2"
"2296_847.9_7.7",2296,847.895367018939,7.713582,NA
"2297_482.5_7.7",2297,482.504403525924,7.7141294,NA
"2298_799.67_7.7",2298,799.668977868598,7.7358847,"C46H93N2O7P"
"2299_474.47_7.7",2299,474.467007498819,7.7246375,"C32H56O"
"23_252.12_0.5",23,252.120703715274,0.537815,"C11H19NO4"
"230_432.24_1",230,432.238576320004,1.0244615,"C24H30O6"
"2300_396.38_7.7",2300,396.383639815092,7.7267523,"C25H46O2"
"2301_500.48_7.7",2301,500.482842907139,7.7450104,"C34H63NO2"
"2302_1086.9_7.7",2302,1086.89744052668,7.7321672,NA
"2303_543.34_7.7",2303,543.343084705633,7.722618,"C31H46N2O6"
"2304_559.52_7.8",2304,559.517515436623,7.7630835,"C36H68N2O3"
"2305_582.59_7.8",2305,582.594891203799,7.7636223,"C36H72N2O2"
"2306_822.64_7.8",2306,822.636454749982,7.766784,"C46H90NO7P"
"2307_796.62_7.7",2307,796.621395377918,7.7218084,"C45H79FN2O7"
"2308_990.67_7.8",2308,990.666946768185,7.776328,"C59H93NO12"
"2309_1031.69_7.8",2309,1031.6934451576,7.7765946,NA
"231_418.22_1",231,418.219414446548,1.0253679,"C18H37NO7"
"2310_838.63_7.8",2310,838.632236887657,7.7893653,"C48H88NO8P"
"2311_608.61_7.8",2311,608.60910283467,7.790859,"C38H74N2O2"
"2312_532.55_7.8",2312,532.545538318656,7.791907,"C36H66O"
"2314_543.34_7.8",2314,543.343179321531,7.7917795,"C31H46N2O6"
"2315_560.54_7.8",2315,560.540739173922,7.8246956,"C37H71NO3"
"2316_545.52_7.8",2316,545.523159739517,7.825009,"C32H65NO4"
"2317_587.59_7.8",2317,587.58738220719,7.8246813,NA
"2318_558.54_7.8",2318,558.536167191125,7.8246927,NA
"2319_522.47_7.8",2319,522.46532595194,7.824945,"C31H65NO2"
"232_415.21_1",232,415.212218165413,1.0251243,"C24H30O6"
"2320_544.52_7.8",2320,544.521064385581,7.824949,NA
"2321_545.54_7.8",2321,545.541225130485,7.8249564,"C36H65NO"
"2322_500.48_7.8",2322,500.483061142461,7.8262367,"C34H58O"
"2323_999.96_7.8",2323,999.958222857864,7.8262253,NA
"2325_799.67_7.8",2325,799.669059199329,7.759038,"C48H83N3O5"
"2326_600.5_7.8",2326,600.496513165367,7.83162,NA
"2327_622.55_7.8",2327,622.552037563759,7.8314457,"C37H71N3O4"
"2328_296.26_7.8",2328,296.25836714951,7.833365,"C18H30O2"
"2329_623.58_7.8",2329,623.576123366089,7.8318315,NA
"233_397.2_1",233,397.201349575454,1.0253477,"C24H30O6"
"2330_636.57_7.8",2330,636.567751076638,7.8325777,NA
"2331_502.49_7.8",2331,502.488771813403,7.8254457,NA
"2332_1162.93_7.8",2332,1162.92945188495,7.839123,NA
"2334_838.63_7.8",2334,838.632282910025,7.791912,NA
"2335_526.52_7.8",2335,526.519725572409,7.8464785,"C33H64O3"
"2336_520.51_7.8",2336,520.509061441465,7.8498955,"C34H62O2"
"2337_578.56_7.9",2337,578.562181826392,7.850534,"C36H71N3O2"
"2338_846.67_7.9",2338,846.670747075135,7.8696475,NA
"2339_810.6_7.9",2339,810.598862165313,7.8775415,"C44H86NO8P"
"234_281.14_1",234,281.138507366618,1.0255653,"C15H22O6"
"2340_608.61_7.8",2340,608.609120185732,7.8118467,"C38H74N2O2"
"2341_788.62_7.9",2341,788.616971746852,7.8799872,"C44H86NO8P"
"2343_609.63_7.9",2343,609.631882313979,7.885422,"C39H77NO2"
"2344_789.62_7.9",2344,789.619984565459,7.880776,"C44H77N5O6"
"2345_566.56_7.9",2345,566.562656196816,7.8947134,"C35H68N2O2"
"2346_567.58_7.9",2346,567.583873430519,7.894471,"C36H71NO2"
"2347_580.58_7.9",2347,580.577673834847,7.8944483,NA
"2348_522.52_7.9",2348,522.524992718194,7.8947206,"C34H64O2"
"2349_544.51_7.9",2349,544.505932509006,7.896898,"C34H67NO2"
"235_295.12_1",235,295.117916554864,1.0260284,"C15H20O7"
"2350_504.51_7.9",2350,504.513986998624,7.898095,"C34H62O"
"2351_452.47_7.9",2351,452.473281401142,7.9023805,NA
"2352_450.47_7.9",2352,450.46719192745,7.9029326,"C30H56O"
"2353_508.52_7.9",2353,508.520356305705,7.9029417,NA
"2354_899.93_7.9",2354,899.927126202358,7.9029374,"C60H115NO2"
"2355_451.47_7.9",2355,451.47008060244,7.90262,NA
"2356_606.59_7.9",2356,606.593557975254,7.9163823,"C38H72N2O2"
"2358_822.64_7.9",2358,822.638929065513,7.9029694,"C46H89NO9"
"236_851.4_1",236,851.398982557997,1.0260118,"C48H60O12"
"2360_1112.91_7.9",2360,1112.91358012982,7.9225283,"C74H123NO3"
"2361_526.52_7.9",2361,526.519721757064,7.8668175,"C33H64O3"
"2363_543.34_7.9",2363,543.343268756817,7.942417,NA
"2364_502.32_7.9",2364,502.316691969395,7.9201794,"C29H40O6"
"2365_485.29_7.9",2365,485.289897660893,7.910203,"C29H40O6"
"2366_568.57_7.9",2366,568.56707126222,7.9439664,"C36H70O3"
"2367_788.62_7.9",2367,788.616994601527,7.8969545,"C46H78N2O7"
"2368_474.47_7.9",2368,474.46717292346,7.949065,"C32H56O"
"2369_571.57_7.9",2369,571.574826125192,7.944678,NA
"237_867.37_1",237,867.372691901088,1.0260248,NA
"2370_590.55_8",2370,590.546550808123,7.950489,"C36H73NO3"
"2371_780.59_8",2371,780.590992262751,7.95797,NA
"2372_530.35_7.9",2372,530.34839208749,7.9361634,"C31H44O6"
"2373_554.55_8",2373,554.551309800939,7.964211,"C35H71NO3"
"2374_1231.01_8",2374,1231.01318017438,7.9644303,NA
"2375_473.26_8",2375,473.264877111686,7.957203,"C26H33NO6"
"2376_636.57_8",2376,636.567590565966,7.9720616,"C38H73N3O4"
"2377_397.39_8",2377,397.386905625991,8.041964,NA
"2378_438.43_8",2378,438.430590772465,7.9757915,"C28H52O2"
"2379_395.37_8",2379,395.371717691409,7.977003,"C18H43N5O3"
"238_459.25_1",238,459.249806173704,1.0269243,"C26H32N6O3"
"2380_789.67_8",2380,789.674334738045,8.01857,"C45H92N2O6S"
"2381_396.38_8",2381,396.383626965027,7.9794607,"C25H46O2"
"2382_576.5_8",2382,576.495659119585,7.9863877,"C34H67NO4"
"2383_394.37_8",2383,394.367960000081,7.978083,"C25H44O2"
"2384_612.57_8",2384,612.567487472906,7.9783316,NA
"2385_412.38_8",2385,412.378329458811,8.027891,"C25H49NO3"
"2386_598.55_8",2386,598.551880141673,7.9938836,"C35H68N2O4"
"2387_599.58_8",2387,599.575552907755,8.005855,NA
"2388_462.47_8",2388,462.466960985833,7.9880447,"C31H56O"
"239_135.08_1",239,135.080621136595,1.0271533,"C9H12O2"
"2392_473.32_8",2392,473.318219577804,8.011315,"C31H46O"
"2393_809.65_8",2393,809.650891391404,8.0209055,"C45H91N2O6P"
"2394_1226.81_8",2394,1226.80798689848,8.007838,"C61H109N11O13"
"2395_395.37_8",2395,395.371730489952,7.986608,"C23H43N3O"
"2396_815.64_8",2396,815.635725518578,8.027064,"C46H84N6O7"
"2397_485.29_8",2397,485.289796144106,8.00626,"C29H40O6"
"2398_502.32_8",2398,502.31672261465,7.9992733,"C29H40O6"
"2399_787.67_8",2399,787.66949359929,8.034157,"C45H93N2O7P"
"24_277.21_0.5",24,277.212138522397,0.53930956,"C13H25NO4"
"240_846.44_1",240,846.443654192432,1.0271529,"C46H65NO12"
"2400_424.45_8",2400,424.451256204099,7.950264,"C28H59NO2"
"2401_592.58_8",2401,592.577819385677,8.046406,"C37H73N3O2"
"2402_556.51_8",2402,556.506541962857,8.025454,"C32H62N2O4"
"2403_502.5_8",2403,502.498444006547,8.043277,"C34H60O"
"2404_814.63_8",2404,814.633456550432,8.026742,"C46H88NO8P"
"2405_788.67_8",2405,788.671073240834,8.037177,"C47H95NO3Si"
"2406_579.58_8",2406,579.584665147285,8.029681,"C37H71NO2"
"2407_789.67_8",2407,789.674510446586,8.027629,"C49H81N5O2"
"2408_578.56_8.1",2408,578.56216891181,8.053196,"C36H71N3O2"
"2409_438.47_8",2409,438.466974358361,8.035841,"C29H61NO2"
"241_446.25_1",241,446.254246166581,1.029197,"C25H32O6"
"2410_734.57_8",2410,734.569814419202,8.006255,"C40H80NO8P"
"2411_543.34_8",2411,543.34315514092,8.029448,NA
"2412_526.52_8",2412,526.519679758166,8.038827,"C33H64O3"
"2413_730.57_8",2413,730.574831318271,8.040193,"C43H81NO5"
"2414_598.55_8",2414,598.551938768067,8.031845,"C35H68N2O4"
"2415_599.58_8",2415,599.575530995663,8.035105,NA
"2417_554.51_8",2417,554.514569306243,8.049353,"C34H64O4"
"2418_576.5_8",2418,576.495901052014,8.005327,"C34H67NO4"
"2419_394.37_8",2419,394.367974339262,8.037062,"C25H44O2"
"242_460.27_1",242,460.269685098507,1.0294083,"C26H34O6"
"2420_612.57_8",2420,612.567575791146,8.049421,NA
"2421_412.38_8",2421,412.378349178115,8.049723,"C25H46O3"
"2422_396.38_8",2422,396.383584683229,8.048029,"C25H46O2"
"2423_530.35_8",2423,530.348560810751,8.029542,"C31H47NO6"
"2424_592.58_8.1",2424,592.577891699464,8.068298,NA
"2425_184.07_8.1",2425,184.073344618546,8.0718355,"C7H15NO2"
"2427_503.32_8.1",2427,503.31985524042,8.087653,"C22H39N5O7"
"2428_814.69_8.1",2428,814.687308764712,8.104315,"C47H84N6O4"
"2429_507.27_8.1",2429,507.271858001916,8.095243,"C26H40N2O9"
"243_473.26_1",243,473.264885269504,1.0318993,NA
"2430_572.39_8.1",2430,572.394659705811,8.087653,"C34H50O6"
"2431_813.68_8.1",2431,813.684912608272,8.105663,"C47H95N2O7P"
"2433_835.67_8.1",2433,835.666548672222,8.104289,"C47H93N2O6P"
"2434_787.67_8",2434,787.669595742785,8.049875,"C47H83N3O5"
"2435_500.48_8.1",2435,500.483180905854,8.096952,"C34H63NO2"
"2436_520.52_8.1",2436,520.521050797118,8.106814,"C33H62N2O"
"2437_558.54_8.1",2437,558.536137883152,8.101397,"C36H67N3O"
"2438_478.49_8.1",2438,478.489020557113,8.111193,NA
"2439_477.49_8.1",2439,477.485853039415,8.110708,NA
"244_488.3_1",244,488.301156248802,1.0341506,"C28H38O6"
"2440_476.48_8.1",2440,476.482921240508,8.111184,"C32H58O"
"2441_534.54_8.1",2441,534.536103809904,8.112741,"C34H67N3O"
"2442_788.67_8.1",2442,788.671628483155,8.051403,"C44H86N2O8"
"2443_501.49_8.1",2443,501.486349171405,8.1058035,NA
"2444_1138.93_8.1",2444,1138.92949470482,8.120802,NA
"2445_780.59_8.1",2445,780.591031496676,8.124587,NA
"2446_485.29_8.1",2446,485.289772925984,8.120444,"C29H40O6"
"2447_530.35_8.1",2447,530.34870534731,8.103731,"C31H44O6"
"2448_450.47_8.1",2448,450.467118887481,8.128261,"C30H56O"
"2449_424.45_8.1",2449,424.451268083412,8.072192,"C28H59NO2"
"245_311.24_1",245,311.241176090809,1.032031,NA
"2450_502.32_8.1",2450,502.316984564973,8.120448,"C29H40O6"
"2451_543.34_8.1",2451,543.343142905584,8.129851,"C31H46N2O6"
"2452_580.58_8.2",2452,580.578097833167,8.159351,"C36H75N3O3"
"2453_522.52_8.2",2453,522.524855729964,8.163458,"C34H64O2"
"2454_806.65_8.2",2454,806.648171738351,8.167135,"C46H89NO8"
"2455_784.67_8.2",2455,784.66674997539,8.166234,"C46H89NO8"
"2456_564.58_8.2",2456,564.582686339023,8.17419,"C36H70N2O"
"2457_594.58_8.2",2457,594.582335691919,8.200227,"C38H77NO4"
"2458_814.69_8.1",2458,814.687336524458,8.130437,NA
"2459_558.45_8.2",2459,558.452397180277,8.208192,NA
"246_310.24_1",246,310.237700816485,1.0379269,"C18H28O3"
"2460_836.67_8.2",2460,836.668349972822,8.170721,"C48H86N2O8"
"2462_813.68_8.1",2462,813.684869716447,8.136511,"C54H85NO3"
"2463_694.62_8.2",2463,694.619323014541,8.224757,"C43H83NO3S"
"2464_543.34_8.2",2464,543.343214084968,8.177127,"C31H46N2O6"
"2465_1226.81_8.2",2465,1226.80822363174,8.238305,"C61H109N11O13"
"2466_522.54_8.2",2466,522.536909783041,8.229306,"C33H64N2O"
"2467_464.48_8.2",2467,464.482870906248,8.23664,"C31H58O"
"247_346.33_1",247,346.331838151182,1.0412267,"C20H43NO3"
"2470_496.51_8.2",2470,496.510049641324,8.241763,"C32H62O2"
"2471_965.97_8.2",2471,965.973968288922,8.247955,NA
"2473_832.66_8.2",2473,832.663793098047,8.248406,"C48H91NO8"
"2474_485.29_8.3",2474,485.290114488685,8.254159,"C29H40O6"
"2475_792.67_8.3",2475,792.670723647541,8.251346,"C48H91NO8"
"2476_810.68_8.3",2476,810.682268115838,8.250107,"C48H91NO8"
"2478_424.45_8.2",2478,424.451315465516,8.219349,"C28H59NO2"
"2479_561.55_8.3",2479,561.553811859416,8.288197,NA
"248_313.28_1.1",248,313.284989493672,1.0567396,"C18H33NO2"
"2480_547.54_8.3",2480,547.53850527475,8.288446,NA
"2481_977.97_8.3",2481,977.973789455199,8.287469,NA
"2482_264.27_8.3",2482,264.26858715278,8.289485,NA
"2483_562.56_8.3",2483,562.556073084672,8.288261,"C37H73NO3"
"2484_790.69_8.3",2484,790.687662237872,8.3338175,NA
"2485_546.54_8.3",2485,546.536033368828,8.290213,"C35H64N2O"
"2486_505.51_8.3",2486,505.506563608273,8.290803,NA
"2487_504.5_8.3",2487,504.503324526275,8.291526,NA
"2488_547.56_8.3",2488,547.556626498426,8.290739,"C36H67NO"
"2489_589.6_8.3",2489,589.603240997202,8.291216,"C39H73NO"
"249_275.2_1.1",249,275.200797968348,1.0694157,"C18H26O2"
"2490_560.55_8.3",2490,560.551636265621,8.2909565,NA
"2491_1003.99_8.3",2491,1003.98948026566,8.2910385,NA
"2492_502.5_8.3",2492,502.499100849316,8.291796,"C34H60O"
"2493_503.5_8.3",2493,503.500290369759,8.291285,NA
"2494_524.48_8.3",2494,524.480142509974,8.292027,NA
"2495_803.51_8.4",2495,803.506162086063,8.359201,NA
"2496_1008.02_8.3",2496,1008.02014790958,8.293168,NA
"2497_789.68_8.3",2497,789.683654889316,8.31519,NA
"2498_762.48_8.4",2498,762.479691329204,8.367461,NA
"2499_1164.94_8.3",2499,1164.94446760792,8.309149,"C78H118N2O4"
"25_313.21_0.5",25,313.212133012279,0.5418457,"C16H25NO4"
"250_293.23_1.1",250,293.23055218548,1.0698478,"C11H25N5O3"
"2501_575.55_8.3",2501,575.551310852139,8.327119,"C37H67NO2"
"2502_953.97_8.3",2502,953.973935334485,8.330526,NA
"2503_534.54_8.3",2503,534.535955686544,8.325253,"C34H69N3O2"
"2504_543.34_8.4",2504,543.343280894913,8.379847,"C31H46N2O6"
"2505_510.54_8.3",2505,510.535537918391,8.344083,NA
"2506_452.48_8.3",2506,452.483083671806,8.344337,"C30H63NO2"
"2507_903.96_8.3",2507,903.958486140606,8.3446045,"C60H119NO2"
"2508_1226.81_8.4",2508,1226.80838254043,8.352123,"C61H109N11O13"
"2509_583.59_8.4",2509,583.585519158624,8.361894,NA
"251_481.36_1.1",251,481.364215190089,1.0717312,"C27H45NO5"
"2510_904.96_8.3",2510,904.96177584639,8.344351,NA
"2511_1114.93_8.4",2511,1114.92970466442,8.3614235,NA
"2512_582.58_8.4",2512,582.582273336561,8.361545,"C37H75NO3"
"2513_1256.82_8.4",2513,1256.81923040004,8.361747,"C62H111N11O14"
"2514_911.53_8.4",2514,911.533864085482,8.362795,"C44H71N5O14"
"2515_768.58_8.4",2515,768.580020040941,8.363507,"C42H73N9O4"
"2516_870.51_8.4",2516,870.507351343525,8.362769,"C54H69N3O8"
"2517_740.55_8.4",2517,740.546696273445,8.364652,"C40H79NO8"
"2518_781.57_8.4",2518,781.573022458149,8.365264,NA
"252_292.23_1.1",252,292.22714544566,1.0680287,"C18H26O2"
"2520_762.48_8.4",2520,762.479705705548,8.370126,"C43H69N3O6"
"2521_803.51_8.4",2521,803.506139362011,8.370487,"C45H72N4O6"
"2522_745.45_8.4",2522,745.453236978488,8.370404,"C42H66O12"
"2524_587.55_8.4",2524,587.548505831885,8.378169,"C38H70N2O2"
"2525_610.63_8.4",2525,610.626766919976,8.384479,"C38H76N2O2"
"2526_502.32_8.4",2526,502.318372524878,8.375871,"C29H40O6"
"2527_485.29_8.4",2527,485.290093441402,8.380647,"C29H40O6"
"2528_475.35_8.4",2528,475.34569804819,8.392859,"C23H46N4O6"
"2529_490.5_8.4",2529,490.4987911209,8.397286,"C33H60O"
"253_254.25_1.1",253,254.247977430415,1.076875,"C16H28O"
"2530_564.58_8.4",2530,564.58278326039,8.40014,"C36H75N3O2"
"2531_548.55_8.4",2531,548.553254559823,8.400492,"C35H66N2O"
"2532_424.45_8.4",2532,424.45137128561,8.383081,"C28H59NO2"
"2533_608.61_8.4",2533,608.609206974585,8.4069605,NA
"2534_543.34_8.4",2534,543.343254447455,8.398321,NA
"2535_500.48_8.4",2535,500.484113819849,8.411723,"C34H63NO2"
"2536_530.35_8.4",2536,530.348695251428,8.379015,"C31H47NO6"
"2538_586.57_8.4",2538,586.567325937111,8.429771,"C38H68N2O"
"2539_561.55_8.4",2539,561.554195613275,8.445007,NA
"254_507.38_1.1",254,507.377845812005,1.082017,"C25H48N8O4"
"2540_1251.84_8.4",2540,1251.83981998973,8.441453,NA
"2541_560.55_8.4",2541,560.551715043292,8.444448,NA
"2542_1252.84_8.4",2542,1252.84469539383,8.440365,NA
"2543_546.54_8.4",2543,546.536079065629,8.445585,"C35H64N2O"
"2544_1210.81_8.4",2544,1210.81337363895,8.446135,"C61H109N11O12"
"2545_1215.77_8.4",2545,1215.76815126154,8.446135,"C76H102N4O9"
"2546_1213.82_8.4",2546,1213.82279634973,8.445176,NA
"2547_640.62_8.5",2547,640.62430654485,8.452312,"C40H78O4"
"2548_1003.99_8.4",2548,1003.98960353782,8.449751,NA
"2549_820.66_8.5",2549,820.663766005964,8.456185,NA
"255_355.3_1",255,355.295810585853,1.045885,"C20H35NO3"
"2550_547.56_8.5",2550,547.55723207974,8.456203,"C36H67NO"
"2551_798.68_8.5",2551,798.6821833009,8.453804,"C47H91NO8"
"2552_589.6_8.5",2552,589.603149017167,8.458502,"C39H78N2O2"
"2554_752.66_8.5",2554,752.661620865117,8.467657,"C42H86O9"
"2555_1164.95_8.5",2555,1164.94517573958,8.468168,"C78H118N2O4"
"2556_620.6_8.5",2556,620.597723215837,8.471523,"C40H79NO4"
"2557_502.5_8.5",2557,502.499063058452,8.471491,"C34H60O"
"2558_528.51_8.5",2558,528.514166993194,8.472091,"C36H62O"
"2559_635.65_8.5",2559,635.645653444501,8.473253,"C41H84N2O3"
"256_373.31_1.1",256,373.306249761024,1.0836493,"C20H37NO4"
"2560_503.5_8.5",2560,503.501337969715,8.475424,NA
"2561_801.69_8.5",2561,801.685239730604,8.488492,"C15H13I4NO4"
"2562_522.54_8.5",2562,522.537125323956,8.485754,NA
"2563_536.55_8.5",2563,536.551709493454,8.485242,NA
"2564_537.55_8.5",2564,537.554579368134,8.48396,NA
"2565_523.56_8.5",2565,523.557153288921,8.486171,"C34H67NO"
"2566_500.48_8.5",2566,500.481789988824,8.490146,"C34H58O"
"2567_955.99_8.5",2567,955.989991480777,8.491064,NA
"2568_481.51_8.5",2568,481.507028574555,8.491857,NA
"2569_478.5_8.5",2569,478.499142991735,8.492376,"C32H60O"
"257_485.4_1.1",257,485.395210887326,1.0864657,"C30H54O3"
"2570_815.7_8.5",2570,815.698286964984,8.480872,"C49H87N3O5"
"2575_982_8.5",2575,981.997538465256,8.500807,NA
"2576_979.99_8.5",2576,979.989669672572,8.501552,NA
"2578_1084.88_8.5",2578,1084.88261081214,8.507627,NA
"2579_1140.95_8.5",2579,1140.94557166393,8.509575,NA
"258_350.23_1.1",258,350.230443778562,1.0901062,"C18H33NO4"
"2580_665.44_8.5",2580,665.444626476541,8.511266,"C30H57N5O10"
"2581_629.37_8.5",2581,629.373383196774,8.513956,NA
"2582_624.42_8.5",2582,624.417984435924,8.513695,"C28H54N4O10"
"2583_607.39_8.5",2583,607.391522919083,8.513951,"C38H55O4P"
"2584_652.45_8.5",2584,652.451710942567,8.513951,"C33H63N3O8"
"2585_524.48_8.5",2585,524.480486344907,8.514489,"C31H61N3O3"
"2586_651.43_8.5",2586,651.429165271836,8.514751,NA
"2587_1108.88_8.5",2587,1108.88248094271,8.515875,"C74H110N2O4"
"2588_383.14_8.5",2588,383.14087448472,8.520163,"C16H28N2O4S"
"2589_1003.99_8.5",2589,1003.98959339727,8.524686,NA
"259_539.37_1.1",259,539.367579706374,1.0992397,"C25H46N8O5"
"2590_1286.87_8.5",2590,1286.86597416452,8.529443,NA
"2591_424.45_8.5",2591,424.451452507326,8.505938,"C28H59NO2"
"2592_546.54_8.5",2592,546.536075798535,8.517703,"C35H67N3O"
"2593_560.55_8.5",2593,560.551624240853,8.5418215,"C36H71N3O2"
"2594_543.34_8.6",2594,543.343000040551,8.5585985,NA
"2595_452.48_8.5",2595,452.482788787332,8.501512,"C30H63NO2"
"2596_1321.99_8.5",2596,1321.98507882691,8.529739,"C73H125N9O11"
"2597_983.01_8.6",2597,983.005355860161,8.590622,NA
"2599_982_8.6",2599,982.004649297111,8.588987,NA
"26_316.21_0.5",26,316.211882939111,0.53866345,"C16H26O5"
"260_286.31_1.1",260,286.3105769323,1.1029087,"C18H36O"
"2600_563.57_8.6",2600,563.568743983372,8.6154995,NA
"2601_564.57_8.6",2601,564.570926522168,8.621216,"C37H75NO3"
"2602_1007.01_8.6",2602,1007.00754741567,8.608101,NA
"2603_549.57_8.6",2603,549.572645862663,8.610361,"C36H69NO"
"2604_1006_8.6",2604,1006.00388171418,8.608571,NA
"2605_591.62_8.6",2605,591.617490276837,8.617047,"C39H75NO"
"2606_562.57_8.6",2606,562.566433293593,8.6205845,NA
"2607_548.55_8.6",2607,548.550931303931,8.618407,"C35H66N2O"
"2608_466.5_8.6",2608,466.498185255553,8.617861,"C31H63NO"
"2609_1210.81_8.6",2609,1210.81022396628,8.620546,"C61H109N11O12"
"261_732.45_1.1",261,732.445093493428,1.1041241,"C42H63NO8"
"2610_1215.76_8.6",2610,1215.76420977761,8.62178,"C76H102N4O9"
"2611_801.68_8.6",2611,801.684872028626,8.607796,NA
"2612_970_8.6",2612,970.003015948848,8.62709,NA
"2613_1166.96_8.6",2613,1166.9586136969,8.634126,"C78H120N2O4"
"2614_501.73_8.7",2614,501.733180921039,8.652966,NA
"2615_827.7_8.6",2615,827.698035276072,8.638555,"C50H87N3O5"
"2616_528.5_8.7",2616,528.50123036407,8.667547,NA
"2617_649.66_8.7",2617,649.65864399846,8.651079,"C42H81NO2"
"2618_955.99_8.6",2618,955.986414655146,8.6303425,NA
"2619_501.74_8.7",2619,501.736931076278,8.655297,NA
"262_359.33_1.1",262,359.327095926292,1.1021637,"C20H39NO3"
"2620_507.31_8.7",2620,507.313023076112,8.661452,"C21H44N6O9"
"2621_507.32_8.7",2621,507.317060798451,8.658422,"C26H44N4O7"
"2622_508.32_8.7",2622,508.32177739933,8.660808,NA
"2623_659.64_8.7",2623,659.644851944881,8.66835,"C43H79NO2"
"2624_1030_8.7",2624,1029.99985974233,8.669299,NA
"2625_564.57_8.6",2625,564.571020821798,8.640011,"C37H75NO3"
"2626_507.52_8.7",2626,507.521061054486,8.668315,NA
"2627_1008.02_8.7",2627,1008.01930769353,8.670501,NA
"2628_266.28_8.7",2628,266.283701014116,8.670744,"C18H32"
"2629_526.49_8.7",2629,526.494826092459,8.671549,NA
"263_502.29_1.1",263,502.294153039211,1.1127222,"C25H44NO7P"
"2630_505.51_8.7",2630,505.5146393519,8.671953,"C34H70OSi"
"2631_506.52_8.7",2631,506.517753618103,8.670985,NA
"2632_504.51_8.7",2632,504.514085111669,8.672002,"C34H62O"
"2633_501.72_8.7",2633,501.715025546186,8.66735,NA
"2634_507.32_8.7",2634,507.32052453472,8.675489,"C26H48N2O5"
"2635_507.34_8.7",2635,507.337289339686,8.666589,"C30H48N2O2"
"2636_502.72_8.7",2636,502.723086681141,8.675996,NA
"2638_452.48_8.7",2638,452.481237917205,8.668567,"C30H63NO2"
"264_336.25_1.1",264,336.251089136982,1.1101674,"C18H35NO3"
"2640_503.5_8.7",2640,503.504491057573,8.659654,"C32H59N3"
"2641_548.55_8.6",2641,548.550528280407,8.640408,"C35H69N3O"
"2642_810.7_8.7",2642,810.702829516391,8.702814,"C46H88N4O6"
"2643_549.57_8.7",2643,549.572753929393,8.653049,"C36H72N2O"
"2644_562.57_8.7",2644,562.566320331767,8.674412,"C36H73N3O2"
"2645_591.62_8.7",2645,591.617620300112,8.697041,"C39H80N2O2"
"2646_554.55_8.7",2646,554.550483706714,8.714838,"C35H71NO3"
"2647_794.69_8.7",2647,794.686488471337,8.718269,"C48H93NO8"
"2648_812.7_8.7",2648,812.696999154478,8.719317,"C48H93NO8"
"2649_834.68_8.7",2649,834.678812513883,8.723454,"C48H93NO8"
"265_467.38_1.1",265,467.384226501646,1.1219136,"C27H47NO4"
"2650_1192.8_8.7",2650,1192.80235187141,8.730804,"C74H102N4O8"
"2651_1193.8_8.7",2651,1193.8048363587,8.730803,NA
"2652_555.55_8.7",2652,555.55357985838,8.716607,NA
"2653_568.57_8.8",2653,568.566069197537,8.799358,"C36H75NO4"
"2654_560.55_8.7",2654,560.550800197467,8.739945,"C36H71N3O2"
"2655_1194.81_8.7",2655,1194.81007054197,8.730889,"C75H107N3O9"
"2656_596.6_8.8",2656,596.597798247083,8.758163,"C38H77NO3"
"2657_424.45_8.8",2657,424.451410285516,8.776189,"C28H59NO2"
"2658_1259.04_8.8",2658,1259.04472702539,8.756358,NA
"266_340.3_1.1",266,340.295748003231,1.1210206,"C19H34N2O2"
"2660_996.02_8.8",2660,996.020760885937,8.764596,NA
"2661_492.51_8.8",2661,492.514792315308,8.76886,"C33H62O"
"2662_550.57_8.8",2662,550.567512106739,8.770414,"C35H68N2O"
"2663_984.02_8.8",2663,984.020565878679,8.768678,NA
"2664_536.55_8.8",2664,536.551337943681,8.761544,"C34H71N3O2"
"2665_478.5_8.7",2665,478.497942432767,8.716151,"C32H60O"
"2666_1154.96_8.8",2666,1154.96010420675,8.778275,NA
"2667_543.34_8.8",2667,543.342469982501,8.788339,NA
"2668_679.46_8.8",2668,679.459945958946,8.789518,NA
"2669_621.41_8.8",2669,621.406255557961,8.795024,"C41H58O2"
"267_266.25_1.1",267,266.248094450513,1.1223772,"C17H28O"
"2670_588.58_8.8",2670,588.583127196805,8.797356,NA
"2671_485.29_8.9",2671,485.289128646434,8.854975,"C29H40O6"
"2672_502.32_8.9",2672,502.3189336489,8.863968,"C26H44O6S"
"2673_582.58_8.8",2673,582.581085115296,8.804079,"C37H75NO3"
"2674_452.48_8.8",2674,452.481919514054,8.790656,"C30H63NO2"
"2675_530.53_8.8",2675,530.529541350007,8.817705,"C36H64O"
"2676_531.53_8.8",2676,531.532427836586,8.817967,NA
"2677_600.55_8.9",2677,600.552174353692,8.869691,NA
"2679_526.5_8.8",2679,526.496109587547,8.820803,NA
"268_278.25_1.1",268,278.248129241598,1.1230562,"C18H28O"
"2680_560.56_8.8",2680,560.556222006297,8.824482,"C34H70O4"
"2681_1034.04_8.8",2681,1034.03630199134,8.825883,NA
"2682_560.56_8.8",2682,560.559642587986,8.84561,"C34H70O4"
"2683_561.56_8.8",2683,561.56239721546,8.847063,"C38H74O3"
"2684_809.6_8.8",2684,809.60384986956,8.83347,NA
"2685_768.58_8.8",2685,768.577604175164,8.83408,"C42H83NO8"
"2686_1008.02_8.8",2686,1008.02046798195,8.842464,NA
"2687_505.52_8.8",2687,505.515869036732,8.848619,NA
"2688_504.51_8.8",2688,504.514492752449,8.849656,"C34H62O"
"2689_1236.85_8.9",2689,1236.8482310673,8.855537,NA
"269_328.28_1.1",269,328.28469863711,1.1234317,"C19H37NO3"
"2690_1166.96_8.9",2690,1166.96003316097,8.853028,"C78H120N2O4"
"2691_1215.75_8.9",2691,1215.74692861638,8.851549,"C74H100N6O10"
"2692_568.57_8.9",2692,568.566300344337,8.860176,"C36H73NO3"
"2693_1221.83_8.9",2693,1221.82921537619,8.854464,NA
"2694_1235.84_8.9",2694,1235.84395192714,8.855774,NA
"2695_1222.84_8.9",2695,1222.83713843498,8.853968,"C61H111N11O14"
"2696_1199.77_8.9",2696,1199.77207896775,8.856293,"C73H108O12"
"2697_1197.83_8.9",2697,1197.82735976096,8.857231,NA
"2698_1198.83_8.9",2698,1198.82972855508,8.856712,NA
"2699_1194.82_8.9",2699,1194.81830932941,8.857491,"C73H108O12"
"27_139.08_0.5",27,139.075442360799,0.5405762,"C8H12O3"
"270_279.25_1.1",270,279.251310174143,1.122153,NA
"2700_485.29_8.9",2700,485.289009172496,8.869048,"C29H40O6"
"2701_540.54_8.9",2701,540.535252433354,8.869148,"C34H69NO3"
"2702_560.56_8.9",2702,560.559369822275,8.867152,"C34H70O4"
"2703_766.46_8.9",2703,766.462455057822,8.872013,"C41H68NO10P"
"2704_596.6_8.9",2704,596.598563778223,8.860708,"C38H74O3"
"2705_594.59_8.9",2705,594.591238953143,8.88481,NA
"2706_322.33_8.9",2706,322.329840046982,8.884326,"C14H36N6O"
"2707_313.27_8.9",2707,313.273319601532,8.884035,"C19H36O3"
"2708_1178.11_8.9",2708,1178.11487981133,8.885683,NA
"2709_595.6_8.9",2709,595.59683536047,8.885448,NA
"271_261.22_1.1",271,261.22153033983,1.1239562,"C18H28O"
"2710_600.55_8.9",2710,600.552156280856,8.8859,"C36H70O5"
"2711_616.53_8.9",2711,616.525770553971,8.886307,NA
"2712_578.57_8.9",2712,578.569217765165,8.884971,NA
"2713_646.61_8.9",2713,646.612463833406,8.886481,"C42H81NO4"
"2714_599.55_8.9",2714,599.545793088179,8.888618,NA
"2715_502.32_8.9",2715,502.318497457936,8.898944,"C29H40O6"
"2716_477.93_8.9",2716,477.932883451222,8.902354,NA
"2717_483.12_8.9",2717,483.117824245437,8.900954,"C22H23F3N2O6S"
"2718_478.5_8.8",2718,478.498312699334,8.837888,"C32H60O"
"2719_452.48_8.9",2719,452.482037321772,8.860858,"C30H63NO2"
"272_319.24_1.1",272,319.243749010944,1.1258706,"C18H32BNO4"
"2720_483.52_8.9",2720,483.522912973079,8.898478,"C31H66N2O"
"2721_602.56_8.9",2721,602.558706703695,8.88423,"C36H73N3O2"
"2722_984.02_8.9",2722,984.020428771781,8.898951,NA
"2723_480.51_8.9",2723,480.514466202919,8.899284,"C32H65NO"
"2724_960.02_8.9",2724,960.020710598691,8.901784,NA
"2725_477.91_8.9",2725,477.91431936273,8.903632,NA
"2726_815.7_8.9",2726,815.700021798957,8.937839,"C47H97N2O7P"
"2727_538.57_8.9",2727,538.567016853842,8.907558,"C34H71N3O"
"2728_526.5_8.9",2728,526.496250497568,8.8816185,NA
"2729_502.5_8.9",2729,502.499629642443,8.857699,"C34H65NO2"
"273_341.32_1.1",273,341.316313205624,1.1255383,"C20H37NO2"
"2730_1142.96_8.9",2730,1142.95927342891,8.916557,NA
"2731_1065.94_8.9",2731,1065.94494701855,8.923142,"C63H124N4O8"
"2732_615.58_8.9",2732,615.579748724963,8.924226,NA
"2733_1089.95_8.9",2733,1089.94510200967,8.9282875,"C72H120N4O3"
"2734_1091.95_8.9",2734,1091.95402047305,8.933185,NA
"2735_518.53_8.9",2735,518.529020800458,8.933436,"C35H64O"
"2736_1171.87_8.9",2736,1171.86971772237,8.933104,NA
"2737_586.44_8.9",2737,586.43863218884,8.93645,NA
"2738_424.45_8.9",2738,424.451481122341,8.920787,"C28H59NO2"
"2739_644.49_8.9",2739,644.491726148985,8.938266,"C40H63N5O3"
"274_310.27_1.1",274,310.27374284765,1.1283772,"C19H37NO3"
"2740_587.44_8.9",2740,587.441709980176,8.9359,"C33H60N2O5"
"2741_631.5_8.9",2741,631.498982971327,8.939013,"C40H68N2O"
"2742_588.44_8.9",2742,588.444918583799,8.936622,"C28H57N7O6"
"2743_630.48_8.9",2743,630.476464309656,8.939243,"C35H69NO7S"
"2744_608.42_8.9",2744,608.420229430101,8.9394,"C38H55N3O2"
"2745_673.54_8.9",2745,673.543142488455,8.93951,"C42H72O6"
"2746_1210.81_8.9",2746,1210.81237035116,8.939729,"C61H109N11O12"
"2747_659.53_8.9",2747,659.527183261004,8.938789,"C40H68NO3P"
"2748_485.29_8.9",2748,485.288912452027,8.89441,"C29H40O6"
"2749_632.5_8.9",2749,632.501424655376,8.937668,"C37H71NO4"
"275_318.24_1.1",275,318.240278878256,1.1307414,"C15H28N2O4"
"2751_1248.88_8.9",2751,1248.88488500755,8.948361,NA
"2752_1265.91_8.9",2752,1265.91106251022,8.948361,"C81H122N2O10"
"2753_479.5_8.9",2753,479.502056604252,8.905012,"C32H68OSi"
"2754_562.57_8.9",2754,562.566998598159,8.90565,"C36H73N3O2"
"2755_543.34_9",2755,543.342599583243,8.953222,NA
"2756_503.32_8.9",2756,503.321671929495,8.922953,"C25H44N4O5"
"2757_478.5_8.9",2757,478.498846033812,8.905627,"C32H60O"
"2758_492.51_9",2758,492.514433084,8.955904,"C33H62O"
"2759_530.53_9",2759,530.530013647307,8.968696,"C36H64O"
"276_493.36_1.1",276,493.362095886337,1.1318072,"C26H50N2O5"
"2760_622.61_9",2760,622.613374861474,8.969507,"C40H81NO4"
"2761_986.04_9",2761,986.03641672065,8.983033,NA
"2762_551.59_9",2762,551.590096571004,8.998672,NA
"2763_1010.04_9",2763,1010.03710951523,8.990873,NA
"2764_1011.04_9",2764,1011.04082971467,8.990371,NA
"2765_593.63_9",2765,593.633781461425,8.994719,"C39H80N2O"
"2766_566.59_9",2766,566.588643419151,9.033074,NA
"2767_600.55_9",2767,600.552602652907,9.014674,NA
"2768_510.38_9",2768,510.380338024644,9.031878,"C29H53NO7"
"2769_528.51_9",2769,528.510992488338,9.026529,"C36H67NO2"
"277_350.27_1.1",277,350.266557548379,1.1400863,"C19H37NO3"
"2770_565.59_9",2770,565.585312748905,9.034704,NA
"2771_126.63_9",2771,126.633520240092,9.026997,NA
"2772_509.54_9",2772,509.537492846316,9.026484,NA
"2773_507.53_9",2773,507.531091773436,9.028132,NA
"2774_508.53_9",2774,508.534003852995,9.028214,NA
"2775_504.71_9",2775,504.706148536969,9.031252,NA
"2776_504.71_9",2776,504.708981195079,9.0264225,NA
"2777_506.57_9",2777,506.565362394828,9.02859,"C35H68"
"2778_126.63_9",2778,126.630513421697,9.028479,NA
"2779_1020.09_9",2779,1020.08775326734,9.028919,NA
"278_373.34_1.1",278,373.34243794891,1.1407398,"C21H41NO3"
"2780_506.53_9",2780,506.530410961427,9.028566,"C34H64O"
"2781_173.74_9",2781,173.739106805662,9.028684,NA
"2782_1012.05_9",2782,1012.05201909541,9.028934,NA
"2783_1034.03_9",2783,1034.03288325309,9.028942,NA
"2784_505.77_9",2784,505.77197434275,9.031675,NA
"2785_268.3_9",2785,268.29974616169,9.029333,"C18H34"
"2786_510.38_9",2786,510.378804719137,9.03246,"C29H53NO7"
"2787_550.57_9",2787,550.566416626044,9.033542,"C35H71N3O"
"2788_504.73_9",2788,504.726092030652,9.048585,NA
"2789_544.49_9",2789,544.48519159968,9.027221,NA
"279_449.37_1.2",279,449.374110409179,1.1569715,"C27H45NO3"
"2790_1004.11_9",2790,1004.11255669441,9.030519,NA
"2791_1021.1_9",2791,1021.10121248898,9.032948,NA
"2792_173.74_9",2792,173.743889660967,9.029142,NA
"2793_564.58_9",2793,564.582573777306,9.035251,NA
"2794_509.37_9",2794,509.370578879805,9.037801,"C27H50N4O6"
"2795_1539.56_9",2795,1539.55850392568,9.030336,NA
"2796_1020.02_9",2796,1020.02353784083,9.049444,NA
"2797_1020.09_9",2797,1020.08608566657,9.038134,NA
"2798_503.71_9",2798,503.713900030844,9.036863,NA
"2799_503.73_9",2799,503.734717715058,9.04376,NA
"28_209.13_0.5",28,209.126243059667,0.53983796,"C9H18N2O2"
"280_316.32_1.2",280,316.320922264714,1.1579045,"C19H41NO2"
"2800_1004.18_9",2800,1004.17566985418,9.049654,NA
"2801_509.35_9",2801,509.348922257047,9.047287,"C30H46N4O4"
"2802_509.35_9",2802,509.346760972075,9.027798,"C25H50N4O4"
"2803_510.36_9",2803,510.357560947928,9.048751,"C32H49NO5"
"2804_815.7_9",2804,815.699962504803,9.033032,"C49H92N4O6"
"2805_503.74_9",2805,503.737544667901,9.033847,NA
"2806_730.45_9.1",2806,730.452029759194,9.061245,"C37H56N6O8"
"2807_713.43_9.1",2807,713.426689417921,9.060746,"C41H62O11"
"2808_771.48_9.1",2808,771.479949200725,9.062071,"C43H63NO10"
"2809_526.5_9",2809,526.496301960896,9.002485,NA
"281_317.32_1.2",281,317.324360381716,1.1594584,NA
"2810_510.36_9.1",2810,510.360433312028,9.0723095,NA
"2811_1168.98_9.1",2811,1168.97761808229,9.0851,NA
"2812_986.04_9.1",2812,986.037474755987,9.069102,NA
"2813_551.59_9.1",2813,551.59042002452,9.095871,NA
"2814_1011.04_9",2814,1011.04144900101,9.040298,NA
"2815_480.51_9.1",2815,480.514275452591,9.103871,"C32H65NO"
"2816_1010.04_9",2816,1010.03764592117,9.040732,NA
"2817_593.63_9.1",2817,593.633999326791,9.114775,"C39H80N2O"
"2818_509.37_9.1",2818,509.37201512492,9.061794,"C27H50N4O6"
"2819_502.5_9.1",2819,502.500967014706,9.107227,NA
"282_276.23_1.2",282,276.232703485281,1.1697892,"C18H26O"
"2820_600.55_9.1",2820,600.55281254835,9.119143,"C36H70O5"
"2821_1166.96_9.1",2821,1166.96098389214,9.131685,"C78H120N2O4"
"2822_1321.99_9.1",2822,1321.98593983162,9.147404,NA
"2823_485.29_9.1",2823,485.289882511666,9.143631,"C29H40O6"
"2824_502.32_9.1",2824,502.318863321836,9.128346,"C26H44O6S"
"2825_987.04_9.1",2825,987.041525805524,9.081565,NA
"2826_1000.05_9.1",2826,1000.05267423681,9.133448,NA
"2827_554.55_9.1",2827,554.551038413824,9.131252,"C35H71NO3"
"2828_478.5_9.1",2828,478.498186622426,9.132737,"C32H60O"
"2829_494.53_9.1",2829,494.530639278086,9.142114,"C33H67NO"
"283_357.31_1.2",283,357.311188991988,1.1713091,"C20H37NO3"
"2830_504.52_9.1",2830,504.516310535065,9.096943,"C34H62O"
"2831_505.52_9.1",2831,505.52032869965,9.106086,"C32H61N3"
"2832_530.53_9.1",2832,530.530723438767,9.146768,"C36H64O"
"2833_503.32_9.1",2833,503.322599049752,9.126129,"C27H44N4O6"
"2834_480.51_9.1",2834,480.5142988876,9.115766,"C32H65NO"
"2835_518.53_9.1",2835,518.528372856725,9.145041,"C35H64O"
"2836_1039.07_9.2",2836,1039.0707943795,9.15782,NA
"2837_562.57_9.2",2837,562.566974154735,9.15793,NA
"2838_1008.02_9.1",2838,1008.02089664529,9.131748,NA
"2839_815.7_9.1",2839,815.700206217356,9.103668,"C49H92N4O6"
"284_282.24_1.2",284,282.242399675763,1.1868377,"C17H28O2"
"2840_509.37_9.1",2840,509.36939365593,9.120713,"C27H50N4O6"
"2841_492.52_9.2",2841,492.515302197656,9.17965,"C33H62O"
"2842_1038.07_9.2",2842,1038.06729759222,9.159035,NA
"2843_563.57_9.2",2843,563.569263282133,9.171423,NA
"2844_1064.08_9.2",2844,1064.0828732736,9.166151,NA
"2845_576.58_9.2",2845,576.583173088568,9.163481,"C37H70N2O"
"2846_551.59_9.1",2846,551.590726955574,9.117945,NA
"2847_532.55_9.2",2847,532.545275050807,9.165104,"C36H66O"
"2848_534.55_9.2",2848,534.551725194872,9.165625,NA
"2849_533.55_9.2",2849,533.548370484537,9.164049,NA
"285_283.25_1.2",285,283.245832145951,1.185815,NA
"2850_540.54_9.2",2850,540.535352007037,9.193849,"C34H69NO3"
"2851_590.6_9.2",2851,590.598531927695,9.168275,NA
"2852_568.57_9.2",2852,568.566680636675,9.176688,"C36H73NO3"
"2853_543.34_9.2",2853,543.342642891776,9.204499,NA
"2854_1194.99_9.2",2854,1194.99127038914,9.185654,NA
"2855_503.71_9.2",2855,503.71356851438,9.170356,NA
"2856_509.35_9.2",2856,509.347484739817,9.200912,"C30H46N4O4"
"2857_622.61_9.2",2857,622.613746598816,9.190651,"C40H76O3"
"2858_504.52_9.1",2858,504.516291226218,9.148954,NA
"2859_505.52_9.1",2859,505.520227960097,9.148628,"C32H61N3"
"286_315.3_1.2",286,315.300706687199,1.1882541,"C18H35NO2"
"2860_986.04_9.2",2860,986.036426264616,9.170509,NA
"2861_1010.04_9.1",2861,1010.03670603763,9.147322,NA
"2862_1011.04_9.1",2862,1011.04018123768,9.142096,NA
"2863_452.48_9.2",2863,452.482349333066,9.213236,"C30H63NO2"
"2864_586.44_9.2",2864,586.438500474466,9.212854,"C38H52N2O2"
"2865_644.49_9.2",2865,644.492098624633,9.211478,"C40H63N5O3"
"2866_480.51_9.2",2866,480.514311411044,9.157352,"C32H65NO"
"2867_538.57_9.2",2867,538.566924727823,9.231075,"C34H71N3O"
"2868_475.35_9.2",2868,475.345533451676,9.233587,"C23H48N4O7"
"2869_593.63_9.2",2869,593.634113911879,9.2026,"C39H80N2O"
"287_313.26_1.2",287,313.256929516404,1.1911219,"C14H34N4O2"
"2870_986.04_9.2",2870,986.036371102285,9.208656,NA
"2871_543.34_9.3",2871,543.342734337272,9.269583,NA
"2872_1012.05_9.2",2872,1012.05205450842,9.220322,NA
"2873_564.58_9.2",2873,564.582839798217,9.195963,"C36H75N3O2"
"2874_600.55_9.2",2874,600.552688932631,9.231822,NA
"2875_508.53_9.2",2875,508.534604233707,9.212879,NA
"2876_1026.07_9.3",2876,1026.06763115341,9.255654,NA
"2877_528.51_9.2",2877,528.511661975107,9.209282,NA
"2878_984.02_9.2",2878,984.021251806385,9.246304,NA
"2879_550.57_9.2",2879,550.566802205293,9.216697,"C35H73N3O2"
"288_454.35_1.2",288,454.353002431985,1.1874615,"C26H44O5"
"2880_522.55_9.3",2880,522.551524118772,9.265746,NA
"2881_630.62_9.3",2881,630.618485310212,9.262631,"C42H81NO3"
"2882_1034.03_9.2",2882,1034.03361435817,9.235357,NA
"2883_520.55_9.3",2883,520.545041319003,9.265448,"C35H66O"
"2884_670.61_9.3",2884,670.611176869382,9.261989,"C42H81NO3"
"2885_521.55_9.3",2885,521.548104041231,9.264666,NA
"2886_706.68_9.3",2886,706.682566537891,9.264241,NA
"2887_1013.06_9.2",2887,1013.0553558517,9.23286,NA
"2888_578.6_9.3",2888,578.598381062294,9.269566,NA
"2889_507.53_9.2",2889,507.53165727276,9.231371,NA
"289_334.24_1.2",289,334.235202317488,1.1893513,"C18H33NO3"
"2890_648.63_9.3",2890,648.629165859554,9.270756,"C42H81NO3"
"2891_485.29_9.3",2891,485.289944651169,9.316894,"C29H40O6"
"2893_506.53_9.2",2893,506.530578386418,9.231983,"C34H64O"
"2894_492.52_9.3",2894,492.515074862279,9.257488,"C33H62O"
"2895_540.54_9.3",2895,540.535230337488,9.311595,"C34H71NO4"
"2896_1182.99_9.3",2896,1182.99153444143,9.28249,"C66H135NO15"
"2898_478.5_9.3",2898,478.498525928916,9.2738695,"C32H60O"
"2899_268.3_9.3",2899,268.299840649711,9.288448,NA
"29_156.1_0.5",29,156.102043180978,0.5418001,"C8H10O2"
"290_312.25_1.2",290,312.253485294364,1.1923658,"C18H30O3"
"2901_562.57_9.3",2901,562.567286641188,9.282545,NA
"2902_528.51_9.3",2902,528.511308147399,9.288735,NA
"2903_1012.05_9.2",2903,1012.05205130888,9.248533,NA
"2904_1034.03_9.3",2904,1034.03342856954,9.294822,NA
"2905_502.32_9.3",2905,502.318292090976,9.321812,"C29H40O6"
"2906_563.57_9.3",2906,563.569662468035,9.330648,NA
"2907_1010.04_9.3",2907,1010.03661674274,9.290908,NA
"2908_503.74_9.3",2908,503.7359032808,9.333322,NA
"2909_509.35_9.3",2909,509.34889547961,9.333322,"C30H50N2O2"
"291_311.27_1.2",291,311.269213421865,1.1922871,"C18H31NO2"
"2910_1008.02_9.3",2910,1008.02127787829,9.333371,NA
"2911_1009.02_9.3",2911,1009.02446793095,9.333371,NA
"2912_1026.07_9.3",2912,1026.06753829563,9.267509,NA
"2913_628.58_9.3",2913,628.583607075749,9.345466,"C38H74O5"
"2914_505.52_9.3",2914,505.519450041589,9.288643,"C32H61N3"
"2915_480.51_9.3",2915,480.514352198337,9.300093,"C32H65NO"
"2916_532.55_9.3",2916,532.545416881395,9.34702,"C36H66O"
"2917_512.5_9.3",2917,512.503125913897,9.3380785,"C32H67NO4"
"2918_504.52_9.3",2918,504.515811037608,9.294053,"C34H62O"
"2919_485.29_9.3",2919,485.290041827677,9.340369,"C29H40O6"
"292_235.21_1.2",292,235.20575790316,1.1952997,"C16H26O"
"2920_568.57_9.3",2920,568.566607536673,9.334624,"C36H73NO3"
"2921_683.49_9.4",2921,683.488977871425,9.361109,"C43H59N3O3"
"2922_540.54_9.4",2922,540.535189608669,9.354117,"C34H71NO4"
"2923_986.04_9.4",2923,986.03631686541,9.363596,NA
"2924_590.6_9.4",2924,590.598651193459,9.369028,"C38H77N3O2"
"2925_538.57_9.4",2925,538.566964749169,9.371922,"C34H71N3O"
"2926_960.02_9.4",2926,960.020606349182,9.3750725,NA
"2927_1038.07_9.3",2927,1038.06639726685,9.349054,NA
"2928_494.53_9.4",2928,494.530932846388,9.358214,NA
"2929_1421.98_9.4",2929,1421.97874949215,9.404857,NA
"293_252.23_1.2",293,252.232350730013,1.1955225,"C16H26O"
"2930_543.34_9.4",2930,543.342892513906,9.36324,"C31H46N2O6"
"2931_988.05_9.4",2931,988.050422652666,9.386634,NA
"2932_566.6_9.4",2932,566.598221229654,9.392278,NA
"2933_1014.07_9.4",2933,1014.06701041764,9.393499,NA
"2934_567.6_9.4",2934,567.601243393634,9.391673,NA
"2935_508.54_9.4",2935,508.5445906181,9.394453,"C34H66O"
"2936_510.55_9.4",2936,510.550638991077,9.393415,NA
"2937_509.55_9.4",2937,509.547347386467,9.394218,NA
"2938_511.55_9.4",2938,511.553300750368,9.395277,NA
"2939_1036.05_9.4",2939,1036.0488766868,9.395087,NA
"294_296.25_1.2",294,296.250222568704,1.2064568,"C14H28F2N2O"
"2940_1016.08_9.4",2940,1016.08207881029,9.394477,NA
"2941_1014.06_9.4",2941,1014.06359610354,9.399987,NA
"2942_582.58_9.4",2942,582.582255127531,9.399995,"C37H75NO3"
"2943_600.55_9.4",2943,600.552567637915,9.38858,"C36H70O5"
"2944_1015.07_9.4",2944,1015.07083807625,9.396295,NA
"2945_1170.99_9.4",2945,1170.98860776026,9.440864,NA
"2946_1000.05_9.4",2946,1000.05213658001,9.415541,NA
"2947_564.58_9.4",2947,564.582977051627,9.367749,"C36H75N3O2"
"2948_546.56_9.4",2948,546.561327927123,9.425943,"C37H68O"
"2949_562.57_9.4",2949,562.567424358927,9.382264,NA
"295_295.25_1.2",295,295.246140809245,1.2079172,NA
"2950_492.51_9.4",2950,492.514681799632,9.434807,"C33H62O"
"2951_986.04_9.4",2951,986.036477817815,9.398626,NA
"2952_998.04_9.4",2952,998.036406089079,9.424799,NA
"2953_1012.05_9.4",2953,1012.05219334152,9.411215,NA
"2954_473.26_9.4",2954,473.264985883756,9.430233,NA
"2955_593.63_9.4",2955,593.634238777457,9.394086,"C39H80N2O"
"2956_506.53_9.4",2956,506.530687889619,9.36265,"C34H64O"
"2957_550.57_9.4",2957,550.566848337912,9.423361,"C35H73N3O2"
"2958_268.3_9.4",2958,268.29996397974,9.438742,NA
"2959_528.51_9.4",2959,528.511513276229,9.438893,NA
"296_294.24_1.2",296,294.243003557401,1.211972,"C18H28O2"
"2960_1011.04_9.4",2960,1011.04031424567,9.437618,NA
"2961_1010.04_9.4",2961,1010.03673230888,9.436918,NA
"2962_624.63_9.5",2962,624.629203569789,9.4521055,"C40H78O3"
"2963_602.42_9.5",2963,602.41563900863,9.454539,"C30H62NO7P"
"2964_480.51_9.4",2964,480.51434336192,9.39099,"C32H65NO"
"2965_520.55_9.4",2965,520.545354035892,9.440695,"C35H66O"
"2966_612.18_9.5",2966,612.182855072221,9.470343,"C24H35N3O12S"
"2967_735.52_9.5",2967,735.522495423292,9.470343,"C44H67N3O3S"
"2968_848.45_9.5",2968,848.449156164697,9.470343,NA
"2969_904.51_9.5",2969,904.51031041838,9.470343,"C49H75N3O10"
"297_277.22_1.2",297,277.216836661151,1.2175988,"C18H28O2"
"2970_1325.9_9.5",2970,1325.90140548622,9.526286,NA
"2971_595.6_9.5",2971,595.596839573287,9.458614,NA
"2972_1040.08_9.5",2972,1040.08344477552,9.476617,NA
"2973_592.61_9.5",2973,592.614313600643,9.476274,NA
"2974_1038.07_9.5",2974,1038.06760912141,9.4775715,NA
"2975_1039.07_9.5",2975,1039.07127608237,9.476064,NA
"2976_1068.11_9.5",2976,1068.11492977445,9.480686,NA
"2977_537.57_9.5",2977,537.569700942878,9.48453,"C35H74N2O2"
"2978_535.56_9.5",2978,535.563313315473,9.484269,NA
"2979_534.56_9.5",2979,534.561869200142,9.483436,"C36H68O"
"298_339.3_1.2",298,339.300628803493,1.2232201,"C20H35NO2"
"2980_986.04_9.5",2980,986.036370688981,9.451706,NA
"2981_556.54_9.5",2981,556.542816553333,9.483592,"C33H69N3O3"
"2982_1321.99_9.5",2982,1321.98568478236,9.522454,NA
"2984_1197.01_9.5",2984,1197.00777428675,9.498137,NA
"2985_1198.01_9.5",2985,1198.01063933557,9.497343,NA
"2986_536.57_9.5",2986,536.566393843755,9.486891,NA
"2987_796.61_9.5",2987,796.611492447723,9.509524,NA
"2988_1168.98_9.5",2988,1168.97617100374,9.528254,NA
"2989_686.44_9.5",2989,686.438665518108,9.516645,NA
"299_371.33_1.2",299,371.326858317274,1.2318554,"C21H39NO3"
"2990_1325.9_9.5",2990,1325.90138100951,9.528404,"C86H122N2O10"
"2991_251.05_9.5",2991,251.046714937,9.528742,"C12H11O4P"
"2992_607.39_9.5",2992,607.391155133559,9.528996,"C40H56O2"
"2993_152.06_9.5",2993,152.062062802799,9.528698,"C4H7F2N3O"
"2994_659.23_9.5",2994,659.233854524373,9.53169,"C34H40N2O9"
"2995_667.72_9.5",2995,667.718153789351,9.530552,NA
"2996_683.49_9.5",2996,683.488958876108,9.529826,"C43H59N3O3"
"2997_1326.9_9.5",2997,1326.90457555383,9.528647,NA
"2998_383.14_9.5",2998,383.140549215225,9.530015,"C22H23O4P"
"2999_659.27_9.5",2999,659.268914145946,9.524048,"C30H38N6O11"
"30_272.19_0.5",30,272.185654021382,0.54138017,"C14H22O4"
"300_654.51_1.2",300,654.505576281987,1.235094,"C36H64N2O7"
"3000_1347.87_9.5",3000,1347.87422513542,9.529529,"C70H124N4O19"
"3001_551.33_9.5",3001,551.328480676478,9.529008,"C36H48O2"
"3002_1348.88_9.5",3002,1348.88317391209,9.529233,"C71H117N11O14"
"3003_439.2_9.5",3003,439.203223228679,9.529808,"C26H31O4P"
"3004_233.04_9.5",3004,233.036076571467,9.529633,"C12H11O4P"
"3005_495.27_9.5",3005,495.265924331604,9.530408,"C30H39O4P"
"3006_667.47_9.5",3006,667.465282404903,9.530025,"C40H62N2O6"
"3007_1383.95_9.5",3007,1383.95135263727,9.531997,NA
"3008_1384.96_9.5",3008,1384.96175087187,9.532461,"C68H127N15O13"
"3009_667.68_9.5",3009,667.682064539989,9.525011,NA
"301_316.22_1.2",301,316.224848970037,1.2362688,"C15H26N2O4"
"3010_716.72_9.5",3010,716.724221485124,9.534665,NA
"3011_1369.95_9.5",3011,1369.94661535506,9.531102,NA
"3012_659.24_9.5",3012,659.236334167497,9.532686,"C23H40N8O12"
"3013_667.71_9.5",3013,667.714881621166,9.541393,NA
"3014_1370.95_9.5",3014,1370.95131716816,9.534842,NA
"3015_667.68_9.5",3015,667.677330916249,9.530978,NA
"3017_726.34_9.5",3017,726.338505369604,9.539523,"C36H53N3O10"
"3018_668.73_9.5",3018,668.725538398607,9.530651,NA
"3019_1385.97_9.5",3019,1385.9719591084,9.540061,NA
"302_530.45_1.2",302,530.453853289545,1.2382563,"C29H56N2O5"
"3020_726.3_9.5",3020,726.303200005078,9.523694,"C40H49NO9"
"3021_659.27_9.5",3021,659.27240735183,9.539174,"C35H44N2O8"
"3022_785.54_9.5",3022,785.538341818384,9.539856,"C35H65N11O8"
"3023_1190.96_9.5",3023,1190.95778921168,9.546761,"C67H128O15"
"3024_1169.98_9.6",3024,1169.97885618291,9.557764,"C70H125N3O9"
"3025_1142.96_9.6",3025,1142.96003315337,9.554652,NA
"3026_716.76_9.5",3026,716.759215232417,9.525414,NA
"3027_528.51_9.6",3027,528.511458025874,9.589218,NA
"3028_710.52_9.5",3028,710.521645784955,9.545716,"C40H68O9"
"3029_1166.96_9.6",3029,1166.96137060265,9.5633335,"C78H120N2O4"
"303_348.25_1.2",303,348.250898054262,1.2429508,"C19H35NO3"
"3030_268.3_9.6",3030,268.299909386823,9.566692,"C18H34"
"3031_1034.03_9.6",3031,1034.03406586616,9.566692,NA
"3032_1168.98_9.6",3032,1168.97634256567,9.551711,NA
"3033_1170.99_9.6",3033,1170.98598154992,9.559737,"C73H124N4O6"
"3034_1014.06_9.6",3034,1014.05959661593,9.593666,"C69H136O3"
"3035_815.7_9.6",3035,815.700956262449,9.571585,NA
"3036_1167.96_9.6",3036,1167.96368028339,9.561316,NA
"3037_1010.04_9.6",3037,1010.03646934307,9.6451235,NA
"3038_1011.04_9.6",3038,1011.04020208037,9.624914,NA
"3039_1012.05_9.6",3039,1012.0521083808,9.625559,NA
"304_549.39_1.3",304,549.388020373402,1.2578377,"C29H54N2O6"
"3040_505.52_9.6",3040,505.517784565271,9.605846,"C32H64N4"
"3041_520.55_9.6",3041,520.545126831165,9.636402,"C35H66O"
"3042_504.51_9.6",3042,504.514357785405,9.6046915,"C34H67NO2"
"3043_506.53_9.6",3043,506.529931122273,9.610502,"C34H64O"
"3044_560.58_9.6",3044,560.577491771474,9.60276,"C38H70O"
"3045_480.51_9.6",3045,480.513993238687,9.649133,"C32H67NO2"
"3046_522.56_9.6",3046,522.561253891704,9.609987,"C35H68O"
"3047_1169.98_9.6",3047,1169.97888432924,9.574347,"C70H125N3O9"
"3048_564.58_9.7",3048,564.582869544115,9.669679,NA
"3049_546.56_9.6",3049,546.56096742948,9.618838,"C37H73NO2"
"305_507.38_1.3",305,507.377536008953,1.2714874,"C27H52N2O5"
"3050_532.55_9.6",3050,532.545277812736,9.618417,"C36H66O"
"3051_1421.98_9.6",3051,1421.97826234531,9.601112,NA
"3052_529.33_9.6",3052,529.327314628615,9.6250515,"C30H41NO6"
"3053_534.56_9.6",3053,534.561200071824,9.62137,"C36H68O"
"3054_485.29_9.7",3054,485.289877546232,9.656304,"C29H40O6"
"3055_494.53_9.6",3055,494.530593568232,9.63936,"C33H67NO"
"3056_502.32_9.7",3056,502.317015176892,9.6505375,"C29H40O6"
"3057_503.32_9.6",3057,503.320579432632,9.633499,"C22H39N5O7"
"3058_530.35_9.7",3058,530.348647847709,9.668156,"C31H47NO6"
"3059_596.6_9.6",3059,596.597912684869,9.645394,"C38H79NO4"
"306_342.31_1.3",306,342.311112424722,1.2633855,"C19H36N2O2"
"3060_650.65_9.6",3060,650.645619022754,9.646085,"C42H83NO3"
"3061_632.63_9.6",3061,632.634664465668,9.646989,"C42H83NO3"
"3062_1040.08_9.6",3062,1040.08270320291,9.638883,NA
"3063_592.61_9.7",3063,592.614554877409,9.66399,NA
"3064_708.7_9.6",3064,708.699000152073,9.649311,"C44H86N2O3"
"3065_572.39_9.7",3065,572.394849318448,9.655846,"C34H50O6"
"3066_1014.06_9.7",3066,1014.06291974901,9.655123,NA
"3067_473.26_9.7",3067,473.264931625407,9.662869,"C26H33NO6"
"3068_506.53_9.6",3068,506.529970569146,9.614939,"C34H69NO2"
"3069_568.57_9.7",3069,568.566405728051,9.668903,"C36H75NO4"
"307_343.33_1.3",307,343.331854273228,1.2645285,"C20H39NO2"
"3070_543.34_9.7",3070,543.343189944752,9.706651,NA
"3071_535.56_9.7",3071,535.564498758047,9.659914,NA
"3072_947.6_9.7",3072,947.603087516582,9.740686,"C40H75N13O12"
"3073_548.58_9.7",3073,548.576818227998,9.692171,"C37H70O"
"3074_534.56_9.7",3074,534.561250212021,9.678355,"C36H73NO2"
"3075_586.59_9.7",3075,586.592618247743,9.68884,"C40H72O"
"3076_520.55_9.7",3076,520.545368938652,9.694102,"C35H66O"
"3077_731.48_9.7",3077,731.482263256081,9.697539,"C41H63NO9"
"3078_787.47_9.7",3078,787.469446682847,9.697539,"C38H72N2O12"
"3079_848.45_9.7",3079,848.449618572207,9.697539,"C45H67N3O10"
"308_344.34_1.3",308,344.335263592096,1.2631494,"C23H41BO"
"3081_1026.07_9.7",3081,1026.067211807,9.70316,NA
"3082_986.04_9.8",3082,986.036273259433,9.760357,NA
"3083_906.58_9.7",3083,906.576584725146,9.733226,"C54H81N3O6"
"3084_540.54_9.7",3084,540.535281961836,9.678444,"C34H71NO4"
"3085_544.35_9.7",3085,544.345581202973,9.728384,"C30H40F2N4O2"
"3086_480.51_9.7",3086,480.51410096799,9.687439,"C32H65NO"
"3087_947.6_9.7",3087,947.603137385034,9.74997,NA
"3088_906.58_9.7",3088,906.576635219355,9.742983,"C54H81N3O6"
"3089_735.52_9.8",3089,735.522118809487,9.75159,"C40H76N2O7"
"309_341.24_1.3",309,341.243516330782,1.274739,"C18H29NO4"
"3090_755.48_9.8",3090,755.476575942358,9.750447,"C42H64N6O5"
"3091_677.47_9.8",3091,677.469683189295,9.751656,"C45H66O2"
"3092_509.55_9.7",3092,509.545348485565,9.735198,NA
"3093_632.65_9.8",3093,632.645756979215,9.772602,"C41H83N3O2"
"3094_574.59_9.8",3094,574.592561317515,9.773922,"C39H72O"
"3095_560.58_9.8",3095,560.577346071915,9.792351,"C38H75NO2"
"3096_566.6_9.8",3096,566.598368578576,9.803162,NA
"3097_988.05_9.8",3097,988.050827735072,9.788195,NA
"3098_1014.06_9.8",3098,1014.06417398306,9.818459,NA
"3099_1016.08_9.8",3099,1016.07871426313,9.807021,NA
"31_261.13_0.5",31,261.130945351167,0.54292834,"C8H13N5O4"
"310_320.26_1.3",310,320.255940204087,1.2800167,"C15H35N3O5"
"3100_1170.98_9.7",3100,1170.98490447879,9.738466,"C73H124N4O6"
"3101_508.54_9.8",3101,508.544395190276,9.800357,"C34H71NO2"
"3102_536.58_9.8",3102,536.576868337323,9.819933,"C36H75NO2"
"3103_594.63_9.8",3103,594.629907945324,9.819919,"C38H76N2O"
"3104_537.58_9.8",3104,537.580075540254,9.819088,NA
"3105_1042.1_9.8",3105,1042.09787766643,9.826681,NA
"3106_592.61_9.8",3106,592.614273405547,9.8194685,NA
"3107_534.56_9.8",3107,534.561410136907,9.778965,"C36H68O"
"3108_1199.02_9.8",3108,1199.02293305997,9.824663,NA
"3109_1040.08_9.8",3109,1040.08284949988,9.830465,NA
"311_559.52_1.3",311,559.520134730335,1.2845289,"C36H63NO2"
"3110_1070.13_9.8",3110,1070.12902565223,9.839829,NA
"3111_564.58_9.8",3111,564.582665537422,9.845045,"C36H75N3O2"
"3112_509.55_9.9",3112,509.546026669645,9.86782,NA
"3113_841.82_9.9",3113,841.823737146768,9.8803,NA
"3114_783.77_9.9",3114,783.77047830833,9.880674,"C50H100N2O2"
"3115_632.65_9.9",3115,632.645735682624,9.882227,"C41H83N3O2"
"3116_574.59_9.9",3116,574.592291203759,9.882326,"C39H72O"
"3117_563.6_9.9",3117,563.595596508564,9.896251,NA
"3118_1068.11_9.9",3118,1068.114382169,9.894236,NA
"3119_562.59_9.9",3119,562.592707659759,9.89625,"C38H72O"
"312_200.16_1.3",312,200.164662410332,1.2863239,"C11H18O2"
"3120_620.65_9.9",3120,620.6457199244,9.89652,NA
"3121_512.5_9.9",3121,512.503925201783,9.896102,"C32H67NO4"
"3122_564.6_9.9",3122,564.600269397732,9.895638,NA
"3123_485.29_9.9",3123,485.290037912259,9.910693,"C29H40O6"
"3124_502.32_9.9",3124,502.317124046193,9.896763,"C29H40O6"
"3125_568.57_9.9",3125,568.566411442108,9.900659,"C36H75NO4"
"3126_540.54_9.9",3126,540.535383552601,9.902507,"C34H69NO3"
"3127_543.34_9.9",3127,543.343188938047,9.88434,NA
"3129_536.58_9.9",3129,536.576806728491,9.920074,"C36H70O"
"313_321.26_1.3",313,321.259282225661,1.2809341,"C18H29BO3"
"3130_763.55_9.9",3130,763.554168274214,9.940947,"C42H74N4O8"
"3131_705.5_10",3131,705.501454283374,9.9600935,"C35H68N4O10"
"3132_452.48_10",3132,452.482678788978,9.966843,"C30H63NO2"
"3133_646.66_10",3133,646.661511821149,9.97429,"C42H85N3O2"
"3134_588.61_10",3134,588.608258341369,9.975645,"C40H74O"
"3135_509.55_10",3135,509.546871992735,10.010808,NA
"3136_563.6_10",3136,563.595752406345,10.029037,NA
"3137_502.5_10",3137,502.500270699232,9.965465,"C34H60O"
"3138_550.59_10",3138,550.592450474117,10.013213,"C37H72O"
"3139_536.58_10",3139,536.576730863882,10.037685,"C36H75NO2"
"314_281.27_1.3",314,281.266258552892,1.2930675,"C11H29N5O2"
"3140_543.34_10",3140,543.343188055526,9.995417,"C31H46N2O6"
"3141_478.5_10.1",3141,478.498474773597,10.05087,"C32H60O"
"3143_506.53_10",3143,506.529983719274,10.023336,"C34H69NO2"
"3144_504.51_10",3144,504.514584962154,10.042313,NA
"3145_505.52_10.1",3145,505.518873705414,10.094329,"C32H61N3"
"3146_562.57_10.1",3146,562.567596963469,10.085554,"C36H68N2O"
"3147_1010.04_10.1",3147,1010.03652740942,10.09935,NA
"3148_1011.04_10.1",3148,1011.03995712461,10.088888,NA
"3149_563.57_10.1",3149,563.570572857893,10.087791,NA
"315_280.26_1.3",315,280.263588426566,1.2932928,"C18H30O"
"3150_536.58_10.1",3150,536.576883751599,10.113053,"C36H75NO2"
"3151_594.63_10.1",3151,594.629756080995,10.08538,"C38H76N2O"
"3152_1042.1_10.1",3152,1042.09825221625,10.08538,NA
"3153_576.61_10.1",3153,576.608126864125,10.10402,"C39H74O"
"3154_424.45_10.1",3154,424.451385461739,10.088864,"C28H57NO"
"3155_562.59_10.1",3155,562.592351346711,10.098699,"C38H72O"
"3156_485.29_10.1",3156,485.290048001574,10.117902,"C29H42O7"
"3157_502.32_10.1",3157,502.317164844155,10.114882,"C29H40O6"
"3158_568.57_10.1",3158,568.566663268504,10.120475,"C36H75NO4"
"3159_1012.05_10.1",3159,1012.05182894108,10.116141,NA
"316_263.24_1.3",316,263.237132545011,1.2950945,"C18H30O"
"3160_564.58_10.1",3160,564.582852907173,10.114999,"C36H75N3O2"
"3161_538.57_10.1",3161,538.566733519726,10.119412,"C34H71N3O"
"3162_774.38_10.1",3162,774.376890815655,10.121678,"C46H57NO7"
"3163_920.45_10.1",3163,920.451173569724,10.121678,NA
"3164_563.6_10.1",3164,563.595847040766,10.098867,"C36H71N3"
"3165_838.71_10.1",3165,838.713644676634,10.12883,"C50H97NO9"
"3166_879.74_10.1",3166,879.740123367691,10.130238,"C52H95NO8"
"3167_502.5_10.1",3167,502.500313683968,10.107224,"C34H60O"
"3168_1008.02_10.1",3168,1008.02105095936,10.131464,NA
"3169_1009.02_10.1",3169,1009.02430905955,10.131464,NA
"317_245.23_1.3",317,245.226532424671,1.296888,"C18H30O"
"3170_876.48_10.1",3170,876.480503502208,10.133034,"C47H71N3O10"
"3171_503.5_10.1",3171,503.504149399478,10.142716,"C32H59N3"
"3172_480.51_10.2",3172,480.514235632652,10.166952,"C32H65NO"
"3173_540.54_10.2",3173,540.535465283676,10.192605,"C34H71NO4"
"3174_492.51_10.1",3174,492.51489642207,10.145552,"C33H62O"
"3175_986.04_10.2",3175,986.036122369217,10.161162,NA
"3176_1012.05_10.2",3176,1012.0515346781,10.164676,NA
"3177_577.61_10.2",3177,577.611617954172,10.189282,NA
"3178_785.79_10.2",3178,785.786189927844,10.179431,"C52H97NO2"
"3179_843.84_10.2",3179,843.839377086781,10.181973,"C54H108N4O3"
"318_280.25_1.3",318,280.245817442378,1.298678,"C14H30O4"
"3180_485.29_10.1",3180,485.290043927496,10.130645,"C29H40O6"
"3181_502.32_10.1",3181,502.317138921788,10.127471,"C29H40O6"
"3182_564.58_10.2",3182,564.582850158972,10.172225,"C36H73N3O"
"3183_576.61_10.2",3183,576.608170143726,10.191275,"C39H74O"
"3184_634.66_10.2",3184,634.661842232728,10.190387,"C41H80N2O"
"3185_543.34_10.2",3185,543.343182160091,10.1875105,NA
"3186_506.53_10.1",3186,506.530005413115,10.130294,"C34H64O"
"3187_1168.98_10.2",3187,1168.97596704431,10.211622,NA
"3188_452.48_10.2",3188,452.482715648652,10.242855,"C30H63NO2"
"3189_564.61_10.2",3189,564.608089176146,10.205507,"C38H77NO"
"319_465.41_1.3",319,465.405342557621,1.3018407,"C28H49NO3"
"3190_565.61_10.2",3190,565.610776245306,10.212291,"C38H80Si"
"3191_1070.13_10.2",3191,1070.13014097798,10.212819,NA
"3192_494.53_10.2",3192,494.530406106156,10.215178,"C33H67NO"
"3193_512.5_10.2",3193,512.503979093378,10.218699,"C32H67NO4"
"3194_478.5_10.2",3194,478.498650198237,10.211941,"C32H60O"
"3195_479.5_10.2",3195,479.50194222913,10.216888,"C32H68OSi"
"3196_502.5_10.2",3196,502.499994863312,10.186318,"C34H60O"
"3197_544.35_10.2",3197,544.345797423645,10.199564,"C30H40F2N4O2"
"3198_568.57_10.2",3198,568.566724490634,10.214718,"C36H70O3"
"3199_750.41_10.2",3199,750.407653239578,10.224653,NA
"32_260.15_0.5",32,260.149375584036,0.54182416,"C12H18O5"
"320_378.26_1.3",320,378.261449357543,1.3183554,"C20H37NO4"
"3200_540.54_10.2",3200,540.535452371882,10.2079,"C34H71NO4"
"3201_650.47_10.2",3201,650.467383188768,10.224855,NA
"3202_953.81_10.2",3202,953.813233007119,10.224885,"C56H105NO9"
"3203_563.57_10.2",3203,563.56997535678,10.226194,NA
"3204_984.02_10.2",3204,984.020404280884,10.226705,NA
"3205_1421.98_10.2",3205,1421.97854269761,10.2201,NA
"3206_504.51_10.2",3206,504.514561246618,10.208421,"C34H62O"
"3207_505.52_10.3",3207,505.518964387771,10.261325,"C32H61N3"
"3208_1008.02_10.2",3208,1008.02033404412,10.23669,NA
"3209_1009.02_10.2",3209,1009.02374553983,10.23669,NA
"321_593.53_1.3",321,593.525661546777,1.3157605,"C36H65NO4"
"3210_565.59_10.2",3210,565.586096461852,10.240959,NA
"3211_562.57_10.3",3211,562.567561498491,10.2836685,"C36H68N2O"
"3212_590.62_10.3",3212,590.623946601235,10.260214,"C40H76O"
"3213_648.68_10.3",3213,648.676376046094,10.260435,"C42H85N3O"
"3214_998.29_10.3",3214,998.289481892788,10.272475,NA
"3215_1010.04_10.3",3215,1010.03624168573,10.303206,NA
"3216_480.51_10.3",3216,480.514231227758,10.32522,"C32H67NO2"
"3217_534.56_10.3",3217,534.560816581614,10.331133,"C36H73NO2"
"3218_492.51_10.3",3218,492.514696493993,10.3221855,"C33H62O"
"3219_550.57_10.3",3219,550.56627776609,10.288396,"C35H73N3O2"
"322_324.25_1.3",322,324.253150539538,1.3166711,"C19H30O3"
"3220_510.55_10.3",3220,510.551121366294,10.321178,NA
"3221_509.55_10.3",3221,509.546724258547,10.341642,NA
"3222_480.51_10.3",3222,480.514257426173,10.349859,"C32H65NO"
"3223_502.5_10.3",3223,502.500233275091,10.326747,"C34H60O"
"3224_485.29_10.3",3224,485.290035688602,10.32995,"C29H40O6"
"3225_502.32_10.3",3225,502.317163086384,10.331365,"C29H40O6"
"3226_489.36_10.4",3226,489.361340488882,10.35171,"C24H45N3O6"
"3227_578.62_10.4",3227,578.623827617454,10.352334,"C39H79NO"
"3228_503.74_10.4",3228,503.735537148197,10.36114,NA
"3229_509.35_10.4",3229,509.348678724379,10.36114,"C30H46N4O4"
"323_336.25_1.3",323,336.250859965927,1.3240663,"C18H35NO3"
"3230_568.57_10.3",3230,568.566673841778,10.336736,"C36H75NO4"
"3231_534.56_10.4",3231,534.560947654618,10.354688,"C36H68O"
"3232_986.04_10.4",3232,986.035986951271,10.375078,NA
"3233_616.64_10.4",3233,616.639527657158,10.386688,"C42H83NO2"
"3234_686.2_10.4",3234,686.201932907666,10.37809,NA
"3235_1168.98_10.4",3235,1168.97619423226,10.353492,NA
"3236_564.61_10.4",3236,564.606506749815,10.384147,"C38H77NO"
"3237_504.51_10.3",3237,504.514555634803,10.34151,"C34H62O"
"3238_505.52_10.4",3238,505.519333759442,10.367892,"C32H61N3"
"3239_506.53_10.3",3239,506.529990576206,10.342241,"C34H64O"
"324_337.25_1.3",324,337.2542642507,1.3231614,"C18H29BO4"
"3240_564.58_10.3",3240,564.583010113471,10.34305,NA
"3241_1012.05_10.4",3241,1012.05182577594,10.361058,NA
"3242_480.51_10.4",3242,480.514271363419,10.353835,"C32H65NO"
"3243_494.53_10.4",3243,494.530351695057,10.435825,"C33H67NO"
"3244_478.5_10.4",3244,478.498557137148,10.379913,"C32H60O"
"3245_520.55_10.4",3245,520.545058972265,10.426456,"C35H66O"
"3246_562.57_10.4",3246,562.567572039452,10.437654,"C36H68N2O"
"3248_1010.04_10.4",3248,1010.03643940918,10.40163,NA
"3249_1011.04_10.5",3249,1011.0399162652,10.482378,NA
"325_352.23_1.3",325,352.225257010263,1.3263094,"C21H31NO2"
"3251_502.5_10.5",3251,502.500437879275,10.493708,"C34H60O"
"3252_1016.08_10.5",3252,1016.08293144591,10.513948,NA
"3253_492.51_10.5",3253,492.514945408417,10.509101,"C33H62O"
"3254_536.57_10.5",3254,536.567155470464,10.502589,NA
"3255_592.61_10.5",3255,592.6143506806,10.535095,NA
"3256_508.55_10.5",3256,508.545008393529,10.513948,"C34H71NO2"
"3257_566.6_10.5",3257,566.598298531935,10.513948,NA
"3258_1014.07_10.5",3258,1014.06789301708,10.513948,NA
"3259_452.48_10.5",3259,452.482637261054,10.524302,"C30H63NO2"
"326_312.29_1.3",326,312.289698874928,1.3287933,"C19H34O2"
"3260_480.51_10.5",3260,480.514242890391,10.521727,"C32H65NO"
"3261_986.04_10.5",3261,986.036254911226,10.530157,NA
"3262_536.58_10.5",3262,536.576793208588,10.5251,"C36H75NO2"
"3263_802.41_10.5",3263,802.408225051002,10.527671,"C37H61N7O10"
"3264_534.56_10.5",3264,534.561034283113,10.548777,"C36H68O"
"3265_478.5_10.5",3265,478.498601958585,10.503778,"C32H60O"
"3266_485.29_10.5",3266,485.289983733942,10.539389,"C29H40O6"
"3267_502.32_10.5",3267,502.317209909021,10.529417,"C29H40O6"
"3268_540.54_10.5",3268,540.535346315471,10.530759,"C34H71NO4"
"3269_508.54_10.5",3269,508.536258377973,10.547142,NA
"327_374.34_1.3",327,374.33769094747,1.3314265,"C20H40N2O3"
"3270_506.53_10.5",3270,506.530012086421,10.5276165,"C34H64O"
"3271_564.58_10.5",3271,564.58299776805,10.539315,NA
"3272_1012.05_10.5",3272,1012.05196842312,10.541439,NA
"3273_1168.98_10.5",3273,1168.97616522093,10.545883,NA
"3274_505.52_10.5",3274,505.519280219676,10.529361,"C32H61N3"
"3275_563.57_10.5",3275,563.570080100902,10.514518,NA
"3276_1010.04_10.5",3276,1010.03665306783,10.519706,NA
"3277_1011.04_10.5",3277,1011.0400959972,10.519706,NA
"3278_510.55_10.5",3278,510.550821035028,10.527984,NA
"3279_562.57_10.5",3279,562.567594313741,10.521927,"C36H68N2O"
"328_169.12_1.3",328,169.122459530608,1.3307904,"C10H16O2"
"3280_504.51_10.5",3280,504.514574388797,10.535737,"C34H62O"
"3281_492.51_10.6",3281,492.514921235612,10.588917,"C33H62O"
"3282_543.34_10.6",3282,543.343182179747,10.574016,"C31H46N2O6"
"3284_538.57_10.6",3284,538.566935680695,10.631179,NA
"3285_986.04_10.6",3285,986.03671801278,10.599113,NA
"3286_480.51_10.7",3286,480.514272494053,10.6616,"C32H65NO"
"3289_506.53_10.7",3289,506.5300028111,10.695823,"C34H64O"
"329_353.29_1.3",329,353.285665864762,1.3400526,"C19H33BO4"
"3290_1012.05_10.7",3290,1012.05203348747,10.693388,NA
"3291_564.58_10.7",3291,564.583016594099,10.688452,"C36H75N3O2"
"3292_703.65_10.7",3292,703.648251957904,10.665752,"C43H88N2O2"
"3293_543.34_10.6",3293,543.343183919351,10.631936,"C31H46N2O6"
"3294_534.56_10.7",3294,534.560944739179,10.711962,"C36H68O"
"3296_536.58_10.7",3296,536.576785672571,10.674822,"C36H75NO2"
"3297_618.66_10.7",3297,618.655223732038,10.691128,NA
"3298_494.53_10.7",3298,494.53073591051,10.69392,"C33H67NO"
"3299_540.54_10.7",3299,540.535341870782,10.716415,"C34H71NO4"
"33_240.12_0.5",33,240.120652328453,0.54750896,"C12H14O4"
"330_359.33_1.3",330,359.326769367897,1.3370764,"C20H39NO3"
"3300_424.45_10.7",3300,424.451590438792,10.705053,"C28H59NO2"
"3301_1014.07_10.7",3301,1014.06502442823,10.705894,NA
"3302_894.76_10.7",3302,894.755227904867,10.7110615,"C57H96O6"
"3303_904.51_10.7",3303,904.511437599525,10.713116,"C49H75N3O10"
"3304_502.32_10.7",3304,502.31727933417,10.71814,"C29H40O6"
"3305_645.6_10.7",3305,645.595140109366,10.724435,"C41H82O2"
"3306_502.5_10.7",3306,502.500508516887,10.728003,"C34H60O"
"3307_485.29_10.7",3307,485.290024654624,10.723792,"C29H40O6"
"3308_830.44_10.7",3308,830.439282398461,10.73578,"C37H67NO19"
"3309_504.51_10.7",3309,504.514496244746,10.733809,"C34H62O"
"331_299.28_1.3",331,299.276880117035,1.3434445,"C18H40O2Si"
"3310_632.4_10.7",3310,632.401816632623,10.742547,"C31H58O8Si2"
"3311_740.68_10.7",3311,740.676842938929,10.747082,"C45H86O6"
"3312_1073.31_10.7",3312,1073.30901372364,10.747082,NA
"3313_988.05_10.7",3313,988.047909794275,10.748309,NA
"3314_508.54_10.7",3314,508.541934263628,10.739791,NA
"3315_505.52_10.7",3315,505.518764068027,10.735315,"C32H61N3"
"3316_509.55_10.7",3316,509.547663620059,10.743561,NA
"3317_1040.08_10.8",3317,1040.08250797741,10.76859,NA
"3318_534.56_10.7",3318,534.561036244282,10.747974,"C36H68O"
"3319_452.48_10.8",3319,452.482510461506,10.779324,"C30H63NO2"
"332_468.37_1.3",332,468.368726520455,1.3397992,"C27H46O5"
"3320_479.5_10.8",3320,479.501645349457,10.789901,"C32H68OSi"
"3321_478.5_10.8",3321,478.498580712866,10.759796,"C32H60O"
"3322_562.57_10.8",3322,562.567548967071,10.757411,"C36H68N2O"
"3323_563.57_10.8",3323,563.569396009073,10.801053,NA
"3324_1010.04_10.8",3324,1010.03679482145,10.801053,NA
"3325_1011.04_10.8",3325,1011.04024071808,10.801053,NA
"3327_620.67_10.8",3327,620.670845049364,10.831414,"C42H85NO"
"3328_536.58_10.8",3328,536.57682071931,10.841285,"C36H75NO2"
"3329_492.52_10.8",3329,492.51502592822,10.842721,"C33H62O"
"333_352.28_1.3",333,352.282257277281,1.3395834,NA
"3330_564.58_10.9",3330,564.583025470771,10.861685,NA
"3331_506.53_10.9",3331,506.530009113445,10.902674,"C34H64O"
"3332_658.69_10.9",3332,658.687057016344,10.866095,"C45H84O"
"3333_986.04_10.9",3333,986.036612060877,10.874217,NA
"3335_480.51_10.9",3335,480.514218906068,10.896937,"C32H65NO"
"3336_880.72_10.9",3336,880.718485912742,10.886921,NA
"3337_870.76_10.9",3337,870.75526944796,10.889197,"C55H96O6"
"3338_593.63_10.9",3338,593.634687397494,10.894677,"C39H77NO"
"3339_1168.98_10.9",3339,1168.97637778605,10.917652,NA
"334_298.27_1.3",334,298.273355666353,1.3429782,"C18H32O2"
"3340_1012.05_10.9",3340,1012.05209784039,10.881594,NA
"3341_920.77_10.9",3341,920.770843667701,10.905403,"C59H98O6"
"3342_984.02_10.9",3342,984.021425776273,10.904573,NA
"3344_1005.54_10.9",3344,1005.54393310758,10.910183,"C42H86N4O20"
"3345_485.29_10.9",3345,485.289961254691,10.921646,"C30H33N3O2"
"3346_502.32_10.9",3346,502.317035972381,10.915824,"C29H40O6"
"3347_568.57_10.9",3347,568.566589939767,10.912841,"C36H75NO4"
"3348_896.77_10.9",3348,896.770869920655,10.923938,"C57H98O6"
"3349_494.53_10.9",3349,494.531133866497,10.926054,"C33H67NO"
"335_331.3_1.3",335,331.303717588394,1.3439008,"C20H42OS"
"3350_922.79_10.9",3350,922.786017387594,10.935653,"C59H100O6"
"3351_502.5_10.9",3351,502.500524729191,10.927845,"C34H60O"
"3352_520.54_10.9",3352,520.544998132804,10.936654,"C35H66O"
"3353_508.54_10.9",3353,508.537670741455,10.912651,NA
"3354_534.56_10.9",3354,534.561023545356,10.929927,"C36H68O"
"3355_903.43_10.9",3355,903.425141359697,10.946198,"C48H68N2O10S"
"3356_796.67_11",3356,796.667087227573,10.965305,"C47H91NO9"
"3357_888.57_11",3357,888.566373170052,10.970484,"C57H75N3O4"
"3358_871.54_11",3358,871.538212169911,10.970517,"C47H71N3O11"
"3359_929.59_11",3359,929.592848885633,10.970795,"C40H76N14O11"
"336_375.36_1.3",336,375.357955359372,1.347337,"C21H43NO3"
"3360_452.48_11",3360,452.482506823432,10.988935,"C30H63NO2"
"3361_1040.08_11",3361,1040.08255506391,10.988935,NA
"3362_478.5_11",3362,478.498541208262,11.036758,"C32H60O"
"3363_505.52_11",3363,505.519269967689,10.975101,"C32H61N3"
"3364_984.02_11",3364,984.021255990514,10.99947,NA
"3365_1011.04_11",3365,1011.0402605283,10.99947,NA
"3366_504.51_11",3366,504.514557753028,10.976035,"C34H62O"
"3367_562.57_11",3367,562.567489701457,10.970172,"C36H68N2O"
"3368_768.71_11",3368,768.708120956774,11.016014,"C47H90O6"
"3369_543.34_11",3369,543.343189908194,11.010316,NA
"337_330.3_1.3",337,330.300404943429,1.3468568,"C19H36O3"
"3370_794.72_11.1",3370,794.723880417206,11.065126,"C49H92O6"
"3371_896.77_11.1",3371,896.770900442675,11.067333,"C57H98O6"
"3372_480.51_11.1",3372,480.514221714184,11.078846,"C32H65NO"
"3373_986.04_11.1",3373,986.036617762132,11.072878,NA
"3374_820.74_11.1",3374,820.739586480062,11.083749,"C51H94O6"
"3375_1012.05_11.1",3375,1012.05199765686,11.08174,NA
"3376_922.79_11.1",3376,922.786507144659,11.099665,"C59H100O6"
"3378_872.77_11.1",3378,872.770931675133,11.105978,"C55H98O6"
"3379_859.47_11.1",3379,859.468296589813,11.109157,"C51H68N2O7"
"338_172.13_1.3",338,172.133320271633,1.3484015,"C9H14O2"
"3380_949.81_11.1",3380,949.805243760338,11.13517,"C59H101N3O5"
"3381_948.8_11.1",3381,948.801990300517,11.134366,"C61H102O6"
"3382_898.79_11.1",3382,898.786768062495,11.142891,"C57H100O6"
"3383_960.57_11.1",3383,960.573773298618,11.143144,NA
"3384_924.8_11.1",3384,924.800268407866,11.146799,"C59H102O6"
"3385_660.7_11.1",3385,660.70264924014,11.145712,"C45H86O"
"3386_1014.06_11.2",3386,1014.06356490433,11.159117,NA
"3387_534.56_11.2",3387,534.560927875659,11.227179,"C36H68O"
"3388_924.8_11.2",3388,924.802081191399,11.186103,"C59H102O6"
"3389_508.54_11.2",3389,508.540344610677,11.221372,NA
"339_155.11_1.3",339,155.106786166514,1.3488961,"C9H14O2"
"3390_502.5_11.2",3390,502.500530765353,11.241879,"C34H60O"
"3391_540.54_11.2",3391,540.535355487971,11.22928,"C34H71NO4"
"3392_508.54_11.2",3392,508.536293872922,11.236764,NA
"3393_898.79_11.2",3393,898.786608122152,11.246547,"C57H100O6"
"3394_1054.3_11.3",3394,1054.2979425709,11.250651,NA
"3395_1055.3_11.3",3395,1055.29850133281,11.250651,NA
"3396_950.82_11.3",3396,950.817701703885,11.256039,"C61H104O6"
"3397_502.32_11.3",3397,502.317147261465,11.263514,"C29H40O6"
"3398_722.7_11.3",3398,722.702262428693,11.27075,"C46H88O4"
"3399_796.74_11.3",3399,796.739486228954,11.259049,"C49H94O6"
"34_564.36_0.5",34,564.359646754687,0.5471685,"C25H46N4O9"
"340_281.14_1.4",340,281.138299010178,1.350494,"C13H15N2O4"
"3400_478.5_11.3",3400,478.498561005393,11.273672,"C32H60O"
"3401_479.5_11.3",3401,479.501952693729,11.287568,"C32H68OSi"
"3402_504.51_11.2",3402,504.51463997636,11.232087,"C34H62O"
"3403_505.52_11.3",3403,505.519060990865,11.252662,"C32H61N3"
"3404_562.57_11.3",3404,562.567548222994,11.278938,"C36H68N2O"
"3405_1010.04_11.3",3405,1010.03668633621,11.287568,NA
"3406_1011.04_11.3",3406,1011.04018736608,11.287568,NA
"3408_543.34_11.3",3408,543.34315127896,11.27735,NA
"3409_822.76_11.3",3409,822.755240192259,11.293368,"C51H96O6"
"341_457.22_1.4",341,457.222336499518,1.354868,"C26H34O8"
"3410_931.46_11.3",3410,931.456060262001,11.295323,"C46H72N2O15"
"3411_959.49_11.3",3411,959.486668065259,11.295323,NA
"3412_987.52_11.3",3412,987.518763810873,11.295323,NA
"3413_1032.57_11.3",3413,1032.57464970562,11.295323,NA
"3414_1060.61_11.3",3414,1060.60592418063,11.295323,"C46H90O25"
"3415_924.8_11.3",3415,924.802183714892,11.2944765,"C59H102O6"
"3416_848.77_11.3",3416,848.770942227392,11.325411,"C53H98O6"
"3417_950.82_11.3",3417,950.817629176626,11.3338785,"C61H104O6"
"3418_874.79_11.3",3418,874.786662321049,11.336146,"C55H100O6"
"3419_875.79_11.3",3419,875.789883279723,11.337266,"C53H99N3O5"
"342_474.25_1.4",342,474.249055421328,1.3559864,"C26H32O7"
"3420_480.51_11.3",3420,480.514235841561,11.273832,"C32H65NO"
"3421_506.53_11.3",3421,506.53000043914,11.272318,"C34H64O"
"3422_507.53_11.3",3422,507.533073516466,11.269884,"C34H72OSi"
"3423_564.58_11.3",3423,564.582984384812,11.328861,NA
"3424_986.04_11.4",3424,986.036400117785,11.352039,NA
"3425_1012.05_11.3",3425,1012.05181168874,11.311174,NA
"3426_1168.98_11.4",3426,1168.97601980105,11.365539,NA
"3427_952.83_11.4",3427,952.831723558868,11.378545,"C61H106O6"
"3428_543.34_11.3",3428,543.34317258804,11.3473215,NA
"3429_593.63_11.4",3429,593.634921170362,11.362076,"C39H80N2O"
"343_158.12_1.4",343,158.117724440987,1.3611045,"C8H12O2"
"3430_900.8_11.4",3430,900.802394159213,11.372185,"C57H102O6"
"3431_926.82_11.4",3431,926.817548648754,11.37442,"C59H104O6"
"3432_824.7_11.4",3432,824.698652689177,11.379497,"C49H90O8"
"3433_810.76_11.4",3433,810.755385774872,11.399805,"C50H96O6"
"3436_873.27_11.4",3436,873.267807296863,11.435523,NA
"3438_480.51_11.4",3438,480.514228384819,11.420393,"C32H65NO"
"3439_534.56_11.4",3439,534.560892723684,11.431686,"C36H68O"
"344_502.28_1.4",344,502.280433516165,1.3622926,"C28H36O7"
"3440_986.04_11.4",3440,986.036454316065,11.437511,NA
"3441_832.24_11.4",3441,832.241290590373,11.439938,NA
"3442_952.83_11.4",3442,952.83316172047,11.431148,"C61H106O6"
"3444_543.34_11.4",3444,543.343121816763,11.435003,"C31H46N2O6"
"3445_509.55_11.5",3445,509.547125119625,11.468342,NA
"3446_824.77_11.5",3446,824.770841031287,11.52415,"C51H98O6"
"3447_850.79_11.6",3447,850.786517547485,11.552029,"C53H100O6"
"3448_751.74_11.6",3448,751.737121821611,11.561084,"C46H91N3O3"
"3449_750.73_11.6",3449,750.73378257136,11.561429,"C48H95NO4"
"345_631.5_1.4",345,631.502854634093,1.3762286,"C34H64N8O4"
"3451_480.51_11.6",3451,480.514218357256,11.610609,"C32H67NO2"
"3452_876.8_11.6",3452,876.802365869482,11.585856,"C55H102O6"
"3453_478.5_11.6",3453,478.498593836741,11.588872,"C32H60O"
"3454_505.52_11.6",3454,505.519262228179,11.5884495,"C32H61N3"
"3455_562.57_11.6",3455,562.567562012481,11.58293,"C36H68N2O"
"3456_1010.04_11.6",3456,1010.03667703643,11.588872,NA
"3457_1011.04_11.6",3457,1011.04003362497,11.588872,NA
"3458_702.75_11.6",3458,702.749268901163,11.61014,"C48H95NO"
"3459_928.83_11.6",3459,928.833205022171,11.620532,"C59H106O6"
"346_647.53_1.4",346,647.533887189324,1.3850874,"C37H72N2O5"
"3460_954.85_11.6",3460,954.848851270638,11.619975,"C61H108O6"
"3461_507.53_11.6",3461,507.533036429462,11.605222,"C34H72OSi"
"3462_902.82_11.6",3462,902.818026006854,11.625507,"C57H104O6"
"3463_903.82_11.6",3463,903.821041035375,11.625507,NA
"3464_504.52_11.6",3464,504.515126741444,11.6028185,"C34H62O"
"3465_904.82_11.6",3465,904.824079428405,11.624933,NA
"3466_986.04_11.6",3466,986.03645441989,11.643691,NA
"3467_508.54_11.6",3467,508.536196983059,11.597168,NA
"3468_593.63_11.7",3468,593.634832374126,11.653982,"C39H80N2O"
"3469_1012.05_11.6",3469,1012.05189942546,11.627127,NA
"347_521.39_1.4",347,521.393322256658,1.3786012,"C30H54N2O6"
"3470_1168.98_11.7",3470,1168.97638162036,11.653982,NA
"3472_505.52_11.6",3472,505.518568306792,11.625535,"C32H61N3"
"3473_506.53_11.6",3473,506.53001750919,11.633092,"C34H64O"
"3474_564.58_11.8",3474,564.582965056307,11.752842,NA
"3477_534.56_11.7",3477,534.560859593559,11.682076,"C36H68O"
"3478_480.51_11.8",3478,480.514242838858,11.753268,"C32H65NO"
"3479_852.8_11.8",3479,852.802049076565,11.809404,NA
"348_319.24_1.4",348,319.243731643951,1.3973625,"C18H32BNO4"
"3480_508.55_11.8",3480,508.545884956564,11.815678,"C34H71NO2"
"3483_904.83_11.9",3483,904.833509232996,11.872191,"C57H106O6"
"3484_778.77_11.9",3484,778.765205269373,11.88055,"C50H99NO4"
"3485_931.85_11.9",3485,931.852412733834,11.90201,NA
"3486_930.85_11.9",3486,930.849072461627,11.9030485,"C59H108O6"
"349_183.14_1.4",349,183.138142885388,1.3953345,"C11H18O2"
"35_244.15_0.5",35,244.154408201892,0.5457172,"C12H18O4"
"350_318.24_1.4",350,318.240415697205,1.3971313,NA
"351_331.34_1.4",351,331.340072538442,1.4016452,"C18H39N3O"
"352_284.26_1.4",352,284.258316940762,1.4013966,"C17H30O2"
"353_170.12_1.4",353,170.117709183806,1.4075587,"C9H12O2"
"354_296.26_1.4",354,296.258764536474,1.4034176,"C18H30O2"
"355_297.26_1.4",355,297.26083714515,1.4016186,NA
"356_334.21_1.4",356,334.214382210391,1.4029785,"C18H33NO2"
"357_278.25_1.4",357,278.248443828649,1.4037666,"C18H28O"
"358_279.23_1.4",358,279.232468146204,1.4056635,"C18H30O2"
"359_298.26_1.4",359,298.264098260683,1.4052169,NA
"36_520.33_0.5",36,520.333240621879,0.5423613,"C23H42N4O8"
"360_251.24_1.4",360,251.237122380554,1.4079213,"C17H30O"
"361_280.24_1.4",361,280.236708182247,1.4081348,"C16H31N3O2"
"362_279.25_1.4",362,279.250940846838,1.410765,NA
"363_591.51_1.4",363,591.510237226918,1.4112822,"C41H68O3"
"364_613.49_1.4",364,613.492276296131,1.417166,NA
"365_340.3_1.4",365,340.295969553043,1.4228842,"C19H34N2O2"
"366_266.25_1.4",366,266.248022775615,1.4303267,"C17H28O"
"367_374.36_1.4",367,374.362913351779,1.4306089,"C22H47NO3"
"368_251.13_1.4",368,251.128132637509,1.4342779,"C14H18O4"
"369_341.32_1.4",369,341.316302442529,1.434503,"C20H37NO2"
"37_123.06_0.5",37,123.055531715337,0.54338294,"C6H8N2O2"
"370_342.32_1.4",370,342.31988884006,1.4356767,NA
"371_261.22_1.4",371,261.221551557462,1.4436775,"C18H28O"
"372_243.21_1.5",372,243.210958891787,1.451028,"C18H28O"
"373_224.16_1.5",373,224.164731287787,1.4549541,"C13H18O2"
"374_226.22_1.5",374,226.216685696504,1.4724789,"C14H24O"
"375_233.23_1.5",375,233.226564857522,1.4731508,"C17H30O"
"376_364.25_1.5",376,364.2458488811,1.4801488,"C19H35NO4"
"377_306.28_1.5",377,306.279028106153,1.4834716,"C20H32O"
"378_322.27_1.5",378,322.272827484039,1.5485009,"C20H32O2"
"379_283.28_1.5",379,283.282556627153,1.493904,NA
"38_208.09_0.5",38,208.094621168502,0.54800993,"C9H15NO3"
"380_210.15_1.5",380,210.149080574147,1.5416492,"C12H16O2"
"381_387.32_1.5",381,387.32182993738,1.5024619,"C21H39NO4"
"382_345.35_1.5",382,345.347268613059,1.5029365,"C20H41NO2"
"383_505.4_1.5",383,505.397902344674,1.5167433,"C28H54N2O4"
"384_292.23_1.5",384,292.227705426595,1.5242897,"C18H26O2"
"385_314.34_1.5",385,314.341777760735,1.5273043,"C20H40O"
"386_475.35_1.5",386,475.350961766599,1.5300767,"C26H48N2O4"
"387_275.2_1.5",387,275.201025302037,1.5326841,"C18H26O2"
"388_169.12_1.5",388,169.122459569101,1.5325909,"C10H16O2"
"389_433.38_1.5",389,433.379120770812,1.5335739,"C27H45NO2"
"39_210.11_0.5",39,210.110256519801,0.5485003,"C9H11F3O"
"390_453.37_1.5",390,453.368981245149,1.5356131,"C26H45NO4"
"391_535.41_1.6",391,535.408714506057,1.5565009,"C31H51NO5"
"392_460.27_1.6",392,460.269582333064,1.5663993,"C26H34O6"
"393_334.25_1.6",393,334.250759085148,1.5698712,"C18H33ClO2"
"394_276.23_1.6",394,276.232631277918,1.5726836,"C18H26O"
"395_344.35_1.6",395,344.351932694461,1.5771424,"C21H42O2"
"396_344.32_1.6",396,344.316492878925,1.5789808,"C20H38O3"
"397_473.26_1.6",397,473.264913516194,1.5817307,NA
"398_497.4_1.6",398,497.39502058511,1.584595,"C28H49NO5"
"399_356.35_1.6",399,356.352169480526,1.5850035,"C22H45NO2"
"4_173.13_0.5",4,173.128503946081,0.50807905,"C8H13NO2"
"40_186.11_0.5",40,186.112620686742,0.5493281,"C9H12O3"
"400_519.38_1.6",400,519.377424686421,1.5863569,"C28H52N2O5"
"401_210.15_1.6",401,210.149067723641,1.5557926,"C12H16O2"
"402_326.31_1.6",402,326.305305387213,1.5911644,"C20H36O2"
"403_400.38_1.6",403,400.378655166371,1.6056583,"C24H51NO4"
"404_310.27_1.6",404,310.273917065221,1.6067165,"C19H32O2"
"405_322.24_1.6",405,322.237597212922,1.6086233,"C19H28O3"
"406_294.21_1.6",406,294.207175848162,1.6120228,"C17H24O3"
"407_277.18_1.6",407,277.180268890516,1.6120262,"C17H24O3"
"408_203.11_1.6",408,203.106817716424,1.6124704,"C13H14O2"
"409_373.31_1.6",409,373.306112738346,1.6126535,"C20H37NO4"
"41_370.2_0.5",41,370.203027818821,0.54424155,"C18H28O5Si"
"410_221.12_1.6",410,221.117375724644,1.6129305,"C13H16O3"
"411_295.21_1.6",411,295.210766717925,1.6115761,"C13H28N4O2"
"412_322.27_1.6",412,322.273414206651,1.6182985,"C20H32O2"
"413_170.12_1.7",413,170.117665427277,1.6881417,"C9H12O2"
"414_200.16_1.6",414,200.164678950774,1.6250423,"C11H18O2"
"415_432.24_1.6",415,432.238288795825,1.5877124,NA
"416_449.37_1.6",416,449.373980730523,1.6350292,"C27H45NO3"
"417_232.21_1.6",417,232.20608986836,1.6407086,"C16H22"
"418_366.3_1.6",418,366.298773858077,1.6455824,"C22H36O3"
"419_503.38_1.7",419,503.382264986963,1.65569,"C28H52N2O4"
"42_232.09_0.5",42,232.092022225177,0.5443405,NA
"420_299.26_1.7",420,299.258611955718,1.6587594,"C18H34O3"
"421_253.25_1.7",421,253.252717346059,1.6594614,"C17H32O"
"422_182.15_1.7",422,182.154065117445,1.6673038,"C11H16O"
"423_478.24_1.7",423,478.235718130301,1.6667293,"C28H27N7O"
"424_450.2_1.7",424,450.204261774678,1.6673905,"C24H29ClO5"
"425_433.18_1.7",425,433.177807473842,1.6674144,"C25H21NO5"
"426_281.25_1.7",426,281.247911207487,1.669603,"C18H32O2"
"427_298.27_1.7",427,298.273865181405,1.6721369,"C18H32O2"
"428_299.28_1.7",428,299.276537869332,1.6721404,"C22H36O"
"429_339.3_1.7",429,339.300834592384,1.6754036,"C20H35NO2"
"43_222.11_0.6",43,222.110104105747,0.5533129,"C12H12O3"
"430_340.3_1.7",430,340.304646050484,1.6786225,NA
"431_595.54_1.7",431,595.54132839438,1.6802082,"C41H72O3"
"432_336.23_1.7",432,336.230205791074,1.6841075,NA
"433_617.52_1.7",433,617.523282668488,1.6854811,"C36H70N2O4"
"434_320.26_1.7",434,320.255999587098,1.6885116,NA
"435_356.33_1.7",435,356.327124537744,1.6915203,"C20H38N2O2"
"436_342.31_1.7",436,342.311286731901,1.6919788,"C19H36N2O2"
"437_344.34_1.7",437,344.335076275447,1.69471,"C23H41BO"
"438_263.24_1.7",438,263.237097691622,1.6942803,"C18H30O"
"439_343.33_1.7",439,343.331780808496,1.694726,"C20H39NO2"
"44_188.13_0.6",44,188.128185906719,0.55393875,"C9H14O3"
"440_245.23_1.7",440,245.226503401926,1.6949602,"C18H30O"
"441_321.26_1.7",441,321.259302075223,1.6862326,"C13H29N5O3"
"442_397.2_1.7",442,397.201017813328,1.6951745,"C24H30O6"
"443_414.23_1.7",443,414.227586007515,1.6960866,"C24H28O5"
"444_280.26_1.7",444,280.263611435446,1.6974456,"C18H30O"
"445_172.13_1.7",445,172.133285126591,1.6976465,"C9H14O2"
"446_442.26_1.7",446,442.25887299616,1.6978867,"C26H32O5"
"447_281.27_1.7",447,281.266270204556,1.6974491,"C11H29N5O2"
"448_285.16_1.7",448,285.161253367375,1.7069447,"C17H26O"
"449_330.22_1.7",449,330.219318497856,1.7157409,"C16H30FN3O4"
"45_180.1_0.6",45,180.099385841611,0.5547447,"C8H15NO2"
"450_170.12_1.7",450,170.117664337017,1.7217083,"C9H12O2"
"451_415.21_1.7",451,415.211673516552,1.6579964,"C24H30O6"
"452_432.24_1.7",452,432.238256889389,1.662076,"C24H30O6"
"453_489.37_1.7",453,489.366540770181,1.7356613,"C27H50N2O4"
"454_371.36_1.7",454,371.363032491709,1.736277,"C22H43NO2"
"455_188.13_1.7",455,188.128224808063,1.7375766,"C9H14O3"
"456_512.44_1.7",456,512.442917135577,1.742292,"C32H59NO2"
"457_308.29_1.7",457,308.294702892961,1.7432024,"C20H34O"
"458_467.38_1.7",458,467.384595967475,1.7452743,"C27H47NO4"
"459_292.23_1.7",459,292.227273472115,1.7250252,"C18H26O2"
"46_291.23_0.6",46,291.227761049939,0.56152374,"C14H27NO4"
"460_277.18_1.8",460,277.180402364774,1.7676446,"C17H24O3"
"461_252.23_1.8",461,252.232348371689,1.7741764,"C16H26O"
"462_460.27_1.8",462,460.269516238292,1.7633244,"C26H34O6"
"463_358.33_1.8",463,358.33157975897,1.7827581,"C21H43NO3"
"464_473.26_1.8",464,473.26486085387,1.780767,"C26H36N2O6"
"465_387.36_1.8",465,387.358098665993,1.7907995,"C22H43NO3"
"466_341.32_1.8",466,341.316457313737,1.7558372,"C20H37NO2"
"467_359.33_1.8",467,359.326255147577,1.7854879,"C20H39NO3"
"468_355.33_1.8",468,355.331895951315,1.798454,"C21H39NO2"
"469_364.28_1.8",469,364.282157802214,1.8184392,"C20H39NO3"
"47_266.14_0.6",47,266.136344099183,0.55795413,"C12H21NO4"
"470_380.31_1.8",470,380.313665230901,1.8196052,"C23H38O3"
"471_332.26_1.8",471,332.25594069064,1.8341188,"C16H33N3O4"
"472_524.37_1.8",472,524.37176257851,1.837422,"C26H54NO7P"
"473_455.46_1.9",473,455.457305397261,1.8510307,"C28H58N2O2"
"474_200.16_1.9",474,200.164646733196,1.857984,"C11H18O2"
"475_348.25_1.9",475,348.250923558758,1.8574755,"C16H30N2O5"
"476_198.15_1.9",476,198.149023930928,1.8652426,"C11H16O2"
"477_336.25_1.9",477,336.250854967378,1.8818712,"C18H35NO3"
"478_315.17_1.9",478,315.171937230957,1.872049,"C18H28O2"
"479_371.33_1.9",479,371.326837915675,1.8753424,"C21H39NO3"
"48_224.13_0.6",48,224.125975271956,0.5575678,"C12H14O3"
"480_312.29_1.9",480,312.28962430676,1.8782966,"C19H34O2"
"481_360.23_1.9",481,360.229713883339,1.8819596,"C19H31ClO3"
"482_324.29_1.9",482,324.289641894374,1.8855255,"C20H34O2"
"483_369.35_1.9",483,369.347692324057,1.894558,"C22H41NO2"
"484_346.27_1.9",484,346.271668643432,1.899984,NA
"485_478.32_1.9",485,478.321999543679,1.9063014,"C33H39N3"
"486_505.47_1.9",486,505.473030357278,1.9016147,"C32H57NO2"
"487_437.19_1.9",487,437.193601288427,1.8940088,NA
"488_240.23_1.9",488,240.232229676118,1.9079773,"C15H26O"
"489_334.27_1.9",489,334.27159955549,1.8881848,"C19H37NO2"
"490_171.12_1.9",490,171.121032983197,1.9444706,NA
"491_352.25_1.9",491,352.24595676057,1.9406145,"C18H35NO4"
"492_173.14_1.9",492,173.136551142746,1.9444262,"C9H20OSi"
"493_306.24_1.9",493,306.240351887265,1.9420747,"C19H28O2"
"494_152.11_1.9",494,152.107127418183,1.9427053,"C9H15NO2"
"495_312.25_1.9",495,312.25339152145,1.9420112,"C18H30O3"
"496_170.12_1.9",496,170.117707395629,1.942943,"C9H12O2"
"497_280.16_1.9",497,280.162336235445,1.9422808,"C9H18N4O5"
"498_188.13_1.9",498,188.128251641608,1.9429281,"C9H14O3"
"499_153.09_1.9",499,153.091124385978,1.9432049,"C9H12O2"
"5_261.09_0.5",5,261.088092009423,0.50712436,"C13H9NO4"
"50_170.12_0.6",50,170.117670543257,0.5580561,"C9H12O2"
"500_172.13_1.9",500,172.133253006248,1.9436411,"C9H14O2"
"501_125.1_1.9",501,125.096313311371,1.9436446,"C8H14O2"
"502_135.08_1.9",502,135.080583812843,1.9438944,"C9H12O2"
"503_659.52_1.9",503,659.521058349064,1.9448102,"C36H67NO8"
"504_368.22_1.9",504,368.220012058869,1.9442868,"C18H35NO4"
"505_388.32_1.9",505,388.316958270159,1.9469469,NA
"506_374.3_1.9",506,374.301456261413,1.9481179,"C19H36N2O4"
"507_296.33_1.9",507,296.331004134316,1.9499948,"C20H43NO"
"508_375.32_2",508,375.321770370155,1.9501626,"C20H39NO4"
"509_200.16_2",509,200.164664130284,1.9608616,"C11H18O2"
"51_153.09_0.6",51,153.091108792343,0.5615332,"C9H12O2"
"510_216.16_2",510,216.159627860928,1.9620348,"C11H18O3"
"511_432.24_1.9",511,432.238289835313,1.8916534,"C24H30O6"
"512_358.37_2",512,358.367922894179,1.9682378,"C22H47NO2"
"513_359.33_1.9",513,359.326672383804,1.9271647,"C20H39NO3"
"514_503.38_2",514,503.382303259234,1.9862744,"C28H52N2O4"
"515_277.22_2",515,277.21694025045,1.9889331,"C18H28O2"
"516_295.25_2",516,295.246391538892,1.9889868,NA
"517_460.27_1.9",517,460.269538040509,1.9461107,"C26H34O6"
"518_294.24_2",518,294.243083952441,1.9899381,"C18H28O2"
"519_341.32_2",519,341.316321420327,1.9683943,"C20H37NO2"
"52_367.22_0.6",52,367.21979896587,0.563757,"C19H27NO5"
"520_243.21_2",520,243.210886178786,1.9952021,"C18H28O"
"521_481.4_2",521,481.40022906538,1.9981489,"C28H49NO4"
"522_555.49_2",522,555.488974934224,1.9966075,"C36H59NO2"
"523_279.25_2",523,279.251079263837,1.9976724,NA
"524_261.22_2",524,261.221433201029,1.9969553,"C18H28O"
"525_278.25_2",525,278.248158681082,1.9969553,"C18H28O"
"526_402.39_2",526,402.394283890493,1.9998766,"C24H51NO3"
"527_473.26_2",527,473.264942638264,1.9948685,"C26H33NO6"
"528_607.51_2",528,607.505071619059,2.0266652,"C39H68O3"
"529_659.52_2",529,659.521042613391,2.0389183,"C36H70N2O8"
"53_254.14_0.6",53,254.136367667416,0.55889815,"C13H16O4"
"530_125.1_2",530,125.09631126309,2.0433085,"C8H14O2"
"531_530.35_2",531,530.348421367893,2.042232,"C31H47NO6"
"532_172.13_2",532,172.133275689941,2.0444517,"C9H14O2"
"533_155.11_2",533,155.106753313057,2.044481,"C9H14O2"
"534_188.13_2",534,188.12824466187,2.0451875,"C9H14O3"
"535_210.11_2.1",535,210.110283813898,2.0552344,"C9H17NO3"
"536_306.24_2.1",536,306.240284641119,2.0569067,"C19H28O2"
"537_353.25_2",537,353.249340349443,2.0494263,NA
"538_352.25_2",538,352.245914026031,2.0477798,"C18H35NO4"
"539_583.51_2.1",539,583.505002267253,2.0639424,"C37H68O3"
"54_171.12_0.6",54,171.120990263638,0.5577021,"C9H20O2Si"
"540_502.32_2.1",540,502.316791608125,2.064059,"C29H40O6"
"541_531.49_2.1",541,531.48890158413,2.0645256,"C34H59NO2"
"542_485.29_2.1",542,485.290088754628,2.0645754,"C29H40O6"
"543_507.27_2.1",543,507.272285144249,2.0668871,"C27H31N5O4"
"544_336.25_2.1",544,336.250853878246,2.0583673,"C18H35NO3"
"545_437.19_2.1",545,437.193617782262,2.0642977,"C22H26N6O5"
"546_453.17_2.1",546,453.167500171617,2.0769577,NA
"547_508.28_2.1",547,508.275428482766,2.0646777,"C23H38O11"
"548_270.32_2.1",548,270.315388580536,2.084859,"C18H39N"
"549_321.26_2.1",549,321.259364913765,2.0788028,"C18H32BNO3"
"55_152.11_0.6",55,152.1070856035,0.563433,"C9H15NO2"
"550_507.49_2.1",550,507.488861430851,2.0893598,"C32H59NO2"
"551_254.25_2.1",551,254.24799204758,2.0905647,"C16H28O"
"552_219.21_2.1",552,219.210893074296,2.0910423,"C16H28O"
"553_508.49_2.1",553,508.492145599474,2.0888102,NA
"554_312.33_2.1",554,312.325946632311,2.1043968,"C20H38O"
"555_326.31_2.1",555,326.305315448609,2.1347554,"C20H36O2"
"556_342.37_2.1",556,342.373044203219,2.1242306,"C22H47NO"
"557_495.49_2.1",557,495.488747748461,2.1402636,"C31H59NO2"
"558_242.25_2.2",558,242.247945717085,2.1510196,"C15H28O"
"559_243.25_2.2",559,243.251173638997,2.1532788,NA
"56_327.23_0.6",56,327.22742598091,0.56636685,"C17H27NO4"
"560_647.5_2.2",560,647.497374468104,2.1669812,"C34H62N8O4"
"561_381.35_2.2",561,381.347582775876,2.1722538,"C23H41NO2"
"562_625.52_2.2",562,625.515476881632,2.1697757,"C37H61N5O2"
"563_679.49_2.2",563,679.488600295385,2.1831055,"C36H71O9P"
"564_281.27_2.2",564,281.266792131248,2.1871703,"C11H29N5O2"
"565_372.35_2.2",565,372.347290837141,2.1957748,"C22H42O3"
"566_483.49_2.2",566,483.488725143768,2.2007413,"C30H62N2O2"
"567_657.51_2.2",567,657.505441853965,2.2026703,"C37H61N5O4"
"568_393.35_2.2",568,393.347482640524,2.205633,"C24H41NO2"
"569_663.49_2.2",569,663.492742666739,2.2202587,"C36H71O8P"
"57_202.14_0.6",57,202.143859959482,0.5686328,"C10H16O3"
"570_641.51_2.3",570,641.510343599621,2.254906,"C36H65NO7"
"571_432.24_2.2",571,432.23826398823,2.1912515,"C24H30O6"
"572_600.47_2.3",572,600.468705243362,2.2556865,"C30H62O10"
"573_341.32_2.3",573,341.316237398563,2.2751067,"C20H37NO2"
"574_343.33_2.3",574,343.331923469923,2.2752938,"C20H39NO2"
"575_359.33_2.3",575,359.326783035143,2.274786,"C20H39NO3"
"576_375.32_2.3",576,375.32178635286,2.2722638,"C20H39NO4"
"577_459.25_2.3",577,459.249203944476,2.282072,"C25H35NO2SSi"
"578_473.26_2.3",578,473.264881070934,2.27174,NA
"579_460.27_2.3",579,460.269548147928,2.2822957,"C26H34O6"
"58_200.13_0.6",58,200.128258350087,0.56951463,"C10H14O3"
"580_495.42_2.3",580,495.415830677025,2.2912493,"C29H54N2O4"
"581_326.31_2.3",581,326.305315476155,2.2916203,"C20H36O2"
"582_389.34_2.3",582,389.337399944308,2.2965937,"C21H41NO4"
"583_371.36_2.3",583,371.363294553638,2.298515,"C22H43NO2"
"584_528.33_2.3",584,528.332714296788,2.3015332,"C31H42O6"
"585_308.29_2.3",585,308.294686527562,2.3120735,"C20H34O"
"586_200.16_2.3",586,200.164639764972,2.313283,"C11H18O2"
"587_565.41_2.3",587,565.408116238166,2.3215592,"C31H58O7"
"588_533.5_2.3",588,533.504517119746,2.3235312,"C34H61NO2"
"589_189.13_2.3",589,189.127485426569,2.3244798,"C13H18O2"
"59_268.15_0.6",59,268.15200132234,0.5699862,"C12H23NO4"
"590_348.29_2.3",590,348.287378794736,2.3302798,"C17H34N2O4"
"591_320.26_2.3",591,320.255927782767,2.3360696,"C20H30O2"
"592_318.24_2.3",592,318.240279830648,2.337485,NA
"594_352.28_2.3",594,352.282187371661,2.3383598,"C19H39NO3"
"595_336.25_2.3",595,336.250740816842,2.3437676,"C18H35NO3"
"596_352.25_2.3",596,352.24575715245,2.3457136,"C18H35NO4"
"597_453.17_2.4",597,453.167575061961,2.3575106,NA
"598_400.38_2.4",598,400.37851993602,2.3539498,"C24H46O3"
"599_376.32_2.4",599,376.318966557699,2.3537426,"C24H38O2"
"60_234.11_0.6",60,234.110052937059,0.57265234,"C11H14F3NO"
"600_657.51_2.3",600,657.505435388292,2.287845,"C37H61N5O4"
"601_437.19_2.4",601,437.193520041091,2.3606665,NA
"602_184.17_2.4",602,184.169687888574,2.3641906,"C11H18O"
"603_559.52_2.4",603,559.520147749484,2.3646655,"C36H63NO2"
"604_281.27_2.4",604,281.265661561645,2.3661783,"C11H29N5O2"
"605_280.26_2.4",605,280.263625156228,2.3649597,"C18H30O"
"606_170.15_2.4",606,170.154002449025,2.364899,"C10H16O"
"607_210.19_2.4",607,210.185340682468,2.365417,"C13H20O"
"608_245.23_2.4",608,245.226466220651,2.3661551,"C18H30O"
"609_263.24_2.4",609,263.237078005062,2.366631,"C18H30O"
"61_524.34_0.6",61,524.339210120297,0.5711238,"C21H42N6O8"
"610_224.2_2.4",610,224.20091598394,2.3664057,"C14H22O"
"611_483.38_2.4",611,483.379520605131,2.364021,"C27H47NO5"
"612_639.49_2.4",612,639.494746667224,2.3858674,"C39H68O5"
"613_302.25_2.4",613,302.245559863545,2.3711169,"C18H33NO"
"614_641.51_2.3",614,641.510391559509,2.2964,"C39H70O5"
"615_581.31_2.4",615,581.308721469461,2.3720717,"C32H46O8"
"616_576.35_2.4",616,576.353354647694,2.3740234,"C32H49NO8"
"617_623.5_2.4",617,623.49980519379,2.3832526,"C41H68O5"
"618_647.5_2.4",618,647.497160141632,2.3909402,"C34H62N8O4"
"619_661.48_2.5",619,661.478108380893,2.454767,"C38H61NO7"
"62_236.13_0.6",62,236.125727716952,0.57490706,"C11H19NO3"
"620_645.48_2.4",620,645.481671471828,2.416078,"C36H71O8P"
"621_475.19_2.4",621,475.188414434203,2.4162853,"C32H26O4"
"622_492.21_2.4",622,492.214919178839,2.4167752,"C26H31ClO6"
"623_497.17_2.4",623,497.17031290707,2.4108415,"C29H21NO6"
"624_520.25_2.4",624,520.246704256529,2.4230483,"C28H35ClO6"
"625_461.37_2.4",625,461.371431973445,2.4246879,"C28H45NO3"
"626_260.24_2.4",626,260.237521947111,2.4245605,"C18H26"
"627_407.36_2.4",627,407.363226365171,2.425607,"C25H43NO2"
"628_408.35_2.4",628,408.34500002418,2.443112,"C20H42N2O5"
"629_233.12_2.4",629,233.117343347673,2.4436998,NA
"63_627.26_0.6",63,627.258906693449,0.58746386,"C35H40O9"
"630_386.36_2.4",630,386.362906094746,2.4491508,"C23H44O3"
"631_528.33_2.5",631,528.332705302941,2.4539928,"C31H45NO6"
"632_505.26_2.5",632,505.256206669692,2.459977,"C27H29N5O4"
"633_500.3_2.5",633,500.300914154891,2.4602516,"C29H38O6"
"634_483.27_2.5",634,483.27431338077,2.4602745,"C29H38O6"
"635_521.23_2.5",635,521.230395013696,2.460948,"C30H34N4O2"
"636_419.36_2.5",636,419.36301832409,2.4701672,"C26H43NO2"
"637_547.52_2.5",637,547.520200221272,2.4761446,"C35H63NO2"
"638_395.36_2.5",638,395.363391783416,2.4804265,"C24H43NO2"
"639_268.26_2.5",639,268.263582738754,2.4818678,"C17H30O"
"64_212.13_0.6",64,212.128321999584,0.5811584,"C11H14O3"
"640_251.24_2.5",640,251.23709553441,2.482571,"C17H30O"
"641_535.52_2.5",641,535.520214864184,2.4843392,"C34H63NO2"
"642_437.19_2.4",642,437.193526435426,2.4283485,NA
"643_661.48_2.5",643,661.477943808969,2.490155,"C36H71O9P"
"644_304.26_2.5",644,304.263405712108,2.4934056,"C20H30O"
"645_639.49_2.5",645,639.494742156048,2.5004392,"C39H68O5"
"646_302.25_2.5",646,302.245529974909,2.4545577,"C18H33NO"
"647_430.37_2.5",647,430.371239464495,2.5072417,"C24H48O3Si"
"648_266.25_2.5",648,266.2482109971,2.518799,"C17H28O"
"649_661.48_2.5",649,661.478040245543,2.4980257,"C38H61NO7"
"65_381.24_0.6",65,381.23602571824,0.58553594,"C15H29N3O7"
"650_415.21_2.5",650,415.21156217132,2.466561,"C22H33ClN2O2"
"651_432.24_2.5",651,432.238182177038,2.4843676,"C24H30O6"
"652_485.29_2.5",652,485.290069118274,2.5353413,"C29H40O6"
"653_502.32_2.5",653,502.316746094458,2.5415084,"C29H40O6"
"654_353.32_2.5",654,353.324356930322,2.5419502,"C18H42N4O"
"655_374.3_2.5",655,374.302953089632,2.5386653,NA
"656_530.35_2.5",656,530.348403292979,2.5397985,"C31H47NO6"
"657_460.27_2.5",657,460.269478683218,2.5492914,"C26H34O6"
"658_375.32_2.5",658,375.321666378713,2.544365,"C20H39NO4"
"659_397.38_2.5",659,397.378832045424,2.5487108,"C24H50N2O3"
"66_395.25_0.6",66,395.251921988778,0.583093,"C16H31N3O7"
"660_473.26_2.5",660,473.264894128406,2.548963,NA
"661_507.27_2.6",661,507.272216594612,2.5753717,"C27H40N4O3"
"662_564.3_2.6",662,564.295964291299,2.5830624,"C33H38O7"
"663_535.52_2.6",663,535.520063198657,2.587616,"C34H63NO2"
"664_200.16_2.6",664,200.164568538365,2.5968559,"C11H18O2"
"665_380.28_2.6",665,380.277196673929,2.6002052,"C20H39NO4"
"666_639.49_2.6",666,639.494731982457,2.591239,"C39H68O5"
"667_619.47_2.6",667,619.466366049249,2.6117442,"C34H64N2O6"
"668_597.48_2.6",668,597.484071764408,2.6145144,"C34H61NO6"
"669_511.52_2.6",669,511.520070411116,2.617546,"C32H66N2O2"
"67_321.13_0.6",67,321.13083071364,0.5887071,"C13H13N5O4"
"670_294.28_2.6",670,294.279076598077,2.6178997,"C19H32O"
"671_297.29_2.6",671,297.289794453853,2.6185474,"C18H33NO"
"672_524.52_2.6",672,524.52338114467,2.621344,NA
"673_437.19_2.6",673,437.193560806311,2.6192205,"C22H26N6O5"
"674_523.52_2.6",674,523.520024080061,2.6203418,"C33H63NO2"
"675_453.17_2.6",675,453.167599230552,2.622572,NA
"676_418.33_2.7",676,418.32923916893,2.651129,"C24H45NO3"
"677_378.34_2.7",677,378.336704750403,2.6519945,"C24H40O2"
"678_561.54_2.7",678,561.535877165596,2.6574662,"C36H68N2O2"
"679_330.28_2.7",679,330.279067136846,2.6644883,"C22H32O"
"68_344.21_0.6",68,344.20703830905,0.59019685,"C17H26O6"
"680_415.21_2.6",680,415.211588841546,2.6261275,NA
"681_403.23_2.7",681,403.23274371104,2.682168,"C20H34O8"
"682_329.16_2.7",682,329.159426115643,2.682173,"C16H26O8"
"683_432.24_2.6",683,432.23819761248,2.6413212,"C24H30O6"
"684_425.21_2.7",684,425.214575516133,2.6906886,"C20H34O8"
"685_448.29_2.7",685,448.290587106115,2.6930614,"C22H38O8"
"686_487.39_2.7",686,487.387173125424,2.6994936,"C30H47NO3"
"687_550.45_2.7",687,550.446738206425,2.700067,"C33H56O5"
"688_171.12_2.7",688,171.116907957279,2.699795,NA
"689_289.25_2.7",689,289.252552881561,2.7021055,"C20H32O"
"69_196.13_0.6",69,196.133317054845,0.58924806,"C11H14O2"
"690_306.28_2.7",690,306.279093615724,2.7034192,"C20H32O"
"691_523.46_2.7",691,523.458751355882,2.705665,"C30H55N3O3"
"692_433.38_2.7",692,433.379070524434,2.7054143,"C27H45NO2"
"693_473.26_2.7",693,473.264921970087,2.7047746,NA
"694_395.36_2.7",694,395.363879997577,2.7234838,"C24H43NO2"
"695_380.28_2.7",695,380.277123639203,2.721169,"C20H39NO4"
"696_460.27_2.7",696,460.269494507553,2.7219772,"C26H34O6"
"697_375.32_2.7",697,375.321838476839,2.7186663,"C20H39NO4"
"698_403.35_2.7",698,403.353051845951,2.729898,"C22H43NO4"
"699_200.16_2.7",699,200.164589668593,2.7317433,"C11H18O2"
"70_135.08_0.6",70,135.080550458685,0.59038824,"C9H12O2"
"700_294.28_2.7",700,294.279136423422,2.7346332,"C19H32O"
"701_314.27_2.7",701,314.268804397884,2.7458236,"C18H35NO3"
"702_572.4_2.8",702,572.395046280209,2.7688677,"C34H50O6"
"703_530.35_2.8",703,530.3482634769,2.7716374,"C31H47NO6"
"704_407.36_2.8",704,407.36357077938,2.777723,"C25H43NO2"
"705_558.38_2.8",705,558.37932543384,2.776144,"C33H51NO6"
"706_516.33_2.8",706,516.332194659402,2.787104,"C30H45NO6"
"707_482.67_2.8",707,482.667477120602,2.7996395,NA
"708_499.55_2.8",708,499.554814783288,2.7996395,NA
"709_486.29_2.8",709,486.293042611226,2.798906,"C22H36N4O7"
"71_214.14_0.6",71,214.143916651078,0.58941925,"C11H16O3"
"710_467.28_2.8",710,467.280006460291,2.798628,"C27H40O5"
"711_337.2_2.8",711,337.201008111291,2.798432,"C17H30O5"
"712_505.32_2.8",712,505.3246138846,2.799163,"C24H37N7O4"
"713_127.08_2.8",713,127.075636511784,2.799944,"C7H10O2"
"714_149.1_2.8",714,149.096191851545,2.7999432,"C10H14O2"
"715_502.32_2.8",715,502.317109472901,2.8001335,"C29H40O6"
"716_351.18_2.8",716,351.180442802378,2.8002303,"C17H28O6"
"717_505.1_2.8",717,505.101628115675,2.7976587,"C23H27ClO8"
"718_487.3_2.8",718,487.295821354126,2.798775,"C23H39N3O5S"
"719_488.3_2.8",719,488.298700363775,2.800244,"C23H38N2O8"
"72_619.27_0.6",72,619.272936560663,0.5905381,NA
"720_485.29_2.8",720,485.290682908942,2.801067,"C29H40O6"
"721_189.11_2.8",721,189.112304221122,2.8011293,"C9H16O4"
"722_134.1_2.8",722,134.104728664011,2.8016217,"C5H10NO2"
"723_989.61_2.8",723,989.609436283179,2.8013642,"C41H81N9O17"
"724_147.08_2.8",724,147.080553135516,2.8022006,NA
"725_319.19_2.8",725,319.190634720244,2.802502,"C19H28O5"
"726_986.6_2.8",726,986.600279926845,2.8024988,"C59H79N5O8"
"727_528.33_2.8",727,528.332854960212,2.8027422,"C31H45NO6"
"728_529.33_2.8",728,529.328193099527,2.802925,"C30H41NO6"
"729_153.09_2.8",729,153.091204197573,2.8032718,"C9H14O3"
"73_316.18_0.6",73,316.175492116069,0.5902855,"C15H22O6"
"730_991.56_2.8",730,991.555357666886,2.8033626,NA
"731_499.53_2.8",731,499.534372732911,2.803892,NA
"732_503.32_2.8",732,503.319040803107,2.79873,"C22H39N5O7"
"733_499.56_2.8",733,499.557117386473,2.802892,NA
"734_1007.53_2.8",734,1007.52917224582,2.8134658,NA
"735_523.25_2.8",735,523.246305237408,2.8148785,NA
"736_543.34_2.8",736,543.343296711094,2.817773,NA
"737_421.38_2.8",737,421.378786601252,2.8302147,"C26H45NO2"
"738_292.26_2.8",738,292.263604106238,2.8305368,"C19H30O"
"739_572.4_2.8",739,572.395057118148,2.7719998,"C34H50O6"
"74_165.08_0.6",74,165.075886445687,0.5933696,"C6H14O6"
"740_663.49_2.8",740,663.49318688802,2.8365889,"C36H71O8P"
"741_507.27_2.9",741,507.271320058958,2.8526573,"C29H40O6"
"742_318.24_2.9",742,318.239970486608,2.8758678,"C18H33NO2"
"743_647.5_2.8",743,647.497738032669,2.8492398,"C38H66N2O6"
"744_398.23_2.9",744,398.232590828558,2.8687563,"C24H31NO4"
"745_408.29_2.9",745,408.292728512948,2.8855705,"C24H41NO2S"
"746_641.51_2.9",746,641.509707400277,2.898267,"C36H65NO7"
"747_639.49_2.9",747,639.494335875547,2.9009528,"C36H63NO7"
"748_561.54_2.9",748,561.5358016875,2.9096205,"C36H65NO2"
"749_623.5_2.9",749,623.499628070781,2.904621,"C36H63NO6"
"75_299.15_0.6",75,299.148879031201,0.59380615,"C11H15N5O4"
"750_566.86_2.9",750,566.860455592659,2.9140124,NA
"751_283.46_2.9",751,283.459959910142,2.9132173,NA
"752_281.11_2.9",752,281.105903634673,2.919332,"C14H23ClO"
"753_625.52_2.9",753,625.515125562833,2.9165654,"C37H61N5O2"
"754_415.21_2.9",754,415.211394293443,2.9259703,"C20H32N4O3"
"755_563.55_2.9",755,563.551107735393,2.9167101,"C36H67NO2"
"756_170.15_2.9",756,170.15382025207,2.9175797,"C10H16O"
"757_304.26_2.9",757,304.260477987034,2.9179153,"C20H30O"
"758_285.29_2.9",758,285.287305691535,2.9182038,NA
"759_212.2_2.9",759,212.200861746321,2.918654,"C13H22O"
"76_248.13_0.6",76,248.125729859418,0.594822,"C14H14O3"
"760_226.22_2.9",760,226.2165636485,2.9188726,"C14H24O"
"761_265.25_2.9",761,265.25260386211,2.918915,"C18H32O"
"762_240.23_2.9",762,240.231958614867,2.9192154,"C15H26O"
"763_283.28_2.9",763,283.281147713253,2.9189515,NA
"764_247.24_2.9",764,247.241935035931,2.9196618,"C18H32O"
"765_184.17_2.9",765,184.169638588091,2.9211962,"C11H18O"
"766_299.31_2.9",766,299.30621922635,2.9208958,"C18H35NO"
"767_172.13_2.9",767,172.133193743449,2.9197333,"C9H14O2"
"768_566.56_2.9",768,566.560213070419,2.9153836,"C35H68N2O2"
"769_283.45_2.9",769,283.450772607522,2.9252503,NA
"77_337.1_0.6",77,337.104748728329,0.59189177,NA
"770_294.24_2.9",770,294.242107726255,2.9268048,"C18H28O2"
"771_281.11_2.9",771,281.114748429713,2.9259343,"C13H13NO5"
"772_296.26_2.9",772,296.258049877416,2.930081,"C18H30O2"
"773_278.25_2.9",773,278.248671734018,2.9330971,"C18H28O"
"774_281.11_2.9",774,281.105895749695,2.9227502,"C14H23ClO"
"775_561.54_2.9",775,561.53578424172,2.9262471,"C36H65NO2"
"776_308.29_3",776,308.294118802199,2.9551578,"C20H34O"
"777_530.33_3",777,530.33032271775,2.9687295,"C23H40N6O7"
"778_409.38_3",778,409.378747418907,2.9743075,"C25H45NO2"
"779_283.46_3",779,283.459723088343,2.951129,NA
"78_217.19_0.6",78,217.191320967705,0.5955482,"C11H21NO2"
"780_551.55_3",780,551.551319865922,2.9769754,"C35H67NO2"
"781_463.39_3",781,463.386932185692,2.977524,"C28H47NO3"
"782_283.45_3",782,283.452447820844,2.9920957,NA
"783_507.27_3",783,507.271515803735,2.9905677,"C26H35NO8"
"784_991.55_3",784,991.554184595974,2.9961252,"C45H80N10O12"
"785_437.19_3",785,437.193542763344,2.9904764,NA
"786_281.11_2.9",786,281.114712944815,2.9492233,"C13H13NO5"
"787_421.38_3",787,421.378735095011,3.0050392,"C26H45NO2"
"788_475.39_3",788,475.387262806649,3.0080438,"C27H52N2O3"
"789_511.46_3",789,511.458002432512,3.0130439,"C29H55N3O3"
"79_341.24_0.6",79,341.243380231394,0.59827846,"C18H29NO4"
"790_1421.98_3",790,1421.97823211708,3.0107136,NA
"791_523.25_3",791,523.245833452485,3.0152464,"C26H35NO7S"
"792_663.49_3",792,663.493342779355,3.009713,"C36H71O8P"
"793_283.45_3",793,283.450567364262,2.972741,NA
"794_529.33_3.1",794,529.327492625516,3.1011071,"C30H41NO6"
"795_645.48_3",795,645.481903476124,3.0167098,"C36H71O8P"
"796_311.26_3.1",796,311.257629405899,3.0647395,"C19H34O3"
"797_534.45_3.1",797,534.451809520127,3.066852,"C33H59NO4"
"798_392.35_3.1",798,392.352233236652,3.0773337,"C25H42O2"
"799_332.29_3.1",799,332.294559509988,3.0759034,"C22H34O"
"8_204.12_0.5",8,204.123206123084,0.52337897,"C9H14O4"
"80_173.14_0.6",80,173.136466363624,0.63214517,"C9H22O2Si"
"800_643.47_3.1",800,643.46606825575,3.0752003,"C37H60N6O2"
"801_621.48_3.1",801,621.48367396852,3.083623,"C37H57N5O2"
"802_268.26_3.1",802,268.263583297708,3.0789433,"C17H30O"
"803_582.35_3.1",803,582.350006051356,3.093173,"C26H49N5O8"
"804_1007.53_3.1",804,1007.52842346342,3.0924158,NA
"805_376.32_3.1",805,376.318574877311,3.1001225,NA
"806_991.55_3.1",806,991.554539963248,3.0526237,"C55H75NO14"
"807_507.27_3",807,507.271571196609,3.0249348,"C26H35NO8"
"808_149.1_3.1",808,149.096083879967,3.06863,"C10H14O2"
"809_502.32_3.1",809,502.316754606587,3.0622022,"C29H40O6"
"81_313.25_0.6",81,313.248258640797,0.60090315,"C17H29NO3"
"810_529.33_3.1",810,529.327721192528,3.132472,"C30H41NO6"
"811_189.11_3.1",811,189.112172741912,3.071462,"C9H18O5"
"812_543.34_3.2",812,543.343066843817,3.1565363,"C31H43NO6"
"813_415.21_3.1",813,415.211587996103,3.1490088,"C24H30O6"
"814_631.5_3.1",814,631.502411067264,3.1498184,"C38H63NO5"
"815_432.24_3.2",815,432.238258046479,3.177093,"C24H30O6"
"816_530.35_3.2",816,530.348120682392,3.1571476,"C31H44O6"
"817_572.39_3.2",817,572.394779164348,3.1814742,"C34H50O6"
"818_337.2_3.1",818,337.200777267803,3.0928614,"C19H30O6"
"819_485.29_3.1",819,485.290182303771,3.0875745,"C29H40O6"
"82_209.12_0.6",82,209.117403190886,0.60168153,"C12H16O3"
"820_398.36_3.2",820,398.362824316419,3.158463,"C24H47NO3"
"821_467.28_3.1",821,467.279615164596,3.1271691,"C22H40N6O4S"
"822_460.27_3.2",822,460.26959946775,3.2206383,"C26H34O6"
"823_523.25_3.1",823,523.246117371684,3.1109402,"C29H40O6"
"824_589.57_3.2",824,589.566982202909,3.1885967,"C38H69NO2"
"825_308.29_3.2",825,308.294692069658,3.189436,"C20H34O"
"826_291.27_3.2",826,291.268016253611,3.189659,"C20H34O"
"827_557.36_3.2",827,557.35879316207,3.1930768,"C32H45NO6"
"828_499.31_3.2",828,499.306140451626,3.1918852,"C30H42O6"
"829_516.33_3.2",829,516.332139913143,3.1921964,"C30H42O6"
"83_158.12_0.6",83,158.117628456114,0.60342944,"C8H12O2"
"830_521.29_3.2",830,521.287812328085,3.1920066,"C28H33N5O4"
"831_615.58_3.2",831,615.582640420096,3.1901612,"C40H71NO2"
"832_332.29_3.2",832,332.294631828473,3.1963656,"C22H34O"
"833_428.41_3.2",833,428.409954541659,3.2009153,"C26H50O3"
"834_991.55_3.1",834,991.55462215456,3.136006,"C45H71N11O13"
"835_432.24_3.2",835,432.238303745864,3.190099,NA
"836_415.21_3.2",836,415.211589027949,3.2142334,NA
"837_1007.53_3.2",837,1007.52849873998,3.18523,"C54H67N7O11"
"838_986.6_3.2",838,986.599371747072,3.1752586,"C59H76N4O8"
"839_489.4_3.3",839,489.402675827399,3.260205,"C28H54N2O3"
"84_226.14_0.6",84,226.143579254787,0.6044271,"C12H16O3"
"840_973.69_3.3",840,973.685638099918,3.2603312,"C55H90N8O8"
"841_435.39_3.3",841,435.394687393522,3.26073,"C27H47NO2"
"842_512.48_3.3",842,512.479028745655,3.262146,"C30H58N2O3"
"843_525.47_3.3",843,525.474450022064,3.2613163,"C30H57N3O3"
"844_436.4_3.3",844,436.39792558474,3.261351,NA
"845_437.4_3.3",845,437.401014452154,3.2607348,"C28H52O3"
"846_639.49_3.3",846,639.494766242693,3.2774177,"C36H63NO7"
"847_543.34_3.2",847,543.343059911577,3.2417157,"C31H46N2O6"
"848_529.33_3.2",848,529.327869549087,3.2448666,"C30H41NO6"
"849_451.39_3.3",849,451.389551916453,3.2983696,"C27H47NO3"
"85_262.24_0.6",85,262.237692323132,0.60476273,"C14H31NO3"
"850_530.35_3.3",850,530.348040940801,3.2956269,"C31H44O6"
"852_337.2_3.2",852,337.200794729879,3.2459626,"C15H27FN4O2"
"853_485.29_3.3",853,485.290205446657,3.2551951,"C29H40O6"
"854_502.32_3.3",854,502.316762061976,3.253116,"C29H40O6"
"855_516.33_3.3",855,516.332144067057,3.2662368,"C30H42O6"
"856_189.11_3.3",856,189.112187294337,3.2920043,"C9H18O5"
"857_406.37_3.3",857,406.367961200153,3.3177102,"C26H44O2"
"858_149.1_3.3",858,149.096083422017,3.315309,"C10H14O2"
"859_523.25_3.3",859,523.246219821575,3.2531602,"C29H40O6"
"86_234.21_0.6",86,234.206317684801,0.60533714,"C12H24O3"
"860_424.38_3.3",860,424.378752267662,3.3316298,"C26H49NO3"
"861_423.39_3.3",861,423.39457072942,3.3253624,"C26H47NO2"
"865_432.24_3.4",865,432.238336754465,3.3893557,NA
"866_315.25_3.3",866,315.252885761889,3.3399997,"C18H34O4"
"867_458.4_3.3",867,458.402501453951,3.344875,"C26H52O3Si"
"868_572.39_3.4",868,572.394911161093,3.3619843,"C34H50O6"
"869_1007.53_3.3",869,1007.52846006945,3.3163762,NA
"87_174.19_0.6",87,174.185227807648,0.60468626,"C10H20O"
"870_460.27_3.4",870,460.269580304264,3.3504598,"C26H34O6"
"872_297.3_3.4",872,297.297893768295,3.3713055,NA
"873_577.57_3.4",873,577.56697173536,3.370481,"C37H69NO2"
"874_296.29_3.4",874,296.294630801477,3.3725104,"C19H34O"
"875_591.58_3.4",875,591.582653808013,3.3743172,"C38H71NO2"
"876_279.27_3.4",876,279.268799582761,3.3703468,"C19H34O"
"877_437.19_3.3",877,437.193596400947,3.3401337,"C22H26N6O5"
"878_991.55_3.3",878,991.554638760906,3.3251414,NA
"879_670.58_3.4",879,670.575284581796,3.4214888,"C43H72O4"
"88_184.13_0.6",88,184.133304894119,0.60813725,"C10H14O2"
"880_647.5_3.4",880,647.497516772905,3.4009748,"C34H62N8O4"
"881_432.24_3.4",881,432.238327816495,3.4091845,"C24H30O6"
"882_625.52_3.4",882,625.515353727016,3.4094307,"C37H61N5O2"
"883_337.2_3.4",883,337.200804687637,3.3999102,"C19H30O6"
"884_581.49_3.4",884,581.48919930035,3.4268272,"C34H61NO5"
"885_415.21_3.4",885,415.211581319721,3.4237108,"C24H30O6"
"886_641.51_3.4",886,641.50995165442,3.4233062,"C36H65NO7"
"887_278.25_3.4",887,278.248324245502,3.42756,"C15H29FO2"
"888_683.57_3.4",888,683.568467184566,3.4204686,"C38H74N4O6"
"889_295.28_3.4",889,295.282655092054,3.4205294,"C15H36N4"
"89_208.13_0.6",89,208.131019282212,0.61002433,"C10H19NO2"
"890_294.28_3.4",890,294.279229177028,3.4207819,"C19H32O"
"891_467.28_3.4",891,467.279711097966,3.4137983,"C25H37FN4O2"
"892_986.6_3.4",892,986.599393904902,3.4268277,"C59H79N5O8"
"893_485.29_3.4",893,485.290193233706,3.395403,"C29H40O6"
"894_502.32_3.4",894,502.316752589807,3.394871,"C29H40O6"
"895_507.27_3.4",895,507.271653394605,3.3534117,"C29H40O6"
"896_326.31_3.4",896,326.305284116782,3.4217467,"C20H36O2"
"897_348.29_3.4",897,348.287314812631,3.4233136,"C20H39NO2"
"898_631.5_3.4",898,631.502596497825,3.4354463,"C34H59N7O3"
"899_663.5_3.4",899,663.495653321949,3.4275842,"C36H71O8P"
"9_187.14_0.5",9,187.14420705002,0.52173716,"C9H15NO2"
"90_355.26_0.6",90,355.25877239821,0.6146556,"C19H31NO4"
"900_149.1_3.4",900,149.096082046821,3.4211957,"C10H14O2"
"901_448.34_3.4",901,448.339769643573,3.42838,"C25H47NO4"
"902_558.38_3.5",902,558.37927155373,3.4509923,"C33H51NO6"
"903_607.5_3.4",903,607.504884969607,3.4289944,"C36H63NO5"
"904_189.11_3.4",904,189.112186931058,3.4199321,"C9H18O5"
"905_482.43_3.4",905,482.432271954748,3.4308653,"C28H52N2O3"
"906_296.26_3.4",906,296.258794093228,3.42987,"C18H30O2"
"907_351.18_3.4",907,351.180203291622,3.4197946,"C19H26O6"
"908_473.27_3.4",908,473.26509700519,3.424554,NA
"909_543.34_3.4",909,543.343089615397,3.423042,NA
"91_382.22_0.6",91,382.220032581689,0.61421704,"C18H33NO6"
"910_424.38_3.4",910,424.378537514574,3.4357257,"C26H49NO3"
"911_528.33_3.4",911,528.333040899992,3.4324694,"C31H45NO6"
"912_553.26_3.4",912,553.25597508954,3.4400427,NA
"913_529.33_3.4",913,529.327964269883,3.424206,"C30H41NO6"
"914_406.37_3.5",914,406.367940094273,3.480681,"C26H44O2"
"915_505.32_3.4",915,505.324935975955,3.4245203,"C28H41NO6"
"916_532.28_3.4",916,532.277661064982,3.448909,"C26H34N4O7"
"917_548.3_3.4",917,548.300600938005,3.4497156,"C33H38O6"
"918_531.27_3.4",918,531.274795827142,3.4484208,"C33H38O6"
"919_589.33_3.5",919,589.327524541479,3.4509704,NA
"92_366.23_0.7",92,366.225127265823,0.69110644,"C18H33NO5"
"920_533.28_3.5",920,533.280513616031,3.45007,"C35H36N2O3"
"921_397.2_3.5",921,397.201062495073,3.4527473,"C24H30O6"
"922_576.33_3.5",922,576.33253854176,3.4586265,"C35H47NO7"
"923_434.36_3.5",923,434.36072441684,3.4643207,"C27H44O3"
"924_412.38_3.5",924,412.378578180829,3.4693139,"C25H46O3"
"925_457.44_3.5",925,457.436457538953,3.47689,"C27H53NO3"
"926_531.35_3.5",926,531.351121972652,3.4541595,"C24H43N5O7"
"927_530.35_3.5",927,530.348081671141,3.4550664,"C31H47NO6"
"928_470.43_3.5",928,470.431686389631,3.4721794,"C27H52N2O3"
"929_532.35_3.5",929,532.353926910382,3.4651277,"C27H42BN3O6"
"93_156.11_0.6",93,156.110020870615,0.6337614,"C5H15N3O"
"930_572.39_3.5",930,572.394876283473,3.4738104,"C34H50O6"
"931_516.33_3.5",931,516.332213544624,3.477784,"C30H42O6"
"932_670.58_3.5",932,670.575102801743,3.467244,"C43H72O4"
"933_460.27_3.5",933,460.269584738384,3.4852777,"C26H34O6"
"934_426.39_3.5",934,426.393949446781,3.4980597,"C26H48O3"
"935_469.44_3.5",935,469.436471812493,3.5073886,"C28H53NO3"
"936_448.34_3.5",936,448.339770414992,3.529322,"C25H47NO4"
"937_446.36_3.5",937,446.360628746924,3.5290968,"C26H49NO3"
"938_406.37_3.5",938,406.367199960755,3.5403514,"C26H44O2"
"939_449.41_3.5",939,449.410281901495,3.5407429,"C28H49NO2"
"94_232.23_0.6",94,232.227099327819,0.61868334,"C13H26O2"
"940_523.25_3.5",940,523.246335169343,3.5498333,"C29H40O6"
"941_503.42_3.5",941,503.418294351332,3.5416114,NA
"942_437.19_3.6",942,437.193740932145,3.5539894,NA
"943_567.58_3.6",943,567.58256294638,3.5500793,"C36H71NO2"
"944_325.32_3.6",944,325.321229633654,3.5501037,"C20H37NO"
"945_285.3_3.6",945,285.297238054277,3.5506356,"C18H40Si"
"946_284.29_3.6",946,284.294585525895,3.5508964,"C18H34O"
"947_507.27_3.6",947,507.271748602145,3.5512538,"C26H40N2O9"
"948_631.5_3.6",948,631.502675774588,3.5502758,"C38H63NO5"
"949_384.38_3.6",949,384.38367793445,3.5537581,"C24H46O2"
"95_352.25_0.7",95,352.245765995342,0.69555104,"C18H35NO4"
"950_578.48_3.6",950,578.478218554775,3.5549846,"C35H60O5"
"951_462.36_3.6",951,462.355618270153,3.5585427,"C26H49NO4"
"952_334.31_3.6",952,334.310363177338,3.5549166,"C22H36O"
"953_497.4_3.6",953,497.395421078357,3.5708532,"C28H49NO5"
"954_689.51_3.6",954,689.507901344494,3.5711586,"C35H65N3O9"
"955_991.55_3.6",955,991.554685141676,3.5682907,NA
"956_579.58_3.6",956,579.582809486521,3.562959,"C37H71NO2"
"957_467.28_3.6",957,467.279751028947,3.5639348,"C29H40O6"
"958_528.33_3.6",958,528.333085448316,3.5529733,"C31H42O6"
"959_986.6_3.6",959,986.599427304688,3.5540671,"C59H76N4O8"
"96_249.22_0.6",96,249.217053002544,0.6224491,"C12H25NO3"
"960_746.48_3.6",960,746.484373287495,3.584663,"C42H69NO11"
"961_1007.53_3.6",961,1007.52850498016,3.5692496,"C54H67N7O11"
"962_189.11_3.6",962,189.112196984672,3.5690148,"C9H18O5"
"963_424.38_3.6",963,424.378650626801,3.6015766,"C26H46O3"
"964_337.2_3.6",964,337.200854423053,3.5573823,"C19H30O6"
"965_485.29_3.5",965,485.290195176003,3.549966,"C29H40O6"
"966_502.32_3.6",966,502.316781712084,3.550014,"C29H40O6"
"967_593.53_3.6",967,593.525434936733,3.6101315,"C36H65NO4"
"968_523.25_3.6",968,523.246372500302,3.573729,"C29H40O6"
"969_563.55_3.6",969,563.551398294898,3.6145644,"C36H67NO2"
"97_210.15_0.6",97,210.148948916042,0.6248162,"C12H16O2"
"970_415.21_3.6",970,415.211614957322,3.591726,"C24H30O6"
"971_469.44_3.6",971,469.436454139877,3.6190317,"C28H56N2O3"
"972_573.32_3.6",972,573.32452779695,3.6196208,"C25H41N5O9"
"973_590.35_3.6",973,590.351424127157,3.6196208,"C28H49N5O7"
"974_618.38_3.6",974,618.382749175548,3.6196208,"C27H48N6O9"
"975_631.38_3.6",975,631.377648089795,3.6196208,"C27H47N7O9"
"976_473.27_3.7",976,473.265108551761,3.686478,"C26H33NO6"
"977_543.34_3.7",977,543.34305236302,3.675391,"C31H46N2O6"
"978_530.35_3.7",978,530.347861812538,3.6731107,"C31H44O6"
"979_516.33_3.7",979,516.332317128841,3.6806931,"C30H42O6"
"98_223.12_0.6",98,223.12300126372,0.6263717,"C10H20N2O"
"980_558.38_3.7",980,558.378989306446,3.700469,"C33H48O6"
"981_529.33_3.7",981,529.328245056298,3.666885,"C30H41NO6"
"982_539.49_3.7",982,539.48969296538,3.6679695,"C31H59N3O3"
"983_572.39_3.7",983,572.394846002347,3.6979942,"C34H50O6"
"984_435.39_3.7",984,435.394647154651,3.6644704,"C27H47NO2"
"985_354.41_3.7",985,354.409362774654,3.656903,NA
"986_603.47_3.7",986,603.471467844956,3.6716716,"C34H64N2O5"
"987_334.31_3.7",987,334.310354198191,3.665615,"C22H36O"
"988_298.31_3.7",988,298.310239684451,3.6815698,"C19H36O"
"989_1007.53_3.7",989,1007.52848407459,3.6727943,"C58H74N2O13"
"99_220.13_0.6",99,220.130713148192,0.62738574,"C11H19NO2"
"990_991.55_3.7",990,991.554663072134,3.7047307,NA
"991_689.51_3.7",991,689.508400977198,3.7144256,"C35H65N3O9"
"992_497.4_3.7",992,497.395599735047,3.7259595,"C28H49NO5"
"993_460.27_3.7",993,460.269545172296,3.721404,"C26H34O6"
"994_986.6_3.7",994,986.59928605516,3.721836,"C59H76N4O8"
"995_647.5_3.7",995,647.49820480075,3.7209074,"C38H66N2O6"
"996_189.11_3.7",996,189.112185375064,3.7142847,"C9H18O5"
"997_631.5_3.7",997,631.502554025098,3.732938,"C34H64N8O4"
"998_665.56_3.7",998,665.557972735104,3.7444923,"C36H74NO6P"
"999_462.36_3.7",999,462.35566813654,3.7302945,"C26H49NO4"
