data_source	npc_level	npc_term	npc_label	feature_id	higher_mean_group	lower_mean_group	mean_difference_max_min	abs_mean_difference_max_min	average_intensity	median_intensity	mean_pet	median_pet	mean_ps	median_ps	mean_untreated	median_untreated	contribution_fraction_of_term_difference	cumulative_contribution_fraction	average_intensity_fraction_of_term	feature_id_full_annotated	sirius_chebiasciiname	sirius_name	sirius_adduct	gnps_component	canopus_npc_pathway	canopus_npc_superclass	canopus_npc_class	canopus_npc_pathway_probability	canopus_npc_superclass_probability	canopus_npc_class_probability
raw	superclass	Fatty amides	NPC superclass: Fatty amides	2723	PET	Untreated	529545668.333333	529545668.333333	1173811136.66667	1281502350	1480240716.66667	1442717250	1090497645	1297791000	950695048.333333	985811250	0.217443987747524	0.217443987747524	0.162972864992313	NA_[2723_480.51_8.9]	NA	N-decyldocosanamide	[M + H]+	84	Fatty acids	Fatty amides	Primary amides	0.999	0.997	0.833
raw	superclass	Fatty amides	NPC superclass: Fatty amides	1629	PS	PET	357549781.166667	357549781.166667	1204259780.1	1199273150	990028077.583333	1068041850	1347577858.75	1386405000	1275173403.96667	1560245750	0.146818404689877	0.3642623924374	0.167200378687192	N-palmitoylhexadecasphinganine_[1629_512.5_6.1]	N-palmitoylhexadecasphinganine	N-[2-Hydroxy-1-(hydroxymethyl)pentadecyl]hexadecanamide	[M + H]+	21	Fatty acids	Fatty amides	N-acyl amines	1	0.995	0.573
raw	superclass	Fatty amides	NPC superclass: Fatty amides	3101	PET	Untreated	93300566.1333333	93300566.1333333	33166754	1013873.6	94314439.7333333	1013873.6	4171948.66666667	1013873.6	1013873.6	1013873.6	0.0383114212282879	0.402573813665688	0.00460489831202737	NA_[3101_508.54_9.8]	NA	1-(Dihexadecylamino)ethane-1,1-diol	[M - H2O + H]+	86	Fatty acids	Fatty amides	N-acyl amines	1	0.992	0.569
raw	superclass	Fatty amides	NPC superclass: Fatty amides	755	Untreated	PET	82844655	82844655	931435872.222222	919421370	891463051.666667	911916450	928536858.333333	853625000	974307706.666667	969822050	0.0340179765863527	0.436591790252041	0.129321291910503	NA_[755_563.55_2.9]	NA	N-octadec-9-enoyloctadec-9-enamide	[M + H3N + H]+	99	Fatty acids	Fatty amides	Primary amides	1	0.99	0.679
raw	superclass	Fatty amides	NPC superclass: Fatty amides	3286	PET	PS	68585207.6833333	68585207.6833333	24428137.0388889	1013873.6	69657864.3166667	1227848.1	1072656.63333333	1013873.6	2553890.16666667	1013873.6	0.0281627099435899	0.464754500195631	0.00339162183360943	NA_[3286_480.51_10.7]	NA	N-decyldocosanamide	[M + H]+	-1	Fatty acids	Fatty amides	Primary amides	0.997	0.991	0.566
raw	superclass	Fatty amides	NPC superclass: Fatty amides	2295	PET	Untreated	58978801.6666666	58978801.6666666	475687381.666667	503744190	501481078.333333	523327115	483078790	514235370	442502276.666667	457717965	0.0242180922135267	0.488972592409158	0.0660448116475177	NA_[2295_424.45_7.7]	NA	1-[Docosyl(1-hydroxypropyl)amino]propan-1-ol	[M - H2O + H]+	92	Fatty acids	Fatty amides	N-acyl amines	1	0.995	0.724
raw	superclass	Fatty amides	NPC superclass: Fatty amides	2964	PET	PS	49596353.4166667	49596353.4166667	21255462.9055556	2796702.5	53659756.0833333	3982013.9	4063402.66666667	2592119.4	6043229.96666667	2594596.4	0.0203654368443763	0.509338029253534	0.00295112525196627	NA_[2964_480.51_9.4]	NA	Dotriacontanamide	[M + H]+	84	Fatty acids	Fatty amides	N-acyl amines	0.995	0.99	0.302
raw	superclass	Fatty amides	NPC superclass: Fatty amides	2506	PET	Untreated	48739716.6666667	48739716.6666667	274559407.222222	295711035	301497045	302928895	269423848.333333	298218920	252757328.333333	282921180	0.0200136815150251	0.529351710768559	0.0381200448759275	NA_[2506_452.48_8.3]	NA	1-[1-Hydroxypropyl(tetracosyl)amino]propan-1-ol	[M - H2O + H]+	163	Fatty acids	Fatty amides	N-acyl amines	1	0.995	0.626
raw	superclass	Fatty amides	NPC superclass: Fatty amides	3172	Untreated	PS	47415923.9333333	47415923.9333333	18712447.2555556	1013873.6	6583529.7	1310830.55	1068944.06666667	1013873.6	48484868	1013873.6	0.019470100879585	0.548821811648144	0.00259805095129324	NA_[3172_480.51_10.2]	NA	N-decyldocosanamide	[M + H]+	84	Fatty acids	Fatty amides	Primary amides	0.999	0.997	0.63
raw	superclass	Fatty amides	NPC superclass: Fatty amides	3222	Untreated	PS	45709067.15	45709067.15	17838364.8	1013873.6	5693892.21666667	1224446.25	1056067.51666667	1013873.6	46765134.6666667	1013873.6	0.0187692250766537	0.567591036724798	0.00247669265303588	NA_[3222_480.51_10.3]	NA	4-Octacosylmorpholine	[M + H]+	84	Fatty acids	Fatty amides	N-acyl amines	0.98	0.933	0.142
raw	superclass	Fatty amides	NPC superclass: Fatty amides	841	PS	Untreated	44384027.3333333	44384027.3333333	65817731	59367724	69807241	64786484	86014989.6666667	60062338	41630962.3333333	36814210	0.0182251323592738	0.585816169084072	0.00913818573814524	N-(2R-methyl-3-hydroxy-ethyl)-16,16-dimethyl-5Z,8Z,11Z,14Z-docosatetraenoyl amine_[841_435.39_3.3]	N-(2R-methyl-3-hydroxy-ethyl)-16,16-dimethyl-5Z,8Z,11Z,14Z-docosatetraenoyl amine	(5Z,8Z,11Z,14Z)-N-[(2S)-1-hydroxypropan-2-yl]-16,16-dimethyldocosa-5,8,11,14-tetraenamide	[M + H3N + H]+	18	Fatty acids	Fatty amides	N-acyl ethanolamines (endocannabinoids)	0.987	0.854	0.386
raw	superclass	Fatty amides	NPC superclass: Fatty amides	3256	Untreated	PET	43290491.0666667	43290491.0666667	15444037.2888889	1013873.6	1013873.6	1013873.6	1013873.6	1013873.6	44304364.6666667	1013873.6	0.0177761004800802	0.603592269564152	0.00214426233096227	NA_[3256_508.55_10.5]	NA	1-(Dihexadecylamino)ethane-1,1-diol	[M - H2O + H]+	86	Fatty acids	Fatty amides	N-acyl amines	1	0.964	0.707
raw	superclass	Fatty amides	NPC superclass: Fatty amides	3372	PET	PS	40686748.3	40686748.3	15183083.7777778	1013873.6	41737314.6333333	1395921.55	1050566.33333333	1013873.6	2761370.36666667	1013873.6	0.0167069420597409	0.620299211623893	0.00210803133944489	NA_[3372_480.51_11.1]	NA	N-decyldocosanamide	[M + H]+	84	Fatty acids	Fatty amides	Primary amides	0.999	0.998	0.843
raw	superclass	Fatty amides	NPC superclass: Fatty amides	323	PET	PS	37757631.6666667	37757631.6666667	146118593.444444	138036060	167878460	164332375	130120828.333333	131972585	140356492	124347730	0.0155041774269299	0.635803389050823	0.020287220881131	NA_[323_336.25_1.3]	NA	2-Tridecyl-2-oxazoline-4,4-dimethanol	[M + Na]+	31	Fatty acids	Fatty amides	N-acyl amines	0.99	0.967	0.403
raw	superclass	Fatty amides	NPC superclass: Fatty amides	2915	PET	PS	37755836.1166667	37755836.1166667	17663341.8944444	3727334.65	42137001.0833333	5052815.25	4381164.96666667	3606376.25	6471859.63333333	3318344.4	0.0155034401315925	0.651306829182415	0.00245239233463997	NA_[2915_480.51_9.3]	NA	N-decyldocosanamide	[M + H]+	84	Fatty acids	Fatty amides	Primary amides	0.999	0.998	0.879
raw	superclass	Fatty amides	NPC superclass: Fatty amides	3242	Untreated	PS	36709262.15	36709262.15	14839799.3555556	1013873.6	5698000.88333333	1236772.25	1056067.51666667	1013873.6	37765329.6666667	1013873.6	0.0150736920845525	0.666380521266968	0.00206036945922482	NA_[3242_480.51_10.4]	NA	N-decyldocosanamide	[M + H]+	84	Fatty acids	Fatty amides	Primary amides	0.999	0.999	0.88
raw	superclass	Fatty amides	NPC superclass: Fatty amides	3102	PET	Untreated	30536192	30536192	39220700	30887194	56573015.3333333	37468006	35052261.3333333	31498510	26036823.3333333	24563733	0.0125388833412653	0.678919404608233	0.00544543295453429	NA_[3102_536.58_9.8]	NA	N-hydroxy-N-octadecyloctadecan-1-amine oxide	[M - H2O + H]+	306	Fatty acids	Fatty amides	N-acyl amines	1	0.992	0.829
raw	superclass	Fatty amides	NPC superclass: Fatty amides	603	Untreated	PET	27828676	27828676	143263681.333333	139123330	130974870.666667	134777380	140012626.666667	120537700	158803546.666667	160797020	0.0114271131746182	0.690346517782851	0.0198908426295408	NA_[603_559.52_2.4]	NA	(9Z,12Z)-N-[(9Z,12Z)-octadeca-9,12-dienoyl]octadeca-9,12-dienamide	[M + H3N + H]+	102	Fatty acids	Fatty amides	Primary amides	0.999	0.83	0.108
raw	superclass	Fatty amides	NPC superclass: Fatty amides	2866	PS	Untreated	25532810.45	25532810.45	22044230.75	6991610.75	25037276.5	9632592.5	33314113.1	6991610.75	7781302.65	5587837.25	0.0104843764280494	0.700830894210901	0.00306063840225718	NA_[2866_480.51_9.2]	NA	N-decyldocosanamide	[M + H]+	-1	Fatty acids	Fatty amides	Primary amides	0.998	0.995	0.506
raw	superclass	Fatty amides	NPC superclass: Fatty amides	429	PET	Untreated	25271917.3333333	25271917.3333333	73995089.3333333	75270003	82493055.3333333	84985543	82271074.6666667	81613400	57221138	48532852	0.0103772475380286	0.711208141748929	0.0102735366255432	NA_[429_339.3_1.7]	NA	N-ethoxyoctadeca-9,12,15-trienamide	[M + H3N + H]+	102	Fatty acids	Fatty amides	Primary amides	0.999	0.871	0.305
raw	superclass	Fatty amides	NPC superclass: Fatty amides	3335	PET	PS	23596878.55	23596878.55	9442712.17222222	1013873.6	24662531.6333333	1414850.2	1065653.08333333	1013873.6	2599951.8	1013873.6	0.00968943695914853	0.720897578708078	0.00131103361344395	NA_[3335_480.51_10.9]	NA	N-decyldocosanamide	[M + H]+	84	Fatty acids	Fatty amides	N-acyl amines	0.998	0.995	0.507
raw	superclass	Fatty amides	NPC superclass: Fatty amides	2834	PS	Untreated	22062536.6333333	22062536.6333333	22476953.6277778	7976850	25108313.5833333	10911531.5	32192541.9666667	7293387.25	10130005.3333333	8902765.5	0.00905939984454378	0.729956978552621	0.00312071798826232	NA_[2834_480.51_9.1]	NA	N-decyldocosanamide	[M + H]+	84	Fatty acids	Fatty amides	Primary amides	0.998	0.994	0.568
raw	superclass	Fatty amides	NPC superclass: Fatty amides	2646	PS	PET	21766207	21766207	45879556.6	39884763	33698089.6	35095878	55464296.6	55775550	48476283.6	52940284	0.00893771988186452	0.738894698434486	0.00636995386234976	Cer(d18:0/17:0)_[2646_554.55_8.7]	Cer(d18:0/17:0)	C17 dihydro Ceramide (d18:0/17:0)	[M + H]+	21	Fatty acids	Fatty amides	N-acyl amines	1	0.932	0.538
raw	superclass	Fatty amides	NPC superclass: Fatty amides	2815	PET	Untreated	21068789.0833333	21068789.0833333	22407580.9055556	7976850	30972070.75	10942533	26347390.3	7293387.25	9903281.66666667	8849266	0.0086513435747863	0.747546042009272	0.00311108622473606	NA_[2815_480.51_9.1]	NA	N-decyldocosanamide	[M + H]+	84	Fatty acids	Fatty amides	Primary amides	0.999	0.997	0.577
raw	superclass	Fatty amides	NPC superclass: Fatty amides	1971	PS	Untreated	19226951.1166667	19226951.1166667	15078558.75	8348082.75	10385514.6333333	10191134.75	27038556.3666667	12923338.5	7811605.25	5543777.5	0.00789504130246804	0.75544108331174	0.00209351900206094	N-stearoylhexadecasphinganine_[1971_562.52_6.9]	N-stearoylhexadecasphinganine	2-Octadecanoylaminohexadecane-1,3-diol	[M + Na]+	102	Fatty acids	Fatty amides	N-acyl amines	1	0.938	0.243
raw	superclass	Fatty amides	NPC superclass: Fatty amides	307	Untreated	PET	14175254.3333333	14175254.3333333	55543570.4444444	56053801	50525019.6666667	51470021	51405417.6666667	53684883	64700274	56915894	0.00582069501064285	0.761261778322383	0.00771171317469282	NA_[307_343.33_1.3]	NA	(E)-N-(2-Hydroxyethyl)-6-octadeceneamide	[M + H3N + H]+	102	Fatty acids	Fatty amides	N-acyl ethanolamines (endocannabinoids)	1	0.998	0.985
raw	superclass	Fatty amides	NPC superclass: Fatty amides	550	Untreated	PET	13897456.3333333	13897456.3333333	61693182.7777778	63185594	56396844.3333333	59256634	58388403.3333333	53248948	70294300.6666667	72625570	0.00570662457532345	0.766968402897707	0.00856553020645267	NA_[550_507.49_2.1]	NA	(E)-N-[(E)-hexadec-9-enoyl]hexadec-9-enamide	[M + H3N + H]+	99	Fatty acids	Fatty amides	Primary amides	1	0.986	0.631
raw	superclass	Fatty amides	NPC superclass: Fatty amides	310	Untreated	PET	13729611.6666667	13729611.6666667	134947548.888889	137190680	128319450	136756900	134474135	133163165	142049061.666667	149913880	0.00563770358167804	0.772606106479385	0.0187362242349877	NA_[310_320.26_1.3]	NA	(3S,5S,7S,9R,11S,13S)-5,9,11-Triaminopentadecane-1,3,7,13,15-pentaol	[M - H2O + H]+	-1	Fatty acids	Fatty amides	N-acyl amines	0.833	0.787	0.852
raw	superclass	Fatty amides	NPC superclass: Fatty amides	289	PS	Untreated	13431110.5833333	13431110.5833333	24920809.6944444	23929017	23890501	23298979	32151519.3333333	27009319	18720408.75	20367555.5	0.00551513197022243	0.778121238449607	0.00346002489409433	N-[(9Z)-hexadecenoyl]glycinate_[289_334.24_1.2]	N-[(9Z)-hexadecenoyl]glycinate	Palmitoleoylglycine	[M + Na]+	-1	Fatty acids	Fatty amides	Nitro fatty acids	0.994	0.84	0.406
raw	superclass	Fatty amides	NPC superclass: Fatty amides	3086	PET	PS	12774460.0833333	12774460.0833333	7444259.76666667	1404977.55	14142040.3166667	1687830.45	1367580.23333333	1292185.6	6823158.75	1388936.85	0.00524549572954502	0.783366734179152	0.00103356690358715	NA_[3086_480.51_9.7]	NA	N-decyldocosanamide	[M + H]+	84	Fatty acids	Fatty amides	N-acyl amines	0.998	0.996	0.494
raw	superclass	Fatty amides	NPC superclass: Fatty amides	3438	PET	PS	11484614.35	11484614.35	5354207.85	1013873.6	12498487.95	1235528.35	1013873.6	1013873.6	2550262	1013873.6	0.00471585453595758	0.78808258871511	0.000743382445285683	NA_[3438_480.51_11.4]	NA	N-decyldocosanamide	[M + H]+	84	Fatty acids	Fatty amides	Primary amides	0.999	0.999	0.877
raw	superclass	Fatty amides	NPC superclass: Fatty amides	2942	PS	PET	11152290	11152290	21763418.6555556	20064061	15871114.6	14608062.5	27023404.6	27733811.5	22395736.7666667	25478843	0.0045793942904852	0.792661983005595	0.00302165022935054	NA_[2942_582.58_9.4]	NA	N-(1,3-dihydroxyoctadecan-2-yl)nonadecanamide	[M + H]+	21	Fatty acids	Fatty amides	N-acyl amines	0.999	0.971	0.477
raw	superclass	Fatty amides	NPC superclass: Fatty amides	2021	PS	Untreated	10987240	10987240	149522952.222222	152057805	150473286.666667	152614730	154541405	152557965	143554165	141854095	0.00451162085313335	0.797173603858728	0.0207598847417345	NA_[2021_396.42_7]	NA	hexacosanamide	[M + H]+	92	Fatty acids	Fatty amides	N-acyl amines	1	0.999	0.762
raw	superclass	Fatty amides	NPC superclass: Fatty amides	330	Untreated	PS	10917649.6666667	10917649.6666667	54873261.6666667	57395160	55483412	57727645	49109361.6666667	49281964	60027011.3333333	60705248	0.00448304541480278	0.801656649273531	0.00761864697474675	N-octadecanoylglycinate_[330_359.33_1.3]	N-octadecanoylglycinate	Stearoylglycine	[M + H3N + H]+	631	Fatty acids	Fatty amides	N-acyl ethanolamines (endocannabinoids)	1	0.996	0.915
raw	superclass	Fatty amides	NPC superclass: Fatty amides	787	PS	Untreated	10508409.5333333	10508409.5333333	12790011.1555556	9669978.5	11264322.5	10033155	18807060.25	13152600	8298650.71666667	7763794	0.00431500172780898	0.80597165100134	0.0017757752471354	NA_[787_421.38_3]	NA	N-(5Z,8Z,11Z,14Z-tetracosatetraenoyl)-ethanolamine	[M + H3N + H]+	70	Fatty acids	Fatty amides	N-acyl amines	0.998	0.968	0.366
raw	superclass	Fatty amides	NPC superclass: Fatty amides	361	PS	Untreated	10466629	10466629	28666935.4444444	29022476	29695828.3333333	30235535	33385803.5	32619350	22919174.5	25810622	0.00429784565172057	0.81026949665306	0.00398013995096173	NA_[361_280.24_1.4]	NA	N-[2-(2-oxoimidazolidin-1-yl)ethyl]undecanamide	[M - H2O + H]+	3	Fatty acids	Fatty amides	Primary amides	0.928	0.927	0.554
raw	superclass	Fatty amides	NPC superclass: Fatty amides	2829	PET	Untreated	9136378.13333333	9136378.13333333	17519735.3166667	17862717.5	22046696.8333333	21561245	17602190.4166667	20015665	12910318.7	14137164	0.00375161315384557	0.814021109806906	0.00243245388399735	NA_[2829_494.53_9.1]	NA	Tritriacontanamide	[M + H]+	92	Fatty acids	Fatty amides	Primary amides	0.999	0.998	0.76
raw	superclass	Fatty amides	NPC superclass: Fatty amides	351	PS	PET	8829017.66666667	8829017.66666667	20232060.2111111	17300153	14910485.2666667	15170527.5	23739502.9333333	24255843	22046192.4333333	25761809	0.0036254036698585	0.817646513476765	0.00280903521384642	NA_[351_331.34_1.4]	NA	N-{3-[(3-aminopropyl)amino]propyl}dodecanamide	[M + H3N + H]+	21	Fatty acids	Fatty amides	Primary amides	0.968	0.799	0.697
raw	superclass	Fatty amides	NPC superclass: Fatty amides	273	Untreated	PS	8626703.91666667	8626703.91666667	18640724.8888889	19028871	15904807.9166667	15837028.5	15695331.4166667	15331445.5	24322035.3333333	20280513	0.00354232885458409	0.821188842331349	0.00258809296127716	linoleoyl ethanolamide_[273_341.32_1.1]	linoleoyl ethanolamide	N-(2-hydroxyethyl)octadeca-9,12-dienamide	[M + H3N + H]+	102	Fatty acids	Fatty amides	N-acyl ethanolamines (endocannabinoids)	1	0.996	0.972
raw	superclass	Fatty amides	NPC superclass: Fatty amides	258	PS	Untreated	8442848.08333333	8442848.08333333	20277055.3055556	19238346	19461732.3333333	18771023	24906140.8333333	21455050	16463292.75	17088971.5	0.00346683329686105	0.82465567562821	0.00281528236828477	(9E)-9-nitrooctadecenoic acid_[258_350.23_1.1]	(9E)-9-nitrooctadecenoic acid	9-nitro-9E-octadecenoic acid	[M + Na]+	-1	Fatty acids	Fatty amides	N-acyl amines	0.919	0.836	0.321
raw	superclass	Fatty amides	NPC superclass: Fatty amides	3074	PET	Untreated	8336368.25	8336368.25	17015081.6111111	12483242.5	19929406.1666667	15017887.5	19522800.75	12021933.5	11593037.9166667	11072149.5	0.00342311015651781	0.828078785784727	0.00236238736507086	NA_[3074_534.56_9.7]	NA	N-(octadecanoyl)-1-deoxysphinganine	[M - H2O + H]+	-1	Fatty acids	Fatty amides	N-acyl ethanolamines (endocannabinoids)	0.994	0.778	0.588
raw	superclass	Fatty amides	NPC superclass: Fatty amides	650	Untreated	PS	8147400.35	8147400.35	8570644.41111111	5467733.25	9216740.25	5467733.25	4173896.31666667	3166894.2	12321296.6666667	12072040	0.00334551546319967	0.831424301247927	0.00118995503695394	Kalihinol A_[650_415.21_2.5]	Kalihinol A	Kalihinol A	[M + Na]+	186	Fatty acids	Fatty amides	N-acyl amines	0.992	0.811	0.134
raw	superclass	Fatty amides	NPC superclass: Fatty amides	1914	PS	Untreated	7858158.11666667	7858158.11666667	6156687.20555556	3583548.7	4260462.76666667	3772010.1	11033878.4833333	5510507.35	3175720.36666667	2444531.25	0.00322674575474573	0.834651047002673	0.000854799312605125	N-stearoylhexadecasphinganine_[1914_562.52_6.8]	N-stearoylhexadecasphinganine	2-Octadecanoylaminohexadecane-1,3-diol	[M + Na]+	102	Fatty acids	Fatty amides	N-acyl amines	1	0.818	0.259
raw	superclass	Fatty amides	NPC superclass: Fatty amides	275	Untreated	PET	7553083.41666667	7553083.41666667	18629332.1111111	17163031	15647164.0833333	16186257.5	17040584.75	13850326	23200247.5	20687857	0.00310147486066465	0.837752521863338	0.00258651117901537	NA_[275_318.24_1.1]	NA	1,3-Propanediol, 2-methyl-2-propyl-, carbamate cyclohexanecarbamate	[M + H3N + H]+	-1	Fatty acids	Fatty amides	N-acyl amines	0.811	0.814	0.589
raw	superclass	Fatty amides	NPC superclass: Fatty amides	439	PET	Untreated	7532987.66666669	7532987.66666669	143633791.444444	146531320	148154433.333333	146531320	142125495.333333	138362178	140621445.666667	151866705	0.00309322306997297	0.840845744933311	0.0199422290095863	oleoyl ethanolamide_[439_343.33_1.7]	oleoyl ethanolamide	N-(2-hydroxyethyl)octadec-9-enamide	[M + H3N + H]+	159	Fatty acids	Fatty amides	Primary amides	1	0.985	0.707
raw	superclass	Fatty amides	NPC superclass: Fatty amides	3111	PET	PS	7086551.78333333	7086551.78333333	5653373.81666667	1013873.6	8284310.36666667	1787985.4	1197758.58333333	1013873.6	7478052.5	1013873.6	0.00290990592746641	0.843755650860777	0.00078491888430288	NA_[3111_564.58_9.8]	NA	1-Aminooctadecoxy-(octadecylamino)-oxoazanium	[M - H2O + H]+	-1	Fatty acids	Fatty amides	N-acyl ethanolamines (endocannabinoids)	0.997	0.75	0.177
raw	superclass	Fatty amides	NPC superclass: Fatty amides	269	PET	PS	6808650.8	6808650.8	18012886.1444444	17708043.5	21146653.65	24691177	14338002.85	14937065.5	18554001.9333333	14083013	0.00279579320475234	0.846551444065529	0.00250092333429112	C16:0-NAGME_[269_328.28_1.1]	C16:0-NAGME	NA	[M + H]+	102	Fatty acids	Fatty amides	N-acyl ethanolamines (endocannabinoids)	0.999	0.826	0.819
raw	superclass	Fatty amides	NPC superclass: Fatty amides	3420	PET	PS	6699663.56666667	6699663.56666667	3792464.03333333	1013873.6	7713537.16666667	1432066.3	1013873.6	1013873.6	2649981.33333333	1013873.6	0.00275104046660955	0.849302484532139	0.000526548700711598	NA_[3420_480.51_11.3]	NA	N-decyldocosanamide	[M + H]+	84	Fatty acids	Fatty amides	Primary amides	0.999	0.999	0.808
raw	superclass	Fatty amides	NPC superclass: Fatty amides	389	PS	Untreated	5985006.15	5985006.15	6240159.12222222	4364824	5756017.55	4730001.25	9474732.98333333	6622209	3489726.83333333	2303703.75	0.00245758521270777	0.851760069744847	0.000866388619420017	NA_[389_433.38_1.5]	NA	(9Z,12Z)-N-[(3-methoxy-6-methylcyclohexa-2,4-dien-1-yl)methyl]octadeca-9,12-dienamide	[M + H3N + H]+	18	Fatty acids	Fatty amides	N-acyl ethanolamines (endocannabinoids)	0.999	0.96	0.49
raw	superclass	Fatty amides	NPC superclass: Fatty amides	3150	PET	PS	5840333.73333333	5840333.73333333	2994276.38888889	1013873.6	6854207.33333333	1013873.6	1013873.6	1013873.6	1114748.23333333	1013873.6	0.00239817929348634	0.854158249038333	0.000415727697951324	NA_[3150_536.58_10.1]	NA	N-hydroxy-N-octadecyloctadecan-1-amine oxide	[M - H2O + H]+	306	Fatty acids	Fatty amides	N-acyl amines	1	0.99	0.743
raw	superclass	Fatty amides	NPC superclass: Fatty amides	386	PS	Untreated	5634534.03333333	5634534.03333333	9814122.9	9033819.5	9731264.16666667	9555122	12672819.2833333	11165811.5	7038285.25	7886468	0.00231367306461643	0.856471922102949	0.00136260057213435	NA_[386_475.35_1.5]	NA	2,2,4,4-tetramethyl-6-(methylamino)-7-oxo-N-(4,4,6,6-tetramethyl-2,8-dioxononan-3-yl)octanamide	[M + Na]+	154	Fatty acids	Fatty amides	N-acyl amines	0.891	0.715	0.143
raw	superclass	Fatty amides	NPC superclass: Fatty amides	113	PET	PS	5387701.7	5387701.7	14506454.5833333	16821946.5	16323033.4666667	19465009	10935331.7666667	11014565	16260998.5166667	19747586	0.0022123178651037	0.858684239968053	0.00201408760785856	NA_[113_263.23_0.7]	NA	Propylcarbamic acid 2-ethyl-2-(hydroxymethyl)hexyl ester	[M + H3N + H]+	111	Fatty acids	Fatty amides	N-acyl amines	0.989	0.984	0.691
raw	superclass	Fatty amides	NPC superclass: Fatty amides	2385	PET	Untreated	5152250.33333333	5152250.33333333	5227485.37222222	3969096.25	8135191.68333333	5483314.75	4564323.08333333	4255419.75	2982941.35	2470976.15	0.00211563595993443	0.860799875927987	0.000725788196417831	NA_[2385_412.38_8]	NA	N-[(E)-1,3-dihydroxynon-4-en-2-yl]hexadecanamide	[M + H]+	20	Fatty acids	Fatty amides	N-acyl amines	0.997	0.773	0.241
raw	superclass	Fatty amides	NPC superclass: Fatty amides	180	PET	Untreated	5052214.33333333	5052214.33333333	26787984.8888889	26904652	28887692	29267817	27640785	26904652	23835477.6666667	21740561	0.00207455881010753	0.862874434738095	0.0037192649723111	(9E)-9-nitrooctadecenoic acid_[180_350.23_0.9]	(9E)-9-nitrooctadecenoic acid	9-nitro-9E-octadecenoic acid	[M + Na]+	659	Fatty acids	Fatty amides	N-acyl amines	0.979	0.921	0.344
raw	superclass	Fatty amides	NPC superclass: Fatty amides	3451	PET	PS	4960953.16666667	4960953.16666667	3216638.4	1013873.6	5974826.76666667	1199237.6	1013873.6	1013873.6	2661214.83333333	1013873.6	0.00203708481458048	0.864911519552676	0.000446600615138956	NA_[3451_480.51_11.6]	NA	N-hexadecyl-N-hydroxyhexadecan-1-amine oxide	[M - H2O + H]+	-1	Fatty acids	Fatty amides	Sphingoid bases	1	0.942	0.438
raw	superclass	Fatty amides	NPC superclass: Fatty amides	1639	PS	Untreated	4940934.05	4940934.05	6123810.22777778	5065543.5	6189522	6513637.75	8561421.36666667	6930424.6	3620487.31666667	3637742.85	0.00202886449134966	0.866940384044025	0.000850234647052583	N-(2R-methyl-3-hydroxy-ethyl)-16,16-dimethyl-5Z,8Z,11Z,14Z-docosatetraenoyl amine_[1639_435.39_6.1]	N-(2R-methyl-3-hydroxy-ethyl)-16,16-dimethyl-5Z,8Z,11Z,14Z-docosatetraenoyl amine	(5Z,8Z,11Z,14Z)-N-[(2S)-1-hydroxypropan-2-yl]-16,16-dimethyldocosa-5,8,11,14-tetraenamide	[M + H3N + H]+	18	Fatty acids	Fatty amides	N-acyl ethanolamines (endocannabinoids)	0.996	0.918	0.321
raw	superclass	Fatty amides	NPC superclass: Fatty amides	3260	PET	PS	4842523.81666667	4842523.81666667	2995915.85555556	1013873.6	5882264.15	1237162.3	1039740.33333333	1013873.6	2065743.08333333	1013873.6	0.00198845491980409	0.868928838963829	0.000415955322797758	NA_[3260_480.51_10.5]	NA	N-decyldocosanamide	[M + H]+	84	Fatty acids	Fatty amides	Primary amides	0.999	0.997	0.789
raw	superclass	Fatty amides	NPC superclass: Fatty amides	3478	PET	PS	4575424.93333333	4575424.93333333	3020030.43333333	1013873.6	5589298.53333333	1150641.25	1013873.6	1013873.6	2456919.16666667	1013873.6	0.00187877779507619	0.870807616758905	0.000419303409815985	NA_[3478_480.51_11.8]	NA	Dotriacontanamide	[M + H]+	-1	Fatty acids	Fatty amides	N-acyl amines	0.994	0.988	0.328
raw	superclass	Fatty amides	NPC superclass: Fatty amides	2507	PET	Untreated	4492435.03333333	4492435.03333333	15186843.8111111	17119394	17642919.3333333	18529270	14767127.8	17585609	13150484.3	15234361	0.00184470017745435	0.87265231693636	0.00210855338544161	NA_[2507_903.96_8.3]	NA	4-(dimethylamino)butyl (E)-15-decyl-6-octadecylhexacos-5-enoate	[M + H3N + H]+	-1	Fatty acids	Fatty amides	N-acyl amines	0.999	0.932	0.168
raw	superclass	Fatty amides	NPC superclass: Fatty amides	778	PS	Untreated	4418140.03333333	4418140.03333333	7457124.82222222	6093074	7623046.33333333	7285779.25	9583234.08333333	6692401	5165094.05	4658811.75	0.00181419289161336	0.874466509827973	0.00103535309805803	NA_[778_409.38_3]	NA	N-(6-cyclopropyl-6-oxohex-1-en-2-yl)hexadecanamide	[M + H3N + H]+	18	Fatty acids	Fatty amides	N-acyl ethanolamines (endocannabinoids)	0.997	0.968	0.378
raw	superclass	Fatty amides	NPC superclass: Fatty amides	150	PET	Untreated	4346227.5	4346227.5	25325615.2777778	25571596	26942654.6666667	27039417	26437764	27581302	22596427.1666667	22891342	0.00178466390298761	0.876251173730961	0.00351622842089683	NA_[150_352.25_0.8]	NA	NA	[M + Na]+	-1	Fatty acids	Fatty amides	N-acyl amines	0.962	0.919	0.223
raw	superclass	Fatty amides	NPC superclass: Fatty amides	637	Untreated	PET	4248268.33333333	4248268.33333333	25968217.6111111	25607125	24544505	25573545	24567374.5	22636488	28792773.3333333	29157688	0.00174443955009381	0.877995613281055	0.00360544783622072	NA_[637_547.52_2.5]	NA	3,5-Bis(1,1-dimethylethyl)-4-hydroxy-N-octadecylbenzenepropanamide	[M + H3N + H]+	99	Fatty acids	Fatty amides	N-acyl ethanolamines (endocannabinoids)	0.994	0.713	0.159
raw	superclass	Fatty amides	NPC superclass: Fatty amides	356	PS	Untreated	4110519.83333333	4110519.83333333	14627184.8888889	14454199.5	15946004.5	16545503.5	16023035	17170022	11912515.1666667	12278021	0.00168787675497076	0.879683490036025	0.00203084989880399	Linoleyl hydroxamic acid_[356_334.21_1.4]	Linoleyl hydroxamic acid	(9Z,12Z)-N-hydroxyoctadeca-9,12-dienamide	[M + K]+	102	Fatty acids	Fatty amides	Primary amides	1	0.992	0.945
raw	superclass	Fatty amides	NPC superclass: Fatty amides	177	PET	Untreated	4102167.66666666	4102167.66666666	38108869.3333333	39120307	40728359.6666667	40119997	36972056.3333333	36823132	36626192	40195415	0.00168444715761035	0.881367937193636	0.00529106550693319	N-oleoylglycinate_[177_357.31_0.8]	N-oleoylglycinate	Elmiric Acid	[M + H3N + H]+	509	Fatty acids	Fatty amides	N-acyl ethanolamines (endocannabinoids)	0.998	0.704	0.176
raw	superclass	Fatty amides	NPC superclass: Fatty amides	3139	PET	PS	4098302.73333333	4098302.73333333	2413599.38888889	1013873.6	5112176.33333333	1013873.6	1013873.6	1013873.6	1114748.23333333	1013873.6	0.00168286012448623	0.883050797318122	0.000335106044800306	NA_[3139_536.58_10]	NA	N-hydroxy-N-octadecyloctadecan-1-amine oxide	[M - H2O + H]+	306	Fatty acids	Fatty amides	N-acyl amines	1	0.983	0.478
raw	superclass	Fatty amides	NPC superclass: Fatty amides	299	Untreated	PS	3909604.55	3909604.55	4173119.61666667	3196578	4191205.63333333	3867150.75	2209274.33333333	2033032.15	6118878.88333333	5176593.25	0.00160537618321663	0.884656173501339	0.000579399222446569	Oleoyl sarcosine_[299_371.33_1.2]	Oleoyl sarcosine	DIOYAVUHUXAUPX	[M + H3N + H]+	738	Fatty acids	Fatty amides	N-acyl amines	0.995	0.73	0.279
raw	superclass	Fatty amides	NPC superclass: Fatty amides	196	Untreated	PS	3886566.53333333	3886566.53333333	11265561.3222222	10923078	10488257.8333333	10391161	9710929.8	9680324.75	13597496.3333333	12208281.5	0.00159591622817713	0.886252089729516	0.00156411942865262	palmitoleoyl ethanolamide_[196_315.3_0.9]	palmitoleoyl ethanolamide	N-(2-hydroxyethyl)hexadec-9-enamide	[M + H3N + H]+	-1	Fatty acids	Fatty amides	N-acyl ethanolamines (endocannabinoids)	1	0.999	0.998
raw	superclass	Fatty amides	NPC superclass: Fatty amides	298	Untreated	PS	3885651.41666667	3885651.41666667	15164987.5277778	16100396	15719667	16380237	12944822.0833333	15335615	16830473.5	16663116	0.00159554045960955	0.887847630189125	0.00210551884180707	Alpha-Linolenoyl ethanolamide_[298_339.3_1.2]	Alpha-Linolenoyl ethanolamide	Alpha-Lea	[M + H3N + H]+	-1	Fatty acids	Fatty amides	N-acyl ethanolamines (endocannabinoids)	0.999	0.959	0.712
raw	superclass	Fatty amides	NPC superclass: Fatty amides	255	PS	Untreated	3842786.88333333	3842786.88333333	11233039.35	10843490.5	11331479.3333333	10406022.5	13105212.8	11913507.5	9262425.91666667	8963418.25	0.0015779392674588	0.889425569456584	0.0015596040523517	N-linoleoylglycine(1-)_[255_355.3_1]	N-linoleoylglycine(1-)	2-(octadeca-9,12-dienamido)acetic acid	[M + H3N + H]+	96	Fatty acids	Fatty amides	Primary amides	0.992	0.757	0.533
raw	superclass	Fatty amides	NPC superclass: Fatty amides	1043	Untreated	PET	3722793	3722793	36279785.5555556	37077800	34276098.6666667	37678196	36564366.3333333	31639155	37998891.6666667	40707400	0.00152866693825737	0.890954236394841	0.00503711407108132	NA_[1043_619.61_3.8]	NA	(E)-N-[(E)-octadec-9-enoyl]docos-13-enamide	[M + H3N + H]+	99	Fatty acids	Fatty amides	Primary amides	1	0.987	0.471
raw	superclass	Fatty amides	NPC superclass: Fatty amides	2608	PET	Untreated	3451801.58333333	3451801.58333333	12913731.9722222	13523431.5	14701710.8333333	14327355	12789575.8333333	14330996	11249909.25	12743877	0.00141739144719196	0.892371627842033	0.00179295274300464	NA_[2608_466.5_8.6]	NA	N-nonyldocosanamide	[M + H]+	-1	Fatty acids	Fatty amides	Primary amides	1	0.999	0.853
raw	superclass	Fatty amides	NPC superclass: Fatty amides	943	PS	PET	3450098	3450098	47632324.1111111	48516005	45777075.6666667	49690374	49227173.6666667	41324804	47892723	48516005	0.00141669191554509	0.893788319757578	0.00661330948748244	NA_[943_567.58_3.6]	NA	N-[(E)-3-hydroxyoctadec-4-en-2-yl]octadecanamide	[M + H3N + H]+	24	Fatty acids	Fatty amides	Ceramides	1	0.958	0.62
raw	superclass	Fatty amides	NPC superclass: Fatty amides	2720	PET	Untreated	3410454.9	3410454.9	8099343.73333333	8624821.75	10065703.8333333	9711364.5	7577078.43333333	8938445.75	6655248.93333333	6907284.5	0.0014004135201844	0.895188733277763	0.00112451927873786	NA_[2720_483.52_8.9]	NA	2-[2-[Di(nonyl)amino]ethyl-nonylamino]ethanol	[M + H]+	722	Fatty acids	Fatty amides	Sphingoid bases	0.992	0.813	0.533
raw	superclass	Fatty amides	NPC superclass: Fatty amides	669	PS	PET	3258659	3258659	75645114.5555556	74005345	74161539	78292550	77420198	68835480	75353606.6666667	75121420	0.00133808253006676	0.89652681580783	0.0105026274301668	NA_[669_511.52_2.6]	NA	N-amino-N-hydroxydotriacontanamide	[M + H]+	24	Fatty acids	Fatty amides	N-acyl amines	0.999	0.994	0.638
raw	superclass	Fatty amides	NPC superclass: Fatty amides	2170	PS	Untreated	3200722.33333333	3200722.33333333	30634980.1111111	31755092	31215500.6666667	31917703	31945081	32603915	28744358.6666667	29444535	0.00131429236315547	0.897841108170985	0.0042533848263429	NA_[2170_410.44_7.4]	NA	2-(Pentacosylamino)ethane-1,1-diol	[M - H2O + H]+	92	Fatty acids	Fatty amides	N-acyl amines	1	0.997	0.724
raw	superclass	Fatty amides	NPC superclass: Fatty amides	939	PS	Untreated	3173508.95	3173508.95	2976055.63888889	2195180.6	2669855.33333333	2496879.15	4715910.26666667	2974532.2	1542401.31666667	1123610.2	0.00130311790371607	0.899144226074701	0.000413197914635209	NA_[939_449.41_3.5]	NA	N-(1-hydroxypropan-2-yl)pentacosa-10,12-diynamide	[M + H3N + H]+	58	Fatty acids	Fatty amides	Ceramides	0.998	0.78	0.715
raw	superclass	Fatty amides	NPC superclass: Fatty amides	1277	PS	PET	3140393.2	3140393.2	2377469.16666667	1086239.55	1313942.8	1086239.55	4454336	1484269.4	1364128.7	1013873.6	0.0012895197927922	0.900433745867493	0.000330089696220512	NA_[1277_560.5_4.6]	NA	N-(1,3-dihydroxyoctadec-8-en-2-yl)hexadecanamide	[M + Na]+	102	Fatty acids	Fatty amides	N-acyl amines	1	0.92	0.302
raw	superclass	Fatty amides	NPC superclass: Fatty amides	195	PS	Untreated	3133874.16666667	3133874.16666667	10796188.9444444	10248530	10726777.6666667	11094711	12397831.6666667	11351143.5	9263957.5	8425382.25	0.00128684292337559	0.901720588790869	0.00149895139713102	NA_[195_332.22_0.9]	NA	18-Amino-18-oxooctadeca-9,12-dienoic acid	[M + Na]+	24	Fatty acids	Fatty amides	Nitro fatty acids	0.993	0.841	0.38
raw	superclass	Fatty amides	NPC superclass: Fatty amides	217	PET	PS	3113771.28333333	3113771.28333333	11853345.6833333	11849139	13098298	13413015	9984526.71666667	11283207	12477212.3333333	12026488	0.00127858820356836	0.902999176994437	0.00164572787343189	N-hexadecanoylglycinate_[217_331.3_1]	N-hexadecanoylglycinate	Elmiric Acid	[M + H3N + H]+	631	Fatty acids	Fatty amides	N-acyl ethanolamines (endocannabinoids)	1	0.946	0.883
raw	superclass	Fatty amides	NPC superclass: Fatty amides	1938	PS	PET	3082879.06666667	3082879.06666667	2287572.32777778	1013873.6	1013873.6	1013873.6	4096752.66666667	1013873.6	1752090.71666667	1013873.6	0.00126590312807053	0.904265080122508	0.000317608348131518	NA_[1938_503.32_6.8]	NA	Unk-Val-Ser-Lys-NH2	[M + H]+	8	Fatty acids	Fatty amides	N-acyl amines	0.542	0.782	0.43
raw	superclass	Fatty amides	NPC superclass: Fatty amides	1490	PS	PET	3071014.45	3071014.45	7526851.08888889	6482798.5	5877442.81666667	6066006	8948457.26666667	9236696	7754653.18333333	8893104.5	0.00126103123558727	0.905526111358095	0.0010450339479741	NA_[1490_498.49_5.6]	NA	N-(1,3-dihydroxypropan-2-yl)octacosanamide	[M + H]+	21	Fatty acids	Fatty amides	N-acyl amines	1	0.995	0.661
raw	superclass	Fatty amides	NPC superclass: Fatty amides	197	Untreated	PS	3046313.66666667	3046313.66666667	5460378.23888889	5406403.5	6328355.68333333	6847476.75	3503232.68333333	3454312.75	6549546.35	6527757.75	0.00125088850919052	0.906776999867286	0.000758123225905388	Putative (3-hydroxyoctadecanoyl)glycine_[197_380.28_0.9]	Putative (3-hydroxyoctadecanoyl)glycine	PDEJWCOMIACOMR	[M + Na]+	-1	Fatty acids	Fatty amides	N-acyl amines	0.967	0.735	0.252
raw	superclass	Fatty amides	NPC superclass: Fatty amides	1600	PS	Untreated	2939541.81666667	2939541.81666667	3944325.03333333	3507028.1	3903431.38333333	4064881.1	5434542.76666667	4324189.75	2495000.95	2402484.25	0.00120704545989082	0.907984045327176	0.000547633201852794	N-(2R-methyl-3-hydroxy-ethyl)-16,16-dimethyl-5Z,8Z,11Z,14Z-docosatetraenoyl amine_[1600_435.39_6]	N-(2R-methyl-3-hydroxy-ethyl)-16,16-dimethyl-5Z,8Z,11Z,14Z-docosatetraenoyl amine	(5Z,8Z,11Z,14Z)-N-[(2S)-1-hydroxypropan-2-yl]-16,16-dimethyldocosa-5,8,11,14-tetraenamide	[M + H3N + H]+	18	Fatty acids	Fatty amides	N-acyl ethanolamines (endocannabinoids)	0.988	0.773	0.218
raw	superclass	Fatty amides	NPC superclass: Fatty amides	278	Untreated	PS	2874861.01666667	2874861.01666667	5215544.33333333	5137734	5652627.85	6038946.25	3559572.06666667	3279570.5	6434433.08333333	6531327.5	0.00118048599217397	0.90916453131935	0.000724130293150502	Serinolamide C_[278_373.34_1.1]	Serinolamide C	Serinolamides C	[M + H3N + H]+	157	Fatty acids	Fatty amides	N-acyl ethanolamines (endocannabinoids)	0.998	0.776	0.248
raw	superclass	Fatty amides	NPC superclass: Fatty amides	291	PET	Untreated	2859640.51666667	2859640.51666667	7128096.82777778	7280715	8274815.25	7892278.5	7694300.5	7486479.75	5415174.73333333	4099868.9	0.00117423609454771	0.910338767413898	0.00098967059152673	NA_[291_311.27_1.2]	NA	Lanyuamide I	[M + H3N + H]+	297	Fatty acids	Fatty amides	Primary amides	0.999	0.947	0.71
raw	superclass	Fatty amides	NPC superclass: Fatty amides	2488	PET	PS	2847433.91666667	2847433.91666667	11483125.3611111	12115637	12764853.8333333	12941013	9917419.91666667	10505863	11767102.3333333	12178670	0.00116922377561176	0.91150799118951	0.0015943261915887	NA_[2488_547.56_8.3]	NA	N-octadec-1-enyloctadeca-2,4-dienamide	[M + H3N + H]+	57	Fatty acids	Fatty amides	N-acyl amines	0.996	0.959	0.218
raw	superclass	Fatty amides	NPC superclass: Fatty amides	698	PET	Untreated	2798824.71666667	2798824.71666667	3119053.06111111	1013873.6	4720193.96666667	3957245.3	2715595.96666667	1105019.8	1921369.25	1013873.6	0.00114926368732988	0.91265725487684	0.00043305178963954	NA_[698_403.35_2.7]	NA	N-Octadecanoylthreonine	[M + H3N + H]+	93	Fatty acids	Fatty amides	Fatty acyl homoserine lactones	0.997	0.893	0.58
raw	superclass	Fatty amides	NPC superclass: Fatty amides	1228	PET	Untreated	2780766.36666667	2780766.36666667	4360187.97222222	3789111.25	5509238.76666667	4406618.5	4842852.75	5090451.25	2728472.4	2021842.45	0.00114184850131108	0.913799103378151	0.000605371940630915	NA_[1228_454.44_4.5]	NA	N-[3-amino-1-(dodecanoylamino)propyl]dodecanamide	[M + H]+	-1	Fatty acids	Fatty amides	N-acyl ethanolamines (endocannabinoids)	0.984	0.727	0.516
raw	superclass	Fatty amides	NPC superclass: Fatty amides	1036	PS	Untreated	2773698.8	2773698.8	5745528.58888889	5211524.25	5959805.5	5058964.75	7025239.53333333	7288654.5	4251540.73333333	4748839	0.00113894639112197	0.914938049769273	0.000797713725638616	NA_[1036_418.33_3.8]	NA	N-[(2S,3R)-1,3-dihydroxyoctadec-4-yn-2-yl]hexanamide	[M + Na]+	363	Fatty acids	Fatty amides	N-acyl amines	1	0.992	0.724
raw	superclass	Fatty amides	NPC superclass: Fatty amides	2662	PET	PS	2772940.75	2772940.75	13260591.8611111	14033750.5	14776919.8333333	14774480.5	12003979.0833333	13906342	13000876.6666667	13694244	0.00113863511784609	0.916076684887119	0.0018411110438397	NA_[2662_550.57_8.8]	NA	N-(3-cyanooctadecan-2-yl)hexadecanamide	[M + H3N + H]+	-1	Fatty acids	Fatty amides	Primary amides	0.967	0.826	0.235
raw	superclass	Fatty amides	NPC superclass: Fatty amides	1302	PS	Untreated	2734734.38333333	2734734.38333333	3076176.24444444	2236230.75	2651456.91666667	2510433	4655903.1	3068394.3	1921168.71666667	1916962.9	0.00112294667920492	0.917199631566324	0.000427098738560334	NA_[1302_469.44_4.7]	NA	Tricosyl 5-oxopyrrolidine-2-carboxylate	[M + H3N + H]+	102	Fatty acids	Fatty amides	N-acyl amines	1	0.993	0.626
raw	superclass	Fatty amides	NPC superclass: Fatty amides	114	PET	PS	2710949.73333333	2710949.73333333	1917523.51111111	1013873.6	3724823.33333333	1013873.6	1013873.6	1013873.6	1013873.6	1013873.6	0.00111318013884315	0.918312811705167	0.000266230478255073	NA_[114_263.23_0.7]	NA	Tert-butyl N-(8-hydroxyoctyl)carbamate	[M + H3N + H]+	111	Fatty acids	Fatty amides	N-acyl amines	0.963	0.797	0.269
raw	superclass	Fatty amides	NPC superclass: Fatty amides	468	Untreated	PS	2608067.23333333	2608067.23333333	3637676.67777778	3225699.35	3192951.03333333	3225699.35	2556005.88333333	2464440.85	5164073.11666667	4726315.25	0.00107093414872893	0.919383745853896	0.000505057902054576	NA_[468_355.33_1.8]	NA	(9Z,12Z)-N-(2-hydroxyethyl)nonadeca-9,12-dienamide	[M + H3N + H]+	102	Fatty acids	Fatty amides	N-acyl ethanolamines (endocannabinoids)	1	1	0.999
raw	superclass	Fatty amides	NPC superclass: Fatty amides	522	Untreated	PET	2582931.61666667	2582931.61666667	5331169.77777778	4676860.25	3971754.38333333	3781101.6	5467068.95	3035150.6	6554686	5757374.25	0.00106061286947138	0.920444358723367	0.000740183821148739	NA_[522_555.49_2]	NA	(9Z,12Z,15Z)-N-[(9Z,12Z,15Z)-octadeca-9,12,15-trienoyl]octadeca-9,12,15-trienamide	[M + H3N + H]+	102	Fatty acids	Fatty amides	N-acyl ethanolamines (endocannabinoids)	0.996	0.945	0.298
raw	superclass	Fatty amides	NPC superclass: Fatty amides	182	PS	Untreated	2570349.25	2570349.25	10865171.6944444	10574568.5	10944099.6666667	11050706	12110882.3333333	11323191	9540533.08333333	8408222.5	0.00105544625184629	0.921499804975214	0.00150852901660605	NA_[182_332.22_0.9]	NA	2-[[(E)-2-oxohexadec-5-enylidene]amino]acetic acid	[M + Na]+	24	Fatty acids	Fatty amides	Primary amides	1	0.942	0.81
raw	superclass	Fatty amides	NPC superclass: Fatty amides	3328	PET	PS	2489837.06666667	2489837.06666667	1843819.28888889	1013873.6	3503710.66666667	1013873.6	1013873.6	1013873.6	1013873.6	1013873.6	0.00102238604334462	0.922522191018558	0.000255997325848889	NA_[3328_536.58_10.8]	NA	N-hydroxy-N-octadecyloctadecan-1-amine oxide	[M - H2O + H]+	306	Fatty acids	Fatty amides	N-acyl amines	1	0.991	0.717
raw	superclass	Fatty amides	NPC superclass: Fatty amides	663	Untreated	PET	2480301.66666667	2480301.66666667	10924436.0277778	10066299	9471939.83333333	9960493	11349126.75	8794632.75	11952241.5	11984153.5	0.00101847058236598	0.923540661600924	0.00151675732343795	NA_[663_535.52_2.6]	NA	N-[(E,2R,3S)-3-ethynyl-1-hydroxyoctadec-4-en-2-yl]tetradecanamide	[M + H3N + H]+	99	Fatty acids	Fatty amides	N-acyl amines	1	0.992	0.408
raw	superclass	Fatty amides	NPC superclass: Fatty amides	3262	Untreated	PS	2414661.9	2414661.9	1842796.73333333	1013873.6	1085981.1	1013873.6	1013873.6	1013873.6	3428535.5	1013873.6	0.000991517340233453	0.924532178941158	0.000255855353428202	NA_[3262_536.58_10.5]	NA	N-hydroxy-N-octadecyloctadecan-1-amine oxide	[M - H2O + H]+	306	Fatty acids	Fatty amides	N-acyl amines	1	0.991	0.809
raw	superclass	Fatty amides	NPC superclass: Fatty amides	382	Untreated	PS	2356893.31666667	2356893.31666667	5378137.14444444	5264374.5	4616493.75	4633349.4	4580512.18333333	4373750.5	6937405.5	5721691.25	0.000967796192317994	0.925499975133476	0.000746704807419621	C20 sphingosine_[382_345.35_1.5]	C20 sphingosine	C20 Sphingosine	[M + H3N + H]+	-1	Fatty acids	Fatty amides	Primary amides	1	0.999	0.989
raw	superclass	Fatty amides	NPC superclass: Fatty amides	22	PS	PET	2347464.68333333	2347464.68333333	6183942.27222222	4226536.75	4727469.55	4464753.5	7074934.23333333	3807798.5	6749423.03333333	3989433	0.000963924572260254	0.926463899705736	0.000858583427580246	NA_[22_196.09_0.5]	NA	5-Hydroxy-2-(2-hydroxyethyl)-2-(hydroxymethyl)pentanenitrile	[M + Na]+	16	Fatty acids	Fatty amides	Primary amides	0.877	0.736	0.492
raw	superclass	Fatty amides	NPC superclass: Fatty amides	3296	Untreated	PET	2321080.73333333	2321080.73333333	1787567.17777778	1013873.6	1013873.6	1013873.6	1013873.6	1013873.6	3334954.33333333	1013873.6	0.000953090697783312	0.927416990403519	0.000248187238328611	NA_[3296_536.58_10.7]	NA	N-hydroxy-N-octadecyloctadecan-1-amine oxide	[M - H2O + H]+	306	Fatty acids	Fatty amides	N-acyl amines	1	0.996	0.788
raw	superclass	Fatty amides	NPC superclass: Fatty amides	3259	PET	PS	2254506.4	2254506.4	1765375.73333333	1013873.6	3268380	1013873.6	1013873.6	1013873.6	1013873.6	1013873.6	0.000925753700452762	0.928342744103972	0.000245106160660786	NA_[3259_452.48_10.5]	NA	1-[1-Hydroxypropyl(tetracosyl)amino]propan-1-ol	[M - H2O + H]+	163	Fatty acids	Fatty amides	N-acyl amines	1	0.996	0.646
raw	superclass	Fatty amides	NPC superclass: Fatty amides	514	PS	Untreated	2250195.13333333	2250195.13333333	3774941.94444444	3274740.6	3883058.56666667	3551960.5	4845981.2	4463327.5	2595786.06666667	2882575	0.000923983392295595	0.929266727496267	0.000524115920055775	NA_[514_503.38_2]	NA	NA	[M + Na]+	154	Fatty acids	Fatty amides	N-acyl ethanolamines (endocannabinoids)	0.996	0.868	0.235
raw	superclass	Fatty amides	NPC superclass: Fatty amides	369	Untreated	PET	2236296	2236296	128262037.444444	132271175	126948069	127998190	128653678.333333	133539125	129184365	130576525	0.00091827607910437	0.930185003575372	0.0178080025475244	NA_[369_341.32_1.4]	NA	(E)-N,N-dimethyl-18-oxooctadec-9-enamide	[M + H3N + H]+	102	Fatty acids	Fatty amides	N-acyl ethanolamines (endocannabinoids)	1	0.996	0.757
raw	superclass	Fatty amides	NPC superclass: Fatty amides	541	Untreated	PET	2218715.73333333	2218715.73333333	5204979.68888889	5029909.25	4142541.43333333	4069510	5111140.46666667	3711572	6361257.16666667	6067613.25	0.000911057205420263	0.931096060780792	0.000722663489574566	NA_[541_531.49_2.1]	NA	(4E,8E,12E,16E)-N-(6-methoxyhexyl)-4,8,13,17,21-pentamethyldocosa-4,8,12,16,20-pentaenamide	[M + H3N + H]+	243	Fatty acids	Fatty amides	N-acyl ethanolamines (endocannabinoids)	1	0.98	0.468
raw	superclass	Fatty amides	NPC superclass: Fatty amides	1865	PS	PET	2187195	2187195	23540866.6666667	23142119	22606120.6666667	23142119	24793315.6666667	23895675	23223163.6666667	22155348	0.000898114046099749	0.931994174826892	0.0032684325145896	NA_[1865_382.4_6.6]	NA	N-pentylicosanamide	[M + H]+	92	Fatty acids	Fatty amides	Primary amides	1	0.999	0.781
raw	superclass	Fatty amides	NPC superclass: Fatty amides	473	Untreated	PET	2167016.16666667	2167016.16666667	10647851.5555556	10538777.5	9789441	10241832.5	10197656.5	9114691.5	11956457.1666667	11458212.5	0.000889828139424499	0.932884002966316	0.00147835611693854	NA_[473_455.46_1.9]	NA	NA	[M + H]+	24	Fatty acids	Fatty amides	N-acyl ethanolamines (endocannabinoids)	0.996	0.958	0.576
raw	superclass	Fatty amides	NPC superclass: Fatty amides	276	Untreated	PS	2126904.76666667	2126904.76666667	5008724.34444444	1501322.5	4558420.06666667	1489508.7	4170424.1	2294052.2	6297328.86666667	1203493	0.000873357448997388	0.933757360415314	0.00069541524259934	NA_[276_493.36_1.1]	NA	3-[(ethylamino)methyl]-3-hydroxy-8-[4-(5-hydroxy-6-methylpiperidin-2-yl)-2-(3-hydroxypropyl)cyclohexyl]octanoic acid	[M + Na]+	31	Fatty acids	Fatty amides	N-acyl amines	0.987	0.85	0.596
raw	superclass	Fatty amides	NPC superclass: Fatty amides	3103	PET	Untreated	2119106.8	2119106.8	3572664.51111111	3209442	4748005.9	3944851.8	3341088.53333333	3547041.1	2628899.1	2714870	0.000870155419276969	0.934627515834591	0.000496031561504501	NA_[3103_594.63_9.8]	NA	2,2-Bis[[(Z)-9-octadecenyl]amino]ethanol	[M + H3N + H]+	225	Fatty acids	Fatty amides	N-acyl ethanolamines (endocannabinoids)	0.951	0.758	0.13
raw	superclass	Fatty amides	NPC superclass: Fatty amides	274	PET	PS	2116038.91666667	2116038.91666667	6243239.16111111	5938170	7312432.65	8700900.25	5196393.73333333	5013274.5	6220891.1	4653580.25	0.000868895673752011	0.935496411508343	0.000866816254451181	C16:0-NAGME_[274_310.27_1.1]	C16:0-NAGME	NA	[M - H2O + H]+	157	Fatty acids	Fatty amides	N-acyl ethanolamines (endocannabinoids)	1	0.891	0.673
raw	superclass	Fatty amides	NPC superclass: Fatty amides	1027	PS	Untreated	2102342.83333333	2102342.83333333	2813772.44444444	2237553.6	2688076.33333333	2309055.5	3927791.91666667	3446782.35	1825449.08333333	1893429.5	0.00086327173769774	0.93635968324604	0.000390666387788547	NA_[1027_441.4_3.8]	NA	2-(Docos-13-enoylamino)ethyl acetate	[M + H3N + H]+	102	Fatty acids	Fatty amides	N-acyl amines	0.999	0.948	0.37
raw	superclass	Fatty amides	NPC superclass: Fatty amides	1060	PS	Untreated	2062639.06666667	2062639.06666667	3268607.93888889	2763653	3132829.28333333	2746594.3	4367816.8	3977536.85	2305177.73333333	2504154	0.000846968431167504	0.937206651677208	0.000453816106950614	NA_[1060_454.4_3.9]	NA	1-Isocyanato-12-(12-isocyanatododecoxy)dodecane	[M + H3N + H]+	-1	Fatty acids	Fatty amides	N-acyl amines	0.999	0.917	0.305
raw	superclass	Fatty amides	NPC superclass: Fatty amides	820	PS	Untreated	2058374.86666667	2058374.86666667	1847834.86111111	1013873.6	1457382.51666667	1358573.75	3072248.46666667	1323961.2	1013873.6	1013873.6	0.000845217449697915	0.938051869126906	0.0002565548510667	NA_[820_398.36_3.2]	NA	3-(Henicosanoylamino)propanoic acid	[M + H]+	20	Fatty acids	Fatty amides	N-acyl amines	1	0.989	0.881
raw	superclass	Fatty amides	NPC superclass: Fatty amides	1318	PS	Untreated	2051801.2	2051801.2	2196988.33888889	1476585.3	1787834.31666667	1642195.95	3427465.95	2104478	1375664.75	1213717.05	0.000842518146541264	0.938894387273447	0.000305031595593987	NA_[1318_469.44_4.9]	NA	Tricosyl 5-oxopyrrolidine-2-carboxylate	[M + H3N + H]+	102	Fatty acids	Fatty amides	N-acyl amines	0.999	0.935	0.379
raw	superclass	Fatty amides	NPC superclass: Fatty amides	780	PS	PET	2030844	2030844	27018866.3333333	27820074	26011172.6666667	27888818	28042016.6666667	26520086	27003409.6666667	27820074	0.000833912624085826	0.939728299897533	0.00375132073434922	NA_[780_551.55_3]	NA	N-hexadecanoyl-N-(prop-2-en-1-yl)hexadecanamide	[M + H3N + H]+	99	Fatty acids	Fatty amides	N-acyl ethanolamines (endocannabinoids)	1	0.994	0.689
raw	superclass	Fatty amides	NPC superclass: Fatty amides	519	PS	Untreated	2010301.56666667	2010301.56666667	6544713.83888889	6227384	5888886.25	5708489	7877778.41666667	6931270.25	5867476.85	5905873.5	0.000825477414642802	0.940553777312176	0.000908673236741878	linoleoyl ethanolamide_[519_341.32_2]	linoleoyl ethanolamide	N-(2-hydroxyethyl)octadeca-9,12-dienamide	[M + H3N + H]+	102	Fatty acids	Fatty amides	Primary amides	1	0.982	0.742
raw	superclass	Fatty amides	NPC superclass: Fatty amides	824	Untreated	PET	1990135.83333333	1990135.83333333	10819495.4833333	10140713.5	9834558.25	10373250.5	10799234.1166667	9341347.5	11824694.0833333	12728843	0.000817196887137679	0.941370974199313	0.00150218729539193	NA_[824_589.57_3.2]	NA	1-(5-dodecanoyl-4-nonyl-1,4-dihydropyridin-3-yl)dodecan-1-one	[M + H3N + H]+	99	Fatty acids	Fatty amides	Primary amides	1	0.994	0.73
raw	superclass	Fatty amides	NPC superclass: Fatty amides	1731	PS	Untreated	1944023.18333333	1944023.18333333	2852573.42777778	2395745.4	2560107.4	2564172.4	3970818.03333333	3289163	2026794.85	1642336.8	0.000798261941388497	0.942169236140702	0.000396053546949696	Cer(d16:1/18:0)_[1731_560.5_6.3]	Cer(d16:1/18:0)	N-(octadecanoyl)-hexadecasphing-4-enine	[M + Na]+	102	Fatty acids	Fatty amides	N-acyl ethanolamines (endocannabinoids)	1	0.874	0.325
raw	superclass	Fatty amides	NPC superclass: Fatty amides	2409	PET	Untreated	1942313.5	1942313.5	11234375.3333333	12193667	12241434.6666667	12618833	11162570.1666667	12554582	10299121.1666667	10998810	0.000797559904937221	0.942966796045639	0.00155978954133252	NA_[2409_438.47_8]	NA	3-dodecoxy-N-tetradecoxypropan-1-amine	[M - H2O + H]+	92	Fatty acids	Fatty amides	N-acyl amines	1	0.991	0.689
raw	superclass	Fatty amides	NPC superclass: Fatty amides	436	PET	Untreated	1924757	1924757	19816476.5555556	20506285	20466845.3333333	20506285	20440496	20924701	18542088.3333333	19453082	0.000790350790409092	0.943757146836048	0.00275133525098681	Jietacin B_[436_342.31_1.7]	Jietacin B	Jietacin B	[M + H3N + H]+	102	Fatty acids	Fatty amides	Primary amides	0.983	0.87	0.533
raw	superclass	Fatty amides	NPC superclass: Fatty amides	665	PET	Untreated	1899332.3	1899332.3	2496399.92777778	1013873.6	3611224.71666667	3289368.8	2166082.65	1013873.6	1711892.41666667	1013873.6	0.000779910806691192	0.944537057642739	0.000346602136994448	Putative (3-hydroxyoctadecanoyl)glycine_[665_380.28_2.6]	Putative (3-hydroxyoctadecanoyl)glycine	PDEJWCOMIACOMR	[M + Na]+	211	Fatty acids	Fatty amides	N-acyl amines	0.988	0.831	0.355
raw	superclass	Fatty amides	NPC superclass: Fatty amides	561	PS	Untreated	1784538.75	1784538.75	2437929.27222222	2074352.9	2444536.9	2340285.35	3326894.83333333	2323468	1542356.08333333	1267968.9	0.000732773857467801	0.945269831500207	0.000338484025011861	NA_[561_381.35_2.2]	NA	(9Z,12Z,15Z)-N-(2-hydroxyethyl)henicosa-9,12,15-trienamide	[M + H3N + H]+	18	Fatty acids	Fatty amides	N-acyl ethanolamines (endocannabinoids)	0.94	0.781	0.371
raw	superclass	Fatty amides	NPC superclass: Fatty amides	3161	Untreated	PET	1754634.4	1754634.4	1598751.73333333	1013873.6	1013873.6	1013873.6	1013873.6	1013873.6	2768508	1013873.6	0.000720494423409803	0.945990325923617	0.000221971952943526	NA_[3161_538.57_10.1]	NA	N-(5-Amino-3-azapentane-1-yl)-2-tetradecylhexadecanamide	[M + H]+	500	Fatty acids	Fatty amides	N-acyl amines	0.999	0.992	0.629
raw	superclass	Fatty amides	NPC superclass: Fatty amides	704	PS	Untreated	1748761.15	1748761.15	2123372.15555556	1426947	1801470.18333333	1820313.3	3158703.71666667	1621111.95	1409942.56666667	1013873.6	0.000718082727917972	0.946708408651535	0.000294810666576648	NA_[704_407.36_2.8]	NA	N-(5Z,8Z,11Z,14Z-tricosatetraenoyl)-ethanolamine	[M + H3N + H]+	58	Fatty acids	Fatty amides	N-acyl amines	0.996	0.934	0.304
raw	superclass	Fatty amides	NPC superclass: Fatty amides	3055	PET	PS	1737943.56666667	1737943.56666667	1593188.12222222	1013873.6	2751817.16666667	1013873.6	1013873.6	1013873.6	1013873.6	1013873.6	0.000713640772108581	0.947422049423644	0.000221199496784134	NA_[3055_494.53_9.6]	NA	Tritriacontanamide	[M + H]+	92	Fatty acids	Fatty amides	Primary amides	1	0.999	0.866
raw	superclass	Fatty amides	NPC superclass: Fatty amides	1059	PS	Untreated	1735259.88333333	1735259.88333333	2595433.93333333	2119289.75	2455196.68333333	2230196.9	3533182.5	3038158.9	1797922.61666667	1906637.75	0.000712538788199076	0.948134588211843	0.000360352096517652	NA_[1059_441.41_3.9]	NA	N-[(1S,2R)-1-(Hydroxymethyl)-2-hydroxy-3-heptadecynyl]octanamide	[M + H3N + H]+	102	Fatty acids	Fatty amides	N-acyl ethanolamines (endocannabinoids)	1	0.801	0.285
raw	superclass	Fatty amides	NPC superclass: Fatty amides	849	PS	Untreated	1733286.45	1733286.45	2355405.72777778	1843226.85	2116692.43333333	2073864.9	3341405.6	2525834.05	1608119.15	1524310.35	0.000711728449753849	0.948846316661597	0.000327026390945086	NA_[849_451.39_3.3]	NA	(Z)-N-[(4E,8E,12E)-1,3-dihydroxytetradeca-4,8,12-trien-2-yl]tridec-9-enamide	[M + H3N + H]+	58	Fatty acids	Fatty amides	N-acyl amines	0.999	0.943	0.358
raw	superclass	Fatty amides	NPC superclass: Fatty amides	311	PS	PET	1729949.33333333	1729949.33333333	15583745.3888889	15633734.5	14747941.6666667	15633734.5	16477891	15951818.5	15525403.5	15108767	0.000710358150648462	0.949556674812245	0.0021636595138722	NA_[311_559.52_1.3]	NA	(9Z,12Z)-N-[(9Z,12Z)-octadeca-9,12-dienoyl]octadeca-9,12-dienamide	[M + H3N + H]+	102	Fatty acids	Fatty amides	Primary amides	0.998	0.883	0.156
raw	superclass	Fatty amides	NPC superclass: Fatty amides	2345	PS	Untreated	1695537.21666667	1695537.21666667	3246602.51111111	2767233.9	3462040.95	3460460.35	3986651.9	3198514.1	2291114.68333333	2384565.9	0.000696227720881406	0.950252902533126	0.000450760855983657	NA_[2345_566.56_7.9]	NA	3-Hexyl-1,2-bis(9-nitrosononyl)-4-pentylcyclohexane	[M + H3N + H]+	20	Fatty acids	Fatty amides	N-acyl ethanolamines (endocannabinoids)	0.999	0.929	0.461
raw	superclass	Fatty amides	NPC superclass: Fatty amides	596	PET	Untreated	1668987.5	1668987.5	2199621.55555556	1013873.6	3141532.58333333	2584273.9	1984787	1246934.75	1472545.08333333	1013873.6	0.000685325778686813	0.950938228311813	0.000305397193475032	NA_[596_352.25_2.3]	NA	NA	[M + Na]+	3	Fatty acids	Fatty amides	N-acyl amines	0.998	0.93	0.399
raw	superclass	Fatty amides	NPC superclass: Fatty amides	2738	PET	PS	1584443.83333333	1584443.83333333	1542021.54444444	1013873.6	2598317.43333333	1013873.6	1013873.6	1013873.6	1013873.6	1013873.6	0.000650610147688156	0.951588838459501	0.000214095488727117	NA_[2738_424.45_8.9]	NA	1-(1-Hydroxydecylamino)octadecan-1-ol	[M - H2O + H]+	92	Fatty acids	Fatty amides	N-acyl amines	1	0.996	0.713
raw	superclass	Fatty amides	NPC superclass: Fatty amides	466	PS	Untreated	1556852.91666667	1556852.91666667	11012746.8055556	10724195	10515437.8333333	10478693	12039827.75	11453080	10482974.8333333	10792475.5	0.000639280664124458	0.952228119123626	0.00152901846155001	linoleoyl ethanolamide_[466_341.32_1.8]	linoleoyl ethanolamide	N-(2-hydroxyethyl)octadeca-9,12-dienamide	[M + H3N + H]+	102	Fatty acids	Fatty amides	N-acyl ethanolamines (endocannabinoids)	1	0.984	0.768
raw	superclass	Fatty amides	NPC superclass: Fatty amides	465	PET	PS	1514688.25	1514688.25	6072053.96111111	6148582.25	6934690.16666667	7075131.75	5420001.91666667	4850715.25	5861469.8	5758275.5	0.000621966853795499	0.952850085977421	0.000843048766124646	NA_[465_387.36_1.8]	NA	(Z)-9,10-bis(2-hydroxyethyl)octadec-9-enamide	[M + H3N + H]+	-1	Fatty acids	Fatty amides	N-acyl amines	0.998	0.813	0.161
raw	superclass	Fatty amides	NPC superclass: Fatty amides	873	Untreated	PET	1500758.96666667	1500758.96666667	9744982.26111111	9718098.5	8920124.78333333	9421131	9893938.25	8535797.75	10420883.75	10766626	0.000616247160300512	0.953466333137722	0.00135300103124132	NA_[873_577.57_3.4]	NA	N-methyl-N-octadec-9-enoyloctadec-9-enamide	[M + H3N + H]+	99	Fatty acids	Fatty amides	N-acyl ethanolamines (endocannabinoids)	0.999	0.962	0.373
raw	superclass	Fatty amides	NPC superclass: Fatty amides	583	PS	Untreated	1476042.76666667	1476042.76666667	6753332.22222222	6943770.5	7225633.33333333	6951560.5	7255203.05	7824016.5	5779160.28333333	4923009	0.000606098103455461	0.954072431241177	0.000937637977797621	N-gondoylethanolamine_[583_371.36_2.3]	N-gondoylethanolamine	N-cis-11-eicosaenoylethanolamine	[M + H3N + H]+	159	Fatty acids	Fatty amides	N-acyl ethanolamines (endocannabinoids)	1	0.992	0.831
raw	superclass	Fatty amides	NPC superclass: Fatty amides	507	Untreated	PET	1462691.21666667	1462691.21666667	8089178.12222222	7852876.25	7152330.7	7606322.75	8500181.75	7904988.25	8615021.91666667	8790872	0.000600615640944252	0.954673046882122	0.00112310787726498	NA_[507_296.33_1.9]	NA	2-Hydroxyethyl(octadecyl)azanium	[M - H2O + H]+	3	Fatty acids	Fatty amides	Sphingoid bases	1	0.864	0.936
raw	superclass	Fatty amides	NPC superclass: Fatty amides	984	PS	Untreated	1447663.73333333	1447663.73333333	2153540.17222222	1013873.6	2444710.45	1387349	2731786.9	1714143.2	1284123.16666667	1013873.6	0.000594445000530756	0.955267491882652	0.000298999217829675	N-(2R-methyl-3-hydroxy-ethyl)-16,16-dimethyl-5Z,8Z,11Z,14Z-docosatetraenoyl amine_[984_435.39_3.7]	N-(2R-methyl-3-hydroxy-ethyl)-16,16-dimethyl-5Z,8Z,11Z,14Z-docosatetraenoyl amine	(5Z,8Z,11Z,14Z)-N-[(2S)-1-hydroxypropan-2-yl]-16,16-dimethyldocosa-5,8,11,14-tetraenamide	[M + H3N + H]+	18	Fatty acids	Fatty amides	N-acyl ethanolamines (endocannabinoids)	0.969	0.777	0.211
raw	superclass	Fatty amides	NPC superclass: Fatty amides	483	PS	Untreated	1444230.88333333	1444230.88333333	4672728.06111111	4934018	4670474.83333333	4644175	5395970.11666667	5213533.75	3951739.23333333	4132929.5	0.000593035391052336	0.955860527273705	0.000648765253336926	N-(11Z,14Z)-eicosadienoylethanolamine_[483_369.35_1.9]	N-(11Z,14Z)-eicosadienoylethanolamine	N-(2-hydroxyethyl)icosa-11,14-dienamide	[M + H3N + H]+	102	Fatty acids	Fatty amides	N-acyl ethanolamines (endocannabinoids)	1	0.993	0.934
raw	superclass	Fatty amides	NPC superclass: Fatty amides	2863	PET	PS	1421690.8	1421690.8	1487770.53333333	1013873.6	2435564.4	1013873.6	1013873.6	1013873.6	1013873.6	1013873.6	0.000583779899227453	0.956444307172932	0.000206563235510799	NA_[2863_452.48_9.2]	NA	1-[1-Hydroxypropyl(tetracosyl)amino]propan-1-ol	[M - H2O + H]+	163	Fatty acids	Fatty amides	N-acyl amines	1	0.991	0.617
raw	superclass	Fatty amides	NPC superclass: Fatty amides	319	PET	Untreated	1421498.63333333	1421498.63333333	8812719.09444444	8912320.5	9512224.83333333	9460866.5	8835206.25	8912320.5	8090726.2	7728627.25	0.000583700991044815	0.957028008163977	0.00122356487711697	NA_[319_465.41_1.3]	NA	(9Z,12Z,15Z)-N-[(E)-1,3-dihydroxydec-4-en-2-yl]octadeca-9,12,15-trienamide	[M + H3N + H]+	99	Fatty acids	Fatty amides	N-acyl amines	0.999	0.911	0.399
raw	superclass	Fatty amides	NPC superclass: Fatty amides	3188	Untreated	PET	1399348.56666667	1399348.56666667	1480323.12222222	1013873.6	1013873.6	1013873.6	1013873.6	1013873.6	2413222.16666667	1013873.6	0.00057460564929642	0.957602613813273	0.000205529231072061	NA_[3188_452.48_10.2]	NA	1-[1-Hydroxypropyl(tetracosyl)amino]propan-1-ol	[M - H2O + H]+	163	Fatty acids	Fatty amides	N-acyl amines	1	0.994	0.553
raw	superclass	Fatty amides	NPC superclass: Fatty amides	2251	PS	PET	1344379.56666667	1344379.56666667	3149544.95555556	2808201	2491688.26666667	2419976.1	3836067.83333333	3792370.1	3120878.76666667	3375001.25	0.000552034076574255	0.958154647889848	0.00043728530833895	NA_[2251_468.48_7.6]	NA	N-(1-hydroxypropan-2-yl)heptacosanamide	[M + H]+	146	Fatty acids	Fatty amides	N-acyl amines	1	0.994	0.859
raw	superclass	Fatty amides	NPC superclass: Fatty amides	1857	Untreated	PET	1340864.83333333	1340864.83333333	12259723.4444444	11826605.5	11480919.5	11778000	12476466.5	11037290	12821784.3333333	12519954	0.000550590843860683	0.958705238733708	0.00170214968263836	NA_[1857_515.49_6.6]	NA	N-[(Z)-3-(2-methylphenyl)pent-3-enyl]docosanamide	[M + H3N + H]+	70	Fatty acids	Fatty amides	N-acyl amines	0.984	0.927	0.185
raw	superclass	Fatty amides	NPC superclass: Fatty amides	1698	PS	Untreated	1332593.15	1332593.15	5759595.83333333	5375045.75	5605372.58333333	5600725	6503004.03333333	5485707	5170410.88333333	5053061.25	0.000547194294862282	0.959252433028571	0.000799666832964014	NA_[1698_735.77_6.2]	NA	23-[(Dimethylamino)methyl]pentatetracontane-22,24-dione	[M + H3N + H]+	282	Fatty acids	Fatty amides	N-acyl amines	0.998	0.974	0.326
raw	superclass	Fatty amides	NPC superclass: Fatty amides	2395	PET	Untreated	1295591.28333333	1295591.28333333	2285891.15	1881429.8	2927069.5	2739304.4	2299125.73333333	2031514.5	1631478.21666667	1453691.6	0.000532000452436141	0.959784433481007	0.000317374932081485	NA_[2395_395.37_8]	NA	1-[1-(Acetylamino)ethyl]-1-ethyl-2-(12-tetradecenyl)-4-imidazoline-1-ium	[M + H3N + H]+	682	Fatty acids	Fatty amides	Primary amides	0.983	0.893	0.4
raw	superclass	Fatty amides	NPC superclass: Fatty amides	2719	PET	PS	1256160.56666667	1256160.56666667	1432593.78888889	1013873.6	2270034.16666667	1013873.6	1013873.6	1013873.6	1013873.6	1013873.6	0.000515809266700021	0.960300242747707	0.000198902452747572	NA_[2719_452.48_8.9]	NA	1-[1-Hydroxypropyl(tetracosyl)amino]propan-1-ol	[M - H2O + H]+	163	Fatty acids	Fatty amides	N-acyl amines	1	0.994	0.708
raw	superclass	Fatty amides	NPC superclass: Fatty amides	1849	PS	PET	1255889.61666667	1255889.61666667	1547657.73888889	1013873.6	1127988.46666667	1013873.6	2383878.08333333	1232900.5	1131106.66666667	1013873.6	0.00051569800821562	0.960815940755922	0.000214878022413817	NA_[1849_562.52_6.6]	NA	N-(1,3-dihydroxyundecan-2-yl)tricosanamide	[M + Na]+	102	Fatty acids	Fatty amides	N-acyl ethanolamines (endocannabinoids)	1	0.954	0.278
raw	superclass	Fatty amides	NPC superclass: Fatty amides	694	PS	Untreated	1248079.28333333	1248079.28333333	1518964.84444444	1013873.6	1168350.08333333	1013873.6	2318311.86666667	1317016.25	1070232.58333333	1013873.6	0.000512490900449102	0.961328431656371	0.000210894278294799	NA_[694_395.36_2.7]	NA	NA	[M + H3N + H]+	70	Fatty acids	Fatty amides	N-acyl amines	1	0.994	0.414
raw	superclass	Fatty amides	NPC superclass: Fatty amides	1394	PS	Untreated	1236547.56666667	1236547.56666667	1935660.09444444	1498466.2	1778391.41666667	1636207.35	2632568.21666667	2468951.8	1396020.65	1155401.85	0.000507755704586833	0.961836187360958	0.000268748575804734	NA_[1394_460.38_5.2]	NA	N-((1S,2R)-1,3-Dihydroxy-1-(2-tridecylcycloprop-1-en-1-yl)propan-2-yl)octanamide	[M + Na]+	363	Fatty acids	Fatty amides	N-acyl ethanolamines (endocannabinoids)	0.999	0.789	0.267
raw	superclass	Fatty amides	NPC superclass: Fatty amides	2674	PS	Untreated	1231522.56666667	1231522.56666667	1811314.67222222	1013873.6	2174674.25	1013873.6	2245396.16666667	1013873.6	1013873.6	1013873.6	0.000505692320626257	0.962341879681585	0.00025148435920701	NA_[2674_452.48_8.8]	NA	1-[1-Hydroxypropyl(tetracosyl)amino]propan-1-ol	[M - H2O + H]+	163	Fatty acids	Fatty amides	N-acyl amines	1	0.993	0.609
raw	superclass	Fatty amides	NPC superclass: Fatty amides	2532	PS	Untreated	1230202.9	1230202.9	1485270.74444444	1013873.6	1197862.13333333	1013873.6	2244076.5	1013873.6	1013873.6	1013873.6	0.00050515043425147	0.962847030115836	0.000206216162847768	NA_[2532_424.45_8.4]	NA	1-(1-Hydroxydecylamino)octadecan-1-ol	[M - H2O + H]+	92	Fatty acids	Fatty amides	N-acyl amines	1	0.996	0.776
raw	superclass	Fatty amides	NPC superclass: Fatty amides	1078	PS	Untreated	1228054.53333333	1228054.53333333	1658563.82777778	1013873.6	1345487.45	1234845.6	2429129.28333333	1599053.4	1201074.75	1013873.6	0.000504268264038249	0.963351298379874	0.000230276311360573	NA_[1078_433.38_4]	NA	(9Z,12Z)-N-[(3-methoxy-6-methylcyclohexa-2,4-dien-1-yl)methyl]octadeca-9,12-dienamide	[M + H3N + H]+	18	Fatty acids	Fatty amides	N-acyl ethanolamines (endocannabinoids)	0.999	0.976	0.548
raw	superclass	Fatty amides	NPC superclass: Fatty amides	467	PET	PS	1220223.75	1220223.75	6754355.45555556	7024349.75	7315031.41666667	7374940.75	6094807.66666667	5902758.75	6853227.28333333	6686293.75	0.000501052759017604	0.963852351138892	0.000937780044321511	N-octadecanoylglycinate_[467_359.33_1.8]	N-octadecanoylglycinate	Stearoylglycine	[M + H3N + H]+	631	Fatty acids	Fatty amides	N-acyl amines	1	0.983	0.565
raw	superclass	Fatty amides	NPC superclass: Fatty amides	1415	PS	Untreated	1214616.15	1214616.15	5195431.17777778	5077594.75	5323462.38333333	5077594.75	5738723.65	4787437	4524107.5	4415114.65	0.000498750145704704	0.964351101284597	0.000721337766752914	NA_[1415_501.48_5.3]	NA	NA	[M + H3N + H]+	-1	Fatty acids	Fatty amides	N-acyl ethanolamines (endocannabinoids)	0.996	0.927	0.747
raw	superclass	Fatty amides	NPC superclass: Fatty amides	2346	PS	Untreated	1196485.9	1196485.9	2512296.5	2294521.6	2802317.26666667	2621439.5	2965529.06666667	2250154.95	1769043.16666667	1553858.65	0.000491305435843763	0.96484240672044	0.000348809229632851	NA_[2346_567.58_7.9]	NA	N-[(E)-3-hydroxyoctadec-4-en-2-yl]octadecanamide	[M + H3N + H]+	20	Fatty acids	Fatty amides	N-acyl ethanolamines (endocannabinoids)	0.999	0.851	0.182
raw	superclass	Fatty amides	NPC superclass: Fatty amides	2305	PET	PS	1187202.05	1187202.05	3069570.86666667	2986593	3576616.75	3304325.85	2389414.7	2415618.9	3242681.15	3083994.5	0.000487493267250252	0.965329899987691	0.00042618164269442	NA_[2305_582.59_7.8]	NA	N,N'-Ethylenebisheptadecanamide	[M + H3N + H]+	74	Fatty acids	Fatty amides	N-acyl amines	1	0.987	0.846
raw	superclass	Fatty amides	NPC superclass: Fatty amides	1190	PS	Untreated	1183892.91666667	1183892.91666667	1521263.70555556	1013873.6	1200433.36666667	1013873.6	2273625.33333333	1526060.05	1089732.41666667	1013873.6	0.000486134458764003	0.965816034446455	0.000211213453986522	NA_[1190_455.42_4.4]	NA	N-((1S,2R)-1,3-Dihydroxy-1-(2-tridecylcycloprop-1-en-1-yl)propan-2-yl)octanamide	[M + H3N + H]+	102	Fatty acids	Fatty amides	N-acyl ethanolamines (endocannabinoids)	1	0.905	0.359
raw	superclass	Fatty amides	NPC superclass: Fatty amides	248	PET	Untreated	1173434.83333333	1173434.83333333	9875872.25	10547624.5	10454672.1666667	10529077	9891707.25	10547624.5	9281237.33333333	9743125.25	0.000481840122165323	0.96629787456862	0.00137117390064228	NA_[248_313.28_1.1]	NA	Methyl 16-cyanohexadecanoate	[M + H3N + H]+	102	Fatty acids	Fatty amides	Primary amides	0.992	0.811	0.329
raw	superclass	Fatty amides	NPC superclass: Fatty amides	479	PS	Untreated	1154410.86666667	1154410.86666667	3551729.69444444	3758788.6	3792352.81666667	3758788.6	4008623.56666667	4060594	2854212.7	3052814.8	0.000474028431083428	0.966771902999703	0.000493124955029507	NA_[479_371.33_1.9]	NA	N-(1,3-dihydroxypropan-2-yl)octadeca-9,12-dienamide	[M + H3N + H]+	102	Fatty acids	Fatty amides	N-acyl amines	1	0.994	0.834
raw	superclass	Fatty amides	NPC superclass: Fatty amides	1420	PS	Untreated	1149323.46666667	1149323.46666667	4380624.86666667	4063866.65	4581908.46666667	4622399.5	4854644.8	3155053	3705321.33333333	3746548.65	0.00047193942420561	0.967243842423909	0.000608209415191443	NA_[1420_487.48_5.3]	NA	N-(1,3-dihydroxytricosan-2-yl)hexanamide	[M + H3N + H]+	42	Fatty acids	Fatty amides	Ceramides	0.999	0.798	0.386
raw	superclass	Fatty amides	NPC superclass: Fatty amides	286	PET	PS	1132571.83333333	1132571.83333333	14627131.6666667	14480839	15340987	14760300.5	14208415.1666667	14594977.5	14331992.8333333	13387646.5	0.000465060806985024	0.967708903230894	0.00203084250938863	palmitoleoyl ethanolamide_[286_315.3_1.2]	palmitoleoyl ethanolamide	N-(2-hydroxyethyl)hexadec-9-enamide	[M + H3N + H]+	-1	Fatty acids	Fatty amides	N-acyl ethanolamines (endocannabinoids)	1	0.987	0.887
raw	superclass	Fatty amides	NPC superclass: Fatty amides	3298	PET	PS	1131478.06666667	1131478.06666667	1391032.95555556	1013873.6	2145351.66666667	1013873.6	1013873.6	1013873.6	1013873.6	1013873.6	0.000464611680498136	0.968173514911392	0.000193132113833395	NA_[3298_494.53_10.7]	NA	Tritriacontanamide	[M + H]+	92	Fatty acids	Fatty amides	Primary amides	0.999	0.998	0.843
raw	superclass	Fatty amides	NPC superclass: Fatty amides	1125	PS	Untreated	1126165.98333333	1126165.98333333	1467071.7	1013873.6	1160217.65	1013873.6	2183581.71666667	1273963.55	1057415.73333333	1013873.6	0.000462430413324556	0.968635945324717	0.000203689393148124	N-[1-hydroxy-3-(4-hydroxyphenyl)propan-2-yl]-9-octadecenamide_[1125_449.37_4.1]	N-[1-hydroxy-3-(4-hydroxyphenyl)propan-2-yl]-9-octadecenamide	N-[1-hydroxy-3-(4-hydroxyphenyl)propan-2-yl]-9-octadecenamide	[M + H3N + H]+	18	Fatty acids	Fatty amides	N-acyl ethanolamines (endocannabinoids)	1	0.966	0.614
raw	superclass	Fatty amides	NPC superclass: Fatty amides	2400	PET	PS	1122491.23333333	1122491.23333333	4094381.90555556	4007904.4	4791661.2	4202614.25	3669169.96666667	3758927.65	3822314.55	3928671.2	0.000460921473979456	0.969096866798696	0.000568467216468883	NA_[2400_424.45_8]	NA	1-(1-Hydroxydecylamino)octadecan-1-ol	[M - H2O + H]+	92	Fatty acids	Fatty amides	Sphingoid bases	1	0.959	0.533
raw	superclass	Fatty amides	NPC superclass: Fatty amides	2485	PET	PS	1115325.16666667	1115325.16666667	14329991.5	14996151	14708804.1666667	14996151	13593479	14768910	14687691.3333333	14836096.5	0.000457978917358478	0.969554845716055	0.0019895873340429	NA_[2485_546.54_8.3]	NA	N-[2-(2,4-dimethyl-6-tetradecylpyridin-1-ium-1-yl)ethyl]dodecanamide	[M + H3N + H]+	-1	Fatty acids	Fatty amides	N-acyl amines	0.97	0.845	0.334
raw	superclass	Fatty amides	NPC superclass: Fatty amides	3132	Untreated	PET	1110045.4	1110045.4	1383888.73333333	1013873.6	1013873.6	1013873.6	1013873.6	1013873.6	2123919	1013873.6	0.000455810920173288	0.970010656636228	0.000192140204379372	NA_[3132_452.48_10]	NA	1-[1-Hydroxypropyl(tetracosyl)amino]propan-1-ol	[M - H2O + H]+	163	Fatty acids	Fatty amides	N-acyl amines	1	0.988	0.505
raw	superclass	Fatty amides	NPC superclass: Fatty amides	573	PS	Untreated	1082147	1082147	4393073.10555556	4554578	4409280.45	4422793.5	4926042.93333333	4947120.25	3843895.93333333	3980732	0.000444355176673641	0.970455011812902	0.00060993773850723	linoleoyl ethanolamide_[573_341.32_2.3]	linoleoyl ethanolamide	N-(2-hydroxyethyl)octadeca-9,12-dienamide	[M + H3N + H]+	102	Fatty acids	Fatty amides	N-acyl ethanolamines (endocannabinoids)	1	0.997	0.869
raw	superclass	Fatty amides	NPC superclass: Fatty amides	1946	Untreated	PS	1081705.83333333	1081705.83333333	11483529	10941593.5	11698900.5	11044390	10834990.3333333	10522263.5	11916696.1666667	12299707.5	0.00044417402319624	0.970899185836098	0.00159438223313072	NA_[1946_564.55_6.8]	NA	(E)-N-[1-[[(E)-hexadec-9-enoyl]amino]propyl]hexadec-9-enamide	[M + H3N + H]+	57	Fatty acids	Fatty amides	N-acyl ethanolamines (endocannabinoids)	0.998	0.947	0.55
raw	superclass	Fatty amides	NPC superclass: Fatty amides	568	PS	Untreated	1079551.56666667	1079551.56666667	1592095.27777778	1154357.4	1351405.76666667	1173426.3	2252215.81666667	1609851.2	1172664.25	1013873.6	0.000443289430303344	0.971342475266401	0.000221047765398617	N-(2-hydroxyethyl)docosa-7,10,13,16-tetraenamide_[568_393.35_2.2]	N-(2-hydroxyethyl)docosa-7,10,13,16-tetraenamide	Adrenoyl-Ethanolamine	[M + H3N + H]+	70	Fatty acids	Fatty amides	N-acyl ethanolamines (endocannabinoids)	0.998	0.968	0.64
raw	superclass	Fatty amides	NPC superclass: Fatty amides	768	Untreated	PET	1072896.66666667	1072896.66666667	10744540.5555556	10667071	10264802.8333333	10591132.5	10631119.3333333	9792902	11337699.5	11580877	0.000440556770816929	0.971783032037218	0.00149178049403892	NA_[768_566.56_2.9]	NA	9-methyl-N-(2-methyloctyl)-N'-[(E)-oct-1-enyl]heptadecanediamide	[M + H3N + H]+	345	Fatty acids	Fatty amides	N-acyl amines	0.999	0.98	0.321
raw	superclass	Fatty amides	NPC superclass: Fatty amides	3360	PET	PS	1055962.15	1055962.15	1365860.98333333	1013873.6	2069835.75	1013873.6	1013873.6	1013873.6	1013873.6	1013873.6	0.000433603057370143	0.972216635094588	0.00018963721733564	NA_[3360_452.48_11]	NA	1-[1-Hydroxypropyl(tetracosyl)amino]propan-1-ol	[M - H2O + H]+	163	Fatty acids	Fatty amides	N-acyl amines	1	0.99	0.587
raw	superclass	Fatty amides	NPC superclass: Fatty amides	928	PS	Untreated	1054827.3	1054827.3	1405096.45	1013873.6	1132714.85	1013873.6	2068700.9	1209544	1013873.6	1013873.6	0.000433137061093992	0.972649772155682	0.000195084700505833	Hydrazidomycin A_[928_470.43_3.5]	Hydrazidomycin A	Hydrazidomycin A	[M + H3N + H]+	-1	Fatty acids	Fatty amides	N-acyl amines	0.989	0.94	0.257
raw	superclass	Fatty amides	NPC superclass: Fatty amides	641	Untreated	PS	1029868.33333333	1029868.33333333	8697695.61111111	8762477	8654739.83333333	9110115.5	8204239.33333333	8196625.5	9234107.66666667	8999016	0.000422888318508411	0.973072660474191	0.00120759492587467	NA_[641_535.52_2.5]	NA	(Z)-3-oxo-2-[(Z)-tetradec-7-enyl]icos-11-enamide	[M + H3N + H]+	-1	Fatty acids	Fatty amides	Primary amides	1	0.987	0.705
raw	superclass	Fatty amides	NPC superclass: Fatty amides	469	PET	PS	1026060.95	1026060.95	3934411.76111111	4099275.5	4580085.55	4784881.25	3554024.6	3258974.2	3669125.13333333	3945561.25	0.000421324916776717	0.973493985390967	0.00054625683531048	NA_[469_364.28_1.8]	NA	2-Amino-2-oxoethyl stearate	[M + Na]+	31	Fatty acids	Fatty amides	N-acyl amines	0.96	0.852	0.318
raw	superclass	Fatty amides	NPC superclass: Fatty amides	2288	PS	Untreated	1022252.33333333	1022252.33333333	2660702.57777778	2639337.75	2567693.8	2592717.35	3218333.13333333	2861360.25	2196080.8	2276034.85	0.000419761008609159	0.973913746399577	0.000369414046644895	NA_[2288_522.53_7.7]	NA	N-(3-hydroxyoctadec-4-en-2-yl)hexadecanamide	[M + H]+	20	Fatty acids	Fatty amides	N-acyl amines	0.999	0.961	0.298
raw	superclass	Fatty amides	NPC superclass: Fatty amides	1796	Untreated	PET	1011579.33333333	1011579.33333333	17155383.0555556	17706352	16670638.8333333	18692942	17113292.1666667	17586353	17682218.1666667	16743185.5	0.000415378422139264	0.974329124821716	0.00238186692839193	NA_[1796_409.42_6.5]	NA	(2E)-N,2-di(ethylidene)docosanamide	[M + H3N + H]+	154	Fatty acids	Fatty amides	N-acyl amines	0.977	0.973	0.55
raw	superclass	Fatty amides	NPC superclass: Fatty amides	2418	PET	Untreated	988804.783333333	988804.783333333	1647269.61111111	1013873.6	2271799.08333333	1976586.4	1387015.45	1013873.6	1282994.3	1013873.6	0.000406026652750342	0.974735151474466	0.000228708213401273	NA_[2418_576.5_8]	NA	N-[(E,2S,3R)-1,3,6-trihydroxyoctadec-4-en-2-yl]hexadecanamide	[M + Na]+	529	Fatty acids	Fatty amides	N-acyl amines	0.999	0.961	0.757
raw	superclass	Fatty amides	NPC superclass: Fatty amides	2382	PET	Untreated	971204.7	971204.7	1641402.91666667	1013873.6	2254199	1976586.4	1387015.45	1013873.6	1282994.3	1013873.6	0.000398799641873766	0.97513395111634	0.000227893676912584	N-2-hydroxypalmitoylsphingosine_[2382_576.5_8]	N-2-hydroxypalmitoylsphingosine	N-2-Hydroxypalmitoylsphingosine	[M + Na]+	529	Fatty acids	Fatty amides	N-acyl amines	1	0.954	0.664
raw	superclass	Fatty amides	NPC superclass: Fatty amides	2107	Untreated	PET	957943	957943	13365489.3888889	12016486.5	13030799.1666667	11574839	13076926.8333333	11636643.5	13988742.1666667	12998169.5	0.000393354073899644	0.975527305190239	0.00185567509941775	NA_[2107_566.56_7.2]	NA	N-[2-(pentadecanoylamino)cyclopentyl]pentadecanamide	[M + H3N + H]+	57	Fatty acids	Fatty amides	N-acyl ethanolamines (endocannabinoids)	0.998	0.833	0.276
raw	superclass	Fatty amides	NPC superclass: Fatty amides	2692	PS	PET	927408.1	927408.1	2895188.21111111	2599106	2445292.65	2156323.1	3372700.75	3367255.6	2867571.23333333	2756381.5	0.000380815721084165	0.975908120911324	0.000401970217114014	N-octodecanoylsphinganine_[2692_568.57_8.9]	N-octodecanoylsphinganine	N-Octodecanoylsphinganine	[M + H]+	21	Fatty acids	Fatty amides	N-acyl amines	1	0.957	0.506
raw	superclass	Fatty amides	NPC superclass: Fatty amides	2645	Untreated	PS	916115.066666667	916115.066666667	4037489.18888889	4189569.75	3992182.63333333	3826054.9	3602084.93333333	3965594	4518200	4294413	0.000376178534249091	0.976284299445573	0.000560568186767484	NA_[2645_591.62_8.7]	NA	(Octatriacontylamino)carbamic acid	[M - H2O + H]+	57	Fatty acids	Fatty amides	N-acyl ethanolamines (endocannabinoids)	0.999	0.791	0.214
raw	superclass	Fatty amides	NPC superclass: Fatty amides	454	Untreated	PS	903237.733333333	903237.733333333	3516243.31666667	3378124.1	3318243.38333333	3163745.75	3163624.41666667	3027303.15	4066862.15	3594985.1	0.000370890796327701	0.9766551902419	0.000488197998320724	N-gondoylethanolamine_[454_371.36_1.7]	N-gondoylethanolamine	N-cis-11-eicosaenoylethanolamine	[M + H3N + H]+	-1	Fatty acids	Fatty amides	N-acyl ethanolamines (endocannabinoids)	1	0.999	0.987
raw	superclass	Fatty amides	NPC superclass: Fatty amides	486	Untreated	PET	901670.95	901670.95	1991678.92222222	1850659.7	1560565.78333333	1379380	1952234.25	1211538.8	2462236.73333333	2559210.6	0.000370247437999403	0.9770254376799	0.000276526274082824	NA_[486_505.47_1.9]	NA	N-[2-(4-hydroxyphenyl)ethyl]tetracosanamide	[M + H3N + H]+	-1	Fatty acids	Fatty amides	N-acyl ethanolamines (endocannabinoids)	0.997	0.912	0.488
raw	superclass	Fatty amides	NPC superclass: Fatty amides	697	PET	Untreated	890384.933333333	890384.933333333	1590656.05555556	1013873.6	2125641.01666667	1750746.7	1411071.06666667	1013873.6	1235256.08333333	1013873.6	0.000365613132373773	0.977391050812274	0.000220847942648952	Putative (3-hydroxyoctadecanoyl)glycine_[697_375.32_2.7]	Putative (3-hydroxyoctadecanoyl)glycine	PDEJWCOMIACOMR	[M + H3N + H]+	-1	Fatty acids	Fatty amides	N-acyl ethanolamines (endocannabinoids)	1	0.943	0.726
raw	superclass	Fatty amides	NPC superclass: Fatty amides	2232	PS	Untreated	885251.433333334	885251.433333334	3379206.73333333	3046832.4	3316256.66666667	3046832.4	3853307.48333333	3109566.6	2968056.05	2860797.75	0.000363505195744596	0.977754556008018	0.000469171730894081	NA_[2232_582.59_7.5]	NA	N-[3-(heptadec-1-en-2-ylamino)-2-hydroxypropyl]hexadecanamide	[M + H3N + H]+	-1	Fatty acids	Fatty amides	N-acyl amines	1	0.973	0.311
raw	superclass	Fatty amides	NPC superclass: Fatty amides	937	PS	Untreated	873181.25	873181.25	1365529.80555556	1013873.6	1195660.96666667	1013873.6	1887054.85	1308447.8	1013873.6	1013873.6	0.00035854889272147	0.97811310490074	0.000189591236351494	NA_[937_446.36_3.5]	NA	N-[(1S,2R)-1-(Hydroxymethyl)-2-hydroxy-3-heptadecynyl]octanamide	[M + Na]+	177	Fatty acids	Fatty amides	N-acyl amines	0.988	0.837	0.244
raw	superclass	Fatty amides	NPC superclass: Fatty amides	463	PS	Untreated	871765.616666667	871765.616666667	4525549.25	3776789.35	4799426.9	5951401.75	4824493.23333333	3745455.15	3952727.61666667	2432452.6	0.000357967600161459	0.978471072500901	0.000628330830997864	NA_[463_358.33_1.8]	NA	N,N-Bis(2-hydroxyethyl)heptadecanamide	[M + H]+	159	Fatty acids	Fatty amides	N-acyl ethanolamines (endocannabinoids)	1	0.906	0.259
raw	superclass	Fatty amides	NPC superclass: Fatty amides	2049	Untreated	PS	856386.566666667	856386.566666667	1691383.72222222	1013873.6	1557429.23333333	1013873.6	1330167.68333333	1013873.6	2186554.25	1013873.6	0.00035165259815173	0.978822725099053	0.000234833051418046	N-stearoylhexadecasphinganine_[2049_562.52_7.1]	N-stearoylhexadecasphinganine	2-Octadecanoylaminohexadecane-1,3-diol	[M + Na]+	24	Fatty acids	Fatty amides	Ceramides	1	0.799	0.426
raw	superclass	Fatty amides	NPC superclass: Fatty amides	125	PET	Untreated	844278.166666667	844278.166666667	2369395.81111111	2209165.75	2909562.16666667	2521971.1	2133341.26666667	1893407.55	2065284	2099434.3	0.000346680602460539	0.979169405701513	0.000328968785160896	NA_[125_277.25_0.7]	NA	N-(1,3-dihydroxydodecan-2-yl)acetamide	[M + H3N + H]+	-1	Fatty acids	Fatty amides	Nitro fatty acids	0.962	0.81	0.307
raw	superclass	Fatty amides	NPC superclass: Fatty amides	2867	PS	Untreated	822770.65	822770.65	1379095.14444444	1013873.6	1286767.58333333	1013873.6	1836644.25	1013873.6	1013873.6	1013873.6	0.00033784910695371	0.979507254808467	0.000191474658713282	NA_[2867_538.57_9.2]	NA	N-(5-Amino-3-azapentane-1-yl)-2-tetradecylhexadecanamide	[M + H]+	500	Fatty acids	Fatty amides	N-acyl amines	0.999	0.974	0.485
raw	superclass	Fatty amides	NPC superclass: Fatty amides	557	Untreated	PET	817933.833333334	817933.833333334	8563029.16666667	8640563.5	8210065.5	8869571.5	8451022.66666667	7745041.5	9027999.33333333	8917897.5	0.000335862995524806	0.979843117803992	0.00118889773040269	NA_[557_495.49_2.1]	NA	1-(5-Dodecyl-2,5-dihydro-1,2-oxazol-3-yl)hexadecan-1-one	[M + H3N + H]+	99	Fatty acids	Fatty amides	N-acyl ethanolamines (endocannabinoids)	0.999	0.89	0.585
raw	superclass	Fatty amides	NPC superclass: Fatty amides	2657	PET	PS	769462.15	769462.15	1270360.98333333	1013873.6	1783335.75	1013873.6	1013873.6	1013873.6	1013873.6	1013873.6	0.0003159593748418	0.980159077178834	0.000176377921934028	NA_[2657_424.45_8.8]	NA	2-[2-Hydroxyethyl(tetracosyl)amino]ethanol	[M - H2O + H]+	92	Fatty acids	Fatty amides	N-acyl amines	1	0.995	0.701
raw	superclass	Fatty amides	NPC superclass: Fatty amides	588	Untreated	PET	767646.65	767646.65	3131556.80555556	2950353	2693160.55	2936322.5	3240702.66666667	2778874.9	3460807.2	3459335.6	0.000315213887562114	0.980474291066396	0.000434787819390484	1,1'-(1,4-Dihydro-4-nonyl-3,5-pyridinediyl)bis[1-decanone]_[588_533.5_2.3]	1,1'-(1,4-Dihydro-4-nonyl-3,5-pyridinediyl)bis[1-decanone]	1-(5-decanoyl-4-nonyl-1,4-dihydropyridin-3-yl)decan-1-one	[M + H3N + H]+	99	Fatty acids	Fatty amides	N-acyl ethanolamines (endocannabinoids)	0.999	0.957	0.443
raw	superclass	Fatty amides	NPC superclass: Fatty amides	1226	PET	Untreated	754869.016666667	754869.016666667	1637139.48888889	1260359	1992229.33333333	1554026.3	1681828.81666667	1540817.5	1237360.31666667	1013873.6	0.000309967088820996	0.980784258155217	0.000227301739233746	NA_[1226_441.44_4.5]	NA	2,2,6,6-Tetramethyl-4-piperidinyl stearate	[M + H3N + H]+	57	Fatty acids	Fatty amides	N-acyl ethanolamines (endocannabinoids)	1	0.991	0.283
raw	superclass	Fatty amides	NPC superclass: Fatty amides	3227	PS	Untreated	752454.083333332	752454.083333332	12125658.7777778	12895136	12277761.5833333	13379643	12425834.4166667	13178286.5	11673380.3333333	11944744	0.00030897546002381	0.981093233615241	0.00168353603846818	NA_[3227_578.62_10.4]	NA	Nonatriacontanamide	[M + H]+	-1	Fatty acids	Fatty amides	N-acyl amines	1	0.998	0.646
raw	superclass	Fatty amides	NPC superclass: Fatty amides	638	PS	Untreated	749996.8	749996.8	1350912.45	1013873.6	1226053.15	1072890.6	1788340.5	1205977.35	1038343.7	1013873.6	0.000307966441314041	0.981401200056555	0.00018756175116509	NA_[638_395.36_2.5]	NA	8'-methyl-5-[(methylamino)methyl]-3-pentylspiro[cyclopentane-1,4'-tricyclo[6.3.1.0²,⁵]dodecane]-1',6'-diol	[M + H3N + H]+	18	Fatty acids	Fatty amides	N-acyl ethanolamines (endocannabinoids)	0.989	0.896	0.773
raw	superclass	Fatty amides	NPC superclass: Fatty amides	1930	PS	PET	742100.966666667	742100.966666667	2171854.13888889	1751351.75	1748763.13333333	1571666.4	2490864.1	2464772.2	2275935.18333333	2381636.65	0.000304724225223418	0.981705924281778	0.000301541943421388	NA_[1930_498.49_6.8]	NA	N-(1,3-dihydroxypropan-2-yl)octacosanamide	[M + H]+	21	Fatty acids	Fatty amides	N-acyl amines	1	0.971	0.876
raw	superclass	Fatty amides	NPC superclass: Fatty amides	861	PS	Untreated	740099.65	740099.65	1323273.38888889	1013873.6	1201973.31666667	1013873.6	1753973.25	1184325.35	1013873.6	1013873.6	0.000303902437221422	0.982009826719	0.000183724322098122	tro-40303_[861_423.39_3.3]	tro-40303	3-[(3aR,5aS,6R,7E,9aS,9bS)-7-hydroxyimino-3a,6-dimethyl-3-[(2R)-6-methylheptan-2-yl]-1,2,3,4,5,5a,8,9,9a,9b-decahydrocyclopenta[a]naphthalen-6-yl]propan-1-ol	[M + H3N + H]+	18	Fatty acids	Fatty amides	N-acyl ethanolamines (endocannabinoids)	0.989	0.82	0.222
raw	superclass	Fatty amides	NPC superclass: Fatty amides	775	Untreated	PET	724833.583333333	724833.583333333	3147014.56666667	2926337	2768452.08333333	2856437.5	3179305.95	2563935.35	3493285.66666667	3357214.1	0.000297633828843098	0.982307460547843	0.000436933987147759	NA_[775_561.54_2.9]	NA	N-(18-oxooctadeca-6,9-dienyl)octadec-9-enamide	[M + H3N + H]+	99	Fatty acids	Fatty amides	N-acyl ethanolamines (endocannabinoids)	1	0.997	0.476
raw	superclass	Fatty amides	NPC superclass: Fatty amides	456	PS	Untreated	722173.35	722173.35	3382219.46666667	3588088.85	3486278.45	3615860.65	3691276.65	3623620.6	2969103.3	3085792.6	0.000296541474058742	0.982604002021901	0.000469590021168772	NA_[456_512.44_1.7]	NA	3-Octacosylpyrrole-2,5-dione	[M + Na]+	166	Fatty acids	Fatty amides	N-acyl ethanolamines (endocannabinoids)	0.999	0.762	0.389
raw	superclass	Fatty amides	NPC superclass: Fatty amides	189	Untreated	PET	722114.666666667	722114.666666667	4051608.30555556	1782820.2	3799572.63333333	1674889.4	3833564.98333333	2303314.1	4521687.3	1376399.8	0.000296517377292821	0.982900519399194	0.000562528496073172	NA_[189_479.35_0.9]	NA	3-hydroxy-8-[4-(5-hydroxy-6-methylpiperidin-2-yl)cyclohexyl]-3-{[(4-hydroxybutan-2-yl)amino]methyl}octanoic acid	[M + Na]+	31	Fatty acids	Fatty amides	N-acyl amines	0.919	0.762	0.142
raw	superclass	Fatty amides	NPC superclass: Fatty amides	737	PS	Untreated	718853.283333333	718853.283333333	1327789.88333333	1013873.6	1091609.2	1013873.6	1805306.86666667	1013873.6	1086453.58333333	1013873.6	0.000295178176086992	0.983195697575281	0.000184351395752768	NA_[737_421.38_2.8]	NA	N-(5Z,8Z,11Z,14Z-tetracosatetraenoyl)-ethanolamine	[M + H3N + H]+	18	Fatty acids	Fatty amides	N-acyl ethanolamines (endocannabinoids)	0.983	0.843	0.448
raw	superclass	Fatty amides	NPC superclass: Fatty amides	574	PET	Untreated	704940.7	704940.7	6614565.50555556	6512624.5	6918370.5	6408455.75	6711896.21666667	7269911.25	6213429.8	5508369.75	0.000289465340007356	0.983485162915289	0.00091837149729296	oleoyl ethanolamide_[574_343.33_2.3]	oleoyl ethanolamide	N-(2-hydroxyethyl)octadec-9-enamide	[M + H3N + H]+	-1	Fatty acids	Fatty amides	Primary amides	1	0.991	0.693
raw	superclass	Fatty amides	NPC superclass: Fatty amides	3192	Untreated	PET	702663.066666667	702663.066666667	1248094.62222222	1013873.6	1013873.6	1013873.6	1013873.6	1013873.6	1716536.66666667	1013873.6	0.000288530089840575	0.983773693005129	0.000173286442777052	NA_[3192_494.53_10.2]	NA	Tritriacontanamide	[M + H]+	92	Fatty acids	Fatty amides	N-acyl ethanolamines (endocannabinoids)	0.999	0.997	0.47
raw	superclass	Fatty amides	NPC superclass: Fatty amides	3243	Untreated	PET	702074.483333333	702074.483333333	1247898.42777778	1013873.6	1013873.6	1013873.6	1013873.6	1013873.6	1715948.08333333	1013873.6	0.000288288403589936	0.984061981408719	0.000173259202985481	NA_[3243_494.53_10.4]	NA	Tritriacontanamide	[M + H]+	92	Fatty acids	Fatty amides	Primary amides	0.999	0.997	0.788
raw	superclass	Fatty amides	NPC superclass: Fatty amides	3319	PET	PS	699404.066666667	699404.066666667	1247008.28888889	1013873.6	1713277.66666667	1013873.6	1013873.6	1013873.6	1013873.6	1013873.6	0.000287191867287836	0.984349173276007	0.000173135615399342	NA_[3319_452.48_10.8]	NA	2-[Hexacosyl(2-hydroxyethyl)amino]ethanol	[M - H2O + H]+	163	Fatty acids	Fatty amides	N-acyl ethanolamines (endocannabinoids)	1	0.986	0.652
raw	superclass	Fatty amides	NPC superclass: Fatty amides	748	Untreated	PET	694151.35	694151.35	3055504.17222222	2778311	2692307.36666667	2778311	3087746.43333333	2551820.35	3386458.71666667	3628456.9	0.00028503497747302	0.98463420825348	0.000424228611731456	NA_[748_561.54_2.9]	NA	1-(5-decanoyl-4-nonyl-1,4-dihydropyridin-3-yl)dodecan-1-one	[M + H3N + H]+	99	Fatty acids	Fatty amides	Primary amides	1	0.982	0.505
raw	superclass	Fatty amides	NPC superclass: Fatty amides	636	PS	Untreated	692345.633333333	692345.633333333	1404346.33888889	1101281.35	1289280.35	1205417.85	1808052.15	1262008.1	1115706.51666667	1053233.25	0.000284293507461609	0.984918501760942	0.00019498055448692	NA_[636_419.36_2.5]	NA	N-[(3-methoxyphenyl)methyl]octadec-9-enimidic acid	[M + H3N + H]+	70	Fatty acids	Fatty amides	N-acyl amines	0.999	0.964	0.367
raw	superclass	Fatty amides	NPC superclass: Fatty amides	2449	Untreated	PS	671009.133333334	671009.133333334	2106999.56111111	1157453.4	2208845.15	1469925.6	1720572.2	1620920.7	2391581.33333333	1157453.4	0.000275532235446719	0.985194033996388	0.00029253748263707	NA_[2449_424.45_8.1]	NA	1-(1-Hydroxydecylamino)octadecan-1-ol	[M - H2O + H]+	92	Fatty acids	Fatty amides	N-acyl amines	1	0.967	0.627
raw	superclass	Fatty amides	NPC superclass: Fatty amides	910	PS	Untreated	666745.933333333	666745.933333333	1249120.88888889	1013873.6	1052869.53333333	1013873.6	1680619.53333333	1104064.6	1013873.6	1013873.6	0.000273781664600803	0.985467815660989	0.000173428930451336	NA_[910_424.38_3.4]	NA	N-[(1S,2R)-1-(Hydroxymethyl)-2-hydroxy-3-heptadecynyl]octanamide	[M + H]+	-1	Fatty acids	Fatty amides	Ceramides	0.999	0.705	0.298
raw	superclass	Fatty amides	NPC superclass: Fatty amides	1390	PS	Untreated	656285.766666667	656285.766666667	1283545.38888889	1013873.6	1166603.2	1073179.7	1670159.36666667	1273580.35	1013873.6	1013873.6	0.000269486472536137	0.985737302133525	0.000178208455211051	NA_[1390_482.43_5.2]	NA	N-[2-(2,5-dioxopyrrolidin-1-yl)ethyl]docosanamide	[M + H3N + H]+	-1	Fatty acids	Fatty amides	N-acyl amines	1	0.99	0.426
raw	superclass	Fatty amides	NPC superclass: Fatty amides	306	Untreated	PET	653970.583333334	653970.583333334	9900843.80555556	9744309.5	9486267.41666667	9712387	10076026	9859018	10140238	9970703.5	0.000268535803450407	0.986005837936976	0.0013746409711318	Jietacin B_[306_342.31_1.3]	Jietacin B	Jietacin B	[M + H3N + H]+	-1	Fatty acids	Fatty amides	Primary amides	0.992	0.734	0.478
raw	superclass	Fatty amides	NPC superclass: Fatty amides	1278	PS	PET	649816.733333333	649816.733333333	1230479.17777778	1013873.6	1013873.6	1013873.6	1663690.33333333	1013873.6	1013873.6	1013873.6	0.000266830134303215	0.986272668071279	0.000170840700562187	NA_[1278_452.37_4.6]	NA	(9Z,12Z)-N-[(E)-1,3-dihydroxyoct-4-en-2-yl]nonadeca-9,12-dienamide	[M + O + H]+	102	Fatty acids	Fatty amides	N-acyl amines	0.999	0.889	0.281
raw	superclass	Fatty amides	NPC superclass: Fatty amides	671	Untreated	PET	642900.916666666	642900.916666666	6412619.11111111	6386086	6075122.91666667	6231132.5	6444710.58333333	5778957.5	6718023.83333333	6603537.25	0.000263990336256592	0.986536658407535	0.000890333100442389	NA_[671_297.29_2.6]	NA	Octadecadienamide	[M + H3N + H]+	-1	Fatty acids	Fatty amides	Primary amides	1	0.999	0.995
raw	superclass	Fatty amides	NPC superclass: Fatty amides	2489	Untreated	PS	637072.783333334	637072.783333334	4835337.46111111	5038435.5	5027560.33333333	5132774.75	4420689.63333333	4653023.25	5057762.41666667	5116368.75	0.000261597166736175	0.986798255574272	0.000671342070820475	NA_[2489_589.6_8.3]	NA	5-(4-cyclodecylcyclononyl)-N-(cycloundecylmethyl)octanamide	[M + H3N + H]+	57	Fatty acids	Fatty amides	N-acyl amines	0.997	0.981	0.467
raw	superclass	Fatty amides	NPC superclass: Fatty amides	1039	Untreated	PET	614218.05	614218.05	3738960.48888889	3767407.4	3506237.8	3780410	3590187.81666667	3204338.5	4120455.85	4163809.25	0.000252212472172348	0.987050468046444	0.000519120226357439	NA_[1039_591.58_3.8]	NA	3-(Hexadec-2-enyl)-1-octadecylpyrrolidine-2,5-dione	[M + H3N + H]+	99	Fatty acids	Fatty amides	Primary amides	1	0.99	0.534
raw	superclass	Fatty amides	NPC superclass: Fatty amides	1310	PS	PET	609825.416666667	609825.416666667	7886903.58333333	7769440	7550870.83333333	8278038.5	8160696.25	6226184.75	7949143.66666667	8010958.75	0.000250408752935593	0.98730087679938	0.00109502392058066	NA_[1310_675.68_4.8]	NA	(E)-N-[(E)-docos-13-enoyl]docos-13-enamide	[M + H3N + H]+	153	Fatty acids	Fatty amides	N-acyl ethanolamines (endocannabinoids)	1	0.987	0.447
raw	superclass	Fatty amides	NPC superclass: Fatty amides	1550	PS	PET	609241.883333333	609241.883333333	3554548.55555556	4093345.2	3237037.81666667	3769143.35	3846279.7	3685802.7	3580328.15	4113041.6	0.000250169140334507	0.987551045939714	0.000493516327931793	N-(docosanoyl)ethanolamine_[1550_366.37_5.8]	N-(docosanoyl)ethanolamine	N-(2-Hydroxyethyl)docosanamide	[M - H2O + H]+	24	Fatty acids	Fatty amides	N-acyl ethanolamines (endocannabinoids)	0.997	0.966	0.822
raw	superclass	Fatty amides	NPC superclass: Fatty amides	2406	Untreated	PS	608671.85	608671.85	1437061.21111111	1133104.55	1396994.81666667	1387922.65	1152758.48333333	1013873.6	1761430.33333333	1362653.2	0.000249935071153015	0.987800981010867	0.000199522713176139	NA_[2406_579.58_8]	NA	1-[6-(2-Oxohexadecyl)piperidin-2-yl]hexadecan-2-one	[M + H3N + H]+	57	Fatty acids	Fatty amides	N-acyl ethanolamines (endocannabinoids)	0.999	0.989	0.885
raw	superclass	Fatty amides	NPC superclass: Fatty amides	766	PS	PET	600786.15	600786.15	2972359.73888889	2817937.6	2595411.1	2748635.25	3196197.25	2677387.6	3125470.86666667	3152553.35	0.000246697016048953	0.988047678026916	0.000412684772961127	oleamide_[766_299.31_2.9]	oleamide	Oleamide	[M + H3N + H]+	-1	Fatty acids	Fatty amides	Primary amides	1	1	1
raw	superclass	Fatty amides	NPC superclass: Fatty amides	742	PS	Untreated	585029.283333333	585029.283333333	1428615.11666667	1013873.6	1330591.4	1013873.6	1770141.61666667	1119602.25	1185112.33333333	1013873.6	0.000240226873571555	0.988287904900488	0.000198350050754895	(4E,8E,10E-d18:3)sphingosine_[742_318.24_2.9]	(4E,8E,10E-d18:3)sphingosine	2-aminooctadeca-4,8,10-triene-1,3-diol	[M + Na]+	-1	Fatty acids	Fatty amides	Primary amides	1	0.922	0.789
raw	superclass	Fatty amides	NPC superclass: Fatty amides	327	PET	PS	578589.333333333	578589.333333333	5372647.70555556	6093077	5569896.85	6895145.25	4991307.51666667	4752339.5	5556738.75	5056096.5	0.000237582477643811	0.988525487378131	0.000745942649390125	N-myristoyl lysine_[327_374.34_1.3]	N-myristoyl lysine	Myristoyl lysine	[M + H3N + H]+	-1	Fatty acids	Fatty amides	N-acyl amines	0.999	0.972	0.519
raw	superclass	Fatty amides	NPC superclass: Fatty amides	2603	PET	PS	573022.616666667	573022.616666667	7398311.01666667	7271439.25	7692820.91666667	7342610	7119798.3	7576393.5	7382313.83333333	7060742.25	0.00023529665199544	0.988760784030127	0.00102718734285851	NA_[2603_549.57_8.6]	NA	N,N-bis(prop-2-enyl)triacontanamide	[M + H3N + H]+	57	Fatty acids	Fatty amides	Primary amides	0.954	0.833	0.291
raw	superclass	Fatty amides	NPC superclass: Fatty amides	1383	PS	PET	568849.983333333	568849.983333333	1665910.54444444	1013873.6	1291355.8	1013873.6	1860205.78333333	1830322.55	1846170.05	1013873.6	0.000233583269966909	0.988994367300094	0.000231296335303142	N-dodecanoylsphinganine_[1383_506.45_5.1]	N-dodecanoylsphinganine	N-(1,3-dihydroxyoctadecan-2-yl)dodecanamide	[M + Na]+	24	Fatty acids	Fatty amides	N-acyl ethanolamines (endocannabinoids)	0.999	0.992	0.489
raw	superclass	Fatty amides	NPC superclass: Fatty amides	1412	PET	Untreated	565228.133333333	565228.133333333	1479336.54444444	1156973.85	1772582.45	1354723.75	1458072.86666667	1477016.3	1207354.31666667	1013873.6	0.000232096052614151	0.989226463352708	0.000205392253834446	NA_[1412_424.41_5.2]	NA	NA	[M - H2O + H]+	20	Fatty acids	Fatty amides	N-acyl ethanolamines (endocannabinoids)	0.999	0.984	0.734
raw	superclass	Fatty amides	NPC superclass: Fatty amides	2605	Untreated	PS	556999.15	556999.15	4204369.45	4350390.75	4171648.33333333	4197365.25	3942230.43333333	4509979.25	4499229.58333333	4368052.25	0.00022871703724662	0.989455180389955	0.00058373797397974	NA_[2605_591.62_8.6]	NA	N,N-di(cyclotridecyl)cyclotridecanamine oxide	[M + H3N + H]+	57	Fatty acids	Fatty amides	Primary amides	0.996	0.981	0.416
raw	superclass	Fatty amides	NPC superclass: Fatty amides	1286	Untreated	PET	549207.666666666	549207.666666666	5433452.43333333	5420271	5188957.41666667	5434712.75	5373234.8	4931362.75	5738165.08333333	5438896	0.000225517669736352	0.989680698059691	0.000754384825802901	NA_[1286_445.42_4.7]	NA	N-(2-pyridin-4-ylethyl)docosanamide	[M + H]+	70	Fatty acids	Fatty amides	N-acyl amines	0.998	0.99	0.566
raw	superclass	Fatty amides	NPC superclass: Fatty amides	2255	Untreated	PS	545293.666666667	545293.666666667	3066736.64444444	2730709.75	3234445.03333333	2789216.5	2710235.61666667	2618689.9	3255529.28333333	2779746.6	0.000223910488677309	0.989904608548368	0.000425788137043339	NA_[2255_494.5_7.6]	NA	1-(4-Ethyl-4-prop-2-enylpiperazin-4-ium-1-yl)docosan-1-one	[M + H3N + H]+	-1	Fatty acids	Fatty amides	N-acyl amines	0.994	0.957	0.301
raw	superclass	Fatty amides	NPC superclass: Fatty amides	951	PET	Untreated	544937.333333333	544937.333333333	1548739.61666667	1563200.05	1799597.63333333	1899366.5	1591960.91666667	1724270.35	1254660.3	1208369.5	0.000223764169774898	0.990128372718143	0.000215028231178675	NA_[951_462.36_3.6]	NA	N-[(2S,3R,6R)-1,3,6-trihydroxyoctadec-4-yn-2-yl]octanamide	[M + Na]+	31	Fatty acids	Fatty amides	N-acyl amines	0.997	0.808	0.188
raw	superclass	Fatty amides	NPC superclass: Fatty amides	925	PS	PET	543990.533333333	543990.533333333	1195203.77777778	1013873.6	1013873.6	1013873.6	1557864.13333333	1013873.6	1013873.6	1013873.6	0.000223375391280595	0.990351748109424	0.000165943036174647	Pentacosanoylglycine_[925_457.44_3.5]	Pentacosanoylglycine	2-pentacosanamidoacetic acid	[M + H3N + H]+	-1	Fatty acids	Fatty amides	N-acyl amines	1	0.961	0.29
raw	superclass	Fatty amides	NPC superclass: Fatty amides	1976	Untreated	PET	525310.833333334	525310.833333334	5543906.71111111	5560645	5261027.08333333	5506802	5584355.13333333	5720663.75	5786337.91666667	5605028	0.000215705064242114	0.990567453173666	0.000769720384938266	NA_[1976_368.39_6.9]	NA	N,N-dibutylhexadecanamide	[M + H]+	142	Fatty acids	Fatty amides	N-acyl amines	1	0.999	0.854
raw	superclass	Fatty amides	NPC superclass: Fatty amides	691	PET	Untreated	502882.416666667	502882.416666667	1491317.90555556	1415998.45	1706949.53333333	1786826.15	1562937.06666667	1291210.7	1204067.11666667	1013873.6	0.000206495425394132	0.99077394859906	0.000207055755470945	NA_[691_523.46_2.7]	NA	N-[3-[3-(cyclopentanecarbonylamino)propyl-dodecanoylamino]propyl]cyclopentanecarboxamide	[M + H3N + H]+	-1	Fatty acids	Fatty amides	N-acyl ethanolamines (endocannabinoids)	0.999	0.911	0.736
raw	superclass	Fatty amides	NPC superclass: Fatty amides	575	PET	PS	492653.216666667	492653.216666667	3146164.5	3428835.5	3465762.6	3428835.5	2973109.38333333	3314513.65	2999621.51666667	3047613.15	0.000202295073710646	0.99097624367277	0.000436815963220593	NA_[575_359.33_2.3]	NA	12-hydroxy-N-(2-hydroxyethyl)octadec-9-enamide	[M + H3N + H]+	631	Fatty acids	Fatty amides	Nitro fatty acids	1	0.837	0.738
raw	superclass	Fatty amides	NPC superclass: Fatty amides	1884	PS	PET	492131.283333333	492131.283333333	1177917.36111111	1013873.6	1013873.6	1013873.6	1506004.88333333	1013873.6	1013873.6	1013873.6	0.000202080755527862	0.991178324428298	0.000163542976436232	NA_[1884_598.55_6.7]	NA	2,3-Bis(hexadecanoylamino)propanoic acid	[M + H3N + H]+	-1	Fatty acids	Fatty amides	Fatty acyl carnitines	0.998	0.724	0.161
raw	superclass	Fatty amides	NPC superclass: Fatty amides	1414	PS	Untreated	486449.05	486449.05	2411776.96111111	1953267.15	2450038.16666667	2165646.85	2635870.88333333	1865418.3	2149421.83333333	1668733.8	0.000199747496001444	0.9913780719243	0.00033485301748875	NA_[1414_486.46_5.3]	NA	(2S)-2,6-diamino-7-oxooctacosanoic acid	[M + H3N + H]+	42	Fatty acids	Fatty amides	N-acyl ethanolamines (endocannabinoids)	0.997	0.959	0.269
raw	superclass	Fatty amides	NPC superclass: Fatty amides	2208	Untreated	PS	480743.283333333	480743.283333333	1605377.09444444	1525667.6	1570188.7	1596702.75	1382599.65	1442831.2	1863342.93333333	1616544.65	0.000197404573131238	0.991575476497431	0.000222891823311218	NA_[2208_506.5_7.5]	NA	1-Methyl-1-tridecanoyl-2-pentadecyl-1H-imidazol-1-ium	[M + H3N + H]+	-1	Fatty acids	Fatty amides	Primary amides	0.947	0.74	0.163
raw	superclass	Fatty amides	NPC superclass: Fatty amides	2852	PS	PET	476317.416666667	476317.416666667	1723062.88333333	1580314.5	1459532.01666667	1305486.75	1935849.43333333	1901014.7	1773807.2	1600967	0.00019558720750106	0.991771063704932	0.000239231411158858	N-octodecanoylsphinganine_[2852_568.57_9.2]	N-octodecanoylsphinganine	N-Octodecanoylsphinganine	[M + H]+	21	Fatty acids	Fatty amides	N-acyl amines	1	0.964	0.664
raw	superclass	Fatty amides	NPC superclass: Fatty amides	1557	PS	PET	470295.2	470295.2	1170638.66666667	1013873.6	1013873.6	1013873.6	1484168.8	1013873.6	1013873.6	1013873.6	0.000193114342769296	0.991964178047701	0.000162532396752703	NA_[1557_421.38_5.9]	NA	N-(5Z,8Z,11Z,14Z-tetracosatetraenoyl)-ethanolamine	[M + H3N + H]+	70	Fatty acids	Fatty amides	N-acyl ethanolamines (endocannabinoids)	1	0.995	0.921
raw	superclass	Fatty amides	NPC superclass: Fatty amides	2262	Untreated	PET	462842.933333333	462842.933333333	1168154.57777778	1013873.6	1013873.6	1013873.6	1013873.6	1013873.6	1476716.53333333	1013873.6	0.000190054265652892	0.992154232313354	0.000162187503890068	NA_[2262_564.58_7.7]	NA	5-[8-(5,5-Dimethylhexyl)-8-octylheptadecyl]-1,3,5-triazinan-2-one	[M + H]+	-1	Fatty acids	Fatty amides	N-acyl ethanolamines (endocannabinoids)	0.998	0.906	0.223
raw	superclass	Fatty amides	NPC superclass: Fatty amides	1700	PS	PET	462205.083333333	462205.083333333	1167941.96111111	1013873.6	1013873.6	1013873.6	1476078.68333333	1013873.6	1013873.6	1013873.6	0.000189792349342592	0.992344024662697	0.000162157984024198	Cer(d16:1/18:0)_[1700_560.5_6.2]	Cer(d16:1/18:0)	N-(octadecanoyl)-hexadecasphing-4-enine	[M + Na]+	102	Fatty acids	Fatty amides	N-acyl amines	1	0.945	0.269
raw	superclass	Fatty amides	NPC superclass: Fatty amides	1175	PET	PS	460621.616666667	460621.616666667	1876408.60555556	1861756.9	2158548.21666667	2329213	1697926.6	1307854.8	1772751	1617067.5	0.000189142140442671	0.99253316680314	0.000260522052305644	NA_[1175_543.47_4.3]	NA	ethyl N-(27-amino-3,26-dihydroxy-11-oxooctacosan-2-yl)carbamate	[M + H]+	-1	Fatty acids	Fatty amides	N-acyl amines	1	0.9	0.63
raw	superclass	Fatty amides	NPC superclass: Fatty amides	860	PS	PET	455962.366666667	455962.366666667	1165861.05555556	1013873.6	1013873.6	1013873.6	1469835.96666667	1013873.6	1013873.6	1013873.6	0.000187228942090768	0.99272039574523	0.000161869069453894	NA_[860_424.38_3.3]	NA	N-Nervonoyl Glycine	[M + H]+	757	Fatty acids	Fatty amides	Ceramides	1	0.953	0.493
raw	superclass	Fatty amides	NPC superclass: Fatty amides	2530	Untreated	PET	448543.033333333	448543.033333333	1163387.94444444	1013873.6	1013873.6	1013873.6	1013873.6	1013873.6	1462416.63333333	1013873.6	0.000184182388180685	0.992904578133411	0.000161525700754593	NA_[2530_564.58_8.4]	NA	1-Aminooctadecoxy-(octadecylamino)-oxoazanium	[M - H2O + H]+	88	Fatty acids	Fatty amides	N-acyl ethanolamines (endocannabinoids)	0.996	0.752	0.153
raw	superclass	Fatty amides	NPC superclass: Fatty amides	613	Untreated	PET	440686.933333333	440686.933333333	2553979.15555556	2369858.25	2352958.83333333	2426282.75	2515332.86666667	2048979.5	2793645.76666667	2618187.35	0.000180956487537366	0.993085534620948	0.000354596482440545	NA_[613_302.25_2.4]	NA	Octadecadienamide	[M + Na]+	-1	Fatty acids	Fatty amides	Primary amides	1	0.999	1
raw	superclass	Fatty amides	NPC superclass: Fatty amides	2171	Untreated	PS	439610	439610	1600819.05	1352305.8	1718681.01666667	1764561.55	1322083.06666667	1322730	1761693.06666667	1363884.9	0.000180514273215653	0.993266048894164	0.000222258980821767	NA_[2171_468.49_7.4]	NA	[4-[3-(Dimethylamino)propylamino]-4-oxobutyl]-dimethyl-octadecylazanium	[M + H]+	-1	Fatty acids	Fatty amides	N-acyl amines	0.997	0.978	0.35
raw	superclass	Fatty amides	NPC superclass: Fatty amides	1110	PS	Untreated	437752.3	437752.3	1172105.39444444	1013873.6	1050816.68333333	1013873.6	1451625.9	1013873.6	1013873.6	1013873.6	0.000179751457616934	0.993445800351781	0.000162736038395418	NA_[1110_656.6_4.1]	NA	N-((2s,3r,4e,8e)-1,3-dihydroxyhexacosa-4,8-dien-2-yl)pentadecanamide	[M + Na]+	131	Fatty acids	Fatty amides	N-acyl ethanolamines (endocannabinoids)	0.998	0.766	0.498
raw	superclass	Fatty amides	NPC superclass: Fatty amides	1324	PS	Untreated	436143.6	436143.6	1187685.93333333	1013873.6	1099167	1013873.6	1450017.2	1013873.6	1013873.6	1013873.6	0.000179090887312979	0.993624891239094	0.000164899252716299	NA_[1324_473.47_4.9]	NA	2-Hydroxy-N,N,N-trimethyl-3-[(1-oxodocosyl)oxy]-1-propanaminium	[M + H3N + H]+	57	Fatty acids	Fatty amides	N-acyl amines	1	0.985	0.75
raw	superclass	Fatty amides	NPC superclass: Fatty amides	3367	PET	PS	434250.9	434250.9	1158623.9	1013873.6	1448124.5	1013873.6	1013873.6	1013873.6	1013873.6	1013873.6	0.000178313699885679	0.99380320493898	0.000160864257062496	NA_[3367_562.57_11]	NA	1-Methyl-1-heptadecanoyl-2-pentadecyl-1H-imidazol-1-ium	[M + H3N + H]+	-1	Fatty acids	Fatty amides	N-acyl amines	0.981	0.886	0.14
raw	superclass	Fatty amides	NPC superclass: Fatty amides	489	Untreated	PS	422430.35	422430.35	2934859.70555556	2828082.4	2867954.63333333	2813190.4	2757097.06666667	2680975.7	3179527.41666667	3288154.15	0.000173459902218976	0.993976664841199	0.000407478238725138	(4E,8E,9Me-d19:2)sphingosine_[489_334.27_1.9]	(4E,8E,9Me-d19:2)sphingosine	(4E,8E,9Me-d19:2)sphingosine	[M + Na]+	-1	Fatty acids	Fatty amides	Primary amides	0.999	0.978	0.942
raw	superclass	Fatty amides	NPC superclass: Fatty amides	905	PS	PET	419475.216666667	419475.216666667	1153698.67222222	1013873.6	1013873.6	1013873.6	1433348.81666667	1013873.6	1013873.6	1013873.6	0.000172246454513232	0.994148911295712	0.000160180434549137	NA_[905_482.43_3.4]	NA	(2E,4E)-N-[(2S,3R)-3-hydroxy-4-(octadecylamino)-4-oxobutan-2-yl]hexa-2,4-dienamide	[M + H3N + H]+	-1	Fatty acids	Fatty amides	N-acyl ethanolamines (endocannabinoids)	0.999	0.821	0.284
raw	superclass	Fatty amides	NPC superclass: Fatty amides	1580	PS	PET	412031.583333333	412031.583333333	1151217.46111111	1013873.6	1013873.6	1013873.6	1425905.18333333	1013873.6	1013873.6	1013873.6	0.000169189922447878	0.99431810121816	0.000159835941239441	NA_[1580_421.38_5.9]	NA	N-(5Z,8Z,11Z,14Z-tetracosatetraenoyl)-ethanolamine	[M + H3N + H]+	70	Fatty acids	Fatty amides	N-acyl ethanolamines (endocannabinoids)	1	0.993	0.868
raw	superclass	Fatty amides	NPC superclass: Fatty amides	789	PS	PET	408664.316666667	408664.316666667	1150095.03888889	1013873.6	1013873.6	1013873.6	1422537.91666667	1013873.6	1013873.6	1013873.6	0.000167807243038727	0.994485908461198	0.000159680103251904	N,N-bis(4-acetamidobutyl)-15-methylhexadec-6E-enamide_[789_511.46_3]	N,N-bis(4-acetamidobutyl)-15-methylhexadec-6E-enamide	N,N-bis(4-acetamidobutyl)-15-methylhexadec-6E-enamide	[M + H3N + H]+	-1	Fatty acids	Fatty amides	N-acyl amines	0.998	0.957	0.226
raw	superclass	Fatty amides	NPC superclass: Fatty amides	999	PS	Untreated	389435.75	389435.75	1428648.07222222	1245604.35	1496189.5	1517800.4	1589595.23333333	1562204.3	1200159.48333333	1013873.6	0.000159911538353183	0.994645819999552	0.000198354626330248	NA_[999_462.36_3.7]	NA	N-[(2S,3R,6R)-1,3,6-trihydroxyoctadec-4-yn-2-yl]octanamide	[M + Na]+	31	Fatty acids	Fatty amides	Ceramides	1	0.893	0.143
raw	superclass	Fatty amides	NPC superclass: Fatty amides	2635	PS	PET	380449.65	380449.65	2132254.35555556	1013873.6	1957238.91666667	1013873.6	2337688.56666667	1013873.6	2101835.58333333	1013873.6	0.00015622163295853	0.99480204163251	0.00029604387823755	NA_[2635_507.34_8.7]	NA	2,29-diaminotriaconta-4,6,10,13,16,19,22,26-octaene-3,28-diol	[M + K]+	33	Fatty acids	Fatty amides	N-acyl ethanolamines (endocannabinoids)	0.999	0.976	0.254
raw	superclass	Fatty amides	NPC superclass: Fatty amides	3093	PET	Untreated	369504.883333333	369504.883333333	1321690.72777778	1348666.95	1552192.15	1612975.1	1230192.76666667	1165547.55	1182687.26666667	1013873.6	0.000151727452661567	0.994953769085172	0.000183504584179872	NA_[3093_632.65_9.8]	NA	N,N'-[Methyliminobis(ethylene)]bis(octadecanamide)	[M - H2O + H]+	-1	Fatty acids	Fatty amides	N-acyl amines	0.999	0.964	0.658
raw	superclass	Fatty amides	NPC superclass: Fatty amides	2817	Untreated	PS	368938.883333333	368938.883333333	2382482.21111111	2458038.9	2318012.78333333	2381102.9	2230247.48333333	2567835.25	2599186.36666667	2687257.3	0.000151495039662226	0.995105264124834	0.000330785711269206	NA_[2817_593.63_9.1]	NA	2,2-Didodecyltetradecylurea	[M + H]+	57	Fatty acids	Fatty amides	Open-chain polyketides	0.979	0.81	0.252
raw	superclass	Fatty amides	NPC superclass: Fatty amides	1411	PET	Untreated	364606.466666667	364606.466666667	1184060.51666667	1013873.6	1378480.06666667	1013873.6	1159827.88333333	1013873.6	1013873.6	1013873.6	0.00014971604681436	0.995254980171648	0.000164395897003867	NA_[1411_482.47_5.2]	NA	N-[2-(dodecanoylamino)cyclopropyl]tetradecanamide	[M + H3N + H]+	-1	Fatty acids	Fatty amides	N-acyl ethanolamines (endocannabinoids)	0.992	0.826	0.243
raw	superclass	Fatty amides	NPC superclass: Fatty amides	1145	PS	PET	350233.75	350233.75	1373357.56666667	1013873.6	1148497.31666667	1013873.6	1498731.06666667	1452892.7	1472844.31666667	1569666.05	0.000143814269094977	0.995398794440743	0.000190678048884535	olaflur_[1145_459.45_4.2]	olaflur	N-Stearyl-N-(2-hydroxyethyl)-N',N'-bis(2-hydroxyethyl)trimethylenediamine	[M + H]+	1	Fatty acids	Fatty amides	N-acyl ethanolamines (endocannabinoids)	0.996	0.878	0.483
raw	superclass	Fatty amides	NPC superclass: Fatty amides	3300	PET	PS	343500.7	343500.7	1128373.83333333	1013873.6	1357374.3	1013873.6	1013873.6	1013873.6	1013873.6	1013873.6	0.000141049519368459	0.995539843960112	0.000156664313922687	NA_[3300_424.45_10.7]	NA	2-[2-Hydroxyethyl(tetracosyl)amino]ethanol	[M - H2O + H]+	92	Fatty acids	Fatty amides	N-acyl ethanolamines (endocannabinoids)	1	0.996	0.724
raw	superclass	Fatty amides	NPC superclass: Fatty amides	3349	PET	PS	338514.6	338514.6	1126711.8	1013873.6	1352388.2	1013873.6	1013873.6	1013873.6	1013873.6	1013873.6	0.000139002108668792	0.995678846068781	0.000156433555902435	NA_[3349_494.53_10.9]	NA	N,N-dihexadecylformamide	[M + H]+	92	Fatty acids	Fatty amides	N-acyl ethanolamines (endocannabinoids)	0.995	0.987	0.354
raw	superclass	Fatty amides	NPC superclass: Fatty amides	1052	PS	Untreated	335402.55	335402.55	1161017.72777778	1013873.6	1119903.43333333	1013873.6	1349276.15	1013873.6	1013873.6	1013873.6	0.000137724227264909	0.995816570296045	0.000161196618001199	NA_[1052_553.51_3.9]	NA	4-amino-N-[(Z,2R)-2-(4-aminobutyl)-4-oxohenicos-12-enyl]-N-(2-oxopropyl)butanamide	[M + H3N + H]+	-1	Fatty acids	Fatty amides	N-acyl amines	0.998	0.781	0.303
raw	superclass	Fatty amides	NPC superclass: Fatty amides	1169	Untreated	PS	330151.3	330151.3	1514977.73333333	1580650.1	1533767.86666667	1620645.05	1340507.01666667	1190584.4	1670658.31666667	1671671.3	0.000135567939698149	0.995952138235744	0.000210340704640126	NA_[1169_334.31_4.3]	NA	1-(pyrrolidin-1-yl)octadeca-2,4-dien-1-one	[M + H]+	-1	Fatty acids	Fatty amides	Primary amides	1	0.999	0.968
raw	superclass	Fatty amides	NPC superclass: Fatty amides	1348	PS	Untreated	329671.816666667	329671.816666667	1127318.03333333	1013873.6	1024535.08333333	1013873.6	1343545.41666667	1013873.6	1013873.6	1013873.6	0.000135371052490315	0.996087509288234	0.000156517725817084	NA_[1348_512.44_5]	NA	N-Nervonoyl Glutamine	[M + H3N + H]+	-1	Fatty acids	Fatty amides	N-acyl amines	0.999	0.924	0.375
raw	superclass	Fatty amides	NPC superclass: Fatty amides	1148	Untreated	PET	318600.533333333	318600.533333333	1224612.84444444	1013873.6	1013873.6	1013873.6	1327490.8	1013873.6	1332474.13333333	1013873.6	0.000130824921454894	0.996218334209689	0.000170026214210449	NA_[1148_478.42_4.2]	NA	N,N-Bis(2-hydroxyethyl)tetracosanamide	[M + Na]+	24	Fatty acids	Fatty amides	N-acyl ethanolamines (endocannabinoids)	0.997	0.978	0.443
raw	superclass	Fatty amides	NPC superclass: Fatty amides	674	PS	PET	304386.666666667	304386.666666667	7043730.97222222	6765719.75	6871345.33333333	7256745.25	7175732	5977880.25	7084115.58333333	6828159.75	0.000124988371306086	0.996343322580995	0.0009779571695307	NA_[674_523.52_2.6]	NA	N-(2-methylprop-2-enoyl)nonacosanamide	[M + H3N + H]+	-1	Fatty acids	Fatty amides	Ceramides	1	0.95	0.58
raw	superclass	Fatty amides	NPC superclass: Fatty amides	1792	Untreated	PS	303924.983333333	303924.983333333	1497203.02222222	1145283.75	1410736.55	1203806	1388473.76666667	1145283.75	1692398.75	1451645.3	0.000124798793199646	0.996468121374194	0.000207872849715513	NA_[1792_452.46_6.5]	NA	N-[2-(3-methyl-2-undecylimidazolidin-1-yl)ethyl]undecanamide	[M + H]+	-1	Fatty acids	Fatty amides	N-acyl amines	0.985	0.903	0.178
raw	superclass	Fatty amides	NPC superclass: Fatty amides	944	Untreated	PET	303754.533333333	303754.533333333	3257926.41666667	3113225.25	3060293.13333333	3205636.25	3349438.45	3037577.5	3364047.66666667	3365726.75	0.000124728802394455	0.996592850176589	0.000452333075971731	NA_[944_325.32_3.6]	NA	Icosa-2,4-dienamide	[M + H3N + H]+	24	Fatty acids	Fatty amides	Primary amides	0.999	0.997	0.981
raw	superclass	Fatty amides	NPC superclass: Fatty amides	2436	Untreated	PS	271425.566666666	271425.566666666	1365438.9	1430645.3	1369689.43333333	1434895.1	1227600.85	1213294.1	1499026.41666667	1501641.3	0.000111453763333364	0.996704303939922	0.000189578614952386	NA_[2436_520.52_8.1]	NA	3,3-Dimethyl-9-(octadecylamino)-2,4,4a,5,6,7,8,8a,9,9a,10,10a-dodecahydroacridin-10-ium-1-one	[M + H3N + H]+	-1	Fatty acids	Fatty amides	Primary amides	0.984	0.777	0.202
raw	superclass	Fatty amides	NPC superclass: Fatty amides	2343	PS	Untreated	270188.433333333	270188.433333333	1119276.16111111	1013873.6	1059892.85	1013873.6	1284062.03333333	1013873.6	1013873.6	1013873.6	0.000110945767099116	0.996815249707022	0.000155401185928325	NA_[2343_609.63_7.9]	NA	38-Isocyanatooctatriacontan-1-ol	[M + H3N + H]+	57	Fatty acids	Fatty amides	N-acyl amines	0.999	0.961	0.447
raw	superclass	Fatty amides	NPC superclass: Fatty amides	875	PS	PET	268716.3	268716.3	3012349.06111111	2984051.75	2851620.31666667	2996708.5	3120336.61666667	2724659.9	3065090.25	3225298.65	0.000110341274301539	0.996925590981323	0.000418236922031857	NA_[875_591.58_3.4]	NA	3-(Hexadec-2-enyl)-1-octadecylpyrrolidine-2,5-dione	[M + H3N + H]+	99	Fatty acids	Fatty amides	N-acyl ethanolamines (endocannabinoids)	1	0.987	0.536
raw	superclass	Fatty amides	NPC superclass: Fatty amides	2278	PS	PET	256823.416666667	256823.416666667	3668909.61111111	3801763.7	3498539.56666667	3666537.35	3755362.98333333	4003753.6	3752826.28333333	3434625.6	0.000105457774855768	0.997031048756179	0.000509394307178404	NA_[2278_396.42_7.7]	NA	hexacosanamide	[M + H]+	142	Fatty acids	Fatty amides	Primary amides	1	0.999	0.867
raw	superclass	Fatty amides	NPC superclass: Fatty amides	935	PS	PET	252654.266666667	252654.266666667	1098091.68888889	1013873.6	1013873.6	1013873.6	1266527.86666667	1013873.6	1013873.6	1013873.6	0.000103745823166368	0.997134794579345	0.000152459917078884	NA_[935_469.44_3.5]	NA	Tricosyl 5-oxopyrrolidine-2-carboxylate	[M + H3N + H]+	355	Fatty acids	Fatty amides	N-acyl ethanolamines (endocannabinoids)	0.999	0.916	0.409
raw	superclass	Fatty amides	NPC superclass: Fatty amides	3133	PET	Untreated	251821.666666667	251821.666666667	2501896.29444444	2795334.15	2636043.95	2858708.75	2485422.65	2897564	2384222.28333333	2368233.35	0.000103403937895607	0.997238198517241	0.00034736525688208	NA_[3133_646.66_10]	NA	Octadecanamide, N,N'-(iminodi-3,1-propanediyl)bis-	[M - H2O + H]+	-1	Fatty acids	Fatty amides	N-acyl amines	1	0.99	0.842
raw	superclass	Fatty amides	NPC superclass: Fatty amides	2664	PET	PS	249862.233333333	249862.233333333	1097161.01111111	1013873.6	1263735.83333333	1013873.6	1013873.6	1013873.6	1013873.6	1013873.6	0.000102599348181813	0.997340797865423	0.000152330701041404	NA_[2664_536.55_8.8]	NA	N,N-Bis[1-(tetradecylamino)ethyl]glycine	[M - H2O + H]+	-1	Fatty acids	Fatty amides	N-acyl amines	0.993	0.748	0.143
raw	superclass	Fatty amides	NPC superclass: Fatty amides	3151	PET	PS	248626.733333333	248626.733333333	1096749.17777778	1013873.6	1262500.33333333	1013873.6	1013873.6	1013873.6	1013873.6	1013873.6	0.000102092022632899	0.997442889888056	0.000152273521776243	NA_[3151_594.63_10.1]	NA	2,2-Bis[[(Z)-9-octadecenyl]amino]ethanol	[M + H3N + H]+	225	Fatty acids	Fatty amides	N-acyl ethanolamines (endocannabinoids)	0.989	0.817	0.253
raw	superclass	Fatty amides	NPC superclass: Fatty amides	678	Untreated	PET	240307.383333333	240307.383333333	1187714.59444444	1013873.6	1052501.7	1013873.6	1217833	1013873.6	1292809.08333333	1341784.85	9.86759005727168e-05	0.997541565788628	0.000164903232047595	NA_[678_561.54_2.7]	NA	(Z)-N-[4-[[(Z)-hexadec-9-enoyl]amino]butyl]hexadec-9-enamide	[M + H]+	99	Fatty acids	Fatty amides	N-acyl amines	1	0.999	0.898
raw	superclass	Fatty amides	NPC superclass: Fatty amides	646	Untreated	PET	232722.583333333	232722.583333333	1157612.37222222	1013873.6	1013873.6	1013873.6	1212367.33333333	1013873.6	1246596.18333333	1013873.6	9.55614021320851e-05	0.99763712719076	0.000160723815747182	NA_[646_302.25_2.5]	NA	Octadecadienamide	[M + Na]+	-1	Fatty acids	Fatty amides	Primary amides	1	0.999	1
raw	superclass	Fatty amides	NPC superclass: Fatty amides	2559	PET	Untreated	231630.416666667	231630.416666667	2495004.02222222	2684459.15	2625348.4	2768661.4	2465945.68333333	2639812.5	2393717.98333333	2416051.25	9.5112932643075e-05	0.997732240123403	0.000346408328364983	NA_[2559_635.65_8.5]	NA	Bis[1-(dibutylamino)dodecyl] carbonate	[M - H2O + H]+	561	Fatty acids	Fatty amides	N-acyl ethanolamines (endocannabinoids)	0.998	0.807	0.339
raw	superclass	Fatty amides	NPC superclass: Fatty amides	2039	Untreated	PET	227424.983333333	227424.983333333	1089681.92777778	1013873.6	1013873.6	1013873.6	1013873.6	1013873.6	1241298.58333333	1013873.6	9.33860821580462e-05	0.997825626205561	0.000151292299206326	NA_[2039_564.58_7.1]	NA	1-Aminooctadecoxy-(octadecylamino)-oxoazanium	[M - H2O + H]+	-1	Fatty acids	Fatty amides	N-acyl amines	0.999	0.851	0.319
raw	superclass	Fatty amides	NPC superclass: Fatty amides	1054	PS	PET	226724.233333333	226724.233333333	1099975.82222222	1013873.6	1013873.6	1013873.6	1240597.83333333	1013873.6	1045456.03333333	1013873.6	9.30983376186684e-05	0.99791872454318	0.000152721511638493	(13Z,16Z)-docosadienoylcarnitine_[1054_497.43_3.9]	(13Z,16Z)-docosadienoylcarnitine	(13Z,16Z)-docosadienoylcarnitine	[M + H3N + H]+	-1	Fatty acids	Fatty amides	N-acyl amines	1	0.944	0.598
raw	superclass	Fatty amides	NPC superclass: Fatty amides	3115	PET	PS	204427.016666667	204427.016666667	1582608.27222222	1672259.85	1712501.56666667	1747897	1508074.55	1665670.55	1527248.7	1541629.15	8.39425725966824e-05	0.998002667115777	0.000219730582056859	NA_[3115_632.65_9.9]	NA	N,N'-[Methyliminobis(ethylene)]bis(octadecanamide)	[M - H2O + H]+	-1	Fatty acids	Fatty amides	N-acyl amines	0.988	0.952	0.619
raw	superclass	Fatty amides	NPC superclass: Fatty amides	1253	Untreated	PS	202383	202383	2852154.85555556	2912833.3	2852580.86666667	3004600	2750750.35	2760767.4	2953133.35	2947345.65	8.31032509638169e-05	0.998085770366741	0.000395995432051881	NA_[1253_455.46_4.6]	NA	N-tetradecanoyltetradecanamide	[M + H3N + H]+	57	Fatty acids	Fatty amides	N-acyl ethanolamines (endocannabinoids)	0.996	0.958	0.929
raw	superclass	Fatty amides	NPC superclass: Fatty amides	1571	Untreated	PET	201694.333333333	201694.333333333	1986690.15	1983913.7	1916802.43333333	2122098.7	1924771.25	1956054.25	2118496.76666667	1946342.05	8.28204681271635e-05	0.998168590834868	0.000275833629008627	NA_[1571_407.4_5.9]	NA	N-(2-methylpropyl)docosa-2,4,10-trienamide	[M + H3N + H]+	154	Fatty acids	Fatty amides	Primary amides	0.999	0.985	0.638
raw	superclass	Fatty amides	NPC superclass: Fatty amides	2869	PET	PS	199526.566666667	199526.566666667	1367843.15555556	1051311.85	1455129.83333333	1267496.25	1255603.26666667	1095934.7	1392796.36666667	1051311.85	8.19303318146719e-05	0.998250521166682	0.000189912423691989	NA_[2869_593.63_9.2]	NA	N-[3-(Octadecylamino)propyl]octadecanamide	[M + H]+	57	Fatty acids	Fatty amides	N-acyl amines	0.996	0.999	0.955
raw	superclass	Fatty amides	NPC superclass: Fatty amides	3458	PET	Untreated	198216.75	198216.75	1422692.38333333	1533611.7	1535157.23333333	1738750.5	1395979.43333333	1478475.55	1336940.48333333	1273272.5	8.13924900830709e-05	0.998331913656765	0.000197527733782627	NA_[3458_702.75_11.6]	NA	2-[(E)-hexadec-7-enyl]dotriacontanamide	[M + H]+	619	Fatty acids	Fatty amides	Primary amides	0.986	0.931	0.468
raw	superclass	Fatty amides	NPC superclass: Fatty amides	831	Untreated	PET	193746.416666667	193746.416666667	1626592.82777778	1548909.25	1508930.13333333	1541705	1668171.8	1280913.25	1702676.55	1798954.1	7.95568653868667e-05	0.998411470522152	0.000225837432478009	NA_[831_615.58_3.2]	NA	(E)-1-[1-[(E)-octadec-9-enoyl]-2,5-dihydropyrrol-2-yl]octadec-9-en-1-one	[M + H3N + H]+	99	Fatty acids	Fatty amides	N-acyl ethanolamines (endocannabinoids)	0.998	0.952	0.236
raw	superclass	Fatty amides	NPC superclass: Fatty amides	659	PET	PS	191607.516666667	191607.516666667	2956598.82222222	3031812	3037715.83333333	3075025.7	2846108.31666667	2878264.1	2985972.31666667	2979466.65	7.86785824110904e-05	0.998490149104563	0.000410496514847164	NA_[659_397.38_2.5]	NA	Octadecanamide, N-[2-[bis(2-hydroxyethyl)amino]ethyl]-	[M - H2O + H]+	102	Fatty acids	Fatty amides	N-acyl ethanolamines (endocannabinoids)	1	0.953	0.699
raw	superclass	Fatty amides	NPC superclass: Fatty amides	1504	PS	Untreated	190010.3	190010.3	1163408.07777778	1013873.6	1128457.46666667	1013873.6	1275888.53333333	1013873.6	1085878.23333333	1013873.6	7.80227274356548e-05	0.998568171831999	0.00016152849608249	NA_[1504_424.41_5.6]	NA	NA	[M - H2O + H]+	130	Fatty acids	Fatty amides	N-acyl ethanolamines (endocannabinoids)	0.999	0.929	0.333
raw	superclass	Fatty amides	NPC superclass: Fatty amides	969	PS	PET	186289.1	186289.1	1687062.58333333	1532563.9	1579563.28333333	1584159.75	1765852.38333333	1375158.3	1715772.08333333	1684593.75	7.64947146209097e-05	0.99864466654662	0.000234233101082976	NA_[969_563.55_3.6]	NA	N-octadec-9-enoyloctadec-9-enamide	[M + H3N + H]+	99	Fatty acids	Fatty amides	Primary amides	1	0.986	0.524
raw	superclass	Fatty amides	NPC superclass: Fatty amides	2591	PET	PS	183988.533333333	183988.533333333	1075203.11111111	1013873.6	1197862.13333333	1013873.6	1013873.6	1013873.6	1013873.6	1013873.6	7.55500474845446e-05	0.998720216594104	0.000149282048868639	NA_[2591_424.45_8.5]	NA	1-(1-Hydroxydecylamino)octadecan-1-ol	[M - H2O + H]+	92	Fatty acids	Fatty amides	N-acyl amines	1	0.997	0.757
raw	superclass	Fatty amides	NPC superclass: Fatty amides	1164	PS	PET	179073.15	179073.15	1073564.65	1013873.6	1013873.6	1013873.6	1192946.75	1013873.6	1013873.6	1013873.6	7.35316747223394e-05	0.998793748268827	0.000149054563634333	NA_[1164_454.4_4.3]	NA	N-[3-[2-[2-(3-aminopropoxy)ethoxy]ethoxy]propyl]hexadeca-1,3-diyn-1-amine	[M + H3N + H]+	-1	Fatty acids	Fatty amides	N-acyl ethanolamines (endocannabinoids)	1	0.897	0.424
raw	superclass	Fatty amides	NPC superclass: Fatty amides	1782	Untreated	PET	173863.233333333	173863.233333333	3298655.87777778	3224814.85	3185357.76666667	3341558.85	3351388.86666667	2989877.5	3359221	3377544.35	7.13923596007602e-05	0.998865140628428	0.000457987986510168	NA_[1782_515.49_6.5]	NA	N-[3-(pentadecanoylamino)cyclopropen-1-yl]hexadecanamide	[M - H2O + H]+	70	Fatty acids	Fatty amides	N-acyl amines	1	0.904	0.659
raw	superclass	Fatty amides	NPC superclass: Fatty amides	1609	PS	PET	172959.216666666	172959.216666666	3025943.99444444	2935852.9	2920620.08333333	2997533.5	3093579.3	3047338	3063632.6	2847269.75	7.10211489559654e-05	0.998936161777384	0.000420124453309678	Tricosanoyl-EA_[1609_380.39_6]	Tricosanoyl-EA	NA	[M - H2O + H]+	-1	Fatty acids	Fatty amides	N-acyl amines	1	0.98	0.599
raw	superclass	Fatty amides	NPC superclass: Fatty amides	1271	PET	Untreated	164547.2	164547.2	1119652.82222222	1013873.6	1209566.63333333	1013873.6	1104372.4	1013873.6	1045019.43333333	1013873.6	6.75669757686829e-05	0.999003728753152	0.000155453481854383	NA_[1271_514.46_4.6]	NA	methyl (2S)-3-methyl-2-[[(2R)-3-methyl-2-(octadecanoylamino)butanoyl]amino]butanoate	[M + H3N + H]+	-1	Fatty acids	Fatty amides	N-acyl amines	0.992	0.815	0.169
raw	superclass	Fatty amides	NPC superclass: Fatty amides	513	Untreated	PS	156011.516666667	156011.516666667	4479338.37777778	4645599.5	4498537.55	4581490.5	4391733.03333333	4874260	4547744.55	4522930.25	6.40620221204137e-05	0.999067790775273	0.000621914877012936	N-octadecanoylglycinate_[513_359.33_1.9]	N-octadecanoylglycinate	Stearoylglycine	[M + H3N + H]+	21	Fatty acids	Fatty amides	N-acyl ethanolamines (endocannabinoids)	0.999	0.993	0.935
raw	superclass	Fatty amides	NPC superclass: Fatty amides	897	Untreated	PET	152353.383333333	152353.383333333	1064658.06111111	1013873.6	1013873.6	1013873.6	1013873.6	1013873.6	1166226.98333333	1013873.6	6.25599059720263e-05	0.999130350681245	0.000147817965800841	NA_[897_348.29_3.4]	NA	(E)-N-(2-Hydroxyethyl)-6-octadeceneamide	[M + Na]+	-1	Fatty acids	Fatty amides	N-acyl ethanolamines (endocannabinoids)	1	0.983	0.827
raw	superclass	Fatty amides	NPC superclass: Fatty amides	2920	PS	PET	146154.666666667	146154.666666667	1693447.6	1588113.05	1605471	1501439.6	1751625.66666667	1679587.05	1723246.13333333	1547173.7	6.00145661618466e-05	0.999190365247407	0.000235119601838239	N-octodecanoylsphinganine_[2920_568.57_9.3]	N-octodecanoylsphinganine	N-Octodecanoylsphinganine	[M + H]+	21	Fatty acids	Fatty amides	N-acyl amines	1	0.981	0.697
raw	superclass	Fatty amides	NPC superclass: Fatty amides	1217	Untreated	PET	145396.966666667	145396.966666667	1471889.84444444	1457806.4	1403981.35	1464790.75	1462309.86666667	1374019.65	1549378.31666667	1472285	5.97034366042489e-05	0.999250068684011	0.000204358348126936	C20 sphingosine_[1217_310.31_4.4]	C20 sphingosine	C20 Sphingosine	[M - H2O + H]+	-1	Fatty acids	Fatty amides	Sphingoid bases	0.993	0.905	0.674
raw	superclass	Fatty amides	NPC superclass: Fatty amides	1057	PS	PET	141810	141810	1075539.45555556	1013873.6	1013873.6	1013873.6	1155683.6	1013873.6	1057061.16666667	1013873.6	5.82305431739765e-05	0.999308299227185	0.000149328747196865	NA_[1057_510.43_3.9]	NA	3-(Cholamidopropyl)-1,1-dimethamine	[M + H3N + H]+	-1	Fatty acids	Fatty amides	N-acyl amines	0.998	0.876	0.461
raw	superclass	Fatty amides	NPC superclass: Fatty amides	971	PS	PET	138520.133333333	138520.133333333	1060046.97777778	1013873.6	1013873.6	1013873.6	1152393.73333333	1013873.6	1013873.6	1013873.6	5.6879646037174e-05	0.999365178873222	0.00014717775935018	NA_[971_469.44_3.6]	NA	12-hydroxy-N-[2-(octanoylamino)ethyl]octadecanamide	[M + H]+	355	Fatty acids	Fatty amides	N-acyl amines	1	0.968	0.63
raw	superclass	Fatty amides	NPC superclass: Fatty amides	2503	Untreated	PS	124324.766666667	124324.766666667	1264828.6	1302964.05	1275855.9	1286974.5	1197152.56666667	1223807.8	1321477.33333333	1356826.35	5.10506924263301e-05	0.999416229565648	0.000175609801463958	NA_[2503_534.54_8.3]	NA	Dimethyl-bis[2-(tetradecanoylamino)ethyl]azanium	[M - H2O + H]+	-1	Fatty acids	Fatty amides	N-acyl amines	0.994	0.84	0.283
raw	superclass	Fatty amides	NPC superclass: Fatty amides	1945	Untreated	PS	123650.583333333	123650.583333333	1878099.86666667	1771068.65	1888139.51666667	1771068.65	1811254.75	1607827.2	1934905.33333333	1909384	5.07738567892183e-05	0.999467003422438	0.000260756868333638	NA_[1945_607.61_6.8]	NA	(Z)-N-[(Z)-4-hydroxynonadec-5-en-3-yl]icos-11-enamide	[M + H3N + H]+	57	Fatty acids	Fatty amides	N-acyl ethanolamines (endocannabinoids)	0.999	0.938	0.542
raw	superclass	Fatty amides	NPC superclass: Fatty amides	1161	PET	PS	120387.066666667	120387.066666667	1339297.60555556	1397698.8	1393251.43333333	1477128.9	1272864.36666667	1174218.05	1351777.01666667	1233294.05	4.94337795862189e-05	0.999516437202024	0.000185949136991973	NA_[1161_441.44_4.2]	NA	3-(docosanoylamino)-N,N-dimethylpropan-1-amine oxide	[M + H]+	57	Fatty acids	Fatty amides	N-acyl amines	1	0.998	0.758
raw	superclass	Fatty amides	NPC superclass: Fatty amides	566	Untreated	PS	118627.383333333	118627.383333333	1563759.11666667	1575478.95	1539041.6	1595450.9	1516804.18333333	1458788.85	1635431.56666667	1655365.8	4.87112119512553e-05	0.999565148413975	0.000217113550417257	NA_[566_483.49_2.2]	NA	Amphiphile, XVI	[M + H]+	-1	Fatty acids	Fatty amides	N-acyl ethanolamines (endocannabinoids)	1	0.996	0.931
raw	superclass	Fatty amides	NPC superclass: Fatty amides	1813	Untreated	PS	115255.483333333	115255.483333333	1181101.88333333	1013873.6	1143417.23333333	1013873.6	1142316.46666667	1013873.6	1257571.95	1013873.6	4.73266299857499e-05	0.999612475043961	0.000163985118015891	NA_[1813_552.55_6.5]	NA	NA	[M + H3N + H]+	-1	Fatty acids	Fatty amides	N-acyl ethanolamines (endocannabinoids)	0.998	0.858	0.4
raw	superclass	Fatty amides	NPC superclass: Fatty amides	2427	Untreated	PET	112638.266666667	112638.266666667	1051419.68888889	1013873.6	1013873.6	1013873.6	1013873.6	1013873.6	1126511.86666667	1013873.6	4.62519388630929e-05	0.999658726982824	0.000145979939749208	NA_[2427_503.32_8.1]	NA	H-Ala-Asp-Ala-Ile-Ile-al	[M + H3N + H]+	8	Fatty acids	Fatty amides	N-acyl amines	0.933	0.877	0.505
raw	superclass	Fatty amides	NPC superclass: Fatty amides	1798	PS	PET	111885.016666667	111885.016666667	2917300.33333333	2911020.1	2855884.53333333	3001495.1	2967769.55	3000839.4	2928246.91666667	2807213.3	4.59426365808434e-05	0.999704669619405	0.000405040281621878	NA_[1798_368.39_6.5]	NA	Tetracosanimidate	[M + H]+	58	Fatty acids	Fatty amides	Primary amides	0.999	0.999	0.819
raw	superclass	Fatty amides	NPC superclass: Fatty amides	1214	Untreated	PET	111881.416666667	111881.416666667	1051167.40555556	1013873.6	1013873.6	1013873.6	1013873.6	1013873.6	1125755.01666667	1013873.6	4.59411583356179e-05	0.99975061077774	0.000145944912532018	NA_[1214_544.47_4.4]	NA	2-[3-[3-[(2-Aminopiperidin-1-ium-4-yl)methyl]-1-hydroxycyclopentyl]-1-hydroxypropyl]-9-hydroxyhexadecanoate	[M + H3N + H]+	-1	Fatty acids	Fatty amides	N-acyl amines	0.998	0.713	0.2
raw	superclass	Fatty amides	NPC superclass: Fatty amides	1133	Untreated	PET	105996.333333333	105996.333333333	1236737.35555556	1075618.3	1166714.88333333	1121812.1	1270785.96666667	1013873.6	1272711.21666667	1201093.6	4.3524603796981e-05	0.999794135381537	0.000171709590905971	NA_[1133_519.53_4.1]	NA	Hexadecanamide, N,N'-1,2-ethanediylbis-	[M - H2O + H]+	70	Fatty acids	Fatty amides	N-acyl amines	1	0.995	0.712
raw	superclass	Fatty amides	NPC superclass: Fatty amides	3338	PET	PS	104204.733333333	104204.733333333	1048608.51111111	1013873.6	1118078.33333333	1013873.6	1013873.6	1013873.6	1013873.6	1013873.6	4.27889304230968e-05	0.99983692431196	0.000145589633606988	NA_[3338_593.63_10.9]	NA	2-heptadecyl-N-prop-1-en-2-ylnonadecanamide	[M + H3N + H]+	57	Fatty acids	Fatty amides	N-acyl amines	1	0.997	0.618
raw	superclass	Fatty amides	NPC superclass: Fatty amides	701	PET	Untreated	88882.6666666667	88882.6666666667	1587288.55	1526730.3	1638277.16666667	1439733.05	1574193.98333333	1561226.9	1549394.5	1482566	3.6497327119043e-05	0.999873421639079	0.000220380395518819	NA_[701_314.27_2.7]	NA	N-Pentadecanoylsarcosine	[M + H]+	-1	Fatty acids	Fatty amides	N-acyl amines	0.998	0.997	0.981
raw	superclass	Fatty amides	NPC superclass: Fatty amides	1696	PS	Untreated	63917.2666666666	63917.2666666666	3684934.36666667	3713465.9	3675238.13333333	3999743.5	3721741.11666667	3623263.3	3657823.85	3587309.5	2.62459428544947e-05	0.999899667581934	0.000511619196892014	NA_[1696_826.68_6.2]	NA	1-[3,5-Bis[3-(3,5-ditert-butylcyclohexa-1,5-dien-1-yl)propanoyl]-1,3,5-triazinan-1-yl]-3-(3,5-ditert-butylcyclohexa-1,5-dien-1-yl)propan-1-one	[M + H]+	282	Fatty acids	Fatty amides	N-acyl amines	0.994	0.903	0.558
raw	superclass	Fatty amides	NPC superclass: Fatty amides	2501	PET	Untreated	63276.2833333337	63276.2833333337	2308772.55	2338265.75	2331081.35	2535715.65	2327431.23333333	2455888.5	2267805.06666667	2165568.3	2.59827399233513e-05	0.999925650321857	0.000320551803723395	NA_[2501_575.55_8.3]	NA	(6Z,9Z,28Z,31Z)-19-nitrosoheptatriaconta-6,9,28,31-tetraen-19-ol	[M + H3N + H]+	99	Fatty acids	Fatty amides	Primary amides	1	0.992	0.483
raw	superclass	Fatty amides	NPC superclass: Fatty amides	745	PS	PET	58355.25	58355.25	1522738.23888889	1013873.6	1502719.81666667	1277584.3	1561075.06666667	1013873.6	1504419.83333333	1013873.6	2.39620471373894e-05	0.999949612368995	0.000211418179358733	NA_[745_408.29_2.9]	NA	2-(Hexadecylthio)ethyl nicotinate	[M + H]+	-1	Fatty acids	Fatty amides	Primary amides	1	0.894	0.259
raw	superclass	Fatty amides	NPC superclass: Fatty amides	1640	PET	PS	44851.2166666666	44851.2166666666	1399163.76111111	1403997.5	1425979.2	1417287.05	1381127.98333333	1423867.7	1390384.1	1370882.25	1.84169713596622e-05	0.999968029340354	0.000194261001296371	NA_[1640_561.53_6.1]	NA	1-(5-decanoyl-4-nonyl-1,4-dihydropyridin-3-yl)dodecan-1-one	[M + H3N + H]+	-1	Fatty acids	Fatty amides	N-acyl ethanolamines (endocannabinoids)	0.994	0.858	0.192
raw	superclass	Fatty amides	NPC superclass: Fatty amides	1710	PET	PS	42895	42895	2141545.54444444	2110193.4	2156744.15	2195398.75	2113849.15	1969630.3	2154043.33333333	2113546	1.76137024853517e-05	0.99998564304284	0.000297333874238702	NA_[1710_488.46_6.3]	NA	N-[2-(5-methyl-3a,4-dihydro-1H-indol-3-yl)ethyl]icosanamide	[M + H3N + H]+	-1	Fatty acids	Fatty amides	N-acyl amines	0.987	0.948	0.253
raw	superclass	Fatty amides	NPC superclass: Fatty amides	1479	PS	PET	34963.7833333334	34963.7833333334	1330257.10555556	1337300.75	1310319.65	1363759.25	1345283.43333333	1320698	1335168.23333333	1277017.7	1.43569571604064e-05	1	0.000184693946834086	NA_[1479_559.52_5.6]	NA	Hexadecanamide, N,N'-1,2-ethanediylbis-	[M + Na]+	-1	Fatty acids	Fatty amides	N-acyl amines	1	0.967	0.543
raw	superclass	Fatty amides	NPC superclass: Fatty amides	2909	PET	PET	0	0	1013873.6	1013873.6	1013873.6	1013873.6	1013873.6	1013873.6	1013873.6	1013873.6	0	1	0.000140767011123522	NA_[2909_509.35_9.3]	NA	NA	[M + K]+	39	Fatty acids	Fatty amides	N-acyl amines	0.997	0.947	0.223
raw	superclass	Fatty amides	NPC superclass: Fatty amides	3154	PET	PET	0	0	1013873.6	1013873.6	1013873.6	1013873.6	1013873.6	1013873.6	1013873.6	1013873.6	0	1	0.000140767011123522	NA_[3154_424.45_10.1]	NA	Octacosanamide	[M + H]+	92	Fatty acids	Fatty amides	Primary amides	0.999	0.999	0.776
raw	superclass	Fatty amides	NPC superclass: Fatty amides	3287	PET	PET	0	0	1013873.6	1013873.6	1013873.6	1013873.6	1013873.6	1013873.6	1013873.6	1013873.6	0	1	0.000140767011123522	NA_[3287_508.54_10.7]	NA	1-(Dihexadecylamino)ethane-1,1-diol	[M - H2O + H]+	86	Fatty acids	Fatty amides	N-acyl amines	1	0.97	0.695
raw	superclass	Fatty amides	NPC superclass: Fatty amides	3480	PET	PET	0	0	1013873.6	1013873.6	1013873.6	1013873.6	1013873.6	1013873.6	1013873.6	1013873.6	0	1	0.000140767011123522	NA_[3480_508.55_11.8]	NA	1-(Dihexadecylamino)ethane-1,1-diol	[M - H2O + H]+	86	Fatty acids	Fatty amides	N-acyl amines	1	0.962	0.581
