CLUSTERID1	CLUSTERID2	ComponentIndex	Cosine	DeltaMZ
1422	1839	1	0.8055	-42.045
1627	1839	1	0.907	-14.016
1839	2221	1	0.8333	-26.027
1839	2227	1	0.866	-27.030
1839	2369	1	0.7713	-42.048
1839	2652	1	0.8039	-26.026
1144	1839	1	0.8067	-71.081
1145	1839	1	0.8812	-70.078
1422	2369	1	0.7355	-84.092
1627	2369	1	0.7535	-56.064
1144	2369	1	0.7255	-113.128
1145	2369	1	0.763	-112.125
2052	2227	1	0.8838	-14.016
2221	2652	1	0.9285	0.000
1422	1627	1	0.8159	-28.029
1144	1422	1	0.7663	-29.036
1145	1422	1	0.8191	-28.033
1144	1145	1	0.928	-1.003
1144	1627	1	0.7925	-57.065
1144	1628	1	0.9354	-56.062
1145	1627	1	0.8767	-56.062
1627	2052	1	0.8925	-27.029
1628	2052	1	0.9162	-28.032
1627	1628	1	0.9665	1.003
2929	2983	2	0.7678	0.001
2929	3051	2	0.7746	0.000
2929	3205	2	0.7165	0.000
1457	2929	2	0.7037	-0.000
790	2929	2	0.8045	-0.000
2982	3051	2	0.7685	-99.993
2983	3051	2	0.7583	-0.001
3051	3205	2	0.7109	-0.000
1457	3051	2	0.7357	0.000
790	3051	2	0.7621	0.000
790	1457	2	0.7024	0.000
2983	3205	2	0.7074	-0.001
2982	2983	2	0.7357	-99.992
790	2983	2	0.8042	0.001
790	2822	2	0.7153	99.992
790	2982	2	0.7213	99.993
2822	2982	2	0.8193	0.000
193	361	3	0.8869	0.027
193	482	3	0.8886	-44.026
193	564	3	0.9169	-1.003
147	523	3	0.9356	17.007
215	523	3	0.9005	-0.019
358	523	3	0.8788	-0.019
523	1648	3	0.8816	-17.007
153	357	3	0.9703	-0.001
268	357	3	0.9711	-0.000
270	357	3	0.871	1.003
357	525	3	0.952	0.000
357	690	3	0.889	-28.031
357	773	3	0.9862	-0.000
357	887	3	0.9804	0.000
357	987	3	0.904	-56.062
357	1126	3	0.9768	0.000
357	1210	3	0.9756	0.000
1246	1321	3	0.9549	-0.000
267	1246	3	0.9443	-14.016
366	1246	3	0.9321	-14.016
605	1246	3	0.9807	0.000
361	426	3	0.9047	-1.011
361	1300	3	0.9025	-0.027
426	1029	3	0.8504	-0.019
564	1029	3	0.8501	-0.000
1029	1203	3	0.9035	0.000
205	267	3	0.9502	-14.016
267	366	3	0.9812	0.000
267	461	3	0.966	14.016
267	585	3	0.9485	-42.047
267	776	3	0.9182	-42.046
267	825	3	0.935	-42.047
267	1300	3	0.9302	-14.016
284	354	3	0.8624	-14.016
354	404	3	0.8746	-14.015
354	507	3	0.9608	-0.072
354	1483	3	0.9083	0.000
354	1821	3	0.9	0.000
154	524	3	0.9245	-0.000
271	524	3	0.9517	0.000
371	524	3	0.8753	0.000
524	689	3	0.8734	-28.031
317	520	3	0.8628	2.016
372	520	3	0.9382	0.000
440	520	3	0.8251	2.016
520	552	3	0.854	24.000
520	608	3	0.8866	-2.016
520	679	3	0.8353	-87.068
293	318	3	0.9499	-28.013
315	318	3	0.9611	0.018
318	444	3	0.9893	-0.018
318	605	3	0.9429	-0.018
318	1030	3	0.9621	-0.018
318	1202	3	0.9863	-0.018
318	1321	3	0.9567	-0.018
318	1391	3	0.9841	-0.018
318	1432	3	0.9599	-0.018
318	1649	3	0.9641	-0.018
153	1126	3	0.9478	-0.001
268	1126	3	0.9494	0.000
377	1126	3	0.9175	28.031
525	1126	3	0.9284	0.000
690	1126	3	0.9419	28.031
773	1126	3	0.9739	0.001
887	1126	3	0.9662	0.000
987	1126	3	0.9051	56.062
1126	1210	3	0.9968	0.000
294	404	3	0.8519	-14.024
294	482	3	0.8592	-28.039
404	507	3	0.8854	13.943
404	1648	3	0.8792	14.016
1202	1432	3	0.9604	0.000
1391	1432	3	0.9619	0.000
1432	1649	3	0.9542	0.000
293	1432	3	0.9453	-28.031
315	1432	3	0.9946	0.000
444	1432	3	0.9614	0.000
457	1432	3	0.926	28.031
585	1432	3	0.9541	28.031
825	1432	3	0.936	28.031
147	215	3	0.8935	17.026
147	221	3	0.9112	-0.000
147	772	3	0.9212	-0.000
147	1207	3	0.9577	-0.000
147	1451	3	0.9093	-0.000
147	1483	3	0.9129	-0.000
147	1648	3	0.92	-0.000
147	1821	3	0.9015	-0.000
221	507	3	0.9169	-0.073
284	507	3	0.8801	-14.089
507	772	3	0.9302	0.073
507	1207	3	0.9077	0.073
507	1451	3	0.9105	0.073
507	1483	3	0.9059	0.073
507	1821	3	0.9031	0.073
1202	1649	3	0.9537	0.000
1321	1649	3	0.9589	0.000
1391	1649	3	0.9538	0.000
315	1649	3	0.9545	0.000
444	1649	3	0.9596	0.000
457	1649	3	0.9489	28.031
585	1649	3	0.9541	28.031
1030	1649	3	0.9584	0.000
297	764	3	0.8483	29.975
317	764	3	0.9325	-2.015
375	764	3	0.9087	-14.015
440	764	3	0.9253	-2.015
552	764	3	0.9754	-28.031
608	764	3	0.8964	-2.015
640	764	3	0.845	3.995
689	764	3	0.8674	42.011
1207	1451	3	0.9403	-0.000
1207	1483	3	0.9577	-0.000
1207	1648	3	0.9251	0.000
1207	1821	3	0.9484	-0.000
215	1207	3	0.9082	-17.026
221	1207	3	0.9523	0.000
358	1207	3	0.9205	-17.026
772	1207	3	0.9669	-0.000
317	608	3	0.9551	0.000
372	608	3	0.8862	-2.016
375	608	3	0.8907	-12.000
440	608	3	0.9526	0.000
608	1287	3	0.8524	-18.011
640	1042	3	0.9311	-42.047
761	1042	3	0.9459	-28.031
876	1042	3	0.8409	-14.015
317	372	3	0.8786	2.016
372	440	3	0.8359	-2.016
372	552	3	0.8734	24.000
372	679	3	0.8766	-87.068
315	825	3	0.9364	-28.031
366	825	3	0.9218	-42.047
776	825	3	0.9555	-0.001
154	271	3	0.9754	-0.000
271	371	3	0.8417	-0.000
271	689	3	0.8354	-28.031
215	221	3	0.9144	-17.026
221	358	3	0.9144	17.026
221	772	3	0.9557	0.000
221	1451	3	0.937	-0.000
221	1483	3	0.9478	-0.000
221	1648	3	0.9277	0.000
221	1821	3	0.9578	-0.000
1202	1321	3	0.9449	-0.000
1202	1391	3	0.9833	0.000
293	1202	3	0.9395	-28.031
315	1202	3	0.9613	0.000
444	1202	3	0.9932	0.000
605	1202	3	0.9369	0.000
1030	1202	3	0.9568	0.000
497	564	3	0.8357	-1.104
497	1493	3	0.8939	-0.101
153	952	3	0.8667	-56.063
377	952	3	0.8972	-28.031
690	952	3	0.8864	-28.031
952	2482	3	0.8691	70.042
640	876	3	0.8645	-28.032
761	876	3	0.8557	-14.016
215	358	3	0.9019	-0.001
358	362	3	0.9323	-0.018
358	772	3	0.918	-17.026
358	1451	3	0.9112	-17.026
358	1483	3	0.9091	-17.026
358	1821	3	0.926	-17.026
215	362	3	0.9055	-0.019
215	772	3	0.8994	-17.026
215	1451	3	0.8874	-17.026
215	1648	3	0.9236	-17.026
154	689	3	0.9082	-28.031
297	689	3	0.8791	-12.036
371	689	3	0.863	-28.031
375	689	3	0.8469	-56.026
552	689	3	0.8579	-70.042
640	689	3	0.8385	-38.015
207	292	3	0.9586	0.000
207	316	3	0.9093	-28.031
207	438	3	0.916	-28.031
207	609	3	0.8646	-28.031
207	1028	3	0.9149	-28.031
207	1287	3	0.9135	-28.031
207	1388	3	0.8677	-28.031
292	1028	3	0.9111	-28.031
316	1028	3	0.9612	0.000
317	1028	3	0.8286	-18.010
438	1028	3	0.9183	0.000
609	1028	3	0.8777	0.000
640	1028	3	0.8797	-12.000
1028	1287	3	0.9313	0.000
1028	1388	3	0.9242	0.000
317	440	3	0.9963	0.000
375	440	3	0.9036	-12.000
440	1287	3	0.8597	-18.010
366	776	3	0.9194	-42.046
1321	1391	3	0.9526	0.000
293	1391	3	0.9524	-28.031
315	1391	3	0.9619	0.000
444	1391	3	0.9858	0.000
605	1391	3	0.9436	0.000
1030	1391	3	0.9581	0.000
205	366	3	0.9608	-14.016
205	461	3	0.9851	-0.000
205	1300	3	0.9092	-28.031
292	316	3	0.8782	-28.031
316	438	3	0.9542	0.000
316	609	3	0.9071	0.000
316	640	3	0.8957	12.000
316	826	3	0.8866	-28.031
316	1287	3	0.9009	0.000
316	1388	3	0.9628	0.000
1451	1821	3	0.9327	0.000
1483	1821	3	0.9659	0.000
1648	1821	3	0.922	-0.000
772	1821	3	0.939	-0.000
317	375	3	0.8692	12.000
375	552	3	0.96	14.016
1388	2482	3	0.8656	-1.032
377	2482	3	0.902	42.010
609	2482	3	0.8718	-1.031
690	2482	3	0.8868	42.010
738	2482	3	0.9112	27.995
826	2482	3	0.8769	26.999
293	315	3	0.9474	-28.031
315	444	3	0.9625	-0.000
315	585	3	0.9552	-28.031
438	826	3	0.8871	-28.031
596	826	3	0.8619	60.978
609	826	3	0.8833	-28.031
738	826	3	0.9219	0.996
826	1388	3	0.9226	28.031
444	1321	3	0.954	-0.000
457	1321	3	0.9401	28.031
585	1321	3	0.9484	28.031
605	1321	3	0.963	0.000
1030	1321	3	0.9516	0.000
772	1451	3	0.9415	-0.000
772	1483	3	0.9611	-0.000
772	1648	3	0.916	-0.000
153	987	3	0.892	-56.063
268	987	3	0.8974	-56.062
377	987	3	0.9107	-28.031
525	987	3	0.9318	-56.062
690	987	3	0.9088	-28.031
773	987	3	0.9018	-56.062
887	987	3	0.8915	-56.062
987	1210	3	0.8953	56.062
154	371	3	0.8421	-0.000
366	461	3	0.9713	14.016
461	1300	3	0.9051	-28.031
153	773	3	0.9664	-0.001
268	773	3	0.9642	-0.001
525	773	3	0.9555	-0.000
690	773	3	0.9164	28.030
738	773	3	0.8711	14.015
773	887	3	0.9791	0.000
773	1210	3	0.9696	0.001
317	1287	3	0.8658	-18.010
292	438	3	0.8678	-28.031
292	1287	3	0.8766	-28.031
426	564	3	0.8757	-0.019
153	887	3	0.951	-0.001
268	887	3	0.9471	-0.000
377	887	3	0.8869	28.031
525	887	3	0.9309	-0.000
690	887	3	0.8884	28.031
887	1210	3	0.9666	0.000
293	366	3	0.9338	-14.016
293	444	3	0.949	-28.031
293	585	3	0.9393	-56.062
293	610	3	0.927	28.031
293	1030	3	0.9341	-28.031
1287	1388	3	0.9253	0.000
438	1388	3	0.9469	0.000
609	1388	3	0.931	0.000
640	1388	3	0.8563	-12.000
268	377	3	0.9058	-28.031
377	525	3	0.9347	28.031
377	690	3	0.9578	-0.000
482	596	3	0.8876	-27.956
596	738	3	0.8881	59.982
438	640	3	0.8457	12.000
609	640	3	0.8968	12.000
640	761	3	0.9772	-14.015
444	1030	3	0.9551	-0.000
585	1030	3	0.9393	28.031
605	1030	3	0.9394	-0.000
438	1287	3	0.918	0.000
609	1287	3	0.9339	0.000
444	605	3	0.942	-0.000
366	1300	3	0.9156	-14.016
1451	1648	3	0.9264	0.000
1483	1648	3	0.9169	0.000
268	690	3	0.9318	-28.031
525	690	3	0.9318	-28.031
585	605	3	0.9425	28.031
153	268	3	0.9944	-0.001
153	525	3	0.956	-0.001
153	1210	3	0.9495	-0.001
438	609	3	0.9215	0.000
268	525	3	0.9608	-0.000
268	1210	3	0.9485	0.000
366	585	3	0.9482	-42.047
525	1210	3	0.919	0.000
738	1210	3	0.8741	14.016
609	738	3	0.8651	-29.027
1451	1483	3	0.9407	0.000
931	978	4	0.9564	-14.016
1289	2447	4	0.9762	-0.001
1367	2447	4	0.9814	-0.001
1441	2447	4	0.9649	-0.001
1939	2447	4	0.9703	-0.000
2220	2447	4	0.9667	-0.000
703	2447	4	0.9688	-0.000
777	2447	4	0.9664	-0.018
850	2447	4	0.9719	-0.001
927	2447	4	0.968	-0.001
1100	2447	4	0.9664	-14.016
850	1097	4	0.962	0.000
1097	1517	4	0.9513	-0.000
1218	2263	4	0.9564	-0.001
703	777	4	0.9736	0.018
777	931	4	0.9556	13.998
777	1012	4	0.9522	-0.018
777	1441	4	0.9592	-0.018
777	1807	4	0.954	-0.018
777	2536	4	0.9514	-0.018
1232	1447	4	0.9468	0.000
1232	1547	4	0.9577	-0.000
703	1012	4	0.9599	0.000
1012	1100	4	0.959	14.015
1012	1294	4	0.9599	14.016
1012	1367	4	0.9667	0.000
1012	1441	4	0.9626	-0.000
727	927	4	0.9662	-2.015
850	927	4	0.9744	-0.000
927	1058	4	0.9687	0.000
927	1289	4	0.9635	0.000
927	1395	4	0.9644	0.000
927	1712	4	0.9709	-0.000
927	2220	4	0.965	-0.000
1289	1367	4	0.9754	0.000
1294	1367	4	0.965	-14.015
1367	1441	4	0.9662	-0.000
1367	1939	4	0.9682	-0.001
1367	2220	4	0.9646	-0.001
703	1367	4	0.9679	0.000
979	1367	4	0.9652	-14.015
1100	1367	4	0.9642	-14.015
1289	1441	4	0.9621	-0.000
1289	2220	4	0.9646	-0.001
1289	2423	4	0.9618	-0.001
703	1289	4	0.9637	0.000
850	1289	4	0.9636	0.000
1100	1289	4	0.9631	-14.015
829	1100	4	0.9615	-0.000
855	1100	4	0.9606	-0.000
1100	1294	4	0.9625	0.000
1100	1584	4	0.961	0.000
1123	1476	4	0.944	-14.016
1123	1584	4	0.9563	0.000
1653	2105	4	0.9488	-0.000
1332	1517	4	0.9531	-0.000
1332	1549	4	0.9638	-0.001
850	1332	4	0.9626	0.000
1058	1332	4	0.9666	0.000
706	979	4	0.9732	-0.000
829	979	4	0.9656	-0.000
979	1011	4	0.9672	0.000
979	1058	4	0.9654	-14.016
979	1395	4	0.9669	-14.016
979	1939	4	0.9733	-14.016
979	2220	4	0.9691	-14.016
979	2423	4	0.9653	-14.016
2263	3058	4	0.9547	-0.000
703	3058	4	0.9547	-0.000
1340	1547	4	0.9606	-0.000
1514	1547	4	0.9528	-0.000
1547	1584	4	0.9644	0.000
1547	2423	4	0.9611	-14.016
850	1058	4	0.9633	0.000
850	1395	4	0.9675	0.000
850	1712	4	0.9664	-0.000
850	1939	4	0.9748	-0.000
850	2263	4	0.962	-0.001
855	1294	4	0.949	-0.000
1340	1447	4	0.9567	0.000
1365	1447	4	0.9539	-0.000
1405	1447	4	0.9554	-0.000
1447	1514	4	0.9516	0.000
1447	1584	4	0.9649	0.000
1395	1549	4	0.9628	-0.000
1395	1939	4	0.978	-0.000
1395	2220	4	0.9696	-0.001
1395	2423	4	0.9725	-0.001
727	1395	4	0.9745	-2.015
1011	1395	4	0.9675	-14.016
1058	1395	4	0.9654	0.000
855	1405	4	0.9438	0.000
1340	1514	4	0.9581	0.000
1514	1584	4	0.9649	0.000
1939	2220	4	0.9756	-0.000
1939	2372	4	0.9671	-0.000
1939	2423	4	0.9706	-0.000
727	1939	4	0.9746	-2.016
1011	1939	4	0.9692	-14.016
1712	2105	4	0.9545	-0.000
531	1058	4	0.9653	0.001
727	1058	4	0.962	-2.015
816	1058	4	0.9626	0.000
1058	1549	4	0.9665	-0.000
727	1011	4	0.9613	12.000
727	2220	4	0.9755	-2.016
727	2423	4	0.9683	-2.016
1365	1405	4	0.9458	-0.000
1365	1584	4	0.9538	-0.000
706	829	4	0.9563	0.000
706	1011	4	0.9636	-0.000
706	2220	4	0.9624	-14.016
706	2423	4	0.965	-14.016
1441	2263	4	0.9532	-0.001
703	1441	4	0.9663	0.000
1340	1584	4	0.9711	0.000
1405	1584	4	0.9583	-0.000
829	1584	4	0.9562	-0.000
816	1549	4	0.9506	-0.000
829	1011	4	0.9596	-0.000
1549	2372	4	0.9555	-0.000
531	2372	4	0.9562	0.000
1011	2423	4	0.9629	-14.016
931	1807	4	0.9557	-14.016
1517	1549	4	0.957	-0.000
1517	2263	4	0.9573	-0.000
2220	2423	4	0.9662	0.000
703	1807	4	0.9571	0.000
1374	1647	5	0.9844	-66.995
1587	1647	5	0.9861	-38.963
1647	1747	5	0.9823	24.946
1647	1834	5	0.9824	35.999
1647	1856	5	0.9831	63.995
1647	2014	5	0.9831	49.979
1647	2089	5	0.9853	-3.086
1647	2804	5	0.9855	-59.146
1936	2145	5	0.9831	-2.015
2428	2458	5	0.9852	0.000
2428	2804	5	0.9853	-1.013
2216	2428	5	0.9846	-2.016
2231	2428	5	0.9837	-2.071
1834	2342	5	0.9827	-38.052
2089	2342	5	0.9839	1.033
1871	2239	5	0.9821	-78.995
2239	2344	5	0.9883	24.000
2239	2380	5	0.9848	23.946
2239	2396	5	0.9894	-2.016
1374	2432	5	0.9839	-57.047
1542	1668	5	0.9831	-0.948
2014	2611	5	0.9833	-95.110
2145	2611	5	0.9848	-83.109
2268	2611	5	0.985	-1.068
2158	2405	5	0.9868	-2.020
1749	1799	5	0.9835	74.015
1749	2310	5	0.9823	-32.063
1637	2325	5	0.9863	-94.078
1747	2325	5	0.9835	-68.061
2045	2281	5	0.9822	-2.016
1752	2063	5	0.985	-27.978
2399	2442	5	0.9831	-1.002
2404	2442	5	0.9822	25.962
2405	2442	5	0.9862	-0.001
1867	2442	5	0.9833	-55.052
2014	2442	5	0.9823	-82.097
2216	2442	5	0.9857	23.999
2259	2442	5	0.9842	23.945
1637	1651	5	0.984	-1.002
1651	2405	5	0.9822	-82.078
1651	2458	5	0.9862	-108.094
2344	2407	5	0.9844	-0.055
2380	2407	5	0.985	-0.000
2396	2407	5	0.9824	25.961
2030	2407	5	0.9837	-44.081
1512	1903	5	0.9822	-43.050
1903	2030	5	0.9855	1.979
2367	2434	5	0.984	0.947
2434	2462	5	0.9834	-26.015
1542	2434	5	0.9828	-82.079
1932	2434	5	0.9828	-3.084
2002	2434	5	0.9823	-15.085
2029	2434	5	0.9824	34.931
2142	2434	5	0.9823	22.931
1374	1533	5	0.9853	-2.964
1533	1575	5	0.9822	-38.015
1533	1587	5	0.9866	-25.068
1533	1856	5	0.9841	-0.036
1533	2206	5	0.9825	-28.067
1533	2244	5	0.9833	-54.083
1533	2268	5	0.984	-108.093
1533	2298	5	0.9834	-107.146
1512	1541	5	0.9846	-2.070
1856	2002	5	0.9835	-80.025
1900	2002	5	0.9849	36.001
2002	2032	5	0.9822	-38.016
2002	2089	5	0.9842	12.945
2002	2142	5	0.9853	-38.016
2399	2839	5	0.9836	-28.031
1920	2032	5	0.9823	24.000
2032	2142	5	0.9829	-0.000
1575	1989	5	0.9862	-4.032
1989	2089	5	0.985	-25.069
1989	2244	5	0.9819	-12.036
2146	2334	5	0.9823	-2.016
1500	1512	5	0.9854	0.000
1512	1867	5	0.9878	-29.096
1512	2030	5	0.9845	-41.070
2399	2405	5	0.982	-1.002
2145	2399	5	0.9831	-69.094
1374	1799	5	0.984	-42.995
1747	1799	5	0.986	-0.947
1752	1799	5	0.9883	0.053
1753	1799	5	0.9822	0.000
1799	2045	5	0.9827	-62.050
1920	2048	5	0.9823	0.000
1986	2046	5	0.9836	-2.016
2046	2089	5	0.9841	-53.065
2046	2231	5	0.9821	-106.042
1932	2103	5	0.9841	3.995
1916	2268	5	0.9848	-8.026
2145	2367	5	0.9859	-70.042
2146	2367	5	0.9839	47.999
1374	1542	5	0.9848	-16.031
1374	1587	5	0.9886	-28.032
1374	1752	5	0.9875	-43.049
1374	1856	5	0.9877	-3.000
1374	2431	5	0.9849	-124.125
1374	2804	5	0.9907	-126.141
2344	2380	5	0.9852	-0.054
2380	2396	5	0.9858	-25.961
1871	2380	5	0.9836	-55.050
1587	2134	5	0.9864	-30.995
2033	2134	5	0.9828	-3.996
2089	2134	5	0.9839	11.054
2134	2244	5	0.9847	1.980
2134	2431	5	0.9829	-65.099
1637	1986	5	0.9824	1.032
1587	1856	5	0.9858	25.032
1753	1856	5	0.9835	39.995
1856	2014	5	0.9846	-14.015
1856	2431	5	0.9846	-121.126
2462	2726	5	0.9831	-2.015
1587	2726	5	0.9859	-98.109
1666	1752	5	0.985	35.946
1747	1752	5	0.9846	-1.000
1752	1753	5	0.9871	0.053
1752	2216	5	0.9845	-80.063
1752	2268	5	0.9877	-68.008
1752	2804	5	0.986	-83.092
2333	2405	5	0.9831	41.009
2405	2458	5	0.9843	-26.016
2216	2405	5	0.986	24.000
2259	2405	5	0.9836	23.945
1871	2396	5	0.9845	-81.011
1867	2404	5	0.9852	-81.014
2216	2404	5	0.9832	-1.962
2259	2404	5	0.9836	-2.017
1637	1867	5	0.9824	-28.029
1637	2014	5	0.9844	-0.984
1666	2268	5	0.9834	-32.062
2145	2477	5	0.9835	-30.046
2215	2477	5	0.9841	-4.030
2244	2477	5	0.9829	-2.016
1542	2014	5	0.9827	-0.984
1542	2341	5	0.9829	-83.026
1920	2150	5	0.9845	48.947
1900	2120	5	0.9829	-2.015
1900	2142	5	0.9868	-2.015
1661	1753	5	0.9821	-2.016
1747	1753	5	0.9819	-0.947
1753	2268	5	0.9837	-68.062
1753	2431	5	0.9827	-81.130
2431	2458	5	0.9824	-1.002
1867	2458	5	0.9826	-81.068
2216	2458	5	0.9862	-2.016
2231	2458	5	0.9869	-2.071
2259	2458	5	0.9872	-2.071
2120	2142	5	0.9858	0.000
2142	2146	5	0.9819	-26.016
2142	2431	5	0.9847	-3.084
2142	2462	5	0.986	-3.084
1984	2639	5	0.9829	1.958
1984	2804	5	0.9867	2.906
1587	2089	5	0.9877	-42.049
2089	2244	5	0.9843	13.034
2089	2639	5	0.9842	-57.008
2089	2804	5	0.9866	-56.060
1615	1932	5	0.986	-4.031
1932	2462	5	0.9833	-29.100
1575	2244	5	0.9823	-16.067
2206	2244	5	0.9847	-26.016
2431	2462	5	0.9858	0.000
2462	2804	5	0.9863	-2.015
1587	2462	5	0.9863	-96.094
1747	2462	5	0.9842	-82.077
1834	2462	5	0.9832	-93.130
2145	2462	5	0.9831	-95.109
2344	2396	5	0.9836	-26.016
2431	2804	5	0.9865	-2.015
1587	2431	5	0.9864	-96.094
2145	2431	5	0.9837	-95.110
2145	2146	5	0.9858	-118.041
1575	1834	5	0.9832	9.984
2639	2804	5	0.986	0.947
2216	2639	5	0.9837	-3.976
1867	2259	5	0.9852	-78.997
2216	2259	5	0.9878	0.055
2231	2259	5	0.9843	-0.000
1867	2231	5	0.9828	-78.997
2216	2231	5	0.9871	0.055
1587	2804	5	0.9895	-98.109
2763	3037	6	0.9728	0.001
2816	3037	6	0.9776	0.001
2861	3037	6	0.983	0.000
2907	3037	6	0.9763	0.000
2961	3037	6	0.9779	0.000
3037	3147	6	0.9785	-0.000
3037	3215	6	0.9726	0.000
3037	3276	6	0.9783	-0.000
3037	3324	6	0.9763	-0.000
3037	3405	6	0.9742	-0.000
2816	3147	6	0.9715	0.001
2861	3147	6	0.9813	0.000
2907	3147	6	0.9787	0.000
2961	3147	6	0.9753	0.000
3147	3215	6	0.9769	0.000
3147	3276	6	0.9763	-0.000
3147	3324	6	0.9753	-0.000
3147	3405	6	0.9766	-0.000
3147	3456	6	0.9735	-0.000
2826	3301	6	0.9658	-14.012
2933	3301	6	0.9841	0.002
3066	3301	6	0.972	-0.002
3098	3301	6	0.9744	-0.001
3152	3301	6	0.9569	28.033
3258	3301	6	0.9723	0.003
3301	3386	6	0.9628	0.001
2825	3364	6	0.9103	3.020
3342	3364	6	0.903	0.000
2933	3386	6	0.9622	0.003
2941	3386	6	0.9398	0.000
3034	3386	6	0.9141	-0.004
3066	3386	6	0.972	-0.001
3098	3386	6	0.965	0.001
2842	2927	6	0.9403	0.001
2763	3405	6	0.9712	0.000
2816	3405	6	0.9716	0.001
2861	3405	6	0.9773	0.000
2907	3405	6	0.9795	-0.000
3215	3405	6	0.9767	-0.000
3276	3405	6	0.9763	-0.000
3324	3405	6	0.9808	0.000
3405	3456	6	0.9715	0.000
3034	3105	6	0.9451	-28.038
3105	3110	6	0.928	-28.031
2763	2816	6	0.9772	-0.001
2816	2861	6	0.9763	0.001
2816	2907	6	0.9686	0.001
2816	3215	6	0.9735	0.001
2816	3276	6	0.9762	0.001
2816	3324	6	0.9707	0.001
2816	3456	6	0.9676	0.001
2972	3118	6	0.9564	-28.031
3062	3118	6	0.9611	-28.032
3109	3118	6	0.9484	-28.031
3118	3317	6	0.9625	28.032
3118	3361	6	0.9571	28.032
2933	3098	6	0.9788	0.003
3066	3098	6	0.9838	-0.001
3098	3152	6	0.9485	-28.034
2842	3062	6	0.9479	-2.015
2842	3361	6	0.9422	-2.015
2763	3215	6	0.9708	0.001
2861	3215	6	0.9803	0.000
2907	3215	6	0.9749	0.000
3215	3276	6	0.9728	-0.000
3215	3324	6	0.9716	-0.001
3215	3456	6	0.971	-0.000
2952	2972	6	0.949	-42.047
2952	3081	6	0.9455	-28.031
2763	3324	6	0.9699	0.000
2861	3324	6	0.9786	-0.000
2907	3324	6	0.9726	-0.000
2961	3324	6	0.9713	-0.000
3276	3324	6	0.9797	-0.000
2876	2972	6	0.9611	-14.016
2972	3062	6	0.9721	0.001
2972	3081	6	0.9592	14.016
2972	3110	6	0.9453	-30.046
2972	3317	6	0.9625	0.001
2972	3361	6	0.9654	0.001
2825	3034	6	0.8961	-27.018
3034	3066	6	0.9328	-0.003
2861	2961	6	0.9748	-0.000
2907	2961	6	0.9667	-0.000
2961	3276	6	0.9687	0.000
2826	3191	6	0.9691	-70.077
3152	3191	6	0.9622	-28.032
2825	2878	6	0.9026	3.020
2825	2941	6	0.8795	-27.022
2825	2944	6	0.9543	-28.029
2825	3204	6	0.9203	3.021
2825	3342	6	0.9144	3.020
2933	3066	6	0.9746	0.004
2976	3110	6	0.821	-2.014
2763	2861	6	0.9727	0.000
2861	2907	6	0.9748	0.000
2861	3276	6	0.9829	0.000
2878	3109	6	0.9415	-56.062
2887	3109	6	0.9521	-27.028
3109	3317	6	0.9519	0.000
2763	2876	6	0.9702	-16.031
2876	3081	6	0.9612	0.000
3062	3081	6	0.9519	14.015
3081	3317	6	0.946	-14.015
3081	3361	6	0.9548	-14.015
2826	3258	6	0.9734	-14.015
2933	3258	6	0.9763	-0.001
2878	3342	6	0.9577	-0.000
3204	3342	6	0.9609	-0.001
2878	3204	6	0.9695	0.001
2763	3456	6	0.9691	0.000
2907	3456	6	0.9704	-0.000
2826	2933	6	0.9709	-14.014
2933	3152	6	0.9593	-28.031
2941	2944	6	0.8827	-1.007
3062	3317	6	0.9591	0.000
3062	3361	6	0.9653	0.000
3317	3361	6	0.9632	0.000
2907	3276	6	0.9748	0.000
2763	3276	6	0.9715	0.000
1465	2062	7	0.9545	0.000
1664	2062	7	0.9375	0.000
1742	2062	7	0.9499	0.000
1828	2062	7	0.9509	0.000
1988	2062	7	0.9526	0.000
1465	1664	7	0.9579	0.000
1532	1664	7	0.9363	0.000
1664	1742	7	0.9341	-0.000
1664	1828	7	0.9258	-0.000
1664	1988	7	0.9278	-0.000
1664	2425	7	0.9533	0.000
1465	2425	7	0.93	0.000
1532	2425	7	0.9364	0.000
1742	2425	7	0.9119	0.000
1828	2425	7	0.9115	0.000
112	1532	7	0.766	-29.951
1465	1828	7	0.943	0.000
1742	1828	7	0.9399	-0.000
1828	1988	7	0.9428	0.000
1465	1742	7	0.9412	0.000
1532	1742	7	0.906	0.000
1742	1988	7	0.9544	0.000
1465	1532	7	0.9332	0.000
1465	1988	7	0.9439	0.000
2450	2526	8	0.9458	-0.001
2526	2557	8	0.9557	-0.181
2526	2636	8	0.9417	-0.405
2526	2715	8	0.9351	-0.000
2526	3196	8	0.919	-0.182
1786	1791	8	0.8645	-1.003
2636	2672	8	0.9365	0.404
2672	2715	8	0.9667	0.000
2672	2819	8	0.939	-0.182
2672	3196	8	0.9405	-0.181
2672	3223	8	0.9305	-0.181
2672	3251	8	0.9602	-0.181
2018	2729	8	0.913	-0.183
2018	3137	8	0.9197	-0.184
2018	3223	8	0.9551	-0.184
2018	3351	8	0.943	-0.184
966	1022	8	0.9116	0.000
2729	2824	8	0.8636	0.181
2824	2832	8	0.835	-28.212
2824	2905	8	0.904	0.001
2824	3137	8	0.8781	-0.181
2066	2824	8	0.8882	-0.002
2398	2450	8	0.9558	-0.000
2450	2636	8	0.948	-0.406
2450	2715	8	0.9537	-0.002
2450	2819	8	0.9476	-0.184
2450	3251	8	0.9461	-0.183
2450	3390	8	0.9483	-0.184
1901	2450	8	0.9506	-0.000
1937	2450	8	0.9446	0.000
1952	2450	8	0.9452	0.182
2398	2492	8	0.9516	-0.182
2403	2492	8	0.9521	-0.001
2492	2557	8	0.9339	0.000
2492	2636	8	0.9313	-0.224
2492	3167	8	0.9376	-0.001
2492	3251	8	0.9467	-0.001
1937	2492	8	0.9413	-0.182
1981	2492	8	0.9341	-0.205
2427	2832	8	0.8021	-27.211
1938	2832	8	0.7829	-27.211
3157	3346	8	0.8929	0.000
1791	1960	8	0.7465	-3.019
3124	3267	8	0.9472	-0.000
3124	3304	8	0.9294	-0.000
1339	3124	8	0.9307	-0.000
1605	3124	8	0.929	-0.000
1840	3124	8	0.9554	-0.000
2219	3124	8	0.9514	-0.000
809	3124	8	0.9347	-0.000
1293	1605	8	0.9281	-0.000
2486	2487	8	0.8547	1.003
1960	2486	8	0.8256	-1.002
3267	3304	8	0.927	-0.000
1339	3267	8	0.9447	-0.000
1444	3267	8	0.9198	-0.001
1605	3267	8	0.9341	-0.000
1677	3267	8	0.9229	0.000
2219	3267	8	0.9422	-0.001
809	3267	8	0.9415	-0.000
2715	3251	8	0.9494	-0.182
2819	3251	8	0.9545	0.001
3196	3251	8	0.9299	-0.000
3223	3251	8	0.9292	-0.000
3251	3390	8	0.9481	-0.000
1901	3251	8	0.9467	-0.184
2715	3196	8	0.9428	-0.181
2398	2403	8	0.9583	-0.182
2403	3167	8	0.9441	-0.002
1901	2403	8	0.9583	-0.182
1902	2403	8	0.9688	-0.205
1937	2403	8	0.9708	-0.181
1952	2403	8	0.9714	0.000
1981	2403	8	0.9607	-0.205
2238	2403	8	0.9617	0.000
2729	3351	8	0.8982	-0.001
3137	3351	8	0.8902	-0.000
3223	3351	8	0.9422	-0.000
2493	2640	8	0.8766	-0.004
2560	2640	8	0.8818	-0.003
2640	3171	8	0.8866	0.000
2557	2636	8	0.9465	-0.224
2557	2715	8	0.9381	0.181
1901	1902	8	0.9628	0.023
1901	1937	8	0.9558	-0.000
1901	1952	8	0.9493	-0.182
1901	2238	8	0.9452	-0.182
1901	2398	8	0.9495	0.000
1901	2819	8	0.9625	-0.184
1901	3390	8	0.9471	-0.184
2364	3181	8	0.9171	-0.000
3181	3225	8	0.9063	-0.000
1902	1981	8	0.9632	-0.000
1937	1981	8	0.9534	0.023
1952	1981	8	0.9581	0.205
1981	2238	8	0.9745	-0.205
1981	2398	8	0.9467	-0.023
1981	3167	8	0.9383	-0.207
1103	1260	8	0.9098	0.000
1103	2125	8	0.9155	-0.000
2364	3157	8	0.9039	-0.000
2905	3157	8	0.9221	0.001
3157	3397	8	0.8987	0.000
2066	3157	8	0.9165	-0.000
1938	2427	8	0.8714	0.000
1953	2427	8	0.8181	0.182
1339	1677	8	0.9238	-0.001
1444	1677	8	0.9298	-0.001
1677	1840	8	0.951	0.001
1677	2219	8	0.9381	0.001
809	1677	8	0.9375	-0.001
1022	1677	8	0.9384	-0.001
1938	1947	8	0.8691	-0.009
1947	1953	8	0.9504	-0.173
1947	1960	8	0.8275	-1.176
2364	3304	8	0.9126	-0.001
3225	3304	8	0.9164	-0.000
1605	3304	8	0.9298	-0.000
854	3304	8	0.9236	-0.001
2715	3223	8	0.932	-0.182
2819	3223	8	0.9438	0.001
3223	3390	8	0.9466	-0.000
809	854	8	0.9319	-0.000
809	1022	8	0.926	-0.000
809	1339	8	0.9462	-0.000
809	1524	8	0.9343	0.000
809	1605	8	0.9387	-0.000
809	2219	8	0.9463	0.000
1022	1260	8	0.9161	0.000
1022	1444	8	0.9201	0.000
1022	2219	8	0.9292	0.000
2364	3397	8	0.9068	-0.000
2905	3397	8	0.8881	0.001
2219	3397	8	0.9284	-0.001
854	1605	8	0.9505	-0.000
2636	2715	8	0.9531	0.405
2715	2819	8	0.9445	-0.182
2715	3390	8	0.9376	-0.182
1260	1524	8	0.9145	0.000
1339	1605	8	0.9437	-0.000
1444	1605	8	0.9478	-0.000
1605	2219	8	0.9283	0.000
540	1605	8	0.9299	-0.000
1902	2238	8	0.9717	-0.205
1937	2238	8	0.9549	-0.182
1952	2238	8	0.9628	0.000
2238	2398	8	0.9491	0.182
2238	3167	8	0.9375	-0.002
2364	3225	8	0.9022	-0.000
1938	1953	8	0.8462	-0.182
1953	1960	8	0.8275	-1.003
1953	2493	8	0.8956	0.001
1953	3171	8	0.8832	-0.003
2819	3167	8	0.9452	0.001
2819	3390	8	0.9614	0.000
2066	2905	8	0.9139	-0.001
1902	1937	8	0.969	-0.024
1902	1952	8	0.962	-0.205
1902	2398	8	0.9522	-0.023
1339	2219	8	0.9371	0.000
1840	2219	8	0.9567	0.000
1339	1444	8	0.9335	0.000
1444	1840	8	0.938	0.000
1444	2125	8	0.927	-0.000
540	1444	8	0.9257	0.000
2493	3171	8	0.9335	-0.004
2560	3171	8	0.8719	-0.003
2729	3137	8	0.885	-0.001
540	1339	8	0.9293	0.000
715	1339	8	0.9328	0.000
3167	3390	8	0.9379	-0.000
1952	3390	8	0.9466	-0.002
2493	2560	8	0.8617	-0.001
1937	1952	8	0.9643	-0.182
1937	2398	8	0.9619	0.000
1937	3167	8	0.9375	-0.183
715	2125	8	0.9063	0.000
2398	3167	8	0.9528	-0.184
1952	3167	8	0.958	-0.002
1960	2487	8	0.8356	0.001
1952	2398	8	0.9608	0.182
2758	3174	9	0.9523	-0.000
2883	3174	9	0.9557	28.030
2950	3174	9	0.9592	-0.000
3076	3174	9	0.964	28.030
3174	3218	9	0.9689	0.000
3174	3264	9	0.9508	-42.046
3174	3265	9	0.9633	14.016
3174	3281	9	0.9493	-0.000
3174	3354	9	0.952	-42.046
3174	3387	9	0.9588	-42.046
1790	2352	9	0.9428	-56.063
2661	3318	9	0.9379	-42.046
2841	3318	9	0.95	-42.046
2894	3318	9	0.9293	-42.046
3053	3318	9	0.9539	0.000
3119	3318	9	0.9126	28.032
3217	3318	9	0.9342	-0.000
3253	3318	9	0.9565	-42.046
3270	3318	9	0.9163	-28.031
3439	3477	9	0.9483	0.000
2828	3194	9	0.9372	-0.000
3194	3453	9	0.9166	0.000
1957	2253	9	0.9443	-28.031
1957	2780	9	0.9521	-98.110
1957	2893	9	0.9385	-98.111
1957	2956	9	0.9524	-98.111
1957	3043	9	0.9447	-98.110
1957	3068	9	0.9529	-98.110
1957	3186	9	0.9386	-98.110
1957	3239	9	0.9439	-98.110
3119	3279	9	0.9211	0.025
3153	3279	9	0.9381	14.041
3279	3294	9	0.9456	28.007
2777	2780	9	0.97	0.035
2777	2893	9	0.9529	0.035
2777	3068	9	0.9627	0.035
2777	3143	9	0.9802	0.035
2777	3186	9	0.9544	0.035
2777	3239	9	0.9609	0.035
2777	3289	9	0.9613	0.035
2777	3294	9	0.9496	-27.996
2777	3421	9	0.9561	0.035
2230	2777	9	0.96	17.975
2956	3043	9	0.9488	0.001
2956	3068	9	0.9547	0.001
2956	3289	9	0.9499	0.001
2956	3421	9	0.9494	0.001
2230	2956	9	0.9408	18.010
2661	3053	9	0.9146	-42.046
2841	3053	9	0.9387	-42.046
2894	3053	9	0.9219	-42.046
3053	3119	9	0.9372	-28.031
3053	3217	9	0.9121	0.000
3053	3253	9	0.9531	42.046
3053	3270	9	0.9351	28.031
3253	3270	9	0.9291	-14.015
3270	3283	9	0.9273	-14.015
3270	3331	9	0.9269	0.000
3270	3473	9	0.9418	-0.000
2780	2893	9	0.9544	-0.000
2780	3043	9	0.9561	0.000
2780	3068	9	0.967	0.000
2780	3143	9	0.9716	0.000
2780	3239	9	0.9684	0.000
2780	3289	9	0.9619	0.000
2780	3421	9	0.962	0.000
2230	2780	9	0.9645	18.010
2250	2773	9	0.9316	-70.076
2250	2889	9	0.9405	-70.077
2250	3422	9	0.9366	-70.078
2250	3461	9	0.9502	-70.078
3073	3119	9	0.9243	-14.016
3073	3183	9	0.9072	-28.031
2950	3352	9	0.9406	-28.030
3076	3352	9	0.949	0.000
3245	3352	9	0.9364	0.000
2883	2950	9	0.9444	28.030
2950	3076	9	0.958	-28.031
2950	3107	9	0.9417	-42.047
2950	3141	9	0.9418	14.016
2950	3218	9	0.9626	-0.000
2950	3265	9	0.9549	14.016
2950	3387	9	0.9561	-42.046
2113	2898	9	0.9185	-56.063
2757	3141	9	0.9411	0.000
2757	3265	9	0.9464	0.000
2773	2889	9	0.9529	-0.001
2889	3354	9	0.9351	-27.029
2889	3422	9	0.9408	-0.001
2889	3461	9	0.9405	-0.001
3244	3329	9	0.9399	-14.016
2253	2467	9	0.9295	-28.031
2665	3281	9	0.9263	-14.017
2965	3281	9	0.9284	28.030
3281	3329	9	0.9276	-0.000
2352	3400	9	0.9362	-28.031
2718	3400	9	0.9579	-0.000
2828	3400	9	0.9417	-0.000
3107	3400	9	0.9403	56.063
3141	3400	9	0.9387	-0.000
3321	3400	9	0.9444	0.000
3362	3400	9	0.9391	-0.000
3400	3422	9	0.9311	-29.035
2661	3283	9	0.9429	-28.030
2841	3283	9	0.9539	-28.030
2894	3283	9	0.929	-28.030
3041	3283	9	0.947	0.000
3253	3283	9	0.9601	-28.030
3283	3331	9	0.9046	14.015
3283	3473	9	0.9206	14.015
2661	2841	9	0.957	-0.000
2661	2894	9	0.9412	-0.000
2661	3217	9	0.9201	-42.046
2661	3253	9	0.9559	-0.000
2898	3477	9	0.9071	-56.062
2893	3239	9	0.9434	0.001
3043	3239	9	0.9465	-0.000
3068	3239	9	0.9583	-0.000
3143	3239	9	0.9679	-0.000
3239	3289	9	0.9553	0.000
3239	3421	9	0.9516	0.000
2230	3239	9	0.956	18.011
2841	3217	9	0.9325	-42.046
2894	3217	9	0.927	-42.046
2898	3217	9	0.9204	-56.062
3217	3253	9	0.9281	42.046
2841	2894	9	0.9581	0.000
2841	3041	9	0.9394	-28.030
2841	3253	9	0.9751	0.000
3043	3421	9	0.9622	-0.000
3068	3421	9	0.9519	-0.000
3143	3421	9	0.9657	-0.000
3186	3421	9	0.9518	0.000
3289	3421	9	0.9605	0.000
2230	3421	9	0.9542	18.011
2893	3143	9	0.9641	0.001
3043	3143	9	0.9566	-0.000
3068	3143	9	0.9689	0.000
3143	3186	9	0.9578	-0.000
3143	3289	9	0.9658	-0.000
2230	3143	9	0.9615	18.011
2230	2893	9	0.9568	18.010
2230	3043	9	0.9536	18.011
2230	3289	9	0.9555	18.011
2352	3321	9	0.9248	-28.031
2718	3321	9	0.9333	-0.000
2828	3321	9	0.9283	-0.000
2569	3265	9	0.9527	0.001
2718	3265	9	0.9472	-0.000
3076	3265	9	0.949	42.047
3141	3265	9	0.9591	-0.000
3218	3265	9	0.9514	14.016
3265	3329	9	0.9464	-14.016
3265	3362	9	0.9473	0.000
3265	3461	9	0.9494	-29.034
3043	3289	9	0.9521	-0.000
3068	3289	9	0.9504	-0.000
3186	3289	9	0.9467	0.000
2894	3253	9	0.9507	0.000
3041	3253	9	0.9316	28.030
2965	3245	9	0.9373	0.000
2979	3245	9	0.9341	14.017
3076	3245	9	0.9548	0.000
3245	3264	9	0.9339	-14.016
3245	3354	9	0.9351	-14.016
3245	3387	9	0.941	-14.016
2569	3461	9	0.9475	-29.034
2718	3461	9	0.9375	-29.035
2773	3461	9	0.9502	-0.002
2828	3461	9	0.943	-29.035
3141	3461	9	0.9468	-29.035
3362	3461	9	0.9419	-29.035
3422	3461	9	0.9456	0.000
2893	3068	9	0.9479	0.001
3068	3186	9	0.9484	-0.000
2718	3076	9	0.9371	-42.047
2965	3076	9	0.9458	0.000
3076	3218	9	0.9527	28.031
3076	3329	9	0.936	28.030
2569	3387	9	0.948	-56.062
2883	3387	9	0.941	-14.016
3107	3387	9	0.9484	0.000
3218	3387	9	0.9607	-42.046
3264	3387	9	0.9556	0.000
3294	3387	9	0.9471	0.000
3354	3387	9	0.9532	0.000
2750	3422	9	0.9283	-0.262
2773	3422	9	0.9543	-0.002
3331	3473	9	0.954	-0.000
2569	2773	9	0.953	-29.032
2569	3107	9	0.9444	-56.062
2569	3141	9	0.9444	0.001
2569	3218	9	0.9486	-14.016
2569	3354	9	0.9492	-56.062
2569	3362	9	0.9467	0.001
2979	3264	9	0.9397	0.001
2979	3294	9	0.9387	0.001
2883	3218	9	0.9557	28.030
3107	3218	9	0.9462	42.047
3218	3264	9	0.9544	-42.046
3218	3294	9	0.944	-42.046
2773	3362	9	0.9323	29.033
3107	3362	9	0.9425	56.063
3141	3362	9	0.9346	-0.000
2750	3354	9	0.9338	-27.290
2718	3107	9	0.9385	-56.063
3107	3231	9	0.9375	0.000
3107	3264	9	0.9408	0.000
2718	2828	9	0.9328	0.000
2828	3141	9	0.9468	-0.000
2828	3453	9	0.9278	-0.000
2665	3329	9	0.9257	-14.017
2965	3329	9	0.9276	28.030
3119	3212	9	0.9222	-28.031
2718	2773	9	0.937	-29.033
2893	3186	9	0.9479	0.001
2352	3453	9	0.9167	-28.031
2883	3264	9	0.9527	-14.016
3264	3294	9	0.9585	0.000
3264	3354	9	0.9415	0.000
2894	2898	9	0.9153	14.017
2894	3041	9	0.9096	-28.030
2883	2965	9	0.9393	-0.000
2883	3294	9	0.9426	-14.016
3355	3462	10	0.97	0.607
3452	3462	10	0.92	-26.016
3462	3483	10	0.8993	-2.015
3462	3486	10	0.8855	-28.031
1679	3462	10	0.9117	-114.274
2096	3462	10	0.8894	-158.263
3410	3486	10	0.8675	0.607
3418	3486	10	0.8843	-56.062
3430	3486	10	0.9149	-30.047
3431	3486	10	0.8672	-4.031
3452	3486	10	0.9242	-54.047
3459	3486	10	0.8756	-2.016
3476	3486	10	0.8801	-40.031
3483	3486	10	0.9561	-26.016
1794	1827	10	0.958	-0.036
1827	2022	10	0.9129	-1.979
1827	2026	10	0.8893	-2.982
2076	2122	10	0.9473	0.037
2097	2122	10	0.9228	0.001
2122	2186	10	0.9458	23.999
2122	2194	10	0.9135	-0.000
2122	2203	10	0.9224	-0.037
2122	2258	10	0.9324	23.999
2122	2261	10	0.9584	-2.017
2122	2286	10	0.9462	47.997
2122	2307	10	0.924	-2.053
1889	2286	10	0.9561	43.995
1892	2286	10	0.9684	43.998
1893	2286	10	0.9597	43.999
2186	2286	10	0.9503	23.999
2196	2286	10	0.9732	24.035
2258	2286	10	0.9572	23.999
2261	2286	10	0.9671	50.015
1745	2101	10	0.9479	-30.010
1809	2101	10	0.9178	-29.034
2075	2101	10	0.9194	-26.016
2076	2101	10	0.9397	-0.967
2097	2101	10	0.9285	-1.003
2101	2194	10	0.9271	1.003
2101	2203	10	0.9416	0.966
2101	2233	10	0.9416	47.963
2101	2275	10	0.9311	23.963
2101	2307	10	0.9487	-1.049
1809	2019	10	0.8997	-26.015
1809	2022	10	0.8883	48.000
1809	2031	10	0.8981	-26.051
1809	2076	10	0.9621	-28.067
1809	2097	10	0.9724	-28.031
1809	2194	10	0.9222	-28.030
1809	2203	10	0.9241	-28.067
1784	1943	10	0.8928	-14.017
1881	1943	10	0.8754	12.000
1943	1992	10	0.9534	-14.051
1943	2079	10	0.9531	-14.015
3399	3446	10	0.8769	-28.031
3433	3446	10	0.8756	-14.015
3446	3479	10	0.8674	-28.031
1621	1622	10	0.9238	-17.026
1622	1675	10	0.867	92.047
1622	1824	10	0.9285	-2.016
1622	1992	10	0.87	136.002
1622	2079	10	0.8693	136.038
1745	2019	10	0.9108	-26.992
2019	2025	10	0.9632	-0.282
2019	2031	10	0.9708	-0.036
2019	2034	10	0.9036	-1.040
2019	2076	10	0.919	-2.052
2019	2097	10	0.9156	-2.016
2019	2194	10	0.9115	-2.015
3302	3348	10	0.8731	-2.016
3302	3350	10	0.8945	-28.031
3302	3378	10	0.8993	21.984
3302	3382	10	0.8713	-4.031
1621	1992	10	0.8987	118.975
1675	1992	10	0.9431	43.955
1784	1992	10	0.9605	-28.068
1881	1992	10	0.9088	-2.051
1992	2079	10	0.948	0.036
1992	2280	10	0.876	21.984
3337	3378	10	0.8883	-2.016
3378	3382	10	0.918	-26.016
3378	3418	10	0.88	-2.016
3378	3431	10	0.9548	-54.047
3337	3348	10	0.9162	-26.016
3348	3384	10	0.9717	-28.029
3348	3388	10	0.9522	-28.031
3348	3418	10	0.8762	21.984
3348	3427	10	0.8879	-56.061
3348	3430	10	0.8931	-4.031
3348	3431	10	0.8818	-30.047
1718	1784	10	0.9056	24.002
1718	1987	10	0.8844	-28.100
3376	3396	10	0.893	-28.031
3384	3427	10	0.9076	-28.031
3388	3427	10	0.9264	-28.030
1590	1618	10	0.9536	-0.000
1590	1679	10	0.9163	-26.016
3337	3388	10	0.9227	-54.047
3350	3388	10	0.8757	-2.016
3384	3388	10	0.9624	-0.002
3388	3431	10	0.8766	-2.016
3388	3459	10	0.9286	-4.031
3388	3460	10	0.8941	-30.047
1889	1892	10	0.967	-0.003
1892	1893	10	0.9665	-0.001
1745	2076	10	0.9272	-29.043
2076	2097	10	0.9651	0.036
2076	2194	10	0.9474	0.037
2076	2203	10	0.9515	-0.000
2076	2261	10	0.9301	-1.980
2076	2307	10	0.9479	-2.016
3368	3399	10	0.8862	-28.031
3399	3433	10	0.9419	-14.016
1978	2233	10	0.975	-28.030
2026	2233	10	0.9445	-28.067
2075	2233	10	0.8975	21.947
2165	2233	10	0.9314	-15.055
2233	2275	10	0.9343	-24.000
1618	1679	10	0.9154	-26.016
1987	2025	10	0.8986	-0.213
2025	2031	10	0.963	0.246
2025	2034	10	0.8929	-0.757
3433	3435	10	0.8713	-26.015
3435	3447	10	0.8758	-14.016
1889	1893	10	0.9828	-0.004
3409	3418	10	0.8764	-52.031
3409	3433	10	0.892	12.000
3409	3482	10	0.8742	-56.063
3337	3384	10	0.9111	-54.045
1978	2026	10	0.9463	0.037
2022	2026	10	0.9172	-1.003
2026	2275	10	0.9201	-52.067
3334	3341	10	0.9033	-26.016
3334	3376	10	0.9264	-28.031
3334	3416	10	0.8813	45.984
3334	3417	10	0.9372	-56.062
3382	3452	10	0.8766	21.984
3416	3452	10	0.9237	-28.031
3418	3452	10	0.8778	-2.016
3430	3452	10	0.9163	24.000
3452	3483	10	0.9176	-28.031
1713	2022	10	0.9463	-28.031
1713	2165	10	0.9105	-42.047
1713	2280	10	0.8911	-56.098
3416	3418	10	0.9702	-26.016
3418	3430	10	0.8856	-26.016
3418	3459	10	0.945	-54.047
3418	3476	10	0.8699	-16.031
3418	3483	10	0.9317	-30.047
2186	2196	10	0.967	-0.036
2196	2258	10	0.9531	0.036
2196	2261	10	0.9602	-25.980
3382	3459	10	0.8691	-30.046
3384	3459	10	0.9249	-4.033
3430	3459	10	0.8693	-28.031
3431	3459	10	0.9061	-2.016
3459	3483	10	0.899	24.000
1621	1675	10	0.9084	75.021
1621	2079	10	0.8714	119.012
1679	2096	10	0.9564	43.989
1679	3355	10	0.9141	-114.881
1481	1881	10	0.875	136.038
3350	3384	10	0.8826	-2.014
3350	3431	10	0.8706	-4.032
1803	1987	10	0.881	-2.084
1987	2031	10	0.8947	0.033
1987	2034	10	0.8865	-0.970
1987	2079	10	0.8713	24.070
3416	3443	10	0.8934	-14.016
1745	2034	10	0.8973	-28.031
2031	2034	10	0.9061	-1.003
2034	2075	10	0.9049	24.037
1669	1803	10	0.9135	-26.016
1676	1803	10	0.9209	-25.949
3341	3381	10	0.9112	-28.031
3376	3381	10	0.9073	-26.016
3381	3417	10	0.8833	-2.016
3381	3430	10	0.8831	48.000
1978	2022	10	0.9033	1.040
1978	2165	10	0.9338	-12.975
1978	2275	10	0.8991	-52.030
2186	2258	10	0.9549	0.000
2186	2261	10	0.9592	-26.016
1794	2165	10	0.8855	-16.031
1745	2307	10	0.9064	-31.059
2097	2307	10	0.9407	-2.052
2194	2307	10	0.95	-2.053
2203	2307	10	0.9708	-2.016
3368	3433	10	0.8691	-42.047
3382	3431	10	0.9034	-28.031
3384	3431	10	0.8801	-2.017
3431	3460	10	0.9197	-28.031
1669	1676	10	0.9282	-0.067
2203	2258	10	0.9148	24.036
2258	2261	10	0.9406	-26.016
2258	2275	10	0.9105	-1.039
2075	2275	10	0.9307	-2.053
1881	2096	10	0.8671	21.983
2096	2280	10	0.9238	-2.051
2096	3355	10	0.8927	-158.870
3384	3460	10	0.8855	-30.049
3416	3483	10	0.8942	-56.063
3430	3483	10	0.9209	-4.031
3476	3483	10	0.9039	-14.016
3341	3380	10	0.8771	-29.034
3343	3380	10	0.8888	-28.030
3416	3476	10	0.8749	-42.047
3374	3377	10	0.8913	-26.016
2022	2165	10	0.9239	-14.015
3341	3376	10	0.8844	-2.016
3376	3393	10	0.8726	24.000
3376	3417	10	0.9448	-28.031
2075	2194	10	0.9081	-25.012
2097	2194	10	0.9325	0.001
2194	2203	10	0.9505	-0.037
3377	3416	10	0.8889	-2.016
3416	3482	10	0.882	-30.047
1745	2031	10	0.9082	-27.028
1745	2097	10	0.9073	-29.007
1675	2079	10	0.9235	43.991
1784	2079	10	0.9538	-28.032
3382	3430	10	0.9324	-2.016
2031	2097	10	0.9121	-1.980
2097	2203	10	0.9361	-0.036
2075	2118	10	0.9448	-1.049
3341	3417	10	0.8997	-30.047
662	917	11	0.8894	15.995
622	1878	11	0.9362	-178.254
1878	2148	11	0.9496	-28.031
342	2148	11	0.9234	-224.251
342	1878	11	0.9397	-196.220
662	1878	11	0.9378	-106.173
342	662	11	0.9098	-90.047
1244	1297	13	0.9542	-0.000
242	1297	13	0.9611	0.000
392	1297	13	0.9664	0.000
517	1297	13	0.9687	0.000
933	1297	13	0.9688	0.000
242	517	13	0.9672	0.000
392	517	13	0.9744	0.000
517	696	13	0.9622	0.000
517	933	13	0.9708	-0.000
517	1244	13	0.9642	0.000
517	1509	13	0.9613	0.000
190	657	13	0.971	-0.000
392	657	13	0.9679	0.000
462	657	13	0.962	0.000
657	822	13	0.9682	-0.000
657	1108	13	0.9699	0.000
657	1474	13	0.9735	-0.000
657	1509	13	0.9717	0.000
462	579	13	0.9649	-0.000
462	696	13	0.9703	0.000
462	870	13	0.9703	-0.000
462	993	13	0.9666	-0.000
462	1355	13	0.9655	0.000
462	1474	13	0.9725	0.000
462	1555	13	0.9617	0.000
1195	1244	13	0.9591	-0.000
242	1244	13	0.9772	0.000
933	1244	13	0.9682	0.000
241	579	13	0.976	-14.015
579	696	13	0.9676	0.000
579	870	13	0.9748	-0.000
579	933	13	0.9673	-0.000
579	993	13	0.9703	0.000
579	1355	13	0.9676	0.000
579	1509	13	0.9633	0.000
190	870	13	0.9645	-0.000
241	870	13	0.9759	-14.015
392	870	13	0.9671	0.000
696	870	13	0.964	-0.000
870	933	13	0.9699	0.000
870	993	13	0.9763	0.000
870	1355	13	0.9702	0.000
1474	1509	13	0.9689	0.000
190	1509	13	0.973	-0.000
241	1509	13	0.9724	-14.015
392	1509	13	0.9671	0.000
822	1509	13	0.9637	0.000
1108	1509	13	0.9648	-0.000
696	1555	13	0.9622	0.000
696	1355	13	0.9617	0.000
696	1428	13	0.9632	0.000
190	241	13	0.9827	14.015
190	392	13	0.9706	-0.000
190	822	13	0.9711	-0.000
190	933	13	0.9705	-0.000
190	993	13	0.9647	-0.000
190	1108	13	0.9718	0.000
190	1474	13	0.9731	-0.000
241	933	13	0.9723	-14.015
242	933	13	0.975	0.000
392	933	13	0.9817	0.000
933	993	13	0.9672	0.000
241	1108	13	0.9697	-14.015
242	1108	13	0.9626	0.000
822	1108	13	0.9614	0.000
1108	1355	13	0.9635	-0.000
1108	1474	13	0.9703	-0.000
242	1195	13	0.9613	0.000
242	392	13	0.9703	0.000
242	1355	13	0.962	0.000
242	1474	13	0.9652	0.000
241	993	13	0.9768	-14.015
822	993	13	0.9613	0.000
993	1355	13	0.9645	0.000
993	1428	13	0.9639	0.000
241	392	13	0.9683	-14.015
392	822	13	0.9678	0.000
822	1474	13	0.9696	0.000
1068	1428	13	0.9526	0.000
241	1474	13	0.9742	-14.015
241	1355	13	0.9729	-14.015
2684	2755	14	0.9791	266.261
2755	2808	14	0.978	-228.137
2755	2954	14	0.9795	70.078
1316	2755	14	0.9784	109.219
1831	2755	14	0.9776	0.001
1850	2755	14	0.9829	95.241
1940	2755	14	0.9866	0.001
2100	2755	14	0.9802	65.194
2236	2755	14	0.9776	35.220
2269	2755	14	0.9819	47.220
2541	2684	14	0.9763	-249.052
1850	2541	14	0.9763	78.031
1940	2541	14	0.9787	-17.208
1850	2451	14	0.9771	95.240
1850	1851	14	0.9778	28.031
1831	2236	14	0.9771	-35.219
1940	2236	14	0.9774	-35.219
1316	1850	14	0.9789	13.979
1831	1850	14	0.9798	-95.240
1850	1940	14	0.9863	95.240
1850	2100	14	0.9805	30.047
1850	2269	14	0.9789	48.021
1850	2954	14	0.9781	165.318
2684	2954	14	0.9761	336.339
2808	2954	14	0.9768	298.215
1940	2954	14	0.981	70.078
2518	3428	14	0.9757	238.230
1888	2518	14	0.9755	-169.005
2188	2518	14	0.9772	-168.969
1556	2269	14	0.9754	-117.297
1556	2851	14	0.9793	-117.333
1304	1316	14	0.9757	0.000
1316	1816	14	0.9754	55.989
1316	1831	14	0.9756	109.219
1316	1919	14	0.9766	55.990
1816	1888	14	0.9787	-15.995
1296	2100	14	0.9775	-65.193
1831	2100	14	0.9771	-65.193
1940	2100	14	0.981	-65.193
2100	2269	14	0.98	17.974
2100	3428	14	0.9755	65.193
1816	1831	14	0.9762	53.230
1831	1940	14	0.9827	-0.000
1831	2347	14	0.9779	-37.235
1940	2269	14	0.9807	-47.219
1940	2684	14	0.9787	-266.261
1940	2808	14	0.9769	-228.137
1816	2424	14	0.9829	3.995
2269	2684	14	0.9756	-219.041
2269	3428	14	0.9763	47.219
656	1654	15	0.9473	-456.250
726	892	15	0.9583	0.001
838	892	15	0.9562	0.000
892	959	15	0.9571	-0.000
892	994	15	0.9589	0.000
892	1041	15	0.951	0.000
892	1143	15	0.971	0.000
892	1211	15	0.9697	0.000
892	1654	15	0.962	0.001
726	959	15	0.9575	0.001
838	959	15	0.9597	-0.000
959	994	15	0.9584	0.000
959	1041	15	0.9525	0.000
959	1143	15	0.9714	0.000
959	1211	15	0.9506	0.000
959	1654	15	0.9539	0.001
726	838	15	0.9544	0.001
838	994	15	0.9616	0.000
838	1041	15	0.9563	0.000
838	1143	15	0.9738	0.000
838	1211	15	0.9529	0.000
838	1595	15	0.9436	-0.000
838	1654	15	0.9545	0.001
1595	1654	15	0.9474	0.001
1041	1595	15	0.9348	-0.000
726	1041	15	0.9649	0.001
994	1041	15	0.9622	0.000
1041	1143	15	0.9699	0.000
1041	1211	15	0.9493	0.000
1211	1654	15	0.9502	0.001
726	1654	15	0.9471	0.002
994	1654	15	0.9457	0.001
1143	1654	15	0.9596	0.000
726	994	15	0.9607	0.001
994	1143	15	0.9777	0.000
994	1211	15	0.9547	0.000
726	1211	15	0.9542	0.001
1143	1211	15	0.9665	-0.000
726	1143	15	0.9721	0.001
20	29	16	0.8483	18.010
29	50	16	0.8753	-14.016
29	93	16	0.8674	-0.008
40	58	16	0.8298	-14.016
44	58	16	0.8233	-12.000
58	71	16	0.8938	-14.016
58	498	16	0.8257	12.000
9	44	16	0.9223	-0.984
20	44	16	0.8436	-14.016
44	50	16	0.8554	18.011
44	455	16	0.9803	-0.000
44	498	16	0.8924	-0.000
4	20	16	0.9116	-0.984
20	455	16	0.8477	-14.016
38	422	16	0.8486	25.941
89	422	16	0.8506	25.977
28	82	16	1.0	0.009
28	84	16	0.9013	-17.017
88	102	16	0.8939	-14.016
102	476	16	0.8952	-0.000
10	18	16	0.8543	-14.015
18	35	16	0.8603	-14.016
18	64	16	0.8414	18.010
84	476	16	0.8297	27.995
401	476	16	0.8657	12.000
413	476	16	0.8222	-28.031
50	498	16	0.9092	-18.011
455	498	16	0.8915	-0.000
498	534	16	0.8776	0.000
38	496	16	0.8218	37.977
89	496	16	0.8698	38.013
413	496	16	0.9595	-0.000
50	88	16	0.9474	-14.016
50	93	16	0.8827	14.008
50	353	16	0.9485	-0.000
50	450	16	0.921	0.000
50	455	16	0.8597	-18.011
50	534	16	0.8329	-18.011
22	69	16	0.999	-0.039
22	71	16	0.8767	-18.049
9	450	16	0.8404	17.027
88	450	16	0.8685	14.016
93	450	16	0.8613	-14.008
353	450	16	0.8674	0.000
9	455	16	0.9266	-0.984
64	84	16	0.865	-14.015
82	84	16	0.9013	-17.026
38	89	16	0.8957	-0.036
89	413	16	0.8532	38.013
88	353	16	0.9258	14.016
69	71	16	0.8753	-18.011
110	561	18	0.959	-56.099
561	627	18	0.9684	-26.016
561	638	18	0.9719	-14.016
561	692	18	0.9605	-52.031
561	778	18	0.9732	-28.031
561	841	18	0.9658	-54.047
561	984	18	0.9833	-54.047
561	1055	18	0.9649	-56.062
561	1600	18	0.9786	-54.047
561	1639	18	0.9715	-54.047
110	692	18	0.9639	-108.131
389	692	18	0.9726	0.000
627	692	18	0.976	-26.016
692	778	18	0.9689	24.000
692	841	18	0.9653	-2.016
692	1055	18	0.9583	-4.031
692	1078	18	0.9593	0.000
692	1639	18	0.964	-2.015
638	737	18	0.9589	-26.015
737	861	18	0.9534	-2.016
737	984	18	0.9599	-14.016
737	1413	18	0.9515	14.016
1413	1600	18	0.9554	-28.032
1600	1639	18	0.9757	0.000
110	1600	18	0.9575	-110.146
627	1600	18	0.9786	-28.031
638	1600	18	0.9638	-40.031
778	1600	18	0.9711	-26.016
841	1600	18	0.9754	0.000
984	1600	18	0.9808	0.000
1055	1600	18	0.958	2.016
416	1125	18	0.944	-0.000
1125	1152	18	0.9576	-0.000
627	841	18	0.9785	-28.031
638	841	18	0.9661	-40.031
778	841	18	0.9716	-26.016
841	984	18	0.9712	0.000
841	1055	18	0.9661	-2.015
841	1413	18	0.9628	28.032
841	1639	18	0.9846	0.001
110	389	18	0.9569	-108.131
389	1078	18	0.972	0.000
416	1152	18	0.9586	-0.000
1078	1152	18	0.9401	-15.995
110	1078	18	0.9649	-108.131
110	638	18	0.9574	-70.115
627	638	18	0.9591	12.000
638	778	18	0.957	-14.015
638	861	18	0.9776	-28.031
638	984	18	0.9624	-40.031
638	1639	18	0.9739	-40.031
110	1055	18	0.9567	-112.162
627	1055	18	0.9569	-30.047
778	1055	18	0.9604	-28.031
984	1055	18	0.9595	-2.015
1055	1413	18	0.9493	30.047
1055	1639	18	0.9692	2.016
627	984	18	0.9675	-28.031
778	984	18	0.9621	-26.016
984	1639	18	0.9749	0.001
110	627	18	0.955	-82.115
627	778	18	0.9665	-2.016
627	1639	18	0.9778	-28.031
110	1639	18	0.9617	-110.146
778	1639	18	0.9673	-26.015
778	861	18	0.9639	-14.016
1767	1838	19	0.8517	-28.031
648	670	19	0.8634	-28.031
670	700	19	0.8492	-0.000
670	770	19	0.859	0.037
648	890	19	0.9457	-28.031
890	1616	19	0.8386	-309.256
174	770	19	0.832	1.004
700	770	19	0.8388	0.037
1616	2628	19	0.8551	337.251
1616	1838	19	0.8554	-2.016
1778	1817	20	0.9565	0.000
1778	1861	20	0.9087	0.000
1778	1922	20	0.8367	0.000
1966	2326	20	0.8331	2.016
2287	2326	20	0.8508	-26.016
345	2326	20	0.9029	31.006
364	2326	20	0.9534	12.996
2266	2288	20	0.8864	-2.016
1224	1325	20	0.9218	14.016
1325	1417	20	0.9347	-14.016
1325	1519	20	0.9295	-14.016
1325	2077	20	0.9222	-14.016
1325	2093	20	0.9529	0.000
1325	2300	20	0.9197	-14.016
1325	2381	20	0.9193	-14.016
1325	2422	20	0.9276	-14.016
1115	1325	20	0.9763	-0.000
1154	1325	20	0.9378	14.016
2381	2422	20	0.9735	0.000
1224	2422	20	0.9655	0.000
1417	2422	20	0.9708	-0.000
1519	2422	20	0.9781	-0.000
1863	2422	20	0.9634	0.000
2077	2422	20	0.9606	0.000
2093	2422	20	0.93	-14.016
2300	2422	20	0.9513	0.000
1115	2422	20	0.9274	-14.016
1317	1607	20	0.9364	-14.016
1412	1607	20	0.9479	0.000
1499	1607	20	0.9173	14.016
1505	1607	20	0.9348	-14.016
1607	1771	20	0.9436	-14.016
1607	2064	20	0.9426	-14.016
1607	2072	20	0.9338	0.000
1607	2087	20	0.9475	14.016
934	1220	20	0.9062	18.011
2385	2421	20	0.8376	-0.000
1327	2385	20	0.8563	14.016
1922	2385	20	0.832	126.141
820	2385	20	0.8344	-14.016
924	2385	20	0.8728	0.000
1031	2385	20	0.8583	14.016
1141	2385	20	0.8409	28.031
1922	2266	20	0.8545	18.011
2177	2266	20	0.8811	0.000
2266	2319	20	0.8561	-1.956
1347	2064	20	0.8908	-14.015
1347	2177	20	0.8781	-96.094
1817	1922	20	0.8352	-0.000
1861	1922	20	0.8555	-0.000
1922	2177	20	0.8867	18.010
924	1922	20	0.8713	-126.141
1115	1154	20	0.935	-14.016
1115	1254	20	0.9176	-28.031
1115	1519	20	0.926	-14.016
1115	2077	20	0.9204	-14.016
1115	2093	20	0.9642	0.000
2235	2319	20	0.8462	-1.956
934	2319	20	0.8395	-96.071
1224	1519	20	0.9702	0.000
1313	1519	20	0.928	26.016
1417	1519	20	0.9794	0.000
1519	1863	20	0.9729	-0.000
1519	2077	20	0.9668	-0.000
1519	2300	20	0.9578	-0.000
1519	2381	20	0.9682	-0.000
364	2287	20	0.8629	39.012
1928	2235	20	0.8297	-2.016
1502	2177	20	0.8597	-2.016
2345	2346	20	0.8294	-1.021
2162	2345	20	0.8731	-12.012
2187	2345	20	0.8806	-12.012
1224	1313	20	0.9222	-26.016
1224	1417	20	0.9714	0.000
1224	1863	20	0.9685	-0.000
1224	2077	20	0.9607	-0.000
1224	2087	20	0.9174	-14.016
1224	2300	20	0.956	-0.000
1224	2381	20	0.9596	-0.000
1709	2348	20	0.8506	18.010
934	2348	20	0.8499	-96.131
1928	1991	20	0.8857	-0.000
1991	2035	20	0.8781	-0.000
820	1031	20	0.9211	-28.031
924	1031	20	0.94	-14.016
1031	1141	20	0.932	-14.015
1154	1254	20	0.937	-14.016
1313	2381	20	0.9248	26.016
1417	2381	20	0.9645	-0.000
1863	2381	20	0.962	0.000
2077	2381	20	0.9547	-0.000
2300	2381	20	0.9466	0.000
2383	2419	20	0.9367	-0.000
924	2419	20	0.8495	18.011
934	2419	20	0.8613	32.026
949	2419	20	0.8808	-9.984
1048	2419	20	0.883	-12.000
1907	1966	20	0.8696	0.000
433	1907	20	0.8561	15.011
1313	1317	20	0.9239	12.000
1317	1412	20	0.9481	-14.016
1317	1499	20	0.9158	-28.031
1317	1505	20	0.9611	0.000
1317	2072	20	0.9542	-14.015
1317	2087	20	0.9701	0.000
1313	1417	20	0.9377	26.016
1417	1863	20	0.9692	-0.000
1417	2077	20	0.9729	-0.000
1417	2087	20	0.9297	-14.016
1417	2300	20	0.9638	-0.000
2162	2346	20	0.8544	-13.033
2187	2346	20	0.8659	-13.033
1928	2035	20	0.9029	-0.000
820	924	20	0.9591	-14.016
924	1141	20	0.9197	-28.031
924	1327	20	0.9058	-14.016
934	2383	20	0.8659	32.026
1863	2077	20	0.96	0.000
1863	2087	20	0.9195	-14.016
1863	2300	20	0.9511	0.000
1502	1928	20	0.8622	0.000
1412	2064	20	0.9232	-14.016
1771	2064	20	0.9274	0.000
2064	2072	20	0.9265	14.016
1574	1817	20	0.8412	-2.015
1412	1771	20	0.9386	-14.016
1499	1771	20	0.9286	-0.000
1771	2072	20	0.9467	14.016
1154	1771	20	0.9178	-42.047
820	1141	20	0.8991	-42.046
1709	1817	20	0.8464	2.016
1817	1861	20	0.908	-0.000
820	2287	20	0.8288	-176.118
1313	1505	20	0.9309	12.000
1412	1505	20	0.9439	14.016
1505	2072	20	0.9522	-14.016
1505	2087	20	0.9639	0.000
2162	2225	20	0.8988	-3.951
2187	2225	20	0.8935	-3.951
1709	1861	20	0.8575	2.016
1709	2162	20	0.8412	-14.016
1709	2187	20	0.8451	-14.016
949	2383	20	0.8726	-9.984
1313	1412	20	0.9393	-2.016
1313	2072	20	0.9247	-2.016
1313	2087	20	0.9364	12.000
2077	2300	20	0.9545	-0.000
1412	2072	20	0.9389	0.000
1499	2072	20	0.9184	14.016
2072	2087	20	0.9611	14.016
1154	2072	20	0.9236	-28.031
1048	1154	20	0.938	-14.016
1154	2093	20	0.9348	14.016
1048	2093	20	0.9145	0.000
1412	1499	20	0.9154	-14.016
1412	2087	20	0.9517	14.016
1499	2087	20	0.9173	28.031
2162	2187	20	0.9765	-0.000
1382	1842	21	0.9306	-41.821
1629	1842	21	0.9187	-13.789
1766	1842	21	0.8961	-13.995
1842	1844	21	0.9409	-0.226
1842	2006	21	0.9014	-0.226
1842	2335	21	0.9088	-0.226
1842	2361	21	0.8971	-0.226
1842	2412	21	0.8873	-0.226
1147	1842	21	0.9345	-69.852
181	512	21	0.8251	-70.078
222	512	21	0.8566	-56.099
280	512	21	0.8351	-42.047
281	512	21	0.7911	-41.044
301	512	21	0.836	-42.143
337	512	21	0.8343	-28.068
351	512	21	0.7891	-27.028
399	512	21	0.8437	-2.016
435	512	21	0.7885	-2.041
512	513	21	0.8395	-0.959
2917	3193	21	0.931	-0.001
3121	3193	21	0.9551	-0.000
1766	3193	21	0.8935	-0.205
2006	3193	21	0.8672	14.016
2653	2920	21	0.9112	-0.001
2852	2920	21	0.9532	0.000
2920	3125	21	0.9405	0.000
2920	3158	21	0.9203	-0.000
2920	3198	21	0.9175	-0.000
2920	3230	21	0.9224	-0.000
2920	3347	21	0.9284	0.000
1843	2920	21	0.904	-41.044
2692	2852	21	0.9344	-0.000
2852	3125	21	0.9491	0.000
2852	3158	21	0.9193	0.000
2852	3198	21	0.9341	-0.000
2852	3230	21	0.9169	0.000
2852	3347	21	0.9178	0.000
1354	1382	21	0.8833	44.026
1354	1579	21	0.9106	-28.031
1107	1354	21	0.9157	-28.032
19	437	21	0.7873	-126.196
335	437	21	0.7829	-13.031
395	437	21	0.9176	0.017
437	565	21	0.7731	-28.012
2701	2895	21	0.9452	0.000
2850	2895	21	0.9564	0.000
2895	2922	21	0.9682	0.000
2895	3084	21	0.9277	-0.000
2895	3126	21	0.9414	-0.000
2895	3173	21	0.9524	-0.000
2895	3200	21	0.9596	-0.000
2895	3268	21	0.9268	-0.000
2895	3299	21	0.9463	-0.000
2053	2895	21	0.9425	0.000
2701	3126	21	0.9475	-0.000
2850	3126	21	0.955	-0.000
2922	3126	21	0.9628	-0.000
3126	3173	21	0.9408	-0.000
3126	3200	21	0.9579	-0.000
3126	3268	21	0.9238	0.000
3126	3299	21	0.9244	0.000
1624	3126	21	0.9268	-27.030
2053	3126	21	0.9479	0.000
2512	2962	21	0.9322	-42.047
2556	2962	21	0.9008	-4.031
2760	2962	21	0.9204	-2.016
2942	2962	21	0.9057	-42.047
565	2962	21	0.8202	-252.282
2335	2361	21	0.9705	0.000
2335	2412	21	0.9688	0.000
2335	2457	21	0.8777	-68.063
1382	2335	21	0.8904	-42.046
1844	2335	21	0.8918	0.000
1930	2335	21	0.9105	-28.031
1147	2335	21	0.9085	-70.078
2692	2701	21	0.9335	28.031
2701	2850	21	0.9586	-0.000
2701	2922	21	0.9537	0.000
2701	3173	21	0.9509	-0.000
2701	3200	21	0.9659	-0.000
2701	3299	21	0.9292	-0.000
1624	2701	21	0.9307	-27.030
2053	2701	21	0.9509	0.000
181	222	21	0.8548	-13.979
222	280	21	0.8742	-14.052
222	281	21	0.8181	-15.055
222	301	21	0.8612	-13.956
222	335	21	0.837	-29.035
222	337	21	0.9067	-28.031
222	351	21	0.8323	-29.071
222	513	21	0.8155	-57.057
2512	2556	21	0.8695	-38.015
2556	2760	21	0.9084	-2.016
2556	2942	21	0.8731	38.015
2267	2556	21	0.9142	-28.031
2850	3200	21	0.9729	-0.000
2922	3200	21	0.9673	-0.000
3084	3200	21	0.9398	-0.000
3173	3200	21	0.9682	0.000
3200	3268	21	0.9405	0.000
1624	3200	21	0.938	-27.030
2053	3200	21	0.9497	0.000
2366	2692	21	0.967	0.001
2653	2692	21	0.9496	-0.000
2692	3069	21	0.9412	-0.000
2692	3125	21	0.9402	-0.000
2692	3198	21	0.9596	-0.000
1843	3230	21	0.9093	-41.044
399	435	21	0.9094	0.025
2512	2760	21	0.8925	-40.031
2512	2942	21	0.9379	0.000
1624	2053	21	0.9171	-27.030
1624	2366	21	0.9173	-55.062
1624	2850	21	0.9276	-27.030
1624	3173	21	0.9258	-27.030
1624	3268	21	0.9142	-27.030
598	833	21	0.8601	-28.031
2156	2760	21	0.8436	-56.064
833	2156	21	0.793	-138.139
2366	2653	21	0.9709	0.001
2653	3069	21	0.9145	-0.000
2653	3125	21	0.9162	-0.000
2653	3198	21	0.9255	-0.001
2653	3230	21	0.9341	-0.001
2653	3347	21	0.9159	-0.001
1766	2653	21	0.9082	-56.267
2361	2412	21	0.9752	0.000
2361	2457	21	0.8664	-68.063
2361	2646	21	0.8712	-28.031
1382	2361	21	0.8837	-42.046
1844	2361	21	0.88	0.000
1930	2361	21	0.9198	-28.031
1147	2361	21	0.8982	-70.078
2850	2922	21	0.9607	0.000
2922	3084	21	0.9303	-0.000
2922	3173	21	0.964	-0.000
2922	3268	21	0.9442	-0.000
2922	3299	21	0.9389	-0.000
2053	2922	21	0.9494	0.000
2850	3268	21	0.9262	0.000
3173	3268	21	0.941	0.000
3268	3299	21	0.9243	0.000
181	351	21	0.7685	-43.050
280	351	21	0.7717	-15.019
281	351	21	0.8509	-14.016
335	351	21	0.8976	-0.036
337	351	21	0.8875	-1.040
351	395	21	0.7787	-13.012
351	513	21	0.8234	-27.987
281	335	21	0.7853	-13.979
335	337	21	0.8874	1.003
335	395	21	0.7918	-13.048
335	513	21	0.7806	-28.023
395	565	21	0.8728	-27.995
565	1720	21	0.8137	-124.162
565	2760	21	0.7747	-250.266
181	513	21	0.768	-71.037
280	513	21	0.7699	-43.006
281	513	21	0.8458	-42.002
301	513	21	0.7635	-43.102
337	513	21	0.8396	-29.026
181	301	21	0.941	-27.935
280	301	21	0.9659	0.096
281	301	21	0.8481	1.100
301	337	21	0.8335	-14.076
2366	3069	21	0.936	0.001
3069	3125	21	0.9203	0.000
3069	3198	21	0.9324	-0.000
3069	3347	21	0.9106	-0.000
2917	3121	21	0.9393	-0.001
1629	3121	21	0.9143	0.001
1766	3121	21	0.9131	-0.205
1844	3121	21	0.8752	14.016
2006	3121	21	0.8725	14.016
833	1147	21	0.9028	-28.031
1147	1382	21	0.9278	-28.032
1147	1629	21	0.9449	-56.063
1147	1766	21	0.9181	-55.857
1147	1844	21	0.9091	-70.078
1147	2457	21	0.9076	-138.141
1147	2917	21	0.8911	-56.062
1579	1629	21	0.91	44.026
1579	1844	21	0.8749	30.010
1579	2006	21	0.8821	30.010
1107	1579	21	0.9395	-56.062
181	281	21	0.8364	-29.035
280	281	21	0.8325	-1.003
2366	3125	21	0.9179	0.001
3125	3198	21	0.9364	-0.000
3125	3230	21	0.9211	-0.000
3125	3347	21	0.9216	-0.000
181	337	21	0.8347	-42.011
280	337	21	0.8357	-13.979
2457	2760	21	0.9161	-28.031
2760	2942	21	0.8845	40.031
1456	1720	21	0.9048	-28.031
2053	2373	21	0.9196	-14.016
2217	2373	21	0.8978	-0.000
1382	1629	21	0.9396	-28.031
1382	1766	21	0.8958	-27.825
1382	1844	21	0.9216	-42.047
1382	2457	21	0.892	-110.109
1382	2917	21	0.8854	-28.030
1629	2917	21	0.9053	0.001
1766	2917	21	0.9077	-0.204
1844	2917	21	0.8794	14.017
2006	2917	21	0.8731	14.017
2053	2217	21	0.934	-14.016
2053	2850	21	0.9526	0.000
2053	3173	21	0.9465	0.000
2673	3158	21	0.8833	14.014
3158	3347	21	0.9047	0.000
2646	2827	21	0.8904	-0.001
833	1490	21	0.8507	-70.078
1930	2412	21	0.918	-28.031
2850	3299	21	0.929	0.000
3084	3299	21	0.9254	-0.000
181	280	21	0.9287	-28.031
2267	2457	21	0.9131	-2.016
1629	1844	21	0.9163	-14.015
1844	2006	21	0.883	0.000
1844	2457	21	0.8749	-68.062
2366	3347	21	0.9234	0.000
3198	3347	21	0.9264	0.000
3230	3347	21	0.9305	0.000
1629	1766	21	0.9217	0.206
1766	2006	21	0.877	-14.221
833	1930	21	0.879	-70.079
1629	2006	21	0.9303	-14.015
2217	2646	21	0.9034	0.001
2850	3173	21	0.9521	-0.000
3084	3173	21	0.9318	-0.000
2366	3198	21	0.9515	0.000
2366	3230	21	0.9279	0.000
1930	2646	21	0.8931	-56.062
2646	2942	21	0.87	-28.032
2812	2860	22	0.9756	0.001
2860	2923	22	0.9775	0.000
2860	2980	22	0.9814	0.000
2860	3082	22	0.9771	0.000
2860	3175	22	0.9809	0.000
2860	3232	22	0.9812	0.000
2860	3261	22	0.9847	0.000
2860	3285	22	0.9799	-0.000
2860	3333	22	0.9773	-0.000
2860	3373	22	0.9787	-0.000
2870	3285	22	0.9787	-0.000
2923	3285	22	0.9793	-0.000
2980	3285	22	0.9883	-0.000
3082	3285	22	0.982	-0.000
3175	3285	22	0.9741	-0.001
3232	3285	22	0.9812	-0.001
3261	3285	22	0.9854	-0.000
3285	3333	22	0.9767	0.000
3285	3373	22	0.975	0.000
2812	2870	22	0.9759	0.001
2812	3082	22	0.975	0.001
2812	3175	22	0.9766	0.001
2812	3232	22	0.9815	0.001
2812	3440	22	0.9721	0.001
2761	3175	22	0.9751	0.000
2761	3333	22	0.9749	-0.000
2761	3373	22	0.9738	-0.000
2761	3424	22	0.9687	0.000
2870	2923	22	0.9747	0.000
2923	2951	22	0.972	-0.000
2923	2980	22	0.982	-0.000
2923	3082	22	0.9767	0.000
2923	3232	22	0.9787	0.000
2923	3261	22	0.9784	0.000
2923	3440	22	0.9717	-0.000
2870	2980	22	0.9789	0.000
2980	3082	22	0.9868	0.000
2980	3175	22	0.9771	0.000
2980	3232	22	0.9817	0.000
2980	3261	22	0.988	0.000
2980	3333	22	0.9776	-0.000
2980	3373	22	0.9784	-0.000
3261	3373	22	0.9796	-0.000
3333	3373	22	0.9846	0.000
2870	3175	22	0.9763	0.000
2870	3232	22	0.9831	0.000
2870	3261	22	0.9773	0.000
2870	3440	22	0.9746	-0.000
3082	3232	22	0.9782	0.000
3175	3232	22	0.9793	0.000
3232	3261	22	0.9836	-0.000
3232	3440	22	0.9776	-0.000
2951	3082	22	0.9753	0.000
2951	3333	22	0.9763	-0.000
3082	3333	22	0.9741	-0.000
3175	3333	22	0.9744	-0.000
3261	3333	22	0.9828	-0.000
3082	3175	22	0.9742	0.000
3175	3261	22	0.9798	-0.000
3082	3261	22	0.9801	0.000
85	526	24	0.9249	-140.157
115	526	24	0.8807	-112.125
128	526	24	0.8041	-112.183
159	526	24	0.9363	-84.094
162	526	24	0.8513	-83.091
186	526	24	0.8333	-70.079
195	526	24	0.8466	-70.175
247	526	24	0.9381	-56.062
367	526	24	0.9334	-28.031
403	526	24	0.8787	-2.016
1526	1768	24	0.8613	-14.016
1768	1854	24	0.8206	-14.015
186	1768	24	0.7982	-254.152
195	1768	24	0.7862	-254.249
85	115	24	0.8937	-28.031
115	128	24	0.8851	0.057
115	159	24	0.8932	-28.031
115	162	24	0.831	-29.034
115	195	24	0.8259	-41.951
115	247	24	0.8692	-56.063
115	367	24	0.8846	-84.094
115	1383	24	0.8122	-216.185
593	647	24	0.8475	2.016
593	669	24	0.7894	-79.133
593	851	24	0.8595	-14.016
593	2049	24	0.8065	-130.129
85	128	24	0.8479	-27.974
128	162	24	0.7918	-29.092
128	367	24	0.8218	-84.151
85	247	24	0.9412	-84.094
159	247	24	0.9303	-28.032
162	247	24	0.8474	-27.029
195	247	24	0.8484	-14.112
247	367	24	0.9501	-28.031
247	867	24	0.8694	-112.071
247	1461	24	0.8802	-240.136
247	1854	24	0.8537	-254.152
647	867	24	0.8999	-28.031
867	943	24	0.8222	-109.180
867	944	24	0.8254	133.081
867	1461	24	0.8194	-128.066
867	1550	24	0.7989	92.029
867	1854	24	0.8381	-142.081
647	669	24	0.8331	-81.149
669	851	24	0.8457	65.118
669	1270	24	0.8608	-46.917
669	1526	24	0.8741	-60.932
669	2049	24	0.8394	-50.996
1267	1526	24	0.8378	-14.073
1270	1526	24	0.8997	-14.015
1299	1526	24	0.8367	-14.073
1526	1528	24	0.8739	15.922
1526	1854	24	0.8932	-28.032
159	1526	24	0.8927	-254.152
647	1526	24	0.9111	-142.081
851	1526	24	0.915	-126.049
1528	1832	24	0.8687	-28.031
1832	2049	24	0.7936	22.045
647	1832	24	0.8128	-154.190
851	1832	24	0.8212	-138.159
85	195	24	0.8505	-69.982
162	195	24	0.8597	-12.916
182	195	24	0.8419	-0.000
186	195	24	0.914	0.096
195	367	24	0.8482	-42.143
159	647	24	0.893	-112.071
647	851	24	0.9311	-16.031
647	1270	24	0.8837	-128.066
647	1528	24	0.8348	-126.159
647	2049	24	0.8172	-132.145
85	162	24	0.878	-57.066
159	162	24	0.8829	-1.003
162	186	24	0.8556	-13.012
162	367	24	0.8646	-55.060
1216	1267	24	0.9865	-0.000
1267	1270	24	0.9065	-0.058
1267	1299	24	0.9794	0.000
1267	1399	24	0.9443	0.000
1267	1409	24	0.9032	-14.016
1267	1461	24	0.8613	-28.089
1270	1528	24	0.8848	1.907
851	1528	24	0.8428	-110.128
1216	1299	24	0.9792	-0.000
1270	1299	24	0.9137	0.058
1299	1399	24	0.9347	0.000
1299	1409	24	0.891	-14.016
1299	1461	24	0.856	-28.089
85	186	24	0.806	-70.078
182	186	24	0.8016	-0.096
186	367	24	0.8214	-42.047
956	1550	24	0.8014	213.210
85	159	24	0.9507	-56.062
159	367	24	0.9267	-56.063
159	851	24	0.9055	-128.103
159	1270	24	0.8921	-240.137
2049	2370	24	0.7929	-28.030
851	2049	24	0.8242	-116.114
1216	1270	24	0.8986	-0.058
1270	1461	24	0.9024	-28.031
851	1270	24	0.8884	-112.034
473	1383	24	0.8791	-50.997
1148	1383	24	0.9028	-28.031
85	367	24	0.9344	-112.125
85	1148	24	0.8802	-216.185
851	1158	24	0.8077	-28.032
943	944	24	0.97	242.261
943	1461	24	0.8207	-18.886
943	1550	24	0.9097	201.210
943	1854	24	0.8293	-32.901
1461	1854	24	0.8331	-14.015
1550	1854	24	0.7847	-234.111
944	1854	24	0.8235	-275.162
1216	1399	24	0.9438	0.000
1216	1409	24	0.9145	-14.016
1216	1461	24	0.8547	-28.089
367	403	24	0.8489	-26.016
944	1461	24	0.829	-261.147
944	1550	24	0.918	-41.052
1399	1409	24	0.9002	-14.016
1461	1550	24	0.7929	220.095
2522	3358	25	0.8877	-126.085
3357	3358	25	0.9292	17.028
2520	2522	25	0.906	17.026
3083	3088	25	0.9295	-0.000
3083	3357	25	0.8164	18.010
2197	2198	25	0.8146	-28.032
2198	2498	25	0.808	14.016
2198	2520	25	0.8167	14.016
2197	2498	25	0.8797	-14.015
3088	3090	25	0.7202	151.100
2498	2520	25	0.852	-0.000
2520	3357	25	0.8185	-126.087
3088	3357	25	0.8342	18.010
1735	1848	26	0.9817	0.000
560	649	31	0.7952	-13.981
563	649	31	0.8087	18.011
569	649	31	0.8708	2.015
618	649	31	0.7799	-13.981
619	649	31	0.857	0.000
620	649	31	0.8783	-15.996
643	649	31	0.954	-0.000
649	667	31	0.8222	42.012
649	1084	31	0.8181	11.964
649	1116	31	0.7789	11.964
1544	1583	31	0.7591	-12.000
1560	1583	31	0.907	0.000
1583	1599	31	0.8694	-14.016
1583	1636	31	0.8675	-14.016
276	1583	31	0.7539	-263.261
880	1583	31	0.7653	-109.125
179	1038	31	0.7576	-108.130
391	1038	31	0.7254	-94.078
814	1038	31	0.7469	2.016
898	1038	31	0.7344	2.016
948	1038	31	0.7615	2.016
995	1038	31	0.7757	18.011
1015	1038	31	0.8469	-0.000
1038	1185	31	0.7202	-2.016
563	667	31	0.756	60.022
619	667	31	0.8242	42.012
620	667	31	0.8302	26.015
643	667	31	0.8028	42.012
667	880	31	0.8877	-28.031
667	1112	31	0.7696	-14.052
323	544	31	0.9238	0.000
432	544	31	0.8615	-0.021
477	544	31	0.9245	0.000
544	595	31	0.8117	0.000
544	901	31	0.8079	-112.089
544	951	31	0.7315	-126.105
544	999	31	0.7779	-126.105
544	1051	31	0.7559	-138.105
544	1256	31	0.7664	-184.147
323	432	31	0.8512	0.021
432	477	31	0.8673	-0.021
432	595	31	0.7573	-0.021
432	901	31	0.7412	-112.110
189	305	31	0.9266	-28.031
189	323	31	0.7558	143.096
189	400	31	0.7184	-40.031
189	1496	31	0.7395	-147.093
560	948	31	0.8139	15.995
569	948	31	0.7923	31.990
814	948	31	0.7498	-0.000
898	948	31	0.8397	-0.000
948	995	31	0.756	-15.996
948	999	31	0.7606	169.147
948	1015	31	0.8024	2.016
948	1185	31	0.7428	0.000
323	1256	31	0.7498	-184.147
477	1256	31	0.7961	-184.147
595	1256	31	0.7105	-184.147
936	1256	31	0.7581	-72.058
999	1256	31	0.764	-58.042
1051	1256	31	0.8358	-46.042
1425	1544	31	0.8474	-2.016
1425	1560	31	0.7717	-14.016
1425	1599	31	0.8741	-28.031
1069	1425	31	0.8176	44.026
1081	1425	31	0.7371	60.022
1450	1496	31	0.8371	0.000
951	1450	31	0.7514	-164.084
323	477	31	0.9233	0.000
323	595	31	0.8111	0.000
323	901	31	0.7981	-112.089
323	999	31	0.7631	-126.105
323	2081	31	0.7553	-224.251
1544	1636	31	0.7242	-26.016
1560	1636	31	0.7213	-14.016
1069	1636	31	0.7372	15.994
740	792	31	0.8795	-0.000
743	792	31	0.7132	-15.996
1069	1081	31	0.7964	-15.996
1069	1146	31	0.8881	2.016
1069	1544	31	0.8572	42.010
1069	1599	31	0.8631	15.995
1544	1560	31	0.7804	-12.000
1560	1599	31	0.9563	-14.016
276	1560	31	0.7366	-263.261
880	1560	31	0.761	-109.125
1185	1239	31	0.9287	0.000
795	1239	31	0.7119	13.979
986	1239	31	0.8367	-28.031
880	899	31	0.7401	-15.998
880	995	31	0.7792	-0.001
880	1112	31	0.7852	13.979
880	1156	31	0.7917	13.980
477	595	31	0.8045	0.000
620	800	31	0.8305	2.016
469	477	31	0.7183	28.031
477	901	31	0.8087	-112.089
477	936	31	0.74	-112.089
477	999	31	0.7714	-126.105
477	1051	31	0.7638	-138.105
899	995	31	0.8149	15.997
899	1084	31	0.7469	13.982
899	1185	31	0.703	31.993
563	1084	31	0.804	29.975
569	1084	31	0.803	13.979
643	1084	31	0.8155	11.964
1084	1112	31	0.8662	15.995
1084	1116	31	0.9159	0.000
1084	1156	31	0.8761	15.996
619	995	31	0.8023	13.980
995	1015	31	0.7917	18.012
995	1112	31	0.7701	13.980
995	1116	31	0.777	-2.015
995	1156	31	0.7609	13.980
560	569	31	0.823	-15.995
563	569	31	0.8076	15.996
569	619	31	0.7863	2.015
569	620	31	0.8121	18.011
569	643	31	0.8717	2.015
569	1112	31	0.7741	29.974
569	1116	31	0.79	13.979
563	619	31	0.842	18.010
563	643	31	0.8093	18.011
563	1116	31	0.7757	29.975
560	1112	31	0.7484	13.979
620	1112	31	0.8073	11.963
999	1112	31	0.7745	-171.163
1112	1116	31	0.8753	-15.995
1112	1156	31	0.9392	0.000
743	795	31	0.734	2.016
795	986	31	0.7789	42.010
795	1015	31	0.7905	15.995
795	1185	31	0.748	13.979
1081	1146	31	0.7368	18.011
1081	1544	31	0.7801	58.006
1081	1599	31	0.7749	31.990
1544	1599	31	0.907	-26.016
305	1544	31	0.7534	-237.246
618	1544	31	0.7447	-97.126
1146	1544	31	0.7324	39.995
1146	1599	31	0.7254	13.979
347	620	31	0.7738	-124.088
618	620	31	0.7873	2.015
619	620	31	0.7789	15.996
620	643	31	0.8796	-15.996
620	1156	31	0.7892	11.964
814	898	31	0.7368	-0.000
814	901	31	0.7221	183.163
814	1015	31	0.7776	2.016
560	618	31	0.7982	0.000
618	619	31	0.7882	-13.981
618	743	31	0.7398	-0.001
560	619	31	0.7737	-13.981
619	643	31	0.8369	0.000
619	743	31	0.8087	13.980
276	305	31	0.9045	-14.015
305	347	31	0.9191	-14.016
305	391	31	0.8414	-28.031
305	400	31	0.851	-12.000
305	951	31	0.8637	45.022
305	1015	31	0.7862	-122.109
305	1496	31	0.7615	-119.062
400	901	31	0.7132	71.038
901	951	31	0.7555	-14.016
276	391	31	0.8392	-42.047
347	391	31	0.7944	-14.015
391	400	31	0.7232	16.031
560	898	31	0.7797	15.995
898	1015	31	0.771	2.016
276	347	31	0.8973	-28.031
347	400	31	0.8286	2.016
347	951	31	0.8603	59.038
347	1015	31	0.7933	-108.093
347	1496	31	0.7696	-105.046
743	986	31	0.7188	44.026
560	643	31	0.8064	-13.981
643	1116	31	0.7836	11.964
643	1156	31	0.7639	27.960
999	1116	31	0.7556	-187.158
1116	1156	31	0.8611	15.996
560	1156	31	0.772	13.979
936	1051	31	0.8141	-26.016
276	1496	31	0.754	-133.077
400	1496	31	0.7377	-107.062
951	1496	31	0.7912	-164.084
400	1599	31	0.7174	-251.261
276	951	31	0.8188	31.006
400	951	31	0.8212	57.022
276	400	31	0.787	-26.015
179	1015	31	0.789	-108.130
986	1185	31	0.7901	-28.031
999	1051	31	0.764	-12.000
2439	2635	33	0.9098	-29.851
2620	2635	33	0.8699	-0.024
2621	2635	33	0.891	-0.020
2626	2635	33	0.8833	0.184
2631	2635	33	0.8915	-0.820
2634	2635	33	0.8947	-0.017
2635	2687	33	0.8977	1.821
2350	3144	33	0.9096	-0.001
2388	3144	33	0.9294	-42.048
2688	3144	33	0.9631	-0.000
2830	3144	33	0.9114	0.002
3095	3144	33	0.9239	56.063
3144	3280	33	0.9525	0.000
3144	3366	33	0.9445	0.000
3144	3464	33	0.976	-0.001
2207	3144	33	0.9262	-56.063
2271	3144	33	0.9166	-56.063
2632	2775	33	0.9301	-0.192
2775	2788	33	0.9032	-0.020
2775	3042	33	0.9263	0.192
2775	3402	33	0.9373	0.191
2183	2775	33	0.9348	-56.255
2207	2775	33	0.918	-56.255
2312	2775	33	0.9304	27.839
2439	2626	33	0.858	-30.035
2620	2626	33	0.8976	-0.208
2621	2626	33	0.947	-0.204
2626	2634	33	0.8828	0.201
2005	2020	33	0.8511	2.016
2735	3050	33	0.9229	-14.016
2916	3050	33	0.8602	0.000
2005	3050	33	0.9223	-10.020
2350	3042	33	0.9075	-0.000
2632	3042	33	0.9489	-0.000
2830	3042	33	0.9057	0.002
2918	3042	33	0.915	0.001
3042	3402	33	0.965	-0.000
3042	3464	33	0.9203	-0.001
2183	3042	33	0.9345	-56.063
2207	3042	33	0.944	-56.063
2312	3042	33	0.9439	28.031
2388	2688	33	0.9189	-42.048
2388	2835	33	0.8863	-56.061
2388	3280	33	0.9231	-42.048
2388	3366	33	0.9294	-42.048
2388	3464	33	0.9403	-42.048
2271	2388	33	0.9423	-14.016
2350	2858	33	0.9591	-0.002
2632	2858	33	0.9046	-0.002
2688	2858	33	0.9052	-0.002
2858	2918	33	0.9065	0.000
2858	3206	33	0.9537	0.002
2858	3402	33	0.9124	0.002
2112	2858	33	0.9529	-0.002
2440	3403	33	0.8951	-29.036
2631	3403	33	0.8975	0.999
2687	3403	33	0.9299	-0.003
2831	3403	33	0.8962	0.001
3145	3403	33	0.9398	-0.000
3207	3403	33	0.9147	-0.000
3315	3403	33	0.9471	-0.000
3363	3403	33	0.942	0.000
3403	3454	33	0.8956	-0.000
3403	3472	33	0.946	0.000
2632	3366	33	0.9085	-0.000
2688	3366	33	0.9323	-0.000
3206	3366	33	0.9067	0.000
3280	3366	33	0.9472	0.000
3366	3464	33	0.9502	-0.001
2183	3366	33	0.9128	-56.063
2207	3366	33	0.9112	-56.063
2271	3366	33	0.9297	-56.063
2776	3237	33	0.9233	0.194
2830	3237	33	0.9339	0.002
2835	3237	33	0.8857	14.014
3237	3309	33	0.9312	0.000
2688	3049	33	0.8964	-42.046
2688	3095	33	0.9196	-56.063
2688	3280	33	0.9391	-0.000
2688	3464	33	0.9536	-0.001
2207	2688	33	0.9132	-56.063
2271	2688	33	0.9185	-56.063
2529	2914	33	0.9406	-15.021
2630	2914	33	0.9022	-0.005
2687	2914	33	0.8944	-0.004
2735	2914	33	0.8947	13.010
2831	2914	33	0.9374	0.001
2859	2914	33	0.9044	0.001
2914	3040	33	0.932	0.002
2914	3238	33	0.9386	0.000
2914	3454	33	0.8933	0.000
2631	3207	33	0.8925	0.999
2687	3207	33	0.9199	-0.003
3145	3207	33	0.9314	-0.000
3207	3315	33	0.9306	0.000
3207	3363	33	0.9469	-0.000
3207	3472	33	0.9275	0.000
2529	3040	33	0.9186	-15.019
2831	3040	33	0.9275	0.003
3040	3238	33	0.9201	-0.002
2776	2830	33	0.9556	0.193
2776	3309	33	0.9437	0.194
3095	3464	33	0.9234	56.062
3280	3464	33	0.9512	-0.001
3402	3464	33	0.9211	-0.000
2207	3464	33	0.9233	-56.064
2271	3464	33	0.9255	-56.064
2350	2918	33	0.9112	-0.002
2632	2918	33	0.9071	-0.002
2830	2918	33	0.9085	0.000
2918	3402	33	0.914	0.001
2529	2735	33	0.9277	-28.030
2529	2831	33	0.9312	-15.022
2529	2859	33	0.8946	-15.021
2529	3238	33	0.9613	-15.021
2119	2529	33	0.8963	15.018
2271	2529	33	0.8963	-42.047
2735	2916	33	0.8794	-14.016
2005	2916	33	0.8552	-10.020
2835	3095	33	0.8871	-42.049
3095	3280	33	0.9011	56.063
2440	3472	33	0.9093	-29.036
2630	3472	33	0.9048	-0.004
2687	3472	33	0.9463	-0.003
2859	3472	33	0.9131	0.002
3145	3472	33	0.9559	0.000
3238	3472	33	0.9301	0.001
3315	3472	33	0.9277	0.000
3363	3472	33	0.9562	0.001
2271	2835	33	0.8962	-70.077
2271	3280	33	0.9329	-56.063
2439	2634	33	0.8653	-29.835
2620	2634	33	0.8801	-0.008
2621	2634	33	0.9069	-0.003
2634	3454	33	0.9006	1.801
2119	2634	33	0.8994	-1.803
2112	2350	33	0.9519	0.000
2112	3206	33	0.9377	-0.000
2847	2849	33	0.8288	-1.003
2005	2847	33	0.8471	-10.020
2249	2847	33	0.8293	-10.020
2183	2207	33	0.9464	0.000
2207	2632	33	0.9618	-56.063
2207	2830	33	0.9136	-56.065
2207	3402	33	0.9644	-56.063
2350	3402	33	0.9176	-0.001
2632	3402	33	0.9586	-0.001
2183	3402	33	0.9517	-56.063
2312	3402	33	0.9558	28.031
2830	2835	33	0.9348	-14.012
2835	3049	33	0.8852	-28.033
2835	3309	33	0.9367	14.014
2440	3315	33	0.8901	-29.036
2631	3315	33	0.9015	0.999
2687	3315	33	0.9201	-0.003
2831	3315	33	0.8932	0.002
3145	3315	33	0.9446	0.000
3315	3363	33	0.9299	-0.000
2630	3145	33	0.897	-0.004
2631	3145	33	0.9026	0.999
2687	3145	33	0.9472	-0.003
3145	3238	33	0.9074	-0.000
3145	3363	33	0.9464	-0.000
3145	3454	33	0.8939	-0.000
2440	2630	33	0.938	-29.032
2630	2859	33	0.9517	-0.006
2630	3274	33	0.9291	-0.005
2630	3363	33	0.8982	-0.005
2630	3454	33	0.941	-0.005
2119	2630	33	0.9513	0.003
2439	2631	33	0.8815	-29.032
2631	3363	33	0.9042	0.999
2735	2831	33	0.9159	13.009
2831	3238	33	0.9344	0.001
2831	3274	33	0.8931	0.001
2119	2831	33	0.8936	-0.003
2312	2350	33	0.9076	28.032
2312	2632	33	0.9507	28.031
2312	3309	33	0.9051	28.031
2440	3274	33	0.9136	-29.036
2859	3274	33	0.9239	0.001
3274	3454	33	0.9183	0.000
1820	3274	33	0.8706	-29.036
2119	3274	33	0.9263	-0.002
2119	2440	33	0.9359	29.034
2119	2859	33	0.9486	-0.003
2119	3454	33	0.9474	-0.002
2183	2632	33	0.9475	-56.063
2830	3280	33	0.9057	0.002
3280	3309	33	0.9075	0.000
2183	2350	33	0.9145	-56.063
2687	3363	33	0.9261	-0.003
2830	3309	33	0.952	0.002
2735	3238	33	0.9262	13.010
2005	2735	33	0.8892	3.996
2620	2621	33	0.9234	-0.004
3049	3309	33	0.9017	42.046
2350	3206	33	0.9515	-0.001
2440	3238	33	0.9003	-29.036
2687	3238	33	0.8956	-0.003
2859	3238	33	0.9134	0.001
2440	2859	33	0.9436	-29.037
2859	3454	33	0.9399	0.001
2440	3454	33	0.935	-29.036
2439	2621	33	0.8616	-29.831
2439	2687	33	0.8953	-28.030
2161	2190	34	0.8812	-0.000
480	495	36	0.8715	0.036
495	1023	36	0.7329	-128.157
2774	2986	39	0.9084	-28.032
2355	3195	39	0.9166	-28.032
2753	3195	39	0.9742	0.000
2794	3195	39	0.9056	29.869
2885	3195	39	0.9065	42.046
3195	3320	39	0.9115	0.000
2772	2802	39	0.9183	0.191
2772	2818	39	0.9214	0.165
2772	2840	39	0.9146	0.168
2772	2856	39	0.94	0.190
2772	2909	39	0.9084	0.189
2355	2774	39	0.914	-57.064
2753	2885	39	0.9292	-42.046
2774	2885	39	0.91	-13.014
2885	2978	39	0.9157	-14.015
2885	3467	39	0.9123	13.012
2880	3467	39	0.9051	14.015
2794	2856	39	0.9101	0.023
2802	2856	39	0.9133	-0.001
2818	2856	39	0.9238	0.025
2840	2856	39	0.9251	0.022
2856	2909	39	0.9041	-0.001
2774	3467	39	0.9531	-0.002
3229	3467	39	0.912	0.812
2794	2909	39	0.9072	0.022
2802	2909	39	0.9171	-0.002
2818	2909	39	0.957	0.023
2909	3229	39	0.9103	0.000
2753	3320	39	0.9161	0.000
2774	3229	39	0.9045	-0.815
2794	3229	39	0.9146	0.022
2801	3229	39	0.9215	0.000
2794	2818	39	0.918	-0.001
2802	2818	39	0.9262	-0.025
2794	2801	39	0.9229	0.022
2794	2802	39	0.9103	0.024
1292	1551	41	0.9871	0.000
1292	1904	41	0.9854	0.000
1292	1970	41	0.9886	0.000
1292	2070	41	0.9876	0.000
1292	2891	41	0.9881	0.000
1292	3054	41	0.9869	0.000
542	1292	41	0.988	0.000
1102	1292	41	0.9881	0.000
2365	2397	41	0.9921	0.000
2365	2474	41	0.9885	-0.000
2365	3180	41	0.9858	-0.000
1197	2365	41	0.9879	0.000
1442	2365	41	0.9843	0.000
2527	2823	41	0.9908	0.000
2823	2919	41	0.9889	-0.000
2823	3224	41	0.9917	-0.000
1259	2823	41	0.9857	0.000
1551	2823	41	0.9885	0.000
1904	2823	41	0.9895	0.000
2001	2823	41	0.9857	-0.000
2070	2823	41	0.9897	-0.000
1102	2823	41	0.9886	0.000
2891	3307	41	0.9867	-0.000
3266	3307	41	0.9862	-0.000
1259	3307	41	0.9876	0.000
1551	3307	41	0.9888	0.000
893	3307	41	0.9859	0.000
1102	3307	41	0.9886	0.000
1128	3307	41	0.9871	0.000
2130	3054	41	0.9829	0.000
2527	2891	41	0.9877	0.000
2700	2891	41	0.9857	-0.001
2891	3224	41	0.9892	-0.000
1259	2891	41	0.9874	0.000
542	2891	41	0.9858	0.000
893	2891	41	0.9862	0.000
2397	2474	41	0.9945	-0.000
2474	3180	41	0.9897	0.000
2474	3224	41	0.99	0.000
1197	2474	41	0.9862	0.000
819	1021	41	0.9764	0.000
2527	2919	41	0.9877	0.000
2527	3224	41	0.9907	0.000
1259	2527	41	0.9881	-0.000
1551	2527	41	0.9889	-0.000
1904	2527	41	0.9902	-0.000
1970	2527	41	0.9928	-0.000
2001	2527	41	0.9899	-0.000
2070	2527	41	0.9931	-0.000
1102	2527	41	0.9888	0.000
542	1904	41	0.987	0.000
542	1970	41	0.9885	0.000
542	2070	41	0.9895	0.000
542	2700	41	0.9855	0.001
1551	1904	41	0.991	0.000
1904	1970	41	0.9904	0.000
1904	2001	41	0.988	0.000
1904	2070	41	0.9921	0.000
1102	1904	41	0.9907	0.000
2397	3180	41	0.9902	-0.000
1442	3180	41	0.9817	0.000
1021	3180	41	0.9838	0.000
2919	3266	41	0.9843	0.000
1128	2919	41	0.9849	0.000
1551	2070	41	0.9894	0.000
1970	2070	41	0.9943	0.000
2001	2070	41	0.9917	0.000
2070	3224	41	0.9898	-0.000
1102	2070	41	0.9916	0.000
1259	1970	41	0.9876	0.000
1551	1970	41	0.9888	0.000
1970	2001	41	0.9911	0.000
1970	3224	41	0.9892	-0.000
1102	1970	41	0.9909	0.000
1102	1551	41	0.9945	0.000
1102	2001	41	0.9886	0.000
1102	3224	41	0.9912	0.000
1551	3224	41	0.9899	0.000
720	1551	41	0.9862	0.001
2700	3224	41	0.9895	-0.001
1259	3224	41	0.991	0.000
1197	1442	41	0.9795	0.000
1442	2397	41	0.9838	0.000
1259	2001	41	0.986	0.000
1128	3266	41	0.9843	0.000
1197	2397	41	0.9846	0.000
893	3266	41	0.9851	0.000
893	1259	41	0.9892	0.000
709	718	42	0.9378	-1.003
709	719	42	0.9113	-2.006
709	828	42	0.9464	-13.013
709	1142	42	0.9292	-1.003
709	1323	42	0.9744	-0.170
709	1379	42	0.9705	-0.184
709	1407	42	0.9415	0.001
709	1408	42	0.9245	-1.002
709	1414	42	0.9746	-0.170
709	2246	42	0.8945	-0.174
1323	1379	42	0.9568	-0.014
1331	1379	42	0.8957	-0.184
1379	1380	42	0.9024	-1.003
1379	1407	42	0.958	0.185
1379	1408	42	0.9316	-0.818
1379	1414	42	0.9658	0.015
718	1379	42	0.9207	0.818
828	1379	42	0.9341	12.829
1142	1379	42	0.9225	0.819
1338	1408	42	0.9471	0.001
1380	1408	42	0.9542	0.185
1407	1408	42	0.9372	-1.003
1408	1414	42	0.9142	0.833
1408	1437	42	0.9434	-0.001
718	1408	42	0.9445	0.000
719	1408	42	0.9508	1.003
1142	1408	42	0.9404	0.001
1323	1407	42	0.9236	0.171
1331	1407	42	0.9544	0.001
1338	1407	42	0.9353	1.004
1380	1407	42	0.9346	1.188
1407	1414	42	0.9358	-0.170
1407	1437	42	0.936	-1.004
1407	1443	42	0.9358	-0.001
1414	1420	42	0.9005	-1.020
718	1420	42	0.9054	-0.187
719	1420	42	0.8894	0.816
1142	1420	42	0.8993	-0.187
1205	1323	42	0.9074	-0.170
1323	1414	42	0.96	0.000
718	1323	42	0.9316	0.833
719	1323	42	0.8945	1.836
828	1323	42	0.9376	12.843
1142	1323	42	0.9195	0.833
1330	1331	42	0.8594	-1.003
1330	1443	42	0.8571	-1.003
828	1414	42	0.9574	12.844
828	2246	42	0.8706	12.839
723	1659	42	0.7695	458.239
1205	1659	42	0.8133	-45.078
1331	1338	42	0.944	-1.003
1331	1380	42	0.9261	-1.187
1331	1437	42	0.9372	-1.003
1331	1443	42	0.9899	0.000
1338	1380	42	0.9746	-0.184
1338	1437	42	0.978	0.000
1338	1443	42	0.9347	1.003
718	719	42	0.9526	-1.003
719	1142	42	0.9589	1.003
719	1380	42	0.9041	0.819
719	1414	42	0.8957	1.836
719	1437	42	0.8779	1.003
718	1142	42	0.9552	-0.000
718	1380	42	0.9065	-0.184
718	1414	42	0.9356	0.833
718	1437	42	0.8923	-0.000
1142	1380	42	0.9104	-0.184
1142	1414	42	0.9141	0.833
1380	1437	42	0.9727	0.184
1437	1443	42	0.9293	1.003
1380	1443	42	0.9114	1.187
2060	2245	45	0.843	47.999
2393	2460	45	0.757	-27.017
2433	2460	45	0.7699	-1.002
2460	2461	45	0.8105	0.004
1845	2214	45	0.8407	14.983
1846	2214	45	0.8761	13.979
1972	2214	45	0.8869	21.984
2138	2214	45	0.8322	43.013
2139	2214	45	0.8455	42.010
1974	2179	45	0.9323	-2.017
1993	2179	45	0.7808	47.997
2179	2245	45	0.9012	-26.015
1898	1972	45	0.8115	42.011
1972	2172	45	0.8069	-20.026
1671	2339	45	0.8931	-82.079
1769	2339	45	0.8931	-56.063
1805	2339	45	0.9056	-56.063
1933	2339	45	0.8949	-4.031
1983	2339	45	0.9027	-54.047
2069	2339	45	0.92	-28.032
2138	2339	45	0.9121	-1.012
2139	2339	45	0.8982	-2.016
2172	2339	45	0.8776	-2.016
2289	2339	45	0.884	-26.016
1671	1769	45	0.9182	-26.016
1671	1810	45	0.8942	-14.015
1671	1815	45	0.856	-76.031
1671	1974	45	0.8363	-12.036
1671	1983	45	0.9703	-28.032
1671	2069	45	0.9044	-54.046
1671	2245	45	0.8284	-40.068
1671	2289	45	0.8822	-56.063
1974	1993	45	0.7657	-50.013
1769	1805	45	0.904	0.000
1805	1810	45	0.8723	12.000
1805	1845	45	0.8671	-27.020
1805	1846	45	0.9059	-26.017
1805	1933	45	0.8725	-52.032
1805	1983	45	0.9235	-2.016
1805	2069	45	0.897	-28.031
1805	2139	45	0.8955	-54.047
1805	2172	45	0.8646	-54.047
1769	2069	45	0.9204	-28.031
1810	2069	45	0.8881	-40.031
1846	2069	45	0.8829	-2.014
1933	2069	45	0.8799	24.001
1983	2069	45	0.9296	-26.015
2069	2139	45	0.901	-26.016
2069	2289	45	0.8992	-2.016
1810	1933	45	0.8504	-64.032
1845	1933	45	0.872	-25.012
1846	1933	45	0.8604	-26.016
1899	1933	45	0.8892	-38.020
1933	2138	45	0.9002	-3.019
1933	2139	45	0.8763	-2.015
1933	2172	45	0.9086	-2.015
1467	1469	45	0.7939	15.974
1469	1538	45	0.9156	-2.016
1469	2393	45	0.8929	-84.094
1469	2433	45	0.9111	-110.110
1467	1822	45	0.7614	-78.994
2393	2461	45	0.7662	-27.013
2433	2461	45	0.7684	-0.998
1739	2121	45	0.8607	-4.031
1815	2121	45	0.8941	-28.031
1898	2121	45	0.8603	-2.015
2047	2121	45	0.8761	24.000
1810	1899	45	0.8001	-26.013
1899	2138	45	0.8407	-41.038
1899	2172	45	0.8728	-40.035
1899	2289	45	0.8559	-16.035
1538	2047	45	0.8486	-129.010
1610	2047	45	0.8311	-54.046
1739	2047	45	0.8766	-28.031
1815	2047	45	0.8691	-52.031
1845	2138	45	0.9305	-28.031
1846	2138	45	0.8797	-29.034
2138	2139	45	0.9158	1.003
2138	2172	45	0.8715	1.003
1845	2172	45	0.8475	-27.027
1846	2172	45	0.8452	-28.031
2139	2172	45	0.8954	0.000
1974	2245	45	0.8633	-28.032
1769	2139	45	0.8582	-54.047
1845	2139	45	0.9087	-27.027
1846	2139	45	0.9296	-28.031
1610	1739	45	0.861	-26.016
1610	1769	45	0.8496	48.001
1610	1815	45	0.8975	-2.015
1610	1983	45	0.8615	45.984
2393	2433	45	0.9058	-26.016
1538	2433	45	0.8604	-108.094
1739	1815	45	0.8558	24.000
1769	1815	45	0.8835	-50.016
1815	1898	45	0.8478	-26.016
1815	1983	45	0.8785	48.000
1810	2245	45	0.8177	-26.053
2245	2289	45	0.8138	-15.995
1739	1898	45	0.8583	-2.016
1845	1846	45	0.9283	1.003
1769	1810	45	0.8445	12.000
1769	1846	45	0.8887	-26.017
1769	1983	45	0.9553	-2.016
1538	1739	45	0.8269	-100.979
1538	2393	45	0.857	-82.078
1810	1983	45	0.9083	-14.016
1983	2289	45	0.8989	-28.031
1810	2289	45	0.9155	-42.048
916	918	46	0.7806	1.003
231	920	46	0.9047	-115.061
916	920	46	0.8959	-1.003
920	929	46	0.9354	0.927
231	929	46	0.8555	-114.135
916	929	46	0.9593	-0.076
231	916	46	0.8196	-114.058
2362	2371	48	0.8865	-26.016
2362	2413	48	0.8359	24.000
2040	2362	48	0.9058	-28.031
2129	2362	48	0.9503	-28.031
2144	2362	48	0.8315	21.986
2222	2362	48	0.8398	24.001
1866	2144	48	0.9338	-28.032
1921	2144	48	0.9046	-2.016
2144	2222	48	0.8414	-2.015
2144	2371	48	0.8493	-4.031
2071	2260	48	0.873	-28.030
2260	2371	48	0.8799	-14.017
1924	2164	48	0.8827	21.984
2040	2164	48	0.8863	24.000
2129	2164	48	0.8531	24.000
2164	2224	48	0.8637	-26.016
2164	2413	48	0.931	-28.031
263	1924	48	0.8246	-222.234
263	2071	48	0.8415	-236.250
263	2191	48	0.8433	0.001
1866	2040	48	0.8957	21.985
1924	2040	48	0.8835	-2.016
1948	2040	48	0.8947	24.000
2040	2129	48	0.8832	0.000
1924	2445	48	0.9477	-56.063
2004	2445	48	0.9235	-30.048
2071	2445	48	0.9513	-42.047
1866	2129	48	0.8814	21.985
1924	2129	48	0.8953	-2.015
1948	2129	48	0.8551	24.000
2224	2413	48	0.8988	-2.015
1866	1921	48	0.9525	-26.015
1866	1924	48	0.9174	24.001
1866	1948	48	0.8637	-2.015
1793	2004	48	0.9012	-2.016
1921	2004	48	0.8892	24.001
1924	2004	48	0.916	-26.015
2004	2016	48	0.8959	-26.015
2004	2071	48	0.9217	11.999
2182	2191	48	0.8974	0.023
2222	2371	48	0.8568	-2.016
1793	1921	48	0.9249	-26.017
1921	2016	48	0.8796	-2.014
1924	1948	48	0.9339	-26.015
1948	2016	48	0.9635	-26.015
1948	2222	48	0.9264	-28.032
1793	2016	48	0.9329	-28.031
2016	2222	48	0.9438	-2.017
1924	2071	48	0.919	-14.016
2463	2642	52	0.9418	-116.083
2554	2642	52	0.9277	-58.041
2463	2554	52	0.9269	-58.042
1990	2356	53	0.9249	-30.047
2036	2356	53	0.9464	-30.047
1990	2036	53	0.9475	0.000
165	1484	54	0.7342	0.032
1484	1485	54	0.903	-45.058
1485	1487	54	0.8132	-1.003
164	1485	54	0.7689	-0.000
1484	1487	54	0.7755	-46.061
164	1484	54	0.8172	45.058
744	1484	54	0.7753	6.948
2455	2647	56	0.8935	-10.020
2475	2647	56	0.973	-2.016
2476	2647	56	0.908	15.996
2571	2647	56	0.9449	15.996
2647	2648	56	0.9304	-18.011
2647	2881	56	0.9058	164.068
2647	3060	56	0.9268	144.041
2647	3061	56	0.9296	162.052
1641	2647	56	0.906	-94.114
1644	2647	56	0.9745	-112.125
2357	2391	56	0.9503	-26.014
2357	2455	56	0.8504	15.995
2357	2572	56	0.8932	-28.031
2357	2659	56	0.9032	-42.046
2357	2678	56	0.8609	-42.002
2391	2678	56	0.884	-15.987
2659	2678	56	0.9643	0.044
2455	2571	56	0.8726	-26.016
2475	2571	56	0.9506	-18.012
2476	2571	56	0.8986	-0.000
2551	2571	56	0.8728	-12.000
2571	2572	56	0.914	-18.011
2571	2648	56	0.8961	-2.015
2571	2897	56	0.9047	144.043
1641	2571	56	0.8798	-110.110
1644	2571	56	0.94	-128.121
1641	2202	56	0.8807	162.053
1644	2202	56	0.9116	144.042
2202	2881	56	0.8918	-92.099
2202	2890	56	0.8662	-110.109
2202	2897	56	0.886	-128.120
2202	3060	56	0.9206	-112.126
2202	3061	56	0.894	-94.115
2202	3080	56	0.9087	-138.141
2857	3060	56	0.8536	-28.032
2475	2476	56	0.927	-18.012
2475	2551	56	0.9066	-6.011
2475	2572	56	0.8938	-36.022
2475	2648	56	0.9112	-20.026
2475	2881	56	0.9035	162.052
2475	3061	56	0.8993	160.036
1641	2475	56	0.8997	-92.098
1644	2475	56	0.9667	-110.109
2881	3080	56	0.913	-46.042
2890	3080	56	0.8665	-28.032
2897	3080	56	0.877	-10.021
3060	3080	56	0.9062	-26.015
3061	3080	56	0.9116	-44.026
2426	2713	56	0.7124	180.064
1641	1644	56	0.9295	18.011
1644	2476	56	0.9051	-128.121
1644	2551	56	0.879	-116.121
1644	2648	56	0.8857	-130.135
1644	2881	56	0.8992	51.943
1644	3061	56	0.8998	49.927
2476	2897	56	0.8823	144.042
2890	2897	56	0.9121	-18.011
2897	3060	56	0.9192	15.994
2455	2551	56	0.9432	-14.015
2476	2551	56	0.9484	12.000
2551	2572	56	0.9088	-30.011
2551	2648	56	0.9418	-14.015
2551	2890	56	0.8586	150.053
1641	2551	56	0.9477	-98.109
2455	2648	56	0.9542	-28.030
2476	2648	56	0.9472	-2.015
2572	2648	56	0.8962	15.996
2648	3060	56	0.8642	162.051
1641	2648	56	0.9616	-112.124
2455	2476	56	0.9518	-26.016
2476	2572	56	0.8761	-18.011
1641	2476	56	0.9637	-110.110
1641	2455	56	0.9688	-84.094
1641	2572	56	0.923	-128.120
2881	2890	56	0.9291	-18.011
2890	3060	56	0.8858	-2.016
2890	3061	56	0.9194	15.995
2391	2572	56	0.8637	-2.016
2426	2572	56	0.8797	-2.016
2455	2572	56	0.9174	-44.026
2391	2659	56	0.9176	-16.031
2881	3060	56	0.8916	-20.027
3060	3061	56	0.9126	18.011
2881	3061	56	0.9828	-2.016
2666	3187	57	0.9684	-14.016
2811	3187	57	0.9846	0.002
2984	3187	57	0.9767	28.032
2988	3187	57	0.9833	0.000
3032	3187	57	0.9868	0.000
3187	3235	57	0.9835	-0.000
3187	3273	57	0.985	-0.000
3187	3339	57	0.9837	-0.000
3187	3426	57	0.9832	-0.000
3187	3470	57	0.9778	-0.000
2612	2722	57	0.9627	-14.017
2618	2722	57	0.9644	-28.034
2360	2854	57	0.9457	-82.078
2489	2605	57	0.9219	-2.014
2552	2605	57	0.881	-2.014
2605	2645	57	0.9386	-0.000
2605	2955	57	0.8212	-2.017
2317	2605	57	0.9275	-4.030
2406	2550	57	0.8153	32.027
2480	2550	57	0.8305	-0.019
2488	2550	57	0.7981	-0.001
2550	2603	57	0.819	-2.015
2550	2643	57	0.7839	-2.016
1226	2550	57	0.7756	-106.116
1946	2550	57	0.7443	16.990
2387	2414	57	0.7769	1.024
2414	2415	57	0.8139	-1.024
1945	2110	57	0.7539	-2.016
1945	2408	57	0.8117	29.052
1945	2489	57	0.8453	18.010
2406	2488	57	0.8384	32.028
2480	2488	57	0.8882	-0.018
2488	2491	57	0.8548	-456.433
2488	2548	57	0.8375	-456.433
2488	2589	57	0.8408	-456.433
2488	2603	57	0.8277	-2.016
2488	2643	57	0.7911	-2.016
1226	2488	57	0.7874	-106.115
1946	2488	57	0.797	16.990
2489	2552	57	0.9058	0.000
2552	2645	57	0.9222	-2.014
2552	3338	57	0.8227	-4.032
2552	3429	57	0.8112	-4.032
2552	3468	57	0.7915	-4.032
2317	2552	57	0.8472	-2.016
2666	2896	57	0.9647	-28.031
2811	2896	57	0.9694	-14.014
2896	2984	57	0.9711	-14.016
2896	3032	57	0.9664	14.015
2666	3426	57	0.9697	-14.016
2811	3426	57	0.9813	0.002
2984	3426	57	0.9719	28.032
2988	3426	57	0.9788	0.000
3032	3426	57	0.9795	0.000
3235	3426	57	0.982	0.000
3273	3426	57	0.9786	0.000
3339	3426	57	0.9828	0.000
3426	3470	57	0.9784	-0.000
2811	2984	57	0.9702	-28.030
2811	2988	57	0.9872	0.001
2811	3032	57	0.9857	0.001
2811	3235	57	0.9837	0.001
2811	3273	57	0.9856	0.001
2811	3339	57	0.9781	0.001
2811	3470	57	0.9699	0.001
2666	3235	57	0.9702	-14.016
2984	3235	57	0.9727	28.032
2988	3235	57	0.9796	0.000
3032	3235	57	0.9857	0.000
3235	3273	57	0.9859	0.000
3235	3339	57	0.9788	-0.000
3235	3470	57	0.9754	-0.000
1416	1722	57	0.7516	-118.100
1722	2378	57	0.7365	118.100
2666	2988	57	0.9675	-14.016
2984	2988	57	0.9708	28.032
2988	3032	57	0.9812	-0.000
2988	3273	57	0.9831	0.000
2988	3339	57	0.9782	-0.000
2988	3470	57	0.97	-0.000
1161	1253	57	0.8568	-14.016
2575	2576	57	0.9415	2.008
2575	2599	57	0.9766	-0.007
2575	2660	57	0.9628	-14.023
2471	2481	57	0.9009	-12.000
2471	2491	57	0.7898	-38.016
2471	2502	57	0.9113	12.000
2471	2576	57	0.9037	-14.016
2471	2589	57	0.7841	-38.016
1724	1908	57	0.7746	-2.016
1724	1946	57	0.766	58.005
2499	2555	57	0.9789	-0.001
2499	2587	57	0.96	56.062
2499	2613	57	0.9613	-2.014
2666	3470	57	0.9636	-14.016
3032	3470	57	0.9765	-0.000
3273	3470	57	0.9749	-0.000
3339	3470	57	0.9766	0.000
2444	3029	57	0.9554	-28.032
2555	3029	57	0.95	-2.016
2613	3029	57	0.9756	-0.003
2690	3029	57	0.969	-0.001
2645	3429	57	0.8476	-2.017
2765	3429	57	0.8588	-0.001
2817	3429	57	0.9084	-0.001
2869	3429	57	0.9029	-0.001
2955	3429	57	0.9139	-0.001
3338	3429	57	0.9076	-0.000
3429	3468	57	0.8916	0.000
2406	2548	57	0.8298	-424.405
2480	2548	57	0.8542	-456.451
2491	2548	57	0.9447	-0.000
2548	2589	57	0.971	0.000
1946	2548	57	0.7652	-439.443
2480	2643	57	0.7865	-2.034
2603	2643	57	0.886	-0.000
2627	2643	57	0.8594	458.447
2643	2686	57	0.8578	-458.448
2643	2910	57	0.8357	-458.449
2643	3208	57	0.8533	-458.448
2107	2643	57	0.8174	16.990
2502	2618	57	0.9255	-2.012
2612	2618	57	0.9515	14.017
2765	3468	57	0.8401	-0.001
2817	3468	57	0.8654	-0.001
2869	3468	57	0.8752	-0.001
2955	3468	57	0.8911	-0.001
3338	3468	57	0.8829	-0.000
1226	2378	57	0.8549	3.011
1324	2378	57	0.7214	35.037
1416	2378	57	0.9422	0.000
2086	2378	57	0.9008	14.016
1161	2378	57	0.7483	3.011
2765	2817	57	0.9169	-0.000
2765	2869	57	0.9067	-0.000
2765	2955	57	0.9204	-0.000
2765	3338	57	0.8703	-0.001
2666	3273	57	0.9713	-14.016
2984	3273	57	0.9735	28.032
3032	3273	57	0.9879	0.000
3273	3339	57	0.9782	-0.000
2817	2869	57	0.9222	-0.000
2869	2955	57	0.9477	-0.000
2869	3338	57	0.8998	-0.001
2317	2869	57	0.8149	-6.047
2565	2567	57	0.8394	-432.433
1226	2565	57	0.7322	-82.116
1226	1324	57	0.7627	-32.027
1226	1416	57	0.9018	3.011
1226	2603	57	0.801	-108.131
1161	1226	57	0.848	0.000
2555	2613	57	0.9687	-2.013
2613	2690	57	0.9906	-0.001
2613	2821	57	0.9583	-0.002
2489	3338	57	0.8183	-4.031
2645	3338	57	0.8661	-2.017
2817	3338	57	0.8925	-0.001
2955	3338	57	0.9117	-0.000
2110	2343	57	0.85	-0.002
2386	2387	57	0.8535	-1.024
2386	2415	57	0.7742	-1.024
2106	2107	57	0.7631	1.021
2360	2666	57	0.9733	-42.047
2579	2666	57	0.9787	-14.015
2666	2984	57	0.9785	-42.048
2406	2408	57	0.7915	1.022
2406	2480	57	0.8762	32.046
2406	2491	57	0.8596	-424.405
2406	2589	57	0.8398	-424.405
1946	2406	57	0.8602	-15.038
2480	2589	57	0.8556	-456.451
2491	2589	57	0.9559	-0.000
2502	2589	57	0.8458	-50.016
2627	3168	57	0.9106	-0.002
2686	3168	57	0.8971	-0.001
2910	3168	57	0.9572	0.000
3168	3208	57	0.9374	0.001
1946	2107	57	0.7517	-2.016
1946	2408	57	0.8148	-14.015
1946	2480	57	0.8394	17.008
1946	2491	57	0.779	-439.443
2817	2955	57	0.9358	-0.000
2317	2817	57	0.8155	-6.047
2576	2599	57	0.9431	-2.015
2599	2660	57	0.9691	-14.016
2387	2415	57	0.8901	0.000
1416	2415	57	0.7205	-161.145
2489	2502	57	0.8459	-364.371
2489	2645	57	0.9303	-2.014
2489	2955	57	0.8239	-4.031
2317	2489	57	0.894	-2.016
1161	1416	57	0.8028	3.011
2603	3208	57	0.8473	-458.448
2627	3208	57	0.9814	-0.001
2686	3208	57	0.9746	0.000
2910	3208	57	0.9755	0.001
2645	2955	57	0.8684	-2.017
2317	2955	57	0.8542	-6.047
2567	2578	57	0.7222	-128.893
2578	2579	57	0.9545	-56.063
2578	2587	57	0.874	-24.000
2481	2502	57	0.8705	24.000
2491	2502	57	0.8481	50.016
2502	2576	57	0.8892	-26.016
2555	2690	57	0.9596	-2.015
2984	3032	57	0.9715	28.031
3032	3339	57	0.98	-0.000
1908	1968	57	0.7754	-0.000
2444	2579	57	0.9544	-2.016
2496	2838	57	0.9123	-0.001
1324	1416	57	0.7689	35.037
1416	2086	57	0.9376	-14.016
2360	2579	57	0.9755	-28.032
2576	2838	57	0.8953	-28.031
2481	2576	57	0.9213	-2.016
2480	2491	57	0.8672	-456.451
2555	2587	57	0.9659	56.063
2317	2645	57	0.9133	-4.030
2579	2984	57	0.9703	-56.062
2603	2686	57	0.8518	-458.448
2627	2686	57	0.9788	-0.001
2686	2910	57	0.9514	-0.001
2107	2603	57	0.8187	16.990
2480	2603	57	0.8565	-2.034
2627	2910	57	0.9636	-0.002
2603	2627	57	0.8551	-458.447
607	765	58	0.8448	26.016
704	849	58	0.8199	-44.026
704	939	58	0.8656	-42.047
253	874	58	0.9399	-42.047
374	874	58	0.9311	-70.078
488	874	58	0.9297	-56.062
551	874	58	0.9266	-42.047
639	874	58	0.9395	-28.031
760	874	58	0.9422	-70.078
762	874	58	0.8869	-56.063
874	906	58	0.9265	0.036
874	1044	58	0.9596	-14.016
874	1179	58	0.9076	-28.031
558	1104	58	0.9214	-56.062
946	1104	58	0.877	-14.016
1072	1104	58	0.8031	0.000
1104	1186	58	0.8342	-14.016
1104	1252	58	0.8917	-14.016
1104	1478	58	0.8296	-42.047
1104	1798	58	0.8824	-70.078
604	639	58	0.923	13.002
604	906	58	0.8875	-14.993
374	762	58	0.8849	-14.015
488	762	58	0.9072	0.000
551	762	58	0.9221	14.016
759	762	58	0.8782	-28.031
760	762	58	0.8957	-14.015
762	765	58	0.8821	56.062
762	782	58	0.8886	-43.220
762	906	58	0.9092	-56.027
763	872	58	0.8481	-14.017
779	872	58	0.8651	-13.838
793	872	58	0.8673	-13.847
872	1045	58	0.8579	-14.015
872	1531	58	0.8608	-69.075
872	1631	58	0.866	14.035
374	488	58	0.9215	-14.016
488	551	58	0.8987	-14.016
488	639	58	0.9269	-28.031
488	760	58	0.9296	14.016
488	906	58	0.9291	-56.027
488	1044	58	0.9285	-70.078
488	1179	58	0.8791	-84.094
253	906	58	0.9299	-42.011
374	906	58	0.897	-70.042
551	906	58	0.9611	-42.011
639	906	58	0.9272	-27.995
760	906	58	0.9096	-70.042
906	1044	58	0.9516	-14.052
1312	1375	58	0.8138	33.984
1050	1312	58	0.857	77.084
379	1045	58	0.8769	-28.030
763	1045	58	0.845	-28.032
769	1045	58	0.8545	-27.862
779	1045	58	0.9246	-27.853
793	1045	58	0.8557	-27.862
1045	1631	58	0.8352	28.050
849	1050	58	0.8445	-12.036
939	1050	58	0.9495	-14.016
379	751	58	0.8091	-0.177
751	763	58	0.9056	0.179
751	769	58	0.9133	0.009
751	779	58	0.8282	0.000
751	782	58	0.9117	0.008
751	793	58	0.8798	0.009
1056	1072	58	0.86	-0.036
1071	1072	58	0.8664	-0.036
1179	1426	58	0.8808	-28.031
1426	1531	58	0.8343	-14.016
558	946	58	0.9308	-42.047
945	946	58	0.8056	1.003
946	1186	58	0.8411	-28.031
946	1248	58	0.8378	-29.035
946	1252	58	0.9186	-28.031
946	1478	58	0.8711	-56.063
946	1798	58	0.8834	-84.094
1531	1631	58	0.8501	83.110
763	1631	58	0.8159	0.018
1139	1478	58	0.8082	-28.031
988	1071	58	0.8281	0.036
1056	1071	58	0.8948	0.000
253	374	58	0.9177	28.031
253	551	58	0.9369	0.000
253	639	58	0.8802	-14.016
253	759	58	0.8698	42.047
253	760	58	0.9303	28.031
253	1044	58	0.9214	-56.063
253	1179	58	0.8933	-70.078
379	763	58	0.8712	0.001
763	769	58	0.9	-0.170
763	779	58	0.8562	-0.179
763	782	58	0.9077	-0.171
763	793	58	0.9314	-0.169
374	760	58	0.9927	0.000
551	760	58	0.9299	28.031
639	760	58	0.9269	42.047
760	1044	58	0.9454	-84.094
760	1179	58	0.8706	-98.109
1186	1375	58	0.8162	-40.031
1223	1375	58	0.8958	-2.016
1162	1375	58	0.8663	-28.031
849	939	58	0.8595	1.979
374	1044	58	0.9332	-84.094
551	1044	58	0.9181	-56.063
639	1044	58	0.945	-42.047
1044	1179	58	0.9021	-14.015
1044	1531	58	0.8887	-56.062
1248	1252	58	0.8325	1.003
1248	1478	58	0.8462	-27.028
1248	1798	58	0.8495	-55.059
558	1248	58	0.8696	-71.081
945	1248	58	0.8669	-28.032
558	945	58	0.8169	-43.049
558	1186	58	0.8798	-70.078
558	1252	58	0.903	-70.078
558	1478	58	0.8664	-98.109
558	1798	58	0.9205	-126.141
602	759	58	0.8878	-28.031
759	765	58	0.8817	28.031
988	1056	58	0.8223	0.036
802	1162	58	0.8056	-56.062
802	1531	58	0.8349	-98.109
374	551	58	0.9166	-28.031
551	639	58	0.9269	-14.016
551	1179	58	0.8835	-70.078
374	639	58	0.9166	-42.047
639	1179	58	0.8991	-56.062
1186	1798	58	0.9126	-56.063
1252	1798	58	0.883	-56.063
1478	1798	58	0.8555	-28.031
1186	1252	58	0.8517	0.000
1186	1478	58	0.857	-28.031
1186	1511	58	0.8149	-42.047
945	1186	58	0.8124	-27.029
1179	1531	58	0.8719	-42.047
1252	1478	58	0.8873	-28.031
945	1252	58	0.8351	-27.029
379	793	58	0.8491	-0.168
769	793	58	0.8791	0.000
779	793	58	0.8788	0.009
782	793	58	0.8896	0.002
379	769	58	0.868	-0.168
769	779	58	0.8713	-0.009
769	782	58	0.9158	-0.002
379	779	58	0.8929	-0.177
765	779	58	0.8254	-99.290
945	1478	58	0.8112	-55.060
602	765	58	0.9511	0.000
922	1879	59	0.9253	-122.168
922	2155	59	0.9183	-150.205
1879	2151	59	0.9642	-28.032
2151	2155	59	0.975	-0.005
344	2151	59	0.9626	-224.252
344	1879	59	0.9629	-196.220
344	2155	59	0.9581	-224.257
1879	2155	59	0.9658	-28.037
2931	2946	62	0.9025	-12.002
2931	3097	62	0.9701	-0.000
2931	3313	62	0.9649	0.003
3097	3313	62	0.9536	0.003
2764	3406	65	0.972	0.001
2814	3406	65	0.9754	0.001
2862	3406	65	0.9713	0.000
2960	3406	65	0.9811	0.000
3148	3406	65	0.9697	-0.000
3249	3406	65	0.9676	-0.000
3277	3406	65	0.9723	-0.000
3325	3406	65	0.9735	0.000
3365	3406	65	0.9743	0.000
3406	3457	65	0.9749	0.000
2602	2764	65	0.965	-4.033
2602	3325	65	0.9645	-4.033
2602	3365	65	0.9701	-4.033
2862	3038	65	0.9607	-0.000
3038	3457	65	0.9571	0.000
2764	3365	65	0.9774	0.001
2814	3365	65	0.9747	0.001
2862	3365	65	0.976	-0.000
2960	3365	65	0.98	0.000
3148	3365	65	0.9663	-0.000
3277	3365	65	0.974	-0.000
3325	3365	65	0.9807	-0.000
3365	3457	65	0.9697	0.000
2764	3277	65	0.9699	0.001
2814	3277	65	0.9667	0.001
2862	3277	65	0.9674	0.000
2960	3277	65	0.9759	0.000
3148	3277	65	0.9594	-0.000
3249	3277	65	0.9577	-0.000
3277	3325	65	0.9736	-0.000
3277	3457	65	0.9661	0.000
2764	2862	65	0.9725	0.001
2814	2862	65	0.9734	0.001
2862	2960	65	0.979	-0.000
2862	3148	65	0.9693	0.000
2862	3325	65	0.9747	-0.000
2862	3457	65	0.9646	0.000
2814	3249	65	0.9664	0.002
2960	3249	65	0.9703	0.000
3148	3249	65	0.9685	0.000
3249	3457	65	0.9585	-0.000
2764	2960	65	0.9804	0.001
2814	2960	65	0.9843	0.001
2960	3148	65	0.9767	0.000
2960	3325	65	0.9826	0.000
2960	3457	65	0.9729	0.000
2764	3148	65	0.9728	0.001
2814	3148	65	0.9728	0.001
3148	3325	65	0.9675	-0.000
2764	3325	65	0.9797	0.001
2814	3325	65	0.9725	0.001
3325	3457	65	0.9687	0.000
2764	3457	65	0.9668	0.001
2814	3457	65	0.9671	0.001
2764	2814	65	0.9775	-0.001
2742	3006	67	0.848	-79.020
2995	3006	67	0.9701	0.253
2996	3006	67	0.7417	16.024
3006	3009	67	0.9768	-0.217
3006	3013	67	0.9721	-0.250
3006	3015	67	0.9598	-0.212
3006	3018	67	0.8439	-1.260
1761	3006	67	0.725	-177.149
178	556	67	0.7141	-98.110
260	556	67	0.8111	-56.062
385	556	67	0.7157	-28.031
448	2392	67	0.7818	-188.157
2731	2743	67	0.9217	435.469
2733	2743	67	0.9276	459.469
2734	2743	67	0.9297	461.478
2736	2743	67	0.9291	541.393
2741	2743	67	0.945	1.023
2743	2745	67	0.8642	-43.067
2743	2747	67	0.8036	-29.051
2743	2751	67	0.9233	-618.408
2743	2752	67	0.8673	-635.435
2731	2745	67	0.916	392.402
2733	2745	67	0.912	416.402
2734	2745	67	0.8983	418.411
2736	2745	67	0.9028	498.327
2745	2747	67	0.9248	14.016
2745	2751	67	0.8961	-575.342
2745	2752	67	0.8436	-592.368
2128	2745	67	0.8076	-111.140
2394	2655	67	0.713	31.998
2465	2655	67	0.7124	31.998
2508	2655	67	0.7111	31.998
2513	2655	67	0.7499	62.009
2544	2655	67	0.7668	16.003
2546	2655	67	0.837	19.013
2650	2655	67	0.7032	-2.008
2651	2655	67	0.7703	-1.005
2921	2996	67	0.7147	0.000
1734	1944	67	0.9228	18.010
1734	2394	67	0.9053	-276.173
1734	2465	67	0.9071	-276.173
1734	2508	67	0.7287	-276.173
1734	2513	67	0.877	-306.184
1734	2544	67	0.9356	-260.178
1734	2546	67	0.7039	-263.187
1734	2650	67	0.9068	-242.167
1734	2651	67	0.839	-243.169
478	1734	67	0.7412	-635.463
2584	3064	67	0.8522	-56.247
2590	3064	67	0.8514	578.167
2970	3064	67	0.8687	617.202
2990	3064	67	0.8725	617.202
3028	3064	67	0.7954	1.823
1660	3064	67	0.7743	-190.324
1757	3064	67	0.7772	-174.327
2731	2747	67	0.8526	406.418
2733	2747	67	0.8361	430.418
2734	2747	67	0.8154	432.427
2736	2747	67	0.8539	512.343
2747	2752	67	0.7636	-606.384
2582	2992	67	0.9189	17.027
2583	2992	67	0.976	0.000
2669	2992	67	0.8728	14.015
2737	2992	67	0.8961	-20.953
2759	2992	67	0.8389	-76.861
2992	3001	67	0.917	56.063
2992	3005	67	0.8447	112.125
1657	2992	67	0.8375	-134.073
1690	2992	67	0.8329	-148.089
1756	2992	67	0.8401	-118.078
2394	2465	67	0.8912	-0.000
2465	2508	67	0.7454	-0.000
2465	2513	67	0.8301	-30.011
2465	2544	67	0.9018	15.995
2465	2546	67	0.7186	12.985
2465	2650	67	0.9094	34.006
2465	2651	67	0.8769	33.003
1944	2465	67	0.8764	-294.183
2126	2128	67	0.9288	-45.059
2740	2749	67	0.7839	-45.060
2741	2749	67	0.8956	-1.002
2749	3028	67	0.7303	-78.020
1660	2749	67	0.7844	-114.127
1688	2749	67	0.7678	-127.137
1757	2749	67	0.7802	-98.130
1775	2749	67	0.7335	-98.013
1859	2749	67	0.7641	-100.109
2742	2995	67	0.8477	-79.273
2995	2996	67	0.7681	-15.771
2995	3009	67	0.9731	0.036
2995	3013	67	0.9672	0.003
2995	3015	67	0.9658	0.041
2995	3018	67	0.8467	-1.007
2590	2990	67	0.9638	-39.035
2751	2990	67	0.9174	-77.016
2970	2990	67	0.9837	0.000
2990	2997	67	0.8791	-1.003
2996	3009	67	0.7668	15.807
2996	3013	67	0.7602	15.774
2996	3015	67	0.7515	15.812
2985	3024	67	0.9714	28.032
3024	3036	67	0.9208	2.015
3024	3047	67	0.9789	0.000
2970	2997	67	0.8618	-1.003
2985	2997	67	0.8477	-128.894
2997	3011	67	0.9217	-43.042
2997	3014	67	0.8835	-44.047
2731	2736	67	0.9836	-105.925
2733	2736	67	0.981	-81.925
2734	2736	67	0.9565	-79.916
2736	2741	67	0.9151	540.371
2736	2751	67	0.9854	-77.015
2736	2752	67	0.9065	-94.041
448	3003	67	0.9065	-154.042
2985	3047	67	0.974	28.032
3014	3047	67	0.8223	200.972
3036	3047	67	0.9186	-2.015
2394	2651	67	0.8745	33.003
2508	2651	67	0.7197	33.004
2513	2651	67	0.8057	63.014
2544	2651	67	0.8214	17.009
2546	2651	67	0.8378	20.018
2650	2651	67	0.9216	-1.002
1944	2651	67	0.8688	-261.180
2740	3009	67	0.7494	-80.240
2742	3009	67	0.8474	-79.237
3009	3013	67	0.9725	-0.033
3009	3015	67	0.9679	0.005
3009	3018	67	0.8445	-1.043
2590	2752	67	0.8818	20.955
2731	2752	67	0.8992	-199.966
2733	2752	67	0.902	-175.966
2734	2752	67	0.8858	-173.957
2751	2752	67	0.9405	-17.026
2394	2508	67	0.768	-0.000
2508	2513	67	0.828	-30.011
2508	2544	67	0.8177	15.995
2508	2650	67	0.7517	34.006
3011	3014	67	0.9055	-1.005
3014	3019	67	0.8087	-15.021
1360	1858	67	0.8014	-30.047
1657	1858	67	0.9396	-14.016
1690	1858	67	0.9278	-28.031
1756	1858	67	0.9479	1.979
1858	2737	67	0.8411	-99.105
1858	2759	67	0.8095	-43.196
1858	3001	67	0.9137	-63.995
478	1858	67	0.8034	-172.162
1360	1657	67	0.816	-16.031
1657	1660	67	0.8228	-45.057
1657	1690	67	0.9544	14.016
1657	1756	67	0.9564	-15.995
1657	2583	67	0.8318	-134.073
1657	2737	67	0.8636	-113.121
1657	2759	67	0.8318	-57.212
1657	3001	67	0.9245	-78.010
2731	2751	67	0.9815	-182.940
2733	2751	67	0.9761	-158.940
2734	2751	67	0.9494	-156.931
2741	2751	67	0.9112	-617.386
2751	2970	67	0.9092	-77.016
2394	2513	67	0.8547	-30.011
2513	2544	67	0.954	46.006
2513	2546	67	0.7436	42.996
2513	2650	67	0.891	64.017
1944	2513	67	0.8312	-324.194
1660	1775	67	0.9131	-16.113
1695	1775	67	0.862	-30.127
1757	1775	67	0.8767	-0.117
1763	1775	67	0.9145	-14.133
1775	1859	67	0.8842	2.096
1775	2584	67	0.8646	-117.964
1689	1690	67	0.9421	17.027
1690	1756	67	0.9518	-30.011
1690	2583	67	0.8277	-148.089
1690	2737	67	0.8443	-127.136
1690	2759	67	0.8152	-71.228
1690	3001	67	0.9191	-92.026
1690	3005	67	0.7977	-35.963
1688	1695	67	0.723	1.003
1658	1689	67	0.7816	14.015
1658	2582	67	0.7091	-134.074
1660	1859	67	0.9169	-14.017
1695	1859	67	0.8707	-28.031
1757	1859	67	0.9006	1.980
1859	2584	67	0.8556	-120.060
1859	2741	67	0.8557	-99.107
481	1859	67	0.7498	-172.162
2582	2584	67	0.8	-28.034
2584	2590	67	0.8461	-634.414
2584	2741	67	0.8871	20.953
1660	2584	67	0.9006	-134.077
1695	2584	67	0.8349	-148.091
1757	2584	67	0.868	-118.080
2737	2740	67	0.8487	-1.003
2740	2742	67	0.9083	-1.003
2740	3015	67	0.751	-80.236
1761	2740	67	0.8651	-97.125
2985	3019	67	0.8243	-187.961
2985	3036	67	0.9252	30.047
1757	1763	67	0.8873	14.016
3019	3036	67	0.7915	218.008
2590	3011	67	0.8078	-83.081
3011	3019	67	0.7897	-16.025
2582	3001	67	0.8459	73.089
2583	3001	67	0.9032	56.063
2669	3001	67	0.8334	70.078
2759	3001	67	0.8205	-20.798
3001	3005	67	0.9121	56.063
1756	3001	67	0.9377	-62.015
2582	2583	67	0.9207	17.026
2582	2590	67	0.7224	-662.448
1689	2582	67	0.851	-148.089
1660	1757	67	0.9251	-15.997
1695	1757	67	0.8744	-30.010
2742	3013	67	0.8406	-79.270
2742	3015	67	0.8451	-79.232
2742	3018	67	0.7435	-80.281
1761	2742	67	0.8434	-98.129
2590	2970	67	0.9625	-39.035
1660	1695	67	0.8846	14.014
1689	1695	67	0.7987	-28.032
3013	3015	67	0.9709	0.038
3013	3018	67	0.8477	-1.011
1761	3013	67	0.7279	-177.399
2544	2546	67	0.7384	-3.009
1756	1761	67	0.8034	-1.003
1756	2583	67	0.8336	-118.078
1756	2737	67	0.845	-97.126
1756	2759	67	0.817	-41.217
1756	3005	67	0.7948	-5.953
2583	2669	67	0.8632	-14.015
2583	2737	67	0.8919	20.953
2583	2759	67	0.8316	76.862
2583	3005	67	0.8438	112.126
2970	3008	67	0.8455	-59.060
2731	2741	67	0.9079	434.446
2733	2741	67	0.922	458.446
2734	2741	67	0.9497	460.455
1660	2741	67	0.8753	-113.124
3015	3018	67	0.8515	-1.048
2737	3226	67	0.857	97.077
2759	3226	67	0.8143	41.169
2588	2998	67	0.9398	0.000
2588	3003	67	0.7969	-56.062
2394	2544	67	0.9117	15.995
2394	2650	67	0.9277	34.006
1944	2394	67	0.8995	-294.183
1761	3015	67	0.7294	-177.361
481	1660	67	0.7892	-158.145
2731	2733	67	0.9769	-24.000
2733	2734	67	0.9657	-2.009
1360	2759	67	0.7795	-73.243
1360	3003	67	0.7857	18.084
1360	3005	67	0.8836	-37.979
478	1360	67	0.8789	-142.115
1944	2544	67	0.8546	-278.188
1944	2650	67	0.9355	-260.177
2737	2759	67	0.8501	55.909
2998	3003	67	0.8272	-56.063
3003	3005	67	0.8517	-56.063
260	3003	67	0.7118	-152.893
478	3003	67	0.9046	-124.031
478	3005	67	0.7755	-180.094
2544	2650	67	0.9205	18.011
2731	2734	67	0.9531	-26.009
975	997	68	0.9713	-0.125
1227	1568	69	0.9771	0.037
1301	1568	69	0.9744	0.038
1520	1568	69	0.9767	0.038
1568	1593	69	0.9759	-0.038
1568	1682	69	0.9744	-0.038
1568	2042	69	0.9735	-0.037
817	1568	69	0.9679	0.038
983	1568	69	0.9801	0.038
1099	1568	69	0.9714	0.038
1131	1568	69	0.9734	0.038
868	1131	69	0.9667	0.000
983	1131	69	0.9726	0.000
1131	1227	69	0.9726	0.000
1131	1593	69	0.9661	0.000
1131	1682	69	0.9677	-0.000
1227	1682	69	0.9741	-0.000
1301	1682	69	0.9714	-0.000
1520	1682	69	0.9697	-0.000
1569	1682	69	0.9684	-0.000
1593	1682	69	0.9749	-0.000
1682	2042	69	0.9694	0.000
983	1682	69	0.9696	-0.000
1013	1682	69	0.9678	-0.000
1227	1322	69	0.97	0.038
1227	1520	69	0.9709	-0.000
1227	1569	69	0.9701	-0.000
1227	1593	69	0.9728	-0.000
868	1227	69	0.9714	0.000
983	1227	69	0.977	0.000
1099	1227	69	0.9735	0.000
1273	1322	69	0.9705	0.038
1301	1322	69	0.9759	0.038
1322	1520	69	0.9693	-0.038
1322	2042	69	0.9701	-0.038
702	1322	69	0.9778	0.038
817	1322	69	0.97	0.038
868	1322	69	0.9709	0.038
1013	1322	69	0.9781	0.038
1099	1322	69	0.985	0.038
702	930	69	0.9628	0.000
930	1196	69	0.9626	0.000
930	1569	69	0.9671	0.000
1196	1569	69	0.9654	-0.000
1569	1874	69	0.9653	-0.000
1569	2042	69	0.9674	0.000
1013	1273	69	0.966	0.000
1520	1593	69	0.9681	0.000
1520	2042	69	0.97	0.000
983	1520	69	0.9677	0.000
702	868	69	0.9765	0.000
739	868	69	0.9771	0.000
817	868	69	0.9759	-0.000
868	983	69	0.9685	0.000
868	1013	69	0.9692	0.000
868	1099	69	0.9754	0.000
868	1301	69	0.971	0.000
1301	2042	69	0.9767	0.000
1593	2042	69	0.9691	0.000
1874	2042	69	0.9759	0.000
2430	3065	69	0.962	-0.000
1874	3065	69	0.9624	0.000
1874	2430	69	0.9641	0.000
1301	1593	69	0.9704	0.000
1301	1874	69	0.9736	-0.000
817	1301	69	0.9733	0.000
1013	1301	69	0.9774	0.000
1099	1301	69	0.9793	0.000
1593	1874	69	0.9671	-0.000
983	1593	69	0.9709	0.000
702	817	69	0.9714	0.000
739	817	69	0.9679	0.000
817	1013	69	0.9691	-0.000
817	1099	69	0.974	0.000
702	983	69	0.9687	0.000
983	1099	69	0.9732	0.000
1196	1874	69	0.9619	-0.000
702	739	69	0.9781	-0.000
739	1099	69	0.9729	0.000
702	1099	69	0.9827	0.000
1013	1099	69	0.9802	0.000
702	1013	69	0.9742	0.000
1557	1580	70	0.9639	0.000
568	1580	70	0.9631	-28.031
636	1580	70	0.9547	-2.016
694	1580	70	0.964	-26.015
787	1580	70	0.958	-0.000
1007	1580	70	0.9237	-2.016
568	787	70	0.9682	-28.031
636	787	70	0.9679	-2.016
694	787	70	0.9662	-26.015
787	1007	70	0.9211	2.016
787	1557	70	0.9694	-0.000
628	845	70	0.8515	-29.056
844	845	70	0.9281	-1.003
845	923	70	0.7527	3.040
1424	1543	70	0.8945	-2.016
1458	1543	70	0.9369	23.999
1543	1602	70	0.9544	-26.016
1543	1642	70	0.9543	-26.016
300	1543	70	0.8704	-68.135
1151	1543	70	0.9288	39.995
300	1151	70	0.8776	-108.130
1076	1151	70	0.8887	-14.016
1151	1424	70	0.9129	42.011
1151	1458	70	0.9442	15.995
1151	1602	70	0.954	13.979
1151	1642	70	0.9601	13.979
1286	1782	70	0.8482	-70.078
1286	1857	70	0.8879	-70.079
1286	2013	70	0.8773	-84.094
694	1286	70	0.8413	-50.052
1133	1286	70	0.819	74.110
1782	2013	70	0.8325	-14.016
1857	2013	70	0.8639	-14.015
1133	2013	70	0.7995	-9.984
1559	1686	70	0.908	-28.031
1582	1686	70	0.8957	-28.031
1602	1686	70	0.918	-14.015
1642	1686	70	0.9211	-14.016
1559	1582	70	0.9757	-0.000
1582	1602	70	0.9507	-14.016
1582	1642	70	0.9429	-14.016
568	1582	70	0.8313	-341.294
694	1582	70	0.8411	-339.277
1076	1582	70	0.9102	13.978
568	694	70	0.981	-2.016
636	694	70	0.9576	23.999
694	1007	70	0.9162	-23.999
694	1557	70	0.9754	-26.015
694	1559	70	0.8322	-339.277
1067	1080	70	0.8479	297.267
1079	1080	70	0.8575	313.262
1080	1458	70	0.8731	-279.256
1424	1642	70	0.9368	-28.031
1458	1642	70	0.9481	-2.016
1559	1642	70	0.9521	-14.016
1602	1642	70	0.9795	0.000
1642	2256	70	0.9682	31.989
300	1642	70	0.9006	-94.151
628	844	70	0.8927	-28.053
628	923	70	0.7798	-26.016
844	2256	70	0.8974	-280.270
568	636	70	0.9521	-26.016
636	1007	70	0.9242	-0.000
636	1557	70	0.9608	-2.016
1076	1559	70	0.9155	13.979
1067	1079	70	0.8831	-15.995
1079	1458	70	0.8859	34.006
1424	1458	70	0.9323	-26.015
1424	1602	70	0.9174	-28.031
1424	2256	70	0.8869	3.958
568	1007	70	0.9047	-26.016
568	1557	70	0.9742	-28.031
568	1559	70	0.8246	-341.293
1007	1557	70	0.924	-2.016
842	1602	70	0.8886	-236.178
842	2256	70	0.8758	-204.188
1133	1857	70	0.8231	4.031
1458	1602	70	0.94	-2.016
300	1458	70	0.8671	-92.135
1067	1458	70	0.9421	18.011
1782	1857	70	0.9322	-0.000
1559	1602	70	0.9524	-14.016
1602	2256	70	0.9748	31.989
2609	2699	73	0.7525	15.992
2699	2746	73	0.7279	-15.994
1911	2699	73	0.7202	-188.156
2009	2699	73	0.7975	-260.177
2308	2699	73	0.881	-204.151
1337	2009	73	0.8317	-204.152
1868	2009	73	0.7386	15.995
1911	2009	73	0.8179	72.021
2007	2009	73	0.7492	28.027
2009	2308	73	0.867	-56.026
2009	2609	73	0.7765	-276.169
960	2009	73	0.718	-188.156
1002	2009	73	0.7537	-260.178
1001	1002	73	0.792	28.032
1911	2308	73	0.7989	15.995
1911	2609	73	0.7625	-204.148
960	1911	73	0.7195	-260.178
1337	1868	73	0.7937	-220.146
1868	2609	73	0.7958	-260.174
1002	1868	73	0.7153	-276.172
1337	2308	73	0.7461	-260.178
960	1337	73	0.8181	15.995
1002	1337	73	0.8907	-56.026
2308	2609	73	0.7988	-220.143
2609	2746	73	0.8116	-0.002
960	1002	73	0.7951	72.021
2305	2525	74	0.8225	-28.032
818	852	77	0.926	0.000
852	863	77	0.9349	-0.034
852	964	77	0.9171	-0.000
852	1020	77	0.9302	-0.000
852	1124	77	0.9476	-0.000
852	1201	77	0.9247	-0.000
852	1406	77	0.9369	-0.000
852	1563	77	0.9428	-0.000
852	1672	77	0.9478	-0.000
1258	1329	77	0.9228	-0.000
1258	1563	77	0.9347	-0.000
1258	1672	77	0.9455	0.000
818	1258	77	0.9209	-0.000
1020	1258	77	0.9227	0.000
1093	1258	77	0.9017	0.000
883	1093	77	0.8897	-0.000
883	1529	77	0.9039	-0.000
1201	1329	77	0.9245	-0.000
1291	1329	77	0.9462	-0.000
1329	1449	77	0.9201	0.000
1329	1563	77	0.9236	0.000
711	1329	77	0.9215	-0.000
818	1329	77	0.9199	-0.000
964	1329	77	0.9365	-0.000
1020	1329	77	0.9264	-0.000
1291	1563	77	0.9316	0.000
1449	1563	77	0.9366	0.000
1563	1672	77	0.968	0.000
711	1563	77	0.9333	0.000
818	1563	77	0.9511	-0.000
1020	1563	77	0.9583	-0.000
1124	1563	77	0.9359	-0.000
1201	1449	77	0.9265	-0.000
1291	1449	77	0.9512	0.000
1449	1529	77	0.9311	0.000
1449	1672	77	0.9414	0.000
711	1449	77	0.9661	0.000
1020	1449	77	0.9223	-0.000
1093	1449	77	0.9401	-0.000
1124	1449	77	0.9417	-0.000
711	1093	77	0.9285	0.000
711	1124	77	0.9246	0.000
711	1201	77	0.9233	0.000
711	1291	77	0.9423	0.000
863	1124	77	0.9202	0.034
863	1406	77	0.9201	0.034
863	1672	77	0.9354	0.034
1201	1291	77	0.9191	-0.000
1291	1529	77	0.9429	0.000
818	1291	77	0.9232	-0.000
964	1291	77	0.9302	-0.000
1020	1291	77	0.9274	-0.000
964	1124	77	0.942	0.000
964	1201	77	0.9491	0.000
818	1020	77	0.96	-0.000
818	1201	77	0.9196	-0.000
818	1529	77	0.9231	-0.000
818	1672	77	0.9573	-0.000
1020	1201	77	0.9412	0.000
1124	1201	77	0.9435	-0.000
1529	1672	77	0.9339	0.000
1020	1529	77	0.9261	-0.000
1020	1672	77	0.9556	0.000
1406	1672	77	0.9465	0.000
1124	1672	77	0.9378	-0.000
1124	1406	77	0.9266	-0.000
360	421	79	0.848	-2.016
421	2680	79	0.8359	-307.303
421	2702	79	0.8323	-307.307
2680	2682	79	0.8807	-0.003
2682	2683	79	0.842	-1.003
2682	2702	79	0.8851	0.000
2682	2707	79	0.8357	247.286
2680	2702	79	0.9681	-0.003
2683	2702	79	0.8844	1.003
2702	2707	79	0.8337	247.286
2680	2707	79	0.8307	247.283
2680	2683	79	0.8698	-1.006
3146	3211	80	0.9044	0.000
3155	3211	80	0.8919	0.025
3211	3246	80	0.944	0.000
3071	3164	80	0.8403	-28.031
3117	3164	80	0.9112	-0.000
3136	3164	80	0.9083	-0.000
3155	3164	80	0.9075	-1.003
3164	3404	80	0.867	1.028
3071	3117	80	0.8634	-28.031
3117	3155	80	0.8563	1.003
3136	3155	80	0.8544	1.003
3146	3155	80	0.8653	-0.025
3155	3246	80	0.8707	0.025
3155	3404	80	0.9076	0.025
3117	3122	80	0.8476	-1.005
3136	3404	80	0.8465	1.028
3404	3455	80	0.8598	0.000
3146	3246	80	0.8871	0.000
3117	3136	80	0.8751	-0.000
1818	1929	82	0.9527	-2.016
1929	2143	82	0.9513	-2.016
1929	2338	82	0.9519	-4.033
1941	2204	82	0.9083	21.987
2204	2213	82	0.8991	-26.031
1464	2068	82	0.951	-57.011
1818	2068	82	0.9612	21.983
1826	2068	82	0.9457	-40.031
1841	2068	82	0.9575	-2.017
1896	2068	82	0.9617	47.999
1915	2068	82	0.9518	-14.016
2068	2124	82	0.9562	-50.015
2068	2143	82	0.9659	-26.015
2068	2243	82	0.9574	13.979
2068	2338	82	0.961	-28.032
1759	1797	82	0.9378	0.000
1464	1915	82	0.9553	-42.995
1818	1915	82	0.9596	35.999
1841	1915	82	0.9475	11.999
1896	1915	82	0.9599	62.015
1915	1975	82	0.9452	-20.004
1915	2124	82	0.9474	-64.031
1915	2143	82	0.9609	-40.031
1915	2243	82	0.9585	-0.036
1915	2338	82	0.958	-42.048
1941	1980	82	0.8996	-26.023
1975	1980	82	0.9488	0.005
1464	1818	82	0.9548	-78.994
1818	1841	82	0.9489	24.000
1818	1896	82	0.9619	-26.016
1818	2124	82	0.953	-28.032
1818	2143	82	0.9792	-4.031
1818	2243	82	0.9534	35.963
1818	2338	82	0.9602	-6.048
1464	1841	82	0.9418	-54.994
1464	1896	82	0.9527	-105.010
1464	1975	82	0.9424	-62.999
1464	2124	82	0.943	-107.026
1464	2143	82	0.9579	-83.025
1464	2243	82	0.9414	-43.031
1464	2338	82	0.9606	-85.042
1841	2124	82	0.9481	-52.032
1896	2124	82	0.9614	-2.016
1975	2124	82	0.9429	-44.027
2124	2143	82	0.9543	24.000
2124	2243	82	0.9527	63.995
2124	2338	82	0.9479	21.983
1738	1896	82	0.9511	-2.016
1825	1826	82	0.9299	11.965
1759	1872	82	0.8993	12.068
1825	1872	82	0.9326	12.034
1841	1896	82	0.9526	-50.016
1841	1975	82	0.9433	-8.005
1841	2143	82	0.95	-28.031
1841	2243	82	0.9424	11.963
1841	2338	82	0.9567	-30.048
1896	2338	82	0.965	19.968
2143	2338	82	0.9702	-2.017
2243	2338	82	0.9546	-42.011
1896	2143	82	0.966	21.984
1896	2243	82	0.9554	61.979
1759	1825	82	0.9336	0.034
2143	2243	82	0.9565	39.994
2723	3045	84	0.9293	0.000
2834	3045	84	0.9162	0.000
2915	3045	84	0.9463	0.000
2964	3045	84	0.9311	0.000
3045	3086	84	0.9193	-0.000
3045	3172	84	0.9321	-0.000
3045	3242	84	0.9478	-0.000
3045	3335	84	0.9166	-0.000
3045	3372	84	0.9237	-0.000
3045	3438	84	0.9269	-0.000
2815	2834	84	0.9274	-0.000
2834	2915	84	0.9154	-0.000
2834	3216	84	0.9227	0.000
2834	3222	84	0.922	0.000
2834	3260	84	0.9043	0.000
2834	3335	84	0.9188	0.000
2834	3372	84	0.9272	0.000
2834	3438	84	0.9125	0.000
2723	3335	84	0.9126	0.000
2915	3335	84	0.942	0.000
2964	3335	84	0.9078	0.000
3086	3335	84	0.9087	-0.000
3172	3335	84	0.9086	0.000
3242	3335	84	0.9472	0.000
3335	3372	84	0.9174	0.000
3335	3438	84	0.9232	0.000
3216	3420	84	0.9178	-0.000
3260	3420	84	0.9076	0.000
3372	3420	84	0.9201	-0.000
2723	3242	84	0.9362	0.000
2915	3242	84	0.9681	0.000
2964	3242	84	0.9343	0.000
3086	3242	84	0.9276	-0.000
3172	3242	84	0.9358	-0.000
3242	3260	84	0.9326	0.000
3242	3372	84	0.9435	0.000
3242	3438	84	0.9324	0.000
2723	2915	84	0.925	0.000
2723	2964	84	0.9227	0.000
2723	3086	84	0.903	0.000
2723	3172	84	0.9267	0.000
2723	3260	84	0.9063	0.000
2723	3438	84	0.9287	0.000
2915	3438	84	0.9231	0.000
2964	3438	84	0.9103	0.000
3086	3438	84	0.9115	-0.000
3172	3438	84	0.9116	0.000
3372	3438	84	0.9163	0.000
2815	3222	84	0.9027	0.000
3216	3222	84	0.9104	-0.000
3222	3260	84	0.9028	0.000
2815	2964	84	0.9069	-0.000
2915	2964	84	0.9283	0.000
2964	3086	84	0.9221	0.000
2964	3172	84	0.9446	0.000
2915	3172	84	0.9298	0.000
3086	3172	84	0.9303	-0.000
3172	3260	84	0.9028	0.000
3172	3372	84	0.9153	0.000
3216	3260	84	0.9264	-0.000
3260	3372	84	0.9537	0.000
2915	3086	84	0.9249	0.000
2915	3372	84	0.9286	0.000
3216	3372	84	0.9285	0.000
2815	3216	84	0.927	0.000
423	624	85	0.9027	-42.011
2935	2937	86	0.8559	-1.003
2935	3101	86	0.8928	0.000
2935	3287	86	0.9202	0.001
2935	3314	86	0.8695	0.003
2935	3316	86	0.8305	-1.003
2935	3480	86	0.8201	-0.001
2937	3316	86	0.9225	-0.000
3101	3316	86	0.8129	-1.003
3220	3316	86	0.8494	1.003
3287	3316	86	0.8535	-1.004
2936	3220	86	0.9054	-0.000
2937	3220	86	0.8543	-1.004
2938	3220	86	0.8905	1.002
2937	3287	86	0.8579	1.004
3101	3287	86	0.9367	0.001
3256	3287	86	0.8525	0.002
3287	3314	86	0.8987	0.002
3287	3480	86	0.8215	-0.002
3101	3314	86	0.898	0.002
3256	3314	86	0.8519	0.003
2936	2937	86	0.8175	1.003
2936	2938	86	0.8894	-1.003
3101	3256	86	0.8545	-0.001
1249	1398	87	0.9455	0.000
1398	1562	87	0.8876	-0.000
721	1398	87	0.9415	0.000
811	1398	87	0.9312	0.000
856	1398	87	0.8976	0.000
962	1398	87	0.9497	0.000
996	1398	87	0.9446	0.000
1092	1398	87	0.9464	0.000
1136	1398	87	0.9475	0.000
721	1249	87	0.9507	0.000
811	1249	87	0.9605	0.000
904	1249	87	0.8978	0.000
962	1249	87	0.9536	0.000
996	1249	87	0.9344	0.000
1092	1249	87	0.9334	0.000
1136	1249	87	0.9382	0.000
1208	1328	87	0.9216	-0.000
904	1328	87	0.9652	0.000
1208	1562	87	0.9449	-0.000
721	1562	87	0.9146	0.000
811	1562	87	0.9311	-0.000
856	1562	87	0.9974	0.000
904	1562	87	0.9091	0.000
962	1562	87	0.9277	0.000
996	1562	87	0.9265	0.000
1092	1562	87	0.948	0.000
1136	1562	87	0.9107	-0.000
721	1136	87	0.9589	0.000
811	1136	87	0.9531	0.000
856	1136	87	0.9171	0.000
962	1136	87	0.9662	0.000
996	1136	87	0.9679	0.000
1092	1136	87	0.9647	0.000
1136	1208	87	0.9231	0.000
721	811	87	0.9718	0.000
811	856	87	0.9311	-0.000
811	904	87	0.9245	-0.000
811	962	87	0.9736	-0.000
811	996	87	0.9603	-0.000
811	1092	87	0.9779	-0.000
721	856	87	0.9193	0.000
856	904	87	0.9102	0.000
856	962	87	0.9337	-0.000
856	996	87	0.9322	0.000
856	1092	87	0.9463	0.000
856	1208	87	0.9519	0.000
721	962	87	0.9863	0.000
721	996	87	0.9697	0.000
721	1092	87	0.9711	0.000
721	1208	87	0.9031	0.000
904	1092	87	0.9042	0.000
962	1092	87	0.9765	0.000
996	1092	87	0.9765	0.000
904	1208	87	0.91	0.000
962	1208	87	0.9167	0.000
996	1208	87	0.902	0.000
962	996	87	0.9762	0.000
2934	3275	88	0.9309	4.031
3149	3275	88	0.9331	0.000
2304	3275	88	0.9363	-4.053
2483	2625	88	0.958	-2.015
2601	2625	88	0.9558	-0.000
2625	2766	88	0.9359	-2.018
2625	2843	88	0.9306	1.002
2625	2906	88	0.9369	1.001
2625	3323	88	0.9249	1.002
2315	2625	88	0.9547	-4.030
2479	2483	88	0.93	-1.002
2483	2601	88	0.9614	-2.015
1931	2483	88	0.9378	18.012
1956	2483	88	0.936	18.012
2315	2483	88	0.9483	-2.015
1931	1956	88	0.9552	0.000
1956	2530	88	0.8971	15.985
2304	2315	88	0.9376	-1.023
2304	2479	88	0.9397	-2.036
2304	2539	88	0.9627	-2.037
2304	2600	88	0.9578	-4.051
2304	2770	88	0.9378	-6.068
2304	2843	88	0.9435	-4.052
2304	2906	88	0.9531	-4.052
2304	2934	88	0.9449	-8.084
2304	3149	88	0.9419	-4.053
2479	3149	88	0.9395	-2.017
2539	3149	88	0.9467	-2.016
2600	3149	88	0.9517	-0.002
2766	3149	88	0.9311	3.018
2843	3149	88	0.9373	-0.001
2906	3149	88	0.9447	-0.001
3149	3210	88	0.9324	-2.016
3149	3323	88	0.9286	0.001
2600	2770	88	0.944	-2.017
2766	2770	88	0.9496	1.003
2770	2934	88	0.9259	-2.016
2770	3210	88	0.9368	-0.001
2479	2539	88	0.9494	-0.000
2539	2600	88	0.9644	-2.015
2539	2601	88	0.9401	-3.017
2539	2843	88	0.9483	-2.015
2539	2906	88	0.9622	-2.015
2539	2934	88	0.9391	-6.047
2539	3210	88	0.9407	-4.032
1951	2539	88	0.9619	18.011
2479	2601	88	0.9322	-3.017
2600	2601	88	0.9465	-1.002
2601	2766	88	0.9323	-2.018
2601	2843	88	0.9382	1.002
2601	2906	88	0.9502	1.001
2315	2601	88	0.9626	-4.030
2479	2843	88	0.9382	-2.015
2600	2843	88	0.9544	-0.001
2843	2906	88	0.9484	-0.000
2843	3323	88	0.9291	-0.000
2479	2906	88	0.9481	-2.016
2600	2906	88	0.962	-0.001
2906	3210	88	0.9427	-2.016
2315	2906	88	0.938	-3.029
2766	2934	88	0.9353	-1.013
2934	3210	88	0.9301	2.015
2315	2934	88	0.9229	-7.061
2479	2600	88	0.9527	-2.015
1951	2479	88	0.9428	18.011
2315	2479	88	0.9325	-1.013
2600	2766	88	0.9436	-3.020
2600	3210	88	0.9412	-2.017
2766	3210	88	0.9325	1.003
163	394	90	0.9021	-0.001
206	394	90	0.9586	-0.001
282	394	90	0.877	0.000
394	799	90	0.8263	-56.062
163	282	90	0.9239	-0.001
206	282	90	0.8226	-0.001
223	282	90	0.827	13.977
282	799	90	0.8266	-56.062
203	252	90	0.8412	-0.000
203	384	90	0.9042	-0.001
203	459	90	0.829	-0.000
203	1159	90	0.936	-0.000
158	644	90	0.8332	3.958
644	799	90	0.8303	-28.031
644	832	90	0.8276	-28.031
173	176	90	0.8398	17.027
223	1168	90	0.8329	-0.001
163	206	90	0.8491	-0.000
799	832	90	0.9282	-0.000
176	515	90	0.9557	-0.001
249	515	90	0.8312	-2.016
211	250	90	0.9291	-0.000
227	250	90	0.8229	-0.019
249	387	90	0.9184	-0.000
384	387	90	0.823	17.027
252	384	90	0.8702	-0.001
252	1159	90	0.871	0.000
206	459	90	0.8299	-15.995
211	459	90	0.8248	1.003
384	1159	90	0.9106	0.001
459	1159	90	0.8244	0.000
2400	3327	92	0.88	-196.220
2532	3327	92	0.8505	-196.219
2657	3327	92	0.8602	-196.219
2170	3327	92	0.8823	-210.235
2295	3327	92	0.8635	-196.219
2400	3300	92	0.8944	-0.000
2449	3300	92	0.8605	-0.000
2478	3300	92	0.9069	-0.000
2532	3300	92	0.9152	-0.000
2591	3300	92	0.8969	-0.000
2657	3300	92	0.8733	-0.000
2738	3300	92	0.8956	-0.000
3154	3300	92	0.879	-0.000
1537	3300	92	0.8672	-70.079
2295	3300	92	0.858	0.000
2400	2478	92	0.894	-0.000
2449	2478	92	0.8799	-0.000
2478	2532	92	0.9239	-0.000
2478	2591	92	0.903	-0.000
2478	2657	92	0.8952	-0.000
2478	2738	92	0.9128	-0.000
2478	3154	92	0.9015	-0.000
1308	2478	92	0.855	-98.109
2295	2478	92	0.878	0.000
1308	1697	92	0.8543	-42.047
1537	1697	92	0.8616	-14.016
1697	1865	92	0.8714	-14.015
2829	3349	92	0.881	-0.000
2928	3349	92	0.8852	-0.000
3055	3349	92	0.889	-0.001
3192	3349	92	0.8705	-0.001
3243	3349	92	0.879	-0.001
3298	3349	92	0.8513	-0.000
1308	2021	92	0.8421	-70.078
1865	2021	92	0.8448	-14.015
2021	2657	92	0.8602	-28.032
2021	3243	92	0.8438	-98.111
1308	1865	92	0.8434	-56.063
1427	1865	92	0.8453	-42.047
1537	1865	92	0.8396	-28.031
1865	2170	92	0.8729	-28.031
1865	2738	92	0.8551	-42.047
2829	3243	92	0.91	0.000
2928	3243	92	0.898	0.001
3055	3243	92	0.932	0.000
3192	3243	92	0.9094	0.000
3243	3298	92	0.9263	-0.000
2400	2738	92	0.9061	-0.000
2449	2738	92	0.8826	-0.000
2532	2738	92	0.9277	-0.000
2591	2738	92	0.8997	-0.000
2657	2738	92	0.901	-0.000
2738	3154	92	0.8829	0.000
2295	2738	92	0.8811	0.000
2449	3154	92	0.898	-0.000
2532	3154	92	0.9031	-0.000
2591	3154	92	0.9355	0.000
2657	3154	92	0.8955	0.000
2170	3154	92	0.8651	-14.016
2295	3154	92	0.909	0.000
2400	2449	92	0.8966	0.000
2449	2532	92	0.8999	-0.000
2449	2591	92	0.9042	-0.000
2449	2657	92	0.9277	-0.000
2170	2449	92	0.8553	-14.016
2295	2449	92	0.9029	0.000
1308	2170	92	0.8535	-84.094
1537	2170	92	0.8542	-56.063
2170	2400	92	0.8813	-14.016
2170	2591	92	0.868	-14.016
1308	1427	92	0.8767	-14.016
1308	1537	92	0.8825	-28.031
2829	2928	92	0.869	-0.000
2829	3055	92	0.8729	0.000
2829	3192	92	0.8764	0.000
2829	3298	92	0.8565	-0.000
2295	2400	92	0.8992	0.000
2295	2532	92	0.8819	0.000
2295	2591	92	0.9113	0.000
2295	2657	92	0.9198	0.000
1427	2409	92	0.8295	-98.110
2400	2657	92	0.8947	-0.000
2532	2657	92	0.9097	-0.000
2591	2657	92	0.9087	0.000
1427	1537	92	0.8691	-14.016
2928	3298	92	0.8756	0.000
3055	3298	92	0.9131	-0.000
3192	3298	92	0.8655	-0.000
2928	3055	92	0.8961	0.000
2928	3192	92	0.8478	0.001
2400	2532	92	0.9184	-0.000
2400	2591	92	0.9172	-0.000
2532	2591	92	0.902	-0.000
3055	3192	92	0.8936	0.000
681	685	93	0.7822	-45.058
685	698	93	0.7875	44.938
681	682	93	0.9281	74.073
681	698	93	0.9657	-0.120
682	698	93	0.9259	-74.194
213	255	96	0.8064	-0.000
3185	3474	97	0.9576	-21.240
547	553	99	0.9297	-0.217
553	557	99	0.8039	13.003
553	588	99	0.8154	-25.012
748	824	99	0.9281	-28.031
775	824	99	0.9244	-28.031
824	831	99	0.8482	-26.016
824	873	99	0.8444	12.000
748	873	99	0.8203	-16.031
775	873	99	0.812	-16.031
780	873	99	0.8461	-26.016
873	875	99	0.8219	-14.016
873	1039	99	0.9178	-14.016
873	2501	99	0.8497	2.016
1039	1043	99	0.8221	-28.031
1043	1073	99	0.9012	0.000
588	637	99	0.835	-14.016
637	663	99	0.8495	12.000
637	748	99	0.9051	-14.016
637	775	99	0.8613	-14.016
1039	1073	99	0.802	-28.031
755	969	99	0.9741	-0.000
969	2501	99	0.8397	-12.000
319	663	99	0.8152	-70.115
588	775	99	0.8685	-28.031
663	775	99	0.8458	-26.016
748	775	99	0.9168	0.000
775	1039	99	0.8298	-30.047
547	588	99	0.8519	-25.229
588	663	99	0.8083	-2.016
588	748	99	0.8594	-28.031
663	678	99	0.8021	-26.016
543	550	99	0.8916	-0.217
663	748	99	0.8559	-26.016
550	557	99	0.8062	12.000
755	2501	99	0.849	-12.000
1039	2501	99	0.8414	16.031
748	1039	99	0.8573	-30.047
780	1039	99	0.8502	-40.031
1683	2000	101	0.9663	-27.973
1717	2000	101	0.9635	-28.031
2000	2205	101	0.9581	-2.017
1683	2205	101	0.9643	-29.990
1717	2205	101	0.9705	-30.047
1683	1717	101	0.9725	0.058
143	269	102	0.8499	31.042
143	369	102	0.8312	18.010
143	519	102	0.8359	18.010
288	332	102	0.9571	-14.016
288	356	102	0.8983	120.139
288	603	102	0.9211	-105.167
288	1219	102	0.9361	-106.151
288	1277	102	0.916	-106.151
288	1534	102	0.9092	-54.120
288	1572	102	0.9185	-54.120
288	1914	102	0.9348	-108.166
288	1971	102	0.9381	-108.167
1656	1725	102	0.8926	-26.017
1725	1969	102	0.8319	-2.017
1700	1731	102	0.9031	-0.000
1731	1814	102	0.9091	0.000
1731	1965	102	0.8564	-3.019
1019	1033	102	0.874	58.005
1019	1219	102	0.9198	29.973
1219	1277	102	0.9592	-0.000
1277	1278	102	0.9263	108.130
1277	1572	102	0.9209	52.031
1277	1643	102	0.9245	26.017
1277	1971	102	0.9591	-2.016
311	1277	102	0.917	-0.984
332	1277	102	0.9578	-92.135
356	1277	102	0.9247	-226.289
393	1277	102	0.9635	-226.253
307	311	102	0.9013	-216.188
311	356	102	0.9104	225.306
311	393	102	0.9459	225.269
311	1389	102	0.9027	76.066
1219	1233	102	0.9347	-18.011
1233	1278	102	0.9142	126.141
1233	1280	102	0.9159	-15.995
1233	1849	102	0.9136	15.995
1233	1912	102	0.9028	-2.017
1233	1914	102	0.9379	15.995
1233	1971	102	0.9405	15.995
332	1233	102	0.9304	-110.146
1219	1278	102	0.9197	108.130
1278	1534	102	0.9088	-56.099
1278	1572	102	0.9132	-56.099
1278	1603	102	0.9061	-82.114
1278	1643	102	0.9057	-82.113
1278	1887	102	0.9049	-84.130
1278	1914	102	0.929	-110.146
269	1814	102	0.8864	-232.219
1534	1603	102	0.9064	-26.015
1603	1643	102	0.904	0.001
1603	1700	102	0.8919	-26.016
1603	1849	102	0.8996	-28.031
1033	1603	102	0.8994	-2.016
1166	1190	102	0.8865	0.000
1166	1392	102	0.8428	-28.033
1166	1431	102	0.8914	-28.032
479	1166	102	0.8854	-84.094
1027	1166	102	0.8593	-14.016
1059	1166	102	0.857	-14.016
248	573	102	0.8551	-28.031
363	573	102	0.8657	250.194
369	573	102	0.9115	0.000
370	573	102	0.8847	1.004
436	573	102	0.8503	0.995
466	573	102	0.9477	0.000
483	573	102	0.8498	28.031
519	573	102	0.9094	0.000
369	370	102	0.8893	-1.004
370	436	102	0.8441	0.009
370	466	102	0.8885	1.003
370	519	102	0.8541	1.004
1219	1971	102	0.9585	-2.016
1572	1971	102	0.9403	-54.047
1849	1971	102	0.9276	-0.001
1914	1971	102	0.98	-0.000
332	1971	102	0.9794	-94.151
356	1971	102	0.9363	-228.305
393	1971	102	0.9341	-228.269
273	522	102	0.8332	-214.173
522	1814	102	0.844	-5.015
332	356	102	0.9457	134.154
356	393	102	0.9581	-0.036
356	603	102	0.9182	-225.306
356	1219	102	0.9348	-226.289
356	1914	102	0.9498	-228.305
1700	1965	102	0.8928	-3.020
1912	1965	102	0.8506	17.008
307	479	102	0.9051	-27.995
479	1190	102	0.8862	-84.094
479	1302	102	0.8768	-98.110
479	1318	102	0.9076	-98.110
479	1389	102	0.9378	-112.127
479	1392	102	0.9121	-112.128
479	1431	102	0.9015	-112.126
363	369	102	0.9251	250.194
363	466	102	0.8645	250.194
363	519	102	0.8674	250.194
1311	1885	102	0.8458	39.993
1311	1969	102	0.911	13.977
248	519	102	0.8581	-28.031
369	519	102	0.8986	0.000
436	519	102	0.8443	0.995
466	519	102	0.9153	0.000
332	393	102	0.9386	134.118
393	603	102	0.9164	-225.269
393	1219	102	0.934	-226.253
393	1389	102	0.9197	-149.203
393	1849	102	0.9085	-228.268
393	1914	102	0.9445	-228.269
1302	1389	102	0.9262	-14.017
1302	1392	102	0.8629	-14.018
1302	1431	102	0.8614	-14.016
307	1302	102	0.9105	-126.105
1059	1302	102	0.8661	-28.032
248	466	102	0.8301	-28.031
369	466	102	0.9085	-0.000
436	466	102	0.8444	0.995
466	483	102	0.8455	-28.031
248	369	102	0.8581	-28.031
1190	1392	102	0.8611	-28.033
1318	1392	102	0.8765	-14.018
1389	1392	102	0.9106	-0.001
1392	1431	102	0.8749	0.002
307	1392	102	0.8764	-140.123
1059	1392	102	0.8466	-42.049
1885	1969	102	0.8881	-26.016
1909	1969	102	0.8555	-0.000
307	1969	102	0.8938	-282.260
273	468	102	0.8543	-14.016
369	436	102	0.8852	-0.995
332	1219	102	0.979	-92.135
332	1849	102	0.9239	-94.150
332	1887	102	0.9226	-68.135
332	1914	102	0.9842	-94.151
1280	1306	102	0.8693	18.011
429	1306	102	0.8302	-237.198
1885	1909	102	0.8534	-26.016
273	1814	102	0.8353	-219.187
1643	1700	102	0.8976	-26.017
1643	1849	102	0.9206	-28.032
1643	1914	102	0.9291	-28.033
307	1059	102	0.8779	-98.073
1059	1431	102	0.8474	-42.048
1572	1914	102	0.9359	-54.047
1849	1914	102	0.9291	-0.000
396	402	102	0.8261	18.011
396	1912	102	0.8275	-236.214
369	483	102	0.8591	-28.031
483	659	102	0.8239	-28.031
1269	1700	102	0.877	-122.145
307	1389	102	0.9131	-140.122
1269	1836	102	0.8948	-98.145
1534	1836	102	0.9466	-28.031
1572	1836	102	0.9458	-28.031
1836	1887	102	0.93	-0.000
1190	1431	102	0.9073	-28.032
1318	1431	102	0.8911	-14.016
1389	1431	102	0.9229	0.001
1190	1389	102	0.91	-28.033
1318	1389	102	0.9102	-14.017
1219	1572	102	0.9403	52.031
1190	1318	102	0.8649	-14.016
1027	1190	102	0.8402	-14.016
1534	1887	102	0.9436	-28.031
1572	1887	102	0.96	-28.031
1534	1572	102	0.9704	-0.000
2359	3394	104	0.7246	-412.087
3214	3394	104	0.8149	-56.008
3312	3394	104	0.7254	19.011
3394	3395	104	0.8825	-1.000
3394	3441	104	0.9368	222.057
1727	3394	104	0.7036	-426.103
1351	1726	104	0.7368	-75.020
1726	1727	104	0.8134	1.001
1726	2359	104	0.7323	-13.015
1726	3312	104	0.8225	-444.113
2359	3312	104	0.741	-431.098
3214	3312	104	0.8245	-75.019
3312	3395	104	0.7895	18.010
1727	3312	104	0.7769	-445.114
1351	1727	104	0.8791	-74.019
1351	2359	104	0.7821	-88.035
1351	3214	104	0.7634	-444.114
2966	3234	104	0.7559	-74.019
3234	3395	104	0.7124	-369.097
2359	3214	104	0.8364	-356.079
3214	3395	104	0.7681	-57.009
3214	3441	104	0.82	166.048
1727	3214	104	0.9107	-370.094
3395	3441	104	0.8608	223.057
2359	3441	104	0.7363	-190.030
1727	2359	104	0.8453	-14.016
1727	3441	104	0.7298	-204.046
194	431	107	0.903	-234.199
194	336	107	0.859	-14.016
503	508	108	0.7736	284.199
503	529	108	0.7978	0.000
503	539	108	0.7924	76.016
508	539	108	0.7667	-208.183
528	539	108	0.9403	24.000
529	539	108	0.9204	76.016
539	576	108	0.8059	208.183
508	576	108	0.7999	0.000
528	576	108	0.7924	232.183
529	576	108	0.8264	284.199
508	528	108	0.7697	-232.183
528	529	108	0.9087	-52.016
508	529	108	0.7683	-284.199
508	658	108	0.7697	0.000
2781	2792	110	1.0	-0.005
96	152	111	0.8067	-42.047
105	152	111	0.7552	-28.026
113	152	111	0.7812	-28.031
114	152	111	0.7284	-28.029
96	113	111	0.8537	-14.016
105	113	111	0.9223	0.005
113	114	111	0.9083	-0.002
96	114	111	0.8011	-14.018
105	114	111	0.9408	0.003
96	105	111	0.8221	-14.021
3092	3112	112	0.9276	-0.001
3112	3135	112	0.8984	-0.001
3112	3221	112	0.9248	-0.001
3112	3445	112	0.9562	-0.001
3092	3445	112	0.9076	-0.002
3135	3445	112	0.8972	-0.000
3221	3445	112	0.9206	-0.000
3135	3221	112	0.8976	0.000
2762	2813	113	0.857	-0.000
2813	2846	113	0.8829	-0.000
2762	2846	113	0.8483	-0.001
224	261	115	0.8515	18.011
236	261	115	0.9295	118.954
2803	2810	118	0.7764	-0.003
888	1492	119	0.9358	29.974
1113	1492	119	0.9359	15.995
1209	1268	119	0.9626	-0.000
1209	1373	119	0.9373	15.995
888	1209	119	0.9446	15.995
1117	1209	119	0.9382	18.011
1085	1113	119	0.9391	15.995
1085	1117	119	0.9496	-0.000
888	1113	119	0.9513	13.979
1113	1117	119	0.9563	-15.995
1113	1268	119	0.9358	2.016
1268	1373	119	0.9372	15.995
888	1268	119	0.94	15.995
1117	1268	119	0.935	18.011
888	1117	119	0.9513	-2.016
1257	2320	120	0.951	-0.045
1925	2320	120	0.9209	-0.176
2108	2320	120	0.9322	-0.014
2117	2320	120	0.8901	0.989
2237	2320	120	0.9158	-0.175
2247	2320	120	0.9388	0.000
2320	3085	120	0.9493	0.175
3085	3197	120	0.9166	-0.000
1257	3197	120	0.9118	0.130
1925	3197	120	0.9117	-0.000
1257	1925	120	0.9361	0.131
1257	2108	120	0.9489	-0.030
1257	2237	120	0.9252	0.131
1257	2247	120	0.9524	-0.045
1257	3085	120	0.9626	0.131
2091	2349	120	0.8621	-0.161
2117	2349	120	0.8677	1.004
1925	2108	120	0.9216	-0.161
2091	2108	120	0.9293	-0.161
2108	2117	120	0.9159	-1.003
2108	2237	120	0.9088	0.161
2108	2247	120	0.9376	-0.015
2108	3085	120	0.9431	0.161
2091	2117	120	0.9083	-1.165
1925	2117	120	0.918	-1.164
1925	2247	120	0.9375	-0.176
1925	3085	120	0.9394	-0.000
2237	2247	120	0.9349	-0.176
2247	3085	120	0.9595	0.176
2237	3085	120	0.9218	0.000
407	410	122	0.7993	56.063
406	407	122	0.9236	17.027
407	518	122	0.9085	-17.063
406	518	122	0.9664	-0.036
411	518	122	0.8493	0.968
406	411	122	0.8181	-1.004
1995	2248	123	0.9822	-2.016
797	1075	126	0.9526	-28.031
2769	2877	128	0.7553	-0.001
1326	1421	130	0.8736	-14.016
1421	1504	130	0.8582	-14.015
321	600	131	0.7764	-63.980
562	600	131	0.7984	-31.990
567	600	131	0.7712	0.000
600	612	131	0.796	18.011
600	614	131	0.8084	15.995
600	645	131	0.7707	18.011
600	666	131	0.8495	18.011
600	753	131	0.7945	31.990
600	846	131	0.7895	18.011
612	645	131	0.8467	0.000
614	645	131	0.8036	2.016
617	645	131	0.783	-15.995
645	666	131	0.882	0.000
645	801	131	0.8279	18.011
645	1111	131	0.7961	27.959
321	753	131	0.7849	-31.990
321	1110	131	0.7721	-63.070
321	1221	131	0.8096	-15.995
321	1240	131	0.7805	-15.995
857	1008	131	0.7475	-201.137
562	570	131	0.8286	-15.995
570	612	131	0.8114	2.016
570	614	131	0.8715	-0.000
570	617	131	0.7997	18.010
570	747	131	0.7998	2.016
570	749	131	0.8163	18.011
570	753	131	0.79	15.995
570	884	131	0.7872	60.021
570	1221	131	0.7962	31.990
570	1240	131	0.7786	31.990
562	666	131	0.8146	-13.979
612	666	131	0.8554	0.000
617	666	131	0.7932	-15.995
666	747	131	0.7844	0.000
666	749	131	0.7673	15.995
666	801	131	0.7898	18.011
666	884	131	0.7668	58.006
666	1111	131	0.8014	27.959
562	567	131	0.7822	-31.990
562	614	131	0.8322	-15.995
562	617	131	0.8276	2.016
562	749	131	0.7812	2.016
562	753	131	0.8531	0.000
562	1221	131	0.792	15.995
567	884	131	0.7715	76.016
668	884	131	0.8399	15.995
801	884	131	0.7603	39.994
882	884	131	0.7931	44.026
884	1221	131	0.8451	-28.031
884	1240	131	0.8221	-28.031
846	1110	131	0.7486	-17.101
1110	1111	131	0.8776	45.060
1221	1240	131	0.9421	0.000
614	1240	131	0.8292	31.990
668	1240	131	0.8394	-12.036
801	1240	131	0.7833	11.963
882	1240	131	0.8336	15.995
1111	1240	131	0.7681	2.016
567	668	131	0.7719	60.021
567	746	131	0.7486	15.996
567	882	131	0.8069	31.990
668	749	131	0.7585	-26.016
668	879	131	0.8379	-73.091
668	882	131	0.8642	-28.031
668	1221	131	0.8375	-12.036
612	801	131	0.8033	18.011
801	879	131	0.7545	-49.092
612	614	131	0.8391	-2.016
614	617	131	0.7999	18.011
614	753	131	0.8148	15.995
614	882	131	0.7916	15.995
614	1221	131	0.843	31.990
612	1221	131	0.8225	29.974
753	1221	131	0.7726	15.995
882	1221	131	0.8491	15.995
612	617	131	0.8026	15.995
612	749	131	0.8291	15.995
612	1111	131	0.8057	27.959
1077	1111	131	0.7732	-2.016
879	886	131	0.7933	29.065
886	932	131	0.8288	-29.065
879	882	131	0.8742	45.060
879	932	131	0.8667	0.000
882	932	131	0.8068	-45.060
617	1111	131	0.84	11.964
1008	1111	131	0.7745	-4.031
746	749	131	0.8229	18.010
617	747	131	0.8059	-15.995
747	749	131	0.7759	15.995
747	846	131	0.7693	-0.000
617	753	131	0.81	-2.015
749	753	131	0.7669	-2.016
753	882	131	0.7874	-0.000
753	1008	131	0.7652	18.010
302	846	131	0.751	-109.041
749	882	131	0.8112	-2.016
1372	1378	133	0.8609	44.026
1378	1384	133	0.8903	44.026
1378	1402	133	0.7751	105.079
1378	1403	133	0.8355	88.052
572	1378	133	0.7248	92.012
14	36	133	0.757	-264.158
34	36	133	0.8954	44.026
36	572	133	0.7913	-80.135
36	1372	133	0.7296	-32.150
14	34	133	0.7101	-308.184
34	572	133	0.7376	-36.109
34	1372	133	0.7035	11.877
572	1372	133	0.8065	47.986
572	1384	133	0.7544	136.037
1372	1403	133	0.8307	132.078
1384	1403	133	0.8705	44.026
1402	1403	133	0.923	-17.027
1372	1384	133	0.8444	88.052
1384	1402	133	0.7733	61.053
1372	1402	133	0.7351	149.105
2511	3033	135	0.9132	-56.056
2730	3033	135	0.9093	-28.027
2945	3033	135	0.9893	0.003
3025	3033	135	0.9177	-28.026
3033	3100	135	0.9866	0.001
3033	3108	135	0.9717	-28.037
2302	3033	135	0.9172	-84.089
2511	2730	135	0.9796	-28.030
2730	2945	135	0.9104	-28.029
2730	3025	135	0.9839	-0.001
2302	2730	135	0.9747	-56.062
2511	3025	135	0.986	-28.030
2945	3025	135	0.9223	28.029
2302	3025	135	0.9796	-56.063
2945	3108	135	0.9696	-28.034
3100	3108	135	0.9721	-28.038
2945	3100	135	0.9827	0.004
2302	2511	135	0.9807	-28.032
2302	2945	135	0.9211	-84.091
2511	2945	135	0.9204	-56.059
2313	2598	136	0.9823	-2.015
965	1604	139	0.9796	0.000
965	2748	139	0.9825	0.001
1423	1558	140	0.8387	-14.016
1436	1558	140	0.8532	-14.016
1545	1558	140	0.8926	-11.999
1558	1581	140	0.9344	-0.000
1558	1601	140	0.9277	-14.016
1558	1635	140	0.8922	-14.015
1558	1687	140	0.9237	-28.032
1153	1558	140	0.7875	27.995
1423	1436	140	0.9536	-0.000
1436	1545	140	0.9014	-2.016
1436	1581	140	0.8989	-14.016
1436	1601	140	0.934	-28.031
1436	1635	140	0.8302	-28.031
1436	1687	140	0.7468	-42.047
1153	1436	140	0.8874	42.010
1581	1687	140	0.8385	-28.032
1601	1687	140	0.9476	-14.016
1635	1687	140	0.8743	-14.016
1153	1687	140	0.7328	-0.037
1423	1545	140	0.8722	-2.016
1545	1581	140	0.8892	-11.999
1545	1601	140	0.8983	-26.015
1545	1635	140	0.8259	-26.015
1153	1545	140	0.8618	39.994
1635	2254	140	0.8847	31.990
2254	2495	140	0.8044	-28.786
1423	1601	140	0.9061	-28.031
1581	1601	140	0.8474	-14.016
1601	1635	140	0.8669	0.000
1153	1601	140	0.9564	13.979
1153	1423	140	0.8484	42.011
1153	1581	140	0.7725	27.995
1153	1635	140	0.8289	13.980
1423	1635	140	0.8094	-28.031
1581	1635	140	0.8248	-14.015
1423	1581	140	0.8856	-14.016
1453	1494	141	0.8853	0.000
1976	2864	142	0.7341	-218.050
1976	2278	142	0.7621	-28.031
840	961	144	0.9074	-33.843
405	412	145	0.8819	-0.036
296	412	145	0.8251	-28.030
2251	2470	146	0.8421	-28.032
3	472	152	0.8354	-266.262
1282	1310	153	0.9656	-0.133
386	453	154	0.9208	-14.016
1571	1796	154	0.9351	-2.016
514	1796	154	0.7716	93.967
386	514	154	0.8905	-28.031
1597	1655	155	0.7657	0.001
160	246	157	0.8635	-28.032
246	274	157	0.834	-0.036
274	278	157	0.8056	-63.069
274	322	157	0.8067	-13.979
2453	2466	158	0.8122	-0.012
2294	2466	158	0.7431	9.983
2453	2675	158	0.7946	-8.005
2453	3075	158	0.7958	-64.068
2675	3075	158	0.7828	-56.063
439	583	159	0.8462	-28.031
463	583	159	0.8328	-13.032
463	630	159	0.8817	-28.031
2506	2638	163	0.8954	0.002
2595	2638	163	0.9002	0.002
2638	2674	163	0.8543	-0.001
2638	2719	163	0.8876	-0.001
2638	2863	163	0.8703	-0.001
2638	3132	163	0.8661	-0.001
2638	3188	163	0.9059	-0.001
2638	3259	163	0.8806	-0.001
2638	3319	163	0.8391	-0.001
2638	3360	163	0.8625	-0.001
2506	2863	163	0.8698	0.001
2595	2863	163	0.8944	0.000
2674	2863	163	0.9416	-0.000
2719	2863	163	0.8974	-0.000
2863	3132	163	0.9512	-0.000
2863	3188	163	0.9259	-0.000
2863	3259	163	0.9508	-0.000
2863	3319	163	0.913	-0.000
2863	3360	163	0.9601	-0.000
2506	3132	163	0.8735	0.000
2595	3132	163	0.8998	0.000
2674	3132	163	0.9388	-0.001
2719	3132	163	0.9097	-0.001
3132	3188	163	0.9358	-0.000
3132	3259	163	0.9551	0.000
3132	3319	163	0.906	0.000
3132	3360	163	0.9484	0.000
2506	3188	163	0.9137	0.000
2595	3188	163	0.9327	0.000
2674	3188	163	0.9167	-0.001
2719	3188	163	0.9544	-0.001
3188	3259	163	0.9374	0.000
3188	3319	163	0.9141	0.000
3188	3360	163	0.9304	0.000
2506	2719	163	0.9085	0.001
2595	2719	163	0.9285	0.001
2674	2719	163	0.9241	-0.000
2719	3259	163	0.9341	-0.001
2719	3319	163	0.9058	-0.000
2719	3360	163	0.9016	-0.000
2506	2595	163	0.9115	0.000
2595	2674	163	0.8994	0.001
2595	3259	163	0.911	0.000
2595	3319	163	0.8749	0.000
2595	3360	163	0.8928	0.000
2506	3360	163	0.8723	0.001
2674	3360	163	0.9442	-0.001
3259	3360	163	0.9491	0.000
3319	3360	163	0.912	0.000
2506	3259	163	0.886	0.000
2674	3259	163	0.9507	-0.001
3259	3319	163	0.9214	0.000
2506	3319	163	0.866	0.001
2674	3319	163	0.9059	-0.001
2506	2674	163	0.868	0.001
235	314	165	0.7664	13.852
235	368	165	0.7722	43.990
368	629	165	0.8534	18.011
314	368	165	0.8013	30.138
314	340	165	0.8545	0.128
265	521	166	0.8351	-14.016
458	521	166	0.8854	-14.016
521	580	166	0.846	-14.016
390	458	166	0.8796	-14.016
257	265	166	0.8546	18.011
265	458	166	0.8537	-0.000
257	458	166	0.8592	18.011
456	458	166	0.8984	45.058
458	580	166	0.8552	-28.031
973	974	167	0.8996	-28.031
974	1344	167	0.8731	14.016
974	1345	167	0.8954	-14.016
1344	1345	167	0.8713	-28.032
973	1344	167	0.8999	-14.015
1964	2547	168	0.8914	-56.063
752	774	170	0.8097	0.000
752	786	170	0.8415	-0.009
2785	2899	175	0.7852	-0.000
2785	2958	175	0.7897	-0.000
2785	3030	175	0.8298	-0.000
2899	2958	175	0.8735	-0.000
2899	3030	175	0.9177	-0.000
2958	3030	175	0.9241	0.000
676	937	177	0.7286	-28.031
52	65	181	0.9154	-14.016
52	66	181	0.8757	-28.032
53	65	181	0.8203	-127.100
65	66	181	0.8914	-14.016
127	586	182	0.9929	-0.000
312	586	182	0.9994	0.000
414	586	182	0.9974	0.000
474	586	182	0.9983	0.000
509	586	182	0.9984	0.000
586	664	182	0.9993	0.000
586	699	182	0.9997	0.000
127	414	182	0.9925	-0.000
312	414	182	0.9965	-0.000
414	474	182	0.9984	0.000
414	509	182	0.9952	0.000
414	664	182	0.997	0.000
414	699	182	0.9975	0.000
127	664	182	0.9915	-0.000
312	664	182	0.9995	0.000
474	664	182	0.9978	0.000
509	664	182	0.9982	0.000
664	699	182	0.9995	-0.000
127	474	182	0.9941	-0.000
312	474	182	0.9978	0.000
474	509	182	0.9963	0.000
474	699	182	0.9985	0.000
127	699	182	0.9925	-0.000
312	699	182	0.9995	0.000
509	699	182	0.9979	0.000
127	312	182	0.9921	-0.000
312	509	182	0.9987	0.000
127	509	182	0.9927	-0.000
804	1138	183	0.9226	0.000
837	1138	183	0.8965	0.000
2023	2535	185	0.7793	291.348
341	970	186	0.9781	42.011
451	970	186	0.9843	0.000
754	970	186	0.9872	-0.000
970	1212	186	0.9792	0.000
970	1352	186	0.9849	0.000
970	1435	186	0.9848	0.000
680	1118	186	0.9821	0.000
1118	1288	186	0.9793	-0.000
1118	1510	186	0.98	0.000
451	1288	186	0.987	0.000
650	1288	186	0.979	-0.000
680	1288	186	0.9862	0.000
836	1288	186	0.9843	0.000
232	885	186	0.9799	0.001
341	621	186	0.9816	-17.966
621	1877	186	0.9783	-178.253
621	2147	186	0.9735	-206.285
232	650	186	0.9821	0.001
451	650	186	0.9854	0.000
650	680	186	0.981	-0.000
650	836	186	0.9857	-0.000
650	1006	186	0.9816	-0.000
650	1064	186	0.9816	-0.000
650	1510	186	0.9823	0.000
232	1006	186	0.9865	0.001
451	1006	186	0.9856	0.000
754	1006	186	0.98	-0.000
836	1006	186	0.9832	0.000
1006	1064	186	0.9838	0.000
1006	1435	186	0.9797	0.000
1006	1471	186	0.9891	0.000
1006	1510	186	0.986	0.000
1006	1554	186	0.9847	0.000
232	680	186	0.9827	0.001
451	680	186	0.989	0.000
680	754	186	0.9803	0.000
680	836	186	0.9858	0.000
680	1471	186	0.9888	0.000
680	1510	186	0.9815	0.000
680	1554	186	0.9821	0.000
1471	1510	186	0.9872	0.000
1510	1554	186	0.9823	-0.000
232	1510	186	0.9857	0.001
451	1510	186	0.9836	0.000
836	1510	186	0.9823	0.000
1064	1510	186	0.9865	0.000
1877	2147	186	0.9821	-28.031
341	2147	186	0.9778	-224.251
451	754	186	0.9836	0.000
451	836	186	0.9922	0.000
451	1471	186	0.9924	0.000
451	1554	186	0.9848	0.000
232	836	186	0.982	0.001
754	836	186	0.9833	-0.000
836	1471	186	0.9928	0.000
836	1554	186	0.9842	0.000
1212	1435	186	0.9805	-0.000
754	1212	186	0.9832	-0.000
813	1212	186	0.9869	0.000
341	1877	186	0.9828	-196.220
1435	1554	186	0.9825	-0.000
1471	1554	186	0.9907	0.000
232	1554	186	0.9834	0.001
754	1554	186	0.981	-0.000
1064	1554	186	0.9839	0.000
232	1064	186	0.9834	0.001
1064	1471	186	0.987	0.000
754	1352	186	0.9852	-0.000
754	1435	186	0.9904	-0.000
754	1471	186	0.9877	-0.000
1352	1435	186	0.9844	0.000
1435	1471	186	0.987	-0.000
813	1435	186	0.9803	0.000
232	1471	186	0.9871	0.001
425	1352	186	0.979	17.966
1189	1229	187	0.7725	0.000
1189	1314	187	0.7717	2.015
1229	1314	187	0.8383	2.014
1276	1314	187	0.8113	2.015
1229	1276	187	0.8758	-0.001
2264	2901	190	0.957	-19.224
156	226	192	0.8018	-28.032
151	225	192	0.8596	17.026
225	226	192	0.8629	-17.027
151	226	192	0.953	-0.000
2968	3170	194	0.7921	-28.031
2969	3170	194	0.7888	28.030
3079	3170	194	0.8112	-28.031
3170	3303	194	0.7015	-28.031
3170	3379	194	0.7005	17.012
3170	3383	194	0.8135	-84.093
3162	3263	194	0.7766	-28.031
3162	3308	194	0.7255	-56.062
3079	3308	194	0.7071	18.010
3263	3308	194	0.7806	-28.031
2968	3079	194	0.7661	-0.000
2969	3079	194	0.7727	56.061
3079	3383	194	0.7894	-112.124
2968	2969	194	0.7726	-56.061
2969	3383	194	0.742	-56.063
2968	3383	194	0.7214	-112.125
1120	1122	195	0.9119	28.032
3201	3213	197	0.7353	1.791
3434	3437	198	0.8673	-26.016
3434	3471	198	0.8957	-28.031
91	116	201	0.771	18.011
92	133	201	0.7772	0.000
116	133	201	0.7144	-2.016
133	146	201	0.8462	-0.036
106	116	201	0.7298	4.031
116	146	201	0.7268	-2.052
92	146	201	0.8477	-0.036
1620	1692	202	0.9459	-2.017
1665	1692	202	0.8783	92.047
705	902	204	0.9455	0.000
705	980	204	0.9602	0.000
705	1009	204	0.9479	0.000
705	1150	204	0.9406	0.000
705	1333	204	0.9482	0.000
705	1586	204	0.9335	0.001
1333	1446	204	0.9464	0.000
1366	1446	204	0.9505	0.000
1446	1525	204	0.9433	0.000
1446	1586	204	0.9406	0.000
902	1446	204	0.9573	0.000
980	1446	204	0.9547	0.000
1009	1446	204	0.9479	0.000
1101	1446	204	0.9467	0.000
1150	1446	204	0.9366	0.000
1477	2115	204	0.9448	-0.000
1477	3250	204	0.947	-0.000
1714	3250	204	0.9412	-0.000
1333	1525	204	0.9432	0.000
1333	1586	204	0.943	0.000
902	1333	204	0.9619	0.000
980	1333	204	0.9596	0.000
1009	1333	204	0.9739	0.000
902	1150	204	0.9546	0.000
980	1150	204	0.9572	0.000
1101	1150	204	0.9466	0.000
1150	1366	204	0.9417	0.000
1150	1586	204	0.9476	0.000
1366	1525	204	0.9414	0.000
1366	1586	204	0.9375	0.000
902	1366	204	0.9553	0.000
980	1366	204	0.9539	0.000
1009	1366	204	0.9468	0.000
1101	1366	204	0.9486	0.000
902	980	204	0.9773	0.000
980	1009	204	0.9606	0.000
980	1101	204	0.9501	0.000
980	1586	204	0.9567	0.000
902	1009	204	0.9614	0.000
902	1101	204	0.9505	0.000
902	1525	204	0.9509	0.000
902	1586	204	0.9578	0.000
1009	3250	204	0.947	-14.016
1525	1586	204	0.9298	0.000
1101	1525	204	0.9427	0.000
1101	1586	204	0.9375	0.000
1009	1101	204	0.9481	0.000
491	695	211	0.7755	-28.031
538	695	211	0.819	-28.031
665	695	211	0.7996	0.000
491	538	211	0.9409	0.000
504	538	211	0.866	15.974
537	538	211	0.8621	1.003
538	665	211	0.8804	-28.031
491	504	211	0.8221	-15.974
491	537	211	0.8176	-1.003
491	665	211	0.8615	-28.031
537	665	211	0.713	-27.028
631	633	212	0.8982	28.032
220	326	220	0.9431	-28.031
290	326	220	0.9418	-0.036
220	290	220	0.9186	-27.995
687	1160	224	0.754	-6.083
687	950	224	0.9425	-28.031
3103	3151	225	0.9309	0.000
3103	3288	225	0.923	28.032
1762	1789	225	0.9459	-1.132
1789	3151	225	0.8517	-17.080
1762	3151	225	0.8939	-18.212
328	388	230	0.7533	0.000
349	388	230	0.7961	14.016
716	907	234	0.9686	0.000
725	907	234	0.7085	-31.990
1182	1440	238	0.7091	-0.000
1182	2041	238	0.731	-0.000
1040	1440	238	0.7089	0.000
1040	1564	238	0.7014	-0.000
895	1385	238	0.7249	-0.000
1307	1680	238	0.7031	-0.001
1385	1680	238	0.7049	-0.001
1440	1680	238	0.7254	-0.001
1564	1680	238	0.7285	-0.001
783	1680	238	0.7011	-0.001
947	1680	238	0.7343	-0.001
1127	1680	238	0.7118	-0.001
741	1440	238	0.7096	-0.001
1105	1440	238	0.7404	-0.000
947	1523	238	0.71	-0.000
947	1564	238	0.7212	-0.000
1307	1440	238	0.7046	0.000
1440	1564	238	0.7296	-0.000
1440	2041	238	0.705	-0.000
783	1440	238	0.7188	-0.000
1127	1440	238	0.7384	-0.000
1307	1564	238	0.7127	-0.000
1385	1564	238	0.7148	-0.000
2044	2074	239	0.8691	25.049
2054	2074	239	0.913	-229.022
2057	2074	239	0.9249	-7.968
2059	2074	239	0.8666	-8.972
2073	2074	239	0.9465	-1.003
2044	2073	239	0.8489	26.052
2054	2073	239	0.9739	-228.019
2057	2073	239	0.9077	-6.965
2059	2073	239	0.9158	-7.968
2073	2123	239	0.8713	-18.047
1812	2059	239	0.8681	43.968
1985	2059	239	0.8497	-52.031
2044	2059	239	0.8987	34.021
2054	2059	239	0.9014	-220.051
2057	2059	239	0.9751	1.003
2059	2123	239	0.9213	-26.016
2059	2135	239	0.8783	-52.031
2059	2137	239	0.867	15.994
1812	2123	239	0.8586	17.953
2044	2123	239	0.9166	8.005
2054	2123	239	0.8463	-246.066
2057	2123	239	0.9346	-25.012
2123	2133	239	0.9288	-27.019
2123	2135	239	0.9421	-26.016
2123	2137	239	0.9368	42.010
1982	2003	239	0.9031	-14.970
1985	2003	239	0.8964	-15.974
1667	1985	239	0.8506	-56.063
1744	1985	239	0.8701	-4.033
1750	1985	239	0.8666	-3.029
1982	1985	239	0.974	1.003
1985	2135	239	0.8525	-104.062
1985	2137	239	0.8588	-36.037
1744	2137	239	0.8805	-40.070
1750	2137	239	0.8617	-39.065
1982	2137	239	0.8503	-35.033
2057	2137	239	0.858	16.998
2133	2137	239	0.9226	69.029
2135	2137	239	0.9174	68.025
1744	1750	239	0.9738	-1.004
1750	1982	239	0.8514	-4.032
2133	2135	239	0.9736	1.004
2054	2057	239	0.8917	-221.054
1663	1667	239	0.8737	-194.035
1667	2135	239	0.8519	-160.125
1812	2135	239	0.8618	-8.063
2044	2135	239	0.884	-18.011
2057	2135	239	0.8793	-51.028
2044	2057	239	0.9376	33.017
1812	2044	239	0.8391	9.948
1875	1880	241	0.9302	-14.017
1880	2149	241	0.9553	-28.033
1880	2154	241	0.9445	-28.036
2149	2153	241	0.8025	-0.009
2149	2154	241	0.9593	-0.004
1764	1875	241	0.727	-164.129
2316	2321	242	0.8537	-0.018
2316	2323	242	0.7537	-454.435
2756	2833	243	0.858	-0.001
541	2833	243	0.7462	28.166
1612	2104	243	0.8538	0.000
1612	2756	243	0.8146	-0.001
712	1612	243	0.797	2.004
732	1612	243	0.84	-0.002
712	717	243	0.8365	0.223
712	732	243	0.8214	2.006
712	915	243	0.8624	-0.000
712	2104	243	0.8463	2.004
717	915	243	0.826	-0.223
732	915	243	0.8125	-2.006
2104	2756	243	0.8211	-0.001
717	2104	243	0.8313	1.781
732	2104	243	0.8508	-0.001
1088	2104	243	0.8926	-0.064
717	732	243	0.8428	1.783
717	2756	243	0.835	1.780
732	1088	243	0.8726	0.062
732	2756	243	0.8111	-0.003
527	827	248	0.9436	-84.094
1005	1046	251	0.7818	-0.000
1046	1061	251	0.7107	-2.015
1046	1184	251	0.7141	-2.015
1061	1184	251	0.7409	0.000
1005	1086	251	0.7492	-0.000
1963	2184	256	0.9708	-2.015
894	2279	258	0.9023	0.000
104	339	266	0.9991	-0.000
339	533	266	0.9998	0.000
104	533	266	0.9992	-0.000
1833	1891	267	0.7933	-0.050
1886	1891	267	0.8051	-0.050
1833	1886	267	0.8665	-0.000
2710	2820	271	0.761	-0.001
2820	2943	271	0.8021	0.000
2710	2943	271	0.781	-0.000
2714	2943	271	0.7983	-1.007
2710	2714	271	0.7569	1.006
2714	2874	271	0.7271	-1.007
954	991	272	0.9331	-0.001
2351	3254	274	0.8126	-84.094
2351	2568	274	0.8093	-29.034
415	571	280	0.9322	0.000
415	815	280	0.9309	0.000
415	1285	280	0.9157	-0.000
452	511	280	0.9324	-0.000
511	571	280	0.9368	0.000
511	683	280	0.9238	0.000
511	835	280	0.9547	-0.000
511	1065	280	0.9454	-0.000
511	1508	280	0.9353	0.000
452	571	280	0.9344	0.000
452	683	280	0.957	0.000
452	815	280	0.9421	0.000
452	835	280	0.9567	-0.000
452	881	280	0.9403	-0.000
452	1025	280	0.9208	-0.000
452	1065	280	0.9307	-0.000
452	1508	280	0.9578	-0.000
452	1546	280	0.919	-0.000
651	683	280	0.9322	0.000
651	881	280	0.9289	-0.000
651	1025	280	0.9185	-0.000
651	1508	280	0.9318	-0.000
571	815	280	0.9496	0.000
683	815	280	0.9307	-0.000
815	835	280	0.9618	-0.000
815	881	280	0.9507	-0.000
815	1025	280	0.9298	-0.000
815	1065	280	0.9358	-0.000
815	1508	280	0.9472	-0.000
815	1546	280	0.935	-0.000
571	881	280	0.9551	-0.000
683	881	280	0.9365	-0.000
835	881	280	0.95	-0.000
881	1025	280	0.9319	0.000
881	1065	280	0.9383	0.000
881	1508	280	0.9536	0.000
881	1546	280	0.9356	0.000
571	835	280	0.9621	-0.000
571	1025	280	0.9352	-0.000
571	1065	280	0.9428	-0.000
571	1508	280	0.9516	-0.000
571	1546	280	0.9276	-0.000
230	835	280	0.9383	0.000
683	835	280	0.9455	-0.000
835	1065	280	0.9645	0.000
835	1508	280	0.949	0.000
835	1546	280	0.9399	0.000
683	1025	280	0.9208	-0.000
683	1065	280	0.9204	-0.000
683	1508	280	0.9408	-0.000
1025	1508	280	0.9312	0.000
1065	1508	280	0.9318	0.000
230	1025	280	0.9263	0.000
1025	1546	280	0.9238	0.000
230	1065	280	0.9182	0.000
230	1546	280	0.9167	0.000
1065	1546	280	0.9255	0.000
1696	1698	282	0.9629	90.913
1691	1696	282	0.8553	-280.277
3002	3023	283	0.808	157.925
3000	3002	283	0.7995	-1.009
2783	2904	288	0.9811	-0.001
2783	3031	288	0.9765	-0.001
2882	2939	288	0.8383	-2.015
2904	2939	288	0.881	-2.015
2939	3252	288	0.8372	19.966
2940	3252	288	0.9904	-0.001
3099	3252	288	0.9195	-0.004
2940	3099	288	0.9415	0.003
2882	2904	288	0.9741	0.000
83	338	293	0.8906	-14.016
103	338	293	0.9764	-0.000
218	338	293	0.9984	-0.000
338	445	293	0.9952	0.000
338	500	293	0.9815	0.000
338	532	293	0.9929	0.000
338	767	293	0.9466	0.000
338	1082	293	0.9228	0.000
338	1206	293	0.9745	0.000
338	1361	293	0.938	0.000
103	1082	293	0.9202	-0.000
218	1082	293	0.9208	0.000
445	1082	293	0.928	0.000
500	1082	293	0.921	0.000
532	1082	293	0.9265	0.000
767	1082	293	0.9641	-0.000
1082	1206	293	0.9586	0.000
1082	1361	293	0.9973	0.000
83	218	293	0.8883	-14.016
103	218	293	0.9757	-0.000
218	445	293	0.9957	0.000
218	500	293	0.9807	0.000
218	532	293	0.9935	0.000
218	767	293	0.9452	0.000
218	1206	293	0.9731	0.000
218	1361	293	0.9366	0.000
83	103	293	0.8777	-14.016
83	343	293	0.998	-0.000
83	445	293	0.8796	-14.016
83	500	293	0.8861	-14.016
83	532	293	0.8755	-14.016
83	767	293	0.8702	-14.016
83	1206	293	0.884	-14.016
83	1361	293	0.8677	-14.016
103	445	293	0.9768	-0.000
445	500	293	0.9775	0.000
445	532	293	0.9992	0.000
445	767	293	0.951	0.000
445	1206	293	0.9742	0.000
445	1361	293	0.9429	0.000
103	767	293	0.9447	0.000
500	767	293	0.9648	0.000
532	767	293	0.9487	0.000
767	1206	293	0.9737	0.000
767	1361	293	0.9712	0.000
103	500	293	0.9768	-0.000
103	532	293	0.9736	-0.000
103	1206	293	0.973	0.000
103	1361	293	0.9366	0.000
500	532	293	0.9744	-0.000
500	1206	293	0.9742	0.000
500	1361	293	0.9364	0.000
1206	1361	293	0.9667	0.000
532	1206	293	0.9712	0.000
532	1361	293	0.9412	0.000
3344	3413	294	0.7082	-27.031
3344	3414	294	0.7256	-55.062
3413	3414	294	0.8345	-28.031
2622	2786	295	0.7275	-2.057
2528	2868	296	0.933	0.000
245	291	297	0.9019	-0.028
245	430	297	0.7531	-29.063
291	430	297	0.816	-29.035
1923	1926	298	0.9025	-1.004
1708	1852	299	0.9048	-14.016
1852	1999	299	0.8735	-14.016
1852	2099	299	0.8072	-28.031
1852	2131	299	0.8197	-28.031
1999	2301	299	0.7453	-42.047
2099	2301	299	0.7802	-28.031
1708	1999	299	0.8413	-28.031
1999	2099	299	0.8136	-14.016
1999	2131	299	0.8563	-14.016
2099	2322	299	0.851	-28.032
2240	2322	299	0.778	-2.016
2322	2435	299	0.7794	-0.000
2322	2558	299	0.7999	-28.031
2099	2240	299	0.7449	-26.016
2240	2435	299	0.7916	-2.016
1708	2131	299	0.8382	-42.047
2435	2443	299	0.7814	-1.003
1634	2291	300	0.9781	-44.063
200	202	304	0.8397	18.011
202	331	304	0.9221	0.000
202	352	304	0.8532	15.019
202	420	304	0.9034	0.019
202	428	304	0.8968	0.001
184	427	304	0.8757	-56.062
198	427	304	0.8725	-0.000
427	555	304	0.8914	-28.031
427	581	304	0.847	-28.031
427	1063	304	0.8482	-18.011
198	359	304	0.8969	0.010
334	359	304	0.8504	0.009
352	359	304	0.8459	-14.006
359	581	304	0.8976	-28.041
200	420	304	0.872	18.029
331	420	304	0.9355	0.018
352	420	304	0.8607	-15.000
420	428	304	0.9473	-0.018
200	331	304	0.8239	18.011
200	428	304	0.8343	18.011
198	334	304	0.9063	0.000
199	334	304	0.8516	18.011
334	352	304	0.8276	14.015
334	555	304	0.8358	-28.032
334	581	304	0.8956	-28.032
198	199	304	0.863	-18.011
199	581	304	0.8625	-10.021
198	581	304	0.9179	-28.031
555	581	304	0.8279	0.000
198	352	304	0.8755	14.016
331	352	304	0.8713	15.019
331	428	304	0.9466	0.000
352	428	304	0.8561	-15.018
3102	3328	306	0.8929	0.000
3129	3328	306	0.9078	-0.000
3139	3328	306	0.8915	-0.000
3150	3328	306	0.9035	0.000
3262	3328	306	0.8913	-0.000
3296	3328	306	0.9054	-0.000
3102	3296	306	0.9169	0.000
3129	3296	306	0.9088	0.000
3139	3296	306	0.913	-0.000
3150	3296	306	0.9011	0.000
3262	3296	306	0.9407	0.000
3102	3150	306	0.9315	-0.000
3129	3150	306	0.9416	-0.000
3139	3150	306	0.8882	-0.000
3150	3262	306	0.8893	0.000
3102	3129	306	0.9362	0.000
3129	3139	306	0.8972	0.000
3129	3262	306	0.897	0.000
3102	3262	306	0.903	0.000
3139	3262	306	0.9007	-0.000
3102	3139	306	0.8864	0.000
94	124	308	0.9533	-28.031
70	239	309	0.9992	-0.000
148	155	310	0.7831	-45.058
111	148	310	0.8058	15.995
1674	1678	311	0.7836	-1.003
1678	1684	311	0.7148	0.963
1674	1684	311	0.8266	-0.040
1501	1513	314	0.9888	0.000
3356	3432	318	0.8475	-28.032
3432	3484	318	0.79	45.933
1608	1614	318	0.8804	0.012
1608	3398	318	0.8512	-194.192
3326	3484	318	0.8398	-94.133
3356	3484	318	0.8233	17.902
3448	3484	318	0.8266	-27.028
3449	3484	318	0.8918	-28.031
1614	3326	318	0.7003	-156.134
1614	3398	318	0.7659	-194.204
3326	3356	318	0.8356	-112.035
3356	3449	318	0.8491	45.933
3326	3449	318	0.8237	-66.101
2656	2704	323	0.8542	-0.001
1801	1802	327	0.9405	28.032
1802	2092	327	0.9593	-28.031
2806	2807	329	0.9174	17.025
1315	2234	334	0.9256	-18.900
2024	2234	334	0.9002	-88.871
2234	2297	334	0.9248	60.839
121	170	336	0.8624	-28.031
1235	1274	338	0.8845	-0.000
1010	1274	338	0.8482	12.995
2872	3039	340	0.9802	-0.000
2903	3039	340	0.9796	-0.000
2953	3039	340	0.9795	0.000
3039	3176	340	0.987	0.001
3039	3241	340	0.9836	0.000
3039	3272	340	0.9892	0.000
3039	3340	340	0.9872	0.000
3039	3375	340	0.9801	0.000
3039	3425	340	0.9793	0.000
3039	3469	340	0.9888	0.000
2782	2953	340	0.9796	-0.000
2903	2953	340	0.9772	-0.000
2953	3176	340	0.9831	0.001
2953	3241	340	0.9808	0.000
2953	3272	340	0.9822	0.000
2953	3290	340	0.9771	0.000
2953	3340	340	0.9823	0.000
2953	3425	340	0.9792	0.000
2953	3469	340	0.9825	0.000
2872	2903	340	0.9726	0.000
2872	3176	340	0.9843	0.001
2872	3241	340	0.9737	0.000
2872	3272	340	0.979	0.000
2872	3340	340	0.979	-0.000
2903	3375	340	0.9774	0.000
3176	3375	340	0.9844	-0.000
3241	3375	340	0.9782	-0.000
3272	3375	340	0.9804	-0.000
3290	3375	340	0.9763	0.000
3340	3375	340	0.9814	0.000
3375	3425	340	0.9792	0.000
3375	3469	340	0.9837	0.000
2903	3241	340	0.98	0.000
3176	3241	340	0.9835	-0.000
3241	3272	340	0.9861	-0.000
3241	3340	340	0.9814	-0.000
3241	3425	340	0.9777	0.000
3241	3469	340	0.9851	-0.000
2903	3176	340	0.9831	0.001
3176	3272	340	0.9888	-0.000
3176	3340	340	0.9892	-0.001
3176	3425	340	0.9828	-0.000
3176	3469	340	0.9858	-0.000
2903	3272	340	0.9811	0.000
3272	3340	340	0.9871	-0.000
3272	3425	340	0.9787	0.000
3272	3469	340	0.9882	0.000
2903	3469	340	0.9822	0.000
3290	3469	340	0.9758	0.000
3340	3469	340	0.9915	0.000
3425	3469	340	0.9851	-0.000
2782	3290	340	0.9727	0.000
3290	3425	340	0.9754	0.000
2782	3425	340	0.9743	0.000
2903	3340	340	0.9781	-0.000
3340	3425	340	0.9836	0.000
3411	3412	341	0.8291	-28.032
149	219	343	0.8219	-0.000
149	285	343	0.8221	14.016
750	768	345	0.8841	0.300
2948	2963	349	0.7578	-55.854
25	90	352	0.8552	-42.047
56	90	352	0.8599	-28.031
81	90	352	0.8678	-42.010
25	56	352	0.7978	-14.015
56	81	352	0.8411	13.979
25	81	352	0.9436	-0.036
935	971	355	0.8403	0.000
443	446	356	0.9204	-28.031
443	921	356	0.9092	17.027
233	921	356	0.9571	0.000
2679	2809	358	0.7319	-0.000
2679	2728	358	0.8297	-0.000
475	1036	363	0.8703	-70.078
1036	1193	363	0.8051	-14.016
1036	1319	363	0.8335	-28.031
1036	1394	363	0.8715	-42.047
1165	1319	363	0.8066	-14.016
1193	1319	363	0.8318	-14.016
1305	1319	363	0.9047	0.000
1165	1193	363	0.784	-0.000
1193	1394	363	0.8265	-28.031
1305	1394	363	0.839	-14.016
3419	3463	364	0.8696	-28.031
3463	3465	364	0.9078	-1.003
808	900	368	0.9708	0.000
858	900	368	0.8887	0.000
900	1135	368	0.9067	0.000
900	1561	368	0.8162	0.000
808	1561	368	0.8674	0.000
858	1561	368	0.942	0.000
1135	1561	368	0.9462	-0.000
808	858	368	0.932	0.000
808	1135	368	0.9339	0.000
858	1135	368	0.9326	0.000
2517	2685	380	0.9385	-28.031
616	2685	380	0.887	-192.224
616	2517	380	0.8686	-164.193
2515	2517	380	0.9182	28.033
136	142	382	0.7382	45.057
3094	3116	383	0.9688	0.000
3094	3233	383	0.8318	-42.047
3094	3332	383	0.8361	-84.094
3116	3233	383	0.8275	-42.047
3116	3332	383	0.8197	-84.095
1715	1785	394	0.7559	-0.049
784	806	398	0.9776	-0.000
806	878	398	0.9776	-0.000
806	1094	398	0.9765	0.000
784	878	398	0.9787	-0.000
784	990	398	0.9809	-0.000
878	990	398	0.9757	-0.000
990	1094	398	0.9781	0.000
878	1094	398	0.9759	0.000
1623	1823	399	0.921	-2.016
2292	2293	403	0.7734	1.003
1719	2095	412	0.9756	-54.046
2095	2157	412	0.9772	39.994
2798	2855	413	0.7607	0.000
2855	2908	413	0.7899	-0.022
2160	2189	414	0.8518	0.000
2189	3120	414	0.7505	-44.114
59	896	420	0.7048	-58.153
2078	2080	421	0.928	1.004
1625	2082	424	0.7212	119.012
2082	2283	424	0.85	21.983
1083	1114	426	0.795	0.000
1215	2132	427	0.9471	-2.171
1200	2132	427	0.9638	-0.052
166	380	428	0.8937	14.015
373	380	428	0.8947	14.016
166	373	428	0.9844	-0.000
27	502	429	0.9058	3.995
501	502	429	0.9064	-9.984
502	530	429	0.9243	9.984
13	530	429	0.8669	13.954
108	530	429	0.8409	12.000
501	530	429	0.9936	0.000
13	501	429	0.8854	13.954
2290	2296	432	0.8441	-378.386
2911	3209	443	0.9636	0.001
2604	3209	443	0.9547	-3.020
710	1137	454	0.9846	0.001
821	1137	454	0.9787	0.000
891	1137	454	0.9791	0.001
957	1137	454	0.9697	0.001
710	821	454	0.9848	0.000
821	891	454	0.9806	-0.000
821	957	454	0.9756	-0.000
710	891	454	0.9855	0.000
710	957	454	0.9686	0.000
891	957	454	0.9638	-0.000
1961	3134	455	0.888	-66.083
1741	1894	456	0.9611	-0.000
989	1177	463	0.8737	0.000
3114	3178	468	0.7081	-2.016
73	234	472	0.7466	35.037
1358	1359	473	0.9478	0.003
2011	2697	476	0.8148	-260.178
2011	2698	476	0.7738	-261.180
2697	2698	476	0.9449	-1.002
3371	3415	483	0.9425	-28.031
1381	1387	484	0.9807	0.185
976	1265	485	0.7761	-84.206
3353	3389	487	0.9105	-0.003
494	499	496	0.8813	-0.984
51	55	496	0.811	0.984
51	499	496	0.8348	-0.000
677	938	497	0.8678	-28.030
938	1074	497	0.8035	-14.016
2867	3161	500	0.891	0.000
2925	3161	500	0.9039	0.000
2867	2925	500	0.8936	-0.000
177	185	509	0.8048	29.063
177	251	509	0.8163	-124.053
177	283	509	0.81	-0.000
24	46	523	0.8376	-14.016
408	722	528	0.8385	69.002
2382	2418	529	0.9299	-0.000
1334	1362	534	0.9707	-0.057
1362	1371	534	0.9508	0.057
1362	1439	534	0.9474	0.057
1334	1371	534	0.9669	0.000
1371	1439	534	0.9835	0.000
1334	1439	534	0.966	0.000
1187	1231	546	0.8985	-0.000
3128	3142	557	0.8436	0.000
118	140	558	0.8012	31.989
80	492	559	0.942	-0.000
2559	2617	561	0.9208	-14.013
460	1455	564	0.7181	-14.015
460	1480	564	0.7415	-14.015
1455	1480	564	0.9639	0.000
862	866	567	0.9024	17.027
60	167	568	0.7902	-56.159
86	167	568	0.8159	-56.062
60	86	568	0.9042	-0.096
11	23	573	0.8383	-14.016
660	1320	579	0.9602	-9.167
660	1180	579	0.9569	-70.078
2709	2712	582	0.844	17.028
2712	2971	582	0.7804	-17.028
2705	2971	582	0.8404	-1.006
2709	2971	582	0.8809	0.000
2705	2709	582	0.8816	-1.006
2610	2696	592	0.7273	15.992
510	606	597	0.8889	46.006
510	756	597	0.8847	46.006
606	756	597	0.9983	0.000
2724	2926	602	0.9784	0.000
1251	2377	603	0.9148	14.016
2058	2061	607	0.873	1.003
1460	1468	615	0.774	-219.289
1463	1468	615	0.7652	-1.003
1460	1463	615	0.8334	-218.286
3385	3458	619	0.9267	-42.047
217	330	631	0.7776	-28.031
217	467	631	0.7605	-28.031
217	575	631	0.7504	-28.031
97	535	638	0.8808	0.039
57	117	642	0.7843	-0.073
2374	2658	651	0.8814	-28.031
172	180	659	0.9136	-0.000
2379	2395	682	0.9198	0.000
2210	3291	692	0.9615	-21.240
953	992	711	0.7804	-0.000
1266	1772	715	0.9759	58.005
2717	2720	722	0.8624	-0.405
2277	2410	725	0.9706	-1.979
134	145	738	0.8996	-0.036
145	192	738	0.7626	-14.016
134	192	738	0.7675	-14.052
192	299	738	0.8683	32.026
860	1704	757	0.7878	-98.110
126	132	769	0.7049	32.026
2199	2521	770	0.9518	-14.016
16	33	773	0.7874	0.060
1774	1777	781	0.9791	0.060
2027	2574	811	0.9827	28.920
5	31	814	0.7043	-0.043
2173	2195	821	0.8807	-0.000
