SpectrumID	#Scan#	SpectrumFile	LibraryName	MQScore	TIC_Query	RT_Query	MZErrorPPM	SharedPeaks	MassDiff	SpecMZ	SpecCharge	FileScanUniqueID	NumberHits	Compound_Name	Ion_Source	Instrument	Compound_Source	PI	Data_Collector	Adduct	Precursor_MZ	ExactMass	Charge	CAS_Number	Pubmed_ID	Smiles	INCHI	INCHI_AUX	Library_Class	IonMode	Organism	LibMZ	UpdateWorkflowName	LibraryQualityString	tags	molecular_formula	InChIKey	InChIKey-Planar	superclass	class	subclass	npclassifier_superclass	npclassifier_class	npclassifier_pathway	library_usi
CCMSLIB00010113136	836	spectra_filtered.mgf	BERKELEY-LAB.mgf	0.99089	3026490.0	0	1.02898	8	0.000427246	415.212	1	temp/spectra_filtered.mgf836	1	"""1-({[2-(2-furylmethyl)-5-methylpyrrolidinyl]amino}methylene)-7-[8-({[2-(2-fury lmethyl)pyrrolidinyl]amino}methylene)-1,6-dihydroxy-3-methyl-5-(methylethyl)-7 -oxo(2-naphthyl)]-3,8-dihydroxy-6-methyl-4-(methylethyl)naphthalen-2-one CollisionEnergy:102040"""	LC-ESI	Orbitrap	Commercial	Trent Northen	JGI	M+2H]	415.212	0.0	1	N/A	N/A	Cc1cc2c(c(O)c1-c1c(C)cc3c(c1O)C(=CNN1C(C)CCC1Cc1ccco1)C(=O)C(O)=C3C(C)C)C(=CNN1CCCC1Cc1ccco1)C(=O)C(O)=C2C(C)C	"""InChI=1S/C49H56N4O8/c1-25(2)38-34-19-27(5)40(46(56)42(34)36(44(54)48(38)58)23-50-52-16-8-11-30(52)21-32-12-9-17-60-32)41-28(6)20-35-39(26(3)4)49(59)45(55)37(43(35)47(41)57)24-51-53-29(7)14-15-31(53)22-33-13-10-18-61-33/h9-10,12-13,17-20,23-26,29-31,50-51,56-59H,8,11,14-16,21-22H2,1-7H3/b36-23-,37-24-"""	N/A	3	Positive	BERKELEY-LAB	415.212	UPDATE-SINGLE-ANNOTATED-BRONZE	Bronze		C49H56N4O8	OZMHKRBQDGOIDU-UHFFFAOYSA-N	OZMHKRBQDGOIDU	N/A	N/A	N/A				mzspec:GNPS:GNPS-LIBRARY:CCMSLIB00010113136
CCMSLIB00010113136	451	spectra_filtered.mgf	BERKELEY-LAB.mgf	0.989903	15999400.0	0	0.808487	7	0.000335693	415.212	1	temp/spectra_filtered.mgf451	1	"""1-({[2-(2-furylmethyl)-5-methylpyrrolidinyl]amino}methylene)-7-[8-({[2-(2-fury lmethyl)pyrrolidinyl]amino}methylene)-1,6-dihydroxy-3-methyl-5-(methylethyl)-7 -oxo(2-naphthyl)]-3,8-dihydroxy-6-methyl-4-(methylethyl)naphthalen-2-one CollisionEnergy:102040"""	LC-ESI	Orbitrap	Commercial	Trent Northen	JGI	M+2H]	415.212	0.0	1	N/A	N/A	Cc1cc2c(c(O)c1-c1c(C)cc3c(c1O)C(=CNN1C(C)CCC1Cc1ccco1)C(=O)C(O)=C3C(C)C)C(=CNN1CCCC1Cc1ccco1)C(=O)C(O)=C2C(C)C	"""InChI=1S/C49H56N4O8/c1-25(2)38-34-19-27(5)40(46(56)42(34)36(44(54)48(38)58)23-50-52-16-8-11-30(52)21-32-12-9-17-60-32)41-28(6)20-35-39(26(3)4)49(59)45(55)37(43(35)47(41)57)24-51-53-29(7)14-15-31(53)22-33-13-10-18-61-33/h9-10,12-13,17-20,23-26,29-31,50-51,56-59H,8,11,14-16,21-22H2,1-7H3/b36-23-,37-24-"""	N/A	3	Positive	BERKELEY-LAB	415.212	UPDATE-SINGLE-ANNOTATED-BRONZE	Bronze		C49H56N4O8	OZMHKRBQDGOIDU-UHFFFAOYSA-N	OZMHKRBQDGOIDU	N/A	N/A	N/A				mzspec:GNPS:GNPS-LIBRARY:CCMSLIB00010113136
CCMSLIB00006679415	1465	spectra_filtered.mgf	MONA.mgf	0.989333	1257560.0	0	3.39869	6	0.00062561	184.073	1	temp/spectra_filtered.mgf1465	1	PHOSPHOCHOLINE	ESI	Orbitrap	isolated	MoNA	MoNA:MoNA037149	M	184.074	0.0	1	N/A	N/A	C[N+](C)(C)CCOP(=O)(O)O	"""InChI=1S/C5H14NO4P/c1-6(2,3)4-5-10-11(7,8)9/h4-5H2,1-3H3,(H-,7,8,9)/p+1"""	N/A	3	positive	MONA	184.074	UPDATE-SINGLE-ANNOTATED-BRONZE	Bronze		N/A	YHHSONZFOIEMCP-UHFFFAOYSA-O	YHHSONZFOIEMCP	Organic nitrogen compounds	Organonitrogen compounds	Quaternary ammonium salts	N/A	N/A	N/A	mzspec:GNPS:GNPS-LIBRARY:CCMSLIB00006679415
CCMSLIB00005464011	6	spectra_filtered.mgf	GNPS-MSMLS.mgf	0.987121	836319.0	0	0.331581	6	4.57764e-05	138.055	1	temp/spectra_filtered.mgf6	1	TRIGONELLINE	ESI	Orbitrap	Commercial	Dorrestein	Kelly Weldon	M+H	138.055	137.048	1	6138-41-6	N/A	C[N+]1=CC(=CC=C1)C([O-])=O	"""InChI=1S/C7H7NO2/c1-8-4-2-3-6(5-8)7(9)10/h2-5H,1H3"""	N/A	1	Positive	GNPS-MSMLS	138.055	UPDATE-SINGLE-ANNOTATED-GOLD	Gold		N/A	WWNNZCOKKKDOPX-UHFFFAOYSA-N	WWNNZCOKKKDOPX	N/A	N/A	N/A	N/A	N/A	N/A	mzspec:GNPS:GNPS-LIBRARY:CCMSLIB00005464011
CCMSLIB00010113136	754	spectra_filtered.mgf	BERKELEY-LAB.mgf	0.986357	3033260.0	0	1.46998	9	0.000610352	415.211	1	temp/spectra_filtered.mgf754	1	"""1-({[2-(2-furylmethyl)-5-methylpyrrolidinyl]amino}methylene)-7-[8-({[2-(2-fury lmethyl)pyrrolidinyl]amino}methylene)-1,6-dihydroxy-3-methyl-5-(methylethyl)-7 -oxo(2-naphthyl)]-3,8-dihydroxy-6-methyl-4-(methylethyl)naphthalen-2-one CollisionEnergy:102040"""	LC-ESI	Orbitrap	Commercial	Trent Northen	JGI	M+2H]	415.212	0.0	1	N/A	N/A	Cc1cc2c(c(O)c1-c1c(C)cc3c(c1O)C(=CNN1C(C)CCC1Cc1ccco1)C(=O)C(O)=C3C(C)C)C(=CNN1CCCC1Cc1ccco1)C(=O)C(O)=C2C(C)C	"""InChI=1S/C49H56N4O8/c1-25(2)38-34-19-27(5)40(46(56)42(34)36(44(54)48(38)58)23-50-52-16-8-11-30(52)21-32-12-9-17-60-32)41-28(6)20-35-39(26(3)4)49(59)45(55)37(43(35)47(41)57)24-51-53-29(7)14-15-31(53)22-33-13-10-18-61-33/h9-10,12-13,17-20,23-26,29-31,50-51,56-59H,8,11,14-16,21-22H2,1-7H3/b36-23-,37-24-"""	N/A	3	Positive	BERKELEY-LAB	415.212	UPDATE-SINGLE-ANNOTATED-BRONZE	Bronze		C49H56N4O8	OZMHKRBQDGOIDU-UHFFFAOYSA-N	OZMHKRBQDGOIDU	N/A	N/A	N/A				mzspec:GNPS:GNPS-LIBRARY:CCMSLIB00010113136
CCMSLIB00010113136	1471	spectra_filtered.mgf	BERKELEY-LAB.mgf	0.984839	4455550.0	0	1.02898	7	0.000427246	415.212	1	temp/spectra_filtered.mgf1471	1	"""1-({[2-(2-furylmethyl)-5-methylpyrrolidinyl]amino}methylene)-7-[8-({[2-(2-fury lmethyl)pyrrolidinyl]amino}methylene)-1,6-dihydroxy-3-methyl-5-(methylethyl)-7 -oxo(2-naphthyl)]-3,8-dihydroxy-6-methyl-4-(methylethyl)naphthalen-2-one CollisionEnergy:102040"""	LC-ESI	Orbitrap	Commercial	Trent Northen	JGI	M+2H]	415.212	0.0	1	N/A	N/A	Cc1cc2c(c(O)c1-c1c(C)cc3c(c1O)C(=CNN1C(C)CCC1Cc1ccco1)C(=O)C(O)=C3C(C)C)C(=CNN1CCCC1Cc1ccco1)C(=O)C(O)=C2C(C)C	"""InChI=1S/C49H56N4O8/c1-25(2)38-34-19-27(5)40(46(56)42(34)36(44(54)48(38)58)23-50-52-16-8-11-30(52)21-32-12-9-17-60-32)41-28(6)20-35-39(26(3)4)49(59)45(55)37(43(35)47(41)57)24-51-53-29(7)14-15-31(53)22-33-13-10-18-61-33/h9-10,12-13,17-20,23-26,29-31,50-51,56-59H,8,11,14-16,21-22H2,1-7H3/b36-23-,37-24-"""	N/A	3	Positive	BERKELEY-LAB	415.212	UPDATE-SINGLE-ANNOTATED-BRONZE	Bronze		C49H56N4O8	OZMHKRBQDGOIDU-UHFFFAOYSA-N	OZMHKRBQDGOIDU	N/A	N/A	N/A				mzspec:GNPS:GNPS-LIBRARY:CCMSLIB00010113136
CCMSLIB00010113136	1006	spectra_filtered.mgf	BERKELEY-LAB.mgf	0.98381	2770530.0	0	1.02898	7	0.000427246	415.212	1	temp/spectra_filtered.mgf1006	1	"""1-({[2-(2-furylmethyl)-5-methylpyrrolidinyl]amino}methylene)-7-[8-({[2-(2-fury lmethyl)pyrrolidinyl]amino}methylene)-1,6-dihydroxy-3-methyl-5-(methylethyl)-7 -oxo(2-naphthyl)]-3,8-dihydroxy-6-methyl-4-(methylethyl)naphthalen-2-one CollisionEnergy:102040"""	LC-ESI	Orbitrap	Commercial	Trent Northen	JGI	M+2H]	415.212	0.0	1	N/A	N/A	Cc1cc2c(c(O)c1-c1c(C)cc3c(c1O)C(=CNN1C(C)CCC1Cc1ccco1)C(=O)C(O)=C3C(C)C)C(=CNN1CCCC1Cc1ccco1)C(=O)C(O)=C2C(C)C	"""InChI=1S/C49H56N4O8/c1-25(2)38-34-19-27(5)40(46(56)42(34)36(44(54)48(38)58)23-50-52-16-8-11-30(52)21-32-12-9-17-60-32)41-28(6)20-35-39(26(3)4)49(59)45(55)37(43(35)47(41)57)24-51-53-29(7)14-15-31(53)22-33-13-10-18-61-33/h9-10,12-13,17-20,23-26,29-31,50-51,56-59H,8,11,14-16,21-22H2,1-7H3/b36-23-,37-24-"""	N/A	3	Positive	BERKELEY-LAB	415.212	UPDATE-SINGLE-ANNOTATED-BRONZE	Bronze		C49H56N4O8	OZMHKRBQDGOIDU-UHFFFAOYSA-N	OZMHKRBQDGOIDU	N/A	N/A	N/A				mzspec:GNPS:GNPS-LIBRARY:CCMSLIB00010113136
CCMSLIB00003136587	1867	spectra_filtered.mgf	GNPS-NIST14-MATCHES.mgf	0.983768	8062910.0	0	1456.16	8	1.06671	733.62	1	temp/spectra_filtered.mgf1867	1	Spectral Match to 1-(9Z-Octadecenoyl)-2-tetradecanoyl-sn-glycero-3-phosphocholine from NIST14	ESI	HCD	Isolated	Data from Gabriel Haddad	Data deposited by mjmeehan	M+H	732.553	0.0	1	95896563	N/A	N/A	N/A	N/A	3	Positive	GNPS-NIST14-MATCHES	732.553	UPDATE-SINGLE-ANNOTATED-BRONZE	Bronze		N/A	N/A	N/A	N/A	N/A	N/A	N/A	N/A	N/A	mzspec:GNPS:GNPS-LIBRARY:CCMSLIB00003136587
CCMSLIB00010103189	1575	spectra_filtered.mgf	BERKELEY-LAB.mgf	0.983279	9973370.0	0	1458.96	8	1.06738	730.539	1	temp/spectra_filtered.mgf1575	1	Sphingomyelin (d18:1/18:0) CollisionEnergy:102040	LC-ESI	Orbitrap	Commercial	Trent Northen	JGI	M	731.606	0.0	1	N/A	N/A	CCCCCCCCCCCCC/C=C/[C@@H](O)[C@H](COP(=O)(O)OCC[N+](C)(C)C)N=C(O)CCCCCCCCCCCCCCCCC	"""InChI=1S/C41H83N2O6P/c1-6-8-10-12-14-16-18-20-21-23-25-27-29-31-33-35-41(45)42-39(38-49-50(46,47)48-37-36-43(3,4)5)40(44)34-32-30-28-26-24-22-19-17-15-13-11-9-7-2/h32,34,39-40,44H,6-31,33,35-38H2,1-5H3,(H-,42,45,46,47)/p+1/b34-32+/t39-,40+/m0/s1"""	N/A	3	Positive	BERKELEY-LAB	731.606	UPDATE-SINGLE-ANNOTATED-BRONZE	Bronze		N/A	LKQLRGMMMAHREN-YJFXYUILSA-O	LKQLRGMMMAHREN	Lipids and lipid-like molecules	Sphingolipids	Phosphosphingolipids	N/A	N/A	N/A	mzspec:GNPS:GNPS-LIBRARY:CCMSLIB00010103189
CCMSLIB00010113136	1288	spectra_filtered.mgf	BERKELEY-LAB.mgf	0.983167	3479610.0	0	1.02898	7	0.000427246	415.212	1	temp/spectra_filtered.mgf1288	1	"""1-({[2-(2-furylmethyl)-5-methylpyrrolidinyl]amino}methylene)-7-[8-({[2-(2-fury lmethyl)pyrrolidinyl]amino}methylene)-1,6-dihydroxy-3-methyl-5-(methylethyl)-7 -oxo(2-naphthyl)]-3,8-dihydroxy-6-methyl-4-(methylethyl)naphthalen-2-one CollisionEnergy:102040"""	LC-ESI	Orbitrap	Commercial	Trent Northen	JGI	M+2H]	415.212	0.0	1	N/A	N/A	Cc1cc2c(c(O)c1-c1c(C)cc3c(c1O)C(=CNN1C(C)CCC1Cc1ccco1)C(=O)C(O)=C3C(C)C)C(=CNN1CCCC1Cc1ccco1)C(=O)C(O)=C2C(C)C	"""InChI=1S/C49H56N4O8/c1-25(2)38-34-19-27(5)40(46(56)42(34)36(44(54)48(38)58)23-50-52-16-8-11-30(52)21-32-12-9-17-60-32)41-28(6)20-35-39(26(3)4)49(59)45(55)37(43(35)47(41)57)24-51-53-29(7)14-15-31(53)22-33-13-10-18-61-33/h9-10,12-13,17-20,23-26,29-31,50-51,56-59H,8,11,14-16,21-22H2,1-7H3/b36-23-,37-24-"""	N/A	3	Positive	BERKELEY-LAB	415.212	UPDATE-SINGLE-ANNOTATED-BRONZE	Bronze		C49H56N4O8	OZMHKRBQDGOIDU-UHFFFAOYSA-N	OZMHKRBQDGOIDU	N/A	N/A	N/A				mzspec:GNPS:GNPS-LIBRARY:CCMSLIB00010113136
CCMSLIB00010113136	1510	spectra_filtered.mgf	BERKELEY-LAB.mgf	0.982857	5136510.0	0	1.10248	7	0.000457764	415.212	1	temp/spectra_filtered.mgf1510	1	"""1-({[2-(2-furylmethyl)-5-methylpyrrolidinyl]amino}methylene)-7-[8-({[2-(2-fury lmethyl)pyrrolidinyl]amino}methylene)-1,6-dihydroxy-3-methyl-5-(methylethyl)-7 -oxo(2-naphthyl)]-3,8-dihydroxy-6-methyl-4-(methylethyl)naphthalen-2-one CollisionEnergy:102040"""	LC-ESI	Orbitrap	Commercial	Trent Northen	JGI	M+2H]	415.212	0.0	1	N/A	N/A	Cc1cc2c(c(O)c1-c1c(C)cc3c(c1O)C(=CNN1C(C)CCC1Cc1ccco1)C(=O)C(O)=C3C(C)C)C(=CNN1CCCC1Cc1ccco1)C(=O)C(O)=C2C(C)C	"""InChI=1S/C49H56N4O8/c1-25(2)38-34-19-27(5)40(46(56)42(34)36(44(54)48(38)58)23-50-52-16-8-11-30(52)21-32-12-9-17-60-32)41-28(6)20-35-39(26(3)4)49(59)45(55)37(43(35)47(41)57)24-51-53-29(7)14-15-31(53)22-33-13-10-18-61-33/h9-10,12-13,17-20,23-26,29-31,50-51,56-59H,8,11,14-16,21-22H2,1-7H3/b36-23-,37-24-"""	N/A	3	Positive	BERKELEY-LAB	415.212	UPDATE-SINGLE-ANNOTATED-BRONZE	Bronze		C49H56N4O8	OZMHKRBQDGOIDU-UHFFFAOYSA-N	OZMHKRBQDGOIDU	N/A	N/A	N/A				mzspec:GNPS:GNPS-LIBRARY:CCMSLIB00010113136
CCMSLIB00010103189	2084	spectra_filtered.mgf	BERKELEY-LAB.mgf	0.981804	9971940.0	0	1345.67	8	0.984497	732.591	1	temp/spectra_filtered.mgf2084	1	Sphingomyelin (d18:1/18:0) CollisionEnergy:102040	LC-ESI	Orbitrap	Commercial	Trent Northen	JGI	M	731.606	0.0	1	N/A	N/A	CCCCCCCCCCCCC/C=C/[C@@H](O)[C@H](COP(=O)(O)OCC[N+](C)(C)C)N=C(O)CCCCCCCCCCCCCCCCC	"""InChI=1S/C41H83N2O6P/c1-6-8-10-12-14-16-18-20-21-23-25-27-29-31-33-35-41(45)42-39(38-49-50(46,47)48-37-36-43(3,4)5)40(44)34-32-30-28-26-24-22-19-17-15-13-11-9-7-2/h32,34,39-40,44H,6-31,33,35-38H2,1-5H3,(H-,42,45,46,47)/p+1/b34-32+/t39-,40+/m0/s1"""	N/A	3	Positive	BERKELEY-LAB	731.606	UPDATE-SINGLE-ANNOTATED-BRONZE	Bronze		N/A	LKQLRGMMMAHREN-YJFXYUILSA-O	LKQLRGMMMAHREN	Lipids and lipid-like molecules	Sphingolipids	Phosphosphingolipids	N/A	N/A	N/A	mzspec:GNPS:GNPS-LIBRARY:CCMSLIB00010103189
CCMSLIB00010113136	813	spectra_filtered.mgf	BERKELEY-LAB.mgf	0.981376	6758050.0	0	1.02898	7	0.000427246	415.212	1	temp/spectra_filtered.mgf813	1	"""1-({[2-(2-furylmethyl)-5-methylpyrrolidinyl]amino}methylene)-7-[8-({[2-(2-fury lmethyl)pyrrolidinyl]amino}methylene)-1,6-dihydroxy-3-methyl-5-(methylethyl)-7 -oxo(2-naphthyl)]-3,8-dihydroxy-6-methyl-4-(methylethyl)naphthalen-2-one CollisionEnergy:102040"""	LC-ESI	Orbitrap	Commercial	Trent Northen	JGI	M+2H]	415.212	0.0	1	N/A	N/A	Cc1cc2c(c(O)c1-c1c(C)cc3c(c1O)C(=CNN1C(C)CCC1Cc1ccco1)C(=O)C(O)=C3C(C)C)C(=CNN1CCCC1Cc1ccco1)C(=O)C(O)=C2C(C)C	"""InChI=1S/C49H56N4O8/c1-25(2)38-34-19-27(5)40(46(56)42(34)36(44(54)48(38)58)23-50-52-16-8-11-30(52)21-32-12-9-17-60-32)41-28(6)20-35-39(26(3)4)49(59)45(55)37(43(35)47(41)57)24-51-53-29(7)14-15-31(53)22-33-13-10-18-61-33/h9-10,12-13,17-20,23-26,29-31,50-51,56-59H,8,11,14-16,21-22H2,1-7H3/b36-23-,37-24-"""	N/A	3	Positive	BERKELEY-LAB	415.212	UPDATE-SINGLE-ANNOTATED-BRONZE	Bronze		C49H56N4O8	OZMHKRBQDGOIDU-UHFFFAOYSA-N	OZMHKRBQDGOIDU	N/A	N/A	N/A				mzspec:GNPS:GNPS-LIBRARY:CCMSLIB00010113136
CCMSLIB00010113136	1435	spectra_filtered.mgf	BERKELEY-LAB.mgf	0.981259	4001960.0	0	1.10248	6	0.000457764	415.212	1	temp/spectra_filtered.mgf1435	1	"""1-({[2-(2-furylmethyl)-5-methylpyrrolidinyl]amino}methylene)-7-[8-({[2-(2-fury lmethyl)pyrrolidinyl]amino}methylene)-1,6-dihydroxy-3-methyl-5-(methylethyl)-7 -oxo(2-naphthyl)]-3,8-dihydroxy-6-methyl-4-(methylethyl)naphthalen-2-one CollisionEnergy:102040"""	LC-ESI	Orbitrap	Commercial	Trent Northen	JGI	M+2H]	415.212	0.0	1	N/A	N/A	Cc1cc2c(c(O)c1-c1c(C)cc3c(c1O)C(=CNN1C(C)CCC1Cc1ccco1)C(=O)C(O)=C3C(C)C)C(=CNN1CCCC1Cc1ccco1)C(=O)C(O)=C2C(C)C	"""InChI=1S/C49H56N4O8/c1-25(2)38-34-19-27(5)40(46(56)42(34)36(44(54)48(38)58)23-50-52-16-8-11-30(52)21-32-12-9-17-60-32)41-28(6)20-35-39(26(3)4)49(59)45(55)37(43(35)47(41)57)24-51-53-29(7)14-15-31(53)22-33-13-10-18-61-33/h9-10,12-13,17-20,23-26,29-31,50-51,56-59H,8,11,14-16,21-22H2,1-7H3/b36-23-,37-24-"""	N/A	3	Positive	BERKELEY-LAB	415.212	UPDATE-SINGLE-ANNOTATED-BRONZE	Bronze		C49H56N4O8	OZMHKRBQDGOIDU-UHFFFAOYSA-N	OZMHKRBQDGOIDU	N/A	N/A	N/A				mzspec:GNPS:GNPS-LIBRARY:CCMSLIB00010113136
CCMSLIB00010113136	1064	spectra_filtered.mgf	BERKELEY-LAB.mgf	0.98068	5408090.0	0	1.02898	7	0.000427246	415.212	1	temp/spectra_filtered.mgf1064	1	"""1-({[2-(2-furylmethyl)-5-methylpyrrolidinyl]amino}methylene)-7-[8-({[2-(2-fury lmethyl)pyrrolidinyl]amino}methylene)-1,6-dihydroxy-3-methyl-5-(methylethyl)-7 -oxo(2-naphthyl)]-3,8-dihydroxy-6-methyl-4-(methylethyl)naphthalen-2-one CollisionEnergy:102040"""	LC-ESI	Orbitrap	Commercial	Trent Northen	JGI	M+2H]	415.212	0.0	1	N/A	N/A	Cc1cc2c(c(O)c1-c1c(C)cc3c(c1O)C(=CNN1C(C)CCC1Cc1ccco1)C(=O)C(O)=C3C(C)C)C(=CNN1CCCC1Cc1ccco1)C(=O)C(O)=C2C(C)C	"""InChI=1S/C49H56N4O8/c1-25(2)38-34-19-27(5)40(46(56)42(34)36(44(54)48(38)58)23-50-52-16-8-11-30(52)21-32-12-9-17-60-32)41-28(6)20-35-39(26(3)4)49(59)45(55)37(43(35)47(41)57)24-51-53-29(7)14-15-31(53)22-33-13-10-18-61-33/h9-10,12-13,17-20,23-26,29-31,50-51,56-59H,8,11,14-16,21-22H2,1-7H3/b36-23-,37-24-"""	N/A	3	Positive	BERKELEY-LAB	415.212	UPDATE-SINGLE-ANNOTATED-BRONZE	Bronze		C49H56N4O8	OZMHKRBQDGOIDU-UHFFFAOYSA-N	OZMHKRBQDGOIDU	N/A	N/A	N/A				mzspec:GNPS:GNPS-LIBRARY:CCMSLIB00010113136
CCMSLIB00010113136	232	spectra_filtered.mgf	BERKELEY-LAB.mgf	0.980379	539102000.0	0	0.514491	7	0.000213623	415.212	1	temp/spectra_filtered.mgf232	1	"""1-({[2-(2-furylmethyl)-5-methylpyrrolidinyl]amino}methylene)-7-[8-({[2-(2-fury lmethyl)pyrrolidinyl]amino}methylene)-1,6-dihydroxy-3-methyl-5-(methylethyl)-7 -oxo(2-naphthyl)]-3,8-dihydroxy-6-methyl-4-(methylethyl)naphthalen-2-one CollisionEnergy:102040"""	LC-ESI	Orbitrap	Commercial	Trent Northen	JGI	M+2H]	415.212	0.0	1	N/A	N/A	Cc1cc2c(c(O)c1-c1c(C)cc3c(c1O)C(=CNN1C(C)CCC1Cc1ccco1)C(=O)C(O)=C3C(C)C)C(=CNN1CCCC1Cc1ccco1)C(=O)C(O)=C2C(C)C	"""InChI=1S/C49H56N4O8/c1-25(2)38-34-19-27(5)40(46(56)42(34)36(44(54)48(38)58)23-50-52-16-8-11-30(52)21-32-12-9-17-60-32)41-28(6)20-35-39(26(3)4)49(59)45(55)37(43(35)47(41)57)24-51-53-29(7)14-15-31(53)22-33-13-10-18-61-33/h9-10,12-13,17-20,23-26,29-31,50-51,56-59H,8,11,14-16,21-22H2,1-7H3/b36-23-,37-24-"""	N/A	3	Positive	BERKELEY-LAB	415.212	UPDATE-SINGLE-ANNOTATED-BRONZE	Bronze		C49H56N4O8	OZMHKRBQDGOIDU-UHFFFAOYSA-N	OZMHKRBQDGOIDU	N/A	N/A	N/A				mzspec:GNPS:GNPS-LIBRARY:CCMSLIB00010113136
CCMSLIB00010113136	885	spectra_filtered.mgf	BERKELEY-LAB.mgf	0.980349	16611400.0	0	1.02898	6	0.000427246	415.212	1	temp/spectra_filtered.mgf885	1	"""1-({[2-(2-furylmethyl)-5-methylpyrrolidinyl]amino}methylene)-7-[8-({[2-(2-fury lmethyl)pyrrolidinyl]amino}methylene)-1,6-dihydroxy-3-methyl-5-(methylethyl)-7 -oxo(2-naphthyl)]-3,8-dihydroxy-6-methyl-4-(methylethyl)naphthalen-2-one CollisionEnergy:102040"""	LC-ESI	Orbitrap	Commercial	Trent Northen	JGI	M+2H]	415.212	0.0	1	N/A	N/A	Cc1cc2c(c(O)c1-c1c(C)cc3c(c1O)C(=CNN1C(C)CCC1Cc1ccco1)C(=O)C(O)=C3C(C)C)C(=CNN1CCCC1Cc1ccco1)C(=O)C(O)=C2C(C)C	"""InChI=1S/C49H56N4O8/c1-25(2)38-34-19-27(5)40(46(56)42(34)36(44(54)48(38)58)23-50-52-16-8-11-30(52)21-32-12-9-17-60-32)41-28(6)20-35-39(26(3)4)49(59)45(55)37(43(35)47(41)57)24-51-53-29(7)14-15-31(53)22-33-13-10-18-61-33/h9-10,12-13,17-20,23-26,29-31,50-51,56-59H,8,11,14-16,21-22H2,1-7H3/b36-23-,37-24-"""	N/A	3	Positive	BERKELEY-LAB	415.212	UPDATE-SINGLE-ANNOTATED-BRONZE	Bronze		C49H56N4O8	OZMHKRBQDGOIDU-UHFFFAOYSA-N	OZMHKRBQDGOIDU	N/A	N/A	N/A				mzspec:GNPS:GNPS-LIBRARY:CCMSLIB00010113136
CCMSLIB00010113136	680	spectra_filtered.mgf	BERKELEY-LAB.mgf	0.980272	5319610.0	0	1.02898	7	0.000427246	415.212	1	temp/spectra_filtered.mgf680	1	"""1-({[2-(2-furylmethyl)-5-methylpyrrolidinyl]amino}methylene)-7-[8-({[2-(2-fury lmethyl)pyrrolidinyl]amino}methylene)-1,6-dihydroxy-3-methyl-5-(methylethyl)-7 -oxo(2-naphthyl)]-3,8-dihydroxy-6-methyl-4-(methylethyl)naphthalen-2-one CollisionEnergy:102040"""	LC-ESI	Orbitrap	Commercial	Trent Northen	JGI	M+2H]	415.212	0.0	1	N/A	N/A	Cc1cc2c(c(O)c1-c1c(C)cc3c(c1O)C(=CNN1C(C)CCC1Cc1ccco1)C(=O)C(O)=C3C(C)C)C(=CNN1CCCC1Cc1ccco1)C(=O)C(O)=C2C(C)C	"""InChI=1S/C49H56N4O8/c1-25(2)38-34-19-27(5)40(46(56)42(34)36(44(54)48(38)58)23-50-52-16-8-11-30(52)21-32-12-9-17-60-32)41-28(6)20-35-39(26(3)4)49(59)45(55)37(43(35)47(41)57)24-51-53-29(7)14-15-31(53)22-33-13-10-18-61-33/h9-10,12-13,17-20,23-26,29-31,50-51,56-59H,8,11,14-16,21-22H2,1-7H3/b36-23-,37-24-"""	N/A	3	Positive	BERKELEY-LAB	415.212	UPDATE-SINGLE-ANNOTATED-BRONZE	Bronze		C49H56N4O8	OZMHKRBQDGOIDU-UHFFFAOYSA-N	OZMHKRBQDGOIDU	N/A	N/A	N/A				mzspec:GNPS:GNPS-LIBRARY:CCMSLIB00010113136
CCMSLIB00010113136	1212	spectra_filtered.mgf	BERKELEY-LAB.mgf	0.980029	5004460.0	0	1.17598	7	0.000488281	415.212	1	temp/spectra_filtered.mgf1212	1	"""1-({[2-(2-furylmethyl)-5-methylpyrrolidinyl]amino}methylene)-7-[8-({[2-(2-fury lmethyl)pyrrolidinyl]amino}methylene)-1,6-dihydroxy-3-methyl-5-(methylethyl)-7 -oxo(2-naphthyl)]-3,8-dihydroxy-6-methyl-4-(methylethyl)naphthalen-2-one CollisionEnergy:102040"""	LC-ESI	Orbitrap	Commercial	Trent Northen	JGI	M+2H]	415.212	0.0	1	N/A	N/A	Cc1cc2c(c(O)c1-c1c(C)cc3c(c1O)C(=CNN1C(C)CCC1Cc1ccco1)C(=O)C(O)=C3C(C)C)C(=CNN1CCCC1Cc1ccco1)C(=O)C(O)=C2C(C)C	"""InChI=1S/C49H56N4O8/c1-25(2)38-34-19-27(5)40(46(56)42(34)36(44(54)48(38)58)23-50-52-16-8-11-30(52)21-32-12-9-17-60-32)41-28(6)20-35-39(26(3)4)49(59)45(55)37(43(35)47(41)57)24-51-53-29(7)14-15-31(53)22-33-13-10-18-61-33/h9-10,12-13,17-20,23-26,29-31,50-51,56-59H,8,11,14-16,21-22H2,1-7H3/b36-23-,37-24-"""	N/A	3	Positive	BERKELEY-LAB	415.212	UPDATE-SINGLE-ANNOTATED-BRONZE	Bronze		C49H56N4O8	OZMHKRBQDGOIDU-UHFFFAOYSA-N	OZMHKRBQDGOIDU	N/A	N/A	N/A				mzspec:GNPS:GNPS-LIBRARY:CCMSLIB00010113136
CCMSLIB00010113136	650	spectra_filtered.mgf	BERKELEY-LAB.mgf	0.980022	7332950.0	0	1.10248	6	0.000457764	415.212	1	temp/spectra_filtered.mgf650	1	"""1-({[2-(2-furylmethyl)-5-methylpyrrolidinyl]amino}methylene)-7-[8-({[2-(2-fury lmethyl)pyrrolidinyl]amino}methylene)-1,6-dihydroxy-3-methyl-5-(methylethyl)-7 -oxo(2-naphthyl)]-3,8-dihydroxy-6-methyl-4-(methylethyl)naphthalen-2-one CollisionEnergy:102040"""	LC-ESI	Orbitrap	Commercial	Trent Northen	JGI	M+2H]	415.212	0.0	1	N/A	N/A	Cc1cc2c(c(O)c1-c1c(C)cc3c(c1O)C(=CNN1C(C)CCC1Cc1ccco1)C(=O)C(O)=C3C(C)C)C(=CNN1CCCC1Cc1ccco1)C(=O)C(O)=C2C(C)C	"""InChI=1S/C49H56N4O8/c1-25(2)38-34-19-27(5)40(46(56)42(34)36(44(54)48(38)58)23-50-52-16-8-11-30(52)21-32-12-9-17-60-32)41-28(6)20-35-39(26(3)4)49(59)45(55)37(43(35)47(41)57)24-51-53-29(7)14-15-31(53)22-33-13-10-18-61-33/h9-10,12-13,17-20,23-26,29-31,50-51,56-59H,8,11,14-16,21-22H2,1-7H3/b36-23-,37-24-"""	N/A	3	Positive	BERKELEY-LAB	415.212	UPDATE-SINGLE-ANNOTATED-BRONZE	Bronze		C49H56N4O8	OZMHKRBQDGOIDU-UHFFFAOYSA-N	OZMHKRBQDGOIDU	N/A	N/A	N/A				mzspec:GNPS:GNPS-LIBRARY:CCMSLIB00010113136
CCMSLIB00010113136	1554	spectra_filtered.mgf	BERKELEY-LAB.mgf	0.979173	11755800.0	0	1.02898	7	0.000427246	415.212	1	temp/spectra_filtered.mgf1554	1	"""1-({[2-(2-furylmethyl)-5-methylpyrrolidinyl]amino}methylene)-7-[8-({[2-(2-fury lmethyl)pyrrolidinyl]amino}methylene)-1,6-dihydroxy-3-methyl-5-(methylethyl)-7 -oxo(2-naphthyl)]-3,8-dihydroxy-6-methyl-4-(methylethyl)naphthalen-2-one CollisionEnergy:102040"""	LC-ESI	Orbitrap	Commercial	Trent Northen	JGI	M+2H]	415.212	0.0	1	N/A	N/A	Cc1cc2c(c(O)c1-c1c(C)cc3c(c1O)C(=CNN1C(C)CCC1Cc1ccco1)C(=O)C(O)=C3C(C)C)C(=CNN1CCCC1Cc1ccco1)C(=O)C(O)=C2C(C)C	"""InChI=1S/C49H56N4O8/c1-25(2)38-34-19-27(5)40(46(56)42(34)36(44(54)48(38)58)23-50-52-16-8-11-30(52)21-32-12-9-17-60-32)41-28(6)20-35-39(26(3)4)49(59)45(55)37(43(35)47(41)57)24-51-53-29(7)14-15-31(53)22-33-13-10-18-61-33/h9-10,12-13,17-20,23-26,29-31,50-51,56-59H,8,11,14-16,21-22H2,1-7H3/b36-23-,37-24-"""	N/A	3	Positive	BERKELEY-LAB	415.212	UPDATE-SINGLE-ANNOTATED-BRONZE	Bronze		C49H56N4O8	OZMHKRBQDGOIDU-UHFFFAOYSA-N	OZMHKRBQDGOIDU	N/A	N/A	N/A				mzspec:GNPS:GNPS-LIBRARY:CCMSLIB00010113136
CCMSLIB00010103189	1747	spectra_filtered.mgf	BERKELEY-LAB.mgf	0.979001	11629000.0	0	2.50279	9	0.00183105	731.608	1	temp/spectra_filtered.mgf1747	1	Sphingomyelin (d18:1/18:0) CollisionEnergy:102040	LC-ESI	Orbitrap	Commercial	Trent Northen	JGI	M	731.606	0.0	1	N/A	N/A	CCCCCCCCCCCCC/C=C/[C@@H](O)[C@H](COP(=O)(O)OCC[N+](C)(C)C)N=C(O)CCCCCCCCCCCCCCCCC	"""InChI=1S/C41H83N2O6P/c1-6-8-10-12-14-16-18-20-21-23-25-27-29-31-33-35-41(45)42-39(38-49-50(46,47)48-37-36-43(3,4)5)40(44)34-32-30-28-26-24-22-19-17-15-13-11-9-7-2/h32,34,39-40,44H,6-31,33,35-38H2,1-5H3,(H-,42,45,46,47)/p+1/b34-32+/t39-,40+/m0/s1"""	N/A	3	Positive	BERKELEY-LAB	731.606	UPDATE-SINGLE-ANNOTATED-BRONZE	Bronze		N/A	LKQLRGMMMAHREN-YJFXYUILSA-O	LKQLRGMMMAHREN	Lipids and lipid-like molecules	Sphingolipids	Phosphosphingolipids	N/A	N/A	N/A	mzspec:GNPS:GNPS-LIBRARY:CCMSLIB00010103189
CCMSLIB00010113136	970	spectra_filtered.mgf	BERKELEY-LAB.mgf	0.978628	3414370.0	0	0.955484	6	0.000396729	415.212	1	temp/spectra_filtered.mgf970	1	"""1-({[2-(2-furylmethyl)-5-methylpyrrolidinyl]amino}methylene)-7-[8-({[2-(2-fury lmethyl)pyrrolidinyl]amino}methylene)-1,6-dihydroxy-3-methyl-5-(methylethyl)-7 -oxo(2-naphthyl)]-3,8-dihydroxy-6-methyl-4-(methylethyl)naphthalen-2-one CollisionEnergy:102040"""	LC-ESI	Orbitrap	Commercial	Trent Northen	JGI	M+2H]	415.212	0.0	1	N/A	N/A	Cc1cc2c(c(O)c1-c1c(C)cc3c(c1O)C(=CNN1C(C)CCC1Cc1ccco1)C(=O)C(O)=C3C(C)C)C(=CNN1CCCC1Cc1ccco1)C(=O)C(O)=C2C(C)C	"""InChI=1S/C49H56N4O8/c1-25(2)38-34-19-27(5)40(46(56)42(34)36(44(54)48(38)58)23-50-52-16-8-11-30(52)21-32-12-9-17-60-32)41-28(6)20-35-39(26(3)4)49(59)45(55)37(43(35)47(41)57)24-51-53-29(7)14-15-31(53)22-33-13-10-18-61-33/h9-10,12-13,17-20,23-26,29-31,50-51,56-59H,8,11,14-16,21-22H2,1-7H3/b36-23-,37-24-"""	N/A	3	Positive	BERKELEY-LAB	415.212	UPDATE-SINGLE-ANNOTATED-BRONZE	Bronze		C49H56N4O8	OZMHKRBQDGOIDU-UHFFFAOYSA-N	OZMHKRBQDGOIDU	N/A	N/A	N/A				mzspec:GNPS:GNPS-LIBRARY:CCMSLIB00010113136
CCMSLIB00003136108	1780	spectra_filtered.mgf	GNPS-NIST14-MATCHES.mgf	0.97833	2761680.0	0	1376.38	11	1.01105	733.557	1	temp/spectra_filtered.mgf1780	1	Spectral Match to 1-Stearoyl-2-myristoyl-sn-glycero-3-phosphocholine from NIST14	ESI	HCD	Isolated	Data from Gabriel Haddad	Data deposited by mjmeehan	M+H	734.568	0.0	1	20664022	N/A	N/A	N/A	N/A	3	Positive	GNPS-NIST14-MATCHES	734.568	UPDATE-SINGLE-ANNOTATED-BRONZE	Bronze		N/A	N/A	N/A	N/A	N/A	N/A	N/A	N/A	N/A	mzspec:GNPS:GNPS-LIBRARY:CCMSLIB00003136108
CCMSLIB00003136108	1871	spectra_filtered.mgf	GNPS-NIST14-MATCHES.mgf	0.978038	3103240.0	0	76.9412	12	0.0565186	734.625	1	temp/spectra_filtered.mgf1871	1	Spectral Match to 1-Stearoyl-2-myristoyl-sn-glycero-3-phosphocholine from NIST14	ESI	HCD	Isolated	Data from Gabriel Haddad	Data deposited by mjmeehan	M+H	734.568	0.0	1	20664022	N/A	N/A	N/A	N/A	3	Positive	GNPS-NIST14-MATCHES	734.568	UPDATE-SINGLE-ANNOTATED-BRONZE	Bronze		N/A	N/A	N/A	N/A	N/A	N/A	N/A	N/A	N/A	mzspec:GNPS:GNPS-LIBRARY:CCMSLIB00003136108
CCMSLIB00003135443	2396	spectra_filtered.mgf	GNPS-NIST14-MATCHES.mgf	0.977798	13126700.0	0	78.7912	10	0.06427	815.636	1	temp/spectra_filtered.mgf2396	1	Spectral Match to N-Tetracosanoyl-4-sphingenyl-1-O-phosphorylcholine from NIST14	ESI	Q-TOF	Isolated	Data from Gabriel Haddad	Data deposited by mjmeehan	M+H	815.7	0.0	1	60037607	N/A	N/A	N/A	N/A	3	Positive	GNPS-NIST14-MATCHES	815.7	UPDATE-SINGLE-ANNOTATED-BRONZE	Bronze		N/A	N/A	N/A	N/A	N/A	N/A	N/A	N/A	N/A	mzspec:GNPS:GNPS-LIBRARY:CCMSLIB00003135443
CCMSLIB00003135417	1466	spectra_filtered.mgf	GNPS-NIST14-MATCHES.mgf	0.976641	3009560.0	0	2773.09	9	1.95929	704.578	1	temp/spectra_filtered.mgf1466	1	Spectral Match to 1-Myristoyl-2-palmitoyl-sn-glycero-3-phosphocholine from NIST14	ESI	HCD	Isolated	Data from Gabriel Haddad	Data deposited by mjmeehan	M+H	706.537	0.0	1	69525800	N/A	N/A	N/A	N/A	3	Positive	GNPS-NIST14-MATCHES	706.537	UPDATE-SINGLE-ANNOTATED-BRONZE	Bronze		N/A	N/A	N/A	N/A	N/A	N/A	N/A	N/A	N/A	mzspec:GNPS:GNPS-LIBRARY:CCMSLIB00003135417
CCMSLIB00010113136	1118	spectra_filtered.mgf	BERKELEY-LAB.mgf	0.975494	1812060.0	0	1.10248	6	0.000457764	415.212	1	temp/spectra_filtered.mgf1118	1	"""1-({[2-(2-furylmethyl)-5-methylpyrrolidinyl]amino}methylene)-7-[8-({[2-(2-fury lmethyl)pyrrolidinyl]amino}methylene)-1,6-dihydroxy-3-methyl-5-(methylethyl)-7 -oxo(2-naphthyl)]-3,8-dihydroxy-6-methyl-4-(methylethyl)naphthalen-2-one CollisionEnergy:102040"""	LC-ESI	Orbitrap	Commercial	Trent Northen	JGI	M+2H]	415.212	0.0	1	N/A	N/A	Cc1cc2c(c(O)c1-c1c(C)cc3c(c1O)C(=CNN1C(C)CCC1Cc1ccco1)C(=O)C(O)=C3C(C)C)C(=CNN1CCCC1Cc1ccco1)C(=O)C(O)=C2C(C)C	"""InChI=1S/C49H56N4O8/c1-25(2)38-34-19-27(5)40(46(56)42(34)36(44(54)48(38)58)23-50-52-16-8-11-30(52)21-32-12-9-17-60-32)41-28(6)20-35-39(26(3)4)49(59)45(55)37(43(35)47(41)57)24-51-53-29(7)14-15-31(53)22-33-13-10-18-61-33/h9-10,12-13,17-20,23-26,29-31,50-51,56-59H,8,11,14-16,21-22H2,1-7H3/b36-23-,37-24-"""	N/A	3	Positive	BERKELEY-LAB	415.212	UPDATE-SINGLE-ANNOTATED-BRONZE	Bronze		C49H56N4O8	OZMHKRBQDGOIDU-UHFFFAOYSA-N	OZMHKRBQDGOIDU	N/A	N/A	N/A				mzspec:GNPS:GNPS-LIBRARY:CCMSLIB00010113136
CCMSLIB00010103189	1752	spectra_filtered.mgf	BERKELEY-LAB.mgf	0.975178	46614300.0	0	1369.78	8	1.00214	732.608	1	temp/spectra_filtered.mgf1752	1	Sphingomyelin (d18:1/18:0) CollisionEnergy:102040	LC-ESI	Orbitrap	Commercial	Trent Northen	JGI	M	731.606	0.0	1	N/A	N/A	CCCCCCCCCCCCC/C=C/[C@@H](O)[C@H](COP(=O)(O)OCC[N+](C)(C)C)N=C(O)CCCCCCCCCCCCCCCCC	"""InChI=1S/C41H83N2O6P/c1-6-8-10-12-14-16-18-20-21-23-25-27-29-31-33-35-41(45)42-39(38-49-50(46,47)48-37-36-43(3,4)5)40(44)34-32-30-28-26-24-22-19-17-15-13-11-9-7-2/h32,34,39-40,44H,6-31,33,35-38H2,1-5H3,(H-,42,45,46,47)/p+1/b34-32+/t39-,40+/m0/s1"""	N/A	3	Positive	BERKELEY-LAB	731.606	UPDATE-SINGLE-ANNOTATED-BRONZE	Bronze		N/A	LKQLRGMMMAHREN-YJFXYUILSA-O	LKQLRGMMMAHREN	Lipids and lipid-like molecules	Sphingolipids	Phosphosphingolipids	N/A	N/A	N/A	mzspec:GNPS:GNPS-LIBRARY:CCMSLIB00010103189
CCMSLIB00003135417	1541	spectra_filtered.mgf	GNPS-NIST14-MATCHES.mgf	0.974876	2455590.0	0	80.5985	10	0.0569458	706.594	1	temp/spectra_filtered.mgf1541	1	Spectral Match to 1-Myristoyl-2-palmitoyl-sn-glycero-3-phosphocholine from NIST14	ESI	HCD	Isolated	Data from Gabriel Haddad	Data deposited by mjmeehan	M+H	706.537	0.0	1	69525800	N/A	N/A	N/A	N/A	3	Positive	GNPS-NIST14-MATCHES	706.537	UPDATE-SINGLE-ANNOTATED-BRONZE	Bronze		N/A	N/A	N/A	N/A	N/A	N/A	N/A	N/A	N/A	mzspec:GNPS:GNPS-LIBRARY:CCMSLIB00003135417
CCMSLIB00003135417	1637	spectra_filtered.mgf	GNPS-NIST14-MATCHES.mgf	0.974085	8825950.0	0	1338.82	10	0.945923	705.591	1	temp/spectra_filtered.mgf1637	1	Spectral Match to 1-Myristoyl-2-palmitoyl-sn-glycero-3-phosphocholine from NIST14	ESI	HCD	Isolated	Data from Gabriel Haddad	Data deposited by mjmeehan	M+H	706.537	0.0	1	69525800	N/A	N/A	N/A	N/A	3	Positive	GNPS-NIST14-MATCHES	706.537	UPDATE-SINGLE-ANNOTATED-BRONZE	Bronze		N/A	N/A	N/A	N/A	N/A	N/A	N/A	N/A	N/A	mzspec:GNPS:GNPS-LIBRARY:CCMSLIB00003135417
CCMSLIB00010103189	1799	spectra_filtered.mgf	BERKELEY-LAB.mgf	0.973913	48165100.0	0	1296.69	8	0.948669	732.555	1	temp/spectra_filtered.mgf1799	1	Sphingomyelin (d18:1/18:0) CollisionEnergy:102040	LC-ESI	Orbitrap	Commercial	Trent Northen	JGI	M	731.606	0.0	1	N/A	N/A	CCCCCCCCCCCCC/C=C/[C@@H](O)[C@H](COP(=O)(O)OCC[N+](C)(C)C)N=C(O)CCCCCCCCCCCCCCCCC	"""InChI=1S/C41H83N2O6P/c1-6-8-10-12-14-16-18-20-21-23-25-27-29-31-33-35-41(45)42-39(38-49-50(46,47)48-37-36-43(3,4)5)40(44)34-32-30-28-26-24-22-19-17-15-13-11-9-7-2/h32,34,39-40,44H,6-31,33,35-38H2,1-5H3,(H-,42,45,46,47)/p+1/b34-32+/t39-,40+/m0/s1"""	N/A	3	Positive	BERKELEY-LAB	731.606	UPDATE-SINGLE-ANNOTATED-BRONZE	Bronze		N/A	LKQLRGMMMAHREN-YJFXYUILSA-O	LKQLRGMMMAHREN	Lipids and lipid-like molecules	Sphingolipids	Phosphosphingolipids	N/A	N/A	N/A	mzspec:GNPS:GNPS-LIBRARY:CCMSLIB00010103189
CCMSLIB00010103189	1661	spectra_filtered.mgf	BERKELEY-LAB.mgf	0.973384	25220300.0	0	1459.38	8	1.06769	730.538	1	temp/spectra_filtered.mgf1661	1	Sphingomyelin (d18:1/18:0) CollisionEnergy:102040	LC-ESI	Orbitrap	Commercial	Trent Northen	JGI	M	731.606	0.0	1	N/A	N/A	CCCCCCCCCCCCC/C=C/[C@@H](O)[C@H](COP(=O)(O)OCC[N+](C)(C)C)N=C(O)CCCCCCCCCCCCCCCCC	"""InChI=1S/C41H83N2O6P/c1-6-8-10-12-14-16-18-20-21-23-25-27-29-31-33-35-41(45)42-39(38-49-50(46,47)48-37-36-43(3,4)5)40(44)34-32-30-28-26-24-22-19-17-15-13-11-9-7-2/h32,34,39-40,44H,6-31,33,35-38H2,1-5H3,(H-,42,45,46,47)/p+1/b34-32+/t39-,40+/m0/s1"""	N/A	3	Positive	BERKELEY-LAB	731.606	UPDATE-SINGLE-ANNOTATED-BRONZE	Bronze		N/A	LKQLRGMMMAHREN-YJFXYUILSA-O	LKQLRGMMMAHREN	Lipids and lipid-like molecules	Sphingolipids	Phosphosphingolipids	N/A	N/A	N/A	mzspec:GNPS:GNPS-LIBRARY:CCMSLIB00010103189
CCMSLIB00003136587	2083	spectra_filtered.mgf	GNPS-NIST14-MATCHES.mgf	0.972276	4328150.0	0	1421.16	9	1.04108	733.594	1	temp/spectra_filtered.mgf2083	1	Spectral Match to 1-(9Z-Octadecenoyl)-2-tetradecanoyl-sn-glycero-3-phosphocholine from NIST14	ESI	HCD	Isolated	Data from Gabriel Haddad	Data deposited by mjmeehan	M+H	732.553	0.0	1	95896563	N/A	N/A	N/A	N/A	3	Positive	GNPS-NIST14-MATCHES	732.553	UPDATE-SINGLE-ANNOTATED-BRONZE	Bronze		N/A	N/A	N/A	N/A	N/A	N/A	N/A	N/A	N/A	mzspec:GNPS:GNPS-LIBRARY:CCMSLIB00003136587
CCMSLIB00006679415	2062	spectra_filtered.mgf	MONA.mgf	0.971725	1433930.0	0	3.64737	6	0.000671387	184.073	1	temp/spectra_filtered.mgf2062	1	PHOSPHOCHOLINE	ESI	Orbitrap	isolated	MoNA	MoNA:MoNA037149	M	184.074	0.0	1	N/A	N/A	C[N+](C)(C)CCOP(=O)(O)O	"""InChI=1S/C5H14NO4P/c1-6(2,3)4-5-10-11(7,8)9/h4-5H2,1-3H3,(H-,7,8,9)/p+1"""	N/A	3	positive	MONA	184.074	UPDATE-SINGLE-ANNOTATED-BRONZE	Bronze		N/A	YHHSONZFOIEMCP-UHFFFAOYSA-O	YHHSONZFOIEMCP	Organic nitrogen compounds	Organonitrogen compounds	Quaternary ammonium salts	N/A	N/A	N/A	mzspec:GNPS:GNPS-LIBRARY:CCMSLIB00006679415
CCMSLIB00005464291	1828	spectra_filtered.mgf	GNPS-MSMLS.mgf	0.970556	544433.0	0	1.98949	6	0.000366211	184.073	0	temp/spectra_filtered.mgf1828	1	PHOSPHORYLCHOLINE	ESI	Orbitrap	Commercial	Dorrestein	Kelly Weldon	M+H	184.073	183.066	1	72556-74-2	N/A	C[N+](C)(CCOP([O-])(O)=O)C	"""InChI=1S/C5H14NO4P/c1-6(2,3)4-5-10-11(7,8)9/h4-5H2,1-3H3,(H-,7,8,9)"""	N/A	1	Positive	GNPS-MSMLS	184.073	UPDATE-SINGLE-ANNOTATED-GOLD	Gold		N/A	YHHSONZFOIEMCP-UHFFFAOYSA-N	YHHSONZFOIEMCP	Organic nitrogen compounds	Organonitrogen compounds	Quaternary ammonium salts	N/A	N/A	N/A	mzspec:GNPS:GNPS-LIBRARY:CCMSLIB00005464291
CCMSLIB00010103189	2056	spectra_filtered.mgf	BERKELEY-LAB.mgf	0.970502	3471320.0	0	1408.65	8	1.03058	730.575	1	temp/spectra_filtered.mgf2056	1	Sphingomyelin (d18:1/18:0) CollisionEnergy:102040	LC-ESI	Orbitrap	Commercial	Trent Northen	JGI	M	731.606	0.0	1	N/A	N/A	CCCCCCCCCCCCC/C=C/[C@@H](O)[C@H](COP(=O)(O)OCC[N+](C)(C)C)N=C(O)CCCCCCCCCCCCCCCCC	"""InChI=1S/C41H83N2O6P/c1-6-8-10-12-14-16-18-20-21-23-25-27-29-31-33-35-41(45)42-39(38-49-50(46,47)48-37-36-43(3,4)5)40(44)34-32-30-28-26-24-22-19-17-15-13-11-9-7-2/h32,34,39-40,44H,6-31,33,35-38H2,1-5H3,(H-,42,45,46,47)/p+1/b34-32+/t39-,40+/m0/s1"""	N/A	3	Positive	BERKELEY-LAB	731.606	UPDATE-SINGLE-ANNOTATED-BRONZE	Bronze		N/A	LKQLRGMMMAHREN-YJFXYUILSA-O	LKQLRGMMMAHREN	Lipids and lipid-like molecules	Sphingolipids	Phosphosphingolipids	N/A	N/A	N/A	mzspec:GNPS:GNPS-LIBRARY:CCMSLIB00010103189
CCMSLIB00003137838	2030	spectra_filtered.mgf	GNPS-NIST14-MATCHES.mgf	0.970341	3866520.0	0	1312.8	9	0.980103	745.594	1	temp/spectra_filtered.mgf2030	1	Spectral Match to 1-Hexadecyl-2-(9Z-octadecenoyl)-sn-glycero-3-phosphocholine from NIST14	ESI	HCD	Isolated	Data from Gabriel Haddad	Data deposited by mjmeehan	M+H	746.574	0.0	1	95403342	N/A	N/A	N/A	N/A	3	Positive	GNPS-NIST14-MATCHES	746.574	UPDATE-SINGLE-ANNOTATED-BRONZE	Bronze		N/A	N/A	N/A	N/A	N/A	N/A	N/A	N/A	N/A	mzspec:GNPS:GNPS-LIBRARY:CCMSLIB00003137838
CCMSLIB00010103189	1753	spectra_filtered.mgf	BERKELEY-LAB.mgf	0.969964	275131000.0	0	1296.69	8	0.948669	732.555	1	temp/spectra_filtered.mgf1753	1	Sphingomyelin (d18:1/18:0) CollisionEnergy:102040	LC-ESI	Orbitrap	Commercial	Trent Northen	JGI	M	731.606	0.0	1	N/A	N/A	CCCCCCCCCCCCC/C=C/[C@@H](O)[C@H](COP(=O)(O)OCC[N+](C)(C)C)N=C(O)CCCCCCCCCCCCCCCCC	"""InChI=1S/C41H83N2O6P/c1-6-8-10-12-14-16-18-20-21-23-25-27-29-31-33-35-41(45)42-39(38-49-50(46,47)48-37-36-43(3,4)5)40(44)34-32-30-28-26-24-22-19-17-15-13-11-9-7-2/h32,34,39-40,44H,6-31,33,35-38H2,1-5H3,(H-,42,45,46,47)/p+1/b34-32+/t39-,40+/m0/s1"""	N/A	3	Positive	BERKELEY-LAB	731.606	UPDATE-SINGLE-ANNOTATED-BRONZE	Bronze		N/A	LKQLRGMMMAHREN-YJFXYUILSA-O	LKQLRGMMMAHREN	Lipids and lipid-like molecules	Sphingolipids	Phosphosphingolipids	N/A	N/A	N/A	mzspec:GNPS:GNPS-LIBRARY:CCMSLIB00010103189
CCMSLIB00003139075	472	spectra_filtered.mgf	GNPS-NIST14-MATCHES.mgf	0.969497	1594570.0	0	9.07903	10	0.00476074	524.372	1	temp/spectra_filtered.mgf472	1	Spectral Match to 1-Stearoyl-2-hydroxy-sn-glycero-3-phosphocholine from NIST14	ESI	HCD	Isolated	Data from Wolfender/Litaudon	Data deposited by pmallard	M+H	524.367	0.0	1	19420576	N/A	N/A	N/A	N/A	3	Positive	GNPS-NIST14-MATCHES	524.367	UPDATE-SINGLE-ANNOTATED-BRONZE	Bronze		N/A	N/A	N/A	N/A	N/A	N/A	N/A	N/A	N/A	mzspec:GNPS:GNPS-LIBRARY:CCMSLIB00003139075
CCMSLIB00003137838	1903	spectra_filtered.mgf	GNPS-NIST14-MATCHES.mgf	0.969309	4300080.0	0	1338.55	10	0.999329	747.573	1	temp/spectra_filtered.mgf1903	1	Spectral Match to 1-Hexadecyl-2-(9Z-octadecenoyl)-sn-glycero-3-phosphocholine from NIST14	ESI	HCD	Isolated	Data from Gabriel Haddad	Data deposited by mjmeehan	M+H	746.574	0.0	1	95403342	N/A	N/A	N/A	N/A	3	Positive	GNPS-NIST14-MATCHES	746.574	UPDATE-SINGLE-ANNOTATED-BRONZE	Bronze		N/A	N/A	N/A	N/A	N/A	N/A	N/A	N/A	N/A	mzspec:GNPS:GNPS-LIBRARY:CCMSLIB00003137838
CCMSLIB00003135417	1542	spectra_filtered.mgf	GNPS-NIST14-MATCHES.mgf	0.968284	43225500.0	0	1339.59	9	0.946472	705.591	1	temp/spectra_filtered.mgf1542	1	Spectral Match to 1-Myristoyl-2-palmitoyl-sn-glycero-3-phosphocholine from NIST14	ESI	HCD	Isolated	Data from Gabriel Haddad	Data deposited by mjmeehan	M+H	706.537	0.0	1	69525800	N/A	N/A	N/A	N/A	3	Positive	GNPS-NIST14-MATCHES	706.537	UPDATE-SINGLE-ANNOTATED-BRONZE	Bronze		N/A	N/A	N/A	N/A	N/A	N/A	N/A	N/A	N/A	mzspec:GNPS:GNPS-LIBRARY:CCMSLIB00003135417
CCMSLIB00003140150	2089	spectra_filtered.mgf	GNPS-NIST14-MATCHES.mgf	0.968196	9500840.0	0	1414.02	6	1.07263	759.64	1	temp/spectra_filtered.mgf2089	1	Spectral Match to 1-Hexadecanoyl-2-octadecadienoyl-sn-glycero-3-phosphocholine from NIST14	ESI	Q-TOF	Isolated	Data from Gabriel Haddad	Data deposited by mjmeehan	M+H	758.567	0.0	1	130614061	N/A	N/A	N/A	N/A	3	Positive	GNPS-NIST14-MATCHES	758.567	UPDATE-SINGLE-ANNOTATED-BRONZE	Bronze		N/A	N/A	N/A	N/A	N/A	N/A	N/A	N/A	N/A	mzspec:GNPS:GNPS-LIBRARY:CCMSLIB00003140150
CCMSLIB00003135417	1986	spectra_filtered.mgf	GNPS-NIST14-MATCHES.mgf	0.967266	3811280.0	0	2799.61	8	1.97803	704.559	1	temp/spectra_filtered.mgf1986	1	Spectral Match to 1-Myristoyl-2-palmitoyl-sn-glycero-3-phosphocholine from NIST14	ESI	HCD	Isolated	Data from Gabriel Haddad	Data deposited by mjmeehan	M+H	706.537	0.0	1	69525800	N/A	N/A	N/A	N/A	3	Positive	GNPS-NIST14-MATCHES	706.537	UPDATE-SINGLE-ANNOTATED-BRONZE	Bronze		N/A	N/A	N/A	N/A	N/A	N/A	N/A	N/A	N/A	mzspec:GNPS:GNPS-LIBRARY:CCMSLIB00003135417
CCMSLIB00010109104	1484	spectra_filtered.mgf	BERKELEY-LAB.mgf	0.966917	16265300.0	0	0.779934	6	0.000305176	391.284	1	temp/spectra_filtered.mgf1484	1	DEHP CollisionEnergy:102040	LC-ESI	Orbitrap	Commercial	Trent Northen	JGI	M+H	391.284	0.0	1	N/A	N/A	CCCCC(CC)COC(=O)c1ccccc1C(=O)OCC(CC)CCCC	"""InChI=1S/C24H38O4/c1-5-9-13-19(7-3)17-27-23(25)21-15-11-12-16-22(21)24(26)28-18-20(8-4)14-10-6-2/h11-12,15-16,19-20H,5-10,13-14,17-18H2,1-4H3"""	N/A	3	Positive	BERKELEY-LAB	391.284	UPDATE-SINGLE-ANNOTATED-BRONZE	Bronze		C24H38O4	BJQHLKABXJIVAM-UHFFFAOYSA-N	BJQHLKABXJIVAM	Benzenoids	Benzene and substituted derivatives	Benzoic acids and derivatives	Phenolic acids (C6-C1)	Shikimic acids and derivatives|Simple phenolic acids	Shikimates and Phenylpropanoids	mzspec:GNPS:GNPS-LIBRARY:CCMSLIB00010109104
CCMSLIB00010103189	2277	spectra_filtered.mgf	BERKELEY-LAB.mgf	0.966331	2838270.0	0	1345.92	7	0.98468	732.591	1	temp/spectra_filtered.mgf2277	1	Sphingomyelin (d18:1/18:0) CollisionEnergy:102040	LC-ESI	Orbitrap	Commercial	Trent Northen	JGI	M	731.606	0.0	1	N/A	N/A	CCCCCCCCCCCCC/C=C/[C@@H](O)[C@H](COP(=O)(O)OCC[N+](C)(C)C)N=C(O)CCCCCCCCCCCCCCCCC	"""InChI=1S/C41H83N2O6P/c1-6-8-10-12-14-16-18-20-21-23-25-27-29-31-33-35-41(45)42-39(38-49-50(46,47)48-37-36-43(3,4)5)40(44)34-32-30-28-26-24-22-19-17-15-13-11-9-7-2/h32,34,39-40,44H,6-31,33,35-38H2,1-5H3,(H-,42,45,46,47)/p+1/b34-32+/t39-,40+/m0/s1"""	N/A	3	Positive	BERKELEY-LAB	731.606	UPDATE-SINGLE-ANNOTATED-BRONZE	Bronze		N/A	LKQLRGMMMAHREN-YJFXYUILSA-O	LKQLRGMMMAHREN	Lipids and lipid-like molecules	Sphingolipids	Phosphosphingolipids	N/A	N/A	N/A	mzspec:GNPS:GNPS-LIBRARY:CCMSLIB00010103189
CCMSLIB00003139488	1434	spectra_filtered.mgf	GNPS-NIST14-MATCHES.mgf	0.965371	5698060.0	0	0.35982	6	0.000244141	678.507	1	temp/spectra_filtered.mgf1434	1	Spectral Match to 1,2-Ditetradecanoyl-sn-glycero-3-phosphocholine from NIST14	ESI	HCD	Isolated	Data from Julia Gauglitz	Data deposited by fevargas	M+H	678.507	0.0	1	18656387	N/A	N/A	N/A	N/A	3	Positive	GNPS-NIST14-MATCHES	678.507	UPDATE-SINGLE-ANNOTATED-BRONZE	Bronze		N/A	N/A	N/A	N/A	N/A	N/A	N/A	N/A	N/A	mzspec:GNPS:GNPS-LIBRARY:CCMSLIB00003139488
CCMSLIB00003139137	1651	spectra_filtered.mgf	GNPS-NIST14-MATCHES.mgf	0.965187	31508600.0	0	78.0068	7	0.0551147	706.593	1	temp/spectra_filtered.mgf1651	1	Spectral Match to 1,2-Dipentadecanoyl-sn-glycero-3-phosphocholine from NIST14	ESI	HCD	Isolated	Data from Gabriel Haddad	Data deposited by mjmeehan	M+H	706.538	0.0	1	3355279	N/A	N/A	N/A	N/A	3	Positive	GNPS-NIST14-MATCHES	706.538	UPDATE-SINGLE-ANNOTATED-BRONZE	Bronze		N/A	N/A	N/A	N/A	N/A	N/A	N/A	N/A	N/A	mzspec:GNPS:GNPS-LIBRARY:CCMSLIB00003139137
CCMSLIB00003135664	2404	spectra_filtered.mgf	GNPS-NIST14-MATCHES.mgf	0.964933	33259700.0	0	1168.15	6	0.9505	814.633	1	temp/spectra_filtered.mgf2404	1	Spectral Match to N-Tetracosenoyl-4-sphingenyl-1-O-phosphorylcholine from NIST14	ESI	Q-TOF	Isolated	Data from Pieter Dorrestein	Data deposited by daniel	M+H	813.683	0.0	1	N/A	N/A	N/A	N/A	N/A	3	Positive	GNPS-NIST14-MATCHES	813.683	UPDATE-SINGLE-ANNOTATED-BRONZE	Bronze		N/A	N/A	N/A	N/A	N/A	N/A	N/A	N/A	N/A	mzspec:GNPS:GNPS-LIBRARY:CCMSLIB00003135664
CCMSLIB00003135664	2458	spectra_filtered.mgf	GNPS-NIST14-MATCHES.mgf	0.964305	16682600.0	0	1234.31	6	1.00433	814.687	1	temp/spectra_filtered.mgf2458	1	Spectral Match to N-Tetracosenoyl-4-sphingenyl-1-O-phosphorylcholine from NIST14	ESI	Q-TOF	Isolated	Data from Pieter Dorrestein	Data deposited by daniel	M+H	813.683	0.0	1	N/A	N/A	N/A	N/A	N/A	3	Positive	GNPS-NIST14-MATCHES	813.683	UPDATE-SINGLE-ANNOTATED-BRONZE	Bronze		N/A	N/A	N/A	N/A	N/A	N/A	N/A	N/A	N/A	mzspec:GNPS:GNPS-LIBRARY:CCMSLIB00003135664
CCMSLIB00003137838	2244	spectra_filtered.mgf	GNPS-NIST14-MATCHES.mgf	0.964205	142907000.0	0	42.8389	7	0.0319824	746.606	1	temp/spectra_filtered.mgf2244	1	Spectral Match to 1-Hexadecyl-2-(9Z-octadecenoyl)-sn-glycero-3-phosphocholine from NIST14	ESI	HCD	Isolated	Data from Gabriel Haddad	Data deposited by mjmeehan	M+H	746.574	0.0	1	95403342	N/A	N/A	N/A	N/A	3	Positive	GNPS-NIST14-MATCHES	746.574	UPDATE-SINGLE-ANNOTATED-BRONZE	Bronze		N/A	N/A	N/A	N/A	N/A	N/A	N/A	N/A	N/A	mzspec:GNPS:GNPS-LIBRARY:CCMSLIB00003137838
CCMSLIB00003135664	2259	spectra_filtered.mgf	GNPS-NIST14-MATCHES.mgf	0.9641	10934800.0	0	1310.82	6	1.06659	812.616	1	temp/spectra_filtered.mgf2259	1	Spectral Match to N-Tetracosenoyl-4-sphingenyl-1-O-phosphorylcholine from NIST14	ESI	Q-TOF	Isolated	Data from Pieter Dorrestein	Data deposited by daniel	M+H	813.683	0.0	1	N/A	N/A	N/A	N/A	N/A	3	Positive	GNPS-NIST14-MATCHES	813.683	UPDATE-SINGLE-ANNOTATED-BRONZE	Bronze		N/A	N/A	N/A	N/A	N/A	N/A	N/A	N/A	N/A	mzspec:GNPS:GNPS-LIBRARY:CCMSLIB00003135664
CCMSLIB00003134571	2313	spectra_filtered.mgf	GNPS-NIST14-MATCHES.mgf	0.963856	25468700.0	0	45.5836	9	0.0352173	772.621	1	temp/spectra_filtered.mgf2313	1	Spectral Match to 1-(1Z-Octadecenyl)-2-(9Z-octadecenoyl)-sn-glycero-3-phosphocholine from NIST14	ESI	qTof	Isolated	Data from Gabriel Haddad	Data deposited by mjmeehan	M+H	772.586	771.614	1	799268636	N/A	CCCCCCCCCCCCCCCC/C=C\OC[C@H](COP(=O)([O-])OCC[N+](C)(C)C)OC(=O)CCCCCCC/C=C\CCCCCCCC	InChI=1S/C44H86NO7P/c1-6-8-10-12-14-16-18-20-22-24-26-28-30-32-34-36-39-49-41-43(42-51-53(47,48)50-40-38-45(3,4)5)52-44(46)37-35-33-31-29-27-25-23-21-19-17-15-13-11-9-7-2/h21,23,36,39,43H,6-20,22,24-35,37-38,40-42H2,1-5H3/b23-21-,39-36-/t43-/m1/s1	N/A	3	Positive	GNPS-NIST14-MATCHES	772.586	UPDATE-SINGLE-ANNOTATED-BRONZE	Bronze		N/A	DSWOVBIRJNAJAF-NVJOKYTBSA-N	DSWOVBIRJNAJAF	Lipids and lipid-like molecules	Glycerophospholipids	Glycerophosphocholines	N/A	N/A	N/A	mzspec:GNPS:GNPS-LIBRARY:CCMSLIB00003134571
CCMSLIB00003135664	2231	spectra_filtered.mgf	GNPS-NIST14-MATCHES.mgf	0.962826	21259300.0	0	1310.97	6	1.06671	812.616	1	temp/spectra_filtered.mgf2231	1	Spectral Match to N-Tetracosenoyl-4-sphingenyl-1-O-phosphorylcholine from NIST14	ESI	Q-TOF	Isolated	Data from Pieter Dorrestein	Data deposited by daniel	M+H	813.683	0.0	1	N/A	N/A	N/A	N/A	N/A	3	Positive	GNPS-NIST14-MATCHES	813.683	UPDATE-SINGLE-ANNOTATED-BRONZE	Bronze		N/A	N/A	N/A	N/A	N/A	N/A	N/A	N/A	N/A	mzspec:GNPS:GNPS-LIBRARY:CCMSLIB00003135664
CCMSLIB00003137838	2215	spectra_filtered.mgf	GNPS-NIST14-MATCHES.mgf	0.962372	66951300.0	0	2655.52	8	1.98254	744.591	1	temp/spectra_filtered.mgf2215	1	Spectral Match to 1-Hexadecyl-2-(9Z-octadecenoyl)-sn-glycero-3-phosphocholine from NIST14	ESI	HCD	Isolated	Data from Gabriel Haddad	Data deposited by mjmeehan	M+H	746.574	0.0	1	95403342	N/A	N/A	N/A	N/A	3	Positive	GNPS-NIST14-MATCHES	746.574	UPDATE-SINGLE-ANNOTATED-BRONZE	Bronze		N/A	N/A	N/A	N/A	N/A	N/A	N/A	N/A	N/A	mzspec:GNPS:GNPS-LIBRARY:CCMSLIB00003137838
CCMSLIB00003140150	1847	spectra_filtered.mgf	GNPS-NIST14-MATCHES.mgf	0.962218	182530000.0	0	4.18398	7	0.00317383	758.57	1	temp/spectra_filtered.mgf1847	1	Spectral Match to 1-Hexadecanoyl-2-octadecadienoyl-sn-glycero-3-phosphocholine from NIST14	ESI	Q-TOF	Isolated	Data from Gabriel Haddad	Data deposited by mjmeehan	M+H	758.567	0.0	1	130614061	N/A	N/A	N/A	N/A	3	Positive	GNPS-NIST14-MATCHES	758.567	UPDATE-SINGLE-ANNOTATED-BRONZE	Bronze		N/A	N/A	N/A	N/A	N/A	N/A	N/A	N/A	N/A	mzspec:GNPS:GNPS-LIBRARY:CCMSLIB00003140150
CCMSLIB00003134596	2407	spectra_filtered.mgf	GNPS-NIST14-MATCHES.mgf	0.961678	12418900.0	0	1347.3	7	1.0625	789.674	1	temp/spectra_filtered.mgf2407	1	Spectral Match to 1-Octadecanoyl-2-octadecenoyl-sn-glycero-3-phosphocholine from NIST14	ESI	Q-TOF	Isolated	Data from James McKerrow	Data deposited by daniel	M+H	788.612	0.0	1	90242345	N/A	N/A	N/A	N/A	3	Positive	GNPS-NIST14-MATCHES	788.612	UPDATE-SINGLE-ANNOTATED-BRONZE	Bronze		N/A	N/A	N/A	N/A	N/A	N/A	N/A	N/A	N/A	mzspec:GNPS:GNPS-LIBRARY:CCMSLIB00003134596
CCMSLIB00003139137	2046	spectra_filtered.mgf	GNPS-NIST14-MATCHES.mgf	0.96153	3122610.0	0	51.8317	7	0.0366211	706.575	1	temp/spectra_filtered.mgf2046	1	Spectral Match to 1,2-Dipentadecanoyl-sn-glycero-3-phosphocholine from NIST14	ESI	HCD	Isolated	Data from Gabriel Haddad	Data deposited by mjmeehan	M+H	706.538	0.0	1	3355279	N/A	N/A	N/A	N/A	3	Positive	GNPS-NIST14-MATCHES	706.538	UPDATE-SINGLE-ANNOTATED-BRONZE	Bronze		N/A	N/A	N/A	N/A	N/A	N/A	N/A	N/A	N/A	mzspec:GNPS:GNPS-LIBRARY:CCMSLIB00003139137
CCMSLIB00003135664	2216	spectra_filtered.mgf	GNPS-NIST14-MATCHES.mgf	0.961066	22443300.0	0	1243.68	6	1.01196	812.671	1	temp/spectra_filtered.mgf2216	1	Spectral Match to N-Tetracosenoyl-4-sphingenyl-1-O-phosphorylcholine from NIST14	ESI	Q-TOF	Isolated	Data from Pieter Dorrestein	Data deposited by daniel	M+H	813.683	0.0	1	N/A	N/A	N/A	N/A	N/A	3	Positive	GNPS-NIST14-MATCHES	813.683	UPDATE-SINGLE-ANNOTATED-BRONZE	Bronze		N/A	N/A	N/A	N/A	N/A	N/A	N/A	N/A	N/A	mzspec:GNPS:GNPS-LIBRARY:CCMSLIB00003135664
CCMSLIB00003140236	1932	spectra_filtered.mgf	GNPS-NIST14-MATCHES.mgf	0.960698	65143400.0	0	1.71145	6	0.00134277	784.585	1	temp/spectra_filtered.mgf1932	1	Spectral Match to Arachidonoylthio-PC from NIST14	ESI	qTof	Isolated	Data from Gabriel Haddad	Data deposited by mjmeehan	M+H	784.584	783.56	1	146797822	N/A	CCCCCCCCCCCCCCCCOC[C@H](COP(=O)([O-])OCC[N+](C)(C)C)SC(=O)CCC/C=C\C/C=C\C/C=C\C/C=C\CCCCC	InChI=1S/C44H82NO6PS/c1-6-8-10-12-14-16-18-20-22-23-24-25-27-29-31-33-35-37-44(46)53-43(42-51-52(47,48)50-40-38-45(3,4)5)41-49-39-36-34-32-30-28-26-21-19-17-15-13-11-9-7-2/h14,16,20,22,24-25,29,31,43H,6-13,15,17-19,21,23,26-28,30,32-42H2,1-5H3/b16-14-,22-20-,25-24-,31-29-/t43-/m1/s1	N/A	3	Positive	GNPS-NIST14-MATCHES	784.584	UPDATE-SINGLE-ANNOTATED-BRONZE	Bronze		N/A	YDSCLGYBUIDZNF-WWBBCYQPSA-N	YDSCLGYBUIDZNF	Organic nitrogen compounds	Organonitrogen compounds	Quaternary ammonium salts	N/A	N/A	N/A	mzspec:GNPS:GNPS-LIBRARY:CCMSLIB00003140236
CCMSLIB00003136543	2150	spectra_filtered.mgf	GNPS-NIST14-MATCHES.mgf	0.960499	8164150.0	0	1200.92	6	0.944641	785.654	1	temp/spectra_filtered.mgf2150	1	Spectral Match to 1-Stearoyl-2-linoleoyl-sn-glycero-3-phosphocholine from NIST14	ESI	qTof	Isolated	Data from Pieter Dorrestein	Data deposited by daniel	M+H	786.599	785.594	1	27098244	N/A	CCCCCCCCCCCCCCCCCC(=O)OC[C@H](COP(=O)([O-])OCC[N+](C)(C)C)OC(=O)CCCCCCC/C=C\C/C=C\CCCCC	InChI=1S/C44H84NO8P/c1-6-8-10-12-14-16-18-20-22-24-26-28-30-32-34-36-43(46)50-40-42(41-52-54(48,49)51-39-38-45(3,4)5)53-44(47)37-35-33-31-29-27-25-23-21-19-17-15-13-11-9-7-2/h15,17,21,23,42H,6-14,16,18-20,22,24-41H2,1-5H3/b17-15-,23-21-/t42-/m1/s1	N/A	3	Positive	GNPS-NIST14-MATCHES	786.599	UPDATE-SINGLE-ANNOTATED-BRONZE	Bronze		N/A	FORFDCPQKJHEBF-VPUSDGANSA-N	FORFDCPQKJHEBF	Lipids and lipid-like molecules	Glycerophospholipids	Glycerophosphocholines	N/A	N/A	N/A	mzspec:GNPS:GNPS-LIBRARY:CCMSLIB00003136543
CCMSLIB00003137838	2033	spectra_filtered.mgf	GNPS-NIST14-MATCHES.mgf	0.960235	29953100.0	0	2656.99	8	1.98364	744.59	1	temp/spectra_filtered.mgf2033	1	Spectral Match to 1-Hexadecyl-2-(9Z-octadecenoyl)-sn-glycero-3-phosphocholine from NIST14	ESI	HCD	Isolated	Data from Gabriel Haddad	Data deposited by mjmeehan	M+H	746.574	0.0	1	95403342	N/A	N/A	N/A	N/A	3	Positive	GNPS-NIST14-MATCHES	746.574	UPDATE-SINGLE-ANNOTATED-BRONZE	Bronze		N/A	N/A	N/A	N/A	N/A	N/A	N/A	N/A	N/A	mzspec:GNPS:GNPS-LIBRARY:CCMSLIB00003137838
CCMSLIB00003137838	2284	spectra_filtered.mgf	GNPS-NIST14-MATCHES.mgf	0.959499	37108900.0	0	1338.96	9	0.999634	747.574	1	temp/spectra_filtered.mgf2284	1	Spectral Match to 1-Hexadecyl-2-(9Z-octadecenoyl)-sn-glycero-3-phosphocholine from NIST14	ESI	HCD	Isolated	Data from Gabriel Haddad	Data deposited by mjmeehan	M+H	746.574	0.0	1	95403342	N/A	N/A	N/A	N/A	3	Positive	GNPS-NIST14-MATCHES	746.574	UPDATE-SINGLE-ANNOTATED-BRONZE	Bronze		N/A	N/A	N/A	N/A	N/A	N/A	N/A	N/A	N/A	mzspec:GNPS:GNPS-LIBRARY:CCMSLIB00003137838
CCMSLIB00003134571	2273	spectra_filtered.mgf	GNPS-NIST14-MATCHES.mgf	0.959324	22495200.0	0	2563.19	10	1.98029	770.606	1	temp/spectra_filtered.mgf2273	1	Spectral Match to 1-(1Z-Octadecenyl)-2-(9Z-octadecenoyl)-sn-glycero-3-phosphocholine from NIST14	ESI	qTof	Isolated	Data from Gabriel Haddad	Data deposited by mjmeehan	M+H	772.586	771.614	1	799268636	N/A	CCCCCCCCCCCCCCCC/C=C\OC[C@H](COP(=O)([O-])OCC[N+](C)(C)C)OC(=O)CCCCCCC/C=C\CCCCCCCC	InChI=1S/C44H86NO7P/c1-6-8-10-12-14-16-18-20-22-24-26-28-30-32-34-36-39-49-41-43(42-51-53(47,48)50-40-38-45(3,4)5)52-44(46)37-35-33-31-29-27-25-23-21-19-17-15-13-11-9-7-2/h21,23,36,39,43H,6-20,22,24-35,37-38,40-42H2,1-5H3/b23-21-,39-36-/t43-/m1/s1	N/A	3	Positive	GNPS-NIST14-MATCHES	772.586	UPDATE-SINGLE-ANNOTATED-BRONZE	Bronze		N/A	DSWOVBIRJNAJAF-NVJOKYTBSA-N	DSWOVBIRJNAJAF	Lipids and lipid-like molecules	Glycerophospholipids	Glycerophosphocholines	N/A	N/A	N/A	mzspec:GNPS:GNPS-LIBRARY:CCMSLIB00003134571
CCMSLIB00003134771	2211	spectra_filtered.mgf	GNPS-NIST14-MATCHES.mgf	0.958628	13325600.0	0	1330.43	8	0.993286	745.595	1	temp/spectra_filtered.mgf2211	1	Spectral Match to 1-Hexadecyl-2-(9Z-octadecenoyl)-sn-glycero-3-phosphocholine from NIST14	ESI	qTof	Isolated	Data from Gabriel Haddad	Data deposited by mjmeehan	M+H	746.588	745.599	1	95403342	N/A	CCCCCCCCCCCCCCCCOC[C@H](COP(=O)([O-])OCC[N+](C)(C)C)OC(=O)CCCCCCC/C=C\CCCCCCCC	InChI=1S/C42H84NO7P/c1-6-8-10-12-14-16-18-20-22-23-25-27-29-31-33-35-42(44)50-41(40-49-51(45,46)48-38-36-43(3,4)5)39-47-37-34-32-30-28-26-24-21-19-17-15-13-11-9-7-2/h20,22,41H,6-19,21,23-40H2,1-5H3/b22-20-/t41-/m1/s1	N/A	3	Positive	GNPS-NIST14-MATCHES	746.588	UPDATE-SINGLE-ANNOTATED-BRONZE	Bronze		N/A	SIEDNCDNGMIKST-IYEJTHTFSA-N	SIEDNCDNGMIKST	Lipids and lipid-like molecules	Glycerophospholipids	Glycerophosphocholines	N/A	N/A	N/A	mzspec:GNPS:GNPS-LIBRARY:CCMSLIB00003134771
CCMSLIB00003139137	2014	spectra_filtered.mgf	GNPS-NIST14-MATCHES.mgf	0.958574	7429860.0	0	51.9181	8	0.0366821	706.575	1	temp/spectra_filtered.mgf2014	1	Spectral Match to 1,2-Dipentadecanoyl-sn-glycero-3-phosphocholine from NIST14	ESI	HCD	Isolated	Data from Gabriel Haddad	Data deposited by mjmeehan	M+H	706.538	0.0	1	3355279	N/A	N/A	N/A	N/A	3	Positive	GNPS-NIST14-MATCHES	706.538	UPDATE-SINGLE-ANNOTATED-BRONZE	Bronze		N/A	N/A	N/A	N/A	N/A	N/A	N/A	N/A	N/A	mzspec:GNPS:GNPS-LIBRARY:CCMSLIB00003139137
CCMSLIB00003135664	2428	spectra_filtered.mgf	GNPS-NIST14-MATCHES.mgf	0.958499	26999000.0	0	1234.31	6	1.00433	814.687	1	temp/spectra_filtered.mgf2428	1	Spectral Match to N-Tetracosenoyl-4-sphingenyl-1-O-phosphorylcholine from NIST14	ESI	Q-TOF	Isolated	Data from Pieter Dorrestein	Data deposited by daniel	M+H	813.683	0.0	1	N/A	N/A	N/A	N/A	N/A	3	Positive	GNPS-NIST14-MATCHES	813.683	UPDATE-SINGLE-ANNOTATED-BRONZE	Bronze		N/A	N/A	N/A	N/A	N/A	N/A	N/A	N/A	N/A	mzspec:GNPS:GNPS-LIBRARY:CCMSLIB00003135664
CCMSLIB00003136108	2324	spectra_filtered.mgf	GNPS-NIST14-MATCHES.mgf	0.958387	3436760.0	0	52.0143	7	0.038208	734.606	1	temp/spectra_filtered.mgf2324	1	Spectral Match to 1-Stearoyl-2-myristoyl-sn-glycero-3-phosphocholine from NIST14	ESI	HCD	Isolated	Data from Gabriel Haddad	Data deposited by mjmeehan	M+H	734.568	0.0	1	20664022	N/A	N/A	N/A	N/A	3	Positive	GNPS-NIST14-MATCHES	734.568	UPDATE-SINGLE-ANNOTATED-BRONZE	Bronze		N/A	N/A	N/A	N/A	N/A	N/A	N/A	N/A	N/A	mzspec:GNPS:GNPS-LIBRARY:CCMSLIB00003136108
CCMSLIB00006124110	866	spectra_filtered.mgf	BIRMINGHAM-UHPLC-MS-POS.mgf	0.957996	6119480.0	0	0.29041	12	9.15527e-05	315.253	1	temp/spectra_filtered.mgf866	1	VS1150000 - 40.0 eV	ESI	Orbitrap	Isolated	PI	Data Collector	M+H	315.253	0.0	1		N/A	CCCCOC(=O)CCCCCCCCC(=O)OCCCC	InChI=1S/C18H34O4/c1-3-5-15-21-17(19)13-11-9-7-8-10-12-14-18(20)22-16-6-4-2/h3-16H2,1-2H3	N/A	1	Positive	BIRMINGHAM-UHPLC-MS-POS	315.253	UPDATE-SINGLE-ANNOTATED-GOLD	Gold		C18H34O4	PYGXAGIECVVIOZ-UHFFFAOYSA-N	PYGXAGIECVVIOZ	Lipids and lipid-like molecules	Fatty Acyls	Fatty acid esters	Fatty esters	Wax monoesters	Fatty acids	mzspec:GNPS:GNPS-LIBRARY:CCMSLIB00006124110
CCMSLIB00003136036	2342	spectra_filtered.mgf	GNPS-NIST14-MATCHES.mgf	0.957836	4230780.0	0	49.403	6	0.0374756	758.606	1	temp/spectra_filtered.mgf2342	1	Spectral Match to 1-Palmitoyl-2-linoleoyl-sn-glycero-3-phosphocholine from NIST14	ESI	HCD	Isolated	Data from Pieter Dorrestein	Data deposited by daniel	M+H	758.569	0.0	1	159701210	N/A	N/A	N/A	N/A	3	Positive	GNPS-NIST14-MATCHES	758.569	UPDATE-SINGLE-ANNOTATED-BRONZE	Bronze		N/A	N/A	N/A	N/A	N/A	N/A	N/A	N/A	N/A	mzspec:GNPS:GNPS-LIBRARY:CCMSLIB00003136036
CCMSLIB00003134596	2344	spectra_filtered.mgf	GNPS-NIST14-MATCHES.mgf	0.957665	9611270.0	0	1278.19	7	1.008	789.62	1	temp/spectra_filtered.mgf2344	1	Spectral Match to 1-Octadecanoyl-2-octadecenoyl-sn-glycero-3-phosphocholine from NIST14	ESI	Q-TOF	Isolated	Data from James McKerrow	Data deposited by daniel	M+H	788.612	0.0	1	90242345	N/A	N/A	N/A	N/A	3	Positive	GNPS-NIST14-MATCHES	788.612	UPDATE-SINGLE-ANNOTATED-BRONZE	Bronze		N/A	N/A	N/A	N/A	N/A	N/A	N/A	N/A	N/A	mzspec:GNPS:GNPS-LIBRARY:CCMSLIB00003134596
CCMSLIB00003140150	2157	spectra_filtered.mgf	GNPS-NIST14-MATCHES.mgf	0.957397	2825570.0	0	51.2537	6	0.0388794	758.606	1	temp/spectra_filtered.mgf2157	1	Spectral Match to 1-Hexadecanoyl-2-octadecadienoyl-sn-glycero-3-phosphocholine from NIST14	ESI	Q-TOF	Isolated	Data from Gabriel Haddad	Data deposited by mjmeehan	M+H	758.567	0.0	1	130614061	N/A	N/A	N/A	N/A	3	Positive	GNPS-NIST14-MATCHES	758.567	UPDATE-SINGLE-ANNOTATED-BRONZE	Bronze		N/A	N/A	N/A	N/A	N/A	N/A	N/A	N/A	N/A	mzspec:GNPS:GNPS-LIBRARY:CCMSLIB00003140150
CCMSLIB00005463896	1352	spectra_filtered.mgf	GNPS-MSMLS.mgf	0.957331	1834640.0	0	169.68	7	0.0704651	415.212	1	temp/spectra_filtered.mgf1352	1	DEOXYCHOLATE	ESI	Orbitrap	Commercial	Dorrestein	Kelly Weldon	M+Na	415.282	392.293	1	302-95-4	222528.0	[H][C@@]12CC[C@H]([C@H](C)CCC(O)=O)[C@@]1(C)[C@@H](O)C[C@@]1([H])[C@@]2([H])CC[C@]2([H])C[C@H](O)CC[C@]12C	InChI=1S/C24H40O4/c1-14(4-9-22(27)28)18-7-8-19-17-6-5-15-12-16(25)10-11-23(15,2)20(17)13-21(26)24(18,19)3/h14-21,25-26H,4-13H2,1-3H3,(H,27,28)/t14-,15-,16-,17+,18-,19+,20+,21+,23+,24-/m1/s1	N/A	1	Positive	GNPS-MSMLS	415.282	UPDATE-SINGLE-ANNOTATED-GOLD	Gold		C24H40O4	KXGVEGMKQFWNSR-LLQZFEROSA-N	KXGVEGMKQFWNSR	Lipids and lipid-like molecules	Steroids and steroid derivatives	Bile acids, alcohols and derivatives	Steroids	Cholane steroids	Terpenoids	mzspec:GNPS:GNPS-LIBRARY:CCMSLIB00005463896
CCMSLIB00003137838	2432	spectra_filtered.mgf	GNPS-NIST14-MATCHES.mgf	0.957251	4766060.0	0	43.0024	7	0.0321045	746.606	1	temp/spectra_filtered.mgf2432	1	Spectral Match to 1-Hexadecyl-2-(9Z-octadecenoyl)-sn-glycero-3-phosphocholine from NIST14	ESI	HCD	Isolated	Data from Gabriel Haddad	Data deposited by mjmeehan	M+H	746.574	0.0	1	95403342	N/A	N/A	N/A	N/A	3	Positive	GNPS-NIST14-MATCHES	746.574	UPDATE-SINGLE-ANNOTATED-BRONZE	Bronze		N/A	N/A	N/A	N/A	N/A	N/A	N/A	N/A	N/A	mzspec:GNPS:GNPS-LIBRARY:CCMSLIB00003137838
CCMSLIB00003137838	1927	spectra_filtered.mgf	GNPS-NIST14-MATCHES.mgf	0.957159	60463900.0	0	82.8982	6	0.0618896	746.512	1	temp/spectra_filtered.mgf1927	1	Spectral Match to 1-Hexadecyl-2-(9Z-octadecenoyl)-sn-glycero-3-phosphocholine from NIST14	ESI	HCD	Isolated	Data from Gabriel Haddad	Data deposited by mjmeehan	M+H	746.574	0.0	1	95403342	N/A	N/A	N/A	N/A	3	Positive	GNPS-NIST14-MATCHES	746.574	UPDATE-SINGLE-ANNOTATED-BRONZE	Bronze		N/A	N/A	N/A	N/A	N/A	N/A	N/A	N/A	N/A	mzspec:GNPS:GNPS-LIBRARY:CCMSLIB00003137838
CCMSLIB00003134596	2380	spectra_filtered.mgf	GNPS-NIST14-MATCHES.mgf	0.956219	9472860.0	0	1347.07	7	1.06232	789.674	1	temp/spectra_filtered.mgf2380	1	Spectral Match to 1-Octadecanoyl-2-octadecenoyl-sn-glycero-3-phosphocholine from NIST14	ESI	Q-TOF	Isolated	Data from James McKerrow	Data deposited by daniel	M+H	788.612	0.0	1	90242345	N/A	N/A	N/A	N/A	3	Positive	GNPS-NIST14-MATCHES	788.612	UPDATE-SINGLE-ANNOTATED-BRONZE	Bronze		N/A	N/A	N/A	N/A	N/A	N/A	N/A	N/A	N/A	mzspec:GNPS:GNPS-LIBRARY:CCMSLIB00003134596
CCMSLIB00003134571	2002	spectra_filtered.mgf	GNPS-NIST14-MATCHES.mgf	0.955972	32674700.0	0	1.65902	6	0.00128174	772.585	1	temp/spectra_filtered.mgf2002	1	Spectral Match to 1-(1Z-Octadecenyl)-2-(9Z-octadecenoyl)-sn-glycero-3-phosphocholine from NIST14	ESI	qTof	Isolated	Data from Gabriel Haddad	Data deposited by mjmeehan	M+H	772.586	771.614	1	799268636	N/A	CCCCCCCCCCCCCCCC/C=C\OC[C@H](COP(=O)([O-])OCC[N+](C)(C)C)OC(=O)CCCCCCC/C=C\CCCCCCCC	InChI=1S/C44H86NO7P/c1-6-8-10-12-14-16-18-20-22-24-26-28-30-32-34-36-39-49-41-43(42-51-53(47,48)50-40-38-45(3,4)5)52-44(46)37-35-33-31-29-27-25-23-21-19-17-15-13-11-9-7-2/h21,23,36,39,43H,6-20,22,24-35,37-38,40-42H2,1-5H3/b23-21-,39-36-/t43-/m1/s1	N/A	3	Positive	GNPS-NIST14-MATCHES	772.586	UPDATE-SINGLE-ANNOTATED-BRONZE	Bronze		N/A	DSWOVBIRJNAJAF-NVJOKYTBSA-N	DSWOVBIRJNAJAF	Lipids and lipid-like molecules	Glycerophospholipids	Glycerophosphocholines	N/A	N/A	N/A	mzspec:GNPS:GNPS-LIBRARY:CCMSLIB00003134571
CCMSLIB00003134771	2134	spectra_filtered.mgf	GNPS-NIST14-MATCHES.mgf	0.95581	14887300.0	0	2675.99	7	1.99786	748.586	1	temp/spectra_filtered.mgf2134	1	Spectral Match to 1-Hexadecyl-2-(9Z-octadecenoyl)-sn-glycero-3-phosphocholine from NIST14	ESI	qTof	Isolated	Data from Gabriel Haddad	Data deposited by mjmeehan	M+H	746.588	745.599	1	95403342	N/A	CCCCCCCCCCCCCCCCOC[C@H](COP(=O)([O-])OCC[N+](C)(C)C)OC(=O)CCCCCCC/C=C\CCCCCCCC	InChI=1S/C42H84NO7P/c1-6-8-10-12-14-16-18-20-22-23-25-27-29-31-33-35-42(44)50-41(40-49-51(45,46)48-38-36-43(3,4)5)39-47-37-34-32-30-28-26-24-21-19-17-15-13-11-9-7-2/h20,22,41H,6-19,21,23-40H2,1-5H3/b22-20-/t41-/m1/s1	N/A	3	Positive	GNPS-NIST14-MATCHES	746.588	UPDATE-SINGLE-ANNOTATED-BRONZE	Bronze		N/A	SIEDNCDNGMIKST-IYEJTHTFSA-N	SIEDNCDNGMIKST	Lipids and lipid-like molecules	Glycerophospholipids	Glycerophosphocholines	N/A	N/A	N/A	mzspec:GNPS:GNPS-LIBRARY:CCMSLIB00003134771
CCMSLIB00003135664	2431	spectra_filtered.mgf	GNPS-NIST14-MATCHES.mgf	0.955522	64594100.0	0	2.40035	6	0.00195312	813.685	1	temp/spectra_filtered.mgf2431	1	Spectral Match to N-Tetracosenoyl-4-sphingenyl-1-O-phosphorylcholine from NIST14	ESI	Q-TOF	Isolated	Data from Pieter Dorrestein	Data deposited by daniel	M+H	813.683	0.0	1	N/A	N/A	N/A	N/A	N/A	3	Positive	GNPS-NIST14-MATCHES	813.683	UPDATE-SINGLE-ANNOTATED-BRONZE	Bronze		N/A	N/A	N/A	N/A	N/A	N/A	N/A	N/A	N/A	mzspec:GNPS:GNPS-LIBRARY:CCMSLIB00003135664
CCMSLIB00003138207	1995	spectra_filtered.mgf	GNPS-NIST14-MATCHES.mgf	0.955459	5212740.0	0	1168.3	8	0.947021	809.653	1	temp/spectra_filtered.mgf1995	1	Spectral Match to 1-Octadecanoyl-2-(5Z,8Z,11Z,14Z-eicosatetraenoyl)-sn-glycero-3-phosphocholine from NIST14	ESI	HCD	Isolated	Data from Kevin Bush	Data deposited by fevargas	M+H	810.6	0.0	1	35418598	N/A	N/A	N/A	N/A	3	Positive	GNPS-NIST14-MATCHES	810.6	UPDATE-SINGLE-ANNOTATED-BRONZE	Bronze		N/A	N/A	N/A	N/A	N/A	N/A	N/A	N/A	N/A	mzspec:GNPS:GNPS-LIBRARY:CCMSLIB00003138207
CCMSLIB00003135443	2570	spectra_filtered.mgf	GNPS-NIST14-MATCHES.mgf	0.954979	2789320.0	0	2.09511	8	0.00170898	815.698	1	temp/spectra_filtered.mgf2570	1	Spectral Match to N-Tetracosanoyl-4-sphingenyl-1-O-phosphorylcholine from NIST14	ESI	Q-TOF	Isolated	Data from Gabriel Haddad	Data deposited by mjmeehan	M+H	815.7	0.0	1	60037607	N/A	N/A	N/A	N/A	3	Positive	GNPS-NIST14-MATCHES	815.7	UPDATE-SINGLE-ANNOTATED-BRONZE	Bronze		N/A	N/A	N/A	N/A	N/A	N/A	N/A	N/A	N/A	mzspec:GNPS:GNPS-LIBRARY:CCMSLIB00003135443
CCMSLIB00003139137	1668	spectra_filtered.mgf	GNPS-NIST14-MATCHES.mgf	0.954467	249344000.0	0	1.03663	7	0.000732422	706.539	1	temp/spectra_filtered.mgf1668	1	Spectral Match to 1,2-Dipentadecanoyl-sn-glycero-3-phosphocholine from NIST14	ESI	HCD	Isolated	Data from Gabriel Haddad	Data deposited by mjmeehan	M+H	706.538	0.0	1	3355279	N/A	N/A	N/A	N/A	3	Positive	GNPS-NIST14-MATCHES	706.538	UPDATE-SINGLE-ANNOTATED-BRONZE	Bronze		N/A	N/A	N/A	N/A	N/A	N/A	N/A	N/A	N/A	mzspec:GNPS:GNPS-LIBRARY:CCMSLIB00003139137
CCMSLIB00003140236	2193	spectra_filtered.mgf	GNPS-NIST14-MATCHES.mgf	0.953499	1254680.0	0	1363.79	7	1.07001	785.654	0	temp/spectra_filtered.mgf2193	1	Spectral Match to Arachidonoylthio-PC from NIST14	ESI	qTof	Isolated	Data from Gabriel Haddad	Data deposited by mjmeehan	M+H	784.584	783.56	1	146797822	N/A	CCCCCCCCCCCCCCCCOC[C@H](COP(=O)([O-])OCC[N+](C)(C)C)SC(=O)CCC/C=C\C/C=C\C/C=C\C/C=C\CCCCC	InChI=1S/C44H82NO6PS/c1-6-8-10-12-14-16-18-20-22-23-24-25-27-29-31-33-35-37-44(46)53-43(42-51-52(47,48)50-40-38-45(3,4)5)41-49-39-36-34-32-30-28-26-21-19-17-15-13-11-9-7-2/h14,16,20,22,24-25,29,31,43H,6-13,15,17-19,21,23,26-28,30,32-42H2,1-5H3/b16-14-,22-20-,25-24-,31-29-/t43-/m1/s1	N/A	3	Positive	GNPS-NIST14-MATCHES	784.584	UPDATE-SINGLE-ANNOTATED-BRONZE	Bronze		N/A	YDSCLGYBUIDZNF-WWBBCYQPSA-N	YDSCLGYBUIDZNF	Organic nitrogen compounds	Organonitrogen compounds	Quaternary ammonium salts	N/A	N/A	N/A	mzspec:GNPS:GNPS-LIBRARY:CCMSLIB00003140236
CCMSLIB00003135417	1501	spectra_filtered.mgf	GNPS-NIST14-MATCHES.mgf	0.953298	14227700.0	0	1429.87	10	1.01025	705.527	1	temp/spectra_filtered.mgf1501	1	Spectral Match to 1-Myristoyl-2-palmitoyl-sn-glycero-3-phosphocholine from NIST14	ESI	HCD	Isolated	Data from Gabriel Haddad	Data deposited by mjmeehan	M+H	706.537	0.0	1	69525800	N/A	N/A	N/A	N/A	3	Positive	GNPS-NIST14-MATCHES	706.537	UPDATE-SINGLE-ANNOTATED-BRONZE	Bronze		N/A	N/A	N/A	N/A	N/A	N/A	N/A	N/A	N/A	mzspec:GNPS:GNPS-LIBRARY:CCMSLIB00003135417
CCMSLIB00003137838	1917	spectra_filtered.mgf	GNPS-NIST14-MATCHES.mgf	0.953092	84681000.0	0	5.39574	6	0.00402832	746.57	1	temp/spectra_filtered.mgf1917	1	Spectral Match to 1-Hexadecyl-2-(9Z-octadecenoyl)-sn-glycero-3-phosphocholine from NIST14	ESI	HCD	Isolated	Data from Gabriel Haddad	Data deposited by mjmeehan	M+H	746.574	0.0	1	95403342	N/A	N/A	N/A	N/A	3	Positive	GNPS-NIST14-MATCHES	746.574	UPDATE-SINGLE-ANNOTATED-BRONZE	Bronze		N/A	N/A	N/A	N/A	N/A	N/A	N/A	N/A	N/A	mzspec:GNPS:GNPS-LIBRARY:CCMSLIB00003137838
CCMSLIB00003139363	1530	spectra_filtered.mgf	GNPS-NIST14-MATCHES.mgf	0.952457	1122600.0	0	1301.26	10	0.950623	729.59	1	temp/spectra_filtered.mgf1530	1	Spectral Match to 1,2-Dipalmitoleoyl-sn-glycero-3-phosphocholine from NIST14	ESI	qTof	Isolated	Data from Gabriel Haddad	Data deposited by mjmeehan	M+H	730.541	729.531	1	4724963	N/A	CCCCCC/C=C\CCCCCCCC(=O)OC[C@H](COP(=O)([O-])OCC[N+](C)(C)C)OC(=O)CCCCCCC/C=C\CCCCCC	InChI=1S/C40H76NO8P/c1-6-8-10-12-14-16-18-20-22-24-26-28-30-32-39(42)46-36-38(37-48-50(44,45)47-35-34-41(3,4)5)49-40(43)33-31-29-27-25-23-21-19-17-15-13-11-9-7-2/h16-19,38H,6-15,20-37H2,1-5H3/b18-16-,19-17-/t38-/m1/s1	N/A	3	Positive	GNPS-NIST14-MATCHES	730.541	UPDATE-SINGLE-ANNOTATED-BRONZE	Bronze		N/A	GPWHCUUIQMGELX-VHQDNGOZSA-N	GPWHCUUIQMGELX	Lipids and lipid-like molecules	Glycerophospholipids	Glycerophosphocholines	N/A	N/A	N/A	mzspec:GNPS:GNPS-LIBRARY:CCMSLIB00003139363
CCMSLIB00003136108	1989	spectra_filtered.mgf	GNPS-NIST14-MATCHES.mgf	0.952349	341278000.0	0	3.15741	6	0.00231934	734.57	1	temp/spectra_filtered.mgf1989	1	Spectral Match to 1-Stearoyl-2-myristoyl-sn-glycero-3-phosphocholine from NIST14	ESI	HCD	Isolated	Data from Gabriel Haddad	Data deposited by mjmeehan	M+H	734.568	0.0	1	20664022	N/A	N/A	N/A	N/A	3	Positive	GNPS-NIST14-MATCHES	734.568	UPDATE-SINGLE-ANNOTATED-BRONZE	Bronze		N/A	N/A	N/A	N/A	N/A	N/A	N/A	N/A	N/A	mzspec:GNPS:GNPS-LIBRARY:CCMSLIB00003136108
CCMSLIB00003138207	2065	spectra_filtered.mgf	GNPS-NIST14-MATCHES.mgf	0.951802	14551900.0	0	0.828259	6	0.000671387	810.601	1	temp/spectra_filtered.mgf2065	1	Spectral Match to 1-Octadecanoyl-2-(5Z,8Z,11Z,14Z-eicosatetraenoyl)-sn-glycero-3-phosphocholine from NIST14	ESI	HCD	Isolated	Data from Kevin Bush	Data deposited by fevargas	M+H	810.6	0.0	1	35418598	N/A	N/A	N/A	N/A	3	Positive	GNPS-NIST14-MATCHES	810.6	UPDATE-SINGLE-ANNOTATED-BRONZE	Bronze		N/A	N/A	N/A	N/A	N/A	N/A	N/A	N/A	N/A	mzspec:GNPS:GNPS-LIBRARY:CCMSLIB00003138207
CCMSLIB00003135417	1513	spectra_filtered.mgf	GNPS-NIST14-MATCHES.mgf	0.950668	14179100.0	0	1430.21	10	1.0105	705.526	1	temp/spectra_filtered.mgf1513	1	Spectral Match to 1-Myristoyl-2-palmitoyl-sn-glycero-3-phosphocholine from NIST14	ESI	HCD	Isolated	Data from Gabriel Haddad	Data deposited by mjmeehan	M+H	706.537	0.0	1	69525800	N/A	N/A	N/A	N/A	3	Positive	GNPS-NIST14-MATCHES	706.537	UPDATE-SINGLE-ANNOTATED-BRONZE	Bronze		N/A	N/A	N/A	N/A	N/A	N/A	N/A	N/A	N/A	mzspec:GNPS:GNPS-LIBRARY:CCMSLIB00003135417
CCMSLIB00003134771	2159	spectra_filtered.mgf	GNPS-NIST14-MATCHES.mgf	0.95027	10623600.0	0	2675.75	7	1.99768	748.586	1	temp/spectra_filtered.mgf2159	1	Spectral Match to 1-Hexadecyl-2-(9Z-octadecenoyl)-sn-glycero-3-phosphocholine from NIST14	ESI	qTof	Isolated	Data from Gabriel Haddad	Data deposited by mjmeehan	M+H	746.588	745.599	1	95403342	N/A	CCCCCCCCCCCCCCCCOC[C@H](COP(=O)([O-])OCC[N+](C)(C)C)OC(=O)CCCCCCC/C=C\CCCCCCCC	InChI=1S/C42H84NO7P/c1-6-8-10-12-14-16-18-20-22-23-25-27-29-31-33-35-42(44)50-41(40-49-51(45,46)48-38-36-43(3,4)5)39-47-37-34-32-30-28-26-24-21-19-17-15-13-11-9-7-2/h20,22,41H,6-19,21,23-40H2,1-5H3/b22-20-/t41-/m1/s1	N/A	3	Positive	GNPS-NIST14-MATCHES	746.588	UPDATE-SINGLE-ANNOTATED-BRONZE	Bronze		N/A	SIEDNCDNGMIKST-IYEJTHTFSA-N	SIEDNCDNGMIKST	Lipids and lipid-like molecules	Glycerophospholipids	Glycerophosphocholines	N/A	N/A	N/A	mzspec:GNPS:GNPS-LIBRARY:CCMSLIB00003134771
CCMSLIB00003134673	2158	spectra_filtered.mgf	GNPS-NIST14-MATCHES.mgf	0.949363	63766400.0	0	60.2124	9	0.0473633	786.651	1	temp/spectra_filtered.mgf2158	1	Spectral Match to 1-Stearoyl-2-linoleoyl-sn-glycero-3-phosphocholine from NIST14	ESI	qTof	Isolated	Data from James McKerrow	Data deposited by lamccall	M+H	786.604	785.594	1	27098244	N/A	CCCCCCCCCCCCCCCCCC(=O)OC[C@H](COP(=O)([O-])OCC[N+](C)(C)C)OC(=O)CCCCCCC/C=C\C/C=C\CCCCC	InChI=1S/C44H84NO8P/c1-6-8-10-12-14-16-18-20-22-24-26-28-30-32-34-36-43(46)50-40-42(41-52-54(48,49)51-39-38-45(3,4)5)53-44(47)37-35-33-31-29-27-25-23-21-19-17-15-13-11-9-7-2/h15,17,21,23,42H,6-14,16,18-20,22,24-41H2,1-5H3/b17-15-,23-21-/t42-/m1/s1	N/A	3	Positive	GNPS-NIST14-MATCHES	786.604	UPDATE-SINGLE-ANNOTATED-BRONZE	Bronze		N/A	FORFDCPQKJHEBF-VPUSDGANSA-N	FORFDCPQKJHEBF	Lipids and lipid-like molecules	Glycerophospholipids	Glycerophosphocholines	N/A	N/A	N/A	mzspec:GNPS:GNPS-LIBRARY:CCMSLIB00003134673
CCMSLIB00003134571	2500	spectra_filtered.mgf	GNPS-NIST14-MATCHES.mgf	0.949291	12081800.0	0	46.3737	7	0.0358276	772.622	1	temp/spectra_filtered.mgf2500	1	Spectral Match to 1-(1Z-Octadecenyl)-2-(9Z-octadecenoyl)-sn-glycero-3-phosphocholine from NIST14	ESI	qTof	Isolated	Data from Gabriel Haddad	Data deposited by mjmeehan	M+H	772.586	771.614	1	799268636	N/A	CCCCCCCCCCCCCCCC/C=C\OC[C@H](COP(=O)([O-])OCC[N+](C)(C)C)OC(=O)CCCCCCC/C=C\CCCCCCCC	InChI=1S/C44H86NO7P/c1-6-8-10-12-14-16-18-20-22-24-26-28-30-32-34-36-39-49-41-43(42-51-53(47,48)50-40-38-45(3,4)5)52-44(46)37-35-33-31-29-27-25-23-21-19-17-15-13-11-9-7-2/h21,23,36,39,43H,6-20,22,24-35,37-38,40-42H2,1-5H3/b23-21-,39-36-/t43-/m1/s1	N/A	3	Positive	GNPS-NIST14-MATCHES	772.586	UPDATE-SINGLE-ANNOTATED-BRONZE	Bronze		N/A	DSWOVBIRJNAJAF-NVJOKYTBSA-N	DSWOVBIRJNAJAF	Lipids and lipid-like molecules	Glycerophospholipids	Glycerophosphocholines	N/A	N/A	N/A	mzspec:GNPS:GNPS-LIBRARY:CCMSLIB00003134571
CCMSLIB00003139101	2639	spectra_filtered.mgf	GNPS-NIST14-MATCHES.mgf	0.949236	3372500.0	0	1157.7	6	0.944336	816.647	1	temp/spectra_filtered.mgf2639	1	Spectral Match to N-Tetracosanoyl-4-sphingenyl-1-O-phosphorylcholine from NIST14	ESI	Q-TOF	Isolated	Data from James McKerrow	Data deposited by daniel	M+H	815.703	0.0	1	60037607	N/A	N/A	N/A	N/A	3	Positive	GNPS-NIST14-MATCHES	815.703	UPDATE-SINGLE-ANNOTATED-BRONZE	Bronze		N/A	N/A	N/A	N/A	N/A	N/A	N/A	N/A	N/A	mzspec:GNPS:GNPS-LIBRARY:CCMSLIB00003139101
CCMSLIB00005464291	2425	spectra_filtered.mgf	GNPS-MSMLS.mgf	0.948233	217090.0	0	1.8237	6	0.000335693	184.073	1	temp/spectra_filtered.mgf2425	1	PHOSPHORYLCHOLINE	ESI	Orbitrap	Commercial	Dorrestein	Kelly Weldon	M+H	184.073	183.066	1	72556-74-2	N/A	C[N+](C)(CCOP([O-])(O)=O)C	"""InChI=1S/C5H14NO4P/c1-6(2,3)4-5-10-11(7,8)9/h4-5H2,1-3H3,(H-,7,8,9)"""	N/A	1	Positive	GNPS-MSMLS	184.073	UPDATE-SINGLE-ANNOTATED-GOLD	Gold		N/A	YHHSONZFOIEMCP-UHFFFAOYSA-N	YHHSONZFOIEMCP	Organic nitrogen compounds	Organonitrogen compounds	Quaternary ammonium salts	N/A	N/A	N/A	mzspec:GNPS:GNPS-LIBRARY:CCMSLIB00005464291
CCMSLIB00003134596	2497	spectra_filtered.mgf	GNPS-NIST14-MATCHES.mgf	0.947489	2850630.0	0	1358.91	7	1.07166	789.684	1	temp/spectra_filtered.mgf2497	1	Spectral Match to 1-Octadecanoyl-2-octadecenoyl-sn-glycero-3-phosphocholine from NIST14	ESI	Q-TOF	Isolated	Data from James McKerrow	Data deposited by daniel	M+H	788.612	0.0	1	90242345	N/A	N/A	N/A	N/A	3	Positive	GNPS-NIST14-MATCHES	788.612	UPDATE-SINGLE-ANNOTATED-BRONZE	Bronze		N/A	N/A	N/A	N/A	N/A	N/A	N/A	N/A	N/A	mzspec:GNPS:GNPS-LIBRARY:CCMSLIB00003134596
CCMSLIB00003138390	2063	spectra_filtered.mgf	GNPS-NIST14-MATCHES.mgf	0.947013	863087000.0	0	0.160495	7	0.00012207	760.586	1	temp/spectra_filtered.mgf2063	1	Spectral Match to 1-Hexadecanoyl-2-(9Z-octadecenoyl)-sn-glycero-3-phosphocholine from NIST14	ESI	qTof	Isolated	Data from Gabriel Haddad	Data deposited by mjmeehan	M+H	760.586	759.578	1	26853316	N/A	CCCCCCCCCCCCCCCC(=O)OC[C@H](COP(=O)([O-])OCC[N+](C)(C)C)OC(=O)CCCCCCC/C=C\CCCCCCCC	InChI=1S/C42H82NO8P/c1-6-8-10-12-14-16-18-20-21-23-25-27-29-31-33-35-42(45)51-40(39-50-52(46,47)49-37-36-43(3,4)5)38-48-41(44)34-32-30-28-26-24-22-19-17-15-13-11-9-7-2/h20-21,40H,6-19,22-39H2,1-5H3/b21-20-/t40-/m1/s1	N/A	3	Positive	GNPS-NIST14-MATCHES	760.586	UPDATE-SINGLE-ANNOTATED-BRONZE	Bronze		N/A	WTJKGGKOPKCXLL-VYOBOKEXSA-N	WTJKGGKOPKCXLL	Lipids and lipid-like molecules	Glycerophospholipids	Glycerophosphocholines	N/A	N/A	N/A	mzspec:GNPS:GNPS-LIBRARY:CCMSLIB00003138390
CCMSLIB00003139498	946	spectra_filtered.mgf	GNPS-NIST14-MATCHES.mgf	0.946539	41424400.0	0	18.9997	8	0.00540161	284.295	1	temp/spectra_filtered.mgf946	1	Spectral Match to Octadecanamide from NIST14	ESI	QqQ	Isolated	Data from Wolfender/Litaudon	Data deposited by pmallard	M+H	284.3	0.0	1	124265	N/A	N/A	N/A	N/A	3	Positive	GNPS-NIST14-MATCHES	284.3	UPDATE-SINGLE-ANNOTATED-BRONZE	Bronze		N/A	N/A	N/A	N/A	N/A	N/A	N/A	N/A	N/A	mzspec:GNPS:GNPS-LIBRARY:CCMSLIB00003139498
CCMSLIB00003136108	2410	spectra_filtered.mgf	GNPS-NIST14-MATCHES.mgf	0.945416	1358420.0	0	2.4927	6	0.00183105	734.57	1	temp/spectra_filtered.mgf2410	1	Spectral Match to 1-Stearoyl-2-myristoyl-sn-glycero-3-phosphocholine from NIST14	ESI	HCD	Isolated	Data from Gabriel Haddad	Data deposited by mjmeehan	M+H	734.568	0.0	1	20664022	N/A	N/A	N/A	N/A	3	Positive	GNPS-NIST14-MATCHES	734.568	UPDATE-SINGLE-ANNOTATED-BRONZE	Bronze		N/A	N/A	N/A	N/A	N/A	N/A	N/A	N/A	N/A	mzspec:GNPS:GNPS-LIBRARY:CCMSLIB00003136108
CCMSLIB00003138207	2032	spectra_filtered.mgf	GNPS-NIST14-MATCHES.mgf	0.944955	24256600.0	0	0.677666	7	0.000549316	810.601	1	temp/spectra_filtered.mgf2032	1	Spectral Match to 1-Octadecanoyl-2-(5Z,8Z,11Z,14Z-eicosatetraenoyl)-sn-glycero-3-phosphocholine from NIST14	ESI	HCD	Isolated	Data from Kevin Bush	Data deposited by fevargas	M+H	810.6	0.0	1	35418598	N/A	N/A	N/A	N/A	3	Positive	GNPS-NIST14-MATCHES	810.6	UPDATE-SINGLE-ANNOTATED-BRONZE	Bronze		N/A	N/A	N/A	N/A	N/A	N/A	N/A	N/A	N/A	mzspec:GNPS:GNPS-LIBRARY:CCMSLIB00003138207
CCMSLIB00003139101	2804	spectra_filtered.mgf	GNPS-NIST14-MATCHES.mgf	0.944418	10106600.0	0	3.74126	7	0.00305176	815.7	1	temp/spectra_filtered.mgf2804	1	Spectral Match to N-Tetracosanoyl-4-sphingenyl-1-O-phosphorylcholine from NIST14	ESI	Q-TOF	Isolated	Data from James McKerrow	Data deposited by daniel	M+H	815.703	0.0	1	60037607	N/A	N/A	N/A	N/A	3	Positive	GNPS-NIST14-MATCHES	815.703	UPDATE-SINGLE-ANNOTATED-BRONZE	Bronze		N/A	N/A	N/A	N/A	N/A	N/A	N/A	N/A	N/A	mzspec:GNPS:GNPS-LIBRARY:CCMSLIB00003139101
CCMSLIB00003138390	2389	spectra_filtered.mgf	GNPS-NIST14-MATCHES.mgf	0.943636	6286800.0	0	46.7843	7	0.0355835	760.622	1	temp/spectra_filtered.mgf2389	1	Spectral Match to 1-Hexadecanoyl-2-(9Z-octadecenoyl)-sn-glycero-3-phosphocholine from NIST14	ESI	qTof	Isolated	Data from Gabriel Haddad	Data deposited by mjmeehan	M+H	760.586	759.578	1	26853316	N/A	CCCCCCCCCCCCCCCC(=O)OC[C@H](COP(=O)([O-])OCC[N+](C)(C)C)OC(=O)CCCCCCC/C=C\CCCCCCCC	InChI=1S/C42H82NO8P/c1-6-8-10-12-14-16-18-20-21-23-25-27-29-31-33-35-42(45)51-40(39-50-52(46,47)49-37-36-43(3,4)5)38-48-41(44)34-32-30-28-26-24-22-19-17-15-13-11-9-7-2/h20-21,40H,6-19,22-39H2,1-5H3/b21-20-/t40-/m1/s1	N/A	3	Positive	GNPS-NIST14-MATCHES	760.586	UPDATE-SINGLE-ANNOTATED-BRONZE	Bronze		N/A	WTJKGGKOPKCXLL-VYOBOKEXSA-N	WTJKGGKOPKCXLL	Lipids and lipid-like molecules	Glycerophospholipids	Glycerophosphocholines	N/A	N/A	N/A	mzspec:GNPS:GNPS-LIBRARY:CCMSLIB00003138390
CCMSLIB00003138390	2090	spectra_filtered.mgf	GNPS-NIST14-MATCHES.mgf	0.943338	43509700.0	0	0.240743	7	0.000183105	760.586	1	temp/spectra_filtered.mgf2090	1	Spectral Match to 1-Hexadecanoyl-2-(9Z-octadecenoyl)-sn-glycero-3-phosphocholine from NIST14	ESI	qTof	Isolated	Data from Gabriel Haddad	Data deposited by mjmeehan	M+H	760.586	759.578	1	26853316	N/A	CCCCCCCCCCCCCCCC(=O)OC[C@H](COP(=O)([O-])OCC[N+](C)(C)C)OC(=O)CCCCCCC/C=C\CCCCCCCC	InChI=1S/C42H82NO8P/c1-6-8-10-12-14-16-18-20-21-23-25-27-29-31-33-35-42(45)51-40(39-50-52(46,47)49-37-36-43(3,4)5)38-48-41(44)34-32-30-28-26-24-22-19-17-15-13-11-9-7-2/h20-21,40H,6-19,22-39H2,1-5H3/b21-20-/t40-/m1/s1	N/A	3	Positive	GNPS-NIST14-MATCHES	760.586	UPDATE-SINGLE-ANNOTATED-BRONZE	Bronze		N/A	WTJKGGKOPKCXLL-VYOBOKEXSA-N	WTJKGGKOPKCXLL	Lipids and lipid-like molecules	Glycerophospholipids	Glycerophosphocholines	N/A	N/A	N/A	mzspec:GNPS:GNPS-LIBRARY:CCMSLIB00003138390
CCMSLIB00003138207	2248	spectra_filtered.mgf	GNPS-NIST14-MATCHES.mgf	0.942922	3046590.0	0	1318.74	6	1.06897	811.669	1	temp/spectra_filtered.mgf2248	1	Spectral Match to 1-Octadecanoyl-2-(5Z,8Z,11Z,14Z-eicosatetraenoyl)-sn-glycero-3-phosphocholine from NIST14	ESI	HCD	Isolated	Data from Kevin Bush	Data deposited by fevargas	M+H	810.6	0.0	1	35418598	N/A	N/A	N/A	N/A	3	Positive	GNPS-NIST14-MATCHES	810.6	UPDATE-SINGLE-ANNOTATED-BRONZE	Bronze		N/A	N/A	N/A	N/A	N/A	N/A	N/A	N/A	N/A	mzspec:GNPS:GNPS-LIBRARY:CCMSLIB00003138207
CCMSLIB00003139101	2839	spectra_filtered.mgf	GNPS-NIST14-MATCHES.mgf	0.94192	3981240.0	0	3.44196	8	0.00280762	815.7	1	temp/spectra_filtered.mgf2839	1	Spectral Match to N-Tetracosanoyl-4-sphingenyl-1-O-phosphorylcholine from NIST14	ESI	Q-TOF	Isolated	Data from James McKerrow	Data deposited by daniel	M+H	815.703	0.0	1	60037607	N/A	N/A	N/A	N/A	3	Positive	GNPS-NIST14-MATCHES	815.703	UPDATE-SINGLE-ANNOTATED-BRONZE	Bronze		N/A	N/A	N/A	N/A	N/A	N/A	N/A	N/A	N/A	mzspec:GNPS:GNPS-LIBRARY:CCMSLIB00003139101
CCMSLIB00005435819	1727	spectra_filtered.mgf	GNPS-LIBRARY.mgf	0.941084	1918580.0	0	3158.99	20	1.97821	628.195	1	temp/spectra_filtered.mgf1727	1	Contaminant vial septum ThermoFisher C5000-44B	LC-ESI	Orbitrap	Commercial	Dorrestein	lfnothias	M+NH4	626.217	0.0	0	 	 	 	 	 	3	Positive	GNPS-LIBRARY	626.217	UPDATE-SINGLE-ANNOTATED-BRONZE	Bronze		N/A	N/A	N/A	N/A	N/A	N/A	N/A	N/A	N/A	mzspec:GNPS:GNPS-LIBRARY:CCMSLIB00005435819
CCMSLIB00003139101	2726	spectra_filtered.mgf	GNPS-NIST14-MATCHES.mgf	0.940768	16175100.0	0	3.66644	6	0.00299072	815.7	1	temp/spectra_filtered.mgf2726	1	Spectral Match to N-Tetracosanoyl-4-sphingenyl-1-O-phosphorylcholine from NIST14	ESI	Q-TOF	Isolated	Data from James McKerrow	Data deposited by daniel	M+H	815.703	0.0	1	60037607	N/A	N/A	N/A	N/A	3	Positive	GNPS-NIST14-MATCHES	815.703	UPDATE-SINGLE-ANNOTATED-BRONZE	Bronze		N/A	N/A	N/A	N/A	N/A	N/A	N/A	N/A	N/A	mzspec:GNPS:GNPS-LIBRARY:CCMSLIB00003139101
CCMSLIB00003134571	2000	spectra_filtered.mgf	GNPS-NIST14-MATCHES.mgf	0.940006	4817210.0	0	76.7101	8	0.0592651	772.527	1	temp/spectra_filtered.mgf2000	1	Spectral Match to 1-(1Z-Octadecenyl)-2-(9Z-octadecenoyl)-sn-glycero-3-phosphocholine from NIST14	ESI	qTof	Isolated	Data from Gabriel Haddad	Data deposited by mjmeehan	M+H	772.586	771.614	1	799268636	N/A	CCCCCCCCCCCCCCCC/C=C\OC[C@H](COP(=O)([O-])OCC[N+](C)(C)C)OC(=O)CCCCCCC/C=C\CCCCCCCC	InChI=1S/C44H86NO7P/c1-6-8-10-12-14-16-18-20-22-24-26-28-30-32-34-36-39-49-41-43(42-51-53(47,48)50-40-38-45(3,4)5)52-44(46)37-35-33-31-29-27-25-23-21-19-17-15-13-11-9-7-2/h21,23,36,39,43H,6-20,22,24-35,37-38,40-42H2,1-5H3/b23-21-,39-36-/t43-/m1/s1	N/A	3	Positive	GNPS-NIST14-MATCHES	772.586	UPDATE-SINGLE-ANNOTATED-BRONZE	Bronze		N/A	DSWOVBIRJNAJAF-NVJOKYTBSA-N	DSWOVBIRJNAJAF	Lipids and lipid-like molecules	Glycerophospholipids	Glycerophosphocholines	N/A	N/A	N/A	mzspec:GNPS:GNPS-LIBRARY:CCMSLIB00003134571
CCMSLIB00016340301	701	spectra_filtered.mgf	GNPS-N-ACYL-LIPIDS-MASSQL.mgf	0.939624	1710570.0	0	0.679746	6	0.000213623	314.269	1	temp/spectra_filtered.mgf701	1	Candidate Alanine/Sarcosine-C15:0 (delta mass:224.2139)	LC-ESI	Orbitrap	Crude	Pieter Dorrestein	helenamrusso	M+H	314.269	314.269	0	N/A	N/A	CCCCCCCCCCCCCCC(=O)N[C@@H](C)C(=O)O	InChI=1S/C18H35NO3/c1-3-4-5-6-7-8-9-10-11-12-13-14-15-17(20)19-16(2)18(21)22/h16H,3-15H2,1-2H3,(H,19,20)(H,21,22)/t16-/m0/s1	N/A	4	Positive	GNPS-N-ACYL-LIPIDS-MASSQL	314.269	UPDATE-SINGLE-ANNOTATED-BRONZE	Insilico		C18H35NO3	VOQZXMRDPMEGKJ-INIZCTEOSA-N	VOQZXMRDPMEGKJ	Organic acids and derivatives	Carboxylic acids and derivatives	Amino acids, peptides, and analogues	Fatty amides	N-acyl amines	Fatty acids	mzspec:GNPS:GNPS-LIBRARY:CCMSLIB00016340301
CCMSLIB00003135115	2477	spectra_filtered.mgf	GNPS-NIST14-MATCHES.mgf	0.939544	11472200.0	0	2583.84	8	1.93933	748.622	1	temp/spectra_filtered.mgf2477	1	Spectral Match to 1-Palmitoyl-2-thiopalmitoyl phosphatidylcholine from NIST14	ESI	qTof	Isolated	Data from James McKerrow	Data deposited by lamccall	M+H	750.561	749.539	1	113881600	N/A	CCCCCCCCCCCCCCCC(=O)OC[C@H](COP(=O)([O-])OCC[N+](C)(C)C)SC(=O)CCCCCCCCCCCCCCC	InChI=1S/C40H80NO7PS/c1-6-8-10-12-14-16-18-20-22-24-26-28-30-32-39(42)46-36-38(37-48-49(44,45)47-35-34-41(3,4)5)50-40(43)33-31-29-27-25-23-21-19-17-15-13-11-9-7-2/h38H,6-37H2,1-5H3/t38-/m1/s1	N/A	3	Positive	GNPS-NIST14-MATCHES	750.561	UPDATE-SINGLE-ANNOTATED-BRONZE	Bronze		N/A	CJNCGLSWHABGOT-KXQOOQHDSA-N	CJNCGLSWHABGOT	Organic nitrogen compounds	Organonitrogen compounds	Quaternary ammonium salts	N/A	N/A	N/A	mzspec:GNPS:GNPS-LIBRARY:CCMSLIB00003135115
CCMSLIB00003138233	1666	spectra_filtered.mgf	GNPS-NIST14-MATCHES.mgf	0.938729	7335300.0	0	2587.52	7	1.98352	768.555	1	temp/spectra_filtered.mgf1666	1	Spectral Match to Eicosapentaenoyl PAF C-16 from NIST14	ESI	HCD	Isolated	Data from Kevin Bush	Data deposited by fevargas	M+H	766.571	0.0	1	132196282	N/A	N/A	N/A	N/A	3	Positive	GNPS-NIST14-MATCHES	766.571	UPDATE-SINGLE-ANNOTATED-BRONZE	Bronze		N/A	N/A	N/A	N/A	N/A	N/A	N/A	N/A	N/A	mzspec:GNPS:GNPS-LIBRARY:CCMSLIB00003138233
CCMSLIB00003137229	1819	spectra_filtered.mgf	GNPS-NIST14-MATCHES.mgf	0.938223	194578000.0	0	1.32588	6	0.0010376	782.57	1	temp/spectra_filtered.mgf1819	1	Spectral Match to 1,2-Dilinoleoyl-sn-glycero-3-phosphocholine from NIST14	ESI	HCD	Isolated	Data from James McKerrow	Data deposited by lamccall	M+H	782.571	0.0	1	998061	N/A	N/A	N/A	N/A	3	Positive	GNPS-NIST14-MATCHES	782.571	UPDATE-SINGLE-ANNOTATED-BRONZE	Bronze		N/A	N/A	N/A	N/A	N/A	N/A	N/A	N/A	N/A	mzspec:GNPS:GNPS-LIBRARY:CCMSLIB00003137229
CCMSLIB00003135115	2519	spectra_filtered.mgf	GNPS-NIST14-MATCHES.mgf	0.937679	6910270.0	0	2583.76	7	1.93927	748.622	1	temp/spectra_filtered.mgf2519	1	Spectral Match to 1-Palmitoyl-2-thiopalmitoyl phosphatidylcholine from NIST14	ESI	qTof	Isolated	Data from James McKerrow	Data deposited by lamccall	M+H	750.561	749.539	1	113881600	N/A	CCCCCCCCCCCCCCCC(=O)OC[C@H](COP(=O)([O-])OCC[N+](C)(C)C)SC(=O)CCCCCCCCCCCCCCC	InChI=1S/C40H80NO7PS/c1-6-8-10-12-14-16-18-20-22-24-26-28-30-32-39(42)46-36-38(37-48-49(44,45)47-35-34-41(3,4)5)50-40(43)33-31-29-27-25-23-21-19-17-15-13-11-9-7-2/h38H,6-37H2,1-5H3/t38-/m1/s1	N/A	3	Positive	GNPS-NIST14-MATCHES	750.561	UPDATE-SINGLE-ANNOTATED-BRONZE	Bronze		N/A	CJNCGLSWHABGOT-KXQOOQHDSA-N	CJNCGLSWHABGOT	Organic nitrogen compounds	Organonitrogen compounds	Quaternary ammonium salts	N/A	N/A	N/A	mzspec:GNPS:GNPS-LIBRARY:CCMSLIB00003135115
CCMSLIB00006678074	2574	spectra_filtered.mgf	GNPS-LIBRARY.mgf	0.93767	3000240.0	0	1065.17	8	0.886841	831.696	1	temp/spectra_filtered.mgf2574	1	PC-DAG (20:4/20:3)	LC-ESI	Orbitrap	Other	S Ding	Su Ding	M+H	832.583	832.585	1	N/A	N/A	N/A	N/A	N/A	3	Positive	GNPS-LIBRARY	832.583	UPDATE-SINGLE-ANNOTATED-BRONZE	Bronze		N/A	N/A	N/A	N/A	N/A	N/A	N/A	N/A	N/A	mzspec:GNPS:GNPS-LIBRARY:CCMSLIB00006678074
CCMSLIB00003134673	2434	spectra_filtered.mgf	GNPS-NIST14-MATCHES.mgf	0.937324	13874200.0	0	1354.7	8	1.06561	787.67	1	temp/spectra_filtered.mgf2434	1	Spectral Match to 1-Stearoyl-2-linoleoyl-sn-glycero-3-phosphocholine from NIST14	ESI	qTof	Isolated	Data from James McKerrow	Data deposited by lamccall	M+H	786.604	785.594	1	27098244	N/A	CCCCCCCCCCCCCCCCCC(=O)OC[C@H](COP(=O)([O-])OCC[N+](C)(C)C)OC(=O)CCCCCCC/C=C\C/C=C\CCCCC	InChI=1S/C44H84NO8P/c1-6-8-10-12-14-16-18-20-22-24-26-28-30-32-34-36-43(46)50-40-42(41-52-54(48,49)51-39-38-45(3,4)5)53-44(47)37-35-33-31-29-27-25-23-21-19-17-15-13-11-9-7-2/h15,17,21,23,42H,6-14,16,18-20,22,24-41H2,1-5H3/b17-15-,23-21-/t42-/m1/s1	N/A	3	Positive	GNPS-NIST14-MATCHES	786.604	UPDATE-SINGLE-ANNOTATED-BRONZE	Bronze		N/A	FORFDCPQKJHEBF-VPUSDGANSA-N	FORFDCPQKJHEBF	Lipids and lipid-like molecules	Glycerophospholipids	Glycerophosphocholines	N/A	N/A	N/A	mzspec:GNPS:GNPS-LIBRARY:CCMSLIB00003134673
CCMSLIB00003135321	1916	spectra_filtered.mgf	GNPS-NIST14-MATCHES.mgf	0.937164	32966100.0	0	0.616058	8	0.000488281	792.591	1	temp/spectra_filtered.mgf1916	1	Spectral Match to Docosahexaenoyl PAF C-16 from NIST14	ESI	qTof	Isolated	Data from James McKerrow	Data deposited by lamccall	M+H	792.59	658.481	1	132213855	N/A	CCCCCCCCCCCCCCCCOC[C@H](COP(=O)(O)OCC[N+](C)(C)C)OC(=O)CCC=CCC=CCC=CC	InChI=1S/C36H68NO7P/c1-6-8-10-12-14-16-17-18-19-20-22-24-26-28-31-41-33-35(34-43-45(39,40)42-32-30-37(3,4)5)44-36(38)29-27-25-23-21-15-13-11-9-7-2/h7,9,13,15,23,25,35H,6,8,10-12,14,16-22,24,26-34H2,1-5H3/p+1/t35-/m1/s1	N/A	3	Positive	GNPS-NIST14-MATCHES	792.59	UPDATE-SINGLE-ANNOTATED-BRONZE	Bronze		N/A	PNJOPEDVLDRQKM-PGUFJCEWSA-O	PNJOPEDVLDRQKM	Lipids and lipid-like molecules	Glycerophospholipids	Glycerophosphocholines	N/A	N/A	N/A	mzspec:GNPS:GNPS-LIBRARY:CCMSLIB00003135321
CCMSLIB00003135321	1864	spectra_filtered.mgf	GNPS-NIST14-MATCHES.mgf	0.936444	7246580.0	0	0.616058	6	0.000488281	792.591	1	temp/spectra_filtered.mgf1864	1	Spectral Match to Docosahexaenoyl PAF C-16 from NIST14	ESI	qTof	Isolated	Data from James McKerrow	Data deposited by lamccall	M+H	792.59	658.481	1	132213855	N/A	CCCCCCCCCCCCCCCCOC[C@H](COP(=O)(O)OCC[N+](C)(C)C)OC(=O)CCC=CCC=CCC=CC	InChI=1S/C36H68NO7P/c1-6-8-10-12-14-16-17-18-19-20-22-24-26-28-31-41-33-35(34-43-45(39,40)42-32-30-37(3,4)5)44-36(38)29-27-25-23-21-15-13-11-9-7-2/h7,9,13,15,23,25,35H,6,8,10-12,14,16-22,24,26-34H2,1-5H3/p+1/t35-/m1/s1	N/A	3	Positive	GNPS-NIST14-MATCHES	792.59	UPDATE-SINGLE-ANNOTATED-BRONZE	Bronze		N/A	PNJOPEDVLDRQKM-PGUFJCEWSA-O	PNJOPEDVLDRQKM	Lipids and lipid-like molecules	Glycerophospholipids	Glycerophosphocholines	N/A	N/A	N/A	mzspec:GNPS:GNPS-LIBRARY:CCMSLIB00003135321
CCMSLIB00003134596	2405	spectra_filtered.mgf	GNPS-NIST14-MATCHES.mgf	0.936127	32289700.0	0	74.919	6	0.059082	788.671	1	temp/spectra_filtered.mgf2405	1	Spectral Match to 1-Octadecanoyl-2-octadecenoyl-sn-glycero-3-phosphocholine from NIST14	ESI	Q-TOF	Isolated	Data from James McKerrow	Data deposited by daniel	M+H	788.612	0.0	1	90242345	N/A	N/A	N/A	N/A	3	Positive	GNPS-NIST14-MATCHES	788.612	UPDATE-SINGLE-ANNOTATED-BRONZE	Bronze		N/A	N/A	N/A	N/A	N/A	N/A	N/A	N/A	N/A	mzspec:GNPS:GNPS-LIBRARY:CCMSLIB00003134596
CCMSLIB00003140107	604	spectra_filtered.mgf	GNPS-NIST14-MATCHES.mgf	0.935825	3446840.0	0	7040.72	11	1.99435	281.266	1	temp/spectra_filtered.mgf604	1	Spectral Match to 3-Hydroxyoctadecanoic Acid from NIST14	ESI	HCD	Isolated	Data from Wolfender/Litaudon	Data deposited by pmallard	M+H-H2O	283.26	0.0	1	17773307	N/A	N/A	N/A	N/A	3	Positive	GNPS-NIST14-MATCHES	283.26	UPDATE-SINGLE-ANNOTATED-BRONZE	Bronze		N/A	N/A	N/A	N/A	N/A	N/A	N/A	N/A	N/A	mzspec:GNPS:GNPS-LIBRARY:CCMSLIB00003140107
CCMSLIB00003139110	2103	spectra_filtered.mgf	GNPS-NIST14-MATCHES.mgf	0.933582	2775070.0	0	2528.47	6	1.9787	780.59	1	temp/spectra_filtered.mgf2103	1	Spectral Match to 1-Hexadecanoyl-2-(9Z-octadecenoyl)-sn-glycero-3-phosphocholine from NIST14	ESI	HCD	Isolated	Data from James McKerrow	Data deposited by lamccall	M+Na	782.569	0.0	1	26853316	N/A	N/A	N/A	N/A	3	Positive	GNPS-NIST14-MATCHES	782.569	UPDATE-SINGLE-ANNOTATED-BRONZE	Bronze		N/A	N/A	N/A	N/A	N/A	N/A	N/A	N/A	N/A	mzspec:GNPS:GNPS-LIBRARY:CCMSLIB00003139110
CCMSLIB00003135328	2223	spectra_filtered.mgf	GNPS-NIST14-MATCHES.mgf	0.933466	14779500.0	0	1319.95	7	1.06995	811.669	1	temp/spectra_filtered.mgf2223	1	Spectral Match to 1-Octadecanoyl-2-(5Z,8Z,11Z,14Z-eicosatetraenoyl)-sn-glycero-3-phosphocholine from NIST14	ESI	qTof	Isolated	Data from James McKerrow	Data deposited by lamccall	M+H	810.599	809.594	1	35418598	N/A	CCCCCCCCCCCCCCCCCC(=O)OC[C@H](COP(=O)([O-])OCC[N+](C)(C)C)OC(=O)CCC/C=C\C/C=C\C/C=C\C/C=C\CCCCC	InChI=1S/C46H84NO8P/c1-6-8-10-12-14-16-18-20-22-23-25-27-29-31-33-35-37-39-46(49)55-44(43-54-56(50,51)53-41-40-47(3,4)5)42-52-45(48)38-36-34-32-30-28-26-24-21-19-17-15-13-11-9-7-2/h14,16,20,22,25,27,31,33,44H,6-13,15,17-19,21,23-24,26,28-30,32,34-43H2,1-5H3/b16-14-,22-20-,27-25-,33-31-/t44-/m1/s1	N/A	3	Positive	GNPS-NIST14-MATCHES	810.599	UPDATE-SINGLE-ANNOTATED-BRONZE	Bronze		N/A	PSVRFUPOQYJOOZ-QNPWAGBNSA-N	PSVRFUPOQYJOOZ	Lipids and lipid-like molecules	Glycerophospholipids	Glycerophosphocholines	N/A	N/A	N/A	mzspec:GNPS:GNPS-LIBRARY:CCMSLIB00003135328
CCMSLIB00003134571	2205	spectra_filtered.mgf	GNPS-NIST14-MATCHES.mgf	0.933412	9616530.0	0	2533.8	7	1.95758	774.544	1	temp/spectra_filtered.mgf2205	1	Spectral Match to 1-(1Z-Octadecenyl)-2-(9Z-octadecenoyl)-sn-glycero-3-phosphocholine from NIST14	ESI	qTof	Isolated	Data from Gabriel Haddad	Data deposited by mjmeehan	M+H	772.586	771.614	1	799268636	N/A	CCCCCCCCCCCCCCCC/C=C\OC[C@H](COP(=O)([O-])OCC[N+](C)(C)C)OC(=O)CCCCCCC/C=C\CCCCCCCC	InChI=1S/C44H86NO7P/c1-6-8-10-12-14-16-18-20-22-24-26-28-30-32-34-36-39-49-41-43(42-51-53(47,48)50-40-38-45(3,4)5)52-44(46)37-35-33-31-29-27-25-23-21-19-17-15-13-11-9-7-2/h21,23,36,39,43H,6-20,22,24-35,37-38,40-42H2,1-5H3/b23-21-,39-36-/t43-/m1/s1	N/A	3	Positive	GNPS-NIST14-MATCHES	772.586	UPDATE-SINGLE-ANNOTATED-BRONZE	Bronze		N/A	DSWOVBIRJNAJAF-NVJOKYTBSA-N	DSWOVBIRJNAJAF	Lipids and lipid-like molecules	Glycerophospholipids	Glycerophosphocholines	N/A	N/A	N/A	mzspec:GNPS:GNPS-LIBRARY:CCMSLIB00003134571
CCMSLIB00003134596	2442	spectra_filtered.mgf	GNPS-NIST14-MATCHES.mgf	0.933278	7479080.0	0	75.6156	6	0.0596313	788.672	1	temp/spectra_filtered.mgf2442	1	Spectral Match to 1-Octadecanoyl-2-octadecenoyl-sn-glycero-3-phosphocholine from NIST14	ESI	Q-TOF	Isolated	Data from James McKerrow	Data deposited by daniel	M+H	788.612	0.0	1	90242345	N/A	N/A	N/A	N/A	3	Positive	GNPS-NIST14-MATCHES	788.612	UPDATE-SINGLE-ANNOTATED-BRONZE	Bronze		N/A	N/A	N/A	N/A	N/A	N/A	N/A	N/A	N/A	mzspec:GNPS:GNPS-LIBRARY:CCMSLIB00003134596
CCMSLIB00012323239	744	spectra_filtered.mgf	MSNLIB-POSITIVE.mgf	0.932977	4003100.0	0	0.996222	8	0.000396729	398.233	1	temp/spectra_filtered.mgf744	1	302776-68-7	ESI	Orbitrap	Crude	Tomas Pluskal	Corinna Brungs	[M+H]+	398.233	397.225	1	N/A	N/A	CCCCCCOC(=O)c1ccccc1C(=O)c1c(O)cc(N(CC)CC)cc1	InChI=1S/C24H31NO4/c1-4-7-8-11-16-29-24(28)20-13-10-9-12-19(20)23(27)21-15-14-18(17-22(21)26)25(5-2)6-3/h9-10,12-15,17,26H,4-8,11,16H2,1-3H3	FDATWRLUYRHCJE-UHFFFAOYSA-N	1	Positive	MSNLIB-POSITIVE	398.233	UPDATE-SINGLE-ANNOTATED-GOLD	Gold		C24H31NO4	FDATWRLUYRHCJE-UHFFFAOYSA-N	FDATWRLUYRHCJE	Benzenoids	Benzene and substituted derivatives	Benzophenones			Shikimates and Phenylpropanoids	mzspec:GNPS:GNPS-LIBRARY:CCMSLIB00012323239
CCMSLIB00003134571	2257	spectra_filtered.mgf	GNPS-NIST14-MATCHES.mgf	0.930717	8686160.0	0	1311.66	9	1.01337	771.573	1	temp/spectra_filtered.mgf2257	1	Spectral Match to 1-(1Z-Octadecenyl)-2-(9Z-octadecenoyl)-sn-glycero-3-phosphocholine from NIST14	ESI	qTof	Isolated	Data from Gabriel Haddad	Data deposited by mjmeehan	M+H	772.586	771.614	1	799268636	N/A	CCCCCCCCCCCCCCCC/C=C\OC[C@H](COP(=O)([O-])OCC[N+](C)(C)C)OC(=O)CCCCCCC/C=C\CCCCCCCC	InChI=1S/C44H86NO7P/c1-6-8-10-12-14-16-18-20-22-24-26-28-30-32-34-36-39-49-41-43(42-51-53(47,48)50-40-38-45(3,4)5)52-44(46)37-35-33-31-29-27-25-23-21-19-17-15-13-11-9-7-2/h21,23,36,39,43H,6-20,22,24-35,37-38,40-42H2,1-5H3/b23-21-,39-36-/t43-/m1/s1	N/A	3	Positive	GNPS-NIST14-MATCHES	772.586	UPDATE-SINGLE-ANNOTATED-BRONZE	Bronze		N/A	DSWOVBIRJNAJAF-NVJOKYTBSA-N	DSWOVBIRJNAJAF	Lipids and lipid-like molecules	Glycerophospholipids	Glycerophosphocholines	N/A	N/A	N/A	mzspec:GNPS:GNPS-LIBRARY:CCMSLIB00003134571
CCMSLIB00006121569	3	spectra_filtered.mgf	BIRMINGHAM-UHPLC-MS-POS.mgf	0.930211	1924090.0	0	0.945878	6	0.000244141	258.11	1	temp/spectra_filtered.mgf3	1	L-alpha-Glycerylphosphorylcholine - 40.0 eV	ESI	Orbitrap	Isolated	PI	Data Collector	M+H	258.11	0.0	1		N/A	C[N+](C)(C)CCOP(=O)([O-])OC[C@@H](CO)O	InChI=1S/C8H20NO6P/c1-9(2,3)4-5-14-16(12,13)15-7-8(11)6-10/h8,10-11H,4-7H2,1-3H3/t8-/m1/s1	N/A	1	Positive	BIRMINGHAM-UHPLC-MS-POS	258.11	UPDATE-SINGLE-ANNOTATED-GOLD	Gold		N/A	SUHOQUVVVLNYQR-MRVPVSSYSA-N	SUHOQUVVVLNYQR	Lipids and lipid-like molecules	Glycerophospholipids	Glycerophosphocholines	N/A	N/A	N/A	mzspec:GNPS:GNPS-LIBRARY:CCMSLIB00006121569
CCMSLIB00003139613	2141	spectra_filtered.mgf	GNPS-NIST14-MATCHES.mgf	0.930013	9191070.0	0	1200.97	7	0.865234	719.579	1	temp/spectra_filtered.mgf2141	1	Spectral Match to KDdiA-PC from NIST14	ESI	qTof	Isolated	Data from James McKerrow	Data deposited by lamccall	M+H	720.444	719.437	1	439904344	N/A	CCCCCCCCCCCCCCCC(=O)OCC(COP(=O)([O-])OCC[N+](C)(C)C)OC(=O)CCCCCCCC(=O)C=CC(=O)O	InChI=1S/C36H66NO11P/c1-5-6-7-8-9-10-11-12-13-14-15-18-21-24-35(41)45-30-33(31-47-49(43,44)46-29-28-37(2,3)4)48-36(42)25-22-19-16-17-20-23-32(38)26-27-34(39)40/h26-27,33H,5-25,28-31H2,1-4H3,(H-,39,40,43,44)	N/A	3	Positive	GNPS-NIST14-MATCHES	720.444	UPDATE-SINGLE-ANNOTATED-BRONZE	Bronze		N/A	XWKBYMQTSGGZLW-UHFFFAOYSA-N	XWKBYMQTSGGZLW	Lipids and lipid-like molecules	Glycerophospholipids	Glycerophosphocholines	N/A	N/A	N/A	mzspec:GNPS:GNPS-LIBRARY:CCMSLIB00003139613
CCMSLIB00003139613	2166	spectra_filtered.mgf	GNPS-NIST14-MATCHES.mgf	0.929908	29755500.0	0	1595.85	8	1.14972	721.594	1	temp/spectra_filtered.mgf2166	1	Spectral Match to KDdiA-PC from NIST14	ESI	qTof	Isolated	Data from James McKerrow	Data deposited by lamccall	M+H	720.444	719.437	1	439904344	N/A	CCCCCCCCCCCCCCCC(=O)OCC(COP(=O)([O-])OCC[N+](C)(C)C)OC(=O)CCCCCCCC(=O)C=CC(=O)O	InChI=1S/C36H66NO11P/c1-5-6-7-8-9-10-11-12-13-14-15-18-21-24-35(41)45-30-33(31-47-49(43,44)46-29-28-37(2,3)4)48-36(42)25-22-19-16-17-20-23-32(38)26-27-34(39)40/h26-27,33H,5-25,28-31H2,1-4H3,(H-,39,40,43,44)	N/A	3	Positive	GNPS-NIST14-MATCHES	720.444	UPDATE-SINGLE-ANNOTATED-BRONZE	Bronze		N/A	XWKBYMQTSGGZLW-UHFFFAOYSA-N	XWKBYMQTSGGZLW	Lipids and lipid-like molecules	Glycerophospholipids	Glycerophosphocholines	N/A	N/A	N/A	mzspec:GNPS:GNPS-LIBRARY:CCMSLIB00003139613
CCMSLIB00003135321	1740	spectra_filtered.mgf	GNPS-NIST14-MATCHES.mgf	0.929673	3201400.0	0	2497.11	7	1.97919	794.569	1	temp/spectra_filtered.mgf1740	1	Spectral Match to Docosahexaenoyl PAF C-16 from NIST14	ESI	qTof	Isolated	Data from James McKerrow	Data deposited by lamccall	M+H	792.59	658.481	1	132213855	N/A	CCCCCCCCCCCCCCCCOC[C@H](COP(=O)(O)OCC[N+](C)(C)C)OC(=O)CCC=CCC=CCC=CC	InChI=1S/C36H68NO7P/c1-6-8-10-12-14-16-17-18-19-20-22-24-26-28-31-41-33-35(34-43-45(39,40)42-32-30-37(3,4)5)44-36(38)29-27-25-23-21-15-13-11-9-7-2/h7,9,13,15,23,25,35H,6,8,10-12,14,16-22,24,26-34H2,1-5H3/p+1/t35-/m1/s1	N/A	3	Positive	GNPS-NIST14-MATCHES	792.59	UPDATE-SINGLE-ANNOTATED-BRONZE	Bronze		N/A	PNJOPEDVLDRQKM-PGUFJCEWSA-O	PNJOPEDVLDRQKM	Lipids and lipid-like molecules	Glycerophospholipids	Glycerophosphocholines	N/A	N/A	N/A	mzspec:GNPS:GNPS-LIBRARY:CCMSLIB00003135321
CCMSLIB00003134673	2399	spectra_filtered.mgf	GNPS-NIST14-MATCHES.mgf	0.929607	28209700.0	0	1354.55	7	1.06549	787.669	1	temp/spectra_filtered.mgf2399	1	Spectral Match to 1-Stearoyl-2-linoleoyl-sn-glycero-3-phosphocholine from NIST14	ESI	qTof	Isolated	Data from James McKerrow	Data deposited by lamccall	M+H	786.604	785.594	1	27098244	N/A	CCCCCCCCCCCCCCCCCC(=O)OC[C@H](COP(=O)([O-])OCC[N+](C)(C)C)OC(=O)CCCCCCC/C=C\C/C=C\CCCCC	InChI=1S/C44H84NO8P/c1-6-8-10-12-14-16-18-20-22-24-26-28-30-32-34-36-43(46)50-40-42(41-52-54(48,49)51-39-38-45(3,4)5)53-44(47)37-35-33-31-29-27-25-23-21-19-17-15-13-11-9-7-2/h15,17,21,23,42H,6-14,16,18-20,22,24-41H2,1-5H3/b17-15-,23-21-/t42-/m1/s1	N/A	3	Positive	GNPS-NIST14-MATCHES	786.604	UPDATE-SINGLE-ANNOTATED-BRONZE	Bronze		N/A	FORFDCPQKJHEBF-VPUSDGANSA-N	FORFDCPQKJHEBF	Lipids and lipid-like molecules	Glycerophospholipids	Glycerophosphocholines	N/A	N/A	N/A	mzspec:GNPS:GNPS-LIBRARY:CCMSLIB00003134673
CCMSLIB00016340761	1312	spectra_filtered.mgf	GNPS-N-ACYL-LIPIDS-MASSQL.mgf	0.927798	907486.0	0	2.13277	10	0.000823975	386.342	1	temp/spectra_filtered.mgf1312	1	Candidate 2-phenethylamine-C18:1 (delta mass:264.245)	LC-ESI	Orbitrap	Crude	Pieter Dorrestein	helenamrusso	M+H	386.341	386.341	0	N/A	N/A	CCCCCCCCCCCCCCCC=CC(=O)NCCc1ccccc1	InChI=1S/C26H43NO/c1-2-3-4-5-6-7-8-9-10-11-12-13-14-15-19-22-26(28)27-24-23-25-20-17-16-18-21-25/h16-22H,2-15,23-24H2,1H3,(H,27,28)	N/A	4	Positive	GNPS-N-ACYL-LIPIDS-MASSQL	386.341	UPDATE-SINGLE-ANNOTATED-BRONZE	Insilico		C26H43NO	BTHQSCUZGRSURL-UHFFFAOYSA-N	BTHQSCUZGRSURL	N/A	N/A	N/A	Fatty amides	N-acyl amines	Fatty acids	mzspec:GNPS:GNPS-LIBRARY:CCMSLIB00016340761
CCMSLIB00003139613	1977	spectra_filtered.mgf	GNPS-NIST14-MATCHES.mgf	0.927252	62593400.0	0	2593.92	9	1.86877	718.575	1	temp/spectra_filtered.mgf1977	1	Spectral Match to KDdiA-PC from NIST14	ESI	qTof	Isolated	Data from James McKerrow	Data deposited by lamccall	M+H	720.444	719.437	1	439904344	N/A	CCCCCCCCCCCCCCCC(=O)OCC(COP(=O)([O-])OCC[N+](C)(C)C)OC(=O)CCCCCCCC(=O)C=CC(=O)O	InChI=1S/C36H66NO11P/c1-5-6-7-8-9-10-11-12-13-14-15-18-21-24-35(41)45-30-33(31-47-49(43,44)46-29-28-37(2,3)4)48-36(42)25-22-19-16-17-20-23-32(38)26-27-34(39)40/h26-27,33H,5-25,28-31H2,1-4H3,(H-,39,40,43,44)	N/A	3	Positive	GNPS-NIST14-MATCHES	720.444	UPDATE-SINGLE-ANNOTATED-BRONZE	Bronze		N/A	XWKBYMQTSGGZLW-UHFFFAOYSA-N	XWKBYMQTSGGZLW	Lipids and lipid-like molecules	Glycerophospholipids	Glycerophosphocholines	N/A	N/A	N/A	mzspec:GNPS:GNPS-LIBRARY:CCMSLIB00003139613
CCMSLIB00005766726	222	spectra_filtered.mgf	MASSBANK.mgf	0.927246	11965900.0	0	118.515	8	0.0358276	302.269	1	temp/spectra_filtered.mgf222	1	Massbank:LU100204 2,2'-(Tetradecylimino)diethanol|Tetradecyldiethanolamine	ESI	Hybrid FT	Isolated	Massbank	Massbank	M+H	302.305	0.0	1	18924-66-8	N/A	CCCCCCCCCCCCCCN(CCO)CCO	1S/C18H39NO2/c1-2-3-4-5-6-7-8-9-10-11-12-13-14-19(15-17-20)16-18-21/h20-21H,2-18H2,1H3	N/A	3	Positive	MASSBANK	302.305	UPDATE-SINGLE-ANNOTATED-BRONZE	Bronze		C18H39NO2	CPHJEACXPATRSU-UHFFFAOYSA-N	CPHJEACXPATRSU	Organic nitrogen compounds	Organonitrogen compounds	Amines	Fatty acyls|Fatty amides	Fatty alcohols|N-acyl ethanolamines (endocannabinoids)	Fatty acids	mzspec:GNPS:GNPS-LIBRARY:CCMSLIB00005766726
CCMSLIB00003134673	2140	spectra_filtered.mgf	GNPS-NIST14-MATCHES.mgf	0.926302	380426000.0	0	3.18132	6	0.00250244	786.602	1	temp/spectra_filtered.mgf2140	1	Spectral Match to 1-Stearoyl-2-linoleoyl-sn-glycero-3-phosphocholine from NIST14	ESI	qTof	Isolated	Data from James McKerrow	Data deposited by lamccall	M+H	786.604	785.594	1	27098244	N/A	CCCCCCCCCCCCCCCCCC(=O)OC[C@H](COP(=O)([O-])OCC[N+](C)(C)C)OC(=O)CCCCCCC/C=C\C/C=C\CCCCC	InChI=1S/C44H84NO8P/c1-6-8-10-12-14-16-18-20-22-24-26-28-30-32-34-36-43(46)50-40-42(41-52-54(48,49)51-39-38-45(3,4)5)53-44(47)37-35-33-31-29-27-25-23-21-19-17-15-13-11-9-7-2/h15,17,21,23,42H,6-14,16,18-20,22,24-41H2,1-5H3/b17-15-,23-21-/t42-/m1/s1	N/A	3	Positive	GNPS-NIST14-MATCHES	786.604	UPDATE-SINGLE-ANNOTATED-BRONZE	Bronze		N/A	FORFDCPQKJHEBF-VPUSDGANSA-N	FORFDCPQKJHEBF	Lipids and lipid-like molecules	Glycerophospholipids	Glycerophosphocholines	N/A	N/A	N/A	mzspec:GNPS:GNPS-LIBRARY:CCMSLIB00003134673
CCMSLIB00003138233	1781	spectra_filtered.mgf	GNPS-NIST14-MATCHES.mgf	0.92611	16964600.0	0	3.74219	6	0.00286865	766.574	1	temp/spectra_filtered.mgf1781	1	Spectral Match to Eicosapentaenoyl PAF C-16 from NIST14	ESI	HCD	Isolated	Data from Kevin Bush	Data deposited by fevargas	M+H	766.571	0.0	1	132196282	N/A	N/A	N/A	N/A	3	Positive	GNPS-NIST14-MATCHES	766.571	UPDATE-SINGLE-ANNOTATED-BRONZE	Bronze		N/A	N/A	N/A	N/A	N/A	N/A	N/A	N/A	N/A	mzspec:GNPS:GNPS-LIBRARY:CCMSLIB00003138233
CCMSLIB00003138972	2484	spectra_filtered.mgf	GNPS-NIST14-MATCHES.mgf	0.925929	1323720.0	0	2351.07	6	1.86334	790.688	1	temp/spectra_filtered.mgf2484	1	Spectral Match to Docosahexaenoyl PAF C-16 from NIST14	ESI	HCD	Isolated	Data from James McKerrow	Data deposited by daniel	M+H	792.551	0.0	1	132213855	N/A	N/A	N/A	N/A	3	Positive	GNPS-NIST14-MATCHES	792.551	UPDATE-SINGLE-ANNOTATED-BRONZE	Bronze		N/A	N/A	N/A	N/A	N/A	N/A	N/A	N/A	N/A	mzspec:GNPS:GNPS-LIBRARY:CCMSLIB00003138972
CCMSLIB00003134571	2196	spectra_filtered.mgf	GNPS-NIST14-MATCHES.mgf	0.925427	8182840.0	0	2562.8	8	1.97998	770.606	1	temp/spectra_filtered.mgf2196	1	Spectral Match to 1-(1Z-Octadecenyl)-2-(9Z-octadecenoyl)-sn-glycero-3-phosphocholine from NIST14	ESI	qTof	Isolated	Data from Gabriel Haddad	Data deposited by mjmeehan	M+H	772.586	771.614	1	799268636	N/A	CCCCCCCCCCCCCCCC/C=C\OC[C@H](COP(=O)([O-])OCC[N+](C)(C)C)OC(=O)CCCCCCC/C=C\CCCCCCCC	InChI=1S/C44H86NO7P/c1-6-8-10-12-14-16-18-20-22-24-26-28-30-32-34-36-39-49-41-43(42-51-53(47,48)50-40-38-45(3,4)5)52-44(46)37-35-33-31-29-27-25-23-21-19-17-15-13-11-9-7-2/h21,23,36,39,43H,6-20,22,24-35,37-38,40-42H2,1-5H3/b23-21-,39-36-/t43-/m1/s1	N/A	3	Positive	GNPS-NIST14-MATCHES	772.586	UPDATE-SINGLE-ANNOTATED-BRONZE	Bronze		N/A	DSWOVBIRJNAJAF-NVJOKYTBSA-N	DSWOVBIRJNAJAF	Lipids and lipid-like molecules	Glycerophospholipids	Glycerophosphocholines	N/A	N/A	N/A	mzspec:GNPS:GNPS-LIBRARY:CCMSLIB00003134571
CCMSLIB00012336145	835	spectra_filtered.mgf	MSNLIB-POSITIVE.mgf	0.924873	431520.0	0	294.645	6	0.127319	432.238	1	temp/spectra_filtered.mgf835	1	Ex229	ESI	Orbitrap	Crude	Tomas Pluskal	Corinna Brungs	[M+H]+	432.111	431.104	1	N/A	N/A	Cc1c(C(=O)O)cc(Oc2nc3c(cc(Cl)c(-c4cc5c(cc4)n(C)cc5)c3)[nH]2)cc1	InChI=1S/C24H18ClN3O3/c1-13-3-5-16(10-17(13)23(29)30)31-24-26-20-11-18(19(25)12-21(20)27-24)14-4-6-22-15(9-14)7-8-28(22)2/h3-12H,1-2H3,(H,26,27)(H,29,30)	FHWSAZXFPUMKFL-UHFFFAOYSA-N	1	Positive	MSNLIB-POSITIVE	432.111	UPDATE-SINGLE-ANNOTATED-GOLD	Gold		C24H18ClN3O3	FHWSAZXFPUMKFL-UHFFFAOYSA-N	FHWSAZXFPUMKFL	Organic oxygen compounds	Organooxygen compounds	Ethers	Tryptophan alkaloids	Simple indole alkaloids	Alkaloids	mzspec:GNPS:GNPS-LIBRARY:CCMSLIB00012336145
CCMSLIB00012336920	815	spectra_filtered.mgf	MSNLIB-POSITIVE.mgf	0.923819	716185.0	0	168.291	9	0.0727539	432.238	1	temp/spectra_filtered.mgf815	1	glycodeoxycholic acid	ESI	Orbitrap	Crude	Tomas Pluskal	Corinna Brungs	[M+H-H2O]+	432.311	449.314	1	N/A	N/A	C[C@H](CCC(=O)NCC(=O)O)[C@H]1CC[C@H]2[C@@H]3CC[C@@H]4C[C@H](O)CC[C@]4(C)[C@H]3C[C@H](O)[C@]12C	InChI=1S/C26H43NO5/c1-15(4-9-23(30)27-14-24(31)32)19-7-8-20-18-6-5-16-12-17(28)10-11-25(16,2)21(18)13-22(29)26(19,20)3/h15-22,28-29H,4-14H2,1-3H3,(H,27,30)(H,31,32)/t15-,16-,17-,18+,19-,20+,21+,22+,25+,26-/m1/s1	WVULKSPCQVQLCU-BUXLTGKBSA-N	1	Positive	MSNLIB-POSITIVE	432.311	UPDATE-SINGLE-ANNOTATED-GOLD	Gold		C26H43NO5	WVULKSPCQVQLCU-BUXLTGKBSA-N	WVULKSPCQVQLCU	Lipids and lipid-like molecules	Steroids and steroid derivatives	Bile acids, alcohols and derivatives	Steroids	Cholane steroids	Terpenoids	mzspec:GNPS:GNPS-LIBRARY:CCMSLIB00012336920
CCMSLIB00003139613	1634	spectra_filtered.mgf	GNPS-NIST14-MATCHES.mgf	0.923736	9509100.0	0	2645.09	7	1.90564	718.538	1	temp/spectra_filtered.mgf1634	1	Spectral Match to KDdiA-PC from NIST14	ESI	qTof	Isolated	Data from James McKerrow	Data deposited by lamccall	M+H	720.444	719.437	1	439904344	N/A	CCCCCCCCCCCCCCCC(=O)OCC(COP(=O)([O-])OCC[N+](C)(C)C)OC(=O)CCCCCCCC(=O)C=CC(=O)O	InChI=1S/C36H66NO11P/c1-5-6-7-8-9-10-11-12-13-14-15-18-21-24-35(41)45-30-33(31-47-49(43,44)46-29-28-37(2,3)4)48-36(42)25-22-19-16-17-20-23-32(38)26-27-34(39)40/h26-27,33H,5-25,28-31H2,1-4H3,(H-,39,40,43,44)	N/A	3	Positive	GNPS-NIST14-MATCHES	720.444	UPDATE-SINGLE-ANNOTATED-BRONZE	Bronze		N/A	XWKBYMQTSGGZLW-UHFFFAOYSA-N	XWKBYMQTSGGZLW	Lipids and lipid-like molecules	Glycerophospholipids	Glycerophosphocholines	N/A	N/A	N/A	mzspec:GNPS:GNPS-LIBRARY:CCMSLIB00003139613
CCMSLIB00003139613	2169	spectra_filtered.mgf	GNPS-NIST14-MATCHES.mgf	0.92364	93840000.0	0	202.986	9	0.14624	720.59	1	temp/spectra_filtered.mgf2169	1	Spectral Match to KDdiA-PC from NIST14	ESI	qTof	Isolated	Data from James McKerrow	Data deposited by lamccall	M+H	720.444	719.437	1	439904344	N/A	CCCCCCCCCCCCCCCC(=O)OCC(COP(=O)([O-])OCC[N+](C)(C)C)OC(=O)CCCCCCCC(=O)C=CC(=O)O	InChI=1S/C36H66NO11P/c1-5-6-7-8-9-10-11-12-13-14-15-18-21-24-35(41)45-30-33(31-47-49(43,44)46-29-28-37(2,3)4)48-36(42)25-22-19-16-17-20-23-32(38)26-27-34(39)40/h26-27,33H,5-25,28-31H2,1-4H3,(H-,39,40,43,44)	N/A	3	Positive	GNPS-NIST14-MATCHES	720.444	UPDATE-SINGLE-ANNOTATED-BRONZE	Bronze		N/A	XWKBYMQTSGGZLW-UHFFFAOYSA-N	XWKBYMQTSGGZLW	Lipids and lipid-like molecules	Glycerophospholipids	Glycerophosphocholines	N/A	N/A	N/A	mzspec:GNPS:GNPS-LIBRARY:CCMSLIB00003139613
CCMSLIB00012336145	452	spectra_filtered.mgf	MSNLIB-POSITIVE.mgf	0.923143	1796420.0	0	294.504	7	0.127258	432.238	1	temp/spectra_filtered.mgf452	1	Ex229	ESI	Orbitrap	Crude	Tomas Pluskal	Corinna Brungs	[M+H]+	432.111	431.104	1	N/A	N/A	Cc1c(C(=O)O)cc(Oc2nc3c(cc(Cl)c(-c4cc5c(cc4)n(C)cc5)c3)[nH]2)cc1	InChI=1S/C24H18ClN3O3/c1-13-3-5-16(10-17(13)23(29)30)31-24-26-20-11-18(19(25)12-21(20)27-24)14-4-6-22-15(9-14)7-8-28(22)2/h3-12H,1-2H3,(H,26,27)(H,29,30)	FHWSAZXFPUMKFL-UHFFFAOYSA-N	1	Positive	MSNLIB-POSITIVE	432.111	UPDATE-SINGLE-ANNOTATED-GOLD	Gold		C24H18ClN3O3	FHWSAZXFPUMKFL-UHFFFAOYSA-N	FHWSAZXFPUMKFL	Organic oxygen compounds	Organooxygen compounds	Ethers	Tryptophan alkaloids	Simple indole alkaloids	Alkaloids	mzspec:GNPS:GNPS-LIBRARY:CCMSLIB00012336145
CCMSLIB00003139657	2333	spectra_filtered.mgf	GNPS-NIST14-MATCHES.mgf	0.922901	2638970.0	0	1064.38	10	0.884033	829.68	1	temp/spectra_filtered.mgf2333	1	Spectral Match to 1,2-Diarachidonoyl-sn-glycero-3-phosphocholine from NIST14	ESI	HCD	Isolated	Data from McKerrow	Data deposited by lamccall	M+H	830.564	0.0	1	17688298	N/A	N/A	N/A	N/A	3	Positive	GNPS-NIST14-MATCHES	830.564	UPDATE-SINGLE-ANNOTATED-BRONZE	Bronze		N/A	N/A	N/A	N/A	N/A	N/A	N/A	N/A	N/A	mzspec:GNPS:GNPS-LIBRARY:CCMSLIB00003139657
CCMSLIB00003139613	1681	spectra_filtered.mgf	GNPS-NIST14-MATCHES.mgf	0.922886	4286350.0	0	1163.27	7	0.838074	719.606	1	temp/spectra_filtered.mgf1681	1	Spectral Match to KDdiA-PC from NIST14	ESI	qTof	Isolated	Data from James McKerrow	Data deposited by lamccall	M+H	720.444	719.437	1	439904344	N/A	CCCCCCCCCCCCCCCC(=O)OCC(COP(=O)([O-])OCC[N+](C)(C)C)OC(=O)CCCCCCCC(=O)C=CC(=O)O	InChI=1S/C36H66NO11P/c1-5-6-7-8-9-10-11-12-13-14-15-18-21-24-35(41)45-30-33(31-47-49(43,44)46-29-28-37(2,3)4)48-36(42)25-22-19-16-17-20-23-32(38)26-27-34(39)40/h26-27,33H,5-25,28-31H2,1-4H3,(H-,39,40,43,44)	N/A	3	Positive	GNPS-NIST14-MATCHES	720.444	UPDATE-SINGLE-ANNOTATED-BRONZE	Bronze		N/A	XWKBYMQTSGGZLW-UHFFFAOYSA-N	XWKBYMQTSGGZLW	Lipids and lipid-like molecules	Glycerophospholipids	Glycerophosphocholines	N/A	N/A	N/A	mzspec:GNPS:GNPS-LIBRARY:CCMSLIB00003139613
CCMSLIB00003138450	239	spectra_filtered.mgf	GNPS-NIST14-MATCHES.mgf	0.922013	4051930.0	0	269.226	7	0.036377	135.081	1	temp/spectra_filtered.mgf239	1	Spectral Match to .alpha.-Pinene oxide from NIST14	ESI	qTof	Isolated	Data from Gabriel Haddad	Data deposited by mjmeehan	M+H-H2O	135.117	152.12	1	1686142	N/A	CC1(C2CC1C3(C(C2)O3)C)C	InChI=1S/C10H16O/c1-9(2)6-4-7(9)10(3)8(5-6)11-10/h6-8H,4-5H2,1-3H3	N/A	3	Positive	GNPS-NIST14-MATCHES	135.117	UPDATE-SINGLE-ANNOTATED-BRONZE	Bronze		C10H16O	NQFUSWIGRKFAHK-UHFFFAOYSA-N	NQFUSWIGRKFAHK	Lipids and lipid-like molecules	Prenol lipids	Monoterpenoids	Monoterpenoids	Pinane monoterpenoids	Terpenoids	mzspec:GNPS:GNPS-LIBRARY:CCMSLIB00003138450
CCMSLIB00003135100	1962	spectra_filtered.mgf	GNPS-NIST14-MATCHES.mgf	0.921618	4700630.0	0	1312.55	7	1.00616	767.578	1	temp/spectra_filtered.mgf1962	1	Spectral Match to Eicosapentaenoyl PAF C-16 from NIST14	ESI	qTof	Isolated	Data from James McKerrow	Data deposited by lamccall	M+H	766.572	766.575	1	132196282	N/A	CCCCCCCCCCCCCCCCOC[C@H](COP(=O)(O)OCC[N+](C)(C)C)OC(=O)CCCC=CCC=CCC=CCC=CCC=CCC	InChI=1S/C44H80NO7P/c1-6-8-10-12-14-16-18-20-22-23-24-25-27-29-31-33-35-37-44(46)52-43(42-51-53(47,48)50-40-38-45(3,4)5)41-49-39-36-34-32-30-28-26-21-19-17-15-13-11-9-7-2/h8,10,14,16,20,22,24-25,29,31,43H,6-7,9,11-13,15,17-19,21,23,26-28,30,32-42H2,1-5H3/p+1/t43-/m1/s1	N/A	3	Positive	GNPS-NIST14-MATCHES	766.572	UPDATE-SINGLE-ANNOTATED-BRONZE	Bronze		N/A	YHSSHPWVFALMBA-VZUYHUTRSA-O	YHSSHPWVFALMBA	Lipids and lipid-like molecules	Glycerophospholipids	Glycerophosphocholines	N/A	N/A	N/A	mzspec:GNPS:GNPS-LIBRARY:CCMSLIB00003135100
CCMSLIB00010077736	2571	spectra_filtered.mgf	PNNL-LIPIDS-POSITIVE.mgf	0.920925	10611400.0	0	0.451732	18	0.000366211	810.682	1	temp/spectra_filtered.mgf2571	1	GalCer(d18:1/24:1); [M+H]+ C48H92N1O8	LC-ESI	HCD; Velos	Commercial	Thomas Metz	Thomas Metz	M+H	810.682	0.0	1	N/A	N/A	N/A	N/A	N/A	1	Positive	PNNL-LIPIDS-POSITIVE	810.682	UPDATE-SINGLE-ANNOTATED-GOLD	Gold		N/A	N/A	N/A	N/A	N/A	N/A	N/A	N/A	N/A	mzspec:GNPS:GNPS-LIBRARY:CCMSLIB00010077736
CCMSLIB00006678075	1647	spectra_filtered.mgf	GNPS-LIBRARY.mgf	0.920599	11219400.0	0	3.9531	7	0.00299072	756.554	1	temp/spectra_filtered.mgf1647	1	PC-DAG (16:0/18:3)	LC-ESI	Orbitrap	Other	S Ding	Su Ding	M+H	756.551	756.553	1	N/A	N/A	N/A	N/A	N/A	3	Positive	GNPS-LIBRARY	756.551	UPDATE-SINGLE-ANNOTATED-BRONZE	Bronze		N/A	N/A	N/A	N/A	N/A	N/A	N/A	N/A	N/A	mzspec:GNPS:GNPS-LIBRARY:CCMSLIB00006678075
CCMSLIB00003139613	2206	spectra_filtered.mgf	GNPS-NIST14-MATCHES.mgf	0.920512	28989200.0	0	203.24	6	0.146423	720.59	1	temp/spectra_filtered.mgf2206	1	Spectral Match to KDdiA-PC from NIST14	ESI	qTof	Isolated	Data from James McKerrow	Data deposited by lamccall	M+H	720.444	719.437	1	439904344	N/A	CCCCCCCCCCCCCCCC(=O)OCC(COP(=O)([O-])OCC[N+](C)(C)C)OC(=O)CCCCCCCC(=O)C=CC(=O)O	InChI=1S/C36H66NO11P/c1-5-6-7-8-9-10-11-12-13-14-15-18-21-24-35(41)45-30-33(31-47-49(43,44)46-29-28-37(2,3)4)48-36(42)25-22-19-16-17-20-23-32(38)26-27-34(39)40/h26-27,33H,5-25,28-31H2,1-4H3,(H-,39,40,43,44)	N/A	3	Positive	GNPS-NIST14-MATCHES	720.444	UPDATE-SINGLE-ANNOTATED-BRONZE	Bronze		N/A	XWKBYMQTSGGZLW-UHFFFAOYSA-N	XWKBYMQTSGGZLW	Lipids and lipid-like molecules	Glycerophospholipids	Glycerophosphocholines	N/A	N/A	N/A	mzspec:GNPS:GNPS-LIBRARY:CCMSLIB00003139613
CCMSLIB00005884233	1532	spectra_filtered.mgf	GNPS-LIBRARY.mgf	0.920259	287169.0	0	1.98949	6	0.000366211	184.073	1	temp/spectra_filtered.mgf1532	1	PHOSPHOCHOLINE CHLORIDE - 20.0 eV	ESI	Orbitrap	Isolated	Madeleine Ernst	Anna Abrahamsson	M+	184.073	0.0	1	72556-74-2	N/A	C[N+](C)(C)CCOP(O)(O)=O	InChI=1S/C5H14NO4P/c1-6(2,3)4-5-10-11(7,8)9/h4-5H2,1-3H3,(H-,7,8,9)/p+1	N/A	1	Positive	GNPS-LIBRARY	184.073	UPDATE-SINGLE-ANNOTATED-GOLD	Gold		N/A	YHHSONZFOIEMCP-UHFFFAOYSA-O	YHHSONZFOIEMCP	Organic nitrogen compounds	Organonitrogen compounds	Quaternary ammonium salts	N/A	N/A	N/A	mzspec:GNPS:GNPS-LIBRARY:CCMSLIB00005884233
CCMSLIB00006678075	1729	spectra_filtered.mgf	GNPS-LIBRARY.mgf	0.917263	5935260.0	0	2.82364	7	0.00213623	756.553	1	temp/spectra_filtered.mgf1729	1	PC-DAG (16:0/18:3)	LC-ESI	Orbitrap	Other	S Ding	Su Ding	M+H	756.551	756.553	1	N/A	N/A	N/A	N/A	N/A	3	Positive	GNPS-LIBRARY	756.551	UPDATE-SINGLE-ANNOTATED-BRONZE	Bronze		N/A	N/A	N/A	N/A	N/A	N/A	N/A	N/A	N/A	mzspec:GNPS:GNPS-LIBRARY:CCMSLIB00006678075
CCMSLIB00003136157	551	spectra_filtered.mgf	GNPS-NIST14-MATCHES.mgf	0.915748	113162000.0	0	3855.35	10	0.984009	254.248	1	temp/spectra_filtered.mgf551	1	Spectral Match to Palmitelaidic acid from NIST14	ESI	qTof	Isolated	Data from Wolfender/Litaudon	Data deposited by pmallard	M+H	255.232	254.225	1	10030736	N/A	CCCCCC/C=C/CCCCCCCC(=O)O	InChI=1S/C16H30O2/c1-2-3-4-5-6-7-8-9-10-11-12-13-14-15-16(17)18/h7-8H,2-6,9-15H2,1H3,(H,17,18)/b8-7+	N/A	3	Positive	GNPS-NIST14-MATCHES	255.232	UPDATE-SINGLE-ANNOTATED-BRONZE	Bronze		C16H30O2	SECPZKHBENQXJG-BQYQJAHWSA-N	SECPZKHBENQXJG	Lipids and lipid-like molecules	Fatty Acyls	Fatty acids and conjugates	Fatty Acids and Conjugates	Unsaturated fatty acids	Fatty acids	mzspec:GNPS:GNPS-LIBRARY:CCMSLIB00003136157
CCMSLIB00003139613	1632	spectra_filtered.mgf	GNPS-NIST14-MATCHES.mgf	0.915707	896007.0	0	1252.06	6	0.902039	719.542	1	temp/spectra_filtered.mgf1632	1	Spectral Match to KDdiA-PC from NIST14	ESI	qTof	Isolated	Data from James McKerrow	Data deposited by lamccall	M+H	720.444	719.437	1	439904344	N/A	CCCCCCCCCCCCCCCC(=O)OCC(COP(=O)([O-])OCC[N+](C)(C)C)OC(=O)CCCCCCCC(=O)C=CC(=O)O	InChI=1S/C36H66NO11P/c1-5-6-7-8-9-10-11-12-13-14-15-18-21-24-35(41)45-30-33(31-47-49(43,44)46-29-28-37(2,3)4)48-36(42)25-22-19-16-17-20-23-32(38)26-27-34(39)40/h26-27,33H,5-25,28-31H2,1-4H3,(H-,39,40,43,44)	N/A	3	Positive	GNPS-NIST14-MATCHES	720.444	UPDATE-SINGLE-ANNOTATED-BRONZE	Bronze		N/A	XWKBYMQTSGGZLW-UHFFFAOYSA-N	XWKBYMQTSGGZLW	Lipids and lipid-like molecules	Glycerophospholipids	Glycerophosphocholines	N/A	N/A	N/A	mzspec:GNPS:GNPS-LIBRARY:CCMSLIB00003139613
CCMSLIB00010098543	1470	spectra_filtered.mgf	PNNL-LIPIDS-POSITIVE.mgf	0.915071	223216000.0	0	1.30125	10	0.000915527	703.576	1	temp/spectra_filtered.mgf1470	1	SM(d18:1/16:0); [M+H]+ C39H80N2O6P1	LC-ESI	HCD; Velos	Commercial	Thomas Metz	Thomas Metz	M+H	703.575	0.0	1	N/A	N/A	N/A	N/A	N/A	1	Positive	PNNL-LIPIDS-POSITIVE	703.575	UPDATE-SINGLE-ANNOTATED-GOLD	Gold		N/A	N/A	N/A	N/A	N/A	N/A	N/A	N/A	N/A	mzspec:GNPS:GNPS-LIBRARY:CCMSLIB00010098543
CCMSLIB00003139613	2145	spectra_filtered.mgf	GNPS-NIST14-MATCHES.mgf	0.915065	58027200.0	0	2593.67	7	1.86859	718.575	1	temp/spectra_filtered.mgf2145	1	Spectral Match to KDdiA-PC from NIST14	ESI	qTof	Isolated	Data from James McKerrow	Data deposited by lamccall	M+H	720.444	719.437	1	439904344	N/A	CCCCCCCCCCCCCCCC(=O)OCC(COP(=O)([O-])OCC[N+](C)(C)C)OC(=O)CCCCCCCC(=O)C=CC(=O)O	InChI=1S/C36H66NO11P/c1-5-6-7-8-9-10-11-12-13-14-15-18-21-24-35(41)45-30-33(31-47-49(43,44)46-29-28-37(2,3)4)48-36(42)25-22-19-16-17-20-23-32(38)26-27-34(39)40/h26-27,33H,5-25,28-31H2,1-4H3,(H-,39,40,43,44)	N/A	3	Positive	GNPS-NIST14-MATCHES	720.444	UPDATE-SINGLE-ANNOTATED-BRONZE	Bronze		N/A	XWKBYMQTSGGZLW-UHFFFAOYSA-N	XWKBYMQTSGGZLW	Lipids and lipid-like molecules	Glycerophospholipids	Glycerophosphocholines	N/A	N/A	N/A	mzspec:GNPS:GNPS-LIBRARY:CCMSLIB00003139613
CCMSLIB00010057147	2325	spectra_filtered.mgf	PNNL-LIPIDS-POSITIVE.mgf	0.913214	4606700.0	0	1337.41	8	1.06805	799.669	1	temp/spectra_filtered.mgf2325	1	PC(17:0/20:3); [M+H]+ C45H85N1O8P1	LC-ESI	HCD; Velos	Commercial	Thomas Metz	Thomas Metz	M+H	798.601	0.0	1	N/A	N/A	N/A	N/A	N/A	1	Positive	PNNL-LIPIDS-POSITIVE	798.601	UPDATE-SINGLE-ANNOTATED-GOLD	Gold		N/A	N/A	N/A	N/A	N/A	N/A	N/A	N/A	N/A	mzspec:GNPS:GNPS-LIBRARY:CCMSLIB00010057147
CCMSLIB00003137559	520	spectra_filtered.mgf	GNPS-NIST14-MATCHES.mgf	0.912789	1480830.0	0	3.63887	9	0.00088501	243.211	1	temp/spectra_filtered.mgf520	1	Spectral Match to Pinolenic acid from NIST14	ESI	IT/ion trap	Isolated	Data from Katrina Waters;Yoshihiro Kawaoka;Richard Smith;Thomas Metz;Ralph Baric	Data deposited by alchemistmatt	243.2	243.21	0.0	1	16833548	N/A	N/A	N/A	N/A	3	Positive	GNPS-NIST14-MATCHES	243.21	UPDATE-SINGLE-ANNOTATED-BRONZE	Bronze		N/A	N/A	N/A	N/A	N/A	N/A	N/A	N/A	N/A	mzspec:GNPS:GNPS-LIBRARY:CCMSLIB00003137559
CCMSLIB00004692181	181	spectra_filtered.mgf	MONA.mgf	0.912221	57337500.0	0	4129.97	7	1.18573	288.29	1	temp/spectra_filtered.mgf181	1	2-[[(2R,3S)-2-(3,4-dihydroxyphenyl)-3,5-dihydroxy-3,4-dihydro-2H-chromen-7-yl]oxy]oxane-3,4,5-triol	N/A	ESI-QFT	isolated	MoNA	MoNA:VF-NPL-QEHF001118	[M+K]+	287.104	0.0	1	N/A	N/A	C=C1C(=O)OC2CC(C)C(CCC(C)=O)=CCC12	InChI=1S/C15H20O3/c1-9-8-14-13(11(3)15(17)18-14)7-6-12(9)5-4-10(2)16/h6,9,13-14H,3-5,7-8H2,1-2H3	N/A	3	positive	MONA	287.104	UPDATE-SINGLE-ANNOTATED-BRONZE	Bronze		C15H20O3	AVFIYMSJDDGDBQ-UHFFFAOYSA-N	AVFIYMSJDDGDBQ	Lipids and lipid-like molecules	Prenol lipids	Terpene lactones	Sesquiterpenoids	Germacrane sesquiterpenoids	Terpenoids	mzspec:GNPS:GNPS-LIBRARY:CCMSLIB00004692181
CCMSLIB00012336145	571	spectra_filtered.mgf	MSNLIB-POSITIVE.mgf	0.91181	814280.0	0	294.504	6	0.127258	432.238	1	temp/spectra_filtered.mgf571	1	Ex229	ESI	Orbitrap	Crude	Tomas Pluskal	Corinna Brungs	[M+H]+	432.111	431.104	1	N/A	N/A	Cc1c(C(=O)O)cc(Oc2nc3c(cc(Cl)c(-c4cc5c(cc4)n(C)cc5)c3)[nH]2)cc1	InChI=1S/C24H18ClN3O3/c1-13-3-5-16(10-17(13)23(29)30)31-24-26-20-11-18(19(25)12-21(20)27-24)14-4-6-22-15(9-14)7-8-28(22)2/h3-12H,1-2H3,(H,26,27)(H,29,30)	FHWSAZXFPUMKFL-UHFFFAOYSA-N	1	Positive	MSNLIB-POSITIVE	432.111	UPDATE-SINGLE-ANNOTATED-GOLD	Gold		C24H18ClN3O3	FHWSAZXFPUMKFL-UHFFFAOYSA-N	FHWSAZXFPUMKFL	Organic oxygen compounds	Organooxygen compounds	Ethers	Tryptophan alkaloids	Simple indole alkaloids	Alkaloids	mzspec:GNPS:GNPS-LIBRARY:CCMSLIB00012336145
CCMSLIB00010095537	1587	spectra_filtered.mgf	PNNL-LIPIDS-POSITIVE.mgf	0.91056	4589660.0	0	1319.34	8	0.947998	717.591	1	temp/spectra_filtered.mgf1587	1	PC(15:0/16:1); [M+H]+ C39H77N1O8P1	LC-ESI	HCD; Velos	Commercial	Thomas Metz	Thomas Metz	M+H	718.539	0.0	1	N/A	N/A	N/A	N/A	N/A	1	Positive	PNNL-LIPIDS-POSITIVE	718.539	UPDATE-SINGLE-ANNOTATED-GOLD	Gold		N/A	N/A	N/A	N/A	N/A	N/A	N/A	N/A	N/A	mzspec:GNPS:GNPS-LIBRARY:CCMSLIB00010095537
CCMSLIB00010087618	2462	spectra_filtered.mgf	PNNL-LIPIDS-POSITIVE.mgf	0.910211	14509300.0	0	0.150022	9	0.00012207	813.685	1	temp/spectra_filtered.mgf2462	1	SM(d18:1/24:1); [M+H]+ C47H94N2O6P1	LC-ESI	HCD; Velos	Commercial	Thomas Metz	Thomas Metz	M+H	813.685	0.0	1	N/A	N/A	N/A	N/A	N/A	1	Positive	PNNL-LIPIDS-POSITIVE	813.685	UPDATE-SINGLE-ANNOTATED-GOLD	Gold		N/A	N/A	N/A	N/A	N/A	N/A	N/A	N/A	N/A	mzspec:GNPS:GNPS-LIBRARY:CCMSLIB00010087618
CCMSLIB00010094355	1512	spectra_filtered.mgf	PNNL-LIPIDS-POSITIVE.mgf	0.909374	61541000.0	0	1348.27	8	0.948608	704.524	1	temp/spectra_filtered.mgf1512	1	SM(d18:1/16:0); [M+H]+ C39H80N2O6P1	LC-ESI	HCD; Velos	Commercial	Thomas Metz	Thomas Metz	M+H	703.575	0.0	1	N/A	N/A	N/A	N/A	N/A	1	Positive	PNNL-LIPIDS-POSITIVE	703.575	UPDATE-SINGLE-ANNOTATED-GOLD	Gold		N/A	N/A	N/A	N/A	N/A	N/A	N/A	N/A	N/A	mzspec:GNPS:GNPS-LIBRARY:CCMSLIB00010094355
CCMSLIB00012336145	1065	spectra_filtered.mgf	MSNLIB-POSITIVE.mgf	0.909196	444397.0	0	294.645	7	0.127319	432.238	1	temp/spectra_filtered.mgf1065	1	Ex229	ESI	Orbitrap	Crude	Tomas Pluskal	Corinna Brungs	[M+H]+	432.111	431.104	1	N/A	N/A	Cc1c(C(=O)O)cc(Oc2nc3c(cc(Cl)c(-c4cc5c(cc4)n(C)cc5)c3)[nH]2)cc1	InChI=1S/C24H18ClN3O3/c1-13-3-5-16(10-17(13)23(29)30)31-24-26-20-11-18(19(25)12-21(20)27-24)14-4-6-22-15(9-14)7-8-28(22)2/h3-12H,1-2H3,(H,26,27)(H,29,30)	FHWSAZXFPUMKFL-UHFFFAOYSA-N	1	Positive	MSNLIB-POSITIVE	432.111	UPDATE-SINGLE-ANNOTATED-GOLD	Gold		C24H18ClN3O3	FHWSAZXFPUMKFL-UHFFFAOYSA-N	FHWSAZXFPUMKFL	Organic oxygen compounds	Organooxygen compounds	Ethers	Tryptophan alkaloids	Simple indole alkaloids	Alkaloids	mzspec:GNPS:GNPS-LIBRARY:CCMSLIB00012336145
CCMSLIB00006678165	3482	spectra_filtered.mgf	GNPS-LIBRARY.mgf	0.908525	5811550.0	0	3.19478	18	0.00280762	878.818	1	temp/spectra_filtered.mgf3482	1	TAG (16:0/18:0/18:1)	LC-ESI	Orbitrap	Other	S Ding	Su Ding	M+NH4	878.815	878.816	1	N/A	N/A	N/A	N/A	N/A	3	Positive	GNPS-LIBRARY	878.815	UPDATE-SINGLE-ANNOTATED-BRONZE	Bronze		N/A	N/A	N/A	N/A	N/A	N/A	N/A	N/A	N/A	mzspec:GNPS:GNPS-LIBRARY:CCMSLIB00006678165
CCMSLIB00010056371	1374	spectra_filtered.mgf	PNNL-LIPIDS-POSITIVE.mgf	0.908112	5202470.0	0	0.796619	6	0.000549316	689.559	1	temp/spectra_filtered.mgf1374	1	SM(d18:1/15:0); [M+H]+ C38H78N2O6P1	LC-ESI	HCD; Velos	Commercial	Thomas Metz	Thomas Metz	M+H	689.56	0.0	1	N/A	N/A	N/A	N/A	N/A	1	Positive	PNNL-LIPIDS-POSITIVE	689.56	UPDATE-SINGLE-ANNOTATED-GOLD	Gold		N/A	N/A	N/A	N/A	N/A	N/A	N/A	N/A	N/A	mzspec:GNPS:GNPS-LIBRARY:CCMSLIB00010056371
CCMSLIB00012336145	683	spectra_filtered.mgf	MSNLIB-POSITIVE.mgf	0.908001	864273.0	0	294.362	7	0.127197	432.238	1	temp/spectra_filtered.mgf683	1	Ex229	ESI	Orbitrap	Crude	Tomas Pluskal	Corinna Brungs	[M+H]+	432.111	431.104	1	N/A	N/A	Cc1c(C(=O)O)cc(Oc2nc3c(cc(Cl)c(-c4cc5c(cc4)n(C)cc5)c3)[nH]2)cc1	InChI=1S/C24H18ClN3O3/c1-13-3-5-16(10-17(13)23(29)30)31-24-26-20-11-18(19(25)12-21(20)27-24)14-4-6-22-15(9-14)7-8-28(22)2/h3-12H,1-2H3,(H,26,27)(H,29,30)	FHWSAZXFPUMKFL-UHFFFAOYSA-N	1	Positive	MSNLIB-POSITIVE	432.111	UPDATE-SINGLE-ANNOTATED-GOLD	Gold		C24H18ClN3O3	FHWSAZXFPUMKFL-UHFFFAOYSA-N	FHWSAZXFPUMKFL	Organic oxygen compounds	Organooxygen compounds	Ethers	Tryptophan alkaloids	Simple indole alkaloids	Alkaloids	mzspec:GNPS:GNPS-LIBRARY:CCMSLIB00012336145
CCMSLIB00003139613	1834	spectra_filtered.mgf	GNPS-NIST14-MATCHES.mgf	0.907301	30789700.0	0	153.68	6	0.110718	720.555	1	temp/spectra_filtered.mgf1834	1	Spectral Match to KDdiA-PC from NIST14	ESI	qTof	Isolated	Data from James McKerrow	Data deposited by lamccall	M+H	720.444	719.437	1	439904344	N/A	CCCCCCCCCCCCCCCC(=O)OCC(COP(=O)([O-])OCC[N+](C)(C)C)OC(=O)CCCCCCCC(=O)C=CC(=O)O	InChI=1S/C36H66NO11P/c1-5-6-7-8-9-10-11-12-13-14-15-18-21-24-35(41)45-30-33(31-47-49(43,44)46-29-28-37(2,3)4)48-36(42)25-22-19-16-17-20-23-32(38)26-27-34(39)40/h26-27,33H,5-25,28-31H2,1-4H3,(H-,39,40,43,44)	N/A	3	Positive	GNPS-NIST14-MATCHES	720.444	UPDATE-SINGLE-ANNOTATED-BRONZE	Bronze		N/A	XWKBYMQTSGGZLW-UHFFFAOYSA-N	XWKBYMQTSGGZLW	Lipids and lipid-like molecules	Glycerophospholipids	Glycerophosphocholines	N/A	N/A	N/A	mzspec:GNPS:GNPS-LIBRARY:CCMSLIB00003139613
CCMSLIB00010097473	1633	spectra_filtered.mgf	PNNL-LIPIDS-POSITIVE.mgf	0.906464	4483560.0	0	0.0850556	9	6.10352e-05	717.591	1	temp/spectra_filtered.mgf1633	1	SM(d18:1/17:0); [M+H]+ C40H82N2O6P1	LC-ESI	HCD; Velos	Commercial	Thomas Metz	Thomas Metz	M+H	717.591	0.0	1	N/A	N/A	N/A	N/A	N/A	1	Positive	PNNL-LIPIDS-POSITIVE	717.591	UPDATE-SINGLE-ANNOTATED-GOLD	Gold		N/A	N/A	N/A	N/A	N/A	N/A	N/A	N/A	N/A	mzspec:GNPS:GNPS-LIBRARY:CCMSLIB00010097473
CCMSLIB00003137747	1963	spectra_filtered.mgf	GNPS-NIST14-MATCHES.mgf	0.906207	5278430.0	0	1080.54	6	0.881409	816.589	1	temp/spectra_filtered.mgf1963	1	Spectral Match to N-Tetracosanoyl-4-sphingenyl-1-O-phosphorylcholine from NIST14	ESI	Q-TOF	Isolated	Data from James McKerrow	Data deposited by daniel	M+H	815.708	0.0	1	60037607	N/A	N/A	N/A	N/A	3	Positive	GNPS-NIST14-MATCHES	815.708	UPDATE-SINGLE-ANNOTATED-BRONZE	Bronze		N/A	N/A	N/A	N/A	N/A	N/A	N/A	N/A	N/A	mzspec:GNPS:GNPS-LIBRARY:CCMSLIB00003137747
CCMSLIB00003135404	1388	spectra_filtered.mgf	GNPS-NIST14-MATCHES.mgf	0.906028	501988.0	0	7462.2	7	1.9791	263.237	1	temp/spectra_filtered.mgf1388	1	Spectral Match to 12(S)-Hydroxy-16-heptadecynoic acid from NIST14	ESI	qTof	Isolated	Data from Wolfender/Litaudon	Data deposited by pmallard	M+H-H2O	265.216	282.22	1	148019743	N/A	C#CCCC[C@H](CCCCCCCCCCC(=O)O)O	InChI=1S/C17H30O3/c1-2-3-10-13-16(18)14-11-8-6-4-5-7-9-12-15-17(19)20/h1,16,18H,3-15H2,(H,19,20)/t16-/m1/s1	N/A	3	Positive	GNPS-NIST14-MATCHES	265.216	UPDATE-SINGLE-ANNOTATED-BRONZE	Bronze		CH4	HBFCVDJQUPEEIC-MRXNPFEDSA-N	HBFCVDJQUPEEIC	Lipids and lipid-like molecules	Fatty Acyls	Fatty acids and conjugates				mzspec:GNPS:GNPS-LIBRARY:CCMSLIB00003135404
CCMSLIB00012336145	881	spectra_filtered.mgf	MSNLIB-POSITIVE.mgf	0.905905	952929.0	0	294.716	6	0.12735	432.238	1	temp/spectra_filtered.mgf881	1	Ex229	ESI	Orbitrap	Crude	Tomas Pluskal	Corinna Brungs	[M+H]+	432.111	431.104	1	N/A	N/A	Cc1c(C(=O)O)cc(Oc2nc3c(cc(Cl)c(-c4cc5c(cc4)n(C)cc5)c3)[nH]2)cc1	InChI=1S/C24H18ClN3O3/c1-13-3-5-16(10-17(13)23(29)30)31-24-26-20-11-18(19(25)12-21(20)27-24)14-4-6-22-15(9-14)7-8-28(22)2/h3-12H,1-2H3,(H,26,27)(H,29,30)	FHWSAZXFPUMKFL-UHFFFAOYSA-N	1	Positive	MSNLIB-POSITIVE	432.111	UPDATE-SINGLE-ANNOTATED-GOLD	Gold		C24H18ClN3O3	FHWSAZXFPUMKFL-UHFFFAOYSA-N	FHWSAZXFPUMKFL	Organic oxygen compounds	Organooxygen compounds	Ethers	Tryptophan alkaloids	Simple indole alkaloids	Alkaloids	mzspec:GNPS:GNPS-LIBRARY:CCMSLIB00012336145
CCMSLIB00012364214	2037	spectra_filtered.mgf	MSNLIB-POSITIVE.mgf	0.905404	948825.0	0	2.13146	6	0.00088501	415.211	1	temp/spectra_filtered.mgf2037	1	Schisandrin	ESI	Orbitrap	Crude	Tomas Pluskal	Corinna Brungs	[M+H-H2O]+	415.212	432.215	1	N/A	N/A	COc1c(OC)c(OC)c2c(c1)CC(C)C(C)(O)Cc1cc(OC)c(OC)c(OC)c1-2	InChI=1S/C24H32O7/c1-13-9-14-10-16(26-3)20(28-5)22(30-7)18(14)19-15(12-24(13,2)25)11-17(27-4)21(29-6)23(19)31-8/h10-11,13,25H,9,12H2,1-8H3	YEFOAORQXAOVJQ-UHFFFAOYSA-N	1	Positive	MSNLIB-POSITIVE	415.212	UPDATE-SINGLE-ANNOTATED-GOLD	Gold		C24H32O7	YEFOAORQXAOVJQ-UHFFFAOYSA-N	YEFOAORQXAOVJQ	Phenylpropanoids and polyketides	Tannins	Hydrolyzable tannins	Lignans	Dibenzocyclooctadienes lignans	Shikimates and Phenylpropanoids	mzspec:GNPS:GNPS-LIBRARY:CCMSLIB00012364214
CCMSLIB00003136996	826	spectra_filtered.mgf	GNPS-NIST14-MATCHES.mgf	0.904778	2467610.0	0	6748.59	8	1.979	291.268	1	temp/spectra_filtered.mgf826	1	Spectral Match to 9Z,11E,13E-Octadecatrienoic acid methyl ester from NIST14	ESI	HCD	Isolated	Data from Joshua Wollam	Data deposited by fevargas	M+H	293.247	0.0	1	4175477	N/A	N/A	N/A	N/A	3	Positive	GNPS-NIST14-MATCHES	293.247	UPDATE-SINGLE-ANNOTATED-BRONZE	Bronze		N/A	N/A	N/A	N/A	N/A	N/A	N/A	N/A	N/A	mzspec:GNPS:GNPS-LIBRARY:CCMSLIB00003136996
CCMSLIB00010107223	534	spectra_filtered.mgf	BERKELEY-LAB.mgf	0.904636	29490600.0	0	5202.02	8	0.983765	188.128	1	temp/spectra_filtered.mgf534	1	azelaic acid CollisionEnergy:102040	LC-ESI	Orbitrap	Commercial	Trent Northen	JGI	M+H	189.112	0.0	1	N/A	N/A	O=C(O)CCCCCCCC(=O)O	"""InChI=1S/C9H16O4/c10-8(11)6-4-2-1-3-5-7-9(12)13/h1-7H2,(H,10,11)(H,12,13)"""	N/A	3	Positive	BERKELEY-LAB	189.112	UPDATE-SINGLE-ANNOTATED-BRONZE	Bronze		C9H16O4	BDJRBEYXGGNYIS-UHFFFAOYSA-N	BDJRBEYXGGNYIS	Lipids and lipid-like molecules	Fatty Acyls	Fatty acids and conjugates	Fatty Acids and Conjugates	Dicarboxylic acids	Fatty acids	mzspec:GNPS:GNPS-LIBRARY:CCMSLIB00010107223
CCMSLIB00010074563	2598	spectra_filtered.mgf	PNNL-LIPIDS-POSITIVE.mgf	0.90437	3763580.0	0	45.9378	8	0.0355835	774.637	1	temp/spectra_filtered.mgf2598	1	PC(17:0/18:1); [M+H]+ C43H85N1O8P1	LC-ESI	HCD; Velos	Commercial	Thomas Metz	Thomas Metz	M+H	774.601	0.0	1	N/A	N/A	N/A	N/A	N/A	1	Positive	PNNL-LIPIDS-POSITIVE	774.601	UPDATE-SINGLE-ANNOTATED-GOLD	Gold		N/A	N/A	N/A	N/A	N/A	N/A	N/A	N/A	N/A	mzspec:GNPS:GNPS-LIBRARY:CCMSLIB00010074563
CCMSLIB00003136157	253	spectra_filtered.mgf	GNPS-NIST14-MATCHES.mgf	0.904281	4476490.0	0	3855.35	9	0.984009	254.248	1	temp/spectra_filtered.mgf253	1	Spectral Match to Palmitelaidic acid from NIST14	ESI	qTof	Isolated	Data from Wolfender/Litaudon	Data deposited by pmallard	M+H	255.232	254.225	1	10030736	N/A	CCCCCC/C=C/CCCCCCCC(=O)O	InChI=1S/C16H30O2/c1-2-3-4-5-6-7-8-9-10-11-12-13-14-15-16(17)18/h7-8H,2-6,9-15H2,1H3,(H,17,18)/b8-7+	N/A	3	Positive	GNPS-NIST14-MATCHES	255.232	UPDATE-SINGLE-ANNOTATED-BRONZE	Bronze		C16H30O2	SECPZKHBENQXJG-BQYQJAHWSA-N	SECPZKHBENQXJG	Lipids and lipid-like molecules	Fatty Acyls	Fatty acids and conjugates	Fatty Acids and Conjugates	Unsaturated fatty acids	Fatty acids	mzspec:GNPS:GNPS-LIBRARY:CCMSLIB00003136157
CCMSLIB00003137019	1482	spectra_filtered.mgf	GNPS-NIST14-MATCHES.mgf	0.904266	1131300.0	0	1.72473	6	0.00134277	778.539	1	temp/spectra_filtered.mgf1482	1	Spectral Match to 1,2-Di-(9Z,12Z,15Z-octadecatrienoyl)-sn-glycero-3-phosphocholine from NIST14	ESI	qTof	Isolated	Data from Gabriel Haddad	Data deposited by mjmeehan	M+H	778.54	777.531	1	2701191	N/A	CC/C=C\C/C=C\C/C=C\CCCCCCCC(=O)OC[C@H](COP(=O)([O-])OCC[N+](C)(C)C)OC(=O)CCCCCCC/C=C\C/C=C\C/C=C\CC	InChI=1S/C44H76NO8P/c1-6-8-10-12-14-16-18-20-22-24-26-28-30-32-34-36-43(46)50-40-42(41-52-54(48,49)51-39-38-45(3,4)5)53-44(47)37-35-33-31-29-27-25-23-21-19-17-15-13-11-9-7-2/h8-11,14-17,20-23,42H,6-7,12-13,18-19,24-41H2,1-5H3/b10-8-,11-9-,16-14-,17-15-,22-20-,23-21-/t42-/m1/s1	N/A	3	Positive	GNPS-NIST14-MATCHES	778.54	UPDATE-SINGLE-ANNOTATED-BRONZE	Bronze		N/A	XXKFQTJOJZELMD-JICBSJGISA-N	XXKFQTJOJZELMD	Lipids and lipid-like molecules	Glycerophospholipids	Glycerophosphocholines	N/A	N/A	N/A	mzspec:GNPS:GNPS-LIBRARY:CCMSLIB00003137019
CCMSLIB00012336145	415	spectra_filtered.mgf	MSNLIB-POSITIVE.mgf	0.903508	1079790.0	0	294.574	6	0.127289	432.238	1	temp/spectra_filtered.mgf415	1	Ex229	ESI	Orbitrap	Crude	Tomas Pluskal	Corinna Brungs	[M+H]+	432.111	431.104	1	N/A	N/A	Cc1c(C(=O)O)cc(Oc2nc3c(cc(Cl)c(-c4cc5c(cc4)n(C)cc5)c3)[nH]2)cc1	InChI=1S/C24H18ClN3O3/c1-13-3-5-16(10-17(13)23(29)30)31-24-26-20-11-18(19(25)12-21(20)27-24)14-4-6-22-15(9-14)7-8-28(22)2/h3-12H,1-2H3,(H,26,27)(H,29,30)	FHWSAZXFPUMKFL-UHFFFAOYSA-N	1	Positive	MSNLIB-POSITIVE	432.111	UPDATE-SINGLE-ANNOTATED-GOLD	Gold		C24H18ClN3O3	FHWSAZXFPUMKFL-UHFFFAOYSA-N	FHWSAZXFPUMKFL	Organic oxygen compounds	Organooxygen compounds	Ethers	Tryptophan alkaloids	Simple indole alkaloids	Alkaloids	mzspec:GNPS:GNPS-LIBRARY:CCMSLIB00012336145
CCMSLIB00010067207	2611	spectra_filtered.mgf	PNNL-LIPIDS-POSITIVE.mgf	0.902605	3824960.0	0	0.152267	7	0.00012207	801.685	1	temp/spectra_filtered.mgf2611	1	SM(d18:1/23:0); [M+H]+ C46H94N2O6P1	LC-ESI	HCD; Velos	Commercial	Thomas Metz	Thomas Metz	M+H	801.685	0.0	1	N/A	N/A	N/A	N/A	N/A	1	Positive	PNNL-LIPIDS-POSITIVE	801.685	UPDATE-SINGLE-ANNOTATED-GOLD	Gold		N/A	N/A	N/A	N/A	N/A	N/A	N/A	N/A	N/A	mzspec:GNPS:GNPS-LIBRARY:CCMSLIB00010067207
CCMSLIB00004720537	3336	spectra_filtered.mgf	MONA.mgf	0.902438	1157920.0	0	0.554413	10	0.000488281	880.719	1	temp/spectra_filtered.mgf3336	1	Ubidecarenone	N/A	ESI-QFT	isolated	MoNA	MoNA:VF-NPL-QEHF026956	[M+NH4]+	880.718	0.0	1	N/A	N/A	COC1=C(OC)C(=O)C(C/C=C(\C)CC/C=C(\C)CC/C=C(\C)CC/C=C(\C)CC/C=C(\C)CC/C=C(\C)CC/C=C(\C)CC/C=C(\C)CC/C=C(\C)CCC=C(C)C)=C(C)C1=O	InChI=1S/C59H90O4/c1-44(2)24-15-25-45(3)26-16-27-46(4)28-17-29-47(5)30-18-31-48(6)32-19-33-49(7)34-20-35-50(8)36-21-37-51(9)38-22-39-52(10)40-23-41-53(11)42-43-55-54(12)56(60)58(62-13)59(63-14)57(55)61/h24,26,28,30,32,34,36,38,40,42H,15-23,25,27,29,31,33,35,37,39,41,43H2,1-14H3/b45-26+,46-28+,47-30+,48-32+,49-34+,50-36+,51-38+,52-40+,53-42+	N/A	3	positive	MONA	880.718	UPDATE-SINGLE-ANNOTATED-BRONZE	Bronze		C59H90O4	ACTIUHUUMQJHFO-UPTCCGCDSA-N	ACTIUHUUMQJHFO	Lipids and lipid-like molecules	Prenol lipids	Quinone and hydroquinone lipids	Meroterpenoids	Prenyl quinone meroterpenoids	Terpenoids	mzspec:GNPS:GNPS-LIBRARY:CCMSLIB00004720537
CCMSLIB00012336145	1508	spectra_filtered.mgf	MSNLIB-POSITIVE.mgf	0.902426	620949.0	0	294.574	6	0.127289	432.238	1	temp/spectra_filtered.mgf1508	1	Ex229	ESI	Orbitrap	Crude	Tomas Pluskal	Corinna Brungs	[M+H]+	432.111	431.104	1	N/A	N/A	Cc1c(C(=O)O)cc(Oc2nc3c(cc(Cl)c(-c4cc5c(cc4)n(C)cc5)c3)[nH]2)cc1	InChI=1S/C24H18ClN3O3/c1-13-3-5-16(10-17(13)23(29)30)31-24-26-20-11-18(19(25)12-21(20)27-24)14-4-6-22-15(9-14)7-8-28(22)2/h3-12H,1-2H3,(H,26,27)(H,29,30)	FHWSAZXFPUMKFL-UHFFFAOYSA-N	1	Positive	MSNLIB-POSITIVE	432.111	UPDATE-SINGLE-ANNOTATED-GOLD	Gold		C24H18ClN3O3	FHWSAZXFPUMKFL-UHFFFAOYSA-N	FHWSAZXFPUMKFL	Organic oxygen compounds	Organooxygen compounds	Ethers	Tryptophan alkaloids	Simple indole alkaloids	Alkaloids	mzspec:GNPS:GNPS-LIBRARY:CCMSLIB00012336145
CCMSLIB00011436086	1375	spectra_filtered.mgf	ECG-ACYL-AMIDES-C4-C24-LIBRARY.mgf	0.902211	2271040.0	0	1.03932	13	0.000366211	352.357	1	temp/spectra_filtered.mgf1375	1	amylamine-C18:1	ESI	Orbitrap	Commercial	Dorrestein	Ipsita	M+H	352.357	351.35	1	N/A	N/A	O=C(NCCCCC)CCCCCCCC=CCCCCCCCC	InChI=1S/C23H45NO/c1-3-5-7-8-9-10-11-12-13-14-15-16-17-18-19-21-23(25)24-22-20-6-4-2/h12-13H,3-11,14-22H2,1-2H3,(H,24,25)	N/A	1	Positive	ECG-ACYL-AMIDES-C4-C24-LIBRARY	352.357	UPDATE-SINGLE-ANNOTATED-GOLD	Gold		C23H45NO	AXELDFASZAHKFD-UHFFFAOYSA-N	AXELDFASZAHKFD	Lipids and lipid-like molecules	Fatty Acyls	Fatty amides	Fatty amides	N-acyl amines	Fatty acids	mzspec:GNPS:GNPS-LIBRARY:CCMSLIB00011436086
CCMSLIB00010100001	1984	spectra_filtered.mgf	PNNL-LIPIDS-POSITIVE.mgf	0.901978	8679170.0	0	2413.41	8	1.98041	818.606	1	temp/spectra_filtered.mgf1984	1	PC(17:0/22:6); [M+H]+ C47H83N1O8P1	LC-ESI	HCD; Velos	Commercial	Thomas Metz	Thomas Metz	M+H	820.586	0.0	1	N/A	N/A	N/A	N/A	N/A	1	Positive	PNNL-LIPIDS-POSITIVE	820.586	UPDATE-SINGLE-ANNOTATED-GOLD	Gold		N/A	N/A	N/A	N/A	N/A	N/A	N/A	N/A	N/A	mzspec:GNPS:GNPS-LIBRARY:CCMSLIB00010100001
CCMSLIB00006678077	1717	spectra_filtered.mgf	GNPS-LIBRARY.mgf	0.901495	4565580.0	0	124.597	6	0.0927734	744.496	1	temp/spectra_filtered.mgf1717	1	PAF (o-16:0/18:2)	LC-ESI	Orbitrap	Other	S Ding	Su Ding	M+H	744.589	744.589	1	N/A	N/A	N/A	N/A	N/A	3	Positive	GNPS-LIBRARY	744.589	UPDATE-SINGLE-ANNOTATED-BRONZE	Bronze		N/A	N/A	N/A	N/A	N/A	N/A	N/A	N/A	N/A	mzspec:GNPS:GNPS-LIBRARY:CCMSLIB00006678077
CCMSLIB00010057169	2561	spectra_filtered.mgf	PNNL-LIPIDS-POSITIVE.mgf	0.901407	3596020.0	0	1334.27	9	1.06824	801.685	1	temp/spectra_filtered.mgf2561	1	PC(18:1/19:1); [M+H]+ C45H87N1O8P1	LC-ESI	HCD; Velos	Commercial	Thomas Metz	Thomas Metz	M+H	800.617	0.0	1	N/A	N/A	N/A	N/A	N/A	1	Positive	PNNL-LIPIDS-POSITIVE	800.617	UPDATE-SINGLE-ANNOTATED-GOLD	Gold		N/A	N/A	N/A	N/A	N/A	N/A	N/A	N/A	N/A	mzspec:GNPS:GNPS-LIBRARY:CCMSLIB00010057169
CCMSLIB00010094851	1335	spectra_filtered.mgf	PNNL-LIPIDS-POSITIVE.mgf	0.901298	8348950.0	0	0.608994	8	0.000427246	701.56	1	temp/spectra_filtered.mgf1335	1	SM(d18:2/16:0); [M+H]+ C39H78N2O6P1	LC-ESI	HCD; Velos	Commercial	Thomas Metz	Thomas Metz	M+H	701.56	0.0	1	N/A	N/A	N/A	N/A	N/A	1	Positive	PNNL-LIPIDS-POSITIVE	701.56	UPDATE-SINGLE-ANNOTATED-GOLD	Gold		N/A	N/A	N/A	N/A	N/A	N/A	N/A	N/A	N/A	mzspec:GNPS:GNPS-LIBRARY:CCMSLIB00010094851
CCMSLIB00006678164	3483	spectra_filtered.mgf	GNPS-LIBRARY.mgf	0.901086	7404340.0	0	2.76565	18	0.00250244	904.833	1	temp/spectra_filtered.mgf3483	1	TAG (16:0/18:1/20:1)/TAG (18:0/18:1/18:1)	LC-ESI	Orbitrap	Other	S Ding	Su Ding	M+NH4	904.831	904.832	1	N/A	N/A	N/A	N/A	N/A	3	Positive	GNPS-LIBRARY	904.831	UPDATE-SINGLE-ANNOTATED-BRONZE	Bronze		N/A	N/A	N/A	N/A	N/A	N/A	N/A	N/A	N/A	mzspec:GNPS:GNPS-LIBRARY:CCMSLIB00006678164
CCMSLIB00011435469	1308	spectra_filtered.mgf	ECG-ACYL-AMIDES-C4-C24-LIBRARY.mgf	0.901049	414381.0	0	0.561085	11	0.000183105	326.342	1	temp/spectra_filtered.mgf1308	1	amylamine-C16:0	ESI	Orbitrap	Commercial	Dorrestein	Ipsita	M+H	326.342	325.334	1	N/A	N/A	CCCCCCCCCCCCCCCC(NCCCCC)=O	InChI=1S/C21H43NO/c1-3-5-7-8-9-10-11-12-13-14-15-16-17-19-21(23)22-20-18-6-4-2/h3-20H2,1-2H3,(H,22,23)	N/A	1	Positive	ECG-ACYL-AMIDES-C4-C24-LIBRARY	326.342	UPDATE-SINGLE-ANNOTATED-GOLD	Gold		C21H43NO	ZUVJPPGVSJMBKU-UHFFFAOYSA-N	ZUVJPPGVSJMBKU	Lipids and lipid-like molecules	Fatty Acyls	Fatty amides	Fatty amides	N-acyl amines	Fatty acids	mzspec:GNPS:GNPS-LIBRARY:CCMSLIB00011435469
CCMSLIB00010074563	2212	spectra_filtered.mgf	PNNL-LIPIDS-POSITIVE.mgf	0.901033	40187600.0	0	0.236387	8	0.000183105	774.601	1	temp/spectra_filtered.mgf2212	1	PC(17:0/18:1); [M+H]+ C43H85N1O8P1	LC-ESI	HCD; Velos	Commercial	Thomas Metz	Thomas Metz	M+H	774.601	0.0	1	N/A	N/A	N/A	N/A	N/A	1	Positive	PNNL-LIPIDS-POSITIVE	774.601	UPDATE-SINGLE-ANNOTATED-GOLD	Gold		N/A	N/A	N/A	N/A	N/A	N/A	N/A	N/A	N/A	mzspec:GNPS:GNPS-LIBRARY:CCMSLIB00010074563
CCMSLIB00010088815	1645	spectra_filtered.mgf	PNNL-LIPIDS-POSITIVE.mgf	0.900943	6241700.0	0	1343.6	9	0.946594	703.576	1	temp/spectra_filtered.mgf1645	1	PC(14:0/16:1); [M+H]+ C38H75N1O8P1	LC-ESI	HCD; Velos	Commercial	Thomas Metz	Thomas Metz	M+H	704.523	0.0	1	N/A	N/A	N/A	N/A	N/A	1	Positive	PNNL-LIPIDS-POSITIVE	704.523	UPDATE-SINGLE-ANNOTATED-GOLD	Gold		N/A	N/A	N/A	N/A	N/A	N/A	N/A	N/A	N/A	mzspec:GNPS:GNPS-LIBRARY:CCMSLIB00010088815
CCMSLIB00013060389	424	spectra_filtered.mgf	MSNLIB-POSITIVE.mgf	0.900795	965926.0	0	2318.22	6	1.04126	450.204	1	temp/spectra_filtered.mgf424	1	Tolvaptan	ESI	Orbitrap	Commercial	Tomas Pluskal	Corinna Brungs	[M+H]+	449.163	448.155	1	N/A	N/A	Cc1ccccc1C(=O)Nc1cc(C)c(C(=O)N2CCCC(O)c3c2ccc(Cl)c3)cc1	InChI=1S/C26H25ClN2O3/c1-16-6-3-4-7-20(16)25(31)28-19-10-11-21(17(2)14-19)26(32)29-13-5-8-24(30)22-15-18(27)9-12-23(22)29/h3-4,6-7,9-12,14-15,24,30H,5,8,13H2,1-2H3,(H,28,31)	GYHCTFXIZSNGJT-UHFFFAOYSA-N	1	Positive	MSNLIB-POSITIVE	449.163	UPDATE-SINGLE-ANNOTATED-GOLD	Gold		C26H25ClN2O3	GYHCTFXIZSNGJT-UHFFFAOYSA-N	GYHCTFXIZSNGJT	Benzenoids	Benzene and substituted derivatives	Anilides				mzspec:GNPS:GNPS-LIBRARY:CCMSLIB00013060389
CCMSLIB00012336920	230	spectra_filtered.mgf	MSNLIB-POSITIVE.mgf	0.900736	59922900.0	0	167.514	8	0.0724182	432.239	1	temp/spectra_filtered.mgf230	1	glycodeoxycholic acid	ESI	Orbitrap	Crude	Tomas Pluskal	Corinna Brungs	[M+H-H2O]+	432.311	449.314	1	N/A	N/A	C[C@H](CCC(=O)NCC(=O)O)[C@H]1CC[C@H]2[C@@H]3CC[C@@H]4C[C@H](O)CC[C@]4(C)[C@H]3C[C@H](O)[C@]12C	InChI=1S/C26H43NO5/c1-15(4-9-23(30)27-14-24(31)32)19-7-8-20-18-6-5-16-12-17(28)10-11-25(16,2)21(18)13-22(29)26(19,20)3/h15-22,28-29H,4-14H2,1-3H3,(H,27,30)(H,31,32)/t15-,16-,17-,18+,19-,20+,21+,22+,25+,26-/m1/s1	WVULKSPCQVQLCU-BUXLTGKBSA-N	1	Positive	MSNLIB-POSITIVE	432.311	UPDATE-SINGLE-ANNOTATED-GOLD	Gold		C26H43NO5	WVULKSPCQVQLCU-BUXLTGKBSA-N	WVULKSPCQVQLCU	Lipids and lipid-like molecules	Steroids and steroid derivatives	Bile acids, alcohols and derivatives	Steroids	Cholane steroids	Terpenoids	mzspec:GNPS:GNPS-LIBRARY:CCMSLIB00012336920
CCMSLIB00012284550	443	spectra_filtered.mgf	MSNLIB-POSITIVE.mgf	0.900374	2275050.0	0	2128.09	6	0.883392	414.228	1	temp/spectra_filtered.mgf443	1	LTURM34	ESI	Orbitrap	Crude	Tomas Pluskal	Corinna Brungs	[M+H]+	415.111	414.104	1	N/A	N/A	O=c1nc(N2CCOCC2)oc2c1cccc2-c1c2sc3ccccc3c2ccc1	InChI=1S/C24H18N2O3S/c27-23-19-9-3-6-16(21(19)29-24(25-23)26-11-13-28-14-12-26)18-8-4-7-17-15-5-1-2-10-20(15)30-22(17)18/h1-10H,11-14H2	SMMSWOMXOZLOPI-UHFFFAOYSA-N	1	Positive	MSNLIB-POSITIVE	415.111	UPDATE-SINGLE-ANNOTATED-GOLD	Gold		C24H18N2O3S	SMMSWOMXOZLOPI-UHFFFAOYSA-N	SMMSWOMXOZLOPI	Organoheterocyclic compounds	Benzothiophenes	Dibenzothiophenes	Chromanes	Chromones	Polyketides	mzspec:GNPS:GNPS-LIBRARY:CCMSLIB00012284550
CCMSLIB00010094355	1500	spectra_filtered.mgf	PNNL-LIPIDS-POSITIVE.mgf	0.899976	62982700.0	0	1348.88	9	0.949036	704.524	1	temp/spectra_filtered.mgf1500	1	SM(d18:1/16:0); [M+H]+ C39H80N2O6P1	LC-ESI	HCD; Velos	Commercial	Thomas Metz	Thomas Metz	M+H	703.575	0.0	1	N/A	N/A	N/A	N/A	N/A	1	Positive	PNNL-LIPIDS-POSITIVE	703.575	UPDATE-SINGLE-ANNOTATED-GOLD	Gold		N/A	N/A	N/A	N/A	N/A	N/A	N/A	N/A	N/A	mzspec:GNPS:GNPS-LIBRARY:CCMSLIB00010094355
CCMSLIB00003135417	1462	spectra_filtered.mgf	GNPS-NIST14-MATCHES.mgf	0.899442	2295210.0	0	65.3945	10	0.0462036	706.583	1	temp/spectra_filtered.mgf1462	1	Spectral Match to 1-Myristoyl-2-palmitoyl-sn-glycero-3-phosphocholine from NIST14	ESI	HCD	Isolated	Data from Gabriel Haddad	Data deposited by mjmeehan	M+H	706.537	0.0	1	69525800	N/A	N/A	N/A	N/A	3	Positive	GNPS-NIST14-MATCHES	706.537	UPDATE-SINGLE-ANNOTATED-BRONZE	Bronze		N/A	N/A	N/A	N/A	N/A	N/A	N/A	N/A	N/A	mzspec:GNPS:GNPS-LIBRARY:CCMSLIB00003135417
CCMSLIB00010067207	2268	spectra_filtered.mgf	PNNL-LIPIDS-POSITIVE.mgf	0.899164	13656100.0	0	1332.72	8	1.06842	800.617	1	temp/spectra_filtered.mgf2268	1	SM(d18:1/23:0); [M+H]+ C46H94N2O6P1	LC-ESI	HCD; Velos	Commercial	Thomas Metz	Thomas Metz	M+H	801.685	0.0	1	N/A	N/A	N/A	N/A	N/A	1	Positive	PNNL-LIPIDS-POSITIVE	801.685	UPDATE-SINGLE-ANNOTATED-GOLD	Gold		N/A	N/A	N/A	N/A	N/A	N/A	N/A	N/A	N/A	mzspec:GNPS:GNPS-LIBRARY:CCMSLIB00010067207
CCMSLIB00010095537	1936	spectra_filtered.mgf	PNNL-LIPIDS-POSITIVE.mgf	0.898863	19671100.0	0	2754.12	7	1.97894	716.56	1	temp/spectra_filtered.mgf1936	1	PC(15:0/16:1); [M+H]+ C39H77N1O8P1	LC-ESI	HCD; Velos	Commercial	Thomas Metz	Thomas Metz	M+H	718.539	0.0	1	N/A	N/A	N/A	N/A	N/A	1	Positive	PNNL-LIPIDS-POSITIVE	718.539	UPDATE-SINGLE-ANNOTATED-GOLD	Gold		N/A	N/A	N/A	N/A	N/A	N/A	N/A	N/A	N/A	mzspec:GNPS:GNPS-LIBRARY:CCMSLIB00010095537
CCMSLIB00013940615	1287	spectra_filtered.mgf	WFSR-LIBRARY.mgf	0.898853	828590.0	0	0.0	9	0.0	263.237	1	temp/spectra_filtered.mgf1287	1	"""2,4,6-Tri-tert-butylphenol_CE30"""	ESI	Orbitrap	Commercial	Federico Padilla-Gonzalez	"""Sjors Rasker, Wout Bergkamp"""	M+H	263.237	262.23	1	732-26-3	N/A	CC(C)(C)C1=CC(=C(O)C(=C1)C(C)(C)C)C(C)(C)C	"""InChI=1S/C18H30O/c1-16(2,3)12-10-13(17(4,5)6)15(19)14(11-12)18(7,8)9/h10-11,19H,1-9H3"""	N/A	1	Positive	WFSR-LIBRARY	263.237	UPDATE-SINGLE-ANNOTATED-GOLD	Gold		C18H30O	PFEFOYRSMXVNEL-UHFFFAOYSA-N	PFEFOYRSMXVNEL	Benzenoids	Benzene and substituted derivatives	Phenylpropanes	Flavonoids	Flavanones	Shikimates and Phenylpropanoids	mzspec:GNPS:GNPS-LIBRARY:CCMSLIB00013940615
CCMSLIB00010098985	1979	spectra_filtered.mgf	PNNL-LIPIDS-POSITIVE.mgf	0.898852	11321800.0	0	1.53242	6	0.0012207	796.585	1	temp/spectra_filtered.mgf1979	1	PC(17:0/20:4); [M+H]+ C45H83N1O8P1	LC-ESI	HCD; Velos	Commercial	Thomas Metz	Thomas Metz	M+H	796.586	0.0	1	N/A	N/A	N/A	N/A	N/A	1	Positive	PNNL-LIPIDS-POSITIVE	796.586	UPDATE-SINGLE-ANNOTATED-GOLD	Gold		N/A	N/A	N/A	N/A	N/A	N/A	N/A	N/A	N/A	mzspec:GNPS:GNPS-LIBRARY:CCMSLIB00010098985
CCMSLIB00010057537	2537	spectra_filtered.mgf	PNNL-LIPIDS-POSITIVE.mgf	0.898774	10412800.0	0	1270.32	9	0.982788	774.637	1	temp/spectra_filtered.mgf2537	1	SM(d18:1/21:0); [M+H]+ C44H90N2O6P1	LC-ESI	HCD; Velos	Commercial	Thomas Metz	Thomas Metz	M+H	773.654	0.0	1	N/A	N/A	N/A	N/A	N/A	1	Positive	PNNL-LIPIDS-POSITIVE	773.654	UPDATE-SINGLE-ANNOTATED-GOLD	Gold		N/A	N/A	N/A	N/A	N/A	N/A	N/A	N/A	N/A	mzspec:GNPS:GNPS-LIBRARY:CCMSLIB00010057537
CCMSLIB00006678077	1683	spectra_filtered.mgf	GNPS-LIBRARY.mgf	0.898474	4666790.0	0	47.1337	7	0.0350952	744.554	1	temp/spectra_filtered.mgf1683	1	PAF (o-16:0/18:2)	LC-ESI	Orbitrap	Other	S Ding	Su Ding	M+H	744.589	744.589	1	N/A	N/A	N/A	N/A	N/A	3	Positive	GNPS-LIBRARY	744.589	UPDATE-SINGLE-ANNOTATED-BRONZE	Bronze		N/A	N/A	N/A	N/A	N/A	N/A	N/A	N/A	N/A	mzspec:GNPS:GNPS-LIBRARY:CCMSLIB00006678077
CCMSLIB00010080259	1942	spectra_filtered.mgf	PNNL-LIPIDS-POSITIVE.mgf	0.897949	44800100.0	0	0.754838	9	0.000610352	808.585	1	temp/spectra_filtered.mgf1942	1	PC(18:1/20:4); [M+H]+ C46H83N1O8P1	LC-ESI	HCD; Velos	Commercial	Thomas Metz	Thomas Metz	M+H	808.586	0.0	1	N/A	N/A	N/A	N/A	N/A	1	Positive	PNNL-LIPIDS-POSITIVE	808.586	UPDATE-SINGLE-ANNOTATED-GOLD	Gold		N/A	N/A	N/A	N/A	N/A	N/A	N/A	N/A	N/A	mzspec:GNPS:GNPS-LIBRARY:CCMSLIB00010080259
CCMSLIB00010061954	2291	spectra_filtered.mgf	PNNL-LIPIDS-POSITIVE.mgf	0.897524	40480200.0	0	1243.29	8	0.94696	762.601	1	temp/spectra_filtered.mgf2291	1	SM(d18:0/20:0); [M+H]+ C43H90N2O6P1	LC-ESI	HCD; Velos	Commercial	Thomas Metz	Thomas Metz	M+H	761.654	0.0	1	N/A	N/A	N/A	N/A	N/A	1	Positive	PNNL-LIPIDS-POSITIVE	761.654	UPDATE-SINGLE-ANNOTATED-GOLD	Gold		N/A	N/A	N/A	N/A	N/A	N/A	N/A	N/A	N/A	mzspec:GNPS:GNPS-LIBRARY:CCMSLIB00010061954
CCMSLIB00003139412	377	spectra_filtered.mgf	GNPS-NIST14-MATCHES.mgf	0.897073	1763150.0	0	3202.4	8	0.983978	306.279	1	temp/spectra_filtered.mgf377	1	Spectral Match to 9Z,11E,13E-Octadecatrienoic acid ethyl ester from NIST14	ESI	qTof	Isolated	Data from Wolfender/Litaudon	Data deposited by pmallard	M+H	307.263	306.256	1	42021863	N/A	CCCC/C=C/C=C\C=C/CCCCCCCC(=O)OCC	InChI=1S/C20H34O2/c1-3-5-6-7-8-9-10-11-12-13-14-15-16-17-18-19-20(21)22-4-2/h7-12H,3-6,13-19H2,1-2H3/b8-7+,10-9-,12-11-	N/A	3	Positive	GNPS-NIST14-MATCHES	307.263	UPDATE-SINGLE-ANNOTATED-BRONZE	Bronze		C20H34O2	YVGCHYVFHLTZIM-JZEGGRRDSA-N	YVGCHYVFHLTZIM	Lipids and lipid-like molecules	Fatty Acyls	Lineolic acids and derivatives	Fatty esters	Wax monoesters	Fatty acids	mzspec:GNPS:GNPS-LIBRARY:CCMSLIB00003139412
CCMSLIB00010057147	2298	spectra_filtered.mgf	PNNL-LIPIDS-POSITIVE.mgf	0.89701	6093320.0	0	1337.33	6	1.06799	799.669	1	temp/spectra_filtered.mgf2298	1	PC(17:0/20:3); [M+H]+ C45H85N1O8P1	LC-ESI	HCD; Velos	Commercial	Thomas Metz	Thomas Metz	M+H	798.601	0.0	1	N/A	N/A	N/A	N/A	N/A	1	Positive	PNNL-LIPIDS-POSITIVE	798.601	UPDATE-SINGLE-ANNOTATED-GOLD	Gold		N/A	N/A	N/A	N/A	N/A	N/A	N/A	N/A	N/A	mzspec:GNPS:GNPS-LIBRARY:CCMSLIB00010057147
CCMSLIB00003138744	2136	spectra_filtered.mgf	GNPS-NIST14-MATCHES.mgf	0.896865	19847300.0	0	2389.49	8	1.99432	836.616	1	temp/spectra_filtered.mgf2136	1	Spectral Match to 1-Octadecanoyl-2-(4Z,7Z,10Z,13Z,16Z,19Z-docosahexaenoyl)-sn-glycero-3-phosphocholine from NIST14	ESI	HCD	Isolated	Data from McKerrow	Data deposited by lamccall	M+H	834.622	0.0	1	59403520	N/A	N/A	N/A	N/A	3	Positive	GNPS-NIST14-MATCHES	834.622	UPDATE-SINGLE-ANNOTATED-BRONZE	Bronze		N/A	N/A	N/A	N/A	N/A	N/A	N/A	N/A	N/A	mzspec:GNPS:GNPS-LIBRARY:CCMSLIB00003138744
CCMSLIB00003135404	316	spectra_filtered.mgf	GNPS-NIST14-MATCHES.mgf	0.896729	31911200.0	0	7461.4	7	1.97888	263.237	1	temp/spectra_filtered.mgf316	1	Spectral Match to 12(S)-Hydroxy-16-heptadecynoic acid from NIST14	ESI	qTof	Isolated	Data from Wolfender/Litaudon	Data deposited by pmallard	M+H-H2O	265.216	282.22	1	148019743	N/A	C#CCCC[C@H](CCCCCCCCCCC(=O)O)O	InChI=1S/C17H30O3/c1-2-3-10-13-16(18)14-11-8-6-4-5-7-9-12-15-17(19)20/h1,16,18H,3-15H2,(H,19,20)/t16-/m1/s1	N/A	3	Positive	GNPS-NIST14-MATCHES	265.216	UPDATE-SINGLE-ANNOTATED-BRONZE	Bronze		CH4	HBFCVDJQUPEEIC-MRXNPFEDSA-N	HBFCVDJQUPEEIC	Lipids and lipid-like molecules	Fatty Acyls	Fatty acids and conjugates				mzspec:GNPS:GNPS-LIBRARY:CCMSLIB00003135404
CCMSLIB00010084120	1856	spectra_filtered.mgf	PNNL-LIPIDS-POSITIVE.mgf	0.896727	29834200.0	0	0.528779	6	0.000366211	692.559	1	temp/spectra_filtered.mgf1856	1	PC(O-14:0/16:0); [M+H]+ C38H79N1O7P1	LC-ESI	HCD; Velos	Commercial	Thomas Metz	Thomas Metz	M+H	692.559	0.0	1	N/A	N/A	N/A	N/A	N/A	1	Positive	PNNL-LIPIDS-POSITIVE	692.559	UPDATE-SINGLE-ANNOTATED-GOLD	Gold		N/A	N/A	N/A	N/A	N/A	N/A	N/A	N/A	N/A	mzspec:GNPS:GNPS-LIBRARY:CCMSLIB00010084120
CCMSLIB00010082605	2239	spectra_filtered.mgf	PNNL-LIPIDS-POSITIVE.mgf	0.89582	4798700.0	0	1234.2	8	1.00293	813.62	1	temp/spectra_filtered.mgf2239	1	PC(18:0/20:3); [M+H]+ C46H87N1O8P1	LC-ESI	HCD; Velos	Commercial	Thomas Metz	Thomas Metz	M+H	812.617	0.0	1	N/A	N/A	N/A	N/A	N/A	1	Positive	PNNL-LIPIDS-POSITIVE	812.617	UPDATE-SINGLE-ANNOTATED-GOLD	Gold		N/A	N/A	N/A	N/A	N/A	N/A	N/A	N/A	N/A	mzspec:GNPS:GNPS-LIBRARY:CCMSLIB00010082605
CCMSLIB00003135134	2628	spectra_filtered.mgf	GNPS-NIST14-MATCHES.mgf	0.895794	450388.0	0	3682.87	7	0.984314	266.284	1	temp/spectra_filtered.mgf2628	1	Spectral Match to cis,cis-9,12-Octadecadien-1-ol from NIST14	ESI	HCD	Isolated	Data from Wolfender/Litaudon	Data deposited by pmallard	M+H	267.268	0.0	1	506434	N/A	N/A	N/A	N/A	3	Positive	GNPS-NIST14-MATCHES	267.268	UPDATE-SINGLE-ANNOTATED-BRONZE	Bronze		N/A	N/A	N/A	N/A	N/A	N/A	N/A	N/A	N/A	mzspec:GNPS:GNPS-LIBRARY:CCMSLIB00003135134
CCMSLIB00012336145	511	spectra_filtered.mgf	MSNLIB-POSITIVE.mgf	0.895759	1629010.0	0	294.574	7	0.127289	432.238	1	temp/spectra_filtered.mgf511	1	Ex229	ESI	Orbitrap	Crude	Tomas Pluskal	Corinna Brungs	[M+H]+	432.111	431.104	1	N/A	N/A	Cc1c(C(=O)O)cc(Oc2nc3c(cc(Cl)c(-c4cc5c(cc4)n(C)cc5)c3)[nH]2)cc1	InChI=1S/C24H18ClN3O3/c1-13-3-5-16(10-17(13)23(29)30)31-24-26-20-11-18(19(25)12-21(20)27-24)14-4-6-22-15(9-14)7-8-28(22)2/h3-12H,1-2H3,(H,26,27)(H,29,30)	FHWSAZXFPUMKFL-UHFFFAOYSA-N	1	Positive	MSNLIB-POSITIVE	432.111	UPDATE-SINGLE-ANNOTATED-GOLD	Gold		C24H18ClN3O3	FHWSAZXFPUMKFL-UHFFFAOYSA-N	FHWSAZXFPUMKFL	Organic oxygen compounds	Organooxygen compounds	Ethers	Tryptophan alkaloids	Simple indole alkaloids	Alkaloids	mzspec:GNPS:GNPS-LIBRARY:CCMSLIB00012336145
CCMSLIB00006678077	1997	spectra_filtered.mgf	GNPS-LIBRARY.mgf	0.89504	1683390.0	0	1358.52	7	1.01154	743.577	1	temp/spectra_filtered.mgf1997	1	PAF (o-16:0/18:2)	LC-ESI	Orbitrap	Other	S Ding	Su Ding	M+H	744.589	744.589	1	N/A	N/A	N/A	N/A	N/A	3	Positive	GNPS-LIBRARY	744.589	UPDATE-SINGLE-ANNOTATED-BRONZE	Bronze		N/A	N/A	N/A	N/A	N/A	N/A	N/A	N/A	N/A	mzspec:GNPS:GNPS-LIBRARY:CCMSLIB00006678077
CCMSLIB00003135060	2120	spectra_filtered.mgf	GNPS-NIST14-MATCHES.mgf	0.894929	165494000.0	0	2.18359	6	0.00177002	810.601	1	temp/spectra_filtered.mgf2120	1	Spectral Match to 1-Octadecanoyl-2-octadecenoyl-sn-glycero-3-phosphocholine from NIST14	ESI	Q-TOF	Isolated	Data from Gabriel Haddad	Data deposited by mjmeehan	M+Na	810.599	0.0	1	90242345	N/A	N/A	N/A	N/A	3	Positive	GNPS-NIST14-MATCHES	810.599	UPDATE-SINGLE-ANNOTATED-BRONZE	Bronze		N/A	N/A	N/A	N/A	N/A	N/A	N/A	N/A	N/A	mzspec:GNPS:GNPS-LIBRARY:CCMSLIB00003135060
CCMSLIB00003139642	738	spectra_filtered.mgf	GNPS-NIST14-MATCHES.mgf	0.894768	1038110.0	0	3353.48	6	0.983398	292.264	1	temp/spectra_filtered.mgf738	1	Spectral Match to 9Z,11E,13E-Octadecatrienoic acid methyl ester from NIST14	ESI	HCD	Isolated	Data from Wolfender/Litaudon	Data deposited by pmallard	M+H	293.247	0.0	1	4175477	N/A	N/A	N/A	N/A	3	Positive	GNPS-NIST14-MATCHES	293.247	UPDATE-SINGLE-ANNOTATED-BRONZE	Bronze		N/A	N/A	N/A	N/A	N/A	N/A	N/A	N/A	N/A	mzspec:GNPS:GNPS-LIBRARY:CCMSLIB00003139642
CCMSLIB00003135731	552	spectra_filtered.mgf	GNPS-NIST14-MATCHES.mgf	0.894718	3199950.0	0	4.03727	9	0.00088501	219.211	1	temp/spectra_filtered.mgf552	1	Spectral Match to Pinolenic acid ethyl ester from NIST14	ESI	IT/ion trap	Isolated	Data from Yoshihiro Kawaoka, Michael Diamond, Katrina Waters, Richard Smith and Thomas Metz	Data deposited by alchemistmatt	219.2	219.21	0.0	1	493015740	N/A	N/A	N/A	N/A	3	Positive	GNPS-NIST14-MATCHES	219.21	UPDATE-SINGLE-ANNOTATED-BRONZE	Bronze		N/A	N/A	N/A	N/A	N/A	N/A	N/A	N/A	N/A	mzspec:GNPS:GNPS-LIBRARY:CCMSLIB00003135731
CCMSLIB00012287158	572	spectra_filtered.mgf	MSNLIB-POSITIVE.mgf	0.894661	1012190.0	0	1.11811	16	0.000671387	600.469	1	temp/spectra_filtered.mgf572	1	Polidocanol	ESI	Orbitrap	Crude	Tomas Pluskal	Corinna Brungs	[M+NH4]+	600.468	582.434	1	N/A	N/A	CCCCCCCCCCCCOCCOCCOCCOCCOCCOCCOCCOCCOCCO	InChI=1S/C30H62O10/c1-2-3-4-5-6-7-8-9-10-11-13-32-15-17-34-19-21-36-23-25-38-27-29-40-30-28-39-26-24-37-22-20-35-18-16-33-14-12-31/h31H,2-30H2,1H3	ONJQDTZCDSESIW-UHFFFAOYSA-N	1	Positive	MSNLIB-POSITIVE	600.468	UPDATE-SINGLE-ANNOTATED-GOLD	Gold		C30H62O10	ONJQDTZCDSESIW-UHFFFAOYSA-N	ONJQDTZCDSESIW	Organic oxygen compounds	Organooxygen compounds	Ethers	Glycerolipids	Triacylglycerols	Fatty acids	mzspec:GNPS:GNPS-LIBRARY:CCMSLIB00012287158
CCMSLIB00010085033	2045	spectra_filtered.mgf	PNNL-LIPIDS-POSITIVE.mgf	0.894586	37090000.0	0	43.9384	8	0.0349121	794.605	1	temp/spectra_filtered.mgf2045	1	PC(17:1/20:4); [M+H]+ C45H81N1O8P1	LC-ESI	HCD; Velos	Commercial	Thomas Metz	Thomas Metz	M+H	794.57	0.0	1	N/A	N/A	N/A	N/A	N/A	1	Positive	PNNL-LIPIDS-POSITIVE	794.57	UPDATE-SINGLE-ANNOTATED-GOLD	Gold		N/A	N/A	N/A	N/A	N/A	N/A	N/A	N/A	N/A	mzspec:GNPS:GNPS-LIBRARY:CCMSLIB00010085033
CCMSLIB00010057211	2416	spectra_filtered.mgf	PNNL-LIPIDS-POSITIVE.mgf	0.894491	3525820.0	0	1290.51	10	1.03198	798.637	1	temp/spectra_filtered.mgf2416	1	SM(d17:1/24:1); [M+H]+ C46H92N2O6P1	LC-ESI	HCD; Velos	Commercial	Thomas Metz	Thomas Metz	M+H	799.669	0.0	1	N/A	N/A	N/A	N/A	N/A	1	Positive	PNNL-LIPIDS-POSITIVE	799.669	UPDATE-SINGLE-ANNOTATED-GOLD	Gold		N/A	N/A	N/A	N/A	N/A	N/A	N/A	N/A	N/A	mzspec:GNPS:GNPS-LIBRARY:CCMSLIB00010057211
CCMSLIB00013940615	609	spectra_filtered.mgf	WFSR-LIBRARY.mgf	0.894279	43909300.0	0	0.347796	9	9.15527e-05	263.237	1	temp/spectra_filtered.mgf609	1	"""2,4,6-Tri-tert-butylphenol_CE30"""	ESI	Orbitrap	Commercial	Federico Padilla-Gonzalez	"""Sjors Rasker, Wout Bergkamp"""	M+H	263.237	262.23	1	732-26-3	N/A	CC(C)(C)C1=CC(=C(O)C(=C1)C(C)(C)C)C(C)(C)C	"""InChI=1S/C18H30O/c1-16(2,3)12-10-13(17(4,5)6)15(19)14(11-12)18(7,8)9/h10-11,19H,1-9H3"""	N/A	1	Positive	WFSR-LIBRARY	263.237	UPDATE-SINGLE-ANNOTATED-GOLD	Gold		C18H30O	PFEFOYRSMXVNEL-UHFFFAOYSA-N	PFEFOYRSMXVNEL	Benzenoids	Benzene and substituted derivatives	Phenylpropanes	Flavonoids	Flavanones	Shikimates and Phenylpropanoids	mzspec:GNPS:GNPS-LIBRARY:CCMSLIB00013940615
CCMSLIB00012336145	1025	spectra_filtered.mgf	MSNLIB-POSITIVE.mgf	0.8941	731201.0	0	294.645	6	0.127319	432.238	1	temp/spectra_filtered.mgf1025	1	Ex229	ESI	Orbitrap	Crude	Tomas Pluskal	Corinna Brungs	[M+H]+	432.111	431.104	1	N/A	N/A	Cc1c(C(=O)O)cc(Oc2nc3c(cc(Cl)c(-c4cc5c(cc4)n(C)cc5)c3)[nH]2)cc1	InChI=1S/C24H18ClN3O3/c1-13-3-5-16(10-17(13)23(29)30)31-24-26-20-11-18(19(25)12-21(20)27-24)14-4-6-22-15(9-14)7-8-28(22)2/h3-12H,1-2H3,(H,26,27)(H,29,30)	FHWSAZXFPUMKFL-UHFFFAOYSA-N	1	Positive	MSNLIB-POSITIVE	432.111	UPDATE-SINGLE-ANNOTATED-GOLD	Gold		C24H18ClN3O3	FHWSAZXFPUMKFL-UHFFFAOYSA-N	FHWSAZXFPUMKFL	Organic oxygen compounds	Organooxygen compounds	Ethers	Tryptophan alkaloids	Simple indole alkaloids	Alkaloids	mzspec:GNPS:GNPS-LIBRARY:CCMSLIB00012336145
CCMSLIB00010091891	2341	spectra_filtered.mgf	PNNL-LIPIDS-POSITIVE.mgf	0.893314	116484000.0	0	1203.47	7	0.947937	788.617	1	temp/spectra_filtered.mgf2341	1	SM(d18:1/22:0); [M+H]+ C45H92N2O6P1	LC-ESI	HCD; Velos	Commercial	Thomas Metz	Thomas Metz	M+H	787.669	0.0	1	N/A	N/A	N/A	N/A	N/A	1	Positive	PNNL-LIPIDS-POSITIVE	787.669	UPDATE-SINGLE-ANNOTATED-GOLD	Gold		N/A	N/A	N/A	N/A	N/A	N/A	N/A	N/A	N/A	mzspec:GNPS:GNPS-LIBRARY:CCMSLIB00010091891
CCMSLIB00003135869	943	spectra_filtered.mgf	GNPS-NIST14-MATCHES.mgf	0.892666	18233100.0	0	16.5602	6	0.00939941	567.583	1	temp/spectra_filtered.mgf943	1	Spectral Match to Octadecanamide from NIST14	ESI	QqQ	Isolated	Data from McKerrow	Data deposited by lamccall	2M+H	567.592	0.0	1	124265	N/A	N/A	N/A	N/A	3	Positive	GNPS-NIST14-MATCHES	567.592	UPDATE-SINGLE-ANNOTATED-BRONZE	Bronze		N/A	N/A	N/A	N/A	N/A	N/A	N/A	N/A	N/A	mzspec:GNPS:GNPS-LIBRARY:CCMSLIB00003135869
CCMSLIB00006678212	3376	spectra_filtered.mgf	GNPS-LIBRARY.mgf	0.892518	14716700.0	0	2.71184	19	0.00250244	922.786	1	temp/spectra_filtered.mgf3376	1	TAG (16:0/18:1/22:6)	LC-ESI	Orbitrap	Other	S Ding	Su Ding	M+NH4	922.784	922.786	1	N/A	N/A	N/A	N/A	N/A	3	Positive	GNPS-LIBRARY	922.784	UPDATE-SINGLE-ANNOTATED-BRONZE	Bronze		N/A	N/A	N/A	N/A	N/A	N/A	N/A	N/A	N/A	mzspec:GNPS:GNPS-LIBRARY:CCMSLIB00006678212
CCMSLIB00010057537	2577	spectra_filtered.mgf	PNNL-LIPIDS-POSITIVE.mgf	0.892294	8108980.0	0	1270.56	8	0.982971	774.637	1	temp/spectra_filtered.mgf2577	1	SM(d18:1/21:0); [M+H]+ C44H90N2O6P1	LC-ESI	HCD; Velos	Commercial	Thomas Metz	Thomas Metz	M+H	773.654	0.0	1	N/A	N/A	N/A	N/A	N/A	1	Positive	PNNL-LIPIDS-POSITIVE	773.654	UPDATE-SINGLE-ANNOTATED-GOLD	Gold		N/A	N/A	N/A	N/A	N/A	N/A	N/A	N/A	N/A	mzspec:GNPS:GNPS-LIBRARY:CCMSLIB00010057537
CCMSLIB00012336145	865	spectra_filtered.mgf	MSNLIB-POSITIVE.mgf	0.891771	512120.0	0	294.716	6	0.12735	432.238	1	temp/spectra_filtered.mgf865	1	Ex229	ESI	Orbitrap	Crude	Tomas Pluskal	Corinna Brungs	[M+H]+	432.111	431.104	1	N/A	N/A	Cc1c(C(=O)O)cc(Oc2nc3c(cc(Cl)c(-c4cc5c(cc4)n(C)cc5)c3)[nH]2)cc1	InChI=1S/C24H18ClN3O3/c1-13-3-5-16(10-17(13)23(29)30)31-24-26-20-11-18(19(25)12-21(20)27-24)14-4-6-22-15(9-14)7-8-28(22)2/h3-12H,1-2H3,(H,26,27)(H,29,30)	FHWSAZXFPUMKFL-UHFFFAOYSA-N	1	Positive	MSNLIB-POSITIVE	432.111	UPDATE-SINGLE-ANNOTATED-GOLD	Gold		C24H18ClN3O3	FHWSAZXFPUMKFL-UHFFFAOYSA-N	FHWSAZXFPUMKFL	Organic oxygen compounds	Organooxygen compounds	Ethers	Tryptophan alkaloids	Simple indole alkaloids	Alkaloids	mzspec:GNPS:GNPS-LIBRARY:CCMSLIB00012336145
CCMSLIB00003139425	1749	spectra_filtered.mgf	GNPS-NIST14-MATCHES.mgf	0.890923	37327900.0	0	24.3671	7	0.0196533	806.57	1	temp/spectra_filtered.mgf1749	1	Spectral Match to 1-Palmitoyl-2-docosahexaenoyl-sn-glycero-3-phosphocholine from NIST14	ESI	qTof	Isolated	Data from McKerrow	Data deposited by lamccall	M+H	806.55	805.562	1	59403542	N/A	CCCCCCCCCCCCCCCC(=O)OC[C@H](COP(=O)([O-])OCC[N+](C)(C)C)OC(=O)CC/C=C\C/C=C\C/C=C\C/C=C\C/C=C\C/C=C\CC	InChI=1S/C46H80NO8P/c1-6-8-10-12-14-16-18-20-21-22-23-24-25-27-29-31-33-35-37-39-46(49)55-44(43-54-56(50,51)53-41-40-47(3,4)5)42-52-45(48)38-36-34-32-30-28-26-19-17-15-13-11-9-7-2/h8,10,14,16,20-21,23-24,27,29,33,35,44H,6-7,9,11-13,15,17-19,22,25-26,28,30-32,34,36-43H2,1-5H3/b10-8-,16-14-,21-20-,24-23-,29-27-,35-33-/t44-/m1/s1	N/A	3	Positive	GNPS-NIST14-MATCHES	806.55	UPDATE-SINGLE-ANNOTATED-BRONZE	Bronze		N/A	IESVDEZGAHUQJU-ZLBXKVHBSA-N	IESVDEZGAHUQJU	Lipids and lipid-like molecules	Glycerophospholipids	Glycerophosphocholines	N/A	N/A	N/A	mzspec:GNPS:GNPS-LIBRARY:CCMSLIB00003139425
CCMSLIB00010095413	2367	spectra_filtered.mgf	PNNL-LIPIDS-POSITIVE.mgf	0.890821	38285600.0	0	1203.55	6	0.947998	788.617	1	temp/spectra_filtered.mgf2367	1	SM(d18:1/22:0); [M+H]+ C45H92N2O6P1	LC-ESI	HCD; Velos	Commercial	Thomas Metz	Thomas Metz	M+H	787.669	0.0	1	N/A	N/A	N/A	N/A	N/A	1	Positive	PNNL-LIPIDS-POSITIVE	787.669	UPDATE-SINGLE-ANNOTATED-GOLD	Gold		N/A	N/A	N/A	N/A	N/A	N/A	N/A	N/A	N/A	mzspec:GNPS:GNPS-LIBRARY:CCMSLIB00010095413
CCMSLIB00012728788	1028	spectra_filtered.mgf	ECRFS_DB.mgf	0.890082	809015.0	0	0.115932	9	3.05176e-05	263.237	1	temp/spectra_filtered.mgf1028	1	"""2,4,6-Tri-tert-butylphenol"""	ESI	Orbitrap	Commercial	Federico Padilla	"""Sjors Rasker, Wout Bergkamp"""	M+H	263.237	262.23	1	732-26-3	N/A	CC(C)(C)c1cc(C(C)(C)C)cc(C(C)(C)C)c1O	PFEFOYRSMXVNEL-UHFFFAOYSA-N	N/A	1	Positive	ECRFS_DB	263.237	UPDATE-SINGLE-ANNOTATED-GOLD	Gold		C18H30O	PFEFOYRSMXVNEL-UHFFFAOYSA-N	PFEFOYRSMXVNEL	Benzenoids	Benzene and substituted derivatives	Phenylpropanes	Flavonoids	Flavanones	Shikimates and Phenylpropanoids	mzspec:GNPS:GNPS-LIBRARY:CCMSLIB00012728788
CCMSLIB00003139613	1716	spectra_filtered.mgf	GNPS-NIST14-MATCHES.mgf	0.890066	1229000.0	0	1162.51	6	0.837524	719.606	1	temp/spectra_filtered.mgf1716	1	Spectral Match to KDdiA-PC from NIST14	ESI	qTof	Isolated	Data from James McKerrow	Data deposited by lamccall	M+H	720.444	719.437	1	439904344	N/A	CCCCCCCCCCCCCCCC(=O)OCC(COP(=O)([O-])OCC[N+](C)(C)C)OC(=O)CCCCCCCC(=O)C=CC(=O)O	InChI=1S/C36H66NO11P/c1-5-6-7-8-9-10-11-12-13-14-15-18-21-24-35(41)45-30-33(31-47-49(43,44)46-29-28-37(2,3)4)48-36(42)25-22-19-16-17-20-23-32(38)26-27-34(39)40/h26-27,33H,5-25,28-31H2,1-4H3,(H-,39,40,43,44)	N/A	3	Positive	GNPS-NIST14-MATCHES	720.444	UPDATE-SINGLE-ANNOTATED-BRONZE	Bronze		N/A	XWKBYMQTSGGZLW-UHFFFAOYSA-N	XWKBYMQTSGGZLW	Lipids and lipid-like molecules	Glycerophospholipids	Glycerophosphocholines	N/A	N/A	N/A	mzspec:GNPS:GNPS-LIBRARY:CCMSLIB00003139613
CCMSLIB00003138744	1920	spectra_filtered.mgf	GNPS-NIST14-MATCHES.mgf	0.889855	16278800.0	0	25.3027	6	0.0211182	834.601	1	temp/spectra_filtered.mgf1920	1	Spectral Match to 1-Octadecanoyl-2-(4Z,7Z,10Z,13Z,16Z,19Z-docosahexaenoyl)-sn-glycero-3-phosphocholine from NIST14	ESI	HCD	Isolated	Data from McKerrow	Data deposited by lamccall	M+H	834.622	0.0	1	59403520	N/A	N/A	N/A	N/A	3	Positive	GNPS-NIST14-MATCHES	834.622	UPDATE-SINGLE-ANNOTATED-BRONZE	Bronze		N/A	N/A	N/A	N/A	N/A	N/A	N/A	N/A	N/A	mzspec:GNPS:GNPS-LIBRARY:CCMSLIB00003138744
CCMSLIB00010094339	1829	spectra_filtered.mgf	PNNL-LIPIDS-POSITIVE.mgf	0.889803	14730200.0	0	1426.92	6	0.983948	690.544	1	temp/spectra_filtered.mgf1829	1	SM(d18:1/15:0); [M+H]+ C38H78N2O6P1	LC-ESI	HCD; Velos	Commercial	Thomas Metz	Thomas Metz	M+H	689.56	0.0	1	N/A	N/A	N/A	N/A	N/A	1	Positive	PNNL-LIPIDS-POSITIVE	689.56	UPDATE-SINGLE-ANNOTATED-GOLD	Gold		N/A	N/A	N/A	N/A	N/A	N/A	N/A	N/A	N/A	mzspec:GNPS:GNPS-LIBRARY:CCMSLIB00010094339
CCMSLIB00003136849	793	spectra_filtered.mgf	GNPS-NIST14-MATCHES.mgf	0.889755	46224000.0	0	4150.4	12	1.17157	283.451	0	temp/spectra_filtered.mgf793	1	Spectral Match to 9-Octadecenamide, (Z)- from NIST14	ESI	QQQ	Isolated	Data from Wolfender/Litaudon	Data deposited by pmallard	M+H	282.279	281.272	1	301020	N/A	CCCCCCCC/C=C\CCCCCCCC(=O)N	InChI=1S/C18H35NO/c1-2-3-4-5-6-7-8-9-10-11-12-13-14-15-16-17-18(19)20/h9-10H,2-8,11-17H2,1H3,(H2,19,20)/b10-9-	N/A	3	Positive	GNPS-NIST14-MATCHES	282.279	UPDATE-SINGLE-ANNOTATED-BRONZE	Bronze		C18H35NO	FATBGEAMYMYZAF-KTKRTIGZSA-N	FATBGEAMYMYZAF	Lipids and lipid-like molecules	Fatty Acyls	Fatty amides	Fatty amides	Primary amides	Fatty acids	mzspec:GNPS:GNPS-LIBRARY:CCMSLIB00003136849
CCMSLIB00003135443	3035	spectra_filtered.mgf	GNPS-NIST14-MATCHES.mgf	0.889344	1949050.0	0	1.19721	6	0.000976562	815.701	1	temp/spectra_filtered.mgf3035	1	Spectral Match to N-Tetracosanoyl-4-sphingenyl-1-O-phosphorylcholine from NIST14	ESI	Q-TOF	Isolated	Data from Gabriel Haddad	Data deposited by mjmeehan	M+H	815.7	0.0	1	60037607	N/A	N/A	N/A	N/A	3	Positive	GNPS-NIST14-MATCHES	815.7	UPDATE-SINGLE-ANNOTATED-BRONZE	Bronze		N/A	N/A	N/A	N/A	N/A	N/A	N/A	N/A	N/A	mzspec:GNPS:GNPS-LIBRARY:CCMSLIB00003135443
CCMSLIB00012306020	651	spectra_filtered.mgf	MSNLIB-POSITIVE.mgf	0.88925	684247.0	0	168.432	8	0.0728149	432.238	1	temp/spectra_filtered.mgf651	1	glycodeoxycholic acid	ESI	Orbitrap	Crude	Tomas Pluskal	Corinna Brungs	[M+H-H2O]+	432.311	449.314	1	N/A	N/A	C[C@H](CCC(=O)NCC(=O)O)[C@H]1CC[C@H]2[C@@H]3CC[C@@H]4C[C@H](O)CC[C@]4(C)[C@H]3C[C@H](O)[C@]12C	InChI=1S/C26H43NO5/c1-15(4-9-23(30)27-14-24(31)32)19-7-8-20-18-6-5-16-12-17(28)10-11-25(16,2)21(18)13-22(29)26(19,20)3/h15-22,28-29H,4-14H2,1-3H3,(H,27,30)(H,31,32)/t15-,16-,17-,18+,19-,20+,21+,22+,25+,26-/m1/s1	WVULKSPCQVQLCU-BUXLTGKBSA-N	1	Positive	MSNLIB-POSITIVE	432.311	UPDATE-SINGLE-ANNOTATED-GOLD	Gold		C26H43NO5	WVULKSPCQVQLCU-BUXLTGKBSA-N	WVULKSPCQVQLCU	Lipids and lipid-like molecules	Steroids and steroid derivatives	Bile acids, alcohols and derivatives	Steroids	Cholane steroids	Terpenoids	mzspec:GNPS:GNPS-LIBRARY:CCMSLIB00012306020
CCMSLIB00010091789	2095	spectra_filtered.mgf	PNNL-LIPIDS-POSITIVE.mgf	0.888761	4210800.0	0	0.993559	8	0.000793457	798.6	1	temp/spectra_filtered.mgf2095	1	PC(17:0/20:3); [M+H]+ C45H85N1O8P1	LC-ESI	HCD; Velos	Commercial	Thomas Metz	Thomas Metz	M+H	798.601	0.0	1	N/A	N/A	N/A	N/A	N/A	1	Positive	PNNL-LIPIDS-POSITIVE	798.601	UPDATE-SINGLE-ANNOTATED-GOLD	Gold		N/A	N/A	N/A	N/A	N/A	N/A	N/A	N/A	N/A	mzspec:GNPS:GNPS-LIBRARY:CCMSLIB00010091789
CCMSLIB00003138744	2146	spectra_filtered.mgf	GNPS-NIST14-MATCHES.mgf	0.888134	13576800.0	0	2389.64	6	1.99445	836.616	1	temp/spectra_filtered.mgf2146	1	Spectral Match to 1-Octadecanoyl-2-(4Z,7Z,10Z,13Z,16Z,19Z-docosahexaenoyl)-sn-glycero-3-phosphocholine from NIST14	ESI	HCD	Isolated	Data from McKerrow	Data deposited by lamccall	M+H	834.622	0.0	1	59403520	N/A	N/A	N/A	N/A	3	Positive	GNPS-NIST14-MATCHES	834.622	UPDATE-SINGLE-ANNOTATED-BRONZE	Bronze		N/A	N/A	N/A	N/A	N/A	N/A	N/A	N/A	N/A	mzspec:GNPS:GNPS-LIBRARY:CCMSLIB00003138744
CCMSLIB00003139425	1706	spectra_filtered.mgf	GNPS-NIST14-MATCHES.mgf	0.887593	9296010.0	0	24.7455	7	0.0199585	806.57	1	temp/spectra_filtered.mgf1706	1	Spectral Match to 1-Palmitoyl-2-docosahexaenoyl-sn-glycero-3-phosphocholine from NIST14	ESI	qTof	Isolated	Data from McKerrow	Data deposited by lamccall	M+H	806.55	805.562	1	59403542	N/A	CCCCCCCCCCCCCCCC(=O)OC[C@H](COP(=O)([O-])OCC[N+](C)(C)C)OC(=O)CC/C=C\C/C=C\C/C=C\C/C=C\C/C=C\C/C=C\CC	InChI=1S/C46H80NO8P/c1-6-8-10-12-14-16-18-20-21-22-23-24-25-27-29-31-33-35-37-39-46(49)55-44(43-54-56(50,51)53-41-40-47(3,4)5)42-52-45(48)38-36-34-32-30-28-26-19-17-15-13-11-9-7-2/h8,10,14,16,20-21,23-24,27,29,33,35,44H,6-7,9,11-13,15,17-19,22,25-26,28,30-32,34,36-43H2,1-5H3/b10-8-,16-14-,21-20-,24-23-,29-27-,35-33-/t44-/m1/s1	N/A	3	Positive	GNPS-NIST14-MATCHES	806.55	UPDATE-SINGLE-ANNOTATED-BRONZE	Bronze		N/A	IESVDEZGAHUQJU-ZLBXKVHBSA-N	IESVDEZGAHUQJU	Lipids and lipid-like molecules	Glycerophospholipids	Glycerophosphocholines	N/A	N/A	N/A	mzspec:GNPS:GNPS-LIBRARY:CCMSLIB00003139425
CCMSLIB00003138744	2048	spectra_filtered.mgf	GNPS-NIST14-MATCHES.mgf	0.8873	23654500.0	0	25.7414	6	0.0214844	834.601	1	temp/spectra_filtered.mgf2048	1	Spectral Match to 1-Octadecanoyl-2-(4Z,7Z,10Z,13Z,16Z,19Z-docosahexaenoyl)-sn-glycero-3-phosphocholine from NIST14	ESI	HCD	Isolated	Data from McKerrow	Data deposited by lamccall	M+H	834.622	0.0	1	59403520	N/A	N/A	N/A	N/A	3	Positive	GNPS-NIST14-MATCHES	834.622	UPDATE-SINGLE-ANNOTATED-BRONZE	Bronze		N/A	N/A	N/A	N/A	N/A	N/A	N/A	N/A	N/A	mzspec:GNPS:GNPS-LIBRARY:CCMSLIB00003138744
CCMSLIB00010077245	2334	spectra_filtered.mgf	PNNL-LIPIDS-POSITIVE.mgf	0.887106	5333810.0	0	0.873352	7	0.000732422	838.632	1	temp/spectra_filtered.mgf2334	1	PC(18:0/22:4); [M+H]+ C48H89N1O8P1	LC-ESI	HCD; Velos	Commercial	Thomas Metz	Thomas Metz	M+H	838.633	0.0	1	N/A	N/A	N/A	N/A	N/A	1	Positive	PNNL-LIPIDS-POSITIVE	838.633	UPDATE-SINGLE-ANNOTATED-GOLD	Gold		N/A	N/A	N/A	N/A	N/A	N/A	N/A	N/A	N/A	mzspec:GNPS:GNPS-LIBRARY:CCMSLIB00010077245
CCMSLIB00010077270	2142	spectra_filtered.mgf	PNNL-LIPIDS-POSITIVE.mgf	0.886487	115863000.0	0	1316.1	6	1.06824	810.601	1	temp/spectra_filtered.mgf2142	1	SM(d18:2/24:1); [M+H]+ C47H92N2O6P1	LC-ESI	HCD; Velos	Commercial	Thomas Metz	Thomas Metz	M+H	811.669	0.0	1	N/A	N/A	N/A	N/A	N/A	1	Positive	PNNL-LIPIDS-POSITIVE	811.669	UPDATE-SINGLE-ANNOTATED-GOLD	Gold		N/A	N/A	N/A	N/A	N/A	N/A	N/A	N/A	N/A	mzspec:GNPS:GNPS-LIBRARY:CCMSLIB00010077270
CCMSLIB00010056417	1830	spectra_filtered.mgf	PNNL-LIPIDS-POSITIVE.mgf	0.886105	23235000.0	0	0.879695	10	0.000732422	832.585	1	temp/spectra_filtered.mgf1830	1	PC(18:1/22:6); [M+H]+ C48H83N1O8P1	LC-ESI	HCD; Velos	Commercial	Thomas Metz	Thomas Metz	M+H	832.586	0.0	1	N/A	N/A	N/A	N/A	N/A	1	Positive	PNNL-LIPIDS-POSITIVE	832.586	UPDATE-SINGLE-ANNOTATED-GOLD	Gold		N/A	N/A	N/A	N/A	N/A	N/A	N/A	N/A	N/A	mzspec:GNPS:GNPS-LIBRARY:CCMSLIB00010056417
CCMSLIB00003134551	2286	spectra_filtered.mgf	GNPS-NIST14-MATCHES.mgf	0.88595	79665400.0	0	2.77964	8	0.0020752	746.571	1	temp/spectra_filtered.mgf2286	1	Spectral Match to 1-Hexadecyl-2-(9Z-octadecenoyl)-sn-glycero-3-phosphocholine from NIST14	ESI	qTof	Isolated	Data from Gabriel Haddad	Data deposited by mjmeehan	M+H	746.569	745.599	1	95403342	N/A	CCCCCCCCCCCCCCCCOC[C@H](COP(=O)([O-])OCC[N+](C)(C)C)OC(=O)CCCCCCC/C=C\CCCCCCCC	InChI=1S/C42H84NO7P/c1-6-8-10-12-14-16-18-20-22-23-25-27-29-31-33-35-42(44)50-41(40-49-51(45,46)48-38-36-43(3,4)5)39-47-37-34-32-30-28-26-24-21-19-17-15-13-11-9-7-2/h20,22,41H,6-19,21,23-40H2,1-5H3/b22-20-/t41-/m1/s1	N/A	3	Positive	GNPS-NIST14-MATCHES	746.569	UPDATE-SINGLE-ANNOTATED-BRONZE	Bronze		N/A	SIEDNCDNGMIKST-IYEJTHTFSA-N	SIEDNCDNGMIKST	Lipids and lipid-like molecules	Glycerophospholipids	Glycerophosphocholines	N/A	N/A	N/A	mzspec:GNPS:GNPS-LIBRARY:CCMSLIB00003134551
CCMSLIB00010077245	2310	spectra_filtered.mgf	PNNL-LIPIDS-POSITIVE.mgf	0.885825	5617060.0	0	0.873352	8	0.000732422	838.632	1	temp/spectra_filtered.mgf2310	1	PC(18:0/22:4); [M+H]+ C48H89N1O8P1	LC-ESI	HCD; Velos	Commercial	Thomas Metz	Thomas Metz	M+H	838.633	0.0	1	N/A	N/A	N/A	N/A	N/A	1	Positive	PNNL-LIPIDS-POSITIVE	838.633	UPDATE-SINGLE-ANNOTATED-GOLD	Gold		N/A	N/A	N/A	N/A	N/A	N/A	N/A	N/A	N/A	mzspec:GNPS:GNPS-LIBRARY:CCMSLIB00010077245
CCMSLIB00010085693	1719	spectra_filtered.mgf	PNNL-LIPIDS-POSITIVE.mgf	0.885756	5242700.0	0	0.245926	8	0.000183105	744.554	1	temp/spectra_filtered.mgf1719	1	PC(16:1/17:1); [M+H]+ C41H79N1O8P1	LC-ESI	HCD; Velos	Commercial	Thomas Metz	Thomas Metz	M+H	744.554	0.0	1	N/A	N/A	N/A	N/A	N/A	1	Positive	PNNL-LIPIDS-POSITIVE	744.554	UPDATE-SINGLE-ANNOTATED-GOLD	Gold		N/A	N/A	N/A	N/A	N/A	N/A	N/A	N/A	N/A	mzspec:GNPS:GNPS-LIBRARY:CCMSLIB00010085693
CCMSLIB00010057109	1934	spectra_filtered.mgf	PNNL-LIPIDS-POSITIVE.mgf	0.885626	4180030.0	0	38.5302	7	0.0276489	717.563	1	temp/spectra_filtered.mgf1934	1	SM(d18:1/17:0); [M+H]+ C40H82N2O6P1	LC-ESI	HCD; Velos	Commercial	Thomas Metz	Thomas Metz	M+H	717.591	0.0	1	N/A	N/A	N/A	N/A	N/A	1	Positive	PNNL-LIPIDS-POSITIVE	717.591	UPDATE-SINGLE-ANNOTATED-GOLD	Gold		N/A	N/A	N/A	N/A	N/A	N/A	N/A	N/A	N/A	mzspec:GNPS:GNPS-LIBRARY:CCMSLIB00010057109
CCMSLIB00010095389	2281	spectra_filtered.mgf	PNNL-LIPIDS-POSITIVE.mgf	0.884925	19357100.0	0	44.2103	9	0.0352173	796.621	1	temp/spectra_filtered.mgf2281	1	PC(17:0/20:4); [M+H]+ C45H83N1O8P1	LC-ESI	HCD; Velos	Commercial	Thomas Metz	Thomas Metz	M+H	796.586	0.0	1	N/A	N/A	N/A	N/A	N/A	1	Positive	PNNL-LIPIDS-POSITIVE	796.586	UPDATE-SINGLE-ANNOTATED-GOLD	Gold		N/A	N/A	N/A	N/A	N/A	N/A	N/A	N/A	N/A	mzspec:GNPS:GNPS-LIBRARY:CCMSLIB00010095389
CCMSLIB00003135294	50	spectra_filtered.mgf	GNPS-NIST14-MATCHES.mgf	0.884209	64265400.0	0	5747.03	7	0.983322	170.118	1	temp/spectra_filtered.mgf50	1	Spectral Match to Azelaic acid from NIST14	ESI	qTof	Isolated	Data from Christopher A. Lowry	Data deposited by fevargas	M+H-H2O	171.101	188.105	1	123999	N/A	C(CCCC(=O)O)CCCC(=O)O	InChI=1S/C9H16O4/c10-8(11)6-4-2-1-3-5-7-9(12)13/h1-7H2,(H,10,11)(H,12,13)	N/A	3	Positive	GNPS-NIST14-MATCHES	171.101	UPDATE-SINGLE-ANNOTATED-BRONZE	Bronze		C9H16O4	BDJRBEYXGGNYIS-UHFFFAOYSA-N	BDJRBEYXGGNYIS	Lipids and lipid-like molecules	Fatty Acyls	Fatty acids and conjugates	Fatty Acids and Conjugates	Dicarboxylic acids	Fatty acids	mzspec:GNPS:GNPS-LIBRARY:CCMSLIB00003135294
CCMSLIB00012336145	1285	spectra_filtered.mgf	MSNLIB-POSITIVE.mgf	0.88408	351524.0	0	294.645	6	0.127319	432.238	1	temp/spectra_filtered.mgf1285	1	Ex229	ESI	Orbitrap	Crude	Tomas Pluskal	Corinna Brungs	[M+H]+	432.111	431.104	1	N/A	N/A	Cc1c(C(=O)O)cc(Oc2nc3c(cc(Cl)c(-c4cc5c(cc4)n(C)cc5)c3)[nH]2)cc1	InChI=1S/C24H18ClN3O3/c1-13-3-5-16(10-17(13)23(29)30)31-24-26-20-11-18(19(25)12-21(20)27-24)14-4-6-22-15(9-14)7-8-28(22)2/h3-12H,1-2H3,(H,26,27)(H,29,30)	FHWSAZXFPUMKFL-UHFFFAOYSA-N	1	Positive	MSNLIB-POSITIVE	432.111	UPDATE-SINGLE-ANNOTATED-GOLD	Gold		C24H18ClN3O3	FHWSAZXFPUMKFL-UHFFFAOYSA-N	FHWSAZXFPUMKFL	Organic oxygen compounds	Organooxygen compounds	Ethers	Tryptophan alkaloids	Simple indole alkaloids	Alkaloids	mzspec:GNPS:GNPS-LIBRARY:CCMSLIB00012336145
CCMSLIB00010080259	1900	spectra_filtered.mgf	PNNL-LIPIDS-POSITIVE.mgf	0.882794	72722500.0	0	0.830322	6	0.000671387	808.585	1	temp/spectra_filtered.mgf1900	1	PC(18:1/20:4); [M+H]+ C46H83N1O8P1	LC-ESI	HCD; Velos	Commercial	Thomas Metz	Thomas Metz	M+H	808.586	0.0	1	N/A	N/A	N/A	N/A	N/A	1	Positive	PNNL-LIPIDS-POSITIVE	808.586	UPDATE-SINGLE-ANNOTATED-GOLD	Gold		N/A	N/A	N/A	N/A	N/A	N/A	N/A	N/A	N/A	mzspec:GNPS:GNPS-LIBRARY:CCMSLIB00010080259
CCMSLIB00003139542	498	spectra_filtered.mgf	GNPS-NIST14-MATCHES.mgf	0.882334	3497730.0	0	5201.94	6	0.983749	188.128	1	temp/spectra_filtered.mgf498	1	Spectral Match to Azelaic acid from NIST14	ESI	Q-TOF	Isolated	Data from Chris Turck	Data deposited by fevargas	M+H	189.112	0.0	1	123999	N/A	N/A	N/A	N/A	3	Positive	GNPS-NIST14-MATCHES	189.112	UPDATE-SINGLE-ANNOTATED-BRONZE	Bronze		N/A	N/A	N/A	N/A	N/A	N/A	N/A	N/A	N/A	mzspec:GNPS:GNPS-LIBRARY:CCMSLIB00003139542
CCMSLIB00010056006	1996	spectra_filtered.mgf	PNNL-LIPIDS-POSITIVE.mgf	0.881071	9475160.0	0	47.2638	6	0.0350952	742.574	1	temp/spectra_filtered.mgf1996	1	PC(16:1/17:2); [M+H]+ C41H77N1O8P1	LC-ESI	HCD; Lumos	Commercial	Thomas Metz	Thomas Metz	M+H	742.539	0.0	1	N/A	N/A	N/A	N/A	N/A	1	Positive	PNNL-LIPIDS-POSITIVE	742.539	UPDATE-SINGLE-ANNOTATED-GOLD	Gold		N/A	N/A	N/A	N/A	N/A	N/A	N/A	N/A	N/A	mzspec:GNPS:GNPS-LIBRARY:CCMSLIB00010056006
CCMSLIB00003135404	438	spectra_filtered.mgf	GNPS-NIST14-MATCHES.mgf	0.881003	26478200.0	0	7461.51	7	1.97891	263.237	1	temp/spectra_filtered.mgf438	1	Spectral Match to 12(S)-Hydroxy-16-heptadecynoic acid from NIST14	ESI	qTof	Isolated	Data from Wolfender/Litaudon	Data deposited by pmallard	M+H-H2O	265.216	282.22	1	148019743	N/A	C#CCCC[C@H](CCCCCCCCCCC(=O)O)O	InChI=1S/C17H30O3/c1-2-3-10-13-16(18)14-11-8-6-4-5-7-9-12-15-17(19)20/h1,16,18H,3-15H2,(H,19,20)/t16-/m1/s1	N/A	3	Positive	GNPS-NIST14-MATCHES	265.216	UPDATE-SINGLE-ANNOTATED-BRONZE	Bronze		CH4	HBFCVDJQUPEEIC-MRXNPFEDSA-N	HBFCVDJQUPEEIC	Lipids and lipid-like molecules	Fatty Acyls	Fatty acids and conjugates				mzspec:GNPS:GNPS-LIBRARY:CCMSLIB00003135404
CCMSLIB00010092539	1746	spectra_filtered.mgf	PNNL-LIPIDS-POSITIVE.mgf	0.880736	7470520.0	0	2567.38	9	1.95789	764.559	1	temp/spectra_filtered.mgf1746	1	PC(16:0/18:0); [M+H]+ C42H85N1O8P1	LC-ESI	HCD; Velos	Commercial	Thomas Metz	Thomas Metz	M+H	762.601	0.0	1	N/A	N/A	N/A	N/A	N/A	1	Positive	PNNL-LIPIDS-POSITIVE	762.601	UPDATE-SINGLE-ANNOTATED-GOLD	Gold		N/A	N/A	N/A	N/A	N/A	N/A	N/A	N/A	N/A	mzspec:GNPS:GNPS-LIBRARY:CCMSLIB00010092539
CCMSLIB00010100001	2209	spectra_filtered.mgf	PNNL-LIPIDS-POSITIVE.mgf	0.880437	10689800.0	0	42.3222	6	0.034729	820.621	1	temp/spectra_filtered.mgf2209	1	PC(17:0/22:6); [M+H]+ C47H83N1O8P1	LC-ESI	HCD; Velos	Commercial	Thomas Metz	Thomas Metz	M+H	820.586	0.0	1	N/A	N/A	N/A	N/A	N/A	1	Positive	PNNL-LIPIDS-POSITIVE	820.586	UPDATE-SINGLE-ANNOTATED-GOLD	Gold		N/A	N/A	N/A	N/A	N/A	N/A	N/A	N/A	N/A	mzspec:GNPS:GNPS-LIBRARY:CCMSLIB00010100001
CCMSLIB00017431561	1657	spectra_filtered.mgf	GNPS-ION-MOBILITY-LIBRARY.mgf	0.880117	15265800.0	0	0.257903	6	0.00012207	473.318	1	temp/spectra_filtered.mgf1657	1	C23 3a, 7a_4-hydroxybenzaldehyde [CCS=232.69866943359375]	LC-ESI	ToF	Crude	Pieter Dorrestein	victoriadeleray	[M+H]+	473.318	472.311	1	N/A	N/A	C/C(C=O)=C\C=COC(=O)C[C@@H](C)[C@H]1CC[C@H]2[C@@H]3[C@H](O)C[C@@H]4C[C@H](O)CC[C@]4(C)[C@H]3CC[C@]12C	InChI=1S/C29H44O5/c1-18(17-30)6-5-13-34-26(33)14-19(2)22-7-8-23-27-24(10-12-29(22,23)4)28(3)11-9-21(31)15-20(28)16-25(27)32/h5-6,13,17,19-25,27,31-32H,7-12,14-16H2,1-4H3/b13-5?,18-6+/t19-,20+,21-,22-,23+,24+,25-,27+,28+,29-/m1/s1	N/A	1	Positive	GNPS-ION-MOBILITY-LIBRARY	473.318	UPDATE-SINGLE-ANNOTATED-GOLD	Gold		C29H44O5	PFMHMEHWCQNTEA-UMHMROPTSA-N	PFMHMEHWCQNTEA	N/A	N/A	N/A	Steroids	Cholestane steroids	Terpenoids	mzspec:GNPS:GNPS-LIBRARY:CCMSLIB00017431561
CCMSLIB00010070819	2615	spectra_filtered.mgf	PNNL-LIPIDS-POSITIVE.mgf	0.879938	1224530.0	0	1033.07	6	0.855957	827.698	1	temp/spectra_filtered.mgf2615	1	PC(20:4/20:5); [M+H]+ C48H79N1O8P1	LC-ESI	HCD; Velos	Commercial	Thomas Metz	Thomas Metz	M+H	828.554	0.0	1	N/A	N/A	N/A	N/A	N/A	1	Positive	PNNL-LIPIDS-POSITIVE	828.554	UPDATE-SINGLE-ANNOTATED-GOLD	Gold		N/A	N/A	N/A	N/A	N/A	N/A	N/A	N/A	N/A	mzspec:GNPS:GNPS-LIBRARY:CCMSLIB00010070819
CCMSLIB00006678169	3447	spectra_filtered.mgf	GNPS-LIBRARY.mgf	0.879896	9818720.0	0	4.08918	17	0.003479	850.786	1	temp/spectra_filtered.mgf3447	1	TAG (16:0/16:0/18:1)	LC-ESI	Orbitrap	Other	S Ding	Su Ding	M+NH4	850.783	850.784	1	N/A	N/A	N/A	N/A	N/A	3	Positive	GNPS-LIBRARY	850.783	UPDATE-SINGLE-ANNOTATED-BRONZE	Bronze		N/A	N/A	N/A	N/A	N/A	N/A	N/A	N/A	N/A	mzspec:GNPS:GNPS-LIBRARY:CCMSLIB00006678169
CCMSLIB00011436270	993	spectra_filtered.mgf	ECG-ACYL-AMIDES-C4-C24-LIBRARY.mgf	0.879374	1743170.0	0	335.451	6	0.154449	460.27	1	temp/spectra_filtered.mgf993	1	spermidine-C20:1	ESI	Orbitrap	Commercial	Dorrestein	Ipsita	M+Na	460.424	437.435	1	N/A	N/A	O=C(NCCCCNCCCN)CCCCCCCCCC=CCCCCCCCC	InChI=1S/C27H55N3O/c1-2-3-4-5-6-7-8-9-10-11-12-13-14-15-16-17-18-22-27(31)30-26-20-19-24-29-25-21-23-28/h9-10,29H,2-8,11-26,28H2,1H3,(H,30,31)	N/A	1	Positive	ECG-ACYL-AMIDES-C4-C24-LIBRARY	460.424	UPDATE-SINGLE-ANNOTATED-GOLD	Gold		C27H55N3O	CICDRLGIBLNZJW-UHFFFAOYSA-N	CICDRLGIBLNZJW	Lipids and lipid-like molecules	Fatty Acyls	Fatty amides	Ornithine alkaloids|Fatty amides	N-acyl amines|Polyamines	Alkaloids|Fatty acids	mzspec:GNPS:GNPS-LIBRARY:CCMSLIB00011436270
CCMSLIB00010101873	2029	spectra_filtered.mgf	PNNL-LIPIDS-POSITIVE.mgf	0.878986	2489590.0	0	2411.59	6	1.979	822.601	1	temp/spectra_filtered.mgf2029	1	PC(O-18:0/22:6); [M+H]+ C48H87N1O7P1	LC-ESI	HCD; Velos	Commercial	Thomas Metz	Thomas Metz	M+H	820.622	0.0	1	N/A	N/A	N/A	N/A	N/A	1	Positive	PNNL-LIPIDS-POSITIVE	820.622	UPDATE-SINGLE-ANNOTATED-GOLD	Gold		N/A	N/A	N/A	N/A	N/A	N/A	N/A	N/A	N/A	mzspec:GNPS:GNPS-LIBRARY:CCMSLIB00010101873
CCMSLIB00010095057	2252	spectra_filtered.mgf	PNNL-LIPIDS-POSITIVE.mgf	0.878965	17256300.0	0	2485.58	7	1.97998	794.606	1	temp/spectra_filtered.mgf2252	1	PC(17:0/20:4); [M+H]+ C45H83N1O8P1	LC-ESI	HCD; Velos	Commercial	Thomas Metz	Thomas Metz	M+H	796.586	0.0	1	N/A	N/A	N/A	N/A	N/A	1	Positive	PNNL-LIPIDS-POSITIVE	796.586	UPDATE-SINGLE-ANNOTATED-GOLD	Gold		N/A	N/A	N/A	N/A	N/A	N/A	N/A	N/A	N/A	mzspec:GNPS:GNPS-LIBRARY:CCMSLIB00010095057
CCMSLIB00010077741	2648	spectra_filtered.mgf	PNNL-LIPIDS-POSITIVE.mgf	0.878882	14166400.0	0	1.20163	9	0.000976562	812.697	1	temp/spectra_filtered.mgf2648	1	GalCer(d18:1/24:0); [M+H]+ C48H94N1O8	LC-ESI	HCD; Velos	Commercial	Thomas Metz	Thomas Metz	M+H	812.698	0.0	1	N/A	N/A	N/A	N/A	N/A	1	Positive	PNNL-LIPIDS-POSITIVE	812.698	UPDATE-SINGLE-ANNOTATED-GOLD	Gold		N/A	N/A	N/A	N/A	N/A	N/A	N/A	N/A	N/A	mzspec:GNPS:GNPS-LIBRARY:CCMSLIB00010077741
CCMSLIB00010100685	3061	spectra_filtered.mgf	PNNL-LIPIDS-POSITIVE.mgf	0.878819	4777030.0	0	3119.01	12	1.97937	632.635	1	temp/spectra_filtered.mgf3061	1	Cer(d18:1/23:1); [M+H]+ C41H80N1O3	LC-ESI	HCD; Velos	Commercial	Thomas Metz	Thomas Metz	M+H	634.614	0.0	1	N/A	N/A	N/A	N/A	N/A	1	Positive	PNNL-LIPIDS-POSITIVE	634.614	UPDATE-SINGLE-ANNOTATED-GOLD	Gold		N/A	N/A	N/A	N/A	N/A	N/A	N/A	N/A	N/A	mzspec:GNPS:GNPS-LIBRARY:CCMSLIB00010100685
CCMSLIB00010081394	1615	spectra_filtered.mgf	PNNL-LIPIDS-POSITIVE.mgf	0.878596	30542900.0	0	0.0	6	0.0	780.554	1	temp/spectra_filtered.mgf1615	1	PC(16:1/20:4); [M+H]+ C44H79N1O8P1	LC-ESI	HCD; Velos	Commercial	Thomas Metz	Thomas Metz	M+H	780.554	0.0	1	N/A	N/A	N/A	N/A	N/A	1	Positive	PNNL-LIPIDS-POSITIVE	780.554	UPDATE-SINGLE-ANNOTATED-GOLD	Gold		N/A	N/A	N/A	N/A	N/A	N/A	N/A	N/A	N/A	mzspec:GNPS:GNPS-LIBRARY:CCMSLIB00010081394
CCMSLIB00010088641	2306	spectra_filtered.mgf	PNNL-LIPIDS-POSITIVE.mgf	0.877699	3907790.0	0	43.1089	8	0.0354614	822.636	1	temp/spectra_filtered.mgf2306	1	PC(19:1/20:4); [M+H]+ C47H85N1O8P1	LC-ESI	HCD; Velos	Commercial	Thomas Metz	Thomas Metz	M+H	822.601	0.0	1	N/A	N/A	N/A	N/A	N/A	1	Positive	PNNL-LIPIDS-POSITIVE	822.601	UPDATE-SINGLE-ANNOTATED-GOLD	Gold		N/A	N/A	N/A	N/A	N/A	N/A	N/A	N/A	N/A	mzspec:GNPS:GNPS-LIBRARY:CCMSLIB00010088641
CCMSLIB00006678166	3452	spectra_filtered.mgf	GNPS-LIBRARY.mgf	0.877481	20368500.0	0	3.82862	14	0.00335693	876.802	1	temp/spectra_filtered.mgf3452	1	TAG (16:0/18:1/18:1)	LC-ESI	Orbitrap	Other	S Ding	Su Ding	M+NH4	876.799	876.8	1	N/A	N/A	N/A	N/A	N/A	3	Positive	GNPS-LIBRARY	876.799	UPDATE-SINGLE-ANNOTATED-BRONZE	Bronze		N/A	N/A	N/A	N/A	N/A	N/A	N/A	N/A	N/A	mzspec:GNPS:GNPS-LIBRARY:CCMSLIB00006678166
CCMSLIB00003136045	1684	spectra_filtered.mgf	GNPS-NIST14-MATCHES.mgf	0.877367	1381520.0	0	106.999	17	0.0395203	369.392	1	temp/spectra_filtered.mgf1684	1	Spectral Match to Cholesterol from NIST14	ESI	qTof	Isolated	Data from Gabriel Haddad	Data deposited by mjmeehan	M+H-H2O	369.352	386.355	1	57885	N/A	C[C@H](CCCC(C)C)[C@H]1CC[C@@H]2[C@@]1(CC[C@H]3[C@H]2CC=C4[C@@]3(CC[C@@H](C4)O)C)C	InChI=1S/C27H46O/c1-18(2)7-6-8-19(3)23-11-12-24-22-10-9-20-17-21(28)13-15-26(20,4)25(22)14-16-27(23,24)5/h9,18-19,21-25,28H,6-8,10-17H2,1-5H3/t19-,21+,22+,23-,24+,25+,26+,27-/m1/s1	N/A	3	Positive	GNPS-NIST14-MATCHES	369.352	UPDATE-SINGLE-ANNOTATED-BRONZE	Bronze		C27H46O	HVYWMOMLDIMFJA-DPAQBDIFSA-N	HVYWMOMLDIMFJA	Lipids and lipid-like molecules	Steroids and steroid derivatives	Cholestane steroids	Steroids	Cholestane steroids	Terpenoids	mzspec:GNPS:GNPS-LIBRARY:CCMSLIB00003136045
CCMSLIB00011436270	190	spectra_filtered.mgf	ECG-ACYL-AMIDES-C4-C24-LIBRARY.mgf	0.876741	5285630.0	0	335.782	6	0.154602	460.269	1	temp/spectra_filtered.mgf190	1	spermidine-C20:1	ESI	Orbitrap	Commercial	Dorrestein	Ipsita	M+Na	460.424	437.435	1	N/A	N/A	O=C(NCCCCNCCCN)CCCCCCCCCC=CCCCCCCCC	InChI=1S/C27H55N3O/c1-2-3-4-5-6-7-8-9-10-11-12-13-14-15-16-17-18-22-27(31)30-26-20-19-24-29-25-21-23-28/h9-10,29H,2-8,11-26,28H2,1H3,(H,30,31)	N/A	1	Positive	ECG-ACYL-AMIDES-C4-C24-LIBRARY	460.424	UPDATE-SINGLE-ANNOTATED-GOLD	Gold		C27H55N3O	CICDRLGIBLNZJW-UHFFFAOYSA-N	CICDRLGIBLNZJW	Lipids and lipid-like molecules	Fatty Acyls	Fatty amides	Ornithine alkaloids|Fatty amides	N-acyl amines|Polyamines	Alkaloids|Fatty acids	mzspec:GNPS:GNPS-LIBRARY:CCMSLIB00011436270
CCMSLIB00010100001	2102	spectra_filtered.mgf	PNNL-LIPIDS-POSITIVE.mgf	0.876338	2700200.0	0	39.2726	6	0.0322266	820.618	1	temp/spectra_filtered.mgf2102	1	PC(17:0/22:6); [M+H]+ C47H83N1O8P1	LC-ESI	HCD; Velos	Commercial	Thomas Metz	Thomas Metz	M+H	820.586	0.0	1	N/A	N/A	N/A	N/A	N/A	1	Positive	PNNL-LIPIDS-POSITIVE	820.586	UPDATE-SINGLE-ANNOTATED-GOLD	Gold		N/A	N/A	N/A	N/A	N/A	N/A	N/A	N/A	N/A	mzspec:GNPS:GNPS-LIBRARY:CCMSLIB00010100001
CCMSLIB00010107223	455	spectra_filtered.mgf	BERKELEY-LAB.mgf	0.874738	1510680.0	0	5202.1	8	0.98378	188.128	1	temp/spectra_filtered.mgf455	1	azelaic acid CollisionEnergy:102040	LC-ESI	Orbitrap	Commercial	Trent Northen	JGI	M+H	189.112	0.0	1	N/A	N/A	O=C(O)CCCCCCCC(=O)O	"""InChI=1S/C9H16O4/c10-8(11)6-4-2-1-3-5-7-9(12)13/h1-7H2,(H,10,11)(H,12,13)"""	N/A	3	Positive	BERKELEY-LAB	189.112	UPDATE-SINGLE-ANNOTATED-BRONZE	Bronze		C9H16O4	BDJRBEYXGGNYIS-UHFFFAOYSA-N	BDJRBEYXGGNYIS	Lipids and lipid-like molecules	Fatty Acyls	Fatty acids and conjugates	Fatty Acids and Conjugates	Dicarboxylic acids	Fatty acids	mzspec:GNPS:GNPS-LIBRARY:CCMSLIB00010107223
CCMSLIB00003137784	969	spectra_filtered.mgf	GNPS-NIST14-MATCHES.mgf	0.873877	685461.0	0	1.08304	10	0.000610352	563.551	1	temp/spectra_filtered.mgf969	1	Spectral Match to 9-Octadecenamide, (Z)- from NIST14	ESI	QqQ	Isolated	Data from Pieter Dorrestein	Data deposited by daniel	2M+H	563.552	0.0	1	301020	N/A	N/A	N/A	N/A	3	Positive	GNPS-NIST14-MATCHES	563.552	UPDATE-SINGLE-ANNOTATED-BRONZE	Bronze		N/A	N/A	N/A	N/A	N/A	N/A	N/A	N/A	N/A	mzspec:GNPS:GNPS-LIBRARY:CCMSLIB00003137784
CCMSLIB00010069089	2553	spectra_filtered.mgf	PNNL-LIPIDS-POSITIVE.mgf	0.873353	1865380.0	0	2568.02	6	1.98676	775.641	1	temp/spectra_filtered.mgf2553	1	SM(d18:1/21:0); [M+H]+ C44H90N2O6P1	LC-ESI	HCD; Velos	Commercial	Thomas Metz	Thomas Metz	M+H	773.654	0.0	1	N/A	N/A	N/A	N/A	N/A	1	Positive	PNNL-LIPIDS-POSITIVE	773.654	UPDATE-SINGLE-ANNOTATED-GOLD	Gold		N/A	N/A	N/A	N/A	N/A	N/A	N/A	N/A	N/A	mzspec:GNPS:GNPS-LIBRARY:CCMSLIB00010069089
CCMSLIB00004693378	596	spectra_filtered.mgf	MONA.mgf	0.872976	4932780.0	0	2826.36	7	0.992767	352.246	1	temp/spectra_filtered.mgf596	1	(5R)-5-hydroxy-1-(4-hydroxy-3-methoxyphenyl)tetradecan-3-one	N/A	ESI-QFT	isolated	MoNA	MoNA:VF-NPL-QEHF002315	[M+H]+	351.253	0.0	1	N/A	N/A	CCCCCCCCC[C@@H](O)CC(=O)CCc1ccc(O)c(OC)c1	InChI=1S/C21H34O4/c1-3-4-5-6-7-8-9-10-18(22)16-19(23)13-11-17-12-14-20(24)21(15-17)25-2/h12,14-15,18,22,24H,3-11,13,16H2,1-2H3/t18-/m1/s1	N/A	3	positive	MONA	351.253	UPDATE-SINGLE-ANNOTATED-BRONZE	Bronze		C21H34O4	AIULWNKTYPZYAN-GOSISDBHSA-N	AIULWNKTYPZYAN	Benzenoids	Phenols	Methoxyphenols	Aromatic polyketides	Catechols with side chains	Polyketides	mzspec:GNPS:GNPS-LIBRARY:CCMSLIB00004693378
CCMSLIB00010100001	2184	spectra_filtered.mgf	PNNL-LIPIDS-POSITIVE.mgf	0.87257	7256340.0	0	2414.6	7	1.98138	818.605	1	temp/spectra_filtered.mgf2184	1	PC(17:0/22:6); [M+H]+ C47H83N1O8P1	LC-ESI	HCD; Velos	Commercial	Thomas Metz	Thomas Metz	M+H	820.586	0.0	1	N/A	N/A	N/A	N/A	N/A	1	Positive	PNNL-LIPIDS-POSITIVE	820.586	UPDATE-SINGLE-ANNOTATED-GOLD	Gold		N/A	N/A	N/A	N/A	N/A	N/A	N/A	N/A	N/A	mzspec:GNPS:GNPS-LIBRARY:CCMSLIB00010100001
CCMSLIB00010089019	1699	spectra_filtered.mgf	PNNL-LIPIDS-POSITIVE.mgf	0.871976	2154180.0	0	110.503	6	0.0946655	856.585	1	temp/spectra_filtered.mgf1699	1	PC(19:1/22:1); [M+H]+ C49H95N1O8P1	LC-ESI	HCD; Velos	Commercial	Thomas Metz	Thomas Metz	M+H	856.68	0.0	1	N/A	N/A	N/A	N/A	N/A	1	Positive	PNNL-LIPIDS-POSITIVE	856.68	UPDATE-SINGLE-ANNOTATED-GOLD	Gold		N/A	N/A	N/A	N/A	N/A	N/A	N/A	N/A	N/A	mzspec:GNPS:GNPS-LIBRARY:CCMSLIB00010089019
CCMSLIB00017431428	36	spectra_filtered.mgf	GNPS-ION-MOBILITY-LIBRARY.mgf	0.87167	493346.0	0	1941.44	13	1.00824	520.333	1	temp/spectra_filtered.mgf36	1	C23 3a, 7b_kojic acid [CCS=212.06292724609375]	LC-ESI	ToF	Crude	Pieter Dorrestein	victoriadeleray	[M+NH4]+	519.325	502.299	1	N/A	N/A	C[C@H](CC(=O)Oc1coc(CO)cc1=O)[C@H]1CC[C@H]2[C@@H]3[C@@H](O)C[C@@H]4C[C@H](O)CC[C@]4(C)[C@H]3CC[C@]12C	InChI=1S/C29H42O7/c1-16(10-26(34)36-25-15-35-19(14-30)13-23(25)32)20-4-5-21-27-22(7-9-29(20,21)3)28(2)8-6-18(31)11-17(28)12-24(27)33/h13,15-18,20-22,24,27,30-31,33H,4-12,14H2,1-3H3/t16-,17+,18-,20-,21+,22+,24+,27+,28+,29-/m1/s1	N/A	1	Positive	GNPS-ION-MOBILITY-LIBRARY	519.325	UPDATE-SINGLE-ANNOTATED-GOLD	Gold		C29H42O7	CJTAEJMPVLHPJH-ZWRVDEOFSA-N	CJTAEJMPVLHPJH	N/A	N/A	N/A	Steroids	Cholestane steroids	Terpenoids	mzspec:GNPS:GNPS-LIBRARY:CCMSLIB00017431428
CCMSLIB00012336145	191	spectra_filtered.mgf	MSNLIB-POSITIVE.mgf	0.87095	350281.0	0	294.221	6	0.127136	432.238	1	temp/spectra_filtered.mgf191	1	Ex229	ESI	Orbitrap	Crude	Tomas Pluskal	Corinna Brungs	[M+H]+	432.111	431.104	1	N/A	N/A	Cc1c(C(=O)O)cc(Oc2nc3c(cc(Cl)c(-c4cc5c(cc4)n(C)cc5)c3)[nH]2)cc1	InChI=1S/C24H18ClN3O3/c1-13-3-5-16(10-17(13)23(29)30)31-24-26-20-11-18(19(25)12-21(20)27-24)14-4-6-22-15(9-14)7-8-28(22)2/h3-12H,1-2H3,(H,26,27)(H,29,30)	FHWSAZXFPUMKFL-UHFFFAOYSA-N	1	Positive	MSNLIB-POSITIVE	432.111	UPDATE-SINGLE-ANNOTATED-GOLD	Gold		C24H18ClN3O3	FHWSAZXFPUMKFL-UHFFFAOYSA-N	FHWSAZXFPUMKFL	Organic oxygen compounds	Organooxygen compounds	Ethers	Tryptophan alkaloids	Simple indole alkaloids	Alkaloids	mzspec:GNPS:GNPS-LIBRARY:CCMSLIB00012336145
CCMSLIB00010095389	2270	spectra_filtered.mgf	PNNL-LIPIDS-POSITIVE.mgf	0.870769	3686600.0	0	2485.35	9	1.9798	794.606	1	temp/spectra_filtered.mgf2270	1	PC(17:0/20:4); [M+H]+ C45H83N1O8P1	LC-ESI	HCD; Velos	Commercial	Thomas Metz	Thomas Metz	M+H	796.586	0.0	1	N/A	N/A	N/A	N/A	N/A	1	Positive	PNNL-LIPIDS-POSITIVE	796.586	UPDATE-SINGLE-ANNOTATED-GOLD	Gold		N/A	N/A	N/A	N/A	N/A	N/A	N/A	N/A	N/A	mzspec:GNPS:GNPS-LIBRARY:CCMSLIB00010095389
CCMSLIB00010092137	1973	spectra_filtered.mgf	PNNL-LIPIDS-POSITIVE.mgf	0.870613	47351400.0	0	2575.21	6	1.97919	766.575	1	temp/spectra_filtered.mgf1973	1	PC(15:0/20:4); [M+H]+ C43H79N1O8P1	LC-ESI	HCD; Velos	Commercial	Thomas Metz	Thomas Metz	M+H	768.554	0.0	1	N/A	N/A	N/A	N/A	N/A	1	Positive	PNNL-LIPIDS-POSITIVE	768.554	UPDATE-SINGLE-ANNOTATED-GOLD	Gold		N/A	N/A	N/A	N/A	N/A	N/A	N/A	N/A	N/A	mzspec:GNPS:GNPS-LIBRARY:CCMSLIB00010092137
CCMSLIB00003137415	764	spectra_filtered.mgf	GNPS-NIST14-MATCHES.mgf	0.870457	18251000.0	0	173.699	9	0.0429382	247.242	1	temp/spectra_filtered.mgf764	1	Spectral Match to 5(Z),8(Z),11(Z)-Eicosatrienoic acid methyl ester from NIST14	ESI	IT/ion trap	Isolated	Data from Brigid Boland	Data deposited by fevargas	247.2	247.199	0.0	1	14602392	N/A	N/A	N/A	N/A	3	Positive	GNPS-NIST14-MATCHES	247.199	UPDATE-SINGLE-ANNOTATED-BRONZE	Bronze		N/A	N/A	N/A	N/A	N/A	N/A	N/A	N/A	N/A	mzspec:GNPS:GNPS-LIBRARY:CCMSLIB00003137415
CCMSLIB00010128722	1573	spectra_filtered.mgf	GNPS-LIBRARY.mgf	0.869952	906027.0	0	57.2169	6	0.0334473	584.537	1	temp/spectra_filtered.mgf1573	1	Cer (19:0;2O/17:0;O)	LC-ESI	qTof	Lysate	Floyd Nichols	 	M+H	584.57	0.0	1	 	 	 	 	 	3	Positive	GNPS-LIBRARY	584.57	UPDATE-SINGLE-ANNOTATED-BRONZE	Bronze		N/A	N/A	N/A	N/A	N/A	N/A	N/A	N/A	N/A	mzspec:GNPS:GNPS-LIBRARY:CCMSLIB00010128722
CCMSLIB00003135404	2482	spectra_filtered.mgf	GNPS-NIST14-MATCHES.mgf	0.868835	170259.0	0	3572.25	6	0.947418	264.269	1	temp/spectra_filtered.mgf2482	1	Spectral Match to 12(S)-Hydroxy-16-heptadecynoic acid from NIST14	ESI	qTof	Isolated	Data from Wolfender/Litaudon	Data deposited by pmallard	M+H-H2O	265.216	282.22	1	148019743	N/A	C#CCCC[C@H](CCCCCCCCCCC(=O)O)O	InChI=1S/C17H30O3/c1-2-3-10-13-16(18)14-11-8-6-4-5-7-9-12-15-17(19)20/h1,16,18H,3-15H2,(H,19,20)/t16-/m1/s1	N/A	3	Positive	GNPS-NIST14-MATCHES	265.216	UPDATE-SINGLE-ANNOTATED-BRONZE	Bronze		CH4	HBFCVDJQUPEEIC-MRXNPFEDSA-N	HBFCVDJQUPEEIC	Lipids and lipid-like molecules	Fatty Acyls	Fatty acids and conjugates				mzspec:GNPS:GNPS-LIBRARY:CCMSLIB00003135404
CCMSLIB00012336920	1546	spectra_filtered.mgf	MSNLIB-POSITIVE.mgf	0.868125	1094050.0	0	168.22	6	0.0727234	432.238	1	temp/spectra_filtered.mgf1546	1	glycodeoxycholic acid	ESI	Orbitrap	Crude	Tomas Pluskal	Corinna Brungs	[M+H-H2O]+	432.311	449.314	1	N/A	N/A	C[C@H](CCC(=O)NCC(=O)O)[C@H]1CC[C@H]2[C@@H]3CC[C@@H]4C[C@H](O)CC[C@]4(C)[C@H]3C[C@H](O)[C@]12C	InChI=1S/C26H43NO5/c1-15(4-9-23(30)27-14-24(31)32)19-7-8-20-18-6-5-16-12-17(28)10-11-25(16,2)21(18)13-22(29)26(19,20)3/h15-22,28-29H,4-14H2,1-3H3,(H,27,30)(H,31,32)/t15-,16-,17-,18+,19-,20+,21+,22+,25+,26-/m1/s1	WVULKSPCQVQLCU-BUXLTGKBSA-N	1	Positive	MSNLIB-POSITIVE	432.311	UPDATE-SINGLE-ANNOTATED-GOLD	Gold		C26H43NO5	WVULKSPCQVQLCU-BUXLTGKBSA-N	WVULKSPCQVQLCU	Lipids and lipid-like molecules	Steroids and steroid derivatives	Bile acids, alcohols and derivatives	Steroids	Cholane steroids	Terpenoids	mzspec:GNPS:GNPS-LIBRARY:CCMSLIB00012336920
CCMSLIB00003139624	779	spectra_filtered.mgf	GNPS-NIST14-MATCHES.mgf	0.867803	38422100.0	0	4182.83	11	1.18073	283.46	1	temp/spectra_filtered.mgf779	1	Spectral Match to 9-Octadecenamide, (Z)- from NIST14	ESI	QqQ	Isolated	Data from Wolfender/Litaudon	Data deposited by pmallard	M+H	282.279	0.0	1	301020	N/A	N/A	N/A	N/A	3	Positive	GNPS-NIST14-MATCHES	282.279	UPDATE-SINGLE-ANNOTATED-BRONZE	Bronze		N/A	N/A	N/A	N/A	N/A	N/A	N/A	N/A	N/A	mzspec:GNPS:GNPS-LIBRARY:CCMSLIB00003139624
CCMSLIB00003136793	945	spectra_filtered.mgf	GNPS-NIST14-MATCHES.mgf	0.866613	3921940.0	0	3525.31	7	1.00223	285.297	1	temp/spectra_filtered.mgf945	1	Spectral Match to Octadecanamide from NIST14	ESI	QqQ	Isolated	Data from Wolfender/Litaudon	Data deposited by pmallard	M+H	284.295	0.0	1	124265	N/A	N/A	N/A	N/A	3	Positive	GNPS-NIST14-MATCHES	284.295	UPDATE-SINGLE-ANNOTATED-BRONZE	Bronze		N/A	N/A	N/A	N/A	N/A	N/A	N/A	N/A	N/A	mzspec:GNPS:GNPS-LIBRARY:CCMSLIB00003136793
CCMSLIB00006678174	3399	spectra_filtered.mgf	GNPS-LIBRARY.mgf	0.866485	2327950.0	0	3.14086	19	0.00250244	796.74	1	temp/spectra_filtered.mgf3399	1	TAG (14:0/16:0/16:0)/ TAG (14:0/14:0/18:0)	LC-ESI	Orbitrap	Other	S Ding	Su Ding	M+NH4	796.737	796.738	1	N/A	N/A	N/A	N/A	N/A	3	Positive	GNPS-LIBRARY	796.737	UPDATE-SINGLE-ANNOTATED-BRONZE	Bronze		N/A	N/A	N/A	N/A	N/A	N/A	N/A	N/A	N/A	mzspec:GNPS:GNPS-LIBRARY:CCMSLIB00006678174
CCMSLIB00012336145	1473	spectra_filtered.mgf	MSNLIB-POSITIVE.mgf	0.866427	676076.0	0	294.716	6	0.12735	432.238	1	temp/spectra_filtered.mgf1473	1	Ex229	ESI	Orbitrap	Crude	Tomas Pluskal	Corinna Brungs	[M+H]+	432.111	431.104	1	N/A	N/A	Cc1c(C(=O)O)cc(Oc2nc3c(cc(Cl)c(-c4cc5c(cc4)n(C)cc5)c3)[nH]2)cc1	InChI=1S/C24H18ClN3O3/c1-13-3-5-16(10-17(13)23(29)30)31-24-26-20-11-18(19(25)12-21(20)27-24)14-4-6-22-15(9-14)7-8-28(22)2/h3-12H,1-2H3,(H,26,27)(H,29,30)	FHWSAZXFPUMKFL-UHFFFAOYSA-N	1	Positive	MSNLIB-POSITIVE	432.111	UPDATE-SINGLE-ANNOTATED-GOLD	Gold		C24H18ClN3O3	FHWSAZXFPUMKFL-UHFFFAOYSA-N	FHWSAZXFPUMKFL	Organic oxygen compounds	Organooxygen compounds	Ethers	Tryptophan alkaloids	Simple indole alkaloids	Alkaloids	mzspec:GNPS:GNPS-LIBRARY:CCMSLIB00012336145
CCMSLIB00010083121	2469	spectra_filtered.mgf	PNNL-LIPIDS-POSITIVE.mgf	0.866193	1686980.0	0	1268.83	6	1.06799	840.648	1	temp/spectra_filtered.mgf2469	1	SM(d18:1/26:1); [M+H]+ C49H98N2O6P1	LC-ESI	HCD; Velos	Commercial	Thomas Metz	Thomas Metz	M+H	841.716	0.0	1	N/A	N/A	N/A	N/A	N/A	1	Positive	PNNL-LIPIDS-POSITIVE	841.716	UPDATE-SINGLE-ANNOTATED-GOLD	Gold		N/A	N/A	N/A	N/A	N/A	N/A	N/A	N/A	N/A	mzspec:GNPS:GNPS-LIBRARY:CCMSLIB00010083121
CCMSLIB00003137784	755	spectra_filtered.mgf	GNPS-NIST14-MATCHES.mgf	0.865961	191978000.0	0	1.62457	10	0.000915527	563.551	1	temp/spectra_filtered.mgf755	1	Spectral Match to 9-Octadecenamide, (Z)- from NIST14	ESI	QqQ	Isolated	Data from Pieter Dorrestein	Data deposited by daniel	2M+H	563.552	0.0	1	301020	N/A	N/A	N/A	N/A	3	Positive	GNPS-NIST14-MATCHES	563.552	UPDATE-SINGLE-ANNOTATED-BRONZE	Bronze		N/A	N/A	N/A	N/A	N/A	N/A	N/A	N/A	N/A	mzspec:GNPS:GNPS-LIBRARY:CCMSLIB00003137784
CCMSLIB00010152838	1310	spectra_filtered.mgf	GNPS-LIBRARY.mgf	0.86548	5859370.0	0	3.97462	16	0.00268555	675.677	1	temp/spectra_filtered.mgf1310	1	13-Docosenamide, (Z)-	LC-ESI	qTof	Lysate	PDorrestein	 	M+H	675.674	0.0	0	 	 	 	 	 	3	Positive	GNPS-LIBRARY	675.674	UPDATE-SINGLE-ANNOTATED-BRONZE	Bronze		N/A	N/A	N/A	N/A	N/A	N/A	N/A	N/A	N/A	mzspec:GNPS:GNPS-LIBRARY:CCMSLIB00010152838
CCMSLIB00003138390	1464	spectra_filtered.mgf	GNPS-NIST14-MATCHES.mgf	0.863317	1218700.0	0	1370.79	6	1.0426	761.629	1	temp/spectra_filtered.mgf1464	1	Spectral Match to 1-Hexadecanoyl-2-(9Z-octadecenoyl)-sn-glycero-3-phosphocholine from NIST14	ESI	qTof	Isolated	Data from Gabriel Haddad	Data deposited by mjmeehan	M+H	760.586	759.578	1	26853316	N/A	CCCCCCCCCCCCCCCC(=O)OC[C@H](COP(=O)([O-])OCC[N+](C)(C)C)OC(=O)CCCCCCC/C=C\CCCCCCCC	InChI=1S/C42H82NO8P/c1-6-8-10-12-14-16-18-20-21-23-25-27-29-31-33-35-42(45)51-40(39-50-52(46,47)49-37-36-43(3,4)5)38-48-41(44)34-32-30-28-26-24-22-19-17-15-13-11-9-7-2/h20-21,40H,6-19,22-39H2,1-5H3/b21-20-/t40-/m1/s1	N/A	3	Positive	GNPS-NIST14-MATCHES	760.586	UPDATE-SINGLE-ANNOTATED-BRONZE	Bronze		N/A	WTJKGGKOPKCXLL-VYOBOKEXSA-N	WTJKGGKOPKCXLL	Lipids and lipid-like molecules	Glycerophospholipids	Glycerophosphocholines	N/A	N/A	N/A	mzspec:GNPS:GNPS-LIBRARY:CCMSLIB00003138390
CCMSLIB00003138450	70	spectra_filtered.mgf	GNPS-NIST14-MATCHES.mgf	0.86327	5642930.0	0	269.79	6	0.0364532	135.081	1	temp/spectra_filtered.mgf70	1	Spectral Match to .alpha.-Pinene oxide from NIST14	ESI	qTof	Isolated	Data from Gabriel Haddad	Data deposited by mjmeehan	M+H-H2O	135.117	152.12	1	1686142	N/A	CC1(C2CC1C3(C(C2)O3)C)C	InChI=1S/C10H16O/c1-9(2)6-4-7(9)10(3)8(5-6)11-10/h6-8H,4-5H2,1-3H3	N/A	3	Positive	GNPS-NIST14-MATCHES	135.117	UPDATE-SINGLE-ANNOTATED-BRONZE	Bronze		C10H16O	NQFUSWIGRKFAHK-UHFFFAOYSA-N	NQFUSWIGRKFAHK	Lipids and lipid-like molecules	Prenol lipids	Monoterpenoids	Monoterpenoids	Pinane monoterpenoids	Terpenoids	mzspec:GNPS:GNPS-LIBRARY:CCMSLIB00003138450
CCMSLIB00010057531	2233	spectra_filtered.mgf	PNNL-LIPIDS-POSITIVE.mgf	0.863102	16176400.0	0	1392.03	11	1.03925	747.609	1	temp/spectra_filtered.mgf2233	1	PE(18:0/18:1); [M+H]+ C41H81N1O8P1	LC-ESI	HCD; Velos	Commercial	Thomas Metz	Thomas Metz	M+H	746.57	0.0	1	N/A	N/A	N/A	N/A	N/A	1	Positive	PNNL-LIPIDS-POSITIVE	746.57	UPDATE-SINGLE-ANNOTATED-GOLD	Gold		N/A	N/A	N/A	N/A	N/A	N/A	N/A	N/A	N/A	mzspec:GNPS:GNPS-LIBRARY:CCMSLIB00010057531
CCMSLIB00011436270	579	spectra_filtered.mgf	ECG-ACYL-AMIDES-C4-C24-LIBRARY.mgf	0.862643	8696760.0	0	335.451	6	0.154449	460.27	1	temp/spectra_filtered.mgf579	1	spermidine-C20:1	ESI	Orbitrap	Commercial	Dorrestein	Ipsita	M+Na	460.424	437.435	1	N/A	N/A	O=C(NCCCCNCCCN)CCCCCCCCCC=CCCCCCCCC	InChI=1S/C27H55N3O/c1-2-3-4-5-6-7-8-9-10-11-12-13-14-15-16-17-18-22-27(31)30-26-20-19-24-29-25-21-23-28/h9-10,29H,2-8,11-26,28H2,1H3,(H,30,31)	N/A	1	Positive	ECG-ACYL-AMIDES-C4-C24-LIBRARY	460.424	UPDATE-SINGLE-ANNOTATED-GOLD	Gold		C27H55N3O	CICDRLGIBLNZJW-UHFFFAOYSA-N	CICDRLGIBLNZJW	Lipids and lipid-like molecules	Fatty Acyls	Fatty amides	Ornithine alkaloids|Fatty amides	N-acyl amines|Polyamines	Alkaloids|Fatty acids	mzspec:GNPS:GNPS-LIBRARY:CCMSLIB00011436270
CCMSLIB00010093349	2186	spectra_filtered.mgf	PNNL-LIPIDS-POSITIVE.mgf	0.861996	5059810.0	0	2574.45	8	1.9787	770.57	1	temp/spectra_filtered.mgf2186	1	PC(O-16:0/20:4); [M+H]+ C44H83N1O7P1	LC-ESI	HCD; Velos	Commercial	Thomas Metz	Thomas Metz	M+H	768.591	0.0	1	N/A	N/A	N/A	N/A	N/A	1	Positive	PNNL-LIPIDS-POSITIVE	768.591	UPDATE-SINGLE-ANNOTATED-GOLD	Gold		N/A	N/A	N/A	N/A	N/A	N/A	N/A	N/A	N/A	mzspec:GNPS:GNPS-LIBRARY:CCMSLIB00010093349
CCMSLIB00011436270	870	spectra_filtered.mgf	ECG-ACYL-AMIDES-C4-C24-LIBRARY.mgf	0.861215	2693630.0	0	335.384	6	0.154419	460.27	1	temp/spectra_filtered.mgf870	1	spermidine-C20:1	ESI	Orbitrap	Commercial	Dorrestein	Ipsita	M+Na	460.424	437.435	1	N/A	N/A	O=C(NCCCCNCCCN)CCCCCCCCCC=CCCCCCCCC	InChI=1S/C27H55N3O/c1-2-3-4-5-6-7-8-9-10-11-12-13-14-15-16-17-18-22-27(31)30-26-20-19-24-29-25-21-23-28/h9-10,29H,2-8,11-26,28H2,1H3,(H,30,31)	N/A	1	Positive	ECG-ACYL-AMIDES-C4-C24-LIBRARY	460.424	UPDATE-SINGLE-ANNOTATED-GOLD	Gold		C27H55N3O	CICDRLGIBLNZJW-UHFFFAOYSA-N	CICDRLGIBLNZJW	Lipids and lipid-like molecules	Fatty Acyls	Fatty amides	Ornithine alkaloids|Fatty amides	N-acyl amines|Polyamines	Alkaloids|Fatty acids	mzspec:GNPS:GNPS-LIBRARY:CCMSLIB00011436270
CCMSLIB00010107223	44	spectra_filtered.mgf	BERKELEY-LAB.mgf	0.86043	6359980.0	0	5202.26	7	0.98381	188.128	1	temp/spectra_filtered.mgf44	1	azelaic acid CollisionEnergy:102040	LC-ESI	Orbitrap	Commercial	Trent Northen	JGI	M+H	189.112	0.0	1	N/A	N/A	O=C(O)CCCCCCCC(=O)O	"""InChI=1S/C9H16O4/c10-8(11)6-4-2-1-3-5-7-9(12)13/h1-7H2,(H,10,11)(H,12,13)"""	N/A	3	Positive	BERKELEY-LAB	189.112	UPDATE-SINGLE-ANNOTATED-BRONZE	Bronze		C9H16O4	BDJRBEYXGGNYIS-UHFFFAOYSA-N	BDJRBEYXGGNYIS	Lipids and lipid-like molecules	Fatty Acyls	Fatty acids and conjugates	Fatty Acids and Conjugates	Dicarboxylic acids	Fatty acids	mzspec:GNPS:GNPS-LIBRARY:CCMSLIB00010107223
CCMSLIB00010100713	2890	spectra_filtered.mgf	PNNL-LIPIDS-POSITIVE.mgf	0.860191	6610460.0	0	0.188197	15	0.00012207	648.629	1	temp/spectra_filtered.mgf2890	1	Cer(d18:1/24:1); [M+H]+ C42H82N1O3	LC-ESI	HCD; Velos	Commercial	Thomas Metz	Thomas Metz	M+H	648.629	0.0	1	N/A	N/A	N/A	N/A	N/A	1	Positive	PNNL-LIPIDS-POSITIVE	648.629	UPDATE-SINGLE-ANNOTATED-GOLD	Gold		N/A	N/A	N/A	N/A	N/A	N/A	N/A	N/A	N/A	mzspec:GNPS:GNPS-LIBRARY:CCMSLIB00010100713
CCMSLIB00010055886	1774	spectra_filtered.mgf	PNNL-LIPIDS-POSITIVE.mgf	0.859505	2225920.0	0	0.950494	7	0.000732422	770.569	1	temp/spectra_filtered.mgf1774	1	PC(17:1/18:2); [M+H]+ C43H81N1O8P1	LC-ESI	HCD; Lumos	Commercial	Thomas Metz	Thomas Metz	M+H	770.57	0.0	1	N/A	N/A	N/A	N/A	N/A	1	Positive	PNNL-LIPIDS-POSITIVE	770.57	UPDATE-SINGLE-ANNOTATED-GOLD	Gold		N/A	N/A	N/A	N/A	N/A	N/A	N/A	N/A	N/A	mzspec:GNPS:GNPS-LIBRARY:CCMSLIB00010055886
CCMSLIB00005766726	613	spectra_filtered.mgf	MASSBANK.mgf	0.858518	71240.4	0	196.549	6	0.0594177	302.246	1	temp/spectra_filtered.mgf613	1	Massbank:LU100204 2,2'-(Tetradecylimino)diethanol|Tetradecyldiethanolamine	ESI	Hybrid FT	Isolated	Massbank	Massbank	M+H	302.305	0.0	1	18924-66-8	N/A	CCCCCCCCCCCCCCN(CCO)CCO	1S/C18H39NO2/c1-2-3-4-5-6-7-8-9-10-11-12-13-14-19(15-17-20)16-18-21/h20-21H,2-18H2,1H3	N/A	3	Positive	MASSBANK	302.305	UPDATE-SINGLE-ANNOTATED-BRONZE	Bronze		C18H39NO2	CPHJEACXPATRSU-UHFFFAOYSA-N	CPHJEACXPATRSU	Organic nitrogen compounds	Organonitrogen compounds	Amines	Fatty acyls|Fatty amides	Fatty alcohols|N-acyl ethanolamines (endocannabinoids)	Fatty acids	mzspec:GNPS:GNPS-LIBRARY:CCMSLIB00005766726
CCMSLIB00012891964	729	spectra_filtered.mgf	MSNLIB-POSITIVE.mgf	0.858511	1426750.0	0	6456.11	6	0.994797	153.091	1	temp/spectra_filtered.mgf729	1	3-(2-methyl-5-oxopyrrolidin-2-yl)propanoic acid	ESI	Orbitrap	Commercial	Tomas Pluskal	Corinna Brungs	[M+H-H2O]+	154.086	171.09	1	N/A	N/A	CC1(CCC(=O)O)CCC(=O)N1	InChI=1S/C8H13NO3/c1-8(5-3-7(11)12)4-2-6(10)9-8/h2-5H2,1H3,(H,9,10)(H,11,12)	IYZLKGGASXHCNA-UHFFFAOYSA-N	1	Positive	MSNLIB-POSITIVE	154.086	UPDATE-SINGLE-ANNOTATED-GOLD	Gold		C8H13NO3	IYZLKGGASXHCNA-UHFFFAOYSA-N	IYZLKGGASXHCNA	N/A	N/A	N/A			Alkaloids	mzspec:GNPS:GNPS-LIBRARY:CCMSLIB00012891964
CCMSLIB00012176426	74	spectra_filtered.mgf	GNPS-LIBRARY.mgf	0.857919	2596840.0	0	0.647045	6	0.000106812	165.076	1	temp/spectra_filtered.mgf74	1	Mannitol	LC-ESI	Orbitrap	Commercial	Taicia Fill	Marina Maximo	M+H-H2O	165.076	182.079	1	69-65-8	N/A	C([C@H]([C@H]([C@@H]([C@@H](CO)O)O)O)O)O	InChI=1S/C6H14O6/c7-1-3(9)5(11)6(12)4(10)2-8/h3-12H,1-2H2/t3-,4-,5-,6-/m1/s1	N/A	3	Positive	GNPS-LIBRARY	165.076	UPDATE-SINGLE-ANNOTATED-BRONZE	Bronze		C6H14O6	FBPFZTCFMRRESA-KVTDHHQDSA-N	FBPFZTCFMRRESA	Organic oxygen compounds	Organooxygen compounds	Carbohydrates and carbohydrate conjugates	Saccharides	Monosaccharides	Carbohydrates	mzspec:GNPS:GNPS-LIBRARY:CCMSLIB00012176426
CCMSLIB00006678177	3368	spectra_filtered.mgf	GNPS-LIBRARY.mgf	0.857607	1950570.0	0	1.5086	17	0.00115967	768.708	1	temp/spectra_filtered.mgf3368	1	TAG (14:0/14:0/16:0)	LC-ESI	Orbitrap	Other	S Ding	Su Ding	M+NH4	768.707	768.706	1	N/A	N/A	N/A	N/A	N/A	3	Positive	GNPS-LIBRARY	768.707	UPDATE-SINGLE-ANNOTATED-BRONZE	Bronze		N/A	N/A	N/A	N/A	N/A	N/A	N/A	N/A	N/A	mzspec:GNPS:GNPS-LIBRARY:CCMSLIB00006678177
CCMSLIB00004716189	49	spectra_filtered.mgf	MONA.mgf	0.857592	816203.0	0	3073.76	8	1.05499	342.17	1	temp/spectra_filtered.mgf49	1	Spegatrine	N/A	ESI-QFT	isolated	MoNA	MoNA:VF-NPL-QEHF025126	[M+NH4]+	343.225	0.0	1	N/A	N/A	C/C=C1/C[N+]2(C)C3Cc4c([nH]c5ccc(O)cc45)[C@@H]2C[C@H]1[C@H]3CO	InChI=1S/C20H24N2O2/c1-3-11-9-22(2)18-8-15-14-6-12(24)4-5-17(14)21-20(15)19(22)7-13(11)16(18)10-23/h3-6,13,16,18-19,21,23H,7-10H2,1-2H3/p+1/b11-3-/t13-,16-,18?,19+,22?/m1/s1	N/A	3	positive	MONA	343.225	UPDATE-SINGLE-ANNOTATED-BRONZE	Bronze		N/A	DOTYYDUNWITJSJ-SYMHJQAPSA-O	DOTYYDUNWITJSJ	N/A	N/A	N/A	N/A	N/A	N/A	mzspec:GNPS:GNPS-LIBRARY:CCMSLIB00004716189
CCMSLIB00005463982	499	spectra_filtered.mgf	GNPS-MSMLS.mgf	0.857416	30655200.0	0	12589.2	6	1.95187	153.091	1	temp/spectra_filtered.mgf499	1	ASPARAGINE	ESI	Orbitrap	Commercial	Dorrestein	Kelly Weldon	M+Na	155.043	132.053	1	70-47-3	N/A	N[C@@H](CC(N)=O)C(O)=O	"""InChI=1S/C4H8N2O3/c5-2(4(8)9)1-3(6)7/h2H,1,5H2,(H2,6,7)(H,8,9)/t2-/m0/s1"""	N/A	1	Positive	GNPS-MSMLS	155.043	UPDATE-SINGLE-ANNOTATED-GOLD	Gold		C4H8N2O3	DCXYFEDJOCDNAF-REOHCLBHSA-N	DCXYFEDJOCDNAF	Organic acids and derivatives	Carboxylic acids and derivatives	Amino acids, peptides, and analogues	Small peptides	Aminoacids	Amino acids and Peptides	mzspec:GNPS:GNPS-LIBRARY:CCMSLIB00005463982
CCMSLIB00003139895	761	spectra_filtered.mgf	GNPS-NIST14-MATCHES.mgf	0.85642	30961400.0	0	2.18597	9	0.000579834	265.253	1	temp/spectra_filtered.mgf761	1	Spectral Match to 9-Octadecenamide, (Z)- from NIST14	ESI	HCD	Isolated	Data from Wolfender/Litaudon	Data deposited by pmallard	M+H-NH3	265.252	0.0	1	301020	N/A	N/A	N/A	N/A	3	Positive	GNPS-NIST14-MATCHES	265.252	UPDATE-SINGLE-ANNOTATED-BRONZE	Bronze		N/A	N/A	N/A	N/A	N/A	N/A	N/A	N/A	N/A	mzspec:GNPS:GNPS-LIBRARY:CCMSLIB00003139895
CCMSLIB00005760659	681	spectra_filtered.mgf	MASSBANK.mgf	0.856026	5095380.0	0	0.68114	7	0.000274658	403.233	1	temp/spectra_filtered.mgf681	1	Massbank:LU052302 Acetyl tributyl citrate|tributyl 2-acetyloxypropane-1,2,3-tricarboxylate	ESI	Hybrid FT	Isolated	Massbank	Massbank	M+H	403.233	0.0	1	77-90-7	N/A	CCCCOC(=O)CC(CC(=O)OCCCC)(OC(C)=O)C(=O)OCCCC	1S/C20H34O8/c1-5-8-11-25-17(22)14-20(28-16(4)21,19(24)27-13-10-7-3)15-18(23)26-12-9-6-2/h5-15H2,1-4H3	N/A	3	Positive	MASSBANK	403.233	UPDATE-SINGLE-ANNOTATED-BRONZE	Bronze		C20H34O8	QZCLKYGREBVARF-UHFFFAOYSA-N	QZCLKYGREBVARF	Organic acids and derivatives	Carboxylic acids and derivatives	Tetracarboxylic acids and derivatives	Fatty esters	Wax monoesters	Fatty acids	mzspec:GNPS:GNPS-LIBRARY:CCMSLIB00005760659
CCMSLIB00003135408	1983	spectra_filtered.mgf	GNPS-NIST14-MATCHES.mgf	0.854778	4356000.0	0	1.61351	11	0.0012207	756.552	1	temp/spectra_filtered.mgf1983	1	Spectral Match to 1,2-Dihexadecanoyl-sn-glycero-3-phosphocholine from NIST14	ESI	HCD	Isolated	Data from Chris Turck	Data deposited by fevargas	M+Na	756.553	0.0	1	63898	N/A	N/A	N/A	N/A	3	Positive	GNPS-NIST14-MATCHES	756.553	UPDATE-SINGLE-ANNOTATED-BRONZE	Bronze		N/A	N/A	N/A	N/A	N/A	N/A	N/A	N/A	N/A	mzspec:GNPS:GNPS-LIBRARY:CCMSLIB00003135408
CCMSLIB00010068035	1897	spectra_filtered.mgf	PNNL-LIPIDS-POSITIVE.mgf	0.853857	1838120.0	0	2417.31	6	1.97882	820.585	1	temp/spectra_filtered.mgf1897	1	PC(P-18:0/22:6); [M+H]+ C48H85N1O7P1	LC-ESI	HCD; Velos	Commercial	Thomas Metz	Thomas Metz	M+H	818.606	0.0	1	N/A	N/A	N/A	N/A	N/A	1	Positive	PNNL-LIPIDS-POSITIVE	818.606	UPDATE-SINGLE-ANNOTATED-GOLD	Gold		N/A	N/A	N/A	N/A	N/A	N/A	N/A	N/A	N/A	mzspec:GNPS:GNPS-LIBRARY:CCMSLIB00010068035
CCMSLIB00005760659	698	spectra_filtered.mgf	MASSBANK.mgf	0.853699	2779510.0	0	297.734	7	0.120056	403.353	1	temp/spectra_filtered.mgf698	1	Massbank:LU052302 Acetyl tributyl citrate|tributyl 2-acetyloxypropane-1,2,3-tricarboxylate	ESI	Hybrid FT	Isolated	Massbank	Massbank	M+H	403.233	0.0	1	77-90-7	N/A	CCCCOC(=O)CC(CC(=O)OCCCC)(OC(C)=O)C(=O)OCCCC	1S/C20H34O8/c1-5-8-11-25-17(22)14-20(28-16(4)21,19(24)27-13-10-7-3)15-18(23)26-12-9-6-2/h5-15H2,1-4H3	N/A	3	Positive	MASSBANK	403.233	UPDATE-SINGLE-ANNOTATED-BRONZE	Bronze		C20H34O8	QZCLKYGREBVARF-UHFFFAOYSA-N	QZCLKYGREBVARF	Organic acids and derivatives	Carboxylic acids and derivatives	Tetracarboxylic acids and derivatives	Fatty esters	Wax monoesters	Fatty acids	mzspec:GNPS:GNPS-LIBRARY:CCMSLIB00005760659
CCMSLIB00006584931	2939	spectra_filtered.mgf	BILELIB19.mgf	0.853667	2551550.0	0	1523.83	6	1.58118	1036.05	1	temp/spectra_filtered.mgf2939	1	Asp-UDCA	ESI	qToF	Crude	Dorrestein	Emily Gentry	2M+Na	1037.63	507.32	1			C[C@H](CCC(N[C@H](C(O)=O)CC(O)=O)=O)[C@H]1CC[C@@]2([H])[C@]3([H])[C@@H](O)C[C@]4([H])C[C@@H](CC[C@]4(C)[C@H]3CC[C@@]21C)O	InChI=1S/C28H45NO7/c1-15(4-7-23(32)29-21(26(35)36)14-24(33)34)18-5-6-19-25-20(9-11-28(18,19)3)27(2)10-8-17(30)12-16(27)13-22(25)31/h15-22,25,30-31H,4-14H2,1-3H3,(H,29,32)(H,33,34)(H,35,36)/t15-,16+,17-,18-,19+,20+,21?,22+,25+,27+,28-/m1/s1	N/A	2	Positive	BILELIB19	1037.63	UPDATE-SINGLE-ANNOTATED-SILVER	Silver		C28H45NO7	TZJSDNVVGFIRIY-AIWLQGPISA-N	TZJSDNVVGFIRIY	Lipids and lipid-like molecules	Steroids and steroid derivatives	Bile acids, alcohols and derivatives	Steroids	Cholane steroids	Terpenoids	mzspec:GNPS:GNPS-LIBRARY:CCMSLIB00006584931
CCMSLIB00003140197	2	spectra_filtered.mgf	GNPS-NIST14-MATCHES.mgf	0.853545	5612480.0	0	4.59477	9	0.00109863	239.106	1	temp/spectra_filtered.mgf2	1	Spectral Match to 4-(2-Hydroxyethyl)piperazine-1-ethanesulfonic acid from NIST14	ESI	IT/ion trap	Isolated	Data from Luan	Data deposited by rsilva	M+H	239.105	0.0	1	7365459	N/A	N/A	N/A	N/A	3	Positive	GNPS-NIST14-MATCHES	239.105	UPDATE-SINGLE-ANNOTATED-BRONZE	Bronze		N/A	N/A	N/A	N/A	N/A	N/A	N/A	N/A	N/A	mzspec:GNPS:GNPS-LIBRARY:CCMSLIB00003140197
CCMSLIB00011436270	1355	spectra_filtered.mgf	ECG-ACYL-AMIDES-C4-C24-LIBRARY.mgf	0.851607	2091790.0	0	335.583	6	0.15451	460.27	1	temp/spectra_filtered.mgf1355	1	spermidine-C20:1	ESI	Orbitrap	Commercial	Dorrestein	Ipsita	M+Na	460.424	437.435	1	N/A	N/A	O=C(NCCCCNCCCN)CCCCCCCCCC=CCCCCCCCC	InChI=1S/C27H55N3O/c1-2-3-4-5-6-7-8-9-10-11-12-13-14-15-16-17-18-22-27(31)30-26-20-19-24-29-25-21-23-28/h9-10,29H,2-8,11-26,28H2,1H3,(H,30,31)	N/A	1	Positive	ECG-ACYL-AMIDES-C4-C24-LIBRARY	460.424	UPDATE-SINGLE-ANNOTATED-GOLD	Gold		C27H55N3O	CICDRLGIBLNZJW-UHFFFAOYSA-N	CICDRLGIBLNZJW	Lipids and lipid-like molecules	Fatty Acyls	Fatty amides	Ornithine alkaloids|Fatty amides	N-acyl amines|Polyamines	Alkaloids|Fatty acids	mzspec:GNPS:GNPS-LIBRARY:CCMSLIB00011436270
CCMSLIB00012358877	281	spectra_filtered.mgf	MSNLIB-POSITIVE.mgf	0.851286	1726140.0	0	3708.23	6	1.17236	317.324	1	temp/spectra_filtered.mgf281	1	Defensamide	ESI	Orbitrap	Crude	Tomas Pluskal	Corinna Brungs	[M+Na]+	316.152	293.163	1	N/A	N/A	CCCCCC(=O)N[C@@H](Cc1ccc(O)cc1)C(=O)OC	InChI=1S/C16H23NO4/c1-3-4-5-6-15(19)17-14(16(20)21-2)11-12-7-9-13(18)10-8-12/h7-10,14,18H,3-6,11H2,1-2H3,(H,17,19)/t14-/m0/s1	GBTVWZMJUZJPBU-AWEZNQCLSA-N	1	Positive	MSNLIB-POSITIVE	316.152	UPDATE-SINGLE-ANNOTATED-GOLD	Gold		C16H23NO4	GBTVWZMJUZJPBU-AWEZNQCLSA-N	GBTVWZMJUZJPBU	Organic acids and derivatives	Carboxylic acids and derivatives	Amino acids, peptides, and analogues	Small peptides	Dipeptides	Amino acids and Peptides	mzspec:GNPS:GNPS-LIBRARY:CCMSLIB00012358877
CCMSLIB00006678211	3417	spectra_filtered.mgf	GNPS-LIBRARY.mgf	0.851189	4217200.0	0	1.73319	21	0.00164795	950.818	1	temp/spectra_filtered.mgf3417	1	TAG (18:0/18:1/22:6)	LC-ESI	Orbitrap	Other	S Ding	Su Ding	M+NH4	950.816	950.815	1	N/A	N/A	N/A	N/A	N/A	3	Positive	GNPS-LIBRARY	950.816	UPDATE-SINGLE-ANNOTATED-BRONZE	Bronze		N/A	N/A	N/A	N/A	N/A	N/A	N/A	N/A	N/A	mzspec:GNPS:GNPS-LIBRARY:CCMSLIB00006678211
CCMSLIB00010093491	2076	spectra_filtered.mgf	PNNL-LIPIDS-POSITIVE.mgf	0.850917	18862500.0	0	44.5529	10	0.0354004	794.605	1	temp/spectra_filtered.mgf2076	1	PC(17:0/20:5); [M+H]+ C45H81N1O8P1	LC-ESI	HCD; Velos	Commercial	Thomas Metz	Thomas Metz	M+H	794.57	0.0	1	N/A	N/A	N/A	N/A	N/A	1	Positive	PNNL-LIPIDS-POSITIVE	794.57	UPDATE-SINGLE-ANNOTATED-GOLD	Gold		N/A	N/A	N/A	N/A	N/A	N/A	N/A	N/A	N/A	mzspec:GNPS:GNPS-LIBRARY:CCMSLIB00010093491
CCMSLIB00010093349	2258	spectra_filtered.mgf	PNNL-LIPIDS-POSITIVE.mgf	0.850135	11073100.0	0	2574.29	9	1.97858	770.57	1	temp/spectra_filtered.mgf2258	1	PC(O-16:0/20:4); [M+H]+ C44H83N1O7P1	LC-ESI	HCD; Velos	Commercial	Thomas Metz	Thomas Metz	M+H	768.591	0.0	1	N/A	N/A	N/A	N/A	N/A	1	Positive	PNNL-LIPIDS-POSITIVE	768.591	UPDATE-SINGLE-ANNOTATED-GOLD	Gold		N/A	N/A	N/A	N/A	N/A	N/A	N/A	N/A	N/A	mzspec:GNPS:GNPS-LIBRARY:CCMSLIB00010093349
CCMSLIB00003137019	2204	spectra_filtered.mgf	GNPS-NIST14-MATCHES.mgf	0.849407	4138810.0	0	2476.48	10	1.92804	776.612	1	temp/spectra_filtered.mgf2204	1	Spectral Match to 1,2-Di-(9Z,12Z,15Z-octadecatrienoyl)-sn-glycero-3-phosphocholine from NIST14	ESI	qTof	Isolated	Data from Gabriel Haddad	Data deposited by mjmeehan	M+H	778.54	777.531	1	2701191	N/A	CC/C=C\C/C=C\C/C=C\CCCCCCCC(=O)OC[C@H](COP(=O)([O-])OCC[N+](C)(C)C)OC(=O)CCCCCCC/C=C\C/C=C\C/C=C\CC	InChI=1S/C44H76NO8P/c1-6-8-10-12-14-16-18-20-22-24-26-28-30-32-34-36-43(46)50-40-42(41-52-54(48,49)51-39-38-45(3,4)5)53-44(47)37-35-33-31-29-27-25-23-21-19-17-15-13-11-9-7-2/h8-11,14-17,20-23,42H,6-7,12-13,18-19,24-41H2,1-5H3/b10-8-,11-9-,16-14-,17-15-,22-20-,23-21-/t42-/m1/s1	N/A	3	Positive	GNPS-NIST14-MATCHES	778.54	UPDATE-SINGLE-ANNOTATED-BRONZE	Bronze		N/A	XXKFQTJOJZELMD-JICBSJGISA-N	XXKFQTJOJZELMD	Lipids and lipid-like molecules	Glycerophospholipids	Glycerophosphocholines	N/A	N/A	N/A	mzspec:GNPS:GNPS-LIBRARY:CCMSLIB00003137019
CCMSLIB00011436270	1297	spectra_filtered.mgf	ECG-ACYL-AMIDES-C4-C24-LIBRARY.mgf	0.849398	3007660.0	0	335.583	6	0.15451	460.27	1	temp/spectra_filtered.mgf1297	1	spermidine-C20:1	ESI	Orbitrap	Commercial	Dorrestein	Ipsita	M+Na	460.424	437.435	1	N/A	N/A	O=C(NCCCCNCCCN)CCCCCCCCCC=CCCCCCCCC	InChI=1S/C27H55N3O/c1-2-3-4-5-6-7-8-9-10-11-12-13-14-15-16-17-18-22-27(31)30-26-20-19-24-29-25-21-23-28/h9-10,29H,2-8,11-26,28H2,1H3,(H,30,31)	N/A	1	Positive	ECG-ACYL-AMIDES-C4-C24-LIBRARY	460.424	UPDATE-SINGLE-ANNOTATED-GOLD	Gold		C27H55N3O	CICDRLGIBLNZJW-UHFFFAOYSA-N	CICDRLGIBLNZJW	Lipids and lipid-like molecules	Fatty Acyls	Fatty amides	Ornithine alkaloids|Fatty amides	N-acyl amines|Polyamines	Alkaloids|Fatty acids	mzspec:GNPS:GNPS-LIBRARY:CCMSLIB00011436270
CCMSLIB00010089401	2261	spectra_filtered.mgf	PNNL-LIPIDS-POSITIVE.mgf	0.849109	10200400.0	0	0.536346	9	0.000427246	796.586	1	temp/spectra_filtered.mgf2261	1	PC(15:0/22:4); [M+H]+ C45H83N1O8P1	LC-ESI	HCD; Velos	Commercial	Thomas Metz	Thomas Metz	M+H	796.586	0.0	1	N/A	N/A	N/A	N/A	N/A	1	Positive	PNNL-LIPIDS-POSITIVE	796.586	UPDATE-SINGLE-ANNOTATED-GOLD	Gold		N/A	N/A	N/A	N/A	N/A	N/A	N/A	N/A	N/A	mzspec:GNPS:GNPS-LIBRARY:CCMSLIB00010089401
CCMSLIB00011436270	1195	spectra_filtered.mgf	ECG-ACYL-AMIDES-C4-C24-LIBRARY.mgf	0.848266	2867880.0	0	335.782	6	0.154602	460.269	1	temp/spectra_filtered.mgf1195	1	spermidine-C20:1	ESI	Orbitrap	Commercial	Dorrestein	Ipsita	M+Na	460.424	437.435	1	N/A	N/A	O=C(NCCCCNCCCN)CCCCCCCCCC=CCCCCCCCC	InChI=1S/C27H55N3O/c1-2-3-4-5-6-7-8-9-10-11-12-13-14-15-16-17-18-22-27(31)30-26-20-19-24-29-25-21-23-28/h9-10,29H,2-8,11-26,28H2,1H3,(H,30,31)	N/A	1	Positive	ECG-ACYL-AMIDES-C4-C24-LIBRARY	460.424	UPDATE-SINGLE-ANNOTATED-GOLD	Gold		C27H55N3O	CICDRLGIBLNZJW-UHFFFAOYSA-N	CICDRLGIBLNZJW	Lipids and lipid-like molecules	Fatty Acyls	Fatty amides	Ornithine alkaloids|Fatty amides	N-acyl amines|Polyamines	Alkaloids|Fatty acids	mzspec:GNPS:GNPS-LIBRARY:CCMSLIB00011436270
CCMSLIB00011436115	1223	spectra_filtered.mgf	ECG-ACYL-AMIDES-C4-C24-LIBRARY.mgf	0.847169	346568.0	0	1.0453	12	0.000366211	350.342	1	temp/spectra_filtered.mgf1223	1	amylamine-C18:2	ESI	Orbitrap	Commercial	Dorrestein	Ipsita	M+H	350.342	349.334	1	N/A	N/A	O=C(NCCCCC)CCCCCCCC=CCC=CCCCCC	InChI=1S/C23H43NO/c1-3-5-7-8-9-10-11-12-13-14-15-16-17-18-19-21-23(25)24-22-20-6-4-2/h9-10,12-13H,3-8,11,14-22H2,1-2H3,(H,24,25)	N/A	1	Positive	ECG-ACYL-AMIDES-C4-C24-LIBRARY	350.342	UPDATE-SINGLE-ANNOTATED-GOLD	Gold		C23H43NO	MXRZJYMPTOMQEY-UHFFFAOYSA-N	MXRZJYMPTOMQEY	Lipids and lipid-like molecules	Fatty Acyls	Fatty amides	Fatty amides	N-acyl amines	Fatty acids	mzspec:GNPS:GNPS-LIBRARY:CCMSLIB00011436115
CCMSLIB00010055290	1777	spectra_filtered.mgf	PNNL-LIPIDS-POSITIVE.mgf	0.846574	1733090.0	0	2544.63	6	1.95569	770.51	1	temp/spectra_filtered.mgf1777	1	PC(17:2/18:2); [M+H]+ C43H79N1O8P1	LC-ESI	HCD; Lumos	Commercial	Thomas Metz	Thomas Metz	M+H	768.554	0.0	1	N/A	N/A	N/A	N/A	N/A	1	Positive	PNNL-LIPIDS-POSITIVE	768.554	UPDATE-SINGLE-ANNOTATED-GOLD	Gold		N/A	N/A	N/A	N/A	N/A	N/A	N/A	N/A	N/A	mzspec:GNPS:GNPS-LIBRARY:CCMSLIB00010055290
CCMSLIB00011435216	669	spectra_filtered.mgf	ECG-ACYL-AMIDES-C4-C24-LIBRARY.mgf	0.846325	13379300.0	0	0.178982	6	9.15527e-05	511.52	1	temp/spectra_filtered.mgf669	1	amylamine-C11:0	ESI	Orbitrap	Commercial	Dorrestein	Ipsita	2M+H	511.52	255.256	1	N/A	N/A	CCCCCCCCCCC(NCCCCC)=O	InChI=1S/C16H33NO/c1-3-5-7-8-9-10-11-12-14-16(18)17-15-13-6-4-2/h3-15H2,1-2H3,(H,17,18)	N/A	1	Positive	ECG-ACYL-AMIDES-C4-C24-LIBRARY	511.52	UPDATE-SINGLE-ANNOTATED-GOLD	Gold		C16H33NO	LOTNCCWXPMLJSC-UHFFFAOYSA-N	LOTNCCWXPMLJSC	Lipids and lipid-like molecules	Fatty Acyls	Fatty amides	Fatty amides	N-acyl amines	Fatty acids	mzspec:GNPS:GNPS-LIBRARY:CCMSLIB00011435216
CCMSLIB00000223895	2202	spectra_filtered.mgf	GNPS-LIBRARY.mgf	0.84579	1214540.0	0	0.226677	9	0.00012207	538.52	1	temp/spectra_filtered.mgf2202	1	Ceramide (18:1/16:0)	LC-ESI	qTof	Other	Rohwer	Quinn	M+H	538.52	537.512	1	 	7850623	 	 	 	3	Positive	GNPS-LIBRARY	538.52	UPDATE-SINGLE-ANNOTATED-BRONZE	Bronze		N/A	N/A	N/A	N/A	N/A	N/A	N/A	N/A	N/A	mzspec:GNPS:GNPS-LIBRARY:CCMSLIB00000223895
CCMSLIB00006678228	3415	spectra_filtered.mgf	GNPS-LIBRARY.mgf	0.843985	3934520.0	0	2.37594	17	0.00219727	924.802	1	temp/spectra_filtered.mgf3415	1	TAG (16:0/18:0/22:6)	LC-ESI	Orbitrap	Other	S Ding	Su Ding	M+NH4	924.8	924.798	1	N/A	N/A	N/A	N/A	N/A	3	Positive	GNPS-LIBRARY	924.8	UPDATE-SINGLE-ANNOTATED-BRONZE	Bronze		N/A	N/A	N/A	N/A	N/A	N/A	N/A	N/A	N/A	mzspec:GNPS:GNPS-LIBRARY:CCMSLIB00006678228
CCMSLIB00003135493	1631	spectra_filtered.mgf	GNPS-NIST14-MATCHES.mgf	0.843322	257700.0	0	3485.62	7	0.983917	283.263	0	temp/spectra_filtered.mgf1631	1	Spectral Match to 9-Octadecenamide, (Z)- from NIST14	ESI	qTof	Isolated	Data from Wolfender/Litaudon	Data deposited by pmallard	M+H	282.279	281.272	1	301020	N/A	CCCCCCCC/C=C\CCCCCCCC(=O)N	InChI=1S/C18H35NO/c1-2-3-4-5-6-7-8-9-10-11-12-13-14-15-16-17-18(19)20/h9-10H,2-8,11-17H2,1H3,(H2,19,20)/b10-9-	N/A	3	Positive	GNPS-NIST14-MATCHES	282.279	UPDATE-SINGLE-ANNOTATED-BRONZE	Bronze		C18H35NO	FATBGEAMYMYZAF-KTKRTIGZSA-N	FATBGEAMYMYZAF	Lipids and lipid-like molecules	Fatty Acyls	Fatty amides	Fatty amides	Primary amides	Fatty acids	mzspec:GNPS:GNPS-LIBRARY:CCMSLIB00003135493
CCMSLIB00003138914	379	spectra_filtered.mgf	GNPS-NIST14-MATCHES.mgf	0.842269	1531090.0	0	3555.24	8	1.00357	283.283	1	temp/spectra_filtered.mgf379	1	Spectral Match to 9-Octadecenamide, (Z)- from NIST14	ESI	QQQ	Isolated	Data from Wolfender/Litaudon	Data deposited by pmallard	M+H	282.279	281.272	1	301020	N/A	CCCCCCCC/C=C\CCCCCCCC(=O)N	InChI=1S/C18H35NO/c1-2-3-4-5-6-7-8-9-10-11-12-13-14-15-16-17-18(19)20/h9-10H,2-8,11-17H2,1H3,(H2,19,20)/b10-9-	N/A	3	Positive	GNPS-NIST14-MATCHES	282.279	UPDATE-SINGLE-ANNOTATED-BRONZE	Bronze		C18H35NO	FATBGEAMYMYZAF-KTKRTIGZSA-N	FATBGEAMYMYZAF	Lipids and lipid-like molecules	Fatty Acyls	Fatty amides	Fatty amides	Primary amides	Fatty acids	mzspec:GNPS:GNPS-LIBRARY:CCMSLIB00003138914
CCMSLIB00004698204	3441	spectra_filtered.mgf	MONA.mgf	0.842148	16695600.0	0	1399.97	16	1.16675	832.241	1	temp/spectra_filtered.mgf3441	1	2,2,6b,9,9,12a-hexamethyl-4a-[3,4,5-trihydroxy-6-(hydroxymethyl)oxan-2-yl]oxycarbonyl-10-(3,4,5-trihydroxy-6-methyloxan-2-yl)oxy-1,3,4,5,6,6a,7,8,8a,10,11,12,13,14b-tetradecahydropicene-6a-carboxylic acid	N/A	ESI-QFT	isolated	MoNA	MoNA:VF-NPL-QEHF007141	[M+K]+	833.408	0.0	1	N/A	N/A	CC1OC(OC2CCC3(C)C(CCC4(C)C3CC=C3C5CC(C)(C)CCC5(C(=O)OC5OC(CO)C(O)C(O)C5O)CCC34C(=O)O)C2(C)C)C(O)C(O)C1O	InChI=1S/C42H66O14/c1-20-27(44)29(46)31(48)33(53-20)55-26-11-12-39(6)24(38(26,4)5)10-13-40(7)25(39)9-8-21-22-18-37(2,3)14-15-41(22,16-17-42(21,40)35(50)51)36(52)56-34-32(49)30(47)28(45)23(19-43)54-34/h8,20,22-34,43-49H,9-19H2,1-7H3,(H,50,51)	N/A	3	positive	MONA	833.408	UPDATE-SINGLE-ANNOTATED-BRONZE	Bronze		C42H66O14	ZCBRYYRPNSHPER-UHFFFAOYSA-N	ZCBRYYRPNSHPER	Lipids and lipid-like molecules	Prenol lipids	Terpene glycosides	Triterpenoids	Oleanane triterpenoids	Terpenoids	mzspec:GNPS:GNPS-LIBRARY:CCMSLIB00004698204
CCMSLIB00003137019	1826	spectra_filtered.mgf	GNPS-NIST14-MATCHES.mgf	0.840899	1076600.0	0	87.5694	6	0.0681763	778.608	1	temp/spectra_filtered.mgf1826	1	Spectral Match to 1,2-Di-(9Z,12Z,15Z-octadecatrienoyl)-sn-glycero-3-phosphocholine from NIST14	ESI	qTof	Isolated	Data from Gabriel Haddad	Data deposited by mjmeehan	M+H	778.54	777.531	1	2701191	N/A	CC/C=C\C/C=C\C/C=C\CCCCCCCC(=O)OC[C@H](COP(=O)([O-])OCC[N+](C)(C)C)OC(=O)CCCCCCC/C=C\C/C=C\C/C=C\CC	InChI=1S/C44H76NO8P/c1-6-8-10-12-14-16-18-20-22-24-26-28-30-32-34-36-43(46)50-40-42(41-52-54(48,49)51-39-38-45(3,4)5)53-44(47)37-35-33-31-29-27-25-23-21-19-17-15-13-11-9-7-2/h8-11,14-17,20-23,42H,6-7,12-13,18-19,24-41H2,1-5H3/b10-8-,11-9-,16-14-,17-15-,22-20-,23-21-/t42-/m1/s1	N/A	3	Positive	GNPS-NIST14-MATCHES	778.54	UPDATE-SINGLE-ANNOTATED-BRONZE	Bronze		N/A	XXKFQTJOJZELMD-JICBSJGISA-N	XXKFQTJOJZELMD	Lipids and lipid-like molecules	Glycerophospholipids	Glycerophosphocholines	N/A	N/A	N/A	mzspec:GNPS:GNPS-LIBRARY:CCMSLIB00003137019
CCMSLIB00012316042	512	spectra_filtered.mgf	MSNLIB-POSITIVE.mgf	0.840711	4538310.0	0	0.255471	6	9.15527e-05	358.368	1	temp/spectra_filtered.mgf512	1	Stearyldiethanolamine	ESI	Orbitrap	Crude	Tomas Pluskal	Corinna Brungs	[M+H]+	358.368	357.361	1	N/A	N/A	CCCCCCCCCCCCCCCCCCN(CCO)CCO	InChI=1S/C22H47NO2/c1-2-3-4-5-6-7-8-9-10-11-12-13-14-15-16-17-18-23(19-21-24)20-22-25/h24-25H,2-22H2,1H3	NDLNTMNRNCENRZ-UHFFFAOYSA-N	1	Positive	MSNLIB-POSITIVE	358.368	UPDATE-SINGLE-ANNOTATED-GOLD	Gold		C22H47NO2	NDLNTMNRNCENRZ-UHFFFAOYSA-N	NDLNTMNRNCENRZ	Organic nitrogen compounds	Organonitrogen compounds	Amines	Fatty amides	N-acyl ethanolamines (endocannabinoids)	Fatty acids	mzspec:GNPS:GNPS-LIBRARY:CCMSLIB00012316042
CCMSLIB00010093491	2194	spectra_filtered.mgf	PNNL-LIPIDS-POSITIVE.mgf	0.840437	4093520.0	0	1.68994	9	0.00134277	794.569	1	temp/spectra_filtered.mgf2194	1	PC(17:0/20:5); [M+H]+ C45H81N1O8P1	LC-ESI	HCD; Velos	Commercial	Thomas Metz	Thomas Metz	M+H	794.57	0.0	1	N/A	N/A	N/A	N/A	N/A	1	Positive	PNNL-LIPIDS-POSITIVE	794.57	UPDATE-SINGLE-ANNOTATED-GOLD	Gold		N/A	N/A	N/A	N/A	N/A	N/A	N/A	N/A	N/A	mzspec:GNPS:GNPS-LIBRARY:CCMSLIB00010093491
CCMSLIB00013576563	525	spectra_filtered.mgf	CMMC-FOOD-BIOMARKERS.mgf	0.840373	43557900.0	0	3523.33	8	0.983826	278.248	1	temp/spectra_filtered.mgf525	1	gamma-Linolenic acid (known structural isomers: 0; isobaric peaks in run: 2)	LC-ESI	Orbitrap	Crude	Pieter Dorrestein	Julius	[M+H]+	279.232	278.225	1	N/A	N/A	CCCCC/C=C\C/C=C\C/C=C\CCCCC(=O)O	InChI=1S/C18H30O2/c1-2-3-4-5-6-7-8-9-10-11-12-13-14-15-16-17-18(19)20/h6-7,9-10,12-13H,2-5,8,11,14-17H2,1H3,(H,19,20)/b7-6-,10-9-,13-12-	InChI=1S/C18H30O2/c1-2-3-4-5-6-7-8-9-10-11-12-13-14-15-16-17-18(19)20/h6-7,9-10,12-13H,2-5,8,11,14-17H2,1H3,(H,19,20)/b7-6-,10-9-,13-12- [M+H]+	1	Positive	CMMC-FOOD-BIOMARKERS	279.232	UPDATE-SINGLE-ANNOTATED-GOLD	Gold		C18H30O2	VZCCETWTMQHEPK-QNEBEIHSSA-N	VZCCETWTMQHEPK	Lipids and lipid-like molecules	Fatty Acyls	Lineolic acids and derivatives	Fatty Acids and Conjugates	Unsaturated fatty acids	Fatty acids	mzspec:GNPS:GNPS-LIBRARY:CCMSLIB00013576563
CCMSLIB00010093491	2097	spectra_filtered.mgf	PNNL-LIPIDS-POSITIVE.mgf	0.840125	17586400.0	0	0.768153	12	0.000610352	794.569	1	temp/spectra_filtered.mgf2097	1	PC(17:0/20:5); [M+H]+ C45H81N1O8P1	LC-ESI	HCD; Velos	Commercial	Thomas Metz	Thomas Metz	M+H	794.57	0.0	1	N/A	N/A	N/A	N/A	N/A	1	Positive	PNNL-LIPIDS-POSITIVE	794.57	UPDATE-SINGLE-ANNOTATED-GOLD	Gold		N/A	N/A	N/A	N/A	N/A	N/A	N/A	N/A	N/A	mzspec:GNPS:GNPS-LIBRARY:CCMSLIB00010093491
CCMSLIB00003135294	450	spectra_filtered.mgf	GNPS-NIST14-MATCHES.mgf	0.83946	5516320.0	0	5747.12	7	0.983337	170.118	1	temp/spectra_filtered.mgf450	1	Spectral Match to Azelaic acid from NIST14	ESI	qTof	Isolated	Data from Christopher A. Lowry	Data deposited by fevargas	M+H-H2O	171.101	188.105	1	123999	N/A	C(CCCC(=O)O)CCCC(=O)O	InChI=1S/C9H16O4/c10-8(11)6-4-2-1-3-5-7-9(12)13/h1-7H2,(H,10,11)(H,12,13)	N/A	3	Positive	GNPS-NIST14-MATCHES	171.101	UPDATE-SINGLE-ANNOTATED-BRONZE	Bronze		C9H16O4	BDJRBEYXGGNYIS-UHFFFAOYSA-N	BDJRBEYXGGNYIS	Lipids and lipid-like molecules	Fatty Acyls	Fatty acids and conjugates	Fatty Acids and Conjugates	Dicarboxylic acids	Fatty acids	mzspec:GNPS:GNPS-LIBRARY:CCMSLIB00003135294
CCMSLIB00010089043	2476	spectra_filtered.mgf	PNNL-LIPIDS-POSITIVE.mgf	0.839116	7255740.0	0	0.301155	8	0.000244141	810.682	1	temp/spectra_filtered.mgf2476	1	GalCer(d18:1/24:1); [M+H]+ C48H92N1O8	LC-ESI	HCD; Velos	Commercial	Thomas Metz	Thomas Metz	M+H	810.682	0.0	1	N/A	N/A	N/A	N/A	N/A	1	Positive	PNNL-LIPIDS-POSITIVE	810.682	UPDATE-SINGLE-ANNOTATED-GOLD	Gold		N/A	N/A	N/A	N/A	N/A	N/A	N/A	N/A	N/A	mzspec:GNPS:GNPS-LIBRARY:CCMSLIB00010089043
CCMSLIB00010100133	2390	spectra_filtered.mgf	PNNL-LIPIDS-POSITIVE.mgf	0.839069	648182.0	0	2315.92	7	1.96088	848.656	1	temp/spectra_filtered.mgf2390	1	PC(16:0/24:0); [M+H]+ C48H97N1O8P1	LC-ESI	HCD; Velos	Commercial	Thomas Metz	Thomas Metz	M+H	846.695	0.0	1	N/A	N/A	N/A	N/A	N/A	1	Positive	PNNL-LIPIDS-POSITIVE	846.695	UPDATE-SINGLE-ANNOTATED-GOLD	Gold		N/A	N/A	N/A	N/A	N/A	N/A	N/A	N/A	N/A	mzspec:GNPS:GNPS-LIBRARY:CCMSLIB00010100133
CCMSLIB00006678167	3418	spectra_filtered.mgf	GNPS-LIBRARY.mgf	0.838846	8430030.0	0	3.06995	16	0.00268555	874.787	1	temp/spectra_filtered.mgf3418	1	TAG (16:0/18:1/18:2)	LC-ESI	Orbitrap	Other	S Ding	Su Ding	M+NH4	874.784	874.784	1	N/A	N/A	N/A	N/A	N/A	3	Positive	GNPS-LIBRARY	874.784	UPDATE-SINGLE-ANNOTATED-BRONZE	Bronze		N/A	N/A	N/A	N/A	N/A	N/A	N/A	N/A	N/A	mzspec:GNPS:GNPS-LIBRARY:CCMSLIB00006678167
CCMSLIB00010096909	3080	spectra_filtered.mgf	PNNL-LIPIDS-POSITIVE.mgf	0.837765	730670.0	0	0.360802	8	0.000244141	676.661	1	temp/spectra_filtered.mgf3080	1	Cer(d18:1/26:1); [M+H]+ C44H86N1O3	LC-ESI	HCD; Velos	Commercial	Thomas Metz	Thomas Metz	M+H	676.661	0.0	1	N/A	N/A	N/A	N/A	N/A	1	Positive	PNNL-LIPIDS-POSITIVE	676.661	UPDATE-SINGLE-ANNOTATED-GOLD	Gold		N/A	N/A	N/A	N/A	N/A	N/A	N/A	N/A	N/A	mzspec:GNPS:GNPS-LIBRARY:CCMSLIB00010096909
CCMSLIB00017457371	2468	spectra_filtered.mgf	GNPS-LIBRARY.mgf	0.837396	320077.0	0	0.802432	10	0.000427246	532.439	1	temp/spectra_filtered.mgf2468	1	Didodecyl 3,3'-thiodipropionate	LC-ESI	Orbitrap	Commercial	Haifeng Li	Kang Wang	M+NH4	532.439	514.406	1	123-28-4	31250	CCCCCCCCCCCCOC(=O)CCSCCC(=O)OCCCCCCCCCCCC	InChI=1S/C30H58O4S/c1-3-5-7-9-11-13-15-17-19-21-25-33-29(31)23-27-35-28-24-30(32)34-26-22-20-18-16-14-12-10-8-6-4-2/h3-28H2,1-2H3	 	3	Positive	GNPS-LIBRARY	532.439	UPDATE-SINGLE-ANNOTATED-BRONZE	Bronze		C30H58O4S	GHKOFFNLGXMVNJ-UHFFFAOYSA-N	GHKOFFNLGXMVNJ	Organic acids and derivatives	Carboxylic acids and derivatives	Dicarboxylic acids and derivatives	Fatty esters	Wax monoesters	Fatty acids	mzspec:GNPS:GNPS-LIBRARY:CCMSLIB00017457371
CCMSLIB00012766668	337	spectra_filtered.mgf	MSNLIB-POSITIVE.mgf	0.837016	17115700.0	0	367.769	6	0.121429	330.3	1	temp/spectra_filtered.mgf337	1	Z1517722710	ESI	Orbitrap	Commercial	Tomas Pluskal	Corinna Brungs	[M+Na]+	330.179	307.19	1	N/A	N/A	COCC(C)(C)C(=O)N1CCCC(c2noc(C3CC3)n2)C1	InChI=1S/C16H25N3O3/c1-16(2,10-21-3)15(20)19-8-4-5-12(9-19)13-17-14(22-18-13)11-6-7-11/h11-12H,4-10H2,1-3H3	MPZBFDVMBBZVTD-UHFFFAOYSA-N	1	Positive	MSNLIB-POSITIVE	330.179	UPDATE-SINGLE-ANNOTATED-GOLD	Gold		C16H25N3O3	MPZBFDVMBBZVTD-UHFFFAOYSA-N	MPZBFDVMBBZVTD	Organoheterocyclic compounds	Piperidines	N-acylpiperidines	Pseudoalkaloids		Alkaloids	mzspec:GNPS:GNPS-LIBRARY:CCMSLIB00012766668
CCMSLIB00010057775	1548	spectra_filtered.mgf	PNNL-LIPIDS-POSITIVE.mgf	0.836361	1900190.0	0	2393.63	6	1.9212	804.554	1	temp/spectra_filtered.mgf1548	1	PC(18:0/19:1); [M+H]+ C45H89N1O8P1	LC-ESI	HCD; Velos	Commercial	Thomas Metz	Thomas Metz	M+H	802.633	0.0	1	N/A	N/A	N/A	N/A	N/A	1	Positive	PNNL-LIPIDS-POSITIVE	802.633	UPDATE-SINGLE-ANNOTATED-GOLD	Gold		N/A	N/A	N/A	N/A	N/A	N/A	N/A	N/A	N/A	mzspec:GNPS:GNPS-LIBRARY:CCMSLIB00010057775
CCMSLIB00000565916	317	spectra_filtered.mgf	MONA.mgf	0.83601	9676210.0	0	7180.03	10	1.77347	245.227	1	temp/spectra_filtered.mgf317	1	MoNA:2479447 O-Galactosylsphingosine	LC-ESI-IT	LC-ESI-IT	isolated	MoNA	MoNA	[M+H]+	247.0	0.0	1	N/A	N/A	CCCCCCCCCCCCC/C=C/[C@@H](O)[C@@H](N)CO[C@@H]1O[C@H](CO)[C@H](O)[C@H](O)[C@H]1O	InChI=1S/C24H47NO7/c1-2-3-4-5-6-7-8-9-10-11-12-13-14-15-19(27)18(25)17-31-24-23(30)22(29)21(28)20(16-26)32-24/h14-15,18-24,26-30H,2-13,16-17,25H2,1H3/b15-14+/t18-,19+,20+,21-,22-,23+,24+/m0/s1	N/A	3		MONA	247.0	UPDATE-SINGLE-ANNOTATED-BRONZE	Bronze		C24H47NO7	HHJTWTPUPVQKNA-PIIMIWFASA-N	HHJTWTPUPVQKNA	Lipids and lipid-like molecules	Sphingolipids	Glycosphingolipids	Sphingolipids	Neutral glycosphingolipids|Sphingoid bases	Fatty acids	mzspec:GNPS:GNPS-LIBRARY:CCMSLIB00000565916
CCMSLIB00003136849	763	spectra_filtered.mgf	GNPS-NIST14-MATCHES.mgf	0.835754	2529680.0	0	3550.27	10	1.00217	283.281	1	temp/spectra_filtered.mgf763	1	Spectral Match to 9-Octadecenamide, (Z)- from NIST14	ESI	QQQ	Isolated	Data from Wolfender/Litaudon	Data deposited by pmallard	M+H	282.279	281.272	1	301020	N/A	CCCCCCCC/C=C\CCCCCCCC(=O)N	InChI=1S/C18H35NO/c1-2-3-4-5-6-7-8-9-10-11-12-13-14-15-16-17-18(19)20/h9-10H,2-8,11-17H2,1H3,(H2,19,20)/b10-9-	N/A	3	Positive	GNPS-NIST14-MATCHES	282.279	UPDATE-SINGLE-ANNOTATED-BRONZE	Bronze		C18H35NO	FATBGEAMYMYZAF-KTKRTIGZSA-N	FATBGEAMYMYZAF	Lipids and lipid-like molecules	Fatty Acyls	Fatty amides	Fatty amides	Primary amides	Fatty acids	mzspec:GNPS:GNPS-LIBRARY:CCMSLIB00003136849
CCMSLIB00010090157	2164	spectra_filtered.mgf	PNNL-LIPIDS-POSITIVE.mgf	0.832979	12336600.0	0	0.260632	16	0.000183105	702.544	1	temp/spectra_filtered.mgf2164	1	PE(P-16:0/18:1); [M+H]+ C39H77N1O7P1	LC-ESI	HCD; Velos	Commercial	Thomas Metz	Thomas Metz	M+H	702.544	0.0	1	N/A	N/A	N/A	N/A	N/A	1	Positive	PNNL-LIPIDS-POSITIVE	702.544	UPDATE-SINGLE-ANNOTATED-GOLD	Gold		N/A	N/A	N/A	N/A	N/A	N/A	N/A	N/A	N/A	mzspec:GNPS:GNPS-LIBRARY:CCMSLIB00010090157
CCMSLIB00010063206	3348	spectra_filtered.mgf	PNNL-LIPIDS-POSITIVE.mgf	0.832781	14425300.0	0	0.136122	19	0.00012207	896.771	1	temp/spectra_filtered.mgf3348	1	TG(18:1/18:2/18:3); [M+NH4]+ C57H102N1O6	LC-ESI	HCD; Velos	Commercial	Thomas Metz	Thomas Metz	M+NH4	896.771	0.0	1	N/A	N/A	N/A	N/A	N/A	1	Positive	PNNL-LIPIDS-POSITIVE	896.771	UPDATE-SINGLE-ANNOTATED-GOLD	Gold		N/A	N/A	N/A	N/A	N/A	N/A	N/A	N/A	N/A	mzspec:GNPS:GNPS-LIBRARY:CCMSLIB00010063206
CCMSLIB00003135666	372	spectra_filtered.mgf	GNPS-NIST14-MATCHES.mgf	0.832654	1713460.0	0	3.88983	8	0.000946045	243.211	1	temp/spectra_filtered.mgf372	1	Spectral Match to 12(13)-Epoxy-9Z-octadecenoic acid from NIST14	ESI	IT/ion trap	Isolated	Data from Katrina Waters;Yoshihiro Kawaoka;Richard Smith;Thomas Metz;Ralph Baric	Data deposited by alchemistmatt	243.2	243.21	0.0	1	948310687	N/A	N/A	N/A	N/A	3	Positive	GNPS-NIST14-MATCHES	243.21	UPDATE-SINGLE-ANNOTATED-BRONZE	Bronze		N/A	N/A	N/A	N/A	N/A	N/A	N/A	N/A	N/A	mzspec:GNPS:GNPS-LIBRARY:CCMSLIB00003135666
CCMSLIB00003138383	760	spectra_filtered.mgf	GNPS-NIST14-MATCHES.mgf	0.831565	2346550.0	0	4337.3	7	0.985443	226.217	1	temp/spectra_filtered.mgf760	1	Spectral Match to Myristoleic acid from NIST14	ESI	Q-TOF	Isolated	Data from Wolfender/Litaudon	Data deposited by pmallard	M+H	227.202	0.0	1	544649	N/A	N/A	N/A	N/A	3	Positive	GNPS-NIST14-MATCHES	227.202	UPDATE-SINGLE-ANNOTATED-BRONZE	Bronze		N/A	N/A	N/A	N/A	N/A	N/A	N/A	N/A	N/A	mzspec:GNPS:GNPS-LIBRARY:CCMSLIB00003138383
CCMSLIB00003138972	1889	spectra_filtered.mgf	GNPS-NIST14-MATCHES.mgf	0.830151	14050100.0	0	2504.71	6	1.98511	790.566	1	temp/spectra_filtered.mgf1889	1	Spectral Match to Docosahexaenoyl PAF C-16 from NIST14	ESI	HCD	Isolated	Data from James McKerrow	Data deposited by daniel	M+H	792.551	0.0	1	132213855	N/A	N/A	N/A	N/A	3	Positive	GNPS-NIST14-MATCHES	792.551	UPDATE-SINGLE-ANNOTATED-BRONZE	Bronze		N/A	N/A	N/A	N/A	N/A	N/A	N/A	N/A	N/A	mzspec:GNPS:GNPS-LIBRARY:CCMSLIB00003138972
CCMSLIB00010081248	3370	spectra_filtered.mgf	PNNL-LIPIDS-POSITIVE.mgf	0.829583	1480990.0	0	0.153601	19	0.00012207	794.724	1	temp/spectra_filtered.mgf3370	1	TG(14:0/16:0/16:1); [M+NH4]+ C49H96N1O6	LC-ESI	HCD; Velos	Commercial	Thomas Metz	Thomas Metz	M+NH4	794.724	0.0	1	N/A	N/A	N/A	N/A	N/A	1	Positive	PNNL-LIPIDS-POSITIVE	794.724	UPDATE-SINGLE-ANNOTATED-GOLD	Gold		N/A	N/A	N/A	N/A	N/A	N/A	N/A	N/A	N/A	mzspec:GNPS:GNPS-LIBRARY:CCMSLIB00010081248
CCMSLIB00003139412	690	spectra_filtered.mgf	GNPS-NIST14-MATCHES.mgf	0.829474	6368910.0	0	3202.2	8	0.983917	306.279	1	temp/spectra_filtered.mgf690	1	Spectral Match to 9Z,11E,13E-Octadecatrienoic acid ethyl ester from NIST14	ESI	qTof	Isolated	Data from Wolfender/Litaudon	Data deposited by pmallard	M+H	307.263	306.256	1	42021863	N/A	CCCC/C=C/C=C\C=C/CCCCCCCC(=O)OCC	InChI=1S/C20H34O2/c1-3-5-6-7-8-9-10-11-12-13-14-15-16-17-18-19-20(21)22-4-2/h7-12H,3-6,13-19H2,1-2H3/b8-7+,10-9-,12-11-	N/A	3	Positive	GNPS-NIST14-MATCHES	307.263	UPDATE-SINGLE-ANNOTATED-BRONZE	Bronze		C20H34O2	YVGCHYVFHLTZIM-JZEGGRRDSA-N	YVGCHYVFHLTZIM	Lipids and lipid-like molecules	Fatty Acyls	Lineolic acids and derivatives	Fatty esters	Wax monoesters	Fatty acids	mzspec:GNPS:GNPS-LIBRARY:CCMSLIB00003139412
CCMSLIB00000565916	608	spectra_filtered.mgf	MONA.mgf	0.829173	11552400.0	0	7180.28	10	1.77353	245.226	1	temp/spectra_filtered.mgf608	1	MoNA:2479447 O-Galactosylsphingosine	LC-ESI-IT	LC-ESI-IT	isolated	MoNA	MoNA	[M+H]+	247.0	0.0	1	N/A	N/A	CCCCCCCCCCCCC/C=C/[C@@H](O)[C@@H](N)CO[C@@H]1O[C@H](CO)[C@H](O)[C@H](O)[C@H]1O	InChI=1S/C24H47NO7/c1-2-3-4-5-6-7-8-9-10-11-12-13-14-15-19(27)18(25)17-31-24-23(30)22(29)21(28)20(16-26)32-24/h14-15,18-24,26-30H,2-13,16-17,25H2,1H3/b15-14+/t18-,19+,20+,21-,22-,23+,24+/m0/s1	N/A	3		MONA	247.0	UPDATE-SINGLE-ANNOTATED-BRONZE	Bronze		C24H47NO7	HHJTWTPUPVQKNA-PIIMIWFASA-N	HHJTWTPUPVQKNA	Lipids and lipid-like molecules	Sphingolipids	Glycosphingolipids	Sphingolipids	Neutral glycosphingolipids|Sphingoid bases	Fatty acids	mzspec:GNPS:GNPS-LIBRARY:CCMSLIB00000565916
CCMSLIB00006678230	3374	spectra_filtered.mgf	GNPS-LIBRARY.mgf	0.828589	1646770.0	0	3.12338	22	0.00256348	820.74	1	temp/spectra_filtered.mgf3374	1	TAG (14:0/16:1/18:1)	LC-ESI	Orbitrap	Other	S Ding	Su Ding	M+NH4	820.737	820.735	1	N/A	N/A	N/A	N/A	N/A	3	Positive	GNPS-LIBRARY	820.737	UPDATE-SINGLE-ANNOTATED-BRONZE	Bronze		N/A	N/A	N/A	N/A	N/A	N/A	N/A	N/A	N/A	mzspec:GNPS:GNPS-LIBRARY:CCMSLIB00006678230
CCMSLIB00004716392	280	spectra_filtered.mgf	MONA.mgf	0.827529	21262100.0	0	2695.89	6	0.855072	316.321	1	temp/spectra_filtered.mgf280	1	Sodium Tetradecyl Sulfate	N/A	ESI-QFT	isolated	MoNA	MoNA:VF-NPL-QEHF025329	[M+H]+	317.176	0.0	1	N/A	N/A	CCCCCCCCCCCCCCOS(=O)(=O)[O-].[Na+]	InChI=1S/C14H30O4S.Na/c1-2-3-4-5-6-7-8-9-10-11-12-13-14-18-19(15,16)17;/h2-14H2,1H3,(H,15,16,17);/q;+1/p-1	N/A	3	positive	MONA	317.176	UPDATE-SINGLE-ANNOTATED-BRONZE	Bronze		N/A	UPUIQOIQVMNQAP-UHFFFAOYSA-M	UPUIQOIQVMNQAP	Organic acids and derivatives	Organic sulfuric acids and derivatives	Sulfuric acid esters	N/A	N/A	N/A	mzspec:GNPS:GNPS-LIBRARY:CCMSLIB00004716392
CCMSLIB00005435829	1351	spectra_filtered.mgf	GNPS-LIBRARY.mgf	0.826858	338211.0	0	3583.76	12	1.97894	554.176	1	temp/spectra_filtered.mgf1351	1	Contaminant vial septum ThermoFisher C5000-44B	LC-ESI	Orbitrap	Commercial	Dorrestein	lfnothias	M+H	552.197	0.0	0	 	 	 	 	 	3	Positive	GNPS-LIBRARY	552.197	UPDATE-SINGLE-ANNOTATED-BRONZE	Bronze		N/A	N/A	N/A	N/A	N/A	N/A	N/A	N/A	N/A	mzspec:GNPS:GNPS-LIBRARY:CCMSLIB00005435829
CCMSLIB00006678219	3378	spectra_filtered.mgf	GNPS-LIBRARY.mgf	0.826676	4741920.0	0	3.35678	20	0.00292969	872.771	1	temp/spectra_filtered.mgf3378	1	TAG (16:0/18:2/18:2)	LC-ESI	Orbitrap	Other	S Ding	Su Ding	M+NH4	872.768	872.767	1	N/A	N/A	N/A	N/A	N/A	3	Positive	GNPS-LIBRARY	872.768	UPDATE-SINGLE-ANNOTATED-BRONZE	Bronze		N/A	N/A	N/A	N/A	N/A	N/A	N/A	N/A	N/A	mzspec:GNPS:GNPS-LIBRARY:CCMSLIB00006678219
CCMSLIB00003138383	374	spectra_filtered.mgf	GNPS-NIST14-MATCHES.mgf	0.826179	5897600.0	0	4336.7	7	0.985306	226.217	1	temp/spectra_filtered.mgf374	1	Spectral Match to Myristoleic acid from NIST14	ESI	Q-TOF	Isolated	Data from Wolfender/Litaudon	Data deposited by pmallard	M+H	227.202	0.0	1	544649	N/A	N/A	N/A	N/A	3	Positive	GNPS-NIST14-MATCHES	227.202	UPDATE-SINGLE-ANNOTATED-BRONZE	Bronze		N/A	N/A	N/A	N/A	N/A	N/A	N/A	N/A	N/A	mzspec:GNPS:GNPS-LIBRARY:CCMSLIB00003138383
CCMSLIB00003136259	357	spectra_filtered.mgf	GNPS-NIST14-MATCHES.mgf	0.825553	9365610.0	0	3515.26	10	0.981567	278.248	1	temp/spectra_filtered.mgf357	1	Spectral Match to Pinolenic acid from NIST14	ESI	qTof	Isolated	Data from System Wide MS course 	Data deposited by daniel	M+H	279.23	278.225	1	16833548	N/A	CCCCC/C=C\C/C=C\CC/C=C\CCCC(=O)O	InChI=1S/C18H30O2/c1-2-3-4-5-6-7-8-9-10-11-12-13-14-15-16-17-18(19)20/h6-7,9-10,13-14H,2-5,8,11-12,15-17H2,1H3,(H,19,20)/b7-6-,10-9-,14-13-	N/A	3	Positive	GNPS-NIST14-MATCHES	279.23	UPDATE-SINGLE-ANNOTATED-BRONZE	Bronze		C18H30O2	HXQHFNIKBKZGRP-URPRIDOGSA-N	HXQHFNIKBKZGRP	Lipids and lipid-like molecules	Fatty Acyls	Lineolic acids and derivatives	Fatty Acids and Conjugates	Unsaturated fatty acids	Fatty acids	mzspec:GNPS:GNPS-LIBRARY:CCMSLIB00003136259
CCMSLIB00010088321	2122	spectra_filtered.mgf	PNNL-LIPIDS-POSITIVE.mgf	0.825426	19355700.0	0	2494.95	6	1.97748	794.568	1	temp/spectra_filtered.mgf2122	1	PC(O-16:0/22:6); [M+H]+ C46H83N1O7P1	LC-ESI	CID; Velos	Commercial	Thomas Metz	Thomas Metz	M+H	792.591	0.0	1	N/A	N/A	N/A	N/A	N/A	1	Positive	PNNL-LIPIDS-POSITIVE	792.591	UPDATE-SINGLE-ANNOTATED-GOLD	Gold		N/A	N/A	N/A	N/A	N/A	N/A	N/A	N/A	N/A	mzspec:GNPS:GNPS-LIBRARY:CCMSLIB00010088321
CCMSLIB00010093820	2243	spectra_filtered.mgf	PNNL-LIPIDS-POSITIVE.mgf	0.824877	3864100.0	0	2368.47	8	1.91034	804.66	1	temp/spectra_filtered.mgf2243	1	PC(16:0/22:6); [M+H]+ C46H81N1O8P1	LC-ESI	CID; Velos	Commercial	Thomas Metz	Thomas Metz	M+H	806.57	0.0	1	N/A	N/A	N/A	N/A	N/A	1	Positive	PNNL-LIPIDS-POSITIVE	806.57	UPDATE-SINGLE-ANNOTATED-GOLD	Gold		N/A	N/A	N/A	N/A	N/A	N/A	N/A	N/A	N/A	mzspec:GNPS:GNPS-LIBRARY:CCMSLIB00010093820
CCMSLIB00010064959	2096	spectra_filtered.mgf	PNNL-LIPIDS-POSITIVE.mgf	0.824702	22822500.0	0	1.63951	11	0.0012207	744.555	1	temp/spectra_filtered.mgf2096	1	PE(18:1/18:1); [M+H]+ C41H79N1O8P1	LC-ESI	HCD; Velos	Commercial	Thomas Metz	Thomas Metz	M+H	744.554	0.0	1	N/A	N/A	N/A	N/A	N/A	1	Positive	PNNL-LIPIDS-POSITIVE	744.554	UPDATE-SINGLE-ANNOTATED-GOLD	Gold		N/A	N/A	N/A	N/A	N/A	N/A	N/A	N/A	N/A	mzspec:GNPS:GNPS-LIBRARY:CCMSLIB00010064959
CCMSLIB00006678171	3435	spectra_filtered.mgf	GNPS-LIBRARY.mgf	0.823751	735033.0	0	2.04236	16	0.00170898	836.771	1	temp/spectra_filtered.mgf3435	1	TAG (15:0/16:0/18:1)/ TAG (16:0/16:0/17:1)	LC-ESI	Orbitrap	Other	S Ding	Su Ding	M+NH4	836.769	836.77	1	N/A	N/A	N/A	N/A	N/A	3	Positive	GNPS-LIBRARY	836.769	UPDATE-SINGLE-ANNOTATED-BRONZE	Bronze		N/A	N/A	N/A	N/A	N/A	N/A	N/A	N/A	N/A	mzspec:GNPS:GNPS-LIBRARY:CCMSLIB00006678171
CCMSLIB00010099661	1713	spectra_filtered.mgf	PNNL-LIPIDS-POSITIVE.mgf	0.823575	1915080.0	0	1.0607	12	0.000732422	690.508	1	temp/spectra_filtered.mgf1713	1	PC(14:0/15:1); [M+H]+ C37H73N1O8P1	LC-ESI	HCD; Velos	Commercial	Thomas Metz	Thomas Metz	M+H	690.507	0.0	1	N/A	N/A	N/A	N/A	N/A	1	Positive	PNNL-LIPIDS-POSITIVE	690.507	UPDATE-SINGLE-ANNOTATED-GOLD	Gold		N/A	N/A	N/A	N/A	N/A	N/A	N/A	N/A	N/A	mzspec:GNPS:GNPS-LIBRARY:CCMSLIB00010099661
CCMSLIB00003137019	2173	spectra_filtered.mgf	GNPS-NIST14-MATCHES.mgf	0.822139	2315850.0	0	134.059	8	0.10437	778.644	1	temp/spectra_filtered.mgf2173	1	Spectral Match to 1,2-Di-(9Z,12Z,15Z-octadecatrienoyl)-sn-glycero-3-phosphocholine from NIST14	ESI	qTof	Isolated	Data from Gabriel Haddad	Data deposited by mjmeehan	M+H	778.54	777.531	1	2701191	N/A	CC/C=C\C/C=C\C/C=C\CCCCCCCC(=O)OC[C@H](COP(=O)([O-])OCC[N+](C)(C)C)OC(=O)CCCCCCC/C=C\C/C=C\C/C=C\CC	InChI=1S/C44H76NO8P/c1-6-8-10-12-14-16-18-20-22-24-26-28-30-32-34-36-43(46)50-40-42(41-52-54(48,49)51-39-38-45(3,4)5)53-44(47)37-35-33-31-29-27-25-23-21-19-17-15-13-11-9-7-2/h8-11,14-17,20-23,42H,6-7,12-13,18-19,24-41H2,1-5H3/b10-8-,11-9-,16-14-,17-15-,22-20-,23-21-/t42-/m1/s1	N/A	3	Positive	GNPS-NIST14-MATCHES	778.54	UPDATE-SINGLE-ANNOTATED-BRONZE	Bronze		N/A	XXKFQTJOJZELMD-JICBSJGISA-N	XXKFQTJOJZELMD	Lipids and lipid-like molecules	Glycerophospholipids	Glycerophosphocholines	N/A	N/A	N/A	mzspec:GNPS:GNPS-LIBRARY:CCMSLIB00003137019
CCMSLIB00013576563	773	spectra_filtered.mgf	CMMC-FOOD-BIOMARKERS.mgf	0.821204	591369.0	0	3521.58	8	0.983337	278.249	1	temp/spectra_filtered.mgf773	1	gamma-Linolenic acid (known structural isomers: 0; isobaric peaks in run: 2)	LC-ESI	Orbitrap	Crude	Pieter Dorrestein	Julius	[M+H]+	279.232	278.225	1	N/A	N/A	CCCCC/C=C\C/C=C\C/C=C\CCCCC(=O)O	InChI=1S/C18H30O2/c1-2-3-4-5-6-7-8-9-10-11-12-13-14-15-16-17-18(19)20/h6-7,9-10,12-13H,2-5,8,11,14-17H2,1H3,(H,19,20)/b7-6-,10-9-,13-12-	InChI=1S/C18H30O2/c1-2-3-4-5-6-7-8-9-10-11-12-13-14-15-16-17-18(19)20/h6-7,9-10,12-13H,2-5,8,11,14-17H2,1H3,(H,19,20)/b7-6-,10-9-,13-12- [M+H]+	1	Positive	CMMC-FOOD-BIOMARKERS	279.232	UPDATE-SINGLE-ANNOTATED-GOLD	Gold		C18H30O2	VZCCETWTMQHEPK-QNEBEIHSSA-N	VZCCETWTMQHEPK	Lipids and lipid-like molecules	Fatty Acyls	Lineolic acids and derivatives	Fatty Acids and Conjugates	Unsaturated fatty acids	Fatty acids	mzspec:GNPS:GNPS-LIBRARY:CCMSLIB00013576563
CCMSLIB00006584271	3031	spectra_filtered.mgf	BILELIB19.mgf	0.821008	3753140.0	0	284.469	6	0.294067	1034.03	1	temp/spectra_filtered.mgf3031	1	Ile/Leu-DCA	ESI	qToF	Crude	Dorrestein	Emily Gentry	2M+Na	1033.74	505.377	1			C[C@H](CCC(N[C@H](C(O)=O)C(C)CC)=O)[C@H]1CC[C@@]2([H])[C@]3([H])CC[C@]4([H])C[C@H](O)CC[C@]4(C)[C@H]3C[C@H](O)[C@@]21C	InChI=1S/C30H51NO5/c1-6-17(2)27(28(35)36)31-26(34)12-7-18(3)22-10-11-23-21-9-8-19-15-20(32)13-14-29(19,4)24(21)16-25(33)30(22,23)5/h17-25,27,32-33H,6-16H2,1-5H3,(H,31,34)(H,35,36)/t17?,18-,19-,20-,21+,22-,23+,24+,25+,27?,29+,30-/m1/s1	N/A	2	Positive	BILELIB19	1033.74	UPDATE-SINGLE-ANNOTATED-SILVER	Silver		C30H51NO5	QTMPUVRWTSAYOC-AALUTQFCSA-N	QTMPUVRWTSAYOC	Lipids and lipid-like molecules	Steroids and steroid derivatives	Bile acids, alcohols and derivatives	Steroids	Cholane steroids|Stigmastane steroids	Terpenoids	mzspec:GNPS:GNPS-LIBRARY:CCMSLIB00006584271
CCMSLIB00003138972	1892	spectra_filtered.mgf	GNPS-NIST14-MATCHES.mgf	0.820706	8046720.0	0	2500.39	6	1.98169	790.569	1	temp/spectra_filtered.mgf1892	1	Spectral Match to Docosahexaenoyl PAF C-16 from NIST14	ESI	HCD	Isolated	Data from James McKerrow	Data deposited by daniel	M+H	792.551	0.0	1	132213855	N/A	N/A	N/A	N/A	3	Positive	GNPS-NIST14-MATCHES	792.551	UPDATE-SINGLE-ANNOTATED-BRONZE	Bronze		N/A	N/A	N/A	N/A	N/A	N/A	N/A	N/A	N/A	mzspec:GNPS:GNPS-LIBRARY:CCMSLIB00003138972
CCMSLIB00010089209	2129	spectra_filtered.mgf	PNNL-LIPIDS-POSITIVE.mgf	0.820018	2815960.0	0	0.588053	15	0.000427246	726.544	1	temp/spectra_filtered.mgf2129	1	PE(P-16:0/20:3); [M+H]+ C41H77N1O7P1	LC-ESI	HCD; Velos	Commercial	Thomas Metz	Thomas Metz	M+H	726.544	0.0	1	N/A	N/A	N/A	N/A	N/A	1	Positive	PNNL-LIPIDS-POSITIVE	726.544	UPDATE-SINGLE-ANNOTATED-GOLD	Gold		N/A	N/A	N/A	N/A	N/A	N/A	N/A	N/A	N/A	mzspec:GNPS:GNPS-LIBRARY:CCMSLIB00010089209
CCMSLIB00010093985	1641	spectra_filtered.mgf	PNNL-LIPIDS-POSITIVE.mgf	0.819833	12144000.0	0	0.435609	7	0.000305176	700.573	1	temp/spectra_filtered.mgf1641	1	GalCer(d18:1/16:0); [M+H]+ C40H78N1O8	LC-ESI	HCD; Velos	Commercial	Thomas Metz	Thomas Metz	M+H	700.573	0.0	1	N/A	N/A	N/A	N/A	N/A	1	Positive	PNNL-LIPIDS-POSITIVE	700.573	UPDATE-SINGLE-ANNOTATED-GOLD	Gold		N/A	N/A	N/A	N/A	N/A	N/A	N/A	N/A	N/A	mzspec:GNPS:GNPS-LIBRARY:CCMSLIB00010093985
CCMSLIB00004716391	301	spectra_filtered.mgf	MONA.mgf	0.819814	19399600.0	0	2998.78	6	0.951141	316.225	1	temp/spectra_filtered.mgf301	1	Sodium Tetradecyl Sulfate	N/A	ESI-QFT	isolated	MoNA	MoNA:VF-NPL-QEHF025328	[M+H]+	317.176	0.0	1	N/A	N/A	CCCCCCCCCCCCCCOS(=O)(=O)[O-].[Na+]	InChI=1S/C14H30O4S.Na/c1-2-3-4-5-6-7-8-9-10-11-12-13-14-18-19(15,16)17;/h2-14H2,1H3,(H,15,16,17);/q;+1/p-1	N/A	3	positive	MONA	317.176	UPDATE-SINGLE-ANNOTATED-BRONZE	Bronze		N/A	UPUIQOIQVMNQAP-UHFFFAOYSA-M	UPUIQOIQVMNQAP	Organic acids and derivatives	Organic sulfuric acids and derivatives	Sulfuric acid esters	N/A	N/A	N/A	mzspec:GNPS:GNPS-LIBRARY:CCMSLIB00004716391
CCMSLIB00010089045	2338	spectra_filtered.mgf	PNNL-LIPIDS-POSITIVE.mgf	0.819664	3904540.0	0	2356.85	6	1.99078	846.671	1	temp/spectra_filtered.mgf2338	1	PC(18:1/22:0); [M+H]+ C48H95N1O8P1	LC-ESI	HCD; Velos	Commercial	Thomas Metz	Thomas Metz	M+H	844.68	0.0	1	N/A	N/A	N/A	N/A	N/A	1	Positive	PNNL-LIPIDS-POSITIVE	844.68	UPDATE-SINGLE-ANNOTATED-GOLD	Gold		N/A	N/A	N/A	N/A	N/A	N/A	N/A	N/A	N/A	mzspec:GNPS:GNPS-LIBRARY:CCMSLIB00010089045
CCMSLIB00010056791	1992	spectra_filtered.mgf	PNNL-LIPIDS-POSITIVE.mgf	0.818918	82109800.0	0	45.9816	15	0.0353394	768.589	1	temp/spectra_filtered.mgf1992	1	PE(18:0/20:4); [M+H]+ C43H79N1O8P1	LC-ESI	HCD; Velos	Commercial	Thomas Metz	Thomas Metz	M+H	768.554	0.0	1	N/A	N/A	N/A	N/A	N/A	1	Positive	PNNL-LIPIDS-POSITIVE	768.554	UPDATE-SINGLE-ANNOTATED-GOLD	Gold		N/A	N/A	N/A	N/A	N/A	N/A	N/A	N/A	N/A	mzspec:GNPS:GNPS-LIBRARY:CCMSLIB00010056791
CCMSLIB00010152838	1282	spectra_filtered.mgf	GNPS-LIBRARY.mgf	0.81788	4100740.0	0	192.588	15	0.130127	675.544	1	temp/spectra_filtered.mgf1282	1	13-Docosenamide, (Z)-	LC-ESI	qTof	Lysate	PDorrestein	 	M+H	675.674	0.0	0	 	 	 	 	 	3	Positive	GNPS-LIBRARY	675.674	UPDATE-SINGLE-ANNOTATED-BRONZE	Bronze		N/A	N/A	N/A	N/A	N/A	N/A	N/A	N/A	N/A	mzspec:GNPS:GNPS-LIBRARY:CCMSLIB00010152838
CCMSLIB00010093491	2101	spectra_filtered.mgf	PNNL-LIPIDS-POSITIVE.mgf	0.817856	8615100.0	0	1261.23	10	1.00214	795.572	1	temp/spectra_filtered.mgf2101	1	PC(17:0/20:5); [M+H]+ C45H81N1O8P1	LC-ESI	HCD; Velos	Commercial	Thomas Metz	Thomas Metz	M+H	794.57	0.0	1	N/A	N/A	N/A	N/A	N/A	1	Positive	PNNL-LIPIDS-POSITIVE	794.57	UPDATE-SINGLE-ANNOTATED-GOLD	Gold		N/A	N/A	N/A	N/A	N/A	N/A	N/A	N/A	N/A	mzspec:GNPS:GNPS-LIBRARY:CCMSLIB00010093491
CCMSLIB00010093322	1915	spectra_filtered.mgf	PNNL-LIPIDS-POSITIVE.mgf	0.81765	1831640.0	0	2413.65	7	1.94678	804.623	1	temp/spectra_filtered.mgf1915	1	PC(16:0/22:6); [M+H]+ C46H81N1O8P1	LC-ESI	CID; Velos	Commercial	Thomas Metz	Thomas Metz	M+H	806.57	0.0	1	N/A	N/A	N/A	N/A	N/A	1	Positive	PNNL-LIPIDS-POSITIVE	806.57	UPDATE-SINGLE-ANNOTATED-GOLD	Gold		N/A	N/A	N/A	N/A	N/A	N/A	N/A	N/A	N/A	mzspec:GNPS:GNPS-LIBRARY:CCMSLIB00010093322
CCMSLIB00010063298	3430	spectra_filtered.mgf	PNNL-LIPIDS-POSITIVE.mgf	0.817081	29284200.0	0	0.406539	19	0.000366211	900.802	1	temp/spectra_filtered.mgf3430	1	TG(18:1/18:1/18:2); [M+NH4]+ C57H106N1O6	LC-ESI	HCD; Velos	Commercial	Thomas Metz	Thomas Metz	M+NH4	900.802	0.0	1	N/A	N/A	N/A	N/A	N/A	1	Positive	PNNL-LIPIDS-POSITIVE	900.802	UPDATE-SINGLE-ANNOTATED-GOLD	Gold		N/A	N/A	N/A	N/A	N/A	N/A	N/A	N/A	N/A	mzspec:GNPS:GNPS-LIBRARY:CCMSLIB00010063298
CCMSLIB00006678215	3334	spectra_filtered.mgf	GNPS-LIBRARY.mgf	0.816652	3301050.0	0	3.54716	17	0.00317383	894.755	1	temp/spectra_filtered.mgf3334	1	TAG (14:0/18:1/22:6)	LC-ESI	Orbitrap	Other	S Ding	Su Ding	M+NH4	894.752	894.751	1	N/A	N/A	N/A	N/A	N/A	3	Positive	GNPS-LIBRARY	894.752	UPDATE-SINGLE-ANNOTATED-BRONZE	Bronze		N/A	N/A	N/A	N/A	N/A	N/A	N/A	N/A	N/A	mzspec:GNPS:GNPS-LIBRARY:CCMSLIB00006678215
CCMSLIB00011435641	2023	spectra_filtered.mgf	ECG-ACYL-AMIDES-C4-C24-LIBRARY.mgf	0.816353	5752050.0	0	0.539566	8	0.000427246	791.833	1	temp/spectra_filtered.mgf2023	1	amylamine-C21:0	ESI	Orbitrap	Commercial	Dorrestein	Ipsita	2M+H	791.833	395.413	1	N/A	N/A	CCCCCCCCCCCCCCCCCCCCC(NCCCCC)=O	InChI=1S/C26H53NO/c1-3-5-7-8-9-10-11-12-13-14-15-16-17-18-19-20-21-22-24-26(28)27-25-23-6-4-2/h3-25H2,1-2H3,(H,27,28)	N/A	1	Positive	ECG-ACYL-AMIDES-C4-C24-LIBRARY	791.833	UPDATE-SINGLE-ANNOTATED-GOLD	Gold		C26H53NO	FQZZAVOGIYTBNM-UHFFFAOYSA-N	FQZZAVOGIYTBNM	Lipids and lipid-like molecules	Fatty Acyls	Fatty amides	Fatty amides	N-acyl amines	Fatty acids	mzspec:GNPS:GNPS-LIBRARY:CCMSLIB00011435641
CCMSLIB00010082797	3462	spectra_filtered.mgf	PNNL-LIPIDS-POSITIVE.mgf	0.81634	25552100.0	0	0.0676052	18	6.10352e-05	902.818	1	temp/spectra_filtered.mgf3462	1	TG(18:1/18:1/18:1); [M+NH4]+ C57H108N1O6	LC-ESI	HCD; Velos	Commercial	Thomas Metz	Thomas Metz	M+NH4	902.818	0.0	1	N/A	N/A	N/A	N/A	N/A	1	Positive	PNNL-LIPIDS-POSITIVE	902.818	UPDATE-SINGLE-ANNOTATED-GOLD	Gold		N/A	N/A	N/A	N/A	N/A	N/A	N/A	N/A	N/A	mzspec:GNPS:GNPS-LIBRARY:CCMSLIB00010082797
CCMSLIB00010093491	2203	spectra_filtered.mgf	PNNL-LIPIDS-POSITIVE.mgf	0.816304	3955450.0	0	45.0138	8	0.0357666	794.606	1	temp/spectra_filtered.mgf2203	1	PC(17:0/20:5); [M+H]+ C45H81N1O8P1	LC-ESI	HCD; Velos	Commercial	Thomas Metz	Thomas Metz	M+H	794.57	0.0	1	N/A	N/A	N/A	N/A	N/A	1	Positive	PNNL-LIPIDS-POSITIVE	794.57	UPDATE-SINGLE-ANNOTATED-GOLD	Gold		N/A	N/A	N/A	N/A	N/A	N/A	N/A	N/A	N/A	mzspec:GNPS:GNPS-LIBRARY:CCMSLIB00010093491
CCMSLIB00003136402	212	spectra_filtered.mgf	GNPS-NIST14-MATCHES.mgf	0.815818	1948350.0	0	69.9046	8	0.0193787	277.235	1	temp/spectra_filtered.mgf212	1	Spectral Match to 9,12-Octadecadiynoic Acid from NIST14	ESI	HCD	Isolated	Data from Wolfender/Litaudon	Data deposited by pmallard	M+H	277.216	0.0	1	2012148	N/A	N/A	N/A	N/A	3	Positive	GNPS-NIST14-MATCHES	277.216	UPDATE-SINGLE-ANNOTATED-BRONZE	Bronze		N/A	N/A	N/A	N/A	N/A	N/A	N/A	N/A	N/A	mzspec:GNPS:GNPS-LIBRARY:CCMSLIB00003136402
CCMSLIB00010061298	2213	spectra_filtered.mgf	PNNL-LIPIDS-POSITIVE.mgf	0.815669	2172000.0	0	2375.85	6	1.9115	802.643	1	temp/spectra_filtered.mgf2213	1	PC(18:2/20:5); [M+H]+ C46H79N1O8P1	LC-ESI	HCD; Velos	Commercial	Thomas Metz	Thomas Metz	M+H	804.554	0.0	1	N/A	N/A	N/A	N/A	N/A	1	Positive	PNNL-LIPIDS-POSITIVE	804.554	UPDATE-SINGLE-ANNOTATED-GOLD	Gold		N/A	N/A	N/A	N/A	N/A	N/A	N/A	N/A	N/A	mzspec:GNPS:GNPS-LIBRARY:CCMSLIB00010061298
CCMSLIB00011435577	1698	spectra_filtered.mgf	ECG-ACYL-AMIDES-C4-C24-LIBRARY.mgf	0.815605	3857240.0	0	0.829541	7	0.000610352	735.771	1	temp/spectra_filtered.mgf1698	1	amylamine-C19:0	ESI	Orbitrap	Commercial	Dorrestein	Ipsita	2M+H	735.77	367.381	1	N/A	N/A	CCCCCCCCCCCCCCCCCCC(NCCCCC)=O	InChI=1S/C24H49NO/c1-3-5-7-8-9-10-11-12-13-14-15-16-17-18-19-20-22-24(26)25-23-21-6-4-2/h3-23H2,1-2H3,(H,25,26)	N/A	1	Positive	ECG-ACYL-AMIDES-C4-C24-LIBRARY	735.77	UPDATE-SINGLE-ANNOTATED-GOLD	Gold		C24H49NO	JXXASSOMEFVMFO-UHFFFAOYSA-N	JXXASSOMEFVMFO	Lipids and lipid-like molecules	Fatty Acyls	Fatty amides	Fatty amides	N-acyl amines	Fatty acids	mzspec:GNPS:GNPS-LIBRARY:CCMSLIB00011435577
CCMSLIB00006678216	3382	spectra_filtered.mgf	GNPS-LIBRARY.mgf	0.814811	23378300.0	0	5.29688	21	0.00476074	898.787	1	temp/spectra_filtered.mgf3382	1	TAG (18:1/18:2/18:2)	LC-ESI	Orbitrap	Other	S Ding	Su Ding	M+NH4	898.782	898.784	1	N/A	N/A	N/A	N/A	N/A	3	Positive	GNPS-LIBRARY	898.782	UPDATE-SINGLE-ANNOTATED-BRONZE	Bronze		N/A	N/A	N/A	N/A	N/A	N/A	N/A	N/A	N/A	mzspec:GNPS:GNPS-LIBRARY:CCMSLIB00006678216
CCMSLIB00003137522	825	spectra_filtered.mgf	GNPS-NIST14-MATCHES.mgf	0.813289	14227200.0	0	3360.92	7	1.03268	308.295	1	temp/spectra_filtered.mgf825	1	Spectral Match to 14,15-EE-(8Z)-E from NIST14	ESI	HCD	Isolated	Data from Gabriel Haddad	Data deposited by mjmeehan	M+H-H2O	307.262	0.0	1	519038938	N/A	N/A	N/A	N/A	3	Positive	GNPS-NIST14-MATCHES	307.262	UPDATE-SINGLE-ANNOTATED-BRONZE	Bronze		N/A	N/A	N/A	N/A	N/A	N/A	N/A	N/A	N/A	mzspec:GNPS:GNPS-LIBRARY:CCMSLIB00003137522
CCMSLIB00010082254	1941	spectra_filtered.mgf	PNNL-LIPIDS-POSITIVE.mgf	0.811989	3408190.0	0	1337.6	6	1.06964	798.599	1	temp/spectra_filtered.mgf1941	1	SM(d17:1/24:1); [M+H]+ C46H92N2O6P1	LC-ESI	HCD; Velos	Commercial	Thomas Metz	Thomas Metz	M+H	799.669	0.0	1	N/A	N/A	N/A	N/A	N/A	1	Positive	PNNL-LIPIDS-POSITIVE	799.669	UPDATE-SINGLE-ANNOTATED-GOLD	Gold		N/A	N/A	N/A	N/A	N/A	N/A	N/A	N/A	N/A	mzspec:GNPS:GNPS-LIBRARY:CCMSLIB00010082254
CCMSLIB00003138499	502	spectra_filtered.mgf	GNPS-NIST14-MATCHES.mgf	0.811775	10269100.0	0	269.564	6	0.0364227	135.081	1	temp/spectra_filtered.mgf502	1	Adamantylidene	ESI	qTof	Isolated	Data from Joshua Wollam	Data deposited by fevargas	M+H	135.117	134.11	1	768945	N/A	C1C2CC3CC1CC(C2)[C]3	InChI=1S/C10H14/c1-7-2-9-4-8(1)5-10(3-7)6-9/h7-10H,1-5H2	N/A	3	Positive	GNPS-NIST14-MATCHES	135.117	UPDATE-SINGLE-ANNOTATED-BRONZE	Bronze		C10H14	DCBMHXCACVDWJZ-UHFFFAOYSA-N	DCBMHXCACVDWJZ	N/A	N/A	N/A			Terpenoids	mzspec:GNPS:GNPS-LIBRARY:CCMSLIB00003138499
CCMSLIB00010093491	2031	spectra_filtered.mgf	PNNL-LIPIDS-POSITIVE.mgf	0.810767	30700900.0	0	2492.43	9	1.98041	792.59	1	temp/spectra_filtered.mgf2031	1	PC(17:0/20:5); [M+H]+ C45H81N1O8P1	LC-ESI	HCD; Velos	Commercial	Thomas Metz	Thomas Metz	M+H	794.57	0.0	1	N/A	N/A	N/A	N/A	N/A	1	Positive	PNNL-LIPIDS-POSITIVE	794.57	UPDATE-SINGLE-ANNOTATED-GOLD	Gold		N/A	N/A	N/A	N/A	N/A	N/A	N/A	N/A	N/A	mzspec:GNPS:GNPS-LIBRARY:CCMSLIB00010093491
CCMSLIB00010092703	2307	spectra_filtered.mgf	PNNL-LIPIDS-POSITIVE.mgf	0.810474	3806820.0	0	44.4401	13	0.0354004	796.621	1	temp/spectra_filtered.mgf2307	1	PC(15:0/22:4); [M+H]+ C45H83N1O8P1	LC-ESI	HCD; Velos	Commercial	Thomas Metz	Thomas Metz	M+H	796.586	0.0	1	N/A	N/A	N/A	N/A	N/A	1	Positive	PNNL-LIPIDS-POSITIVE	796.586	UPDATE-SINGLE-ANNOTATED-GOLD	Gold		N/A	N/A	N/A	N/A	N/A	N/A	N/A	N/A	N/A	mzspec:GNPS:GNPS-LIBRARY:CCMSLIB00010092703
CCMSLIB00005436375	2881	spectra_filtered.mgf	GNPS-LIBRARY.mgf	0.809824	3879530.0	0	0.77429	8	0.000488281	630.618	1	temp/spectra_filtered.mgf2881	1	N-[1,3-dihydroxyoctadec-4-en-2-yl]tetracos-15-enamide	LC-ESI	qTof	Commercial	O Laprevote	UMR 8038 Universite de Paris	M+H-H2O	630.618	647.622	1	54164-50-0	 	 	 	 	3	Positive	GNPS-LIBRARY	630.618	UPDATE-SINGLE-ANNOTATED-BRONZE	Bronze		N/A	N/A	N/A	N/A	N/A	N/A	N/A	N/A	N/A	mzspec:GNPS:GNPS-LIBRARY:CCMSLIB00005436375
CCMSLIB00006678105	2580	spectra_filtered.mgf	GNPS-LIBRARY.mgf	0.80969	31614300.0	0	1331.17	7	0.884644	665.445	1	temp/spectra_filtered.mgf2580	1	MMPE-DEG (31:0)	LC-ESI	Orbitrap	Other	S Ding	Su Ding	M+H	664.56	664.561	1	N/A	N/A	N/A	N/A	N/A	3	Positive	GNPS-LIBRARY	664.56	UPDATE-SINGLE-ANNOTATED-BRONZE	Bronze		N/A	N/A	N/A	N/A	N/A	N/A	N/A	N/A	N/A	mzspec:GNPS:GNPS-LIBRARY:CCMSLIB00006678105
CCMSLIB00010092899	1825	spectra_filtered.mgf	PNNL-LIPIDS-POSITIVE.mgf	0.80957	6449090.0	0	2480.59	8	1.95624	790.573	1	temp/spectra_filtered.mgf1825	1	PC(18:0/18:1); [M+H]+ C44H87N1O8P1	LC-ESI	HCD; Velos	Commercial	Thomas Metz	Thomas Metz	M+H	788.617	0.0	1	N/A	N/A	N/A	N/A	N/A	1	Positive	PNNL-LIPIDS-POSITIVE	788.617	UPDATE-SINGLE-ANNOTATED-GOLD	Gold		N/A	N/A	N/A	N/A	N/A	N/A	N/A	N/A	N/A	mzspec:GNPS:GNPS-LIBRARY:CCMSLIB00010092899
CCMSLIB00003137019	2195	spectra_filtered.mgf	GNPS-NIST14-MATCHES.mgf	0.809519	1560050.0	0	134.529	8	0.104736	778.645	1	temp/spectra_filtered.mgf2195	1	Spectral Match to 1,2-Di-(9Z,12Z,15Z-octadecatrienoyl)-sn-glycero-3-phosphocholine from NIST14	ESI	qTof	Isolated	Data from Gabriel Haddad	Data deposited by mjmeehan	M+H	778.54	777.531	1	2701191	N/A	CC/C=C\C/C=C\C/C=C\CCCCCCCC(=O)OC[C@H](COP(=O)([O-])OCC[N+](C)(C)C)OC(=O)CCCCCCC/C=C\C/C=C\C/C=C\CC	InChI=1S/C44H76NO8P/c1-6-8-10-12-14-16-18-20-22-24-26-28-30-32-34-36-43(46)50-40-42(41-52-54(48,49)51-39-38-45(3,4)5)53-44(47)37-35-33-31-29-27-25-23-21-19-17-15-13-11-9-7-2/h8-11,14-17,20-23,42H,6-7,12-13,18-19,24-41H2,1-5H3/b10-8-,11-9-,16-14-,17-15-,22-20-,23-21-/t42-/m1/s1	N/A	3	Positive	GNPS-NIST14-MATCHES	778.54	UPDATE-SINGLE-ANNOTATED-BRONZE	Bronze		N/A	XXKFQTJOJZELMD-JICBSJGISA-N	XXKFQTJOJZELMD	Lipids and lipid-like molecules	Glycerophospholipids	Glycerophosphocholines	N/A	N/A	N/A	mzspec:GNPS:GNPS-LIBRARY:CCMSLIB00003137019
CCMSLIB00010056447	1893	spectra_filtered.mgf	PNNL-LIPIDS-POSITIVE.mgf	0.809442	14699500.0	0	6.09908	11	0.00482178	790.57	1	temp/spectra_filtered.mgf1893	1	PC(P-16:0/22:6); [M+H]+ C46H81N1O7P1	LC-ESI	HCD; Velos	Commercial	Thomas Metz	Thomas Metz	M+H	790.575	0.0	1	N/A	N/A	N/A	N/A	N/A	1	Positive	PNNL-LIPIDS-POSITIVE	790.575	UPDATE-SINGLE-ANNOTATED-GOLD	Gold		N/A	N/A	N/A	N/A	N/A	N/A	N/A	N/A	N/A	mzspec:GNPS:GNPS-LIBRARY:CCMSLIB00010056447
CCMSLIB00010091738	1759	spectra_filtered.mgf	PNNL-LIPIDS-POSITIVE.mgf	0.809283	6584280.0	0	2503.42	6	1.98419	790.607	1	temp/spectra_filtered.mgf1759	1	PC(O-16:0/22:6); [M+H]+ C46H83N1O7P1	LC-ESI	CID; Velos	Commercial	Thomas Metz	Thomas Metz	M+H	792.591	0.0	1	N/A	N/A	N/A	N/A	N/A	1	Positive	PNNL-LIPIDS-POSITIVE	792.591	UPDATE-SINGLE-ANNOTATED-GOLD	Gold		N/A	N/A	N/A	N/A	N/A	N/A	N/A	N/A	N/A	mzspec:GNPS:GNPS-LIBRARY:CCMSLIB00010091738
CCMSLIB00003135652	1767	spectra_filtered.mgf	GNPS-NIST14-MATCHES.mgf	0.808767	1546880.0	0	6.02408	10	0.003479	577.519	1	temp/spectra_filtered.mgf1767	1	Spectral Match to 1-Palmitoyl-2-oleoyl-sn-glycerol from NIST14	ESI	HCD	Isolated	Data from Gabriel Haddad	Data deposited by mjmeehan	M+H-H2O	577.516	0.0	1	29541660	N/A	N/A	N/A	N/A	3	Positive	GNPS-NIST14-MATCHES	577.516	UPDATE-SINGLE-ANNOTATED-BRONZE	Bronze		N/A	N/A	N/A	N/A	N/A	N/A	N/A	N/A	N/A	mzspec:GNPS:GNPS-LIBRARY:CCMSLIB00003135652
CCMSLIB00000842066	2991	spectra_filtered.mgf	MASSBANKEU.mgf	0.808307	565253.0	0	1.15483	7	0.000289917	251.047	1	temp/spectra_filtered.mgf2991	1	MassbankEU:SM881501 Diphenylphosphate|Diphenyl hydrogen phosphate	ESI	LC-ESI-QFT	Isolated	Massbank EU	Massbank	[M+H]+	251.047	0.0	1	838-85-7	N/A	OP(=O)(OC1=CC=CC=C1)OC1=CC=CC=C1	1S/C12H11O4P/c13-17(14,15-11-7-3-1-4-8-11)16-12-9-5-2-6-10-12/h1-10H,(H,13,14)	N/A	3	Positive	MASSBANKEU	251.047	UPDATE-SINGLE-ANNOTATED-BRONZE	Bronze		C12H11O4P	ASMQGLCHMVWBQR-UHFFFAOYSA-N	ASMQGLCHMVWBQR	Organic acids and derivatives	Organic phosphoric acids and derivatives	Phosphate esters			Shikimates and Phenylpropanoids	mzspec:GNPS:GNPS-LIBRARY:CCMSLIB00000842066
CCMSLIB00003136849	751	spectra_filtered.mgf	GNPS-NIST14-MATCHES.mgf	0.807238	106672000.0	0	4183.7	10	1.18097	283.46	1	temp/spectra_filtered.mgf751	1	Spectral Match to 9-Octadecenamide, (Z)- from NIST14	ESI	QQQ	Isolated	Data from Wolfender/Litaudon	Data deposited by pmallard	M+H	282.279	281.272	1	301020	N/A	CCCCCCCC/C=C\CCCCCCCC(=O)N	InChI=1S/C18H35NO/c1-2-3-4-5-6-7-8-9-10-11-12-13-14-15-16-17-18(19)20/h9-10H,2-8,11-17H2,1H3,(H2,19,20)/b10-9-	N/A	3	Positive	GNPS-NIST14-MATCHES	282.279	UPDATE-SINGLE-ANNOTATED-BRONZE	Bronze		C18H35NO	FATBGEAMYMYZAF-KTKRTIGZSA-N	FATBGEAMYMYZAF	Lipids and lipid-like molecules	Fatty Acyls	Fatty amides	Fatty amides	Primary amides	Fatty acids	mzspec:GNPS:GNPS-LIBRARY:CCMSLIB00003136849
CCMSLIB00005722214	1483	spectra_filtered.mgf	GNPS-NIH-NATURALPRODUCTSLIBRARY_ROUND2_POSITIVE.mgf	0.80722	212927.0	0	3312.61	11	0.98465	296.258	1	temp/spectra_filtered.mgf1483	1	NCGC00381425-01!8-hydroxy-8-(3-octyloxiran-2-yl)octanoic acid [IIN-based on: CCMSLIB00000846585]	LC-ESI	Orbitrap	Commercial	Pieter Dorrestein	lfnothias/robinschmid	[M-H2O+H]+	297.243	314.246	1	N/A	N/A	CCCCCCCCC1OC1C(O)CCCCCCC(O)=O	InChI=1S/C18H34O4/c1-2-3-4-5-6-10-13-16-18(22-16)15(19)12-9-7-8-11-14-17(20)21/h15-16,18-19H,2-14H2,1H3,(H,20,21)	N/A	3	Positive	GNPS-NIH-NATURALPRODUCTSLIBRARY_ROUND2_POSITIVE	297.243	UPDATE-SINGLE-ANNOTATED-BRONZE	Bronze		C18H34O4	GQEOLYBERRZZCE-UHFFFAOYSA-N	GQEOLYBERRZZCE	Lipids and lipid-like molecules	Fatty Acyls	Lineolic acids and derivatives	Octadecanoids	Other Octadecanoids	Fatty acids	mzspec:GNPS:GNPS-LIBRARY:CCMSLIB00005722214
CCMSLIB00010107223	9	spectra_filtered.mgf	BERKELEY-LAB.mgf	0.807134	4995630.0	0	10405.4	8	1.96779	187.144	1	temp/spectra_filtered.mgf9	1	azelaic acid CollisionEnergy:102040	LC-ESI	Orbitrap	Commercial	Trent Northen	JGI	M+H	189.112	0.0	1	N/A	N/A	O=C(O)CCCCCCCC(=O)O	"""InChI=1S/C9H16O4/c10-8(11)6-4-2-1-3-5-7-9(12)13/h1-7H2,(H,10,11)(H,12,13)"""	N/A	3	Positive	BERKELEY-LAB	189.112	UPDATE-SINGLE-ANNOTATED-BRONZE	Bronze		C9H16O4	BDJRBEYXGGNYIS-UHFFFAOYSA-N	BDJRBEYXGGNYIS	Lipids and lipid-like molecules	Fatty Acyls	Fatty acids and conjugates	Fatty Acids and Conjugates	Dicarboxylic acids	Fatty acids	mzspec:GNPS:GNPS-LIBRARY:CCMSLIB00010107223
CCMSLIB00010099761	2413	spectra_filtered.mgf	PNNL-LIPIDS-POSITIVE.mgf	0.806994	3603480.0	0	0.250632	14	0.000183105	730.575	1	temp/spectra_filtered.mgf2413	1	PE(P-18:0/18:1); [M+H]+ C41H81N1O7P1	LC-ESI	HCD; Velos	Commercial	Thomas Metz	Thomas Metz	M+H	730.575	0.0	1	N/A	N/A	N/A	N/A	N/A	1	Positive	PNNL-LIPIDS-POSITIVE	730.575	UPDATE-SINGLE-ANNOTATED-GOLD	Gold		N/A	N/A	N/A	N/A	N/A	N/A	N/A	N/A	N/A	mzspec:GNPS:GNPS-LIBRARY:CCMSLIB00010099761
CCMSLIB00010093479	2026	spectra_filtered.mgf	PNNL-LIPIDS-POSITIVE.mgf	0.806082	10144800.0	0	1345.78	9	0.967041	719.542	1	temp/spectra_filtered.mgf2026	1	PC(O-16:0/16:1); [M+H]+ C40H81N1O7P1	LC-ESI	HCD; Velos	Commercial	Thomas Metz	Thomas Metz	M+H	718.575	0.0	1	N/A	N/A	N/A	N/A	N/A	1	Positive	PNNL-LIPIDS-POSITIVE	718.575	UPDATE-SINGLE-ANNOTATED-GOLD	Gold		N/A	N/A	N/A	N/A	N/A	N/A	N/A	N/A	N/A	mzspec:GNPS:GNPS-LIBRARY:CCMSLIB00010093479
CCMSLIB00003135294	353	spectra_filtered.mgf	GNPS-NIST14-MATCHES.mgf	0.805594	2675920.0	0	5746.85	7	0.983292	170.118	1	temp/spectra_filtered.mgf353	1	Spectral Match to Azelaic acid from NIST14	ESI	qTof	Isolated	Data from Christopher A. Lowry	Data deposited by fevargas	M+H-H2O	171.101	188.105	1	123999	N/A	C(CCCC(=O)O)CCCC(=O)O	InChI=1S/C9H16O4/c10-8(11)6-4-2-1-3-5-7-9(12)13/h1-7H2,(H,10,11)(H,12,13)	N/A	3	Positive	GNPS-NIST14-MATCHES	171.101	UPDATE-SINGLE-ANNOTATED-BRONZE	Bronze		C9H16O4	BDJRBEYXGGNYIS-UHFFFAOYSA-N	BDJRBEYXGGNYIS	Lipids and lipid-like molecules	Fatty Acyls	Fatty acids and conjugates	Fatty Acids and Conjugates	Dicarboxylic acids	Fatty acids	mzspec:GNPS:GNPS-LIBRARY:CCMSLIB00003135294
CCMSLIB00006581640	1300	spectra_filtered.mgf	GNPS-SCIEX-LIBRARY.mgf	0.804371	4486050.0	0	3496.46	13	0.983368	280.264	1	temp/spectra_filtered.mgf1300	1	linoleic acid	LC-ESI	qTof	Commercial	Michael Witting	Michael Witting	[M+H]+	281.247	280.24	1	N/A	N/A	CCCCC\C=C/C\C=C/CCCCCCCC(O)=O	"""InChI=1S/C18H32O2/c1-2-3-4-5-6-7-8-9-10-11-12-13-14-15-16-17-18(19)20/h6-7,9-10H,2-5,8,11-17H2,1H3,(H,19,20)/b7-6-,10-9-"""	OYHQOLUKZRVURQ-HZJYTTRNSA-N	1	Positive	GNPS-SCIEX-LIBRARY	281.247	UPDATE-SINGLE-ANNOTATED-GOLD	Gold		C18H32O2	OYHQOLUKZRVURQ-HZJYTTRNSA-N	OYHQOLUKZRVURQ	Lipids and lipid-like molecules	Fatty Acyls	Lineolic acids and derivatives	Fatty Acids and Conjugates	Unsaturated fatty acids	Fatty acids	mzspec:GNPS:GNPS-LIBRARY:CCMSLIB00006581640
CCMSLIB00005435818	1726	spectra_filtered.mgf	GNPS-LIBRARY.mgf	0.804332	1165630.0	0	3167.14	25	1.99908	629.196	1	temp/spectra_filtered.mgf1726	1	Contaminant vial septum ThermoFisher C5000-44B	LC-ESI	Orbitrap	Commercial	Dorrestein	lfnothias	M+NH4	631.195	0.0	0	 	 	 	 	 	3	Positive	GNPS-LIBRARY	631.195	UPDATE-SINGLE-ANNOTATED-BRONZE	Bronze		N/A	N/A	N/A	N/A	N/A	N/A	N/A	N/A	N/A	mzspec:GNPS:GNPS-LIBRARY:CCMSLIB00005435818
CCMSLIB00010091738	1797	spectra_filtered.mgf	PNNL-LIPIDS-POSITIVE.mgf	0.803951	1220290.0	0	2503.66	6	1.98438	790.607	1	temp/spectra_filtered.mgf1797	1	PC(O-16:0/22:6); [M+H]+ C46H83N1O7P1	LC-ESI	CID; Velos	Commercial	Thomas Metz	Thomas Metz	M+H	792.591	0.0	1	N/A	N/A	N/A	N/A	N/A	1	Positive	PNNL-LIPIDS-POSITIVE	792.591	UPDATE-SINGLE-ANNOTATED-GOLD	Gold		N/A	N/A	N/A	N/A	N/A	N/A	N/A	N/A	N/A	mzspec:GNPS:GNPS-LIBRARY:CCMSLIB00010091738
CCMSLIB00010100011	1784	spectra_filtered.mgf	PNNL-LIPIDS-POSITIVE.mgf	0.803934	8513190.0	0	2.14296	15	0.00158691	740.521	1	temp/spectra_filtered.mgf1784	1	PE(16:0/20:4); [M+H]+ C41H75N1O8P1	LC-ESI	HCD; Velos	Commercial	Thomas Metz	Thomas Metz	M+H	740.523	0.0	1	N/A	N/A	N/A	N/A	N/A	1	Positive	PNNL-LIPIDS-POSITIVE	740.523	UPDATE-SINGLE-ANNOTATED-GOLD	Gold		N/A	N/A	N/A	N/A	N/A	N/A	N/A	N/A	N/A	mzspec:GNPS:GNPS-LIBRARY:CCMSLIB00010100011
CCMSLIB00010082949	1827	spectra_filtered.mgf	PNNL-LIPIDS-POSITIVE.mgf	0.803721	5002070.0	0	1437.18	6	1.03131	716.56	1	temp/spectra_filtered.mgf1827	1	SM(d18:1/17:0); [M+H]+ C40H82N2O6P1	LC-ESI	HCD; Velos	Commercial	Thomas Metz	Thomas Metz	M+H	717.591	0.0	1	N/A	N/A	N/A	N/A	N/A	1	Positive	PNNL-LIPIDS-POSITIVE	717.591	UPDATE-SINGLE-ANNOTATED-GOLD	Gold		N/A	N/A	N/A	N/A	N/A	N/A	N/A	N/A	N/A	mzspec:GNPS:GNPS-LIBRARY:CCMSLIB00010082949
CCMSLIB00003135443	1841	spectra_filtered.mgf	GNPS-NIST14-MATCHES.mgf	0.80315	4241850.0	0	1131.06	6	0.922607	816.623	1	temp/spectra_filtered.mgf1841	1	Spectral Match to N-Tetracosanoyl-4-sphingenyl-1-O-phosphorylcholine from NIST14	ESI	Q-TOF	Isolated	Data from Gabriel Haddad	Data deposited by mjmeehan	M+H	815.7	0.0	1	60037607	N/A	N/A	N/A	N/A	3	Positive	GNPS-NIST14-MATCHES	815.7	UPDATE-SINGLE-ANNOTATED-BRONZE	Bronze		N/A	N/A	N/A	N/A	N/A	N/A	N/A	N/A	N/A	mzspec:GNPS:GNPS-LIBRARY:CCMSLIB00003135443
CCMSLIB00010120445	165	spectra_filtered.mgf	BERKELEY-LAB.mgf	0.802335	936788.0	0	82.673	6	0.0323486	391.316	1	temp/spectra_filtered.mgf165	1	DEHP CollisionEnergy:205060	LC-ESI	Orbitrap	Commercial	Trent Northen	JGI	M+H	391.284	0.0	1	N/A	N/A	CCCCC(CC)COC(=O)c1ccccc1C(=O)OCC(CC)CCCC	"""InChI=1S/C24H38O4/c1-5-9-13-19(7-3)17-27-23(25)21-15-11-12-16-22(21)24(26)28-18-20(8-4)14-10-6-2/h11-12,15-16,19-20H,5-10,13-14,17-18H2,1-4H3"""	N/A	3	Positive	BERKELEY-LAB	391.284	UPDATE-SINGLE-ANNOTATED-BRONZE	Bronze		C24H38O4	BJQHLKABXJIVAM-UHFFFAOYSA-N	BJQHLKABXJIVAM	Benzenoids	Benzene and substituted derivatives	Benzoic acids and derivatives	Phenolic acids (C6-C1)	Shikimic acids and derivatives|Simple phenolic acids	Shikimates and Phenylpropanoids	mzspec:GNPS:GNPS-LIBRARY:CCMSLIB00010120445
CCMSLIB00010083495	1818	spectra_filtered.mgf	PNNL-LIPIDS-POSITIVE.mgf	0.802028	5562320.0	0	1299.07	6	1.09344	840.623	1	temp/spectra_filtered.mgf1818	1	SM(d18:1/26:1); [M+H]+ C49H98N2O6P1	LC-ESI	HCD; Velos	Commercial	Thomas Metz	Thomas Metz	M+H	841.716	0.0	1	N/A	N/A	N/A	N/A	N/A	1	Positive	PNNL-LIPIDS-POSITIVE	841.716	UPDATE-SINGLE-ANNOTATED-GOLD	Gold		N/A	N/A	N/A	N/A	N/A	N/A	N/A	N/A	N/A	mzspec:GNPS:GNPS-LIBRARY:CCMSLIB00010083495
CCMSLIB00003135134	267	spectra_filtered.mgf	GNPS-NIST14-MATCHES.mgf	0.800752	3916050.0	0	3816.12	7	1.01993	266.248	1	temp/spectra_filtered.mgf267	1	Spectral Match to cis,cis-9,12-Octadecadien-1-ol from NIST14	ESI	HCD	Isolated	Data from Wolfender/Litaudon	Data deposited by pmallard	M+H	267.268	0.0	1	506434	N/A	N/A	N/A	N/A	3	Positive	GNPS-NIST14-MATCHES	267.268	UPDATE-SINGLE-ANNOTATED-BRONZE	Bronze		N/A	N/A	N/A	N/A	N/A	N/A	N/A	N/A	N/A	mzspec:GNPS:GNPS-LIBRARY:CCMSLIB00003135134
CCMSLIB00012336920	1173	spectra_filtered.mgf	MSNLIB-POSITIVE.mgf	0.799551	286977.0	0	168.149	6	0.0726929	432.238	1	temp/spectra_filtered.mgf1173	1	glycodeoxycholic acid	ESI	Orbitrap	Crude	Tomas Pluskal	Corinna Brungs	[M+H-H2O]+	432.311	449.314	1	N/A	N/A	C[C@H](CCC(=O)NCC(=O)O)[C@H]1CC[C@H]2[C@@H]3CC[C@@H]4C[C@H](O)CC[C@]4(C)[C@H]3C[C@H](O)[C@]12C	InChI=1S/C26H43NO5/c1-15(4-9-23(30)27-14-24(31)32)19-7-8-20-18-6-5-16-12-17(28)10-11-25(16,2)21(18)13-22(29)26(19,20)3/h15-22,28-29H,4-14H2,1-3H3,(H,27,30)(H,31,32)/t15-,16-,17-,18+,19-,20+,21+,22+,25+,26-/m1/s1	WVULKSPCQVQLCU-BUXLTGKBSA-N	1	Positive	MSNLIB-POSITIVE	432.311	UPDATE-SINGLE-ANNOTATED-GOLD	Gold		C26H43NO5	WVULKSPCQVQLCU-BUXLTGKBSA-N	WVULKSPCQVQLCU	Lipids and lipid-like molecules	Steroids and steroid derivatives	Bile acids, alcohols and derivatives	Steroids	Cholane steroids	Terpenoids	mzspec:GNPS:GNPS-LIBRARY:CCMSLIB00012336920
CCMSLIB00003134722	215	spectra_filtered.mgf	GNPS-NIST14-MATCHES.mgf	0.79881	7630020.0	0	0.437164	7	0.00012207	279.232	1	temp/spectra_filtered.mgf215	1	Spectral Match to 9(10)-EpOME from NIST14	ESI	qTof	Isolated	Data from Wolfender/Litaudon	Data deposited by pmallard	M+H-H2O	279.232	296.235	1	N/A	N/A	CCCCC/C=C\CC1C(O1)CCCCCCCC(=O)O	InChI=1S/C18H32O3/c1-2-3-4-5-7-10-13-16-17(21-16)14-11-8-6-9-12-15-18(19)20/h7,10,16-17H,2-6,8-9,11-15H2,1H3,(H,19,20)/b10-7-	N/A	3	Positive	GNPS-NIST14-MATCHES	279.232	UPDATE-SINGLE-ANNOTATED-BRONZE	Bronze		C18H32O3	FBUKMFOXMZRGRB-YFHOEESVSA-N	FBUKMFOXMZRGRB	Lipids and lipid-like molecules	Fatty Acyls	Fatty acids and conjugates	Fatty Acids and Conjugates	Epoxy fatty acids	Fatty acids	mzspec:GNPS:GNPS-LIBRARY:CCMSLIB00003134722
CCMSLIB00005724651	1045	spectra_filtered.mgf	GNPS-LIBRARY.mgf	0.798752	4907250.0	0	3111.97	6	0.96579	311.313	1	temp/spectra_filtered.mgf1045	1	(2R,6R)-2-methyl-6-pentadecylpiperidine	ESI	Orbitrap	Isolated	Wolfender	Luis Quiros-Guerrero	M+H	310.347	309.34	1	N/A	N/A	CCCCCCCCCCCCCCC[C@@H]1N[C@@H](C)CCC1	InChI=1S/C21H43N/c1-3-4-5-6-7-8-9-10-11-12-13-14-15-18-21-19-16-17-20(2)22-21/h20-22H,3-19H2,1-2H3/t20-,21-/m0/s1	N/A	1	Positive	GNPS-LIBRARY	310.347	UPDATE-SINGLE-ANNOTATED-GOLD	Gold		C21H43N	UZFYSJNBWVQZQB-SFTDATJTSA-N	UZFYSJNBWVQZQB	N/A	N/A	N/A	Lysine alkaloids	Piperidine alkaloids	Alkaloids	mzspec:GNPS:GNPS-LIBRARY:CCMSLIB00005724651
CCMSLIB00005724965	2654	spectra_filtered.mgf	GNPS-LIBRARY.mgf	0.798349	419850.0	0	1411.32	6	0.792236	560.551	1	temp/spectra_filtered.mgf2654	1	(6R)-6-[(2R,3aS,7S,8S,9bR,11aR)-2,7,8-trihydroxy-3a,6,6,9b,11a-pentamethyl-10-oxo-1H,2H,3H,3aH,3bH,4H,6H,7H,8H,9H,9aH,9bH,10H,11H,11aH-cyclopenta[a]phenanthren-1-yl]-6-hydroxy-2-methyl-5-oxoheptan-2-yl acetate	ESI	Orbitrap	Isolated	Wolfender	Luis Quiros-Guerrero	M-H	561.343	562.351	-1	N/A	N/A	CC(C)(CCC([C@](C)(C([C@H](C1)O)[C@](C)(C2)[C@@]1(C)C(CC=C(C1C[C@H]3O)C(C)(C)[C@H]3O)[C@]1(C)C2=O)O)=O)OC(C)=O	InChI=1S/C32H50O8/c1-17(33)40-27(2,3)13-12-23(36)32(9,39)25-21(35)15-29(6)22-11-10-18-19(14-20(34)26(38)28(18,4)5)31(22,8)24(37)16-30(25,29)7/h10,19-22,25-26,34-35,38-39H,11-16H2,1-9H3/t19?,20-,21+,22?,25?,26+,29+,30-,31+,32+/m0/s1	N/A	1	Negative	GNPS-LIBRARY	561.343	UPDATE-SINGLE-ANNOTATED-GOLD	Gold		C32H50O8	LKYNAQSYQLFTCM-NCSRBOSSSA-N	LKYNAQSYQLFTCM	Lipids and lipid-like molecules	Steroids and steroid derivatives	Cucurbitacins	Triterpenoids	Cucurbitane triterpenoids	Terpenoids	mzspec:GNPS:GNPS-LIBRARY:CCMSLIB00005724965
CCMSLIB00010093479	1978	spectra_filtered.mgf	PNNL-LIPIDS-POSITIVE.mgf	0.798037	10265600.0	0	1397.08	11	1.00391	719.579	1	temp/spectra_filtered.mgf1978	1	PC(O-16:0/16:1); [M+H]+ C40H81N1O7P1	LC-ESI	HCD; Velos	Commercial	Thomas Metz	Thomas Metz	M+H	718.575	0.0	1	N/A	N/A	N/A	N/A	N/A	1	Positive	PNNL-LIPIDS-POSITIVE	718.575	UPDATE-SINGLE-ANNOTATED-GOLD	Gold		N/A	N/A	N/A	N/A	N/A	N/A	N/A	N/A	N/A	mzspec:GNPS:GNPS-LIBRARY:CCMSLIB00010093479
CCMSLIB00003136308	297	spectra_filtered.mgf	GNPS-NIST14-MATCHES.mgf	0.797495	5284980.0	0	2.97232	8	0.000823975	277.217	1	temp/spectra_filtered.mgf297	1	Spectral Match to 9-Oxo-10E,12Z-octadecadienoic acid from NIST14	ESI	qTof	Isolated	Data from Wolfender/Litaudon	Data deposited by pmallard	M+H-H2O	277.216	294.22	1	54232596	N/A	CCCCC/C=C\C=C\C(=O)CCCCCCCC(=O)O	InChI=1S/C18H30O3/c1-2-3-4-5-6-8-11-14-17(19)15-12-9-7-10-13-16-18(20)21/h6,8,11,14H,2-5,7,9-10,12-13,15-16H2,1H3,(H,20,21)/b8-6-,14-11+	N/A	3	Positive	GNPS-NIST14-MATCHES	277.216	UPDATE-SINGLE-ANNOTATED-BRONZE	Bronze		C18H30O3	LUZSWWYKKLTDHU-ZJHFMPGASA-N	LUZSWWYKKLTDHU	Lipids and lipid-like molecules	Fatty Acyls	Lineolic acids and derivatives	Fatty Acids and Conjugates|Octadecanoids	Other Octadecanoids|Oxo fatty acids|Unsaturated fatty acids	Fatty acids	mzspec:GNPS:GNPS-LIBRARY:CCMSLIB00003136308
CCMSLIB00010099459	2280	spectra_filtered.mgf	PNNL-LIPIDS-POSITIVE.mgf	0.797163	19586400.0	0	47.9079	11	0.0357666	746.606	1	temp/spectra_filtered.mgf2280	1	PE(18:0/18:1); [M+H]+ C41H81N1O8P1	LC-ESI	HCD; Velos	Commercial	Thomas Metz	Thomas Metz	M+H	746.57	0.0	1	N/A	N/A	N/A	N/A	N/A	1	Positive	PNNL-LIPIDS-POSITIVE	746.57	UPDATE-SINGLE-ANNOTATED-GOLD	Gold		N/A	N/A	N/A	N/A	N/A	N/A	N/A	N/A	N/A	mzspec:GNPS:GNPS-LIBRARY:CCMSLIB00010099459
CCMSLIB00010092921	3476	spectra_filtered.mgf	PNNL-LIPIDS-POSITIVE.mgf	0.79706	1190240.0	0	0.274063	17	0.000244141	890.818	1	temp/spectra_filtered.mgf3476	1	TG(16:0/18:1/19:1); [M+NH4]+ C56H108N1O6	LC-ESI	HCD; Velos	Commercial	Thomas Metz	Thomas Metz	M+NH4	890.818	0.0	1	N/A	N/A	N/A	N/A	N/A	1	Positive	PNNL-LIPIDS-POSITIVE	890.818	UPDATE-SINGLE-ANNOTATED-GOLD	Gold		N/A	N/A	N/A	N/A	N/A	N/A	N/A	N/A	N/A	mzspec:GNPS:GNPS-LIBRARY:CCMSLIB00010092921
CCMSLIB00010082949	1794	spectra_filtered.mgf	PNNL-LIPIDS-POSITIVE.mgf	0.795529	4774540.0	0	1487.54	9	1.06744	716.524	1	temp/spectra_filtered.mgf1794	1	SM(d18:1/17:0); [M+H]+ C40H82N2O6P1	LC-ESI	HCD; Velos	Commercial	Thomas Metz	Thomas Metz	M+H	717.591	0.0	1	N/A	N/A	N/A	N/A	N/A	1	Positive	PNNL-LIPIDS-POSITIVE	717.591	UPDATE-SINGLE-ANNOTATED-GOLD	Gold		N/A	N/A	N/A	N/A	N/A	N/A	N/A	N/A	N/A	mzspec:GNPS:GNPS-LIBRARY:CCMSLIB00010082949
CCMSLIB00012885037	29	spectra_filtered.mgf	MSNLIB-POSITIVE.mgf	0.795448	20359900.0	0	6583.93	6	1.02104	156.102	1	temp/spectra_filtered.mgf29	1	1-Ethyl-3-methyl-1H-pyrazole-4-carboxylic acid	ESI	Orbitrap	Commercial	Tomas Pluskal	Corinna Brungs	[M+H]+	155.081	154.074	1	N/A	N/A	CCn1cc(C(=O)O)c(C)n1	InChI=1S/C7H10N2O2/c1-3-9-4-6(7(10)11)5(2)8-9/h4H,3H2,1-2H3,(H,10,11)	DTJLXXLXQPOQBZ-UHFFFAOYSA-N	1	Positive	MSNLIB-POSITIVE	155.081	UPDATE-SINGLE-ANNOTATED-GOLD	Gold		C7H10N2O2	DTJLXXLXQPOQBZ-UHFFFAOYSA-N	DTJLXXLXQPOQBZ	Organoheterocyclic compounds	Azoles	Pyrazoles			Alkaloids	mzspec:GNPS:GNPS-LIBRARY:CCMSLIB00012885037
CCMSLIB00010093491	2025	spectra_filtered.mgf	PNNL-LIPIDS-POSITIVE.mgf	0.795362	24352200.0	0	2182.71	11	1.73431	792.836	1	temp/spectra_filtered.mgf2025	1	PC(17:0/20:5); [M+H]+ C45H81N1O8P1	LC-ESI	HCD; Velos	Commercial	Thomas Metz	Thomas Metz	M+H	794.57	0.0	1	N/A	N/A	N/A	N/A	N/A	1	Positive	PNNL-LIPIDS-POSITIVE	794.57	UPDATE-SINGLE-ANNOTATED-GOLD	Gold		N/A	N/A	N/A	N/A	N/A	N/A	N/A	N/A	N/A	mzspec:GNPS:GNPS-LIBRARY:CCMSLIB00010093491
CCMSLIB00010097723	1881	spectra_filtered.mgf	PNNL-LIPIDS-POSITIVE.mgf	0.795103	18432600.0	0	1.11474	13	0.000854492	766.538	1	temp/spectra_filtered.mgf1881	1	PE(18:1/20:4); [M+H]+ C43H77N1O8P1	LC-ESI	HCD; Velos	Commercial	Thomas Metz	Thomas Metz	M+H	766.539	0.0	1	N/A	N/A	N/A	N/A	N/A	1	Positive	PNNL-LIPIDS-POSITIVE	766.539	UPDATE-SINGLE-ANNOTATED-GOLD	Gold		N/A	N/A	N/A	N/A	N/A	N/A	N/A	N/A	N/A	mzspec:GNPS:GNPS-LIBRARY:CCMSLIB00010097723
CCMSLIB00005722214	354	spectra_filtered.mgf	GNPS-NIH-NATURALPRODUCTSLIBRARY_ROUND2_POSITIVE.mgf	0.794837	400718000.0	0	3311.27	12	0.984253	296.259	1	temp/spectra_filtered.mgf354	1	NCGC00381425-01!8-hydroxy-8-(3-octyloxiran-2-yl)octanoic acid [IIN-based on: CCMSLIB00000846585]	LC-ESI	Orbitrap	Commercial	Pieter Dorrestein	lfnothias/robinschmid	[M-H2O+H]+	297.243	314.246	1	N/A	N/A	CCCCCCCCC1OC1C(O)CCCCCCC(O)=O	InChI=1S/C18H34O4/c1-2-3-4-5-6-10-13-16-18(22-16)15(19)12-9-7-8-11-14-17(20)21/h15-16,18-19H,2-14H2,1H3,(H,20,21)	N/A	3	Positive	GNPS-NIH-NATURALPRODUCTSLIBRARY_ROUND2_POSITIVE	297.243	UPDATE-SINGLE-ANNOTATED-BRONZE	Bronze		C18H34O4	GQEOLYBERRZZCE-UHFFFAOYSA-N	GQEOLYBERRZZCE	Lipids and lipid-like molecules	Fatty Acyls	Lineolic acids and derivatives	Octadecanoids	Other Octadecanoids	Fatty acids	mzspec:GNPS:GNPS-LIBRARY:CCMSLIB00005722214
CCMSLIB00010090893	1676	spectra_filtered.mgf	PNNL-LIPIDS-POSITIVE.mgf	0.79401	6358870.0	0	2542.48	15	1.94891	764.59	1	temp/spectra_filtered.mgf1676	1	PE(18:1/20:4); [M+H]+ C43H77N1O8P1	LC-ESI	HCD; Velos	Commercial	Thomas Metz	Thomas Metz	M+H	766.539	0.0	1	N/A	N/A	N/A	N/A	N/A	1	Positive	PNNL-LIPIDS-POSITIVE	766.539	UPDATE-SINGLE-ANNOTATED-GOLD	Gold		N/A	N/A	N/A	N/A	N/A	N/A	N/A	N/A	N/A	mzspec:GNPS:GNPS-LIBRARY:CCMSLIB00010090893
CCMSLIB00010094813	3446	spectra_filtered.mgf	PNNL-LIPIDS-POSITIVE.mgf	0.792548	1985710.0	0	0.222008	16	0.000183105	824.771	1	temp/spectra_filtered.mgf3446	1	TG(16:0/16:0/16:0); [M+NH4]+ C51H102N1O6	LC-ESI	HCD; Velos	Commercial	Thomas Metz	Thomas Metz	M+NH4	824.771	0.0	1	N/A	N/A	N/A	N/A	N/A	1	Positive	PNNL-LIPIDS-POSITIVE	824.771	UPDATE-SINGLE-ANNOTATED-GOLD	Gold		N/A	N/A	N/A	N/A	N/A	N/A	N/A	N/A	N/A	mzspec:GNPS:GNPS-LIBRARY:CCMSLIB00010094813
CCMSLIB00003134722	153	spectra_filtered.mgf	GNPS-NIST14-MATCHES.mgf	0.792272	15679400.0	0	3526.06	7	0.984589	278.247	1	temp/spectra_filtered.mgf153	1	Spectral Match to 9(10)-EpOME from NIST14	ESI	qTof	Isolated	Data from Wolfender/Litaudon	Data deposited by pmallard	M+H-H2O	279.232	296.235	1	N/A	N/A	CCCCC/C=C\CC1C(O1)CCCCCCCC(=O)O	InChI=1S/C18H32O3/c1-2-3-4-5-7-10-13-16-17(21-16)14-11-8-6-9-12-15-18(19)20/h7,10,16-17H,2-6,8-9,11-15H2,1H3,(H,19,20)/b10-7-	N/A	3	Positive	GNPS-NIST14-MATCHES	279.232	UPDATE-SINGLE-ANNOTATED-BRONZE	Bronze		C18H32O3	FBUKMFOXMZRGRB-YFHOEESVSA-N	FBUKMFOXMZRGRB	Lipids and lipid-like molecules	Fatty Acyls	Fatty acids and conjugates	Fatty Acids and Conjugates	Epoxy fatty acids	Fatty acids	mzspec:GNPS:GNPS-LIBRARY:CCMSLIB00003134722
CCMSLIB00003134722	887	spectra_filtered.mgf	GNPS-NIST14-MATCHES.mgf	0.792169	498083.0	0	3522.78	7	0.983673	278.248	0	temp/spectra_filtered.mgf887	1	Spectral Match to 9(10)-EpOME from NIST14	ESI	qTof	Isolated	Data from Wolfender/Litaudon	Data deposited by pmallard	M+H-H2O	279.232	296.235	1	N/A	N/A	CCCCC/C=C\CC1C(O1)CCCCCCCC(=O)O	InChI=1S/C18H32O3/c1-2-3-4-5-7-10-13-16-17(21-16)14-11-8-6-9-12-15-18(19)20/h7,10,16-17H,2-6,8-9,11-15H2,1H3,(H,19,20)/b10-7-	N/A	3	Positive	GNPS-NIST14-MATCHES	279.232	UPDATE-SINGLE-ANNOTATED-BRONZE	Bronze		C18H32O3	FBUKMFOXMZRGRB-YFHOEESVSA-N	FBUKMFOXMZRGRB	Lipids and lipid-like molecules	Fatty Acyls	Fatty acids and conjugates	Fatty Acids and Conjugates	Epoxy fatty acids	Fatty acids	mzspec:GNPS:GNPS-LIBRARY:CCMSLIB00003134722
CCMSLIB00010087273	3409	spectra_filtered.mgf	PNNL-LIPIDS-POSITIVE.mgf	0.791508	3607200.0	0	0.296736	15	0.000244141	822.755	1	temp/spectra_filtered.mgf3409	1	TG(16:0/16:0/16:1); [M+NH4]+ C51H100N1O6	LC-ESI	HCD; Velos	Commercial	Thomas Metz	Thomas Metz	M+NH4	822.755	0.0	1	N/A	N/A	N/A	N/A	N/A	1	Positive	PNNL-LIPIDS-POSITIVE	822.755	UPDATE-SINGLE-ANNOTATED-GOLD	Gold		N/A	N/A	N/A	N/A	N/A	N/A	N/A	N/A	N/A	mzspec:GNPS:GNPS-LIBRARY:CCMSLIB00010087273
CCMSLIB00003134722	362	spectra_filtered.mgf	GNPS-NIST14-MATCHES.mgf	0.791173	33044200.0	0	67.8698	7	0.0189514	279.251	1	temp/spectra_filtered.mgf362	1	Spectral Match to 9(10)-EpOME from NIST14	ESI	qTof	Isolated	Data from Wolfender/Litaudon	Data deposited by pmallard	M+H-H2O	279.232	296.235	1	N/A	N/A	CCCCC/C=C\CC1C(O1)CCCCCCCC(=O)O	InChI=1S/C18H32O3/c1-2-3-4-5-7-10-13-16-17(21-16)14-11-8-6-9-12-15-18(19)20/h7,10,16-17H,2-6,8-9,11-15H2,1H3,(H,19,20)/b10-7-	N/A	3	Positive	GNPS-NIST14-MATCHES	279.232	UPDATE-SINGLE-ANNOTATED-BRONZE	Bronze		C18H32O3	FBUKMFOXMZRGRB-YFHOEESVSA-N	FBUKMFOXMZRGRB	Lipids and lipid-like molecules	Fatty Acyls	Fatty acids and conjugates	Fatty Acids and Conjugates	Epoxy fatty acids	Fatty acids	mzspec:GNPS:GNPS-LIBRARY:CCMSLIB00003134722
CCMSLIB00006678942	20	spectra_filtered.mgf	MONA.mgf	0.791126	2027530.0	0	5616.69	6	0.983459	174.113	1	temp/spectra_filtered.mgf20	1	SUBERIC ACID	ESI	Orbitrap	isolated	MoNA	MoNA:MoNA037676	M+H	175.096	0.0	1	N/A	N/A	C(CCCC(=O)O)CCC(=O)O	"""InChI=1S/C8H14O4/c9-7(10)5-3-1-2-4-6-8(11)12/h1-6H2,(H,9,10)(H,11,12)"""	N/A	3	positive	MONA	175.096	UPDATE-SINGLE-ANNOTATED-BRONZE	Bronze		C8H14O4	TYFQFVWCELRYAO-UHFFFAOYSA-N	TYFQFVWCELRYAO	Lipids and lipid-like molecules	Fatty Acyls	Fatty acids and conjugates	Fatty Acids and Conjugates	Dicarboxylic acids	Fatty acids	mzspec:GNPS:GNPS-LIBRARY:CCMSLIB00006678942
CCMSLIB00012766668	335	spectra_filtered.mgf	MSNLIB-POSITIVE.mgf	0.789876	2346600.0	0	3406.41	7	1.12473	331.304	1	temp/spectra_filtered.mgf335	1	Z1517722710	ESI	Orbitrap	Commercial	Tomas Pluskal	Corinna Brungs	[M+Na]+	330.179	307.19	1	N/A	N/A	COCC(C)(C)C(=O)N1CCCC(c2noc(C3CC3)n2)C1	InChI=1S/C16H25N3O3/c1-16(2,10-21-3)15(20)19-8-4-5-12(9-19)13-17-14(22-18-13)11-6-7-11/h11-12H,4-10H2,1-3H3	MPZBFDVMBBZVTD-UHFFFAOYSA-N	1	Positive	MSNLIB-POSITIVE	330.179	UPDATE-SINGLE-ANNOTATED-GOLD	Gold		C16H25N3O3	MPZBFDVMBBZVTD-UHFFFAOYSA-N	MPZBFDVMBBZVTD	Organoheterocyclic compounds	Piperidines	N-acylpiperidines	Pseudoalkaloids		Alkaloids	mzspec:GNPS:GNPS-LIBRARY:CCMSLIB00012766668
CCMSLIB00010078326	3393	spectra_filtered.mgf	PNNL-LIPIDS-POSITIVE.mgf	0.789539	3196190.0	0	0.679084	18	0.000610352	898.787	1	temp/spectra_filtered.mgf3393	1	TG(16:0/18:1/20:4); [M+NH4]+ C57H104N1O6	LC-ESI	HCD; Velos	Commercial	Thomas Metz	Thomas Metz	M+NH4	898.786	0.0	1	N/A	N/A	N/A	N/A	N/A	1	Positive	PNNL-LIPIDS-POSITIVE	898.786	UPDATE-SINGLE-ANNOTATED-GOLD	Gold		N/A	N/A	N/A	N/A	N/A	N/A	N/A	N/A	N/A	mzspec:GNPS:GNPS-LIBRARY:CCMSLIB00010078326
CCMSLIB00010090975	2144	spectra_filtered.mgf	PNNL-LIPIDS-POSITIVE.mgf	0.789516	9561970.0	0	1.80773	11	0.00140381	776.56	1	temp/spectra_filtered.mgf2144	1	PE(P-18:0/22:6); [M+H]+ C45H79N1O7P1	LC-ESI	HCD; Velos	Commercial	Thomas Metz	Thomas Metz	M+H	776.559	0.0	1	N/A	N/A	N/A	N/A	N/A	1	Positive	PNNL-LIPIDS-POSITIVE	776.559	UPDATE-SINGLE-ANNOTATED-GOLD	Gold		N/A	N/A	N/A	N/A	N/A	N/A	N/A	N/A	N/A	mzspec:GNPS:GNPS-LIBRARY:CCMSLIB00010090975
CCMSLIB00010061633	1866	spectra_filtered.mgf	PNNL-LIPIDS-POSITIVE.mgf	0.789446	25548200.0	0	1.14156	12	0.000854492	748.529	1	temp/spectra_filtered.mgf1866	1	PE(P-16:0/22:6); [M+H]+ C43H75N1O7P1	LC-ESI	HCD; Velos	Commercial	Thomas Metz	Thomas Metz	M+H	748.528	0.0	1	N/A	N/A	N/A	N/A	N/A	1	Positive	PNNL-LIPIDS-POSITIVE	748.528	UPDATE-SINGLE-ANNOTATED-GOLD	Gold		N/A	N/A	N/A	N/A	N/A	N/A	N/A	N/A	N/A	mzspec:GNPS:GNPS-LIBRARY:CCMSLIB00010061633
CCMSLIB00010091811	2079	spectra_filtered.mgf	PNNL-LIPIDS-POSITIVE.mgf	0.789298	113750000.0	0	1.19123	15	0.000915527	768.553	1	temp/spectra_filtered.mgf2079	1	PE(18:0/20:4); [M+H]+ C43H79N1O8P1	LC-ESI	HCD; Velos	Commercial	Thomas Metz	Thomas Metz	M+H	768.554	0.0	1	N/A	N/A	N/A	N/A	N/A	1	Positive	PNNL-LIPIDS-POSITIVE	768.554	UPDATE-SINGLE-ANNOTATED-GOLD	Gold		N/A	N/A	N/A	N/A	N/A	N/A	N/A	N/A	N/A	mzspec:GNPS:GNPS-LIBRARY:CCMSLIB00010091811
CCMSLIB00010066548	3486	spectra_filtered.mgf	PNNL-LIPIDS-POSITIVE.mgf	0.788615	3114550.0	0	0.0655693	19	6.10352e-05	930.849	1	temp/spectra_filtered.mgf3486	1	TG(18:1/18:1/20:1); [M+NH4]+ C59H112N1O6	LC-ESI	HCD; Velos	Commercial	Thomas Metz	Thomas Metz	M+NH4	930.849	0.0	1	N/A	N/A	N/A	N/A	N/A	1	Positive	PNNL-LIPIDS-POSITIVE	930.849	UPDATE-SINGLE-ANNOTATED-GOLD	Gold		N/A	N/A	N/A	N/A	N/A	N/A	N/A	N/A	N/A	mzspec:GNPS:GNPS-LIBRARY:CCMSLIB00010066548
CCMSLIB00013576563	268	spectra_filtered.mgf	CMMC-FOOD-BIOMARKERS.mgf	0.788259	50600600.0	0	3523.44	7	0.983856	278.248	1	temp/spectra_filtered.mgf268	1	gamma-Linolenic acid (known structural isomers: 0; isobaric peaks in run: 2)	LC-ESI	Orbitrap	Crude	Pieter Dorrestein	Julius	[M+H]+	279.232	278.225	1	N/A	N/A	CCCCC/C=C\C/C=C\C/C=C\CCCCC(=O)O	InChI=1S/C18H30O2/c1-2-3-4-5-6-7-8-9-10-11-12-13-14-15-16-17-18(19)20/h6-7,9-10,12-13H,2-5,8,11,14-17H2,1H3,(H,19,20)/b7-6-,10-9-,13-12-	InChI=1S/C18H30O2/c1-2-3-4-5-6-7-8-9-10-11-12-13-14-15-16-17-18(19)20/h6-7,9-10,12-13H,2-5,8,11,14-17H2,1H3,(H,19,20)/b7-6-,10-9-,13-12- [M+H]+	1	Positive	CMMC-FOOD-BIOMARKERS	279.232	UPDATE-SINGLE-ANNOTATED-GOLD	Gold		C18H30O2	VZCCETWTMQHEPK-QNEBEIHSSA-N	VZCCETWTMQHEPK	Lipids and lipid-like molecules	Fatty Acyls	Lineolic acids and derivatives	Fatty Acids and Conjugates	Unsaturated fatty acids	Fatty acids	mzspec:GNPS:GNPS-LIBRARY:CCMSLIB00013576563
CCMSLIB00013640932	1493	spectra_filtered.mgf	3-HYDROXY-ACYL-AMIDES-LIBRARY.mgf	0.788104	804143.0	0	137.546	10	0.0385437	280.264	0	temp/spectra_filtered.mgf1493	1	3-hydroxydecanoyl amylamine [M+Na]+	LC-ESI	Orbitrap	Crude	Pieter Dorrestein	victoriadeleray	[M+Na]+	280.225	257.235	1	N/A	N/A	CCCCCCCC(O)CC(=O)NCCCCC	"""InChI=1S/C15H31NO2/c1-3-5-7-8-9-11-14(17)13-15(18)16-12-10-6-4-2/h14,17H,3-13H2,1-2H3,(H,16,18)"""	"""InChI=1S/C15H31NO2/c1-3-5-7-8-9-11-14(17)13-15(18)16-12-10-6-4-2/h14,17H,3-13H2,1-2H3,(H,16,18) [M+Na]+"""	1	Positive	3-HYDROXY-ACYL-AMIDES-LIBRARY	280.225	UPDATE-SINGLE-ANNOTATED-GOLD	Gold		C15H31NO2	LYNMNEWOEMTDSX-UHFFFAOYSA-N	LYNMNEWOEMTDSX	N/A	N/A	N/A	Fatty amides	N-acyl amines	Fatty acids	mzspec:GNPS:GNPS-LIBRARY:CCMSLIB00013640932
CCMSLIB00003135134	366	spectra_filtered.mgf	GNPS-NIST14-MATCHES.mgf	0.788078	1635070.0	0	3816.35	7	1.01999	266.248	1	temp/spectra_filtered.mgf366	1	Spectral Match to cis,cis-9,12-Octadecadien-1-ol from NIST14	ESI	HCD	Isolated	Data from Wolfender/Litaudon	Data deposited by pmallard	M+H	267.268	0.0	1	506434	N/A	N/A	N/A	N/A	3	Positive	GNPS-NIST14-MATCHES	267.268	UPDATE-SINGLE-ANNOTATED-BRONZE	Bronze		N/A	N/A	N/A	N/A	N/A	N/A	N/A	N/A	N/A	mzspec:GNPS:GNPS-LIBRARY:CCMSLIB00003135134
CCMSLIB00010090279	3371	spectra_filtered.mgf	PNNL-LIPIDS-POSITIVE.mgf	0.786392	6205560.0	0	0.136122	17	0.00012207	896.771	1	temp/spectra_filtered.mgf3371	1	TG(16:0/16:0/22:6); [M+NH4]+ C57H102N1O6	LC-ESI	HCD; Velos	Commercial	Thomas Metz	Thomas Metz	M+NH4	896.771	0.0	1	N/A	N/A	N/A	N/A	N/A	1	Positive	PNNL-LIPIDS-POSITIVE	896.771	UPDATE-SINGLE-ANNOTATED-GOLD	Gold		N/A	N/A	N/A	N/A	N/A	N/A	N/A	N/A	N/A	mzspec:GNPS:GNPS-LIBRARY:CCMSLIB00010090279
CCMSLIB00003134571	2275	spectra_filtered.mgf	GNPS-NIST14-MATCHES.mgf	0.786052	3212450.0	0	1264.49	7	0.976929	771.609	1	temp/spectra_filtered.mgf2275	1	Spectral Match to 1-(1Z-Octadecenyl)-2-(9Z-octadecenoyl)-sn-glycero-3-phosphocholine from NIST14	ESI	qTof	Isolated	Data from Gabriel Haddad	Data deposited by mjmeehan	M+H	772.586	771.614	1	799268636	N/A	CCCCCCCCCCCCCCCC/C=C\OC[C@H](COP(=O)([O-])OCC[N+](C)(C)C)OC(=O)CCCCCCC/C=C\CCCCCCCC	InChI=1S/C44H86NO7P/c1-6-8-10-12-14-16-18-20-22-24-26-28-30-32-34-36-39-49-41-43(42-51-53(47,48)50-40-38-45(3,4)5)52-44(46)37-35-33-31-29-27-25-23-21-19-17-15-13-11-9-7-2/h21,23,36,39,43H,6-20,22,24-35,37-38,40-42H2,1-5H3/b23-21-,39-36-/t43-/m1/s1	N/A	3	Positive	GNPS-NIST14-MATCHES	772.586	UPDATE-SINGLE-ANNOTATED-BRONZE	Bronze		N/A	DSWOVBIRJNAJAF-NVJOKYTBSA-N	DSWOVBIRJNAJAF	Lipids and lipid-like molecules	Glycerophospholipids	Glycerophosphocholines	N/A	N/A	N/A	mzspec:GNPS:GNPS-LIBRARY:CCMSLIB00003134571
CCMSLIB00010087885	1924	spectra_filtered.mgf	PNNL-LIPIDS-POSITIVE.mgf	0.785842	60005900.0	0	0.336965	16	0.000244141	724.528	1	temp/spectra_filtered.mgf1924	1	PE(P-16:0/20:4); [M+H]+ C41H75N1O7P1	LC-ESI	HCD; Velos	Commercial	Thomas Metz	Thomas Metz	M+H	724.528	0.0	1	N/A	N/A	N/A	N/A	N/A	1	Positive	PNNL-LIPIDS-POSITIVE	724.528	UPDATE-SINGLE-ANNOTATED-GOLD	Gold		N/A	N/A	N/A	N/A	N/A	N/A	N/A	N/A	N/A	mzspec:GNPS:GNPS-LIBRARY:CCMSLIB00010087885
CCMSLIB00003138827	206	spectra_filtered.mgf	GNPS-NIST14-MATCHES.mgf	0.785476	10996400.0	0	3549.17	9	0.983887	276.232	1	temp/spectra_filtered.mgf206	1	Spectral Match to 9S-Hydroxy-10E,12Z,15Z-octadecatrienoic acid from NIST14	ESI	HCD	Isolated	Data from Wolfender/Litaudon	Data deposited by pmallard	M+H-H2O	277.216	0.0	1	89886420	N/A	N/A	N/A	N/A	3	Positive	GNPS-NIST14-MATCHES	277.216	UPDATE-SINGLE-ANNOTATED-BRONZE	Bronze		N/A	N/A	N/A	N/A	N/A	N/A	N/A	N/A	N/A	mzspec:GNPS:GNPS-LIBRARY:CCMSLIB00003138827
CCMSLIB00010099735	1896	spectra_filtered.mgf	PNNL-LIPIDS-POSITIVE.mgf	0.785409	3547410.0	0	2301.93	6	1.99036	866.638	1	temp/spectra_filtered.mgf1896	1	PC(20:4/22:1); [M+H]+ C50H91N1O8P1	LC-ESI	HCD; Velos	Commercial	Thomas Metz	Thomas Metz	M+H	864.648	0.0	1	N/A	N/A	N/A	N/A	N/A	1	Positive	PNNL-LIPIDS-POSITIVE	864.648	UPDATE-SINGLE-ANNOTATED-GOLD	Gold		N/A	N/A	N/A	N/A	N/A	N/A	N/A	N/A	N/A	mzspec:GNPS:GNPS-LIBRARY:CCMSLIB00010099735
CCMSLIB00003137522	776	spectra_filtered.mgf	GNPS-NIST14-MATCHES.mgf	0.783718	530890.0	0	3359.14	7	1.03214	308.294	1	temp/spectra_filtered.mgf776	1	Spectral Match to 14,15-EE-(8Z)-E from NIST14	ESI	HCD	Isolated	Data from Gabriel Haddad	Data deposited by mjmeehan	M+H-H2O	307.262	0.0	1	519038938	N/A	N/A	N/A	N/A	3	Positive	GNPS-NIST14-MATCHES	307.262	UPDATE-SINGLE-ANNOTATED-BRONZE	Bronze		N/A	N/A	N/A	N/A	N/A	N/A	N/A	N/A	N/A	mzspec:GNPS:GNPS-LIBRARY:CCMSLIB00003137522
CCMSLIB00003135453	782	spectra_filtered.mgf	GNPS-NIST14-MATCHES.mgf	0.783132	53778500.0	0	4157.1	9	1.17346	283.452	0	temp/spectra_filtered.mgf782	1	Spectral Match to 9-Octadecenamide, (Z)- from NIST14	ESI	QQQ	Isolated	Data from Wolfender/Litaudon	Data deposited by pmallard	M+H	282.279	281.272	1	301020	N/A	CCCCCCCC/C=C\CCCCCCCC(=O)N	InChI=1S/C18H35NO/c1-2-3-4-5-6-7-8-9-10-11-12-13-14-15-16-17-18(19)20/h9-10H,2-8,11-17H2,1H3,(H2,19,20)/b10-9-	N/A	3	Positive	GNPS-NIST14-MATCHES	282.279	UPDATE-SINGLE-ANNOTATED-BRONZE	Bronze		C18H35NO	FATBGEAMYMYZAF-KTKRTIGZSA-N	FATBGEAMYMYZAF	Lipids and lipid-like molecules	Fatty Acyls	Fatty amides	Fatty amides	Primary amides	Fatty acids	mzspec:GNPS:GNPS-LIBRARY:CCMSLIB00003135453
CCMSLIB00011428767	426	spectra_filtered.mgf	LEAFBOT.mgf	0.782794	28249300.0	0	3.25524	6	0.000915527	281.248	1	temp/spectra_filtered.mgf426	1	Linoleic acid	ESI	Orbitrap	commercial	Kellogg	Josh Kellogg	M+H	281.247	280.24	1	60-33-3		CCCCCC=CCC=CCCCCCCCC(=O)O	OYHQOLUKZRVURQ-HZJYTTRNSA-N	N/A	1	Positive	LEAFBOT	281.247	UPDATE-SINGLE-ANNOTATED-GOLD	Gold		C18H32O2	OYHQOLUKZRVURQ-UHFFFAOYSA-N	OYHQOLUKZRVURQ	Lipids and lipid-like molecules	Fatty Acyls	Lineolic acids and derivatives	Fatty Acids and Conjugates	Unsaturated fatty acids	Fatty acids	mzspec:GNPS:GNPS-LIBRARY:CCMSLIB00011428767
CCMSLIB00010089099	1660	spectra_filtered.mgf	PNNL-LIPIDS-POSITIVE.mgf	0.782248	4162550.0	0	3776.66	7	1.96515	518.375	1	temp/spectra_filtered.mgf1660	1	PC(18:2/0:0); [M+H]+ C26H51N1O7P1	LC-ESI	HCD; Velos	Commercial	Thomas Metz	Thomas Metz	M+H	520.34	0.0	1	N/A	N/A	N/A	N/A	N/A	1	Positive	PNNL-LIPIDS-POSITIVE	520.34	UPDATE-SINGLE-ANNOTATED-GOLD	Gold		N/A	N/A	N/A	N/A	N/A	N/A	N/A	N/A	N/A	mzspec:GNPS:GNPS-LIBRARY:CCMSLIB00010089099
CCMSLIB00000213949	602	spectra_filtered.mgf	MASSBANK.mgf	0.781929	1209860.0	0	5316.19	6	0.984314	184.17	1	temp/spectra_filtered.mgf602	1	Massbank:FIO00258 delta-Undecalactone	ESI	LC-ESI-QTOF	Isolated	Putative Massbank Match	Massbank	[M+H]+	185.154	0.0	1	710-04-3	N/A	CCCCCCC(C1)OC(=O)CC1	1S/C11H20O2/c1-2-3-4-5-7-10-8-6-9-11(12)13-10/h10H,2-9H2,1H3	N/A	3	Positive	MASSBANK	185.154	UPDATE-SINGLE-ANNOTATED-BRONZE	Bronze		C11H20O2	YZRXRLLRSPQHDK-UHFFFAOYSA-N	YZRXRLLRSPQHDK	Organoheterocyclic compounds	Lactones	Delta valerolactones	Fatty esters	Lactones	Fatty acids	mzspec:GNPS:GNPS-LIBRARY:CCMSLIB00000213949
CCMSLIB00010081432	1679	spectra_filtered.mgf	PNNL-LIPIDS-POSITIVE.mgf	0.781301	3485150.0	0	0.464414	18	0.000366211	788.544	1	temp/spectra_filtered.mgf1679	1	PS(18:0/18:2); [M+H]+ C42H79N1O10P1	LC-ESI	HCD; Velos	Commercial	Thomas Metz	Thomas Metz	M+H	788.544	0.0	1	N/A	N/A	N/A	N/A	N/A	1	Positive	PNNL-LIPIDS-POSITIVE	788.544	UPDATE-SINGLE-ANNOTATED-GOLD	Gold		N/A	N/A	N/A	N/A	N/A	N/A	N/A	N/A	N/A	mzspec:GNPS:GNPS-LIBRARY:CCMSLIB00010081432
CCMSLIB00010094235	1929	spectra_filtered.mgf	PNNL-LIPIDS-POSITIVE.mgf	0.780475	1376030.0	0	2367.5	6	1.99023	842.638	1	temp/spectra_filtered.mgf1929	1	PC(18:1/22:2); [M+H]+ C48H91N1O8P1	LC-ESI	HCD; Velos	Commercial	Thomas Metz	Thomas Metz	M+H	840.648	0.0	1	N/A	N/A	N/A	N/A	N/A	1	Positive	PNNL-LIPIDS-POSITIVE	840.648	UPDATE-SINGLE-ANNOTATED-GOLD	Gold		N/A	N/A	N/A	N/A	N/A	N/A	N/A	N/A	N/A	mzspec:GNPS:GNPS-LIBRARY:CCMSLIB00010094235
CCMSLIB00003136259	1210	spectra_filtered.mgf	GNPS-NIST14-MATCHES.mgf	0.77996	308647.0	0	3517.01	9	0.982056	278.248	0	temp/spectra_filtered.mgf1210	1	Spectral Match to Pinolenic acid from NIST14	ESI	qTof	Isolated	Data from System Wide MS course 	Data deposited by daniel	M+H	279.23	278.225	1	16833548	N/A	CCCCC/C=C\C/C=C\CC/C=C\CCCC(=O)O	InChI=1S/C18H30O2/c1-2-3-4-5-6-7-8-9-10-11-12-13-14-15-16-17-18(19)20/h6-7,9-10,13-14H,2-5,8,11-12,15-17H2,1H3,(H,19,20)/b7-6-,10-9-,14-13-	N/A	3	Positive	GNPS-NIST14-MATCHES	279.23	UPDATE-SINGLE-ANNOTATED-BRONZE	Bronze		C18H30O2	HXQHFNIKBKZGRP-URPRIDOGSA-N	HXQHFNIKBKZGRP	Lipids and lipid-like molecules	Fatty Acyls	Lineolic acids and derivatives	Fatty Acids and Conjugates	Unsaturated fatty acids	Fatty acids	mzspec:GNPS:GNPS-LIBRARY:CCMSLIB00003136259
CCMSLIB00010089163	1745	spectra_filtered.mgf	PNNL-LIPIDS-POSITIVE.mgf	0.779781	1915600.0	0	1358.94	11	1.03894	765.562	1	temp/spectra_filtered.mgf1745	1	PE(16:0/22:6); [M+H]+ C43H75N1O8P1	LC-ESI	HCD; Velos	Commercial	Thomas Metz	Thomas Metz	M+H	764.523	0.0	1	N/A	N/A	N/A	N/A	N/A	1	Positive	PNNL-LIPIDS-POSITIVE	764.523	UPDATE-SINGLE-ANNOTATED-GOLD	Gold		N/A	N/A	N/A	N/A	N/A	N/A	N/A	N/A	N/A	mzspec:GNPS:GNPS-LIBRARY:CCMSLIB00010089163
CCMSLIB00010083209	2185	spectra_filtered.mgf	PNNL-LIPIDS-POSITIVE.mgf	0.778812	774107.0	0	44.1946	9	0.0234375	530.348	1	temp/spectra_filtered.mgf2185	1	PE(22:4/0:0); [M+H]+ C27H49N1O7P1	LC-ESI	HCD; Velos	Commercial	Thomas Metz	Thomas Metz	M+H	530.325	0.0	1	N/A	N/A	N/A	N/A	N/A	1	Positive	PNNL-LIPIDS-POSITIVE	530.325	UPDATE-SINGLE-ANNOTATED-GOLD	Gold		N/A	N/A	N/A	N/A	N/A	N/A	N/A	N/A	N/A	mzspec:GNPS:GNPS-LIBRARY:CCMSLIB00010083209
CCMSLIB00003135541	412	spectra_filtered.mgf	GNPS-NIST14-MATCHES.mgf	0.778732	1509690.0	0	3045.83	9	0.984589	322.273	1	temp/spectra_filtered.mgf412	1	Spectral Match to 15-OxoEDE from NIST14	ESI	HCD	Isolated	Data from Wolfender/Litaudon	Data deposited by pmallard	M+H	323.258	0.0	1	105835447	N/A	N/A	N/A	N/A	3	Positive	GNPS-NIST14-MATCHES	323.258	UPDATE-SINGLE-ANNOTATED-BRONZE	Bronze		N/A	N/A	N/A	N/A	N/A	N/A	N/A	N/A	N/A	mzspec:GNPS:GNPS-LIBRARY:CCMSLIB00003135541
CCMSLIB00003134722	1126	spectra_filtered.mgf	GNPS-NIST14-MATCHES.mgf	0.778131	257151.0	0	3523.98	6	0.984009	278.248	0	temp/spectra_filtered.mgf1126	1	Spectral Match to 9(10)-EpOME from NIST14	ESI	qTof	Isolated	Data from Wolfender/Litaudon	Data deposited by pmallard	M+H-H2O	279.232	296.235	1	N/A	N/A	CCCCC/C=C\CC1C(O1)CCCCCCCC(=O)O	InChI=1S/C18H32O3/c1-2-3-4-5-7-10-13-16-17(21-16)14-11-8-6-9-12-15-18(19)20/h7,10,16-17H,2-6,8-9,11-15H2,1H3,(H,19,20)/b10-7-	N/A	3	Positive	GNPS-NIST14-MATCHES	279.232	UPDATE-SINGLE-ANNOTATED-BRONZE	Bronze		C18H32O3	FBUKMFOXMZRGRB-YFHOEESVSA-N	FBUKMFOXMZRGRB	Lipids and lipid-like molecules	Fatty Acyls	Fatty acids and conjugates	Fatty Acids and Conjugates	Epoxy fatty acids	Fatty acids	mzspec:GNPS:GNPS-LIBRARY:CCMSLIB00003134722
CCMSLIB00010062256	3416	spectra_filtered.mgf	PNNL-LIPIDS-POSITIVE.mgf	0.777448	7010920.0	0	0.07191	19	6.10352e-05	848.771	1	temp/spectra_filtered.mgf3416	1	TG(14:0/18:1/18:1); [M+NH4]+ C53H102N1O6	LC-ESI	HCD; Velos	Commercial	Thomas Metz	Thomas Metz	M+NH4	848.771	0.0	1	N/A	N/A	N/A	N/A	N/A	1	Positive	PNNL-LIPIDS-POSITIVE	848.771	UPDATE-SINGLE-ANNOTATED-GOLD	Gold		N/A	N/A	N/A	N/A	N/A	N/A	N/A	N/A	N/A	mzspec:GNPS:GNPS-LIBRARY:CCMSLIB00010062256
CCMSLIB00013939683	607	spectra_filtered.mgf	WFSR-LIBRARY.mgf	0.776858	1142200.0	0	3860.98	6	0.814667	210.185	1	temp/spectra_filtered.mgf607	1	Acibenzolar-S-Methyl_CE15	ESI	Orbitrap	Commercial	Federico Padilla-Gonzalez	"""Sjors Rasker, Wout Bergkamp"""	M+H	211.0	209.992	1	135158-54-2	N/A	CSC(=O)C1=CC=CC2=C1SN=N2	"""InChI=1S/C8H6N2OS2/c1-12-8(11)5-3-2-4-6-7(5)13-10-9-6/h2-4H,1H3"""	N/A	1	Positive	WFSR-LIBRARY	211.0	UPDATE-SINGLE-ANNOTATED-GOLD	Gold		C8H6N2OS2	UELITFHSCLAHKR-UHFFFAOYSA-N	UELITFHSCLAHKR	N/A	N/A	N/A			Alkaloids	mzspec:GNPS:GNPS-LIBRARY:CCMSLIB00013939683
CCMSLIB00010090545	1611	spectra_filtered.mgf	PNNL-LIPIDS-POSITIVE.mgf	0.775758	950457.0	0	2378.69	6	1.99005	838.607	1	temp/spectra_filtered.mgf1611	1	PC(18:0/22:5); [M+H]+ C48H87N1O8P1	LC-ESI	HCD; Velos	Commercial	Thomas Metz	Thomas Metz	M+H	836.617	0.0	1	N/A	N/A	N/A	N/A	N/A	1	Positive	PNNL-LIPIDS-POSITIVE	836.617	UPDATE-SINGLE-ANNOTATED-GOLD	Gold		N/A	N/A	N/A	N/A	N/A	N/A	N/A	N/A	N/A	mzspec:GNPS:GNPS-LIBRARY:CCMSLIB00010090545
CCMSLIB00010064783	1718	spectra_filtered.mgf	PNNL-LIPIDS-POSITIVE.mgf	0.775414	4372730.0	0	0.0798343	10	6.10352e-05	764.523	1	temp/spectra_filtered.mgf1718	1	PE(16:0/22:6); [M+H]+ C43H75N1O8P1	LC-ESI	HCD; Velos	Commercial	Thomas Metz	Thomas Metz	M+H	764.523	0.0	1	N/A	N/A	N/A	N/A	N/A	1	Positive	PNNL-LIPIDS-POSITIVE	764.523	UPDATE-SINGLE-ANNOTATED-GOLD	Gold		N/A	N/A	N/A	N/A	N/A	N/A	N/A	N/A	N/A	mzspec:GNPS:GNPS-LIBRARY:CCMSLIB00010064783
CCMSLIB00003135804	689	spectra_filtered.mgf	GNPS-NIST14-MATCHES.mgf	0.77492	743984.0	0	1.47707	8	0.000427246	289.253	1	temp/spectra_filtered.mgf689	1	Spectral Match to cis-8,11,14-Eicosatrienoic acid from NIST14	ESI	HCD	Isolated	Data from Wolfender/Litaudon	Data deposited by pmallard	M+H-H2O	289.253	0.0	1	1783842	N/A	N/A	N/A	N/A	3	Positive	GNPS-NIST14-MATCHES	289.253	UPDATE-SINGLE-ANNOTATED-BRONZE	Bronze		N/A	N/A	N/A	N/A	N/A	N/A	N/A	N/A	N/A	mzspec:GNPS:GNPS-LIBRARY:CCMSLIB00003135804
CCMSLIB00010078702	3433	spectra_filtered.mgf	PNNL-LIPIDS-POSITIVE.mgf	0.77454	1475100.0	0	0.451691	13	0.000366211	810.755	1	temp/spectra_filtered.mgf3433	1	TG(15:0/16:0/16:0); [M+NH4]+ C50H100N1O6	LC-ESI	HCD; Velos	Commercial	Thomas Metz	Thomas Metz	M+NH4	810.755	0.0	1	N/A	N/A	N/A	N/A	N/A	1	Positive	PNNL-LIPIDS-POSITIVE	810.755	UPDATE-SINGLE-ANNOTATED-GOLD	Gold		N/A	N/A	N/A	N/A	N/A	N/A	N/A	N/A	N/A	mzspec:GNPS:GNPS-LIBRARY:CCMSLIB00010078702
CCMSLIB00010087551	2075	spectra_filtered.mgf	PNNL-LIPIDS-POSITIVE.mgf	0.774387	3252180.0	0	1304.0	10	1.0022	769.556	1	temp/spectra_filtered.mgf2075	1	PE(18:0/20:4); [M+H]+ C43H79N1O8P1	LC-ESI	HCD; Velos	Commercial	Thomas Metz	Thomas Metz	M+H	768.554	0.0	1	N/A	N/A	N/A	N/A	N/A	1	Positive	PNNL-LIPIDS-POSITIVE	768.554	UPDATE-SINGLE-ANNOTATED-GOLD	Gold		N/A	N/A	N/A	N/A	N/A	N/A	N/A	N/A	N/A	mzspec:GNPS:GNPS-LIBRARY:CCMSLIB00010087551
CCMSLIB00010056463	1987	spectra_filtered.mgf	PNNL-LIPIDS-POSITIVE.mgf	0.774238	24348800.0	0	87.0221	11	0.0689697	792.623	1	temp/spectra_filtered.mgf1987	1	PE(18:0/22:6); [M+H]+ C45H79N1O8P1	LC-ESI	HCD; Velos	Commercial	Thomas Metz	Thomas Metz	M+H	792.554	0.0	1	N/A	N/A	N/A	N/A	N/A	1	Positive	PNNL-LIPIDS-POSITIVE	792.554	UPDATE-SINGLE-ANNOTATED-GOLD	Gold		N/A	N/A	N/A	N/A	N/A	N/A	N/A	N/A	N/A	mzspec:GNPS:GNPS-LIBRARY:CCMSLIB00010056463
CCMSLIB00003134722	270	spectra_filtered.mgf	GNPS-NIST14-MATCHES.mgf	0.774218	3582740.0	0	69.1813	6	0.0193176	279.251	1	temp/spectra_filtered.mgf270	1	Spectral Match to 9(10)-EpOME from NIST14	ESI	qTof	Isolated	Data from Wolfender/Litaudon	Data deposited by pmallard	M+H-H2O	279.232	296.235	1	N/A	N/A	CCCCC/C=C\CC1C(O1)CCCCCCCC(=O)O	InChI=1S/C18H32O3/c1-2-3-4-5-7-10-13-16-17(21-16)14-11-8-6-9-12-15-18(19)20/h7,10,16-17H,2-6,8-9,11-15H2,1H3,(H,19,20)/b10-7-	N/A	3	Positive	GNPS-NIST14-MATCHES	279.232	UPDATE-SINGLE-ANNOTATED-BRONZE	Bronze		C18H32O3	FBUKMFOXMZRGRB-YFHOEESVSA-N	FBUKMFOXMZRGRB	Lipids and lipid-like molecules	Fatty Acyls	Fatty acids and conjugates	Fatty Acids and Conjugates	Epoxy fatty acids	Fatty acids	mzspec:GNPS:GNPS-LIBRARY:CCMSLIB00003134722
CCMSLIB00003137415	440	spectra_filtered.mgf	GNPS-NIST14-MATCHES.mgf	0.773932	8511050.0	0	7979.42	8	1.9725	245.227	1	temp/spectra_filtered.mgf440	1	Spectral Match to 5(Z),8(Z),11(Z)-Eicosatrienoic acid methyl ester from NIST14	ESI	IT/ion trap	Isolated	Data from Brigid Boland	Data deposited by fevargas	247.2	247.199	0.0	1	14602392	N/A	N/A	N/A	N/A	3	Positive	GNPS-NIST14-MATCHES	247.199	UPDATE-SINGLE-ANNOTATED-BRONZE	Bronze		N/A	N/A	N/A	N/A	N/A	N/A	N/A	N/A	N/A	mzspec:GNPS:GNPS-LIBRARY:CCMSLIB00003137415
CCMSLIB00010066150	2371	spectra_filtered.mgf	PNNL-LIPIDS-POSITIVE.mgf	0.773723	4161150.0	0	0.0	9	0.0	780.591	1	temp/spectra_filtered.mgf2371	1	PE(P-18:0/22:4); [M+H]+ C45H83N1O7P1	LC-ESI	HCD; Velos	Commercial	Thomas Metz	Thomas Metz	M+H	780.591	0.0	1	N/A	N/A	N/A	N/A	N/A	1	Positive	PNNL-LIPIDS-POSITIVE	780.591	UPDATE-SINGLE-ANNOTATED-GOLD	Gold		N/A	N/A	N/A	N/A	N/A	N/A	N/A	N/A	N/A	mzspec:GNPS:GNPS-LIBRARY:CCMSLIB00010066150
CCMSLIB00005766726	646	spectra_filtered.mgf	MASSBANK.mgf	0.773554	56452.5	0	196.65	6	0.0594482	302.246	0	temp/spectra_filtered.mgf646	1	Massbank:LU100204 2,2'-(Tetradecylimino)diethanol|Tetradecyldiethanolamine	ESI	Hybrid FT	Isolated	Massbank	Massbank	M+H	302.305	0.0	1	18924-66-8	N/A	CCCCCCCCCCCCCCN(CCO)CCO	1S/C18H39NO2/c1-2-3-4-5-6-7-8-9-10-11-12-13-14-19(15-17-20)16-18-21/h20-21H,2-18H2,1H3	N/A	3	Positive	MASSBANK	302.305	UPDATE-SINGLE-ANNOTATED-BRONZE	Bronze		C18H39NO2	CPHJEACXPATRSU-UHFFFAOYSA-N	CPHJEACXPATRSU	Organic nitrogen compounds	Organonitrogen compounds	Amines	Fatty acyls|Fatty amides	Fatty alcohols|N-acyl ethanolamines (endocannabinoids)	Fatty acids	mzspec:GNPS:GNPS-LIBRARY:CCMSLIB00005766726
CCMSLIB00003137522	585	spectra_filtered.mgf	GNPS-NIST14-MATCHES.mgf	0.773402	2502220.0	0	3360.92	7	1.03268	308.295	1	temp/spectra_filtered.mgf585	1	Spectral Match to 14,15-EE-(8Z)-E from NIST14	ESI	HCD	Isolated	Data from Gabriel Haddad	Data deposited by mjmeehan	M+H-H2O	307.262	0.0	1	519038938	N/A	N/A	N/A	N/A	3	Positive	GNPS-NIST14-MATCHES	307.262	UPDATE-SINGLE-ANNOTATED-BRONZE	Bronze		N/A	N/A	N/A	N/A	N/A	N/A	N/A	N/A	N/A	mzspec:GNPS:GNPS-LIBRARY:CCMSLIB00003137522
CCMSLIB00010088717	3355	spectra_filtered.mgf	PNNL-LIPIDS-POSITIVE.mgf	0.772293	24722300.0	0	672.469	10	0.607117	903.425	1	temp/spectra_filtered.mgf3355	1	TG(18:1/18:1/18:1); [M+NH4]+ C57H108N1O6	LC-ESI	HCD; Velos	Commercial	Thomas Metz	Thomas Metz	M+NH4	902.818	0.0	1	N/A	N/A	N/A	N/A	N/A	1	Positive	PNNL-LIPIDS-POSITIVE	902.818	UPDATE-SINGLE-ANNOTATED-GOLD	Gold		N/A	N/A	N/A	N/A	N/A	N/A	N/A	N/A	N/A	mzspec:GNPS:GNPS-LIBRARY:CCMSLIB00010088717
CCMSLIB00005722212	214	spectra_filtered.mgf	GNPS-NIH-NATURALPRODUCTSLIBRARY_ROUND2_POSITIVE.mgf	0.771492	18409600.0	0	3124.52	9	0.985016	314.269	1	temp/spectra_filtered.mgf214	1	NCGC00381425-01!8-hydroxy-8-(3-octyloxiran-2-yl)octanoic acid [IIN-based on: CCMSLIB00000846585]	LC-ESI	Orbitrap	Commercial	Pieter Dorrestein	lfnothias/robinschmid	[M+H]+	315.254	314.246	1	N/A	N/A	CCCCCCCCC1OC1C(O)CCCCCCC(O)=O	InChI=1S/C18H34O4/c1-2-3-4-5-6-10-13-16-18(22-16)15(19)12-9-7-8-11-14-17(20)21/h15-16,18-19H,2-14H2,1H3,(H,20,21)	N/A	3	Positive	GNPS-NIH-NATURALPRODUCTSLIBRARY_ROUND2_POSITIVE	315.254	UPDATE-SINGLE-ANNOTATED-BRONZE	Bronze		C18H34O4	GQEOLYBERRZZCE-UHFFFAOYSA-N	GQEOLYBERRZZCE	Lipids and lipid-like molecules	Fatty Acyls	Lineolic acids and derivatives	Octadecanoids	Other Octadecanoids	Fatty acids	mzspec:GNPS:GNPS-LIBRARY:CCMSLIB00005722212
CCMSLIB00005722215	523	spectra_filtered.mgf	GNPS-NIH-NATURALPRODUCTSLIBRARY_ROUND2_POSITIVE.mgf	0.771218	4809630.0	0	64.7001	9	0.0180664	279.251	1	temp/spectra_filtered.mgf523	1	NCGC00381425-01!8-hydroxy-8-(3-octyloxiran-2-yl)octanoic acid [IIN-based on: CCMSLIB00000846585]	LC-ESI	Orbitrap	Commercial	Pieter Dorrestein	lfnothias/robinschmid	[M-2H2O+H]+	279.233	314.246	1	N/A	N/A	CCCCCCCCC1OC1C(O)CCCCCCC(O)=O	InChI=1S/C18H34O4/c1-2-3-4-5-6-10-13-16-18(22-16)15(19)12-9-7-8-11-14-17(20)21/h15-16,18-19H,2-14H2,1H3,(H,20,21)	N/A	3	Positive	GNPS-NIH-NATURALPRODUCTSLIBRARY_ROUND2_POSITIVE	279.233	UPDATE-SINGLE-ANNOTATED-BRONZE	Bronze		C18H34O4	GQEOLYBERRZZCE-UHFFFAOYSA-N	GQEOLYBERRZZCE	Lipids and lipid-like molecules	Fatty Acyls	Lineolic acids and derivatives	Octadecanoids	Other Octadecanoids	Fatty acids	mzspec:GNPS:GNPS-LIBRARY:CCMSLIB00005722215
CCMSLIB00010068160	2445	spectra_filtered.mgf	PNNL-LIPIDS-POSITIVE.mgf	0.770066	2593420.0	0	0.0	15	0.0	780.591	1	temp/spectra_filtered.mgf2445	1	PE(P-20:0/20:4); [M+H]+ C45H83N1O7P1	LC-ESI	HCD; Velos	Commercial	Thomas Metz	Thomas Metz	M+H	780.591	0.0	1	N/A	N/A	N/A	N/A	N/A	1	Positive	PNNL-LIPIDS-POSITIVE	780.591	UPDATE-SINGLE-ANNOTATED-GOLD	Gold		N/A	N/A	N/A	N/A	N/A	N/A	N/A	N/A	N/A	mzspec:GNPS:GNPS-LIBRARY:CCMSLIB00010068160
CCMSLIB00010084318	1215	spectra_filtered.mgf	PNNL-LIPIDS-POSITIVE.mgf	0.769837	316984.0	0	3754.81	7	1.99127	528.334	1	temp/spectra_filtered.mgf1215	1	PE(22:4/0:0); [M+H]+ C27H49N1O7P1	LC-ESI	HCD; Velos	Commercial	Thomas Metz	Thomas Metz	M+H	530.325	0.0	1	N/A	N/A	N/A	N/A	N/A	1	Positive	PNNL-LIPIDS-POSITIVE	530.325	UPDATE-SINGLE-ANNOTATED-GOLD	Gold		N/A	N/A	N/A	N/A	N/A	N/A	N/A	N/A	N/A	mzspec:GNPS:GNPS-LIBRARY:CCMSLIB00010084318
CCMSLIB00005436020	271	spectra_filtered.mgf	GNPS-LIBRARY.mgf	0.768702	7614770.0	0	7456.62	9	1.96246	261.222	1	temp/spectra_filtered.mgf271	1	Talaromycin A	LC-ESI	qTof	Crude	Kudzanai Tapfuma	 	M+CH3OH+H	263.184	230.152	0	83720-10-9	 	CC[C@@H]1CC[C@@]2(C[C@@H]([C@@H](CO2)CO)O)OC1	InChI=1S/C12H22O4/c1-2-9-3-4-12(15-7-9)5-11(14)10(6-13)8-16-12/h9-11,13-14H,2-8H2,1H3/t9-,10-,11+,12-/m1/s1	 	3	Positive	GNPS-LIBRARY	263.184	UPDATE-SINGLE-ANNOTATED-BRONZE	Bronze		C12H22O4	VDWRKBZMQNPUOB-WISYIIOYSA-N	VDWRKBZMQNPUOB	Organic oxygen compounds	Organooxygen compounds	Ethers	Aromatic polyketides	Usnic acid and derivatives	Polyketides	mzspec:GNPS:GNPS-LIBRARY:CCMSLIB00005436020
CCMSLIB00005722214	294	spectra_filtered.mgf	GNPS-NIH-NATURALPRODUCTSLIBRARY_ROUND2_POSITIVE.mgf	0.768432	7145050.0	0	3340.02	11	0.992798	296.25	1	temp/spectra_filtered.mgf294	1	NCGC00381425-01!8-hydroxy-8-(3-octyloxiran-2-yl)octanoic acid [IIN-based on: CCMSLIB00000846585]	LC-ESI	Orbitrap	Commercial	Pieter Dorrestein	lfnothias/robinschmid	[M-H2O+H]+	297.243	314.246	1	N/A	N/A	CCCCCCCCC1OC1C(O)CCCCCCC(O)=O	InChI=1S/C18H34O4/c1-2-3-4-5-6-10-13-16-18(22-16)15(19)12-9-7-8-11-14-17(20)21/h15-16,18-19H,2-14H2,1H3,(H,20,21)	N/A	3	Positive	GNPS-NIH-NATURALPRODUCTSLIBRARY_ROUND2_POSITIVE	297.243	UPDATE-SINGLE-ANNOTATED-BRONZE	Bronze		C18H34O4	GQEOLYBERRZZCE-UHFFFAOYSA-N	GQEOLYBERRZZCE	Lipids and lipid-like molecules	Fatty Acyls	Lineolic acids and derivatives	Octadecanoids	Other Octadecanoids	Fatty acids	mzspec:GNPS:GNPS-LIBRARY:CCMSLIB00005722214
CCMSLIB00012344148	193	spectra_filtered.mgf	MSNLIB-POSITIVE.mgf	0.768006	5401760.0	0	7113.1	7	1.97946	280.263	1	temp/spectra_filtered.mgf193	1	PERHEXILINE	ESI	Orbitrap	Crude	Tomas Pluskal	Corinna Brungs	[M+H]+	278.284	277.277	1	N/A	N/A	C1CCC(C(CC2CCCCN2)C2CCCCC2)CC1	InChI=1S/C19H35N/c1-3-9-16(10-4-1)19(17-11-5-2-6-12-17)15-18-13-7-8-14-20-18/h16-20H,1-15H2	CYXKNKQEMFBLER-UHFFFAOYSA-N	1	Positive	MSNLIB-POSITIVE	278.284	UPDATE-SINGLE-ANNOTATED-GOLD	Gold		C19H35N	CYXKNKQEMFBLER-UHFFFAOYSA-N	CYXKNKQEMFBLER	N/A	N/A	N/A	Lysine alkaloids	Piperidine alkaloids	Alkaloids	mzspec:GNPS:GNPS-LIBRARY:CCMSLIB00012344148
CCMSLIB00010101925	2678	spectra_filtered.mgf	PNNL-LIPIDS-POSITIVE.mgf	0.767191	1826490.0	0	0.289725	6	0.000244141	842.664	1	temp/spectra_filtered.mgf2678	1	PC(18:2/22:0); [M+H]+ C48H93N1O8P1	LC-ESI	HCD; Velos	Commercial	Thomas Metz	Thomas Metz	M+H	842.664	0.0	1	N/A	N/A	N/A	N/A	N/A	1	Positive	PNNL-LIPIDS-POSITIVE	842.664	UPDATE-SINGLE-ANNOTATED-GOLD	Gold		N/A	N/A	N/A	N/A	N/A	N/A	N/A	N/A	N/A	mzspec:GNPS:GNPS-LIBRARY:CCMSLIB00010101925
CCMSLIB00006678151	1616	spectra_filtered.mgf	GNPS-LIBRARY.mgf	0.766996	1540510.0	0	1.82033	10	0.00109863	603.535	1	temp/spectra_filtered.mgf1616	1	AEG(o-18:3/18:1)	LC-ESI	Orbitrap	Other	S Ding	Su Ding	M+H	603.534	603.534	1	N/A	N/A	N/A	N/A	N/A	3	Positive	GNPS-LIBRARY	603.534	UPDATE-SINGLE-ANNOTATED-BRONZE	Bronze		N/A	N/A	N/A	N/A	N/A	N/A	N/A	N/A	N/A	mzspec:GNPS:GNPS-LIBRARY:CCMSLIB00006678151
CCMSLIB00010094599	3311	spectra_filtered.mgf	PNNL-LIPIDS-POSITIVE.mgf	0.766549	1403240.0	0	0.247214	16	0.000183105	740.677	1	temp/spectra_filtered.mgf3311	1	TG(12:0/14:0/16:0); [M+NH4]+ C45H90N1O6	LC-ESI	HCD; Velos	Commercial	Thomas Metz	Thomas Metz	M+NH4	740.677	0.0	1	N/A	N/A	N/A	N/A	N/A	1	Positive	PNNL-LIPIDS-POSITIVE	740.677	UPDATE-SINGLE-ANNOTATED-GOLD	Gold		N/A	N/A	N/A	N/A	N/A	N/A	N/A	N/A	N/A	mzspec:GNPS:GNPS-LIBRARY:CCMSLIB00010094599
CCMSLIB00010057447	1809	spectra_filtered.mgf	PNNL-LIPIDS-POSITIVE.mgf	0.766437	3059420.0	0	0.477746	10	0.000366211	766.539	1	temp/spectra_filtered.mgf1809	1	PE(18:1/20:4); [M+H]+ C43H77N1O8P1	LC-ESI	HCD; Velos	Commercial	Thomas Metz	Thomas Metz	M+H	766.539	0.0	1	N/A	N/A	N/A	N/A	N/A	1	Positive	PNNL-LIPIDS-POSITIVE	766.539	UPDATE-SINGLE-ANNOTATED-GOLD	Gold		N/A	N/A	N/A	N/A	N/A	N/A	N/A	N/A	N/A	mzspec:GNPS:GNPS-LIBRARY:CCMSLIB00010057447
CCMSLIB00010089351	1803	spectra_filtered.mgf	PNNL-LIPIDS-POSITIVE.mgf	0.76629	5957640.0	0	0.077207	11	6.10352e-05	790.539	1	temp/spectra_filtered.mgf1803	1	PE(18:1/22:6); [M+H]+ C45H77N1O8P1	LC-ESI	HCD; Velos	Commercial	Thomas Metz	Thomas Metz	M+H	790.539	0.0	1	N/A	N/A	N/A	N/A	N/A	1	Positive	PNNL-LIPIDS-POSITIVE	790.539	UPDATE-SINGLE-ANNOTATED-GOLD	Gold		N/A	N/A	N/A	N/A	N/A	N/A	N/A	N/A	N/A	mzspec:GNPS:GNPS-LIBRARY:CCMSLIB00010089351
CCMSLIB00003135541	405	spectra_filtered.mgf	GNPS-NIST14-MATCHES.mgf	0.766077	1338110.0	0	3156.57	9	1.02039	322.238	1	temp/spectra_filtered.mgf405	1	Spectral Match to 15-OxoEDE from NIST14	ESI	HCD	Isolated	Data from Wolfender/Litaudon	Data deposited by pmallard	M+H	323.258	0.0	1	105835447	N/A	N/A	N/A	N/A	3	Positive	GNPS-NIST14-MATCHES	323.258	UPDATE-SINGLE-ANNOTATED-BRONZE	Bronze		N/A	N/A	N/A	N/A	N/A	N/A	N/A	N/A	N/A	mzspec:GNPS:GNPS-LIBRARY:CCMSLIB00003135541
CCMSLIB00010095105	3377	spectra_filtered.mgf	PNNL-LIPIDS-POSITIVE.mgf	0.765883	1498460.0	0	0.360406	17	0.000305176	846.755	1	temp/spectra_filtered.mgf3377	1	TG(16:0/16:1/18:2); [M+NH4]+ C53H100N1O6	LC-ESI	HCD; Velos	Commercial	Thomas Metz	Thomas Metz	M+NH4	846.755	0.0	1	N/A	N/A	N/A	N/A	N/A	1	Positive	PNNL-LIPIDS-POSITIVE	846.755	UPDATE-SINGLE-ANNOTATED-GOLD	Gold		N/A	N/A	N/A	N/A	N/A	N/A	N/A	N/A	N/A	mzspec:GNPS:GNPS-LIBRARY:CCMSLIB00010095105
CCMSLIB00010095904	2015	spectra_filtered.mgf	PNNL-LIPIDS-POSITIVE.mgf	0.765574	8668290.0	0	1320.63	6	1.04938	793.557	1	temp/spectra_filtered.mgf2015	1	PC(O-18:1/20:4); [M+H]+ C46H85N1O7P1	LC-ESI	CID; Velos	Commercial	Thomas Metz	Thomas Metz	M+H	794.606	0.0	1	N/A	N/A	N/A	N/A	N/A	1	Positive	PNNL-LIPIDS-POSITIVE	794.606	UPDATE-SINGLE-ANNOTATED-GOLD	Gold		N/A	N/A	N/A	N/A	N/A	N/A	N/A	N/A	N/A	mzspec:GNPS:GNPS-LIBRARY:CCMSLIB00010095904
CCMSLIB00000567955	444	spectra_filtered.mgf	MONA.mgf	0.765205	127157000.0	0	3496.56	10	0.983398	280.264	1	temp/spectra_filtered.mgf444	1	MoNA:790536 Linoleic acid	LC-ESI	qTof	Isolated	MoNA	MoNA	M+H	281.247	280.24	1	N/A	N/A	CCCCC/C=C\C/C=C\CCCCCCCC(=O)O	InChI=1/C18H32O2/c1-2-3-4-5-6-7-8-9-10-11-12-13-14-15-16-17-18(19)20/h6-7,9-10H,2-5,8,11-17H2,1H3,(H,19,20)/b7-6-,10-9-/f/h19H	N/A	3	Positive	MONA	281.247	UPDATE-SINGLE-ANNOTATED-BRONZE	Bronze		C18H32O2	OYHQOLUKZRVURQ-HZJYTTRNSA-N	OYHQOLUKZRVURQ	Lipids and lipid-like molecules	Fatty Acyls	Lineolic acids and derivatives	Fatty Acids and Conjugates	Unsaturated fatty acids	Fatty acids	mzspec:GNPS:GNPS-LIBRARY:CCMSLIB00000567955
CCMSLIB00012766668	351	spectra_filtered.mgf	MSNLIB-POSITIVE.mgf	0.764922	3139160.0	0	3516.49	6	1.16107	331.34	1	temp/spectra_filtered.mgf351	1	Z1517722710	ESI	Orbitrap	Commercial	Tomas Pluskal	Corinna Brungs	[M+Na]+	330.179	307.19	1	N/A	N/A	COCC(C)(C)C(=O)N1CCCC(c2noc(C3CC3)n2)C1	InChI=1S/C16H25N3O3/c1-16(2,10-21-3)15(20)19-8-4-5-12(9-19)13-17-14(22-18-13)11-6-7-11/h11-12H,4-10H2,1-3H3	MPZBFDVMBBZVTD-UHFFFAOYSA-N	1	Positive	MSNLIB-POSITIVE	330.179	UPDATE-SINGLE-ANNOTATED-GOLD	Gold		C16H25N3O3	MPZBFDVMBBZVTD-UHFFFAOYSA-N	MPZBFDVMBBZVTD	Organoheterocyclic compounds	Piperidines	N-acylpiperidines	Pseudoalkaloids		Alkaloids	mzspec:GNPS:GNPS-LIBRARY:CCMSLIB00012766668
CCMSLIB00003136765	1029	spectra_filtered.mgf	GNPS-NIST14-MATCHES.mgf	0.764772	499250.0	0	7045.92	10	1.99585	281.267	1	temp/spectra_filtered.mgf1029	1	Spectral Match to Elaidic acid from NIST14	ESI	QQQ	Isolated	Data from Gabriel Haddad	Data deposited by mjmeehan	M+H	283.263	282.256	1	112798	N/A	CCCCCCCC/C=C/CCCCCCCC(=O)O	InChI=1S/C18H34O2/c1-2-3-4-5-6-7-8-9-10-11-12-13-14-15-16-17-18(19)20/h9-10H,2-8,11-17H2,1H3,(H,19,20)/b10-9+	N/A	3	Positive	GNPS-NIST14-MATCHES	283.263	UPDATE-SINGLE-ANNOTATED-BRONZE	Bronze		C18H34O2	ZQPPMHVWECSIRJ-MDZDMXLPSA-N	ZQPPMHVWECSIRJ	Lipids and lipid-like molecules	Fatty Acyls	Fatty acids and conjugates	Fatty Acids and Conjugates	Unsaturated fatty acids	Fatty acids	mzspec:GNPS:GNPS-LIBRARY:CCMSLIB00003136765
CCMSLIB00010077106	1675	spectra_filtered.mgf	PNNL-LIPIDS-POSITIVE.mgf	0.764563	4289880.0	0	0.150232	15	0.00012207	812.544	1	temp/spectra_filtered.mgf1675	1	PS(18:0/20:4); [M+H]+ C44H79N1O10P1	LC-ESI	HCD; Velos	Commercial	Thomas Metz	Thomas Metz	M+H	812.544	0.0	1	N/A	N/A	N/A	N/A	N/A	1	Positive	PNNL-LIPIDS-POSITIVE	812.544	UPDATE-SINGLE-ANNOTATED-GOLD	Gold		N/A	N/A	N/A	N/A	N/A	N/A	N/A	N/A	N/A	mzspec:GNPS:GNPS-LIBRARY:CCMSLIB00010077106
CCMSLIB00003134803	906	spectra_filtered.mgf	GNPS-NIST14-MATCHES.mgf	0.76373	13361600.0	0	3428.53	10	1.01923	296.259	1	temp/spectra_filtered.mgf906	1	Spectral Match to Phytomonic acid from NIST14	ESI	HCD	Isolated	Data from PC Dorrestein	Data deposited by daniel	M+H	297.278	0.0	1	503060	N/A	N/A	N/A	N/A	3	Positive	GNPS-NIST14-MATCHES	297.278	UPDATE-SINGLE-ANNOTATED-BRONZE	Bronze		N/A	N/A	N/A	N/A	N/A	N/A	N/A	N/A	N/A	mzspec:GNPS:GNPS-LIBRARY:CCMSLIB00003134803
CCMSLIB00005731255	1202	spectra_filtered.mgf	MASSBANK.mgf	0.763423	3764930.0	0	3496.67	9	0.983429	280.264	1	temp/spectra_filtered.mgf1202	1	Massbank:EQ331603 Linoleic acid|(9Z,12Z)-octadeca-9,12-dienoic acid	ESI	Hybrid FT	Isolated	Massbank	Massbank	M+H	281.247	0.0	1	60-33-3	N/A	CCCCC/C=C\C/C=C\CCCCCCCC(=O)O	1S/C18H32O2/c1-2-3-4-5-6-7-8-9-10-11-12-13-14-15-16-17-18(19)20/h6-7,9-10H,2-5,8,11-17H2,1H3,(H,19,20)/b7-6-,10-9-	N/A	3	Positive	MASSBANK	281.247	UPDATE-SINGLE-ANNOTATED-BRONZE	Bronze		C18H32O2	OYHQOLUKZRVURQ-HZJYTTRNSA-N	OYHQOLUKZRVURQ	Lipids and lipid-like molecules	Fatty Acyls	Lineolic acids and derivatives	Fatty Acids and Conjugates	Unsaturated fatty acids	Fatty acids	mzspec:GNPS:GNPS-LIBRARY:CCMSLIB00005731255
CCMSLIB00000426811	1664	spectra_filtered.mgf	HMDB.mgf	0.762666	582320.0	0	5449.84	6	1.00867	184.073	1	temp/spectra_filtered.mgf1664	1	HMDB:HMDB01565-1652 Phosphorylcholine	Positive	Quattro_QQQ:25eV	Isolated	HMDB	HMDB	M+H	185.082	184.074	1	3616-04-4	N/A	C[N+](C)(C)CCOP(O)(O)=O	InChI=1S/C5H14NO4P/c1-6(2,3)4-5-10-11(7,8)9/h4-5H2,1-3H3,(H-,7,8,9)/p+1	N/A	3	Positive	HMDB	185.082	UPDATE-SINGLE-ANNOTATED-BRONZE	Bronze		N/A	YHHSONZFOIEMCP-UHFFFAOYSA-O	YHHSONZFOIEMCP	Organic nitrogen compounds	Organonitrogen compounds	Quaternary ammonium salts	N/A	N/A	N/A	mzspec:GNPS:GNPS-LIBRARY:CCMSLIB00000426811
CCMSLIB00003134803	874	spectra_filtered.mgf	GNPS-NIST14-MATCHES.mgf	0.761371	14043500.0	0	3308.01	10	0.983398	296.295	1	temp/spectra_filtered.mgf874	1	Spectral Match to Phytomonic acid from NIST14	ESI	HCD	Isolated	Data from PC Dorrestein	Data deposited by daniel	M+H	297.278	0.0	1	503060	N/A	N/A	N/A	N/A	3	Positive	GNPS-NIST14-MATCHES	297.278	UPDATE-SINGLE-ANNOTATED-BRONZE	Bronze		N/A	N/A	N/A	N/A	N/A	N/A	N/A	N/A	N/A	mzspec:GNPS:GNPS-LIBRARY:CCMSLIB00003134803
CCMSLIB00010067490	3479	spectra_filtered.mgf	PNNL-LIPIDS-POSITIVE.mgf	0.761055	724126.0	0	0.0715701	14	6.10352e-05	852.802	1	temp/spectra_filtered.mgf3479	1	TG(16:0/16:0/18:0); [M+NH4]+ C53H106N1O6	LC-ESI	HCD; Velos	Commercial	Thomas Metz	Thomas Metz	M+NH4	852.802	0.0	1	N/A	N/A	N/A	N/A	N/A	1	Positive	PNNL-LIPIDS-POSITIVE	852.802	UPDATE-SINGLE-ANNOTATED-GOLD	Gold		N/A	N/A	N/A	N/A	N/A	N/A	N/A	N/A	N/A	mzspec:GNPS:GNPS-LIBRARY:CCMSLIB00010067490
CCMSLIB00010056511	2362	spectra_filtered.mgf	PNNL-LIPIDS-POSITIVE.mgf	0.760998	926229.0	0	0.404434	10	0.000305176	754.575	1	temp/spectra_filtered.mgf2362	1	PE(P-18:0/20:3); [M+H]+ C43H81N1O7P1	LC-ESI	HCD; Velos	Commercial	Thomas Metz	Thomas Metz	M+H	754.575	0.0	1	N/A	N/A	N/A	N/A	N/A	1	Positive	PNNL-LIPIDS-POSITIVE	754.575	UPDATE-SINGLE-ANNOTATED-GOLD	Gold		N/A	N/A	N/A	N/A	N/A	N/A	N/A	N/A	N/A	mzspec:GNPS:GNPS-LIBRARY:CCMSLIB00010056511
CCMSLIB00010084318	911	spectra_filtered.mgf	PNNL-LIPIDS-POSITIVE.mgf	0.760967	869273.0	0	3756.08	7	1.99194	528.333	1	temp/spectra_filtered.mgf911	1	PE(22:4/0:0); [M+H]+ C27H49N1O7P1	LC-ESI	HCD; Velos	Commercial	Thomas Metz	Thomas Metz	M+H	530.325	0.0	1	N/A	N/A	N/A	N/A	N/A	1	Positive	PNNL-LIPIDS-POSITIVE	530.325	UPDATE-SINGLE-ANNOTATED-GOLD	Gold		N/A	N/A	N/A	N/A	N/A	N/A	N/A	N/A	N/A	mzspec:GNPS:GNPS-LIBRARY:CCMSLIB00010084318
CCMSLIB00010088637	2165	spectra_filtered.mgf	PNNL-LIPIDS-POSITIVE.mgf	0.760855	3537340.0	0	1294.86	7	0.947327	732.554	1	temp/spectra_filtered.mgf2165	1	SM(d18:0/18:1); [M+H]+ C41H84N2O6P1	LC-ESI	HCD; Velos	Commercial	Thomas Metz	Thomas Metz	M+H	731.607	0.0	1	N/A	N/A	N/A	N/A	N/A	1	Positive	PNNL-LIPIDS-POSITIVE	731.607	UPDATE-SINGLE-ANNOTATED-GOLD	Gold		N/A	N/A	N/A	N/A	N/A	N/A	N/A	N/A	N/A	mzspec:GNPS:GNPS-LIBRARY:CCMSLIB00010088637
CCMSLIB00011428767	564	spectra_filtered.mgf	LEAFBOT.mgf	0.760793	502683.0	0	70.3132	6	0.0197754	281.267	1	temp/spectra_filtered.mgf564	1	Linoleic acid	ESI	Orbitrap	commercial	Kellogg	Josh Kellogg	M+H	281.247	280.24	1	60-33-3		CCCCCC=CCC=CCCCCCCCC(=O)O	OYHQOLUKZRVURQ-HZJYTTRNSA-N	N/A	1	Positive	LEAFBOT	281.247	UPDATE-SINGLE-ANNOTATED-GOLD	Gold		C18H32O2	OYHQOLUKZRVURQ-UHFFFAOYSA-N	OYHQOLUKZRVURQ	Lipids and lipid-like molecules	Fatty Acyls	Lineolic acids and derivatives	Fatty Acids and Conjugates	Unsaturated fatty acids	Fatty acids	mzspec:GNPS:GNPS-LIBRARY:CCMSLIB00011428767
CCMSLIB00010057199	2222	spectra_filtered.mgf	PNNL-LIPIDS-POSITIVE.mgf	0.760134	10259700.0	0	0.548754	13	0.000427246	778.575	1	temp/spectra_filtered.mgf2222	1	PE(P-18:0/22:5); [M+H]+ C45H81N1O7P1	LC-ESI	HCD; Velos	Commercial	Thomas Metz	Thomas Metz	M+H	778.575	0.0	1	N/A	N/A	N/A	N/A	N/A	1	Positive	PNNL-LIPIDS-POSITIVE	778.575	UPDATE-SINGLE-ANNOTATED-GOLD	Gold		N/A	N/A	N/A	N/A	N/A	N/A	N/A	N/A	N/A	mzspec:GNPS:GNPS-LIBRARY:CCMSLIB00010057199
CCMSLIB00005720014	196	spectra_filtered.mgf	LDB_POSITIVE.mgf	0.759146	1844070.0	0	2999.56	12	0.948608	315.3	1	temp/spectra_filtered.mgf196	1	Nephrosteranic acid	LC-ESI	Orbitrap	Isolated	Jean-Luc WOLFENDER Pierre-Marie ALLARD	Damien OLIVIER	[M+NH4]	316.249	298.214	1	N/A	N/A	CCCCCCCCCCCC1[C@H](C(=O)O)C(C)C(=O)O1	"""InChI=1S/C17H30O4/c1-3-4-5-6-7-8-9-10-11-12-14-15(16(18)19)13(2)17(20)21-14/h13-15H,3-12H2,1-2H3,(H,18,19)/t13?,14?,15-/m1/s1"""	N/A	3	Positive	LDB_POSITIVE	316.249	UPDATE-SINGLE-ANNOTATED-BRONZE	Bronze		C17H30O4	PKXAQFKGSXYQJX-YMAMQOFZSA-N	PKXAQFKGSXYQJX	Organoheterocyclic compounds	Lactones	Gamma butyrolactones	Fatty acyls	Paraconic acids and derivatives	Fatty acids	mzspec:GNPS:GNPS-LIBRARY:CCMSLIB00005720014
CCMSLIB00003139097	536	spectra_filtered.mgf	GNPS-NIST14-MATCHES.mgf	0.758791	131488.0	0	3328.53	6	1.02274	306.24	1	temp/spectra_filtered.mgf536	1	Spectral Match to cis-8,11,14-Eicosatrienoic acid from NIST14	ESI	qTof	Isolated	Data from Jessica Metcalf	Data deposited by mjmeehan	M+H	307.263	306.256	1	1783842	N/A	CCCCC/C=C\C/C=C\C/C=C\CCCCCCC(=O)O	InChI=1S/C20H34O2/c1-2-3-4-5-6-7-8-9-10-11-12-13-14-15-16-17-18-19-20(21)22/h6-7,9-10,12-13H,2-5,8,11,14-19H2,1H3,(H,21,22)/b7-6-,10-9-,13-12-	N/A	3	Positive	GNPS-NIST14-MATCHES	307.263	UPDATE-SINGLE-ANNOTATED-BRONZE	Bronze		C20H34O2	HOBAELRKJCKHQD-QNEBEIHSSA-N	HOBAELRKJCKHQD	Lipids and lipid-like molecules	Fatty Acyls	Fatty acids and conjugates	Fatty Acids and Conjugates	Unsaturated fatty acids	Fatty acids	mzspec:GNPS:GNPS-LIBRARY:CCMSLIB00003139097
CCMSLIB00005731255	361	spectra_filtered.mgf	MASSBANK.mgf	0.758759	107841000.0	0	3592.16	10	1.01028	280.237	1	temp/spectra_filtered.mgf361	1	Massbank:EQ331603 Linoleic acid|(9Z,12Z)-octadeca-9,12-dienoic acid	ESI	Hybrid FT	Isolated	Massbank	Massbank	M+H	281.247	0.0	1	60-33-3	N/A	CCCCC/C=C\C/C=C\CCCCCCCC(=O)O	1S/C18H32O2/c1-2-3-4-5-6-7-8-9-10-11-12-13-14-15-16-17-18(19)20/h6-7,9-10H,2-5,8,11-17H2,1H3,(H,19,20)/b7-6-,10-9-	N/A	3	Positive	MASSBANK	281.247	UPDATE-SINGLE-ANNOTATED-BRONZE	Bronze		C18H32O2	OYHQOLUKZRVURQ-HZJYTTRNSA-N	OYHQOLUKZRVURQ	Lipids and lipid-like molecules	Fatty Acyls	Lineolic acids and derivatives	Fatty Acids and Conjugates	Unsaturated fatty acids	Fatty acids	mzspec:GNPS:GNPS-LIBRARY:CCMSLIB00005731255
CCMSLIB00010088979	2523	spectra_filtered.mgf	PNNL-LIPIDS-POSITIVE.mgf	0.758241	949042.0	0	0.185365	12	0.00012207	658.541	1	temp/spectra_filtered.mgf2523	1	DG(16:0/22:6/0:0); [M+NH4]+ C41H72N1O5	LC-ESI	HCD; Velos	Commercial	Thomas Metz	Thomas Metz	M+NH4	658.541	0.0	1	N/A	N/A	N/A	N/A	N/A	1	Positive	PNNL-LIPIDS-POSITIVE	658.541	UPDATE-SINGLE-ANNOTATED-GOLD	Gold		N/A	N/A	N/A	N/A	N/A	N/A	N/A	N/A	N/A	mzspec:GNPS:GNPS-LIBRARY:CCMSLIB00010088979
CCMSLIB00003138914	769	spectra_filtered.mgf	GNPS-NIST14-MATCHES.mgf	0.758233	125063000.0	0	4151.15	7	1.17178	283.451	1	temp/spectra_filtered.mgf769	1	Spectral Match to 9-Octadecenamide, (Z)- from NIST14	ESI	QQQ	Isolated	Data from Wolfender/Litaudon	Data deposited by pmallard	M+H	282.279	281.272	1	301020	N/A	CCCCCCCC/C=C\CCCCCCCC(=O)N	InChI=1S/C18H35NO/c1-2-3-4-5-6-7-8-9-10-11-12-13-14-15-16-17-18(19)20/h9-10H,2-8,11-17H2,1H3,(H2,19,20)/b10-9-	N/A	3	Positive	GNPS-NIST14-MATCHES	282.279	UPDATE-SINGLE-ANNOTATED-BRONZE	Bronze		C18H35NO	FATBGEAMYMYZAF-KTKRTIGZSA-N	FATBGEAMYMYZAF	Lipids and lipid-like molecules	Fatty Acyls	Fatty amides	Fatty amides	Primary amides	Fatty acids	mzspec:GNPS:GNPS-LIBRARY:CCMSLIB00003138914
CCMSLIB00010065028	2358	spectra_filtered.mgf	PNNL-LIPIDS-POSITIVE.mgf	0.757627	1180610.0	0	2398.8	6	1.97809	822.639	1	temp/spectra_filtered.mgf2358	1	PC(19:0/20:4); [M+H]+ C47H87N1O8P1	LC-ESI	HCD; Velos	Commercial	Thomas Metz	Thomas Metz	M+H	824.617	0.0	1	N/A	N/A	N/A	N/A	N/A	1	Positive	PNNL-LIPIDS-POSITIVE	824.617	UPDATE-SINGLE-ANNOTATED-GOLD	Gold		N/A	N/A	N/A	N/A	N/A	N/A	N/A	N/A	N/A	mzspec:GNPS:GNPS-LIBRARY:CCMSLIB00010065028
CCMSLIB00004702622	1693	spectra_filtered.mgf	MONA.mgf	0.75754	1168850.0	0	1667.69	6	0.865906	518.358	1	temp/spectra_filtered.mgf1693	1	Deacetoxy(7)-7-Oxokhivorinic Acid	N/A	ESI-QFT	isolated	MoNA	MoNA:VF-NPL-QEHF011559	[M-H]-	519.224	0.0	1	N/A	N/A	CC(=O)O[C@H]1C[C@@H](OC(C)=O)C(C)(C)C2CC(=O)[C@]3(C)C(CC[C@@]4(C)[C@H](C(=O)O)OC(=O)C5OC543)[C@]21C	InChI=1S/C27H36O10/c1-12(28)34-17-11-18(35-13(2)29)25(6)14-8-9-24(5)19(21(31)32)36-22(33)20-27(24,37-20)26(14,7)16(30)10-15(25)23(17,3)4/h14-15,17-20H,8-11H2,1-7H3,(H,31,32)/t14?,15?,17-,18+,19+,20?,24+,25-,26+,27?/m1/s1	N/A	3	negative	MONA	519.224	UPDATE-SINGLE-ANNOTATED-BRONZE	Bronze		C27H36O10	WROKSYFOSDWFHL-UQVLWQGYSA-N	WROKSYFOSDWFHL	N/A	N/A	N/A	Triterpenoids	Limonoids	Terpenoids	mzspec:GNPS:GNPS-LIBRARY:CCMSLIB00004702622
CCMSLIB00010101767	1590	spectra_filtered.mgf	PNNL-LIPIDS-POSITIVE.mgf	0.757305	2008100.0	0	0.640345	13	0.000488281	762.529	1	temp/spectra_filtered.mgf1590	1	PS(16:0/18:1); [M+H]+ C40H77N1O10P1	LC-ESI	HCD; Velos	Commercial	Thomas Metz	Thomas Metz	M+H	762.529	0.0	1	N/A	N/A	N/A	N/A	N/A	1	Positive	PNNL-LIPIDS-POSITIVE	762.529	UPDATE-SINGLE-ANNOTATED-GOLD	Gold		N/A	N/A	N/A	N/A	N/A	N/A	N/A	N/A	N/A	mzspec:GNPS:GNPS-LIBRARY:CCMSLIB00010101767
CCMSLIB00010089377	2022	spectra_filtered.mgf	PNNL-LIPIDS-POSITIVE.mgf	0.756596	25376000.0	0	0.0849434	9	6.10352e-05	718.539	1	temp/spectra_filtered.mgf2022	1	PE(16:0/18:1); [M+H]+ C39H77N1O8P1	LC-ESI	HCD; Velos	Commercial	Thomas Metz	Thomas Metz	M+H	718.539	0.0	1	N/A	N/A	N/A	N/A	N/A	1	Positive	PNNL-LIPIDS-POSITIVE	718.539	UPDATE-SINGLE-ANNOTATED-GOLD	Gold		N/A	N/A	N/A	N/A	N/A	N/A	N/A	N/A	N/A	mzspec:GNPS:GNPS-LIBRARY:CCMSLIB00010089377
CCMSLIB00000567955	1432	spectra_filtered.mgf	MONA.mgf	0.756536	1753480.0	0	3496.78	10	0.983459	280.264	1	temp/spectra_filtered.mgf1432	1	MoNA:790536 Linoleic acid	LC-ESI	qTof	Isolated	MoNA	MoNA	M+H	281.247	280.24	1	N/A	N/A	CCCCC/C=C\C/C=C\CCCCCCCC(=O)O	InChI=1/C18H32O2/c1-2-3-4-5-6-7-8-9-10-11-12-13-14-15-16-17-18(19)20/h6-7,9-10H,2-5,8,11-17H2,1H3,(H,19,20)/b7-6-,10-9-/f/h19H	N/A	3	Positive	MONA	281.247	UPDATE-SINGLE-ANNOTATED-BRONZE	Bronze		C18H32O2	OYHQOLUKZRVURQ-HZJYTTRNSA-N	OYHQOLUKZRVURQ	Lipids and lipid-like molecules	Fatty Acyls	Lineolic acids and derivatives	Fatty Acids and Conjugates	Unsaturated fatty acids	Fatty acids	mzspec:GNPS:GNPS-LIBRARY:CCMSLIB00000567955
CCMSLIB00012413391	1402	spectra_filtered.mgf	MSNLIB-NEGATIVE.mgf	0.755962	612222.0	0	4348.72	7	1.76184	403.378	1	temp/spectra_filtered.mgf1402	1	7-methyl-1-[(2S,3R,4S,5S,6R)-3,4,5-trihydroxy-6-(hydroxymethyl)oxan-2-yl]oxy-1,4a,5,6,7,7a-hexahydrocyclopenta[c]pyran-4-carboxylic acid	ESI	Orbitrap	Isolated	Tomas Pluskal	Corinna Brungs	[M+FA]-	405.14	360.142	1	N/A	N/A	CC1CCC2C(C(=O)O)=COC(O[C@@H]3O[C@H](CO)[C@@H](O)[C@H](O)[C@H]3O)C12	InChI=1S/C16H24O9/c1-6-2-3-7-8(14(21)22)5-23-15(10(6)7)25-16-13(20)12(19)11(18)9(4-17)24-16/h5-7,9-13,15-20H,2-4H2,1H3,(H,21,22)/t6?,7?,9-,10?,11-,12+,13-,15?,16+/m1/s1	DSXFHNSGLYXPNG-WUBGXZNDSA-N	1	Negative	MSNLIB-NEGATIVE	405.14	UPDATE-SINGLE-ANNOTATED-GOLD	Gold		C16H24O9	DSXFHNSGLYXPNG-WUBGXZNDSA-N	DSXFHNSGLYXPNG	Lipids and lipid-like molecules	Prenol lipids	Terpene glycosides	Monoterpenoids	Iridoids monoterpenoids	Terpenoids	mzspec:GNPS:GNPS-LIBRARY:CCMSLIB00012413391
CCMSLIB00010059777	3459	spectra_filtered.mgf	PNNL-LIPIDS-POSITIVE.mgf	0.755889	3221300.0	0	0.197135	18	0.000183105	928.833	1	temp/spectra_filtered.mgf3459	1	TG(18:1/18:2/20:1); [M+NH4]+ C59H110N1O6	LC-ESI	HCD; Velos	Commercial	Thomas Metz	Thomas Metz	M+NH4	928.833	0.0	1	N/A	N/A	N/A	N/A	N/A	1	Positive	PNNL-LIPIDS-POSITIVE	928.833	UPDATE-SINGLE-ANNOTATED-GOLD	Gold		N/A	N/A	N/A	N/A	N/A	N/A	N/A	N/A	N/A	mzspec:GNPS:GNPS-LIBRARY:CCMSLIB00010059777
CCMSLIB00005731255	318	spectra_filtered.mgf	MASSBANK.mgf	0.755773	62289100.0	0	3559.83	10	1.00119	280.246	1	temp/spectra_filtered.mgf318	1	Massbank:EQ331603 Linoleic acid|(9Z,12Z)-octadeca-9,12-dienoic acid	ESI	Hybrid FT	Isolated	Massbank	Massbank	M+H	281.247	0.0	1	60-33-3	N/A	CCCCC/C=C\C/C=C\CCCCCCCC(=O)O	1S/C18H32O2/c1-2-3-4-5-6-7-8-9-10-11-12-13-14-15-16-17-18(19)20/h6-7,9-10H,2-5,8,11-17H2,1H3,(H,19,20)/b7-6-,10-9-	N/A	3	Positive	MASSBANK	281.247	UPDATE-SINGLE-ANNOTATED-BRONZE	Bronze		C18H32O2	OYHQOLUKZRVURQ-HZJYTTRNSA-N	OYHQOLUKZRVURQ	Lipids and lipid-like molecules	Fatty Acyls	Lineolic acids and derivatives	Fatty Acids and Conjugates	Unsaturated fatty acids	Fatty acids	mzspec:GNPS:GNPS-LIBRARY:CCMSLIB00005731255
CCMSLIB00010093491	2034	spectra_filtered.mgf	PNNL-LIPIDS-POSITIVE.mgf	0.75548	15711700.0	0	1229.51	9	0.976929	793.593	1	temp/spectra_filtered.mgf2034	1	PC(17:0/20:5); [M+H]+ C45H81N1O8P1	LC-ESI	HCD; Velos	Commercial	Thomas Metz	Thomas Metz	M+H	794.57	0.0	1	N/A	N/A	N/A	N/A	N/A	1	Positive	PNNL-LIPIDS-POSITIVE	794.57	UPDATE-SINGLE-ANNOTATED-GOLD	Gold		N/A	N/A	N/A	N/A	N/A	N/A	N/A	N/A	N/A	mzspec:GNPS:GNPS-LIBRARY:CCMSLIB00010093491
CCMSLIB00010084318	727	spectra_filtered.mgf	PNNL-LIPIDS-POSITIVE.mgf	0.754998	2367150.0	0	3756.54	7	1.99219	528.333	1	temp/spectra_filtered.mgf727	1	PE(22:4/0:0); [M+H]+ C27H49N1O7P1	LC-ESI	HCD; Velos	Commercial	Thomas Metz	Thomas Metz	M+H	530.325	0.0	1	N/A	N/A	N/A	N/A	N/A	1	Positive	PNNL-LIPIDS-POSITIVE	530.325	UPDATE-SINGLE-ANNOTATED-GOLD	Gold		N/A	N/A	N/A	N/A	N/A	N/A	N/A	N/A	N/A	mzspec:GNPS:GNPS-LIBRARY:CCMSLIB00010084318
CCMSLIB00005731255	315	spectra_filtered.mgf	MASSBANK.mgf	0.754408	142324000.0	0	3496.67	10	0.983429	280.264	1	temp/spectra_filtered.mgf315	1	Massbank:EQ331603 Linoleic acid|(9Z,12Z)-octadeca-9,12-dienoic acid	ESI	Hybrid FT	Isolated	Massbank	Massbank	M+H	281.247	0.0	1	60-33-3	N/A	CCCCC/C=C\C/C=C\CCCCCCCC(=O)O	1S/C18H32O2/c1-2-3-4-5-6-7-8-9-10-11-12-13-14-15-16-17-18(19)20/h6-7,9-10H,2-5,8,11-17H2,1H3,(H,19,20)/b7-6-,10-9-	N/A	3	Positive	MASSBANK	281.247	UPDATE-SINGLE-ANNOTATED-BRONZE	Bronze		C18H32O2	OYHQOLUKZRVURQ-HZJYTTRNSA-N	OYHQOLUKZRVURQ	Lipids and lipid-like molecules	Fatty Acyls	Lineolic acids and derivatives	Fatty Acids and Conjugates	Unsaturated fatty acids	Fatty acids	mzspec:GNPS:GNPS-LIBRARY:CCMSLIB00005731255
CCMSLIB00010084318	1566	spectra_filtered.mgf	PNNL-LIPIDS-POSITIVE.mgf	0.754358	382421.0	0	3755.16	7	1.99146	528.334	1	temp/spectra_filtered.mgf1566	1	PE(22:4/0:0); [M+H]+ C27H49N1O7P1	LC-ESI	HCD; Velos	Commercial	Thomas Metz	Thomas Metz	M+H	530.325	0.0	1	N/A	N/A	N/A	N/A	N/A	1	Positive	PNNL-LIPIDS-POSITIVE	530.325	UPDATE-SINGLE-ANNOTATED-GOLD	Gold		N/A	N/A	N/A	N/A	N/A	N/A	N/A	N/A	N/A	mzspec:GNPS:GNPS-LIBRARY:CCMSLIB00010084318
CCMSLIB00004698915	3234	spectra_filtered.mgf	MONA.mgf	0.754124	1124220.0	0	1500.19	18	1.02789	686.202	1	temp/spectra_filtered.mgf3234	1	7-[(2S,3R,4S,5S,6R)-4,5-dihydroxy-3-[(2R,3R,4R,5R,6S)-3,4,5-trihydroxy-6-methyloxan-2-yl]oxy-6-[[(2R,3R,4R,5R,6S)-3,4,5-trihydroxy-6-methyloxan-2-yl]oxymethyl]oxan-2-yl]oxy-6-methoxychromen-2-one	N/A	ESI-QFT	isolated	MoNA	MoNA:VF-NPL-QEHF007852	[M+K]+	685.174	0.0	1	N/A	N/A	COc1cc2ccc(=O)oc2cc1O[C@@H]1O[C@H](CO[C@@H]2O[C@@H](C)[C@H](O)[C@@H](O)[C@H]2O)[C@@H](O)[C@H](O)[C@H]1O[C@@H]1O[C@@H](C)[C@H](O)[C@@H](O)[C@H]1O	InChI=1S/C28H38O17/c1-9-17(30)20(33)23(36)26(40-9)39-8-15-19(32)22(35)25(45-27-24(37)21(34)18(31)10(2)41-27)28(44-15)43-14-7-12-11(6-13(14)38-3)4-5-16(29)42-12/h4-7,9-10,15,17-28,30-37H,8H2,1-3H3/t9-,10-,15+,17-,18-,19+,20+,21+,22-,23+,24+,25+,26+,27-,28+/m0/s1	N/A	3	positive	MONA	685.174	UPDATE-SINGLE-ANNOTATED-BRONZE	Bronze		C28H38O17	LLQBCHODNVGKSF-RVXDDWIJSA-N	LLQBCHODNVGKSF	Organic oxygen compounds	Organooxygen compounds	Carbohydrates and carbohydrate conjugates	Coumarins	Simple coumarins	Shikimates and Phenylpropanoids	mzspec:GNPS:GNPS-LIBRARY:CCMSLIB00004698915
CCMSLIB00005722214	1821	spectra_filtered.mgf	GNPS-NIH-NATURALPRODUCTSLIBRARY_ROUND2_POSITIVE.mgf	0.753	222940.0	0	3312.61	11	0.98465	296.258	1	temp/spectra_filtered.mgf1821	1	NCGC00381425-01!8-hydroxy-8-(3-octyloxiran-2-yl)octanoic acid [IIN-based on: CCMSLIB00000846585]	LC-ESI	Orbitrap	Commercial	Pieter Dorrestein	lfnothias/robinschmid	[M-H2O+H]+	297.243	314.246	1	N/A	N/A	CCCCCCCCC1OC1C(O)CCCCCCC(O)=O	InChI=1S/C18H34O4/c1-2-3-4-5-6-10-13-16-18(22-16)15(19)12-9-7-8-11-14-17(20)21/h15-16,18-19H,2-14H2,1H3,(H,20,21)	N/A	3	Positive	GNPS-NIH-NATURALPRODUCTSLIBRARY_ROUND2_POSITIVE	297.243	UPDATE-SINGLE-ANNOTATED-BRONZE	Bronze		C18H34O4	GQEOLYBERRZZCE-UHFFFAOYSA-N	GQEOLYBERRZZCE	Lipids and lipid-like molecules	Fatty Acyls	Lineolic acids and derivatives	Octadecanoids	Other Octadecanoids	Fatty acids	mzspec:GNPS:GNPS-LIBRARY:CCMSLIB00005722214
CCMSLIB00003136431	644	spectra_filtered.mgf	GNPS-NIST14-MATCHES.mgf	0.752555	2216330.0	0	11.1334	11	0.00338745	304.263	1	temp/spectra_filtered.mgf644	1	Spectral Match to Arachidonoyl amide from NIST14	ESI	HCD	Isolated	Data from Yoshihiro Kawaoka, Katrina Waters, Richard Smith and Thomas Metz	Data deposited by alchemistmatt	M+H	304.26	0.0	1	85146538	N/A	N/A	N/A	N/A	3	Positive	GNPS-NIST14-MATCHES	304.26	UPDATE-SINGLE-ANNOTATED-BRONZE	Bronze		N/A	N/A	N/A	N/A	N/A	N/A	N/A	N/A	N/A	mzspec:GNPS:GNPS-LIBRARY:CCMSLIB00003136431
CCMSLIB00012317841	401	spectra_filtered.mgf	MSNLIB-POSITIVE.mgf	0.752542	2554130.0	0	0.290438	6	6.10352e-05	210.149	1	temp/spectra_filtered.mgf401	1	Mirogabalin	ESI	Orbitrap	Crude	Tomas Pluskal	Corinna Brungs	[M+H]+	210.149	209.142	1	N/A	N/A	CCC1=C[C@@H]2[C@H](C1)C[C@]2(CN)CC(=O)O	InChI=1S/C12H19NO2/c1-2-8-3-9-5-12(7-13,6-11(14)15)10(9)4-8/h4,9-10H,2-3,5-7,13H2,1H3,(H,14,15)/t9-,10-,12-/m1/s1	FTBQORVNHOIASH-CKYFFXLPSA-N	1	Positive	MSNLIB-POSITIVE	210.149	UPDATE-SINGLE-ANNOTATED-GOLD	Gold		C12H19NO2	FTBQORVNHOIASH-CKYFFXLPSA-N	FTBQORVNHOIASH	Organic acids and derivatives	Carboxylic acids and derivatives	Amino acids, peptides, and analogues				mzspec:GNPS:GNPS-LIBRARY:CCMSLIB00012317841
CCMSLIB00010089341	1669	spectra_filtered.mgf	PNNL-LIPIDS-POSITIVE.mgf	0.752413	6189690.0	0	0.239503	12	0.000183105	764.523	1	temp/spectra_filtered.mgf1669	1	PE(16:0/22:6); [M+H]+ C43H75N1O8P1	LC-ESI	HCD; Velos	Commercial	Thomas Metz	Thomas Metz	M+H	764.523	0.0	1	N/A	N/A	N/A	N/A	N/A	1	Positive	PNNL-LIPIDS-POSITIVE	764.523	UPDATE-SINGLE-ANNOTATED-GOLD	Gold		N/A	N/A	N/A	N/A	N/A	N/A	N/A	N/A	N/A	mzspec:GNPS:GNPS-LIBRARY:CCMSLIB00010089341
CCMSLIB00010099203	1921	spectra_filtered.mgf	PNNL-LIPIDS-POSITIVE.mgf	0.750959	7849140.0	0	0.0	11	0.0	774.544	1	temp/spectra_filtered.mgf1921	1	PE(P-18:1/22:6); [M+H]+ C45H77N1O7P1	LC-ESI	HCD; Velos	Commercial	Thomas Metz	Thomas Metz	M+H	774.544	0.0	1	N/A	N/A	N/A	N/A	N/A	1	Positive	PNNL-LIPIDS-POSITIVE	774.544	UPDATE-SINGLE-ANNOTATED-GOLD	Gold		N/A	N/A	N/A	N/A	N/A	N/A	N/A	N/A	N/A	mzspec:GNPS:GNPS-LIBRARY:CCMSLIB00010099203
CCMSLIB00017433252	410	spectra_filtered.mgf	GNPS-ION-MOBILITY-LIBRARY.mgf	0.748964	20660400.0	0	1.72519	6	0.00038147	221.117	1	temp/spectra_filtered.mgf410	1	3-methoxybenzoic-acid_3-methyl-2-buten-1-ol [CCS=156.89639282226562]	LC-ESI	ToF	Crude	Pieter Dorrestein	victoriadeleray	[M+H]+	221.117	220.11	1	N/A	N/A	COc1cccc(C(=O)OCC=C(C)C)c1	InChI=1S/C13H16O3/c1-10(2)7-8-16-13(14)11-5-4-6-12(9-11)15-3/h4-7,9H,8H2,1-3H3	N/A	1	Positive	GNPS-ION-MOBILITY-LIBRARY	221.117	UPDATE-SINGLE-ANNOTATED-GOLD	Gold		C13H16O3	WKINRCWZWLOOIQ-UHFFFAOYSA-N	WKINRCWZWLOOIQ	Benzenoids	Benzene and substituted derivatives	Benzoic acids and derivatives	Phenolic acids (C6-C1)	Simple phenolic acids	Shikimates and Phenylpropanoids	mzspec:GNPS:GNPS-LIBRARY:CCMSLIB00017433252
CCMSLIB00010098707	263	spectra_filtered.mgf	PNNL-LIPIDS-POSITIVE.mgf	0.747985	1833430.0	0	2.30875	7	0.00115967	502.294	1	temp/spectra_filtered.mgf263	1	PE(20:4/0:0); [M+H]+ C25H45N1O7P1	LC-ESI	HCD; Velos	Commercial	Thomas Metz	Thomas Metz	M+H	502.293	0.0	1	N/A	N/A	N/A	N/A	N/A	1	Positive	PNNL-LIPIDS-POSITIVE	502.293	UPDATE-SINGLE-ANNOTATED-GOLD	Gold		N/A	N/A	N/A	N/A	N/A	N/A	N/A	N/A	N/A	mzspec:GNPS:GNPS-LIBRARY:CCMSLIB00010098707
CCMSLIB00005722214	221	spectra_filtered.mgf	GNPS-NIH-NATURALPRODUCTSLIBRARY_ROUND2_POSITIVE.mgf	0.747522	36369600.0	0	3312.71	11	0.98468	296.258	1	temp/spectra_filtered.mgf221	1	NCGC00381425-01!8-hydroxy-8-(3-octyloxiran-2-yl)octanoic acid [IIN-based on: CCMSLIB00000846585]	LC-ESI	Orbitrap	Commercial	Pieter Dorrestein	lfnothias/robinschmid	[M-H2O+H]+	297.243	314.246	1	N/A	N/A	CCCCCCCCC1OC1C(O)CCCCCCC(O)=O	InChI=1S/C18H34O4/c1-2-3-4-5-6-10-13-16-18(22-16)15(19)12-9-7-8-11-14-17(20)21/h15-16,18-19H,2-14H2,1H3,(H,20,21)	N/A	3	Positive	GNPS-NIH-NATURALPRODUCTSLIBRARY_ROUND2_POSITIVE	297.243	UPDATE-SINGLE-ANNOTATED-BRONZE	Bronze		C18H34O4	GQEOLYBERRZZCE-UHFFFAOYSA-N	GQEOLYBERRZZCE	Lipids and lipid-like molecules	Fatty Acyls	Lineolic acids and derivatives	Octadecanoids	Other Octadecanoids	Fatty acids	mzspec:GNPS:GNPS-LIBRARY:CCMSLIB00005722214
CCMSLIB00003139736	1769	spectra_filtered.mgf	GNPS-NIST14-MATCHES.mgf	0.745655	5052810.0	0	1256.28	7	0.946716	754.536	1	temp/spectra_filtered.mgf1769	1	Spectral Match to N-Stearoyl-4-sphingenyl-1-O-phosphorylcholine from NIST14	ESI	Q-TOF	Isolated	Data from Pieter Dorrestein	Data deposited by daniel	M+Na	753.589	0.0	1	58909845	N/A	N/A	N/A	N/A	3	Positive	GNPS-NIST14-MATCHES	753.589	UPDATE-SINGLE-ANNOTATED-BRONZE	Bronze		N/A	N/A	N/A	N/A	N/A	N/A	N/A	N/A	N/A	mzspec:GNPS:GNPS-LIBRARY:CCMSLIB00003139736
CCMSLIB00005436020	154	spectra_filtered.mgf	GNPS-LIBRARY.mgf	0.745129	2173990.0	0	7457.55	10	1.96271	261.221	1	temp/spectra_filtered.mgf154	1	Talaromycin A	LC-ESI	qTof	Crude	Kudzanai Tapfuma	 	M+CH3OH+H	263.184	230.152	0	83720-10-9	 	CC[C@@H]1CC[C@@]2(C[C@@H]([C@@H](CO2)CO)O)OC1	InChI=1S/C12H22O4/c1-2-9-3-4-12(15-7-9)5-11(14)10(6-13)8-16-12/h9-11,13-14H,2-8H2,1H3/t9-,10-,11+,12-/m1/s1	 	3	Positive	GNPS-LIBRARY	263.184	UPDATE-SINGLE-ANNOTATED-BRONZE	Bronze		C12H22O4	VDWRKBZMQNPUOB-WISYIIOYSA-N	VDWRKBZMQNPUOB	Organic oxygen compounds	Organooxygen compounds	Ethers	Aromatic polyketides	Usnic acid and derivatives	Polyketides	mzspec:GNPS:GNPS-LIBRARY:CCMSLIB00005436020
CCMSLIB00010072204	3302	spectra_filtered.mgf	PNNL-LIPIDS-POSITIVE.mgf	0.745042	5975010.0	0	0.272858	20	0.000244141	894.755	1	temp/spectra_filtered.mgf3302	1	TG(18:2/18:2/18:3); [M+NH4]+ C57H100N1O6	LC-ESI	HCD; Velos	Commercial	Thomas Metz	Thomas Metz	M+NH4	894.755	0.0	1	N/A	N/A	N/A	N/A	N/A	1	Positive	PNNL-LIPIDS-POSITIVE	894.755	UPDATE-SINGLE-ANNOTATED-GOLD	Gold		N/A	N/A	N/A	N/A	N/A	N/A	N/A	N/A	N/A	mzspec:GNPS:GNPS-LIBRARY:CCMSLIB00010072204
CCMSLIB00010084318	1441	spectra_filtered.mgf	PNNL-LIPIDS-POSITIVE.mgf	0.745001	20926800.0	0	43.389	8	0.0230103	530.348	1	temp/spectra_filtered.mgf1441	1	PE(22:4/0:0); [M+H]+ C27H49N1O7P1	LC-ESI	HCD; Velos	Commercial	Thomas Metz	Thomas Metz	M+H	530.325	0.0	1	N/A	N/A	N/A	N/A	N/A	1	Positive	PNNL-LIPIDS-POSITIVE	530.325	UPDATE-SINGLE-ANNOTATED-GOLD	Gold		N/A	N/A	N/A	N/A	N/A	N/A	N/A	N/A	N/A	mzspec:GNPS:GNPS-LIBRARY:CCMSLIB00010084318
CCMSLIB00006678167	3419	spectra_filtered.mgf	GNPS-LIBRARY.mgf	0.744901	2304650.0	0	1149.84	21	1.00586	875.79	1	temp/spectra_filtered.mgf3419	1	TAG (16:0/18:1/18:2)	LC-ESI	Orbitrap	Other	S Ding	Su Ding	M+NH4	874.784	874.784	1	N/A	N/A	N/A	N/A	N/A	3	Positive	GNPS-LIBRARY	874.784	UPDATE-SINGLE-ANNOTATED-BRONZE	Bronze		N/A	N/A	N/A	N/A	N/A	N/A	N/A	N/A	N/A	mzspec:GNPS:GNPS-LIBRARY:CCMSLIB00006678167
CCMSLIB00010056463	2019	spectra_filtered.mgf	PNNL-LIPIDS-POSITIVE.mgf	0.74384	31094700.0	0	0.616086	9	0.000488281	792.554	1	temp/spectra_filtered.mgf2019	1	PE(18:0/22:6); [M+H]+ C45H79N1O8P1	LC-ESI	HCD; Velos	Commercial	Thomas Metz	Thomas Metz	M+H	792.554	0.0	1	N/A	N/A	N/A	N/A	N/A	1	Positive	PNNL-LIPIDS-POSITIVE	792.554	UPDATE-SINGLE-ANNOTATED-GOLD	Gold		N/A	N/A	N/A	N/A	N/A	N/A	N/A	N/A	N/A	mzspec:GNPS:GNPS-LIBRARY:CCMSLIB00010056463
CCMSLIB00010084318	531	spectra_filtered.mgf	PNNL-LIPIDS-POSITIVE.mgf	0.743379	1506360.0	0	44.1946	7	0.0234375	530.348	1	temp/spectra_filtered.mgf531	1	PE(22:4/0:0); [M+H]+ C27H49N1O7P1	LC-ESI	HCD; Velos	Commercial	Thomas Metz	Thomas Metz	M+H	530.325	0.0	1	N/A	N/A	N/A	N/A	N/A	1	Positive	PNNL-LIPIDS-POSITIVE	530.325	UPDATE-SINGLE-ANNOTATED-GOLD	Gold		N/A	N/A	N/A	N/A	N/A	N/A	N/A	N/A	N/A	mzspec:GNPS:GNPS-LIBRARY:CCMSLIB00010084318
CCMSLIB00010095807	3443	spectra_filtered.mgf	PNNL-LIPIDS-POSITIVE.mgf	0.743278	1357120.0	0	0.565936	15	0.000488281	862.786	1	temp/spectra_filtered.mgf3443	1	TG(16:0/17:1/18:1); [M+NH4]+ C54H104N1O6	LC-ESI	HCD; Velos	Commercial	Thomas Metz	Thomas Metz	M+NH4	862.786	0.0	1	N/A	N/A	N/A	N/A	N/A	1	Positive	PNNL-LIPIDS-POSITIVE	862.786	UPDATE-SINGLE-ANNOTATED-GOLD	Gold		N/A	N/A	N/A	N/A	N/A	N/A	N/A	N/A	N/A	mzspec:GNPS:GNPS-LIBRARY:CCMSLIB00010095807
CCMSLIB00010084318	1395	spectra_filtered.mgf	PNNL-LIPIDS-POSITIVE.mgf	0.742016	22906600.0	0	43.1588	7	0.0228882	530.348	1	temp/spectra_filtered.mgf1395	1	PE(22:4/0:0); [M+H]+ C27H49N1O7P1	LC-ESI	HCD; Velos	Commercial	Thomas Metz	Thomas Metz	M+H	530.325	0.0	1	N/A	N/A	N/A	N/A	N/A	1	Positive	PNNL-LIPIDS-POSITIVE	530.325	UPDATE-SINGLE-ANNOTATED-GOLD	Gold		N/A	N/A	N/A	N/A	N/A	N/A	N/A	N/A	N/A	mzspec:GNPS:GNPS-LIBRARY:CCMSLIB00010084318
CCMSLIB00005731255	1391	spectra_filtered.mgf	MASSBANK.mgf	0.741875	2544910.0	0	3496.78	9	0.983459	280.264	1	temp/spectra_filtered.mgf1391	1	Massbank:EQ331603 Linoleic acid|(9Z,12Z)-octadeca-9,12-dienoic acid	ESI	Hybrid FT	Isolated	Massbank	Massbank	M+H	281.247	0.0	1	60-33-3	N/A	CCCCC/C=C\C/C=C\CCCCCCCC(=O)O	1S/C18H32O2/c1-2-3-4-5-6-7-8-9-10-11-12-13-14-15-16-17-18(19)20/h6-7,9-10H,2-5,8,11-17H2,1H3,(H,19,20)/b7-6-,10-9-	N/A	3	Positive	MASSBANK	281.247	UPDATE-SINGLE-ANNOTATED-BRONZE	Bronze		C18H32O2	OYHQOLUKZRVURQ-HZJYTTRNSA-N	OYHQOLUKZRVURQ	Lipids and lipid-like molecules	Fatty Acyls	Lineolic acids and derivatives	Fatty Acids and Conjugates	Unsaturated fatty acids	Fatty acids	mzspec:GNPS:GNPS-LIBRARY:CCMSLIB00005731255
CCMSLIB00010084318	656	spectra_filtered.mgf	PNNL-LIPIDS-POSITIVE.mgf	0.741098	1222450.0	0	44.0795	7	0.0233765	530.348	1	temp/spectra_filtered.mgf656	1	PE(22:4/0:0); [M+H]+ C27H49N1O7P1	LC-ESI	HCD; Velos	Commercial	Thomas Metz	Thomas Metz	M+H	530.325	0.0	1	N/A	N/A	N/A	N/A	N/A	1	Positive	PNNL-LIPIDS-POSITIVE	530.325	UPDATE-SINGLE-ANNOTATED-GOLD	Gold		N/A	N/A	N/A	N/A	N/A	N/A	N/A	N/A	N/A	mzspec:GNPS:GNPS-LIBRARY:CCMSLIB00010084318
CCMSLIB00003134722	358	spectra_filtered.mgf	GNPS-NIST14-MATCHES.mgf	0.740914	79057600.0	0	1.74866	7	0.000488281	279.232	1	temp/spectra_filtered.mgf358	1	Spectral Match to 9(10)-EpOME from NIST14	ESI	qTof	Isolated	Data from Wolfender/Litaudon	Data deposited by pmallard	M+H-H2O	279.232	296.235	1	N/A	N/A	CCCCC/C=C\CC1C(O1)CCCCCCCC(=O)O	InChI=1S/C18H32O3/c1-2-3-4-5-7-10-13-16-17(21-16)14-11-8-6-9-12-15-18(19)20/h7,10,16-17H,2-6,8-9,11-15H2,1H3,(H,19,20)/b10-7-	N/A	3	Positive	GNPS-NIST14-MATCHES	279.232	UPDATE-SINGLE-ANNOTATED-BRONZE	Bronze		C18H32O3	FBUKMFOXMZRGRB-YFHOEESVSA-N	FBUKMFOXMZRGRB	Lipids and lipid-like molecules	Fatty Acyls	Fatty acids and conjugates	Fatty Acids and Conjugates	Epoxy fatty acids	Fatty acids	mzspec:GNPS:GNPS-LIBRARY:CCMSLIB00003134722
CCMSLIB00003139044	699	spectra_filtered.mgf	GNPS-NIST14-MATCHES.mgf	0.739562	2243300.0	0	4842.37	6	0.9646	200.165	1	temp/spectra_filtered.mgf699	1	Spectral Match to 1-Decanoyl-2-hydroxy-sn-glycero-3-phosphocholine from NIST14	ESI	IT/ion trap	Isolated	Data from Dr. Erin E. Carlson	Data deposited by ASidebottom	199.2	199.2	0.0	1	22248631	N/A	N/A	N/A	N/A	3	Positive	GNPS-NIST14-MATCHES	199.2	UPDATE-SINGLE-ANNOTATED-BRONZE	Bronze		N/A	N/A	N/A	N/A	N/A	N/A	N/A	N/A	N/A	mzspec:GNPS:GNPS-LIBRARY:CCMSLIB00003139044
CCMSLIB00003139570	1621	spectra_filtered.mgf	GNPS-NIST14-MATCHES.mgf	0.73909	7140570.0	0	2.95699	11	0.00262451	887.565	1	temp/spectra_filtered.mgf1621	1	Spectral Match to 1-Octadecanoyl-2-(5Z,8Z,11Z,14Z-eicosatetraenoyl)-sn-glycero-3-phospho-(1'-myo-inositol) from NIST14	ESI	IT/ion trap	Isolated	Data from Katrina Waters;Yoshihiro Kawaoka;Richard Smith;Thomas Metz;Ralph Baric	Data deposited by alchemistmatt	M+H	887.562	0.0	1	71258930	N/A	N/A	N/A	N/A	3	Positive	GNPS-NIST14-MATCHES	887.562	UPDATE-SINGLE-ANNOTATED-BRONZE	Bronze		N/A	N/A	N/A	N/A	N/A	N/A	N/A	N/A	N/A	mzspec:GNPS:GNPS-LIBRARY:CCMSLIB00003139570
CCMSLIB00010084318	927	spectra_filtered.mgf	PNNL-LIPIDS-POSITIVE.mgf	0.738083	74946600.0	0	43.5041	8	0.0230713	530.348	1	temp/spectra_filtered.mgf927	1	PE(22:4/0:0); [M+H]+ C27H49N1O7P1	LC-ESI	HCD; Velos	Commercial	Thomas Metz	Thomas Metz	M+H	530.325	0.0	1	N/A	N/A	N/A	N/A	N/A	1	Positive	PNNL-LIPIDS-POSITIVE	530.325	UPDATE-SINGLE-ANNOTATED-GOLD	Gold		N/A	N/A	N/A	N/A	N/A	N/A	N/A	N/A	N/A	mzspec:GNPS:GNPS-LIBRARY:CCMSLIB00010084318
CCMSLIB00005731255	1321	spectra_filtered.mgf	MASSBANK.mgf	0.737768	1817480.0	0	3496.46	9	0.983368	280.264	1	temp/spectra_filtered.mgf1321	1	Massbank:EQ331603 Linoleic acid|(9Z,12Z)-octadeca-9,12-dienoic acid	ESI	Hybrid FT	Isolated	Massbank	Massbank	M+H	281.247	0.0	1	60-33-3	N/A	CCCCC/C=C\C/C=C\CCCCCCCC(=O)O	1S/C18H32O2/c1-2-3-4-5-6-7-8-9-10-11-12-13-14-15-16-17-18(19)20/h6-7,9-10H,2-5,8,11-17H2,1H3,(H,19,20)/b7-6-,10-9-	N/A	3	Positive	MASSBANK	281.247	UPDATE-SINGLE-ANNOTATED-BRONZE	Bronze		C18H32O2	OYHQOLUKZRVURQ-HZJYTTRNSA-N	OYHQOLUKZRVURQ	Lipids and lipid-like molecules	Fatty Acyls	Lineolic acids and derivatives	Fatty Acids and Conjugates	Unsaturated fatty acids	Fatty acids	mzspec:GNPS:GNPS-LIBRARY:CCMSLIB00005731255
CCMSLIB00003135549	2433	spectra_filtered.mgf	GNPS-NIST14-MATCHES.mgf	0.737553	2102360.0	0	1.89898	7	0.00158691	835.667	1	temp/spectra_filtered.mgf2433	1	Spectral Match to N-Tetracosenoyl-4-sphingenyl-1-O-phosphorylcholine from NIST14	ESI	Q-TOF	Isolated	Data from Katrina Waters;Yoshihiro Kawaoka;Richard Smith;Thomas Metz;Ralph Baric	Data deposited by alchemistmatt	M+Na	835.665	0.0	1	N/A	N/A	N/A	N/A	N/A	3	Positive	GNPS-NIST14-MATCHES	835.665	UPDATE-SINGLE-ANNOTATED-BRONZE	Bronze		N/A	N/A	N/A	N/A	N/A	N/A	N/A	N/A	N/A	mzspec:GNPS:GNPS-LIBRARY:CCMSLIB00003135549
CCMSLIB00010084318	777	spectra_filtered.mgf	PNNL-LIPIDS-POSITIVE.mgf	0.737326	2902630.0	0	10.0128	7	0.00531006	530.33	1	temp/spectra_filtered.mgf777	1	PE(22:4/0:0); [M+H]+ C27H49N1O7P1	LC-ESI	HCD; Velos	Commercial	Thomas Metz	Thomas Metz	M+H	530.325	0.0	1	N/A	N/A	N/A	N/A	N/A	1	Positive	PNNL-LIPIDS-POSITIVE	530.325	UPDATE-SINGLE-ANNOTATED-GOLD	Gold		N/A	N/A	N/A	N/A	N/A	N/A	N/A	N/A	N/A	mzspec:GNPS:GNPS-LIBRARY:CCMSLIB00010084318
CCMSLIB00011436575	1369	spectra_filtered.mgf	ECG-ACYL-AMIDES-C4-C24-LIBRARY.mgf	0.737295	441416.0	0	2576.47	6	0.995209	385.274	1	temp/spectra_filtered.mgf1369	1	Gly-C22:6	ESI	Orbitrap	Commercial	Dorrestein	Ipsita	M+H	386.269	385.262	1	N/A	N/A	O=C(NCC(O)=O)CCC=CCC=CCC=CCC=CCC=CCC=CCC	InChI=1S/C24H35NO3/c1-2-3-4-5-6-7-8-9-10-11-12-13-14-15-16-17-18-19-20-21-23(26)25-22-24(27)28/h3-4,6-7,9-10,12-13,15-16,18-19H,2,5,8,11,14,17,20-22H2,1H3,(H,25,26)(H,27,28)	N/A	1	Positive	ECG-ACYL-AMIDES-C4-C24-LIBRARY	386.269	UPDATE-SINGLE-ANNOTATED-GOLD	Gold		C24H35NO3	BEYWKSIFICEQGH-UHFFFAOYSA-N	BEYWKSIFICEQGH	Organic acids and derivatives	Carboxylic acids and derivatives	Amino acids, peptides, and analogues	Fatty amides	N-acyl amines	Fatty acids	mzspec:GNPS:GNPS-LIBRARY:CCMSLIB00011436575
CCMSLIB00013640932	771	spectra_filtered.mgf	3-HYDROXY-ACYL-AMIDES-LIBRARY.mgf	0.736381	504488.0	0	3175.09	8	0.88974	281.115	1	temp/spectra_filtered.mgf771	1	3-hydroxydecanoyl amylamine [M+Na]+	LC-ESI	Orbitrap	Crude	Pieter Dorrestein	victoriadeleray	[M+Na]+	280.225	257.235	1	N/A	N/A	CCCCCCCC(O)CC(=O)NCCCCC	"""InChI=1S/C15H31NO2/c1-3-5-7-8-9-11-14(17)13-15(18)16-12-10-6-4-2/h14,17H,3-13H2,1-2H3,(H,16,18)"""	"""InChI=1S/C15H31NO2/c1-3-5-7-8-9-11-14(17)13-15(18)16-12-10-6-4-2/h14,17H,3-13H2,1-2H3,(H,16,18) [M+Na]+"""	1	Positive	3-HYDROXY-ACYL-AMIDES-LIBRARY	280.225	UPDATE-SINGLE-ANNOTATED-GOLD	Gold		C15H31NO2	LYNMNEWOEMTDSX-UHFFFAOYSA-N	LYNMNEWOEMTDSX	N/A	N/A	N/A	Fatty amides	N-acyl amines	Fatty acids	mzspec:GNPS:GNPS-LIBRARY:CCMSLIB00013640932
CCMSLIB00010072220	3337	spectra_filtered.mgf	PNNL-LIPIDS-POSITIVE.mgf	0.736124	2365740.0	0	0.280378	17	0.000244141	870.755	1	temp/spectra_filtered.mgf3337	1	TG(16:0/18:2/18:3); [M+NH4]+ C55H100N1O6	LC-ESI	HCD; Velos	Commercial	Thomas Metz	Thomas Metz	M+NH4	870.755	0.0	1	N/A	N/A	N/A	N/A	N/A	1	Positive	PNNL-LIPIDS-POSITIVE	870.755	UPDATE-SINGLE-ANNOTATED-GOLD	Gold		N/A	N/A	N/A	N/A	N/A	N/A	N/A	N/A	N/A	mzspec:GNPS:GNPS-LIBRARY:CCMSLIB00010072220
CCMSLIB00012347910	100	spectra_filtered.mgf	MSNLIB-POSITIVE.mgf	0.735792	2371750.0	0	5257.73	6	0.947311	181.122	1	temp/spectra_filtered.mgf100	1	rimantadine	ESI	Orbitrap	Crude	Tomas Pluskal	Corinna Brungs	[M+H]+	180.175	179.167	1	N/A	N/A	CC(N)C12CC3CC(CC(C3)C1)C2	InChI=1S/C12H21N/c1-8(13)12-5-9-2-10(6-12)4-11(3-9)7-12/h8-11H,2-7,13H2,1H3	UBCHPRBFMUDMNC-UHFFFAOYSA-N	1	Positive	MSNLIB-POSITIVE	180.175	UPDATE-SINGLE-ANNOTATED-GOLD	Gold		C12H21N	UBCHPRBFMUDMNC-UHFFFAOYSA-N	UBCHPRBFMUDMNC	Organic nitrogen compounds	Organonitrogen compounds	Amines			Terpenoids	mzspec:GNPS:GNPS-LIBRARY:CCMSLIB00012347910
CCMSLIB00010084318	1549	spectra_filtered.mgf	PNNL-LIPIDS-POSITIVE.mgf	0.735654	17215100.0	0	43.9644	7	0.0233154	530.348	1	temp/spectra_filtered.mgf1549	1	PE(22:4/0:0); [M+H]+ C27H49N1O7P1	LC-ESI	HCD; Velos	Commercial	Thomas Metz	Thomas Metz	M+H	530.325	0.0	1	N/A	N/A	N/A	N/A	N/A	1	Positive	PNNL-LIPIDS-POSITIVE	530.325	UPDATE-SINGLE-ANNOTATED-GOLD	Gold		N/A	N/A	N/A	N/A	N/A	N/A	N/A	N/A	N/A	mzspec:GNPS:GNPS-LIBRARY:CCMSLIB00010084318
CCMSLIB00010085689	1692	spectra_filtered.mgf	PNNL-LIPIDS-POSITIVE.mgf	0.734963	1868410.0	0	0.145571	10	0.00012207	838.56	1	temp/spectra_filtered.mgf1692	1	PS(20:0/20:5); [M+H]+ C46H81N1O10P1	LC-ESI	HCD; Velos	Commercial	Thomas Metz	Thomas Metz	M+H	838.56	0.0	1	N/A	N/A	N/A	N/A	N/A	1	Positive	PNNL-LIPIDS-POSITIVE	838.56	UPDATE-SINGLE-ANNOTATED-GOLD	Gold		N/A	N/A	N/A	N/A	N/A	N/A	N/A	N/A	N/A	mzspec:GNPS:GNPS-LIBRARY:CCMSLIB00010085689
CCMSLIB00010101925	2659	spectra_filtered.mgf	PNNL-LIPIDS-POSITIVE.mgf	0.734152	2329020.0	0	52.4402	6	0.0441895	842.708	1	temp/spectra_filtered.mgf2659	1	PC(18:2/22:0); [M+H]+ C48H93N1O8P1	LC-ESI	HCD; Velos	Commercial	Thomas Metz	Thomas Metz	M+H	842.664	0.0	1	N/A	N/A	N/A	N/A	N/A	1	Positive	PNNL-LIPIDS-POSITIVE	842.664	UPDATE-SINGLE-ANNOTATED-GOLD	Gold		N/A	N/A	N/A	N/A	N/A	N/A	N/A	N/A	N/A	mzspec:GNPS:GNPS-LIBRARY:CCMSLIB00010101925
CCMSLIB00003134551	2197	spectra_filtered.mgf	GNPS-NIST14-MATCHES.mgf	0.734088	5232800.0	0	2538.63	9	1.89526	748.464	1	temp/spectra_filtered.mgf2197	1	Spectral Match to 1-Hexadecyl-2-(9Z-octadecenoyl)-sn-glycero-3-phosphocholine from NIST14	ESI	qTof	Isolated	Data from Gabriel Haddad	Data deposited by mjmeehan	M+H	746.569	745.599	1	95403342	N/A	CCCCCCCCCCCCCCCCOC[C@H](COP(=O)([O-])OCC[N+](C)(C)C)OC(=O)CCCCCCC/C=C\CCCCCCCC	InChI=1S/C42H84NO7P/c1-6-8-10-12-14-16-18-20-22-23-25-27-29-31-33-35-42(44)50-41(40-49-51(45,46)48-38-36-43(3,4)5)39-47-37-34-32-30-28-26-24-21-19-17-15-13-11-9-7-2/h20,22,41H,6-19,21,23-40H2,1-5H3/b22-20-/t41-/m1/s1	N/A	3	Positive	GNPS-NIST14-MATCHES	746.569	UPDATE-SINGLE-ANNOTATED-BRONZE	Bronze		N/A	SIEDNCDNGMIKST-IYEJTHTFSA-N	SIEDNCDNGMIKST	Lipids and lipid-like molecules	Glycerophospholipids	Glycerophosphocholines	N/A	N/A	N/A	mzspec:GNPS:GNPS-LIBRARY:CCMSLIB00003134551
CCMSLIB00010084318	1895	spectra_filtered.mgf	PNNL-LIPIDS-POSITIVE.mgf	0.733839	10558600.0	0	44.0795	8	0.0233765	530.348	1	temp/spectra_filtered.mgf1895	1	PE(22:4/0:0); [M+H]+ C27H49N1O7P1	LC-ESI	HCD; Velos	Commercial	Thomas Metz	Thomas Metz	M+H	530.325	0.0	1	N/A	N/A	N/A	N/A	N/A	1	Positive	PNNL-LIPIDS-POSITIVE	530.325	UPDATE-SINGLE-ANNOTATED-GOLD	Gold		N/A	N/A	N/A	N/A	N/A	N/A	N/A	N/A	N/A	mzspec:GNPS:GNPS-LIBRARY:CCMSLIB00010084318
CCMSLIB00010084318	1517	spectra_filtered.mgf	PNNL-LIPIDS-POSITIVE.mgf	0.733677	21104000.0	0	43.7342	7	0.0231934	530.348	1	temp/spectra_filtered.mgf1517	1	PE(22:4/0:0); [M+H]+ C27H49N1O7P1	LC-ESI	HCD; Velos	Commercial	Thomas Metz	Thomas Metz	M+H	530.325	0.0	1	N/A	N/A	N/A	N/A	N/A	1	Positive	PNNL-LIPIDS-POSITIVE	530.325	UPDATE-SINGLE-ANNOTATED-GOLD	Gold		N/A	N/A	N/A	N/A	N/A	N/A	N/A	N/A	N/A	mzspec:GNPS:GNPS-LIBRARY:CCMSLIB00010084318
CCMSLIB00000567955	1649	spectra_filtered.mgf	MONA.mgf	0.733674	1108170.0	0	3496.89	9	0.98349	280.264	1	temp/spectra_filtered.mgf1649	1	MoNA:790536 Linoleic acid	LC-ESI	qTof	Isolated	MoNA	MoNA	M+H	281.247	280.24	1	N/A	N/A	CCCCC/C=C\C/C=C\CCCCCCCC(=O)O	InChI=1/C18H32O2/c1-2-3-4-5-6-7-8-9-10-11-12-13-14-15-16-17-18(19)20/h6-7,9-10H,2-5,8,11-17H2,1H3,(H,19,20)/b7-6-,10-9-/f/h19H	N/A	3	Positive	MONA	281.247	UPDATE-SINGLE-ANNOTATED-BRONZE	Bronze		C18H32O2	OYHQOLUKZRVURQ-HZJYTTRNSA-N	OYHQOLUKZRVURQ	Lipids and lipid-like molecules	Fatty Acyls	Lineolic acids and derivatives	Fatty Acids and Conjugates	Unsaturated fatty acids	Fatty acids	mzspec:GNPS:GNPS-LIBRARY:CCMSLIB00000567955
CCMSLIB00000217226	1042	spectra_filtered.mgf	MASSBANK.mgf	0.732835	1985130.0	0	2435.49	6	0.716034	293.284	1	temp/spectra_filtered.mgf1042	1	Massbank:KO002367 N-Acetylmuramate|N-Acetylmuramic acid	ESI	LC-ESI-QQ	Isolated	Putative Massbank Match	Massbank	[M+H]+	294.0	0.0	1	61633-75-8	N/A	OCC(O1)C(O)C(OC(C)C(O)=O)C(NC(C)=O)C(O)1	1S/C11H19NO8/c1-4(10(16)17)19-9-7(12-5(2)14)11(18)20-6(3-13)8(9)15/h4,6-9,11,13,15,18H,3H2,1-2H3,(H,12,14)(H,16,17)/t4-,6-,7-,8-,9-,11?/m1/s1	N/A	3	Positive	MASSBANK	294.0	UPDATE-SINGLE-ANNOTATED-BRONZE	Bronze		C11H19NO8	MNLRQHMNZILYPY-UHFFFAOYSA-N	MNLRQHMNZILYPY	Organic oxygen compounds	Organooxygen compounds	Carbohydrates and carbohydrate conjugates	Aminosugars and aminoglycosides	Aminosugars	Carbohydrates	mzspec:GNPS:GNPS-LIBRARY:CCMSLIB00000217226
CCMSLIB00012892190	490	spectra_filtered.mgf	MSNLIB-POSITIVE.mgf	0.732782	2696110.0	0	5671.03	6	0.975967	171.121	1	temp/spectra_filtered.mgf490	1	3-(2-methyl-5-oxopyrrolidin-2-yl)propanoic acid	ESI	Orbitrap	Commercial	Tomas Pluskal	Corinna Brungs	[M+H]+	172.097	171.09	1	N/A	N/A	CC1(CCC(=O)O)CCC(=O)N1	InChI=1S/C8H13NO3/c1-8(5-3-7(11)12)4-2-6(10)9-8/h2-5H2,1H3,(H,9,10)(H,11,12)	IYZLKGGASXHCNA-UHFFFAOYSA-N	1	Positive	MSNLIB-POSITIVE	172.097	UPDATE-SINGLE-ANNOTATED-GOLD	Gold		C8H13NO3	IYZLKGGASXHCNA-UHFFFAOYSA-N	IYZLKGGASXHCNA	N/A	N/A	N/A			Alkaloids	mzspec:GNPS:GNPS-LIBRARY:CCMSLIB00012892190
CCMSLIB00003134579	987	spectra_filtered.mgf	GNPS-NIST14-MATCHES.mgf	0.732762	341318.0	0	2826.57	6	0.947632	334.31	1	temp/spectra_filtered.mgf987	1	Spectral Match to Monolinolenin (9c,12c,15c) from NIST14	ESI	HCD	Isolated	Data from Wolfender/Litaudon	Data deposited by pmallard	M+H-H2O	335.258	0.0	1	18465991	N/A	N/A	N/A	N/A	3	Positive	GNPS-NIST14-MATCHES	335.258	UPDATE-SINGLE-ANNOTATED-BRONZE	Bronze		N/A	N/A	N/A	N/A	N/A	N/A	N/A	N/A	N/A	mzspec:GNPS:GNPS-LIBRARY:CCMSLIB00003134579
CCMSLIB00010084318	2423	spectra_filtered.mgf	PNNL-LIPIDS-POSITIVE.mgf	0.732388	6996310.0	0	44.4248	7	0.0235596	530.349	1	temp/spectra_filtered.mgf2423	1	PE(22:4/0:0); [M+H]+ C27H49N1O7P1	LC-ESI	HCD; Velos	Commercial	Thomas Metz	Thomas Metz	M+H	530.325	0.0	1	N/A	N/A	N/A	N/A	N/A	1	Positive	PNNL-LIPIDS-POSITIVE	530.325	UPDATE-SINGLE-ANNOTATED-GOLD	Gold		N/A	N/A	N/A	N/A	N/A	N/A	N/A	N/A	N/A	mzspec:GNPS:GNPS-LIBRARY:CCMSLIB00010084318
CCMSLIB00010087893	2153	spectra_filtered.mgf	PNNL-LIPIDS-POSITIVE.mgf	0.732358	2524230.0	0	45.7434	6	0.0351562	768.589	1	temp/spectra_filtered.mgf2153	1	PE(18:0/20:4); [M+H]+ C43H79N1O8P1	LC-ESI	HCD; Velos	Commercial	Thomas Metz	Thomas Metz	M+H	768.554	0.0	1	N/A	N/A	N/A	N/A	N/A	1	Positive	PNNL-LIPIDS-POSITIVE	768.554	UPDATE-SINGLE-ANNOTATED-GOLD	Gold		N/A	N/A	N/A	N/A	N/A	N/A	N/A	N/A	N/A	mzspec:GNPS:GNPS-LIBRARY:CCMSLIB00010087893
CCMSLIB00010084318	1367	spectra_filtered.mgf	PNNL-LIPIDS-POSITIVE.mgf	0.732175	21530600.0	0	42.9286	7	0.0227661	530.348	1	temp/spectra_filtered.mgf1367	1	PE(22:4/0:0); [M+H]+ C27H49N1O7P1	LC-ESI	HCD; Velos	Commercial	Thomas Metz	Thomas Metz	M+H	530.325	0.0	1	N/A	N/A	N/A	N/A	N/A	1	Positive	PNNL-LIPIDS-POSITIVE	530.325	UPDATE-SINGLE-ANNOTATED-GOLD	Gold		N/A	N/A	N/A	N/A	N/A	N/A	N/A	N/A	N/A	mzspec:GNPS:GNPS-LIBRARY:CCMSLIB00010084318
CCMSLIB00010084318	978	spectra_filtered.mgf	PNNL-LIPIDS-POSITIVE.mgf	0.73196	64348200.0	0	43.0437	7	0.0228271	530.348	1	temp/spectra_filtered.mgf978	1	PE(22:4/0:0); [M+H]+ C27H49N1O7P1	LC-ESI	HCD; Velos	Commercial	Thomas Metz	Thomas Metz	M+H	530.325	0.0	1	N/A	N/A	N/A	N/A	N/A	1	Positive	PNNL-LIPIDS-POSITIVE	530.325	UPDATE-SINGLE-ANNOTATED-GOLD	Gold		N/A	N/A	N/A	N/A	N/A	N/A	N/A	N/A	N/A	mzspec:GNPS:GNPS-LIBRARY:CCMSLIB00010084318
CCMSLIB00004711820	1237	spectra_filtered.mgf	MONA.mgf	0.731785	347624.0	0	1616.73	6	0.807129	498.427	1	temp/spectra_filtered.mgf1237	1	methyl (1S,5S,9S,10R,15R)-15-(acetyloxy)-8-hydroxy-4,5,7,10,14,14-hexamethyl-6,18-dioxo-19-oxapentacyclo[10.5.2.0�,��.0�,�?.0?,?]nonadeca-3,7-diene-9-carboxylate	N/A	ESI-QFT	isolated	MoNA	MoNA:VF-NPL-QEHF020757	[M-H]-	499.234	0.0	1	N/A	N/A	COC(=O)[C@]12C(O)=C(C)C(=O)[C@@]1(C)C(C)=CC1[C@@]34CC[C@@H](OC(C)=O)C(C)(C)C3C(C[C@]12C)OC4=O	InChI=1S/C28H36O8/c1-13-11-17-25(6,28(23(33)34-8)21(31)14(2)20(30)26(13,28)7)12-16-19-24(4,5)18(35-15(3)29)9-10-27(17,19)22(32)36-16/h11,16-19,31H,9-10,12H2,1-8H3/t16?,17?,18-,19?,25-,26-,27+,28+/m1/s1	N/A	3	negative	MONA	499.234	UPDATE-SINGLE-ANNOTATED-BRONZE	Bronze		C28H36O8	JYWRCSAWBUAIFO-KRRNMHNDSA-N	JYWRCSAWBUAIFO	Lipids and lipid-like molecules	Steroids and steroid derivatives	Steroid esters	Meroterpenoids	Tetraketide meroterpenoids	Polyketides|Terpenoids	mzspec:GNPS:GNPS-LIBRARY:CCMSLIB00004711820
CCMSLIB00010084318	2447	spectra_filtered.mgf	PNNL-LIPIDS-POSITIVE.mgf	0.731748	2504360.0	0	44.655	7	0.0236816	530.349	1	temp/spectra_filtered.mgf2447	1	PE(22:4/0:0); [M+H]+ C27H49N1O7P1	LC-ESI	HCD; Velos	Commercial	Thomas Metz	Thomas Metz	M+H	530.325	0.0	1	N/A	N/A	N/A	N/A	N/A	1	Positive	PNNL-LIPIDS-POSITIVE	530.325	UPDATE-SINGLE-ANNOTATED-GOLD	Gold		N/A	N/A	N/A	N/A	N/A	N/A	N/A	N/A	N/A	mzspec:GNPS:GNPS-LIBRARY:CCMSLIB00010084318
CCMSLIB00010084318	1140	spectra_filtered.mgf	PNNL-LIPIDS-POSITIVE.mgf	0.731263	434605.0	0	3755.85	6	1.99182	528.333	1	temp/spectra_filtered.mgf1140	1	PE(22:4/0:0); [M+H]+ C27H49N1O7P1	LC-ESI	HCD; Velos	Commercial	Thomas Metz	Thomas Metz	M+H	530.325	0.0	1	N/A	N/A	N/A	N/A	N/A	1	Positive	PNNL-LIPIDS-POSITIVE	530.325	UPDATE-SINGLE-ANNOTATED-GOLD	Gold		N/A	N/A	N/A	N/A	N/A	N/A	N/A	N/A	N/A	mzspec:GNPS:GNPS-LIBRARY:CCMSLIB00010084318
CCMSLIB00005731255	1246	spectra_filtered.mgf	MASSBANK.mgf	0.7303	1202050.0	0	3496.67	9	0.983429	280.264	1	temp/spectra_filtered.mgf1246	1	Massbank:EQ331603 Linoleic acid|(9Z,12Z)-octadeca-9,12-dienoic acid	ESI	Hybrid FT	Isolated	Massbank	Massbank	M+H	281.247	0.0	1	60-33-3	N/A	CCCCC/C=C\C/C=C\CCCCCCCC(=O)O	1S/C18H32O2/c1-2-3-4-5-6-7-8-9-10-11-12-13-14-15-16-17-18(19)20/h6-7,9-10H,2-5,8,11-17H2,1H3,(H,19,20)/b7-6-,10-9-	N/A	3	Positive	MASSBANK	281.247	UPDATE-SINGLE-ANNOTATED-BRONZE	Bronze		C18H32O2	OYHQOLUKZRVURQ-HZJYTTRNSA-N	OYHQOLUKZRVURQ	Lipids and lipid-like molecules	Fatty Acyls	Lineolic acids and derivatives	Fatty Acids and Conjugates	Unsaturated fatty acids	Fatty acids	mzspec:GNPS:GNPS-LIBRARY:CCMSLIB00005731255
CCMSLIB00005731255	1030	spectra_filtered.mgf	MASSBANK.mgf	0.729302	4106910.0	0	3496.02	9	0.983246	280.264	1	temp/spectra_filtered.mgf1030	1	Massbank:EQ331603 Linoleic acid|(9Z,12Z)-octadeca-9,12-dienoic acid	ESI	Hybrid FT	Isolated	Massbank	Massbank	M+H	281.247	0.0	1	60-33-3	N/A	CCCCC/C=C\C/C=C\CCCCCCCC(=O)O	1S/C18H32O2/c1-2-3-4-5-6-7-8-9-10-11-12-13-14-15-16-17-18(19)20/h6-7,9-10H,2-5,8,11-17H2,1H3,(H,19,20)/b7-6-,10-9-	N/A	3	Positive	MASSBANK	281.247	UPDATE-SINGLE-ANNOTATED-BRONZE	Bronze		C18H32O2	OYHQOLUKZRVURQ-HZJYTTRNSA-N	OYHQOLUKZRVURQ	Lipids and lipid-like molecules	Fatty Acyls	Lineolic acids and derivatives	Fatty Acids and Conjugates	Unsaturated fatty acids	Fatty acids	mzspec:GNPS:GNPS-LIBRARY:CCMSLIB00005731255
CCMSLIB00010084318	2220	spectra_filtered.mgf	PNNL-LIPIDS-POSITIVE.mgf	0.729129	7784730.0	0	44.4248	7	0.0235596	530.349	1	temp/spectra_filtered.mgf2220	1	PE(22:4/0:0); [M+H]+ C27H49N1O7P1	LC-ESI	HCD; Velos	Commercial	Thomas Metz	Thomas Metz	M+H	530.325	0.0	1	N/A	N/A	N/A	N/A	N/A	1	Positive	PNNL-LIPIDS-POSITIVE	530.325	UPDATE-SINGLE-ANNOTATED-GOLD	Gold		N/A	N/A	N/A	N/A	N/A	N/A	N/A	N/A	N/A	mzspec:GNPS:GNPS-LIBRARY:CCMSLIB00010084318
CCMSLIB00003135120	225	spectra_filtered.mgf	GNPS-NIST14-MATCHES.mgf	0.729023	9562420.0	0	7794.56	6	1.94286	251.201	1	temp/spectra_filtered.mgf225	1	Spectral Match to cis,cis-9,12-Octadecadien-1-ol from NIST14	ESI	HCD	Isolated	Data from Wolfender/Litaudon	Data deposited by pmallard	M+H-H2O	249.258	0.0	1	506434	N/A	N/A	N/A	N/A	3	Positive	GNPS-NIST14-MATCHES	249.258	UPDATE-SINGLE-ANNOTATED-BRONZE	Bronze		N/A	N/A	N/A	N/A	N/A	N/A	N/A	N/A	N/A	mzspec:GNPS:GNPS-LIBRARY:CCMSLIB00003135120
CCMSLIB00005731255	876	spectra_filtered.mgf	MASSBANK.mgf	0.728966	679318.0	0	7033.71	8	1.97821	279.269	1	temp/spectra_filtered.mgf876	1	Massbank:EQ331603 Linoleic acid|(9Z,12Z)-octadeca-9,12-dienoic acid	ESI	Hybrid FT	Isolated	Massbank	Massbank	M+H	281.247	0.0	1	60-33-3	N/A	CCCCC/C=C\C/C=C\CCCCCCCC(=O)O	1S/C18H32O2/c1-2-3-4-5-6-7-8-9-10-11-12-13-14-15-16-17-18(19)20/h6-7,9-10H,2-5,8,11-17H2,1H3,(H,19,20)/b7-6-,10-9-	N/A	3	Positive	MASSBANK	281.247	UPDATE-SINGLE-ANNOTATED-BRONZE	Bronze		C18H32O2	OYHQOLUKZRVURQ-HZJYTTRNSA-N	OYHQOLUKZRVURQ	Lipids and lipid-like molecules	Fatty Acyls	Lineolic acids and derivatives	Fatty Acids and Conjugates	Unsaturated fatty acids	Fatty acids	mzspec:GNPS:GNPS-LIBRARY:CCMSLIB00005731255
CCMSLIB00005722214	1648	spectra_filtered.mgf	GNPS-NIH-NATURALPRODUCTSLIBRARY_ROUND2_POSITIVE.mgf	0.728618	260429.0	0	3312.71	10	0.98468	296.258	1	temp/spectra_filtered.mgf1648	1	NCGC00381425-01!8-hydroxy-8-(3-octyloxiran-2-yl)octanoic acid [IIN-based on: CCMSLIB00000846585]	LC-ESI	Orbitrap	Commercial	Pieter Dorrestein	lfnothias/robinschmid	[M-H2O+H]+	297.243	314.246	1	N/A	N/A	CCCCCCCCC1OC1C(O)CCCCCCC(O)=O	InChI=1S/C18H34O4/c1-2-3-4-5-6-10-13-16-18(22-16)15(19)12-9-7-8-11-14-17(20)21/h15-16,18-19H,2-14H2,1H3,(H,20,21)	N/A	3	Positive	GNPS-NIH-NATURALPRODUCTSLIBRARY_ROUND2_POSITIVE	297.243	UPDATE-SINGLE-ANNOTATED-BRONZE	Bronze		C18H34O4	GQEOLYBERRZZCE-UHFFFAOYSA-N	GQEOLYBERRZZCE	Lipids and lipid-like molecules	Fatty Acyls	Lineolic acids and derivatives	Octadecanoids	Other Octadecanoids	Fatty acids	mzspec:GNPS:GNPS-LIBRARY:CCMSLIB00005722214
CCMSLIB00010084318	850	spectra_filtered.mgf	PNNL-LIPIDS-POSITIVE.mgf	0.728132	40806200.0	0	43.389	8	0.0230103	530.348	1	temp/spectra_filtered.mgf850	1	PE(22:4/0:0); [M+H]+ C27H49N1O7P1	LC-ESI	HCD; Velos	Commercial	Thomas Metz	Thomas Metz	M+H	530.325	0.0	1	N/A	N/A	N/A	N/A	N/A	1	Positive	PNNL-LIPIDS-POSITIVE	530.325	UPDATE-SINGLE-ANNOTATED-GOLD	Gold		N/A	N/A	N/A	N/A	N/A	N/A	N/A	N/A	N/A	mzspec:GNPS:GNPS-LIBRARY:CCMSLIB00010084318
CCMSLIB00005722214	147	spectra_filtered.mgf	GNPS-NIH-NATURALPRODUCTSLIBRARY_ROUND2_POSITIVE.mgf	0.728015	37686100.0	0	3313.94	11	0.985046	296.258	1	temp/spectra_filtered.mgf147	1	NCGC00381425-01!8-hydroxy-8-(3-octyloxiran-2-yl)octanoic acid [IIN-based on: CCMSLIB00000846585]	LC-ESI	Orbitrap	Commercial	Pieter Dorrestein	lfnothias/robinschmid	[M-H2O+H]+	297.243	314.246	1	N/A	N/A	CCCCCCCCC1OC1C(O)CCCCCCC(O)=O	InChI=1S/C18H34O4/c1-2-3-4-5-6-10-13-16-18(22-16)15(19)12-9-7-8-11-14-17(20)21/h15-16,18-19H,2-14H2,1H3,(H,20,21)	N/A	3	Positive	GNPS-NIH-NATURALPRODUCTSLIBRARY_ROUND2_POSITIVE	297.243	UPDATE-SINGLE-ANNOTATED-BRONZE	Bronze		C18H34O4	GQEOLYBERRZZCE-UHFFFAOYSA-N	GQEOLYBERRZZCE	Lipids and lipid-like molecules	Fatty Acyls	Lineolic acids and derivatives	Octadecanoids	Other Octadecanoids	Fatty acids	mzspec:GNPS:GNPS-LIBRARY:CCMSLIB00005722214
CCMSLIB00005722214	507	spectra_filtered.mgf	GNPS-NIH-NATURALPRODUCTSLIBRARY_ROUND2_POSITIVE.mgf	0.727608	24751900.0	0	3068.26	12	0.912018	296.331	1	temp/spectra_filtered.mgf507	1	NCGC00381425-01!8-hydroxy-8-(3-octyloxiran-2-yl)octanoic acid [IIN-based on: CCMSLIB00000846585]	LC-ESI	Orbitrap	Commercial	Pieter Dorrestein	lfnothias/robinschmid	[M-H2O+H]+	297.243	314.246	1	N/A	N/A	CCCCCCCCC1OC1C(O)CCCCCCC(O)=O	InChI=1S/C18H34O4/c1-2-3-4-5-6-10-13-16-18(22-16)15(19)12-9-7-8-11-14-17(20)21/h15-16,18-19H,2-14H2,1H3,(H,20,21)	N/A	3	Positive	GNPS-NIH-NATURALPRODUCTSLIBRARY_ROUND2_POSITIVE	297.243	UPDATE-SINGLE-ANNOTATED-BRONZE	Bronze		C18H34O4	GQEOLYBERRZZCE-UHFFFAOYSA-N	GQEOLYBERRZZCE	Lipids and lipid-like molecules	Fatty Acyls	Lineolic acids and derivatives	Octadecanoids	Other Octadecanoids	Fatty acids	mzspec:GNPS:GNPS-LIBRARY:CCMSLIB00005722214
CCMSLIB00010084318	703	spectra_filtered.mgf	PNNL-LIPIDS-POSITIVE.mgf	0.726809	110830000.0	0	43.8493	7	0.0232544	530.348	1	temp/spectra_filtered.mgf703	1	PE(22:4/0:0); [M+H]+ C27H49N1O7P1	LC-ESI	HCD; Velos	Commercial	Thomas Metz	Thomas Metz	M+H	530.325	0.0	1	N/A	N/A	N/A	N/A	N/A	1	Positive	PNNL-LIPIDS-POSITIVE	530.325	UPDATE-SINGLE-ANNOTATED-GOLD	Gold		N/A	N/A	N/A	N/A	N/A	N/A	N/A	N/A	N/A	mzspec:GNPS:GNPS-LIBRARY:CCMSLIB00010084318
CCMSLIB00003135100	2051	spectra_filtered.mgf	GNPS-NIST14-MATCHES.mgf	0.726577	544292.0	0	1038.73	7	0.796265	765.776	0	temp/spectra_filtered.mgf2051	1	Spectral Match to Eicosapentaenoyl PAF C-16 from NIST14	ESI	qTof	Isolated	Data from James McKerrow	Data deposited by lamccall	M+H	766.572	766.575	1	132196282	N/A	CCCCCCCCCCCCCCCCOC[C@H](COP(=O)(O)OCC[N+](C)(C)C)OC(=O)CCCC=CCC=CCC=CCC=CCC=CCC	InChI=1S/C44H80NO7P/c1-6-8-10-12-14-16-18-20-22-23-24-25-27-29-31-33-35-37-44(46)52-43(42-51-53(47,48)50-40-38-45(3,4)5)41-49-39-36-34-32-30-28-26-21-19-17-15-13-11-9-7-2/h8,10,14,16,20,22,24-25,29,31,43H,6-7,9,11-13,15,17-19,21,23,26-28,30,32-42H2,1-5H3/p+1/t43-/m1/s1	N/A	3	Positive	GNPS-NIST14-MATCHES	766.572	UPDATE-SINGLE-ANNOTATED-BRONZE	Bronze		N/A	YHSSHPWVFALMBA-VZUYHUTRSA-O	YHSSHPWVFALMBA	Lipids and lipid-like molecules	Glycerophospholipids	Glycerophosphocholines	N/A	N/A	N/A	mzspec:GNPS:GNPS-LIBRARY:CCMSLIB00003135100
CCMSLIB00010084318	816	spectra_filtered.mgf	PNNL-LIPIDS-POSITIVE.mgf	0.726113	38473200.0	0	43.6191	7	0.0231323	530.348	1	temp/spectra_filtered.mgf816	1	PE(22:4/0:0); [M+H]+ C27H49N1O7P1	LC-ESI	HCD; Velos	Commercial	Thomas Metz	Thomas Metz	M+H	530.325	0.0	1	N/A	N/A	N/A	N/A	N/A	1	Positive	PNNL-LIPIDS-POSITIVE	530.325	UPDATE-SINGLE-ANNOTATED-GOLD	Gold		N/A	N/A	N/A	N/A	N/A	N/A	N/A	N/A	N/A	mzspec:GNPS:GNPS-LIBRARY:CCMSLIB00010084318
CCMSLIB00010070806	1980	spectra_filtered.mgf	PNNL-LIPIDS-POSITIVE.mgf	0.725699	1510400.0	0	2318.86	6	1.91663	824.622	1	temp/spectra_filtered.mgf1980	1	PC(20:5/20:5); [M+H]+ C48H77N1O8P1	LC-ESI	CID; Velos	Commercial	Thomas Metz	Thomas Metz	M+H	826.539	0.0	1	N/A	N/A	N/A	N/A	N/A	1	Positive	PNNL-LIPIDS-POSITIVE	826.539	UPDATE-SINGLE-ANNOTATED-GOLD	Gold		N/A	N/A	N/A	N/A	N/A	N/A	N/A	N/A	N/A	mzspec:GNPS:GNPS-LIBRARY:CCMSLIB00010070806
CCMSLIB00010084318	2263	spectra_filtered.mgf	PNNL-LIPIDS-POSITIVE.mgf	0.724961	9952560.0	0	44.4248	8	0.0235596	530.349	1	temp/spectra_filtered.mgf2263	1	PE(22:4/0:0); [M+H]+ C27H49N1O7P1	LC-ESI	HCD; Velos	Commercial	Thomas Metz	Thomas Metz	M+H	530.325	0.0	1	N/A	N/A	N/A	N/A	N/A	1	Positive	PNNL-LIPIDS-POSITIVE	530.325	UPDATE-SINGLE-ANNOTATED-GOLD	Gold		N/A	N/A	N/A	N/A	N/A	N/A	N/A	N/A	N/A	mzspec:GNPS:GNPS-LIBRARY:CCMSLIB00010084318
CCMSLIB00004722180	766	spectra_filtered.mgf	GNPS-LIBRARY.mgf	0.724873	76112.8	0	6697.31	6	1.99121	299.306	1	temp/spectra_filtered.mgf766	1	Phytpl, (E,7R,11R)-3,7,11,15-tetramethylhexadec-2-en-1-ol	LC-ESI	Orbitrap	Other	Ales Svatos	Riya Menezes	M+H	297.315	0.0	1	150-86-7	 	CC(C)CCCC(C)CCCC(C)CCCC(=CCO)C	InChI=1S/C20H40O/c1-17(2)9-6-10-18(3)11-7-12-19(4)13-8-14-20(5)15-16-21/h15,17-19,21H,6-14,16H2,1-5H3/b20-15+/t18-,19-/m1/s1	 	3	Positive	GNPS-LIBRARY	297.315	UPDATE-SINGLE-ANNOTATED-BRONZE	Bronze		C20H40O	BOTWFXYSPFMFNR-UHFFFAOYSA-N	BOTWFXYSPFMFNR	Lipids and lipid-like molecules	Prenol lipids	Diterpenoids	Diterpenoids	Phytane diterpenoids	Terpenoids	mzspec:GNPS:GNPS-LIBRARY:CCMSLIB00004722180
CCMSLIB00011435927	1071	spectra_filtered.mgf	ECG-ACYL-AMIDES-C4-C24-LIBRARY.mgf	0.724757	730952.0	0	6679.27	6	1.97903	298.274	1	temp/spectra_filtered.mgf1071	1	amylamine-C14:1	ESI	Orbitrap	Commercial	Dorrestein	Ipsita	M+H	296.295	295.288	1	N/A	N/A	O=C(NCCCCC)CCCCCCCC=CCCCC	InChI=1S/C19H37NO/c1-3-5-7-8-9-10-11-12-13-14-15-17-19(21)20-18-16-6-4-2/h8-9H,3-7,10-18H2,1-2H3,(H,20,21)	N/A	1	Positive	ECG-ACYL-AMIDES-C4-C24-LIBRARY	296.295	UPDATE-SINGLE-ANNOTATED-GOLD	Gold		C19H37NO	YFMJPCYNBKAZFK-UHFFFAOYSA-N	YFMJPCYNBKAZFK	Lipids and lipid-like molecules	Fatty Acyls	Fatty amides	Fatty amides	N-acyl amines	Fatty acids	mzspec:GNPS:GNPS-LIBRARY:CCMSLIB00011435927
CCMSLIB00005731255	605	spectra_filtered.mgf	MASSBANK.mgf	0.724647	188002000.0	0	3496.46	9	0.983368	280.264	1	temp/spectra_filtered.mgf605	1	Massbank:EQ331603 Linoleic acid|(9Z,12Z)-octadeca-9,12-dienoic acid	ESI	Hybrid FT	Isolated	Massbank	Massbank	M+H	281.247	0.0	1	60-33-3	N/A	CCCCC/C=C\C/C=C\CCCCCCCC(=O)O	1S/C18H32O2/c1-2-3-4-5-6-7-8-9-10-11-12-13-14-15-16-17-18(19)20/h6-7,9-10H,2-5,8,11-17H2,1H3,(H,19,20)/b7-6-,10-9-	N/A	3	Positive	MASSBANK	281.247	UPDATE-SINGLE-ANNOTATED-BRONZE	Bronze		C18H32O2	OYHQOLUKZRVURQ-HZJYTTRNSA-N	OYHQOLUKZRVURQ	Lipids and lipid-like molecules	Fatty Acyls	Lineolic acids and derivatives	Fatty Acids and Conjugates	Unsaturated fatty acids	Fatty acids	mzspec:GNPS:GNPS-LIBRARY:CCMSLIB00005731255
CCMSLIB00010084318	2372	spectra_filtered.mgf	PNNL-LIPIDS-POSITIVE.mgf	0.724433	1023470.0	0	44.0795	7	0.0233765	530.348	1	temp/spectra_filtered.mgf2372	1	PE(22:4/0:0); [M+H]+ C27H49N1O7P1	LC-ESI	HCD; Velos	Commercial	Thomas Metz	Thomas Metz	M+H	530.325	0.0	1	N/A	N/A	N/A	N/A	N/A	1	Positive	PNNL-LIPIDS-POSITIVE	530.325	UPDATE-SINGLE-ANNOTATED-GOLD	Gold		N/A	N/A	N/A	N/A	N/A	N/A	N/A	N/A	N/A	mzspec:GNPS:GNPS-LIBRARY:CCMSLIB00010084318
CCMSLIB00010084318	1807	spectra_filtered.mgf	PNNL-LIPIDS-POSITIVE.mgf	0.72406	7064160.0	0	43.7342	7	0.0231934	530.348	1	temp/spectra_filtered.mgf1807	1	PE(22:4/0:0); [M+H]+ C27H49N1O7P1	LC-ESI	HCD; Velos	Commercial	Thomas Metz	Thomas Metz	M+H	530.325	0.0	1	N/A	N/A	N/A	N/A	N/A	1	Positive	PNNL-LIPIDS-POSITIVE	530.325	UPDATE-SINGLE-ANNOTATED-GOLD	Gold		N/A	N/A	N/A	N/A	N/A	N/A	N/A	N/A	N/A	mzspec:GNPS:GNPS-LIBRARY:CCMSLIB00010084318
CCMSLIB00003135379	1044	spectra_filtered.mgf	GNPS-NIST14-MATCHES.mgf	0.723905	58451700.0	0	3040.61	7	0.946411	310.311	1	temp/spectra_filtered.mgf1044	1	Spectral Match to Monopalmitolein (9c) from NIST14	ESI	HCD	Isolated	Data from Aaron Puri	Data deposited by daniel	M+H-H2O	311.257	0.0	1	37515610	N/A	N/A	N/A	N/A	3	Positive	GNPS-NIST14-MATCHES	311.257	UPDATE-SINGLE-ANNOTATED-BRONZE	Bronze		N/A	N/A	N/A	N/A	N/A	N/A	N/A	N/A	N/A	mzspec:GNPS:GNPS-LIBRARY:CCMSLIB00003135379
CCMSLIB00010084318	1332	spectra_filtered.mgf	PNNL-LIPIDS-POSITIVE.mgf	0.723821	34151100.0	0	42.9286	7	0.0227661	530.348	1	temp/spectra_filtered.mgf1332	1	PE(22:4/0:0); [M+H]+ C27H49N1O7P1	LC-ESI	HCD; Velos	Commercial	Thomas Metz	Thomas Metz	M+H	530.325	0.0	1	N/A	N/A	N/A	N/A	N/A	1	Positive	PNNL-LIPIDS-POSITIVE	530.325	UPDATE-SINGLE-ANNOTATED-GOLD	Gold		N/A	N/A	N/A	N/A	N/A	N/A	N/A	N/A	N/A	mzspec:GNPS:GNPS-LIBRARY:CCMSLIB00010084318
CCMSLIB00010057104	1876	spectra_filtered.mgf	PNNL-LIPIDS-POSITIVE.mgf	0.72374	2446380.0	0	2672.97	6	1.97949	742.539	1	temp/spectra_filtered.mgf1876	1	PC(P-16:0/18:3); [M+H]+ C42H79N1O7P1	LC-ESI	CID; Velos	Commercial	Thomas Metz	Thomas Metz	M+H	740.559	0.0	1	N/A	N/A	N/A	N/A	N/A	1	Positive	PNNL-LIPIDS-POSITIVE	740.559	UPDATE-SINGLE-ANNOTATED-GOLD	Gold		N/A	N/A	N/A	N/A	N/A	N/A	N/A	N/A	N/A	mzspec:GNPS:GNPS-LIBRARY:CCMSLIB00010057104
CCMSLIB00005722214	2328	spectra_filtered.mgf	GNPS-NIH-NATURALPRODUCTSLIBRARY_ROUND2_POSITIVE.mgf	0.723592	338578.0	0	3312.61	10	0.98465	296.258	1	temp/spectra_filtered.mgf2328	1	NCGC00381425-01!8-hydroxy-8-(3-octyloxiran-2-yl)octanoic acid [IIN-based on: CCMSLIB00000846585]	LC-ESI	Orbitrap	Commercial	Pieter Dorrestein	lfnothias/robinschmid	[M-H2O+H]+	297.243	314.246	1	N/A	N/A	CCCCCCCCC1OC1C(O)CCCCCCC(O)=O	InChI=1S/C18H34O4/c1-2-3-4-5-6-10-13-16-18(22-16)15(19)12-9-7-8-11-14-17(20)21/h15-16,18-19H,2-14H2,1H3,(H,20,21)	N/A	3	Positive	GNPS-NIH-NATURALPRODUCTSLIBRARY_ROUND2_POSITIVE	297.243	UPDATE-SINGLE-ANNOTATED-BRONZE	Bronze		C18H34O4	GQEOLYBERRZZCE-UHFFFAOYSA-N	GQEOLYBERRZZCE	Lipids and lipid-like molecules	Fatty Acyls	Lineolic acids and derivatives	Octadecanoids	Other Octadecanoids	Fatty acids	mzspec:GNPS:GNPS-LIBRARY:CCMSLIB00005722214
CCMSLIB00010090737	3410	spectra_filtered.mgf	PNNL-LIPIDS-POSITIVE.mgf	0.723558	2136560.0	0	652.153	15	0.607056	931.456	1	temp/spectra_filtered.mgf3410	1	TG(18:1/18:1/20:1); [M+NH4]+ C59H112N1O6	LC-ESI	HCD; Velos	Commercial	Thomas Metz	Thomas Metz	M+NH4	930.849	0.0	1	N/A	N/A	N/A	N/A	N/A	1	Positive	PNNL-LIPIDS-POSITIVE	930.849	UPDATE-SINGLE-ANNOTATED-GOLD	Gold		N/A	N/A	N/A	N/A	N/A	N/A	N/A	N/A	N/A	mzspec:GNPS:GNPS-LIBRARY:CCMSLIB00010090737
CCMSLIB00010084318	1218	spectra_filtered.mgf	PNNL-LIPIDS-POSITIVE.mgf	0.723327	49462700.0	0	42.8135	7	0.0227051	530.348	1	temp/spectra_filtered.mgf1218	1	PE(22:4/0:0); [M+H]+ C27H49N1O7P1	LC-ESI	HCD; Velos	Commercial	Thomas Metz	Thomas Metz	M+H	530.325	0.0	1	N/A	N/A	N/A	N/A	N/A	1	Positive	PNNL-LIPIDS-POSITIVE	530.325	UPDATE-SINGLE-ANNOTATED-GOLD	Gold		N/A	N/A	N/A	N/A	N/A	N/A	N/A	N/A	N/A	mzspec:GNPS:GNPS-LIBRARY:CCMSLIB00010084318
CCMSLIB00010057065	1620	spectra_filtered.mgf	PNNL-LIPIDS-POSITIVE.mgf	0.722883	1205810.0	0	0.948494	10	0.000793457	836.543	1	temp/spectra_filtered.mgf1620	1	PS(18:0/22:6); [M+H]+ C46H79N1O10P1	LC-ESI	HCD; Velos	Commercial	Thomas Metz	Thomas Metz	M+H	836.544	0.0	1	N/A	N/A	N/A	N/A	N/A	1	Positive	PNNL-LIPIDS-POSITIVE	836.544	UPDATE-SINGLE-ANNOTATED-GOLD	Gold		N/A	N/A	N/A	N/A	N/A	N/A	N/A	N/A	N/A	mzspec:GNPS:GNPS-LIBRARY:CCMSLIB00010057065
CCMSLIB00003134579	952	spectra_filtered.mgf	GNPS-NIST14-MATCHES.mgf	0.72228	207155.0	0	2826.57	6	0.947632	334.31	1	temp/spectra_filtered.mgf952	1	Spectral Match to Monolinolenin (9c,12c,15c) from NIST14	ESI	HCD	Isolated	Data from Wolfender/Litaudon	Data deposited by pmallard	M+H-H2O	335.258	0.0	1	18465991	N/A	N/A	N/A	N/A	3	Positive	GNPS-NIST14-MATCHES	335.258	UPDATE-SINGLE-ANNOTATED-BRONZE	Bronze		N/A	N/A	N/A	N/A	N/A	N/A	N/A	N/A	N/A	mzspec:GNPS:GNPS-LIBRARY:CCMSLIB00003134579
CCMSLIB00004700237	918	spectra_filtered.mgf	MONA.mgf	0.72222	46570700.0	0	3616.3	6	1.92822	531.275	1	temp/spectra_filtered.mgf918	1	2-[4-[(3R,3aR,6S,6aR)-3-(3,4-dimethoxyphenyl)-1,3,3a,4,6,6a-hexahydrofuro[3,4-c]furan-6-yl]-2-methoxyphenoxy]-6-(hydroxymethyl)oxane-3,4,5-triol	N/A	ESI-QFT	isolated	MoNA	MoNA:VF-NPL-QEHF009174	[M-H]-	533.203	0.0	1	N/A	N/A	COc1ccc([C@@H]2OC[C@H]3[C@@H]2CO[C@@H]3c2ccc(OC3OC(CO)C(O)C(O)C3O)c(OC)c2)cc1OC	InChI=1S/C27H34O11/c1-32-17-6-4-13(8-19(17)33-2)25-15-11-36-26(16(15)12-35-25)14-5-7-18(20(9-14)34-3)37-27-24(31)23(30)22(29)21(10-28)38-27/h4-9,15-16,21-31H,10-12H2,1-3H3/t15-,16-,21?,22?,23?,24?,25-,26+,27?/m0/s1	N/A	3	negative	MONA	533.203	UPDATE-SINGLE-ANNOTATED-BRONZE	Bronze		C27H34O11	KFFCKOBAHMGTMW-NXTKOJRFSA-N	KFFCKOBAHMGTMW	N/A	N/A	N/A	Lignans	Furofuranoid lignans	Shikimates and Phenylpropanoids	mzspec:GNPS:GNPS-LIBRARY:CCMSLIB00004700237
CCMSLIB00004701317	2347	spectra_filtered.mgf	MONA.mgf	0.721969	28338700.0	0	1299.27	6	0.75531	580.578	1	temp/spectra_filtered.mgf2347	1	(2R,3R,4S,5R,6R)-2-[[7-[(2R,3R,4R,5S)-3,4-dihydroxy-5-(hydroxymethyl)oxolan-2-yl]oxy-2-ethenyl-2,4b,8,8-tetramethyl-4,4a,5,6,7,8a,9,10-octahydro-3H-phenanthren-3-yl]oxy]-6-methyloxane-3,4,5-triol	N/A	ESI-QFT	isolated	MoNA	MoNA:VF-NPL-QEHF010254	[M-H]-	581.333	0.0	1	N/A	N/A	C=CC1(C)C=C2CCC3C(C)(C)C(O[C@@H]4O[C@@H](CO)[C@H](O)[C@H]4O)CCC3(C)C2CC1O[C@@H]1O[C@H](C)[C@H](O)[C@H](O)[C@H]1O	InChI=1S/C31H50O10/c1-7-30(5)13-16-8-9-19-29(3,4)20(40-28-25(36)23(34)18(14-32)39-28)10-11-31(19,6)17(16)12-21(30)41-27-26(37)24(35)22(33)15(2)38-27/h7,13,15,17-28,32-37H,1,8-12,14H2,2-6H3/t15-,17?,18+,19?,20?,21?,22+,23+,24+,25-,26-,27+,28+,30?,31?/m1/s1	N/A	3	negative	MONA	581.333	UPDATE-SINGLE-ANNOTATED-BRONZE	Bronze		C31H50O10	LABWQTNVUKYYIP-ANNCGNFZSA-N	LABWQTNVUKYYIP	Lipids and lipid-like molecules	Prenol lipids	Terpene glycosides	Diterpenoids	Pimarane and Isopimarane diterpenoids	Terpenoids	mzspec:GNPS:GNPS-LIBRARY:CCMSLIB00004701317
CCMSLIB00010011771	425	spectra_filtered.mgf	ECG-ACYL-AMIDES-C4-C24-LIBRARY.mgf	0.721667	8636780.0	0	2643.62	6	1.14819	433.178	1	temp/spectra_filtered.mgf425	1	Thr-C22:4	ESI	qTof	Crude	Dorrestein	Emily Gentry	M+H	434.326	433.319	1	N/A	N/A	O=C(NC(C(O)=O)C(O)C)CCCCCC=CCC=CCC=CCC=CCCCCC	InChI=1S/C26H43NO4/c1-3-4-5-6-7-8-9-10-11-12-13-14-15-16-17-18-19-20-21-22-24(29)27-25(23(2)28)26(30)31/h7-8,10-11,13-14,16-17,23,25,28H,3-6,9,12,15,18-22H2,1-2H3,(H,27,29)(H,30,31)	N/A	2	Positive	ECG-ACYL-AMIDES-C4-C24-LIBRARY	434.326	UPDATE-SINGLE-ANNOTATED-SILVER	Silver		C26H43NO4	FTYZHAVAUHKCHU-UHFFFAOYSA-N	FTYZHAVAUHKCHU	Organic acids and derivatives	Carboxylic acids and derivatives	Amino acids, peptides, and analogues	Fatty amides	N-acyl amines	Fatty acids	mzspec:GNPS:GNPS-LIBRARY:CCMSLIB00010011771
CCMSLIB00012756034	1	spectra_filtered.mgf	MSNLIB-POSITIVE.mgf	0.720804	674513.0	0	3577.84	7	1.00943	283.143	1	temp/spectra_filtered.mgf1	1	AKOS009986244	ESI	Orbitrap	Commercial	Tomas Pluskal	Corinna Brungs	[M+H]+	282.134	281.126	1	N/A	N/A	COc1cc(OC)cc(C(C(=O)O)N2CCOCC2)c1	InChI=1S/C14H19NO5/c1-18-11-7-10(8-12(9-11)19-2)13(14(16)17)15-3-5-20-6-4-15/h7-9,13H,3-6H2,1-2H3,(H,16,17)	IRDOVJJZBJZACO-UHFFFAOYSA-N	1	Positive	MSNLIB-POSITIVE	282.134	UPDATE-SINGLE-ANNOTATED-GOLD	Gold		C14H19NO5	IRDOVJJZBJZACO-UHFFFAOYSA-N	IRDOVJJZBJZACO	N/A	N/A	N/A				mzspec:GNPS:GNPS-LIBRARY:CCMSLIB00012756034
CCMSLIB00010084318	1200	spectra_filtered.mgf	PNNL-LIPIDS-POSITIVE.mgf	0.720094	4451920.0	0	240.999	7	0.127808	530.453	0	temp/spectra_filtered.mgf1200	1	PE(22:4/0:0); [M+H]+ C27H49N1O7P1	LC-ESI	HCD; Velos	Commercial	Thomas Metz	Thomas Metz	M+H	530.325	0.0	1	N/A	N/A	N/A	N/A	N/A	1	Positive	PNNL-LIPIDS-POSITIVE	530.325	UPDATE-SINGLE-ANNOTATED-GOLD	Gold		N/A	N/A	N/A	N/A	N/A	N/A	N/A	N/A	N/A	mzspec:GNPS:GNPS-LIBRARY:CCMSLIB00010084318
CCMSLIB00005722214	772	spectra_filtered.mgf	GNPS-NIH-NATURALPRODUCTSLIBRARY_ROUND2_POSITIVE.mgf	0.719782	1903530.0	0	3313.64	11	0.984955	296.258	1	temp/spectra_filtered.mgf772	1	NCGC00381425-01!8-hydroxy-8-(3-octyloxiran-2-yl)octanoic acid [IIN-based on: CCMSLIB00000846585]	LC-ESI	Orbitrap	Commercial	Pieter Dorrestein	lfnothias/robinschmid	[M-H2O+H]+	297.243	314.246	1	N/A	N/A	CCCCCCCCC1OC1C(O)CCCCCCC(O)=O	InChI=1S/C18H34O4/c1-2-3-4-5-6-10-13-16-18(22-16)15(19)12-9-7-8-11-14-17(20)21/h15-16,18-19H,2-14H2,1H3,(H,20,21)	N/A	3	Positive	GNPS-NIH-NATURALPRODUCTSLIBRARY_ROUND2_POSITIVE	297.243	UPDATE-SINGLE-ANNOTATED-BRONZE	Bronze		C18H34O4	GQEOLYBERRZZCE-UHFFFAOYSA-N	GQEOLYBERRZZCE	Lipids and lipid-like molecules	Fatty Acyls	Lineolic acids and derivatives	Octadecanoids	Other Octadecanoids	Fatty acids	mzspec:GNPS:GNPS-LIBRARY:CCMSLIB00005722214
CCMSLIB00010084318	3058	spectra_filtered.mgf	PNNL-LIPIDS-POSITIVE.mgf	0.719711	484641.0	0	44.5399	7	0.0236206	530.349	1	temp/spectra_filtered.mgf3058	1	PE(22:4/0:0); [M+H]+ C27H49N1O7P1	LC-ESI	HCD; Velos	Commercial	Thomas Metz	Thomas Metz	M+H	530.325	0.0	1	N/A	N/A	N/A	N/A	N/A	1	Positive	PNNL-LIPIDS-POSITIVE	530.325	UPDATE-SINGLE-ANNOTATED-GOLD	Gold		N/A	N/A	N/A	N/A	N/A	N/A	N/A	N/A	N/A	mzspec:GNPS:GNPS-LIBRARY:CCMSLIB00010084318
CCMSLIB00010094733	1933	spectra_filtered.mgf	PNNL-LIPIDS-POSITIVE.mgf	0.71891	1178800.0	0	2.79988	8	0.0022583	806.568	1	temp/spectra_filtered.mgf1933	1	PC(16:0/22:6); [M+H]+ C46H81N1O8P1	LC-ESI	HCD; Velos	Commercial	Thomas Metz	Thomas Metz	M+H	806.57	0.0	1	N/A	N/A	N/A	N/A	N/A	1	Positive	PNNL-LIPIDS-POSITIVE	806.57	UPDATE-SINGLE-ANNOTATED-GOLD	Gold		N/A	N/A	N/A	N/A	N/A	N/A	N/A	N/A	N/A	mzspec:GNPS:GNPS-LIBRARY:CCMSLIB00010094733
CCMSLIB00010084318	1653	spectra_filtered.mgf	PNNL-LIPIDS-POSITIVE.mgf	0.718523	32116300.0	0	43.2739	7	0.0229492	530.348	1	temp/spectra_filtered.mgf1653	1	PE(22:4/0:0); [M+H]+ C27H49N1O7P1	LC-ESI	HCD; Velos	Commercial	Thomas Metz	Thomas Metz	M+H	530.325	0.0	1	N/A	N/A	N/A	N/A	N/A	1	Positive	PNNL-LIPIDS-POSITIVE	530.325	UPDATE-SINGLE-ANNOTATED-GOLD	Gold		N/A	N/A	N/A	N/A	N/A	N/A	N/A	N/A	N/A	mzspec:GNPS:GNPS-LIBRARY:CCMSLIB00010084318
CCMSLIB00010084318	1939	spectra_filtered.mgf	PNNL-LIPIDS-POSITIVE.mgf	0.718035	9474900.0	0	43.9644	6	0.0233154	530.348	1	temp/spectra_filtered.mgf1939	1	PE(22:4/0:0); [M+H]+ C27H49N1O7P1	LC-ESI	HCD; Velos	Commercial	Thomas Metz	Thomas Metz	M+H	530.325	0.0	1	N/A	N/A	N/A	N/A	N/A	1	Positive	PNNL-LIPIDS-POSITIVE	530.325	UPDATE-SINGLE-ANNOTATED-GOLD	Gold		N/A	N/A	N/A	N/A	N/A	N/A	N/A	N/A	N/A	mzspec:GNPS:GNPS-LIBRARY:CCMSLIB00010084318
CCMSLIB00010084318	2536	spectra_filtered.mgf	PNNL-LIPIDS-POSITIVE.mgf	0.717772	1019850.0	0	44.655	7	0.0236816	530.349	1	temp/spectra_filtered.mgf2536	1	PE(22:4/0:0); [M+H]+ C27H49N1O7P1	LC-ESI	HCD; Velos	Commercial	Thomas Metz	Thomas Metz	M+H	530.325	0.0	1	N/A	N/A	N/A	N/A	N/A	1	Positive	PNNL-LIPIDS-POSITIVE	530.325	UPDATE-SINGLE-ANNOTATED-GOLD	Gold		N/A	N/A	N/A	N/A	N/A	N/A	N/A	N/A	N/A	mzspec:GNPS:GNPS-LIBRARY:CCMSLIB00010084318
CCMSLIB00010084318	1183	spectra_filtered.mgf	PNNL-LIPIDS-POSITIVE.mgf	0.717623	22314100.0	0	42.5833	7	0.022583	530.348	1	temp/spectra_filtered.mgf1183	1	PE(22:4/0:0); [M+H]+ C27H49N1O7P1	LC-ESI	HCD; Velos	Commercial	Thomas Metz	Thomas Metz	M+H	530.325	0.0	1	N/A	N/A	N/A	N/A	N/A	1	Positive	PNNL-LIPIDS-POSITIVE	530.325	UPDATE-SINGLE-ANNOTATED-GOLD	Gold		N/A	N/A	N/A	N/A	N/A	N/A	N/A	N/A	N/A	mzspec:GNPS:GNPS-LIBRARY:CCMSLIB00010084318
CCMSLIB00010098387	2040	spectra_filtered.mgf	PNNL-LIPIDS-POSITIVE.mgf	0.717403	2403600.0	0	0.33603	10	0.000244141	726.544	1	temp/spectra_filtered.mgf2040	1	PE(P-16:0/20:3); [M+H]+ C41H77N1O7P1	LC-ESI	HCD; Velos	Commercial	Thomas Metz	Thomas Metz	M+H	726.544	0.0	1	N/A	N/A	N/A	N/A	N/A	1	Positive	PNNL-LIPIDS-POSITIVE	726.544	UPDATE-SINGLE-ANNOTATED-GOLD	Gold		N/A	N/A	N/A	N/A	N/A	N/A	N/A	N/A	N/A	mzspec:GNPS:GNPS-LIBRARY:CCMSLIB00010098387
CCMSLIB00010090685	3381	spectra_filtered.mgf	PNNL-LIPIDS-POSITIVE.mgf	0.716991	5280330.0	0	0.0	13	0.0	948.802	1	temp/spectra_filtered.mgf3381	1	TG(18:1/18:1/22:6); [M+NH4]+ C61H106N1O6	LC-ESI	HCD; Velos	Commercial	Thomas Metz	Thomas Metz	M+NH4	948.802	0.0	1	N/A	N/A	N/A	N/A	N/A	1	Positive	PNNL-LIPIDS-POSITIVE	948.802	UPDATE-SINGLE-ANNOTATED-GOLD	Gold		N/A	N/A	N/A	N/A	N/A	N/A	N/A	N/A	N/A	mzspec:GNPS:GNPS-LIBRARY:CCMSLIB00010090685
CCMSLIB00006583093	3159	spectra_filtered.mgf	BILELIB19.mgf	0.716599	40392600.0	0	1625.92	7	1.64819	1012.05	1	temp/spectra_filtered.mgf3159	1	Val-CA	ESI	qToF	Crude	Dorrestein	Emily Gentry	2M-H	1013.7	507.356	-1			C[C@H](CCC(N[C@H](C(O)=O)C(C)C)=O)[C@H]1CC[C@@]2([H])[C@]3([H])[C@H](O)C[C@]4([H])C[C@H](O)CC[C@]4(C)[C@H]3C[C@H](O)[C@@]21C	InChI=1S/C29H49NO6/c1-15(2)26(27(35)36)30-24(34)9-6-16(3)19-7-8-20-25-21(14-23(33)29(19,20)5)28(4)11-10-18(31)12-17(28)13-22(25)32/h15-23,25-26,31-33H,6-14H2,1-5H3,(H,30,34)(H,35,36)/t16-,17+,18-,19-,20+,21+,22-,23+,25+,26?,28+,29-/m1/s1	N/A	2	Negative	BILELIB19	1013.7	UPDATE-SINGLE-ANNOTATED-SILVER	Silver		C29H49NO6	WVFDPCYTNIXGHI-MWZFBFEJSA-N	WVFDPCYTNIXGHI	N/A	N/A	N/A	Steroids	Cholane steroids	Terpenoids	mzspec:GNPS:GNPS-LIBRARY:CCMSLIB00006583093
CCMSLIB00006583093	3290	spectra_filtered.mgf	BILELIB19.mgf	0.715906	66916000.0	0	1625.74	7	1.64801	1012.05	1	temp/spectra_filtered.mgf3290	1	Val-CA	ESI	qToF	Crude	Dorrestein	Emily Gentry	2M-H	1013.7	507.356	-1			C[C@H](CCC(N[C@H](C(O)=O)C(C)C)=O)[C@H]1CC[C@@]2([H])[C@]3([H])[C@H](O)C[C@]4([H])C[C@H](O)CC[C@]4(C)[C@H]3C[C@H](O)[C@@]21C	InChI=1S/C29H49NO6/c1-15(2)26(27(35)36)30-24(34)9-6-16(3)19-7-8-20-25-21(14-23(33)29(19,20)5)28(4)11-10-18(31)12-17(28)13-22(25)32/h15-23,25-26,31-33H,6-14H2,1-5H3,(H,30,34)(H,35,36)/t16-,17+,18-,19-,20+,21+,22-,23+,25+,26?,28+,29-/m1/s1	N/A	2	Negative	BILELIB19	1013.7	UPDATE-SINGLE-ANNOTATED-SILVER	Silver		C29H49NO6	WVFDPCYTNIXGHI-MWZFBFEJSA-N	WVFDPCYTNIXGHI	N/A	N/A	N/A	Steroids	Cholane steroids	Terpenoids	mzspec:GNPS:GNPS-LIBRARY:CCMSLIB00006583093
CCMSLIB00006583093	3375	spectra_filtered.mgf	BILELIB19.mgf	0.715334	171638000.0	0	1625.74	6	1.64801	1012.05	1	temp/spectra_filtered.mgf3375	1	Val-CA	ESI	qToF	Crude	Dorrestein	Emily Gentry	2M-H	1013.7	507.356	-1			C[C@H](CCC(N[C@H](C(O)=O)C(C)C)=O)[C@H]1CC[C@@]2([H])[C@]3([H])[C@H](O)C[C@]4([H])C[C@H](O)CC[C@]4(C)[C@H]3C[C@H](O)[C@@]21C	InChI=1S/C29H49NO6/c1-15(2)26(27(35)36)30-24(34)9-6-16(3)19-7-8-20-25-21(14-23(33)29(19,20)5)28(4)11-10-18(31)12-17(28)13-22(25)32/h15-23,25-26,31-33H,6-14H2,1-5H3,(H,30,34)(H,35,36)/t16-,17+,18-,19-,20+,21+,22-,23+,25+,26?,28+,29-/m1/s1	N/A	2	Negative	BILELIB19	1013.7	UPDATE-SINGLE-ANNOTATED-SILVER	Silver		C29H49NO6	WVFDPCYTNIXGHI-MWZFBFEJSA-N	WVFDPCYTNIXGHI	N/A	N/A	N/A	Steroids	Cholane steroids	Terpenoids	mzspec:GNPS:GNPS-LIBRARY:CCMSLIB00006583093
CCMSLIB00006583093	2887	spectra_filtered.mgf	BILELIB19.mgf	0.715194	2369510.0	0	635.941	7	0.644653	1013.06	1	temp/spectra_filtered.mgf2887	1	Val-CA	ESI	qToF	Crude	Dorrestein	Emily Gentry	2M-H	1013.7	507.356	-1			C[C@H](CCC(N[C@H](C(O)=O)C(C)C)=O)[C@H]1CC[C@@]2([H])[C@]3([H])[C@H](O)C[C@]4([H])C[C@H](O)CC[C@]4(C)[C@H]3C[C@H](O)[C@@]21C	InChI=1S/C29H49NO6/c1-15(2)26(27(35)36)30-24(34)9-6-16(3)19-7-8-20-25-21(14-23(33)29(19,20)5)28(4)11-10-18(31)12-17(28)13-22(25)32/h15-23,25-26,31-33H,6-14H2,1-5H3,(H,30,34)(H,35,36)/t16-,17+,18-,19-,20+,21+,22-,23+,25+,26?,28+,29-/m1/s1	N/A	2	Negative	BILELIB19	1013.7	UPDATE-SINGLE-ANNOTATED-SILVER	Silver		C29H49NO6	WVFDPCYTNIXGHI-MWZFBFEJSA-N	WVFDPCYTNIXGHI	N/A	N/A	N/A	Steroids	Cholane steroids	Terpenoids	mzspec:GNPS:GNPS-LIBRARY:CCMSLIB00006583093
CCMSLIB00005722220	371	spectra_filtered.mgf	GNPS-NIH-NATURALPRODUCTSLIBRARY_ROUND2_POSITIVE.mgf	0.715069	6034230.0	0	1.63557	10	0.000427246	261.222	1	temp/spectra_filtered.mgf371	1	NCGC00381425-01!8-hydroxy-8-(3-octyloxiran-2-yl)octanoic acid [IIN-based on: CCMSLIB00000846585]	LC-ESI	Orbitrap	Commercial	Pieter Dorrestein	lfnothias/robinschmid	[M-3H2O+H]+	261.222	314.246	1	N/A	N/A	CCCCCCCCC1OC1C(O)CCCCCCC(O)=O	InChI=1S/C18H34O4/c1-2-3-4-5-6-10-13-16-18(22-16)15(19)12-9-7-8-11-14-17(20)21/h15-16,18-19H,2-14H2,1H3,(H,20,21)	N/A	3	Positive	GNPS-NIH-NATURALPRODUCTSLIBRARY_ROUND2_POSITIVE	261.222	UPDATE-SINGLE-ANNOTATED-BRONZE	Bronze		C18H34O4	GQEOLYBERRZZCE-UHFFFAOYSA-N	GQEOLYBERRZZCE	Lipids and lipid-like molecules	Fatty Acyls	Lineolic acids and derivatives	Octadecanoids	Other Octadecanoids	Fatty acids	mzspec:GNPS:GNPS-LIBRARY:CCMSLIB00005722220
CCMSLIB00010084318	958	spectra_filtered.mgf	PNNL-LIPIDS-POSITIVE.mgf	0.712677	385416.0	0	3756.08	7	1.99194	528.333	1	temp/spectra_filtered.mgf958	1	PE(22:4/0:0); [M+H]+ C27H49N1O7P1	LC-ESI	HCD; Velos	Commercial	Thomas Metz	Thomas Metz	M+H	530.325	0.0	1	N/A	N/A	N/A	N/A	N/A	1	Positive	PNNL-LIPIDS-POSITIVE	530.325	UPDATE-SINGLE-ANNOTATED-GOLD	Gold		N/A	N/A	N/A	N/A	N/A	N/A	N/A	N/A	N/A	mzspec:GNPS:GNPS-LIBRARY:CCMSLIB00010084318
CCMSLIB00003139736	1805	spectra_filtered.mgf	GNPS-NIST14-MATCHES.mgf	0.712576	1022600.0	0	1256.28	7	0.946716	754.536	1	temp/spectra_filtered.mgf1805	1	Spectral Match to N-Stearoyl-4-sphingenyl-1-O-phosphorylcholine from NIST14	ESI	Q-TOF	Isolated	Data from Pieter Dorrestein	Data deposited by daniel	M+Na	753.589	0.0	1	58909845	N/A	N/A	N/A	N/A	3	Positive	GNPS-NIST14-MATCHES	753.589	UPDATE-SINGLE-ANNOTATED-BRONZE	Bronze		N/A	N/A	N/A	N/A	N/A	N/A	N/A	N/A	N/A	mzspec:GNPS:GNPS-LIBRARY:CCMSLIB00003139736
CCMSLIB00010084318	1058	spectra_filtered.mgf	PNNL-LIPIDS-POSITIVE.mgf	0.711217	3789220.0	0	43.1588	6	0.0228882	530.348	1	temp/spectra_filtered.mgf1058	1	PE(22:4/0:0); [M+H]+ C27H49N1O7P1	LC-ESI	HCD; Velos	Commercial	Thomas Metz	Thomas Metz	M+H	530.325	0.0	1	N/A	N/A	N/A	N/A	N/A	1	Positive	PNNL-LIPIDS-POSITIVE	530.325	UPDATE-SINGLE-ANNOTATED-GOLD	Gold		N/A	N/A	N/A	N/A	N/A	N/A	N/A	N/A	N/A	mzspec:GNPS:GNPS-LIBRARY:CCMSLIB00010084318
CCMSLIB00003137068	1943	spectra_filtered.mgf	GNPS-NIST14-MATCHES.mgf	0.711177	2711590.0	0	0.728017	9	0.000549316	754.539	1	temp/spectra_filtered.mgf1943	1	Spectral Match to 1-Heptadecanoyl, 2-(5Z,8Z,11Z,14Z-eicosatetraenoyl)-sn-glycero-3-phosphoethanolamine from NIST14	ESI	QqIT	Isolated	Data from Kofeler	Data deposited by rsilva	M+H	754.538	0.0	1	253127525	N/A	N/A	N/A	N/A	3	Positive	GNPS-NIST14-MATCHES	754.538	UPDATE-SINGLE-ANNOTATED-BRONZE	Bronze		N/A	N/A	N/A	N/A	N/A	N/A	N/A	N/A	N/A	mzspec:GNPS:GNPS-LIBRARY:CCMSLIB00003137068
CCMSLIB00012447183	26	spectra_filtered.mgf	MSNLIB-POSITIVE.mgf	0.710766	2360630.0	0	262.19	8	0.0828857	316.212	1	temp/spectra_filtered.mgf26	1	CHEBI:182579	ESI	Orbitrap	Crude	Tomas Pluskal	Corinna Brungs	[M+H-H2O]+	316.129	333.132	1	N/A	N/A	COC1=Cc2c(nc3n(c2=O)C(C)C(=O)NC3(O)C(C)C)OC=C1	InChI=1S/C16H19N3O5/c1-8(2)16(22)15-17-13-11(7-10(23-4)5-6-24-13)14(21)19(15)9(3)12(20)18-16/h5-9,22H,1-4H3,(H,18,20)	OSDYZSDCSJYUFO-UHFFFAOYSA-N	1	Positive	MSNLIB-POSITIVE	316.129	UPDATE-SINGLE-ANNOTATED-GOLD	Gold		C16H19N3O5	OSDYZSDCSJYUFO-UHFFFAOYSA-N	OSDYZSDCSJYUFO	Organoheterocyclic compounds	Diazines	Pyrimidines and pyrimidine derivatives	Peptide alkaloids	Other indole diketopiperazine alkaloids	Alkaloids|Amino acids and Peptides	mzspec:GNPS:GNPS-LIBRARY:CCMSLIB00012447183
CCMSLIB00010084318	2105	spectra_filtered.mgf	PNNL-LIPIDS-POSITIVE.mgf	0.710701	5744550.0	0	44.0795	7	0.0233765	530.348	1	temp/spectra_filtered.mgf2105	1	PE(22:4/0:0); [M+H]+ C27H49N1O7P1	LC-ESI	HCD; Velos	Commercial	Thomas Metz	Thomas Metz	M+H	530.325	0.0	1	N/A	N/A	N/A	N/A	N/A	1	Positive	PNNL-LIPIDS-POSITIVE	530.325	UPDATE-SINGLE-ANNOTATED-GOLD	Gold		N/A	N/A	N/A	N/A	N/A	N/A	N/A	N/A	N/A	mzspec:GNPS:GNPS-LIBRARY:CCMSLIB00010084318
CCMSLIB00010084318	1289	spectra_filtered.mgf	PNNL-LIPIDS-POSITIVE.mgf	0.710615	24719700.0	0	42.9286	6	0.0227661	530.348	1	temp/spectra_filtered.mgf1289	1	PE(22:4/0:0); [M+H]+ C27H49N1O7P1	LC-ESI	HCD; Velos	Commercial	Thomas Metz	Thomas Metz	M+H	530.325	0.0	1	N/A	N/A	N/A	N/A	N/A	1	Positive	PNNL-LIPIDS-POSITIVE	530.325	UPDATE-SINGLE-ANNOTATED-GOLD	Gold		N/A	N/A	N/A	N/A	N/A	N/A	N/A	N/A	N/A	mzspec:GNPS:GNPS-LIBRARY:CCMSLIB00010084318
CCMSLIB00005463585	1561	spectra_filtered.mgf	GNPS-MSMLS.mgf	0.710573	314287.0	0	6383.81	6	0.957916	149.096	0	temp/spectra_filtered.mgf1561	1	PYRIDOXAL	ESI	Orbitrap	Commercial	Dorrestein	Fernando Vargas	M-H2O+H	150.054	167.058	1	65-22-5	na	CC1=C(O)C(C=O)=C(CO)C=N1	"""InChI=1S/C8H9NO3/c1-5-8(12)7(4-11)6(3-10)2-9-5/h2,4,10,12H,3H2,1H3"""	N/A	1	Positive	GNPS-MSMLS	150.054	UPDATE-SINGLE-ANNOTATED-GOLD	Gold		C8H9NO3	RADKZDMFGJYCBB-UHFFFAOYSA-N	RADKZDMFGJYCBB	Organoheterocyclic compounds	Pyridines and derivatives	Pyridine carboxaldehydes	Nicotinic acid alkaloids	Pyridine alkaloids	Alkaloids	mzspec:GNPS:GNPS-LIBRARY:CCMSLIB00005463585
CCMSLIB00010078874	2339	spectra_filtered.mgf	PNNL-LIPIDS-POSITIVE.mgf	0.710438	3214170.0	0	2.63537	9	0.00213623	810.599	1	temp/spectra_filtered.mgf2339	1	PC(18:0/20:4); [M+H]+ C46H85N1O8P1	LC-ESI	HCD; Velos	Commercial	Thomas Metz	Thomas Metz	M+H	810.601	0.0	1	N/A	N/A	N/A	N/A	N/A	1	Positive	PNNL-LIPIDS-POSITIVE	810.601	UPDATE-SINGLE-ANNOTATED-GOLD	Gold		N/A	N/A	N/A	N/A	N/A	N/A	N/A	N/A	N/A	mzspec:GNPS:GNPS-LIBRARY:CCMSLIB00010078874
CCMSLIB00011435927	1056	spectra_filtered.mgf	ECG-ACYL-AMIDES-C4-C24-LIBRARY.mgf	0.710296	520533.0	0	6679.37	6	1.97906	298.274	0	temp/spectra_filtered.mgf1056	1	amylamine-C14:1	ESI	Orbitrap	Commercial	Dorrestein	Ipsita	M+H	296.295	295.288	1	N/A	N/A	O=C(NCCCCC)CCCCCCCC=CCCCC	InChI=1S/C19H37NO/c1-3-5-7-8-9-10-11-12-13-14-15-17-19(21)20-18-16-6-4-2/h8-9H,3-7,10-18H2,1-2H3,(H,20,21)	N/A	1	Positive	ECG-ACYL-AMIDES-C4-C24-LIBRARY	296.295	UPDATE-SINGLE-ANNOTATED-GOLD	Gold		C19H37NO	YFMJPCYNBKAZFK-UHFFFAOYSA-N	YFMJPCYNBKAZFK	Lipids and lipid-like molecules	Fatty Acyls	Fatty amides	Fatty amides	N-acyl amines	Fatty acids	mzspec:GNPS:GNPS-LIBRARY:CCMSLIB00011435927
CCMSLIB00010076286	3388	spectra_filtered.mgf	PNNL-LIPIDS-POSITIVE.mgf	0.709734	4475970.0	0	0.0659981	20	6.10352e-05	924.802	1	temp/spectra_filtered.mgf3388	1	TG(18:2/18:3/20:1); [M+NH4]+ C59H106N1O6	LC-ESI	HCD; Velos	Commercial	Thomas Metz	Thomas Metz	M+NH4	924.802	0.0	1	N/A	N/A	N/A	N/A	N/A	1	Positive	PNNL-LIPIDS-POSITIVE	924.802	UPDATE-SINGLE-ANNOTATED-GOLD	Gold		N/A	N/A	N/A	N/A	N/A	N/A	N/A	N/A	N/A	mzspec:GNPS:GNPS-LIBRARY:CCMSLIB00010076286
CCMSLIB00000531475	2713	spectra_filtered.mgf	GNPS-LIBRARY.mgf	0.708808	2028810.0	0	406.146	10	0.262512	646.612	1	temp/spectra_filtered.mgf2713	1	Ceramide (18:1/18:0)	LC-ESI	qTof	Lysate	Dorrestein	Quinn	M+H	646.35	0.0	1	 	 	 	 	 	3	Positive	GNPS-LIBRARY	646.35	UPDATE-SINGLE-ANNOTATED-BRONZE	Bronze		N/A	N/A	N/A	N/A	N/A	N/A	N/A	N/A	N/A	mzspec:GNPS:GNPS-LIBRARY:CCMSLIB00000531475
CCMSLIB00011435425	1252	spectra_filtered.mgf	ECG-ACYL-AMIDES-C4-C24-LIBRARY.mgf	0.70856	2912330.0	0	0.0977107	9	3.05176e-05	312.326	1	temp/spectra_filtered.mgf1252	1	amylamine-C15:0	ESI	Orbitrap	Commercial	Dorrestein	Ipsita	M+H	312.326	311.319	1	N/A	N/A	CCCCCCCCCCCCCCC(NCCCCC)=O	InChI=1S/C20H41NO/c1-3-5-7-8-9-10-11-12-13-14-15-16-18-20(22)21-19-17-6-4-2/h3-19H2,1-2H3,(H,21,22)	N/A	1	Positive	ECG-ACYL-AMIDES-C4-C24-LIBRARY	312.326	UPDATE-SINGLE-ANNOTATED-GOLD	Gold		C20H41NO	HLRQKEKFDNVBNT-UHFFFAOYSA-N	HLRQKEKFDNVBNT	Lipids and lipid-like molecules	Fatty Acyls	Fatty amides	Fatty amides	N-acyl amines	Fatty acids	mzspec:GNPS:GNPS-LIBRARY:CCMSLIB00011435425
CCMSLIB00010084318	1012	spectra_filtered.mgf	PNNL-LIPIDS-POSITIVE.mgf	0.708172	52643900.0	0	43.1588	6	0.0228882	530.348	1	temp/spectra_filtered.mgf1012	1	PE(22:4/0:0); [M+H]+ C27H49N1O7P1	LC-ESI	HCD; Velos	Commercial	Thomas Metz	Thomas Metz	M+H	530.325	0.0	1	N/A	N/A	N/A	N/A	N/A	1	Positive	PNNL-LIPIDS-POSITIVE	530.325	UPDATE-SINGLE-ANNOTATED-GOLD	Gold		N/A	N/A	N/A	N/A	N/A	N/A	N/A	N/A	N/A	mzspec:GNPS:GNPS-LIBRARY:CCMSLIB00010084318
CCMSLIB00003135252	394	spectra_filtered.mgf	GNPS-NIST14-MATCHES.mgf	0.707153	1367720.0	0	3543.68	9	0.982361	276.233	1	temp/spectra_filtered.mgf394	1	Spectral Match to 13-Keto-9Z,11E-octadecadienoic acid from NIST14	ESI	qTof	Isolated	Data from Christopher A. Lowry	Data deposited by fevargas	M+H-H2O	277.215	294.22	1	54739309	N/A	CCCCCC(=O)/C=C/C=C\CCCCCCCC(=O)O	InChI=1S/C18H30O3/c1-2-3-11-14-17(19)15-12-9-7-5-4-6-8-10-13-16-18(20)21/h7,9,12,15H,2-6,8,10-11,13-14,16H2,1H3,(H,20,21)/b9-7-,15-12+	N/A	3	Positive	GNPS-NIST14-MATCHES	277.215	UPDATE-SINGLE-ANNOTATED-BRONZE	Bronze		C18H30O3	JHXAZBBVQSRKJR-BSZOFBHHSA-N	JHXAZBBVQSRKJR	Lipids and lipid-like molecules	Fatty Acyls	Lineolic acids and derivatives	Fatty Acids and Conjugates|Octadecanoids	Other Octadecanoids|Oxo fatty acids|Unsaturated fatty acids	Fatty acids	mzspec:GNPS:GNPS-LIBRARY:CCMSLIB00003135252
CCMSLIB00006583352	3176	spectra_filtered.mgf	BILELIB19.mgf	0.707045	129851000.0	0	1626.22	8	1.6485	1012.05	1	temp/spectra_filtered.mgf3176	1	Val-bMCA	ESI	qToF	Crude	Dorrestein	Emily Gentry	2M-H	1013.7	507.356	-1			C[C@H](CCC(N[C@H](C(O)=O)C(C)C)=O)[C@H]1CC[C@@]2([H])[C@]3([H])[C@@H](O)[C@@H](O)[C@]4([H])C[C@H](O)CC[C@]4(C)[C@H]3CC[C@@]21C	InChI=1S/C29H49NO6/c1-15(2)24(27(35)36)30-22(32)9-6-16(3)18-7-8-19-23-20(11-13-28(18,19)4)29(5)12-10-17(31)14-21(29)25(33)26(23)34/h15-21,23-26,31,33-34H,6-14H2,1-5H3,(H,30,32)(H,35,36)/t16-,17-,18-,19+,20+,21+,23+,24?,25+,26-,28-,29-/m1/s1	N/A	2	Negative	BILELIB19	1013.7	UPDATE-SINGLE-ANNOTATED-SILVER	Silver		C29H49NO6	ICWSOMQRDVEYQC-YLSLFLMOSA-N	ICWSOMQRDVEYQC	Lipids and lipid-like molecules	Steroids and steroid derivatives	Bile acids, alcohols and derivatives	Steroids	Cholane steroids|Cholestane steroids	Terpenoids	mzspec:GNPS:GNPS-LIBRARY:CCMSLIB00006583352
CCMSLIB00016339391	99	spectra_filtered.mgf	GNPS-N-ACYL-LIPIDS-MASSQL.mgf	0.706605	302590.0	0	8924.74	6	1.9823	220.131	1	temp/spectra_filtered.mgf99	1	Candidate Phenylalanine-C3:0 (delta mass:56.0264)	LC-ESI	Orbitrap	Crude	Pieter Dorrestein	helenamrusso	M+H	222.113	222.113	0	N/A	N/A	CCC(=O)NC(Cc1ccccc1)C(=O)O	InChI=1S/C12H15NO3/c1-2-11(14)13-10(12(15)16)8-9-6-4-3-5-7-9/h3-7,10H,2,8H2,1H3,(H,13,14)(H,15,16)	N/A	4	Positive	GNPS-N-ACYL-LIPIDS-MASSQL	222.113	UPDATE-SINGLE-ANNOTATED-BRONZE	Insilico		C12H15NO3	VLDRFXZMCZDDPJ-UHFFFAOYSA-N	VLDRFXZMCZDDPJ	Organic acids and derivatives	Carboxylic acids and derivatives	Amino acids, peptides, and analogues	Small peptides	Dipeptides	Amino acids and Peptides	mzspec:GNPS:GNPS-LIBRARY:CCMSLIB00016339391
CCMSLIB00010084318	2132	spectra_filtered.mgf	PNNL-LIPIDS-POSITIVE.mgf	0.705829	3480000.0	0	339.055	6	0.17981	530.505	1	temp/spectra_filtered.mgf2132	1	PE(22:4/0:0); [M+H]+ C27H49N1O7P1	LC-ESI	HCD; Velos	Commercial	Thomas Metz	Thomas Metz	M+H	530.325	0.0	1	N/A	N/A	N/A	N/A	N/A	1	Positive	PNNL-LIPIDS-POSITIVE	530.325	UPDATE-SINGLE-ANNOTATED-GOLD	Gold		N/A	N/A	N/A	N/A	N/A	N/A	N/A	N/A	N/A	mzspec:GNPS:GNPS-LIBRARY:CCMSLIB00010084318
CCMSLIB00012293516	2565	spectra_filtered.mgf	MSNLIB-NEGATIVE.mgf	0.705334	285326.0	0	1157.79	6	0.606873	523.557	1	temp/spectra_filtered.mgf2565	1	209984-57-6	ESI	Orbitrap	Crude	Tomas Pluskal	Corinna Brungs	[M+FA]-	524.164	479.166	1	N/A	N/A	C[C@H](NC(=O)[C@@H](O)c1cc(F)cc(F)c1)C(=O)N[C@@H]1C(=O)N(C)c2ccccc2-c2ccccc21	InChI=1S/C26H23F2N3O4/c1-14(29-25(34)23(32)15-11-16(27)13-17(28)12-15)24(33)30-22-20-9-4-3-7-18(20)19-8-5-6-10-21(19)31(2)26(22)35/h3-14,22-23,32H,1-2H3,(H,29,34)(H,30,33)/t14-,22-,23-/m0/s1	ULSSJYNJIZWPSB-CVRXJBIPSA-N	1	Negative	MSNLIB-NEGATIVE	524.164	UPDATE-SINGLE-ANNOTATED-GOLD	Gold		C26H23F2N3O4	ULSSJYNJIZWPSB-CVRXJBIPSA-N	ULSSJYNJIZWPSB	Organic acids and derivatives	Carboxylic acids and derivatives	Amino acids, peptides, and analogues			Alkaloids	mzspec:GNPS:GNPS-LIBRARY:CCMSLIB00012293516
CCMSLIB00004706946	3214	spectra_filtered.mgf	MONA.mgf	0.705222	3602130.0	0	814.555	15	0.8125	998.289	1	temp/spectra_filtered.mgf3214	1	[(2S,3R,4S,5S,6R)-6-[[(2R,3R,4R,5S,6R)-3,4-dihydroxy-6-(hydroxymethyl)-5-[(2S,3R,4R,5R,6S)-3,4,5-trihydroxy-6-methyloxan-2-yl]oxyoxan-2-yl]oxymethyl]-3,4,5-trihydroxyoxan-2-yl] (1S,2R,4aS,6aS,6bR,9R,10R,11R,12aR)-10,11-dihydroxy-9-(hydroxymethyl)-1,2,6a,6b,9,12a-hexamethyl-2,3,4,5,6,6a,7,8,8a,10,11,12,13,14b-tetradecahydro-1H-picene-4a-carboxylate	N/A	ESI-QFT	isolated	MoNA	MoNA:VF-NPL-QEHF015883	[M+K]+	997.477	0.0	1	N/A	N/A	C[C@@H]1CC[C@]2(C(=O)O[C@@H]3O[C@H](CO[C@@H]4O[C@H](CO)[C@@H](O[C@@H]5O[C@@H](C)[C@H](O)[C@@H](O)[C@H]5O)[C@H](O)[C@H]4O)[C@@H](O)[C@H](O)[C@H]3O)CC[C@]3(C)C(=CCC4[C@@]5(C)C[C@@H](O)[C@H](O)[C@@](C)(CO)C5CC[C@]43C)C2[C@H]1C	InChI=1S/C48H78O19/c1-20-10-13-48(15-14-46(6)23(29(48)21(20)2)8-9-28-44(4)16-24(51)39(60)45(5,19-50)27(44)11-12-47(28,46)7)43(61)67-42-36(58)33(55)31(53)26(65-42)18-62-40-37(59)34(56)38(25(17-49)64-40)66-41-35(57)32(54)30(52)22(3)63-41/h8,20-22,24-42,49-60H,9-19H2,1-7H3/t20-,21+,22+,24-,25-,26-,27?,28?,29?,30+,31-,32-,33+,34-,35-,36-,37-,38-,39+,40-,41+,42+,44+,45+,46-,47-,48+/m1/s1	N/A	3	positive	MONA	997.477	UPDATE-SINGLE-ANNOTATED-BRONZE	Bronze		C48H78O19	WYQVAPGDARQUBT-ZKFJACKJSA-N	WYQVAPGDARQUBT	Lipids and lipid-like molecules	Prenol lipids	Terpene glycosides	Triterpenoids	Ursane and Taraxastane triterpenoids	Terpenoids	mzspec:GNPS:GNPS-LIBRARY:CCMSLIB00004706946
CCMSLIB00010084318	1476	spectra_filtered.mgf	PNNL-LIPIDS-POSITIVE.mgf	0.70513	5458340.0	0	43.9644	6	0.0233154	530.348	1	temp/spectra_filtered.mgf1476	1	PE(22:4/0:0); [M+H]+ C27H49N1O7P1	LC-ESI	HCD; Velos	Commercial	Thomas Metz	Thomas Metz	M+H	530.325	0.0	1	N/A	N/A	N/A	N/A	N/A	1	Positive	PNNL-LIPIDS-POSITIVE	530.325	UPDATE-SINGLE-ANNOTATED-GOLD	Gold		N/A	N/A	N/A	N/A	N/A	N/A	N/A	N/A	N/A	mzspec:GNPS:GNPS-LIBRARY:CCMSLIB00010084318
CCMSLIB00012864366	65	spectra_filtered.mgf	MSNLIB-POSITIVE.mgf	0.705079	3141570.0	0	2917.47	6	1.10901	381.236	1	temp/spectra_filtered.mgf65	1	(2R,6R)-4-[(3-fluorophenyl)methyl]-10-methoxy-8-oxa-4-azatricyclo[7.4.0.0?,?]trideca-1(13),9,11-triene-6-carboxylic acid	ESI	Orbitrap	Commercial	Tomas Pluskal	Corinna Brungs	[M+Na]+	380.127	357.138	1	N/A	N/A	COc1cccc2c1OC[C@]1(C(=O)O)CN(Cc3cc(F)ccc3)C[C@H]21	InChI=1S/C20H20FNO4/c1-25-17-7-3-6-15-16-10-22(9-13-4-2-5-14(21)8-13)11-20(16,19(23)24)12-26-18(15)17/h2-8,16H,9-12H2,1H3,(H,23,24)/t16-,20-/m1/s1	UTXPDZFPPUZUBK-OXQOHEQNSA-N	1	Positive	MSNLIB-POSITIVE	380.127	UPDATE-SINGLE-ANNOTATED-GOLD	Gold		C20H20FNO4	UTXPDZFPPUZUBK-OXQOHEQNSA-N	UTXPDZFPPUZUBK	N/A	N/A	N/A			Alkaloids	mzspec:GNPS:GNPS-LIBRARY:CCMSLIB00012864366
CCMSLIB00013640932	447	spectra_filtered.mgf	3-HYDROXY-ACYL-AMIDES-LIBRARY.mgf	0.705009	1857160.0	0	3715.8	8	1.04126	281.266	1	temp/spectra_filtered.mgf447	1	3-hydroxydecanoyl amylamine [M+Na]+	LC-ESI	Orbitrap	Crude	Pieter Dorrestein	victoriadeleray	[M+Na]+	280.225	257.235	1	N/A	N/A	CCCCCCCC(O)CC(=O)NCCCCC	"""InChI=1S/C15H31NO2/c1-3-5-7-8-9-11-14(17)13-15(18)16-12-10-6-4-2/h14,17H,3-13H2,1-2H3,(H,16,18)"""	"""InChI=1S/C15H31NO2/c1-3-5-7-8-9-11-14(17)13-15(18)16-12-10-6-4-2/h14,17H,3-13H2,1-2H3,(H,16,18) [M+Na]+"""	1	Positive	3-HYDROXY-ACYL-AMIDES-LIBRARY	280.225	UPDATE-SINGLE-ANNOTATED-GOLD	Gold		C15H31NO2	LYNMNEWOEMTDSX-UHFFFAOYSA-N	LYNMNEWOEMTDSX	N/A	N/A	N/A	Fatty amides	N-acyl amines	Fatty acids	mzspec:GNPS:GNPS-LIBRARY:CCMSLIB00013640932
CCMSLIB00012785124	524	spectra_filtered.mgf	MSNLIB-NEGATIVE.mgf	0.704526	6848000.0	0	3359.59	6	0.880554	261.221	1	temp/spectra_filtered.mgf524	1	AKOS011690510	ESI	Orbitrap	Commercial	Tomas Pluskal	Corinna Brungs	[M-H]-	262.102	263.109	-1	N/A	N/A	OC1(CNc2c3ccsc3ncn2)CCCCC1	InChI=1S/C13H17N3OS/c17-13(5-2-1-3-6-13)8-14-11-10-4-7-18-12(10)16-9-15-11/h4,7,9,17H,1-3,5-6,8H2,(H,14,15,16)	IMVKCJDNXGTVBI-UHFFFAOYSA-N	1	Negative	MSNLIB-NEGATIVE	262.102	UPDATE-SINGLE-ANNOTATED-GOLD	Gold		C13H17N3OS	IMVKCJDNXGTVBI-UHFFFAOYSA-N	IMVKCJDNXGTVBI	N/A	N/A	N/A			Alkaloids	mzspec:GNPS:GNPS-LIBRARY:CCMSLIB00012785124
CCMSLIB00004704638	2789	spectra_filtered.mgf	MONA.mgf	0.704472	206193.0	0	2255.2	6	1.22516	544.485	1	temp/spectra_filtered.mgf2789	1	3-Deacetylkhivorin	N/A	ESI-QFT	isolated	MoNA	MoNA:VF-NPL-QEHF013575	[M-H]-	543.26	0.0	1	N/A	N/A	CC(=O)O[C@H]1C[C@@H](O)C(C)(C)C2C[C@@H](OC(C)=O)[C@]3(C)C(CC[C@@]4(C)[C@H](c5ccoc5)OC(=O)C5OC543)[C@]21C	InChI=1S/C30H40O9/c1-15(31)36-21-13-20(33)26(3,4)19-12-22(37-16(2)32)29(7)18(28(19,21)6)8-10-27(5)23(17-9-11-35-14-17)38-25(34)24-30(27,29)39-24/h9,11,14,18-24,33H,8,10,12-13H2,1-7H3/t18?,19?,20-,21+,22-,23+,24?,27+,28-,29+,30?/m1/s1	N/A	3	negative	MONA	543.26	UPDATE-SINGLE-ANNOTATED-BRONZE	Bronze		C30H40O9	PDKGFQJSCXMICA-GBOCIRNBSA-N	PDKGFQJSCXMICA	Lipids and lipid-like molecules	Prenol lipids	Triterpenoids	Triterpenoids	Limonoids	Terpenoids	mzspec:GNPS:GNPS-LIBRARY:CCMSLIB00004704638
CCMSLIB00005722214	1207	spectra_filtered.mgf	GNPS-NIH-NATURALPRODUCTSLIBRARY_ROUND2_POSITIVE.mgf	0.704383	360918.0	0	3312.71	10	0.98468	296.258	1	temp/spectra_filtered.mgf1207	1	NCGC00381425-01!8-hydroxy-8-(3-octyloxiran-2-yl)octanoic acid [IIN-based on: CCMSLIB00000846585]	LC-ESI	Orbitrap	Commercial	Pieter Dorrestein	lfnothias/robinschmid	[M-H2O+H]+	297.243	314.246	1	N/A	N/A	CCCCCCCCC1OC1C(O)CCCCCCC(O)=O	InChI=1S/C18H34O4/c1-2-3-4-5-6-10-13-16-18(22-16)15(19)12-9-7-8-11-14-17(20)21/h15-16,18-19H,2-14H2,1H3,(H,20,21)	N/A	3	Positive	GNPS-NIH-NATURALPRODUCTSLIBRARY_ROUND2_POSITIVE	297.243	UPDATE-SINGLE-ANNOTATED-BRONZE	Bronze		C18H34O4	GQEOLYBERRZZCE-UHFFFAOYSA-N	GQEOLYBERRZZCE	Lipids and lipid-like molecules	Fatty Acyls	Lineolic acids and derivatives	Octadecanoids	Other Octadecanoids	Fatty acids	mzspec:GNPS:GNPS-LIBRARY:CCMSLIB00005722214
CCMSLIB00010101767	1618	spectra_filtered.mgf	PNNL-LIPIDS-POSITIVE.mgf	0.704353	1861670.0	0	0.480258	11	0.000366211	762.529	1	temp/spectra_filtered.mgf1618	1	PS(16:0/18:1); [M+H]+ C40H77N1O10P1	LC-ESI	HCD; Velos	Commercial	Thomas Metz	Thomas Metz	M+H	762.529	0.0	1	N/A	N/A	N/A	N/A	N/A	1	Positive	PNNL-LIPIDS-POSITIVE	762.529	UPDATE-SINGLE-ANNOTATED-GOLD	Gold		N/A	N/A	N/A	N/A	N/A	N/A	N/A	N/A	N/A	mzspec:GNPS:GNPS-LIBRARY:CCMSLIB00010101767
CCMSLIB00011435133	548	spectra_filtered.mgf	ECG-ACYL-AMIDES-C4-C24-LIBRARY.mgf	0.702364	501188.0	0	541.856	7	0.146393	270.315	1	temp/spectra_filtered.mgf548	1	Asp-C10:0	ESI	Orbitrap	Commercial	Dorrestein	Ipsita	M-H2O+H	270.169	287.173	1	N/A	N/A	CCCCCCCCCC(NC(C(O)=O)CC(O)=O)=O	InChI=1S/C14H25NO5/c1-2-3-4-5-6-7-8-9-12(16)15-11(14(19)20)10-13(17)18/h11H,2-10H2,1H3,(H,15,16)(H,17,18)(H,19,20)	N/A	1	Positive	ECG-ACYL-AMIDES-C4-C24-LIBRARY	270.169	UPDATE-SINGLE-ANNOTATED-GOLD	Gold		C14H25NO5	WSJCTRAECJWNOS-UHFFFAOYSA-N	WSJCTRAECJWNOS	Organic acids and derivatives	Carboxylic acids and derivatives	Amino acids, peptides, and analogues	Fatty amides	N-acyl amines	Fatty acids	mzspec:GNPS:GNPS-LIBRARY:CCMSLIB00011435133
CCMSLIB00003139964	1488	spectra_filtered.mgf	GNPS-NIST14-MATCHES.mgf	0.701745	230849.0	0	0.516914	6	0.000213623	413.266	1	temp/spectra_filtered.mgf1488	1	Spectral Match to Bis(2-ethylhexyl) phthalate from NIST14	ESI	QQQ	Isolated	Data from Katrina Waters;Yoshihiro Kawaoka;Richard Smith;Thomas Metz;Ralph Baric	Data deposited by alchemistmatt	M+Na	413.266	390.277	1	117817	N/A	CCCCC(CC)COC(=O)C1=CC=CC=C1C(=O)OCC(CC)CCCC	InChI=1S/C24H38O4/c1-5-9-13-19(7-3)17-27-23(25)21-15-11-12-16-22(21)24(26)28-18-20(8-4)14-10-6-2/h11-12,15-16,19-20H,5-10,13-14,17-18H2,1-4H3	N/A	3	Positive	GNPS-NIST14-MATCHES	413.266	UPDATE-SINGLE-ANNOTATED-BRONZE	Bronze		C24H38O4	BJQHLKABXJIVAM-UHFFFAOYSA-N	BJQHLKABXJIVAM	Benzenoids	Benzene and substituted derivatives	Benzoic acids and derivatives	Phenolic acids (C6-C1)	Shikimic acids and derivatives|Simple phenolic acids	Shikimates and Phenylpropanoids	mzspec:GNPS:GNPS-LIBRARY:CCMSLIB00003139964
CCMSLIB00004706111	2992	spectra_filtered.mgf	MONA.mgf	0.701533	35979300.0	0	196.29	9	0.119202	607.391	1	temp/spectra_filtered.mgf2992	1	OUABAIN	N/A	ESI-QFT	isolated	MoNA	MoNA:VF-NPL-QEHF015048	[M+Na]+	607.272	0.0	1	N/A	N/A	C[C@@H]1O[C@@H](O[C@H]2C[C@@H](O)[C@]3(CO)[C@H]4[C@H](O)C[C@]5(C)[C@@H](C6=CC(=O)OC6)CC[C@]5(O)[C@@H]4CC[C@]3(O)C2)[C@H](O)[C@H](O)[C@H]1O	InChI=1S/C29H44O12/c1-13-22(34)23(35)24(36)25(40-13)41-15-8-19(32)28(12-30)21-17(3-5-27(28,37)9-15)29(38)6-4-16(14-7-20(33)39-11-14)26(29,2)10-18(21)31/h7,13,15-19,21-25,30-32,34-38H,3-6,8-12H2,1-2H3/t13-,15-,16+,17+,18+,19+,21+,22-,23+,24+,25-,26+,27-,28+,29-/m0/s1	N/A	3	positive	MONA	607.272	UPDATE-SINGLE-ANNOTATED-BRONZE	Bronze		C29H44O12	LPMXVESGRSUGHW-HBYQJFLCSA-N	LPMXVESGRSUGHW	Lipids and lipid-like molecules	Steroids and steroid derivatives	Steroid lactones	Steroids	Cardenolides	Terpenoids	mzspec:GNPS:GNPS-LIBRARY:CCMSLIB00004706111
CCMSLIB00004708194	2966	spectra_filtered.mgf	MONA.mgf	0.701249	854269.0	0	14.9549	18	0.00915527	612.183	1	temp/spectra_filtered.mgf2966	1	4-(3,4-dihydroxyphenyl)-7-methoxy-5-[(2S,3R,4S,5S,6R)-3,4,5-trihydroxy-6-[[(2S,3R,4S,5R)-3,4,5-trihydroxyoxan-2-yl]oxymethyl]oxan-2-yl]oxychromen-2-one	N/A	ESI-QFT	isolated	MoNA	MoNA:VF-NPL-QEHF017131	[M+NH4]+	612.192	0.0	1	N/A	N/A	COc1cc(O[C@@H]2O[C@H](CO[C@@H]3OC[C@@H](O)[C@H](O)[C@H]3O)[C@@H](O)[C@H](O)[C@H]2O)c2c(-c3ccc(O)c(O)c3)cc(=O)oc2c1	InChI=1S/C27H30O15/c1-37-11-5-16-20(12(7-19(31)40-16)10-2-3-13(28)14(29)4-10)17(6-11)41-27-25(36)23(34)22(33)18(42-27)9-39-26-24(35)21(32)15(30)8-38-26/h2-7,15,18,21-30,32-36H,8-9H2,1H3/t15-,18-,21+,22-,23+,24-,25-,26+,27-/m1/s1	N/A	3	positive	MONA	612.192	UPDATE-SINGLE-ANNOTATED-BRONZE	Bronze		C27H30O15	GXDJGKMWLJOJFR-WUSKNVGPSA-N	GXDJGKMWLJOJFR	Phenylpropanoids and polyketides	Coumarins and derivatives	Coumarin glycosides	Flavonoids		Shikimates and Phenylpropanoids	mzspec:GNPS:GNPS-LIBRARY:CCMSLIB00004708194
CCMSLIB00010125664	648	spectra_filtered.mgf	BERKELEY-LAB.mgf	0.70115	395163.0	0	3751.92	6	0.995209	266.248	0	temp/spectra_filtered.mgf648	1	oleic acid CollisionEnergy:205060	LC-ESI	Orbitrap	Commercial	Trent Northen	JGI	M+H-H2O	265.253	0.0	1	N/A	N/A	CCCCCCCCC=CCCCCCCCC(=O)O	"""InChI=1S/C18H34O2/c1-2-3-4-5-6-7-8-9-10-11-12-13-14-15-16-17-18(19)20/h9-10H,2-8,11-17H2,1H3,(H,19,20)/b10-9-"""	N/A	3	Positive	BERKELEY-LAB	265.253	UPDATE-SINGLE-ANNOTATED-BRONZE	Bronze		C18H34O2	ZQPPMHVWECSIRJ-UHFFFAOYSA-N	ZQPPMHVWECSIRJ	Lipids and lipid-like molecules	Fatty Acyls	Fatty acids and conjugates	Fatty Acids and Conjugates	Unsaturated fatty acids	Fatty acids	mzspec:GNPS:GNPS-LIBRARY:CCMSLIB00010125664
CCMSLIB00006583352	3425	spectra_filtered.mgf	BILELIB19.mgf	0.700601	96696000.0	0	1625.92	7	1.64819	1012.05	1	temp/spectra_filtered.mgf3425	1	Val-bMCA	ESI	qToF	Crude	Dorrestein	Emily Gentry	2M-H	1013.7	507.356	-1			C[C@H](CCC(N[C@H](C(O)=O)C(C)C)=O)[C@H]1CC[C@@]2([H])[C@]3([H])[C@@H](O)[C@@H](O)[C@]4([H])C[C@H](O)CC[C@]4(C)[C@H]3CC[C@@]21C	InChI=1S/C29H49NO6/c1-15(2)24(27(35)36)30-22(32)9-6-16(3)18-7-8-19-23-20(11-13-28(18,19)4)29(5)12-10-17(31)14-21(29)25(33)26(23)34/h15-21,23-26,31,33-34H,6-14H2,1-5H3,(H,30,32)(H,35,36)/t16-,17-,18-,19+,20+,21+,23+,24?,25+,26-,28-,29-/m1/s1	N/A	2	Negative	BILELIB19	1013.7	UPDATE-SINGLE-ANNOTATED-SILVER	Silver		C29H49NO6	ICWSOMQRDVEYQC-YLSLFLMOSA-N	ICWSOMQRDVEYQC	Lipids and lipid-like molecules	Steroids and steroid derivatives	Bile acids, alcohols and derivatives	Steroids	Cholane steroids|Cholestane steroids	Terpenoids	mzspec:GNPS:GNPS-LIBRARY:CCMSLIB00006583352
