sample_id	group	data_source	npc_level	npc_term	npc_label	npc_plot_label	npc_pathway	npc_superclass	npc_class	n_features	summed_intensity	plot_intensity	npc_overall_test	npc_overall_p_value	npc_overall_q_value	npc_overall_significance	npc_max_mean_difference	npc_max_median_difference
A549_110626_PET100	PET	raw	superclass	Aminosugars and aminoglycosides	NPC superclass: Aminosugars and aminoglycosides	Aminosugars and aminoglycosides	Carbohydrates	Aminosugars and aminoglycosides	Aminoglycosides	2	2027747.2	6.30701402455677	wilcoxon_rank_sum	0.504985075093846	0.923184419686965	ns	0.182730320875991	0
A549_110626_untreated	Untreated	raw	superclass	Aminosugars and aminoglycosides	NPC superclass: Aminosugars and aminoglycosides	Aminosugars and aminoglycosides	Carbohydrates	Aminosugars and aminoglycosides	Aminoglycosides	2	2027747.2	6.30701402455677	wilcoxon_rank_sum	0.504985075093846	0.923184419686965	ns	0.182730320875991	0
A549_180626_PET100	PET	raw	superclass	Aminosugars and aminoglycosides	NPC superclass: Aminosugars and aminoglycosides	Aminosugars and aminoglycosides	Carbohydrates	Aminosugars and aminoglycosides	Aminoglycosides	2	2027747.2	6.30701402455677	wilcoxon_rank_sum	0.504985075093846	0.923184419686965	ns	0.182730320875991	0
A549_180626_untreated	Untreated	raw	superclass	Aminosugars and aminoglycosides	NPC superclass: Aminosugars and aminoglycosides	Aminosugars and aminoglycosides	Carbohydrates	Aminosugars and aminoglycosides	Aminoglycosides	2	2027747.2	6.30701402455677	wilcoxon_rank_sum	0.504985075093846	0.923184419686965	ns	0.182730320875991	0
A549_210626_PET100	PET	raw	superclass	Aminosugars and aminoglycosides	NPC superclass: Aminosugars and aminoglycosides	Aminosugars and aminoglycosides	Carbohydrates	Aminosugars and aminoglycosides	Aminoglycosides	2	7164814.1	6.85520498718475	wilcoxon_rank_sum	0.504985075093846	0.923184419686965	ns	0.182730320875991	0
A549_210626_untreated	Untreated	raw	superclass	Aminosugars and aminoglycosides	NPC superclass: Aminosugars and aminoglycosides	Aminosugars and aminoglycosides	Carbohydrates	Aminosugars and aminoglycosides	Aminoglycosides	2	2027747.2	6.30701402455677	wilcoxon_rank_sum	0.504985075093846	0.923184419686965	ns	0.182730320875991	0
A549_110626_PET100	PET	raw	superclass	Carotenoids (C40)	NPC superclass: Carotenoids (C40)	Carotenoids (C40)	Polyketides x Terpenoids | Terpenoids	Carotenoids (C40)	Apocarotenoids (β-) | Cannabinoids | Carotenoids (C40, β-β)	11	33224531.5	7.52145887873144	wilcoxon_rank_sum	0.190430263825524	0.809328621258477	ns	0.180013485686862	0.239955522733023
A549_110626_untreated	Untreated	raw	superclass	Carotenoids (C40)	NPC superclass: Carotenoids (C40)	Carotenoids (C40)	Polyketides x Terpenoids | Terpenoids	Carotenoids (C40)	Apocarotenoids (β-) | Cannabinoids | Carotenoids (C40, β-β)	11	24133812.9	7.3826259594902	wilcoxon_rank_sum	0.190430263825524	0.809328621258477	ns	0.180013485686862	0.239955522733023
A549_180626_PET100	PET	raw	superclass	Carotenoids (C40)	NPC superclass: Carotenoids (C40)	Carotenoids (C40)	Polyketides x Terpenoids | Terpenoids	Carotenoids (C40)	Apocarotenoids (β-) | Cannabinoids | Carotenoids (C40, β-β)	11	21249821.1	7.3273552985599	wilcoxon_rank_sum	0.190430263825524	0.809328621258477	ns	0.180013485686862	0.239955522733023
A549_180626_untreated	Untreated	raw	superclass	Carotenoids (C40)	NPC superclass: Carotenoids (C40)	Carotenoids (C40)	Polyketides x Terpenoids | Terpenoids	Carotenoids (C40)	Apocarotenoids (β-) | Cannabinoids | Carotenoids (C40, β-β)	11	19120680	7.28150335599841	wilcoxon_rank_sum	0.190430263825524	0.809328621258477	ns	0.180013485686862	0.239955522733023
A549_210626_PET100	PET	raw	superclass	Carotenoids (C40)	NPC superclass: Carotenoids (C40)	Carotenoids (C40)	Polyketides x Terpenoids | Terpenoids	Carotenoids (C40)	Apocarotenoids (β-) | Cannabinoids | Carotenoids (C40, β-β)	11	37935946.1	7.57905093103009	wilcoxon_rank_sum	0.190430263825524	0.809328621258477	ns	0.180013485686862	0.239955522733023
A549_210626_untreated	Untreated	raw	superclass	Carotenoids (C40)	NPC superclass: Carotenoids (C40)	Carotenoids (C40)	Polyketides x Terpenoids | Terpenoids	Carotenoids (C40)	Apocarotenoids (β-) | Cannabinoids | Carotenoids (C40, β-β)	11	16737681.9	7.22369533577222	wilcoxon_rank_sum	0.190430263825524	0.809328621258477	ns	0.180013485686862	0.239955522733023
A549_110626_PET100	PET	raw	superclass	Chromanes	NPC superclass: Chromanes	Chromanes	Polyketides	Chromanes	Azaphilones	1	6966212	6.8429967493801	wilcoxon_rank_sum	0.662520583540057	0.923184419686965	ns	0.0162925202590642	0.0446918452390639
A549_110626_untreated	Untreated	raw	superclass	Chromanes	NPC superclass: Chromanes	Chromanes	Polyketides	Chromanes	Azaphilones	1	7631778.5	6.88262581409166	wilcoxon_rank_sum	0.662520583540057	0.923184419686965	ns	0.0162925202590642	0.0446918452390639
A549_180626_PET100	PET	raw	superclass	Chromanes	NPC superclass: Chromanes	Chromanes	Polyketides	Chromanes	Azaphilones	1	6885475	6.83793396885259	wilcoxon_rank_sum	0.662520583540057	0.923184419686965	ns	0.0162925202590642	0.0446918452390639
A549_180626_untreated	Untreated	raw	superclass	Chromanes	NPC superclass: Chromanes	Chromanes	Polyketides	Chromanes	Azaphilones	1	9024748	6.9554351319704	wilcoxon_rank_sum	0.662520583540057	0.923184419686965	ns	0.0162925202590642	0.0446918452390639
A549_210626_PET100	PET	raw	superclass	Chromanes	NPC superclass: Chromanes	Chromanes	Polyketides	Chromanes	Azaphilones	1	6745256.5	6.82899853350303	wilcoxon_rank_sum	0.662520583540057	0.923184419686965	ns	0.0162925202590642	0.0446918452390639
A549_210626_untreated	Untreated	raw	superclass	Chromanes	NPC superclass: Chromanes	Chromanes	Polyketides	Chromanes	Azaphilones	1	5257094.5	6.72074586645086	wilcoxon_rank_sum	0.662520583540057	0.923184419686965	ns	0.0162925202590642	0.0446918452390639
A549_110626_PET100	PET	raw	superclass	Diterpenoids	NPC superclass: Diterpenoids	Diterpenoids	Terpenoids	Diterpenoids	Kaurane and Phyllocladane diterpenoids | Labdane diterpenoids | Tetracyclic diterpenoids	5	48374092.1	7.68461283610743	wilcoxon_rank_sum	0.662520583540057	0.923184419686965	ns	0.0473500804923779	0.14963347625741
A549_110626_untreated	Untreated	raw	superclass	Diterpenoids	NPC superclass: Diterpenoids	Diterpenoids	Terpenoids	Diterpenoids	Kaurane and Phyllocladane diterpenoids | Labdane diterpenoids | Tetracyclic diterpenoids	5	59318380.4	7.77318929207585	wilcoxon_rank_sum	0.662520583540057	0.923184419686965	ns	0.0473500804923779	0.14963347625741
A549_180626_PET100	PET	raw	superclass	Diterpenoids	NPC superclass: Diterpenoids	Diterpenoids	Terpenoids	Diterpenoids	Kaurane and Phyllocladane diterpenoids | Labdane diterpenoids | Tetracyclic diterpenoids	5	42029653.1	7.62355581581844	wilcoxon_rank_sum	0.662520583540057	0.923184419686965	ns	0.0473500804923779	0.14963347625741
A549_180626_untreated	Untreated	raw	superclass	Diterpenoids	NPC superclass: Diterpenoids	Diterpenoids	Terpenoids	Diterpenoids	Kaurane and Phyllocladane diterpenoids | Labdane diterpenoids | Tetracyclic diterpenoids	5	66571945.2	7.8232912535352	wilcoxon_rank_sum	0.662520583540057	0.923184419686965	ns	0.0473500804923779	0.14963347625741
A549_210626_PET100	PET	raw	superclass	Diterpenoids	NPC superclass: Diterpenoids	Diterpenoids	Terpenoids	Diterpenoids	Kaurane and Phyllocladane diterpenoids | Labdane diterpenoids | Tetracyclic diterpenoids	5	38313792.6	7.5833551553237	wilcoxon_rank_sum	0.662520583540057	0.923184419686965	ns	0.0473500804923779	0.14963347625741
A549_210626_untreated	Untreated	raw	superclass	Diterpenoids	NPC superclass: Diterpenoids	Diterpenoids	Terpenoids	Diterpenoids	Kaurane and Phyllocladane diterpenoids | Labdane diterpenoids | Tetracyclic diterpenoids	5	27358575.9	7.43709350311565	wilcoxon_rank_sum	0.662520583540057	0.923184419686965	ns	0.0473500804923779	0.14963347625741
A549_110626_PET100	PET	raw	superclass	Eicosanoids	NPC superclass: Eicosanoids	Eicosanoids	Fatty acids	Eicosanoids	Leukotrienes	1	1449863.1	6.16132729645146	wilcoxon_rank_sum	0.353678517318465	0.923184419686965	ns	0.422977590200015	0.706960695264715
A549_110626_untreated	Untreated	raw	superclass	Eicosanoids	NPC superclass: Eicosanoids	Eicosanoids	Fatty acids	Eicosanoids	Leukotrienes	1	5163508	6.7129449383332	wilcoxon_rank_sum	0.353678517318465	0.923184419686965	ns	0.422977590200015	0.706960695264715
A549_180626_PET100	PET	raw	superclass	Eicosanoids	NPC superclass: Eicosanoids	Eicosanoids	Fatty acids	Eicosanoids	Leukotrienes	1	1013873.6	6.00598424306848	wilcoxon_rank_sum	0.353678517318465	0.923184419686965	ns	0.422977590200015	0.706960695264715
A549_180626_untreated	Untreated	raw	superclass	Eicosanoids	NPC superclass: Eicosanoids	Eicosanoids	Fatty acids	Eicosanoids	Leukotrienes	1	5288095.5	6.7232993717868	wilcoxon_rank_sum	0.353678517318465	0.923184419686965	ns	0.422977590200015	0.706960695264715
A549_210626_PET100	PET	raw	superclass	Eicosanoids	NPC superclass: Eicosanoids	Eicosanoids	Fatty acids	Eicosanoids	Leukotrienes	1	1013873.6	6.00598424306848	wilcoxon_rank_sum	0.353678517318465	0.923184419686965	ns	0.422977590200015	0.706960695264715
A549_210626_untreated	Untreated	raw	superclass	Eicosanoids	NPC superclass: Eicosanoids	Eicosanoids	Fatty acids	Eicosanoids	Leukotrienes	1	1013873.6	6.00598424306848	wilcoxon_rank_sum	0.353678517318465	0.923184419686965	ns	0.422977590200015	0.706960695264715
A549_110626_PET100	PET	raw	superclass	Fatty Acids and Conjugates	NPC superclass: Fatty Acids and Conjugates	Fatty Acids and Conjugates	Fatty acids	Fatty Acids and Conjugates	Dicarboxylic acids | Fatty alcohols | Halogenated fatty acids | Hydroxy fatty acids | Nitro fatty acids | Oxo fatty acids | Unsaturated fatty acids	85	3434253393.3	9.5358323361616	wilcoxon_rank_sum	1	1	ns	0.0928116448102543	0.0115110246092165
A549_110626_untreated	Untreated	raw	superclass	Fatty Acids and Conjugates	NPC superclass: Fatty Acids and Conjugates	Fatty Acids and Conjugates	Fatty acids	Fatty Acids and Conjugates	Dicarboxylic acids | Fatty alcohols | Halogenated fatty acids | Hydroxy fatty acids | Nitro fatty acids | Oxo fatty acids | Unsaturated fatty acids	85	3630578640.6	9.55997584840434	wilcoxon_rank_sum	1	1	ns	0.0928116448102543	0.0115110246092165
A549_180626_PET100	PET	raw	superclass	Fatty Acids and Conjugates	NPC superclass: Fatty Acids and Conjugates	Fatty Acids and Conjugates	Fatty acids	Fatty Acids and Conjugates	Dicarboxylic acids | Fatty alcohols | Halogenated fatty acids | Hydroxy fatty acids | Nitro fatty acids | Oxo fatty acids | Unsaturated fatty acids	85	3044873870.8	9.48356930750559	wilcoxon_rank_sum	1	1	ns	0.0928116448102543	0.0115110246092165
A549_180626_untreated	Untreated	raw	superclass	Fatty Acids and Conjugates	NPC superclass: Fatty Acids and Conjugates	Fatty Acids and Conjugates	Fatty acids	Fatty Acids and Conjugates	Dicarboxylic acids | Fatty alcohols | Halogenated fatty acids | Hydroxy fatty acids | Nitro fatty acids | Oxo fatty acids | Unsaturated fatty acids	85	1780498263.8	9.25054155476503	wilcoxon_rank_sum	1	1	ns	0.0928116448102543	0.0115110246092165
A549_210626_PET100	PET	raw	superclass	Fatty Acids and Conjugates	NPC superclass: Fatty Acids and Conjugates	Fatty Acids and Conjugates	Fatty acids	Fatty Acids and Conjugates	Dicarboxylic acids | Fatty alcohols | Halogenated fatty acids | Hydroxy fatty acids | Nitro fatty acids | Oxo fatty acids | Unsaturated fatty acids	85	4138986926.2	9.61689405470376	wilcoxon_rank_sum	1	1	ns	0.0928116448102543	0.0115110246092165
A549_210626_untreated	Untreated	raw	superclass	Fatty Acids and Conjugates	NPC superclass: Fatty Acids and Conjugates	Fatty Acids and Conjugates	Fatty acids	Fatty Acids and Conjugates	Dicarboxylic acids | Fatty alcohols | Halogenated fatty acids | Hydroxy fatty acids | Nitro fatty acids | Oxo fatty acids | Unsaturated fatty acids	85	3526495716.4	9.54734336077082	wilcoxon_rank_sum	1	1	ns	0.0928116448102543	0.0115110246092165
A549_110626_PET100	PET	raw	superclass	Fatty acyl glycosides	NPC superclass: Fatty acyl glycosides	Fatty acyl glycosides	Fatty acids	Fatty acyl glycosides	Fatty acyl glycosides of mono- and disaccharides	2	3261862.4	6.51346576974276	wilcoxon_rank_sum	0.0808555983700523	0.809328621258477	ns	0.349416062316553	0.4164736169512
A549_110626_untreated	Untreated	raw	superclass	Fatty acyl glycosides	NPC superclass: Fatty acyl glycosides	Fatty acyl glycosides	Fatty acids	Fatty acyl glycosides	Fatty acyl glycosides of mono- and disaccharides	2	3521696.4	6.54675203670904	wilcoxon_rank_sum	0.0808555983700523	0.809328621258477	ns	0.349416062316553	0.4164736169512
A549_180626_PET100	PET	raw	superclass	Fatty acyl glycosides	NPC superclass: Fatty acyl glycosides	Fatty acyl glycosides	Fatty acids	Fatty acyl glycosides	Fatty acyl glycosides of mono- and disaccharides	2	2027747.2	6.30701402455677	wilcoxon_rank_sum	0.0808555983700523	0.809328621258477	ns	0.349416062316553	0.4164736169512
A549_180626_untreated	Untreated	raw	superclass	Fatty acyl glycosides	NPC superclass: Fatty acyl glycosides	Fatty acyl glycosides	Fatty acids	Fatty acyl glycosides	Fatty acyl glycosides of mono- and disaccharides	2	8044559.6	6.90550232758895	wilcoxon_rank_sum	0.0808555983700523	0.809328621258477	ns	0.349416062316553	0.4164736169512
A549_210626_PET100	PET	raw	superclass	Fatty acyl glycosides	NPC superclass: Fatty acyl glycosides	Fatty acyl glycosides	Fatty acids	Fatty acyl glycosides	Fatty acyl glycosides of mono- and disaccharides	2	2346187.2	6.37036284620374	wilcoxon_rank_sum	0.0808555983700523	0.809328621258477	ns	0.349416062316553	0.4164736169512
A549_210626_untreated	Untreated	raw	superclass	Fatty acyl glycosides	NPC superclass: Fatty acyl glycosides	Fatty acyl glycosides	Fatty acids	Fatty acyl glycosides	Fatty acyl glycosides of mono- and disaccharides	2	6121197.5	6.78683646315494	wilcoxon_rank_sum	0.0808555983700523	0.809328621258477	ns	0.349416062316553	0.4164736169512
A549_110626_PET100	PET	raw	superclass	Fatty acyls	NPC superclass: Fatty acyls	Fatty acyls	Alkaloids | Fatty acids	Fatty acyls	Acetate-derived alkaloids | Fatty alcohols | Fatty aldehydes | Hydrocarbons | Sphingoid bases | Unsaturated fatty acids	98	5351462320.1	9.72847247196647	wilcoxon_rank_sum	1	1	ns	0.0122929144663217	0.0209616952685145
A549_110626_untreated	Untreated	raw	superclass	Fatty acyls	NPC superclass: Fatty acyls	Fatty acyls	Alkaloids | Fatty acids	Fatty acyls	Acetate-derived alkaloids | Fatty alcohols | Fatty aldehydes | Hydrocarbons | Sphingoid bases | Unsaturated fatty acids	98	6489979352.2	9.81224331516623	wilcoxon_rank_sum	1	1	ns	0.0122929144663217	0.0209616952685145
A549_180626_PET100	PET	raw	superclass	Fatty acyls	NPC superclass: Fatty acyls	Fatty acyls	Alkaloids | Fatty acids	Fatty acyls	Acetate-derived alkaloids | Fatty alcohols | Fatty aldehydes | Hydrocarbons | Sphingoid bases | Unsaturated fatty acids	98	5406799424.4	9.73294025896758	wilcoxon_rank_sum	1	1	ns	0.0122929144663217	0.0209616952685145
A549_180626_untreated	Untreated	raw	superclass	Fatty acyls	NPC superclass: Fatty acyls	Fatty acyls	Alkaloids | Fatty acids	Fatty acyls	Acetate-derived alkaloids | Fatty alcohols | Fatty aldehydes | Hydrocarbons | Sphingoid bases | Unsaturated fatty acids	98	5674164916.3	9.7539019542361	wilcoxon_rank_sum	1	1	ns	0.0122929144663217	0.0209616952685145
A549_210626_PET100	PET	raw	superclass	Fatty acyls	NPC superclass: Fatty acyls	Fatty acyls	Alkaloids | Fatty acids	Fatty acyls	Acetate-derived alkaloids | Fatty alcohols | Fatty aldehydes | Hydrocarbons | Sphingoid bases | Unsaturated fatty acids	98	5790939119.3	9.76274899925271	wilcoxon_rank_sum	1	1	ns	0.0122929144663217	0.0209616952685145
A549_210626_untreated	Untreated	raw	superclass	Fatty acyls	NPC superclass: Fatty acyls	Fatty acyls	Alkaloids | Fatty acids	Fatty acyls	Acetate-derived alkaloids | Fatty alcohols | Fatty aldehydes | Hydrocarbons | Sphingoid bases | Unsaturated fatty acids	98	4953306523.6	9.6948952041834	wilcoxon_rank_sum	1	1	ns	0.0122929144663217	0.0209616952685145
A549_110626_PET100	PET	raw	superclass	Fatty amides	NPC superclass: Fatty amides	Fatty amides	Fatty acids | Polyketides	Fatty amides	Ceramides | Fatty acyl carnitines | Fatty acyl homoserine lactones | N-acyl amines | N-acyl ethanolamines (endocannabinoids) | Nitro fatty acids | Open-chain polyketides | Primary amides | Sphingoid bases	321	7314980310.6	9.86421316155156	wilcoxon_rank_sum	0.662520583540057	0.923184419686965	ns	0.00456412519259963	0.00822919572364533
A549_110626_untreated	Untreated	raw	superclass	Fatty amides	NPC superclass: Fatty amides	Fatty amides	Fatty acids | Polyketides	Fatty amides	Ceramides | Fatty acyl carnitines | Fatty acyl homoserine lactones | N-acyl amines | N-acyl ethanolamines (endocannabinoids) | Nitro fatty acids | Open-chain polyketides | Primary amides | Sphingoid bases	321	7454909183.8	9.8724423572752	wilcoxon_rank_sum	0.662520583540057	0.923184419686965	ns	0.00456412519259963	0.00822919572364533
A549_180626_PET100	PET	raw	superclass	Fatty amides	NPC superclass: Fatty amides	Fatty amides	Fatty acids | Polyketides	Fatty amides	Ceramides | Fatty acyl carnitines | Fatty acyl homoserine lactones | N-acyl amines | N-acyl ethanolamines (endocannabinoids) | Nitro fatty acids | Open-chain polyketides | Primary amides | Sphingoid bases	321	7251364919.6	9.86041976128716	wilcoxon_rank_sum	0.662520583540057	0.923184419686965	ns	0.00456412519259963	0.00822919572364533
A549_180626_untreated	Untreated	raw	superclass	Fatty amides	NPC superclass: Fatty amides	Fatty amides	Fatty acids | Polyketides	Fatty amides	Ceramides | Fatty acyl carnitines | Fatty acyl homoserine lactones | N-acyl amines | N-acyl ethanolamines (endocannabinoids) | Nitro fatty acids | Open-chain polyketides | Primary amides | Sphingoid bases	321	7401890020.5	9.86934262798815	wilcoxon_rank_sum	0.662520583540057	0.923184419686965	ns	0.00456412519259963	0.00822919572364533
A549_210626_PET100	PET	raw	superclass	Fatty amides	NPC superclass: Fatty amides	Fatty amides	Fatty acids | Polyketides	Fatty amides	Ceramides | Fatty acyl carnitines | Fatty acyl homoserine lactones | N-acyl amines | N-acyl ethanolamines (endocannabinoids) | Nitro fatty acids | Open-chain polyketides | Primary amides | Sphingoid bases	321	7518020217	9.87610348931528	wilcoxon_rank_sum	0.662520583540057	0.923184419686965	ns	0.00456412519259963	0.00822919572364533
A549_210626_untreated	Untreated	raw	superclass	Fatty amides	NPC superclass: Fatty amides	Fatty amides	Fatty acids | Polyketides	Fatty amides	Ceramides | Fatty acyl carnitines | Fatty acyl homoserine lactones | N-acyl amines | N-acyl ethanolamines (endocannabinoids) | Nitro fatty acids | Open-chain polyketides | Primary amides | Sphingoid bases	321	7458367906	9.87264380246845	wilcoxon_rank_sum	0.662520583540057	0.923184419686965	ns	0.00456412519259963	0.00822919572364533
A549_110626_PET100	PET	raw	superclass	Fatty esters	NPC superclass: Fatty esters	Fatty esters	Fatty acids | Terpenoids	Fatty esters	Ceramides | Cholane steroids | Diacylglycerols | Fatty acid estolides | Fatty acyl carnitines | Lactones | N-acyl amines | Wax monoesters	87	1167547852.9	9.06727468988808	wilcoxon_rank_sum	0.190430263825524	0.809328621258477	ns	0.155391911252638	0.134022095326666
A549_110626_untreated	Untreated	raw	superclass	Fatty esters	NPC superclass: Fatty esters	Fatty esters	Fatty acids | Terpenoids	Fatty esters	Ceramides | Cholane steroids | Diacylglycerols | Fatty acid estolides | Fatty acyl carnitines | Lactones | N-acyl amines | Wax monoesters	87	1684217824	9.22639825941885	wilcoxon_rank_sum	0.190430263825524	0.809328621258477	ns	0.155391911252638	0.134022095326666
A549_180626_PET100	PET	raw	superclass	Fatty esters	NPC superclass: Fatty esters	Fatty esters	Fatty acids | Terpenoids	Fatty esters	Ceramides | Cholane steroids | Diacylglycerols | Fatty acid estolides | Fatty acyl carnitines | Lactones | N-acyl amines | Wax monoesters	87	775740275.4	8.88971634057939	wilcoxon_rank_sum	0.190430263825524	0.809328621258477	ns	0.155391911252638	0.134022095326666
A549_180626_untreated	Untreated	raw	superclass	Fatty esters	NPC superclass: Fatty esters	Fatty esters	Fatty acids | Terpenoids	Fatty esters	Ceramides | Cholane steroids | Diacylglycerols | Fatty acid estolides | Fatty acyl carnitines | Lactones | N-acyl amines | Wax monoesters	87	1589632688.9	9.20129678521475	wilcoxon_rank_sum	0.190430263825524	0.809328621258477	ns	0.155391911252638	0.134022095326666
A549_210626_PET100	PET	raw	superclass	Fatty esters	NPC superclass: Fatty esters	Fatty esters	Fatty acids | Terpenoids	Fatty esters	Ceramides | Cholane steroids | Diacylglycerols | Fatty acid estolides | Fatty acyl carnitines | Lactones | N-acyl amines | Wax monoesters	87	1344833751	9.12866860028523	wilcoxon_rank_sum	0.190430263825524	0.809328621258477	ns	0.155391911252638	0.134022095326666
A549_210626_untreated	Untreated	raw	superclass	Fatty esters	NPC superclass: Fatty esters	Fatty esters	Fatty acids | Terpenoids	Fatty esters	Ceramides | Cholane steroids | Diacylglycerols | Fatty acid estolides | Fatty acyl carnitines | Lactones | N-acyl amines | Wax monoesters	87	1330884354.2	9.12414031987701	wilcoxon_rank_sum	0.190430263825524	0.809328621258477	ns	0.155391911252638	0.134022095326666
A549_110626_PET100	PET	raw	superclass	Glycerolipids	NPC superclass: Glycerolipids	Glycerolipids	Fatty acids	Glycerolipids	Diacylglycerols | Fatty alcohols | Glycerophosphoserines | Monoacylglycerols | Triacylglycerols | Wax monoesters	91	710706758.9	8.85169044626177	wilcoxon_rank_sum	0.190430263825524	0.809328621258477	ns	0.0340332254616804	0.0486167467678165
A549_110626_untreated	Untreated	raw	superclass	Glycerolipids	NPC superclass: Glycerolipids	Glycerolipids	Fatty acids	Glycerolipids	Diacylglycerols | Fatty alcohols | Glycerophosphoserines | Monoacylglycerols | Triacylglycerols | Wax monoesters	91	738420837.1	8.86830394390105	wilcoxon_rank_sum	0.190430263825524	0.809328621258477	ns	0.0340332254616804	0.0486167467678165
A549_180626_PET100	PET	raw	superclass	Glycerolipids	NPC superclass: Glycerolipids	Glycerolipids	Fatty acids	Glycerolipids	Diacylglycerols | Fatty alcohols | Glycerophosphoserines | Monoacylglycerols | Triacylglycerols | Wax monoesters	91	688501887	8.83790513551067	wilcoxon_rank_sum	0.190430263825524	0.809328621258477	ns	0.0340332254616804	0.0486167467678165
A549_180626_untreated	Untreated	raw	superclass	Glycerolipids	NPC superclass: Glycerolipids	Glycerolipids	Fatty acids	Glycerolipids	Diacylglycerols | Fatty alcohols | Glycerophosphoserines | Monoacylglycerols | Triacylglycerols | Wax monoesters	91	816203921.3	8.91179867746145	wilcoxon_rank_sum	0.190430263825524	0.809328621258477	ns	0.0340332254616804	0.0486167467678165
A549_210626_PET100	PET	raw	superclass	Glycerolipids	NPC superclass: Glycerolipids	Glycerolipids	Fatty acids	Glycerolipids	Diacylglycerols | Fatty alcohols | Glycerophosphoserines | Monoacylglycerols | Triacylglycerols | Wax monoesters	91	773952942.4	8.8887145562346	wilcoxon_rank_sum	0.190430263825524	0.809328621258477	ns	0.0340332254616804	0.0486167467678165
A549_210626_untreated	Untreated	raw	superclass	Glycerolipids	NPC superclass: Glycerolipids	Glycerolipids	Fatty acids	Glycerolipids	Diacylglycerols | Fatty alcohols | Glycerophosphoserines | Monoacylglycerols | Triacylglycerols | Wax monoesters	91	794890291.1	8.90030719302959	wilcoxon_rank_sum	0.190430263825524	0.809328621258477	ns	0.0340332254616804	0.0486167467678165
A549_110626_PET100	PET	raw	superclass	Glycerophospholipids	NPC superclass: Glycerophospholipids	Glycerophospholipids	Fatty acids	Glycerophospholipids	Glycerophosphates | Glycerophosphocholines | Glycerophosphoethanolamines | Glycerophosphoinositols | Glycerophosphoserines	192	7514813072	9.87591818221178	wilcoxon_rank_sum	0.190430263825524	0.809328621258477	ns	0.0757665094651401	0.0496160418773961
A549_110626_untreated	Untreated	raw	superclass	Glycerophospholipids	NPC superclass: Glycerophospholipids	Glycerophospholipids	Fatty acids	Glycerophospholipids	Glycerophosphates | Glycerophosphocholines | Glycerophosphoethanolamines | Glycerophosphoinositols | Glycerophosphoserines	192	10911532587.6	10.0378857540738	wilcoxon_rank_sum	0.190430263825524	0.809328621258477	ns	0.0757665094651401	0.0496160418773961
A549_180626_PET100	PET	raw	superclass	Glycerophospholipids	NPC superclass: Glycerophospholipids	Glycerophospholipids	Fatty acids	Glycerophospholipids	Glycerophosphates | Glycerophosphocholines | Glycerophosphoethanolamines | Glycerophosphoinositols | Glycerophosphoserines	192	10276311793.8	10.0118372727748	wilcoxon_rank_sum	0.190430263825524	0.809328621258477	ns	0.0757665094651401	0.0496160418773961
A549_180626_untreated	Untreated	raw	superclass	Glycerophospholipids	NPC superclass: Glycerophospholipids	Glycerophospholipids	Fatty acids	Glycerophospholipids	Glycerophosphates | Glycerophosphocholines | Glycerophosphoethanolamines | Glycerophosphoinositols | Glycerophosphoserines	192	11658648448.5	10.0666482069457	wilcoxon_rank_sum	0.190430263825524	0.809328621258477	ns	0.0757665094651401	0.0496160418773961
A549_210626_PET100	PET	raw	superclass	Glycerophospholipids	NPC superclass: Glycerophospholipids	Glycerophospholipids	Fatty acids	Glycerophospholipids	Glycerophosphates | Glycerophosphocholines | Glycerophosphoethanolamines | Glycerophosphoinositols | Glycerophosphoserines	192	9733515216.5	9.98826971219642	wilcoxon_rank_sum	0.190430263825524	0.809328621258477	ns	0.0757665094651401	0.0496160418773961
A549_210626_untreated	Untreated	raw	superclass	Glycerophospholipids	NPC superclass: Glycerophospholipids	Glycerophospholipids	Fatty acids	Glycerophospholipids	Glycerophosphates | Glycerophosphocholines | Glycerophosphoethanolamines | Glycerophosphoinositols | Glycerophosphoserines	192	9972194362.7	9.99879073455895	wilcoxon_rank_sum	0.190430263825524	0.809328621258477	ns	0.0757665094651401	0.0496160418773961
A549_110626_PET100	PET	raw	superclass	Histidine alkaloids	NPC superclass: Histidine alkaloids	Histidine alkaloids	Alkaloids	Histidine alkaloids	Imidazole alkaloids	1	1013873.6	6.00598424306848	wilcoxon_rank_sum	NA	NA	ns	0	0
A549_110626_untreated	Untreated	raw	superclass	Histidine alkaloids	NPC superclass: Histidine alkaloids	Histidine alkaloids	Alkaloids	Histidine alkaloids	Imidazole alkaloids	1	1013873.6	6.00598424306848	wilcoxon_rank_sum	NA	NA	ns	0	0
A549_180626_PET100	PET	raw	superclass	Histidine alkaloids	NPC superclass: Histidine alkaloids	Histidine alkaloids	Alkaloids	Histidine alkaloids	Imidazole alkaloids	1	1013873.6	6.00598424306848	wilcoxon_rank_sum	NA	NA	ns	0	0
A549_180626_untreated	Untreated	raw	superclass	Histidine alkaloids	NPC superclass: Histidine alkaloids	Histidine alkaloids	Alkaloids	Histidine alkaloids	Imidazole alkaloids	1	1013873.6	6.00598424306848	wilcoxon_rank_sum	NA	NA	ns	0	0
A549_210626_PET100	PET	raw	superclass	Histidine alkaloids	NPC superclass: Histidine alkaloids	Histidine alkaloids	Alkaloids	Histidine alkaloids	Imidazole alkaloids	1	1013873.6	6.00598424306848	wilcoxon_rank_sum	NA	NA	ns	0	0
A549_210626_untreated	Untreated	raw	superclass	Histidine alkaloids	NPC superclass: Histidine alkaloids	Histidine alkaloids	Alkaloids	Histidine alkaloids	Imidazole alkaloids	1	1013873.6	6.00598424306848	wilcoxon_rank_sum	NA	NA	ns	0	0
A549_110626_PET100	PET	raw	superclass	Lignans	NPC superclass: Lignans	Lignans	Shikimates and Phenylpropanoids	Lignans	Neolignans	12	1435439372.2	9.15698485448441	wilcoxon_rank_sum	1	1	ns	0.0176084644713868	0.00561648635751411
A549_110626_untreated	Untreated	raw	superclass	Lignans	NPC superclass: Lignans	Lignans	Shikimates and Phenylpropanoids	Lignans	Neolignans	12	1416995163.2	9.1513683681269	wilcoxon_rank_sum	1	1	ns	0.0176084644713868	0.00561648635751411
A549_180626_PET100	PET	raw	superclass	Lignans	NPC superclass: Lignans	Lignans	Shikimates and Phenylpropanoids	Lignans	Neolignans	12	1446013184.4	9.16017225306941	wilcoxon_rank_sum	1	1	ns	0.0176084644713868	0.00561648635751411
A549_180626_untreated	Untreated	raw	superclass	Lignans	NPC superclass: Lignans	Lignans	Shikimates and Phenylpropanoids	Lignans	Neolignans	12	1673843360.5	9.22371481421931	wilcoxon_rank_sum	1	1	ns	0.0176084644713868	0.00561648635751411
A549_210626_PET100	PET	raw	superclass	Lignans	NPC superclass: Lignans	Lignans	Shikimates and Phenylpropanoids	Lignans	Neolignans	12	1240258856	9.09351233712527	wilcoxon_rank_sum	1	1	ns	0.0176084644713868	0.00561648635751411
A549_210626_untreated	Untreated	raw	superclass	Lignans	NPC superclass: Lignans	Lignans	Shikimates and Phenylpropanoids	Lignans	Neolignans	12	961082940.5	8.98276086891872	wilcoxon_rank_sum	1	1	ns	0.0176084644713868	0.00561648635751411
A549_110626_PET100	PET	raw	superclass	Linear polyketides	NPC superclass: Linear polyketides	Linear polyketides	Polyketides	Linear polyketides	Acetogenins | Ansa macrolides | Open-chain polyketides	21	303320088.7	8.48190117574723	wilcoxon_rank_sum	0.662520583540057	0.923184419686965	ns	0.0336218044057794	0.0609719937989492
A549_110626_untreated	Untreated	raw	superclass	Linear polyketides	NPC superclass: Linear polyketides	Linear polyketides	Polyketides	Linear polyketides	Acetogenins | Ansa macrolides | Open-chain polyketides	21	341655790.6	8.53358878709179	wilcoxon_rank_sum	0.662520583540057	0.923184419686965	ns	0.0336218044057794	0.0609719937989492
A549_180626_PET100	PET	raw	superclass	Linear polyketides	NPC superclass: Linear polyketides	Linear polyketides	Polyketides	Linear polyketides	Acetogenins | Ansa macrolides | Open-chain polyketides	21	272486161	8.43534445186169	wilcoxon_rank_sum	0.662520583540057	0.923184419686965	ns	0.0336218044057794	0.0609719937989492
A549_180626_untreated	Untreated	raw	superclass	Linear polyketides	NPC superclass: Linear polyketides	Linear polyketides	Polyketides	Linear polyketides	Acetogenins | Ansa macrolides | Open-chain polyketides	21	347651782.8	8.54114446209071	wilcoxon_rank_sum	0.662520583540057	0.923184419686965	ns	0.0336218044057794	0.0609719937989492
A549_210626_PET100	PET	raw	superclass	Linear polyketides	NPC superclass: Linear polyketides	Linear polyketides	Polyketides	Linear polyketides	Acetogenins | Ansa macrolides | Open-chain polyketides	21	296904508.1	8.47261679329284	wilcoxon_rank_sum	0.662520583540057	0.923184419686965	ns	0.0336218044057794	0.0609719937989492
A549_210626_untreated	Untreated	raw	superclass	Linear polyketides	NPC superclass: Linear polyketides	Linear polyketides	Polyketides	Linear polyketides	Acetogenins | Ansa macrolides | Open-chain polyketides	21	260612104.5	8.41599458493661	wilcoxon_rank_sum	0.662520583540057	0.923184419686965	ns	0.0336218044057794	0.0609719937989492
A549_110626_PET100	PET	raw	superclass	Macrolides	NPC superclass: Macrolides	Macrolides	Amino acids and Peptides x Polyketides | Polyketides	Macrolides	3-Spirotetramic acids | Ansa macrolides | Erythromycins | Lactam bearing macrolide lactones | Macrolide lactones | Open-chain polyketides | Polyene macrolides | Spirotetronate macrolides	57	1936325871.1	9.28697844829536	wilcoxon_rank_sum	0.0808555983700523	0.809328621258477	ns	0.197135263402767	0.104895345094798
A549_110626_untreated	Untreated	raw	superclass	Macrolides	NPC superclass: Macrolides	Macrolides	Amino acids and Peptides x Polyketides | Polyketides	Macrolides	3-Spirotetramic acids | Ansa macrolides | Erythromycins | Lactam bearing macrolide lactones | Macrolide lactones | Open-chain polyketides | Polyene macrolides | Spirotetronate macrolides	57	2233140892.2	9.34891612441895	wilcoxon_rank_sum	0.0808555983700523	0.809328621258477	ns	0.197135263402767	0.104895345094798
A549_180626_PET100	PET	raw	superclass	Macrolides	NPC superclass: Macrolides	Macrolides	Amino acids and Peptides x Polyketides | Polyketides	Macrolides	3-Spirotetramic acids | Ansa macrolides | Erythromycins | Lactam bearing macrolide lactones | Macrolide lactones | Open-chain polyketides | Polyene macrolides | Spirotetronate macrolides	57	1753964419.3	9.24402077932415	wilcoxon_rank_sum	0.0808555983700523	0.809328621258477	ns	0.197135263402767	0.104895345094798
A549_180626_untreated	Untreated	raw	superclass	Macrolides	NPC superclass: Macrolides	Macrolides	Amino acids and Peptides x Polyketides | Polyketides	Macrolides	3-Spirotetramic acids | Ansa macrolides | Erythromycins | Lactam bearing macrolide lactones | Macrolide lactones | Open-chain polyketides | Polyene macrolides | Spirotetronate macrolides	57	2905389591.5	9.46320437649513	wilcoxon_rank_sum	0.0808555983700523	0.809328621258477	ns	0.197135263402767	0.104895345094798
A549_210626_PET100	PET	raw	superclass	Macrolides	NPC superclass: Macrolides	Macrolides	Amino acids and Peptides x Polyketides | Polyketides	Macrolides	3-Spirotetramic acids | Ansa macrolides | Erythromycins | Lactam bearing macrolide lactones | Macrolide lactones | Open-chain polyketides | Polyene macrolides | Spirotetronate macrolides	57	1035128674	9.01499433952141	wilcoxon_rank_sum	0.0808555983700523	0.809328621258477	ns	0.197135263402767	0.104895345094798
A549_210626_untreated	Untreated	raw	superclass	Macrolides	NPC superclass: Macrolides	Macrolides	Amino acids and Peptides x Polyketides | Polyketides	Macrolides	3-Spirotetramic acids | Ansa macrolides | Erythromycins | Lactam bearing macrolide lactones | Macrolide lactones | Open-chain polyketides | Polyene macrolides | Spirotetronate macrolides	57	2114846526.2	9.32527885643515	wilcoxon_rank_sum	0.0808555983700523	0.809328621258477	ns	0.197135263402767	0.104895345094798
A549_110626_PET100	PET	raw	superclass	Monoterpenoids	NPC superclass: Monoterpenoids	Monoterpenoids	Terpenoids	Monoterpenoids	Menthane monoterpenoids	2	24751565.5	7.39360269016967	wilcoxon_rank_sum	0.662520583540057	0.923184419686965	ns	0.0157037125562596	0.0349741738980844
A549_110626_untreated	Untreated	raw	superclass	Monoterpenoids	NPC superclass: Monoterpenoids	Monoterpenoids	Terpenoids	Monoterpenoids	Menthane monoterpenoids	2	24870288	7.3956808319276	wilcoxon_rank_sum	0.662520583540057	0.923184419686965	ns	0.0157037125562596	0.0349741738980844
A549_180626_PET100	PET	raw	superclass	Monoterpenoids	NPC superclass: Monoterpenoids	Monoterpenoids	Terpenoids	Monoterpenoids	Menthane monoterpenoids	2	21462544.5	7.33168122886218	wilcoxon_rank_sum	0.662520583540057	0.923184419686965	ns	0.0157037125562596	0.0349741738980844
A549_180626_untreated	Untreated	raw	superclass	Monoterpenoids	NPC superclass: Monoterpenoids	Monoterpenoids	Terpenoids	Monoterpenoids	Menthane monoterpenoids	2	29891242	7.47554397515359	wilcoxon_rank_sum	0.662520583540057	0.923184419686965	ns	0.0157037125562596	0.0349741738980844
A549_210626_PET100	PET	raw	superclass	Monoterpenoids	NPC superclass: Monoterpenoids	Monoterpenoids	Terpenoids	Monoterpenoids	Menthane monoterpenoids	2	22945981.5	7.36070665802951	wilcoxon_rank_sum	0.662520583540057	0.923184419686965	ns	0.0157037125562596	0.0349741738980844
A549_210626_untreated	Untreated	raw	superclass	Monoterpenoids	NPC superclass: Monoterpenoids	Monoterpenoids	Terpenoids	Monoterpenoids	Menthane monoterpenoids	2	18275820.5	7.26187690764896	wilcoxon_rank_sum	0.662520583540057	0.923184419686965	ns	0.0157037125562596	0.0349741738980844
A549_110626_PET100	PET	raw	superclass	Nicotinic acid alkaloids	NPC superclass: Nicotinic acid alkaloids	Nicotinic acid alkaloids	Alkaloids | Amino acids and Peptides x Shikimates and Phenylpropanoids	Nicotinic acid alkaloids	Aminoacids | Pyridine alkaloids	2	2027747.2	6.30701402455677	wilcoxon_rank_sum	1	1	ns	0.00167382853018605	0.052980135920536
A549_110626_untreated	Untreated	raw	superclass	Nicotinic acid alkaloids	NPC superclass: Nicotinic acid alkaloids	Nicotinic acid alkaloids	Alkaloids | Amino acids and Peptides x Shikimates and Phenylpropanoids	Nicotinic acid alkaloids	Aminoacids | Pyridine alkaloids	2	2605902.2	6.41595827918675	wilcoxon_rank_sum	1	1	ns	0.00167382853018605	0.052980135920536
A549_180626_PET100	PET	raw	superclass	Nicotinic acid alkaloids	NPC superclass: Nicotinic acid alkaloids	Nicotinic acid alkaloids	Alkaloids | Amino acids and Peptides x Shikimates and Phenylpropanoids	Nicotinic acid alkaloids	Aminoacids | Pyridine alkaloids	2	3799700.1	6.57974943458359	wilcoxon_rank_sum	1	1	ns	0.00167382853018605	0.052980135920536
A549_180626_untreated	Untreated	raw	superclass	Nicotinic acid alkaloids	NPC superclass: Nicotinic acid alkaloids	Nicotinic acid alkaloids	Alkaloids | Amino acids and Peptides x Shikimates and Phenylpropanoids	Nicotinic acid alkaloids	Aminoacids | Pyridine alkaloids	2	2027747.2	6.30701402455677	wilcoxon_rank_sum	1	1	ns	0.00167382853018605	0.052980135920536
A549_210626_PET100	PET	raw	superclass	Nicotinic acid alkaloids	NPC superclass: Nicotinic acid alkaloids	Nicotinic acid alkaloids	Alkaloids | Amino acids and Peptides x Shikimates and Phenylpropanoids	Nicotinic acid alkaloids	Aminoacids | Pyridine alkaloids	2	2306630.1	6.36297814326622	wilcoxon_rank_sum	1	1	ns	0.00167382853018605	0.052980135920536
A549_210626_untreated	Untreated	raw	superclass	Nicotinic acid alkaloids	NPC superclass: Nicotinic acid alkaloids	Nicotinic acid alkaloids	Alkaloids | Amino acids and Peptides x Shikimates and Phenylpropanoids	Nicotinic acid alkaloids	Aminoacids | Pyridine alkaloids	2	3324663.4	6.5217478130725	wilcoxon_rank_sum	1	1	ns	0.00167382853018605	0.052980135920536
A549_110626_PET100	PET	raw	superclass	Nucleosides	NPC superclass: Nucleosides	Nucleosides	Amino acids and Peptides | Carbohydrates	Nucleosides	Purine nucleosides | Pyrimidine nucleosides	3	13120994.6	7.1179667898553	wilcoxon_rank_sum	0.662520583540057	0.923184419686965	ns	0.0541839786842973	0.0801964425935289
A549_110626_untreated	Untreated	raw	superclass	Nucleosides	NPC superclass: Nucleosides	Nucleosides	Amino acids and Peptides | Carbohydrates	Nucleosides	Purine nucleosides | Pyrimidine nucleosides	3	11138774.1	7.04683743531174	wilcoxon_rank_sum	0.662520583540057	0.923184419686965	ns	0.0541839786842973	0.0801964425935289
A549_180626_PET100	PET	raw	superclass	Nucleosides	NPC superclass: Nucleosides	Nucleosides	Amino acids and Peptides | Carbohydrates	Nucleosides	Purine nucleosides | Pyrimidine nucleosides	3	23650524.1	7.37384078758972	wilcoxon_rank_sum	0.662520583540057	0.923184419686965	ns	0.0541839786842973	0.0801964425935289
A549_180626_untreated	Untreated	raw	superclass	Nucleosides	NPC superclass: Nucleosides	Nucleosides	Amino acids and Peptides | Carbohydrates	Nucleosides	Purine nucleosides | Pyrimidine nucleosides	3	23047012.1	7.36261464867392	wilcoxon_rank_sum	0.662520583540057	0.923184419686965	ns	0.0541839786842973	0.0801964425935289
A549_210626_PET100	PET	raw	superclass	Nucleosides	NPC superclass: Nucleosides	Nucleosides	Amino acids and Peptides | Carbohydrates	Nucleosides	Purine nucleosides | Pyrimidine nucleosides	3	21691909.6	7.33629780588666	wilcoxon_rank_sum	0.662520583540057	0.923184419686965	ns	0.0541839786842973	0.0801964425935289
A549_210626_untreated	Untreated	raw	superclass	Nucleosides	NPC superclass: Nucleosides	Nucleosides	Amino acids and Peptides | Carbohydrates	Nucleosides	Purine nucleosides | Pyrimidine nucleosides	3	18034385.1	7.25610136329313	wilcoxon_rank_sum	0.662520583540057	0.923184419686965	ns	0.0541839786842973	0.0801964425935289
A549_110626_PET100	PET	raw	superclass	Octadecanoids	NPC superclass: Octadecanoids	Octadecanoids	Fatty acids | Terpenoids	Octadecanoids	Jasmonic acids | Other Octadecanoids | Phytane diterpenoids	14	571847230.5	8.75728002288747	wilcoxon_rank_sum	1	1	ns	0.0860108040632603	0.0311049866534745
A549_110626_untreated	Untreated	raw	superclass	Octadecanoids	NPC superclass: Octadecanoids	Octadecanoids	Fatty acids | Terpenoids	Octadecanoids	Jasmonic acids | Other Octadecanoids | Phytane diterpenoids	14	643534983	8.80857216110082	wilcoxon_rank_sum	1	1	ns	0.0860108040632603	0.0311049866534745
A549_180626_PET100	PET	raw	superclass	Octadecanoids	NPC superclass: Octadecanoids	Octadecanoids	Fatty acids | Terpenoids	Octadecanoids	Jasmonic acids | Other Octadecanoids | Phytane diterpenoids	14	599055657.1	8.77746717444734	wilcoxon_rank_sum	1	1	ns	0.0860108040632603	0.0311049866534745
A549_180626_untreated	Untreated	raw	superclass	Octadecanoids	NPC superclass: Octadecanoids	Octadecanoids	Fatty acids | Terpenoids	Octadecanoids	Jasmonic acids | Other Octadecanoids | Phytane diterpenoids	14	330388640.9	8.51902510873024	wilcoxon_rank_sum	1	1	ns	0.0860108040632603	0.0311049866534745
A549_210626_PET100	PET	raw	superclass	Octadecanoids	NPC superclass: Octadecanoids	Octadecanoids	Fatty acids | Terpenoids	Octadecanoids	Jasmonic acids | Other Octadecanoids | Phytane diterpenoids	14	779652133.5	8.89190087222167	wilcoxon_rank_sum	1	1	ns	0.0860108040632603	0.0311049866534745
A549_210626_untreated	Untreated	raw	superclass	Octadecanoids	NPC superclass: Octadecanoids	Octadecanoids	Fatty acids | Terpenoids	Octadecanoids	Jasmonic acids | Other Octadecanoids | Phytane diterpenoids	14	693455164.5	8.84101838753564	wilcoxon_rank_sum	1	1	ns	0.0860108040632603	0.0311049866534745
A549_110626_PET100	PET	raw	superclass	Oligopeptides	NPC superclass: Oligopeptides	Oligopeptides	Amino acids and Peptides | Amino acids and Peptides x Polyketides | Polyketides	Oligopeptides	Cyclamides | Cyclic peptides | Depsipeptides | Linear peptides | Lipopeptides | Microcolins and mirabimids | Microginins | Open-chain polyketides | Tripeptides	125	1414116922.4	9.15048531970705	wilcoxon_rank_sum	0.190430263825524	0.809328621258477	ns	0.0769711774888897	0.0789414312942824
A549_110626_untreated	Untreated	raw	superclass	Oligopeptides	NPC superclass: Oligopeptides	Oligopeptides	Amino acids and Peptides | Amino acids and Peptides x Polyketides | Polyketides	Oligopeptides	Cyclamides | Cyclic peptides | Depsipeptides | Linear peptides | Lipopeptides | Microcolins and mirabimids | Microginins | Open-chain polyketides | Tripeptides	125	1696003525.7	9.22942675100133	wilcoxon_rank_sum	0.190430263825524	0.809328621258477	ns	0.0769711774888897	0.0789414312942824
A549_180626_PET100	PET	raw	superclass	Oligopeptides	NPC superclass: Oligopeptides	Oligopeptides	Amino acids and Peptides | Amino acids and Peptides x Polyketides | Polyketides	Oligopeptides	Cyclamides | Cyclic peptides | Depsipeptides | Linear peptides | Lipopeptides | Microcolins and mirabimids | Microginins | Open-chain polyketides | Tripeptides	125	1412034951.7	9.14984544712433	wilcoxon_rank_sum	0.190430263825524	0.809328621258477	ns	0.0769711774888897	0.0789414312942824
A549_180626_untreated	Untreated	raw	superclass	Oligopeptides	NPC superclass: Oligopeptides	Oligopeptides	Amino acids and Peptides | Amino acids and Peptides x Polyketides | Polyketides	Oligopeptides	Cyclamides | Cyclic peptides | Depsipeptides | Linear peptides | Lipopeptides | Microcolins and mirabimids | Microginins | Open-chain polyketides | Tripeptides	125	2054928277.2	9.31279666858409	wilcoxon_rank_sum	0.190430263825524	0.809328621258477	ns	0.0769711774888897	0.0789414312942824
A549_210626_PET100	PET	raw	superclass	Oligopeptides	NPC superclass: Oligopeptides	Oligopeptides	Amino acids and Peptides | Amino acids and Peptides x Polyketides | Polyketides	Oligopeptides	Cyclamides | Cyclic peptides | Depsipeptides | Linear peptides | Lipopeptides | Microcolins and mirabimids | Microginins | Open-chain polyketides | Tripeptides	125	1493027559.1	9.17406782452936	wilcoxon_rank_sum	0.190430263825524	0.809328621258477	ns	0.0769711774888897	0.0789414312942824
A549_210626_untreated	Untreated	raw	superclass	Oligopeptides	NPC superclass: Oligopeptides	Oligopeptides	Amino acids and Peptides | Amino acids and Peptides x Polyketides | Polyketides	Oligopeptides	Cyclamides | Cyclic peptides | Depsipeptides | Linear peptides | Lipopeptides | Microcolins and mirabimids | Microginins | Open-chain polyketides | Tripeptides	125	1455756386.1	9.16308870424199	wilcoxon_rank_sum	0.190430263825524	0.809328621258477	ns	0.0769711774888897	0.0789414312942824
A549_110626_PET100	PET	raw	superclass	Ornithine alkaloids	NPC superclass: Ornithine alkaloids	Ornithine alkaloids	Alkaloids	Ornithine alkaloids	Tropane alkaloids	1	4820369	6.6830803749175	wilcoxon_rank_sum	1	1	ns	0.0521433912135834	0.0606125301738043
A549_110626_untreated	Untreated	raw	superclass	Ornithine alkaloids	NPC superclass: Ornithine alkaloids	Ornithine alkaloids	Alkaloids	Ornithine alkaloids	Tropane alkaloids	1	4147258.8	6.61776124206098	wilcoxon_rank_sum	1	1	ns	0.0521433912135834	0.0606125301738043
A549_180626_PET100	PET	raw	superclass	Ornithine alkaloids	NPC superclass: Ornithine alkaloids	Ornithine alkaloids	Alkaloids	Ornithine alkaloids	Tropane alkaloids	1	4768411	6.67837377223478	wilcoxon_rank_sum	1	1	ns	0.0521433912135834	0.0606125301738043
A549_180626_untreated	Untreated	raw	superclass	Ornithine alkaloids	NPC superclass: Ornithine alkaloids	Ornithine alkaloids	Alkaloids	Ornithine alkaloids	Tropane alkaloids	1	3724805.8	6.57110375148166	wilcoxon_rank_sum	1	1	ns	0.0521433912135834	0.0606125301738043
A549_210626_PET100	PET	raw	superclass	Ornithine alkaloids	NPC superclass: Ornithine alkaloids	Ornithine alkaloids	Alkaloids	Ornithine alkaloids	Tropane alkaloids	1	2718596.2	6.43434486526452	wilcoxon_rank_sum	1	1	ns	0.0521433912135834	0.0606125301738043
A549_210626_untreated	Untreated	raw	superclass	Ornithine alkaloids	NPC superclass: Ornithine alkaloids	Ornithine alkaloids	Alkaloids	Ornithine alkaloids	Tropane alkaloids	1	5799147	6.76336419251492	wilcoxon_rank_sum	1	1	ns	0.0521433912135834	0.0606125301738043
A549_110626_PET100	PET	raw	superclass	Phenylpropanoids (C6-C3)	NPC superclass: Phenylpropanoids (C6-C3)	Phenylpropanoids (C6-C3)	Shikimates and Phenylpropanoids	Phenylpropanoids (C6-C3)	Cinnamic acids and derivatives	1	45553850	7.65852509694798	wilcoxon_rank_sum	1	1	ns	0.0328159653890863	0.0195949908751656
A549_110626_untreated	Untreated	raw	superclass	Phenylpropanoids (C6-C3)	NPC superclass: Phenylpropanoids (C6-C3)	Phenylpropanoids (C6-C3)	Shikimates and Phenylpropanoids	Phenylpropanoids (C6-C3)	Cinnamic acids and derivatives	1	42906508	7.63252318049136	wilcoxon_rank_sum	1	1	ns	0.0328159653890863	0.0195949908751656
A549_180626_PET100	PET	raw	superclass	Phenylpropanoids (C6-C3)	NPC superclass: Phenylpropanoids (C6-C3)	Phenylpropanoids (C6-C3)	Shikimates and Phenylpropanoids	Phenylpropanoids (C6-C3)	Cinnamic acids and derivatives	1	44886750	7.65211817136652	wilcoxon_rank_sum	1	1	ns	0.0328159653890863	0.0195949908751656
A549_180626_untreated	Untreated	raw	superclass	Phenylpropanoids (C6-C3)	NPC superclass: Phenylpropanoids (C6-C3)	Phenylpropanoids (C6-C3)	Shikimates and Phenylpropanoids	Phenylpropanoids (C6-C3)	Cinnamic acids and derivatives	1	50735460	7.70531161087883	wilcoxon_rank_sum	1	1	ns	0.0328159653890863	0.0195949908751656
A549_210626_PET100	PET	raw	superclass	Phenylpropanoids (C6-C3)	NPC superclass: Phenylpropanoids (C6-C3)	Phenylpropanoids (C6-C3)	Shikimates and Phenylpropanoids	Phenylpropanoids (C6-C3)	Cinnamic acids and derivatives	1	40696270	7.60955461663757	wilcoxon_rank_sum	1	1	ns	0.0328159653890863	0.0195949908751656
A549_210626_untreated	Untreated	raw	superclass	Phenylpropanoids (C6-C3)	NPC superclass: Phenylpropanoids (C6-C3)	Phenylpropanoids (C6-C3)	Shikimates and Phenylpropanoids	Phenylpropanoids (C6-C3)	Cinnamic acids and derivatives	1	30472998	7.48391519741463	wilcoxon_rank_sum	1	1	ns	0.0328159653890863	0.0195949908751656
A549_110626_PET100	PET	raw	superclass	Pseudoalkaloids (transamidation)	NPC superclass: Pseudoalkaloids (transamidation)	Pseudoalkaloids (transamidation)	Alkaloids x Terpenoids | Fatty acids | Polyketides	Pseudoalkaloids (transamidation)	Open-chain polyketides | Sphingoid bases | Steroidal alkaloids	21	114598485.3	8.05917888119246	wilcoxon_rank_sum	1	1	ns	0.00866645151038803	0.00632763921147728
A549_110626_untreated	Untreated	raw	superclass	Pseudoalkaloids (transamidation)	NPC superclass: Pseudoalkaloids (transamidation)	Pseudoalkaloids (transamidation)	Alkaloids x Terpenoids | Fatty acids | Polyketides	Pseudoalkaloids (transamidation)	Open-chain polyketides | Sphingoid bases | Steroidal alkaloids	21	127958152	8.1070679626742	wilcoxon_rank_sum	1	1	ns	0.00866645151038803	0.00632763921147728
A549_180626_PET100	PET	raw	superclass	Pseudoalkaloids (transamidation)	NPC superclass: Pseudoalkaloids (transamidation)	Pseudoalkaloids (transamidation)	Alkaloids x Terpenoids | Fatty acids | Polyketides	Pseudoalkaloids (transamidation)	Open-chain polyketides | Sphingoid bases | Steroidal alkaloids	21	129836140.9	8.11339560188568	wilcoxon_rank_sum	1	1	ns	0.00866645151038803	0.00632763921147728
A549_180626_untreated	Untreated	raw	superclass	Pseudoalkaloids (transamidation)	NPC superclass: Pseudoalkaloids (transamidation)	Pseudoalkaloids (transamidation)	Alkaloids x Terpenoids | Fatty acids | Polyketides	Pseudoalkaloids (transamidation)	Open-chain polyketides | Sphingoid bases | Steroidal alkaloids	21	140670685.8	8.14820360783046	wilcoxon_rank_sum	1	1	ns	0.00866645151038803	0.00632763921147728
A549_210626_PET100	PET	raw	superclass	Pseudoalkaloids (transamidation)	NPC superclass: Pseudoalkaloids (transamidation)	Pseudoalkaloids (transamidation)	Alkaloids x Terpenoids | Fatty acids | Polyketides	Pseudoalkaloids (transamidation)	Open-chain polyketides | Sphingoid bases | Steroidal alkaloids	21	134077339.6	8.12735538721849	wilcoxon_rank_sum	1	1	ns	0.00866645151038803	0.00632763921147728
A549_210626_untreated	Untreated	raw	superclass	Pseudoalkaloids (transamidation)	NPC superclass: Pseudoalkaloids (transamidation)	Pseudoalkaloids (transamidation)	Alkaloids x Terpenoids | Fatty acids | Polyketides	Pseudoalkaloids (transamidation)	Open-chain polyketides | Sphingoid bases | Steroidal alkaloids	21	117667804.6	8.07065765432313	wilcoxon_rank_sum	1	1	ns	0.00866645151038803	0.00632763921147728
A549_110626_PET100	PET	raw	superclass	Saccharides	NPC superclass: Saccharides	Saccharides	Carbohydrates	Saccharides	Monosaccharides	1	2531566.5	6.40338951161095	wilcoxon_rank_sum	1	1	ns	0.0382521040151822	0.0682350054246985
A549_110626_untreated	Untreated	raw	superclass	Saccharides	NPC superclass: Saccharides	Saccharides	Carbohydrates	Saccharides	Monosaccharides	1	1892116.2	6.27694803361803	wilcoxon_rank_sum	1	1	ns	0.0382521040151822	0.0682350054246985
A549_180626_PET100	PET	raw	superclass	Saccharides	NPC superclass: Saccharides	Saccharides	Carbohydrates	Saccharides	Monosaccharides	1	8625059	6.93576212491381	wilcoxon_rank_sum	1	1	ns	0.0382521040151822	0.0682350054246985
A549_180626_untreated	Untreated	raw	superclass	Saccharides	NPC superclass: Saccharides	Saccharides	Carbohydrates	Saccharides	Monosaccharides	1	6673210.5	6.82433488954841	wilcoxon_rank_sum	1	1	ns	0.0382521040151822	0.0682350054246985
A549_210626_PET100	PET	raw	superclass	Saccharides	NPC superclass: Saccharides	Saccharides	Carbohydrates	Saccharides	Monosaccharides	1	7808540	6.8925698949731	wilcoxon_rank_sum	1	1	ns	0.0382521040151822	0.0682350054246985
A549_210626_untreated	Untreated	raw	superclass	Saccharides	NPC superclass: Saccharides	Saccharides	Carbohydrates	Saccharides	Monosaccharides	1	10367696	7.01568229628588	wilcoxon_rank_sum	1	1	ns	0.0382521040151822	0.0682350054246985
A549_110626_PET100	PET	raw	superclass	Sesquiterpenoids	NPC superclass: Sesquiterpenoids	Sesquiterpenoids	Terpenoids	Sesquiterpenoids	Bisabolane sesquiterpenoids | Caryophyllane sesquiterpenoids | Humulane sesquiterpenoids	4	34254678.5	7.53471990844765	wilcoxon_rank_sum	0.662520583540057	0.923184419686965	ns	0.021750885079161	0.0373044036372194
A549_110626_untreated	Untreated	raw	superclass	Sesquiterpenoids	NPC superclass: Sesquiterpenoids	Sesquiterpenoids	Terpenoids	Sesquiterpenoids	Bisabolane sesquiterpenoids | Caryophyllane sesquiterpenoids | Humulane sesquiterpenoids	4	37204924.5	7.57060043923317	wilcoxon_rank_sum	0.662520583540057	0.923184419686965	ns	0.021750885079161	0.0373044036372194
A549_180626_PET100	PET	raw	superclass	Sesquiterpenoids	NPC superclass: Sesquiterpenoids	Sesquiterpenoids	Terpenoids	Sesquiterpenoids	Bisabolane sesquiterpenoids | Caryophyllane sesquiterpenoids | Humulane sesquiterpenoids	4	36169614	7.55834388602827	wilcoxon_rank_sum	0.662520583540057	0.923184419686965	ns	0.021750885079161	0.0373044036372194
A549_180626_untreated	Untreated	raw	superclass	Sesquiterpenoids	NPC superclass: Sesquiterpenoids	Sesquiterpenoids	Terpenoids	Sesquiterpenoids	Bisabolane sesquiterpenoids | Caryophyllane sesquiterpenoids | Humulane sesquiterpenoids	4	32966419.3	7.51807179129358	wilcoxon_rank_sum	0.662520583540057	0.923184419686965	ns	0.021750885079161	0.0373044036372194
A549_210626_PET100	PET	raw	superclass	Sesquiterpenoids	NPC superclass: Sesquiterpenoids	Sesquiterpenoids	Terpenoids	Sesquiterpenoids	Bisabolane sesquiterpenoids | Caryophyllane sesquiterpenoids | Humulane sesquiterpenoids	4	35923296.5	7.5553761949308	wilcoxon_rank_sum	0.662520583540057	0.923184419686965	ns	0.021750885079161	0.0373044036372194
A549_210626_untreated	Untreated	raw	superclass	Sesquiterpenoids	NPC superclass: Sesquiterpenoids	Sesquiterpenoids	Terpenoids	Sesquiterpenoids	Bisabolane sesquiterpenoids | Caryophyllane sesquiterpenoids | Humulane sesquiterpenoids	4	31225909	7.49451510364248	wilcoxon_rank_sum	0.662520583540057	0.923184419686965	ns	0.021750885079161	0.0373044036372194
A549_110626_PET100	PET	raw	superclass	Small peptides	NPC superclass: Small peptides	Small peptides	Amino acids and Peptides | Amino acids and Peptides x Shikimates and Phenylpropanoids	Small peptides	Aminoacids | Dipeptides | Tripeptides	18	119814177.1	8.07850821293026	wilcoxon_rank_sum	0.382733088885226	0.923184419686965	ns	0.0614730563453367	0.038765206732954
A549_110626_untreated	Untreated	raw	superclass	Small peptides	NPC superclass: Small peptides	Small peptides	Amino acids and Peptides | Amino acids and Peptides x Shikimates and Phenylpropanoids	Small peptides	Aminoacids | Dipeptides | Tripeptides	18	112910261.5	8.05273341707614	wilcoxon_rank_sum	0.382733088885226	0.923184419686965	ns	0.0614730563453367	0.038765206732954
A549_180626_PET100	PET	raw	superclass	Small peptides	NPC superclass: Small peptides	Small peptides	Amino acids and Peptides | Amino acids and Peptides x Shikimates and Phenylpropanoids	Small peptides	Aminoacids | Dipeptides | Tripeptides	18	95712017.3	7.98096647438771	wilcoxon_rank_sum	0.382733088885226	0.923184419686965	ns	0.0614730563453367	0.038765206732954
A549_180626_untreated	Untreated	raw	superclass	Small peptides	NPC superclass: Small peptides	Small peptides	Amino acids and Peptides | Amino acids and Peptides x Shikimates and Phenylpropanoids	Small peptides	Aminoacids | Dipeptides | Tripeptides	18	85186919.8	7.93037292034859	wilcoxon_rank_sum	0.382733088885226	0.923184419686965	ns	0.0614730563453367	0.038765206732954
A549_210626_PET100	PET	raw	superclass	Small peptides	NPC superclass: Small peptides	Small peptides	Amino acids and Peptides | Amino acids and Peptides x Shikimates and Phenylpropanoids	Small peptides	Aminoacids | Dipeptides | Tripeptides	18	140538017.3	8.14779382534007	wilcoxon_rank_sum	0.382733088885226	0.923184419686965	ns	0.0614730563453367	0.038765206732954
A549_210626_untreated	Untreated	raw	superclass	Small peptides	NPC superclass: Small peptides	Small peptides	Amino acids and Peptides | Amino acids and Peptides x Shikimates and Phenylpropanoids	Small peptides	Aminoacids | Dipeptides | Tripeptides	18	109582953.7	8.0397430061973	wilcoxon_rank_sum	0.382733088885226	0.923184419686965	ns	0.0614730563453367	0.038765206732954
A549_110626_PET100	PET	raw	superclass	Spingolipids	NPC superclass: Spingolipids	Spingolipids	Fatty acids | Polyketides	Spingolipids	Ceramides | Fatty acyl carnitines | Glycerophosphoethanolamines | N-acyl amines | N-acyl ethanolamines (endocannabinoids) | Neutral glycosphingolipids | Open-chain polyketides | Phosphosphingolipids | Sphingoid bases	215	2183030873.2	9.33905987789873	wilcoxon_rank_sum	0.190430263825524	0.809328621258477	ns	0.0811219194427562	0.12645884660583
A549_110626_untreated	Untreated	raw	superclass	Spingolipids	NPC superclass: Spingolipids	Spingolipids	Fatty acids | Polyketides	Spingolipids	Ceramides | Fatty acyl carnitines | Glycerophosphoethanolamines | N-acyl amines | N-acyl ethanolamines (endocannabinoids) | Neutral glycosphingolipids | Open-chain polyketides | Phosphosphingolipids | Sphingoid bases	215	2920913691	9.46551872450456	wilcoxon_rank_sum	0.190430263825524	0.809328621258477	ns	0.0811219194427562	0.12645884660583
A549_180626_PET100	PET	raw	superclass	Spingolipids	NPC superclass: Spingolipids	Spingolipids	Fatty acids | Polyketides	Spingolipids	Ceramides | Fatty acyl carnitines | Glycerophosphoethanolamines | N-acyl amines | N-acyl ethanolamines (endocannabinoids) | Neutral glycosphingolipids | Open-chain polyketides | Phosphosphingolipids | Sphingoid bases	215	2068551001.9	9.31566623347661	wilcoxon_rank_sum	0.190430263825524	0.809328621258477	ns	0.0811219194427562	0.12645884660583
A549_180626_untreated	Untreated	raw	superclass	Spingolipids	NPC superclass: Spingolipids	Spingolipids	Fatty acids | Polyketides	Spingolipids	Ceramides | Fatty acyl carnitines | Glycerophosphoethanolamines | N-acyl amines | N-acyl ethanolamines (endocannabinoids) | Neutral glycosphingolipids | Open-chain polyketides | Phosphosphingolipids | Sphingoid bases	215	2935389783.6	9.46766577851758	wilcoxon_rank_sum	0.190430263825524	0.809328621258477	ns	0.0811219194427562	0.12645884660583
A549_210626_PET100	PET	raw	superclass	Spingolipids	NPC superclass: Spingolipids	Spingolipids	Fatty acids | Polyketides	Spingolipids	Ceramides | Fatty acyl carnitines | Glycerophosphoethanolamines | N-acyl amines | N-acyl ethanolamines (endocannabinoids) | Neutral glycosphingolipids | Open-chain polyketides | Phosphosphingolipids | Sphingoid bases	215	2670647426.4	9.42661655726828	wilcoxon_rank_sum	0.190430263825524	0.809328621258477	ns	0.0811219194427562	0.12645884660583
A549_210626_untreated	Untreated	raw	superclass	Spingolipids	NPC superclass: Spingolipids	Spingolipids	Fatty acids | Polyketides	Spingolipids	Ceramides | Fatty acyl carnitines | Glycerophosphoethanolamines | N-acyl amines | N-acyl ethanolamines (endocannabinoids) | Neutral glycosphingolipids | Open-chain polyketides | Phosphosphingolipids | Sphingoid bases	215	2463337531.2	9.39152392394975	wilcoxon_rank_sum	0.190430263825524	0.809328621258477	ns	0.0811219194427562	0.12645884660583
A549_110626_PET100	PET	raw	superclass	Steroids	NPC superclass: Steroids	Steroids	Fatty acids | Terpenoids	Steroids	Androstane steroids | Cholane steroids | Cholestane steroids | Ergostane steroids | Estrane steroids | Unsaturated fatty acids	12	76835639.2	7.88556271419591	wilcoxon_rank_sum	1	1	ns	0.0306652462016306	0.014607234426129
A549_110626_untreated	Untreated	raw	superclass	Steroids	NPC superclass: Steroids	Steroids	Fatty acids | Terpenoids	Steroids	Androstane steroids | Cholane steroids | Cholestane steroids | Ergostane steroids | Estrane steroids | Unsaturated fatty acids	12	79846987.7	7.90225854206957	wilcoxon_rank_sum	1	1	ns	0.0306652462016306	0.014607234426129
A549_180626_PET100	PET	raw	superclass	Steroids	NPC superclass: Steroids	Steroids	Fatty acids | Terpenoids	Steroids	Androstane steroids | Cholane steroids | Cholestane steroids | Ergostane steroids | Estrane steroids | Unsaturated fatty acids	12	70476282.9	7.84804299636494	wilcoxon_rank_sum	1	1	ns	0.0306652462016306	0.014607234426129
A549_180626_untreated	Untreated	raw	superclass	Steroids	NPC superclass: Steroids	Steroids	Fatty acids | Terpenoids	Steroids	Androstane steroids | Cholane steroids | Cholestane steroids | Ergostane steroids | Estrane steroids | Unsaturated fatty acids	12	79463912.3	7.90016994862203	wilcoxon_rank_sum	1	1	ns	0.0306652462016306	0.014607234426129
A549_210626_PET100	PET	raw	superclass	Steroids	NPC superclass: Steroids	Steroids	Fatty acids | Terpenoids	Steroids	Androstane steroids | Cholane steroids | Cholestane steroids | Ergostane steroids | Estrane steroids | Unsaturated fatty acids	12	90644142.2	7.95733974822089	wilcoxon_rank_sum	1	1	ns	0.0306652462016306	0.014607234426129
A549_210626_untreated	Untreated	raw	superclass	Steroids	NPC superclass: Steroids	Steroids	Fatty acids | Terpenoids	Steroids	Androstane steroids | Cholane steroids | Cholestane steroids | Ergostane steroids | Estrane steroids | Unsaturated fatty acids	12	62592345	7.79652122948524	wilcoxon_rank_sum	1	1	ns	0.0306652462016306	0.014607234426129
A549_110626_PET100	PET	raw	superclass	Triterpenoids	NPC superclass: Triterpenoids	Triterpenoids	Terpenoids	Triterpenoids	Abeolupane triterpenoids | Cucurbitane triterpenoids | Lanostane, Tirucallane and Euphane triterpenoids | Limonoids | Lupane triterpenoids | Oleanane triterpenoids | Ursane and Taraxastane triterpenoids	16	196356231.9	8.29304469155558	wilcoxon_rank_sum	0.662520583540057	0.923184419686965	ns	0.0110618886614962	0.0997853533678423
A549_110626_untreated	Untreated	raw	superclass	Triterpenoids	NPC superclass: Triterpenoids	Triterpenoids	Terpenoids	Triterpenoids	Abeolupane triterpenoids | Cucurbitane triterpenoids | Lanostane, Tirucallane and Euphane triterpenoids | Limonoids | Lupane triterpenoids | Oleanane triterpenoids | Ursane and Taraxastane triterpenoids	16	216445009.3	8.33534757848757	wilcoxon_rank_sum	0.662520583540057	0.923184419686965	ns	0.0110618886614962	0.0997853533678423
A549_180626_PET100	PET	raw	superclass	Triterpenoids	NPC superclass: Triterpenoids	Triterpenoids	Terpenoids	Triterpenoids	Abeolupane triterpenoids | Cucurbitane triterpenoids | Lanostane, Tirucallane and Euphane triterpenoids | Limonoids | Lupane triterpenoids | Oleanane triterpenoids | Ursane and Taraxastane triterpenoids	16	163592345.9	8.21376298285094	wilcoxon_rank_sum	0.662520583540057	0.923184419686965	ns	0.0110618886614962	0.0997853533678423
A549_180626_untreated	Untreated	raw	superclass	Triterpenoids	NPC superclass: Triterpenoids	Triterpenoids	Terpenoids	Triterpenoids	Abeolupane triterpenoids | Cucurbitane triterpenoids | Lanostane, Tirucallane and Euphane triterpenoids | Limonoids | Lupane triterpenoids | Oleanane triterpenoids | Ursane and Taraxastane triterpenoids	16	228807598	8.35947044384898	wilcoxon_rank_sum	0.662520583540057	0.923184419686965	ns	0.0110618886614962	0.0997853533678423
A549_210626_PET100	PET	raw	superclass	Triterpenoids	NPC superclass: Triterpenoids	Triterpenoids	Terpenoids	Triterpenoids	Abeolupane triterpenoids | Cucurbitane triterpenoids | Lanostane, Tirucallane and Euphane triterpenoids | Limonoids | Lupane triterpenoids | Oleanane triterpenoids | Ursane and Taraxastane triterpenoids	16	172013377.2	8.23556222511973	wilcoxon_rank_sum	0.662520583540057	0.923184419686965	ns	0.0110618886614962	0.0997853533678423
A549_210626_untreated	Untreated	raw	superclass	Triterpenoids	NPC superclass: Triterpenoids	Triterpenoids	Terpenoids	Triterpenoids	Abeolupane triterpenoids | Cucurbitane triterpenoids | Lanostane, Tirucallane and Euphane triterpenoids | Limonoids | Lupane triterpenoids | Oleanane triterpenoids | Ursane and Taraxastane triterpenoids	16	120430791.2	8.08073754317418	wilcoxon_rank_sum	0.662520583540057	0.923184419686965	ns	0.0110618886614962	0.0997853533678423
A549_110626_PET100	PET	raw	superclass	Tryptophan alkaloids	NPC superclass: Tryptophan alkaloids	Tryptophan alkaloids	Alkaloids	Tryptophan alkaloids	Simple indole alkaloids	1	1013873.6	6.00598424306848	wilcoxon_rank_sum	1	1	ns	0.00134569714293153	0.250995395361996
A549_110626_untreated	Untreated	raw	superclass	Tryptophan alkaloids	NPC superclass: Tryptophan alkaloids	Tryptophan alkaloids	Alkaloids	Tryptophan alkaloids	Simple indole alkaloids	1	1807088.4	6.25697963843048	wilcoxon_rank_sum	1	1	ns	0.00134569714293153	0.250995395361996
A549_180626_PET100	PET	raw	superclass	Tryptophan alkaloids	NPC superclass: Tryptophan alkaloids	Tryptophan alkaloids	Alkaloids	Tryptophan alkaloids	Simple indole alkaloids	1	4370289	6.64051025647179	wilcoxon_rank_sum	1	1	ns	0.00134569714293153	0.250995395361996
A549_180626_untreated	Untreated	raw	superclass	Tryptophan alkaloids	NPC superclass: Tryptophan alkaloids	Tryptophan alkaloids	Alkaloids	Tryptophan alkaloids	Simple indole alkaloids	1	2474866.5	6.39355195253859	wilcoxon_rank_sum	1	1	ns	0.00134569714293153	0.250995395361996
A549_210626_PET100	PET	raw	superclass	Tryptophan alkaloids	NPC superclass: Tryptophan alkaloids	Tryptophan alkaloids	Alkaloids	Tryptophan alkaloids	Simple indole alkaloids	1	1013873.6	6.00598424306848	wilcoxon_rank_sum	1	1	ns	0.00134569714293153	0.250995395361996
A549_210626_untreated	Untreated	raw	superclass	Tryptophan alkaloids	NPC superclass: Tryptophan alkaloids	Tryptophan alkaloids	Alkaloids	Tryptophan alkaloids	Simple indole alkaloids	1	1013873.6	6.00598424306848	wilcoxon_rank_sum	1	1	ns	0.00134569714293153	0.250995395361996
A549_110626_PET100	PET	raw	superclass	Tyrosine alkaloids	NPC superclass: Tyrosine alkaloids	Tyrosine alkaloids	Alkaloids	Tyrosine alkaloids	Isoquinoline alkaloids	16	605673536.9	8.78223859959188	wilcoxon_rank_sum	0.190430263825524	0.809328621258477	ns	0.411965764907867	0.22573782992934
A549_110626_untreated	Untreated	raw	superclass	Tyrosine alkaloids	NPC superclass: Tyrosine alkaloids	Tyrosine alkaloids	Alkaloids	Tyrosine alkaloids	Isoquinoline alkaloids	16	806692491.5	8.90670801519139	wilcoxon_rank_sum	0.190430263825524	0.809328621258477	ns	0.411965764907867	0.22573782992934
A549_180626_PET100	PET	raw	superclass	Tyrosine alkaloids	NPC superclass: Tyrosine alkaloids	Tyrosine alkaloids	Alkaloids	Tyrosine alkaloids	Isoquinoline alkaloids	16	479700514.6	8.68097018526205	wilcoxon_rank_sum	0.190430263825524	0.809328621258477	ns	0.411965764907867	0.22573782992934
A549_180626_untreated	Untreated	raw	superclass	Tyrosine alkaloids	NPC superclass: Tyrosine alkaloids	Tyrosine alkaloids	Alkaloids	Tyrosine alkaloids	Isoquinoline alkaloids	16	1297514367.5	9.11311217586594	wilcoxon_rank_sum	0.190430263825524	0.809328621258477	ns	0.411965764907867	0.22573782992934
A549_210626_PET100	PET	raw	superclass	Tyrosine alkaloids	NPC superclass: Tyrosine alkaloids	Tyrosine alkaloids	Alkaloids	Tyrosine alkaloids	Isoquinoline alkaloids	16	119237369.2	8.0764123890293	wilcoxon_rank_sum	0.190430263825524	0.809328621258477	ns	0.411965764907867	0.22573782992934
A549_210626_untreated	Untreated	raw	superclass	Tyrosine alkaloids	NPC superclass: Tyrosine alkaloids	Tyrosine alkaloids	Alkaloids	Tyrosine alkaloids	Isoquinoline alkaloids	16	569768292	8.75569827754951	wilcoxon_rank_sum	0.190430263825524	0.809328621258477	ns	0.411965764907867	0.22573782992934
A549_110626_PET100	PET	raw	class	Acetogenins	NPC class: Acetogenins	Acetogenins	Polyketides	Linear polyketides	Acetogenins	1	11369587	7.05574472743457	wilcoxon_rank_sum	0.662520583540057	0.923184419686965	ns	0.0448591558308182	0.0491935896792723
A549_110626_untreated	Untreated	raw	class	Acetogenins	NPC class: Acetogenins	Acetogenins	Polyketides	Linear polyketides	Acetogenins	1	14825450	7.17100791376191	wilcoxon_rank_sum	0.662520583540057	0.923184419686965	ns	0.0448591558308182	0.0491935896792723
A549_180626_PET100	PET	raw	class	Acetogenins	NPC class: Acetogenins	Acetogenins	Polyketides	Linear polyketides	Acetogenins	1	12155570	7.08477536435786	wilcoxon_rank_sum	0.662520583540057	0.923184419686965	ns	0.0448591558308182	0.0491935896792723
A549_180626_untreated	Untreated	raw	class	Acetogenins	NPC class: Acetogenins	Acetogenins	Polyketides	Linear polyketides	Acetogenins	1	8009018	6.90357932395215	wilcoxon_rank_sum	0.662520583540057	0.923184419686965	ns	0.0448591558308182	0.0491935896792723
A549_210626_PET100	PET	raw	class	Acetogenins	NPC class: Acetogenins	Acetogenins	Polyketides	Linear polyketides	Acetogenins	1	12712365	7.10422638809267	wilcoxon_rank_sum	0.662520583540057	0.923184419686965	ns	0.0448591558308182	0.0491935896792723
A549_210626_untreated	Untreated	raw	class	Acetogenins	NPC class: Acetogenins	Acetogenins	Polyketides	Linear polyketides	Acetogenins	1	10853798	7.03558177467858	wilcoxon_rank_sum	0.662520583540057	0.923184419686965	ns	0.0448591558308182	0.0491935896792723
A549_110626_PET100	PET	raw	class	Aminoacids	NPC class: Aminoacids	Aminoacids	Amino acids and Peptides x Shikimates and Phenylpropanoids	Nicotinic acid alkaloids | Small peptides	Aminoacids	11	58897573.7	7.77009741166158	wilcoxon_rank_sum	0.190430263825524	0.809328621258477	ns	0.182998994012244	0.160980493645463
A549_110626_untreated	Untreated	raw	class	Aminoacids	NPC class: Aminoacids	Aminoacids	Amino acids and Peptides x Shikimates and Phenylpropanoids	Nicotinic acid alkaloids | Small peptides	Aminoacids	11	40655275.4	7.60911691801612	wilcoxon_rank_sum	0.190430263825524	0.809328621258477	ns	0.182998994012244	0.160980493645463
A549_180626_PET100	PET	raw	class	Aminoacids	NPC class: Aminoacids	Aminoacids	Amino acids and Peptides x Shikimates and Phenylpropanoids	Nicotinic acid alkaloids | Small peptides	Aminoacids	11	49264272.4	7.69253208175281	wilcoxon_rank_sum	0.190430263825524	0.809328621258477	ns	0.182998994012244	0.160980493645463
A549_180626_untreated	Untreated	raw	class	Aminoacids	NPC class: Aminoacids	Aminoacids	Amino acids and Peptides x Shikimates and Phenylpropanoids	Nicotinic acid alkaloids | Small peptides	Aminoacids	11	31980318.5	7.5048827982593	wilcoxon_rank_sum	0.190430263825524	0.809328621258477	ns	0.182998994012244	0.160980493645463
A549_210626_PET100	PET	raw	class	Aminoacids	NPC class: Aminoacids	Aminoacids	Amino acids and Peptides x Shikimates and Phenylpropanoids	Nicotinic acid alkaloids | Small peptides	Aminoacids	11	87896061.4	7.94396941982627	wilcoxon_rank_sum	0.190430263825524	0.809328621258477	ns	0.182998994012244	0.160980493645463
A549_210626_untreated	Untreated	raw	class	Aminoacids	NPC class: Aminoacids	Aminoacids	Amino acids and Peptides x Shikimates and Phenylpropanoids	Nicotinic acid alkaloids | Small peptides	Aminoacids	11	55411793.5	7.74360221492851	wilcoxon_rank_sum	0.190430263825524	0.809328621258477	ns	0.182998994012244	0.160980493645463
A549_110626_PET100	PET	raw	class	Aminoglycosides	NPC class: Aminoglycosides	Aminoglycosides	Carbohydrates	Aminosugars and aminoglycosides	Aminoglycosides	2	2027747.2	6.30701402455677	wilcoxon_rank_sum	0.504985075093846	0.923184419686965	ns	0.182730320875991	0
A549_110626_untreated	Untreated	raw	class	Aminoglycosides	NPC class: Aminoglycosides	Aminoglycosides	Carbohydrates	Aminosugars and aminoglycosides	Aminoglycosides	2	2027747.2	6.30701402455677	wilcoxon_rank_sum	0.504985075093846	0.923184419686965	ns	0.182730320875991	0
A549_180626_PET100	PET	raw	class	Aminoglycosides	NPC class: Aminoglycosides	Aminoglycosides	Carbohydrates	Aminosugars and aminoglycosides	Aminoglycosides	2	2027747.2	6.30701402455677	wilcoxon_rank_sum	0.504985075093846	0.923184419686965	ns	0.182730320875991	0
A549_180626_untreated	Untreated	raw	class	Aminoglycosides	NPC class: Aminoglycosides	Aminoglycosides	Carbohydrates	Aminosugars and aminoglycosides	Aminoglycosides	2	2027747.2	6.30701402455677	wilcoxon_rank_sum	0.504985075093846	0.923184419686965	ns	0.182730320875991	0
A549_210626_PET100	PET	raw	class	Aminoglycosides	NPC class: Aminoglycosides	Aminoglycosides	Carbohydrates	Aminosugars and aminoglycosides	Aminoglycosides	2	7164814.1	6.85520498718475	wilcoxon_rank_sum	0.504985075093846	0.923184419686965	ns	0.182730320875991	0
A549_210626_untreated	Untreated	raw	class	Aminoglycosides	NPC class: Aminoglycosides	Aminoglycosides	Carbohydrates	Aminosugars and aminoglycosides	Aminoglycosides	2	2027747.2	6.30701402455677	wilcoxon_rank_sum	0.504985075093846	0.923184419686965	ns	0.182730320875991	0
A549_110626_PET100	PET	raw	class	Androstane steroids	NPC class: Androstane steroids	Androstane steroids	Terpenoids	Steroids	Androstane steroids	1	6549199	6.81618825315137	wilcoxon_rank_sum	0.50655516904904	0.923184419686965	ns	0.44512873078588	0.662998338469024
A549_110626_untreated	Untreated	raw	class	Androstane steroids	NPC class: Androstane steroids	Androstane steroids	Terpenoids	Steroids	Androstane steroids	1	1422949.9	6.15318991468235	wilcoxon_rank_sum	0.50655516904904	0.923184419686965	ns	0.44512873078588	0.662998338469024
A549_180626_PET100	PET	raw	class	Androstane steroids	NPC class: Androstane steroids	Androstane steroids	Terpenoids	Steroids	Androstane steroids	1	1013873.6	6.00598424306848	wilcoxon_rank_sum	0.50655516904904	0.923184419686965	ns	0.44512873078588	0.662998338469024
A549_180626_untreated	Untreated	raw	class	Androstane steroids	NPC class: Androstane steroids	Androstane steroids	Terpenoids	Steroids	Androstane steroids	1	1742953.6	6.24128607487461	wilcoxon_rank_sum	0.50655516904904	0.923184419686965	ns	0.44512873078588	0.662998338469024
A549_210626_PET100	PET	raw	class	Androstane steroids	NPC class: Androstane steroids	Androstane steroids	Terpenoids	Steroids	Androstane steroids	1	8197357.5	6.91367392876323	wilcoxon_rank_sum	0.50655516904904	0.923184419686965	ns	0.44512873078588	0.662998338469024
A549_210626_untreated	Untreated	raw	class	Androstane steroids	NPC class: Androstane steroids	Androstane steroids	Terpenoids	Steroids	Androstane steroids	1	1013873.6	6.00598424306848	wilcoxon_rank_sum	0.50655516904904	0.923184419686965	ns	0.44512873078588	0.662998338469024
A549_110626_PET100	PET	raw	class	Azaphilones	NPC class: Azaphilones	Azaphilones	Polyketides	Chromanes	Azaphilones	3	20052353.6	7.30216537594608	wilcoxon_rank_sum	0.190430263825524	0.809328621258477	ns	0.050771428673019	0.0486225132530329
A549_110626_untreated	Untreated	raw	class	Azaphilones	NPC class: Azaphilones	Azaphilones	Polyketides	Chromanes	Azaphilones	3	21818529.1	7.33882548910467	wilcoxon_rank_sum	0.190430263825524	0.809328621258477	ns	0.050771428673019	0.0486225132530329
A549_180626_PET100	PET	raw	class	Azaphilones	NPC class: Azaphilones	Azaphilones	Polyketides	Chromanes	Azaphilones	3	18906107.6	7.2766021482284	wilcoxon_rank_sum	0.190430263825524	0.809328621258477	ns	0.050771428673019	0.0486225132530329
A549_180626_untreated	Untreated	raw	class	Azaphilones	NPC class: Azaphilones	Azaphilones	Polyketides	Chromanes	Azaphilones	3	24545932.6	7.38997955505954	wilcoxon_rank_sum	0.190430263825524	0.809328621258477	ns	0.050771428673019	0.0486225132530329
A549_210626_PET100	PET	raw	class	Azaphilones	NPC class: Azaphilones	Azaphilones	Polyketides	Chromanes	Azaphilones	3	19507560.1	7.29020297585164	wilcoxon_rank_sum	0.190430263825524	0.809328621258477	ns	0.050771428673019	0.0486225132530329
A549_210626_untreated	Untreated	raw	class	Azaphilones	NPC class: Azaphilones	Azaphilones	Polyketides	Chromanes	Azaphilones	3	19610096	7.29247974188097	wilcoxon_rank_sum	0.190430263825524	0.809328621258477	ns	0.050771428673019	0.0486225132530329
A549_110626_PET100	PET	raw	class	Carotenoids (C40, β-β)	NPC class: Carotenoids (C40, β-β)	Carotenoids (C40, β-β)	Terpenoids	Carotenoids (C40)	Carotenoids (C40, β-β)	2	7209441	6.85790165227853	wilcoxon_rank_sum	0.662520583540057	0.923184419686965	ns	0.16820892038715	0.196244782459658
A549_110626_untreated	Untreated	raw	class	Carotenoids (C40, β-β)	NPC class: Carotenoids (C40, β-β)	Carotenoids (C40, β-β)	Terpenoids	Carotenoids (C40)	Carotenoids (C40, β-β)	2	8809889.5	6.94497051050725	wilcoxon_rank_sum	0.662520583540057	0.923184419686965	ns	0.16820892038715	0.196244782459658
A549_180626_PET100	PET	raw	class	Carotenoids (C40, β-β)	NPC class: Carotenoids (C40, β-β)	Carotenoids (C40, β-β)	Terpenoids	Carotenoids (C40)	Carotenoids (C40, β-β)	2	7967840.5	6.90134068631423	wilcoxon_rank_sum	0.662520583540057	0.923184419686965	ns	0.16820892038715	0.196244782459658
A549_180626_untreated	Untreated	raw	class	Carotenoids (C40, β-β)	NPC class: Carotenoids (C40, β-β)	Carotenoids (C40, β-β)	Terpenoids	Carotenoids (C40)	Carotenoids (C40, β-β)	2	2741609.5	6.43800575471453	wilcoxon_rank_sum	0.662520583540057	0.923184419686965	ns	0.16820892038715	0.196244782459658
A549_210626_PET100	PET	raw	class	Carotenoids (C40, β-β)	NPC class: Carotenoids (C40, β-β)	Carotenoids (C40, β-β)	Terpenoids	Carotenoids (C40)	Carotenoids (C40, β-β)	2	6166198.3	6.79001755760934	wilcoxon_rank_sum	0.662520583540057	0.923184419686965	ns	0.16820892038715	0.196244782459658
A549_210626_untreated	Untreated	raw	class	Carotenoids (C40, β-β)	NPC class: Carotenoids (C40, β-β)	Carotenoids (C40, β-β)	Terpenoids	Carotenoids (C40)	Carotenoids (C40, β-β)	2	4588352.5	6.66165686981887	wilcoxon_rank_sum	0.662520583540057	0.923184419686965	ns	0.16820892038715	0.196244782459658
A549_110626_PET100	PET	raw	class	Ceramides	NPC class: Ceramides	Ceramides	Fatty acids	Fatty amides | Spingolipids	Ceramides	101	1252110761.3	9.09764274846547	wilcoxon_rank_sum	0.0808555983700523	0.809328621258477	ns	0.138606663230728	0.157545165279158
A549_110626_untreated	Untreated	raw	class	Ceramides	NPC class: Ceramides	Ceramides	Fatty acids	Fatty amides | Spingolipids	Ceramides	101	1914279923.5	9.28200544481842	wilcoxon_rank_sum	0.0808555983700523	0.809328621258477	ns	0.138606663230728	0.157545165279158
A549_180626_PET100	PET	raw	class	Ceramides	NPC class: Ceramides	Ceramides	Fatty acids	Fatty amides | Spingolipids	Ceramides	101	1065686194	9.02762933992209	wilcoxon_rank_sum	0.0808555983700523	0.809328621258477	ns	0.138606663230728	0.157545165279158
A549_180626_untreated	Untreated	raw	class	Ceramides	NPC class: Ceramides	Ceramides	Fatty acids	Fatty amides | Spingolipids	Ceramides	101	1799649431.3	9.25518791374463	wilcoxon_rank_sum	0.0808555983700523	0.809328621258477	ns	0.138606663230728	0.157545165279158
A549_210626_PET100	PET	raw	class	Ceramides	NPC class: Ceramides	Ceramides	Fatty acids	Fatty amides | Spingolipids	Ceramides	101	1494810392.9	9.17458610897806	wilcoxon_rank_sum	0.0808555983700523	0.809328621258477	ns	0.138606663230728	0.157545165279158
A549_210626_untreated	Untreated	raw	class	Ceramides	NPC class: Ceramides	Ceramides	Fatty acids	Fatty amides | Spingolipids	Ceramides	101	1508289918.5	9.17848482849475	wilcoxon_rank_sum	0.0808555983700523	0.809328621258477	ns	0.138606663230728	0.157545165279158
A549_110626_PET100	PET	raw	class	Cholane steroids	NPC class: Cholane steroids	Cholane steroids	Terpenoids	Steroids	Cholane steroids	1	1013873.6	6.00598424306848	wilcoxon_rank_sum	0.504985075093846	0.923184419686965	ns	0.138622496651704	0
A549_110626_untreated	Untreated	raw	class	Cholane steroids	NPC class: Cholane steroids	Cholane steroids	Terpenoids	Steroids	Cholane steroids	1	1013873.6	6.00598424306848	wilcoxon_rank_sum	0.504985075093846	0.923184419686965	ns	0.138622496651704	0
A549_180626_PET100	PET	raw	class	Cholane steroids	NPC class: Cholane steroids	Cholane steroids	Terpenoids	Steroids	Cholane steroids	1	1013873.6	6.00598424306848	wilcoxon_rank_sum	0.504985075093846	0.923184419686965	ns	0.138622496651704	0
A549_180626_untreated	Untreated	raw	class	Cholane steroids	NPC class: Cholane steroids	Cholane steroids	Terpenoids	Steroids	Cholane steroids	1	2641505.8	6.42185173302359	wilcoxon_rank_sum	0.504985075093846	0.923184419686965	ns	0.138622496651704	0
A549_210626_PET100	PET	raw	class	Cholane steroids	NPC class: Cholane steroids	Cholane steroids	Terpenoids	Steroids	Cholane steroids	1	1013873.6	6.00598424306848	wilcoxon_rank_sum	0.504985075093846	0.923184419686965	ns	0.138622496651704	0
A549_210626_untreated	Untreated	raw	class	Cholane steroids	NPC class: Cholane steroids	Cholane steroids	Terpenoids	Steroids	Cholane steroids	1	1013873.6	6.00598424306848	wilcoxon_rank_sum	0.504985075093846	0.923184419686965	ns	0.138622496651704	0
A549_110626_PET100	PET	raw	class	Cholestane steroids	NPC class: Cholestane steroids	Cholestane steroids	Terpenoids	Steroids	Cholestane steroids	1	7145256.5	6.85401788446555	wilcoxon_rank_sum	0.382733088885226	0.923184419686965	ns	0.0310314430360412	0.0307355407370951
A549_110626_untreated	Untreated	raw	class	Cholestane steroids	NPC class: Cholestane steroids	Cholestane steroids	Terpenoids	Steroids	Cholestane steroids	1	7297340	6.8631646410256	wilcoxon_rank_sum	0.382733088885226	0.923184419686965	ns	0.0310314430360412	0.0307355407370951
A549_180626_PET100	PET	raw	class	Cholestane steroids	NPC class: Cholestane steroids	Cholestane steroids	Terpenoids	Steroids	Cholestane steroids	1	7832495	6.8939001817627	wilcoxon_rank_sum	0.382733088885226	0.923184419686965	ns	0.0310314430360412	0.0307355407370951
A549_180626_untreated	Untreated	raw	class	Cholestane steroids	NPC class: Cholestane steroids	Cholestane steroids	Terpenoids	Steroids	Cholestane steroids	1	6687071.5	6.82523603176566	wilcoxon_rank_sum	0.382733088885226	0.923184419686965	ns	0.0310314430360412	0.0307355407370951
A549_210626_PET100	PET	raw	class	Cholestane steroids	NPC class: Cholestane steroids	Cholestane steroids	Terpenoids	Steroids	Cholestane steroids	1	7972703.5	6.90160566771838	wilcoxon_rank_sum	0.382733088885226	0.923184419686965	ns	0.0310314430360412	0.0307355407370951
A549_210626_untreated	Untreated	raw	class	Cholestane steroids	NPC class: Cholestane steroids	Cholestane steroids	Terpenoids	Steroids	Cholestane steroids	1	7379529.5	6.86802873204724	wilcoxon_rank_sum	0.382733088885226	0.923184419686965	ns	0.0310314430360412	0.0307355407370951
A549_110626_PET100	PET	raw	class	Cinnamic acids and derivatives	NPC class: Cinnamic acids and derivatives	Cinnamic acids and derivatives	Shikimates and Phenylpropanoids	Phenylpropanoids (C6-C3)	Cinnamic acids and derivatives	1	45553850	7.65852509694798	wilcoxon_rank_sum	1	1	ns	0.0328159653890863	0.0195949908751656
A549_110626_untreated	Untreated	raw	class	Cinnamic acids and derivatives	NPC class: Cinnamic acids and derivatives	Cinnamic acids and derivatives	Shikimates and Phenylpropanoids	Phenylpropanoids (C6-C3)	Cinnamic acids and derivatives	1	42906508	7.63252318049136	wilcoxon_rank_sum	1	1	ns	0.0328159653890863	0.0195949908751656
A549_180626_PET100	PET	raw	class	Cinnamic acids and derivatives	NPC class: Cinnamic acids and derivatives	Cinnamic acids and derivatives	Shikimates and Phenylpropanoids	Phenylpropanoids (C6-C3)	Cinnamic acids and derivatives	1	44886750	7.65211817136652	wilcoxon_rank_sum	1	1	ns	0.0328159653890863	0.0195949908751656
A549_180626_untreated	Untreated	raw	class	Cinnamic acids and derivatives	NPC class: Cinnamic acids and derivatives	Cinnamic acids and derivatives	Shikimates and Phenylpropanoids	Phenylpropanoids (C6-C3)	Cinnamic acids and derivatives	1	50735460	7.70531161087883	wilcoxon_rank_sum	1	1	ns	0.0328159653890863	0.0195949908751656
A549_210626_PET100	PET	raw	class	Cinnamic acids and derivatives	NPC class: Cinnamic acids and derivatives	Cinnamic acids and derivatives	Shikimates and Phenylpropanoids	Phenylpropanoids (C6-C3)	Cinnamic acids and derivatives	1	40696270	7.60955461663757	wilcoxon_rank_sum	1	1	ns	0.0328159653890863	0.0195949908751656
A549_210626_untreated	Untreated	raw	class	Cinnamic acids and derivatives	NPC class: Cinnamic acids and derivatives	Cinnamic acids and derivatives	Shikimates and Phenylpropanoids	Phenylpropanoids (C6-C3)	Cinnamic acids and derivatives	1	30472998	7.48391519741463	wilcoxon_rank_sum	1	1	ns	0.0328159653890863	0.0195949908751656
A549_110626_PET100	PET	raw	class	Cyclamides	NPC class: Cyclamides	Cyclamides	Amino acids and Peptides	Oligopeptides	Cyclamides	1	1013873.6	6.00598424306848	wilcoxon_rank_sum	NA	NA	ns	0	0
A549_110626_untreated	Untreated	raw	class	Cyclamides	NPC class: Cyclamides	Cyclamides	Amino acids and Peptides	Oligopeptides	Cyclamides	1	1013873.6	6.00598424306848	wilcoxon_rank_sum	NA	NA	ns	0	0
A549_180626_PET100	PET	raw	class	Cyclamides	NPC class: Cyclamides	Cyclamides	Amino acids and Peptides	Oligopeptides	Cyclamides	1	1013873.6	6.00598424306848	wilcoxon_rank_sum	NA	NA	ns	0	0
A549_180626_untreated	Untreated	raw	class	Cyclamides	NPC class: Cyclamides	Cyclamides	Amino acids and Peptides	Oligopeptides	Cyclamides	1	1013873.6	6.00598424306848	wilcoxon_rank_sum	NA	NA	ns	0	0
A549_210626_PET100	PET	raw	class	Cyclamides	NPC class: Cyclamides	Cyclamides	Amino acids and Peptides	Oligopeptides	Cyclamides	1	1013873.6	6.00598424306848	wilcoxon_rank_sum	NA	NA	ns	0	0
A549_210626_untreated	Untreated	raw	class	Cyclamides	NPC class: Cyclamides	Cyclamides	Amino acids and Peptides	Oligopeptides	Cyclamides	1	1013873.6	6.00598424306848	wilcoxon_rank_sum	NA	NA	ns	0	0
A549_110626_PET100	PET	raw	class	Depsipeptides	NPC class: Depsipeptides	Depsipeptides	Amino acids and Peptides x Polyketides	Oligopeptides	Depsipeptides	1	1013873.6	6.00598424306848	wilcoxon_rank_sum	NA	NA	ns	0	0
A549_110626_untreated	Untreated	raw	class	Depsipeptides	NPC class: Depsipeptides	Depsipeptides	Amino acids and Peptides x Polyketides	Oligopeptides	Depsipeptides	1	1013873.6	6.00598424306848	wilcoxon_rank_sum	NA	NA	ns	0	0
A549_180626_PET100	PET	raw	class	Depsipeptides	NPC class: Depsipeptides	Depsipeptides	Amino acids and Peptides x Polyketides	Oligopeptides	Depsipeptides	1	1013873.6	6.00598424306848	wilcoxon_rank_sum	NA	NA	ns	0	0
A549_180626_untreated	Untreated	raw	class	Depsipeptides	NPC class: Depsipeptides	Depsipeptides	Amino acids and Peptides x Polyketides	Oligopeptides	Depsipeptides	1	1013873.6	6.00598424306848	wilcoxon_rank_sum	NA	NA	ns	0	0
A549_210626_PET100	PET	raw	class	Depsipeptides	NPC class: Depsipeptides	Depsipeptides	Amino acids and Peptides x Polyketides	Oligopeptides	Depsipeptides	1	1013873.6	6.00598424306848	wilcoxon_rank_sum	NA	NA	ns	0	0
A549_210626_untreated	Untreated	raw	class	Depsipeptides	NPC class: Depsipeptides	Depsipeptides	Amino acids and Peptides x Polyketides	Oligopeptides	Depsipeptides	1	1013873.6	6.00598424306848	wilcoxon_rank_sum	NA	NA	ns	0	0
A549_110626_PET100	PET	raw	class	Diacylglycerols	NPC class: Diacylglycerols	Diacylglycerols	Fatty acids	Fatty esters | Glycerolipids	Diacylglycerols	25	181669679.6	8.25928245264189	wilcoxon_rank_sum	0.662520583540057	0.923184419686965	ns	0.0100768544370027	0.0243975916962906
A549_110626_untreated	Untreated	raw	class	Diacylglycerols	NPC class: Diacylglycerols	Diacylglycerols	Fatty acids	Fatty esters | Glycerolipids	Diacylglycerols	25	171745299	8.23488486094559	wilcoxon_rank_sum	0.662520583540057	0.923184419686965	ns	0.0100768544370027	0.0243975916962906
A549_180626_PET100	PET	raw	class	Diacylglycerols	NPC class: Diacylglycerols	Diacylglycerols	Fatty acids	Fatty esters | Glycerolipids	Diacylglycerols	25	196746762.2	8.29390759624868	wilcoxon_rank_sum	0.662520583540057	0.923184419686965	ns	0.0100768544370027	0.0243975916962906
A549_180626_untreated	Untreated	raw	class	Diacylglycerols	NPC class: Diacylglycerols	Diacylglycerols	Fatty acids	Fatty esters | Glycerolipids	Diacylglycerols	25	159888013.3	8.20381590890902	wilcoxon_rank_sum	0.662520583540057	0.923184419686965	ns	0.0100768544370027	0.0243975916962906
A549_210626_PET100	PET	raw	class	Diacylglycerols	NPC class: Diacylglycerols	Diacylglycerols	Fatty acids	Fatty esters | Glycerolipids	Diacylglycerols	25	178787655.6	8.25233753204629	wilcoxon_rank_sum	0.662520583540057	0.923184419686965	ns	0.0100768544370027	0.0243975916962906
A549_210626_untreated	Untreated	raw	class	Diacylglycerols	NPC class: Diacylglycerols	Diacylglycerols	Fatty acids	Fatty esters | Glycerolipids	Diacylglycerols	25	217068220.4	8.33659624777123	wilcoxon_rank_sum	0.662520583540057	0.923184419686965	ns	0.0100768544370027	0.0243975916962906
A549_110626_PET100	PET	raw	class	Dicarboxylic acids	NPC class: Dicarboxylic acids	Dicarboxylic acids	Fatty acids	Fatty Acids and Conjugates	Dicarboxylic acids	6	7039905.2	6.84756687262311	wilcoxon_rank_sum	0.184038627196425	0.809328621258477	ns	0.157103760298726	0.204579844084007
A549_110626_untreated	Untreated	raw	class	Dicarboxylic acids	NPC class: Dicarboxylic acids	Dicarboxylic acids	Fatty acids	Fatty Acids and Conjugates	Dicarboxylic acids	6	9743498.8	6.98871498057659	wilcoxon_rank_sum	0.184038627196425	0.809328621258477	ns	0.157103760298726	0.204579844084007
A549_180626_PET100	PET	raw	class	Dicarboxylic acids	NPC class: Dicarboxylic acids	Dicarboxylic acids	Fatty acids	Fatty Acids and Conjugates	Dicarboxylic acids	6	6083241.6	6.78413513649258	wilcoxon_rank_sum	0.184038627196425	0.809328621258477	ns	0.157103760298726	0.204579844084007
A549_180626_untreated	Untreated	raw	class	Dicarboxylic acids	NPC class: Dicarboxylic acids	Dicarboxylic acids	Fatty acids	Fatty Acids and Conjugates	Dicarboxylic acids	6	11399779.5	7.05689648918239	wilcoxon_rank_sum	0.184038627196425	0.809328621258477	ns	0.157103760298726	0.204579844084007
A549_210626_PET100	PET	raw	class	Dicarboxylic acids	NPC class: Dicarboxylic acids	Dicarboxylic acids	Fatty acids	Fatty Acids and Conjugates	Dicarboxylic acids	6	6083241.6	6.78413513649258	wilcoxon_rank_sum	0.184038627196425	0.809328621258477	ns	0.157103760298726	0.204579844084007
A549_210626_untreated	Untreated	raw	class	Dicarboxylic acids	NPC class: Dicarboxylic acids	Dicarboxylic acids	Fatty acids	Fatty Acids and Conjugates	Dicarboxylic acids	6	6942835.8	6.84153695674547	wilcoxon_rank_sum	0.184038627196425	0.809328621258477	ns	0.157103760298726	0.204579844084007
A549_110626_PET100	PET	raw	class	Dipeptides	NPC class: Dipeptides	Dipeptides	Amino acids and Peptides	Small peptides	Dipeptides	1	30744536	7.4877679571348	wilcoxon_rank_sum	0.662520583540057	0.923184419686965	ns	0.0653693397660273	0.15561595731989
A549_110626_untreated	Untreated	raw	class	Dipeptides	NPC class: Dipeptides	Dipeptides	Amino acids and Peptides	Small peptides	Dipeptides	1	34112268	7.53291060775117	wilcoxon_rank_sum	0.662520583540057	0.923184419686965	ns	0.0653693397660273	0.15561595731989
A549_180626_PET100	PET	raw	class	Dipeptides	NPC class: Dipeptides	Dipeptides	Amino acids and Peptides	Small peptides	Dipeptides	1	21662224	7.33570306242754	wilcoxon_rank_sum	0.662520583540057	0.923184419686965	ns	0.0653693397660273	0.15561595731989
A549_180626_untreated	Untreated	raw	class	Dipeptides	NPC class: Dipeptides	Dipeptides	Amino acids and Peptides	Small peptides	Dipeptides	1	17785592	7.25006834983298	wilcoxon_rank_sum	0.662520583540057	0.923184419686965	ns	0.0653693397660273	0.15561595731989
A549_210626_PET100	PET	raw	class	Dipeptides	NPC class: Dipeptides	Dipeptides	Amino acids and Peptides	Small peptides	Dipeptides	1	28891566	7.46077109743428	wilcoxon_rank_sum	0.662520583540057	0.923184419686965	ns	0.0653693397660273	0.15561595731989
A549_210626_untreated	Untreated	raw	class	Dipeptides	NPC class: Dipeptides	Dipeptides	Amino acids and Peptides	Small peptides	Dipeptides	1	20190874	7.30515514011439	wilcoxon_rank_sum	0.662520583540057	0.923184419686965	ns	0.0653693397660273	0.15561595731989
A549_110626_PET100	PET	raw	class	Erythromycins	NPC class: Erythromycins	Erythromycins	Polyketides	Macrolides	Erythromycins	3	49053939.6	7.69067390085143	wilcoxon_rank_sum	0.662520583540057	0.923184419686965	ns	0.438750675348491	0.620332437329061
A549_110626_untreated	Untreated	raw	class	Erythromycins	NPC class: Erythromycins	Erythromycins	Polyketides	Macrolides	Erythromycins	3	11758215.8	7.07034146352236	wilcoxon_rank_sum	0.662520583540057	0.923184419686965	ns	0.438750675348491	0.620332437329061
A549_180626_PET100	PET	raw	class	Erythromycins	NPC class: Erythromycins	Erythromycins	Polyketides	Macrolides	Erythromycins	3	9144435.7	6.96115695796811	wilcoxon_rank_sum	0.662520583540057	0.923184419686965	ns	0.438750675348491	0.620332437329061
A549_180626_untreated	Untreated	raw	class	Erythromycins	NPC class: Erythromycins	Erythromycins	Polyketides	Macrolides	Erythromycins	3	13749209.1	7.13827774841608	wilcoxon_rank_sum	0.662520583540057	0.923184419686965	ns	0.438750675348491	0.620332437329061
A549_210626_PET100	PET	raw	class	Erythromycins	NPC class: Erythromycins	Erythromycins	Polyketides	Macrolides	Erythromycins	3	82633424.1	7.91715575434426	wilcoxon_rank_sum	0.662520583540057	0.923184419686965	ns	0.438750675348491	0.620332437329061
A549_210626_untreated	Untreated	raw	class	Erythromycins	NPC class: Erythromycins	Erythromycins	Polyketides	Macrolides	Erythromycins	3	11069177.1	7.04411537517988	wilcoxon_rank_sum	0.662520583540057	0.923184419686965	ns	0.438750675348491	0.620332437329061
A549_110626_PET100	PET	raw	class	Fatty acid estolides	NPC class: Fatty acid estolides	Fatty acid estolides	Fatty acids	Fatty esters	Fatty acid estolides	4	4391768.7	6.64263955807192	wilcoxon_rank_sum	0.662520583540057	0.923184419686965	ns	0.0172933238034787	0.0321251542207523
A549_110626_untreated	Untreated	raw	class	Fatty acid estolides	NPC class: Fatty acid estolides	Fatty acid estolides	Fatty acids	Fatty esters	Fatty acid estolides	4	4241003.2	6.62746870255542	wilcoxon_rank_sum	0.662520583540057	0.923184419686965	ns	0.0172933238034787	0.0321251542207523
A549_180626_PET100	PET	raw	class	Fatty acid estolides	NPC class: Fatty acid estolides	Fatty acid estolides	Fatty acids	Fatty esters	Fatty acid estolides	4	4566608.3	6.65959385677618	wilcoxon_rank_sum	0.662520583540057	0.923184419686965	ns	0.0172933238034787	0.0321251542207523
A549_180626_untreated	Untreated	raw	class	Fatty acid estolides	NPC class: Fatty acid estolides	Fatty acid estolides	Fatty acids	Fatty esters	Fatty acid estolides	4	4055494.4	6.60804391313287	wilcoxon_rank_sum	0.662520583540057	0.923184419686965	ns	0.0172933238034787	0.0321251542207523
A549_210626_PET100	PET	raw	class	Fatty acid estolides	NPC class: Fatty acid estolides	Fatty acid estolides	Fatty acids	Fatty esters	Fatty acid estolides	4	7710339.5	6.88707355755884	wilcoxon_rank_sum	0.662520583540057	0.923184419686965	ns	0.0172933238034787	0.0321251542207523
A549_210626_untreated	Untreated	raw	class	Fatty acid estolides	NPC class: Fatty acid estolides	Fatty acid estolides	Fatty acids	Fatty esters	Fatty acid estolides	4	7978372.9	6.90191438530821	wilcoxon_rank_sum	0.662520583540057	0.923184419686965	ns	0.0172933238034787	0.0321251542207523
A549_110626_PET100	PET	raw	class	Fatty acyl carnitines	NPC class: Fatty acyl carnitines	Fatty acyl carnitines	Fatty acids	Fatty esters	Fatty acyl carnitines	1	7679872.5	6.88535406655437	wilcoxon_rank_sum	0.0808555983700523	0.809328621258477	ns	0.136143130401225	0.142441025214128
A549_110626_untreated	Untreated	raw	class	Fatty acyl carnitines	NPC class: Fatty acyl carnitines	Fatty acyl carnitines	Fatty acids	Fatty esters	Fatty acyl carnitines	1	10660929	7.0277950917685	wilcoxon_rank_sum	0.0808555983700523	0.809328621258477	ns	0.136143130401225	0.142441025214128
A549_180626_PET100	PET	raw	class	Fatty acyl carnitines	NPC class: Fatty acyl carnitines	Fatty acyl carnitines	Fatty acids	Fatty esters	Fatty acyl carnitines	1	6978511	6.84376282963166	wilcoxon_rank_sum	0.0808555983700523	0.809328621258477	ns	0.136143130401225	0.142441025214128
A549_180626_untreated	Untreated	raw	class	Fatty acyl carnitines	NPC class: Fatty acyl carnitines	Fatty acyl carnitines	Fatty acids	Fatty esters	Fatty acyl carnitines	1	11891670	7.07524288532427	wilcoxon_rank_sum	0.0808555983700523	0.809328621258477	ns	0.136143130401225	0.142441025214128
A549_210626_PET100	PET	raw	class	Fatty acyl carnitines	NPC class: Fatty acyl carnitines	Fatty acyl carnitines	Fatty acids	Fatty esters	Fatty acyl carnitines	1	8565323	6.93274379564371	wilcoxon_rank_sum	0.0808555983700523	0.809328621258477	ns	0.136143130401225	0.142441025214128
A549_210626_untreated	Untreated	raw	class	Fatty acyl carnitines	NPC class: Fatty acyl carnitines	Fatty acyl carnitines	Fatty acids	Fatty esters	Fatty acyl carnitines	1	9273679	6.96725210594064	wilcoxon_rank_sum	0.0808555983700523	0.809328621258477	ns	0.136143130401225	0.142441025214128
A549_110626_PET100	PET	raw	class	Fatty acyl glycosides of mono- and disaccharides	NPC class: Fatty acyl glycosides of mono- and disaccharides	Fatty acyl glycosides of mono- and disaccharides	Fatty acids	Fatty acyl glycosides	Fatty acyl glycosides of mono- and disaccharides	1	1013873.6	6.00598424306848	wilcoxon_rank_sum	0.642834826490804	0.923184419686965	ns	0.0854132563587582	0.103427235366099
A549_110626_untreated	Untreated	raw	class	Fatty acyl glycosides of mono- and disaccharides	NPC class: Fatty acyl glycosides of mono- and disaccharides	Fatty acyl glycosides of mono- and disaccharides	Fatty acids	Fatty acyl glycosides	Fatty acyl glycosides of mono- and disaccharides	1	1013873.6	6.00598424306848	wilcoxon_rank_sum	0.642834826490804	0.923184419686965	ns	0.0854132563587582	0.103427235366099
A549_180626_PET100	PET	raw	class	Fatty acyl glycosides of mono- and disaccharides	NPC class: Fatty acyl glycosides of mono- and disaccharides	Fatty acyl glycosides of mono- and disaccharides	Fatty acids	Fatty acyl glycosides	Fatty acyl glycosides of mono- and disaccharides	1	1013873.6	6.00598424306848	wilcoxon_rank_sum	0.642834826490804	0.923184419686965	ns	0.0854132563587582	0.103427235366099
A549_180626_untreated	Untreated	raw	class	Fatty acyl glycosides of mono- and disaccharides	NPC class: Fatty acyl glycosides of mono- and disaccharides	Fatty acyl glycosides of mono- and disaccharides	Fatty acids	Fatty acyl glycosides	Fatty acyl glycosides of mono- and disaccharides	1	1894170.6	6.27741932079041	wilcoxon_rank_sum	0.642834826490804	0.923184419686965	ns	0.0854132563587582	0.103427235366099
A549_210626_PET100	PET	raw	class	Fatty acyl glycosides of mono- and disaccharides	NPC class: Fatty acyl glycosides of mono- and disaccharides	Fatty acyl glycosides of mono- and disaccharides	Fatty acids	Fatty acyl glycosides	Fatty acyl glycosides of mono- and disaccharides	1	1332313.6	6.12460678708023	wilcoxon_rank_sum	0.642834826490804	0.923184419686965	ns	0.0854132563587582	0.103427235366099
A549_210626_untreated	Untreated	raw	class	Fatty acyl glycosides of mono- and disaccharides	NPC class: Fatty acyl glycosides of mono- and disaccharides	Fatty acyl glycosides of mono- and disaccharides	Fatty acids	Fatty acyl glycosides	Fatty acyl glycosides of mono- and disaccharides	1	1286504	6.10941147843458	wilcoxon_rank_sum	0.642834826490804	0.923184419686965	ns	0.0854132563587582	0.103427235366099
A549_110626_PET100	PET	raw	class	Fatty alcohols	NPC class: Fatty alcohols	Fatty alcohols	Fatty acids	Fatty Acids and Conjugates | Fatty acyls	Fatty alcohols	39	761639410	8.88174940850796	wilcoxon_rank_sum	1	1	ns	0.00774344485494893	0.0232975924920265
A549_110626_untreated	Untreated	raw	class	Fatty alcohols	NPC class: Fatty alcohols	Fatty alcohols	Fatty acids	Fatty Acids and Conjugates | Fatty acyls	Fatty alcohols	39	864255247.4	8.93664202558122	wilcoxon_rank_sum	1	1	ns	0.00774344485494893	0.0232975924920265
A549_180626_PET100	PET	raw	class	Fatty alcohols	NPC class: Fatty alcohols	Fatty alcohols	Fatty acids	Fatty Acids and Conjugates | Fatty acyls	Fatty alcohols	39	773723434	8.88858575122886	wilcoxon_rank_sum	1	1	ns	0.00774344485494893	0.0232975924920265
A549_180626_untreated	Untreated	raw	class	Fatty alcohols	NPC class: Fatty alcohols	Fatty alcohols	Fatty acids	Fatty Acids and Conjugates | Fatty acyls	Fatty alcohols	39	816363056.8	8.91188334372089	wilcoxon_rank_sum	1	1	ns	0.00774344485494893	0.0232975924920265
A549_210626_PET100	PET	raw	class	Fatty alcohols	NPC class: Fatty alcohols	Fatty alcohols	Fatty acids	Fatty Acids and Conjugates | Fatty acyls	Fatty alcohols	39	845991748.7	8.92736612772314	wilcoxon_rank_sum	1	1	ns	0.00774344485494893	0.0232975924920265
A549_210626_untreated	Untreated	raw	class	Fatty alcohols	NPC class: Fatty alcohols	Fatty alcohols	Fatty acids	Fatty Acids and Conjugates | Fatty acyls	Fatty alcohols	39	669800678.2	8.82594558359301	wilcoxon_rank_sum	1	1	ns	0.00774344485494893	0.0232975924920265
A549_110626_PET100	PET	raw	class	Fatty aldehydes	NPC class: Fatty aldehydes	Fatty aldehydes	Fatty acids	Fatty acyls	Fatty aldehydes	10	777140083.7	8.89049931034358	wilcoxon_rank_sum	1	1	ns	0.0189914312848085	0.0124694122466398
A549_110626_untreated	Untreated	raw	class	Fatty aldehydes	NPC class: Fatty aldehydes	Fatty aldehydes	Fatty acids	Fatty acyls	Fatty aldehydes	10	814909152.3	8.91110919595517	wilcoxon_rank_sum	1	1	ns	0.0189914312848085	0.0124694122466398
A549_180626_PET100	PET	raw	class	Fatty aldehydes	NPC class: Fatty aldehydes	Fatty aldehydes	Fatty acids	Fatty acyls	Fatty aldehydes	10	689107597.7	8.83828703884994	wilcoxon_rank_sum	1	1	ns	0.0189914312848085	0.0124694122466398
A549_180626_untreated	Untreated	raw	class	Fatty aldehydes	NPC class: Fatty aldehydes	Fatty aldehydes	Fatty acids	Fatty acyls	Fatty aldehydes	10	799776652.9	8.90296872259022	wilcoxon_rank_sum	1	1	ns	0.0189914312848085	0.0124694122466398
A549_210626_PET100	PET	raw	class	Fatty aldehydes	NPC class: Fatty aldehydes	Fatty aldehydes	Fatty acids	Fatty acyls	Fatty aldehydes	10	858740091.5	8.93386173953206	wilcoxon_rank_sum	1	1	ns	0.0189914312848085	0.0124694122466398
A549_210626_untreated	Untreated	raw	class	Fatty aldehydes	NPC class: Fatty aldehydes	Fatty aldehydes	Fatty acids	Fatty acyls	Fatty aldehydes	10	618864934.2	8.79159587632577	wilcoxon_rank_sum	1	1	ns	0.0189914312848085	0.0124694122466398
A549_110626_PET100	PET	raw	class	Glycerophosphates	NPC class: Glycerophosphates	Glycerophosphates	Fatty acids	Glycerophospholipids	Glycerophosphates	5	119911767	8.07886180634048	wilcoxon_rank_sum	1	1	ns	0.0165765989388902	0.0068642236746097
A549_110626_untreated	Untreated	raw	class	Glycerophosphates	NPC class: Glycerophosphates	Glycerophosphates	Fatty acids	Glycerophospholipids	Glycerophosphates	5	121822084.5	8.08572603001509	wilcoxon_rank_sum	1	1	ns	0.0165765989388902	0.0068642236746097
A549_180626_PET100	PET	raw	class	Glycerophosphates	NPC class: Glycerophosphates	Glycerophosphates	Fatty acids	Glycerophospholipids	Glycerophosphates	5	140011555.4	8.14616388334694	wilcoxon_rank_sum	1	1	ns	0.0165765989388902	0.0068642236746097
A549_180626_untreated	Untreated	raw	class	Glycerophosphates	NPC class: Glycerophosphates	Glycerophosphates	Fatty acids	Glycerophospholipids	Glycerophosphates	5	13129846.4	7.11825967858582	wilcoxon_rank_sum	1	1	ns	0.0165765989388902	0.0068642236746097
A549_210626_PET100	PET	raw	class	Glycerophosphates	NPC class: Glycerophosphates	Glycerophosphates	Fatty acids	Glycerophospholipids	Glycerophosphates	5	14684669.9	7.16686421793982	wilcoxon_rank_sum	1	1	ns	0.0165765989388902	0.0068642236746097
A549_210626_untreated	Untreated	raw	class	Glycerophosphates	NPC class: Glycerophosphates	Glycerophosphates	Fatty acids	Glycerophospholipids	Glycerophosphates	5	137459385.8	8.13817440220966	wilcoxon_rank_sum	1	1	ns	0.0165765989388902	0.0068642236746097
A549_110626_PET100	PET	raw	class	Glycerophosphocholines	NPC class: Glycerophosphocholines	Glycerophosphocholines	Fatty acids	Glycerophospholipids	Glycerophosphocholines	145	6372891552.4	9.80433652821458	wilcoxon_rank_sum	1	1	ns	0.0172928650808366	0.0252153398592867
A549_110626_untreated	Untreated	raw	class	Glycerophosphocholines	NPC class: Glycerophosphocholines	Glycerophosphocholines	Fatty acids	Glycerophospholipids	Glycerophosphocholines	145	7659692083.9	9.88421131160171	wilcoxon_rank_sum	1	1	ns	0.0172928650808366	0.0252153398592867
A549_180626_PET100	PET	raw	class	Glycerophosphocholines	NPC class: Glycerophosphocholines	Glycerophosphocholines	Fatty acids	Glycerophospholipids	Glycerophosphocholines	145	7227630995.5	9.85899597174242	wilcoxon_rank_sum	1	1	ns	0.0172928650808366	0.0252153398592867
A549_180626_untreated	Untreated	raw	class	Glycerophosphocholines	NPC class: Glycerophosphocholines	Glycerophosphocholines	Fatty acids	Glycerophospholipids	Glycerophosphocholines	145	8260959448.4	9.91703049034481	wilcoxon_rank_sum	1	1	ns	0.0172928650808366	0.0252153398592867
A549_210626_PET100	PET	raw	class	Glycerophosphocholines	NPC class: Glycerophosphocholines	Glycerophosphocholines	Fatty acids	Glycerophospholipids	Glycerophosphocholines	145	8403637074.6	9.92446728844267	wilcoxon_rank_sum	1	1	ns	0.0172928650808366	0.0252153398592867
A549_210626_untreated	Untreated	raw	class	Glycerophosphocholines	NPC class: Glycerophosphocholines	Glycerophosphocholines	Fatty acids	Glycerophospholipids	Glycerophosphocholines	145	6893449234.1	9.83843658169565	wilcoxon_rank_sum	1	1	ns	0.0172928650808366	0.0252153398592867
A549_110626_PET100	PET	raw	class	Glycerophosphoethanolamines	NPC class: Glycerophosphoethanolamines	Glycerophosphoethanolamines	Fatty acids	Glycerophospholipids	Glycerophosphoethanolamines	30	897131016.1	8.95285587208369	wilcoxon_rank_sum	0.0808555983700523	0.809328621258477	ns	0.322973381207069	0.401861675985979
A549_110626_untreated	Untreated	raw	class	Glycerophosphoethanolamines	NPC class: Glycerophosphoethanolamines	Glycerophosphoethanolamines	Fatty acids	Glycerophospholipids	Glycerophosphoethanolamines	30	2988437517.4	9.47544418013029	wilcoxon_rank_sum	0.0808555983700523	0.809328621258477	ns	0.322973381207069	0.401861675985979
A549_180626_PET100	PET	raw	class	Glycerophosphoethanolamines	NPC class: Glycerophosphoethanolamines	Glycerophosphoethanolamines	Fatty acids	Glycerophospholipids	Glycerophosphoethanolamines	30	2782682410.3	9.44446364295263	wilcoxon_rank_sum	0.0808555983700523	0.809328621258477	ns	0.322973381207069	0.401861675985979
A549_180626_untreated	Untreated	raw	class	Glycerophosphoethanolamines	NPC class: Glycerophosphoethanolamines	Glycerophosphoethanolamines	Fatty acids	Glycerophospholipids	Glycerophosphoethanolamines	30	3248106240.8	9.51163022607187	wilcoxon_rank_sum	0.0808555983700523	0.809328621258477	ns	0.322973381207069	0.401861675985979
A549_210626_PET100	PET	raw	class	Glycerophosphoethanolamines	NPC class: Glycerophosphoethanolamines	Glycerophosphoethanolamines	Fatty acids	Glycerophospholipids	Glycerophosphoethanolamines	30	1184629392	9.07358250414431	wilcoxon_rank_sum	0.0808555983700523	0.809328621258477	ns	0.322973381207069	0.401861675985979
A549_210626_untreated	Untreated	raw	class	Glycerophosphoethanolamines	NPC class: Glycerophosphoethanolamines	Glycerophosphoethanolamines	Fatty acids	Glycerophospholipids	Glycerophosphoethanolamines	30	2836271208.9	9.45274775659968	wilcoxon_rank_sum	0.0808555983700523	0.809328621258477	ns	0.322973381207069	0.401861675985979
A549_110626_PET100	PET	raw	class	Glycerophosphoinositols	NPC class: Glycerophosphoinositols	Glycerophosphoinositols	Fatty acids	Glycerophospholipids	Glycerophosphoinositols	3	12116666.5	7.08338319034434	wilcoxon_rank_sum	0.662520583540057	0.923184419686965	ns	0.0198017068983001	0.0502574850179158
A549_110626_untreated	Untreated	raw	class	Glycerophosphoinositols	NPC class: Glycerophosphoinositols	Glycerophosphoinositols	Fatty acids	Glycerophospholipids	Glycerophosphoinositols	3	15237357.5	7.18290968561876	wilcoxon_rank_sum	0.662520583540057	0.923184419686965	ns	0.0198017068983001	0.0502574850179158
A549_180626_PET100	PET	raw	class	Glycerophosphoinositols	NPC class: Glycerophosphoinositols	Glycerophosphoinositols	Fatty acids	Glycerophospholipids	Glycerophosphoinositols	3	12909401.3	7.11090613507657	wilcoxon_rank_sum	0.662520583540057	0.923184419686965	ns	0.0198017068983001	0.0502574850179158
A549_180626_untreated	Untreated	raw	class	Glycerophosphoinositols	NPC class: Glycerophosphoinositols	Glycerophosphoinositols	Fatty acids	Glycerophospholipids	Glycerophosphoinositols	3	14493176.8	7.16116362009449	wilcoxon_rank_sum	0.662520583540057	0.923184419686965	ns	0.0198017068983001	0.0502574850179158
A549_210626_PET100	PET	raw	class	Glycerophosphoinositols	NPC class: Glycerophosphoinositols	Glycerophosphoinositols	Fatty acids	Glycerophospholipids	Glycerophosphoinositols	3	13909338.5	7.14330650753943	wilcoxon_rank_sum	0.662520583540057	0.923184419686965	ns	0.0198017068983001	0.0502574850179158
A549_210626_untreated	Untreated	raw	class	Glycerophosphoinositols	NPC class: Glycerophosphoinositols	Glycerophosphoinositols	Fatty acids	Glycerophospholipids	Glycerophosphoinositols	3	11296076.1	7.052927647942	wilcoxon_rank_sum	0.662520583540057	0.923184419686965	ns	0.0198017068983001	0.0502574850179158
A549_110626_PET100	PET	raw	class	Glycerophosphoserines	NPC class: Glycerophosphoserines	Glycerophosphoserines	Fatty acids	Glycerophospholipids	Glycerophosphoserines	6	28446516.2	7.45402910189412	wilcoxon_rank_sum	1	1	ns	0.0388267814393108	0.0142959475551718
A549_110626_untreated	Untreated	raw	class	Glycerophosphoserines	NPC class: Glycerophosphoserines	Glycerophosphoserines	Fatty acids	Glycerophospholipids	Glycerophosphoserines	6	32626355.7	7.51356857996543	wilcoxon_rank_sum	1	1	ns	0.0388267814393108	0.0142959475551718
A549_180626_PET100	PET	raw	class	Glycerophosphoserines	NPC class: Glycerophosphoserines	Glycerophosphoserines	Fatty acids	Glycerophospholipids	Glycerophosphoserines	6	34376736.5	7.53626465789555	wilcoxon_rank_sum	1	1	ns	0.0388267814393108	0.0142959475551718
A549_180626_untreated	Untreated	raw	class	Glycerophosphoserines	NPC class: Glycerophosphoserines	Glycerophosphoserines	Fatty acids	Glycerophospholipids	Glycerophosphoserines	6	33263557.7	7.52196871034038	wilcoxon_rank_sum	1	1	ns	0.0388267814393108	0.0142959475551718
A549_210626_PET100	PET	raw	class	Glycerophosphoserines	NPC class: Glycerophosphoserines	Glycerophosphoserines	Fatty acids	Glycerophospholipids	Glycerophosphoserines	6	35024000.7	7.5443657653037	wilcoxon_rank_sum	1	1	ns	0.0388267814393108	0.0142959475551718
A549_210626_untreated	Untreated	raw	class	Glycerophosphoserines	NPC class: Glycerophosphoserines	Glycerophosphoserines	Fatty acids	Glycerophospholipids	Glycerophosphoserines	6	41266968.7	7.6156025791055	wilcoxon_rank_sum	1	1	ns	0.0388267814393108	0.0142959475551718
A549_110626_PET100	PET	raw	class	Halogenated fatty acids	NPC class: Halogenated fatty acids	Halogenated fatty acids	Fatty acids	Fatty Acids and Conjugates	Halogenated fatty acids	3	30580056.3	7.48543829484512	wilcoxon_rank_sum	0.382733088885226	0.923184419686965	ns	0.0683076661753725	0.0510272053069922
A549_110626_untreated	Untreated	raw	class	Halogenated fatty acids	NPC class: Halogenated fatty acids	Halogenated fatty acids	Fatty acids	Fatty Acids and Conjugates	Halogenated fatty acids	3	32440195	7.51108346950525	wilcoxon_rank_sum	0.382733088885226	0.923184419686965	ns	0.0683076661753725	0.0510272053069922
A549_180626_PET100	PET	raw	class	Halogenated fatty acids	NPC class: Halogenated fatty acids	Halogenated fatty acids	Fatty acids	Fatty Acids and Conjugates	Halogenated fatty acids	3	36891218.8	7.56692301531493	wilcoxon_rank_sum	0.382733088885226	0.923184419686965	ns	0.0683076661753725	0.0510272053069922
A549_180626_untreated	Untreated	raw	class	Halogenated fatty acids	NPC class: Halogenated fatty acids	Halogenated fatty acids	Fatty acids	Fatty Acids and Conjugates	Halogenated fatty acids	3	22092630	7.34424743885657	wilcoxon_rank_sum	0.382733088885226	0.923184419686965	ns	0.0683076661753725	0.0510272053069922
A549_210626_PET100	PET	raw	class	Halogenated fatty acids	NPC class: Halogenated fatty acids	Halogenated fatty acids	Fatty acids	Fatty Acids and Conjugates	Halogenated fatty acids	3	36484690.2	7.56211067481224	wilcoxon_rank_sum	0.382733088885226	0.923184419686965	ns	0.0683076661753725	0.0510272053069922
A549_210626_untreated	Untreated	raw	class	Halogenated fatty acids	NPC class: Halogenated fatty acids	Halogenated fatty acids	Fatty acids	Fatty Acids and Conjugates	Halogenated fatty acids	3	35827628.8	7.55421807808435	wilcoxon_rank_sum	0.382733088885226	0.923184419686965	ns	0.0683076661753725	0.0510272053069922
A549_110626_PET100	PET	raw	class	Hydrocarbons	NPC class: Hydrocarbons	Hydrocarbons	Fatty acids	Fatty acyls	Hydrocarbons	4	100392076.6	8.00169944198869	wilcoxon_rank_sum	1	1	ns	0.0286473452305609	0.00555771833962204
A549_110626_untreated	Untreated	raw	class	Hydrocarbons	NPC class: Hydrocarbons	Hydrocarbons	Fatty acids	Fatty acyls	Hydrocarbons	4	104582692.6	8.01945982319407	wilcoxon_rank_sum	1	1	ns	0.0286473452305609	0.00555771833962204
A549_180626_PET100	PET	raw	class	Hydrocarbons	NPC class: Hydrocarbons	Hydrocarbons	Fatty acids	Fatty acyls	Hydrocarbons	4	94449705.6	7.97520061316099	wilcoxon_rank_sum	1	1	ns	0.0286473452305609	0.00555771833962204
A549_180626_untreated	Untreated	raw	class	Hydrocarbons	NPC class: Hydrocarbons	Hydrocarbons	Fatty acids	Fatty acyls	Hydrocarbons	4	101685061.6	8.00725716032832	wilcoxon_rank_sum	1	1	ns	0.0286473452305609	0.00555771833962204
A549_210626_PET100	PET	raw	class	Hydrocarbons	NPC class: Hydrocarbons	Hydrocarbons	Fatty acids	Fatty acyls	Hydrocarbons	4	107048778.6	8.02958172052343	wilcoxon_rank_sum	1	1	ns	0.0286473452305609	0.00555771833962204
A549_210626_untreated	Untreated	raw	class	Hydrocarbons	NPC class: Hydrocarbons	Hydrocarbons	Fatty acids	Fatty acyls	Hydrocarbons	4	78310996.6	7.89382275645904	wilcoxon_rank_sum	1	1	ns	0.0286473452305609	0.00555771833962204
A549_110626_PET100	PET	raw	class	Hydroxy fatty acids	NPC class: Hydroxy fatty acids	Hydroxy fatty acids	Fatty acids	Fatty Acids and Conjugates	Hydroxy fatty acids	5	21067388	7.32361071438564	wilcoxon_rank_sum	0.0808555983700523	0.809328621258477	ns	0.327060312108044	0.257279901504394
A549_110626_untreated	Untreated	raw	class	Hydroxy fatty acids	NPC class: Hydroxy fatty acids	Hydroxy fatty acids	Fatty acids	Fatty Acids and Conjugates	Hydroxy fatty acids	5	24479027.7	7.38879418150461	wilcoxon_rank_sum	0.0808555983700523	0.809328621258477	ns	0.327060312108044	0.257279901504394
A549_180626_PET100	PET	raw	class	Hydroxy fatty acids	NPC class: Hydroxy fatty acids	Hydroxy fatty acids	Fatty acids	Fatty Acids and Conjugates	Hydroxy fatty acids	5	13536745	7.13151428000021	wilcoxon_rank_sum	0.0808555983700523	0.809328621258477	ns	0.327060312108044	0.257279901504394
A549_180626_untreated	Untreated	raw	class	Hydroxy fatty acids	NPC class: Hydroxy fatty acids	Hydroxy fatty acids	Fatty acids	Fatty Acids and Conjugates	Hydroxy fatty acids	5	23441682.5	7.36998879798197	wilcoxon_rank_sum	0.0808555983700523	0.809328621258477	ns	0.327060312108044	0.257279901504394
A549_210626_PET100	PET	raw	class	Hydroxy fatty acids	NPC class: Hydroxy fatty acids	Hydroxy fatty acids	Fatty acids	Fatty Acids and Conjugates	Hydroxy fatty acids	5	7881571	6.89661284729118	wilcoxon_rank_sum	0.0808555983700523	0.809328621258477	ns	0.327060312108044	0.257279901504394
A549_210626_untreated	Untreated	raw	class	Hydroxy fatty acids	NPC class: Hydroxy fatty acids	Hydroxy fatty acids	Fatty acids	Fatty Acids and Conjugates	Hydroxy fatty acids	5	37509026	7.57413579851458	wilcoxon_rank_sum	0.0808555983700523	0.809328621258477	ns	0.327060312108044	0.257279901504394
A549_110626_PET100	PET	raw	class	Imidazole alkaloids	NPC class: Imidazole alkaloids	Imidazole alkaloids	Alkaloids	Histidine alkaloids	Imidazole alkaloids	1	1013873.6	6.00598424306848	wilcoxon_rank_sum	NA	NA	ns	0	0
A549_110626_untreated	Untreated	raw	class	Imidazole alkaloids	NPC class: Imidazole alkaloids	Imidazole alkaloids	Alkaloids	Histidine alkaloids	Imidazole alkaloids	1	1013873.6	6.00598424306848	wilcoxon_rank_sum	NA	NA	ns	0	0
A549_180626_PET100	PET	raw	class	Imidazole alkaloids	NPC class: Imidazole alkaloids	Imidazole alkaloids	Alkaloids	Histidine alkaloids	Imidazole alkaloids	1	1013873.6	6.00598424306848	wilcoxon_rank_sum	NA	NA	ns	0	0
A549_180626_untreated	Untreated	raw	class	Imidazole alkaloids	NPC class: Imidazole alkaloids	Imidazole alkaloids	Alkaloids	Histidine alkaloids	Imidazole alkaloids	1	1013873.6	6.00598424306848	wilcoxon_rank_sum	NA	NA	ns	0	0
A549_210626_PET100	PET	raw	class	Imidazole alkaloids	NPC class: Imidazole alkaloids	Imidazole alkaloids	Alkaloids	Histidine alkaloids	Imidazole alkaloids	1	1013873.6	6.00598424306848	wilcoxon_rank_sum	NA	NA	ns	0	0
A549_210626_untreated	Untreated	raw	class	Imidazole alkaloids	NPC class: Imidazole alkaloids	Imidazole alkaloids	Alkaloids	Histidine alkaloids	Imidazole alkaloids	1	1013873.6	6.00598424306848	wilcoxon_rank_sum	NA	NA	ns	0	0
A549_110626_PET100	PET	raw	class	Isoquinoline alkaloids	NPC class: Isoquinoline alkaloids	Isoquinoline alkaloids	Alkaloids	Tyrosine alkaloids	Isoquinoline alkaloids	8	425847211.3	8.62925380859295	wilcoxon_rank_sum	0.382733088885226	0.923184419686965	ns	0.41208613520746	0.131515569388922
A549_110626_untreated	Untreated	raw	class	Isoquinoline alkaloids	NPC class: Isoquinoline alkaloids	Isoquinoline alkaloids	Alkaloids	Tyrosine alkaloids	Isoquinoline alkaloids	8	499555980.2	8.69858416316051	wilcoxon_rank_sum	0.382733088885226	0.923184419686965	ns	0.41208613520746	0.131515569388922
A549_180626_PET100	PET	raw	class	Isoquinoline alkaloids	NPC class: Isoquinoline alkaloids	Isoquinoline alkaloids	Alkaloids	Tyrosine alkaloids	Isoquinoline alkaloids	8	369035879.6	8.56706859377159	wilcoxon_rank_sum	0.382733088885226	0.923184419686965	ns	0.41208613520746	0.131515569388922
A549_180626_untreated	Untreated	raw	class	Isoquinoline alkaloids	NPC class: Isoquinoline alkaloids	Isoquinoline alkaloids	Alkaloids	Tyrosine alkaloids	Isoquinoline alkaloids	8	885338578	8.9471093891962	wilcoxon_rank_sum	0.382733088885226	0.923184419686965	ns	0.41208613520746	0.131515569388922
A549_210626_PET100	PET	raw	class	Isoquinoline alkaloids	NPC class: Isoquinoline alkaloids	Isoquinoline alkaloids	Alkaloids	Tyrosine alkaloids	Isoquinoline alkaloids	8	49506749.6	7.69466442213434	wilcoxon_rank_sum	0.382733088885226	0.923184419686965	ns	0.41208613520746	0.131515569388922
A549_210626_untreated	Untreated	raw	class	Isoquinoline alkaloids	NPC class: Isoquinoline alkaloids	Isoquinoline alkaloids	Alkaloids	Tyrosine alkaloids	Isoquinoline alkaloids	8	303076090.4	8.48155167776454	wilcoxon_rank_sum	0.382733088885226	0.923184419686965	ns	0.41208613520746	0.131515569388922
A549_110626_PET100	PET	raw	class	Jasmonic acids	NPC class: Jasmonic acids	Jasmonic acids	Fatty acids	Octadecanoids	Jasmonic acids	2	20731512	7.31663099835885	wilcoxon_rank_sum	0.382733088885226	0.923184419686965	ns	0.2087482975977	0.266368929539132
A549_110626_untreated	Untreated	raw	class	Jasmonic acids	NPC class: Jasmonic acids	Jasmonic acids	Fatty acids	Octadecanoids	Jasmonic acids	2	14432184	7.15933208726856	wilcoxon_rank_sum	0.382733088885226	0.923184419686965	ns	0.2087482975977	0.266368929539132
A549_180626_PET100	PET	raw	class	Jasmonic acids	NPC class: Jasmonic acids	Jasmonic acids	Fatty acids	Octadecanoids	Jasmonic acids	2	40587950	7.60839712739872	wilcoxon_rank_sum	0.382733088885226	0.923184419686965	ns	0.2087482975977	0.266368929539132
A549_180626_untreated	Untreated	raw	class	Jasmonic acids	NPC class: Jasmonic acids	Jasmonic acids	Fatty acids	Octadecanoids	Jasmonic acids	2	21980024.8	7.34202819785959	wilcoxon_rank_sum	0.382733088885226	0.923184419686965	ns	0.2087482975977	0.266368929539132
A549_210626_PET100	PET	raw	class	Jasmonic acids	NPC class: Jasmonic acids	Jasmonic acids	Fatty acids	Octadecanoids	Jasmonic acids	2	55433094	7.74376912726461	wilcoxon_rank_sum	0.382733088885226	0.923184419686965	ns	0.2087482975977	0.266368929539132
A549_210626_untreated	Untreated	raw	class	Jasmonic acids	NPC class: Jasmonic acids	Jasmonic acids	Fatty acids	Octadecanoids	Jasmonic acids	2	34768989	7.54119207510093	wilcoxon_rank_sum	0.382733088885226	0.923184419686965	ns	0.2087482975977	0.266368929539132
A549_110626_PET100	PET	raw	class	Lactones	NPC class: Lactones	Lactones	Fatty acids	Fatty esters	Lactones	1	9923007	6.99664334148693	wilcoxon_rank_sum	0.662520583540057	0.923184419686965	ns	0.516666683969889	0.795639417959565
A549_110626_untreated	Untreated	raw	class	Lactones	NPC class: Lactones	Lactones	Fatty acids	Fatty esters	Lactones	1	1706158.9	6.23201973048534	wilcoxon_rank_sum	0.662520583540057	0.923184419686965	ns	0.516666683969889	0.795639417959565
A549_180626_PET100	PET	raw	class	Lactones	NPC class: Lactones	Lactones	Fatty acids	Fatty esters	Lactones	1	1013873.6	6.00598424306848	wilcoxon_rank_sum	0.662520583540057	0.923184419686965	ns	0.516666683969889	0.795639417959565
A549_180626_untreated	Untreated	raw	class	Lactones	NPC class: Lactones	Lactones	Fatty acids	Fatty esters	Lactones	1	1588560.1	6.20100392352736	wilcoxon_rank_sum	0.662520583540057	0.923184419686965	ns	0.516666683969889	0.795639417959565
A549_210626_PET100	PET	raw	class	Lactones	NPC class: Lactones	Lactones	Fatty acids	Fatty esters	Lactones	1	13588868	7.13318331195698	wilcoxon_rank_sum	0.662520583540057	0.923184419686965	ns	0.516666683969889	0.795639417959565
A549_210626_untreated	Untreated	raw	class	Lactones	NPC class: Lactones	Lactones	Fatty acids	Fatty esters	Lactones	1	1421631	6.15278719059002	wilcoxon_rank_sum	0.662520583540057	0.923184419686965	ns	0.516666683969889	0.795639417959565
A549_110626_PET100	PET	raw	class	Linear peptides	NPC class: Linear peptides	Linear peptides	Amino acids and Peptides	Oligopeptides	Linear peptides	3	220090045.5	8.34260040217229	wilcoxon_rank_sum	0.662520583540057	0.923184419686965	ns	0.00997007162829533	0.0528238141048245
A549_110626_untreated	Untreated	raw	class	Linear peptides	NPC class: Linear peptides	Linear peptides	Amino acids and Peptides	Oligopeptides	Linear peptides	3	248555979	8.39542421627711	wilcoxon_rank_sum	0.662520583540057	0.923184419686965	ns	0.00997007162829533	0.0528238141048245
A549_180626_PET100	PET	raw	class	Linear peptides	NPC class: Linear peptides	Linear peptides	Amino acids and Peptides	Oligopeptides	Linear peptides	3	213754958.5	8.32991619993119	wilcoxon_rank_sum	0.662520583540057	0.923184419686965	ns	0.00997007162829533	0.0528238141048245
A549_180626_untreated	Untreated	raw	class	Linear peptides	NPC class: Linear peptides	Linear peptides	Amino acids and Peptides	Oligopeptides	Linear peptides	3	266992044	8.42649832179877	wilcoxon_rank_sum	0.662520583540057	0.923184419686965	ns	0.00997007162829533	0.0528238141048245
A549_210626_PET100	PET	raw	class	Linear peptides	NPC class: Linear peptides	Linear peptides	Amino acids and Peptides	Oligopeptides	Linear peptides	3	226220081.5	8.35453115643289	wilcoxon_rank_sum	0.662520583540057	0.923184419686965	ns	0.00997007162829533	0.0528238141048245
A549_210626_untreated	Untreated	raw	class	Linear peptides	NPC class: Linear peptides	Linear peptides	Amino acids and Peptides	Oligopeptides	Linear peptides	3	171804855.2	8.23503543534538	wilcoxon_rank_sum	0.662520583540057	0.923184419686965	ns	0.00997007162829533	0.0528238141048245
A549_110626_PET100	PET	raw	class	Lipopeptides	NPC class: Lipopeptides	Lipopeptides	Amino acids and Peptides	Oligopeptides	Lipopeptides	7	11810423.8	7.07226551869548	wilcoxon_rank_sum	0.190430263825524	0.809328621258477	ns	0.073747973639307	0.100299993767388
A549_110626_untreated	Untreated	raw	class	Lipopeptides	NPC class: Lipopeptides	Lipopeptides	Amino acids and Peptides	Oligopeptides	Lipopeptides	7	15046980.3	7.17744938124219	wilcoxon_rank_sum	0.190430263825524	0.809328621258477	ns	0.073747973639307	0.100299993767388
A549_180626_PET100	PET	raw	class	Lipopeptides	NPC class: Lipopeptides	Lipopeptides	Amino acids and Peptides	Oligopeptides	Lipopeptides	7	11943987.8	7.0771493874748	wilcoxon_rank_sum	0.190430263825524	0.809328621258477	ns	0.073747973639307	0.100299993767388
A549_180626_untreated	Untreated	raw	class	Lipopeptides	NPC class: Lipopeptides	Lipopeptides	Amino acids and Peptides	Oligopeptides	Lipopeptides	7	15817768.2	7.1991452343801	wilcoxon_rank_sum	0.190430263825524	0.809328621258477	ns	0.073747973639307	0.100299993767388
A549_210626_PET100	PET	raw	class	Lipopeptides	NPC class: Lipopeptides	Lipopeptides	Amino acids and Peptides	Oligopeptides	Lipopeptides	7	12890638.2	7.11027445297405	wilcoxon_rank_sum	0.190430263825524	0.809328621258477	ns	0.073747973639307	0.100299993767388
A549_210626_untreated	Untreated	raw	class	Lipopeptides	NPC class: Lipopeptides	Lipopeptides	Amino acids and Peptides	Oligopeptides	Lipopeptides	7	12715651.9	7.10433866443996	wilcoxon_rank_sum	0.190430263825524	0.809328621258477	ns	0.073747973639307	0.100299993767388
A549_110626_PET100	PET	raw	class	Macrolide lactones	NPC class: Macrolide lactones	Macrolide lactones	Polyketides	Macrolides	Macrolide lactones	3	27898155.5	7.44557550620087	wilcoxon_rank_sum	1	1	ns	0.00125478312238236	0.0167932794872714
A549_110626_untreated	Untreated	raw	class	Macrolide lactones	NPC class: Macrolide lactones	Macrolide lactones	Polyketides	Macrolides	Macrolide lactones	3	26839981.4	7.42878222671359	wilcoxon_rank_sum	1	1	ns	0.00125478312238236	0.0167932794872714
A549_180626_PET100	PET	raw	class	Macrolide lactones	NPC class: Macrolide lactones	Macrolide lactones	Polyketides	Macrolides	Macrolide lactones	3	29458753	7.46921437379079	wilcoxon_rank_sum	1	1	ns	0.00125478312238236	0.0167932794872714
A549_180626_untreated	Untreated	raw	class	Macrolide lactones	NPC class: Macrolide lactones	Macrolide lactones	Polyketides	Macrolides	Macrolide lactones	3	26182580.1	7.41801245742608	wilcoxon_rank_sum	1	1	ns	0.00125478312238236	0.0167932794872714
A549_210626_PET100	PET	raw	class	Macrolide lactones	NPC class: Macrolide lactones	Macrolide lactones	Polyketides	Macrolides	Macrolide lactones	3	25769796.9	7.41111101260372	wilcoxon_rank_sum	1	1	ns	0.00125478312238236	0.0167932794872714
A549_210626_untreated	Untreated	raw	class	Macrolide lactones	NPC class: Macrolide lactones	Macrolide lactones	Polyketides	Macrolides	Macrolide lactones	3	30399787.2	7.48287055782284	wilcoxon_rank_sum	1	1	ns	0.00125478312238236	0.0167932794872714
A549_110626_PET100	PET	raw	class	Macrotetrolides	NPC class: Macrotetrolides	Macrotetrolides	Polyketides	Polyethers	Macrotetrolides	1	2666270.5	6.42590437048982	wilcoxon_rank_sum	0.662520583540057	0.923184419686965	ns	0.0561154135503541	0.281049192736464
A549_110626_untreated	Untreated	raw	class	Macrotetrolides	NPC class: Macrotetrolides	Macrotetrolides	Polyketides	Polyethers	Macrotetrolides	1	1592811.9	6.20216476433234	wilcoxon_rank_sum	0.662520583540057	0.923184419686965	ns	0.0561154135503541	0.281049192736464
A549_180626_PET100	PET	raw	class	Macrotetrolides	NPC class: Macrotetrolides	Macrotetrolides	Polyketides	Polyethers	Macrotetrolides	1	9101859	6.95913015113356	wilcoxon_rank_sum	0.662520583540057	0.923184419686965	ns	0.0561154135503541	0.281049192736464
A549_180626_untreated	Untreated	raw	class	Macrotetrolides	NPC class: Macrotetrolides	Macrotetrolides	Polyketides	Polyethers	Macrotetrolides	1	11753488	7.07016680520564	wilcoxon_rank_sum	0.662520583540057	0.923184419686965	ns	0.0561154135503541	0.281049192736464
A549_210626_PET100	PET	raw	class	Macrotetrolides	NPC class: Macrotetrolides	Macrotetrolides	Polyketides	Polyethers	Macrotetrolides	1	4921783	6.69212255010906	wilcoxon_rank_sum	0.662520583540057	0.923184419686965	ns	0.0561154135503541	0.281049192736464
A549_210626_untreated	Untreated	raw	class	Macrotetrolides	NPC class: Macrotetrolides	Macrotetrolides	Polyketides	Polyethers	Macrotetrolides	1	9400949	6.97317174284553	wilcoxon_rank_sum	0.662520583540057	0.923184419686965	ns	0.0561154135503541	0.281049192736464
A549_110626_PET100	PET	raw	class	Microcolins and mirabimids	NPC class: Microcolins and mirabimids	Microcolins and mirabimids	Amino acids and Peptides	Oligopeptides	Microcolins and mirabimids	1	1013873.6	6.00598424306848	wilcoxon_rank_sum	1	1	ns	0.038084590056541	0
A549_110626_untreated	Untreated	raw	class	Microcolins and mirabimids	NPC class: Microcolins and mirabimids	Microcolins and mirabimids	Amino acids and Peptides	Oligopeptides	Microcolins and mirabimids	1	1013873.6	6.00598424306848	wilcoxon_rank_sum	1	1	ns	0.038084590056541	0
A549_180626_PET100	PET	raw	class	Microcolins and mirabimids	NPC class: Microcolins and mirabimids	Microcolins and mirabimids	Amino acids and Peptides	Oligopeptides	Microcolins and mirabimids	1	1013873.6	6.00598424306848	wilcoxon_rank_sum	1	1	ns	0.038084590056541	0
A549_180626_untreated	Untreated	raw	class	Microcolins and mirabimids	NPC class: Microcolins and mirabimids	Microcolins and mirabimids	Amino acids and Peptides	Oligopeptides	Microcolins and mirabimids	1	1013873.6	6.00598424306848	wilcoxon_rank_sum	1	1	ns	0.038084590056541	0
A549_210626_PET100	PET	raw	class	Microcolins and mirabimids	NPC class: Microcolins and mirabimids	Microcolins and mirabimids	Amino acids and Peptides	Oligopeptides	Microcolins and mirabimids	1	2034195.5	6.30839290273804	wilcoxon_rank_sum	1	1	ns	0.038084590056541	0
A549_210626_untreated	Untreated	raw	class	Microcolins and mirabimids	NPC class: Microcolins and mirabimids	Microcolins and mirabimids	Amino acids and Peptides	Oligopeptides	Microcolins and mirabimids	1	1563647.5	6.19413913256841	wilcoxon_rank_sum	1	1	ns	0.038084590056541	0
A549_110626_PET100	PET	raw	class	Monoacylglycerols	NPC class: Monoacylglycerols	Monoacylglycerols	Fatty acids	Glycerolipids	Monoacylglycerols	3	12941183.1	7.11197401548019	wilcoxon_rank_sum	0.662520583540057	0.923184419686965	ns	0.0612379654974333	0.0771115039263544
A549_110626_untreated	Untreated	raw	class	Monoacylglycerols	NPC class: Monoacylglycerols	Monoacylglycerols	Fatty acids	Glycerolipids	Monoacylglycerols	3	10835837.2	7.03486251155384	wilcoxon_rank_sum	0.662520583540057	0.923184419686965	ns	0.0612379654974333	0.0771115039263544
A549_180626_PET100	PET	raw	class	Monoacylglycerols	NPC class: Monoacylglycerols	Monoacylglycerols	Fatty acids	Glycerolipids	Monoacylglycerols	3	14273733	7.15453759914582	wilcoxon_rank_sum	0.662520583540057	0.923184419686965	ns	0.0612379654974333	0.0771115039263544
A549_180626_untreated	Untreated	raw	class	Monoacylglycerols	NPC class: Monoacylglycerols	Monoacylglycerols	Fatty acids	Glycerolipids	Monoacylglycerols	3	8867187.4	6.9477859359612	wilcoxon_rank_sum	0.662520583540057	0.923184419686965	ns	0.0612379654974333	0.0771115039263544
A549_210626_PET100	PET	raw	class	Monoacylglycerols	NPC class: Monoacylglycerols	Monoacylglycerols	Fatty acids	Glycerolipids	Monoacylglycerols	3	11219031.4	7.04995540224443	wilcoxon_rank_sum	0.662520583540057	0.923184419686965	ns	0.0612379654974333	0.0771115039263544
A549_210626_untreated	Untreated	raw	class	Monoacylglycerols	NPC class: Monoacylglycerols	Monoacylglycerols	Fatty acids	Glycerolipids	Monoacylglycerols	3	32925505.6	7.5175324658477	wilcoxon_rank_sum	0.662520583540057	0.923184419686965	ns	0.0612379654974333	0.0771115039263544
A549_110626_PET100	PET	raw	class	N-acyl amines	NPC class: N-acyl amines	N-acyl amines	Fatty acids	Fatty amides	N-acyl amines	30	952718856.7	8.97896476153752	wilcoxon_rank_sum	0.382733088885226	0.923184419686965	ns	0.0284589406401885	0.0190010337609436
A549_110626_untreated	Untreated	raw	class	N-acyl amines	NPC class: N-acyl amines	N-acyl amines	Fatty acids	Fatty amides	N-acyl amines	30	911934670.5	8.95996372777658	wilcoxon_rank_sum	0.382733088885226	0.923184419686965	ns	0.0284589406401885	0.0190010337609436
A549_180626_PET100	PET	raw	class	N-acyl amines	NPC class: N-acyl amines	N-acyl amines	Fatty acids	Fatty amides	N-acyl amines	30	924825405.3	8.96605975194187	wilcoxon_rank_sum	0.382733088885226	0.923184419686965	ns	0.0284589406401885	0.0190010337609436
A549_180626_untreated	Untreated	raw	class	N-acyl amines	NPC class: N-acyl amines	N-acyl amines	Fatty acids	Fatty amides	N-acyl amines	30	956903697.1	8.98086823298246	wilcoxon_rank_sum	0.382733088885226	0.923184419686965	ns	0.0284589406401885	0.0190010337609436
A549_210626_PET100	PET	raw	class	N-acyl amines	NPC class: N-acyl amines	N-acyl amines	Fatty acids	Fatty amides	N-acyl amines	30	968587064.2	8.98613866505145	wilcoxon_rank_sum	0.382733088885226	0.923184419686965	ns	0.0284589406401885	0.0190010337609436
A549_210626_untreated	Untreated	raw	class	N-acyl amines	NPC class: N-acyl amines	N-acyl amines	Fatty acids	Fatty amides	N-acyl amines	30	803441749.4	8.90495439585124	wilcoxon_rank_sum	0.382733088885226	0.923184419686965	ns	0.0284589406401885	0.0190010337609436
A549_110626_PET100	PET	raw	class	N-acyl ethanolamines (endocannabinoids)	NPC class: N-acyl ethanolamines (endocannabinoids)	N-acyl ethanolamines (endocannabinoids)	Fatty acids	Fatty amides	N-acyl ethanolamines (endocannabinoids)	29	409899793.6	8.61267770069242	wilcoxon_rank_sum	0.662520583540057	0.923184419686965	ns	0.0225129124062882	0.0165647711493122
A549_110626_untreated	Untreated	raw	class	N-acyl ethanolamines (endocannabinoids)	NPC class: N-acyl ethanolamines (endocannabinoids)	N-acyl ethanolamines (endocannabinoids)	Fatty acids	Fatty amides	N-acyl ethanolamines (endocannabinoids)	29	429998214.5	8.63346665325375	wilcoxon_rank_sum	0.662520583540057	0.923184419686965	ns	0.0225129124062882	0.0165647711493122
A549_180626_PET100	PET	raw	class	N-acyl ethanolamines (endocannabinoids)	NPC class: N-acyl ethanolamines (endocannabinoids)	N-acyl ethanolamines (endocannabinoids)	Fatty acids	Fatty amides	N-acyl ethanolamines (endocannabinoids)	29	440774979.9	8.64421693528692	wilcoxon_rank_sum	0.662520583540057	0.923184419686965	ns	0.0225129124062882	0.0165647711493122
A549_180626_untreated	Untreated	raw	class	N-acyl ethanolamines (endocannabinoids)	NPC class: N-acyl ethanolamines (endocannabinoids)	N-acyl ethanolamines (endocannabinoids)	Fatty acids	Fatty amides	N-acyl ethanolamines (endocannabinoids)	29	425836095.2	8.62924247184174	wilcoxon_rank_sum	0.662520583540057	0.923184419686965	ns	0.0225129124062882	0.0165647711493122
A549_210626_PET100	PET	raw	class	N-acyl ethanolamines (endocannabinoids)	NPC class: N-acyl ethanolamines (endocannabinoids)	N-acyl ethanolamines (endocannabinoids)	Fatty acids	Fatty amides	N-acyl ethanolamines (endocannabinoids)	29	356465996.6	8.55201810989906	wilcoxon_rank_sum	0.662520583540057	0.923184419686965	ns	0.0225129124062882	0.0165647711493122
A549_210626_untreated	Untreated	raw	class	N-acyl ethanolamines (endocannabinoids)	NPC class: N-acyl ethanolamines (endocannabinoids)	N-acyl ethanolamines (endocannabinoids)	Fatty acids	Fatty amides	N-acyl ethanolamines (endocannabinoids)	29	410905880.9	8.61374235800178	wilcoxon_rank_sum	0.662520583540057	0.923184419686965	ns	0.0225129124062882	0.0165647711493122
A549_110626_PET100	PET	raw	class	Neutral glycosphingolipids	NPC class: Neutral glycosphingolipids	Neutral glycosphingolipids	Fatty acids	Spingolipids	Neutral glycosphingolipids	27	154230590.4	8.18817052389996	wilcoxon_rank_sum	0.190430263825524	0.809328621258477	ns	0.0606411027213731	0.0633146604089188
A549_110626_untreated	Untreated	raw	class	Neutral glycosphingolipids	NPC class: Neutral glycosphingolipids	Neutral glycosphingolipids	Fatty acids	Spingolipids	Neutral glycosphingolipids	27	148109887.4	8.17058405470077	wilcoxon_rank_sum	0.190430263825524	0.809328621258477	ns	0.0606411027213731	0.0633146604089188
A549_180626_PET100	PET	raw	class	Neutral glycosphingolipids	NPC class: Neutral glycosphingolipids	Neutral glycosphingolipids	Fatty acids	Spingolipids	Neutral glycosphingolipids	27	171355762	8.23389871510969	wilcoxon_rank_sum	0.190430263825524	0.809328621258477	ns	0.0606411027213731	0.0633146604089188
A549_180626_untreated	Untreated	raw	class	Neutral glycosphingolipids	NPC class: Neutral glycosphingolipids	Neutral glycosphingolipids	Fatty acids	Spingolipids	Neutral glycosphingolipids	27	165198699.1	8.21800662566222	wilcoxon_rank_sum	0.190430263825524	0.809328621258477	ns	0.0606411027213731	0.0633146604089188
A549_210626_PET100	PET	raw	class	Neutral glycosphingolipids	NPC class: Neutral glycosphingolipids	Neutral glycosphingolipids	Fatty acids	Spingolipids	Neutral glycosphingolipids	27	199012859.3	8.29888114162008	wilcoxon_rank_sum	0.190430263825524	0.809328621258477	ns	0.0606411027213731	0.0633146604089188
A549_210626_untreated	Untreated	raw	class	Neutral glycosphingolipids	NPC class: Neutral glycosphingolipids	Neutral glycosphingolipids	Fatty acids	Spingolipids	Neutral glycosphingolipids	27	141395760.8	8.15043639210262	wilcoxon_rank_sum	0.190430263825524	0.809328621258477	ns	0.0606411027213731	0.0633146604089188
A549_110626_PET100	PET	raw	class	Nitro fatty acids	NPC class: Nitro fatty acids	Nitro fatty acids	Fatty acids	Fatty Acids and Conjugates | Fatty amides	Nitro fatty acids	15	299476565	8.47636284457153	wilcoxon_rank_sum	0.382733088885226	0.923184419686965	ns	0.134146679586612	0.0535974649212321
A549_110626_untreated	Untreated	raw	class	Nitro fatty acids	NPC class: Nitro fatty acids	Nitro fatty acids	Fatty acids	Fatty Acids and Conjugates | Fatty amides	Nitro fatty acids	15	276278979.3	8.441347844428	wilcoxon_rank_sum	0.382733088885226	0.923184419686965	ns	0.134146679586612	0.0535974649212321
A549_180626_PET100	PET	raw	class	Nitro fatty acids	NPC class: Nitro fatty acids	Nitro fatty acids	Fatty acids	Fatty Acids and Conjugates | Fatty amides	Nitro fatty acids	15	235569256	8.37211861214885	wilcoxon_rank_sum	0.382733088885226	0.923184419686965	ns	0.134146679586612	0.0535974649212321
A549_180626_untreated	Untreated	raw	class	Nitro fatty acids	NPC class: Nitro fatty acids	Nitro fatty acids	Fatty acids	Fatty Acids and Conjugates | Fatty amides	Nitro fatty acids	15	136965520.9	8.13661125669609	wilcoxon_rank_sum	0.382733088885226	0.923184419686965	ns	0.134146679586612	0.0535974649212321
A549_210626_PET100	PET	raw	class	Nitro fatty acids	NPC class: Nitro fatty acids	Nitro fatty acids	Fatty acids	Fatty Acids and Conjugates | Fatty amides	Nitro fatty acids	15	358660097	8.55468306281384	wilcoxon_rank_sum	0.382733088885226	0.923184419686965	ns	0.134146679586612	0.0535974649212321
A549_210626_untreated	Untreated	raw	class	Nitro fatty acids	NPC class: Nitro fatty acids	Nitro fatty acids	Fatty acids	Fatty Acids and Conjugates | Fatty amides	Nitro fatty acids	15	264706970.7	8.4227653796503	wilcoxon_rank_sum	0.382733088885226	0.923184419686965	ns	0.134146679586612	0.0535974649212321
A549_110626_PET100	PET	raw	class	Open-chain polyketides	NPC class: Open-chain polyketides	Open-chain polyketides	Polyketides	Linear polyketides | Macrolides	Open-chain polyketides	7	107888214	8.03297400779694	wilcoxon_rank_sum	1	1	ns	0.0155312232834639	0.0032365464033397
A549_110626_untreated	Untreated	raw	class	Open-chain polyketides	NPC class: Open-chain polyketides	Open-chain polyketides	Polyketides	Linear polyketides | Macrolides	Open-chain polyketides	7	113523613.9	8.05508621178457	wilcoxon_rank_sum	1	1	ns	0.0155312232834639	0.0032365464033397
A549_180626_PET100	PET	raw	class	Open-chain polyketides	NPC class: Open-chain polyketides	Open-chain polyketides	Polyketides	Linear polyketides | Macrolides	Open-chain polyketides	7	112680732.5	8.05184966538123	wilcoxon_rank_sum	1	1	ns	0.0155312232834639	0.0032365464033397
A549_180626_untreated	Untreated	raw	class	Open-chain polyketides	NPC class: Open-chain polyketides	Open-chain polyketides	Polyketides	Linear polyketides | Macrolides	Open-chain polyketides	7	131599287	8.11925353959323	wilcoxon_rank_sum	1	1	ns	0.0155312232834639	0.0032365464033397
A549_210626_PET100	PET	raw	class	Open-chain polyketides	NPC class: Open-chain polyketides	Open-chain polyketides	Polyketides	Linear polyketides | Macrolides	Open-chain polyketides	7	140508769.1	8.14770343233481	wilcoxon_rank_sum	1	1	ns	0.0155312232834639	0.0032365464033397
A549_210626_untreated	Untreated	raw	class	Open-chain polyketides	NPC class: Open-chain polyketides	Open-chain polyketides	Polyketides	Linear polyketides | Macrolides	Open-chain polyketides	7	102705495	8.01159368428479	wilcoxon_rank_sum	1	1	ns	0.0155312232834639	0.0032365464033397
A549_110626_PET100	PET	raw	class	Other Octadecanoids	NPC class: Other Octadecanoids	Other Octadecanoids	Fatty acids	Fatty Acids and Conjugates | Octadecanoids	Other Octadecanoids	15	702442461.5	8.84661075670221	wilcoxon_rank_sum	0.662520583540057	0.923184419686965	ns	0.0794448131559893	0.0296207534802928
A549_110626_untreated	Untreated	raw	class	Other Octadecanoids	NPC class: Other Octadecanoids	Other Octadecanoids	Fatty acids	Fatty Acids and Conjugates | Octadecanoids	Other Octadecanoids	15	772115425.3	8.88768222942639	wilcoxon_rank_sum	0.662520583540057	0.923184419686965	ns	0.0794448131559893	0.0296207534802928
A549_180626_PET100	PET	raw	class	Other Octadecanoids	NPC class: Other Octadecanoids	Other Octadecanoids	Fatty acids	Fatty Acids and Conjugates | Octadecanoids	Other Octadecanoids	15	826614430	8.91730298290669	wilcoxon_rank_sum	0.662520583540057	0.923184419686965	ns	0.0794448131559893	0.0296207534802928
A549_180626_untreated	Untreated	raw	class	Other Octadecanoids	NPC class: Other Octadecanoids	Other Octadecanoids	Fatty acids	Fatty Acids and Conjugates | Octadecanoids	Other Octadecanoids	15	443019028.4	8.64642238127029	wilcoxon_rank_sum	0.662520583540057	0.923184419686965	ns	0.0794448131559893	0.0296207534802928
A549_210626_PET100	PET	raw	class	Other Octadecanoids	NPC class: Other Octadecanoids	Other Octadecanoids	Fatty acids	Fatty Acids and Conjugates | Octadecanoids	Other Octadecanoids	15	955876778.7	8.98040191178929	wilcoxon_rank_sum	0.662520583540057	0.923184419686965	ns	0.0794448131559893	0.0296207534802928
A549_210626_untreated	Untreated	raw	class	Other Octadecanoids	NPC class: Other Octadecanoids	Other Octadecanoids	Fatty acids	Fatty Acids and Conjugates | Octadecanoids	Other Octadecanoids	15	937295648.5	8.97187660123353	wilcoxon_rank_sum	0.662520583540057	0.923184419686965	ns	0.0794448131559893	0.0296207534802928
A549_110626_PET100	PET	raw	class	Oxo fatty acids	NPC class: Oxo fatty acids	Oxo fatty acids	Fatty acids	Fatty Acids and Conjugates	Oxo fatty acids	2	13849111.5	7.14142194316924	wilcoxon_rank_sum	0.382733088885226	0.923184419686965	ns	0.346974779671267	0.353993485765137
A549_110626_untreated	Untreated	raw	class	Oxo fatty acids	NPC class: Oxo fatty acids	Oxo fatty acids	Fatty acids	Fatty Acids and Conjugates	Oxo fatty acids	2	6129547.1	6.7874284574041	wilcoxon_rank_sum	0.382733088885226	0.923184419686965	ns	0.346974779671267	0.353993485765137
A549_180626_PET100	PET	raw	class	Oxo fatty acids	NPC class: Oxo fatty acids	Oxo fatty acids	Fatty acids	Fatty Acids and Conjugates	Oxo fatty acids	2	5658041.6	6.75266621298228	wilcoxon_rank_sum	0.382733088885226	0.923184419686965	ns	0.346974779671267	0.353993485765137
A549_180626_untreated	Untreated	raw	class	Oxo fatty acids	NPC class: Oxo fatty acids	Oxo fatty acids	Fatty acids	Fatty Acids and Conjugates	Oxo fatty acids	2	3211658.1	6.50672944107551	wilcoxon_rank_sum	0.382733088885226	0.923184419686965	ns	0.346974779671267	0.353993485765137
A549_210626_PET100	PET	raw	class	Oxo fatty acids	NPC class: Oxo fatty acids	Oxo fatty acids	Fatty acids	Fatty Acids and Conjugates	Oxo fatty acids	2	19638350	7.29310501798928	wilcoxon_rank_sum	0.382733088885226	0.923184419686965	ns	0.346974779671267	0.353993485765137
A549_210626_untreated	Untreated	raw	class	Oxo fatty acids	NPC class: Oxo fatty acids	Oxo fatty acids	Fatty acids	Fatty Acids and Conjugates	Oxo fatty acids	2	7113951.1	6.85211093664738	wilcoxon_rank_sum	0.382733088885226	0.923184419686965	ns	0.346974779671267	0.353993485765137
A549_110626_PET100	PET	raw	class	Phosphosphingolipids	NPC class: Phosphosphingolipids	Phosphosphingolipids	Fatty acids	Spingolipids	Phosphosphingolipids	27	429370557.9	8.63283226239734	wilcoxon_rank_sum	1	1	ns	0.018308652353161	0.0317369805820498
A549_110626_untreated	Untreated	raw	class	Phosphosphingolipids	NPC class: Phosphosphingolipids	Phosphosphingolipids	Fatty acids	Spingolipids	Phosphosphingolipids	27	510026769.7	8.70759297229824	wilcoxon_rank_sum	1	1	ns	0.018308652353161	0.0317369805820498
A549_180626_PET100	PET	raw	class	Phosphosphingolipids	NPC class: Phosphosphingolipids	Phosphosphingolipids	Fatty acids	Spingolipids	Phosphosphingolipids	27	474084755.8	8.67585599171619	wilcoxon_rank_sum	1	1	ns	0.018308652353161	0.0317369805820498
A549_180626_untreated	Untreated	raw	class	Phosphosphingolipids	NPC class: Phosphosphingolipids	Phosphosphingolipids	Fatty acids	Spingolipids	Phosphosphingolipids	27	588316549.2	8.76961106589456	wilcoxon_rank_sum	1	1	ns	0.018308652353161	0.0317369805820498
A549_210626_PET100	PET	raw	class	Phosphosphingolipids	NPC class: Phosphosphingolipids	Phosphosphingolipids	Fatty acids	Spingolipids	Phosphosphingolipids	27	588876478.9	8.77002420866908	wilcoxon_rank_sum	1	1	ns	0.018308652353161	0.0317369805820498
A549_210626_untreated	Untreated	raw	class	Phosphosphingolipids	NPC class: Phosphosphingolipids	Phosphosphingolipids	Fatty acids	Spingolipids	Phosphosphingolipids	27	453350794	8.6564343816493	wilcoxon_rank_sum	1	1	ns	0.018308652353161	0.0317369805820498
A549_110626_PET100	PET	raw	class	Polyene macrolides	NPC class: Polyene macrolides	Polyene macrolides	Polyketides	Macrolides	Polyene macrolides	4	9103174.3	6.95919290602787	wilcoxon_rank_sum	1	1	ns	0.0123123103351856	0.0129219578326669
A549_110626_untreated	Untreated	raw	class	Polyene macrolides	NPC class: Polyene macrolides	Polyene macrolides	Polyketides	Macrolides	Polyene macrolides	4	10972930.6	7.04032267202437	wilcoxon_rank_sum	1	1	ns	0.0123123103351856	0.0129219578326669
A549_180626_PET100	PET	raw	class	Polyene macrolides	NPC class: Polyene macrolides	Polyene macrolides	Polyketides	Macrolides	Polyene macrolides	4	8467941.6	6.92777790548959	wilcoxon_rank_sum	1	1	ns	0.0123123103351856	0.0129219578326669
A549_180626_untreated	Untreated	raw	class	Polyene macrolides	NPC class: Polyene macrolides	Polyene macrolides	Polyketides	Macrolides	Polyene macrolides	4	8678436.5	6.93844154012904	wilcoxon_rank_sum	1	1	ns	0.0123123103351856	0.0129219578326669
A549_210626_PET100	PET	raw	class	Polyene macrolides	NPC class: Polyene macrolides	Polyene macrolides	Polyketides	Macrolides	Polyene macrolides	4	8940533.8	6.95136349796171	wilcoxon_rank_sum	1	1	ns	0.0123123103351856	0.0129219578326669
A549_210626_untreated	Untreated	raw	class	Polyene macrolides	NPC class: Polyene macrolides	Polyene macrolides	Polyketides	Macrolides	Polyene macrolides	4	6647113.6	6.82263316632019	wilcoxon_rank_sum	1	1	ns	0.0123123103351856	0.0129219578326669
A549_110626_PET100	PET	raw	class	Prenyl quinone meroterpenoids	NPC class: Prenyl quinone meroterpenoids	Prenyl quinone meroterpenoids	Terpenoids	Fatty esters | Meroterpenoids | Steroids	Prenyl quinone meroterpenoids	18	831761644.4	8.91999889009097	wilcoxon_rank_sum	0.382733088885226	0.923184419686965	ns	0.294547634352504	0.261843230414502
A549_110626_untreated	Untreated	raw	class	Prenyl quinone meroterpenoids	NPC class: Prenyl quinone meroterpenoids	Prenyl quinone meroterpenoids	Terpenoids	Fatty esters | Meroterpenoids | Steroids	Prenyl quinone meroterpenoids	18	429531827.1	8.63299535036995	wilcoxon_rank_sum	0.382733088885226	0.923184419686965	ns	0.294547634352504	0.261843230414502
A549_180626_PET100	PET	raw	class	Prenyl quinone meroterpenoids	NPC class: Prenyl quinone meroterpenoids	Prenyl quinone meroterpenoids	Terpenoids	Fatty esters | Meroterpenoids | Steroids	Prenyl quinone meroterpenoids	18	784943830.3	8.89483858078446	wilcoxon_rank_sum	0.382733088885226	0.923184419686965	ns	0.294547634352504	0.261843230414502
A549_180626_untreated	Untreated	raw	class	Prenyl quinone meroterpenoids	NPC class: Prenyl quinone meroterpenoids	Prenyl quinone meroterpenoids	Terpenoids	Fatty esters | Meroterpenoids | Steroids	Prenyl quinone meroterpenoids	18	148215485.6	8.17089358416649	wilcoxon_rank_sum	0.382733088885226	0.923184419686965	ns	0.294547634352504	0.261843230414502
A549_210626_PET100	PET	raw	class	Prenyl quinone meroterpenoids	NPC class: Prenyl quinone meroterpenoids	Prenyl quinone meroterpenoids	Terpenoids	Fatty esters | Meroterpenoids | Steroids	Prenyl quinone meroterpenoids	18	593855106.8	8.77368049622898	wilcoxon_rank_sum	0.382733088885226	0.923184419686965	ns	0.294547634352504	0.261843230414502
A549_210626_untreated	Untreated	raw	class	Prenyl quinone meroterpenoids	NPC class: Prenyl quinone meroterpenoids	Prenyl quinone meroterpenoids	Terpenoids	Fatty esters | Meroterpenoids | Steroids	Prenyl quinone meroterpenoids	18	796133922.1	8.90098612951045	wilcoxon_rank_sum	0.382733088885226	0.923184419686965	ns	0.294547634352504	0.261843230414502
A549_110626_PET100	PET	raw	class	Primary amides	NPC class: Primary amides	Primary amides	Fatty acids	Fatty amides	Primary amides	33	1815942801	9.25910216512836	wilcoxon_rank_sum	0.382733088885226	0.923184419686965	ns	0.139771418593863	0.130876185717522
A549_110626_untreated	Untreated	raw	class	Primary amides	NPC class: Primary amides	Primary amides	Fatty acids	Fatty amides	Primary amides	33	977029229.6	8.9899075570641	wilcoxon_rank_sum	0.382733088885226	0.923184419686965	ns	0.139771418593863	0.130876185717522
A549_180626_PET100	PET	raw	class	Primary amides	NPC class: Primary amides	Primary amides	Fatty acids	Fatty amides	Primary amides	33	2043460520.4	9.31036625178397	wilcoxon_rank_sum	0.382733088885226	0.923184419686965	ns	0.139771418593863	0.130876185717522
A549_180626_untreated	Untreated	raw	class	Primary amides	NPC class: Primary amides	Primary amides	Fatty acids	Fatty amides	Primary amides	33	1343463832	9.12822597941083	wilcoxon_rank_sum	0.382733088885226	0.923184419686965	ns	0.139771418593863	0.130876185717522
A549_210626_PET100	PET	raw	class	Primary amides	NPC class: Primary amides	Primary amides	Fatty acids	Fatty amides	Primary amides	33	1720826799.3	9.23573716117053	wilcoxon_rank_sum	0.382733088885226	0.923184419686965	ns	0.139771418593863	0.130876185717522
A549_210626_untreated	Untreated	raw	class	Primary amides	NPC class: Primary amides	Primary amides	Fatty acids	Fatty amides	Primary amides	33	1852498161.3	9.26775778582634	wilcoxon_rank_sum	0.382733088885226	0.923184419686965	ns	0.139771418593863	0.130876185717522
A549_110626_PET100	PET	raw	class	Pyridine alkaloids	NPC class: Pyridine alkaloids	Pyridine alkaloids	Alkaloids	Nicotinic acid alkaloids	Pyridine alkaloids	1	1013873.6	6.00598424306848	wilcoxon_rank_sum	NA	NA	ns	0	0
A549_110626_untreated	Untreated	raw	class	Pyridine alkaloids	NPC class: Pyridine alkaloids	Pyridine alkaloids	Alkaloids	Nicotinic acid alkaloids	Pyridine alkaloids	1	1013873.6	6.00598424306848	wilcoxon_rank_sum	NA	NA	ns	0	0
A549_180626_PET100	PET	raw	class	Pyridine alkaloids	NPC class: Pyridine alkaloids	Pyridine alkaloids	Alkaloids	Nicotinic acid alkaloids	Pyridine alkaloids	1	1013873.6	6.00598424306848	wilcoxon_rank_sum	NA	NA	ns	0	0
A549_180626_untreated	Untreated	raw	class	Pyridine alkaloids	NPC class: Pyridine alkaloids	Pyridine alkaloids	Alkaloids	Nicotinic acid alkaloids	Pyridine alkaloids	1	1013873.6	6.00598424306848	wilcoxon_rank_sum	NA	NA	ns	0	0
A549_210626_PET100	PET	raw	class	Pyridine alkaloids	NPC class: Pyridine alkaloids	Pyridine alkaloids	Alkaloids	Nicotinic acid alkaloids	Pyridine alkaloids	1	1013873.6	6.00598424306848	wilcoxon_rank_sum	NA	NA	ns	0	0
A549_210626_untreated	Untreated	raw	class	Pyridine alkaloids	NPC class: Pyridine alkaloids	Pyridine alkaloids	Alkaloids	Nicotinic acid alkaloids	Pyridine alkaloids	1	1013873.6	6.00598424306848	wilcoxon_rank_sum	NA	NA	ns	0	0
A549_110626_PET100	PET	raw	class	Pyrimidine nucleosides	NPC class: Pyrimidine nucleosides	Pyrimidine nucleosides	Amino acids and Peptides | Carbohydrates	Nucleosides	Pyrimidine nucleosides	2	5508753.1	6.74105338675042	wilcoxon_rank_sum	0.662520583540057	0.923184419686965	ns	0.0132462060031067	0.0426805202434464
A549_110626_untreated	Untreated	raw	class	Pyrimidine nucleosides	NPC class: Pyrimidine nucleosides	Pyrimidine nucleosides	Amino acids and Peptides | Carbohydrates	Nucleosides	Pyrimidine nucleosides	2	6077624.1	6.78373390699386	wilcoxon_rank_sum	0.662520583540057	0.923184419686965	ns	0.0132462060031067	0.0426805202434464
A549_180626_PET100	PET	raw	class	Pyrimidine nucleosides	NPC class: Pyrimidine nucleosides	Pyrimidine nucleosides	Amino acids and Peptides | Carbohydrates	Nucleosides	Pyrimidine nucleosides	2	5079192.1	6.70579472408481	wilcoxon_rank_sum	0.662520583540057	0.923184419686965	ns	0.0132462060031067	0.0426805202434464
A549_180626_untreated	Untreated	raw	class	Pyrimidine nucleosides	NPC class: Pyrimidine nucleosides	Pyrimidine nucleosides	Amino acids and Peptides | Carbohydrates	Nucleosides	Pyrimidine nucleosides	2	6202302.1	6.79255298593243	wilcoxon_rank_sum	0.662520583540057	0.923184419686965	ns	0.0132462060031067	0.0426805202434464
A549_210626_PET100	PET	raw	class	Pyrimidine nucleosides	NPC class: Pyrimidine nucleosides	Pyrimidine nucleosides	Amino acids and Peptides | Carbohydrates	Nucleosides	Pyrimidine nucleosides	2	5668051.6	6.75343387188307	wilcoxon_rank_sum	0.662520583540057	0.923184419686965	ns	0.0132462060031067	0.0426805202434464
A549_210626_untreated	Untreated	raw	class	Pyrimidine nucleosides	NPC class: Pyrimidine nucleosides	Pyrimidine nucleosides	Amino acids and Peptides | Carbohydrates	Nucleosides	Pyrimidine nucleosides	2	3839338.1	6.58425647178269	wilcoxon_rank_sum	0.662520583540057	0.923184419686965	ns	0.0132462060031067	0.0426805202434464
A549_110626_PET100	PET	raw	class	Simple phenolic acids	NPC class: Simple phenolic acids	Simple phenolic acids	Shikimates and Phenylpropanoids	Phenolic acids (C6-C1)	Simple phenolic acids	1	1013873.6	6.00598424306848	wilcoxon_rank_sum	NA	NA	ns	0	0
A549_110626_untreated	Untreated	raw	class	Simple phenolic acids	NPC class: Simple phenolic acids	Simple phenolic acids	Shikimates and Phenylpropanoids	Phenolic acids (C6-C1)	Simple phenolic acids	1	1013873.6	6.00598424306848	wilcoxon_rank_sum	NA	NA	ns	0	0
A549_180626_PET100	PET	raw	class	Simple phenolic acids	NPC class: Simple phenolic acids	Simple phenolic acids	Shikimates and Phenylpropanoids	Phenolic acids (C6-C1)	Simple phenolic acids	1	1013873.6	6.00598424306848	wilcoxon_rank_sum	NA	NA	ns	0	0
A549_180626_untreated	Untreated	raw	class	Simple phenolic acids	NPC class: Simple phenolic acids	Simple phenolic acids	Shikimates and Phenylpropanoids	Phenolic acids (C6-C1)	Simple phenolic acids	1	1013873.6	6.00598424306848	wilcoxon_rank_sum	NA	NA	ns	0	0
A549_210626_PET100	PET	raw	class	Simple phenolic acids	NPC class: Simple phenolic acids	Simple phenolic acids	Shikimates and Phenylpropanoids	Phenolic acids (C6-C1)	Simple phenolic acids	1	1013873.6	6.00598424306848	wilcoxon_rank_sum	NA	NA	ns	0	0
A549_210626_untreated	Untreated	raw	class	Simple phenolic acids	NPC class: Simple phenolic acids	Simple phenolic acids	Shikimates and Phenylpropanoids	Phenolic acids (C6-C1)	Simple phenolic acids	1	1013873.6	6.00598424306848	wilcoxon_rank_sum	NA	NA	ns	0	0
A549_110626_PET100	PET	raw	class	Sphingoid bases	NPC class: Sphingoid bases	Sphingoid bases	Fatty acids	Fatty amides | Spingolipids	Sphingoid bases	30	457648994.6	8.66053251355517	wilcoxon_rank_sum	0.0808555983700523	0.809328621258477	ns	0.246246772420594	0.25937862386991
A549_110626_untreated	Untreated	raw	class	Sphingoid bases	NPC class: Sphingoid bases	Sphingoid bases	Fatty acids	Fatty amides | Spingolipids	Sphingoid bases	30	831593597.3	8.91991113742508	wilcoxon_rank_sum	0.0808555983700523	0.809328621258477	ns	0.246246772420594	0.25937862386991
A549_180626_PET100	PET	raw	class	Sphingoid bases	NPC class: Sphingoid bases	Sphingoid bases	Fatty acids	Fatty amides | Spingolipids	Sphingoid bases	30	338472955.6	8.52952397503424	wilcoxon_rank_sum	0.0808555983700523	0.809328621258477	ns	0.246246772420594	0.25937862386991
A549_180626_untreated	Untreated	raw	class	Sphingoid bases	NPC class: Sphingoid bases	Sphingoid bases	Fatty acids	Fatty amides | Spingolipids	Sphingoid bases	30	872605019.5	8.94081770735487	wilcoxon_rank_sum	0.0808555983700523	0.809328621258477	ns	0.246246772420594	0.25937862386991
A549_210626_PET100	PET	raw	class	Sphingoid bases	NPC class: Sphingoid bases	Sphingoid bases	Fatty acids	Fatty amides | Spingolipids	Sphingoid bases	30	552014759.4	8.74195069054544	wilcoxon_rank_sum	0.0808555983700523	0.809328621258477	ns	0.246246772420594	0.25937862386991
A549_210626_untreated	Untreated	raw	class	Sphingoid bases	NPC class: Sphingoid bases	Sphingoid bases	Fatty acids	Fatty amides | Spingolipids	Sphingoid bases	30	645681957.5	8.81001865161668	wilcoxon_rank_sum	0.0808555983700523	0.809328621258477	ns	0.246246772420594	0.25937862386991
A549_110626_PET100	PET	raw	class	Steroidal alkaloids	NPC class: Steroidal alkaloids	Steroidal alkaloids	Alkaloids x Terpenoids	Pseudoalkaloids (transamidation)	Steroidal alkaloids	13	113436071.4	8.05475118112763	wilcoxon_rank_sum	0.662520583540057	0.923184419686965	ns	0.0290683436662267	0.00981349375395446
A549_110626_untreated	Untreated	raw	class	Steroidal alkaloids	NPC class: Steroidal alkaloids	Steroidal alkaloids	Alkaloids x Terpenoids	Pseudoalkaloids (transamidation)	Steroidal alkaloids	13	133280674.2	8.12476718420445	wilcoxon_rank_sum	0.662520583540057	0.923184419686965	ns	0.0290683436662267	0.00981349375395446
A549_180626_PET100	PET	raw	class	Steroidal alkaloids	NPC class: Steroidal alkaloids	Steroidal alkaloids	Alkaloids x Terpenoids	Pseudoalkaloids (transamidation)	Steroidal alkaloids	13	135009820.4	8.13036536275187	wilcoxon_rank_sum	0.662520583540057	0.923184419686965	ns	0.0290683436662267	0.00981349375395446
A549_180626_untreated	Untreated	raw	class	Steroidal alkaloids	NPC class: Steroidal alkaloids	Steroidal alkaloids	Alkaloids x Terpenoids	Pseudoalkaloids (transamidation)	Steroidal alkaloids	13	149404660.5	8.17436414789534	wilcoxon_rank_sum	0.662520583540057	0.923184419686965	ns	0.0290683436662267	0.00981349375395446
A549_210626_PET100	PET	raw	class	Steroidal alkaloids	NPC class: Steroidal alkaloids	Steroidal alkaloids	Alkaloids x Terpenoids	Pseudoalkaloids (transamidation)	Steroidal alkaloids	13	130302781.7	8.1149536904505	wilcoxon_rank_sum	0.662520583540057	0.923184419686965	ns	0.0290683436662267	0.00981349375395446
A549_210626_untreated	Untreated	raw	class	Steroidal alkaloids	NPC class: Steroidal alkaloids	Steroidal alkaloids	Alkaloids x Terpenoids	Pseudoalkaloids (transamidation)	Steroidal alkaloids	13	122502211.7	8.08814393322889	wilcoxon_rank_sum	0.662520583540057	0.923184419686965	ns	0.0290683436662267	0.00981349375395446
A549_110626_PET100	PET	raw	class	Triacylglycerols	NPC class: Triacylglycerols	Triacylglycerols	Fatty acids	Glycerolipids	Triacylglycerols	51	378783650.2	8.57839122601537	wilcoxon_rank_sum	1	1	ns	0.00355567892693642	0.0103730834516718
A549_110626_untreated	Untreated	raw	class	Triacylglycerols	NPC class: Triacylglycerols	Triacylglycerols	Fatty acids	Glycerolipids	Triacylglycerols	51	334127031.8	8.52391161398274	wilcoxon_rank_sum	1	1	ns	0.00355567892693642	0.0103730834516718
A549_180626_PET100	PET	raw	class	Triacylglycerols	NPC class: Triacylglycerols	Triacylglycerols	Fatty acids	Glycerolipids	Triacylglycerols	51	367224668.3	8.56493184840337	wilcoxon_rank_sum	1	1	ns	0.00355567892693642	0.0103730834516718
A549_180626_untreated	Untreated	raw	class	Triacylglycerols	NPC class: Triacylglycerols	Triacylglycerols	Fatty acids	Glycerolipids	Triacylglycerols	51	467946995.5	8.67019666411859	wilcoxon_rank_sum	1	1	ns	0.00355567892693642	0.0103730834516718
A549_210626_PET100	PET	raw	class	Triacylglycerols	NPC class: Triacylglycerols	Triacylglycerols	Fatty acids	Glycerolipids	Triacylglycerols	51	426059626.2	8.6294703830271	wilcoxon_rank_sum	1	1	ns	0.00355567892693642	0.0103730834516718
A549_210626_untreated	Untreated	raw	class	Triacylglycerols	NPC class: Triacylglycerols	Triacylglycerols	Fatty acids	Glycerolipids	Triacylglycerols	51	369843628.6	8.5680181425637	wilcoxon_rank_sum	1	1	ns	0.00355567892693642	0.0103730834516718
A549_110626_PET100	PET	raw	class	Tripeptides	NPC class: Tripeptides	Tripeptides	Amino acids and Peptides	Oligopeptides | Small peptides	Tripeptides	2	17383570.6	7.24013901070958	wilcoxon_rank_sum	0.382733088885226	0.923184419686965	ns	0.0297016656395588	0.0614327032424056
A549_110626_untreated	Untreated	raw	class	Tripeptides	NPC class: Tripeptides	Tripeptides	Amino acids and Peptides	Oligopeptides | Small peptides	Tripeptides	2	17768882.6	7.24966014240347	wilcoxon_rank_sum	0.382733088885226	0.923184419686965	ns	0.0297016656395588	0.0614327032424056
A549_180626_PET100	PET	raw	class	Tripeptides	NPC class: Tripeptides	Tripeptides	Amino acids and Peptides	Oligopeptides | Small peptides	Tripeptides	2	14212107.6	7.1526585174354	wilcoxon_rank_sum	0.382733088885226	0.923184419686965	ns	0.0297016656395588	0.0614327032424056
A549_180626_untreated	Untreated	raw	class	Tripeptides	NPC class: Tripeptides	Tripeptides	Amino acids and Peptides	Oligopeptides | Small peptides	Tripeptides	2	16371602.6	7.2140912206778	wilcoxon_rank_sum	0.382733088885226	0.923184419686965	ns	0.0297016656395588	0.0614327032424056
A549_210626_PET100	PET	raw	class	Tripeptides	NPC class: Tripeptides	Tripeptides	Amino acids and Peptides	Oligopeptides | Small peptides	Tripeptides	2	14107519.6	7.14945069310545	wilcoxon_rank_sum	0.382733088885226	0.923184419686965	ns	0.0297016656395588	0.0614327032424056
A549_210626_untreated	Untreated	raw	class	Tripeptides	NPC class: Tripeptides	Tripeptides	Amino acids and Peptides	Oligopeptides | Small peptides	Tripeptides	2	14709632.6	7.16760185508783	wilcoxon_rank_sum	0.382733088885226	0.923184419686965	ns	0.0297016656395588	0.0614327032424056
A549_110626_PET100	PET	raw	class	Unsaturated fatty acids	NPC class: Unsaturated fatty acids	Unsaturated fatty acids	Fatty acids	Fatty Acids and Conjugates	Unsaturated fatty acids	59	3331969980	9.52270108002623	wilcoxon_rank_sum	0.662520583540057	0.923184419686965	ns	0.100341046215437	0.0125382439139425
A549_110626_untreated	Untreated	raw	class	Unsaturated fatty acids	NPC class: Unsaturated fatty acids	Unsaturated fatty acids	Fatty acids	Fatty Acids and Conjugates	Unsaturated fatty acids	59	3442730689.6	9.53690305112151	wilcoxon_rank_sum	0.662520583540057	0.923184419686965	ns	0.100341046215437	0.0125382439139425
A549_180626_PET100	PET	raw	class	Unsaturated fatty acids	NPC class: Unsaturated fatty acids	Unsaturated fatty acids	Fatty acids	Fatty Acids and Conjugates	Unsaturated fatty acids	59	2843967804.4	9.45392467573696	wilcoxon_rank_sum	0.662520583540057	0.923184419686965	ns	0.100341046215437	0.0125382439139425
A549_180626_untreated	Untreated	raw	class	Unsaturated fatty acids	NPC class: Unsaturated fatty acids	Unsaturated fatty acids	Fatty acids	Fatty Acids and Conjugates	Unsaturated fatty acids	59	1694183934.9	9.22896055948339	wilcoxon_rank_sum	0.662520583540057	0.923184419686965	ns	0.100341046215437	0.0125382439139425
A549_210626_PET100	PET	raw	class	Unsaturated fatty acids	NPC class: Unsaturated fatty acids	Unsaturated fatty acids	Fatty acids	Fatty Acids and Conjugates	Unsaturated fatty acids	59	3984958743.6	9.60042382960031	wilcoxon_rank_sum	0.662520583540057	0.923184419686965	ns	0.100341046215437	0.0125382439139425
A549_210626_untreated	Untreated	raw	class	Unsaturated fatty acids	NPC class: Unsaturated fatty acids	Unsaturated fatty acids	Fatty acids	Fatty Acids and Conjugates	Unsaturated fatty acids	59	3237150090.8	9.51016283611229	wilcoxon_rank_sum	0.662520583540057	0.923184419686965	ns	0.100341046215437	0.0125382439139425
A549_110626_PET100	PET	raw	class	Wax monoesters	NPC class: Wax monoesters	Wax monoesters	Fatty acids	Fatty esters | Glycerolipids	Wax monoesters	35	681921866.1	8.83373461713271	wilcoxon_rank_sum	0.190430263825524	0.809328621258477	ns	0.153534639622427	0.12684853337783
A549_110626_untreated	Untreated	raw	class	Wax monoesters	NPC class: Wax monoesters	Wax monoesters	Fatty acids	Fatty esters | Glycerolipids	Wax monoesters	35	968230532.6	8.98597877419921	wilcoxon_rank_sum	0.190430263825524	0.809328621258477	ns	0.153534639622427	0.12684853337783
A549_180626_PET100	PET	raw	class	Wax monoesters	NPC class: Wax monoesters	Wax monoesters	Fatty acids	Fatty esters | Glycerolipids	Wax monoesters	35	443946239.3	8.64733038237895	wilcoxon_rank_sum	0.190430263825524	0.809328621258477	ns	0.153534639622427	0.12684853337783
A549_180626_untreated	Untreated	raw	class	Wax monoesters	NPC class: Wax monoesters	Wax monoesters	Fatty acids	Fatty esters | Glycerolipids	Wax monoesters	35	913236266.8	8.96058315051054	wilcoxon_rank_sum	0.190430263825524	0.809328621258477	ns	0.153534639622427	0.12684853337783
A549_210626_PET100	PET	raw	class	Wax monoesters	NPC class: Wax monoesters	Wax monoesters	Fatty acids	Fatty esters | Glycerolipids	Wax monoesters	35	801807129.3	8.90406991401998	wilcoxon_rank_sum	0.190430263825524	0.809328621258477	ns	0.153534639622427	0.12684853337783
A549_210626_untreated	Untreated	raw	class	Wax monoesters	NPC class: Wax monoesters	Wax monoesters	Fatty acids	Fatty esters | Glycerolipids	Wax monoesters	35	792824216.7	8.89917690768917	wilcoxon_rank_sum	0.190430263825524	0.809328621258477	ns	0.153534639622427	0.12684853337783
