"features"	"PC1"	"PC2"	"PC3"
10	0.0226349335318071	-0.0126948172280877	-0.0260769201551126
100	0.00341210912098999	0.0153081074420073	0.0220860272048759
1000	0.00844888553666214	0.0227761315039613	0.0161607986979884
1001	-0.00231717308903334	0.0226129186425173	0.0184592922543872
1002	-0.00832277937568853	0.0195711472550319	-0.0101554458424101
1003	-0.0110530012791049	0.0161270723262109	-0.0132240033646147
1004	-0.0155222116085147	0.0138012843508856	-0.00703221802825029
1005	-0.0132289786883767	0.0140604568836339	0.0138803356415376
1006	-0.0292159087380577	0.00133524522335831	-0.0100393956794634
1007	0.016383575125745	0.00435758641351109	-0.0310191810853625
1008	0.0175657006178304	0.0128356471666993	0.0115007804961144
1009	-0.00796898788553587	-0.0397270133815338	0.00742879110046868
101	0.0164828205293256	0.00990526329721285	0.0192329700749619
1010	0.0259630371815388	0.0222368625001778	-0.001531243441744
1011	-0.00636846640346697	-0.0396951458987279	0.00482534186452959
1012	-0.0108489514997604	-0.038833498857165	0.0056614962929589
1013	-0.0073621815920424	-0.0401493232400748	0.00445953836423132
1014	-0.00531381903902758	-0.0400716573983144	0.00362208669679264
1015	0.0158154485911438	0.012675110214067	0.011929068469003
1016	-0.00669928335584348	-0.0392633112258351	0.00443659753114961
1017	-0.0299096026818327	0.00189441816754053	-0.00698168609870496
1018	0.0297473988875713	0.0244047374708645	-0.0158735950321838
1019	0.016383575125745	0.00435758641351109	-0.0310191810853625
102	0.00640092750729745	0.0142629648542944	0.00992765777517673
1020	-0.00428372404996451	-0.0398807127486184	0.00300401450908694
1021	-0.00370002880109327	-0.040157710510675	0.00264733952974195
1022	-0.00330876570729212	-0.040485784029905	0.00247742180186487
1023	0.016383575125745	0.00435758641351109	-0.0310191810853625
1024	-0.0132110829293905	-0.040520584008519	0.00112637707795374
1025	-0.0285436811797238	0.00191262443635087	-0.0134439678391222
1026	0.030587202693285	0.0163742437624374	-0.0022013484914233
1027	0.0302938007465327	0.0220087983583737	0.00093258459841673
1028	0.0268760264525639	0.0205321902757036	0.00264034653109439
1029	0.0284720172673388	0.0162369632071429	-0.000640553076532712
103	0.0179236526630168	0.00947321690605362	0.0345131997733449
1030	0.0277466932790655	0.0135693817265052	0.0020101862212749
1031	0.0229402670433861	0.0213546365256284	-0.0178344947164002
1033	0.016383575125745	0.00435758641351109	-0.0310191810853625
1034	-0.0283239448942098	0.00260648241741467	-0.0130326379101924
1035	-0.000323933495618666	-0.0438471526274488	0.00224919655821706
1036	0.0270615952338646	0.0209268014837374	0.00501727581936724
1037	-0.00954600961196218	-0.0400367257328231	0.00266577020925908
1038	0.0105608992911577	0.0119452425431442	0.0312721266793089
1039	-0.0212068669841476	0.00658051821269311	0.0110092216081378
104	0.018262848726282	0.0130030198225813	0.0350774726176671
1040	-0.0153986623103479	-0.0414357438321411	0.0024508128518614
1041	-0.00296976155399575	-0.0442798495568969	-0.00280513040549124
1042	-0.0221248039491498	0.0271563533833476	0.0160293410898242
1043	-0.0250100219167849	0.020948530774327	0.0138014827851503
1044	-0.0258027540953926	0.0226564729649693	0.0111355165814441
1045	-0.0214701791099554	0.0245595494191603	0.00962677092272383
1046	-0.00088967377917877	0.0119437365770956	0.0205423311808373
1047	-0.00174256821707729	0.0225477587997044	0.0181910460879622
1048	-0.0136002009941203	0.0182033536295516	0.00179075726210868
1049	0.0142430654305318	0.0277212067590453	0.0241361065398034
105	-0.00701079638378051	-0.00311515184081731	-0.00584795710954098
1050	0.0216026550156562	0.0219736838817907	0.0218920051742902
1051	-0.0131508933450171	0.00833570962769064	-0.00554646241268487
1052	0.0114462273299584	0.0198212997825699	0.0141581850127662
1053	-0.0144724002476709	-0.0435565525293727	0.0102711903814224
1055	0.0269312888651357	0.0180957952134516	0.00836465641748466
1056	0.0248077952327436	0.0120364563723073	0.00255090666788277
1058	-0.0133356519583327	-0.0417085570789201	0.0078704849063201
1059	0.0289078081951279	0.0154667040238065	-0.00121348043624552
106	0.00965960759724947	-0.00479562685401782	0.026197137820359
1060	0.0297870797730202	0.00972270873444973	-0.00402654258952496
1061	0.0185850931462716	0.00981872673263766	0.0139471643582962
1062	0.0107949562097827	0.0113648569296969	0.0187372715843612
1063	0.0252096199198216	0.0179351871484256	0.00173601335711919
1064	-0.0327242115715411	0.00709485396724905	-0.00699901186861047
1065	-0.0334859299881286	0.00844835314209962	-0.00655173630425124
1066	-0.0327412028776202	0.00545874911567926	-0.00540317588428185
1067	0.0217340910034769	0.0121206738331192	-0.0250730668937064
1068	-0.0320936095872138	0.00614404394324615	-0.00607603508975349
1069	0.0252473417236545	0.00644082431944177	-0.0214316034730938
107	0.0121143981053988	0.023561716282328	0.0226950896352348
1070	-0.0106327369119625	-0.043469244744081	0.0190036451287565
1071	0.0237922499753567	0.0160813792955964	-0.00399338357118099
1072	-0.0114559116788016	0.024137680197089	-0.00185596507378879
1073	-0.026178134709631	0.0123369938690108	-0.00622979306419735
1074	0.0219706706000893	0.0126525597664282	-0.0247257641797019
1075	-0.00303089292067056	-0.0075516967416472	-0.0381741549734044
1076	0.016383575125745	0.00435758641351109	-0.0310191810853625
1077	0.0254914115052082	-0.00123453739549358	-0.0162044398484245
1078	0.027225579506177	0.00795783414676023	-0.0210988227213634
1079	0.0322438701775234	0.0050159873489054	-0.0166344590068748
108	0.0176426334323642	-0.00512001759220038	0.0342475001990596
1080	0.0304436720553315	0.0123698608426725	-0.017710232465999
1081	0.0323148403167084	0.00813484299024553	-0.0134357976267014
1082	0.0195956134513817	0.0257931049754481	0.0184719581780708
1083	0.0196545141787767	0.00348779296801602	0.0191561601436826
1084	0.0162434809736133	0.013188195254103	0.0151406909648013
1085	0.020999456815577	0.0166421898785128	0.0142894064750507
1086	-0.00762869854544301	0.0123079137151959	0.0176375339216219
1087	-0.0134368422741236	0.00394452705464312	-0.0319241772021117
1088	-0.0049416339913449	-0.000339175406073194	-0.0370135552417475
1089	-0.00129816574988105	-0.00217486238534397	-0.0275395239109956
109	0.0124178709239977	4.15196547336174e-06	0.0346663899936649
1090	-0.00394546691834289	-0.00692753022224896	-0.0359468342576863
1091	-0.00984234325526603	-0.0290024480988937	0.0236735424832718
1092	-0.00752387778754648	-0.0248276087319858	0.030539996420639
1093	-0.0082037283170583	-0.0252115758474119	0.0267523236015248
1094	-0.0082177277016522	-0.0203319883235034	0.0269464094434216
1095	-0.00676809289441843	-0.0181280256134615	0.0283179632977796
1096	-0.00939761338111332	-0.0283479707433136	0.0245065562810078
1097	-0.0106209360792152	-0.0240244466566545	0.0245725916535276
1098	-0.0189920419744504	-0.0255019892718559	0.0201555193679612
1099	-0.00804218852849419	-0.031308274196541	0.0234822184396048
11	0.0202819945466998	-0.0118844840896778	-0.0299937714526996
110	0.0137560806996789	0.0262178673885261	0.0277762943327528
1100	-0.00925013710438036	-0.0340910367749824	0.0252465631873021
1101	-0.010811634910927	-0.0258757496122315	0.0281737369570563
1102	-0.00761805058560867	-0.0256332429677083	0.0258463148630632
1103	-0.0068840672984583	-0.0281175170264827	0.0261279157807215
1104	-0.0202750990177799	0.0201925555807825	0.00175146125819237
1105	-0.018170325221528	-0.0358807462788996	0.0193796375410419
1106	0.0197670801300285	0.00600867415751964	0.01088779501092
1107	-0.00208324417484303	-0.00527227428802346	-0.0369862961052476
1108	-0.0341902469243528	0.00688528148079382	-0.00683395387263975
1109	-0.0129736119364252	-0.032620108534761	0.020195708405572
111	0.0253350010235949	-0.00285011426379635	-0.0022018880527349
1110	0.0181682750525344	0.00850258771802784	-0.0283398997396338
1111	0.0234802618739963	0.00355499112118881	-0.0113819764355848
1112	0.0236133622378087	0.003362645645802	-0.00620346697284796
1113	0.023100024801672	0.00841378165675209	-0.0143560635374683
1114	0.0212611642066364	0.00691369538833325	0.0166307431053608
1115	0.00680490444821051	0.0289199026182722	-0.0122287614900578
1116	0.0204145886784913	0.00989979214704332	0.0210447579064645
1117	0.0231830565412924	0.0161064623590966	0.0168589890337895
1118	-0.0323693168164508	0.00241340208336284	-0.0133926025012523
1119	-0.0350734074051809	0.00131270928768102	-0.0156764315517548
112	0.0173577457711002	-0.00799899946097742	0.0329522056408399
1120	-0.0240519256961817	0.0186455725845415	0.00466531784503028
1121	-0.018155895748542	0.0234996629420407	-0.000372563762013693
1122	-0.0226152972882266	0.0185984596493765	-0.00277969179093653
1123	-0.0130698671657581	-0.0350763595374153	0.0158893342099978
1124	-0.0109271696562168	-0.0314814793618398	0.00652555845752505
1125	0.0216749941199133	0.0117224361439365	-0.0252785424066938
1126	0.00420985811366963	0.0288422392650789	0.01133761041175
1127	-0.0174655811396518	-0.0306701312904222	0.00400422377820533
1128	-0.0103262702098978	-0.0329324721114485	0.0108455501967903
1129	-0.00993844994795696	-0.0341454916535887	0.0105231032082508
113	0.00166850986846054	-0.0269836101544963	0.0349803239583334
1130	-0.0134890686964112	-0.0314450015846407	0.0117477762746889
1131	-0.0126135863505841	-0.0331412246752356	0.0119587815754066
1132	-0.0217885708518012	-0.0311268142674393	0.00871035289244442
1133	-0.0277049450690334	0.0094992531225264	-0.006374910744986
1134	-0.0177371167316241	-0.0285095199486001	0.0126010926396381
1135	-0.0073119881457326	-0.0325919428538759	-0.00516661953800068
1136	-0.0135333715794702	-0.0277543002641154	-0.00476155543360404
1137	-0.00950525995663734	-0.0292357140970424	-0.0152057912115229
1138	-0.00990747095425059	-0.0308579700818749	-0.00892283305268647
1139	-0.01615703803457	0.0284056866384828	0.010355830267729
114	0.00615995691240939	0.0143066232336532	0.00924763731884136
1140	-0.0076442512385958	-0.0348167359420476	-0.00811005636554469
1141	0.0219811873701848	0.0173581528992855	-0.0226157638822643
1142	-0.0143284628618978	-0.0377829776668073	-0.00302240663220109
1143	-0.00239276891896561	-0.0235424405320618	-0.0049553406903379
1144	-0.00591649721192598	-0.00742197973908819	-0.0382230806151653
1145	-0.0091153095021932	-0.0117820843755755	-0.0458578384933505
1146	0.0238505824639526	0.00472087637601653	-0.0242583547921711
1147	-0.00544140588568359	-0.00662452149774815	-0.0381859129300744
1148	0.016383575125745	0.00435758641351109	-0.0310191810853625
1149	-0.00984186264881033	-0.0327369835827128	-0.00786379317940318
115	-0.00918294806687361	-0.0106615972589798	-0.038875793523101
1150	-0.0233793980611105	-0.0362963956772337	-0.00245500323627601
1151	0.0230528052611927	0.0064788707266428	-0.0247040207275609
1152	0.0219862871148021	0.0121810360472365	-0.0249294911913256
1153	0.016383575125745	0.00435758641351109	-0.0310191810853625
1154	-0.0232176133838589	0.0122870076206766	-0.00469645306098103
1155	-0.0214281696343541	0.00759506928568521	0.00682104096276957
1156	0.0233171172735834	0.00451279917859994	-0.00997191479703027
1157	-0.0306894311500983	0.00515085723064458	-0.00950458699476365
1159	0.0200985002783454	0.00965591625055818	-0.0269317362458547
116	0.0105350164416022	0.0190106602636998	0.0141365099171043
1160	0.00478827040712878	0.00616816743197242	-0.0380281419768257
1161	-0.0189953016481643	0.0193549724719859	0.0156658770910646
1162	0.0146731056111245	0.0303188571027336	0.00119733244019555
1164	0.016383575125745	0.00435758641351109	-0.0310191810853625
1165	0.0335916700111395	0.00961242664329209	-0.0147997184389408
1166	0.0299415919369018	0.00872094642515902	-0.0155876922259596
1167	0.031884686738054	0.00664414293514779	-0.00788935831071452
1168	0.016383575125745	0.00435758641351109	-0.0310191810853625
1169	-0.0243833152892758	0.000786653689216548	0.0164719533107671
117	-0.0114001672284012	-0.00628181529140703	-0.0301613194782409
1170	0.016383575125745	0.00435758641351109	-0.0310191810853625
1171	0.016383575125745	0.00435758641351109	-0.0310191810853625
1172	-0.0127413917182689	0.0170192013447024	1.63455364935093e-05
1173	-0.0249732317822227	0.00706066751562914	-0.011153597420141
1174	-0.0254532242111492	0.00807284691255563	-0.0105565529762973
1175	-0.00702786480070679	0.0216759188792658	0.0324317303805147
1176	-0.025256194550251	-0.00222581867406258	-0.01284331142513
1177	-0.0206911880480338	-0.00223154972681213	-0.00981348025741444
1178	-0.00225126963925233	0.0175350508104686	0.0276201849865723
1179	-0.0264312641789194	0.0153186032991768	0.00416629183808265
118	0.0256214249494393	0.00755577126721787	0.000462959530430425
1180	-0.0262366810513429	-0.0120290066423482	-0.00411795429437193
1181	-0.0282826642589378	-0.0149494331643934	0.00124898932636501
1182	-0.0277839179355053	-0.0168592088572266	-7.35282032590624e-05
1183	-0.0274410914500291	-0.0094167916270814	-0.0021986548497864
1184	0.0257096065750368	-0.00109206998292452	0.0120088507468943
1185	0.0265261606331332	-0.00428358064045841	0.000770546076519575
1186	-0.0272262476815794	0.0175032811208052	-0.00963509281682987
1188	-0.0267963359722102	-0.0157661672596763	-0.000951376290117918
1189	0.016383575125745	0.00435758641351109	-0.0310191810853625
119	-0.0139584225678247	-0.0072995884719634	0.00802264594973126
1190	0.0310799883785308	0.0104451674959033	-0.0170751524111048
1191	-0.0289749476730124	-0.00897282492762499	-0.00367015280070312
1192	0.0300616045826575	0.00316566102409373	-0.0114336573186742
1193	0.0282843223588516	0.00298275080630284	-0.0207633182905024
1194	0.016383575125745	0.00435758641351109	-0.0310191810853625
1195	-0.0262175826869313	0.00813708603654769	-0.0100845973932688
1196	-0.0271342360732034	-0.0111280755710705	-0.00472026261279075
1197	-0.0260698707074036	-0.00700278063295001	-0.00806364619881735
1198	0.0290819115331856	0.00511318461230167	-0.0199523590333886
1199	-0.0261647456625973	-0.00804141424732148	-0.00788229421832243
120	0.0230760984498199	0.0156911959848026	-0.00168550840387791
1200	0.0183033841111358	0.0269747366494901	0.0205279680089044
1201	-0.0271138856623404	-0.00505859101981791	-0.0079618964113489
1202	0.0279636832453448	0.00307559677366049	-0.0042110871152845
1203	0.0266141547494349	0.00383218468744149	-0.00963943605547782
1204	-0.0271590104195927	-0.0102675480124606	-0.00492139210207622
1205	-0.0263436156514896	-0.00720637999229859	-0.00781578036773089
1206	0.0279526782060976	0.0216476828989372	0.00983156591889636
1207	0.0257407151625315	0.0178235050673009	0.00523370748537626
1208	-0.0272666307810377	0.00197456631368145	-0.0113338947889851
1209	0.0291537204533002	-0.00170982119344943	-0.00077295882179791
121	0.0258606206290929	0.000922476401701204	-0.00752749059082099
1210	0.0197922278653711	0.0169346732575791	0.0136992267827519
1211	-0.0233676212697412	-0.000535089297185842	-0.0109422808548192
1212	-0.0293307996414475	0.00758911843600529	-0.0122227705538956
1213	-0.0287333830381605	0.00827508450258311	-0.0119987493560682
1215	-0.0206911880480338	-0.00223154972681213	-0.00981348025741444
1216	-0.0299976463035696	-0.00336829776349867	-0.00190031781814877
1217	-0.0249395935379834	0.0174000817554151	0.00247519197355343
1218	-0.0289422254092616	-0.00820783078543217	-0.00253742696169537
1219	0.0196322689771713	0.000886656304884545	-0.0285420388064643
122	0.0260520610024184	0.00227171655882255	-0.00642740331600231
1220	0.00990235540048662	0.0293395076895255	-0.019014298980917
1221	0.0272972175442448	-0.00114116816038574	-0.00250410575548833
1222	0.016383575125745	0.00435758641351109	-0.0310191810853625
1223	-0.0158576079226333	0.0220162831923584	0.0110365928885241
1224	0.00433063792001055	0.0267557277469093	-0.000299872908435376
1225	-0.0269536202740286	-0.00621498545566769	-0.00366294585355446
1226	0.0052963617585807	0.0227428152247675	0.00701143206163618
1227	-0.0275821910235111	-0.0118549951378147	-0.00409715254216969
1228	0.0055501030127124	0.0257939576660911	0.00246696893853487
1229	0.0202280524444093	-0.00315627947047641	-0.0285187169314138
123	-0.018683547771733	0.0032369465670454	0.0235092890999254
1230	-0.025681750762315	-0.00979836861364698	-0.00736471261445338
1231	0.016383575125745	0.00435758641351109	-0.0310191810853625
1232	-0.0277257675150535	-0.000791006343250172	-0.00331322830388401
1233	0.016383575125745	0.00435758641351109	-0.0310191810853625
1234	0.025795256038254	-0.000669235306841786	0.0209024325611851
1235	0.0253693628809243	0.00058928203896532	-0.0142946308819877
1237	0.016383575125745	0.00435758641351109	-0.0310191810853625
1238	-0.0235377925814288	-0.000427226005774655	-0.0110140515520053
1239	0.02889689104333	-0.00535811345683255	0.0102906749521882
124	-0.0117865925154021	-0.00889043951868483	-0.0366291421257395
1240	0.027581298574215	0.00345208954452921	0.00097545180978892
1241	0.00459695405778561	0.0127204974494775	-0.0344624735707739
1242	-0.0135335392353475	-0.000212707636349477	0.0168765831695718
1243	-0.0293001587059644	0.00793412849211493	-0.0119043301186445
1244	-0.0297550060239267	0.00819177499897969	-0.0113102509528618
1246	0.0293396159977645	0.00637369469726351	0.00399278890668481
1247	-0.0290789401724651	-0.00570034467246877	-0.00409193828111873
1248	-0.013285831673804	0.0275435961910535	0.00726673292539419
1249	-0.0310125098067894	0.00858449411655424	-0.00382096680669837
125	0.00489629111000924	0.00621453977521908	0.0297158370506634
1250	-0.00801788682245239	0.0233630860905816	0.0345166520728323
1251	-0.01766345827367	0.0171509572116173	0.00441868036674463
1252	-0.0128931057947564	0.027350187476093	0.0044379691040031
1253	-0.0193283530753426	0.0122689964017081	0.0117331106231541
1254	-0.0201089720762864	0.0160908750990533	-0.00135811374763058
1255	-0.0215041173771082	0.00276413616217403	0.00489592141080737
1256	-0.0106967290378653	0.00913397974781359	0.0238097965464604
1257	-0.00324489123682191	0.0252301222670211	0.0358733389810412
1258	-0.0312610948979582	0.000984259228051951	-0.00422666384643536
1259	-0.0285933361393903	-0.00470187161362003	-0.00508941620577665
126	0.0146222209834134	0.0166652388986899	0.0208748017959052
1260	-0.0287701064409363	-0.00546376977324177	-0.00506168929387627
1261	-0.0022107155037771	0.0212697692574399	0.0328548314928098
1263	0.016383575125745	0.00435758641351109	-0.0310191810853625
1264	-0.00102887798436122	0.0209910151838242	0.0271847779321971
1265	-0.00164795995241829	0.0184476098820596	0.0325895571544854
1266	0.0237853512381251	-0.0103413545005519	-0.0260903509019803
1267	-0.0333357884673848	0.00722347682015394	-0.000158485373793769
1268	0.012766538283595	0.00483875648281502	0.00376592464338041
127	0.0157615873662051	0.0208456305250846	0.0280817944663553
1270	-0.00186510279256801	0.00768483898704535	-0.0344438418664197
1271	0.0128650639528163	0.0213014406820676	0.0154761775398419
1272	0.0263876821064527	-0.0127116000593654	-0.0247358523198989
1273	-0.0278015254587231	-0.00673307039670693	-0.00412837980468046
1274	0.0245697339700278	0.00116909138744479	-0.0241865373885362
1275	-0.0314629281332984	-0.00454125359137143	-0.00188063169601048
1276	0.0211923164847465	-0.0048759403937559	-0.0280280747404729
1277	0.020858932899238	-0.00124147230903126	-0.0277916452210508
1278	0.016383575125745	0.00435758641351109	-0.0310191810853625
1279	-0.0325331941796729	0.0123448398199827	-0.00928436635534059
128	0.0190788410416449	0.0156403652550368	0.0108386531203565
1280	0.020154904132429	-0.00237944964706447	-0.028579664028106
1281	-0.00550146807116188	-0.00375085303564704	-0.0406152542989201
1282	-0.0234608928229663	-0.00212232799970885	-0.01370912715004
1283	-0.0314392054641832	-0.00742392311977687	-0.00435683759679745
1284	-0.0288397248366955	0.00305505516033476	-0.00650666196988306
1285	-0.0287933871612179	0.00664866281717555	-0.012965432453731
1286	-0.0294530521753924	0.00523186333730477	0.000130018495954648
1287	0.0187856421972981	0.00686344061734512	-0.0287878414097171
1288	-0.0294793876097374	0.00739900897038877	-0.0119870458748118
1289	-0.0306446613300586	-0.00650378859848812	-0.0119087702607987
129	0.0135665618037004	0.0199122691349668	0.019848857749373
1290	-0.0319114770441846	-0.00468055332939379	-0.00212376446019696
1291	-0.0335175163202633	0.00341658080296705	-0.0049493299549294
1292	-0.030846151990519	-0.00351232043221049	-0.00617373595937577
1293	-0.0307690917248277	-0.00419122918997227	-0.00593773318294407
1294	-0.0352424602345562	-0.00331917367428284	-0.0139394034575854
1295	-0.0304740660817217	-0.00957038089698336	-0.0121969806965706
1296	-0.0302627352387177	-0.00871499708897863	-0.00533689138953574
1297	-0.0285132137112738	0.00766024283048215	-0.0112804478727235
1298	-0.0279218860493056	0.00298365696329905	-0.0107623904729738
1299	-0.0351743053293369	0.00156956764102349	-0.0175289433282642
130	0.0067940316727976	0.0152900215736077	0.0276167808302286
1300	0.0271559916178199	0.00486016527287543	-0.00981372758449869
1301	-0.0313484381069864	-0.00879986849764371	-0.0162763175950658
1302	0.0289460726200713	0.00450447395895748	-0.00964132235010971
1303	0.0315944873235859	-0.00158928575702798	-0.00533861346819344
1304	0.0201751863013151	-0.00118022603266724	-0.0283516044768288
1305	0.032297586508299	-0.00101132586029868	-0.00738949484975662
1306	0.0200426528692905	0.00313971976200705	-0.0279242227962669
1307	-0.0270636659361276	-0.00646576457059808	-0.0074481793259771
1308	-0.0258368277053418	0.0231042727754769	0.00572780346085127
1309	-0.0252607594679818	0.000664878635912987	-0.0117407224194402
131	-0.0169687264782907	-0.00743246485503744	0.00384992698231879
1310	-0.0244728688867443	-0.00355012825834415	0.00814235142485091
1311	0.016383575125745	0.00435758641351109	-0.0310191810853625
1312	-0.0208417170484543	0.0278522597692057	0.021454250240717
1313	0.0170504609568482	0.0232744770979007	-0.0096012360049256
1314	0.0237649765640045	-0.00302494539141849	-0.0229439505368062
1316	0.0235751971495268	0.000352856354044507	-0.0251441889472134
1317	0.00361635053286391	0.0271740943852275	-0.00188350074923645
1318	0.0271111257659747	0.0054683927603608	-0.0159550615728365
1319	0.0315350184780562	-0.000209450750487061	-0.0117316755578273
132	0.0124047578756978	0.0222466590147105	0.0160118351258998
1320	0.0292161889517626	-0.000237936495958236	-0.00983795907992586
1321	0.0258990704631981	0.00426525215224216	-0.0106101168917353
1322	-0.0131508933450171	0.00833570962769064	-0.00554646241268487
1323	0.013128646048734	-0.0209510180931421	0.0228568792871681
1324	0.00615995691240939	0.0143066232336532	0.00924763731884136
1325	0.0129166922094996	-0.016202739037064	0.0222564654829769
1326	0.0148040523624031	-0.0113904146519738	0.0219125530801723
1328	-0.0250740491666152	0.00704979433589308	-0.0112014133990516
1329	-0.0285545154833643	0.0061874163619494	-0.0118207297053915
133	0.0246959563101202	0.00438683015131555	0.0155103296620419
1330	-0.0263754172848403	0.000138257605706932	-0.0105715545449647
1331	-0.0260501862997446	0.00092883308180022	-0.0108920801454599
1332	-0.0255958619373535	0.00121614498428532	-0.0096319091565537
1333	-0.0269615746844659	0.00788241340349636	-0.0104578202439621
1334	-0.0261783973532229	0.00188886577824794	-0.0126896231029288
1335	-0.0265724212608716	-0.00275887991435731	-0.0116788613275377
1336	0.016383575125745	0.00435758641351109	-0.0310191810853625
1337	-0.029828549697169	0.0155188405944648	-0.00115235987298521
1338	-0.0263603289402082	0.00812210476342391	-0.00989612552219341
1339	-0.0247947736793863	0.00090774115280991	-0.0107361285504273
134	-0.00388327819144452	-0.00455088099680253	0.00654934091136776
1340	-0.0293009233323955	0.00622939529997889	-0.0101899982019853
1341	-0.0251321910348497	0.00704352372108479	-0.0112289891030046
1342	-0.0264171681211341	-0.000750429694003429	-0.0117447111775063
1343	-0.0236060012843825	0.00720812366154313	-0.0105051431377314
1347	-0.0157735621020508	0.0196982986986342	0.000274926756618706
1348	0.0169693900682329	0.00571815334376577	-0.0301397262123629
1349	-0.0317394632292323	0.000404005830127129	-0.0112684764962212
135	-0.0202313911647614	-0.00298732718374217	0.0140297310026972
1350	-0.024511141903996	-0.00474542403248903	-0.00818507493749573
1351	-0.00701079638378051	-0.00311515184081731	-0.00584795710954098
1352	-0.0278124780763948	0.0033581263428083	-0.0109741643027962
1353	-0.00706708603910402	0.00614932033284644	-0.0437561036323764
1354	-0.00333972727330189	-0.00420546407226457	-0.0381004141917568
1355	-0.026123725315258	0.00265065397076802	-0.00964024838270488
1356	-0.0234317388438089	-0.00514424019079369	-0.00724104075238461
1357	-0.0115658811086486	0.0197358075924933	0.0157431257186336
1358	0.0249177670543655	0.0039918289837431	0.0316599259319677
1359	-0.0331712021505698	0.00567892228288152	-0.0150769956181957
136	-0.0122404554527978	-0.0372112274857928	0.0134665105565519
1360	-0.0225135967137997	0.0215341556190769	0.00307079491893611
1361	0.0144990070096169	0.0151254717641906	0.0134684871963636
1362	-0.0029836995011771	0.0100939083402342	-0.0374794805218631
1363	-0.0206911880480338	-0.00223154972681213	-0.00981348025741444
1364	-0.027827412660038	0.00675284340502828	-0.0125072870985929
1365	-0.0308548000577454	0.00786965673080245	-0.0116604052067505
1366	-0.0334316932980644	0.00739973652745358	-0.0131862477180872
1367	-0.0285959918435629	0.00229201635427626	-0.0108428989450942
1368	-0.0276577134648917	-0.00191433773077534	-0.010870307171099
1369	-0.0216819084265449	0.000533512259533726	-0.0144368511590188
137	-0.00801583441059799	-0.0332880825032875	0.0176153048427327
1370	-0.0267237650548821	-0.00782464568511671	-0.0153332468592814
1371	-0.0284875903235998	-0.000400760665416632	-0.0123268048719405
1373	0.0300650929263875	0.000748879563562257	0.0187472717982757
1374	-0.0221265980441038	-0.00079978996454658	-0.0146084918069908
1375	-0.02382775352868	0.0222466419419115	0.0100719170902198
1376	0.0288774132325298	-4.44863100838971e-06	0.0188792096973401
1377	0.0052926631933911	0.00900041398190784	-0.0340195195210483
1379	-0.00276825924849956	-0.00348343376738867	-0.0369941744506891
138	0.00640344114972082	-0.0377088552582781	0.0242715633884269
1380	-0.00719231730883188	-0.00322711957659293	-0.0394968217677427
1381	-0.0039964129372027	-0.00316917240762647	-0.0370800345723825
1382	-0.00430603500251751	-0.00379457133314687	-0.0374014515465014
1383	0.00203771544193278	-0.00593027316341791	-0.017561244525539
1385	-0.0281733519867389	-0.0053491029414343	-0.0112354867829691
1386	-0.0287413972298163	-0.00349685652900979	-0.0109691912885919
1387	-0.0273465014732302	-0.000674081821023823	-0.0121380356674904
1389	0.0209663942350842	0.00831160186945305	-0.0107227407019332
139	0.0255651878120748	-0.00265041530094269	-0.0109135138035681
1390	0.0275854968307928	0.0197663751999688	-0.0189479435209162
1391	0.0277652577567748	0.00871928975962912	-0.00507296949032007
1392	0.0356465872148295	0.0145304938513528	-0.0035798477327278
1393	0.0339651681849709	0.00457037814896307	-0.000563896807592009
1394	0.0334162714968693	-0.00161884489184114	-0.0106968245549974
1395	-0.0294511787844454	-0.000713452968825384	-0.0107430093222549
1396	-0.0266655100193819	-0.00672689641186792	-0.0103651921057795
1397	-0.0276655500696359	-0.00177520245264011	-0.0122659578847519
1398	-0.0327030520171128	0.00622700449959392	-0.0148197203171134
1399	-0.0326688931870448	0.00594891339578928	-0.0138573309464451
14	-0.000615643785722307	0.0186013459183447	0.00638999003894853
140	0.0218549959865965	0.00719580695403214	0.0168640175860837
1400	-0.0298058858012229	0.00653946458949257	-0.0134456434204131
1401	-0.0302680246544346	0.00383873972109391	-0.0138525643619139
1404	-0.0217925639787914	0.0144807944809235	0.0138284596696212
1405	-0.0320912083992898	0.00112374194199324	-0.012365213311714
1406	-0.0326567664353154	0.00727872226408858	-0.0131422886819379
1407	-0.0293128958075032	-0.000627391857511714	-0.0126428508689426
1408	-0.0335581894801149	0.00677295060860777	-0.0137864437383834
1409	-0.0290735854472721	-0.00494946339223038	-0.011696172939963
141	0.0282902818088257	0.0058058752920331	0.00582375370577776
1410	-0.0228427806202638	0.00501601793936849	0.0279224512862226
1411	-0.000974839745264945	0.00893848386883806	0.0138408464142516
1412	0.00366212975396696	0.0244780071512214	0.00526701723476481
1414	0.0131023980557627	-0.00647766310047104	0.0240398590833767
1415	0.0144943785318845	-0.00827664642976997	0.0228061339744256
1416	0.011602121925888	-0.0024841744955945	0.0206775517721852
1417	0.0131378023324639	-0.00663667839198909	0.0211100767924377
1418	0.0151490289822344	-0.0106004557326367	0.02034479605439
1419	0.0140487503966215	-0.00925723220160431	0.0226792749572415
142	0.00693497044271111	-0.0384558411106193	0.0204970245496741
1420	0.0118417281293754	-0.00262445201375997	0.0238442631427546
1421	0.0131039311680086	-0.00571610987200545	0.0214942490160477
1422	0.0110051251818305	-0.0012566819961644	0.0249741362743501
1423	0.0296256260943906	0.00659041465076764	-0.0143952896503889
1424	0.025574254682919	0.00843046166810633	-0.0147736139535931
1425	0.0239574873509758	0.00563185342705886	-0.0154335424025453
1426	-0.0245920967291935	0.0160660957955418	0.00437649364955869
1427	-0.0252529913971958	0.0151358470498001	-0.0061268575336637
1428	-0.0214636170045685	-0.0160737984453327	-0.00853253389241119
1429	0.0311900060697727	-0.000692519033162217	-0.00824520546415041
143	-0.0229976877953001	-0.0280863755759578	-0.00479011370737061
1430	0.0328088484907482	-0.000825160562064738	-0.0171435727887891
1431	0.0275339325276459	0.0209152061563695	-0.0184578258476898
1432	0.0258736603423579	0.0105604942875634	-0.00870691917613917
1433	-0.0210290860067262	-0.0178106032714263	-0.00756220723571298
1434	-0.0188885465570875	-0.00553771333667695	-0.0167479629654652
1435	-0.020572481608194	-0.0177162644298062	-0.00881867571613634
1436	0.0263861902098002	0.00759400175526874	-0.0162416364879876
1437	-0.0272159190475438	0.00282439842201212	-0.0109890802676877
1438	-0.0206911880480338	-0.00223154972681213	-0.00981348025741444
1439	-0.0238511632263887	-0.0102740789553145	-0.00820090184637798
144	-0.0215326850009298	-0.0161419224230555	0.0147796973482127
1440	-0.0252278095083563	-0.00828669586122412	-0.009576489317285
1441	-0.025147025320457	-0.00628576399924858	-0.00892173808966412
1442	-0.0238974869434764	-0.00724806306722238	-0.0100150657920467
1443	-0.0244268215698956	-0.00658842433319889	-0.00959988735031133
1444	-0.0238225789671916	-0.00808982290806669	-0.00967911757391918
1445	-0.0232874668236644	-0.0124694996792399	-0.00784727001245987
1446	-0.0269010227811914	0.00280140909964174	-0.0105537661203823
1447	-0.0252993702574283	-0.0044762776054802	-0.0101506684566965
1448	-0.0249251171740393	-0.00682461535877594	-0.00882251695646799
1449	-0.026635435068944	0.00268951786384496	-0.0103450588924693
145	-0.0188748424707956	-0.0245530775127841	0.0129952160627042
1450	0.000130513816686114	-0.00205792233243446	0.0375979737692973
1451	0.0188837282393858	0.0290765347129548	0.0195558752774472
1452	0.0116705315994086	0.00270209021913337	0.036872939558805
1453	0.00258916154707885	0.0117690773467289	0.0409306513290674
1454	0.00783763922513274	0.00426108896903588	0.0426983304772657
1455	0.00795074146151117	0.0126937916014169	0.0288957958436829
1456	0.00289028422591097	-0.0118270232844336	-0.0324753512623405
1457	0.02763974714933	0.0186205520660664	-0.0114110030773392
1458	0.0234903722828509	0.0254228974953524	0.00127916704022605
1459	-0.00862280628038667	0.0204971291585269	-0.0187230364079501
146	-0.00221911903719159	-0.0245632639123407	0.0304542915530443
1460	-0.0234709714858827	-0.000469580637879375	-0.0109858693833041
1461	0.00432019850197894	0.00994533022391493	-0.0349544962229553
1462	-0.0116478795406893	0.00361639678668446	-0.0104538704932958
1463	-0.00111546747834008	0.000928607721484282	0.0168268868755905
1464	-0.00406555531491137	-0.00683462520284362	0.020018546797064
1465	-0.0121094599489369	0.0151111225641304	-0.00933007626344036
1466	-0.00935746869814665	0.00527192256210485	-0.0100874075487636
1467	0.0126437478265564	-0.0186578885910882	0.010792720017723
1468	-0.00467288798242537	-0.00399852594938675	0.00944415627337004
1469	0.013058122155258	-0.0173130047159582	0.00998212892366211
147	0.0275996812531187	0.00115970693220088	-0.0057346053925107
1470	-0.00995667457677531	0.00593793912507877	-0.0097698159613352
1471	-0.0306052103186927	0.00405246526156759	-0.0139947742912198
1472	0.016383575125745	0.00435758641351109	-0.0310191810853625
1473	-0.0287855898469402	0.00289909662818291	-0.013227339236646
1474	-0.0304200816371597	0.00393512122321745	-0.0139166952401094
1475	-0.0327787061042746	0.00595743135108981	-0.0140082788034023
1476	-0.0257470589042049	-0.00681937706753473	-0.00854368425119448
1477	-0.0252286164579679	-0.0096549286880648	-0.00891349820771799
1478	-0.0118043962017642	0.0212445485992395	0.000858258017150977
1479	-0.0204688442494317	0.0226253508515426	0.00278081647968302
148	0.0279030273831856	-0.000889054225095588	-0.00663384343997412
1480	0.00116271165963705	0.0207544658408854	0.0313026092373395
1481	-0.0186624522423306	-0.0216898372527686	-0.0163840956433425
1482	-0.0213594844310995	0.00217729759184258	-0.0122755786197383
1483	0.0155453928032488	0.0314714211428357	0.0170487291413576
1484	-0.0179805727534095	-0.00249651230005179	0.00656710000992493
1485	-0.0158525421069514	0.00410089323462742	0.0289447615620793
1486	0.00472974253327315	-0.0240038149740321	0.0241999270078838
1487	-0.0106719093018986	0.00449187104062238	0.0275072797211175
1488	0.00577481544794607	-0.0192027656080872	0.0211466808833584
1489	0.00918666974786926	-0.0323060876573888	0.0259699945411851
149	0.0266790656773938	0.0015581697682886	-0.00634031088427784
1490	-0.000710508588153782	-0.00262424253216079	-0.0363826499572202
1491	0.0297789194170279	0.0151963266010079	-0.00870915834260501
1492	0.0298893316547257	-0.00588252255551255	0.00211375131325629
1493	0.0156313337072269	0.018077693365278	0.0187057134537925
1494	0.00225474359781325	0.0120942756278934	0.0307156784634944
1495	-0.0239801504677734	-0.00203194442222758	-0.00704771169165409
1496	0.00307119315639982	0.00675455205130586	0.042137936919626
1497	-0.0242840772503615	0.0186167179899693	0.00898975924382517
1498	0.0117657181356036	0.00229833163065432	0.0325105052566414
1499	-0.00284786579269366	0.0136958501817141	0.0143544970409706
15	0.0142665260616005	-0.0297517282658915	0.00541090052220602
150	0.0336661809870252	-0.0132690143377499	0.0136218515994831
1500	-0.0225012171353715	-0.00887904522442333	-0.00728505251259422
1501	-0.0218873985059035	-0.0107854440940486	-0.00730185199172908
1503	0.016383575125745	0.00435758641351109	-0.0310191810853625
1504	0.00615995691240939	0.0143066232336532	0.00924763731884136
1505	0.0103215427862633	-0.00792958184195316	0.0183291042157232
1506	0.0112411251318782	-0.00579823987193564	0.0288688359745777
1507	-0.0259414889790806	-0.00409248727490141	-0.00597488888193945
1508	-0.0206911880480338	-0.00223154972681213	-0.00981348025741444
1509	-0.0220067719205623	-0.0013976653005176	-0.0103683350728463
151	0.0303630225798416	0.00306002013616992	0.00378506701916019
1510	-0.022820659838877	-0.000881781460646948	-0.0107115968291878
1511	-0.0183203470143832	0.023682989279517	0.0106946315583835
1512	-0.0219532463406714	-0.00959630332509386	-0.00765628951681919
1513	-0.0236807637724152	-0.00842048449181593	-0.00654707778904197
1514	-0.0250022388447174	0.00233597102751634	-0.00848866696339088
1515	-0.0221948733887069	-0.00127843695778376	-0.0104476679132446
1516	-0.0171491016367243	-0.0312826375790105	-0.006631979711875
1517	-0.0213956919809201	-0.0175654670551659	-0.00531117824756691
1518	-0.0186097980555023	-0.0294094344286456	-0.00416610525259866
1519	-0.000974839745264945	0.00893848386883806	0.0138408464142516
152	0.00935485933837376	0.0110389895388795	0.0252421130525001
1520	-0.0194241627055484	-0.025783329996496	-0.00473902474466808
1521	-0.0197447411107821	-0.0211219354387371	-0.00627799354779141
1522	-0.0206911880480338	-0.00223154972681213	-0.00981348025741444
1523	-0.0184691974288766	-0.0270410206251622	-0.00549888505122277
1524	-0.0185281858903666	-0.0265021500070969	-0.00679820773604161
1525	-0.0185216326293456	-0.0236628186628062	-0.00724083591003328
1526	-0.00293121428814664	-0.0267078072232047	-0.0159839058471074
1527	-0.0187554928193821	-0.0256935384379553	-0.00664002390996579
1528	-0.00413089625688285	-0.00304413593145952	-0.0386450338363846
1529	-0.0178589733640024	-0.0262286063837896	-0.00736977196879311
153	0.0298649619902773	-0.00815649704068966	0.00406639641159329
1530	-0.0157926100987757	-0.0157742653408439	0.0168335339372041
1531	-0.0217813473472301	0.0169228730776998	0.00870570466268599
1533	-0.0146936679015749	-0.017606844451255	-0.0133951919974478
1536	0.039034396584283	-0.0108518812417624	-0.0141339573912705
1537	-0.025222802915497	0.0150142913358305	-0.00498972332093988
1538	-0.0182013131983953	-0.0249607467650471	0.00891765940260882
1539	0.0280734226586144	-0.00249780698962854	-0.0222934777273841
154	0.0289192999243466	0.00200300222808343	0.00261905607134194
1540	-0.0214321857422648	-0.00780254745088748	0.0058507274254843
1541	-0.0177351630963141	-0.0114572488931514	-0.0031326242869548
1542	-0.0165049680764718	-0.0171787692239965	-0.00501916224375489
1543	0.016383575125745	0.00435758641351109	-0.0310191810853625
1544	0.016383575125745	0.00435758641351109	-0.0310191810853625
1545	0.0227226546948079	0.0128674295023061	-0.0242820517415192
1546	-0.0228767526934338	-0.000846226937048685	-0.010735254302582
1547	-0.0221843338989716	-0.0244556395188269	-0.0118401451651069
1548	-0.0230031374323682	0.00427866120378672	-0.0057881129027974
1549	-0.0263113275938782	-0.0136990410051417	-0.00986301660105306
155	0.0094044783332476	-0.0281861384713062	0.0253263760802892
1550	-0.0152970018159679	0.0371682368183229	-0.00419619320308763
1551	-0.0233816704826902	-0.0205085928720046	-0.0103396634667233
1552	-0.0228731321930071	-0.0221636159876861	-0.010298052781389
1553	-0.0233240076834866	-0.0249318279600794	-0.00881570978817465
1554	-0.0234047125779303	-0.000511578926698924	-0.0109579243203474
1555	-0.0237871676462257	-0.000269159319809045	-0.0111192268725915
1556	-0.024150988099551	-3.85512861211231e-05	-0.0112726701723274
1557	0.016383575125745	0.00435758641351109	-0.0310191810853625
1558	0.0252166527505801	0.00382437264599166	-0.0212613833355524
1559	0.0212969703921194	0.00138702857551776	-0.0275445135122258
156	0.0279337395524895	0.00681902790993365	0.0140476839152657
1560	0.0178668640941684	0.00590496447844627	-0.0296413171760295
1562	-0.0206911880480338	-0.00223154972681213	-0.00981348025741444
1563	-0.0301316550216183	0.00375230166465402	-0.0137950497107945
1564	-0.0300180217222441	0.00559183802726505	-0.0117203996179599
1565	-0.0286278365236355	0.00389957275756518	-0.0112758576989287
1566	-0.0206911880480338	-0.00223154972681213	-0.00981348025741444
1567	-0.0309000390384781	0.00423934280163724	-0.0141191199436077
1569	-0.0297046490284374	0.000185196166834761	-0.0117541537251129
157	0.0262252859896617	-0.00485059095001126	-0.0111332403885822
1570	-0.0206911880480338	-0.00223154972681213	-0.00981348025741444
1571	-0.0241784455880542	0.0192025166161267	0.00629030312655843
1572	0.016383575125745	0.00435758641351109	-0.0310191810853625
1573	0.016383575125745	0.00435758641351109	-0.0310191810853625
1574	0.0192208087921367	0.00787299535491269	-0.0245843522276193
1575	-0.0253171159062207	-0.00525926846401189	-0.00861499471888409
1576	0.0215282605329101	0.00406459505498278	-0.0140060659489383
1577	0.00673808488522189	-0.0182235281619661	0.0398291037497273
1578	0.0165941761525975	0.00342601811796397	-0.0309784741090827
1579	-0.000760041365468015	-0.000823590792045448	-0.0366417381328932
158	0.0294975986858455	0.0082469637871108	0.00885015388972813
1580	0.016383575125745	0.00435758641351109	-0.0310191810853625
1581	0.0264715729495305	0.00549791190418059	-0.016140716237683
1582	0.0213833270395049	0.0113905188338468	-0.0255618480857932
1583	0.016383575125745	0.00435758641351109	-0.0310191810853625
1584	-0.0244149763657028	0.000128777995170109	-0.0113840086918627
1585	-0.0258904055576692	0.00149602082410377	-0.0112662546411734
1586	-0.0249938713822165	0.000495711300457974	-0.0116281608848543
1587	-0.0158248747542905	0.0106114741243495	-0.0106011662072583
1588	-0.0245808031000398	0.0175690675794857	0.00288099145139294
1589	0.016383575125745	0.00435758641351109	-0.0310191810853625
159	-0.0135863474185633	-0.00943858769611926	-0.0378634255564641
1590	-0.0080457808537381	-0.0372783595166016	-0.0104231883288646
1591	-0.0256834326738973	-0.000403633377230172	-0.010768496912776
1592	-0.026051990308246	-3.4709302993346e-05	-0.0108236169614226
1593	-0.0259496217628946	-0.000977703882158571	-0.0108517207631477
1594	-0.0206911880480338	-0.00223154972681213	-0.00981348025741444
1595	-0.0206911880480338	-0.00223154972681213	-0.00981348025741444
1596	-0.0206911880480338	-0.00223154972681213	-0.00981348025741444
1597	0.0215982694039077	-0.0065671593780174	-0.0276570594903852
1598	0.027852109742315	-0.00574994624841502	-0.0122943836935132
1599	0.0256271367073531	0.00747550695581865	-0.0130147202468216
16	-0.00120440869893292	0.0115903406288902	0.0167395313043909
160	0.0264232515970991	0.00155812763756189	-0.011969399783847
1600	0.0267645586919332	0.0103666744256337	-0.00659689523431364
1601	0.0278190069885018	0.00351517085988425	-0.00140579156673482
1602	0.0266444889616334	0.00686360307787259	-0.00652921789595286
1603	0.0202706568298008	0.00467231036372321	-0.0265266397162848
1604	-0.0228869726175751	-0.00199914328841205	-0.0103688062806503
1605	-0.0229879851056194	-0.00213247110326932	-0.0104132522654081
1606	-0.0246595795791891	-0.00271955988204215	-0.0102330916880046
1607	0.01096798420743	0.00147926442951434	0.0156410531674683
1608	0.0160765791599594	0.00313249860345075	0.015563605662976
1609	-0.017930552658648	0.0240555588554791	0.00490149240584755
161	0.0272032387321452	0.00198602026995007	-0.00661260222584272
1610	-0.0101653648703516	-0.00231359526876488	-0.00293357736352879
1612	-0.0214734316124159	-0.00251375175665563	-0.0100750333728495
1613	-0.021146577293221	-0.00359807292736639	-0.00923908294185689
1614	-0.00281531130587241	0.00821616512887071	0.0176032924108894
1615	-0.0243161888792057	-0.016645394474777	0.00519731088120697
1616	0.00771761984335045	-0.0231000820385541	-0.0277211455070232
1617	0.0104598878862776	-0.0224712130599701	-0.0111408164934398
1618	-0.00328541042506296	-0.035103288596406	-0.00102387036246129
1619	0.00526919821300908	-0.0132122157689145	0.0396571593016532
162	-0.0118488717327712	-0.00724798699153313	-0.0410762446119043
1621	-0.00336753141071545	-0.0102780640060771	-0.0145098917252737
1622	-0.0019582339114235	-0.0205470745608695	-0.0183403064224844
1623	-0.00378024424773619	-0.00938419291764715	-0.0175741217135549
1624	-0.00349449925312661	-0.00442729649691621	-0.0371322147825308
1625	-0.00301473203135289	-0.0413357832972664	0.00384568887889001
1626	0.016383575125745	0.00435758641351109	-0.0310191810853625
1627	-0.00110935835381325	-0.00623930156324722	-0.0367530452440324
1628	-0.00201746552205002	-0.00495603918991506	-0.036982544362965
1629	-0.00262768663466602	-0.00513913147604728	-0.0370654550143149
163	0.0111620190650981	0.0110213245851181	0.0368771122210794
1631	0.000113059065535175	0.00304358523830821	-0.0320595865999421
1632	-0.0119071262945092	-0.0372909398965324	0.0225121288765193
1633	8.73379124113551e-05	-0.0278552044692311	0.0335453430403934
1634	-0.0133230580748387	-0.0297956002623013	0.0261719994689575
1635	0.0247798744927745	0.00958580926359062	-0.00444408957853559
1636	0.0254833384880177	0.0102816699137287	-0.0163779973480752
1637	-0.00870730397251992	-0.037599121518301	0.0219599521942546
1638	-0.00701079638378051	-0.00311515184081731	-0.00584795710954098
1639	0.0302633914007647	0.0131521838731175	-0.000471410951672003
1640	-0.00850185645470161	0.033591655183404	0.0462915724386948
1641	0.00509050957069287	-0.00838027875769617	0.0403479653066528
1642	0.0309181174799991	0.0105061822954148	0.00102035764740703
1643	0.0224279201264027	-0.0025548806857969	-0.0132173057621862
1644	0.00511540508691472	-0.0153445849569999	0.0356150566867472
1645	-0.00372747661608271	-0.0167608586060609	0.0378278116925733
1646	0.00425367191122692	0.00289073578837322	0.03892966742969
1647	-0.00439306758117795	-0.0147499346269192	0.0381995451117926
1648	0.0242535196275333	0.0216524350626236	0.0197252772406307
1649	0.011275436151616	0.0178358005949342	0.00865197521681031
165	0.00243517601190564	-0.0206865244421551	0.0415833805665258
1650	-0.00961787011655655	-0.025933059274943	0.025847045195047
1651	0.00944587884693214	-0.0461271933964032	0.0242381409944099
1653	-0.0260168040404907	0.000259870738676381	-0.0117216685981861
1654	-0.0206911880480338	-0.00223154972681213	-0.00981348025741444
1655	0.0290967706305878	-0.00373140896833975	-0.020764887575154
1657	-0.00758122251424236	0.0334078302934679	0.0318525467249991
1658	-0.00655065809066115	0.0301796527315515	0.0339490411337163
1659	0.00828842320878364	0.0234991150903143	0.0408795833069097
166	0.00633139307558036	0.028903924565343	-0.000970374770545551
1660	-0.000706155436775821	0.0260223769928811	0.0380045677239538
1661	0.00134942310408862	-0.00979248667066803	0.0357637134837114
1662	0.0289596387229763	0.000100789838603625	-0.0114451462994829
1663	-0.00950646001695676	0.00313893334048074	-0.0387463900678094
1664	-0.00501483954517586	0.0209655752785356	0.0117485198375823
1666	-0.0108652191621874	0.00504411158394893	0.0284623658808134
1667	0.00310600842577242	0.0146601628224548	0.0167930586963714
1668	0.00442686858516152	0.0125271121660353	0.0151203044950724
1669	-0.0167587113121281	-0.0131371387222677	0.0242814371319011
167	-0.0108314956247887	0.0182041227002524	0.00037155689545791
1670	-0.023570652198203	-0.000782528037259783	-0.0112454167140278
1671	0.00297078602996247	0.00016048725632246	0.0154686769669378
1672	-0.0234204703147641	-0.000501590866177805	-0.0109645702335006
1673	-0.0244888500548205	0.000175602922226821	-0.0114151653311288
1674	0.00190935354766226	-0.00977638355498832	0.0380868340828704
1675	0.00333502260881006	-0.0382459992248986	0.0076499234742556
1676	0.00956724685752605	-0.0237408004688183	0.036389303838242
1677	-0.0234531638530372	-0.000966235268442041	-0.0110002405314947
1678	0.010934349919908	-0.0136801388641128	0.0352720560973769
1679	0.00830547054821451	-0.0421858035236637	0.0139677537132958
168	0.0159410548193037	0.00750033345666935	0.0237937585538304
1680	-0.0278320971684749	0.00229472414250476	-0.0128251983962382
1682	-0.0257826291684229	0.000995666375744752	-0.011960823868207
1683	-0.0127102509965471	0.00927147642704894	0.00881259869465559
1684	-0.0056809547236723	0.0216890824699433	0.0146065166489667
1685	0.0296678864741144	-0.0106270700154577	-0.0225604326627919
1686	0.016383575125745	0.00435758641351109	-0.0310191810853625
1687	0.016383575125745	0.00435758641351109	-0.0310191810853625
1688	-0.00937686449981778	0.00233194117512265	0.0342849792776904
1689	-0.0115137928109136	-0.010469575640264	0.0190101041608369
169	0.0272182248183119	0.006798020683868	0.0128221021854519
1690	-0.00961615840950879	-0.00983378656545826	0.0214456942549968
1691	-0.0121441101234413	-0.0011068422352113	0.0174246221355799
1693	-0.00606796684778623	-0.00865819928845789	0.0279788838316267
1694	-0.00734983994786311	-0.0106894808214921	0.0140199925638011
1695	-0.0108199321010634	0.00230663420260855	0.0330060629216854
1696	-0.00570909288430419	0.00343092149906077	0.0297452317214965
1697	-0.00986923527910296	0.0213641349720785	0.00979375785257689
1698	0.000464460000073469	0.0222111327726544	0.0146973766275072
1699	-0.0102558565858435	0.0206013768337134	0.0117612649088434
17	0.000708015537172315	-0.0129325369475631	0.0354902139635734
170	0.0283093046297999	0.000885445227704711	0.0012746190361993
1700	0.016383575125745	0.00435758641351109	-0.0310191810853625
1701	0.0251687700498488	-0.0150133978985728	0.0288414639255925
1702	-0.0266962117237193	0.000452809452647795	-0.0122776452772138
1703	-0.0276891161919786	0.00220409547788952	-0.0127648953741499
1706	-0.023983641582367	0.00885087851215125	0.00544535275455782
1707	0.0296081650624212	0.00364083008240167	-0.0187263167017242
1708	-0.0222985133690462	0.0225138326038087	1.064645230535e-05
1709	0.0141512906606111	0.0147771775265268	-0.0286726834112056
171	0.0275900908976509	0.00189536338140513	-0.0035000555925217
1710	0.0178561549711902	-0.00476587014403191	0.0337762137858851
1711	-0.0283920546068264	0.00264965384100561	-0.0130613635603103
1712	-0.0297071072966554	0.00304027365317707	-0.0133410094489292
1713	-0.0179065517583622	-0.0018925794316038	-0.0118792275464726
1714	-0.03091683037661	0.00424998601158926	-0.0141262017838571
1715	0.000557121372456564	0.000213081061211329	-0.04013085282493
1717	-0.0188235260745852	0.0107489351024198	-0.0155335922143321
1718	-0.0117860837223243	0.00696223484580375	-0.0126206792954433
1719	-0.0225824612713791	-0.00356667454213023	-0.0029514800677334
172	0.0108722082274079	0.019668474834688	0.0165552872102685
1720	0.00032266065658894	-0.0145206542109017	-0.0373737038310542
1721	0.016383575125745	0.00435758641351109	-0.0310191810853625
1722	0.016383575125745	0.00435758641351109	-0.0310191810853625
1723	-0.0277484534917241	0.00098427185207425	-0.013164008568681
1724	0.016383575125745	0.00435758641351109	-0.0310191810853625
1726	-0.00701079638378051	-0.00311515184081731	-0.00584795710954098
1727	-0.00701079638378051	-0.00311515184081731	-0.00584795710954098
1728	0.032922187713012	-0.0152763221765844	0.000320126984520097
1729	-0.016763917943405	-0.0140108992926137	0.00805860879349687
173	0.0298616217927562	0.00210033375840651	0.00318688077987976
1730	0.0321441085372041	-0.0233448618001624	-0.0223192554052357
1731	0.0286643446581832	-0.00364484435818475	-0.00983525757234655
1732	-0.024037987969515	8.49589378255852e-05	-0.0109839491584011
1734	-0.00881040603484198	0.0320447468360173	0.0228208230744662
1735	-0.0251922550080107	-0.000363057324637746	-0.0119295207368277
1736	0.016383575125745	0.00435758641351109	-0.0310191810853625
1738	-0.0182028216355965	0.00311266069602515	0.0199205819362207
1739	-0.00280884145161982	-0.0126950453388251	0.0164014328988345
174	0.0288959549514651	0.00274518894941061	0.00403896483241645
1740	-0.015830053741416	0.00189483802329824	0.00779285083464895
1741	0.00243388430752163	0.0153886766569022	-0.0312610433025248
1742	-0.0152397746236315	0.0026195958090949	-0.00279290313960574
1743	0.00375122431526434	0.0148101859411025	-0.031108125349622
1744	-0.0157990197503951	7.78926932460135e-06	-0.00182223336696993
1745	-0.0163320579280135	0.0100611934631362	-0.00171542182864829
1746	-0.0141576701349307	0.0188152991216703	0.00205194749091698
1747	-0.00252438521125038	0.00585177120458177	0.00877258616452466
1748	0.000269510683573425	0.0150640170422848	-0.031773904192706
1749	-0.0149456597320188	0.00464812935340815	-0.000571901958864385
175	0.023256085721114	-0.00117247999454153	0.0355327922147293
1750	-0.012535967299404	0.00389644279072685	-0.000724692608989251
1753	-0.0157233412977062	-0.00425201194253404	-0.00112607050934131
1754	-0.00979235790643977	-0.012406033098173	0.00485423152970281
1756	-0.0111045838521614	-0.00868165881120556	0.00418544495131661
1757	-0.0176427816307078	0.000762713264703816	0.0202000793572207
1758	-0.00564165870899649	-0.00821223790496094	0.011304012127451
1759	-0.0219019026119114	-0.00916511960759399	0.0198419500366603
176	0.0302400429467323	0.00295240035562762	0.00521343855671389
1760	-0.00889141740592659	-0.0119198937778304	0.00340088444445328
1761	-0.0101617119521125	-0.00826374612691492	0.00395071907288645
1762	-0.00654663046818185	-0.00846015596956597	0.0127329474686092
1765	-0.00701079638378051	-0.00311515184081731	-0.00584795710954098
1767	-0.00254068570282184	-0.0098821608475075	-0.0271157737393493
1768	-0.00701079638378051	-0.00311515184081731	-0.00584795710954098
1769	-0.0102957788169937	-0.0249768210151967	0.0143761882947953
177	-6.27265332882837e-05	-0.0160150639239188	0.0270591538266704
1770	0.00615995691240939	0.0143066232336532	0.00924763731884136
1771	0.0118122842458038	0.00952434484216872	0.0130611810177298
1772	0.016383575125745	0.00435758641351109	-0.0310191810853625
1773	-0.0206911880480338	-0.00223154972681213	-0.00981348025741444
1774	-0.0229381654380624	-0.00395181634297824	-0.000833370372932174
1775	0.021900734422005	0.0123823869448229	-0.0248789575667152
1776	0.016383575125745	0.00435758641351109	-0.0310191810853625
1777	-0.00134075217075977	-0.037881988408678	0.0156465176584639
1778	0.0180755192876355	0.00585200552182781	-0.0244994901585636
1779	0.0210530963167928	0.00928199830133835	-0.0179762394077479
178	-0.0141559815785305	0.00068312000754991	-0.0285064793918964
1780	-0.017304272257715	-0.00388124457965353	0.000358179004078598
1781	-0.0248572347788033	-0.00573238508674269	-0.00401089204766536
1782	-0.021655515270549	0.01477783299137	0.0093075472054985
1783	-0.0032638299098745	-0.00135352662788517	0.000240778087135637
1784	-0.0208332995574881	-0.00712694645686778	-0.00487663872064885
1786	-0.0220031928972845	0.0190570117405951	0.0064682221315767
1787	-0.0149521816437851	0.0228481479819819	0.026119914156561
1788	0.00198748252813977	0.00418461048567299	-0.0368548401217435
1789	-0.0171924748437848	0.022578357107863	0.0124104546919142
179	0.0164656828345083	0.0147612118565826	-0.00645757925518038
1790	-0.0234723980592606	0.0252551873022969	0.0082044845918978
1791	-0.0204174724898607	0.0212557262819592	0.0118035834784727
1792	-0.000974839745264945	0.00893848386883806	0.0138408464142516
1793	-0.0228790011349659	-0.00264516742615328	-0.015671665304029
1794	-0.0102624947310228	-0.0172314748267811	-0.00390895159371972
1795	-0.0132232882421337	0.0281818369806162	0.022685732378196
1796	-0.020071095814729	0.0228904356836602	0.0124946389935371
1797	-0.0204343906393526	-0.0200318711206544	0.00976778790061014
1798	-0.0200073899798747	0.0212476895198534	-0.00661507093849375
1799	-0.0159658177626042	-0.015633200985765	-0.00668141209909452
18	0.0224956401981716	-0.0159290796193612	-0.0161501645272517
180	0.0131364277698341	0.0136347161986887	0.015756101077239
1800	-0.00413275598093811	0.0287599120896349	0.0077406814176395
1801	-0.0156677078479451	0.0252613122300396	0.0176790792728457
1802	-0.0113580324609837	0.0314038797640338	0.00282793067388009
1803	-0.00822300795257306	0.00775190605916916	-0.00448039994616157
1805	-0.0144196330760663	-0.0314981946156051	0.00311125649055478
1806	0.016383575125745	0.00435758641351109	-0.0310191810853625
1807	-0.00542075842886454	0.00560761206464192	-0.040416264632153
1808	0.016383575125745	0.00435758641351109	-0.0310191810853625
181	-0.0127408045481433	-0.00768326957608601	-0.0364388365683063
1810	-0.00200394356481341	0.0218508510992006	-0.000888058814038106
1811	0.0192062354132098	0.0024645938791706	0.0161512947820882
1812	-0.0249165410282887	0.00706678162740275	-0.0111267099551382
1814	0.026086381998934	0.00228436108373032	-0.0137588577294164
1815	-0.0127009240548507	-0.000527762732216155	0.0222824138447477
1816	0.0244055494067348	-0.00439085732537627	-0.022193265497738
1817	0.0183857701317841	0.00375386874502313	-0.0238530622068549
1818	-0.0169485003929543	-0.0072530796885076	0.0175168237868506
1819	-0.0211099374338158	0.00217129856456879	0.00267501914862215
182	0.0191767564332066	0.0197613009738438	0.00556734886082599
1820	-0.0146516575573944	0.018392868387753	0.0122617277182953
1821	0.0213106861641375	0.0167837803870685	0.0179168386723033
1823	0.0112377086187034	-0.00841160189963805	-0.022401377460489
1824	0.00948280741682417	-0.0235094896912033	-0.0259075778660113
1825	-0.0180974030970277	0.0186580104805009	-0.000252361947106806
1826	-0.0126880559012441	0.00169289934857297	0.0166255778469235
1827	-0.00881290032843728	-0.010131920840592	-0.00263072816814775
1828	-0.01806793362566	0.0182293500711825	-0.00778682534902062
1829	-0.00654528155099206	0.0133892963309591	-0.0232164521109349
183	-0.014241143885699	-0.00289739398720205	-0.00769083088360191
1830	-0.00865154177439728	0.0148788385115234	-0.00238741434244679
1831	0.000261478856488961	0.00336987548094353	-0.0376217857448805
1832	0.00339188227748999	0.0014299903769673	-0.0349305561654841
1834	-0.00355556569317672	0.0100201330462871	-0.0124993873854302
1835	0.016383575125745	0.00435758641351109	-0.0310191810853625
1836	0.0266559374309283	0.000180685815215051	-0.0226680729181452
1837	0.0314649470225768	0.0010675142525229	-0.0147731671776866
1838	0.0127826503259317	-0.0185165023640948	-0.024843679979956
1839	-0.00223085950328319	-0.0240115030392781	-0.00417465567928332
184	0.0246752850639294	0.0236278740814819	0.0125843918087185
1840	0.00394435907376193	0.00285486336055472	-0.0363661226144502
1841	-0.017573509621363	-0.00686559308730418	0.0295097438731721
1842	0.00589773623567121	-0.0387454842901965	0.0240121593008943
1843	0.00191659516256347	-0.002181353048611	-0.0352619007352182
1844	0.00177243659637114	-0.00186664252559645	-0.0355162978018256
1845	-0.00884656893694643	-0.0174973687533677	0.0318037919536346
1846	-0.0102398953171609	-0.0253561703305563	0.0325332727271335
1847	-0.0133267029281329	0.00300916942588032	0.00907695258487655
1848	0.00378522869951682	0.00308323850831668	-0.0363725169627576
1849	0.0241384123118227	-0.00235621555511813	-0.0250705529367328
185	0.0256810800426638	-0.00159579348098667	0.0160792411952343
1850	0.0252961103318799	-0.00698421604087041	-0.0249591479036195
1851	0.016383575125745	0.00435758641351109	-0.0310191810853625
1852	-0.0156215383202746	0.0234084940226003	0.00198001989974294
1853	0.0123251582338717	0.0197116717703224	0.0422792167844184
1854	-0.00701079638378051	-0.00311515184081731	-0.00584795710954098
1855	-0.0240592678991003	0.0112794947660068	0.0097030557002763
1856	-0.0135332372059707	-0.0201965329307306	-0.00471581307750009
1857	-0.0181018669834116	0.00601978557326729	0.00585266192252016
1858	-0.0185729319252045	0.0267807974915842	0.009328932595396
1859	-0.0143639912224884	0.0240320006957188	0.0192611861804316
186	-0.0153444149370411	-0.00588065823474704	-0.0365105120068907
1860	-0.0144569234414423	0.0307512127746867	0.0222416862782682
1861	0.0193361040403726	0.00256973542528852	-0.019915819225267
1862	0.0262460096724229	-0.00308331790526258	-0.0207429729694823
1863	0.016383575125745	0.00435758641351109	-0.0310191810853625
1864	-0.0224236159766431	-0.00406462143703054	0.00610399196836355
1865	-0.0107466350432253	0.0267043376775351	-0.00685746388116609
1866	-0.0170063554534293	-0.0050500996102509	-0.0149916043212824
1868	-0.0086849580908055	0.0231925509911316	-0.00757554092173639
1869	-0.00427645101207448	0.00858240428059089	0.0122749480758248
187	0.000765570207323835	-0.0107730785070357	0.0303482777898456
1870	0.00213129656154743	0.0297733535234411	0.00169957428123554
1873	-0.0206911880480338	-0.00223154972681213	-0.00981348025741444
1874	-0.0206911880480338	-0.00223154972681213	-0.00981348025741444
1875	-0.0184138407554629	0.0201241758208112	0.00443020963995555
1876	-0.0232064369376282	0.0030731423100662	-0.00864134170419839
1877	-0.0152650692917415	0.0279876351853444	-0.00265541520582001
1878	-0.0169874792795721	0.0272421988882669	-0.00320522857263009
1879	-0.0161829918817028	0.0242091540017296	0.00955285465898852
188	0.0197395717802206	-0.00364436967236182	0.0160599129193574
1880	-0.00981174094570566	0.0262492378136374	0.00671637628321789
1881	-0.0185148353077054	0.00144517004608672	-0.00856335853099937
1882	-0.0140439976132391	0.0294492829743465	0.00568589146488709
1884	0.016383575125745	0.00435758641351109	-0.0310191810853625
1886	0.016383575125745	0.00435758641351109	-0.0310191810853625
1887	0.0233795035682152	0.002947095273976	-0.0191309685774173
1888	0.0236549063905601	0.000189378808428895	-0.0166924714153989
1889	0.011552263851156	-0.0162851926934897	0.0107243154806899
189	-0.00532850600398952	0.00955684906061498	-0.00880181983655344
1890	-0.024049400827673	0.0013063134789401	-0.0158783781987498
1891	-0.0144884131363101	0.020682509495039	-0.00164806096444334
1892	-0.0184493449089991	-0.00484974797084085	-0.010117169447126
1893	-0.0209595090463597	-0.00663090759521304	-0.00282065120543741
1894	0.00146153749675763	0.00949657693088907	-0.0355426301587154
1895	-0.025371388693521	0.00183632559665186	-0.0142597086150483
1896	-0.0182204966731228	-0.00668484233138136	0.0197945941906976
1897	-0.0097804869851347	-0.00329498011919538	-0.00121216756511142
1898	-0.0158939108859693	-0.00206577883043339	0.0283017342222812
1899	0.00200094482943567	0.0220055648047008	0.00668412675113544
19	0.0232949628540033	-0.0126349391996302	-0.0163171167620583
190	-0.0208543599339523	-0.00232806925004348	-0.00921446091710066
1900	-0.0195178858696691	0.00594046114752295	0.00822079465102331
1901	-0.0232685309488516	-0.00104259296305708	-0.0159853342103808
1902	0.00574878882960167	-0.0358884650044623	0.0185580667653208
1903	-0.0131855642264725	-0.00561298443354569	-0.00622972383923305
1904	-0.023757537587642	-3.02472357167001e-05	-0.016788182675383
1905	0.00345583386412745	-0.0376345789568377	0.0178457271033996
1907	0.0251856620677555	-0.00338576751258872	-0.0245338792574495
1908	0.0258885538785895	-0.00258466048399153	-0.0237635312025922
1909	0.0220578380522034	0.00587390024518294	-0.0256941147081257
191	-0.0214442897698122	0.00881328541074397	0.0164631300609261
1910	0.0279079016759939	-0.00691227304286423	-0.0146767927555638
1911	-0.0241901398017554	0.0128761528957892	-0.0172187131449417
1912	0.0272551912094775	-0.00505382555434174	-0.0198540547329523
1913	-0.00701079638378051	-0.00311515184081731	-0.00584795710954098
1914	0.0269524098801303	-0.00324464957669611	-0.0166404438863285
1915	-0.0185343092677481	-0.00103138657304528	0.00836031958984064
1916	-0.0203190845134613	-0.012043871280498	-6.70349380664489e-05
1917	-0.0165569704414555	-0.00685008812100842	-0.00791489058487513
1918	-0.0125455063602516	0.0247300414149043	0.00553992144720649
1919	0.016383575125745	0.00435758641351109	-0.0310191810853625
192	-0.00512141052033733	-0.0288245648420253	0.0256084363287468
1920	-0.0137894168655842	0.0119015357999082	0.0118670529165277
1921	-0.0123222613693492	0.0109339615212678	-0.00348007046736625
1922	0.0220891478903925	0.0131302635314967	-0.0205786866729532
1923	-0.0180945972162677	0.00430017546581928	-0.0157516469127023
1924	-0.0200364043308763	-0.0024048175269224	-0.0126593773824363
1925	0.0112580449686552	0.00456732866957725	-0.0333961305476867
1926	-0.0135658376827114	0.00485255092973971	-0.0138616374099818
1927	-0.00269305735225976	-0.00651083224683607	-0.0154388123059999
1928	0.0233450687531384	0.0127701036562226	-0.00902382795225795
1929	-0.0152438505815948	-0.00684675585291535	0.0139422996301291
193	0.0275910436870395	0.00248514977455963	-0.00479150961459924
1930	-0.00104639172424598	-0.00255760051476636	-0.0367010147256415
1931	0.00821643909262542	-0.00224229581300326	0.0223435307817324
1932	-0.0169053242235524	4.09153300217891e-05	0.00479926256721461
1933	-0.0065560299383436	-0.00698082943361981	0.0249576875336703
1934	-0.0193737115712789	0.00260566238594748	-0.0120613197654288
1935	0.024026913167606	0.013168682480485	-0.00404123727316232
1936	-0.0179366610427149	0.00396007368547477	-0.0137346227527841
1937	0.011495465209601	0.00327191404663726	-0.0330720521910639
1938	0.0120290497189882	0.0038879497759586	-0.0330844587779925
1939	0.0114764773337843	0.00382835470812668	-0.0333465345070615
194	0.0132197145009377	-0.0407937060108646	-0.00528636603040806
1940	0.0110044681587936	0.00456124645895715	-0.0331976286172831
1941	0.00455411836638513	-0.0336506801237949	0.027399876013788
1942	-0.00417306045960258	-0.0331967106246279	-0.000889398655416943
1943	-0.0167668779755007	-0.00165318605021369	-0.0168550633942223
1944	-0.0271214350990593	0.0189854538867268	0.00823815149661567
1945	-0.016127007935509	0.0162449182469353	0.0236317737186256
1946	-0.0188714409074183	0.0179046853924743	0.0173053491883704
1947	0.000150779598235944	0.01236607013957	0.0346318213226103
1948	-0.0202171450238131	0.0170227924524605	-0.00217852067916767
1949	-0.00944079004264435	0.0247087570953506	0.0151371245261185
195	0.0220562045699331	0.0214350670126367	0.00362103010691354
1950	-0.00856792645187216	0.0144072497364099	0.0201116782809193
1951	-0.0143499890030282	0.0157910557097383	0.0227150679292628
1952	-0.0152617966125488	0.0205322967208172	0.00419396539276114
1953	-0.0125555973267398	0.0215711802125277	0.00628700437369087
1954	-0.00726063916415398	0.00556754779377856	0.0296501388179827
1955	-0.0171873993016542	0.0154273538193136	0.018114075268624
1956	-0.0157687017150542	0.0200582014049114	0.0166915230037645
1957	-0.00941293167693589	0.0322724649976551	0.00506267719162169
1958	-0.00964975700807531	0.0239157590404127	-0.00499956235726053
196	-0.028446257834617	-0.0117891858569478	0.00714425036758629
1960	-0.0114371504538128	0.0231619786237215	0.00541365525153955
1961	0.00484247960879388	0.034496792906368	0.0046368996637533
1962	-0.0161454116752312	0.0178461640144658	0.00171521282249002
1963	-0.0102039648261212	0.0284862961813778	0.00633062034194778
1964	0.00356683694937067	-0.000196137014515012	-0.0344349075275183
1965	0.0250257487546037	-0.000785971629766205	-0.0186287955753308
1966	0.0263669881159719	-0.00819595579368575	-0.0202175385703443
1967	0.0265077076310575	-0.00733852902694923	-0.01464032580672
1968	0.0264653880961498	-0.00800070710656257	-0.0220020052528276
1969	0.0250529693897314	0.000921679127717804	-0.0177950348596409
197	0.00132694061964834	-0.0281580367180827	0.0304659069622841
1970	0.0103632171176753	0.0038444808460888	-0.0334970323895478
1971	0.0246752836991773	-0.000386193365991611	-0.0186465531549237
1972	-0.0124352612264944	0.00757597469407742	0.0170688349252667
1973	-0.0163550442496868	0.0199476739046332	0.00307937287335612
1974	-0.0130761067176739	-0.0463035836323389	0.00152273963059571
1975	-0.0119498155275957	-0.00439044757401946	0.0239267630173456
1976	-0.0157090194007701	0.0169897998017895	-0.00815103589121813
1977	-0.00906172318078192	-0.0136480765289284	-0.00615542897060503
1978	-0.0100603845553311	-0.0144719192130322	-0.0066460539148398
1979	-0.0151773749153264	0.0216327829123998	0.00519159427533583
198	0.0268877642752417	-0.000458207985565942	-0.00825637584342604
1980	0.0102187000594012	-0.0452011898484874	0.00197516786667674
1981	0.0154499838135483	-0.0394967475978982	0.0287100486698123
1982	0.00603799781739741	0.0150638676413451	-0.0117609673957371
1983	0.0165823166410507	-0.00116636101697112	-0.00316010052577339
1984	-0.0194248296774143	0.000264925249177473	0.0105145391674606
1985	0.00559239309612162	0.0155022897778824	-0.00449018917587186
1986	-0.00173776146727345	0.0133674946785987	-0.027032043481066
1987	0.00390893537520458	0.0115038393084615	0.00615171930296753
1988	-0.00577521848554162	0.00626207532200552	0.00184333163076721
1989	0.00569701246936305	0.0150758076994647	-0.00650573416286
199	0.0270169441103835	-0.00363858030478014	-0.00883358991786319
1990	0.0234929939585055	0.0155058089061463	0.00128862133864913
1991	0.027441447370906	0.0178398010525019	-0.00436838098825145
1992	-0.0205839131328732	-0.00385708980395353	0.00111694266610129
1993	-0.0156329070523089	-0.0140548337966355	0.00599726782490018
1994	0.019895554453885	-0.00235335587950256	-0.0246175276364107
1996	-0.0242278670216443	0.00286179142367011	-0.00452381904858672
1997	-0.0263470790346742	0.0101234706654357	-0.00859257282526421
1998	0.011886176448474	0.0192946342584289	0.0148218833558976
1999	-0.0126760777335267	0.0342561202666031	0.00590809507229827
20	0.0217171360257922	-0.0146796362875226	-0.0218290342553374
200	0.02733636856148	-0.0038392131030896	-0.0105611112658825
2000	-0.00188567852053297	0.0364040429889996	0.00924303730126944
2001	-0.0235545083114099	-0.0127529633524865	0.0104220174770059
2002	-0.0184095452218887	-0.00209502591946549	0.00146778040689924
2003	-0.0228503056630179	0.000516426400715308	-0.00583521715010824
2004	-0.030269946775511	0.00918415287489378	-0.0070233033266926
2005	-0.0086482317701791	0.0238800786901006	-0.00542164275237918
2006	-0.000912382620394532	-0.000788037401745682	-0.0369603624594992
2007	-0.0182301630125707	0.0216141160829899	0.0122482874067908
2008	-0.0226318945843995	0.018370287749469	0.00431758135182976
2009	-0.0260279518881626	0.0146183964889211	-0.00590727169462361
201	0.0276261951110873	-0.00100082432427631	-0.00189036599083813
2010	-0.000619870401573566	0.0246520453300288	0.0117228713021855
2011	-0.0256606727858089	0.0139484959166598	-0.000383368055425744
2012	-0.0101588367332019	0.0202833231099287	0.00290149508913143
2013	-0.0196005097700138	0.0174625979203978	-5.04843458136429e-05
2014	-0.0108565133179402	-0.00694206885927149	-0.00862150727580875
2015	-0.00161063206684779	0.0151042852556415	-0.0171393673022586
2016	-0.0165880385181096	0.00634211475246846	-0.000342097662093319
2017	-0.0216077317132451	-0.00850074654952851	0.0138522000704371
2018	-0.0217640585842434	-0.0119750566121739	0.0130547181323937
2019	0.000674441649352745	0.0111139524798814	-0.01052644536189
202	0.0268433030559528	-0.00217277991043404	-0.00818726086527438
2020	0.00270595737796923	0.0347844226457761	0.0137970694340197
2021	-0.00910588127370833	0.0260599308210571	0.00822399726013354
2022	-0.00273731355207355	0.00706432453519122	-0.0163705040346718
2023	-0.0147935810546207	0.0345669480160392	0.0245577640898017
2024	-0.0189565604390124	-0.00800868900989292	0.0229324436669855
2025	-0.0201415016958247	0.027618122498144	0.0154671379635555
2026	-0.00177883945974835	0.0111635110878158	-0.016370964939904
2027	-0.0150731201765294	0.00386419799093645	0.0044861888994384
2029	-0.0134712524924003	0.0125604773504301	0.0131814960828471
203	0.0224114700991307	0.00245879220192725	-0.015878218893773
2030	-0.0170378188935016	-0.0138469761154323	0.0056274840200437
2031	-0.0183070795968147	0.0187144865577135	0.00562268666732944
2032	-0.0215058878046106	0.0176164546195905	0.00105031664564878
2033	-0.0181128890280424	-0.0110906483394187	0.00100458575848297
2034	-0.0171093135249246	0.0184321152406565	0.0106161382726248
2035	0.0291499696539185	0.00500010756818581	0.00718479091956897
2036	0.0238008183906369	-0.00655211139410074	0.0094274142997104
204	-0.0262064221405191	-0.00412670923064047	-0.00142855185060895
2040	-0.0138836014113438	0.0100124622717083	-0.0108906246182074
2044	-0.00782497526367894	0.0154575959264385	0.00883296704091299
2045	-0.0101725564168607	0.004739356584721	0.0103745022881478
2046	-0.0162949288743175	-0.00972210810858694	-0.00376170075173793
2048	0.00165151171166972	0.0183005970160561	0.0198520456998608
2049	0.016383575125745	0.00435758641351109	-0.0310191810853625
205	-0.00934369079689386	-0.00550486916400698	0.0251610363026411
2050	-0.0368742004373607	0.00276112213641765	-0.0186524702858165
2051	-0.0190513167241094	0.0057139369010565	-0.0104682175115626
2052	0.00358877887298148	-0.00118861425727996	-0.0336871121810007
2053	0.00256767516323309	-0.00112187511742989	-0.0345304622747724
2054	0.00221412639090827	-0.00149351398816032	-0.0355470770763603
2055	0.0046545270475031	3.36468561495998e-05	-0.0333554410665561
2056	-0.0167691367025761	0.0145366564125929	0.00055094426974129
2057	-0.00845733134834794	0.0151031349976475	0.00517455588214981
2058	0.00729197554300353	0.00999963887512611	0.0310971851619583
2059	-0.00927231557260409	0.018609660034986	-0.00188437021402417
206	-0.0276474441326296	-0.000194843687285555	0.00306979305480455
2060	-0.0110527146835869	-0.0245079071092186	0.0304037599385116
2061	0.00609463228583918	-0.00379090646999426	0.0424712994425065
2062	-0.00770621621396407	0.0139190299238243	-0.00250316100206479
2063	-0.00393529372742139	0.0114209175940132	0.00279211821273513
2064	0.02539410922255	0.0109884832605275	-0.0195246500516923
2065	0.027699772321466	-0.01557529803458	0.0324236562554863
2066	-0.0228510513056498	-0.00377066885253644	-0.010476027918739
2067	-0.0206911880480338	-0.00223154972681213	-0.00981348025741444
2068	0.00357407273196812	0.00300211838654377	0.0424489271303194
2069	0.0166285806629731	0.00744814663094606	0.0444223862736265
207	-0.00814210061181814	-0.00470600671929844	0.0307851510671299
2070	-0.0239798922021235	-0.00222662038030248	-0.0112128892443852
2071	-0.0188828977724777	0.00733228649876233	-0.0211343957353439
2072	0.0235654000781715	0.0117144576749307	-0.00864997336159913
2073	-0.0164544733705653	-0.0171723674201633	-0.00663934683827211
2074	-0.0209140869019477	-0.0156460306305903	-0.0115894032697636
2075	-0.0158545536282513	0.00457276430909381	-0.01646300840015
2076	-0.020722551832662	0.0119591050859703	0.0103667678120949
2077	0.0257589187961574	0.0111099475465648	-0.00778823780809357
2078	-0.0141837700493757	0.00553765676883507	-0.0104185667013414
2079	-0.0185099166761071	0.00627553490297117	-0.015186747307776
208	-0.0156037107626521	-0.00473644204451193	0.0078472485383185
2080	-0.0159534133820712	0.00496273335873912	-0.0131631505982566
2081	0.016383575125745	0.00435758641351109	-0.0310191810853625
2082	-0.010060714274673	0.0249466539945809	0.0148781937682255
2083	-0.0221383997061205	-0.000490874925476946	0.00055083329123113
2084	-0.0208115869997391	-0.00489211388558699	0.000214353349267647
2085	0.0256482799045941	0.00883939266924072	-0.00489149422889511
2086	0.0216470008903925	0.0114446078263429	-0.0254157735274674
2087	0.0241747796673983	0.00677845685830752	-0.00954363082704149
2088	0.0248688785860401	0.0125075203089565	-0.0107110036442653
2089	0.00502212206519346	0.00974825609802704	0.0166233341083391
209	0.017866635561682	-0.0122105835451772	0.00844603794155678
2090	-0.012503690103918	-0.0300606304001993	0.0192160553050954
2091	-0.0238500857867458	-0.000229278580460753	-0.0111457629483025
2092	-0.0114460832389473	0.028845996955036	0.0045862396417507
2093	0.0256677001001041	0.00577200520077054	-0.0046138909387903
2094	0.00274757661686402	0.0343379262893271	0.015138385872118
2095	-0.009708600848303	0.0209894294995813	-0.00275857552890679
2096	-0.00755108400030711	0.00159025427785377	-0.00261260729646473
2097	0.00132686432515654	0.0230281650522003	-0.0283421675345529
2098	0.00364927880236626	-0.0145108171322781	0.0102299482701057
2099	-0.00709106209238192	0.0320054070701144	0.00641200113340292
21	0.0231937366875792	-0.0191023540488019	-0.0117599945013983
210	0.026860161268127	0.00515265685658836	0.0026932887479907
2100	0.0255001337480411	0.00294446011132927	0.00591012353435338
2101	-0.0199460517994229	0.0193292854666363	-0.00283604225823542
2102	-0.0197273582751483	-0.00160832851206997	0.00464799624268629
2103	-0.0128046842541988	0.0252515621592647	0.000451296601026769
2104	-0.0206911880480338	-0.00223154972681213	-0.00981348025741444
2105	-0.0256213367843832	0.000893431003345337	-0.0118927979081403
2106	-0.0170998837151857	0.0140772872816637	0.0115189281507644
2107	-0.0117436263137957	0.00127183758607194	0.0119568128190869
2108	0.000411558254899895	-0.0161666212933722	0.0125723227515256
2109	-0.0144233315003835	0.00405078781768408	0.00993447172154843
211	0.0255617552194537	0.00576678289566871	-0.0143875944478307
2110	-0.00879761356418265	0.00890305527905285	0.0108690086727117
2112	-0.0164151518895695	0.0191123880088767	0.00348328379029473
2113	-0.018824415569492	0.0250714556472751	0.00515637114485435
2116	-0.0265845725287838	0.00114037134725246	-0.0121036733120289
2117	-0.00698437378187887	-0.00733581377279374	0.0108404211055694
2118	-0.019329078992948	-0.00721014643345461	-0.000153900070074019
2119	-0.016762594839384	0.017469727020295	0.0041419993087239
212	-0.0263496965426918	-0.00436674556779503	0.00543151906531074
2120	-0.00497811474990382	0.0231819810365182	0.00476046709935954
2121	0.00340343864025914	0.0198981610319437	0.0142270075811977
2122	-0.00946509921964075	-0.00445302626217474	-0.00450452022817724
2123	-0.0120145495620449	-0.00200777762197489	-0.00798345019200387
2124	-0.00657026855962414	0.0035948442947598	0.00166666829145186
2125	-0.0253124215495799	-0.00232414469597939	-0.011660880112414
2126	-0.0152980658784412	0.0245296277697553	0.00727484742374929
2127	-0.0113967514194427	0.0242676006314357	0.0125410225715407
2128	-0.0167034653498565	0.0199426448410455	0.0177309661174602
2129	-0.012841122956506	-0.00124368201039193	-0.014779784658793
213	0.0204916216143622	-0.00917613649371482	-0.0118773054255244
2130	-0.0252427564450652	-0.00181403211004311	-0.0120847072630564
2131	-0.00646073714708688	0.028415577096001	0.0158795539494947
2132	0.00364927880236626	-0.0145108171322781	0.0102299482701057
2133	-0.0114026768334408	0.00201757801136685	0.00772810563997762
2134	-0.000528927616599456	0.0199006765680524	-0.00924262374874699
2135	-0.0124599575579668	0.00163099018536348	0.00794088170946791
2136	-0.00404556565900877	0.0167878757505411	0.0215742947646818
2137	-0.000352418046598016	0.0191420224847212	-0.00543235850358262
2138	-0.00525777522093135	-0.0179875932230761	0.033531281505757
2139	0.00338231475992302	-0.0232184615539528	0.033317093709947
214	0.027959407314113	0.00353065223955089	-0.00117757430575726
2140	-0.00998700630088598	0.00346269197488657	0.0107444999567273
2141	0.0088232047911927	0.0236100004710309	-0.0152227040163536
2142	-0.0054542734209551	0.0223261402318367	0.00785472451414453
2143	-0.0101586716351092	-0.014972915174194	0.0290161568131537
2144	0.00289842875697653	0.0113972127821394	-0.0223949659327207
2145	0.00882768183580839	0.0234389176569382	-0.0118467111523666
2146	-0.00181463561754082	0.0157414229935753	0.0226057269168301
2147	-0.00954642260656226	0.0268760854183028	-0.0025701626265235
2148	-0.0121778640977794	0.0280155466086914	-0.00161034622381385
215	0.0285621829884155	0.00190695189009169	-0.00173240216017064
2150	0.00071610214862386	0.0161025731208792	0.0105581796940852
2151	-0.0141025714596716	0.0234552897119282	0.0108230443533988
2152	-0.00580763393799186	0.0318948090927274	0.00331379271324678
2153	-0.012127771046695	0.0277716956301161	0.00632858675419404
2154	0.016383575125745	0.00435758641351109	-0.0310191810853625
2156	-0.00236969991513674	-2.44112502945896e-05	-0.0371547265336902
2157	-0.023453702655776	0.00329215269137353	0.00700722403993606
2159	0.0115229061313805	-0.0190749295703897	-0.00295174618289627
216	0.0148796340683419	-0.0338262604839386	0.0368169306447575
2162	0.0212584445461815	-0.0289268183340307	0.0214996030930158
2163	0.00546352997297254	0.0164170970560712	0.0312031077031974
2164	-0.0190927125326117	0.0142232245141619	-0.0197394003295286
2165	-0.00538893486813334	-0.00112424796779415	-0.0117843871597502
2166	-0.00465802891281557	0.0110476325653942	0.00780464924983696
2167	0.0231324118953801	-0.0275120716765478	0.024017178448364
2168	-0.00301920098058602	0.0153614291744305	0.00449835096783954
2169	-0.007476573881138	0.013072836674712	0.00277950599529434
217	-0.0171498698550161	-0.00948866408284532	0.0300378932281552
2170	0.000464731158575474	0.0328612060342472	0.00903873008026673
2171	0.0161736605488893	0.0247529932166519	0.0185496149733562
2172	-0.00522357685783953	-0.0267425034771413	0.0138714385679108
2173	-0.0258043793199924	-0.017832178574386	0.0228727690090186
2174	0.0209673122155139	0.00555066914989418	-0.0155325362812026
2175	0.016383575125745	0.00435758641351109	-0.0310191810853625
2176	0.021221380384375	0.00739544899203564	-0.0153954508169769
2177	0.0216446770383475	0.00802141234176386	-0.0183590735691397
2178	0.022921741464296	0.0043182819438552	-0.01499937799003
2179	-0.00702556358211456	-0.0163664191408587	0.0270892481061434
218	0.0218361557159888	0.00112332744261515	0.0250919399793369
2180	0.016383575125745	0.00435758641351109	-0.0310191810853625
2181	-0.0233918949165336	1.00315882396272e-06	-0.00741929298950118
2182	-0.0237445976290515	-0.000315806667986561	-0.00768065931058184
2183	-0.00798838135004172	0.0223551680613358	0.00661229213225471
2184	-0.0102246163636085	0.0277786353442643	-0.00654589826196995
2185	-0.0232873495529002	0.0019621927978902	-0.00654378003830771
2186	7.70530618875292e-05	0.0228205442110059	-0.0199128414498169
2187	0.0263928311455426	-0.0045558984760632	-0.0174628373870665
2188	0.0230029951237191	-0.0279427488514099	0.024157303622507
219	0.0275167498714749	0.00273853847367552	-0.00152815016927678
2191	0.00653334137160864	-0.0357386316726945	0.0250076299913493
2192	-0.022405627978508	0.00193532710947398	-0.00769427573116941
2193	0.00203196505110113	0.00228044207644013	0.0154858202870219
2194	-0.0206911880480338	-0.00223154972681213	-0.00981348025741444
2195	-0.0232945863875661	-0.0159174232958669	0.0288137989160342
2196	-0.02106257552339	-0.0217747055398718	-0.000326619729525832
2197	-0.0120680038891518	0.0186407156436841	-0.0052121885525488
2198	-0.0136060666275464	0.0125092766813285	0.000916121336038829
2199	-0.0114226252542292	0.0191694789620123	-0.00418402773999717
22	0.020200748072117	-0.0167071053038665	-0.0199458994021852
220	0.0196656019062177	-0.0313929495924532	0.0329649612923716
2200	0.00313882567477721	-0.029380183805885	0.029476664851555
2201	0.00239702944123729	-0.0387856382469495	0.0317605955169589
2202	-0.00911925658589611	-0.0181599627605591	0.0230011486014629
2203	-0.0212173972822479	0.00576685867160072	0.00543688532508783
2204	0.00715657856896004	-0.0282789819908953	0.0215833007415462
2205	0.00788578493004483	0.0285647052444127	-0.00549004138041065
2206	0.00445182091378472	-0.0356822221348979	-0.000599452768392197
2207	-0.0189469661312592	0.0255674375396178	0.00877257010965276
2208	-0.0192372291473612	-0.00923167028034851	0.0153491943561271
2209	-0.00508520497494812	0.000289941024371396	0.00136070516331921
221	0.0283559417242072	0.00202773704532319	-0.00179947222386126
2210	-0.0225527832509173	0.00236603180992042	-0.00804948923129768
2211	-0.0129020080837282	0.021705729126889	-0.0157324443979084
2212	-0.00768196846382765	0.00746059034634865	-0.00550342921433587
2213	-0.0239074939622674	0.00635060981653335	0.00936528122864218
2214	-0.00770903641690862	-0.00223315149104204	-0.013652693942664
2215	-0.0117996691393072	0.0223683527797387	-0.0151018511280597
2216	-0.00488921920710214	0.0235837490119536	-0.00678528162993189
2217	0.00307249700809487	0.00091622306197139	-0.0349007658197031
2218	-0.0228476560301119	0.000140264052837237	-0.00770563414080523
2219	-0.0226542839996218	-0.000943725720282663	-0.00760043532985843
222	0.0183927861784771	-0.0325618137556778	0.0296127482286817
2220	-0.0223676198455165	0.000988835986191954	-0.00682455385900986
2221	0.0034879772671912	-0.000267040281280407	-0.0345659100832188
2222	-0.00823909697933608	0.027643313704063	-0.00635308000330427
2223	-0.00733486030581629	0.0230235012819492	-0.00380183851966488
2224	-0.0133448948781434	0.0233334381466476	-0.0210694620126377
2227	0.00380910856595121	0.000338214848924229	-0.0340505207702243
223	0.0298453841999358	-0.000608547201084097	0.00454771171741362
2230	0.0170151875169703	0.0199922876390579	-0.0167219534878384
2231	-0.00820117565583534	0.0152790498888423	0.00101367213214689
2232	0.0244884927128742	0.00828819396598394	-0.00659238221310364
2233	-0.0135511593192348	0.00663056935763542	-0.00648718039975283
2234	-0.0229742599258004	0.000228999788309045	-0.0090326462595322
2235	0.0187243258034766	0.0248224782390346	-0.0188438290218464
2236	0.0213881685329329	0.0223876627419382	-0.0153099709188446
2237	-0.0265126112561572	0.00718854480269583	-0.0114188735166236
2238	0.0103744653126475	0.0311127799374436	-0.0142715864925152
2239	-0.0115114099935595	0.0177420417344167	0.00401209596194785
224	0.0232276142426901	0.00118840060584831	-0.00117812997753706
2240	-0.0137204913886685	0.0253360942563424	-0.00653505533891056
2241	-0.0134917838475225	0.0306710574738006	0.0195648871712636
2242	0.00122808098783468	-0.000923834022722849	-0.0214467032421013
2243	-0.0231935086903665	-0.00507614721184932	0.00706211921400208
2244	-0.0139751346186865	0.00755038021429152	-0.00710113936116874
2245	-0.0222021894561611	-0.00941371224160673	0.00455629495111814
2246	-0.00472714727847278	0.0281671264621519	0.0095862774499003
2247	-0.00863070140953349	0.00416594775370632	0.0334712119014408
2248	-0.013570230495497	0.00445016463660108	0.0252349520215952
2249	-0.0153899701826192	0.0240011037516003	0.00754007751270233
225	0.0321546488470369	-0.00229000156856859	0.0042647057614717
2250	-0.00691112149897572	0.0313664087725696	0.00386177685039215
2251	0.000614701421525898	0.00233859115190944	-0.0359601663508624
2252	-0.0103279071214811	0.0285175906296805	-0.00515173747703127
2253	-0.00989553676648605	0.0306671238298031	0.00502182454377894
2255	-0.000808847626705765	0.0265986981216591	0.0314335586808214
2256	0.0331822058412887	0.022222237608529	0.00218629990786715
2257	-0.00487571785200571	0.0124191912093757	-0.0235568764599169
2258	-0.0036343283989974	0.0103094037753391	-0.0159997324314859
2259	0.0296383921449841	-0.00616759185371511	0.0207967818951926
226	0.03259403855417	-0.0037067828450256	0.00486718108238229
2260	-0.0117703464190116	0.00696916851411131	0.00611250344691335
2261	-0.00629495672170914	0.0315564815244119	-0.000320266979858964
2263	-0.0259583020158581	0.00695442744832819	-0.0116207995579548
2264	-0.0253061551724655	0.0081670897296869	-0.0129351765118409
2265	0.0203342978039125	0.0119275694869079	-0.0166239196995649
2266	0.019028121428941	0.0132165907815203	-0.0200525106680249
2267	0.000961765599164388	-0.00272459995064731	-0.0362466841670732
2268	-0.00807694386436751	0.00560464530741414	-0.0045434570363007
2269	-0.00790041680408944	-0.0284530401715964	0.0264727443670644
227	0.0260515667697066	0.000319498713987231	-0.0138380237765717
2270	-0.0110967803019657	0.0270385925142052	-0.00575830417865956
2271	-0.00737132487304042	0.0217509624573132	0.000746668563578276
2272	0.00544329569257439	-0.00119026367011493	-0.0341906899452611
2273	-0.0164728585536575	0.0148911001466714	-0.00717658388219398
2274	0.016383575125745	0.00435758641351109	-0.0310191810853625
2275	-0.0169871919374594	0.0173564026126587	-0.0107435993537245
2276	-0.0272018143061373	0.00660414092785445	-0.0121339433619665
2277	0.00645610474541136	0.0188156016588821	-0.00967247949239558
2278	-0.0192157613924174	0.0195079210934754	-0.0110729394807194
2279	-0.0268247777731131	0.00661570505666342	-0.0119407669492144
228	-0.0113555388318967	0.0196112352244454	0.00517977138409122
2280	-0.0120498900369601	0.00926976719739361	-0.0316410173879251
2281	-0.0081739777887468	0.0138554041574471	0.0017614701635524
2282	0.0199644058035333	0.015968455251259	0.0120569715731554
2283	0.00955738609374508	0.00501932428498855	-0.0236881722835267
2284	0.00605663973442059	0.0151109435510847	-0.026376128491309
2285	-0.0267077476896165	0.0124387364949246	0.00503299907410634
2286	0.0049874915515636	0.0129414741345117	-0.0236087006881545
2288	0.0153791391605426	0.0162642808172862	-0.0228428833680277
2289	0.0146630341116813	0.0224946292941074	0.00631264251545139
229	-0.0102400690272777	0.0220108254579885	0.00901755211255133
2290	-0.0112315154488714	0.0248382657249193	0.00498489180435558
2291	0.00937923533348221	0.0214120452016287	-0.0027364883707073
2292	-0.00780251587371138	0.0155738933248424	0.0217498381039484
2293	0.00687786472986514	0.0231327039752128	0.026574367349926
2294	-0.0129604751388417	0.0160162648662676	0.010532214578658
2295	0.00176025840875826	0.0262141863256191	0.017354899671573
2296	0.00332124427929375	0.0203344713383792	0.0112904380237788
2297	0.0143064336347254	0.00741394342327063	-0.00767426078595704
2298	6.30878729836187e-05	0.0208361590737025	0.000436416140623828
2299	-0.0206541019540433	0.0223012969090326	0.0112274863047374
23	0.0211847463892041	-0.0130429342836416	-0.022213914927381
230	-0.0152962732538408	0.0154719202279456	0.00717786328102363
2300	0.0109200086015083	0.0196260898867494	0.0138832655626096
2301	-0.00689615684058313	0.0123721890627905	0.00310626444074888
2303	-0.0185153978112158	0.00876030485069413	-0.00964511866506248
2304	-0.00994333800877615	0.00912426970608622	0.0100200518775281
2305	-0.0201361962705774	0.0164243065652871	0.0164210249496222
2306	-0.0229381530469474	-0.00309263221565074	0.00399612476759846
2307	-0.0190787357712332	-0.038362720876784	0.00564049479286594
2308	-0.0223579971989856	0.019633892541191	-0.000913239041276378
2309	-0.0293176667627165	0.0141033127088793	0.0147381646234652
231	-0.015159862816655	0.0180183750681037	0.00972033212761913
2310	-0.0115701483888223	0.0148593462007067	0.00475373884956709
2311	-0.0180609993090073	0.0191784749644255	0.0120835108759697
2312	-0.0167594479111366	0.0199759162154469	0.00337355968669565
2313	-0.015453265696168	-0.000975491669122433	0.00139777818879907
2314	-0.02849719168593	0.00724449196151296	-0.0116231238149147
2315	-0.0163576474398629	-0.00430291556207298	0.0260238562127002
2316	0.00805431171543033	-0.0291450441265109	0.0174261694425078
2317	-0.0108606106524855	-0.0029926010429192	0.0214283006361825
2318	-0.0226540686753792	0.00540055636582356	0.0204804909882042
2319	-0.00833986288011869	-0.0288327502089345	0.0140879567600061
232	-0.0121116215987971	0.0196043636218919	0.00808609260961767
2320	-0.0174402949472882	0.00908149887157712	0.0229706158005883
2321	-0.0207219490225405	0.0187487325307143	0.0185734734474702
2322	-0.00858744581766169	0.0325498412660875	0.00191892578548739
2323	-0.0204806160635955	0.0275131692083549	0.00392645968645286
2324	-0.00791329100832245	0.00919045366094294	-0.00423113822325803
2325	-0.0150496209242754	0.0027177991768872	-0.0037024757633274
2326	0.0273483014779216	-0.0144539260793305	0.00881584746122648
2327	0.0269939016171104	-0.00871938065289932	0.0120419012864594
2328	0.0271570948791275	0.0101103149967536	0.00272357669422514
2329	0.0154486477661155	0.00979359515617764	0.0151238185701838
233	-0.0128905471595962	0.0205560716032163	0.00853393634796553
2330	0.0280215862094908	-0.00859092917538753	0.0102598771608179
2331	-0.00625778199265792	0.0340621765324965	0.00274381616157141
2333	0.00460383580016296	0.022669039987185	-0.0153328023276763
2334	-0.0115600335628076	0.0109440167591849	0.00156373643380113
2335	0.000839473250789867	-0.000584382479100755	-0.035235339792089
2336	-0.00239564166358821	0.0347921065895482	-0.000192638184113017
2337	-0.00491208221279385	0.0266986322193995	0.00371737378417081
2338	-0.0168819774664831	0.00133144194287655	0.0057906752496316
2339	-0.00734121082793046	0.0172277760160007	-0.00916616541036923
234	-0.0144979079666846	0.0184294164422776	0.00799489852741969
2340	-0.0176187559871246	0.0194391459435126	0.0126896916739353
2341	-0.000606125342281091	0.0253335501896148	-0.013863377786194
2342	-0.00886159566328611	0.0262177116880614	-0.0132502219566447
2343	0.016383575125745	0.00435758641351109	-0.0310191810853625
2344	-0.000343080784073686	0.0252126441690716	-0.013436616065447
2345	0.0203696440752946	0.0154169281127206	-0.0149393103219687
2346	0.0101440237133903	0.0255410963785382	-0.00702603817774219
2347	0.0197707481934443	0.0171600368269979	-0.0164861907907775
2348	0.0190475033159982	0.0177364267651942	-0.0180556594593688
2349	0.0221991984034232	0.0159076295122961	-0.0202084773370542
235	-0.0151396173732807	0.0208866724608438	0.0112768416833557
2350	0.0187837224731401	0.0205784822628585	-0.0175998372706405
2351	-0.0134931647799327	0.0272897524289119	-0.00252054825319905
2352	-0.0150476474697058	0.0283896480094384	0.00596012104233349
2353	-0.0140731534010656	0.0048333522889975	0.0360753047127545
2354	-0.0178476290760976	0.0240020607911063	0.01481394352801
2355	-0.0161460051512564	0.023414317674361	0.00158374275614572
2357	0.0126566908657309	0.00766355157838939	-0.0141594549157932
2358	-0.000608735459481533	-0.00549170040161065	0.00171594316390682
236	-0.0228468732574418	0.00815702227731576	0.00498058967923614
2361	-0.0229851351154086	-0.00611282651651439	-0.00569237794836269
2362	-0.00801186534513578	0.00370007944055715	-0.0370804963684622
2363	-0.00585823179172292	0.0121920552793626	-0.00520149054487797
2364	-0.000502022061651486	0.0127132006602722	-0.0125934514654847
2365	-0.000641771219760305	0.0117500416507592	-0.00539143322867468
2366	0.00264886607150134	-0.000164292768357754	-0.0350864345200272
2367	-0.020766274523208	-0.0402774166666689	0.0175475865573296
2368	-0.0177043017200406	0.0280082363439265	0.00865940000124853
2369	0.00181420801372581	0.000405130880292322	-0.0356693479521855
237	-0.0190204156813369	0.014382399182421	0.00749618923329691
2370	0.0114482661311885	0.00216464911255574	-0.035135899606709
2371	-0.0145708914567893	0.0204253892896729	-0.0279563490737868
2372	-0.00971013934062735	0.00975559392429132	0.00982242973903858
2373	0.00236621228809744	0.00131239904335611	-0.0341570984142102
2376	0.0294263675101533	-0.00141688872362918	0.00808108318733726
2377	0.0127343005766263	0.0199977415168505	0.0158807992004456
2378	0.0112129038041142	0.0247171105562596	0.0215538554218459
2379	0.0124433261032477	0.0183138657538749	0.016899549671821
238	-0.022569191490267	0.00440681316511212	0.0113786114775836
2380	-0.00257240246887748	0.0125592374177821	0.000758984239164776
2381	0.012204846780213	0.0202543581120959	0.0167009924811812
2382	0.0129075640181195	0.0298468243483304	0.0281077460165865
2383	0.0114970054662154	0.0192806630117957	0.0167102499346654
2384	0.012077400201513	0.0205854415761879	0.0190033283337828
2385	0.00582961363742305	0.0137244346665835	0.0116719045070349
2386	0.0127952188559583	0.0173879303416449	0.014513425725875
2387	0.00599902694576505	0.0257012565509646	0.0184217619337785
2388	-0.0132701039345902	0.0250910416957538	-0.000756938422353115
2389	-0.0114543061983774	0.00276674731093855	-0.0099232473474149
239	-0.00997578599103461	0.0209815263438756	0.0104637470463842
2390	0.00168791305878336	-0.0145706528103412	0.0140709881066506
2391	0.00652931804805821	0.0112137388636815	-0.00322273263696349
2392	-0.0206911880480338	-0.00223154972681213	-0.00981348025741444
2394	-0.0209616778480454	0.0296976286976117	0.00547700517706997
2395	0.0133265061268032	0.0187396338421034	0.017758974876421
2396	-0.00619350497604224	0.00846313641436025	-0.00833118158902603
2397	-0.00801143462207291	0.0096532496697703	0.0106078739016708
2398	-0.00834913875117535	0.0096021446379974	0.0104466666556162
2399	-0.00415661940019193	0.0155206588187208	-0.00339472500712691
24	0.00203360128831582	-0.00596938884413229	0.0272319927828171
240	-0.0174911051243162	0.0116899510324226	0.00427844421859876
2400	0.0161661915178252	-0.0297471656250397	0.0123171668195042
2401	0.00101717793365585	-0.0380211510466476	0.0264488170722725
2402	0.0102187000594012	-0.0452011898484874	0.00197516786667674
2403	0.0021367023746918	-0.0357847739528463	0.029443957577769
2404	-0.00670568398933186	0.00820438283323182	-0.00909492101340605
2405	-0.00581136698245025	0.0149300049222879	0.00219710391038053
2406	-0.00513069877303554	-0.0156479953583274	0.0244177894777192
2407	-0.00257240246887748	0.0125592374177821	0.000758984239164776
2408	0.000825581945693101	-0.0395219895846522	0.0246866309318112
2409	0.0114891852526267	0.00847889351427303	0.0126561794123425
241	-0.0266928592684149	-0.00529727838981017	0.0197320297252986
2411	-0.0299641544581112	0.00428135806890602	-0.0120386214678925
2412	-0.00212580244670609	-0.00328686108294784	-0.0369321136259687
2413	-0.00837529588556817	0.0133836858735825	-0.0273896957828369
2414	0.0122753744932775	0.0197296084970375	0.0164221640771181
2415	0.00741171719282164	0.027405082421324	0.0219013794303331
2416	-0.0219266786413685	0.00330456478134748	-0.00829629514964936
2417	0.0117184636485849	0.0258443371538918	0.0229119638921827
2418	0.0125325952759582	0.0289832456642703	0.0270596779941562
2419	0.0112250512795991	0.0240264174158206	0.0183573383500405
242	-0.0278970545103576	-0.00477898460793693	0.0148304384809213
2420	0.0128566122045152	0.0197268764507406	0.0190417816814282
2421	0.0123034360910774	0.0202889138473753	0.0176112887921194
2422	0.0122781047289391	0.0201391139737925	0.0170600299830714
2423	-0.0296698519864734	0.00345958725315643	-0.0136002817122033
2424	0.00506261007911849	-0.0372257995816658	0.0271220382338535
2425	-0.00406215460383021	0.0201403052310812	-0.0153927237901478
2426	0.00291998619411697	0.00734741755960276	0.0147449384893446
2427	-0.0206911880480338	-0.00223154972681213	-0.00981348025741444
2428	-0.00400419906556595	0.0255231313601708	-0.012411965969063
243	-0.0216566555272017	0.00240209566786252	0.00510578505199814
2430	-0.0206911880480338	-0.00223154972681213	-0.00981348025741444
2431	-0.00417084463373911	0.0239149959520833	-0.012137133215501
2432	-0.0059207323350939	0.0166728541058852	-0.0209315274380756
2433	-0.00401612093180703	0.0268797210794509	-0.0126044050375685
2434	-0.0147836704724507	0.014460884402791	0.00286264458742095
2435	-0.0178937748278606	0.0251977802919245	0.000807936376186126
2436	0.000439209706671059	-0.029984040183341	-0.0179080860378677
2437	-0.0237159779976599	0.0205448165591998	0.00697671844403793
2438	-0.0136267106693857	0.0241897368249711	-0.00222333379168432
2439	-0.0100389278530938	0.031477573702811	-0.00185003689518122
244	-0.0278623496269104	0.00463292246760713	0.016484906291585
2440	-0.0121564266909027	0.0306119869427938	-0.00236951874397132
2441	-0.0223122448608461	0.0130547835267486	0.00393385292135799
2442	-0.00200045072999462	0.00716377172709569	-0.00980077165155084
2443	-0.015926613323012	0.0256310686584132	0.00362559363682682
2445	-0.0257170600226692	0.00180522591469392	-0.0141229308171045
2446	-0.0265704498465256	0.00149502746392837	-0.0122930916210048
2447	-0.0259601575018303	0.00110819292425736	-0.0120356974302227
2448	0.00474682826447597	0.0115728891336379	0.0110103958720466
2449	0.00529021791057783	-0.0456426969640981	-0.0034044722255855
245	0.0262430852230435	-0.00168729706682445	-0.0133018552221194
2450	-0.0283719692741829	0.00263692272865459	-0.0130528924595545
2451	-0.0274631473652323	0.00236662294169467	-0.0111201186744579
2452	-0.00180277677579425	0.0139517038810083	-0.00551803804460326
2453	-0.00222703521264018	0.030668849900296	-0.0044816749183882
2455	0.00615995691240939	0.0143066232336532	0.00924763731884136
2457	0.00069636152744209	-0.000216824157087073	-0.0356703908363258
2458	-0.012460832953952	0.0146959283883712	-0.0233017657981748
2459	-0.0356438941678673	0.0029506751351908	0.00462125135185935
246	0.0263128379739676	-0.00174806451764386	-0.0139655385436618
2460	-0.0222432978724876	0.0140791881862032	0.00296643172458707
2461	0.0218293154470647	-0.0244486752423846	0.00952720834513092
2462	-0.0136930690574349	-0.00523888190467162	-0.0101783657317843
2464	-0.0260520688451735	0.000881575094095038	-0.0113995086476463
2465	-0.00255247271298722	0.02622427843149	0.0154507090807837
2466	0.0051094052939729	-0.00214287466582822	0.0279992991545815
2467	-0.00151462432550567	0.0304502503974547	-0.00160350653821279
2468	-0.00452601990104598	-0.0104841627196597	0.00846509986121337
2469	-0.00362652371710177	0.0122199339395917	-0.0117018755520106
247	-0.0030898038503208	-0.00883090168128543	-0.0371934713374286
2470	0.000943703898055646	0.000264488647751983	-0.0373026623854945
2471	0.00581755423470865	0.0181188390550789	0.00298394664028756
2472	0.000815013450643614	0.00902957063120655	-0.0169157660087018
2473	-0.00267849506211003	0.0234266961846959	0.015928155227135
2474	-0.0257585524756925	0.000980405334982662	-0.0119506693891349
2476	0.00248839181789914	0.0160805986835382	0.0169893052051445
2477	0.00225016358342894	0.0212188802713829	-0.00693782264061056
2478	0.016383575125745	0.00435758641351109	-0.0310191810853625
2479	0.0106201089383401	-0.0166115242851582	0.032649110660659
248	0.0182567331885349	-0.0218482745853793	0.0152025722902508
2480	0.017958848020073	-0.0172126445429463	0.00248447301923888
2481	-0.00745245002946699	0.0275254852551213	0.0021741651552289
2482	-0.00180888792590524	0.0292557510022555	0.0059019919477399
2483	0.016234710335828	-0.0087311029605556	-0.00467821630959757
2485	0.00885385864690053	-0.00597229601051068	0.0156602321033422
2486	0.0035738638404731	0.0238464175034741	0.00847819245667303
2487	0.00488243346386587	0.02663466467803	0.00708897922278755
2488	-0.0183778727330841	0.0217442440164498	0.0230684678069058
2489	0.0106245728030566	-0.0210858969865136	0.0318942774470106
249	0.0257131112712272	0.00268908282396114	-0.00958790513776837
2490	0.00783661696263939	-0.0162167834001128	0.0281920726900012
2491	0.00232480931966202	0.0274136062833603	0.00976019239830832
2492	0.0043038623345377	0.0307205438247911	0.00710462793051916
2493	0.0028585837630763	0.0292382815274792	0.0101816330093723
2494	-0.0160692398868078	0.00739181367717029	0.0167810713197453
2495	0.0279098698167401	0.020580682134855	0.00325693706627073
2498	-0.004610165268231	0.0269096576248993	-0.0147491767609374
25	0.0296907285794667	-0.00323302663874878	-0.0192352408950142
250	0.0260197283160533	0.00229171633610242	-0.00914412362561075
2500	0.00591574884010214	0.0223650375386057	-0.0154533445545296
2501	-0.00526754095614261	0.0321594204663179	0.00367524810083607
2502	0.0147079430416888	0.0178568541132825	0.0103743001676119
2503	-0.023519463027534	0.0217023473084141	0.0172885411852179
2504	-0.0303650835007662	0.00748003048705855	-0.0120338901976484
2505	0.0210625183374632	-0.00399678113312078	0.0147471933849759
2506	0.017834425379923	-0.00189784312798713	0.00914365073321291
2507	0.0183329582803676	-0.000897421382361486	0.00978561437531138
2508	-0.0165836354017097	0.0268849768928602	0.0221551641712493
2509	0.00489466214087851	-0.00165317503486514	-0.034728856208165
251	0.0276200789748365	-0.000816172376956847	-0.00890469200103229
2510	0.0175652029620768	0.00246154766185127	0.00459160823339396
2512	0.0053635465279052	-0.00189798601902253	-0.0346365131748596
2514	-0.0204801182922755	0.0253878525183271	0.00351874299834862
2515	-0.00809855309763161	0.0156451519512533	-0.01804569338489
2516	-0.0179396491213006	0.0235626343418686	0.00135892548036722
2517	0.000281330868158993	0.00261623328404109	-0.032353654985213
2518	-0.00279051117693156	0.00263822581632188	-0.0320653594143647
2519	0.0153363268767614	-0.00719863232179703	0.0128470460820264
252	0.0263972384624342	0.00146504151959554	-0.00949740411110787
2520	-0.00489452469274286	0.0266566655054796	-0.0153353657737919
2521	-0.00591881832030692	0.0265305499266896	-0.0144242082762618
2522	-0.00489192748103825	0.0287503053455978	-0.0144353239720941
2523	0.00765470810413133	-0.00888522546878938	0.00193264716297959
2524	-0.010412939142335	0.002731308373557	0.0176513891004864
2525	-0.0272013483430938	0.0191758537297832	0.0193277206831942
2526	-0.0245342786699257	0.000204397904770603	-0.0114343251022205
2527	-0.023388377477318	-0.000521932949948175	-0.0109510349008094
2528	-0.0133719804625569	0.0103628978330716	-0.00240745125428505
2529	-0.00299145321398665	0.0384359155077537	0.0107773352377991
253	0.0257890925282947	0.00385733956368359	-0.00330551763755546
2531	-0.0123693493356124	0.0238196084527038	0.0127909877738896
2532	0.016383575125745	0.00435758641351109	-0.0310191810853625
2533	0.0172034510902658	0.00826382090623829	-0.027053244507176
2534	-0.0227722235294686	-0.000941487157778089	-0.0103625914118956
2535	-0.0105357932858712	0.0299184885067445	-0.0104231835160703
2536	-0.0206911880480338	-0.00223154972681213	-0.00981348025741444
2537	-0.00594644161644649	0.00449667654109516	-0.016692536103216
2538	-0.0206360439325402	0.00338185030261397	0.0116713368649643
2539	-0.00729128208084681	0.00143029122447425	-0.0104267538035061
254	0.0246619985929747	-0.00542163322768852	-0.0183028851704447
2540	-0.00944898055440388	-0.00737329001783691	-0.00461465186763293
2541	-0.00924859707972259	-0.0133554798922958	-0.00364333996302049
2542	-0.0174016112199115	-0.0116384405046291	-0.0083621820030325
2543	-0.00143186815176776	-0.00034058688458168	-0.0118286606713536
2544	-0.0219022588739823	0.0117277946862218	-0.00957098243911942
2545	-0.0242246531545388	0.00388556941809727	-0.00905327458431653
2546	-0.0165981203850508	0.0115084628426386	-0.00610362230695706
2547	0.00609507323872655	0.00119715120559192	-0.0349313295714841
2548	-0.0157998943627497	0.0205627716382918	-0.00592114974158458
255	0.0268746249223975	-0.0124835871231303	-0.00549693155895894
2550	-0.0207754004974519	0.0146253031246105	0.00883009015116176
2552	-0.0173249925512691	-0.00282490398415997	-0.00672298719501963
2553	-0.00608013329988039	0.000456817861592502	-0.0153197655721574
2556	0.00403222810218562	0.00101888223092283	-0.0350558666026071
2557	-0.0132901870109073	0.0249183190621669	0.000945167688768226
2558	0.00135636416532638	0.0274029446936949	0.0217287770913847
2559	-0.00872201029190497	0.0263851868381402	0.00306756114428691
256	0.0255327374543064	-0.0159734071000209	0.00211458742566193
2560	-0.0132251010394118	0.0246213285245805	-0.000754640824292547
2561	-0.00717176561917615	0.015369923113384	-0.0331246759953439
2562	0.0149089754463754	-0.0344031711100052	-0.0138167644146909
2563	0.0179456402740592	-0.0350618865092784	-0.0151555647369839
2564	0.0264274682489098	-0.0344548095955774	-0.0203791844877694
2565	-0.00532224649777641	-0.00716142867036769	0.00906078917729858
2566	0.0125471593110736	-0.0097290209193165	-0.00751325609861291
2567	0.0190143942513288	0.0190240088003684	0.000945726473658262
2568	0.00176317969428992	0.0297181764197801	-0.00049666917748943
2569	0.0115996480330255	0.0277095927525027	-2.63710400769904e-05
257	0.0243902251117501	-0.00241495033155966	-0.0208941799721749
2570	-0.018495292547817	-0.0136961610728742	-0.00812480456596666
2571	0.00622099144730034	0.0202429155790778	-0.00901369178691904
2572	0.00766086760308896	0.0147416222806325	-0.0119064579822932
2573	0.00301384139538924	0.0167731918752461	-0.00889829362824364
2574	0.0115246092707215	0.0155817780103672	-0.0167069375217474
2575	0.00358349237894006	0.0279687472054221	-0.00336405821995773
2576	0.00206937807877045	0.0306566091569429	-0.00107644783226593
2577	-0.00485319891877034	0.00417960132789653	-0.0137881469297312
2578	-0.00459008990282559	0.0168709375112052	-0.0213960675334804
258	0.0266694881076187	-0.00327825041603973	-0.00576642869711033
2580	-0.0169967974238245	0.0195612291465254	-0.0269579140266963
2581	-0.0166090207058424	0.00551881797204694	-0.0312803671377241
2582	-0.0156042994012926	0.0123641880324428	-0.0273661679931793
2583	-0.0183652039069798	0.0191450995401074	-0.0253371724639397
2584	-0.0185075434382001	0.0168225673761138	-0.00324252275971469
2585	-0.020614927839962	0.0187296160748442	0.0139495269821654
2586	-0.0164620134191707	0.0137743289952347	-0.0293380161183398
2587	-0.0192639120864413	0.0217130401103911	-0.0213423862367767
2588	-0.0131508933450171	0.00833570962769064	-0.00554646241268487
2589	-0.01706362511834	0.0248998077253401	0.00289057315083217
259	0.0043513698795056	0.0182983637223176	0.0204900819798613
2592	-0.0198648337441552	-0.0128923993617471	0.00393323120944026
2593	-0.0227784620365345	0.0149378954628439	0.00185270415693978
2594	-0.0257874362546687	0.00143621349175363	-0.0113544213651087
2595	0.00899959747708921	-0.043012027433635	-0.0106815847118077
2596	0.0279711589844443	0.0187086986213137	-0.0120384683068962
2597	0.0084642983573543	0.00537977064409543	0.00452343698320744
2598	0.00169219980485802	-0.00326390035714049	-0.012740353200423
2599	0.0214820818083439	0.0209011406121648	-0.00354813763534063
26	-0.0187646980783993	0.00758878533569887	-0.00068618343415311
260	-0.0123291683205578	-0.00438119465100552	-0.0313939804560189
2600	-0.0015768688254079	-0.00290413524980984	0.0273969988088509
2601	8.40699744494975e-05	4.65229782148438e-05	0.0258145185735436
2602	-0.00865159556641497	0.0256214091851025	0.00233978589107867
2603	-0.0135979174097073	0.0161042918840389	0.0254991826226796
2604	-0.00517763015696889	0.0292340974246874	-0.00169351914034769
2605	0.00172670519599259	-0.006594988326568	0.0262802966444106
2606	0.00536487163410033	-0.0070120585950652	0.0277329294192097
2607	0.00898623283857927	-0.0128379609682166	0.034853321832228
2608	0.0231474914207553	-0.00505591850440138	0.012642284482857
2609	-0.00650593082159146	0.0299100522559393	-0.00207586985482438
261	-0.0272491057685904	-0.000800354999562767	-0.00257768847349788
2610	-0.0189180924883736	0.017300728818343	0.00659283761351132
2611	-0.00733617653231753	-0.0241560351660165	0.000904827633964121
2612	0.0184054102919239	0.000862080653204056	0.00842442457051273
2614	-0.000422264663387745	-0.009433511844022	0.0247447053115996
2615	-0.0126125596707982	0.00975603707932672	-0.0238879691423139
2616	0.0106832933807245	-0.0146641656480842	-0.0100130392549008
2617	-0.00134016930649431	0.0268605910043421	-0.00308980224255325
2619	-0.0114646898140955	0.025971703833933	0.00511836173796705
262	0.0227758452524577	-0.0171982045682014	0.0168568677862161
2620	0.0177949294139404	0.0264443129342178	0.020055651830661
2621	0.00487237302006448	0.00718013559346547	-0.000487863437758823
2623	0.0159007842038388	0.0232639361266148	0.00221684912690473
2624	0.00357400174910176	-0.0169723561890973	-0.00127151267354005
2625	0.000674378697791638	-0.00240538988843634	0.0262288612318401
2626	0.0135476281061932	0.0115911778560315	-0.00227944606843161
2627	0.0129994385167969	0.0180113519852051	-0.00532306408443619
2628	0.00936439766056202	0.0280309356601446	0.00908180876325111
2629	0.00368081633603898	-0.0128602401389409	0.00701906732834479
263	0.00997864670736459	-0.0441050616208929	0.0182211319128659
2630	0.0120450416958038	0.0186755154478888	-0.00445082411796771
2631	0.00595003182710252	0.0166308568267836	-0.00180430576479775
2632	0.00976756674892843	0.0187659172786178	-0.00676967481398559
2633	-0.00289309002047631	0.0291328342530968	0.00758409637569568
2635	0.00220583613778241	0.0311891072322345	0.0117757248821014
2638	0.016383575125745	0.00435758641351109	-0.0310191810853625
2639	0.00292379024729761	0.0259025740200283	-0.00228546917797825
264	0.0279016361649905	-0.00188008362073476	0.00810782228707687
2640	-0.0160134566353473	0.00361547084036	0.00682403848995675
2641	0.00245805158003194	-0.00294852447674693	0.0374530483438364
2643	-0.0236828244310362	0.00895235670005691	0.0163816559478572
2644	-0.01175206416097	-0.0196200200526498	0.0136283368178653
2645	-0.0152513507978623	-0.0332627409945467	0.00295695266769135
2646	0.00171008054376253	-0.0040063538923119	-0.0359042438884625
2647	0.0135624665832763	0.0283207059066491	0.0228287632683908
2648	-0.00260927999337197	0.015107170596096	0.0150066681038945
2649	-0.0114021923015964	0.0226581432578025	0.0213042579222314
265	0.0279888273672769	0.000925674407983552	-0.00848394085797229
2650	-0.0296874491964014	0.0134792945956942	-0.0109798815433868
2651	-0.0320019784434472	0.014249048938522	0.00266239657624508
2652	0.00362608066106842	-0.00563825172879648	-0.0351522247887656
2653	0.0006472547132384	-0.00476507652186676	-0.0339336682481432
2654	-0.02532040313008	0.010850778747323	-0.00164406732057657
2655	-0.0262618649019115	0.00206395821796462	0.00124385085167132
2656	0.00577633904280776	-0.00160458436348172	-0.0342887026124815
2659	0.0131988056848951	-0.00363693516220208	-0.0140662628091911
266	-0.0265869854731149	-0.00612314971311912	0.00476309039708989
2660	0.0252493561322589	-0.0104993935816894	0.0165442894930471
2661	0.0196923549444361	-0.00174660867634599	0.00711320532316156
2662	0.0178396889567442	-0.00660952845686298	0.0149912236218848
2663	0.0191674820515279	0.000489978151132574	0.00865313308633015
2665	0.0138004552078539	-0.00936504222622947	-0.0291141986082728
2667	-0.0238265236231745	-0.000588620579748629	-0.010899728205112
2668	-0.0168453296205391	0.0225296341778899	-0.00512697621912938
2669	-0.0130732815839287	0.0213078341066892	-0.0109328864617828
267	0.0129822102772987	-0.003367716857375	0.0319095658207936
2670	-0.0178197748485873	0.0241982774848969	0.0157786417199151
2671	-0.0231141905869129	-0.00113994461793458	-0.011005297558298
2672	-0.0211052854037319	-0.00241554824413676	-0.0101588937372438
2673	0.00274477094239204	-0.00577281715047422	-0.0362903848729588
2674	0.0163431322957478	0.0034540821687468	-0.0286492316270768
2675	-0.0151434411008209	0.0326694174386327	0.010352930381934
2676	-0.0152795126358426	0.0339117431027888	0.00233596812470443
2677	0.0352724954732268	-0.0290412153827887	0.0124590934878814
2678	0.00161418921422293	0.0250612981293934	-0.0104607329568718
2679	-0.00986506097847004	-0.0374230574406115	0.00845921495693447
268	-0.0283985455136858	-0.000792114653675726	0.0127625549032265
2680	-0.0172626538847575	0.00967619544962842	-0.00411173312963765
2681	-0.0180152706752506	0.0259458136445333	0.00354209284094841
2682	0.0201370099826422	0.0106725775051131	-0.000168998246888479
2683	0.011194444416519	-0.0442944871993587	0.00969100290879127
2684	0.00292873931790367	0.00419675632774728	-0.033225398322766
2685	0.00239064295522343	0.00247205359820339	-0.0333278237535481
2686	-0.00532384365357231	0.0238673173646587	-0.00566144284493553
2687	0.0120454171451639	0.00147875862411656	-0.00738841812931466
2688	0.00972300512348311	0.00210799222326075	-0.00607966204269683
2689	-0.0108711668672328	0.0197025052354818	-0.00324507116793095
269	0.0153735046567005	-0.0360110264970775	0.0377426127751384
2691	-0.00975186522832857	0.0283522210857545	0.00111802669620441
2692	0.00683715985694251	-0.000580151517806666	-0.0352915412575781
2693	-0.0175471874508929	0.0193536832499221	-0.00261101168836719
2694	-0.0186381719536948	0.0191254149426699	-0.00784534611738046
2695	-0.020509531594477	0.0171320314473087	0.00438961006229241
2696	-0.0180770438732321	0.0255609218983787	-0.00828084231498962
2697	-0.0189507558386063	0.0167047972489229	-0.0130114998398717
2698	-0.0141242316823312	0.0119996316052751	-0.00636827441992754
2699	-0.0200258438209964	0.0166338612191142	-0.0135295279480621
27	0.0212131235547423	-0.0105779043250981	-0.0230837205822495
270	-0.0281943085880492	0.000255154127648449	0.0106749617958874
2700	-0.030066357077157	0.00641962389851398	-0.0136673006808835
2701	-0.00159487078878821	0.00230529751265378	-0.036649452517827
2702	0.0237655776476712	0.0134213075069855	0.00584701254012334
2704	0.0160266646400803	-0.0428985421964718	-0.00607949821105897
2705	0.0155929056765187	-0.0422364475989911	0.0044976980945306
2706	0.0168596529982043	-0.0414283273062365	0.00235489154575435
2707	0.0176027627911511	-0.040522919937478	0.00185782092719429
2708	0.0162727904627451	-0.0377402152925955	0.00997389125549524
2709	0.0163643966398626	-0.0420859137473786	0.00321641197960878
271	-0.0276487102905678	0.00470020636497482	0.0141111576846715
2710	0.0180323702122101	-0.0353586882151047	0.00837773516585353
2711	0.0216006546312467	-0.0400117989917873	-0.00758735946993094
2712	0.015674487062709	-0.0436055941591243	0.00372939835702065
2713	0.0181034317670616	-0.0440751363924404	0.00710183337024594
2714	0.0158958607696477	-0.0353295716941069	0.00849850377527538
2715	-0.0152675982494118	-0.00125735980580908	-0.00956938377111025
2716	0.0144990070096169	0.0151254717641906	0.0134684871963636
2717	0.0144990070096169	0.0151254717641906	0.0134684871963636
2718	0.0170315376812434	0.000275866046667391	-0.0273538318040661
2719	-0.000422264663387745	-0.009433511844022	0.0247447053115996
272	-0.0287374052907044	-0.0035945007475991	0.00304081848038202
2720	0.027281854639001	-0.0161470187596019	0.0121871684847773
2721	0.0188617362571785	-0.0324145176836626	0.0143454520678119
2722	0.0119594376400617	0.0222050473775019	0.00211223649612705
2723	0.0283212285815207	-0.0145492471951357	0.0149452275833209
2724	0.0225984955067732	9.94675509957552e-05	0.00478538542515238
2725	0.0102187000594012	-0.0452011898484874	0.00197516786667674
2726	0.00375287346124376	0.0250259015726025	-0.0149963818393445
2727	0.0255367989271242	0.00770381649046708	0.00963053717963537
2728	-0.00752616344388359	0.0206874178360545	0.0144865928098588
2729	0.00812730438476728	-0.00366258126794579	-0.0218277963119901
273	-0.0276478573467395	-0.00948748403196228	0.00686684221081464
2731	0.0250411423893551	-0.0173403367463891	0.0194352051588085
2732	-0.0123197677858712	0.00594015545299956	0.0223399843224803
2733	-0.00740848610781641	0.0258411432687891	-0.00833700762518252
2734	-0.00845736593779528	-0.000660971604661015	-0.00827820563883318
2735	-0.0051398471316074	-0.00915780834628244	-7.81793260947615e-05
2736	-0.0108897112672229	-0.00289801387985501	0.0202407302635822
2737	-0.0160006444821736	-0.00334147454219051	0.00986607449025485
2738	-0.000974839745264945	0.00893848386883806	0.0138408464142516
2739	-0.0124597238226822	0.0286908225417195	0.00525982514987909
274	0.0172593679285844	-0.0346109160854285	0.0380347354422789
2740	-0.0198879218297232	-0.000153903350269391	0.0111571287575301
2741	-0.0170460996165991	0.0211299560912046	0.00626194790912397
2742	-0.0248977370572649	-0.000939063291498549	0.00975361920427621
2743	-0.0136176555797981	0.0231376923415387	0.0035458132620818
2744	-0.010951569345207	0.0240718920367351	0.00334503004414364
2745	-0.0127212414793506	0.026210917916286	0.00358894300126133
2746	-0.0274921770209366	0.00935797369395951	-0.000567104868666823
2747	-0.00842768756796401	0.0296386409271478	0.00621807810844895
2748	-0.0170702887485754	-0.00120688621329985	-0.0104070258827285
2749	-0.0156227871436922	0.0235780627909889	0.0101549562573831
275	-0.0285611866147948	-0.00226137702031606	0.00200017133638067
2750	-0.0102470809630316	-0.00106382895213826	-0.00721287813084706
2753	0.016383575125745	0.00435758641351109	-0.0310191810853625
2754	-0.00550742399245591	0.0218867273470854	-0.0274377315975883
2755	-0.0128248557957336	-0.00122128604994805	-0.00831991195349277
2756	-0.0120039895567225	-0.0013835741977156	-0.00805537534629757
2757	0.0068557768379257	-0.00863127329774687	0.0198834065842992
2758	0.00953463056657319	-0.0404605851991477	0.00333730181014566
2759	-0.0136740244087379	-0.00889950882990247	0.00576931323744946
276	-0.00670548473529439	0.0113922583607243	-0.0108669518145306
2760	0.00598277031291476	-0.00727059738454596	-0.0340421780560576
2761	0.0240382969063824	-0.0312125085721251	0.0069399092279181
2762	-0.0156268426749397	0.00101116636895507	0.029059042789522
2763	0.0149275817450726	0.00293833475369213	-0.0232232271034576
2764	0.0142730702454269	0.00248343699487781	-0.0249121871888538
2765	-0.0197836490907743	-0.00434666710452332	0.0285537208315017
2766	0.0223070700786578	-0.0140837448497845	0.0147746028579844
2767	0.00970636936360249	-0.0435758224472394	-0.00158715784489464
2768	-0.00290070067035701	0.0133294290818905	0.00495032079447098
2769	0.00446527659540301	-0.0282527336092397	0.0222490729026611
277	0.00970357349097872	-0.0334550821296094	0.0362532226110885
2770	0.0266488475012171	-0.0275853056678115	0.0168609562781851
2771	0.0137702016170046	-0.0188418176229504	0.00570545062113923
2772	0.019705290030918	-0.00845123369950583	0.0085497499724825
2773	0.0160948220662486	-0.00802058738739303	0.0111902867811043
2774	0.0137344743113126	-0.00400463994368925	-0.00396950129790732
2775	0.00615995691240939	0.0143066232336532	0.00924763731884136
2777	0.0234139923732594	-0.0296265634025366	-0.0171309265223793
2778	0.0151336817922811	0.00450053207733327	0.010195019867838
2779	0.0113052817198455	0.0268512816256411	0.0175508696893076
278	0.00687476795326282	-0.0409267068850083	0.0315003604573425
2780	0.0156376446685254	-0.00807148164225273	0.0125741307831235
2781	0.0140728892945946	-0.00164497936956892	0.0322241129056117
2782	0.0248856751585231	-0.0197970761609282	0.0212188808166273
2783	0.0150293832536291	-0.0205477233079537	0.0260743929546191
2784	-0.00586871917755892	0.00676395522933595	0.00975868577904464
2785	0.0132147789179455	0.0112393372507159	0.005438193542427
2786	0.0106326930381045	0.0170495739279466	-0.0224787848946016
2787	0.0273819161932211	-0.0235892803606241	0.0116592147539169
2789	0.00633160746732024	-0.0156134161055772	0.0103783475186749
279	0.0293568249423552	0.00337199116292172	-0.00216494312221561
2790	0.0194554219192888	0.0266368446050441	0.0209093066920337
2791	0.00615995691240939	0.0143066232336532	0.00924763731884136
2792	0.0251070433258778	-0.00868966082470079	0.0171273499628936
2793	0.02443729722258	-0.0287896067195106	0.0196813184238126
2794	0.00856414560820638	0.0278563978207444	0.0168539668754189
2795	0.0106105186655934	-0.0275693243991475	0.0355494469883936
2797	0.00615995691240939	0.0143066232336532	0.00924763731884136
2798	0.0233391711123374	0.0101279113433036	0.0217899714805587
2799	-0.0103092104252169	0.000529774604863965	-0.0294697788024302
28	0.0232299522878744	-0.016590716417712	-0.0194080031236564
280	-0.00690116232051831	-0.00706805276836451	-0.0388050623414065
2800	-0.000974839745264945	0.00893848386883806	0.0138408464142516
2801	-0.0164000202708295	0.00589751748776695	-0.0222679285781981
2802	-0.00587119950349683	-0.0263381394936845	0.00108738093584163
2803	0.0116525215383997	0.0122970193255912	-0.0100666587109753
2804	0.0021731189484386	0.00567471543682399	-0.00608693528892067
2805	0.00689817976552597	-0.0156884205824411	0.012170205592488
2806	-0.0218861204733448	0.0144475869241923	0.00240886263161374
2807	-0.0199594076864045	0.0221748656126489	0.00620574777257234
2808	-0.0235232645132591	0.0145668190588559	0.00198577183729679
2809	0.016383575125745	0.00435758641351109	-0.0310191810853625
281	-0.00732137452186269	-0.00553081875795107	-0.0380676982377467
2811	0.0248364934590656	0.0131757335797857	-0.0231670556074782
2812	0.0160426934446084	-0.00442317474635843	-0.0276291608613808
2813	-0.0127984233847576	0.00590253156815523	0.027811663992885
2814	0.00304459149797371	0.00010204001885806	0.0138682576502755
2815	0.0165237459172141	0.00168314450307347	-0.0278893849830289
2816	0.0248932708388596	0.00488061114749634	0.0206232029809255
2817	0.00849537130384196	-0.0225093597818839	0.0265957194036053
2818	0.00615995691240939	0.0143066232336532	0.00924763731884136
2819	0.00228192233718705	0.016039614306035	0.0116418594038999
282	-0.00642261755816317	0.0102168922441862	0.0287776779898401
2820	0.011570244086704	-0.0020700230482985	-0.00869835393770967
2822	0.0284118547991425	0.0169055770759812	-0.0198458137873136
2823	-0.0286657352767798	-0.00221090361893602	-0.01510218327807
2824	-0.0272420470157244	-0.00281519580678755	-0.0143877133986075
2825	0.0147140794983115	-0.00421923317423345	-0.0276055926643675
2826	0.0239698809841554	-0.0189800773475103	-0.00267434072608158
2827	0.0103227762830361	0.00584122100596643	-0.0344772378465557
2828	-0.000974839745264945	0.00893848386883806	0.0138408464142516
2829	0.0186443960797375	0.0070765329739752	-0.00244756487716087
283	0.018423114974654	-0.0135093982767862	2.63172508825297e-05
2830	0.00679488950341723	0.0213706679122029	-0.00832713191822418
2831	0.00600578236885206	0.0110337634101485	0.00199360255477222
2832	-0.0120654431689632	0.0284850925547554	0.00747898452333548
2833	-0.0206911880480338	-0.00223154972681213	-0.00981348025741444
2834	0.0163931613271236	0.00214506718455459	-0.0274707824278619
2835	0.00110159785739409	0.0346105828765957	0.00275591222425543
2836	0.0126663416563264	-0.0347435438046031	-0.00198688164882207
2837	0.000222522846654515	0.0159455705325164	0.000106733904605125
2839	-0.0281805624848151	-0.00149004710822853	0.00542840638192774
284	0.0305560567850202	0.000611031870157805	0.00114910481630506
2842	0.0136402872686116	-0.03604002672642	0.00163401672416654
2844	-0.00854267150998473	0.0323390936922107	0.0195401759606166
2845	-0.0084319143147821	0.0346350323863654	0.0139352120190982
2846	-0.00906347838196741	0.0265987136518657	0.010621444157643
2847	-0.00586819227709204	0.0325428626933977	0.0129449222014551
2848	-0.00510645860454108	0.0327706360276148	0.0178185815481979
2849	-0.00501963817919093	0.033096495411404	0.0130246252769063
285	0.0306412974911876	-0.00247014229398546	0.000820221699809013
2850	0.00348115796952771	0.00566289460559267	-0.035829926334205
2851	-0.00566424950097997	0.0363848490346347	0.0126463960643283
2852	0.00438435483233597	0.00337783285367544	-0.0348977988192735
2853	-0.029834318409325	-0.00118351989906075	-0.0149170351137072
2855	0.0139804792935775	0.0040984119361767	-0.03215892876205
2856	0.016383575125745	0.00435758641351109	-0.0310191810853625
2857	-0.0124171600375689	0.00832020726682858	-0.0368076183800569
2858	0.00862080617045426	0.0197222643718151	-0.00815329425192695
2859	0.00674674766434886	0.0218142361813468	-0.00679270793046082
286	-0.00968870236218394	0.0200794560823617	0.00903015707671532
2860	0.0172426160211774	-0.00044621003909389	-0.028647741165981
2861	0.0170486856632216	-0.00851010427382466	-0.0147423912847181
2862	0.017715959035088	-0.0101691994193103	-0.0146021061949444
2863	-0.000974839745264945	0.00893848386883806	0.0138408464142516
2864	-0.0138066999431102	0.0274204822018229	0.00520554742218505
2865	-0.0218334320189146	0.0182512687105595	0.0200205561353241
2866	0.0166963953558874	0.00295102301496471	-0.026838477490831
2867	0.016383575125745	0.00435758641351109	-0.0310191810853625
2868	-0.0156876600361126	0.0179747549772745	0.00149419295708814
2869	0.000901361069551231	6.31070870105029e-05	-0.00416652444411931
287	0.0267330874891732	-0.000583275380100714	-0.0111900674088507
2870	0.0163949800925883	0.00320155639716635	-0.028588281936597
2871	-0.0218697531121921	0.00390703545786678	-0.00797501526453311
2872	0.0153076672454834	0.000294087605010931	-0.0282535958961877
2873	0.0202300548784799	-0.0367317491583084	-0.009443307478472
2874	-0.000422264663387745	-0.009433511844022	0.0247447053115996
2875	0.0144133997472606	-0.00438048193875333	-0.0254189770224106
2876	0.0173901486333189	-0.000462701147897362	-0.0172551547035963
2877	0.0173128725364111	-0.000960053194377536	-0.0276913511899729
2879	0.0160947091767762	-0.0235105106610951	-0.0137599702110376
288	0.0198061866407981	0.00300090867169569	-0.0280741241451133
2880	0.00730636847077213	-0.0169802240703065	0.0428177838985935
2881	-0.0188323189832045	0.00137781698050798	-0.00048919778726679
2882	0.016383575125745	0.00435758641351109	-0.0310191810853625
2883	0.00693995529782322	-0.012275896785311	0.0438542381556764
2884	-0.0242104555441247	-0.00995334834025885	0.00251783443742457
2885	0.00569126594124901	-0.0143494690796603	0.0447846147166007
2886	-0.0156542997121261	0.00151468326067652	0.0179798656115605
2887	0.0174968616826284	0.000279319950334475	-0.0256810492518657
2888	-0.00493495293368503	-0.01137079449435	0.0377099900931229
2889	0.0196584230206992	-0.00428991599260845	-0.0158874020707638
289	0.0249325890612283	0.00410984801874731	-0.00811140202826816
2890	0.000717653034284495	-0.022151889982641	0.00210246395582835
2891	-0.0202669683197828	0.0042444897614251	-0.0072263429804402
2892	-0.0202690320782419	-0.00125108403662478	-0.00917971847041973
2893	0.0196801449282209	-0.00420539875366091	-0.0157291000693086
2895	8.34542845010014e-05	-0.000778617381721297	-0.0357914991762181
2897	0.0132520143118453	-0.0238423777373795	0.00104200060707632
2898	-0.000974839745264945	0.00893848386883806	0.0138408464142516
2899	0.016383575125745	0.00435758641351109	-0.0310191810853625
29	0.0207915596502795	-0.0109205859966755	-0.0221767105936584
290	0.0266320394932446	0.000591674256082105	-0.0127532342433026
2900	0.0148599575485573	-0.00753517838169587	-0.0223508141501497
2901	0.0017898026406755	0.00818293455255512	0.00997315503926146
2902	0.016383575125745	0.00435758641351109	-0.0310191810853625
2903	0.0166189114729196	0.0037568099248146	-0.026699084398946
2904	0.016383575125745	0.00435758641351109	-0.0310191810853625
2905	-0.019838327493093	0.00413121535280358	-0.00697668232672187
2906	-0.000460130490189182	0.00907538256400149	0.0128663424084428
2907	0.00971705219539797	0.0117822369995054	-0.00640221590316609
291	0.0164289389394486	0.029688633524329	0.00733167787341982
2912	0.0221020830598957	-0.000139870043644235	-0.0114391916645198
2913	0.013587675616469	-0.0431629845623613	0.00565866519458122
2914	0.00169975362690644	0.00941812493584028	0.0100383172393321
2915	0.0194787912712307	0.00285159438077885	-0.0113016815792946
2916	0.0102681640695104	0.0241071284454175	-0.0142987539246849
2917	-0.00949574073561889	-0.00164482072710713	-0.0446374097894035
2918	0.00212120087263227	0.00949720942921572	0.00935837070091697
2919	-0.0188575986181836	0.00535868314925315	-0.00587741825642615
292	0.0205113582944799	0.0240239517640818	0.00646324306595189
2920	-0.0006537743172916	0.0024496373296922	-0.0329859836418852
2922	-0.000393464068698546	0.00116570398589463	-0.0350137074010316
2924	-0.0159789461169747	0.0191399717796829	0.00475230520727444
2928	0.016383575125745	0.00435758641351109	-0.0310191810853625
2929	0.016383575125745	0.00435758641351109	-0.0310191810853625
293	0.0195443244128665	0.0220131713596536	0.00313485328335513
2930	-0.0195725124178886	0.00622454543777478	-0.00527449697134449
2931	0.016383575125745	0.00435758641351109	-0.0310191810853625
2932	0.0317968192206097	-0.0184858475606285	0.00555292937652396
2933	0.0194521740654097	0.00229179204359703	-0.0153065948776925
2934	0.031011009680861	-0.0204267807018378	0.00662755430213365
2935	0.0267337636940732	-0.00912579628859673	-0.00589293055621904
2936	0.0269507360653038	-0.00870673276811181	-0.00430539383624287
2937	0.0267561644712911	-0.0090449386869228	-0.00458898348164462
2938	0.0263149217649785	-0.00854687966834505	-0.00580250130068625
294	0.00826660165226865	0.000977701131248091	0.0304965991641461
2940	0.0233631699308264	-0.0058777419308922	-0.0136515938294442
2941	-0.000974839745264945	0.00893848386883806	0.0138408464142516
2942	-0.00177173671967515	-0.00064150563196981	-0.0366323414213493
2943	-0.000974839745264945	0.00893848386883806	0.0138408464142516
2944	0.0191389947365323	0.00310841517161987	-0.0161402461967449
2945	0.016383575125745	0.00435758641351109	-0.0310191810853625
2947	0.0194580239105955	0.00315168291103143	-0.00938458894305956
2948	-0.00135557529450993	0.023400323007921	0.0185186459345475
2949	-0.00087924116593171	0.00908138367455401	0.0142219427976629
295	0.00426870844561944	0.00938858481347804	0.0269345270610788
2950	-0.000974839745264945	0.00893848386883806	0.0138408464142516
2953	0.00684682059362265	0.0110188332774526	-0.000967978679051667
2954	-0.0206911880480338	-0.00223154972681213	-0.00981348025741444
2956	0.0200746832455435	-0.00118597665550386	-0.0134486454023231
296	0.00458703502822529	0.00889499850321409	0.0284077126413583
2962	0.00939105667298845	-0.00136105117419484	-0.0315483082920101
2963	-0.000553968933836758	0.00962301346303092	0.00254820201956554
2964	0.0121665847024123	0.00642867546062261	-0.00272003942896485
2965	0.0125085274318657	0.0115436922129673	-0.0192435233507436
297	0.00577328581948266	0.012091311162995	0.0262935363252295
2970	-0.00600675725354941	0.0288850782038436	0.000731100584432564
2971	-0.000779231650171568	0.00807323500246369	0.0138786554136003
2972	0.0190165219469644	-0.00092751785496098	-0.0147899866374542
2973	0.0181236798543656	-0.0249001832014251	0.00950862900752736
2976	0.0157865516696143	-0.0097761417685519	0.0153913062845855
2977	0.0172840407026603	-0.00719422254671751	0.0153542548727361
2978	0.0184808201075949	-0.0131558037135672	0.0171100761826555
2979	0.0165792445488641	-0.0105559009360662	0.0133298474534426
298	-0.0221031959404679	-0.0117773145220989	0.0285390956376882
2981	0.015773913845086	-0.0191106779231276	0.0131066780593224
2982	0.0144990070096169	0.0151254717641906	0.0134684871963636
2983	0.030211710022787	0.0224916633155948	-0.0143254213720015
2984	0.0160066406367467	-0.00582946960746213	-0.00693186166649541
2985	0.0118936831909943	-0.0178073265835301	0.00629417638316716
2986	0.018391219987229	-0.0149879409375924	0.0129212040870412
2987	-0.0160527507841349	0.00174920405123871	0.0357907160621982
2988	0.00212369079424655	0.00898089844044752	0.00863941265646196
2989	0.0102517511755295	-0.0146159167766437	0.0213544029523443
299	-0.00360456293913462	-0.0321305137362915	0.026700689778382
2990	-0.00977895459217535	0.0249391262928789	0.00560316518201519
2991	-0.00297258937723463	0.0165058841341002	-0.0011744461515948
2992	-0.00741632748001111	0.0224611091560825	0.0192200431409023
2993	-0.0187414721505285	0.017381696874065	0.00955884573272861
2994	0.0102187000594012	-0.0452011898484874	0.00197516786667674
2995	0.0102187000594012	-0.0452011898484874	0.00197516786667674
2996	-0.013773778256462	0.0137059107042239	-0.0035041842231356
2997	-0.00665680462563844	0.0294426472098357	0.00120662076147603
2998	-0.00814735166279936	0.0281641372062212	0.00555279900967335
2999	0.0102187000594012	-0.0452011898484874	0.00197516786667674
30	-0.0123450484762889	0.0200554424415181	-0.00312985821700758
300	0.0270495377964942	0.00710093839796554	-0.0160765001149988
3000	-0.0314223017755167	0.00911140509085674	0.000653603278523607
3001	0.00231587724223929	0.00989590175673158	0.0135300214180271
3002	-0.0243812209621382	0.014429069667061	-0.00686204255082522
3003	0.00304871925895777	0.0352233437482134	0.00928195781789165
3004	-0.0048261015552021	0.0124512497463867	-0.00856199993850078
3005	0.00789541384341463	0.0313537622682237	0.0145559518209618
3006	-1.04090120825719e-05	0.0268267121639359	0.00970561608068604
3007	-0.0102302440026001	-0.00538981809671722	-0.0158343974560828
3008	-0.0067677587833492	-0.0118033649275869	-0.0206179622814433
3009	0.016383575125745	0.00435758641351109	-0.0310191810853625
301	-0.00829952841661011	0.0070711546589645	0.0371621686899998
3010	0.0102187000594012	-0.0452011898484874	0.00197516786667674
3011	-0.0101824460643791	-0.0162862663621509	0.00355968984284298
3012	0.0102187000594012	-0.0452011898484874	0.00197516786667674
3013	0.0102187000594012	-0.0452011898484874	0.00197516786667674
3014	-0.013838849558918	0.00653624214369938	0.0286682160615942
3017	0.00930103002158179	-0.0524433356428671	0.0266241164997489
3019	0.00106555641875269	-0.0127454424478145	-0.00964680467024887
302	-0.0127273845478763	0.009491016515183	-0.00498851453328813
3021	-0.00701079638378051	-0.00311515184081731	-0.00584795710954098
3022	0.0115192949878292	-0.010008773265927	0.00893260150829051
3024	0.00194306413402006	0.00873201657983189	0.00963314975880297
3025	-0.000974839745264945	0.00893848386883806	0.0138408464142516
3028	-0.0196172671991836	0.0147910113917635	0.00847866796280543
303	0.00335488425776312	-0.0284011144767952	0.0316297985789406
3032	0.0018823426416636	0.00867758130326548	0.00945798795659699
3033	0.00682734415665544	0.0106590484077219	-2.01600337026072e-05
3034	-0.000974839745264945	0.00893848386883806	0.0138408464142516
3035	-0.00776494798478193	-0.0383477288668132	-0.00511690382676312
3039	-0.000974839745264945	0.00893848386883806	0.0138408464142516
304	0.0187979881741139	0.0169692891472766	0.018091376133218
3040	-0.00794521452528986	0.00380311424514372	0.0194701836336879
3042	-0.003529502423617	0.00386998803921742	0.0211246470302207
3043	0.00255737271623754	0.00832419875214917	0.0108046270381412
3044	-0.00327854150384441	0.0295895444663451	0.0186181597037234
3045	0.0217543878729384	-0.00384997457239309	0.00727578746660226
3046	0.0244753250109794	-0.00481112440196337	0.00532292506165663
3047	0.00200932318798094	0.00843892762919659	0.00964595694107656
3048	0.00530858588991016	0.00212106606052274	0.0171864154828202
3049	0.0105525078211074	0.00222265657022491	0.0127829883422255
305	-0.00969917582951731	0.0120052248950862	-0.00764139387554119
3051	0.0289501432565184	0.0207169458104045	-0.0116125294252813
3053	0.0167024419592641	-0.0109904012105767	-0.0252160228167244
3054	-0.0204887498958791	-0.00086057376183501	-0.0091896103295966
3056	-0.0204560212417175	-0.000772825239597592	-0.00913630805584554
3057	-0.0206911880480338	-0.00223154972681213	-0.00981348025741444
3058	-0.0206911880480338	-0.00223154972681213	-0.00981348025741444
3059	0.0021153785110295	0.00648222962812506	-0.0387061032095406
306	-0.0125421346360233	-0.024802038989197	-0.0159225985120296
3060	-0.0152455824589266	-0.00833311401955757	-0.0198348611003851
3061	-0.0120525096554988	-0.000379278168199017	-0.0166289377352903
3063	0.0161225133686463	0.00339981086796308	-0.022589805241741
3064	-0.0185651178378273	0.00705645553354787	-0.010806362925726
3065	-0.0206911880480338	-0.00223154972681213	-0.00981348025741444
3068	0.0209406996063569	-0.00351672265026139	-0.00255789206205332
3069	-0.00176554282437873	0.00595390165431187	-0.0381393622373274
307	-0.0240202389579264	-0.0168885527110302	-0.00246087262000701
3070	-0.0205354987775589	-0.000282725513053827	-0.00850144107957577
3071	0.0161284561009753	0.00209904659385635	-0.0236914356536338
3072	-0.00353272272527774	0.0218201426754577	-0.0117006911525472
3073	0.0120823370604908	0.00641591426583744	0.00648530644183155
3074	0.0156211777460304	0.00439500814563694	-0.0250308261508677
3075	-0.00841185348201087	0.0312639426569018	0.0117577565555539
3076	-0.00113269092764069	0.0173997413474405	-0.00121411410965049
308	-0.022716991296915	-0.0158819783212613	-0.00327806851577466
3080	-0.0114943388579556	-0.00918688413003161	0.00143947014451686
3083	-0.00782445978973298	0.0146893585881403	-0.00919256072104384
3084	0.00020735907058795	0.00429840295323547	-0.035628137474963
3085	-0.0204488042609288	-0.000430149071685468	-0.00900971155088861
3086	0.0195734262613142	0.000258665837344829	0.00784935848057004
3087	-0.00953682395603961	0.0152688147683529	-0.00961889314375692
3088	-0.00886968215120827	0.0134425626032664	-0.00847707568880247
3089	-0.0169313662386092	0.0230169264939263	0.000900685294923385
309	-0.00627560112238702	0.0302145098858048	0.0083068074850387
3090	-0.0131508933450171	0.00833570962769064	-0.00554646241268487
3091	-0.0153111574260209	0.0216294678308936	-0.00787089280430797
3093	0.00403006441611973	0.0347115525603495	0.0180260475760299
3094	-0.00596719697970723	0.0292616924474899	0.00595696706612682
3095	0.00253326464805644	0.027692068925871	0.0129192120723501
3096	0.016383575125745	0.00435758641351109	-0.0310191810853625
31	-0.00774977190998352	0.0039528345946233	-0.000426548663580654
310	-0.0213636698222414	0.0119781699616651	-0.00120544694303427
3101	0.0155961092429588	0.0115780050769212	-0.019838682554145
3102	0.0212463878123761	0.00185877902230536	-0.0124198438812181
3103	0.0215836056895454	-0.00032963426790172	-0.0117814537368755
3104	0.0202279084380227	0.0023955117958966	-0.0133731050287614
3106	-0.000974839745264945	0.00893848386883806	0.0138408464142516
3107	0.00468230852517364	0.00519939600483373	0.0113452779891829
3108	0.016383575125745	0.00435758641351109	-0.0310191810853625
311	-0.0187333851727376	0.0108667268799792	-0.00368503077153143
3111	0.0176938070077909	-0.0135636834065375	0.0153784106814415
3113	-0.00870835722026622	0.0331618931834699	0.000829390600303456
3114	-0.00750358837116964	0.0317043983863038	0.00435945081311096
3115	-0.00973984416524762	0.023167089470574	-0.00563111071717057
3116	-0.00961588597724162	0.0289545476647212	0.000147707658704243
3117	0.0139814408703846	-0.00798329851620488	0.0148020045364556
3119	0.0149644263383576	-0.00763461531282527	0.0143247892622043
312	0.0136063029144998	0.00261214098733036	0.0267241537580612
3120	0.0124721461565129	-0.0088526484748817	0.0163233378235717
3121	-0.00995175374719609	0.010157954302146	-0.0416408814093168
3122	0.013410409592893	-0.00516473842059845	0.0114211602528678
3123	-0.0208202790912859	-0.00113074250305631	-0.00950978892053349
3124	-0.0208385118376847	-0.00107017533715074	-0.00950060700954687
3125	-0.000235186055703223	0.00281967026139342	-0.0370828711827325
3126	-0.00130156274845265	0.00427484354175712	-0.0363768041333282
3127	-0.0207203919577219	-0.000137812952371346	-0.00805935148095019
3129	0.016383575125745	0.00435758641351109	-0.0310191810853625
313	-0.0235763344790048	0.0103922470161704	-0.000675145923794129
3130	-0.0170002788737861	0.0136783979321424	0.0128278193827673
3133	0.0085798827825472	0.0300509735716012	0.0180190018742349
3134	0.00621232455736884	0.0265358577160313	0.00232279218129762
3136	0.016383575125745	0.00435758641351109	-0.0310191810853625
3138	0.0145560494515096	0.0182827928789521	-0.00541248043964852
314	-0.0087920511961	0.00816624169738516	0.0102637615013649
3140	-0.0206048021615888	-0.000862708003996954	-0.008396412478039
3143	0.0136665336042107	-0.0148914578583882	0.0172181792178682
3144	-0.00266472548850329	-0.0173182363499732	0.0193665694897327
3145	0.00317727865352005	-0.0134265190231327	0.0277533972331435
315	-0.00827494109522327	0.00760095735213138	0.00920103968632723
3153	0.00361172842536365	0.0232378527839498	0.0120041251584676
3155	0.00934987434343603	0.00501262855030847	0.0104736042890243
3156	-0.0203510932181074	-0.00144167267658981	-0.00930291278334061
3157	-0.0204397079486619	-0.00135566045519527	-0.00933229315852015
3158	0.000588365102489699	0.00442810484698904	-0.0368801517963404
316	-0.00468408759306955	0.00666054665210757	0.0144396931634415
3160	0.0121866347587675	-0.0171571592593867	0.0205013929322424
3165	-0.0199508515997161	0.00445985490634121	0.0144697906748891
3166	-0.0177977618668793	-0.00231738959517075	0.0248558526856396
317	-0.00233105377191822	0.00412558597865109	0.0226885461246558
3172	0.00973655416303238	0.00169366277140649	0.0194176532498244
3173	-0.00242597516457955	0.00571217800902862	-0.0356170762641291
3177	-0.00724499390004024	0.0266190774292071	-0.000644340657155178
3178	-0.00516479435921849	0.0290726846525442	0.00447485855611739
3179	-0.00315713887396818	0.0346929230492983	0.00647124640788143
318	-0.00310819946204224	0.0227467978210503	0.01648913078689
3180	-0.020405812419532	-0.00156875911721919	-0.00938506000228173
3181	-0.0204712528826082	-0.0014655294638621	-0.00939265187194656
3182	0.0109088780915771	-0.0144893862423534	0.0182385031918764
3183	-0.00631301546898031	0.0285045191219257	-0.00420697782775842
3184	-0.011608139290334	0.0281309388551424	0.00329539569172248
3185	-0.0205897080559582	-0.00148424894003318	-0.00874262740662997
3186	0.0142126159916527	-0.0156724204546189	0.0178009068404844
3189	0.0204922085258038	-0.00174683568854626	-0.015497909935609
319	0.00409278741021906	0.00847784684550323	0.0117722429940682
3190	0.0191777473151343	-0.00162463592266859	-0.020544297964868
3193	-0.0144536139756834	0.00994097654731487	-0.0428923880500302
3197	-0.0205551690454429	-0.00155876593302557	-0.00948252211870471
3198	0.00045744874790406	0.0063975895768446	-0.0346770534946315
3199	-0.00962543599847302	-0.0153915285111648	-0.00462235298665648
32	0.0237564990060963	-0.0151722952814994	-0.0103592766353913
320	0.0268759739029537	-0.0297645402674665	0.0103209032876426
3200	-0.00356486095600063	0.00832702416927579	-0.0359736232146142
3201	-0.00997306338943047	0.0106854936926343	-0.0092274374356332
3202	-0.00731640095586765	0.0320162013424391	-0.00266779324761602
3205	0.016383575125745	0.00435758641351109	-0.0310191810853625
3206	0.000265532044655387	-0.0167224525687645	0.0199752568664093
3207	0.000238258696917596	-0.00789943311793901	0.0257363162211534
321	-0.000889424954958861	0.00879093536703719	0.0153741645879769
3210	-0.000422264663387745	-0.009433511844022	0.0247447053115996
3212	0.0168823390189034	0.00305060324838023	0.00323926060036186
3213	0.0177381158635465	0.00920616992387993	0.00561542660986242
3216	0.00739477428566633	-0.000950611550022733	0.0205147817122348
322	0.0229347803063139	-0.0329237971729173	0.00880028985459184
3222	0.00722258248776192	-0.00135053044743922	0.0202562787196097
3224	-0.0206911880480338	-0.00223154972681213	-0.00981348025741444
3225	-0.0206911880480338	-0.00223154972681213	-0.00981348025741444
3226	-0.00886105838259574	0.0119976041365046	0.00634891400168865
3227	-0.00690781751321468	0.0209088385162036	-0.0042335216973802
323	-0.00566155444613995	0.0130727178103029	0.0234732259865668
3230	-0.00247352231775398	0.00495679281671801	-0.0391602970754145
3231	-0.000422264663387745	-0.009433511844022	0.0247447053115996
3233	-0.000761327998749865	0.0315209073340002	-0.00209472767991163
3234	-0.00299407451425625	0.0119229139330218	0.0213661919769417
3237	0.00133716881592587	-0.0214707781792855	0.0179917262344383
3238	-0.000422264663387745	-0.009433511844022	0.0247447053115996
3239	0.0115140835623575	-0.017509364849883	0.0182836755082118
324	-0.00656373881798227	0.012203427844657	0.0265465995852823
3240	0.0113030523772018	-0.0152071405803736	0.019759754879063
3242	0.00739477428566633	-0.000950611550022733	0.0205147817122348
325	-0.00579552827918776	0.0171588083368586	0.0276095983264571
3250	-0.0206911880480338	-0.00223154972681213	-0.00981348025741444
326	0.0192412520162537	-0.0307897741759266	0.0292515825160891
3260	0.00606602301653584	-0.000773717842515731	0.0239058475666011
3266	-0.0206911880480338	-0.00223154972681213	-0.00981348025741444
3267	-0.0206911880480338	-0.00223154972681213	-0.00981348025741444
3268	-0.00202018729857719	0.00523616623394727	-0.0367998389709587
3269	0.00206421586744763	-0.0114216486567366	0.0269723616141115
327	0.0153192165762208	-0.0328048253150402	0.0286811892262953
3270	0.011104248342453	-0.0168752732247733	0.0191221148737455
3271	0.00978398472445591	-0.0177944251542145	0.0212206731614054
3274	-0.000422264663387745	-0.009433511844022	0.0247447053115996
328	0.0212870972036815	0.000515704398439941	0.0205559173644006
3280	0.00556779818922894	-0.0195699840752574	0.01989733987241
3282	-0.0206567406681476	-0.00163498899003261	-0.00870045472292659
3286	0.00669555285048312	-0.00295449821886576	0.0188379570826825
3289	0.011538450662976	-0.0198325334194777	0.0189542331089812
329	0.0162510384358597	-0.0334036605965069	0.0267133592820018
3291	0.00746036387144454	-0.0169097498473053	0.0218552117569162
3293	-0.0206754349395997	-0.00159402381185195	-0.0086868739342796
3297	-0.00429641392423839	0.0317464679194255	-0.00203043389937642
3299	-0.00113534892638773	0.00377560358741842	-0.0365074161995682
33	0.0213556904822124	-0.0139425144371592	-0.0072770851138234
330	-0.0264745619810785	-0.0118186993109194	0.0164194653696935
3302	-0.0117272186181181	0.0240213475932129	0.0205279038790672
3304	-0.0206911880480338	-0.00223154972681213	-0.00981348025741444
3307	-0.0206911880480338	-0.00223154972681213	-0.00981348025741444
3309	0.00738967211325349	-0.0239419288308349	0.0191125875457389
331	0.0192402311682662	-0.0307509793074206	0.0302420619931039
3310	0.00761673011778698	-0.00418760155797606	-0.0346317719636307
3315	0.00180379747748265	-0.0192802298080591	0.0251749798459645
332	0.0224235530164347	0.00115219541758445	-0.0255053635578308
3327	0.00336488725044185	0.0345532198128886	0.00199987014550246
333	0.0155893640143879	-0.0335096782016759	0.026699170584307
3330	0.00638478785706312	-0.0196004812181895	0.0230462607335764
3331	0.0100157895319199	-0.0198294849117715	0.0194087996648302
3332	-0.00408273867826228	0.036252948596397	0.000205837564177169
3334	0.00423296610610212	0.00104563081921138	-0.0309626181203916
3335	0.00802569108927565	-0.00618937605059863	0.0234240055495123
3336	0.00123371459652464	-0.040151659653046	-0.00621258526605927
3337	0.00418211253066395	0.01542780590628	0.0301359836323882
334	0.0196841800824979	-0.0311248982443173	0.029688747616485
3341	0.00532879345841422	0.0111020603639105	-0.0271641567949357
3343	0.00712357268886528	0.0127045500801622	-0.0279891845100089
3345	-0.0206911880480338	-0.00223154972681213	-0.00981348025741444
3346	-0.0206911880480338	-0.00223154972681213	-0.00981348025741444
3347	-0.0029596546898754	0.00662393967671958	-0.0398277108057404
3348	-0.0122520848909488	0.0226819928679541	0.0280464566204902
335	0.0188105661742057	-0.0317207369776754	0.0292833986024751
3350	-0.00928999359542558	0.0252389115648827	0.0217920096289797
3353	0.00525828461539486	-0.0145800600182694	0.0223679083414644
3354	-0.000422264663387745	-0.009433511844022	0.0247447053115996
3356	0.0031989046130416	0.00658241046644091	-0.0343423119587928
3357	-0.0026284028617891	0.0053250707955944	0.0297713978201558
3358	-0.00337268374089934	0.00278169219935413	0.0231574964926732
3359	-0.00483644681767138	-0.000654577514993574	0.0267140806778613
336	0.00318081536035077	-0.0399327072980923	0.0212549565132223
3363	-0.000422264663387745	-0.009433511844022	0.0247447053115996
3366	0.00573566530441332	-0.0219995777102509	0.0189348401272794
3369	-0.0209443810714044	-0.00252992393340877	-0.00849704026967895
337	0.0184458059927093	-0.0321552040787879	0.0265518636353084
3370	-0.00233551644287043	-0.00997890504384831	-0.0160519330537317
3371	0.00794866052485846	0.00369435564560624	-0.0297238640592272
3372	0.00629749340149795	-0.00596174973973683	0.0251090980747333
3374	-0.0051867248538147	-0.00203192573047208	-0.036471625820117
3376	0.00913126048163258	0.00524551946673936	-0.0290546924285272
3377	-0.00262327549103994	0.00810199190644487	-0.0260006250316039
3378	-0.00184472856375918	0.0137081455636021	0.0271552478340885
338	0.0117679494578487	-0.000755833672147703	0.0335411556115758
3380	0.00583638650115827	0.0103055581994809	-0.0293865876618443
3381	0.00682244960222894	0.0066644017602671	-0.0285977466679495
3382	-0.0159341675293962	0.00206282735355784	0.0202074693560888
3384	-0.012139156618385	0.0119609035373047	0.0103968681909624
3385	-0.00768590583563382	0.0275166301224112	0.000121662711075998
3387	-0.000422264663387745	-0.009433511844022	0.0247447053115996
3388	0.00630179630198823	0.00802796538743581	-0.0284811162824249
3389	0.00615995691240939	0.0143066232336532	0.00924763731884136
339	0.01260514601117	0.00429412638176571	0.0336294382333884
3391	0.000593993382578903	0.00807636950094805	-0.0356684878366149
3392	0.00352584844542032	-0.0183043891845673	0.021684191373328
3393	-0.00380760501932358	0.0114348303423636	-0.0277897225656051
3396	0.00433619953630225	0.0163542441888223	-0.0281948772218106
3397	-0.0206911880480338	-0.00223154972681213	-0.00981348025741444
3398	0.0104985486229231	-0.00868582161455526	-0.0355683801068586
3399	0.0168599518814755	-0.0222044590802446	-0.0184086226551869
34	0.00109336180917053	-0.00543716507029039	-0.0172122456652261
340	-0.024261932510775	0.0141703527958813	0.00508747414699716
3402	0.00553125740230758	-0.0213381962646103	0.0194087098294295
3403	0.000344041126267613	-0.012823173276382	0.0248928242076409
3407	0.000917356706582732	0.00921671609627607	-0.0243331974936437
3408	-0.0204794068782611	-0.00231848110758171	-0.00689606548215156
3409	0.00271138272317222	-0.000498776093049044	-0.0340292867033381
341	-0.0258210683820693	0.0115766333739812	0.00051094637370015
3415	0.0119842265544758	0.0057766814770173	-0.0265455174008409
3416	0.00140192432867257	0.0037919291852669	-0.0347306489523212
3417	0.0119105737318101	0.0128225166389863	-0.0262857710639046
3418	0.00607601752583268	0.0164130450830584	-0.00672591777155308
3419	0.00313270478770288	0.0200714949359533	-0.00338419490056496
342	-0.0258428979358107	0.0123055368536425	0.000529741552588423
3420	0.00292357160713063	-0.00166274013174473	0.0297676431012532
3421	0.00901523828860895	-0.0205707829996829	0.0197995231713384
3422	0.00877711180087131	-0.0205287121843953	0.0199838410292383
3423	0.000942550577956953	-0.0154706078027565	0.0250085098261645
3427	0.00591717275681482	-0.00676027017056239	-0.00406930301155761
3428	-0.000320095711515785	0.013076756522143	0.00751984376912774
343	0.0140773793496695	-0.00216988879552031	0.0250548684455569
3430	0.00369540284708145	0.00462742005511218	0.0128102577707117
3431	0.00312834216222846	0.00068612507367447	0.00979375558117876
3432	0.0104250497456937	0.00481573958104121	-0.0348015305720216
3434	0.0116788757819289	-0.00530804403995925	-0.0281867905237035
3435	0.00752002822297396	-0.0132070172334888	-0.0248062457398017
3437	0.0122207540396741	0.00207265655634572	-0.0258602993830752
3438	0.0017652539464125	-0.00435295608494351	0.0280287183362518
344	-0.0251757382274648	0.000348355382912788	-0.00425701880822463
3441	-0.00115092699556593	-0.00876420053421846	0.0118137327608655
3442	0.011106583878996	0.00886362143183852	-0.0258581625990631
3443	0.00654071264318666	0.00282046482926434	-0.0306528328656857
3444	-0.0207484946307724	-0.00351179497079627	-0.00645531504675225
3446	0.0223735771754187	-0.045561079832439	-0.017747490208305
3447	0.013083293953751	-0.00767625665383929	-0.0257866281100368
3448	0.0116671500242323	-0.00748233435769787	-0.0329351457326205
3449	0.0118640782545424	-0.00673846101780689	-0.0328400041616067
345	0.0117575180859619	0.00198850413064401	0.0127423907837739
3450	0.0104567775418756	-0.000121669151268359	-0.0278370587734032
3451	0.00136791194406103	-0.00527579083904641	0.02743220852595
3452	0.0106608806771373	0.00632634276315242	-0.0252403787869642
3454	-0.000422264663387745	-0.009433511844022	0.0247447053115996
3458	-0.00384062754976289	0.0280911858142093	0.00816467845718433
3459	0.00664344869456251	0.00765825488123296	0.00643532239203835
346	0.0185193298071108	-0.032221617193765	0.0213348696775823
3460	0.00606305748869345	0.013619885853732	0.0123319984647082
3461	0.00763398694553346	-0.0197018902004346	0.0208045479912831
3462	0.00469189393515384	0.011500165657451	0.010072415755627
3463	0.00429500357386009	0.012075342944308	0.00994035201328276
3464	0.00620280293040662	-0.0205332981425036	0.0206376873750305
3465	0.000561483403031187	0.0190535359301628	0.00939659497199939
3467	0.00140665198237705	-0.0175235045086191	0.0250982157746278
347	-0.00977250781062665	0.00979033750062558	-0.0112176005739139
3471	0.0160527471982279	-2.64893078307491e-06	-0.0162673375207125
3472	-0.000422264663387745	-0.009433511844022	0.0247447053115996
3473	0.00747711253468161	-0.0198319051822204	0.0209282909566418
3474	0.000678306460942036	-0.0143017557540511	0.0249574342014909
3475	0.0173641968922625	-0.00396623466252751	-0.0135713986783773
3476	0.0123791540722795	2.29655373425771e-05	-0.0257562333798255
3478	0.000941810611157609	-0.00626541971403512	0.0267925237613005
3479	0.0265063042620615	-0.0404190876072221	-0.0290625633945702
348	0.025199045540538	0.00877977730311381	0.00229754256776074
3481	0.0140022470578926	-0.00343009644690862	-0.030652288505171
3482	0.0175378546839509	-0.00228260147064502	-0.0187665822175529
3483	0.0154838600888744	0.00257241124537921	-0.0157010764847256
3484	0.0151289556240653	-0.0110453566026084	-0.0313151017540805
3485	0.0188871582974857	0.0101407921561117	-0.00780852944480954
3486	0.0155720835211286	0.00739412344491626	-0.00703157376135661
349	0.0288076250299978	0.00161699209117819	0.00400293307791787
35	0.0285479247945136	-0.0101466298857889	-0.000548336593664445
350	0.0239297316745183	0.0115060152365156	0.00727738818468765
351	-0.00226391597961037	-0.00675907255033636	-0.0365900261380338
352	0.0142973272335201	0.0259295374843178	-0.000914003762253573
353	0.017429979570797	0.0273397637204611	0.0238692671759177
354	0.0289432957145101	0.00189740962221189	0.00435280707946464
355	0.0286264887465229	0.00148669608710353	0.00346673130403846
356	0.0260080466674005	0.0178588807312787	0.00463395634920429
357	-0.0090254619811135	0.0188099858936794	0.0189523250987859
358	0.028436034240092	0.00514606847742473	0.00246020483755958
359	0.0267706287176552	0.00385482251442646	0.00323864145962345
36	-0.00338188870579706	-0.0183992730065139	-0.0228119606719846
360	0.0278495938201988	0.00202929233001121	-0.000567874664307134
361	0.0297587561968068	0.00541790435422742	0.00371138148169017
362	-0.00436357381554308	0.0124533893268971	0.0150798288252801
363	0.0263253608428939	-0.00465853466890973	-0.000788092326804438
364	0.0246128145049812	0.00331365629771352	-0.00316668486378608
365	0.0248028792957322	-0.000512018042926998	0.00035935105171863
366	0.00989882383899932	0.0226474032958016	0.00480678681812899
367	-0.00809245903822263	-0.00404210261082472	-0.0385441037853057
368	-0.0218568711886443	0.0227372862730067	0.00165090069072746
369	-0.00907911586304064	-0.0251197773061009	-0.000533097546691771
37	0.00665554637681614	-0.0344992418045474	0.0285485695791787
370	-0.00402765702631406	-0.0229917123699177	0.00360833577316787
371	0.025928621177432	0.00991520534095406	-0.000140489273779906
372	0.0278454307996538	0.00804228683907189	9.40235327257078e-05
373	0.0169756668187952	-0.0317507896171962	0.028282457481525
374	-0.0249967530103847	-0.00394160020879924	0.00666953906412027
375	0.028597873098284	-0.00111195519053733	-0.00242759548364442
376	0.014380324103959	-0.0341633267180042	0.0276968263747209
377	-0.0284711142861443	0.00106942651048983	0.00316642558992793
378	-0.0148288757844493	0.0206616608773875	0.0102668076308577
379	-0.0248388531374632	0.00392361893823118	0.0140136773350157
38	0.0223636673828339	-0.00435964950220958	-0.019624694659688
380	0.0190578215362717	-0.00504242079757827	0.0346444073683244
381	0.00987959479429232	-0.0387630663267589	0.024208986515661
382	-0.0251404214100466	-0.00851753924742773	0.00560353128937004
383	0.0279603991377858	-4.97078126139971e-05	0.016968962600928
384	0.0302782377994975	-0.0270325057078903	0.0127917765304013
385	-0.00995506881482338	-0.00241561253260574	-0.0363456553756928
386	0.0292312426149971	0.00217199624623791	-0.00236417331964939
387	0.0315390468796263	-0.0260457129906414	0.0101226406690561
388	0.0218688940690838	0.0155402787451026	0.00981835364068136
389	0.0322275802173269	0.00077649698875983	0.0108701419674084
39	0.0193169626193876	-0.0133820111479386	-0.0124417361804278
390	0.0292813770478878	-0.00159874379456055	-0.00590744955198074
391	-0.0131508933450171	0.00833570962769064	-0.00554646241268487
392	-0.0235100286349508	-0.0120418243955298	-0.00370867124817606
393	0.0246829298351101	-0.028585039122675	0.0273124781121086
394	-0.0229669072117277	-0.00581795453289588	0.0151944341382198
395	-0.00763076169954589	-0.0077263450092222	-0.0403308930709029
396	0.0115693897150554	-0.0013563290574401	0.0145470369547423
397	-0.0226371402416636	-0.00984399802626772	-0.00395579946169994
398	0.00783256969252468	0.00893301518195047	0.0338938144021957
399	-0.00460377747641502	-0.00824282395265123	-0.0387155568112529
4	0.0242483719790193	-0.0144305121072402	-0.0225649987996104
40	0.0254373384152742	-0.00336839802751629	-0.0149255541526398
400	0.000806516685978998	0.00950269121137527	0.0312461615156361
401	0.0181742791088277	-0.00139889810708694	0.0234020299704177
402	0.0125399011943685	0.0206591733626338	0.0260862081741965
403	-0.00627056314719155	-0.00586026586722822	-0.0391175804662691
404	0.0310282173859018	-0.000138567817559183	0.00286392485372758
405	-0.0294915602256589	-0.00107431660931898	0.0013089618860856
406	-0.0279446320159223	0.00797560796334368	0.00182295974630958
407	-0.0284124712963365	0.00938705963698787	0.00404510256034676
408	-0.028669149493858	0.00970769246909135	0.00361989217059005
409	0.0106467464045402	0.0301874433474926	0.028898507664041
410	-0.0286963793237746	0.00813286104228116	0.00386949580768592
411	-0.029690431122741	0.008138178489894	0.000314647603926463
412	-0.00426835718034897	0.00578224727172552	0.030296517896596
413	0.0226610350169095	0.0141629037549856	0.0335128568301643
414	0.0210830481116232	0.0232250587675931	0.0153358886443533
415	-0.0228672214893307	-0.0153855366637581	-0.0055886383049498
416	0.036842805075574	-0.00532017404769276	0.00246128579583886
417	-0.0258570901553412	-0.000449025953181658	0.0074672320465681
418	0.00780605552712488	0.0160694528495354	0.0270968370413633
419	0.0343308996558368	0.00454053919478034	0.00300814729515205
42	-0.0131508933450171	0.00833570962769064	-0.00554646241268487
420	0.0211053612557903	0.0302045458282874	-3.04515236225986e-05
421	0.0204200150225664	0.032030073503616	-0.00281468255885251
422	0.0141585098496661	0.0298804749348234	0.0255685853874173
423	-0.0239295053435879	-0.00907161777832994	0.00249525480261038
424	-0.0299208050921126	0.00771315687883404	0.0043752125163601
425	-0.0244672905908788	0.0115519244351852	0.00413627061065072
426	0.0178449876250421	0.0286409733077143	-0.00132724585393655
427	0.0195193325320053	0.0263347472622992	-0.00145201000811677
428	0.0191554766525558	0.0265008593636875	-0.00108834231141899
429	0.0209210090628316	0.0299916184493423	0.00152655741575883
43	0.022063581639211	-0.015477603336682	-0.015042590880208
430	0.021033584635501	0.0317366297642956	0.00036164658931991
431	0.0165486155675017	0.0200778116969651	-0.00599277875004775
432	0.00919739258531906	0.0353380865014765	-0.00336072328416322
433	0.00727444721690442	0.018338332521576	-0.00133224111754485
434	0.0134371613727638	0.0300853473348003	0.00127570707754048
435	0.0135780732943362	0.0131076688848004	5.90159612248307e-05
436	0.00259884168687436	0.0102935551601348	-0.00126141852819844
437	-0.0180463423789317	-0.0100706808667286	0.0123640841207382
438	0.0238202510102691	0.0206431736291941	0.00226139041429833
439	-0.0165512945929906	-0.0130477302878949	0.00858081378266001
44	0.0228159650160123	-0.0139553624024433	-0.0151359140208462
440	0.0230677687609672	0.0200407163787276	-0.00100385092206741
441	0.0167505195522113	0.0331166191349817	0.00281333917943205
442	-0.0265799735105033	0.0116295913122684	0.00283856799496758
443	-0.0275693219449342	0.0101043857959432	0.00763978480799466
444	0.0235689733319132	0.0192730335821996	0.00348528219439675
445	0.0201375486409874	0.0277685413929668	0.0166247691000556
446	-0.0260375101111568	-0.00328397611482437	0.000410779319158823
447	0.0238987944485445	0.0191890072783929	0.00424010563661603
448	-0.018713598643538	-0.0163686621780989	0.0105679342567984
449	-0.0227777303732384	-0.00474832882402968	-0.00723900422118457
45	-0.00162314451420806	0.0261391980616096	0.00560715909731556
450	0.0319505921256577	0.0129874029044619	0.00844643070222587
451	-0.02371193216099	0.000629775553972669	-0.00851098852029227
452	-0.0226112859239314	-0.00368208561292284	-0.00745539433143399
453	0.0282574236701295	0.0053097439703313	0.000554180107726176
454	-0.0272946607700549	-0.0191050293649056	0.00931616303715744
455	0.0306219958062222	0.014752243699306	0.0105811844990162
456	0.0270395219891345	-0.0211994253703842	0.00522898788828176
457	-0.00940633717651501	0.000100994352193587	0.033691268806257
458	0.0307557538311317	-0.00121355644186663	0.000672472001412125
459	0.0290306383473331	-0.0209669601819688	0.0149784572950749
46	-0.00346681511101816	-0.00532874624987257	0.0308062961364948
460	-0.0177485581912434	0.0179547540187348	0.00941044838782339
461	-0.0276952839784503	-0.000647508267068637	0.00319147743689872
462	-0.0291616707794487	-0.00980750343222609	-0.00699880905473444
463	0.0215542305406796	-0.0305060119144902	0.0301729727569579
464	-0.0270982389759648	-0.0112290631562814	-0.00867777759453622
465	0.00367686327550084	-0.0182519337507048	0.0344363004595363
466	0.0246347466101381	-0.0140053474140069	-0.00390406765419101
467	0.00160433440292691	-0.0195612265100874	0.0184695344782104
468	-0.0107819058399744	-0.0461447387437108	0.0208508976103868
469	0.00704328147844228	0.00349912157081686	0.0432037692731838
47	0.0214698833410255	-0.00802713497376107	-0.00438690497092267
470	0.01808776916781	-0.031876913650955	0.0323127250396716
471	-0.0117661846025282	-0.0299010126848586	0.0205969372688688
472	-0.00177189910605871	0.0196307107399185	-0.02067863634454
473	-0.0268233436768461	-0.0131075887729959	-0.00271127828438315
474	0.0147226325443182	0.0299388938805747	0.0275850134667447
475	0.0244060287666901	0.0172527228299218	0.00766497291483575
476	0.0141466889949235	0.0295738988664961	0.0262033020151583
477	0.0106185417269738	0.00366211933002865	0.0247492085326292
478	-0.0140750184649438	-0.0159713811226679	0.00208855140560513
479	0.025657848292693	0.000490690519092167	0.00421976817639628
48	0.00979649861685983	-0.00143677183349751	-0.00135971414805237
480	-0.00189741770366128	-0.000643677582709418	0.0239663590011037
481	-0.0260854311304797	-0.00827220946926843	-0.00442231603452758
482	0.0288906396742461	0.00341301176053779	0.000810875108999819
483	0.0234968126757978	-0.0117838365806033	-0.000976626036322873
484	0.0245208825807646	0.0171633298272028	0.0145661423797303
485	-0.0251050571947927	-0.00918419201101005	-0.0034888757760894
486	-0.0335490734530231	-0.0180342226417719	-0.00451195018212834
487	-0.0285478455041857	0.00368920417969431	8.03581802674432e-05
488	-0.0315661229222866	-0.0076387703366443	-0.000951982370502451
489	-0.0285422112922535	0.017174149444257	0.00398214486737729
490	0.0147295274632148	0.0313572755731801	0.0279316221297956
491	0.011060428354221	0.0298933895835414	0.0269140475572135
492	0.014753514864958	0.0311960923916671	0.0284918334985692
493	0.0120743518815685	0.0313680877357675	0.0274392728618468
494	0.0151065235669685	0.0305524688646386	0.0274780110182285
495	0.0167206273202586	0.0304861037191184	0.0255939732033147
496	0.0153334586616621	0.0308733104462811	0.0275718729225624
497	-0.0196455965427466	-0.00957313974230298	-0.01718868665472
498	0.0153814903688303	0.0303281662582948	0.0275426330150908
499	0.0147781813143887	0.0304986965461493	0.0274208043726072
50	0.0223941279305431	-0.0100788514481557	-0.0154897289326367
500	0.0152185583117298	0.0309837219961517	0.0277135264534467
501	0.0148090064005892	0.030669894651589	0.0282828259671729
502	0.0146531606570007	0.0304492995081995	0.0273653369720559
503	0.0142234500370739	0.0285596292867874	0.0251688824805929
504	0.011295424064564	0.0319224168908671	0.0278794110504225
505	0.0142673323764146	0.0311746944657812	0.0314010712521602
506	0.0148746434888336	0.0316884435850639	0.0307805833570258
507	-0.0314443390812726	-0.00431662039958606	-0.0121432906726942
508	0.0126948648471162	0.0298519906909389	0.0301776530256853
509	0.01472440576915	0.0304061994378633	0.0274395283179182
51	0.0232046579406369	-0.0083407451334373	-0.0153235345310215
510	0.0157418760326128	0.0310712756454567	0.028174621519081
511	-0.0275345473205991	-0.0117380593065779	-0.0105734043655282
512	0.00047122158697377	-0.00484952317119877	-0.0365208033460637
513	0.00667988413522884	-0.0283759101128498	0.0122524386215293
514	0.0332325538643266	0.00951565755564046	0.000238347952425553
515	0.0226568470193512	0.00245854506850292	-0.00679633119788178
516	0.0231157598121827	0.00443407955724965	-0.00489562991167939
517	-0.0226101548942288	-0.0201244602087034	-0.00660369196953931
518	0.0243459403260441	0.00127127880114645	-0.00382234677702843
519	0.0186041404660766	-0.0205246245540511	-0.0106650720008785
52	0.0214399005520654	-0.00606038601435727	-0.0281581191134678
520	-0.0265191498237378	-0.0108610436945472	-0.00431689546968548
521	0.0261011616516561	-0.00202816857868879	-0.0205811476943252
522	-0.0259441547672492	-0.0185052101558982	-0.00567766414784549
523	-0.0264415487235434	-0.0114403020345504	-0.00272931990208965
524	-0.0267478859085959	-0.0104489953966644	-0.00430913877482372
525	-0.0270334331483306	-0.0105431076196436	-0.00300223331811045
526	0.00212813859165087	-0.00500575559389296	-0.0361134383134547
527	-0.0217385012222271	-0.0243282391433858	-0.0086987776348061
528	0.008354103209129	0.0279814260873662	0.0255582284190216
529	0.0141243299967476	0.0281303095924288	0.0248152644047312
53	0.0166805815287715	-0.0108878342184053	0.0237633395809481
530	0.0136026501862858	0.0286726109693752	0.0259105648106782
531	0.00148993988606017	-0.0487501448564865	-0.011526301588678
532	0.0139215265160883	0.029051140374623	0.0258914360091014
533	0.0140854140664236	0.0294632029788147	0.0261402712072966
534	0.0142932454354339	0.0296688575137179	0.0263082075223911
535	0.0139250031590958	0.0297214975042694	0.0267434571660121
536	0.0120760367876411	0.0292639921654381	0.0262522379746925
537	0.0116378099928707	0.030014441205541	0.0265862191905957
538	0.0112089305593151	0.0296670353998413	0.0276187548592903
539	0.0144721014158653	0.0311685506259901	0.0280676841790113
54	0.0229360566681036	-0.0108374511850321	-0.0151750286687436
540	0.00794990341668987	-0.0401165795147099	-0.0111285304383139
541	-0.0259188611430967	-0.0220188508640768	-0.00728637547928757
542	0.00880175899906609	-0.0366230659972014	-0.00970583955811271
543	-0.01239377004208	-0.0112332530824457	0.00631648728737229
544	0.00528421040206055	-0.00615374022907073	0.0185436943336381
545	-0.027186095016501	-4.65001426757125e-05	0.00373179933544282
546	-0.0264720050506383	0.00449583096924725	-0.00504458457469015
547	-0.0201713602363921	-0.0132205419744848	-0.00992145860243072
548	-0.0217061242378933	-0.0135956166801795	-0.018185901611357
549	0.0027593234427606	0.00850663694152046	-0.0126956581807576
55	0.0234099382407638	-0.0101595217142026	-0.0156164590176565
550	-0.0301397914226529	-0.0188045699092707	0.00199388428740828
551	-0.0282674876860337	0.00190487434802793	0.00799125390217436
552	-0.0297902938010766	0.00596302892338378	0.00731032058314162
553	-0.0290626982594004	-0.0115076318471906	0.000825196940912429
554	-0.00935793913655649	0.0104852920169726	0.0222739134354924
555	0.00234609362765707	-0.0132881961105816	-0.00425344881199631
556	-0.00496713078389758	-0.00282721370198858	-0.0366333235015337
557	-0.0295043376472149	-0.0158294727889997	0.0114335948719117
558	-0.0243054718403426	0.0222423027645172	0.00482834324060135
559	-0.0270932137696705	0.0202222801774061	0.0106014174622528
56	0.0329659615115908	-0.00496355190784597	-0.0103448913756855
560	0.00944184655610545	0.0148810298186667	0.0193202984580912
561	0.0304203004514122	0.0106189908876553	0.0154546681002952
562	0.0149431727287306	0.00492791339093869	0.0220994299090814
563	0.0193822689653507	0.00695178759083986	0.0223514921334209
564	0.00994498511737237	0.0109092305211135	0.00786881137280603
565	-0.00303486773166758	-0.0145439152990224	-0.0313570803949149
566	-0.026252021978458	0.0125841377585812	0.0237816927871229
567	0.0186388526886804	0.00196193458186653	0.0230417045305136
568	0.0406203398020034	0.00164950208712306	0.000757948203703647
569	0.0130880159998415	0.00859384245535153	0.0272611356531236
57	0.0255630574983007	-0.0217346724540356	0.00304141940419514
570	0.0133438082174133	0.00582290894068662	0.0242417649617933
571	-0.00761982467234421	-0.0420118797719962	-0.00367377171357892
572	-0.0164844529798155	-0.00901796064311644	-0.00480649157148757
573	0.0241559457655886	-0.00880667561809623	0.000517898204652693
574	0.00623150962116952	0.00880755600925052	-0.00310094010674016
575	0.00888672728849535	-0.0124774587674532	0.0164020439263451
576	0.0140996488101119	0.0300332859151626	0.0277193598509608
577	-0.00900918058542893	-0.0439173627680233	-0.00549539719668438
578	-0.013050178086553	-0.042901930581785	-0.00668810446949663
579	-0.0136793996796312	-0.0424531951737095	-0.00496582172908026
58	0.0327126145431089	-0.00667739949148597	0.00593046974684158
580	0.0310575480204479	0.00571560024111676	-0.0117445511647672
581	0.0184444669210435	0.0223291897402743	0.000680626579476579
582	0.0131045537151226	0.0275586181606228	0.0245969562622893
583	0.0131384305476799	0.0164087024697743	0.00124701231569395
584	-0.00888886790655692	-0.0452708658419024	0.00876764269908862
585	0.0225625019976745	0.0196234966756695	-0.00183341758204027
586	0.0146908478167248	0.030500068794932	0.0245438002578167
587	-0.0219123731700335	-0.00213718996884962	0.0117699955289025
588	-0.0226567891302966	-0.0027962641402333	0.00808122890752315
589	-0.0205288885079585	0.0243659085136772	0.0149137509458653
59	0.00365612524809914	-0.00422407911941302	0.0317824566989304
590	0.012685140850238	0.0262430603195024	0.000772894884079083
591	0.00330537214682102	0.0187844962034242	-0.00274719856118755
592	0.0271237021933555	0.000257488722066432	-0.000390134137337938
594	0.0187329362210404	-0.0351373182898603	0.0261176828017006
595	0.0143638098030782	-0.00921641115885871	0.0215848226880527
596	0.014463860124609	0.0290380859079707	0.0259506410828376
597	-0.0196679610163822	-0.00945508088328344	-0.00977832468205986
598	-0.00994804670350877	-0.00207688771281333	-0.0403032818645921
599	-0.0239452972036169	0.0119389817354093	0.0177688633716981
60	0.0231745838123991	0.00581798706924889	-0.00969958414929067
600	0.0150167316777347	0.00143506582107592	0.0259084715481068
601	-0.0203613561235269	-0.0240673084368007	-0.00643931840133322
602	-0.0293805196450669	0.00298598077601954	0.00273991671431925
603	-0.0308864370225834	-0.00537653931916982	0.00338395380272878
604	-0.0294688794128271	0.0102255935176547	0.0039130743543652
605	-0.02857956675392	0.00741317415765325	0.00622298441203845
606	-0.0240824891179125	0.00682055301436464	0.0106738286134875
607	-0.0284562816451348	0.000804885156107666	0.00166729001476583
608	-0.0277045788661359	0.0117325770540885	0.00685668991345936
609	-0.0274970599328835	0.0100480977715133	0.00555948779338744
610	-0.0283018341386296	0.00962490065392612	0.00660904643683931
611	0.00866646474295868	0.0218972125272674	0.0189463202454857
612	0.0244281078207076	0.0025719774859775	0.0133390412526874
613	-0.0319046955694533	-0.00121956685759054	-0.00651255276576129
614	0.00811843205457838	0.00370744964674653	0.0249262006152667
615	-0.0257037515829225	-0.000978150607893558	0.00454844156710609
616	-0.0264094612273523	0.0123559486398405	0.00434336627056621
617	0.0113741290965028	0.0118056323696182	0.0189164372786931
618	0.0238239522846568	0.0065105768465307	0.0091664814617031
619	0.0228628101286821	0.00434558848436829	0.0220051509826481
62	0.0237605305348467	-0.00937550698868998	-0.0115067753049058
620	0.0147663453854663	0.00859294055915123	0.0230758556522556
621	-0.0190368309448459	0.021382246396701	0.00379685234925821
622	-0.0213260321161657	0.0202077126086269	0.00320098098514713
623	-0.0282443071724879	0.00228479978435125	-0.000325876852696909
624	-0.00998289766184446	0.0262031266071463	0.0103891532493161
625	0.0205913722198815	0.0105257331522523	0.0266062825298473
626	-0.0189581776164043	0.0190065077354514	0.0166049778260371
627	0.0261409882793698	0.0114227515712549	0.0220538966566336
628	-0.00588969304331093	-0.0329030730331093	0.0242928271160659
630	0.00146063572407491	-0.0388123086112984	0.028665661403868
631	0.0273282804881905	-0.0296718498892545	0.00694949394420242
632	-0.0195160415317722	-0.0219264804434419	0.00905467483606703
633	0.0135056834390082	-0.030822654219728	0.00614081317258186
634	0.0138671136992926	-0.0260176697410177	0.0116515520634829
635	-0.0212587971433266	-0.011036625564505	0.00146135210417622
636	0.0308093508281597	0.0160707851276052	0.0140149059701894
637	-0.0259417725579472	-0.0108539429290218	0.0119689742076983
638	0.0252528739375353	0.0216357595851127	0.00889283617394075
639	-0.0250492436203823	-0.000484985535371747	0.0166575394960909
64	0.0282309563014291	-0.00673149651567468	-0.00729383504124714
640	-0.0234222828669181	0.00300624500129368	0.019533011713632
641	-0.0222364549883664	-0.0112736571285096	0.0245318279394735
642	-0.0309452109022181	-0.0112743680538727	-0.0071721373469556
643	0.0207037140453426	0.0073368160578355	0.0184410471044088
644	-0.0276158680386874	0.00542752760295774	0.00272504379395839
645	0.0194921185826917	0.004474772113389	0.0219341836968266
646	-0.0131508933450171	0.00833570962769064	-0.00554646241268487
647	-0.0033868850452475	-0.0019315157213215	-0.0382868188887398
648	0.00189147091663628	-0.0294649295197669	0.0315358098579227
649	0.021804458950148	0.00643631127003988	0.0225122984670522
65	0.031837535089035	-0.00358089207199805	-0.0114429239974725
650	-0.0199701487598344	-0.0144748391553222	-0.0111140363439016
651	-0.0180995795575932	-0.017221035174767	-0.0105043154533757
652	-0.0201790275915072	0.00764749371755348	-0.0171462217956745
653	-0.0219005475160222	-0.00534442085483945	-0.0160246239248787
654	-0.0244575664484197	0.0218283932725689	0.0218856793455791
655	-0.0293951314067086	0.00438229506486027	0.00958316761807054
656	-0.0154864712939943	-0.0146576311862145	-0.0152952332924403
657	-0.0245953792082318	-0.019955824091466	-0.00780606752713824
658	0.0154155422512909	0.031342026186101	0.0287767925484088
659	-0.0177509871251508	-0.000766236498791106	0.0238317917152853
66	0.0382046851221855	0.00332769327691188	-0.000424102367787512
660	-0.0262078615627668	-0.0190357026696351	-0.0063818905679602
661	-0.0133674111195177	-0.0255612766068049	-0.0190182272254284
662	-0.01750577194834	0.0229164110823097	0.00241089149584617
663	-0.0288768947178281	-0.00791911663533259	0.00104151684716634
664	0.0135844374359458	0.0283375980443248	0.0254550524517376
665	0.0142558898551317	0.030617863692909	0.0284188460272287
666	0.0156026312286637	0.00674194434666269	0.0229502899697267
667	0.0268436567686146	-0.000863512883193574	-0.00158899122281139
668	0.0233467039495584	0.00154386134248159	-0.00683905008113585
669	-0.029709818341549	0.0210857005837565	0.00422336149666719
67	-0.0172822602687463	-0.0143190893912331	0.0117482671559009
670	-0.014776491768666	0.0233370442384444	-0.00269330312608804
671	-0.0174599214226953	-0.00217197668468924	0.00566308847293621
672	-0.0244950627099544	0.00698924054038918	0.000473792474244301
673	-0.0198549325594672	-0.0309162953502831	-0.00575386271764563
674	-0.025991327177087	0.0103697100297379	0.00811419841917621
675	-0.0194092257352336	-0.0145798450849069	-0.00842890555038486
676	0.028784515995526	0.00158755948148912	-0.00184547669024619
677	0.0299875430732013	0.00452474438926368	-0.00418372726077743
678	-0.0284805384302549	0.00270573941933839	-0.0130986821049826
679	-0.0259772448967652	-0.00125674746173211	-0.00399034068906141
68	-0.0156135374073371	-0.0179612715113266	0.00675445533470117
680	-0.0110862063181831	-0.0365382497389506	0.00289099083373168
681	-0.0122016831454601	0.0180515727210126	0.0113146411773637
682	-0.0119883582577652	0.0175194662085849	0.0115952722143121
683	-0.00875082810921889	-0.0381785884535153	0.00373127844052253
684	-0.00965277656275655	0.0158379939537359	0.0131535706256672
685	-0.0117245634184926	0.0164385824013132	0.011845291533828
686	0.00489241639340511	0.0183813038340976	0.0389423980691505
687	-0.0105848581579058	0.0119207970600998	-0.0373717302563414
688	-0.0105988166673385	-0.0374002573218168	0.0205347467158025
689	-0.0264097824816849	0.00258794753923339	-0.0017552791199797
69	0.0257045770785556	-0.0149191671679342	-0.00816466631236622
690	-0.0275395489918758	0.00215597239070733	-0.000729521867690949
691	0.0200806372764185	0.00727192562794874	0.0469049124460269
692	0.0214310969072894	0.0183832064232397	0.0345642625837961
693	-0.0092203771537637	-0.0377793048722655	0.00817693736154015
694	0.0311729063407203	0.00846736568000254	-0.0171741103293748
695	0.0102162966701494	0.0232412547722601	0.0199819835997935
696	-0.011466019572385	-0.0367069224195009	0.00659823653184733
697	0.0140375179428742	0.028902201363866	0.0260121247900403
698	0.0148207722039981	0.0308170558716902	0.0283657516523815
699	0.0143386644114919	0.0292010432154025	0.0262691799818701
70	0.0135844862415814	-0.0230289222119353	0.0156396676528543
700	-0.0280458529384738	0.0173766888918281	0.00717821848647858
701	-0.00924287408053117	0.00697324830503701	0.00934743918458958
702	0.00316862801455397	-0.0355520752509602	0.0249631564336466
703	-0.0286643173123527	-0.0105465912209353	0.0207508336077521
704	0.0332221345844116	-0.001125239717954	0.0212979390028358
705	-0.0249133666343171	0.0123217758508312	0.0251877460626343
706	-3.39794535467757e-05	0.0216698858024609	-0.017201975873609
707	-0.00143657825279583	-0.0378134776154467	-0.00294051058740156
708	-0.00128552488778166	-0.0379092229732722	-0.00287680299055771
709	0.0205775179056797	0.0018489144517194	0.00603017469454838
71	0.0315492833350146	-0.0140877428651031	0.00911630133024926
710	0.0189517367550641	0.00601513657161976	0.00368105594046891
711	0.0164577745302159	-0.00986834485153719	0.00715268495924627
712	0.0137227978054727	-0.0291959681737916	0.00521354671701753
713	0.00649346863706837	-0.0185258985025062	0.0134398052140507
714	0.0139881447442608	-0.0248993409440752	0.0146774253596418
715	0.0205076931838896	-0.0211578365808303	0.0117746680312631
716	0.0148559785227291	0.0179049759537101	0.00537830198848126
717	0.0239096426917417	-0.0289330676702424	-0.029564470923367
718	0.019585543636573	-0.00187174760939304	0.00962820194187073
719	0.00961544791691519	-0.0056875545583437	-0.0182155619849641
72	-0.0228383453618352	-0.00866825255042644	0.00327752666413431
720	0.0197966697294838	-0.00303965036745426	0.0115287287034679
721	0.00734851686344335	-0.0138428292383323	0.00623637296332198
722	0.0140546727575391	0.00357923445371571	0.0145445243077533
723	0.0175660507123968	-0.0305655850873924	0.00560549259655138
724	0.00879748519723822	0.010264903649937	0.00778790285956897
725	0.0199730658866007	-0.0200386308844838	0.0153734920836084
726	0.0218965610672425	-0.028870040683528	0.00524922640079371
727	0.00676405073110132	-0.032553531778375	0.0172418058222911
728	0.0114984720996775	-0.00275190793480133	-0.0028025408541501
729	0.0103150677183254	-0.0201963571583711	0.00470544142309556
73	6.71431231501358e-05	-0.0308568779976323	0.0288513206640019
730	-0.0216443090626916	0.0034685081295522	-0.0206727189455815
731	0.00651998092363204	-0.0345172931166177	0.00560785984515525
732	0.0187013128207353	-0.0222497253174113	0.00791747995928032
733	0.0144176076255494	-0.0163031121979579	-0.0229145441733479
734	-0.0215227351357666	-0.00465455905903373	-0.00270564967885535
735	-0.011832535527034	0.0286795052154854	-0.00404356753228065
736	-0.00459708215903766	0.0115120103581235	-0.00722172054985913
737	0.0144990070096169	0.0151254717641906	0.0134684871963636
738	-0.000716335755645887	-0.0250771485819157	0.0292431301085897
739	-0.0153149941897032	0.0137412246619676	0.00408740138521384
74	-0.00226130766800592	-0.0217339733864112	0.0273437266995932
740	0.0263202980019918	0.00173706774437821	-0.0115393159210968
741	-0.00170876840773419	-0.032272929909218	-0.00431810301741548
742	0.0171122827450666	0.0309800102149033	0.00762318697790535
743	0.0269373746265501	-0.000478021566669058	-0.00495192482814553
744	-0.00845852906084097	-0.00745290545295607	0.0165415039748778
746	0.0282565802272791	-0.000298615100629872	-0.012169633493387
747	0.0132452591663948	0.00935033315408684	0.0231816857526316
748	-0.0254644586041236	0.0055792743609447	0.00611332656294273
749	0.015306512937849	0.00787347198064822	0.00836006920289283
75	-0.00163251033665831	-0.0214843151725193	0.0275487055517325
750	-0.0159552395593565	-0.0143892401538121	0.0162347063042138
751	0.0034923562891458	-0.0118754193497314	0.0387683169046592
752	0.0102634823626936	0.00875618950174585	0.0451022223846813
753	0.0287996395752515	-0.00344558678024513	0.00541800115232483
754	-0.0227883017899501	-0.0352056560368238	0.000203271340410567
755	-0.0225734289539488	-0.0104775679103138	0.00666086942545226
756	-0.00135983044637105	0.00258810563515671	0.0134771730405509
757	-0.0177526818110627	-0.00507157093155923	0.0130377592947023
758	-0.0137519567568981	0.00751874085292364	0.0192685396564047
759	-0.0182637868294176	0.0125777499499722	0.0145492563846853
76	0.0182395327201042	0.0119909416579218	0.0165977240047962
760	-0.0115662296239435	0.0208083665733152	0.038935227935821
761	-0.0165116899731426	0.0194115343486987	0.0159279841364762
762	-0.0140040924147513	0.000913140377687468	-0.00172266067523121
763	-0.0182907953430435	0.0192063680874499	0.0230227560921033
764	-0.0188330935580448	0.0192796279496903	0.0103425518816532
765	-0.01996628415191	0.00238517602434645	0.0125755917130416
766	-0.0132552269839059	-0.0329799737232692	0.00428426547783576
767	0.0161734801778134	0.0249136310288563	0.0253909898394082
768	-0.0247403873699196	-0.00759225836422212	0.00363406914487703
769	-0.0174179937152555	-0.00651977672570793	0.0235334223792966
770	0.0212091011457089	0.0190716015097342	0.00754352638228022
771	-0.0173309909962373	-0.00690024328111677	0.022941073305806
772	0.0117983341029289	0.0223526694166785	0.0106086630980313
773	-0.011048176478553	0.0151534035344064	0.01151067365849
774	0.0144990070096169	0.0151254717641906	0.0134684871963636
775	-0.0278767064908832	-0.0016697275160922	0.00614280115457158
776	-0.0220742215522688	0.0172644223138493	0.00697708351472985
777	0.0139159392140288	-0.036670146475544	-0.000805081056565663
778	0.0237412697312525	0.0140756618594866	0.0179378296423771
779	0.00300824913551012	-0.0104648794087814	0.00466570057968663
78	-0.0100860996454379	0.0270893312636401	0.0123425571551086
780	-0.0145471606348892	0.0291225554018325	0.0211242878985528
781	0.0207914087831101	0.0181420004698594	0.0163438145270795
783	0.00400404385064834	-0.0444649433016462	0.000650518391134257
784	0.00321611810263105	-0.0442747867244412	0.000975221268493431
785	-0.0268204848835387	-0.00563211090949475	0.000856702359358889
786	0.00885084223517314	-0.0365413149676393	0.0188982295855577
787	0.0329545197602802	0.0102479810444018	0.00720539380419294
788	0.0335674327792155	0.0102673485590402	0.0060812274765524
79	0.0368743849731814	-0.000283323747184183	0.00156423794612389
790	0.0292399451039792	0.0177694470303649	-0.019076580165954
791	-0.000794245572436966	-0.0429839514441009	0.0041654553244387
792	0.0265274675035598	0.00023979901294089	-0.0190252416141278
793	-0.0174053363638108	0.00844549709424268	0.0154255269783073
794	-0.00207353055099741	-0.040911680774959	-0.000357312101710067
795	0.0291449708472448	-0.00275322645314775	0.000886940531039007
796	0.0102187000594012	-0.0452011898484874	0.00197516786667674
797	-0.0016215708977707	-0.00561425475296624	-0.037481880087052
798	0.022743137616854	0.0134340789760354	-0.0240190822801963
799	-0.0279684425939527	0.0110906795943817	0.00116998398212708
8	0.0203974340548378	-0.013397235474235	-0.0302433441264507
80	0.0162447846147712	0.0117031100733403	0.0339803839292237
800	0.0215225346308151	0.00629010766535482	0.0152780454835672
801	0.0203343865548027	0.0107541509211815	0.0162216968062947
802	-0.011953932225361	-0.0124878966244677	0.0325275129347828
803	-0.0232481334469614	0.0121269173021362	-0.00425634144468722
804	-0.0131374693971665	-0.0376127820679821	-0.000968781407132233
805	-0.0146335867330385	0.0201639526358183	0.00583939684874564
806	-0.00654051409835725	-0.0389979308030274	-0.00177198465665045
807	0.000346495922137285	-0.041351483198813	0.00131003090421358
808	-0.00836700892713225	-0.0357224345120388	-0.00251269542701638
809	-0.00725954450534578	-0.037444366162335	-0.00498092397142954
81	0.0318191089094514	0.000505293624524228	-0.00112191557659946
810	-0.0076826093624105	-0.0382516944193871	-0.00775033254787087
811	-0.0106571331281578	-0.0365602067158766	-0.00456347936843299
812	-0.0082232492774312	-0.0384016125092731	-0.00722940799560771
813	-0.0145991936104259	-0.0178113221901463	0.0231388667128311
814	0.0101702835713616	-0.00205692820163469	0.0210088013862453
815	-0.0144110203481341	-0.016740971379476	0.0267812611513071
816	-0.0107189423614195	-0.0393123437607127	-0.00463678414810463
817	-0.00607358022545714	-0.0393497132314329	-0.00669068586683183
818	-0.0124982903682614	-0.0345886529403174	-0.00633868973795512
819	-0.0119625672701766	-0.0367203009282263	-0.00597954354554753
82	0.0251803946183286	-0.00397995047121632	0.0174131461807066
820	0.0233855793974797	0.0167719182122125	-0.0210076576079887
821	-0.012309908904966	-0.0378933012040865	-0.00626901178090417
822	-0.00881254760170618	-0.00475993501388502	0.0311042241414644
823	-0.0227596182843439	-0.0350471318431429	0.000658758359193569
824	-0.0262683353441001	0.0158129106308596	0.00798318587160828
825	-0.02754596404014	0.0157947812668266	0.00723615050697319
826	-0.0251674334076323	0.0183023791508343	0.00575064942540465
827	0.0226743998991838	0.00356444250638949	0.0118433317250802
828	0.00989002123396557	0.0137180552464036	0.0112578894084928
829	0.0104011749148641	-0.040724498191607	-0.00148091294976237
83	0.024087968258261	0.00422470096339151	0.0218338229336842
830	-0.00644350373895076	0.0149035675823846	0.0253733115177285
831	-0.0297260252692368	0.00852431773313517	-0.000133727030359815
832	-0.0267182790100046	0.0117918112428437	0.00114520758120563
833	-0.00770743963025516	-0.00467209089785984	-0.0394062133383547
834	-0.019316944222482	-0.0371357649252818	-0.00480552865333573
835	-0.00856274280606361	-0.0162432819796814	0.0288067727947274
836	-0.00887275979387042	-0.0135251404547359	0.0261902726702826
837	-0.0192357796882552	-0.0280203013797802	-0.00493623518191894
838	-0.0106627978198053	-0.0374639311589128	-0.00617238354879847
839	0.018607518719135	0.0176149750998259	0.0236085925973233
84	0.0257706158198922	-0.00209839134378551	0.0185542954575937
840	-0.0011280713439757	-0.0377309080238239	0.0159600916462839
841	0.027012182558321	0.0133025054215115	0.0191288482091272
842	0.0289533698937443	0.0180505028179786	0.0224691090656667
843	0.0298957922467297	0.0177513160076629	0.0168817964869986
844	0.0262679826904181	0.0143752267922746	0.0191216505726708
845	0.0286120861939439	0.014926518310728	0.0196661800725256
846	0.0196191710069189	0.0149299344577284	0.0231276323555098
847	-0.00713576083932433	-0.0392360234293722	-0.0011975578548102
848	-0.0068503217567539	-0.0403570071940733	-0.00292855342814265
849	0.0276171400578615	0.0161519321412092	-0.00641087944479743
85	-0.00346318143329047	-0.0177157576294801	-0.0353777972258663
850	-0.0137603587299506	-0.0410369533710653	-0.00149359864124919
852	-0.0137452483782859	-0.0395863898114539	-0.0026818230275877
853	-0.0207713873967992	-0.0405977474463133	-0.00748017236586104
854	-0.018173236368614	-0.0409758672218848	-0.00738618330685214
855	0.00794117957734648	-0.038743065986648	-0.0134753429912512
856	-0.00884586671404801	-0.0372801632447468	-0.000788871526222876
857	0.0180145710100771	0.00605905342981177	-0.029504108558611
858	0.00446849434827855	-0.0362311619332667	0.00540282152152247
859	-0.0203882919055108	-0.0396020344887293	0.00311818984099709
86	-0.00193450998422327	0.0134809753229845	-0.00866725175704208
860	0.016383575125745	0.00435758641351109	-0.0310191810853625
861	0.0232629614185791	0.0300356764853461	0.011389582342289
862	0.0125598710209399	0.0163545954523042	0.0126506458077893
863	0.0144990070096169	0.0151254717641906	0.0134684871963636
864	0.0131011959085415	0.0155955771627223	0.0163543415812297
865	-0.0177464818938946	-0.0274990614921354	-0.00834367493818043
866	0.00602603995690569	0.0174639503908291	0.0163753934513517
867	-0.00167944818365223	-0.00559885774172564	-0.0414379517713083
868	-0.00291547217629835	-0.0414881546647487	-0.0004746055189036
869	-0.00234013734404286	-0.041962263786477	0.00567138693625008
87	-0.0166065760719415	-0.0014621380007484	-0.0248822282853175
870	-0.0167840294826813	-0.020767702904673	-0.00665593732174923
871	-0.0133258390118046	0.0044273740202085	0.00470535201920804
872	-0.0282714898499478	0.0183373430185737	0.0108926843112738
873	-0.0255464421849776	0.00981378102888473	0.00722150843119557
874	-0.0263249913093824	0.0155823832226519	0.0122514059525668
875	-0.0229375855235271	0.0186368111843042	0.0101314907621932
876	-0.017930949024187	0.00932536414093424	0.013490046799987
877	-0.016454303389227	-0.00324940111000455	-0.0102642308360855
878	-0.00338008575274189	-0.0418873726207554	0.00477318219734388
879	0.0211871052818336	0.00536050412181001	-0.0153535780838772
88	0.0219166508708198	-0.00694225535902937	-0.0194763558523778
880	0.0228267919451727	0.00318890326783813	-0.00849690698503935
881	-0.0188446828027572	-0.0197609295766723	-0.00867707843550033
882	0.0225722454247351	0.00889788722668338	-0.0119765505534689
883	-0.00529859437296298	-0.0417879908095381	-0.00253914541271061
884	0.0262458504767974	0.0178324121139516	-0.0204323585194958
885	-0.0203743740359074	-0.0214931530114681	-0.00845615680037249
886	0.0283255198994555	0.0122183630332139	0.00772927812874305
887	0.00826906052991499	0.0278144687674417	0.01563136962013
888	0.0215562755327021	0.0117596386969646	-0.00867896255788098
889	0.00221913743777927	-0.0147453135640805	0.0317094002962894
89	0.00701318352475813	0.0335064788685258	-0.00484928030567061
890	0.00177925000616709	-0.015459290411735	0.0313169088035116
891	-0.00734111796205203	-0.0425085484348813	-0.00120131568072414
892	0.00619604916325371	-0.0447873604568387	0.00086724360005836
893	-0.00442465107350527	-0.0419388876859128	-0.00221513645899983
894	-0.00365441586946906	-0.0422316860479602	-0.00181359524804196
895	-0.0113597173223761	-0.0399203633366448	0.00078958090896851
896	-0.000422264663387745	-0.009433511844022	0.0247447053115996
898	0.00216209775399558	0.0036380260937377	0.0128168932484472
899	0.0326733859209228	-0.0185565473128932	0.00221755996365088
9	0.0255737869625567	-0.0140625955898373	-0.0148785188059415
90	0.0341717139853683	0.00135622266135487	-0.00668898853958718
900	-0.00687705466794092	-0.0422555307182631	-0.00179924016262842
901	-0.0125863865839438	0.016743092873405	0.0175849916909905
902	-0.00865666258515602	-0.0432604768560055	0.000105190798974325
903	0.0141475414232287	0.0230729177805835	0.022718611752096
904	-0.00510355000046545	-0.041507212724167	-0.00225730724334386
905	0.016383575125745	0.00435758641351109	-0.0310191810853625
906	0.0173200557119001	0.02766151010604	0.0150799176464239
907	-0.00316218433273645	-0.0421836055509323	0.000769390364142116
908	-0.0264085224181826	-0.0271948988421332	-0.00885519202998488
909	-0.003869644775476	-0.0420919645812583	-0.00228877564811647
91	0.0277476887663706	-0.0128838540790739	0.00368206230966303
910	0.0212147828289297	0.011593446524502	-0.0255489698513446
911	-0.00194202211961511	-0.043065956566925	-0.00106156908869467
912	-0.0131508933450171	0.00833570962769064	-0.00554646241268487
913	-0.00122866670429616	-0.0427146177930584	-0.001880167750314
914	0.0257435460235885	0.0113738264842439	-0.017555526967008
915	-0.00118477094348325	-0.04384544030977	0.00148175553532829
916	-0.00905170508983718	0.012850348580213	-0.00884164235079765
917	-0.00897069365719058	0.013376123590997	-0.00927545217092597
918	-0.0088808413531175	0.0134064704396951	-0.00936468205905744
919	-0.00752030261462416	0.0138112149129049	-0.0110191484629104
92	0.0145657828796104	-0.00288152470385374	0.0132447082984735
920	-0.0118877338177358	0.0113489704279891	-0.00444644753525716
921	-0.0132951149252294	0.00965810366684157	-0.00349879380762993
922	-0.00945149229730977	0.0130572902713955	-0.00767616790286255
923	0.0262689208890275	0.027737010390029	-0.00921056221058679
924	0.0274222728957877	0.0218308400204842	-0.00266993264793934
925	0.016383575125745	0.00435758641351109	-0.0310191810853625
926	-0.00919873447668271	-0.042295758997886	-0.00179392316471974
927	-0.0098991402398897	-0.0423166653717697	-0.0018375282725021
928	0.0255171357144168	0.0189842439960688	-0.0202538945623786
929	-0.00954114500656566	-0.0416789936309752	-0.00251776132137305
93	0.0138854366064796	0.0162165743308016	0.0309991475676399
930	-0.00736933105068712	-0.0418838526144362	-0.00321384745377123
931	-0.00403552604297828	-0.0421050405234766	-0.00237601899980737
932	0.0255671658102648	0.0160851211362368	-0.00750734005721142
933	-0.0294236677466366	0.00346022955065362	-0.00510759106670831
934	0.0198928244535817	0.0100076271512121	-0.0268694601112312
936	-0.00739439677379947	0.016988620254752	0.021110826493918
937	0.0248248909515205	0.0171720116644176	-0.0213846053734706
938	0.0252745961456896	0.00863078638963723	-0.0166034411283699
939	0.0320147364093036	0.0127137003993343	0.00413597328391701
94	-0.0112764637424934	-0.0119508545913437	-0.033612611875182
940	-0.0227297823424343	-0.0386410628268806	-0.00168707665151712
941	0.02669533856928	0.0277986383983082	-0.000473695526567762
942	-0.0254641984690394	0.000793828692405235	-0.0118265239496509
943	-0.0212109836053053	0.0202453392126007	0.0187228174281055
944	-0.0351667516465267	0.00378286198516627	-0.00324387569784334
945	-0.0168137399329401	0.0295318786908818	0.0158622761825437
946	-0.0175438373027124	0.0304763627544035	0.0165619160790946
947	-0.0182827238544496	-0.0397090012917381	-0.00287155215104468
948	0.0184612339702982	0.0113305631962555	0.0119783384565952
949	0.0121369840101753	0.0360111546692429	-0.00492056236999206
95	0.0109055345551909	0.0131433759398638	0.0317565670004008
950	-0.00805448793225132	0.012208155104501	-0.0364253067492881
951	0.0123217934633004	0.00696589005947343	0.0421232630078647
952	-0.0249381139187409	0.0150819638532986	-0.0079156886667756
953	0.00672926339286149	0.0299524818825386	0.00689739596988537
954	0.016383575125745	0.00435758641351109	-0.0310191810853625
955	-0.0135003754441712	-0.0394090743952936	-0.00418012046391379
956	0.000337500775323541	0.0200799358074864	0.0174637482621077
957	-0.0162435750964358	-0.038599551973092	-0.00703786779360452
958	-0.00768828799901594	-0.0377743444702172	-0.00162614400674789
959	-0.00509305045671647	-0.041254034868093	-0.00422427466421964
96	0.00378151278309899	-0.0387675277929101	0.0297105070933046
960	-0.0159489983913032	0.0248075169822066	0.00196476893453278
961	-0.0115819968769375	-0.0388775922822438	-0.0054870390276414
962	-0.0139948910737016	-0.0381865623375979	-0.00627129569080399
963	0.016383575125745	0.00435758641351109	-0.0310191810853625
964	-0.0126762392469241	-0.038143440749608	-0.00525571563586919
965	-0.0117674862953474	-0.0384128819254433	-0.00525741161777088
966	-0.0100898544993479	-0.0388783786642563	-0.00491087458349117
967	0.00194684778499278	0.0269097759636911	0.0384881199789565
968	-0.0162416612301464	-0.0381306515074073	0.00159108516893344
969	-0.0267477241356432	0.0205910340576354	0.0105678108990544
97	0.00908911806842038	0.015885663201528	0.025296494981858
970	-0.030261282419731	-0.00220152752668119	-0.00620970344632691
976	-0.0357389032798018	-0.000332314179851884	-0.00481160873928656
977	-0.00702252861689805	-0.0380549503311702	0.000882347168988707
978	-0.00998140058768285	-0.0373694662103496	0.00190438148958576
979	0.00728924414377781	-0.0373836561376014	0.00702653996485341
98	-0.0168707215486648	-0.00684583878794802	0.0237016568623446
980	-0.00715176123971605	-0.0395226814279923	0.00571400004743097
981	-0.00456192632252741	-0.0381425315735575	-0.00167773064876335
982	-0.000974839745264945	0.00893848386883806	0.0138408464142516
983	-0.00630003129247648	-0.0396885848864777	0.00270113585606987
984	0.00440192249482491	0.0150117042309413	0.019043097245697
985	0.000171973537533776	0.00766720146494377	-0.0405208877573558
986	0.0255024876725308	0.0186615733507881	-0.00770682199769612
987	-0.025830141371805	0.00102578204323401	-0.0119808624042432
988	-0.00810794963271903	0.0313577262226268	0.00793412252827947
989	0.00131535602357107	-0.0407787533084803	0.00276826892298799
99	-0.00967799933691648	0.0218987748641674	0.0237466608231862
990	0.000230447068542847	-0.040522211475575	0.00360862723658523
991	0.0173424145027754	0.00658451005986465	-0.0295797231586459
992	0.0141363674735594	0.0361832399522009	0.000758219714217857
993	-0.0323123343350099	0.000290941596314711	-0.00487758820726251
994	0.00483872275065285	-0.042076112493396	0.00526706051004094
995	0.0151409558615199	0.018283349622141	-0.00130111539723636
996	-0.00151644435870356	-0.0401232182432844	0.00224186264862758
997	0.0198632471741016	0.0147001839149778	-0.00480258340942685
998	0.0161837709617467	0.0212271490674974	0.0216390902821787
999	-0.00238247709563815	0.0238341081572854	0.0179708686957926
