data_source	npc_level	npc_term	npc_label	feature_id	higher_mean_group	lower_mean_group	mean_difference_max_min	abs_mean_difference_max_min	average_intensity	median_intensity	mean_pet	median_pet	mean_ps	median_ps	mean_untreated	median_untreated	contribution_fraction_of_term_difference	cumulative_contribution_fraction	average_intensity_fraction_of_term	feature_id_full_annotated	sirius_chebiasciiname	sirius_name	sirius_adduct	gnps_component	canopus_npc_pathway	canopus_npc_superclass	canopus_npc_class	canopus_npc_pathway_probability	canopus_npc_superclass_probability	canopus_npc_class_probability
raw	superclass	Aminosugars and aminoglycosides	NPC superclass: Aminosugars and aminoglycosides	2620	PET	Untreated	1712355.63333333	1712355.63333333	2042695.02222222	1013873.6	2726229.23333333	1013873.6	2387982.23333333	1013873.6	1013873.6	1013873.6	1	1	0.668296797713352	NA_[2620_507.31_8.7]	NA	(2R)-4-Amino-N-((1R,2S,3R,4R,5S)-5-amino-4-[(2-amino-2-deoxy-alpha-D-glucopyranosyl)oxy]-2-{2-[(3-aminopropyl)amino]ethoxy}-3-hydroxycyclohexyl)-2-hydroxybutanamide	[M - H2O + H]+	33	Carbohydrates	Aminosugars and aminoglycosides	Aminoglycosides	0.959	0.748	0.819
raw	superclass	Aminosugars and aminoglycosides	NPC superclass: Aminosugars and aminoglycosides	61	PET	PET	0	0	1013873.6	1013873.6	1013873.6	1013873.6	1013873.6	1013873.6	1013873.6	1013873.6	0	1	0.331703202286648	NA_[61_524.34_0.6]	NA	N,N'-Pentamethylenebis[2-[(2beta,3alpha-dihydroxy-4beta,6beta-diaminocyclohexane-1alpha-yl)oxy]acetamide]	[M + H3N + H]+	-1	Carbohydrates	Aminosugars and aminoglycosides	Aminoglycosides	0.943	0.836	0.896
raw	superclass	Carotenoids (C40)	NPC superclass: Carotenoids (C40)	539	PET	Untreated	5661559.33333333	5661559.33333333	4359729.24444444	1756578	7362613.2	8783649	4015520.66666667	1264685.4	1701053.86666667	1756578	0.423801662611056	0.423801662611056	0.174111699337841	NA_[539_583.51_2.1]	NA	Heptatriaconta-9,28-diyne-1,19,37-triol	[M + Na]+	108	Terpenoids	Carotenoids (C40)	Apocarotenoids (β-)	0.982	0.766	0.122
raw	superclass	Carotenoids (C40)	NPC superclass: Carotenoids (C40)	528	PET	Untreated	2951240.5	2951240.5	3633669.44444444	2670608.5	5419400.63333333	6740531	3013447.56666667	2052528.4	2468160.13333333	2670608.5	0.220918046959457	0.644719709570513	0.145115516659758	NA_[528_607.51_2]	NA	Defuscin	[M + Na]+	108	Terpenoids	Carotenoids (C40)	Carotenoids (C40, β-β)	0.979	0.785	0.295
raw	superclass	Carotenoids (C40)	NPC superclass: Carotenoids (C40)	1453	PET	Untreated	1072979.8	1072979.8	3576452.91111111	3590058.8	4266664.76666667	4360256	3269009	3287900.5	3193684.96666667	2795335	0.0803189715792219	0.725038681149735	0.142830496813266	NA_[1453_649.52_5.5]	NA	1,3-bis[9-(2,2-dimethyl-6-methylidenecyclohexyl)-3,7-dimethylnona-2,6-dien-1-yl] propanedioate	[M + H]+	141	Terpenoids	Carotenoids (C40)	Carotenoids (C40, β-β)	0.998	0.991	0.725
raw	superclass	Carotenoids (C40)	NPC superclass: Carotenoids (C40)	1494	PET	PS	791706.633333333	791706.633333333	2363405.3	2576139.5	2847828.5	2849185	2056121.86666667	1891613.6	2186265.53333333	1793017.5	0.0592639885501865	0.784302669699921	0.0943857955242117	NA_[1494_649.52_5.6]	NA	1,3-bis[9-(2,2-dimethyl-6-methylidenecyclohexyl)-3,7-dimethylnona-2,6-dien-1-yl] propanedioate	[M + H]+	141	Terpenoids	Carotenoids (C40)	Carotenoids (C40, β-β)	0.998	0.974	0.721
raw	superclass	Carotenoids (C40)	NPC superclass: Carotenoids (C40)	2094	PET	Untreated	651238.2	651238.2	2177983.02222222	2268272	2405477.8	2446921.2	2374231.66666667	2268272	1754239.6	2051083.2	0.0487490840713904	0.833051753771312	0.0869807054213982	NA_[2094_739.52_7.2]	NA	1-(docosa-4,7,10,13,16-pentaenoyloxy)-3-hydroxypropan-2-yl docosa-4,7,10,13,16-pentaenoate	[M + Na]+	-1	Terpenoids	Carotenoids (C40)	Carotenoids (C40, β-β)	0.955	0.907	0.384
raw	superclass	Carotenoids (C40)	NPC superclass: Carotenoids (C40)	932	PS	Untreated	617551.3	617551.3	1369179.23333333	1184136.1	1348730.86666667	1444735	1688179.06666667	1780821	1070627.76666667	1013873.6	0.0462274176209203	0.879279171392232	0.054680029342998	NA_[932_670.58_3.5]	NA	1-(3,7,11,15-tetramethylhexadec-2-en-1-yl) 5,5,9-trimethyl-14-methylidenetetracyclo[11.2.1.0¹,¹⁰.0⁴,⁹]hexadecan-15-yl propanedioate	[M + H3N + H]+	131	Terpenoids	Carotenoids (C40)	Carotenoids (C40, β-β)	0.928	0.734	0.108
raw	superclass	Carotenoids (C40)	NPC superclass: Carotenoids (C40)	1079	PS	Untreated	616430.166666667	616430.166666667	1433845.42222222	1066488.1	1295237.9	1066488.1	1811364.26666667	1922014.4	1194934.1	1013873.6	0.0461434940686442	0.925422665460876	0.0572625612861212	NA_[1079_780.65_4]	NA	3-O-benzyl-1,2-O-bis-[8-{2-(2-pentyl-cyclopropylmethyl)-cyclopropyl}-octanoyl]-sn-glycerol	[M + H3N + H]+	70	Terpenoids	Carotenoids (C40)	Carotenoids (C40, β-β)	0.991	0.834	0.462
raw	superclass	Carotenoids (C40)	NPC superclass: Carotenoids (C40)	2392	Untreated	PET	554345.866666667	554345.866666667	1198655.55555556	1013873.6	1013873.6	1013873.6	1013873.6	1013873.6	1568219.46666667	1013873.6	0.0414961119583604	0.966918777419237	0.0478699350342605	NA_[2392_473.32_8]	NA	NA	[M + K]+	67	Terpenoids	Carotenoids (C40)	Cannabinoids	0.937	0.807	0.116
raw	superclass	Carotenoids (C40)	NPC superclass: Carotenoids (C40)	1543	PS	PET	329337.866666667	329337.866666667	1123652.88888889	1013873.6	1013873.6	1013873.6	1343211.46666667	1013873.6	1013873.6	1013873.6	0.0246529140182896	0.991571691437526	0.0448746018344194	NA_[1543_722.64_5.8]	NA	[8-[3-Tert-butyl-5-(9-methoxy-2,4,4,6,6-pentamethylnonan-2-yl)phenyl]-4,4,6,6,8-pentamethylnonyl] 2-(4-methylphenyl)acetate	[M + H3N + H]+	70	Terpenoids	Carotenoids (C40)	Carotenoids (C40, β-β)	0.996	0.819	0.498
raw	superclass	Carotenoids (C40)	NPC superclass: Carotenoids (C40)	1944	Untreated	PS	112593.633333333	112593.633333333	2789394.24444444	2812070.5	2815858.43333333	2812070.5	2719865.33333333	2573679	2832458.96666667	3168395.2	0.00842830856247371	1	0.111398241678034	NA_[1944_932.63_6.8]	NA	[2,2-Bis[3-(3,5-ditert-butyl-4-hydroxyphenyl)propanoyloxymethyl]-3-methoxypropyl] 3-(5-tert-butyl-8,8-dimethyl-7-oxabicyclo[4.2.0]octa-1(6),2,4-trien-3-yl)propanoate	[M + H3N + H]+	67	Terpenoids	Carotenoids (C40)	Carotenoids (C40, β-β)	0.775	0.704	0.343
raw	superclass	Carotenoids (C40)	NPC superclass: Carotenoids (C40)	3041	PET	PET	0	0	1013873.6	1013873.6	1013873.6	1013873.6	1013873.6	1013873.6	1013873.6	1013873.6	0	1	0.0404904170676931	Octahydroheptaprenol_[3041_520.55_9.6]	Octahydroheptaprenol	Octahydroheptaprenol	[M + H3N + H]+	9	Terpenoids	Carotenoids (C40)	Carotenoids (C40, β-β)	0.998	0.764	0.42
raw	superclass	Chromanes	NPC superclass: Chromanes	424	Untreated	PS	1342943.5	1342943.5	6710595	6885475	6865647.83333333	6885475	5961596.83333333	5400181	7304540.33333333	7631778.5	1	1	1	15beta-hydroxycyproterone acetate_[424_450.2_1.7]	15beta-hydroxycyproterone acetate	17-Hydroxycyproterone acetate	[M + H3N + H]+	-1	Polyketides	Chromanes	Azaphilones	0.988	0.85	0.893
raw	superclass	Diterpenoids	NPC superclass: Diterpenoids	405	Untreated	PS	14560979	14560979	21600313.6666667	21905708	20574096.6666667	21905708	14832932.6666667	10610048	29393911.6666667	28857296	0.570563029753069	0.570563029753069	0.482677879739985	NA_[405_322.24_1.6]	NA	(1S,4aR,5S,8aR)-5-(3-formylbut-3-enyl)-1,4a-dimethyl-6-methylidene-3,4,5,7,8,8a-hexahydro-2H-naphthalene-1-carboxylic acid	[M + H3N + H]+	145	Terpenoids	Diterpenoids	Labdane diterpenoids	0.98	0.907	0.069
raw	superclass	Diterpenoids	NPC superclass: Diterpenoids	1270	PS	PET	4698939.2	4698939.2	6492024.98888889	5968847	3805765.3	3491212	8504704.5	8673811	7165605.16666667	5995189	0.184125050010543	0.754688079763612	0.145069970057498	NA_[1270_558.44_4.6]	NA	(3S,8R)-8-[(2R,5R,2'R,5'R)-5'-[(1R)-1-(Methoxymethoxy)undecyl]-2,2',3,3',4,4',5,5'-octahydro-2,2'-bi[furan]-5-yl]-8-(methoxymethoxy)-1-octyne-3-ol	[M + H3N + H]+	24	Terpenoids	Diterpenoids	Tetracyclic diterpenoids	0.957	0.91	0.486
raw	superclass	Diterpenoids	NPC superclass: Diterpenoids	536	PET	Untreated	4679588.3	4679588.3	3690504.16666667	1696755.8	6310474.36666667	7569667.5	3130152.06666667	1311589.6	1630886.06666667	1696755.8	0.183366796864758	0.93805487662837	0.0824675397694417	NA_[536_306.24_2.1]	NA	2-(4b,8,8-trimethyl-2,3,4,4a,4b,5,6,7,8,8a,9,10-dodecahydrophenanthren-2-ylidene)acetic acid	[M + H3N + H]+	-1	Terpenoids	Diterpenoids	Kaurane and Phyllocladane diterpenoids	0.989	0.923	0.089
raw	superclass	Diterpenoids	NPC superclass: Diterpenoids	591	PS	PET	1360381	1360381	11880781.2222222	11915996	11201636	11773027	12562017	12417636	11878690.6666667	10240219	0.0533056949658749	0.991360571594245	0.265486435914419	sandaracopimaric acid_[591_320.26_2.3]	sandaracopimaric acid	Pimaric Acid	[M + H3N + H]+	-1	Terpenoids	Diterpenoids	Kaurane and Phyllocladane diterpenoids	0.988	0.979	0.431
raw	superclass	Diterpenoids	NPC superclass: Diterpenoids	1768	PS	PET	220481.4	220481.4	1087367.4	1013873.6	1013873.6	1013873.6	1234355	1013873.6	1013873.6	1013873.6	0.00863942840575475	1	0.0242981745186562	NA_[1768_586.47_6.4]	NA	5-methyl-3-{2,8,13-trihydroxy-13-[5-(1-hydroxyundecyl)oxolan-2-yl]tridecyl}-2,5-dihydrofuran-2-one	[M + H3N + H]+	24	Terpenoids	Diterpenoids	Tetracyclic diterpenoids	0.784	0.714	0.308
raw	superclass	Eicosanoids	NPC superclass: Eicosanoids	1408	Untreated	PS	2807952.1	2807952.1	1998300.91111111	1013873.6	1159203.43333333	1013873.6	1013873.6	1013873.6	3821825.7	5163508	1	1	1	NA_[1408_487.3_5.2]	NA	(2S)-2-[[(2S)-4-methyl-2-[(4-propan-2-ylcyclohexyl)oxycarbonylamino]pentanoyl]amino]-3-[(3S)-2-oxopyrrolidin-3-yl]propanethioic S-acid	[M + H3N + H]+	42	Fatty acids	Eicosanoids	Leukotrienes	0.982	0.941	0.407
raw	superclass	Fatty Acids and Conjugates	NPC superclass: Fatty Acids and Conjugates	354	PS	Untreated	425174533.333333	425174533.333333	1581224855.55556	1630207400	1584109900	1473905200	1792369600	1925692800	1367195066.66667	1630207400	0.396471888790751	0.396471888790751	0.456007830958433	Ximenynic acid_[354_296.26_1.4]	Ximenynic acid	octadec-11-en-9-ynoic acid	[M + H3N + H]+	3	Fatty acids	Fatty Acids and Conjugates	Unsaturated fatty acids	1	0.973	0.977
raw	superclass	Fatty Acids and Conjugates	NPC superclass: Fatty Acids and Conjugates	427	PS	Untreated	147216416.666667	147216416.666667	596381387.777778	646594560	593535593.333333	646594560	671412493.333333	741133060	524196076.666667	457677860	0.137278143917148	0.533750032707898	0.171989823021707	stearolic acid_[427_298.27_1.7]	stearolic acid	Stearolsaeure	[M + H3N + H]+	304	Fatty acids	Fatty Acids and Conjugates	Unsaturated fatty acids	1	0.888	0.941
raw	superclass	Fatty Acids and Conjugates	NPC superclass: Fatty Acids and Conjugates	226	PS	Untreated	53983419.3333333	53983419.3333333	149341292.222222	136839680	146640926.666667	131295240	177683184.666667	199684220	123699765.333333	136839680	0.0503391114671727	0.584089144175071	0.0430683836644208	NA_[226_268.23_1]	NA	16-Methyloxacyclohexadeca-3,5-dien-2-one	[M + H3N + H]+	192	Fatty acids	Fatty Acids and Conjugates	Unsaturated fatty acids	0.985	0.718	0.622
raw	superclass	Fatty Acids and Conjugates	NPC superclass: Fatty Acids and Conjugates	358	PS	Untreated	47290420	47290420	156668824.444444	159603120	154921160	146613920	181187866.666667	198502770	133897446.666667	159603120	0.04409794253695	0.628187086712021	0.0451815632436525	(9Z,11E,13E)-octadeca-9,11,13-trienoic acid_[358_279.23_1.4]	(9Z,11E,13E)-octadeca-9,11,13-trienoic acid	Alpha-Esa	[M + H]+	3	Fatty acids	Fatty Acids and Conjugates	Unsaturated fatty acids	1	0.934	0.961
raw	superclass	Fatty Acids and Conjugates	NPC superclass: Fatty Acids and Conjugates	538	PET	Untreated	37095638	37095638	25595255.3888889	10415086	47146528.3333333	63003136	19588347.5	6954673	10050890.3333333	10415086	0.0345913889725551	0.662778475684576	0.00738138971930946	NA_[538_352.25_2]	NA	NA	[M + Na]+	211	Fatty acids	Fatty Acids and Conjugates	Nitro fatty acids	0.999	0.855	0.993
raw	superclass	Fatty Acids and Conjugates	NPC superclass: Fatty Acids and Conjugates	221	PS	Untreated	31388046	31388046	82861824.4444444	81060584	80539043.3333333	72037590	99717238	105475224	68329192	81060584	0.0292691045851389	0.692047580269715	0.0238964374367198	(9Z,11E,13E)-octadeca-9,11,13-trienoic acid_[221_296.26_1]	(9Z,11E,13E)-octadeca-9,11,13-trienoic acid	Alpha-Esa	[M + H3N + H]+	3	Fatty acids	Fatty Acids and Conjugates	Unsaturated fatty acids	1	0.957	0.972
raw	superclass	Fatty Acids and Conjugates	NPC superclass: Fatty Acids and Conjugates	533	PET	Untreated	26404649.1	26404649.1	17642628.5222222	5355447	31972110.2666667	37730024	15388314.1333333	4058442.2	5567461.16666667	5355447	0.0246221263993876	0.716669706669103	0.0050879397301134	NA_[533_155.11_2]	NA	1,2,3,3a,4,5,6,6a-Octahydropentalene-2-carboxylate	[M + H]+	266	Fatty acids	Fatty Acids and Conjugates	Unsaturated fatty acids	0.995	0.743	0.846
raw	superclass	Fatty Acids and Conjugates	NPC superclass: Fatty Acids and Conjugates	127	PET	Untreated	24672292	24672292	27792651.6666667	19945676	40974475.3333333	38576970	26101296.3333333	17179364	16302183.3333333	18079674	0.0230067171082611	0.739676423777364	0.00801509460123375	NA_[127_200.16_0.7]	NA	Cyclobutanecarboxylic acid, 3-cyclohexyl-	[M + H3N + H]+	182	Fatty acids	Fatty Acids and Conjugates	Unsaturated fatty acids	0.988	0.891	0.905
raw	superclass	Fatty Acids and Conjugates	NPC superclass: Fatty Acids and Conjugates	147	PS	Untreated	23754446.6666667	23754446.6666667	80335486.2222222	75576290	78579338.6666667	75576290	93090783.3333333	92603190	69336336.6666667	74368070	0.0221508335959738	0.761827257373338	0.0231678693213532	Ximenynic acid_[147_296.26_0.7]	Ximenynic acid	octadec-11-en-9-ynoic acid	[M + H3N + H]+	3	Fatty acids	Fatty Acids and Conjugates	Unsaturated fatty acids	1	0.961	0.976
raw	superclass	Fatty Acids and Conjugates	NPC superclass: Fatty Acids and Conjugates	198	PS	Untreated	19370646	19370646	50157353.5555556	45867624	47284273.3333333	42472244	61279216.6666667	59455570	41908570.6666667	45867624	0.0180629741544186	0.779890231527756	0.0144648282760823	stearolic acid_[198_298.27_0.9]	stearolic acid	Stearolsaeure	[M + H3N + H]+	304	Fatty acids	Fatty Acids and Conjugates	Unsaturated fatty acids	1	0.945	0.958
raw	superclass	Fatty Acids and Conjugates	NPC superclass: Fatty Acids and Conjugates	148	PS	Untreated	16536175.3333333	16536175.3333333	36632228.2222222	31835690	34982142.6666667	30306450	45725358.6666667	44937800	29189183.3333333	31835690	0.0154198526811617	0.795310084208918	0.0105643311108468	NA_[148_330.26_0.7]	NA	(E)-11-nitrooctadec-11-en-5-ol	[M + O + H]+	310	Fatty acids	Fatty Acids and Conjugates	Nitro fatty acids	0.999	0.795	0.965
raw	superclass	Fatty Acids and Conjugates	NPC superclass: Fatty Acids and Conjugates	482	PS	Untreated	14664583.3333333	14664583.3333333	41507254	43315480	39615321.3333333	36987616	49785512	55420796	35120928.6666667	43315480	0.0136746079472682	0.808984692156186	0.011970234846157	NA_[482_324.29_1.9]	NA	icosa-7,10,13-trienoic acid	[M + H3N + H]+	3	Fatty acids	Fatty Acids and Conjugates	Unsaturated fatty acids	1	0.979	0.987
raw	superclass	Fatty Acids and Conjugates	NPC superclass: Fatty Acids and Conjugates	284	PS	Untreated	13983381.3333333	13983381.3333333	35300262.2222222	32985386	34402390.6666667	30925444	42740888.6666667	46958092	28757507.3333333	32985386	0.0130393924712361	0.822024084627422	0.0101802067882141	scleropyric acid_[284_282.24_1.2]	scleropyric acid	Scleropyric Acid	[M + H3N + H]+	3	Fatty acids	Fatty Acids and Conjugates	Unsaturated fatty acids	1	0.966	0.953
raw	superclass	Fatty Acids and Conjugates	NPC superclass: Fatty Acids and Conjugates	474	PET	Untreated	13917055.3	13917055.3	9699016.98888889	3062983.8	17208874.3333333	19905068	8596357.6	2507156	3291819.03333333	3062983.8	0.012977543969856	0.835001628597278	0.00279708966374569	10-undecynoic acid_[474_200.16_1.9]	10-undecynoic acid	undec-10-ynoic acid	[M + H3N + H]+	182	Fatty acids	Fatty Acids and Conjugates	Unsaturated fatty acids	0.995	0.967	0.848
raw	superclass	Fatty Acids and Conjugates	NPC superclass: Fatty Acids and Conjugates	334	PET	Untreated	12563488	12563488	65920625.7777778	69891700	72342634.6666667	90210980	65640096	69891700	59779146.6666667	39909820	0.011715353170635	0.846716981767913	0.0190107823506135	9-cis,11-trans-octadecadienoate_[334_298.27_1.3]	9-cis,11-trans-octadecadienoate	Selin Cla	[M + H3N + H]+	304	Fatty acids	Fatty Acids and Conjugates	Unsaturated fatty acids	1	0.907	0.946
raw	superclass	Fatty Acids and Conjugates	NPC superclass: Fatty Acids and Conjugates	509	PET	Untreated	12539260	12539260	8780937.24444444	2790714.2	15535289.0666667	19224890	7811493.6	2291697.8	2996029.06666667	2790714.2	0.011692760752302	0.858409742520215	0.00253232557820778	10-undecynoic acid_[509_200.16_2]	10-undecynoic acid	undec-10-ynoic acid	[M + H3N + H]+	182	Fatty acids	Fatty Acids and Conjugates	Unsaturated fatty acids	0.993	0.962	0.833
raw	superclass	Fatty Acids and Conjugates	NPC superclass: Fatty Acids and Conjugates	185	PS	Untreated	12172430	12172430	51136473.1111111	55638516	52340904	47747750	56620472.6666667	55638516	44448042.6666667	56178400	0.0113506946792828	0.869760437199498	0.0147471955707837	N-[(9Z)-hexadecenoyl]glycinate_[185_328.25_0.9]	N-[(9Z)-hexadecenoyl]glycinate	Palmitoleoylglycine	[M + O + H]+	509	Fatty acids	Fatty Acids and Conjugates	Nitro fatty acids	1	0.995	0.998
raw	superclass	Fatty Acids and Conjugates	NPC superclass: Fatty Acids and Conjugates	225	PS	Untreated	8959189	8959189	22912417.6666667	20772666	22386256.6666667	20333678	27655092.6666667	31014362	18695903.6666667	20772666	0.00835437286663292	0.878114810066131	0.00660768887200386	NA_[225_251.2_1]	NA	Hexadec-13-en-11-ynoic acid	[M + H]+	192	Fatty acids	Fatty Acids and Conjugates	Unsaturated fatty acids	0.993	0.737	0.585
raw	superclass	Fatty Acids and Conjugates	NPC superclass: Fatty Acids and Conjugates	576	PET	Untreated	8211665.4	8211665.4	5330920.68888889	1634941.1	9822029.86666667	12068542	4560367.73333333	1175099.6	1610364.46666667	1634941.1	0.007657313023269	0.8857721230894	0.00153737880593684	Putative (3-hydroxyoctadecanoyl)glycine_[576_375.32_2.3]	Putative (3-hydroxyoctadecanoyl)glycine	PDEJWCOMIACOMR	[M + H3N + H]+	108	Fatty acids	Fatty Acids and Conjugates	Nitro fatty acids	0.998	0.756	0.95
raw	superclass	Fatty Acids and Conjugates	NPC superclass: Fatty Acids and Conjugates	426	PS	Untreated	6953039.33333333	6953039.33333333	26563214.2222222	28849548	26602934	28849548	30019874	33305220	23066834.6666667	18905554	0.00648365417305422	0.892255777262454	0.00766053838465871	9-cis,11-trans-octadecadienoate_[426_281.25_1.7]	9-cis,11-trans-octadecadienoate	Selin Cla	[M + H]+	3	Fatty acids	Fatty Acids and Conjugates	Unsaturated fatty acids	1	0.91	0.956
raw	superclass	Fatty Acids and Conjugates	NPC superclass: Fatty Acids and Conjugates	476	PET	Untreated	6905881.43333333	6905881.43333333	4778306.53333333	1491247.1	8524013.33333333	9688857	4192774.36666667	1214958	1618131.9	1491247.1	0.00643967980436891	0.898695457066823	0.00137801097058665	NA_[476_198.15_1.9]	NA	Undeca-2Z-en-8,10-diensaure	[M + H3N + H]+	16	Fatty acids	Fatty Acids and Conjugates	Unsaturated fatty acids	0.997	0.839	0.889
raw	superclass	Fatty Acids and Conjugates	NPC superclass: Fatty Acids and Conjugates	44	PS	PET	6645824.83333333	6645824.83333333	16076388.3888889	15152514	12910844.6666667	13068031	19556669.5	15763095	15761651	15152514	0.00619717908216863	0.904892636148992	0.00463625332798533	NA_[44_188.13_0.6]	NA	2,5,8-Nonanetrione	[M + H3N + H]+	16	Fatty acids	Fatty Acids and Conjugates	Oxo fatty acids	0.975	0.804	0.563
raw	superclass	Fatty Acids and Conjugates	NPC superclass: Fatty Acids and Conjugates	510	PET	Untreated	4790333.43333333	4790333.43333333	3282269.23333333	1013873.6	5804207.03333333	6830206.5	3028727.06666667	1013873.6	1013873.6	1013873.6	0.0044669480304037	0.909359584179395	0.000946570292299168	NA_[510_216.16_2]	NA	6-(2-Oxocyclopentyl)hexanoic acid	[M + H3N + H]+	597	Fatty acids	Fatty Acids and Conjugates	Oxo fatty acids	0.985	0.793	0.759
raw	superclass	Fatty Acids and Conjugates	NPC superclass: Fatty Acids and Conjugates	215	PS	Untreated	4764678.83333333	4764678.83333333	12241318.6111111	11900816	11819614	10894390	14834510.3333333	15814421	10069831.5	11900816	0.00444302531885645	0.913802609498252	0.0035302614478335	(9Z,11E,13E)-octadeca-9,11,13-trienoic acid_[215_279.23_1]	(9Z,11E,13E)-octadeca-9,11,13-trienoic acid	Alpha-Esa	[M + H]+	3	Fatty acids	Fatty Acids and Conjugates	Unsaturated fatty acids	1	0.934	0.97
raw	superclass	Fatty Acids and Conjugates	NPC superclass: Fatty Acids and Conjugates	904	Untreated	PS	4560950.53333333	4560950.53333333	3802651.64444444	2655096.5	2703529.33333333	2612831.8	2071737.53333333	2546242.5	6632688.06666667	6098350	0.00425305029079473	0.918055659789046	0.00109664284758817	NA_[904_189.11_3.4]	NA	NA	[M - H2O + H]+	87	Fatty acids	Fatty Acids and Conjugates	Hydroxy fatty acids	0.989	0.956	0.831
raw	superclass	Fatty Acids and Conjugates	NPC superclass: Fatty Acids and Conjugates	380	PET	Untreated	4080803.1	4080803.1	5859573.05555556	5712160.5	8167755.5	8072605	5324011.26666667	5388312	4086952.4	2620105	0.00380531660764289	0.921860976396689	0.0016898363253135	2E,4E,8Z,10E-dodecatetraenoic acid_[380_210.15_1.5]	2E,4E,8Z,10E-dodecatetraenoic acid	Dodeca-2,4,8,10-tetraenoic acid	[M + H3N + H]+	428	Fatty acids	Fatty Acids and Conjugates	Unsaturated fatty acids	0.974	0.729	0.805
raw	superclass	Fatty Acids and Conjugates	NPC superclass: Fatty Acids and Conjugates	699	PET	Untreated	4040580.43333333	4040580.43333333	2859561.84444444	1013873.6	5054454.03333333	5740163.5	2510357.9	1013873.6	1013873.6	1013873.6	0.0037678092891765	0.925628785685866	0.00082466613751683	10-undecynoic acid_[699_200.16_2.7]	10-undecynoic acid	undec-10-ynoic acid	[M + H3N + H]+	182	Fatty acids	Fatty Acids and Conjugates	Unsaturated fatty acids	0.994	0.962	0.853
raw	superclass	Fatty Acids and Conjugates	NPC superclass: Fatty Acids and Conjugates	83	PET	Untreated	3996193	3996193	16533851.8888889	15855233	17945923	16354002	17705902.6666667	15522646	13949730	15855233	0.00372641835874078	0.929355204044607	0.00476818076236932	NA_[83_158.12_0.6]	NA	Bicyclo[2.2.1]heptane-7-carboxylate	[M + H3N + H]+	293	Fatty acids	Fatty Acids and Conjugates	Unsaturated fatty acids	0.989	0.726	0.805
raw	superclass	Fatty Acids and Conjugates	NPC superclass: Fatty Acids and Conjugates	962	Untreated	PS	3849835.83333333	3849835.83333333	3101801.5	2216141.5	2007839.33333333	2030477.4	1723864.66666667	1941578.9	5573700.5	5580984.5	0.00358994145865113	0.932945145503258	0.000894525385879831	NA_[962_189.11_3.6]	NA	NA	[M - H2O + H]+	87	Fatty acids	Fatty Acids and Conjugates	Hydroxy fatty acids	0.988	0.952	0.832
raw	superclass	Fatty Acids and Conjugates	NPC superclass: Fatty Acids and Conjugates	202	PS	Untreated	3820457.83333333	3820457.83333333	10025622.6666667	9200491	9405003.16666667	8378256.5	12246161.3333333	11727480	8425703.5	9200491	0.00356254670605958	0.936507692209317	0.0028912791436156	NA_[202_299.28_0.9]	NA	Di-n-octyldimethoxysilane	[M - H2O + H]+	304	Fatty acids	Fatty Acids and Conjugates	Unsaturated fatty acids	1	0.903	0.34
raw	superclass	Fatty Acids and Conjugates	NPC superclass: Fatty Acids and Conjugates	581	PS	Untreated	3531182	3531182	14573671.3333333	15521994	14276974.6666667	15521994	16487610.6666667	18800930	12956428.6666667	11366346	0.00329279927992842	0.939800491489246	0.00420288628177394	7,13-Eicosadienoic acid_[581_326.31_2.3]	7,13-Eicosadienoic acid	NA	[M + H3N + H]+	304	Fatty acids	Fatty Acids and Conjugates	Unsaturated fatty acids	1	0.975	0.98
raw	superclass	Fatty Acids and Conjugates	NPC superclass: Fatty Acids and Conjugates	664	PET	Untreated	3514869.76666667	3514869.76666667	2583740.23333333	1013873.6	4528743.36666667	5094883	2208603.73333333	1013873.6	1013873.6	1013873.6	0.00327758825139066	0.943078079740636	0.000745122223080924	NA_[664_200.16_2.6]	NA	Cyclobutanecarboxylic acid, 3-cyclohexyl-	[M + H3N + H]+	182	Fatty acids	Fatty Acids and Conjugates	Unsaturated fatty acids	0.968	0.846	0.803
raw	superclass	Fatty Acids and Conjugates	NPC superclass: Fatty Acids and Conjugates	811	Untreated	PS	3437029.03333333	3437029.03333333	5072891.15555556	4920596	3974606.83333333	3950598.5	3903518.8	3807349.2	7340547.83333333	8310994	0.00320500238335296	0.946283082123989	0.00146296593075015	NA_[811_189.11_3.1]	NA	NA	[M - H2O + H]+	87	Fatty acids	Fatty Acids and Conjugates	Hydroxy fatty acids	0.99	0.956	0.858
raw	superclass	Fatty Acids and Conjugates	NPC superclass: Fatty Acids and Conjugates	455	PS	Untreated	3260661.83333333	3260661.83333333	6482437.61111111	6100077.5	7244294	7018905	7731840.33333333	8530694	4471178.5	5115673.5	0.00304054136458842	0.949323623488578	0.00186946360220701	NA_[455_188.13_1.7]	NA	2,5,8-Nonanetrione	[M + H3N + H]+	16	Fatty acids	Fatty Acids and Conjugates	Oxo fatty acids	0.969	0.787	0.85
raw	superclass	Fatty Acids and Conjugates	NPC superclass: Fatty Acids and Conjugates	27	PS	PET	3136070.5	3136070.5	3394593.86666667	2455076.2	2045279.53333333	2455076.2	5181350.03333333	2870026.5	2957152.03333333	2419504	0.00292436093189327	0.952247984420471	0.000978963479283026	[(S)-3-oxocyclohexyl]acetic acid_[27_139.08_0.5]	[(S)-3-oxocyclohexyl]acetic acid	[(S)-3-Oxocyclohexyl]Acetic Acid	[M - H2O + H]+	429	Fatty acids	Fatty Acids and Conjugates	Unsaturated fatty acids	0.979	0.825	0.583
raw	superclass	Fatty Acids and Conjugates	NPC superclass: Fatty Acids and Conjugates	996	Untreated	PS	2968097.83333333	2968097.83333333	2910408.32222222	1941578.9	2507658.13333333	1940755.8	1627734.5	1927751	4595832.33333333	3767344.8	0.00276772774905318	0.955015712169524	0.000839329701627814	NA_[996_189.11_3.7]	NA	NA	[M - H2O + H]+	87	Fatty acids	Fatty Acids and Conjugates	Hydroxy fatty acids	0.987	0.949	0.827
raw	superclass	Fatty Acids and Conjugates	NPC superclass: Fatty Acids and Conjugates	331	PET	Untreated	2784849.83333333	2784849.83333333	12991421.5	13452217	14586580.6666667	18268354	12585953	13452217	11801730.8333333	8156568	0.00259685043872243	0.957612562608247	0.00374658285851465	NA_[331_299.28_1.3]	NA	Di-n-octyldimethoxysilane	[M - H2O + H]+	304	Fatty acids	Fatty Acids and Conjugates	Halogenated fatty acids	0.999	0.877	0.158
raw	superclass	Fatty Acids and Conjugates	NPC superclass: Fatty Acids and Conjugates	35	PS	Untreated	2500753.33333333	2500753.33333333	10781400.6666667	10341348	10333958	9887705	12255498.6666667	12962025	9754745.33333333	10341348	0.00233193269995106	0.959944495308198	0.00310923719382916	11-hydroxyjasmonate_[35_244.15_0.5]	11-hydroxyjasmonate	11-Hydroxyjasmonic Acid	[M + H3N + H]+	16	Fatty acids	Fatty Acids and Conjugates	Dicarboxylic acids	0.976	0.729	0.581
raw	superclass	Fatty Acids and Conjugates	NPC superclass: Fatty Acids and Conjugates	163	PET	PS	2477272.66666667	2477272.66666667	20709397.2222222	21522742	22344714.6666667	22746390	19867442	17344066	19916035	19802638	0.00231003716403922	0.962254532472237	0.00597236204236378	NA_[163_276.23_0.9]	NA	4-But-3-enyl-1-(3-ethylperoxypropyl)-1-fluorocyclohexane	[M + H3N + H]+	90	Fatty acids	Fatty Acids and Conjugates	Halogenated fatty acids	0.931	0.892	0.926
raw	superclass	Fatty Acids and Conjugates	NPC superclass: Fatty Acids and Conjugates	339	PET	PS	2471600.33333333	2471600.33333333	16842610.2222222	17640320	18353153.3333333	18060346	15881553	13970905	16293124.3333333	17640320	0.00230474775807954	0.964559280230316	0.00485722326469212	NA_[339_155.11_1.3]	NA	1,2,3,3a,4,5,6,6a-Octahydropentalene-2-carboxylate	[M + H]+	266	Fatty acids	Fatty Acids and Conjugates	Unsaturated fatty acids	0.995	0.757	0.85
raw	superclass	Fatty Acids and Conjugates	NPC superclass: Fatty Acids and Conjugates	328	PET	Untreated	2174720.33333334	2174720.33333334	18549290.1111111	19540078	19387568.6666667	19569152	19047453.3333333	18660262	17212848.3333333	19540078	0.00202790950668804	0.966587189737005	0.00534941094536146	trans-4,5-epoxy-2(E)-decenal_[328_169.12_1.3]	trans-4,5-epoxy-2(E)-decenal	3-(3-pentyloxiran-2-yl)prop-2-enal	[M + H]+	230	Fatty acids	Fatty Acids and Conjugates	Unsaturated fatty acids	0.991	0.817	0.785
raw	superclass	Fatty Acids and Conjugates	NPC superclass: Fatty Acids and Conjugates	906	PS	Untreated	2117667.16666667	2117667.16666667	7753655.22222222	8140947	8283796.83333333	8140947	8547418	8456866	6429750.83333333	5471932	0.00197470788011721	0.968561897617122	0.0022360687586351	(9Z,11E,13E)-octadeca-9,11,13-trienoic acid_[906_296.26_3.4]	(9Z,11E,13E)-octadeca-9,11,13-trienoic acid	Alpha-Esa	[M + H3N + H]+	58	Fatty acids	Fatty Acids and Conjugates	Unsaturated fatty acids	0.999	0.911	0.892
raw	superclass	Fatty Acids and Conjugates	NPC superclass: Fatty Acids and Conjugates	81	PS	Untreated	2077797.83333333	2077797.83333333	3921876.97777778	3289724.5	3908934.9	3289724.5	4967246.93333333	5333129.5	2889449.1	2928536.8	0.00193753004218894	0.970499427659311	0.00113102612043997	NA_[81_313.25_0.6]	NA	1-acetamidotrideca-4,12-dien-2-yl acetate	[M + H3N + H]+	352	Fatty acids	Fatty Acids and Conjugates	Nitro fatty acids	0.965	0.773	0.464
raw	superclass	Fatty Acids and Conjugates	NPC superclass: Fatty Acids and Conjugates	395	PS	PET	2029706.3	2029706.3	3504703.22222222	3397531.8	2164914.63333333	2231616.2	4194620.93333333	4985198.5	4154574.1	4345606.5	0.00189268506780624	0.972392112727117	0.00101071780455733	henicosanoic acid_[395_344.35_1.6]	henicosanoic acid	Heneicosanoic Acid	[M + H3N + H]+	21	Fatty acids	Fatty Acids and Conjugates	Unsaturated fatty acids	1	0.902	0.916
raw	superclass	Fatty Acids and Conjugates	NPC superclass: Fatty Acids and Conjugates	393	PS	Untreated	1962376.5	1962376.5	8784111.77777778	9918723	9283724.5	11271418	9515493.66666667	9918723	7553117.16666667	4904288.5	0.0018299005619502	0.974222013289067	0.00253324107865324	NA_[393_334.25_1.6]	NA	10-Chlorooctadec-9-enoic acid	[M + H3N + H]+	102	Fatty acids	Fatty Acids and Conjugates	Halogenated fatty acids	0.999	0.914	0.965
raw	superclass	Fatty Acids and Conjugates	NPC superclass: Fatty Acids and Conjugates	856	Untreated	PS	1854752.96666667	1854752.96666667	3260378.24444444	3453971.8	2968267.7	3002081.5	2479057.03333333	2794402.8	4333810	3860172.8	0.00172954246852331	0.97595155575759	0.000940257172235513	NA_[856_189.11_3.3]	NA	NA	[M - H2O + H]+	87	Fatty acids	Fatty Acids and Conjugates	Hydroxy fatty acids	0.991	0.957	0.83
raw	superclass	Fatty Acids and Conjugates	NPC superclass: Fatty Acids and Conjugates	1092	PET	PS	1553954.16666667	1553954.16666667	1873047	1594171.5	2567827.76666667	2983299.5	1013873.6	1013873.6	2037439.63333333	2146779.2	0.00144904996713332	0.977400605724724	0.000540166122959854	NA_[1092_189.11_4]	NA	NA	[M - H2O + H]+	87	Fatty acids	Fatty Acids and Conjugates	Hydroxy fatty acids	0.977	0.712	0.561
raw	superclass	Fatty Acids and Conjugates	NPC superclass: Fatty Acids and Conjugates	262	PS	Untreated	1458749.83333333	1458749.83333333	13375141.6111111	13992618	13603512.6666667	14311949	13990331	13701882	12531581.1666667	13992618	0.00136027267945852	0.978760878404182	0.00385724351183548	NA_[262_359.33_1.1]	NA	O-oleoyl-N-(2-hydroxyethyl)hydroxylamine	[M + H3N + H]+	-1	Fatty acids	Fatty Acids and Conjugates	Nitro fatty acids	1	0.887	0.893
raw	superclass	Fatty Acids and Conjugates	NPC superclass: Fatty Acids and Conjugates	658	PET	Untreated	1392382.76666667	1392382.76666667	1661435.47777778	1013873.6	2406256.36666667	2792145.5	1564176.46666667	1013873.6	1013873.6	1013873.6	0.00129838591481967	0.980059264319002	0.000479139690877578	Putative (3-hydroxyoctadecanoyl)glycine_[658_375.32_2.5]	Putative (3-hydroxyoctadecanoyl)glycine	PDEJWCOMIACOMR	[M + H3N + H]+	108	Fatty acids	Fatty Acids and Conjugates	Nitro fatty acids	0.999	0.721	0.868
raw	superclass	Fatty Acids and Conjugates	NPC superclass: Fatty Acids and Conjugates	352	PS	Untreated	1381139.66666667	1381139.66666667	10830737.5555556	11607339	10892375	11607339	11490488.6666667	12288844	10109349	8819783	0.00128790181301348	0.981347166132015	0.00312346540913289	9-Heptadecynoic acid_[352_284.26_1.4]	9-Heptadecynoic acid	9-Heptadecynoic acid	[M + H3N + H]+	304	Fatty acids	Fatty Acids and Conjugates	Unsaturated fatty acids	1	0.939	0.942
raw	superclass	Fatty Acids and Conjugates	NPC superclass: Fatty Acids and Conjugates	18	PS	PET	1363879.13333333	1363879.13333333	3082305.04444444	2846194.2	2410737.4	2753376.5	3774616.53333333	3020292	3061561.2	2846194.2	0.00127180650222769	0.982618972634243	0.000888902822853435	NA_[18_230.14_0.5]	NA	2,8-Dimethylidenenonanedioic acid	[M + H3N + H]+	16	Fatty acids	Fatty Acids and Conjugates	Dicarboxylic acids	0.977	0.788	0.529
raw	superclass	Fatty Acids and Conjugates	NPC superclass: Fatty Acids and Conjugates	1207	PS	Untreated	1334675.1	1334675.1	4135748.03333333	4088728	4169532.33333333	4088728	4786193.43333333	5170968.5	3451518.33333333	3620336.8	0.00124457397217656	0.98386354660642	0.00119270417704655	(9Z,11E,13E)-octadeca-9,11,13-trienoic acid_[1207_296.26_4.4]	(9Z,11E,13E)-octadeca-9,11,13-trienoic acid	Alpha-Esa	[M + H3N + H]+	3	Fatty acids	Fatty Acids and Conjugates	Unsaturated fatty acids	1	0.882	0.898
raw	superclass	Fatty Acids and Conjugates	NPC superclass: Fatty Acids and Conjugates	312	PET	Untreated	1268000.66666667	1268000.66666667	13571152.3333333	14143641	14263888	14371933	13453681.6666667	12179656	12995887.3333333	14143641	0.00118240059055261	0.985045947196972	0.00391377084504246	Decahydro-2-naphthoic acid_[312_200.16_1.3]	Decahydro-2-naphthoic acid	(2R,4aR,8aS)-1,2,3,4,4a,5,6,7,8,8a-decahydronaphthalene-2-carboxylic acid	[M + H3N + H]+	182	Fatty acids	Fatty Acids and Conjugates	Unsaturated fatty acids	0.993	0.967	0.881
raw	superclass	Fatty Acids and Conjugates	NPC superclass: Fatty Acids and Conjugates	184	PET	Untreated	1210460	1210460	7949310.44444444	8500014	8399851	8741753	8258689.33333333	8674687	7189391	7252278.5	0.00112874437408838	0.986174691571061	0.00229249356955796	11-tetradecynoic acid_[184_242.21_0.9]	11-tetradecynoic acid	11-Tetradecynoic acid	[M + H3N + H]+	304	Fatty acids	Fatty Acids and Conjugates	Unsaturated fatty acids	0.998	0.877	0.83
raw	superclass	Fatty Acids and Conjugates	NPC superclass: Fatty Acids and Conjugates	770	PS	Untreated	1171303.33333333	1171303.33333333	5016950.05555556	4843317.5	4970442.83333333	4843317.5	5625855.33333333	5819174.5	4454552	4268004	0.00109223109218889	0.98726692266325	0.00144683313370816	NA_[770_294.24_2.9]	NA	9,13-Octadecadiynoic acid	[M + H3N + H]+	19	Fatty acids	Fatty Acids and Conjugates	Unsaturated fatty acids	0.998	0.902	0.915
raw	superclass	Fatty Acids and Conjugates	NPC superclass: Fatty Acids and Conjugates	1208	Untreated	PET	968772.966666667	968772.966666667	1420604.65555556	1013873.6	1096158	1013873.6	1100725	1013873.6	2064930.96666667	1960129.8	0.000903373127483691	0.988170295790733	0.00040968673452944	NA_[1208_189.11_4.4]	NA	NA	[M - H2O + H]+	87	Fatty acids	Fatty Acids and Conjugates	Dicarboxylic acids	0.979	0.908	0.82
raw	superclass	Fatty Acids and Conjugates	NPC superclass: Fatty Acids and Conjugates	412	PET	PS	902308.833333333	902308.833333333	7982099.44444444	7638242	8350413	8262275.5	7448104.16666667	7638242	8147781.16666667	7171647.5	0.00084139584894606	0.989011691639679	0.00230194955598315	NA_[412_322.27_1.6]	NA	10,13-Eicosadiynoic acid	[M + H3N + H]+	145	Fatty acids	Fatty Acids and Conjugates	Unsaturated fatty acids	0.996	0.815	0.911
raw	superclass	Fatty Acids and Conjugates	NPC superclass: Fatty Acids and Conjugates	414	PET	Untreated	880792.866666666	880792.866666666	3993552.65555556	4212619	4336315.33333333	4583040.5	4188820.16666667	4212619	3455522.46666667	3406294	0.000821332380241541	0.989833024019921	0.00115169659639479	6-undecynoic acid_[414_200.16_1.6]	6-undecynoic acid	6-Undecynoic acid	[M + H3N + H]+	182	Fatty acids	Fatty Acids and Conjugates	Unsaturated fatty acids	0.998	0.972	0.923
raw	superclass	Fatty Acids and Conjugates	NPC superclass: Fatty Acids and Conjugates	772	PET	Untreated	774704	774704	10755019.6666667	10225726	11051276.3333333	10225726	10937210.3333333	11093401	10276572.3333333	8834035	0.000722405351340617	0.990555429371261	0.00310162920401908	(9Z,11E,13E)-octadeca-9,11,13-trienoic acid_[772_296.26_2.9]	(9Z,11E,13E)-octadeca-9,11,13-trienoic acid	Alpha-Esa	[M + H3N + H]+	3	Fatty acids	Fatty Acids and Conjugates	Unsaturated fatty acids	1	0.891	0.939
raw	superclass	Fatty Acids and Conjugates	NPC superclass: Fatty Acids and Conjugates	8	PS	PET	729467.2	729467.2	1352539.8	1013873.6	1013873.6	1013873.6	1743340.8	1013873.6	1300405	1013873.6	0.000680222393207543	0.991235651764469	0.000390057579929867	NA_[8_204.12_0.5]	NA	NA	[M + H3N + H]+	-1	Fatty acids	Fatty Acids and Conjugates	Dicarboxylic acids	0.976	0.84	0.856
raw	superclass	Fatty Acids and Conjugates	NPC superclass: Fatty Acids and Conjugates	480	Untreated	PS	709765.666666666	709765.666666666	10391132.6666667	10360885	10428302.3333333	10360885	10017665	10175546	10727430.6666667	10579333	0.00066185086923243	0.991897502633701	0.00299668820147857	NA_[480_312.29_1.9]	NA	nonadeca-9,11-dienoic acid	[M + H3N + H]+	36	Fatty acids	Fatty Acids and Conjugates	Unsaturated fatty acids	1	0.955	0.974
raw	superclass	Fatty Acids and Conjugates	NPC superclass: Fatty Acids and Conjugates	1451	PET	Untreated	708546.666666667	708546.666666667	1766782.24444444	1735859.2	2093202.26666667	1839952.9	1822488.86666667	1735859.2	1384655.6	1222071.2	0.000660714161375902	0.992558216795077	0.000509520537976818	(9Z,11E,13E)-octadeca-9,11,13-trienoic acid_[1451_296.26_5.5]	(9Z,11E,13E)-octadeca-9,11,13-trienoic acid	Alpha-Esa	[M + H3N + H]+	3	Fatty acids	Fatty Acids and Conjugates	Unsaturated fatty acids	1	0.916	0.955
raw	superclass	Fatty Acids and Conjugates	NPC superclass: Fatty Acids and Conjugates	1328	Untreated	PET	697676.7	697676.7	1246432.5	1013873.6	1013873.6	1013873.6	1013873.6	1013873.6	1711550.3	1779043.8	0.000650578003451205	0.993208794798529	0.00035945740339466	NA_[1328_189.11_4.8]	NA	NA	[M - H2O + H]+	87	Fatty acids	Fatty Acids and Conjugates	Dicarboxylic acids	0.892	0.728	0.902
raw	superclass	Fatty Acids and Conjugates	NPC superclass: Fatty Acids and Conjugates	544	Untreated	PS	663817.666666666	663817.666666666	8961175.44444444	8958211	8945351.66666667	8901924	8637178.5	8958211	9300996.16666667	9996762	0.000619004722725637	0.993827799521254	0.00258430428974212	N-hexadecanoylglycinate_[544_336.25_2.1]	N-hexadecanoylglycinate	Elmiric Acid	[M + Na]+	31	Fatty acids	Fatty Acids and Conjugates	Nitro fatty acids	0.999	0.767	0.843
raw	superclass	Fatty Acids and Conjugates	NPC superclass: Fatty Acids and Conjugates	343	PET	Untreated	653642.666666668	653642.666666668	21928465.7777778	22229740	22275616.6666667	22229740	21887806.6666667	20048242	21621974	24296120	0.000609516615719749	0.994437316136974	0.00632392798559784	NA_[343_158.12_1.4]	NA	Bicyclo[2.2.1]heptane-7-carboxylate	[M + H3N + H]+	293	Fatty acids	Fatty Acids and Conjugates	Unsaturated fatty acids	0.99	0.812	0.843
raw	superclass	Fatty Acids and Conjugates	NPC superclass: Fatty Acids and Conjugates	565	PS	PET	647740.033333333	647740.033333333	1822853.16666667	1817951.2	1409398.96666667	1401372.2	2057139	2298128.2	2002021.53333333	2027592.6	0.000604012456831964	0.995041328593806	0.00052569077431769	22-oxodocosanoate_[565_372.35_2.2]	22-oxodocosanoate	NA	[M + H3N + H]+	21	Fatty acids	Fatty Acids and Conjugates	Unsaturated fatty acids	0.999	0.711	0.776
raw	superclass	Fatty Acids and Conjugates	NPC superclass: Fatty Acids and Conjugates	1071	PS	Untreated	592435.033333333	592435.033333333	2253751.51111111	2121491.8	2202250.16666667	2121491.8	2575719.7	2796311	1983284.66666667	1953799.8	0.000552440981848108	0.995593769575654	0.000649957110457881	stearolic acid_[1071_298.27_3.9]	stearolic acid	Stearolsaeure	[M + H3N + H]+	58	Fatty acids	Fatty Acids and Conjugates	Unsaturated fatty acids	1	0.902	0.94
raw	superclass	Fatty Acids and Conjugates	NPC superclass: Fatty Acids and Conjugates	1398	Untreated	PET	567588.5	567588.5	1203069.76666667	1013873.6	1013873.6	1013873.6	1013873.6	1013873.6	1581462.1	1841159.2	0.000529271786074932	0.996123041361729	0.0003469520687471	NA_[1398_189.11_5.2]	NA	NA	[M - H2O + H]+	87	Fatty acids	Fatty Acids and Conjugates	Dicarboxylic acids	0.979	0.896	0.784
raw	superclass	Fatty Acids and Conjugates	NPC superclass: Fatty Acids and Conjugates	713	PS	Untreated	486534.333333333	486534.333333333	4728806.31111111	4716553.5	4806823.6	4922885	4933064.83333333	4864242	4446530.5	4684080	0.00045368941687527	0.996576730778604	0.00136373565174872	3E-Hepten-2,5-dione_[713_127.08_2.8]	3E-Hepten-2,5-dione	hept-3-ene-2,5-dione	[M + H]+	-1	Fatty acids	Fatty Acids and Conjugates	Unsaturated fatty acids	0.997	0.701	0.443
raw	superclass	Fatty Acids and Conjugates	NPC superclass: Fatty Acids and Conjugates	1056	PS	Untreated	437360.766666667	437360.766666667	2300734.01111111	2179816.8	2255895.6	2179816.8	2541833.6	2843900.2	2104472.83333333	2171555.2	0.000407835454969169	0.996984566233573	0.000663506345939938	stearolic acid_[1056_298.27_3.9]	stearolic acid	Stearolsaeure	[M + H3N + H]+	58	Fatty acids	Fatty Acids and Conjugates	Unsaturated fatty acids	1	0.928	0.949
raw	superclass	Fatty Acids and Conjugates	NPC superclass: Fatty Acids and Conjugates	1249	Untreated	PS	380443.666666667	380443.666666667	1279852.31111111	1013873.6	1250477.06666667	1013873.6	1104318.1	1013873.6	1484761.76666667	1524534.8	0.000354760709488586	0.997339326943062	0.000369095308795827	NA_[1249_189.11_4.5]	NA	NA	[M - H2O + H]+	87	Fatty acids	Fatty Acids and Conjugates	Dicarboxylic acids	0.977	0.914	0.809
raw	superclass	Fatty Acids and Conjugates	NPC superclass: Fatty Acids and Conjugates	887	PET	Untreated	372550.166666667	372550.166666667	2876503.51111111	2854788.8	3023549.26666667	2982163.8	2954962.16666667	2811937.5	2650999.1	2208104.8	0.000347400083183821	0.997686727026246	0.000829551927568981	NA_[887_278.25_3.4]	NA	4-Butyl-1-(3-ethylperoxypropyl)-1-fluorocyclohexane	[M + H3N + H]+	3	Fatty acids	Fatty Acids and Conjugates	Halogenated fatty acids	0.961	0.844	0.897
raw	superclass	Fatty Acids and Conjugates	NPC superclass: Fatty Acids and Conjugates	1648	PET	Untreated	368733.433333333	368733.433333333	1618223.9	1726573.9	1793740.3	1726573.9	1635924.53333333	1781042.8	1425006.86666667	1385755	0.000343841009544547	0.99803056803579	0.000466677947827244	(9Z,11E,13E)-octadeca-9,11,13-trienoic acid_[1648_296.26_6.1]	(9Z,11E,13E)-octadeca-9,11,13-trienoic acid	Alpha-Esa	[M + H3N + H]+	3	Fatty acids	Fatty Acids and Conjugates	Unsaturated fatty acids	1	0.953	0.963
raw	superclass	Fatty Acids and Conjugates	NPC superclass: Fatty Acids and Conjugates	1082	PET	Untreated	365113.833333333	365113.833333333	1556526.45555556	1574196	1712441.93333333	1683557.4	1609809.33333333	1574196	1347328.1	1293842.1	0.000340465761179091	0.998371033796969	0.000448885084454308	2,6-Nonadienoic acid_[1082_172.13_4]	2,6-Nonadienoic acid	nona-2,6-dienoic acid	[M + H3N + H]+	293	Fatty acids	Fatty Acids and Conjugates	Unsaturated fatty acids	0.912	0.719	0.678
raw	superclass	Fatty Acids and Conjugates	NPC superclass: Fatty Acids and Conjugates	1165	PS	Untreated	352194.133333333	352194.133333333	1266194.42222222	1013873.6	1231625.8	1013873.6	1459575.8	1522227.6	1107381.66666667	1013873.6	0.000328418243136438	0.998699452040106	0.000365156524083576	NA_[1165_432.35_4.3]	NA	3-[(2E)-3,7-dimethylocta-2,6-dienyl]-5-hexyl-4-hydroxy-6-pentylcyclohexa-3,5-diene-1,2-dione	[M + H3N + H]+	363	Fatty acids	Fatty Acids and Conjugates	Unsaturated fatty acids	0.99	0.745	0.857
raw	superclass	Fatty Acids and Conjugates	NPC superclass: Fatty Acids and Conjugates	555	Untreated	PS	339208.266666667	339208.266666667	3291878.58888889	3283865.2	3404152.16666667	3089544	3066137.66666667	2878644	3405345.93333333	3346856.8	0.000316309025200561	0.999015761065306	0.000949341524593172	7,13-Eicosadienoic acid_[555_326.31_2.1]	7,13-Eicosadienoic acid	NA	[M + H3N + H]+	304	Fatty acids	Fatty Acids and Conjugates	Unsaturated fatty acids	1	0.808	0.905
raw	superclass	Fatty Acids and Conjugates	NPC superclass: Fatty Acids and Conjugates	857	PS	PET	312433.966666667	312433.966666667	1118018.25555556	1013873.6	1013873.6	1013873.6	1326307.56666667	1108649.5	1013873.6	1013873.6	0.00029134220226122	0.999307103267568	0.000322424149795378	NA_[857_406.37_3.3]	NA	Hexaeicosatetraenoic acid	[M + H3N + H]+	131	Fatty acids	Fatty Acids and Conjugates	Unsaturated fatty acids	0.996	0.829	0.932
raw	superclass	Fatty Acids and Conjugates	NPC superclass: Fatty Acids and Conjugates	2328	PS	Untreated	254297.8	254297.8	1638834.14444444	1607525.2	1624459.16666667	1607525.2	1773170.53333333	2115946.2	1518872.73333333	1606553.8	0.000237130686757969	0.999544233954326	0.000472621715300676	NA_[2328_296.26_7.8]	NA	(E)-octadec-2-en-4-ynoic acid	[M + H3N + H]+	-1	Fatty acids	Fatty Acids and Conjugates	Unsaturated fatty acids	1	0.92	0.936
raw	superclass	Fatty Acids and Conjugates	NPC superclass: Fatty Acids and Conjugates	1562	Untreated	PET	205054.3	205054.3	1082225.03333333	1013873.6	1013873.6	1013873.6	1013873.6	1013873.6	1218927.9	1013873.6	0.000191211512571775	0.999735445466897	0.000312101778773179	NA_[1562_189.11_5.8]	NA	NA	[M - H2O + H]+	87	Fatty acids	Fatty Acids and Conjugates	Dicarboxylic acids	0.979	0.903	0.817
raw	superclass	Fatty Acids and Conjugates	NPC superclass: Fatty Acids and Conjugates	318	PET	PS	164474.666666666	164474.666666666	6116373.61111111	6071434	6188661.83333333	6153740	6024187.16666667	5756206	6136271.83333333	5551897.5	0.000153371325512665	0.99988881679241	0.00176389477684642	NA_[318_280.25_1.3]	NA	Tetradecane-1,2,13,14-tetrol	[M + H3N + H]+	3	Fatty acids	Fatty Acids and Conjugates	Fatty alcohols	1	0.86	0.884
raw	superclass	Fatty Acids and Conjugates	NPC superclass: Fatty Acids and Conjugates	595	Untreated	PS	114652.666666667	114652.666666667	5571477.5	5485810	5603519.16666667	5485810	5498130.33333333	5318311	5612783	6584636.5	0.000106912704652967	0.999995729497063	0.0016067527404988	NA_[595_336.25_2.3]	NA	9-nonanamidononanoic acid	[M + Na]+	31	Fatty acids	Fatty Acids and Conjugates	Nitro fatty acids	1	0.923	0.843
raw	superclass	Fatty Acids and Conjugates	NPC superclass: Fatty Acids and Conjugates	1361	PS	PET	4579.66666666663	4579.66666666663	1015400.15555556	1013873.6	1013873.6	1013873.6	1018453.26666667	1013873.6	1013873.6	1013873.6	4.27050293706528e-06	1	0.000292830220106211	2,6-Nonadienoic acid_[1361_172.13_5]	2,6-Nonadienoic acid	nona-2,6-dienoic acid	[M + H3N + H]+	293	Fatty acids	Fatty Acids and Conjugates	Unsaturated fatty acids	0.903	0.705	0.65
raw	superclass	Fatty Acids and Conjugates	NPC superclass: Fatty Acids and Conjugates	1163	PET	PET	0	0	1013873.6	1013873.6	1013873.6	1013873.6	1013873.6	1013873.6	1013873.6	1013873.6	0	1	0.000292389978299183	11E,17-Octadecadien-9-ynoic acid_[1163_294.24_4.2]	11E,17-Octadecadien-9-ynoic acid	octadeca-11,17-dien-9-ynoic acid	[M + H3N + H]+	-1	Fatty acids	Fatty Acids and Conjugates	Unsaturated fatty acids	1	0.888	0.923
raw	superclass	Fatty Acids and Conjugates	NPC superclass: Fatty Acids and Conjugates	1388	PET	PET	0	0	1013873.6	1013873.6	1013873.6	1013873.6	1013873.6	1013873.6	1013873.6	1013873.6	0	1	0.000292389978299183	stearolic acid_[1388_263.24_5.2]	stearolic acid	Stearolsaeure	[M - H2O + H]+	3	Fatty acids	Fatty Acids and Conjugates	Unsaturated fatty acids	1	0.911	0.917
raw	superclass	Fatty Acids and Conjugates	NPC superclass: Fatty Acids and Conjugates	1413	PET	PET	0	0	1013873.6	1013873.6	1013873.6	1013873.6	1013873.6	1013873.6	1013873.6	1013873.6	0	1	0.000292389978299183	NA_[1413_407.36_5.2]	NA	N-(5Z,8Z,11Z,14Z-tricosatetraenoyl)-ethanolamine	[M + H3N + H]+	18	Fatty acids	Fatty Acids and Conjugates	Unsaturated fatty acids	1	0.901	0.754
raw	superclass	Fatty acyl glycosides	NPC superclass: Fatty acyl glycosides	1516	Untreated	PS	3483761.5	3483761.5	2312251.34444444	1013873.6	1425245.33333333	1013873.6	1013873.6	1013873.6	4497635.1	4834693.5	0.926058455957275	0.926058455957275	0.649947147719442	NA_[1516_508.28_5.7]	NA	[6-[[5,7-dihydroxy-2-(4-hydroxycyclohexyl)-3,4,4a,5,6,7,8,8a-octahydro-2H-chromen-1-ium-3-yl]oxy]-3,4,5-trihydroxyoxan-2-yl]methyl acetate	[M + H3N + H]+	-1	Fatty acids	Fatty acyl glycosides	Fatty acyl glycosides of mono- and disaccharides	0.887	0.816	0.59
raw	superclass	Fatty acyl glycosides	NPC superclass: Fatty acyl glycosides	547	Untreated	PET	278162.466666667	278162.466666667	1245347.68888889	1013873.6	1120020.26666667	1013873.6	1217840.06666667	1013873.6	1398182.73333333	1286504	0.0739415440427252	1	0.350052852280558	NA_[547_508.28_2.1]	NA	[6-[[5,7-dihydroxy-2-(4-hydroxycyclohexyl)-3,4,4a,5,6,7,8,8a-octahydro-2H-chromen-1-ium-3-yl]oxy]-3,4,5-trihydroxyoxan-2-yl]methyl acetate	[M + H3N + H]+	99	Fatty acids	Fatty acyl glycosides	Fatty acyl glycosides of mono- and disaccharides	0.986	0.965	0.822
raw	superclass	Fatty acyls	NPC superclass: Fatty acyls	605	Untreated	PS	188893133.333333	188893133.333333	964049312.222222	958912900	965930903.333333	958912900	868661950	846582600	1057555083.33333	1152447100	0.212611999972834	0.212611999972834	0.174835537243424	farnesyl acetone_[605_280.26_2.4]	farnesyl acetone	Farnesylacetone	[M + H3N + H]+	3	Fatty acids	Fatty acyls	Fatty alcohols	0.937	0.911	0.319
raw	superclass	Fatty acyls	NPC superclass: Fatty acyls	444	PS	Untreated	129126846.666667	129126846.666667	552609864.444444	590527040	552918746.666667	590527040	617018846.666667	693186500	487892000	480995300	0.145341001208013	0.357953001180847	0.100218776478821	farnesyl acetone_[444_280.26_1.7]	farnesyl acetone	Farnesylacetone	[M + H3N + H]+	3	Fatty acids	Fatty acyls	Fatty alcohols	0.897	0.865	0.291
raw	superclass	Fatty acyls	NPC superclass: Fatty acyls	551	Untreated	PS	100717790	100717790	594962487.777778	567318400	578011720	567318400	553078976.666667	561543900	653796766.666667	709295700	0.113364686089227	0.471317687270075	0.10789965292391	11-Hexadecynal_[551_254.25_2.1]	11-Hexadecynal	11-Hexadecynal	[M + H3N + H]+	58	Fatty acids	Fatty acyls	Fatty aldehydes	0.987	0.977	0.717
raw	superclass	Fatty acyls	NPC superclass: Fatty acyls	268	Untreated	PS	59363116.6666667	59363116.6666667	206275891.111111	207347460	204929163.333333	207347460	177267696.666667	178898290	236630813.333333	263668640	0.0668172036558273	0.538134890925902	0.0374092443047809	NA_[268_278.25_1.1]	NA	Farnesylideneacetone	[M + H3N + H]+	3	Fatty acids	Fatty acyls	Fatty aldehydes	0.939	0.869	0.468
raw	superclass	Fatty acyls	NPC superclass: Fatty acyls	946	PET	PS	37314886.6666667	37314886.6666667	370454241.111111	368102700	387061940	390180320	349747053.333333	361557630	374553730	394435740	0.0420004292530819	0.580135320178984	0.0671838726999021	NA_[946_284.29_3.6]	NA	(E)-11-Octadecene-8-one	[M + H3N + H]+	58	Fatty acids	Fatty acyls	Fatty alcohols	0.991	0.975	0.975
raw	superclass	Fatty acyls	NPC superclass: Fatty acyls	315	Untreated	PET	37189286.6666667	37189286.6666667	818463358.888889	807965760	801296586.666667	807965760	815607616.666667	831448060	838485873.333333	799839500	0.0418590579563845	0.621994378135368	0.148432740162996	farnesyl acetone_[315_280.26_1.3]	farnesyl acetone	Farnesylacetone	[M + H3N + H]+	3	Fatty acids	Fatty acyls	Fatty alcohols	0.787	0.728	0.209
raw	superclass	Fatty acyls	NPC superclass: Fatty acyls	639	Untreated	PS	34907386.6666667	34907386.6666667	168118036.666667	163799420	170967930	169330690	149239396.666667	153688380	184146783.333333	196923490	0.0392906251384383	0.661285003273807	0.030489111799865	civetone_[639_268.26_2.5]	civetone	cycloheptadec-9-en-1-one	[M + H3N + H]+	58	Fatty acids	Fatty acyls	Fatty alcohols	0.988	0.985	0.685
raw	superclass	Fatty acyls	NPC superclass: Fatty acyls	609	Untreated	PS	30147484.6666667	30147484.6666667	142865706.222222	140752910	144093003.333333	140752910	127178315.333333	124239016	157325800	170995490	0.0339330334354681	0.695218036709275	0.0259094656096448	farnesyl acetone_[609_263.24_2.4]	farnesyl acetone	Farnesylacetone	[M + H]+	3	Fatty acids	Fatty acyls	Fatty aldehydes	0.962	0.949	0.479
raw	superclass	Fatty acyls	NPC superclass: Fatty acyls	1044	Untreated	PS	29283796.6666667	29283796.6666667	238099696.666667	243263360	241311340	244164480	221851976.666667	233205260	251135773.333333	283331700	0.0329608941639548	0.728178930873229	0.0431806629146966	NA_[1044_310.31_3.8]	NA	11-Icosynal	[M + H3N + H]+	58	Fatty acids	Fatty acyls	Unsaturated fatty acids	0.998	0.854	0.466
raw	superclass	Fatty acyls	NPC superclass: Fatty acyls	438	PS	Untreated	19433923.3333333	19433923.3333333	81031664.2222222	86752540	80790393.3333333	86752540	90869261.3333333	102959210	71435338	69755550	0.021874195394532	0.750053126267762	0.0146955289199514	farnesyl acetone_[438_263.24_1.7]	farnesyl acetone	Farnesylacetone	[M + H]+	3	Fatty acids	Fatty acyls	Fatty alcohols	0.989	0.98	0.538
raw	superclass	Fatty acyls	NPC superclass: Fatty acyls	761	PET	PS	10585850.6666667	10585850.6666667	104023403.333333	104818450	108263242	109294020	97677391.3333333	97554264	106129576.666667	107794340	0.0119150910461211	0.761968217313883	0.018865204691397	NA_[761_265.25_2.9]	NA	octadeca-9,17-dienal	[M + H]+	3	Fatty acids	Fatty acyls	Fatty alcohols	0.999	0.994	0.681
raw	superclass	Fatty acyls	NPC superclass: Fatty acyls	374	Untreated	PS	10189230	10189230	25909694.2222222	25045552	25565980.6666667	25045552	20986936	20871674	31176166	31136366	0.0114686676548496	0.773436884968732	0.00469886265331504	4E,9Z-Tetradecadienal_[374_226.22_1.5]	4E,9Z-Tetradecadienal	(4E,9E)-tetradeca-4,9-dienal	[M + H3N + H]+	58	Fatty acids	Fatty acyls	Fatty aldehydes	0.988	0.983	0.828
raw	superclass	Fatty acyls	NPC superclass: Fatty acyls	874	Untreated	PS	9588670.66666666	9588670.66666666	67876392.8888889	68807230	68494026.6666667	68807230	62773240.6666667	64468136	72361911.3333333	80509830	0.0107926974980254	0.784229582466758	0.012309749580672	NA_[874_296.29_3.4]	NA	nonadeca-10,13-dien-2-one	[M + H3N + H]+	58	Fatty acids	Fatty acyls	Fatty alcohols	0.994	0.981	0.758
raw	superclass	Fatty acyls	NPC superclass: Fatty acyls	3461	PET	PS	7980173.73333333	7980173.73333333	5843599.21111111	1734724.9	10879561.3	5933003	2899387.56666667	1328436.1	3751848.76666667	1318058.1	0.00898222538656607	0.793211807853324	0.00105976820330364	NA_[3461_507.53_11.6]	NA	Methoxy-tri(undecyl)silane	[M - H2O + H]+	9	Fatty acids	Fatty acyls	Fatty alcohols	0.866	0.73	0.905
raw	superclass	Fatty acyls	NPC superclass: Fatty acyls	3422	PET	PS	7950871.9	7950871.9	6818692.42222222	2388006	11907639.3666667	8409250	3956767.46666667	2388006	4591670.43333333	1839571.5	0.00894924419091362	0.802161052044237	0.00123660661111709	NA_[3422_507.53_11.3]	NA	Methoxy-tri(undecyl)silane	[M - H2O + H]+	9	Fatty acids	Fatty acyls	Fatty alcohols	0.935	0.874	0.953
raw	superclass	Fatty acyls	NPC superclass: Fatty acyls	260	Untreated	PET	7654462.66666667	7654462.66666667	14501379.8888889	13981838	10111678.6666667	9890253	15626319.6666667	17901742	17766141.3333333	18403826	0.0086156155470486	0.810776667591286	0.00262990337890563	NA_[260_286.31_1.1]	NA	1-(ethenyloxy)hexadecane	[M + H3N + H]+	67	Fatty acids	Fatty acyls	Fatty alcohols	0.944	0.894	0.906
raw	superclass	Fatty acyls	NPC superclass: Fatty acyls	945	PET	PS	7511162.66666667	7511162.66666667	73762600	73408580	77134468	78142770	69623305.3333333	71885100	74530026.6666667	78394940	0.00845432170296618	0.819230989294252	0.0133772449562197	NA_[945_285.3_3.6]	NA	NA	[M + H]+	58	Fatty acids	Fatty acyls	Hydrocarbons	0.995	0.999	0.973
raw	superclass	Fatty acyls	NPC superclass: Fatty acyls	524	Untreated	PS	7430656.66666667	7430656.66666667	19651393.6666667	18145788	18172976.3333333	17317870	16675274	15841187	24105930.6666667	24921404	0.00836370675382661	0.827594696048079	0.00356388612671061	NA_[524_261.22_2]	NA	Farnesylideneacetone	[M + H]+	3	Fatty acids	Fatty acyls	Fatty aldehydes	0.834	0.785	0.401
raw	superclass	Fatty acyls	NPC superclass: Fatty acyls	271	Untreated	PS	7275640	7275640	27528117.7777778	27518230	27869442.6666667	27802042	23719635.3333333	24748606	30995275.3333333	34795508	0.00818922500879165	0.83578392105687	0.00499237248547365	NA_[271_261.22_1.1]	NA	Farnesylideneacetone	[M + H]+	3	Fatty acids	Fatty acyls	Fatty aldehydes	0.957	0.915	0.535
raw	superclass	Fatty acyls	NPC superclass: Fatty acyls	608	Untreated	PS	6963038.66666667	6963038.66666667	34097147.3333333	33698236	34966992.6666667	33698236	30180705.3333333	28956042	37143744	40243900	0.00783737106099944	0.84362129211787	0.0061837013904921	farnesyl acetone_[608_245.23_2.4]	farnesyl acetone	Farnesylacetone	[M - H2O + H]+	3	Fatty acids	Fatty acyls	Fatty alcohols	0.935	0.782	0.359
raw	superclass	Fatty acyls	NPC superclass: Fatty acyls	153	PS	Untreated	6847465.33333333	6847465.33333333	36310880	36874876	35923952	36180036	39928076.6666667	42632224	33080611.3333333	36874876	0.00770728545592789	0.851328577573798	0.00658517373758379	NA_[153_278.25_0.8]	NA	Farnesylideneacetone	[M + H3N + H]+	3	Fatty acids	Fatty acyls	Fatty aldehydes	0.984	0.948	0.528
raw	superclass	Fatty acyls	NPC superclass: Fatty acyls	1697	Untreated	PS	6460033.33333334	6460033.33333334	148482797.777778	147417380	149181620	142475630	144903370	148418350	151363403.333333	147417380	0.00727120453059265	0.85859978210439	0.0269281554291492	15-tetracosenal_[1697_368.39_6.2]	15-tetracosenal	Tetracos-15-enal	[M + H3N + H]+	92	Fatty acids	Fatty acyls	Fatty alcohols	0.913	0.702	0.508
raw	superclass	Fatty acyls	NPC superclass: Fatty acyls	360	PS	Untreated	5811751.66666667	5811751.66666667	18416758.8888889	18512124	18090329	16952106	21485849.6666667	22510074	15674098	18512124	0.00654151965924004	0.86514130176363	0.00333997845732529	civetone_[360_251.24_1.4]	civetone	cycloheptadec-9-en-1-one	[M + H]+	79	Fatty acids	Fatty acyls	Fatty alcohols	0.955	0.977	0.787
raw	superclass	Fatty acyls	NPC superclass: Fatty acyls	440	PS	Untreated	5324757.66666666	5324757.66666666	22533465	23434142	22052386	23434142	25436383.3333333	28636914	20111625.6666667	19377136	0.00599337496764844	0.871134676731279	0.00408656529213182	farnesyl acetone_[440_245.23_1.7]	farnesyl acetone	Farnesylacetone	[M - H2O + H]+	3	Fatty acids	Fatty acyls	Fatty alcohols	0.906	0.782	0.312
raw	superclass	Fatty acyls	NPC superclass: Fatty acyls	193	PS	Untreated	5137156.83333333	5137156.83333333	14117985.7222222	13616643	13663968	12344660	16913573	17247846	11776416.1666667	13616643	0.00578221753874824	0.876916894270027	0.00256037278098357	farnesyl acetone_[193_280.26_0.9]	farnesyl acetone	Farnesylacetone	[M + H3N + H]+	3	Fatty acids	Fatty acyls	Fatty alcohols	0.987	0.979	0.441
raw	superclass	Fatty acyls	NPC superclass: Fatty acyls	375	PS	Untreated	5120658.16666667	5120658.16666667	13327657.8333333	12263016	12932579	12176072	16085526.3333333	16459039	10964868.1666667	12263016	0.00576364717329883	0.882680541443326	0.00241704255990407	civetone_[375_233.23_1.5]	civetone	cycloheptadec-9-en-1-one	[M - H2O + H]+	3	Fatty acids	Fatty acyls	Fatty alcohols	0.99	0.907	0.658
raw	superclass	Fatty acyls	NPC superclass: Fatty acyls	385	Untreated	PET	4939382.1	4939382.1	9210599.63333333	8632232	6264947.23333333	6497961	10162522.3333333	11076658	11204329.3333333	12107189	0.00555960869714524	0.888240150140471	0.00167039187188043	NA_[385_314.34_1.5]	NA	icos-1-en-1-ol	[M + H3N + H]+	67	Fatty acids	Fatty acyls	Fatty alcohols	0.979	0.71	0.6
raw	superclass	Fatty acyls	NPC superclass: Fatty acyls	371	PS	Untreated	4893592	4893592	19856228.6666667	19000918	19449260.6666667	18584588	22506508.6666667	24398002	17612916.6666667	19000918	0.00550806884194693	0.893748218982418	0.00360103405764861	NA_[371_261.22_1.4]	NA	Farnesylideneacetone	[M + H]+	3	Fatty acids	Fatty acyls	Fatty aldehydes	0.893	0.849	0.453
raw	superclass	Fatty acyls	NPC superclass: Fatty acyls	558	Untreated	PS	4788404.00000001	4788404.00000001	68599734.8888889	68758376	69407523.3333333	69825010	65801638.6666667	65246816	70590042.6666667	75496696	0.00538967263209807	0.899137891614516	0.0124409315498694	NA_[558_242.25_2.2]	NA	Pentadecynol	[M + H3N + H]+	58	Fatty acids	Fatty acyls	Fatty alcohols	0.972	0.96	0.915
raw	superclass	Fatty acyls	NPC superclass: Fatty acyls	335	PET	Untreated	4758081.5	4758081.5	25504320.6111111	28032806	27899817	34885684	25471409.3333333	28032806	23141735.5	14963597	0.00535554260706534	0.904493434221581	0.00462534596471376	NA_[335_331.3_1.3]	NA	2-(Octadecylsulfanyl)ethan-1-ol	[M + H]+	21	Fatty acids	Fatty acyls	Fatty alcohols	0.991	0.966	0.681
raw	superclass	Fatty acyls	NPC superclass: Fatty acyls	357	Untreated	PS	3904623.33333333	3904623.33333333	37359958	34772068	38410184	36960844	34882533.3333333	33424308	38787156.6666667	33896740	0.00439491770500529	0.908888351926587	0.00677542968550565	NA_[357_278.25_1.4]	NA	Farnesylideneacetone	[M + H3N + H]+	3	Fatty acids	Fatty acyls	Fatty aldehydes	0.972	0.931	0.49
raw	superclass	Fatty acyls	NPC superclass: Fatty acyls	316	Untreated	PET	3878244.66666667	3878244.66666667	101953932	100838504	100148733.333333	100838504	101686084.666667	102889120	104026978	100630080	0.0043652267311851	0.913253578657772	0.0184898949144114	farnesyl acetone_[316_263.24_1.3]	farnesyl acetone	Farnesylacetone	[M + H]+	3	Fatty acids	Fatty acyls	Fatty alcohols	0.983	0.967	0.575
raw	superclass	Fatty acyls	NPC superclass: Fatty acyls	1030	PS	Untreated	3469954.83333333	3469954.83333333	11528975.5	10616485	11356964	10311060	13349958.6666667	14693926	9880003.83333333	10615835	0.00390566890342441	0.917159247561196	0.00209084182712859	farnesyl acetone_[1030_280.26_3.8]	farnesyl acetone	Farnesylacetone	[M + H3N + H]+	3	Fatty acids	Fatty acyls	Fatty alcohols	0.987	0.977	0.426
raw	superclass	Fatty acyls	NPC superclass: Fatty acyls	117	Untreated	PET	3233677.16666667	3233677.16666667	8129322.11111111	8073584	6200628.5	6720420.5	8753032.16666667	9622068	9434305.66666667	9440758	0.00363972240567499	0.920798969966871	0.00147429636710672	11-dodecen-1-ol_[117_202.22_0.7]	11-dodecen-1-ol	dodec-11-en-1-ol	[M + H3N + H]+	642	Fatty acids	Fatty acyls	Fatty alcohols	0.891	0.887	0.569
raw	superclass	Fatty acyls	NPC superclass: Fatty acyls	421	PS	Untreated	3181280.83333333	3181280.83333333	9689733.05555556	10521893	9497665.33333333	10521893	11376407.3333333	12928943	8195126.5	6558899	0.00358074678795582	0.924379716754827	0.0017572852996579	NA_[421_253.25_1.7]	NA	16-Heptadecen-2-one	[M + H]+	79	Fatty acids	Fatty acyls	Fatty alcohols	0.997	0.989	0.944
raw	superclass	Fatty acyls	NPC superclass: Fatty acyls	94	Untreated	PET	2951436	2951436	4731294	5151906	3065874.66666667	3278689	5110696.66666667	5713492.5	6017310.66666667	6139017.5	0.00332204087929694	0.927701757634124	0.000858045659967143	NA_[94_232.23_0.6]	NA	(6R)-6-ethyl-1-methoxydecan-5-one	[M + H3N + H]+	308	Fatty acids	Fatty acyls	Fatty alcohols	0.967	0.898	0.709
raw	superclass	Fatty acyls	NPC superclass: Fatty acyls	1300	PS	Untreated	2757416.33333333	2757416.33333333	6443243.11111111	6057456.5	6017365	5230311	8034890.33333333	8126512.5	5277474	6057456.5	0.00310365861925328	0.930805416253377	0.00116851685555835	farnesyl acetone_[1300_280.26_4.7]	farnesyl acetone	Farnesylacetone	[M + H3N + H]+	3	Fatty acids	Fatty acyls	Fatty alcohols	0.961	0.948	0.333
raw	superclass	Fatty acyls	NPC superclass: Fatty acyls	105	PS	PET	2705963.8	2705963.8	1915861.53333333	1013873.6	1013873.6	1013873.6	3719837.4	1013873.6	1013873.6	1013873.6	0.0030457453122811	0.933851161565658	0.000347451812078189	farnesyl acetone_[105_263.24_0.6]	farnesyl acetone	Farnesylacetone	[M + H]+	111	Fatty acids	Fatty acyls	Fatty alcohols	0.966	0.939	0.693
raw	superclass	Fatty acyls	NPC superclass: Fatty acyls	1321	PS	Untreated	2643654.43333333	2643654.43333333	5970205.46666667	5554124	5674881.5	4959318	7439694.66666667	7145419	4796040.23333333	5554124	0.00297561190493981	0.936826773470598	0.00108272892992603	farnesyl acetone_[1321_280.26_4.9]	farnesyl acetone	Farnesylacetone	[M + H3N + H]+	3	Fatty acids	Fatty acyls	Fatty alcohols	0.993	0.979	0.638
raw	superclass	Fatty acyls	NPC superclass: Fatty acyls	644	Untreated	PS	2445052.33333333	2445052.33333333	11879120.7777778	11917309	12117293.3333333	11917309	10537508.3333333	9865463	12982560.6666667	13215237	0.00275207180618306	0.939578845276781	0.00215434255989962	NA_[644_304.26_2.5]	NA	3,4-Dehydroretinal	[M + H3N + H]+	90	Fatty acids	Fatty acyls	Fatty aldehydes	0.94	0.808	0.528
raw	superclass	Fatty acyls	NPC superclass: Fatty acyls	1684	PET	PS	2379348.66666666	2379348.66666666	40479474	39541250	41671840.6666667	39541250	39292492	40226504	40474089.3333333	39335140	0.00267811788457121	0.942256963161353	0.00734117072062163	NA_[1684_369.39_6.2]	NA	Tris(2-ethylhexyl)silane	[M + H]+	311	Fatty acids	Fatty acyls	Fatty alcohols	0.836	0.897	0.237
raw	superclass	Fatty acyls	NPC superclass: Fatty acyls	764	Untreated	PS	2339336	2339336	32008921.5555556	31385400	32745992.6666667	32887694	30470718	30694036	32810054	33865064	0.00263308092142638	0.944890044082779	0.00580499039395421	17-OCTADECEN-14-YN-1-OL_[764_247.24_2.9]	17-OCTADECEN-14-YN-1-OL	17-Octadecen-14-YN-1-OL	[M - H2O + H]+	3	Fatty acids	Fatty acyls	Fatty alcohols	0.968	0.762	0.606
raw	superclass	Fatty acyls	NPC superclass: Fatty acyls	1139	PET	PS	2184809.33333333	2184809.33333333	20284629	20347080	21214315.3333333	22037358	19029506	18932940	20610065.6666667	23327752	0.00245915070453936	0.947349194787318	0.00367872676639703	NA_[1139_312.33_4.2]	NA	icos-2-enal	[M + H3N + H]+	58	Fatty acids	Fatty acyls	Fatty alcohols	0.949	0.905	0.899
raw	superclass	Fatty acyls	NPC superclass: Fatty acyls	1391	PS	Untreated	2071647.23333333	2071647.23333333	4843530.38888889	4683938.5	4728059.73333333	4098494	5937089.33333333	6356546.5	3865442.1	4683938.5	0.00233177910570168	0.94968097389302	0.000878400333842091	farnesyl acetone_[1391_280.26_5.2]	farnesyl acetone	Farnesylacetone	[M + H3N + H]+	3	Fatty acids	Fatty acyls	Fatty alcohols	0.937	0.916	0.349
raw	superclass	Fatty acyls	NPC superclass: Fatty acyls	1246	PS	Untreated	2060842.83333333	2060842.83333333	7315740.94444444	7243993.5	7203570	7021401	8402247.83333333	9151474	6341405	7243993.5	0.00231961802259628	0.952000591915616	0.00132674903880936	farnesyl acetone_[1246_280.26_4.5]	farnesyl acetone	Farnesylacetone	[M + H3N + H]+	3	Fatty acids	Fatty acyls	Fatty aldehydes	0.998	0.958	0.329
raw	superclass	Fatty acyls	NPC superclass: Fatty acyls	154	PS	Untreated	1878070.23333333	1878070.23333333	7290625.64444444	7720718.5	7008040.16666667	6771256.5	8370953.5	9441328	6492883.26666667	7754396	0.00211389509693725	0.954114487012553	0.00132219424382858	NA_[154_261.22_0.8]	NA	Farnesylideneacetone	[M + H]+	3	Fatty acids	Fatty acyls	Fatty aldehydes	0.987	0.959	0.567
raw	superclass	Fatty acyls	NPC superclass: Fatty acyls	2628	PET	Untreated	1869337.33333333	1869337.33333333	10979952.4444444	11443461	11852000	11907288	11105194.6666667	11397249	9982662.66666667	9811864	0.00210406562721647	0.95621855263977	0.00199127353776814	NA_[2628_266.28_8.7]	NA	1,1':3',1''-Tercyclohexane	[M + H3N + H]+	19	Fatty acids	Fatty acyls	Hydrocarbons	0.621	0.842	0.741
raw	superclass	Fatty acyls	NPC superclass: Fatty acyls	2753	PS	PET	1631134.8	1631134.8	1557585.2	1013873.6	1013873.6	1013873.6	2645008.4	1013873.6	1013873.6	1013873.6	0.00183595256181867	0.958054505201589	0.000282476468570555	NA_[2753_479.5_8.9]	NA	Tris-decyl(ethoxy)silane	[M - H2O + H]+	39	Fatty acids	Fatty acyls	Fatty alcohols	0.93	0.802	0.941
raw	superclass	Fatty acyls	NPC superclass: Fatty acyls	253	PS	Untreated	1579226	1579226	15770741.3333333	16318083	15628525.3333333	14526876	16631462.3333333	16974348	15052236.3333333	16318083	0.00177752569584724	0.959832030897436	0.0028601089164045	9E,11E-Hexadecadienal_[253_254.25_1.1]	9E,11E-Hexadecadienal	hexadeca-9,11-dienal	[M + H3N + H]+	58	Fatty acids	Fatty acyls	Fatty aldehydes	0.983	0.971	0.705
raw	superclass	Fatty acyls	NPC superclass: Fatty acyls	1426	Untreated	PS	1571370.16666667	1571370.16666667	7626813.88888889	7249944.5	7493908.5	7249359.5	6907581.5	7249944.5	8478951.66666667	9268004	0.00176868342399236	0.961600714321428	0.0013831637934016	NA_[1426_352.36_5.3]	NA	Tricos-10-ynal	[M + H3N + H]+	58	Fatty acids	Fatty acyls	Fatty alcohols	0.999	0.946	0.561
raw	superclass	Fatty acyls	NPC superclass: Fatty acyls	520	Untreated	PS	1532131.96666667	1532131.96666667	4110023.61111111	3775516.8	3834097.6	3657105.8	3481920.63333333	3363308.2	5014052.6	5308132.5	0.00172451817547265	0.963325232496901	0.000745374927425008	NA_[520_243.21_2]	NA	3-Allyl farnesol	[M - H2O + H]+	3	Fatty acids	Fatty acyls	Fatty aldehydes	0.973	0.885	0.533
raw	superclass	Fatty acyls	NPC superclass: Fatty acyls	1432	PS	Untreated	1510226.8	1510226.8	4175029.62222222	3931965.2	4066508	3475646	4984403.83333333	5101441.5	3474177.03333333	3931965.2	0.00169986242852964	0.96502509492543	0.000757164117804144	farnesyl acetone_[1432_280.26_5.4]	farnesyl acetone	Farnesylacetone	[M + H3N + H]+	3	Fatty acids	Fatty acyls	Fatty alcohols	0.979	0.969	0.466
raw	superclass	Fatty acyls	NPC superclass: Fatty acyls	1252	Untreated	PS	1508706.33333333	1508706.33333333	20185858.7777778	19699660	20115104.6666667	19699660	19466882.6666667	18638842	20975589	22399572	0.00169815104043846	0.966723245965869	0.00366081425440522	7Z-Eicosen-11-one_[1252_312.33_4.6]	7Z-Eicosen-11-one	icos-13-en-10-one	[M + H3N + H]+	58	Fatty acids	Fatty acyls	Fatty alcohols	0.976	0.924	0.913
raw	superclass	Fatty acyls	NPC superclass: Fatty acyls	372	PS	Untreated	1497834.4	1497834.4	4989875.03333333	4854704.5	4832151.83333333	4652256	5817653.83333333	6442786.5	4319819.43333333	4854704.5	0.00168591394399784	0.968409159909867	0.000904940723643483	NA_[372_243.21_1.5]	NA	Farnesylideneacetone	[M - H2O + H]+	3	Fatty acids	Fatty acyls	Fatty aldehydes	0.905	0.878	0.586
raw	superclass	Fatty acyls	NPC superclass: Fatty acyls	889	PET	Untreated	1482152.2	1482152.2	4248308.7	4910868.5	5116540.03333333	6223970	3993998.23333333	4910868.5	3634387.83333333	4487076.5	0.0016682625670148	0.970077422476882	0.000770453673400058	NA_[889_295.28_3.4]	NA	4,6-Bis(aminomethyl)-2,8-diethylnonane-1,9-diamine	[M + Na]+	-1	Fatty acids	Fatty acyls	Acetate-derived alkaloids	0.745	0.785	0.297
raw	superclass	Fatty acyls	NPC superclass: Fatty acyls	1790	Untreated	PS	1401000.66666666	1401000.66666666	22981041.7777778	23527210	22789531.3333333	23085522	22376296.6666667	23527210	23777297.3333333	25806350	0.00157692102643897	0.971654343503321	0.00416773575240639	NA_[1790_394.4_6.5]	NA	hexacosa-17,20-dien-9-one	[M + H3N + H]+	9	Fatty acids	Fatty acyls	Fatty alcohols	0.941	0.726	0.726
raw	superclass	Fatty acyls	NPC superclass: Fatty acyls	2785	PET	Untreated	1296824.66666667	1296824.66666667	9947857.66666667	10108960	10629845.3333333	10885230	9880707	10108960	9333020.66666667	8698116	0.00145966389105076	0.973114007394371	0.00180409758870495	NA_[2785_268.3_9]	NA	9-Octadecyne	[M + H3N + H]+	175	Fatty acids	Fatty acyls	Hydrocarbons	0.362	0.729	0.841
raw	superclass	Fatty acyls	NPC superclass: Fatty acyls	1427	Untreated	PS	1293112	1293112	8095064.11111111	8021798.5	7862547.33333333	8021798.5	7564766.5	7377671.5	8857878.5	9442910	0.00145548503355974	0.974569492427931	0.00146808349421842	NA_[1427_340.36_5.3]	NA	(13Z,16Z)-docosa-13,16-dien-1-ol	[M + H3N + H]+	92	Fatty acids	Fatty acyls	Fatty alcohols	0.958	0.775	0.646
raw	superclass	Fatty acyls	NPC superclass: Fatty acyls	457	PET	PS	1221836.66666667	1221836.66666667	16866321.3333333	16835454	17367503.6666667	17056040	16145667	16835454	17085793.3333333	16641322	0.00137525982419764	0.975944752252129	0.00305879825258754	NA_[457_308.29_1.7]	NA	Icosa-3,5,7-trienal	[M + H3N + H]+	3	Fatty acids	Fatty acyls	Fatty alcohols	0.986	0.935	0.36
raw	superclass	Fatty acyls	NPC superclass: Fatty acyls	3190	PS	Untreated	1180966.4	1180966.4	1869322.48888889	1726908.4	1887155.73333333	1879328.2	2450889.06666667	1013873.6	1269922.66666667	1013873.6	0.00132925757423713	0.977274009826366	0.000339011705607407	NA_[3190_565.61_10.2]	NA	Trioctyl(tetradecyl)silane	[M + H]+	-1	Fatty acids	Fatty acyls	Hydrocarbons	0.921	0.958	0.343
raw	superclass	Fatty acyls	NPC superclass: Fatty acyls	1375	Untreated	PS	1160958.33333333	1160958.33333333	12994821.2222222	13369017	13116090	13369017	12353707.6666667	12769502	13514666	14751211	0.00130673714168079	0.978580746968047	0.00235668084709526	NA_[1375_352.36_5.1]	NA	Tricos-10-ynal	[M + H3N + H]+	58	Fatty acids	Fatty acyls	Unsaturated fatty acids	0.999	0.806	0.431
raw	superclass	Fatty acyls	NPC superclass: Fatty acyls	760	PET	PS	1130026.83333333	1130026.83333333	6869684.27777778	7126077	7486948.66666667	7562026	6356921.83333333	6227118.5	6765182.33333333	7126077	0.00127192164594991	0.979852668613997	0.00124585425887542	4E,9Z-Tetradecadienal_[760_226.22_2.9]	4E,9Z-Tetradecadienal	(4E,9E)-tetradeca-4,9-dienal	[M + H3N + H]+	58	Fatty acids	Fatty acyls	Fatty aldehydes	0.951	0.89	0.795
raw	superclass	Fatty acyls	NPC superclass: Fatty acyls	317	Untreated	PS	1100914.66666667	1100914.66666667	27645827.5555556	27543556	27606648	27543556	27114960	27280494	28215874.6666667	27615818	0.00123915393296153	0.981091822546958	0.00501371978791521	farnesyl acetone_[317_245.23_1.3]	farnesyl acetone	Farnesylacetone	[M - H2O + H]+	3	Fatty acids	Fatty acyls	Fatty alcohols	0.891	0.766	0.341
raw	superclass	Fatty acyls	NPC superclass: Fatty acyls	74	PET	PS	1084789.56666667	1084789.56666667	4635924.91111111	5248646	5266739.23333333	5626931.5	4181949.66666667	4658439.5	4459085.83333333	5248646	0.0012210040420668	0.982312826589025	0.000840749961831256	D-altritol_[74_165.08_0.6]	D-altritol	G-Ol	[M - H2O + H]+	-1	Fatty acids	Fatty acyls	Fatty alcohols	0.976	0.991	0.996
raw	superclass	Fatty acyls	NPC superclass: Fatty acyls	1404	Untreated	PS	1077710.33333333	1077710.33333333	11320825.1111111	11347428	11332591.6666667	10980289	10776086.6666667	11347428	11853797	12523989	0.00121303588604803	0.983525862475073	0.00205309263255167	NA_[1404_352.36_5.2]	NA	2-[(E)-hexadec-2-enyl]-3-[(E)-pent-2-enyl]oxirane	[M + H3N + H]+	-1	Fatty acids	Fatty acyls	Fatty alcohols	0.971	0.959	0.806
raw	superclass	Fatty acyls	NPC superclass: Fatty acyls	2207	PET	PS	869675.666666666	869675.666666666	9946514.72222222	9770490	10276181.6666667	10208817	9406506	9485688	10156856.5	10889300	0.000978878795405519	0.984504741270478	0.00180385403849392	NA_[2207_448.45_7.5]	NA	9a,11a-dimethyl-1-[6-methyl-5-(propan-2-yl)heptan-2-yl]-hexadecahydro-1H-cyclopenta[a]phenanthren-7-ol	[M + H3N + H]+	33	Fatty acids	Fatty acyls	Fatty alcohols	0.99	0.871	0.811
raw	superclass	Fatty acyls	NPC superclass: Fatty acyls	1162	PS	Untreated	784634.766666667	784634.766666667	2476520.7	2276151.8	2504004.13333333	2077330	2855096.36666667	3152584.2	2070461.6	2276151.8	0.000883159509535116	0.985387900780013	0.000449130372886105	NA_[1162_324.33_4.2]	NA	henicos-4-en-1-yn-3-ol	[M + H3N + H]+	58	Fatty acids	Fatty acyls	Unsaturated fatty acids	0.993	0.834	0.443
raw	superclass	Fatty acyls	NPC superclass: Fatty acyls	1531	Untreated	PS	780790.933333333	780790.933333333	4551601.58888889	4454125.5	4579354.16666667	4717933.5	4147329.83333333	4197256.5	4928120.76666667	5229223	0.000878833015087484	0.986266733795101	0.000825457472996957	NA_[1531_366.37_5.8]	NA	15,18,21-Tetracosatrienol	[M + H3N + H]+	58	Fatty acids	Fatty acyls	Fatty alcohols	0.987	0.76	0.376
raw	superclass	Fatty acyls	NPC superclass: Fatty acyls	640	Untreated	PS	778065.066666667	778065.066666667	4602841.41111111	4517006.5	4700632.5	4795746	4164913.33333333	4409455	4942978.4	5284412.5	0.000875764867752364	0.987142498662853	0.000834750090846379	civetone_[640_251.24_2.5]	civetone	cycloheptadec-9-en-1-one	[M + H]+	3	Fatty acids	Fatty acyls	Fatty alcohols	0.971	0.976	0.84
raw	superclass	Fatty acyls	NPC superclass: Fatty acyls	1186	Untreated	PS	763731.666666667	763731.666666667	5452654.11111111	5275684.5	5257740.66666667	5275684.5	5168245	5116078.5	5931976.66666667	6485502	0.000859631656414116	0.988002130319267	0.000988868202935791	NA_[1186_312.33_4.4]	NA	icos-2-enal	[M + H3N + H]+	58	Fatty acids	Fatty acyls	Fatty alcohols	0.959	0.881	0.825
raw	superclass	Fatty acyls	NPC superclass: Fatty acyls	602	Untreated	PS	753424.600000001	753424.600000001	4578682.24444444	4517541.5	4555618	4517541.5	4213502.06666667	3951333.2	4966926.66666667	5251300	0.000848030355619416	0.988850160674887	0.000830368695797423	NA_[602_184.17_2.4]	NA	Cyclobutyl(cyclohexyl)methanone	[M + H3N + H]+	58	Fatty acids	Fatty acyls	Fatty aldehydes	0.76	0.717	0.68
raw	superclass	Fatty acyls	NPC superclass: Fatty acyls	762	Untreated	PS	745550.566666666	745550.566666666	5003211.64444444	4864443	5157025.83333333	4864443	4553529.26666667	4793801.5	5299079.83333333	5310336	0.000839167598433327	0.98968932827332	0.000907359389928554	NA_[762_240.23_2.9]	NA	1,13-Pentadecadienal	[M + H3N + H]+	58	Fatty acids	Fatty acyls	Fatty aldehydes	0.913	0.795	0.669
raw	superclass	Fatty acyls	NPC superclass: Fatty acyls	1104	Untreated	PS	721989.433333333	721989.433333333	4785813.53333333	4485258.5	4760537.83333333	4485258.5	4437456.66666667	4385775	5159446.1	5411561	0.00081264794898272	0.990501976222303	0.000867933071098242	12Z-Nonadecen-9-one_[1104_298.31_4.1]	12Z-Nonadecen-9-one	nonadec-12-en-9-one	[M + H3N + H]+	58	Fatty acids	Fatty acyls	Fatty alcohols	0.997	0.977	0.88
raw	superclass	Fatty acyls	NPC superclass: Fatty acyls	759	Untreated	PS	707962.5	707962.5	5922915.55555556	5812169	6064044.16666667	6146023.5	5498370	5431990	6206332.5	6146195	0.000796859686609928	0.991298835908913	0.00107415264973944	geranyl acetone_[759_212.2_2.9]	geranyl acetone	Geranylacetone	[M + H3N + H]+	58	Fatty acids	Fatty acyls	Fatty aldehydes	0.922	0.851	0.594
raw	superclass	Fatty acyls	NPC superclass: Fatty acyls	1179	Untreated	PS	699970.633333334	699970.633333334	3689754.66666667	3609393.2	3689588.5	3693019.8	3339852.43333333	3374248.5	4039823.06666667	4384425	0.000787864300035882	0.992086700208949	0.000669156889864981	NA_[1179_324.33_4.3]	NA	henicosa-1,6-dien-11-one	[M + H3N + H]+	58	Fatty acids	Fatty acyls	Fatty alcohols	0.987	0.978	0.792
raw	superclass	Fatty acyls	NPC superclass: Fatty acyls	16	PET	Untreated	634122.433333333	634122.433333333	1425553.37777778	1013873.6	1842585.1	1807332.5	1225612.36666667	1013873.6	1208462.66666667	1013873.6	0.000713747696379858	0.992800447905329	0.000258531786199235	tetraglyme_[16_240.18_0.5]	tetraglyme	2,5,8,11,14-pentaoxapentadecane	[M + H3N + H]+	773	Fatty acids	Fatty acyls	Fatty alcohols	0.98	0.951	0.978
raw	superclass	Fatty acyls	NPC superclass: Fatty acyls	1478	Untreated	PS	584029.333333333	584029.333333333	6373925.94444444	6288650.5	6318596.16666667	6288650.5	6109576.16666667	6084547	6693605.5	6530097	0.000657364523588474	0.993457812428917	0.00115594581388993	NA_[1478_340.36_5.6]	NA	(13Z,16Z)-docosa-13,16-dien-1-ol	[M + H3N + H]+	58	Fatty acids	Fatty acyls	Fatty alcohols	0.948	0.735	0.758
raw	superclass	Fatty acyls	NPC superclass: Fatty acyls	554	Untreated	PS	537864.066666666	537864.066666666	5063144.7	4895296	5040681.5	5162139	4805444.26666667	4895296	5343308.33333333	4781950.5	0.000605402392927226	0.994063214821844	0.000918228572483689	NA_[554_312.33_2.1]	NA	icos-2-enal	[M + H3N + H]+	-1	Fatty acids	Fatty acyls	Fatty alcohols	0.993	0.921	0.8
raw	superclass	Fatty acyls	NPC superclass: Fatty acyls	1042	PET	PS	515686.5	515686.5	4658541	4725575	4834625.66666667	4858590.5	4318939.16666667	4608134	4822058.16666667	5447139	0.000580440041356669	0.994643654863201	0.000844851511410831	NA_[1042_293.28_3.8]	NA	(7E,11E)-8,12,16-trimethylheptadeca-7,11,15-trien-1-ol	[M + H]+	3	Fatty acids	Fatty acyls	Fatty alcohols	0.953	0.847	0.512
raw	superclass	Fatty acyls	NPC superclass: Fatty acyls	670	Untreated	PS	495979.533333333	495979.533333333	4110644.58888889	3977046	4035618.1	3280202.8	3900168.06666667	3977046	4396147.6	4767498	0.000558258517219398	0.99520191338042	0.000745487545090948	NA_[670_294.28_2.6]	NA	5,6,10,14-Tetramethylpentadeca-5,9,13-trien-2-one	[M + H3N + H]+	19	Fatty acids	Fatty acyls	Fatty alcohols	0.914	0.874	0.354
raw	superclass	Fatty acyls	NPC superclass: Fatty acyls	700	Untreated	PS	495119.966666667	495119.966666667	2937785.1	2942629.8	3004751.66666667	2942629.8	2656741.83333333	2607424.8	3151861.8	3609025	0.000557291016787356	0.995759204397208	0.000532783157202055	NA_[700_294.28_2.7]	NA	nonadeca-10,13,16,18-tetraen-1-ol	[M + H3N + H]+	19	Fatty acids	Fatty acyls	Fatty alcohols	0.995	0.987	0.535
raw	superclass	Fatty acyls	NPC superclass: Fatty acyls	765	Untreated	PS	460815.133333333	460815.133333333	3452092.63333333	3428640.8	3423542.23333333	3463105.5	3235960.26666667	3235154.5	3696775.4	3792664.2	0.000518678606187633	0.996277883003395	0.000626055599553994	NA_[765_184.17_2.9]	NA	Cyclobutyl(cyclohexyl)methanone	[M + H3N + H]+	58	Fatty acids	Fatty acyls	Fatty aldehydes	0.841	0.772	0.729
raw	superclass	Fatty acyls	NPC superclass: Fatty acyls	548	Untreated	PET	448239.333333333	448239.333333333	1995976.93333333	1932823.1	1743296.36666667	1717622.2	2053098.73333333	1963001.2	2191535.7	2271627.5	0.000504523692549031	0.996782406695944	0.000361981171544443	NA_[548_270.32_2.1]	NA	Dinonylamine	[M + H]+	-1	Fatty acids	Fatty acyls	Sphingoid bases	0.975	0.842	0.556
raw	superclass	Fatty acyls	NPC superclass: Fatty acyls	1072	Untreated	PS	427326.166666667	427326.166666667	6037851.61111111	5786930.5	6082801	5643613.5	5801713.83333333	5786930.5	6229040	6277985.5	0.000480984508713699	0.997263391204658	0.00109499692271068	NA_[1072_298.31_3.9]	NA	cyclononadecanone	[M + H3N + H]+	58	Fatty acids	Fatty acyls	Fatty alcohols	0.994	0.986	0.933
raw	superclass	Fatty acyls	NPC superclass: Fatty acyls	802	Untreated	PS	415469.866666667	415469.866666667	2548307.02222222	2647300	2639887.26666667	2823795.8	2294781.96666667	2647300	2710251.83333333	2619703.8	0.000467639440998455	0.997731030645656	0.000462149209218783	civetone_[802_268.26_3.1]	civetone	cycloheptadec-9-en-1-one	[M + H3N + H]+	58	Fatty acids	Fatty acyls	Fatty alcohols	0.955	0.924	0.771
raw	superclass	Fatty acyls	NPC superclass: Fatty acyls	1308	Untreated	PS	393888.7	393888.7	3463136.9	3494868	3526767.53333333	3581766.8	3234377.23333333	3221006.2	3628265.93333333	4049965.8	0.000443348377973681	0.99817437902363	0.000628058536822498	NA_[1308_326.34_4.8]	NA	NA	[M + H3N + H]+	92	Fatty acids	Fatty acyls	Fatty alcohols	0.961	0.826	0.818
raw	superclass	Fatty acyls	NPC superclass: Fatty acyls	648	PET	PS	365516.9	365516.9	2033061.1	2282632.8	2205606.86666667	2695898.5	1840089.96666667	2223763.5	2053486.46666667	2518200	0.000411413997753599	0.998585793021384	0.000368706584985635	NA_[648_266.25_2.5]	NA	NA	[M + H3N + H]+	19	Fatty acids	Fatty acyls	Fatty alcohols	0.913	0.785	0.687
raw	superclass	Fatty acyls	NPC superclass: Fatty acyls	1649	PS	Untreated	343741.3	343741.3	3248408.27777778	3185026.8	3259536.46666667	3185026.8	3414714.83333333	3562574.5	3070973.53333333	2556082.8	0.000386904086858964	0.998972697108243	0.000589116344185875	farnesyl acetone_[1649_280.26_6.1]	farnesyl acetone	Farnesylacetone	[M + H3N + H]+	3	Fatty acids	Fatty acyls	Fatty alcohols	0.977	0.965	0.382
raw	superclass	Fatty acyls	NPC superclass: Fatty acyls	1511	Untreated	PS	278000.766666667	278000.766666667	2440589	2389909.8	2518518.03333333	2529954.8	2262624.1	2245574.5	2540624.86666667	2663386.2	0.000312908669319801	0.999285605777563	0.000442613965484612	NA_[1511_354.37_5.7]	NA	(E)-tricos-7-en-11-one	[M + H3N + H]+	58	Fatty acids	Fatty acyls	Fatty alcohols	0.977	0.819	0.788
raw	superclass	Fatty acyls	NPC superclass: Fatty acyls	876	Untreated	PS	241966.1	241966.1	1387102.46666667	1356208.8	1413042.83333333	1356208.8	1253149.23333333	1302220.2	1495115.33333333	1480788.1	0.00027234921428215	0.999557954991845	0.000251558506288777	NA_[876_279.27_3.4]	NA	nonadeca-10,13-dien-2-one	[M + H]+	3	Fatty acids	Fatty acyls	Fatty alcohols	0.995	0.976	0.499
raw	superclass	Fatty acyls	NPC superclass: Fatty acyls	988	PET	Untreated	126498.933333333	126498.933333333	1798255.97777778	1906207.8	1856987.63333333	1906207.8	1807291.6	1745155.8	1730488.7	1967013	0.000142383106975991	0.999700338098821	0.000326123410898201	NA_[988_298.31_3.7]	NA	Nonadec-1-yn-1-ol	[M + H3N + H]+	58	Fatty acids	Fatty acyls	Fatty alcohols	0.952	0.809	0.83
raw	superclass	Fatty acyls	NPC superclass: Fatty acyls	14	PET	PS	103747.5	103747.5	1066273.68888889	1013873.6	1117621.1	1013873.6	1013873.6	1013873.6	1067326.36666667	1013873.6	0.000116774829650672	0.999817112928471	0.00019337447875534	pentaethylene glycol_[14_256.18_0.5]	pentaethylene glycol	NA	[M + H3N + H]+	133	Fatty acids	Fatty acyls	Fatty alcohols	0.974	0.895	0.954
raw	superclass	Fatty acyls	NPC superclass: Fatty acyls	896	PET	PS	83273.1666666666	83273.1666666666	1041631.32222222	1013873.6	1097146.76666667	1013873.6	1013873.6	1013873.6	1013873.6	1013873.6	9.37295824185833e-05	0.99991084251089	0.000188905452782815	NA_[896_326.31_3.4]	NA	Icos-6-en-11-yne-6,7-diol	[M + H3N + H]+	420	Fatty acids	Fatty acyls	Fatty alcohols	0.979	0.728	0.549
raw	superclass	Fatty acyls	NPC superclass: Fatty acyls	1223	PET	PS	79211.1333333335	79211.1333333335	1888390.84444444	1917970.2	1920744.16666667	1915709.5	1841533.03333333	1917970.2	1902895.33333333	2020878.1	8.91574891099704e-05	1	0.000342469854631152	NA_[1223_350.34_4.5]	NA	6,10,14,18-Tetramethyl-5,9,13,17-nonadecatetraene-2-ol	[M + H3N + H]+	58	Fatty acids	Fatty acyls	Fatty alcohols	0.983	0.915	0.846
raw	superclass	Fatty acyls	NPC superclass: Fatty acyls	3030	PET	PET	0	0	1013873.6	1013873.6	1013873.6	1013873.6	1013873.6	1013873.6	1013873.6	1013873.6	0	1	0.000183871440294191	NA_[3030_268.3_9.6]	NA	9-Octadecyne	[M + H3N + H]+	175	Fatty acids	Fatty acyls	Hydrocarbons	0.424	0.789	0.89
raw	superclass	Fatty acyls	NPC superclass: Fatty acyls	3195	PET	PET	0	0	1013873.6	1013873.6	1013873.6	1013873.6	1013873.6	1013873.6	1013873.6	1013873.6	0	1	0.000183871440294191	NA_[3195_479.5_10.2]	NA	Tris-decyl(ethoxy)silane	[M - H2O + H]+	39	Fatty acids	Fatty acyls	Fatty alcohols	0.885	0.704	0.894
raw	superclass	Fatty acyls	NPC superclass: Fatty acyls	3320	PET	PET	0	0	1013873.6	1013873.6	1013873.6	1013873.6	1013873.6	1013873.6	1013873.6	1013873.6	0	1	0.000183871440294191	NA_[3320_479.5_10.8]	NA	Tris-decyl(ethoxy)silane	[M - H2O + H]+	39	Fatty acids	Fatty acyls	Fatty alcohols	0.901	0.735	0.911
raw	superclass	Fatty acyls	NPC superclass: Fatty acyls	3401	PET	PET	0	0	1013873.6	1013873.6	1013873.6	1013873.6	1013873.6	1013873.6	1013873.6	1013873.6	0	1	0.000183871440294191	NA_[3401_479.5_11.3]	NA	Tris-decyl(ethoxy)silane	[M - H2O + H]+	-1	Fatty acids	Fatty acyls	Fatty alcohols	0.967	0.902	0.962
raw	superclass	Fatty amides	NPC superclass: Fatty amides	1629	PS	PET	691818113.333333	691818113.333333	1499362951.11111	1451871600	1078025853.33333	1139593300	1769843966.66667	2006900700	1650219033.33333	1696832600	0.29355935381703	0.29355935381703	0.196434497599307	N-palmitoylhexadecasphinganine_[1629_512.5_6.1]	N-palmitoylhexadecasphinganine	N-[2-Hydroxy-1-(hydroxymethyl)pentadecyl]hexadecanamide	[M + H]+	21	Fatty acids	Fatty amides	N-acyl amines	1	0.995	0.573
raw	superclass	Fatty amides	NPC superclass: Fatty amides	2723	PET	Untreated	461467700	461467700	1367497433.33333	1480857000	1527187300	1480857000	1509585400	1549468400	1065719600	1035734400	0.195814705062745	0.489374058879775	0.179158536020988	NA_[2723_480.51_8.9]	NA	N-decyldocosanamide	[M + H]+	84	Fatty acids	Fatty amides	Primary amides	0.999	0.997	0.833
raw	superclass	Fatty amides	NPC superclass: Fatty amides	755	Untreated	PS	187041946.666667	187041946.666667	906325660	915015700	891861466.666667	907866900	820036783.333333	792234300	1007078730	1005184450	0.0793675562144326	0.568741615094207	0.118739512371923	NA_[755_563.55_2.9]	NA	N-octadec-9-enoyloctadec-9-enamide	[M + H3N + H]+	99	Fatty acids	Fatty amides	Primary amides	1	0.99	0.679
raw	superclass	Fatty amides	NPC superclass: Fatty amides	2866	PS	Untreated	57494126.3333333	57494126.3333333	27800636.2222222	8151158	14737658.3333333	10644839	63079188.3333333	7321990.5	5585062	5546482	0.0243964970696797	0.593138112163887	0.00364221618601848	NA_[2866_480.51_9.2]	NA	N-decyldocosanamide	[M + H]+	-1	Fatty acids	Fatty amides	Primary amides	0.998	0.995	0.506
raw	superclass	Fatty amides	NPC superclass: Fatty amides	2295	PET	Untreated	52012543.3333333	52012543.3333333	511215063.333333	521105300	534022610	541236700	517612513.333333	521105300	482010066.666667	459944700	0.0220704955783035	0.61520860774219	0.0669752937783772	NA_[2295_424.45_7.7]	NA	1-[Docosyl(1-hydroxypropyl)amino]propan-1-ol	[M - H2O + H]+	92	Fatty acids	Fatty amides	N-acyl amines	1	0.995	0.724
raw	superclass	Fatty amides	NPC superclass: Fatty amides	2834	PS	Untreated	50466352.1666667	50466352.1666667	28301947.2777778	11305094	15007018.3333333	11371385	60182587.8333333	8200814.5	9716235.66666667	11305094	0.0214143998921451	0.636623007634336	0.00370789393620302	NA_[2834_480.51_9.1]	NA	N-decyldocosanamide	[M + H]+	84	Fatty acids	Fatty amides	Primary amides	0.998	0.994	0.568
raw	superclass	Fatty amides	NPC superclass: Fatty amides	2506	PET	Untreated	44640603.3333334	44640603.3333334	303734870	307817700	319605016.666667	322837300	316635180	310152100	274964413.333333	289350900	0.0189423584262553	0.655565366060591	0.039792904411588	NA_[2506_452.48_8.3]	NA	1-[1-Hydroxypropyl(tetracosyl)amino]propan-1-ol	[M - H2O + H]+	163	Fatty acids	Fatty amides	N-acyl amines	1	0.995	0.626
raw	superclass	Fatty amides	NPC superclass: Fatty amides	2646	PS	PET	40128264.6666667	40128264.6666667	54900935.1111111	51313708	33278670.6666667	37142280	73406935.3333333	85695080	58017199.3333333	54566860	0.0170276366263188	0.67259300268691	0.00719267979663724	Cer(d18:0/17:0)_[2646_554.55_8.7]	Cer(d18:0/17:0)	C17 dihydro Ceramide (d18:0/17:0)	[M + H]+	21	Fatty acids	Fatty amides	N-acyl amines	1	0.932	0.538
raw	superclass	Fatty amides	NPC superclass: Fatty amides	2815	PS	Untreated	38345888.1666667	38345888.1666667	23797897.8333333	11198095	12755012.6666667	11433388	48492284.5	8200814.5	10146396.3333333	11198095	0.0162713203583367	0.688864323045246	0.00311780953460684	NA_[2815_480.51_9.1]	NA	N-decyldocosanamide	[M + H]+	84	Fatty acids	Fatty amides	Primary amides	0.999	0.997	0.577
raw	superclass	Fatty amides	NPC superclass: Fatty amides	841	PET	Untreated	36581430	36581430	67786853.5555556	64571000	81664980	68618300	76612030.6666667	72373304	45083550	43552050	0.0155226073812391	0.704386930426485	0.00888088938849377	N-(2R-methyl-3-hydroxy-ethyl)-16,16-dimethyl-5Z,8Z,11Z,14Z-docosatetraenoyl amine_[841_435.39_3.3]	N-(2R-methyl-3-hydroxy-ethyl)-16,16-dimethyl-5Z,8Z,11Z,14Z-docosatetraenoyl amine	(5Z,8Z,11Z,14Z)-N-[(2S)-1-hydroxypropan-2-yl]-16,16-dimethyldocosa-5,8,11,14-tetraenamide	[M + H3N + H]+	18	Fatty acids	Fatty amides	N-acyl ethanolamines (endocannabinoids)	0.987	0.854	0.386
raw	superclass	Fatty amides	NPC superclass: Fatty amides	603	Untreated	PS	35471980	35471980	138677877.777778	131850470	131236740	131850470	124662456.666667	114817790	160134436.666667	176358340	0.0150518341840427	0.719438764610528	0.0181684622987574	NA_[603_559.52_2.4]	NA	(9Z,12Z)-N-[(9Z,12Z)-octadeca-9,12-dienoyl]octadeca-9,12-dienamide	[M + H3N + H]+	102	Fatty acids	Fatty amides	Primary amides	0.999	0.83	0.108
raw	superclass	Fatty amides	NPC superclass: Fatty amides	323	PET	PS	26077216.6666667	26077216.6666667	157731960	140758620	169487713.333333	167820510	143410496.666667	140758620	160297670	133703710	0.0110653518988233	0.730504116509351	0.0206647751933534	NA_[323_336.25_1.3]	NA	2-Tridecyl-2-oxazoline-4,4-dimethanol	[M + Na]+	31	Fatty acids	Fatty amides	N-acyl amines	0.99	0.967	0.403
raw	superclass	Fatty amides	NPC superclass: Fatty amides	429	PS	Untreated	24589872.6666667	24589872.6666667	81633257.7777778	87530630	82337367.3333333	87530630	93576139.3333333	108517910	68986266.6666667	57093360	0.0104342268456791	0.740938343355031	0.0106949341165788	NA_[429_339.3_1.7]	NA	N-ethoxyoctadeca-9,12,15-trienamide	[M + H3N + H]+	102	Fatty acids	Fatty amides	Primary amides	0.999	0.871	0.305
raw	superclass	Fatty amides	NPC superclass: Fatty amides	550	Untreated	PS	18937166.6666667	18937166.6666667	62096880.2222222	60984444	58879698	53126524	54236888	49996204	73174054.6666667	77567630	0.00803561268872637	0.748973956043757	0.00813543475907365	NA_[550_507.49_2.1]	NA	(E)-N-[(E)-hexadec-9-enoyl]hexadec-9-enamide	[M + H3N + H]+	99	Fatty acids	Fatty amides	Primary amides	1	0.986	0.631
raw	superclass	Fatty amides	NPC superclass: Fatty amides	2942	PS	PET	18330114	18330114	26822881.1111111	22269948	16889529.6666667	18675658	35219643.6666667	43246616	28359470	28687738	0.00777802187818667	0.756751977921944	0.00351411856036758	NA_[2942_582.58_9.4]	NA	N-(1,3-dihydroxyoctadecan-2-yl)nonadecanamide	[M + H]+	21	Fatty acids	Fatty amides	N-acyl amines	0.999	0.971	0.477
raw	superclass	Fatty amides	NPC superclass: Fatty amides	3074	PS	Untreated	17547662	17547662	18999138.1111111	13725790	16240675.6666667	16309985	29152200.3333333	12678142	11604538.3333333	10998239	0.00744600382447294	0.764197981746417	0.0024891145582264	NA_[3074_534.56_9.7]	NA	N-(octadecanoyl)-1-deoxysphinganine	[M - H2O + H]+	-1	Fatty acids	Fatty amides	N-acyl ethanolamines (endocannabinoids)	0.994	0.778	0.588
raw	superclass	Fatty amides	NPC superclass: Fatty amides	310	Untreated	PET	17263400	17263400	141499930	141639100	135118070	141639100	137000250	134633950	152381470	160898290	0.00732538285860567	0.771523364605022	0.0185381849266645	NA_[310_320.26_1.3]	NA	(3S,5S,7S,9R,11S,13S)-5,9,11-Triaminopentadecane-1,3,7,13,15-pentaol	[M - H2O + H]+	-1	Fatty acids	Fatty amides	N-acyl amines	0.833	0.787	0.852
raw	superclass	Fatty amides	NPC superclass: Fatty amides	3102	PS	Untreated	17261676.6666667	17261676.6666667	36855703.5555556	33683796	38913014	40542612	44457886.6666667	33683796	27196210	26179828	0.00732465159613943	0.778848016201162	0.00482853841775903	NA_[3102_536.58_9.8]	NA	N-hydroxy-N-octadecyloctadecan-1-amine oxide	[M - H2O + H]+	306	Fatty acids	Fatty amides	N-acyl amines	1	0.992	0.829
raw	superclass	Fatty amides	NPC superclass: Fatty amides	439	Untreated	PS	16551336.6666667	16551336.6666667	153734287.777778	153781870	154919980	159429230	144865773.333333	142931020	161417110	153781870	0.00702323284550039	0.785871249046662	0.0201410322704294	oleoyl ethanolamide_[439_343.33_1.7]	oleoyl ethanolamide	N-(2-hydroxyethyl)octadec-9-enamide	[M + H3N + H]+	159	Fatty acids	Fatty amides	Primary amides	1	0.985	0.707
raw	superclass	Fatty amides	NPC superclass: Fatty amides	351	PS	PET	14755796	14755796	23002823.5555556	23485118	13519734	14235879	28275530	31338602	27213206.6666667	28038500	0.0062613306233698	0.792132579670032	0.00301364528525436	NA_[351_331.34_1.4]	NA	N-{3-[(3-aminopropyl)amino]propyl}dodecanamide	[M + H3N + H]+	21	Fatty acids	Fatty amides	Primary amides	0.968	0.799	0.697
raw	superclass	Fatty amides	NPC superclass: Fatty amides	1971	PS	Untreated	14683879.7	14683879.7	14007547.6555556	9311273	10801092.6666667	7384892.5	22952715	16535404	8268835.3	6365494	0.00623081436172526	0.798363394031757	0.00183515644712866	N-stearoylhexadecasphinganine_[1971_562.52_6.9]	N-stearoylhexadecasphinganine	2-Octadecanoylaminohexadecane-1,3-diol	[M + Na]+	102	Fatty acids	Fatty amides	N-acyl amines	1	0.938	0.243
raw	superclass	Fatty amides	NPC superclass: Fatty amides	330	Untreated	PS	14042573.3333333	14042573.3333333	54471140.6666667	56972212	57023003.3333333	59296876	46173922.6666667	41591716	60216496	63592388	0.00595868867005996	0.804322082701817	0.00713637157873519	N-octadecanoylglycinate_[330_359.33_1.3]	N-octadecanoylglycinate	Stearoylglycine	[M + H3N + H]+	631	Fatty acids	Fatty amides	N-acyl ethanolamines (endocannabinoids)	1	0.996	0.915
raw	superclass	Fatty amides	NPC superclass: Fatty amides	650	Untreated	PS	13854002.2666667	13854002.2666667	10436133.8888889	7412919.5	6045065.93333333	5901954	5704666.73333333	6612428.5	19558669	18187474	0.00587867226197181	0.810200754963789	0.00136725848522789	Kalihinol A_[650_415.21_2.5]	Kalihinol A	Kalihinol A	[M + Na]+	186	Fatty acids	Fatty amides	N-acyl amines	0.992	0.811	0.134
raw	superclass	Fatty amides	NPC superclass: Fatty amides	307	Untreated	PS	12346136	12346136	56040907.5555556	56532332	53246370.6666667	55575270	51265108	47196716	63611244	57299456	0.00523883899025768	0.815439593954047	0.00734202983508894	NA_[307_343.33_1.3]	NA	(E)-N-(2-Hydroxyethyl)-6-octadeceneamide	[M + H3N + H]+	102	Fatty acids	Fatty amides	N-acyl ethanolamines (endocannabinoids)	1	0.998	0.985
raw	superclass	Fatty amides	NPC superclass: Fatty amides	2829	PS	Untreated	11571982	11571982	20067420	20400362	22641086	21848894	24566578	20400362	12994596	13663640	0.00491034202896842	0.820349935983015	0.00262907227559084	NA_[2829_494.53_9.1]	NA	Tritriacontanamide	[M + H]+	92	Fatty acids	Fatty amides	Primary amides	0.999	0.998	0.76
raw	superclass	Fatty amides	NPC superclass: Fatty amides	289	PS	Untreated	9780950.66666666	9780950.66666666	25743084.8888889	24963406	24637806.6666667	22852638	31186199.3333333	29905924	21405248.6666667	24963406	0.0041503532533839	0.824500289236399	0.00337265232748202	N-[(9Z)-hexadecenoyl]glycinate_[289_334.24_1.2]	N-[(9Z)-hexadecenoyl]glycinate	Palmitoleoylglycine	[M + Na]+	-1	Fatty acids	Fatty amides	Nitro fatty acids	0.994	0.84	0.406
raw	superclass	Fatty amides	NPC superclass: Fatty amides	275	Untreated	PS	9388035.66666667	9388035.66666667	16341775.6666667	17019518	15336002	17019518	12150644.6666667	10394108	21538680.3333333	22032610	0.00398362753273276	0.828483916769132	0.00214096826294354	NA_[275_318.24_1.1]	NA	1,3-Propanediol, 2-methyl-2-propyl-, carbamate cyclohexanecarbamate	[M + H3N + H]+	-1	Fatty acids	Fatty amides	N-acyl amines	0.811	0.814	0.589
raw	superclass	Fatty amides	NPC superclass: Fatty amides	361	PS	Untreated	9056318.66666666	9056318.66666666	30358311.3333333	31225668	30059859.3333333	28110410	35035696.6666667	39249060	25979378	31225668	0.00384286997479468	0.832326786743926	0.003977302247136	NA_[361_280.24_1.4]	NA	N-[2-(2-oxoimidazolidin-1-yl)ethyl]undecanamide	[M - H2O + H]+	3	Fatty acids	Fatty amides	Primary amides	0.928	0.927	0.554
raw	superclass	Fatty amides	NPC superclass: Fatty amides	273	Untreated	PS	9042057.5	9042057.5	17504009.9444444	18613262	17099849.3333333	18613262	13185061.5	10136589	22227119	21116546	0.00383681853036058	0.836163605274287	0.00229323486808993	linoleoyl ethanolamide_[273_341.32_1.1]	linoleoyl ethanolamide	N-(2-hydroxyethyl)octadeca-9,12-dienamide	[M + H3N + H]+	102	Fatty acids	Fatty amides	N-acyl ethanolamines (endocannabinoids)	1	0.996	0.972
raw	superclass	Fatty amides	NPC superclass: Fatty amides	943	PET	PS	7681805.33333334	7681805.33333334	48035190	49173704	51203341.3333333	49980584	43521536	44238804	49380692.6666667	52340964	0.00325962238678045	0.839423227661067	0.00629318498749408	NA_[943_567.58_3.6]	NA	N-[(E)-3-hydroxyoctadec-4-en-2-yl]octadecanamide	[M + H3N + H]+	24	Fatty acids	Fatty amides	Ceramides	1	0.958	0.62
raw	superclass	Fatty amides	NPC superclass: Fatty amides	2385	PET	Untreated	7562395.66666667	7562395.66666667	6766096.62222222	5250704.5	11620826.9333333	12877233	4619031.66666667	5259324.5	4058431.26666667	4686677.5	0.0032089532529278	0.842632180913995	0.000886439664065101	NA_[2385_412.38_8]	NA	N-[(E)-1,3-dihydroxynon-4-en-2-yl]hexadecanamide	[M + H]+	20	Fatty acids	Fatty amides	N-acyl amines	0.997	0.773	0.241
raw	superclass	Fatty amides	NPC superclass: Fatty amides	637	Untreated	PS	7048403.33333333	7048403.33333333	25759821.3333333	25154132	25280908.6666667	24702914	22475076	22513018	29523479.3333333	31301286	0.00299085075700841	0.845623031671003	0.00337484500208	NA_[637_547.52_2.5]	NA	3,5-Bis(1,1-dimethylethyl)-4-hydroxy-N-octadecylbenzenepropanamide	[M + H3N + H]+	99	Fatty acids	Fatty amides	N-acyl ethanolamines (endocannabinoids)	0.994	0.713	0.159
raw	superclass	Fatty amides	NPC superclass: Fatty amides	669	Untreated	PS	6818366.66666667	6818366.66666667	74941671.1111111	74730310	76405800	74914000	70800423.3333333	68952670	77618790	82086170	0.00289323924045601	0.84851627091146	0.00981825614875601	NA_[669_511.52_2.6]	NA	N-amino-N-hydroxydotriacontanamide	[M + H]+	24	Fatty acids	Fatty amides	N-acyl amines	0.999	0.994	0.638
raw	superclass	Fatty amides	NPC superclass: Fatty amides	2964	PET	Untreated	6414603.13333333	6414603.13333333	6251163.46666667	3944508	9283519.26666667	4019519.8	6601055	2945694	2868916.13333333	2647711	0.00272191015893035	0.85123818107039	0.000818977255691049	NA_[2964_480.51_9.4]	NA	Dotriacontanamide	[M + H]+	84	Fatty acids	Fatty amides	N-acyl amines	0.995	0.99	0.302
raw	superclass	Fatty amides	NPC superclass: Fatty amides	258	PS	Untreated	6320583.5	6320583.5	20751599.0555556	23287258	18741642	16530586	24916869.3333333	25444868	18596285.8333333	23287258	0.00268201478430007	0.85392019585469	0.00271870792314798	(9E)-9-nitrooctadecenoic acid_[258_350.23_1.1]	(9E)-9-nitrooctadecenoic acid	9-nitro-9E-octadecenoic acid	[M + Na]+	-1	Fatty acids	Fatty amides	N-acyl amines	0.919	0.836	0.321
raw	superclass	Fatty amides	NPC superclass: Fatty amides	3101	PS	Untreated	6316150.13333333	6316150.13333333	4819964.8	1013873.6	6115997.06666667	1013873.6	7330023.73333333	1013873.6	1013873.6	1013873.6	0.00268013357270873	0.856600329427399	0.000631473095445441	NA_[3101_508.54_9.8]	NA	1-(Dihexadecylamino)ethane-1,1-diol	[M - H2O + H]+	86	Fatty acids	Fatty amides	N-acyl amines	1	0.992	0.569
raw	superclass	Fatty amides	NPC superclass: Fatty amides	2021	PET	Untreated	6285873.33333334	6285873.33333334	153239615.555556	153177580	157187780	152177260	151629160	153177580	150901906.666667	158992860	0.00266728621055913	0.859267615637958	0.0200762242868944	NA_[2021_396.42_7]	NA	hexacosanamide	[M + H]+	92	Fatty acids	Fatty amides	N-acyl amines	1	0.999	0.762
raw	superclass	Fatty amides	NPC superclass: Fatty amides	1938	PS	PET	6165758.13333333	6165758.13333333	3501660.68888889	1013873.6	1013873.6	1013873.6	7179631.73333333	1013873.6	2311476.73333333	1013873.6	0.00261631769756992	0.861883933335528	0.000458759473598704	NA_[1938_503.32_6.8]	NA	Unk-Val-Ser-Lys-NH2	[M + H]+	8	Fatty acids	Fatty amides	N-acyl amines	0.542	0.782	0.43
raw	superclass	Fatty amides	NPC superclass: Fatty amides	787	PS	Untreated	5988830.83333333	5988830.83333333	12274765.9444444	10411837	12726418	10411837	15043355.3333333	16619716	9054524.5	9219501	0.00254124209191637	0.864425175427444	0.0016081412973818	NA_[787_421.38_3]	NA	N-(5Z,8Z,11Z,14Z-tetracosatetraenoyl)-ethanolamine	[M + H3N + H]+	70	Fatty acids	Fatty amides	N-acyl amines	0.998	0.968	0.366
raw	superclass	Fatty amides	NPC superclass: Fatty amides	1490	PS	PET	5640493.4	5640493.4	8855009.2	8040316	5607045.93333333	6223879.5	11247539.3333333	12698424	9710442.33333333	9745893	0.00239343198132688	0.866818607408771	0.00116011222109378	NA_[1490_498.49_5.6]	NA	N-(1,3-dihydroxypropan-2-yl)octacosanamide	[M + H]+	21	Fatty acids	Fatty amides	N-acyl amines	1	0.995	0.661
raw	superclass	Fatty amides	NPC superclass: Fatty amides	114	PET	PS	5421899.46666667	5421899.46666667	2821173.42222222	1013873.6	6435773.06666667	1013873.6	1013873.6	1013873.6	1013873.6	1013873.6	0.00230067596268425	0.869119283371455	0.000369607494585661	NA_[114_263.23_0.7]	NA	Tert-butyl N-(8-hydroxyoctyl)carbamate	[M + H3N + H]+	111	Fatty acids	Fatty amides	N-acyl amines	0.963	0.797	0.269
raw	superclass	Fatty amides	NPC superclass: Fatty amides	196	Untreated	PS	5202426	5202426	10857150.1111111	11184675	10496325	11184675	8436349.66666667	6973974.5	13638775.6666667	13755082	0.00220754673144134	0.871326830102897	0.00142241665092225	palmitoleoyl ethanolamide_[196_315.3_0.9]	palmitoleoyl ethanolamide	N-(2-hydroxyethyl)hexadec-9-enamide	[M + H3N + H]+	-1	Fatty acids	Fatty amides	N-acyl ethanolamines (endocannabinoids)	1	0.999	0.998
raw	superclass	Fatty amides	NPC superclass: Fatty amides	386	PS	Untreated	5180891.66666667	5180891.66666667	10440378.4444444	9343535	10189434.3333333	8724104	13156296.3333333	13970286	7975404.66666667	9343535	0.00219840906236854	0.873525239165265	0.00136781457282327	NA_[386_475.35_1.5]	NA	2,2,4,4-tetramethyl-6-(methylamino)-7-oxo-N-(4,4,6,6-tetramethyl-2,8-dioxononan-3-yl)octanamide	[M + Na]+	154	Fatty acids	Fatty amides	N-acyl amines	0.891	0.715	0.143
raw	superclass	Fatty amides	NPC superclass: Fatty amides	298	Untreated	PS	5180804.5	5180804.5	15908144.5	17041584	16740383.3333333	17751994	12901622.8333333	14214910	18082427.3333333	19091716	0.00219837207491497	0.87572361124018	0.00208415738849553	Alpha-Linolenoyl ethanolamide_[298_339.3_1.2]	Alpha-Linolenoyl ethanolamide	Alpha-Lea	[M + H3N + H]+	-1	Fatty acids	Fatty amides	N-acyl ethanolamines (endocannabinoids)	0.999	0.959	0.712
raw	superclass	Fatty amides	NPC superclass: Fatty amides	1914	PS	Untreated	5151383.03333333	5151383.03333333	5762207.66666667	3937131.2	4623515.56666667	3229966.2	8907245.23333333	7083883.5	3755862.2	2583308	0.00218588765657357	0.877909498896754	0.000754918191906599	N-stearoylhexadecasphinganine_[1914_562.52_6.8]	N-stearoylhexadecasphinganine	2-Octadecanoylaminohexadecane-1,3-diol	[M + Na]+	102	Fatty acids	Fatty amides	N-acyl amines	1	0.818	0.259
raw	superclass	Fatty amides	NPC superclass: Fatty amides	113	PET	PS	4761349	4761349	16014713.3888889	18475984	18951011.3333333	21843906	14189662.3333333	16557781	14903466.5	18475984	0.00202038441723179	0.879929883313985	0.00209811918882752	NA_[113_263.23_0.7]	NA	Propylcarbamic acid 2-ethyl-2-(hydroxymethyl)hexyl ester	[M + H3N + H]+	111	Fatty acids	Fatty amides	N-acyl amines	0.989	0.984	0.691
raw	superclass	Fatty amides	NPC superclass: Fatty amides	2507	PET	Untreated	4616139.66666667	4616139.66666667	17871611.2222222	18842674	19462658.6666667	19432254	19305656	18845222	14846519	16508294	0.00195876770434154	0.881888651018327	0.0023413950365559	NA_[2507_903.96_8.3]	NA	4-(dimethylamino)butyl (E)-15-decyl-6-octadecylhexacos-5-enoate	[M + H3N + H]+	-1	Fatty acids	Fatty amides	N-acyl amines	0.999	0.932	0.168
raw	superclass	Fatty amides	NPC superclass: Fatty amides	698	PET	Untreated	4575490.26666667	4575490.26666667	3103344.34444444	1013873.6	5589363.86666667	6900617	2706795.56666667	1013873.6	1013873.6	1013873.6	0.00194151893422832	0.883830169952555	0.000406575263665709	NA_[698_403.35_2.7]	NA	N-Octadecanoylthreonine	[M + H3N + H]+	93	Fatty acids	Fatty amides	Fatty acyl homoserine lactones	0.997	0.893	0.58
raw	superclass	Fatty amides	NPC superclass: Fatty amides	356	PS	Untreated	4484887.33333333	4484887.33333333	16101824	16327003	16317620.6666667	16327003	18236369.3333333	20312442	13751482	13968199	0.00190307336876732	0.885733243321323	0.00210953172180795	Linoleyl hydroxamic acid_[356_334.21_1.4]	Linoleyl hydroxamic acid	(9Z,12Z)-N-hydroxyoctadeca-9,12-dienamide	[M + K]+	102	Fatty acids	Fatty amides	Primary amides	1	0.992	0.945
raw	superclass	Fatty amides	NPC superclass: Fatty amides	269	PET	PS	4456947.5	4456947.5	19577522.2777778	20462116	22468181	23318434	18011233.5	20462116	18253152.3333333	13212055	0.00189121765227043	0.887624460973593	0.00256488980871819	C16:0-NAGME_[269_328.28_1.1]	C16:0-NAGME	NA	[M + H]+	102	Fatty acids	Fatty amides	N-acyl ethanolamines (endocannabinoids)	0.999	0.826	0.819
raw	superclass	Fatty amides	NPC superclass: Fatty amides	1639	PS	Untreated	4416726.7	4416726.7	5988493.2	5122774.5	5983412.83333333	5301755.5	8199396.73333333	10119679	3782670.03333333	5008312.5	0.00187415075010288	0.889498611723696	0.000784564305958827	N-(2R-methyl-3-hydroxy-ethyl)-16,16-dimethyl-5Z,8Z,11Z,14Z-docosatetraenoyl amine_[1639_435.39_6.1]	N-(2R-methyl-3-hydroxy-ethyl)-16,16-dimethyl-5Z,8Z,11Z,14Z-docosatetraenoyl amine	(5Z,8Z,11Z,14Z)-N-[(2S)-1-hydroxypropan-2-yl]-16,16-dimethyldocosa-5,8,11,14-tetraenamide	[M + H3N + H]+	18	Fatty acids	Fatty amides	N-acyl ethanolamines (endocannabinoids)	0.996	0.918	0.321
raw	superclass	Fatty amides	NPC superclass: Fatty amides	369	Untreated	PET	4281400	4281400	132166305.555556	133828620	130044710	131685480	132128096.666667	134221380	134326110	133828620	0.0018167275374975	0.891315339261193	0.0173153683783655	NA_[369_341.32_1.4]	NA	(E)-N,N-dimethyl-18-oxooctadec-9-enamide	[M + H3N + H]+	102	Fatty acids	Fatty amides	N-acyl ethanolamines (endocannabinoids)	1	0.996	0.757
raw	superclass	Fatty amides	NPC superclass: Fatty amides	1043	Untreated	PS	4179042	4179042	34912954.4444444	35301756	36090721.3333333	35301756	32234550	32750310	36413592	41063424	0.00177329394164493	0.893088633202838	0.00457401502479417	NA_[1043_619.61_3.8]	NA	(E)-N-[(E)-octadec-9-enoyl]docos-13-enamide	[M + H3N + H]+	99	Fatty acids	Fatty amides	Primary amides	1	0.987	0.471
raw	superclass	Fatty amides	NPC superclass: Fatty amides	255	PS	Untreated	3973332	3973332	12078068.5555556	11128722	11400677	10782334	14403430.3333333	12698293	10430098.3333333	10904647	0.00168600496567011	0.894774638168508	0.0015823715844935	N-linoleoylglycine(1-)_[255_355.3_1]	N-linoleoylglycine(1-)	2-(octadeca-9,12-dienamido)acetic acid	[M + H3N + H]+	96	Fatty acids	Fatty amides	Primary amides	0.992	0.757	0.533
raw	superclass	Fatty amides	NPC superclass: Fatty amides	150	PS	Untreated	3925332	3925332	26850441.1111111	28250098	27330310	28250098	28573172.6666667	30318634	24647840.6666667	25314456	0.0016656371136124	0.896440275282121	0.00351772925032749	NA_[150_352.25_0.8]	NA	NA	[M + Na]+	-1	Fatty acids	Fatty amides	N-acyl amines	0.962	0.919	0.223
raw	superclass	Fatty amides	NPC superclass: Fatty amides	1036	PS	Untreated	3740434.9	3740434.9	6338249.53333333	5691391	6579666.16666667	5438750.5	8087758.66666667	8885918	4347323.76666667	4513380	0.00158717968072283	0.898027454962844	0.000830386573055393	NA_[1036_418.33_3.8]	NA	N-[(2S,3R)-1,3-dihydroxyoctadec-4-yn-2-yl]hexanamide	[M + Na]+	363	Fatty acids	Fatty amides	N-acyl amines	1	0.992	0.724
raw	superclass	Fatty amides	NPC superclass: Fatty amides	389	PS	Untreated	3731218.2	3731218.2	6343322.21111111	5408128.5	7071181.5	5408128.5	7845001.66666667	8566644	4113783.46666667	2740602	0.00158326875609657	0.89961072371894	0.000831051154576514	NA_[389_433.38_1.5]	NA	(9Z,12Z)-N-[(3-methoxy-6-methylcyclohexa-2,4-dien-1-yl)methyl]octadeca-9,12-dienamide	[M + H3N + H]+	18	Fatty acids	Fatty amides	N-acyl ethanolamines (endocannabinoids)	0.999	0.96	0.49
raw	superclass	Fatty amides	NPC superclass: Fatty amides	778	PET	Untreated	3673276.83333333	3673276.83333333	7491087.27777778	6919321.5	9085591.83333333	7979176	7975355	7896979.5	5412315	5593765.5	0.0015586824814239	0.901169406200364	0.000981422119835875	NA_[778_409.38_3]	NA	N-(6-cyclopropyl-6-oxohex-1-en-2-yl)hexadecanamide	[M + H3N + H]+	18	Fatty acids	Fatty amides	N-acyl ethanolamines (endocannabinoids)	0.997	0.968	0.378
raw	superclass	Fatty amides	NPC superclass: Fatty amides	2915	PS	Untreated	3633057.26666667	3633057.26666667	5331374.45555556	4409553	6190456.5	5075311.5	6718362.06666667	4026958.2	3085304.8	3081721	0.00154161610259698	0.902711022302961	0.00069847388313467	NA_[2915_480.51_9.3]	NA	N-decyldocosanamide	[M + H]+	84	Fatty acids	Fatty amides	Primary amides	0.999	0.998	0.879
raw	superclass	Fatty amides	NPC superclass: Fatty amides	22	PS	PET	3587935.86666667	3587935.86666667	5587665.95555556	4476221.5	3536519.5	3976852	7124455.36666667	4476221.5	6102023	6154915	0.00152246972760038	0.904233492030562	0.000732051138064281	NA_[22_196.09_0.5]	NA	5-Hydroxy-2-(2-hydroxyethyl)-2-(hydroxymethyl)pentanenitrile	[M + Na]+	16	Fatty acids	Fatty amides	Primary amides	0.877	0.736	0.492
raw	superclass	Fatty amides	NPC superclass: Fatty amides	663	Untreated	PS	3478012.66666667	3478012.66666667	10360395.7777778	9966690	9921439.33333333	9954296	8840867.66666667	8290475.5	12318880.3333333	13124229	0.00147582598853143	0.905709318019093	0.00135733588590382	NA_[663_535.52_2.6]	NA	N-[(E,2R,3S)-3-ethynyl-1-hydroxyoctadec-4-en-2-yl]tetradecanamide	[M + H3N + H]+	99	Fatty acids	Fatty amides	N-acyl amines	1	0.992	0.408
raw	superclass	Fatty amides	NPC superclass: Fatty amides	665	PET	Untreated	3437074.43333333	3437074.43333333	2550940.12222222	1013873.6	4450948.03333333	5564864	2187998.73333333	1013873.6	1013873.6	1013873.6	0.00145845465769731	0.90716777267679	0.000334203696938957	Putative (3-hydroxyoctadecanoyl)glycine_[665_380.28_2.6]	Putative (3-hydroxyoctadecanoyl)glycine	PDEJWCOMIACOMR	[M + Na]+	211	Fatty acids	Fatty amides	N-acyl amines	0.988	0.831	0.355
raw	superclass	Fatty amides	NPC superclass: Fatty amides	2608	PS	Untreated	3397869	3397869	14185836.1111111	14331784	14974438	14331784	15490469.6666667	15533193	12092600.6666667	12922351	0.00144181860632249	0.908609591283113	0.0018585143693508	NA_[2608_466.5_8.6]	NA	N-nonyldocosanamide	[M + H]+	-1	Fatty acids	Fatty amides	Primary amides	1	0.999	0.853
raw	superclass	Fatty amides	NPC superclass: Fatty amides	217	PET	PS	3363869.16666667	3363869.16666667	12481285.0555556	12158383	13627623.3333333	15167476	10263754.1666667	10855666	13552477.6666667	12158383	0.00142739144850332	0.910036982731616	0.001635197773471	N-hexadecanoylglycinate_[217_331.3_1]	N-hexadecanoylglycinate	Elmiric Acid	[M + H3N + H]+	631	Fatty acids	Fatty amides	N-acyl ethanolamines (endocannabinoids)	1	0.946	0.883
raw	superclass	Fatty amides	NPC superclass: Fatty amides	177	PET	PS	3268968	3268968	40402500	40900524	42542672.6666667	40900524	39273704.6666667	37526244	39391122.6666667	41441156	0.00138712201261226	0.911424104744228	0.00529321121571976	N-oleoylglycinate_[177_357.31_0.8]	N-oleoylglycinate	Elmiric Acid	[M + H3N + H]+	509	Fatty acids	Fatty amides	N-acyl ethanolamines (endocannabinoids)	0.998	0.704	0.176
raw	superclass	Fatty amides	NPC superclass: Fatty amides	2488	PET	PS	3248778.66666667	3248778.66666667	12533322.8888889	12878209	13837799.3333333	13478767	10589020.6666667	10540466	13173148.6666667	15317027	0.00137855506772732	0.912802659811956	0.00164201535265649	NA_[2488_547.56_8.3]	NA	N-octadec-1-enyloctadeca-2,4-dienamide	[M + H3N + H]+	57	Fatty acids	Fatty amides	N-acyl amines	0.996	0.959	0.218
raw	superclass	Fatty amides	NPC superclass: Fatty amides	522	Untreated	PET	3155006.6	3155006.6	4620289.81111111	4618583.5	3535867.73333333	2827066.2	3634127.36666667	2951371.2	6690874.33333333	6203283.5	0.00133876474312289	0.914141424555079	0.000605313281308064	NA_[522_555.49_2]	NA	(9Z,12Z,15Z)-N-[(9Z,12Z,15Z)-octadeca-9,12,15-trienoyl]octadeca-9,12,15-trienamide	[M + H3N + H]+	102	Fatty acids	Fatty amides	N-acyl ethanolamines (endocannabinoids)	0.996	0.945	0.298
raw	superclass	Fatty amides	NPC superclass: Fatty amides	473	Untreated	PS	2940434.5	2940434.5	10568146.8333333	10485159	9974167.66666667	9891269	9394919.16666667	8680238	12335353.6666667	12145843	0.00124771531002889	0.915389139865107	0.00138455376146459	NA_[473_455.46_1.9]	NA	NA	[M + H]+	24	Fatty acids	Fatty amides	N-acyl ethanolamines (endocannabinoids)	0.996	0.958	0.576
raw	superclass	Fatty amides	NPC superclass: Fatty amides	1600	PS	Untreated	2853044.3	2853044.3	4093582.08888889	3510638	3991804.56666667	3503418.2	5570993	5891132.5	2717948.7	3510638	0.00121063300451027	0.916599772869618	0.000536308263730615	N-(2R-methyl-3-hydroxy-ethyl)-16,16-dimethyl-5Z,8Z,11Z,14Z-docosatetraenoyl amine_[1600_435.39_6]	N-(2R-methyl-3-hydroxy-ethyl)-16,16-dimethyl-5Z,8Z,11Z,14Z-docosatetraenoyl amine	(5Z,8Z,11Z,14Z)-N-[(2S)-1-hydroxypropan-2-yl]-16,16-dimethyldocosa-5,8,11,14-tetraenamide	[M + H3N + H]+	18	Fatty acids	Fatty amides	N-acyl ethanolamines (endocannabinoids)	0.988	0.773	0.218
raw	superclass	Fatty amides	NPC superclass: Fatty amides	180	PET	Untreated	2837657.33333333	2837657.33333333	26930108.8888889	26498126	28023667.3333333	29103916	27580649.3333333	26498126	25186010	24510050	0.00120410384907936	0.917803876718697	0.00352816668303251	(9E)-9-nitrooctadecenoic acid_[180_350.23_0.9]	(9E)-9-nitrooctadecenoic acid	9-nitro-9E-octadecenoic acid	[M + Na]+	659	Fatty acids	Fatty amides	N-acyl amines	0.979	0.921	0.344
raw	superclass	Fatty amides	NPC superclass: Fatty amides	2720	PS	Untreated	2813657.83333333	2813657.83333333	9466860.5	10297281	10302420.3333333	10297281	10455909.5	10815259	7642251.66666667	7609865	0.00119392013521563	0.918997796853913	0.00124027206673484	NA_[2720_483.52_8.9]	NA	2-[2-[Di(nonyl)amino]ethyl-nonylamino]ethanol	[M + H]+	722	Fatty acids	Fatty amides	Sphingoid bases	0.992	0.813	0.533
raw	superclass	Fatty amides	NPC superclass: Fatty amides	596	PET	Untreated	2764363.83333333	2764363.83333333	2286661.86666667	1013873.6	3778237.43333333	4154674.2	2067874.56666667	1013873.6	1013873.6	1013873.6	0.00117300319981287	0.920170800053726	0.000299580081410771	NA_[596_352.25_2.3]	NA	NA	[M + Na]+	3	Fatty acids	Fatty amides	N-acyl amines	0.998	0.93	0.399
raw	superclass	Fatty amides	NPC superclass: Fatty amides	1415	PET	Untreated	2673411.1	2673411.1	4968739.43333333	4862371	6367235.06666667	4862371	4845159.26666667	5795104.5	3693823.96666667	3187046.8	0.00113440920363	0.921305209257356	0.00065096435360458	NA_[1415_501.48_5.3]	NA	NA	[M + H3N + H]+	-1	Fatty acids	Fatty amides	N-acyl ethanolamines (endocannabinoids)	0.996	0.927	0.747
raw	superclass	Fatty amides	NPC superclass: Fatty amides	1228	PET	Untreated	2650389.16666667	2650389.16666667	4377692.28888889	4306520	5706893.3	5541534.5	4369679.43333333	4306520	3056504.13333333	2634930	0.0011246403008755	0.922429849558231	0.000573530101417402	NA_[1228_454.44_4.5]	NA	N-[3-amino-1-(dodecanoylamino)propyl]dodecanamide	[M + H]+	-1	Fatty acids	Fatty amides	N-acyl ethanolamines (endocannabinoids)	0.984	0.727	0.516
raw	superclass	Fatty amides	NPC superclass: Fatty amides	276	Untreated	PET	2616603.8	2616603.8	2813370.2	1609532.6	1815646.2	1760899.2	2192214.4	1609532.6	4432250	1393112.4	0.00111030414775088	0.923540153705982	0.000368585179051092	NA_[276_493.36_1.1]	NA	3-[(ethylamino)methyl]-3-hydroxy-8-[4-(5-hydroxy-6-methylpiperidin-2-yl)-2-(3-hydroxypropyl)cyclohexyl]octanoic acid	[M + Na]+	31	Fatty acids	Fatty amides	N-acyl amines	0.987	0.85	0.596
raw	superclass	Fatty amides	NPC superclass: Fatty amides	541	Untreated	PET	2576539	2576539	4848781.08888889	5027817.5	3924895.16666667	3107019	4120013.93333333	3870183	6501434.16666667	6542386.5	0.00109330344110251	0.924633457147084	0.000635248374290614	NA_[541_531.49_2.1]	NA	(4E,8E,12E,16E)-N-(6-methoxyhexyl)-4,8,13,17,21-pentamethyldocosa-4,8,12,16,20-pentaenamide	[M + H3N + H]+	243	Fatty acids	Fatty amides	N-acyl ethanolamines (endocannabinoids)	1	0.98	0.468
raw	superclass	Fatty amides	NPC superclass: Fatty amides	382	Untreated	PS	2494103.6	2494103.6	5063480.43333333	5136530	4973204.9	5136530	3861566.4	3355282	6355670	5626042.5	0.00105832360711254	0.925691780754197	0.000663376558883672	C20 sphingosine_[382_345.35_1.5]	C20 sphingosine	C20 Sphingosine	[M + H3N + H]+	-1	Fatty acids	Fatty amides	Primary amides	1	0.999	0.989
raw	superclass	Fatty amides	NPC superclass: Fatty amides	2662	PET	Untreated	2487627.33333333	2487627.33333333	14689949.6666667	14967681	15733883.3333333	16008156	15089709.6666667	15406511	13246256	13852403	0.00105557553125102	0.926747356285448	0.00192455928058805	NA_[2662_550.57_8.8]	NA	N-(3-cyanooctadecan-2-yl)hexadecanamide	[M + H3N + H]+	-1	Fatty acids	Fatty amides	Primary amides	0.967	0.826	0.235
raw	superclass	Fatty amides	NPC superclass: Fatty amides	291	PS	Untreated	2472506.4	2472506.4	7654575.47777778	7709388	7857050.16666667	7709388	8789591.33333333	9450017	6317084.93333333	4723296	0.00104915926181128	0.927796515547259	0.00100284103138535	NA_[291_311.27_1.2]	NA	Lanyuamide I	[M + H3N + H]+	297	Fatty acids	Fatty amides	Primary amides	0.999	0.947	0.71
raw	superclass	Fatty amides	NPC superclass: Fatty amides	2674	PS	Untreated	2463045.13333333	2463045.13333333	1913522.2	1013873.6	1249774.26666667	1013873.6	3476918.73333333	1013873.6	1013873.6	1013873.6	0.00104514456014992	0.928841660107409	0.000250694317692438	NA_[2674_452.48_8.8]	NA	1-[1-Hydroxypropyl(tetracosyl)amino]propan-1-ol	[M - H2O + H]+	163	Fatty acids	Fatty amides	N-acyl amines	1	0.993	0.609
raw	superclass	Fatty amides	NPC superclass: Fatty amides	824	Untreated	PS	2461993	2461993	9853331.88888889	9554614	9877931.66666667	9554614	8610035.5	9102016	11072028.5	12674870	0.00104469810814829	0.929886358215558	0.00129090444567727	NA_[824_589.57_3.2]	NA	1-(5-dodecanoyl-4-nonyl-1,4-dihydropyridin-3-yl)dodecan-1-one	[M + H3N + H]+	99	Fatty acids	Fatty amides	Primary amides	1	0.994	0.73
raw	superclass	Fatty amides	NPC superclass: Fatty amides	2532	PS	PET	2460405.8	2460405.8	1834008.86666667	1013873.6	1013873.6	1013873.6	3474279.4	1013873.6	1013873.6	1013873.6	0.00104402461117358	0.930930382826731	0.000240277119058709	NA_[2532_424.45_8.4]	NA	1-(1-Hydroxydecylamino)octadecan-1-ol	[M - H2O + H]+	92	Fatty acids	Fatty amides	N-acyl amines	1	0.996	0.776
raw	superclass	Fatty amides	NPC superclass: Fatty amides	1420	PET	Untreated	2442896.03333333	2442896.03333333	4189348.58888889	3961967.5	5629460.73333333	4717889	3752020.33333333	3961967.5	3186564.7	3327331.5	0.00103659468748542	0.931966977514217	0.000548854821787424	NA_[1420_487.48_5.3]	NA	N-(1,3-dihydroxytricosan-2-yl)hexanamide	[M + H3N + H]+	42	Fatty acids	Fatty amides	Ceramides	0.999	0.798	0.386
raw	superclass	Fatty amides	NPC superclass: Fatty amides	1060	PS	Untreated	2362083.2	2362083.2	3445706.31111111	2808155.8	3316184	2677555.8	4691509.06666667	5235923.5	2329425.86666667	2808155.8	0.00100230335761672	0.932969280871833	0.000451428780200475	NA_[1060_454.4_3.9]	NA	1-Isocyanato-12-(12-isocyanatododecoxy)dodecane	[M + H3N + H]+	-1	Fatty acids	Fatty amides	N-acyl amines	0.999	0.917	0.305
raw	superclass	Fatty amides	NPC superclass: Fatty amides	768	Untreated	PS	2360084.33333333	2360084.33333333	10517306.7777778	10425535	10328031.3333333	10231365	9431902.33333333	9160269	11791986.6666667	12142008	0.00100145517802193	0.933970736049855	0.00137789310550829	NA_[768_566.56_2.9]	NA	9-methyl-N-(2-methyloctyl)-N'-[(E)-oct-1-enyl]heptadecanediamide	[M + H3N + H]+	345	Fatty acids	Fatty amides	N-acyl amines	0.999	0.98	0.321
raw	superclass	Fatty amides	NPC superclass: Fatty amides	182	PS	Untreated	2355735.83333333	2355735.83333333	10959882.6111111	10996332	10751405.6666667	10996332	12241989	12793830	9886253.16666667	9236242	0.000999609977924578	0.93497034602778	0.00143587583837894	NA_[182_332.22_0.9]	NA	2-[[(E)-2-oxohexadec-5-enylidene]amino]acetic acid	[M + Na]+	24	Fatty acids	Fatty amides	Primary amides	1	0.942	0.81
raw	superclass	Fatty amides	NPC superclass: Fatty amides	195	PS	Untreated	2313996.16666667	2313996.16666667	10772326.6111111	10482190	10734764	10482190	11948106	12901934	9634109.83333333	9114175	0.00098189857468281	0.935952244602463	0.00141130375687964	NA_[195_332.22_0.9]	NA	18-Amino-18-oxooctadeca-9,12-dienoic acid	[M + Na]+	24	Fatty acids	Fatty amides	Nitro fatty acids	0.993	0.841	0.38
raw	superclass	Fatty amides	NPC superclass: Fatty amides	2251	PS	PET	2311915.63333333	2311915.63333333	3705077.16666667	2970910.5	2494015.43333333	2680707	4805931.06666667	5294274	3815285	3814307.5	0.000981015741450842	0.936933260343913	0.000485409467575204	NA_[2251_468.48_7.6]	NA	N-(1-hydroxypropan-2-yl)heptacosanamide	[M + H]+	146	Fatty acids	Fatty amides	N-acyl amines	1	0.994	0.859
raw	superclass	Fatty amides	NPC superclass: Fatty amides	514	PS	Untreated	2221424.9	2221424.9	4011786.64444444	3450620.8	4128327.83333333	3450620.8	5064228.5	5756519	2842803.6	3112063.2	0.000942617785844029	0.937875878129757	0.000525592081218936	NA_[514_503.38_2]	NA	NA	[M + Na]+	154	Fatty acids	Fatty amides	N-acyl ethanolamines (endocannabinoids)	0.996	0.868	0.235
raw	superclass	Fatty amides	NPC superclass: Fatty amides	519	PS	PET	2163828.83333333	2163828.83333333	6941097.72222222	7142868.5	5863527	5507642.5	8027355.83333333	7317108	6932410.33333333	8414969	0.000918178032407099	0.938794056162164	0.00090936690335186	linoleoyl ethanolamide_[519_341.32_2]	linoleoyl ethanolamide	N-(2-hydroxyethyl)octadeca-9,12-dienamide	[M + H3N + H]+	102	Fatty acids	Fatty amides	Primary amides	1	0.982	0.742
raw	superclass	Fatty amides	NPC superclass: Fatty amides	2449	Untreated	PS	2133640.2	2133640.2	2317301.08888889	1925977.6	1738405.06666667	1925977.6	1539929	1013873.6	3673569.2	3502545.5	0.000905368082041312	0.939699424244206	0.000303594186347535	NA_[2449_424.45_8.1]	NA	1-(1-Hydroxydecylamino)octadecan-1-ol	[M - H2O + H]+	92	Fatty acids	Fatty amides	N-acyl amines	1	0.967	0.627
raw	superclass	Fatty amides	NPC superclass: Fatty amides	2692	PS	PET	2125154.8	2125154.8	3034432.64444444	2594367.5	2037451.76666667	2145637.2	4162606.56666667	4025163.2	2903239.6	2918395.5	0.000901767470127759	0.940601191714334	0.000397547005925859	N-octodecanoylsphinganine_[2692_568.57_8.9]	N-octodecanoylsphinganine	N-Octodecanoylsphinganine	[M + H]+	21	Fatty acids	Fatty amides	N-acyl amines	1	0.957	0.506
raw	superclass	Fatty amides	NPC superclass: Fatty amides	1027	PS	Untreated	2026737.93333333	2026737.93333333	2871939.25555556	2500336.5	2971124.56666667	2515283	3835715.56666667	4521285.5	1808977.63333333	1912722.8	0.00086000621637255	0.941461197930706	0.000376258426542232	NA_[1027_441.4_3.8]	NA	2-(Docos-13-enoylamino)ethyl acetate	[M + H3N + H]+	102	Fatty acids	Fatty amides	N-acyl amines	0.999	0.948	0.37
raw	superclass	Fatty amides	NPC superclass: Fatty amides	311	Untreated	PET	2011782.66666667	2011782.66666667	16121893.4444444	15491271	15279925.6666667	15491271	15794046.3333333	15324887	17291708.3333333	17268196	0.000853660244311086	0.942314858175017	0.00211216105931	NA_[311_559.52_1.3]	NA	(9Z,12Z)-N-[(9Z,12Z)-octadeca-9,12-dienoyl]octadeca-9,12-dienamide	[M + H3N + H]+	102	Fatty acids	Fatty amides	Primary amides	0.998	0.883	0.156
raw	superclass	Fatty amides	NPC superclass: Fatty amides	1302	PS	Untreated	1989973.4	1989973.4	3088852.55555556	2265636.5	2942348.33333333	2265636.5	4157091.36666667	4230379	2167117.96666667	2201192.8	0.000844405912707882	0.943159264087725	0.000404676665819474	NA_[1302_469.44_4.7]	NA	Tricosyl 5-oxopyrrolidine-2-carboxylate	[M + H3N + H]+	102	Fatty acids	Fatty amides	N-acyl amines	1	0.993	0.626
raw	superclass	Fatty amides	NPC superclass: Fatty amides	2170	PS	Untreated	1958705.33333333	1958705.33333333	32560883.7777778	32518044	32892624.6666667	32518044	33374366	33024284	31415660.6666667	31405932	0.000831137926124605	0.94399040201385	0.00426586560748174	NA_[2170_410.44_7.4]	NA	2-(Pentacosylamino)ethane-1,1-diol	[M - H2O + H]+	92	Fatty acids	Fatty amides	N-acyl amines	1	0.997	0.724
raw	superclass	Fatty amides	NPC superclass: Fatty amides	1277	PS	PET	1929509	1929509	2035856.95555556	1323454.6	1371598.26666667	1013873.6	3301107.26666667	1645084.2	1434865.33333333	1013873.6	0.000818749038667086	0.944809151052517	0.000266721635313353	NA_[1277_560.5_4.6]	NA	N-(1,3-dihydroxyoctadec-8-en-2-yl)hexadecanamide	[M + Na]+	102	Fatty acids	Fatty amides	N-acyl amines	1	0.92	0.302
raw	superclass	Fatty amides	NPC superclass: Fatty amides	780	PET	Untreated	1920916.66666667	1920916.66666667	27017052.6666667	27829452	28028544.6666667	27421948	26914985.3333333	28626018	26107628	27829452	0.000815103051705339	0.945624254104222	0.00353955735884887	NA_[780_551.55_3]	NA	N-hexadecanoyl-N-(prop-2-en-1-yl)hexadecanamide	[M + H3N + H]+	99	Fatty acids	Fatty amides	N-acyl ethanolamines (endocannabinoids)	1	0.994	0.689
raw	superclass	Fatty amides	NPC superclass: Fatty amides	189	Untreated	PET	1917644.06666667	1917644.06666667	2335558.53333333	1826714.4	1607765.46666667	1831920	1873500.6	1826714.4	3525409.53333333	1738926	0.000813714388525254	0.946437968492747	0.000305986130155559	NA_[189_479.35_0.9]	NA	3-hydroxy-8-[4-(5-hydroxy-6-methylpiperidin-2-yl)cyclohexyl]-3-{[(4-hydroxybutan-2-yl)amino]methyl}octanoic acid	[M + Na]+	31	Fatty acids	Fatty amides	N-acyl amines	0.919	0.762	0.142
raw	superclass	Fatty amides	NPC superclass: Fatty amides	939	PS	Untreated	1839888.83333333	1839888.83333333	2764477	2506804.8	3220927.56666667	2506804.8	3456196.13333333	4128709.5	1616307.3	1233346.8	0.000780720490832628	0.94721868898358	0.000362179584481141	NA_[939_449.41_3.5]	NA	N-(1-hydroxypropan-2-yl)pentacosa-10,12-diynamide	[M + H3N + H]+	58	Fatty acids	Fatty amides	Ceramides	0.998	0.78	0.715
raw	superclass	Fatty amides	NPC superclass: Fatty amides	1731	PS	Untreated	1805320.3	1805320.3	3064081.41111111	2458042.8	2669995.2	2333448	4163784.66666667	4120283.2	2358464.36666667	2270800	0.0007660520163996	0.94798474099998	0.000401431349326694	Cer(d16:1/18:0)_[1731_560.5_6.3]	Cer(d16:1/18:0)	N-(octadecanoyl)-hexadecasphing-4-enine	[M + Na]+	102	Fatty acids	Fatty amides	N-acyl ethanolamines (endocannabinoids)	1	0.874	0.325
raw	superclass	Fatty amides	NPC superclass: Fatty amides	2409	PET	Untreated	1800561.33333333	1800561.33333333	12402800.6666667	12838981	13114949	13136333	12779065.3333333	12838981	11314387.6666667	11265202	0.00076403264287847	0.948748773642858	0.00162491537887845	NA_[2409_438.47_8]	NA	3-dodecoxy-N-tetradecoxypropan-1-amine	[M - H2O + H]+	92	Fatty acids	Fatty amides	N-acyl amines	1	0.991	0.689
raw	superclass	Fatty amides	NPC superclass: Fatty amides	1857	Untreated	PS	1795040	1795040	12214637	11882281	12106143.6666667	11882281	11371363.6666667	11597210	13166403.6666667	13075193	0.000761689774118165	0.949510463416976	0.00160026368577057	NA_[1857_515.49_6.6]	NA	N-[(Z)-3-(2-methylphenyl)pent-3-enyl]docosanamide	[M + H3N + H]+	70	Fatty acids	Fatty amides	N-acyl amines	0.984	0.927	0.185
raw	superclass	Fatty amides	NPC superclass: Fatty amides	125	PET	Untreated	1790418.03333333	1790418.03333333	2692780.35555556	2374618	3601153.06666667	2669324.2	2666452.96666667	2873842.8	1810735.03333333	2182566.5	0.00075972853384145	0.950270191950818	0.000352786465676542	NA_[125_277.25_0.7]	NA	N-(1,3-dihydroxydodecan-2-yl)acetamide	[M + H3N + H]+	-1	Fatty acids	Fatty amides	Nitro fatty acids	0.962	0.81	0.307
raw	superclass	Fatty amides	NPC superclass: Fatty amides	873	Untreated	PS	1711226.33333333	1711226.33333333	9199675.16666667	8622321	8988368.83333333	8622321	8449715.16666667	8179744.5	10160941.5	11092669	0.000726125099887313	0.950996317050705	0.00120526758921301	NA_[873_577.57_3.4]	NA	N-methyl-N-octadec-9-enoyloctadec-9-enamide	[M + H3N + H]+	99	Fatty acids	Fatty amides	N-acyl ethanolamines (endocannabinoids)	0.999	0.962	0.373
raw	superclass	Fatty amides	NPC superclass: Fatty amides	641	Untreated	PS	1691635.33333333	1691635.33333333	8835247.11111111	8736977	8963068	8722481	7925519	8363117.5	9617154.33333333	10050117	0.000717812045936009	0.951714129096641	0.0011575231508493	NA_[641_535.52_2.5]	NA	(Z)-3-oxo-2-[(Z)-tetradec-7-enyl]icos-11-enamide	[M + H3N + H]+	-1	Fatty acids	Fatty amides	Primary amides	1	0.987	0.705
raw	superclass	Fatty amides	NPC superclass: Fatty amides	197	PET	PS	1681292.16666667	1681292.16666667	5146583.11111111	5504723.5	6046924.5	5308083.5	4365632.33333333	5504723.5	5027192.5	5609227.5	0.000713423127426115	0.952427552224067	0.000674264004612765	Putative (3-hydroxyoctadecanoyl)glycine_[197_380.28_0.9]	Putative (3-hydroxyoctadecanoyl)glycine	PDEJWCOMIACOMR	[M + Na]+	-1	Fatty acids	Fatty amides	N-acyl amines	0.967	0.735	0.252
raw	superclass	Fatty amides	NPC superclass: Fatty amides	2867	PS	PET	1645541.3	1645541.3	1562387.36666667	1013873.6	1013873.6	1013873.6	2659414.9	1013873.6	1013873.6	1013873.6	0.000698252953192748	0.95312580517726	0.000204691450591891	NA_[2867_538.57_9.2]	NA	N-(5-Amino-3-azapentane-1-yl)-2-tetradecylhexadecanamide	[M + H]+	500	Fatty acids	Fatty amides	N-acyl amines	0.999	0.974	0.485
raw	superclass	Fatty amides	NPC superclass: Fatty amides	2395	PET	Untreated	1624957.53333333	1624957.53333333	2362355.58888889	1893509.6	3229845.96666667	3609258.8	2252332.36666667	1727297.2	1604888.43333333	1893509.6	0.000689518638312392	0.953815323815572	0.000309496865258955	NA_[2395_395.37_8]	NA	1-[1-(Acetylamino)ethyl]-1-ethyl-2-(12-tetradecenyl)-4-imidazoline-1-ium	[M + H3N + H]+	682	Fatty acids	Fatty amides	Primary amides	0.983	0.893	0.4
raw	superclass	Fatty amides	NPC superclass: Fatty amides	1059	PS	Untreated	1606952.4	1606952.4	2679204.97777778	2363020	2688085.8	2363020	3478240.76666667	3966661.8	1871288.36666667	2128923.5	0.000681878515562128	0.954497202331134	0.000351007928657522	NA_[1059_441.41_3.9]	NA	N-[(1S,2R)-1-(Hydroxymethyl)-2-hydroxy-3-heptadecynyl]octanamide	[M + H3N + H]+	102	Fatty acids	Fatty amides	N-acyl ethanolamines (endocannabinoids)	1	0.801	0.285
raw	superclass	Fatty amides	NPC superclass: Fatty amides	2603	PET	PS	1605037.83333333	1605037.83333333	7910268.55555556	8369235.5	8607501.5	8369235.5	7002463.66666667	6647582	8120840.5	9158526	0.000681066107007518	0.955178268438142	0.00103633988583929	NA_[2603_549.57_8.6]	NA	N,N-bis(prop-2-enyl)triacontanamide	[M + H3N + H]+	57	Fatty acids	Fatty amides	Primary amides	0.954	0.833	0.291
raw	superclass	Fatty amides	NPC superclass: Fatty amides	299	PET	PS	1579132.7	1579132.7	3646980	3496499	4304368.73333333	3496499	2725236.03333333	2896657	3911335.23333333	4873081	0.000670073775272756	0.955848342213415	0.000477798043178161	Oleoyl sarcosine_[299_371.33_1.2]	Oleoyl sarcosine	DIOYAVUHUXAUPX	[M + H3N + H]+	738	Fatty acids	Fatty amides	N-acyl amines	0.995	0.73	0.279
raw	superclass	Fatty amides	NPC superclass: Fatty amides	274	PET	Untreated	1537680.6	1537680.6	6663092.23333333	6888039.5	7618471.43333333	8296653.5	6290014.43333333	6888039.5	6080790.83333333	4318860	0.000652484395266893	0.956500826608682	0.000872944855908798	C16:0-NAGME_[274_310.27_1.1]	C16:0-NAGME	NA	[M - H2O + H]+	157	Fatty acids	Fatty amides	N-acyl ethanolamines (endocannabinoids)	1	0.891	0.673
raw	superclass	Fatty amides	NPC superclass: Fatty amides	466	PS	PET	1535645.66666667	1535645.66666667	11406154.8888889	11840351	10677604.3333333	10487169	12213250	11944939	11327610.3333333	13116866	0.00065162091149438	0.957152447520176	0.00149434284972721	linoleoyl ethanolamide_[466_341.32_1.8]	linoleoyl ethanolamide	N-(2-hydroxyethyl)octadeca-9,12-dienamide	[M + H3N + H]+	102	Fatty acids	Fatty amides	N-acyl ethanolamines (endocannabinoids)	1	0.984	0.768
raw	superclass	Fatty amides	NPC superclass: Fatty amides	3103	PS	Untreated	1520535.06666667	1520535.06666667	3932440.97777778	3788191.2	4056933.86666667	4005404.8	4630462.06666667	3751141.2	3109927	3075943	0.000645209026800563	0.957797656546977	0.000515196848925916	NA_[3103_594.63_9.8]	NA	2,2-Bis[[(Z)-9-octadecenyl]amino]ethanol	[M + H3N + H]+	225	Fatty acids	Fatty amides	N-acyl ethanolamines (endocannabinoids)	0.951	0.758	0.13
raw	superclass	Fatty amides	NPC superclass: Fatty amides	278	PET	PS	1517104.23333333	1517104.23333333	5431542.41111111	5441614.5	6111910.16666667	5441614.5	4594805.93333333	5687933.5	5587911.13333333	4833853.5	0.000643753220430396	0.958441409767407	0.000711597084565333	Serinolamide C_[278_373.34_1.1]	Serinolamide C	Serinolamides C	[M + H3N + H]+	157	Fatty acids	Fatty amides	N-acyl ethanolamines (endocannabinoids)	0.998	0.776	0.248
raw	superclass	Fatty amides	NPC superclass: Fatty amides	1930	PS	PET	1495063.16666667	1495063.16666667	2347434.86666667	2090359.1	1505525.7	1603719.9	3000588.86666667	3484269.8	2536190.03333333	2672914.2	0.000634400529074963	0.959075810296482	0.000307542072010683	NA_[1930_498.49_6.8]	NA	N-(1,3-dihydroxypropan-2-yl)octacosanamide	[M + H]+	21	Fatty acids	Fatty amides	N-acyl amines	1	0.971	0.876
raw	superclass	Fatty amides	NPC superclass: Fatty amides	1318	PS	Untreated	1481141.53333333	1481141.53333333	2171200.57777778	1478025.5	1966430.26666667	1478025.5	3014156.5	2800861.5	1533014.96666667	1413560.5	0.000628493158905483	0.959704303455387	0.000284453270215223	NA_[1318_469.44_4.9]	NA	Tricosyl 5-oxopyrrolidine-2-carboxylate	[M + H3N + H]+	102	Fatty acids	Fatty amides	N-acyl amines	0.999	0.935	0.379
raw	superclass	Fatty amides	NPC superclass: Fatty amides	1310	Untreated	PS	1475211.5	1475211.5	7840808	7817754	7983439.5	7817754	7031886.5	6423658	8507098	8717024	0.000625976866371512	0.960330280321759	0.00102723972145053	NA_[1310_675.68_4.8]	NA	(E)-N-[(E)-docos-13-enoyl]docos-13-enamide	[M + H3N + H]+	153	Fatty acids	Fatty amides	N-acyl ethanolamines (endocannabinoids)	1	0.987	0.447
raw	superclass	Fatty amides	NPC superclass: Fatty amides	2418	PET	Untreated	1437645.66666667	1437645.66666667	1624068.88888889	1013873.6	2451519.26666667	2939299.2	1406813.8	1013873.6	1013873.6	1013873.6	0.000610036546876555	0.960940316868635	0.000212772468480124	NA_[2418_576.5_8]	NA	N-[(E,2S,3R)-1,3,6-trihydroxyoctadec-4-en-2-yl]hexadecanamide	[M + Na]+	529	Fatty acids	Fatty amides	N-acyl amines	0.999	0.961	0.757
raw	superclass	Fatty amides	NPC superclass: Fatty amides	984	PET	Untreated	1429504.83333333	1429504.83333333	1645990.67777778	1013873.6	2443378.43333333	1252407.2	1480720	1013873.6	1013873.6	1013873.6	0.000606582145023226	0.961546899013659	0.000215644485281443	N-(2R-methyl-3-hydroxy-ethyl)-16,16-dimethyl-5Z,8Z,11Z,14Z-docosatetraenoyl amine_[984_435.39_3.7]	N-(2R-methyl-3-hydroxy-ethyl)-16,16-dimethyl-5Z,8Z,11Z,14Z-docosatetraenoyl amine	(5Z,8Z,11Z,14Z)-N-[(2S)-1-hydroxypropan-2-yl]-16,16-dimethyldocosa-5,8,11,14-tetraenamide	[M + H3N + H]+	18	Fatty acids	Fatty amides	N-acyl ethanolamines (endocannabinoids)	0.969	0.777	0.211
raw	superclass	Fatty amides	NPC superclass: Fatty amides	467	Untreated	PS	1424402.66666667	1424402.66666667	7331056.5	7294884.5	7339352.16666667	7398433	6614707.33333333	6926449	8039110	9164366	0.000604417141359883	0.962151316155019	0.000960456171991219	N-octadecanoylglycinate_[467_359.33_1.8]	N-octadecanoylglycinate	Stearoylglycine	[M + H3N + H]+	631	Fatty acids	Fatty amides	N-acyl amines	1	0.983	0.565
raw	superclass	Fatty amides	NPC superclass: Fatty amides	2305	PET	PS	1421039.26666667	1421039.26666667	3576294.81111111	3075716	4156304.43333333	3744945.8	2735265.16666667	2845750.5	3837314.83333333	4324666.5	0.000602989948992989	0.962754306104012	0.000468537437160911	NA_[2305_582.59_7.8]	NA	N,N'-Ethylenebisheptadecanamide	[M + H3N + H]+	74	Fatty acids	Fatty amides	N-acyl amines	1	0.987	0.846
raw	superclass	Fatty amides	NPC superclass: Fatty amides	2345	PS	Untreated	1395005.3	1395005.3	3254503	2902134.5	3254326.16666667	3288810.5	3952094.06666667	3514899.2	2557088.76666667	2519991.8	0.000591942949377531	0.963346249053389	0.000426378857278475	NA_[2345_566.56_7.9]	NA	3-Hexyl-1,2-bis(9-nitrosononyl)-4-pentylcyclohexane	[M + H3N + H]+	20	Fatty acids	Fatty amides	N-acyl ethanolamines (endocannabinoids)	0.999	0.929	0.461
raw	superclass	Fatty amides	NPC superclass: Fatty amides	2382	PET	Untreated	1393420.5	1393420.5	1609327.16666667	1013873.6	2407294.1	2939299.2	1406813.8	1013873.6	1013873.6	1013873.6	0.000591270470795425	0.963937519524184	0.000210841126374915	N-2-hydroxypalmitoylsphingosine_[2382_576.5_8]	N-2-hydroxypalmitoylsphingosine	N-2-Hydroxypalmitoylsphingosine	[M + Na]+	529	Fatty acids	Fatty amides	N-acyl amines	1	0.954	0.664
raw	superclass	Fatty amides	NPC superclass: Fatty amides	1394	PS	Untreated	1376468.7	1376468.7	2116178.36666667	2023561.6	1920703.06666667	1508657.2	2902150.36666667	2914342	1525681.66666667	1013873.6	0.000584077309243094	0.964521596833428	0.000277244701810619	NA_[1394_460.38_5.2]	NA	N-((1S,2R)-1,3-Dihydroxy-1-(2-tridecylcycloprop-1-en-1-yl)propan-2-yl)octanamide	[M + Na]+	363	Fatty acids	Fatty amides	N-acyl ethanolamines (endocannabinoids)	0.999	0.789	0.267
raw	superclass	Fatty amides	NPC superclass: Fatty amides	849	PS	Untreated	1364648.96666667	1364648.96666667	2249545.17777778	1899265.8	2159566.56666667	1899265.8	2976858.96666667	3327257.5	1612210	1761218.9	0.000579061838828617	0.965100658672256	0.000294717350789719	NA_[849_451.39_3.3]	NA	(Z)-N-[(4E,8E,12E)-1,3-dihydroxytetradeca-4,8,12-trien-2-yl]tridec-9-enamide	[M + H3N + H]+	58	Fatty acids	Fatty amides	N-acyl amines	0.999	0.943	0.358
raw	superclass	Fatty amides	NPC superclass: Fatty amides	583	PS	Untreated	1337725.16666667	1337725.16666667	7323473.27777778	7016407	7183502.66666667	7016407	8062321.16666667	8647206	6724596	5912660	0.000567637256011297	0.965668295928268	0.000959462679090583	N-gondoylethanolamine_[583_371.36_2.3]	N-gondoylethanolamine	N-cis-11-eicosaenoylethanolamine	[M + H3N + H]+	159	Fatty acids	Fatty amides	N-acyl ethanolamines (endocannabinoids)	1	0.992	0.831
raw	superclass	Fatty amides	NPC superclass: Fatty amides	507	Untreated	PET	1295454.66666667	1295454.66666667	8318068	7872964	7847809	7655771.5	7963131.33333333	7872964	9143263.66666667	9704478	0.00054970060412785	0.966217996532395	0.00108976649540795	NA_[507_296.33_1.9]	NA	2-Hydroxyethyl(octadecyl)azanium	[M - H2O + H]+	3	Fatty acids	Fatty amides	Sphingoid bases	1	0.864	0.936
raw	superclass	Fatty amides	NPC superclass: Fatty amides	775	Untreated	PS	1271492.56666667	1271492.56666667	2974524.23333333	2835648.8	2772810.73333333	2835648.8	2439634.7	2540943.2	3711127.26666667	4242856	0.000539532760215515	0.966757529292611	0.000389698286821613	NA_[775_561.54_2.9]	NA	N-(18-oxooctadeca-6,9-dienyl)octadec-9-enamide	[M + H3N + H]+	99	Fatty acids	Fatty amides	N-acyl ethanolamines (endocannabinoids)	1	0.997	0.476
raw	superclass	Fatty amides	NPC superclass: Fatty amides	697	PET	Untreated	1258083.03333333	1258083.03333333	1583122.41111111	1013873.6	2271956.63333333	2487619.8	1463537	1013873.6	1013873.6	1013873.6	0.000533842689567677	0.967291371982179	0.000207407989662784	Putative (3-hydroxyoctadecanoyl)glycine_[697_375.32_2.7]	Putative (3-hydroxyoctadecanoyl)glycine	PDEJWCOMIACOMR	[M + H3N + H]+	-1	Fatty acids	Fatty amides	N-acyl ethanolamines (endocannabinoids)	1	0.943	0.726
raw	superclass	Fatty amides	NPC superclass: Fatty amides	674	Untreated	PS	1215969.83333333	1215969.83333333	6949278.61111111	6805213.5	7097080.33333333	6805213.5	6267392.83333333	6147150.5	7483362.66666667	7948659.5	0.000515972784832744	0.967807344767011	0.000910438697741347	NA_[674_523.52_2.6]	NA	N-(2-methylprop-2-enoyl)nonacosanamide	[M + H3N + H]+	-1	Fatty acids	Fatty amides	Ceramides	1	0.95	0.58
raw	superclass	Fatty amides	NPC superclass: Fatty amides	483	PS	Untreated	1196187.1	1196187.1	4955702.91111111	5198483.5	4633919.16666667	4390684.5	5714688.33333333	5456697	4518501.23333333	5366615	0.000507578372627943	0.968314923139639	0.000649256413114743	N-(11Z,14Z)-eicosadienoylethanolamine_[483_369.35_1.9]	N-(11Z,14Z)-eicosadienoylethanolamine	N-(2-hydroxyethyl)icosa-11,14-dienamide	[M + H3N + H]+	102	Fatty acids	Fatty amides	N-acyl ethanolamines (endocannabinoids)	1	0.993	0.934
raw	superclass	Fatty amides	NPC superclass: Fatty amides	561	PET	Untreated	1185836.36666667	1185836.36666667	2449237.83333333	2506232	2866559.63333333	2545303.5	2800430.6	2955114	1680723.26666667	1522064.2	0.000503186243352482	0.968818109382992	0.000320879479471943	NA_[561_381.35_2.2]	NA	(9Z,12Z,15Z)-N-(2-hydroxyethyl)henicosa-9,12,15-trienamide	[M + H3N + H]+	18	Fatty acids	Fatty amides	N-acyl ethanolamines (endocannabinoids)	0.94	0.781	0.371
raw	superclass	Fatty amides	NPC superclass: Fatty amides	486	Untreated	PET	1181667.33333333	1181667.33333333	1785944.64444444	1754306.5	1375334.23333333	1013873.6	1425498.13333333	1013873.6	2557001.56666667	2876883.2	0.000501417196390878	0.969319526579383	0.000233980130502518	NA_[486_505.47_1.9]	NA	N-[2-(4-hydroxyphenyl)ethyl]tetracosanamide	[M + H3N + H]+	-1	Fatty acids	Fatty amides	N-acyl ethanolamines (endocannabinoids)	0.997	0.912	0.488
raw	superclass	Fatty amides	NPC superclass: Fatty amides	479	PS	Untreated	1175972.06666667	1175972.06666667	3845242.44444444	3930110.8	3888998.4	3886707.2	4411350.5	4491177.5	3235378.43333333	3930110.8	0.000499000522455547	0.969818527101838	0.00050377279708174	NA_[479_371.33_1.9]	NA	N-(1,3-dihydroxypropan-2-yl)octadeca-9,12-dienamide	[M + H3N + H]+	102	Fatty acids	Fatty amides	N-acyl amines	1	0.994	0.834
raw	superclass	Fatty amides	NPC superclass: Fatty amides	1286	Untreated	PS	1113864.83333333	1113864.83333333	5705885.22222222	5436925.5	5520676.16666667	5436925.5	5241557.33333333	5105430.5	6355422.16666667	6864144.5	0.000472646544533734	0.970291173646372	0.000747539277368388	NA_[1286_445.42_4.7]	NA	N-(2-pyridin-4-ylethyl)docosanamide	[M + H]+	70	Fatty acids	Fatty amides	N-acyl amines	0.998	0.99	0.566
raw	superclass	Fatty amides	NPC superclass: Fatty amides	1865	Untreated	PET	1106950	1106950	24336422.6666667	24012958	23875214.6666667	22967820	24151888.6666667	24012958	24982164.6666667	25330468	0.000469712371568379	0.97076088601794	0.00318836273521927	NA_[1865_382.4_6.6]	NA	N-pentylicosanamide	[M + H]+	92	Fatty acids	Fatty amides	Primary amides	1	0.999	0.781
raw	superclass	Fatty amides	NPC superclass: Fatty amides	454	Untreated	PS	1093939.06666667	1093939.06666667	3516708.83333333	3423383.2	3510220.43333333	3332865	2972983.5	2546163.8	4066922.56666667	3766587	0.000464191438958669	0.971225077456899	0.00046073096068364	N-gondoylethanolamine_[454_371.36_1.7]	N-gondoylethanolamine	N-cis-11-eicosaenoylethanolamine	[M + H3N + H]+	-1	Fatty acids	Fatty amides	N-acyl ethanolamines (endocannabinoids)	1	0.999	0.987
raw	superclass	Fatty amides	NPC superclass: Fatty amides	1696	PET	Untreated	1089741.06666667	1089741.06666667	3770243.23333333	3857386.8	4328322.33333333	4429942	3743826.1	3857386.8	3238581.26666667	3041291.8	0.000462410100564122	0.971687487557463	0.000493947002504091	NA_[1696_826.68_6.2]	NA	1-[3,5-Bis[3-(3,5-ditert-butylcyclohexa-1,5-dien-1-yl)propanoyl]-1,3,5-triazinan-1-yl]-3-(3,5-ditert-butylcyclohexa-1,5-dien-1-yl)propan-1-one	[M + H]+	282	Fatty acids	Fatty amides	N-acyl amines	0.994	0.903	0.558
raw	superclass	Fatty amides	NPC superclass: Fatty amides	1078	PS	Untreated	1075220.43333333	1075220.43333333	1579791.01111111	1013873.6	1317588.8	1013873.6	2248502.33333333	2184233.2	1173281.9	1013873.6	0.000456248556574172	0.972143736114037	0.000206971536377863	NA_[1078_433.38_4]	NA	(9Z,12Z)-N-[(3-methoxy-6-methylcyclohexa-2,4-dien-1-yl)methyl]octadeca-9,12-dienamide	[M + H3N + H]+	18	Fatty acids	Fatty amides	N-acyl ethanolamines (endocannabinoids)	0.999	0.976	0.548
raw	superclass	Fatty amides	NPC superclass: Fatty amides	2852	PS	PET	1058115.5	1058115.5	1702905.76666667	1514775.9	1208282.36666667	1096197.6	2266397.86666667	2188076.5	1634037.06666667	1595158.6	0.00044899041591604	0.972592726529953	0.000223101043337265	N-octodecanoylsphinganine_[2852_568.57_9.2]	N-octodecanoylsphinganine	N-Octodecanoylsphinganine	[M + H]+	21	Fatty acids	Fatty amides	N-acyl amines	1	0.964	0.664
raw	superclass	Fatty amides	NPC superclass: Fatty amides	3227	PET	Untreated	1057992.33333333	1057992.33333333	13682554.8888889	13332735	14125410.3333333	13596489	13854836.3333333	13332735	13067418	12766434	0.000448938152573434	0.973041664682527	0.00179257850374526	NA_[3227_578.62_10.4]	NA	Nonatriacontanamide	[M + H]+	-1	Fatty acids	Fatty amides	N-acyl amines	1	0.998	0.646
raw	superclass	Fatty amides	NPC superclass: Fatty amides	557	Untreated	PS	1022751.16666667	1022751.16666667	8625439.16666667	8771139	8739275.33333333	8771139	8057145.5	7389441	9079896.66666667	9325807	0.000433984259469105	0.973475648941996	0.00113003579821814	NA_[557_495.49_2.1]	NA	1-(5-Dodecyl-2,5-dihydro-1,2-oxazol-3-yl)hexadecan-1-one	[M + H3N + H]+	99	Fatty acids	Fatty amides	N-acyl ethanolamines (endocannabinoids)	0.999	0.89	0.585
raw	superclass	Fatty amides	NPC superclass: Fatty amides	748	Untreated	PS	1012436.16666667	1012436.16666667	2861532.74444444	2679395.8	2711203.06666667	2679395.8	2430479.5	2540943.2	3442915.66666667	3789876	0.000429607292927954	0.973905256234924	0.000374895048995549	NA_[748_561.54_2.9]	NA	1-(5-decanoyl-4-nonyl-1,4-dihydropyridin-3-yl)dodecan-1-one	[M + H3N + H]+	99	Fatty acids	Fatty amides	Primary amides	1	0.982	0.505
raw	superclass	Fatty amides	NPC superclass: Fatty amides	513	Untreated	PET	997196.433333334	997196.433333334	5036797.2	5125705.5	4525589.33333333	4668384.5	5062016.5	5125705.5	5522785.76666667	6807033	0.000423140613054364	0.974328396847978	0.000659880735854115	N-octadecanoylglycinate_[513_359.33_1.9]	N-octadecanoylglycinate	Stearoylglycine	[M + H3N + H]+	21	Fatty acids	Fatty amides	N-acyl ethanolamines (endocannabinoids)	0.999	0.993	0.935
raw	superclass	Fatty amides	NPC superclass: Fatty amides	588	Untreated	PS	985153.633333334	985153.633333334	2942211.94444444	2943604.8	2782460.8	2957101.2	2529510.7	2680626.8	3514664.33333333	3737386	0.000418030488705186	0.974746427336683	0.000385464990120858	1,1'-(1,4-Dihydro-4-nonyl-3,5-pyridinediyl)bis[1-decanone]_[588_533.5_2.3]	1,1'-(1,4-Dihydro-4-nonyl-3,5-pyridinediyl)bis[1-decanone]	1-(5-decanoyl-4-nonyl-1,4-dihydropyridin-3-yl)decan-1-one	[M + H3N + H]+	99	Fatty acids	Fatty amides	N-acyl ethanolamines (endocannabinoids)	0.999	0.957	0.443
raw	superclass	Fatty amides	NPC superclass: Fatty amides	574	PS	PET	979131	979131	7222326.61111111	7124021.5	6722767.33333333	6463108	7701898.33333333	7670341	7242314.16666667	6562141	0.000415474903189953	0.975161902239873	0.000946211254786823	oleoyl ethanolamide_[574_343.33_2.3]	oleoyl ethanolamide	N-(2-hydroxyethyl)octadec-9-enamide	[M + H3N + H]+	-1	Fatty acids	Fatty amides	Primary amides	1	0.991	0.693
raw	superclass	Fatty amides	NPC superclass: Fatty amides	1946	Untreated	PS	959939	959939	10507003.4444444	10473649	10803378	10355755	9878846.66666667	10473649	10838785.6666667	10869872	0.000407331157008878	0.975569233396882	0.00137654324548579	NA_[1946_564.55_6.8]	NA	(E)-N-[1-[[(E)-hexadec-9-enoyl]amino]propyl]hexadec-9-enamide	[M + H3N + H]+	57	Fatty acids	Fatty amides	N-acyl ethanolamines (endocannabinoids)	0.998	0.947	0.55
raw	superclass	Fatty amides	NPC superclass: Fatty amides	671	Untreated	PS	958451.166666667	958451.166666667	6540398.66666667	6438230.5	6359650.16666667	6333941.5	6151547.33333333	6038533	7109998.5	6567389.5	0.000406699824316798	0.975975933221199	0.00085687052973649	NA_[671_297.29_2.6]	NA	Octadecadienamide	[M + H3N + H]+	-1	Fatty acids	Fatty amides	Primary amides	1	0.999	0.995
raw	superclass	Fatty amides	NPC superclass: Fatty amides	463	PET	Untreated	958403.633333333	958403.633333333	4827529	5094812.5	5270404.6	6759779.5	4900181.43333333	5094812.5	4312000.96666667	2406139	0.000406679654485524	0.976382612875684	0.000632464096207225	NA_[463_358.33_1.8]	NA	N,N-Bis(2-hydroxyethyl)heptadecanamide	[M + H]+	159	Fatty acids	Fatty amides	N-acyl ethanolamines (endocannabinoids)	1	0.906	0.259
raw	superclass	Fatty amides	NPC superclass: Fatty amides	820	PS	Untreated	947382.266666667	947382.266666667	1482037.62222222	1013873.6	1470983.4	1277511.1	1961255.86666667	1634048.8	1013873.6	1013873.6	0.000402002955199265	0.976784615830884	0.00019416467208874	NA_[820_398.36_3.2]	NA	3-(Henicosanoylamino)propanoic acid	[M + H]+	20	Fatty acids	Fatty amides	N-acyl amines	1	0.989	0.881
raw	superclass	Fatty amides	NPC superclass: Fatty amides	1414	PET	Untreated	934182.6	934182.6	2193684.64444444	2117080.2	2783679.7	2117080.2	1947877.13333333	2143992.8	1849497.1	1548013.5	0.000396401937326812	0.977181017768211	0.000287398952137257	NA_[1414_486.46_5.3]	NA	(2S)-2,6-diamino-7-oxooctacosanoic acid	[M + H3N + H]+	42	Fatty acids	Fatty amides	N-acyl ethanolamines (endocannabinoids)	0.997	0.959	0.269
raw	superclass	Fatty amides	NPC superclass: Fatty amides	1039	Untreated	PS	933732.566666666	933732.566666666	3631689.52222222	3612515	3613982.26666667	3612515	3173676.86666667	3270444	4107409.43333333	4255360	0.000396210974569429	0.97757722874278	0.000475794807525242	NA_[1039_591.58_3.8]	NA	3-(Hexadec-2-enyl)-1-octadecylpyrrolidine-2,5-dione	[M + H3N + H]+	99	Fatty acids	Fatty amides	Primary amides	1	0.99	0.534
raw	superclass	Fatty amides	NPC superclass: Fatty amides	306	Untreated	PET	932092	932092	9848893.44444444	9924100	9479905.66666667	9500674	9654777	10170488	10411997.6666667	10376888	0.000395514832503648	0.977972743575284	0.00129032295631612	Jietacin B_[306_342.31_1.3]	Jietacin B	Jietacin B	[M + H3N + H]+	-1	Fatty acids	Fatty amides	Primary amides	0.992	0.734	0.478
raw	superclass	Fatty amides	NPC superclass: Fatty amides	465	PET	PS	927225	927225	6783777.55555556	7013737	7162339.33333333	7058306.5	6235114.33333333	6960143.5	6953879	7926956.5	0.000393449617171047	0.978366193192455	0.000888756078015337	NA_[465_387.36_1.8]	NA	(Z)-9,10-bis(2-hydroxyethyl)octadec-9-enamide	[M + H3N + H]+	-1	Fatty acids	Fatty amides	N-acyl amines	0.998	0.813	0.161
raw	superclass	Fatty amides	NPC superclass: Fatty amides	468	Untreated	PS	922013.033333334	922013.033333334	3327042.35555556	3163796.2	3352967.7	3163796.2	2853073.16666667	2538492.5	3775086.2	4676721.5	0.000391238022046122	0.978757431214501	0.000435882381327922	NA_[468_355.33_1.8]	NA	(9Z,12Z)-N-(2-hydroxyethyl)nonadeca-9,12-dienamide	[M + H3N + H]+	102	Fatty acids	Fatty amides	N-acyl ethanolamines (endocannabinoids)	1	1	0.999
raw	superclass	Fatty amides	NPC superclass: Fatty amides	3111	PET	Untreated	911443.733333333	911443.733333333	1612643.27777778	1013873.6	2183865	2562097.2	1381643.56666667	1013873.6	1272421.26666667	1013873.6	0.000386753148322089	0.979144184362823	0.000211275576632347	NA_[3111_564.58_9.8]	NA	1-Aminooctadecoxy-(octadecylamino)-oxoazanium	[M - H2O + H]+	-1	Fatty acids	Fatty amides	N-acyl ethanolamines (endocannabinoids)	0.997	0.75	0.177
raw	superclass	Fatty amides	NPC superclass: Fatty amides	1226	PET	Untreated	899984.433333333	899984.433333333	1716320.42222222	1571948.4	2263790.86666667	2094179	1521363.96666667	1571948.4	1363806.43333333	1013873.6	0.000381890620674487	0.979526074983497	0.00022485852382094	NA_[1226_441.44_4.5]	NA	2,2,6,6-Tetramethyl-4-piperidinyl stearate	[M + H3N + H]+	57	Fatty acids	Fatty amides	N-acyl ethanolamines (endocannabinoids)	1	0.991	0.283
raw	superclass	Fatty amides	NPC superclass: Fatty amides	1383	PS	PET	897160.633333334	897160.633333334	1398411.74444444	1013873.6	1094037.7	1013873.6	1991198.33333333	1882923.2	1109999.2	1013873.6	0.000380692396911142	0.979906767380408	0.000183208680895676	N-dodecanoylsphinganine_[1383_506.45_5.1]	N-dodecanoylsphinganine	N-(1,3-dihydroxyoctadecan-2-yl)dodecanamide	[M + Na]+	24	Fatty acids	Fatty amides	N-acyl ethanolamines (endocannabinoids)	0.999	0.992	0.489
raw	superclass	Fatty amides	NPC superclass: Fatty amides	286	PET	PS	894117.666666666	894117.666666666	15397129.5555556	14794708	15829117	14794708	14934999.3333333	14954170	15427272.3333333	13600262	0.000379401174101075	0.98028616855451	0.0020172083126875	palmitoleoyl ethanolamide_[286_315.3_1.2]	palmitoleoyl ethanolamide	N-(2-hydroxyethyl)hexadec-9-enamide	[M + H3N + H]+	-1	Fatty acids	Fatty amides	N-acyl ethanolamines (endocannabinoids)	1	0.987	0.887
raw	superclass	Fatty amides	NPC superclass: Fatty amides	327	PET	Untreated	885400.366666667	885400.366666667	5502079.48888889	6392621	5978358	7179157.5	5434922.83333333	6392621	5092957.63333333	4318660	0.00037570216000227	0.980661870714512	0.000720838286253779	N-myristoyl lysine_[327_374.34_1.3]	N-myristoyl lysine	Myristoyl lysine	[M + H3N + H]+	-1	Fatty acids	Fatty amides	N-acyl amines	0.999	0.972	0.519
raw	superclass	Fatty amides	NPC superclass: Fatty amides	1125	PS	Untreated	826491.266666667	826491.266666667	1340333.4	1013873.6	1166761.73333333	1013873.6	1840364.86666667	1534053.5	1013873.6	1013873.6	0.000350705246801168	0.981012575961313	0.000175599722435092	N-[1-hydroxy-3-(4-hydroxyphenyl)propan-2-yl]-9-octadecenamide_[1125_449.37_4.1]	N-[1-hydroxy-3-(4-hydroxyphenyl)propan-2-yl]-9-octadecenamide	N-[1-hydroxy-3-(4-hydroxyphenyl)propan-2-yl]-9-octadecenamide	[M + H3N + H]+	18	Fatty acids	Fatty amides	N-acyl ethanolamines (endocannabinoids)	1	0.966	0.614
raw	superclass	Fatty amides	NPC superclass: Fatty amides	1796	PET	PS	804631.333333332	804631.333333332	18873168.3333333	19186762	19149577.3333333	19186762	18344946	19085022	19124981.6666667	21054912	0.000341429415798569	0.981354005377112	0.00247261100917436	NA_[1796_409.42_6.5]	NA	(2E)-N,2-di(ethylidene)docosanamide	[M + H3N + H]+	154	Fatty acids	Fatty amides	N-acyl amines	0.977	0.973	0.55
raw	superclass	Fatty amides	NPC superclass: Fatty amides	573	PS	PET	803096.333333333	803096.333333333	4756262.5	4758995	4455792.5	4336422	5258888.83333333	5294249.5	4554106.16666667	5556169	0.000340778068862974	0.981694783445974	0.000623127331474718	linoleoyl ethanolamide_[573_341.32_2.3]	linoleoyl ethanolamide	N-(2-hydroxyethyl)octadeca-9,12-dienamide	[M + H3N + H]+	102	Fatty acids	Fatty amides	N-acyl ethanolamines (endocannabinoids)	1	0.997	0.869
raw	superclass	Fatty amides	NPC superclass: Fatty amides	3420	PET	PS	792079.666666667	792079.666666667	1277900.15555556	1013873.6	1805953.26666667	1850259	1013873.6	1013873.6	1013873.6	1013873.6	0.000336103363928895	0.982030886809903	0.000167420219935813	NA_[3420_480.51_11.3]	NA	N-decyldocosanamide	[M + H]+	84	Fatty acids	Fatty amides	Primary amides	0.999	0.999	0.808
raw	superclass	Fatty amides	NPC superclass: Fatty amides	1190	PS	Untreated	788495.2	788495.2	1502223.6	1013873.6	1386993.13333333	1013873.6	1954086.43333333	2038246.5	1165591.23333333	1013873.6	0.000334582366287803	0.982365469176191	0.000196809276852643	NA_[1190_455.42_4.4]	NA	N-((1S,2R)-1,3-Dihydroxy-1-(2-tridecylcycloprop-1-en-1-yl)propan-2-yl)octanamide	[M + H3N + H]+	102	Fatty acids	Fatty amides	N-acyl ethanolamines (endocannabinoids)	1	0.905	0.359
raw	superclass	Fatty amides	NPC superclass: Fatty amides	2738	PET	PS	747666.866666667	747666.866666667	1263095.88888889	1013873.6	1761540.46666667	1013873.6	1013873.6	1013873.6	1013873.6	1013873.6	0.000317257669348298	0.982682726845539	0.000165480683759574	NA_[2738_424.45_8.9]	NA	1-(1-Hydroxydecylamino)octadecan-1-ol	[M - H2O + H]+	92	Fatty acids	Fatty amides	N-acyl amines	1	0.996	0.713
raw	superclass	Fatty amides	NPC superclass: Fatty amides	937	PS	Untreated	732801.433333333	732801.433333333	1349089.62222222	1013873.6	1286720.23333333	1013873.6	1746675.03333333	1603022	1013873.6	1013873.6	0.000310949816287734	0.982993676661827	0.000176746892379377	NA_[937_446.36_3.5]	NA	N-[(1S,2R)-1-(Hydroxymethyl)-2-hydroxy-3-heptadecynyl]octanamide	[M + Na]+	177	Fatty acids	Fatty amides	N-acyl amines	0.988	0.837	0.244
raw	superclass	Fatty amides	NPC superclass: Fatty amides	691	PET	Untreated	712611.8	712611.8	1524084.85555556	1469472.4	1878351.66666667	1872630	1528163.03333333	1362524.5	1165739.86666667	1013873.6	0.000302382744103718	0.983296059405931	0.000199673363062565	NA_[691_523.46_2.7]	NA	N-[3-[3-(cyclopentanecarbonylamino)propyl-dodecanoylamino]propyl]cyclopentanecarboxamide	[M + H3N + H]+	-1	Fatty acids	Fatty amides	N-acyl ethanolamines (endocannabinoids)	0.999	0.911	0.736
raw	superclass	Fatty amides	NPC superclass: Fatty amides	1145	Untreated	PET	707078.9	707078.9	1475245.07777778	1492870.9	1013873.6	1013873.6	1690909.13333333	1939740	1720952.5	1675538.2	0.000300034967256841	0.983596094373188	0.000193274767443319	olaflur_[1145_459.45_4.2]	olaflur	N-Stearyl-N-(2-hydroxyethyl)-N',N'-bis(2-hydroxyethyl)trimethylenediamine	[M + H]+	1	Fatty acids	Fatty amides	N-acyl ethanolamines (endocannabinoids)	0.996	0.878	0.483
raw	superclass	Fatty amides	NPC superclass: Fatty amides	3372	PET	Untreated	693217.533333333	693217.533333333	1302845.08888889	1013873.6	1757246.86666667	1777969.5	1087259.06666667	1013873.6	1064029.33333333	1013873.6	0.000294153170057168	0.983890247543245	0.000170688304853711	NA_[3372_480.51_11.1]	NA	N-decyldocosanamide	[M + H]+	84	Fatty acids	Fatty amides	Primary amides	0.999	0.998	0.843
raw	superclass	Fatty amides	NPC superclass: Fatty amides	1698	PET	PS	683888.333333333	683888.333333333	6088784	5754846	6474811.33333333	5781074	5790923	5754846	6000617.66666667	5455525.5	0.000290194508277651	0.984180442051523	0.000797703601482458	NA_[1698_735.77_6.2]	NA	23-[(Dimethylamino)methyl]pentatetracontane-22,24-dione	[M + H3N + H]+	282	Fatty acids	Fatty amides	N-acyl amines	0.998	0.974	0.326
raw	superclass	Fatty amides	NPC superclass: Fatty amides	1849	PS	PET	681045.933333333	681045.933333333	1471197.44444444	1013873.6	1242103.33333333	1013873.6	1923149.26666667	1451927.4	1248339.73333333	1013873.6	0.000288988391971634	0.984469430443494	0.000192744479016684	NA_[1849_562.52_6.6]	NA	N-(1,3-dihydroxyundecan-2-yl)tricosanamide	[M + Na]+	102	Fatty acids	Fatty amides	N-acyl ethanolamines (endocannabinoids)	1	0.954	0.278
raw	superclass	Fatty amides	NPC superclass: Fatty amides	3335	PET	Untreated	675839.333333333	675839.333333333	1314273.87777778	1013873.6	1750614.2	1815826.8	1117432.56666667	1013873.6	1074774.86666667	1013873.6	0.000286779074085724	0.98475620951758	0.000172185613028422	NA_[3335_480.51_10.9]	NA	N-decyldocosanamide	[M + H]+	84	Fatty acids	Fatty amides	N-acyl amines	0.998	0.995	0.507
raw	superclass	Fatty amides	NPC superclass: Fatty amides	2635	Untreated	PS	672862.666666667	672862.666666667	2869112.23333333	1013873.6	2900604.23333333	1013873.6	2516934.9	1013873.6	3189797.56666667	1013873.6	0.000285515984371312	0.985041725501951	0.000375888052784822	NA_[2635_507.34_8.7]	NA	2,29-diaminotriaconta-4,6,10,13,16,19,22,26-octaene-3,28-diol	[M + K]+	33	Fatty acids	Fatty amides	N-acyl ethanolamines (endocannabinoids)	0.999	0.976	0.254
raw	superclass	Fatty amides	NPC superclass: Fatty amides	2920	PS	PET	671884.7	671884.7	1698614.25555556	1728132	1373684.06666667	1068813.8	2045568.76666667	2210398.2	1676589.93333333	1728132	0.000285101003529978	0.985326826505481	0.000222538804001934	N-octodecanoylsphinganine_[2920_568.57_9.3]	N-octodecanoylsphinganine	N-Octodecanoylsphinganine	[M + H]+	21	Fatty acids	Fatty amides	N-acyl amines	1	0.981	0.697
raw	superclass	Fatty amides	NPC superclass: Fatty amides	704	PET	Untreated	661326.3	661326.3	1758612.48888889	1880359.5	2047591.36666667	2148597	1841981.03333333	1880359.5	1386265.06666667	1013873.6	0.000280620755005683	0.985607447260487	0.00023039929089268	NA_[704_407.36_2.8]	NA	N-(5Z,8Z,11Z,14Z-tricosatetraenoyl)-ethanolamine	[M + H3N + H]+	58	Fatty acids	Fatty amides	N-acyl amines	0.996	0.934	0.304
raw	superclass	Fatty amides	NPC superclass: Fatty amides	489	Untreated	PS	658666	658666	2836115.82222222	2822759.8	2795751.33333333	2833405	2526965.06666667	2595920.2	3185631.06666667	3642012.2	0.00027949190923841	0.985886939169725	0.000371565127882357	(4E,8E,9Me-d19:2)sphingosine_[489_334.27_1.9]	(4E,8E,9Me-d19:2)sphingosine	(4E,8E,9Me-d19:2)sphingosine	[M + Na]+	-1	Fatty acids	Fatty amides	Primary amides	0.999	0.978	0.942
raw	superclass	Fatty amides	NPC superclass: Fatty amides	3133	PS	Untreated	642834	642834	2963962.34444444	2988806.2	3170328.56666667	3104395.5	3182196.23333333	3036108	2539362.23333333	2550442.5	0.000272773912701375	0.986159713082427	0.000388314552925793	NA_[3133_646.66_10]	NA	Octadecanamide, N,N'-(iminodi-3,1-propanediyl)bis-	[M - H2O + H]+	-1	Fatty acids	Fatty amides	N-acyl amines	1	0.99	0.842
raw	superclass	Fatty amides	NPC superclass: Fatty amides	3086	PET	Untreated	594481.2	594481.2	1573398.37777778	1430782.5	1858396.96666667	1929611.1	1597882.4	1430782.5	1263915.76666667	1352005.6	0.000252256356931041	0.986411969439358	0.000206134024875901	NA_[3086_480.51_9.7]	NA	N-decyldocosanamide	[M + H]+	84	Fatty acids	Fatty amides	N-acyl amines	0.998	0.996	0.494
raw	superclass	Fatty amides	NPC superclass: Fatty amides	469	PET	PS	583550.6	583550.6	4248511.37777778	4269882	4613475.16666667	4753993	4029924.56666667	3961176.5	4102134.4	4237374.5	0.000247618172687249	0.986659587612045	0.000556605855453656	NA_[469_364.28_1.8]	NA	2-Amino-2-oxoethyl stearate	[M + Na]+	31	Fatty acids	Fatty amides	N-acyl amines	0.96	0.852	0.318
raw	superclass	Fatty amides	NPC superclass: Fatty amides	2863	PET	PS	574982.8	574982.8	1205534.53333333	1013873.6	1588856.4	1013873.6	1013873.6	1013873.6	1013873.6	1013873.6	0.000243982595960998	0.986903570208006	0.000157939457033042	NA_[2863_452.48_9.2]	NA	1-[1-Hydroxypropyl(tetracosyl)amino]propan-1-ol	[M - H2O + H]+	163	Fatty acids	Fatty amides	N-acyl amines	1	0.991	0.617
raw	superclass	Fatty amides	NPC superclass: Fatty amides	2346	PET	Untreated	572119	572119	2581480.22222222	2635406	2775584.26666667	2644426	2765391.13333333	2635406	2203465.26666667	2125506.2	0.000242767398987605	0.987146337606994	0.000338204815677876	NA_[2346_567.58_7.9]	NA	N-[(E)-3-hydroxyoctadec-4-en-2-yl]octadecanamide	[M + H3N + H]+	20	Fatty acids	Fatty amides	N-acyl ethanolamines (endocannabinoids)	0.999	0.851	0.182
raw	superclass	Fatty amides	NPC superclass: Fatty amides	2400	PET	PS	571517.366666667	571517.366666667	3990784.43333333	4150268.2	4269045.83333333	4355341.5	3697528.46666667	3965921.8	4005779	4150268.2	0.00024251210776414	0.987388849714758	0.000522840540116077	NA_[2400_424.45_8]	NA	1-(1-Hydroxydecylamino)octadecan-1-ol	[M - H2O + H]+	92	Fatty acids	Fatty amides	Sphingoid bases	1	0.959	0.533
raw	superclass	Fatty amides	NPC superclass: Fatty amides	766	Untreated	PS	571098.9	571098.9	2831816.71111111	2841485	2649983.56666667	2737280.5	2637183.83333333	2659371.2	3208282.73333333	3215321.5	0.000242334539698353	0.987631184254456	0.000371001892856035	oleamide_[766_299.31_2.9]	oleamide	Oleamide	[M + H3N + H]+	-1	Fatty acids	Fatty amides	Primary amides	1	1	1
raw	superclass	Fatty amides	NPC superclass: Fatty amides	456	PS	Untreated	569487.333333333	569487.333333333	3572727.11111111	3647822	3572017.86666667	3654962.8	3857825.4	3647822	3288338.06666667	3264305.2	0.000241650703209857	0.987872834957666	0.000468070025746906	NA_[456_512.44_1.7]	NA	3-Octacosylpyrrole-2,5-dione	[M + Na]+	166	Fatty acids	Fatty amides	N-acyl ethanolamines (endocannabinoids)	0.999	0.762	0.389
raw	superclass	Fatty amides	NPC superclass: Fatty amides	3438	PET	PS	563883.233333333	563883.233333333	1201834.67777778	1013873.6	1577756.83333333	1457183.1	1013873.6	1013873.6	1013873.6	1013873.6	0.000239272714049095	0.988112107671715	0.000157454731659038	NA_[3438_480.51_11.4]	NA	N-decyldocosanamide	[M + H]+	84	Fatty acids	Fatty amides	Primary amides	0.999	0.999	0.877
raw	superclass	Fatty amides	NPC superclass: Fatty amides	2288	PS	Untreated	558278.033333333	558278.033333333	2802871.96666667	2753064.8	2715410.06666667	2789496.5	3125741.93333333	2770352	2567463.9	2535350	0.000236894258125056	0.98834900192984	0.000367209784795161	NA_[2288_522.53_7.7]	NA	N-(3-hydroxyoctadec-4-en-2-yl)hexadecanamide	[M + H]+	20	Fatty acids	Fatty amides	N-acyl amines	0.999	0.961	0.298
raw	superclass	Fatty amides	NPC superclass: Fatty amides	248	PET	Untreated	552414	552414	10657558	10993444	10873416.6666667	10993444	10778254.6666667	10930948	10321002.6666667	11182268	0.000234405971387664	0.988583407901228	0.00139626769476601	NA_[248_313.28_1.1]	NA	Methyl 16-cyanohexadecanoate	[M + H3N + H]+	102	Fatty acids	Fatty amides	Primary amides	0.992	0.811	0.329
raw	superclass	Fatty amides	NPC superclass: Fatty amides	3451	PET	PS	548798.2	548798.2	1196806.33333333	1013873.6	1562671.8	1384601.6	1013873.6	1013873.6	1013873.6	1013873.6	0.000232871678065366	0.988816279579293	0.000156795958335361	NA_[3451_480.51_11.6]	NA	N-hexadecyl-N-hydroxyhexadecan-1-amine oxide	[M - H2O + H]+	-1	Fatty acids	Fatty amides	Sphingoid bases	1	0.942	0.438
raw	superclass	Fatty amides	NPC superclass: Fatty amides	951	PET	Untreated	538773.6	538773.6	1597144.13333333	1491128.6	1821373.53333333	1886418.9	1687458.93333333	1813269.2	1282599.93333333	1402865.4	0.000228617937029164	0.989044897516322	0.00020924500314785	NA_[951_462.36_3.6]	NA	N-[(2S,3R,6R)-1,3,6-trihydroxyoctadec-4-yn-2-yl]octanamide	[M + Na]+	31	Fatty acids	Fatty amides	N-acyl amines	0.997	0.808	0.188
raw	superclass	Fatty amides	NPC superclass: Fatty amides	3286	PET	Untreated	536712.633333333	536712.633333333	1231966.5	1013873.6	1550586.23333333	1441822.6	1131439.66666667	1013873.6	1013873.6	1013873.6	0.000227743406525778	0.989272640922848	0.000161402361120995	NA_[3286_480.51_10.7]	NA	N-decyldocosanamide	[M + H]+	-1	Fatty acids	Fatty amides	Primary amides	0.997	0.991	0.566
raw	superclass	Fatty amides	NPC superclass: Fatty amides	568	PS	Untreated	524999.166666667	524999.166666667	1511105.3	1231633.6	1482911.6	1231633.6	1787701.73333333	2026206.6	1262702.56666667	1013873.6	0.000222773028272661	0.989495413951121	0.00019797288588809	N-(2-hydroxyethyl)docosa-7,10,13,16-tetraenamide_[568_393.35_2.2]	N-(2-hydroxyethyl)docosa-7,10,13,16-tetraenamide	Adrenoyl-Ethanolamine	[M + H3N + H]+	70	Fatty acids	Fatty amides	N-acyl ethanolamines (endocannabinoids)	0.998	0.968	0.64
raw	superclass	Fatty amides	NPC superclass: Fatty amides	2232	PS	Untreated	522042.966666667	522042.966666667	2851987.74444444	2830676.5	2836422.73333333	2907667	3120791.73333333	3121328	2598748.76666667	2788976.8	0.000221518623184057	0.989716932574305	0.000373644539718795	NA_[2232_582.59_7.5]	NA	N-[3-(heptadec-1-en-2-ylamino)-2-hydroxypropyl]hexadecanamide	[M + H3N + H]+	-1	Fatty acids	Fatty amides	N-acyl amines	1	0.973	0.311
raw	superclass	Fatty amides	NPC superclass: Fatty amides	1976	Untreated	PET	518100.666666667	518100.666666667	5927599.77777778	5925118	5666061.33333333	5684142.5	5932576	5944718	6184162	6392292	0.000219845786034742	0.98993677836034	0.000776586538606059	NA_[1976_368.39_6.9]	NA	N,N-dibutylhexadecanamide	[M + H]+	142	Fatty acids	Fatty amides	N-acyl amines	1	0.999	0.854
raw	superclass	Fatty amides	NPC superclass: Fatty amides	613	Untreated	PET	515144.233333333	515144.233333333	2501648.38888889	2309644	2269865.3	2309644	2450070.33333333	2089439.4	2785009.53333333	2806302.2	0.000218591281935746	0.990155369642275	0.000327745889730931	NA_[613_302.25_2.4]	NA	Octadecadienamide	[M + Na]+	-1	Fatty acids	Fatty amides	Primary amides	1	0.999	1
raw	superclass	Fatty amides	NPC superclass: Fatty amides	1253	Untreated	PS	507609.966666667	507609.966666667	2957212.98888889	2983334.2	3039243.26666667	3025865.8	2662392.86666667	2731912.8	3170002.83333333	3141783.5	0.000215394264668454	0.990370763906944	0.000387430306541893	NA_[1253_455.46_4.6]	NA	N-tetradecanoyltetradecanamide	[M + H3N + H]+	57	Fatty acids	Fatty amides	N-acyl ethanolamines (endocannabinoids)	0.996	0.958	0.929
raw	superclass	Fatty amides	NPC superclass: Fatty amides	3478	PET	PS	502926.4	502926.4	1181515.73333333	1013873.6	1516800	1287408.9	1013873.6	1013873.6	1013873.6	1013873.6	0.000213406885648265	0.990584170792592	0.000154792706669868	NA_[3478_480.51_11.8]	NA	Dotriacontanamide	[M + H]+	-1	Fatty acids	Fatty amides	N-acyl amines	0.994	0.988	0.328
raw	superclass	Fatty amides	NPC superclass: Fatty amides	928	PS	Untreated	497824.466666667	497824.466666667	1259042.58888889	1013873.6	1251556.1	1013873.6	1511698.06666667	1405214.4	1013873.6	1013873.6	0.000211241980995314	0.990795412773587	0.000164949652931762	Hydrazidomycin A_[928_470.43_3.5]	Hydrazidomycin A	Hydrazidomycin A	[M + H3N + H]+	-1	Fatty acids	Fatty amides	N-acyl amines	0.989	0.94	0.257
raw	superclass	Fatty amides	NPC superclass: Fatty amides	3172	PET	Untreated	495643.4	495643.4	1215801.71111111	1013873.6	1509517	1607787.5	1124014.53333333	1013873.6	1013873.6	1013873.6	0.000210316488428759	0.991005729262016	0.000159284580244901	NA_[3172_480.51_10.2]	NA	N-decyldocosanamide	[M + H]+	84	Fatty acids	Fatty amides	Primary amides	0.999	0.997	0.63
raw	superclass	Fatty amides	NPC superclass: Fatty amides	1782	Untreated	PS	493245.7	493245.7	3254683.04444444	3217055.5	3262904.96666667	3217055.5	3003949.23333333	3130563.5	3497194.93333333	3647166.8	0.000209299071785451	0.991215028333802	0.000426402445256265	NA_[1782_515.49_6.5]	NA	N-[3-(pentadecanoylamino)cyclopropen-1-yl]hexadecanamide	[M - H2O + H]+	70	Fatty acids	Fatty amides	N-acyl amines	1	0.904	0.659
raw	superclass	Fatty amides	NPC superclass: Fatty amides	1390	PS	Untreated	475883.233333334	475883.233333334	1220175.03333333	1013873.6	1156894.66666667	1013873.6	1489756.83333333	1533287.1	1013873.6	1013873.6	0.000201931651943293	0.991416959985745	0.000159857537815265	NA_[1390_482.43_5.2]	NA	N-[2-(2,5-dioxopyrrolidin-1-yl)ethyl]docosanamide	[M + H3N + H]+	-1	Fatty acids	Fatty amides	N-acyl amines	1	0.99	0.426
raw	superclass	Fatty amides	NPC superclass: Fatty amides	694	PS	Untreated	470304.1	470304.1	1329751.04444444	1013873.6	1265765.9	1013873.6	1596895.66666667	1620158.9	1126591.56666667	1013873.6	0.000199564256894468	0.991616524242639	0.000174213307160903	NA_[694_395.36_2.7]	NA	NA	[M + H3N + H]+	70	Fatty acids	Fatty amides	N-acyl amines	1	0.994	0.414
raw	superclass	Fatty amides	NPC superclass: Fatty amides	1550	Untreated	PET	462197	462197	3884678.73333333	4504391	3618473.7	4846756.5	3954891.8	4178967.2	4080670.7	5587994.5	0.000196124169114946	0.991812648411754	0.000508939423074018	N-(docosanoyl)ethanolamine_[1550_366.37_5.8]	N-(docosanoyl)ethanolamine	N-(2-Hydroxyethyl)docosanamide	[M - H2O + H]+	24	Fatty acids	Fatty amides	N-acyl ethanolamines (endocannabinoids)	0.997	0.966	0.822
raw	superclass	Fatty amides	NPC superclass: Fatty amides	1412	PET	Untreated	459535.966666667	459535.966666667	1464347.03333333	1324192	1764970.83333333	1695573.9	1322635.4	1324192	1305434.86666667	1013873.6	0.000194995012172155	0.992007643423926	0.000191846993145126	NA_[1412_424.41_5.2]	NA	NA	[M - H2O + H]+	20	Fatty acids	Fatty amides	N-acyl ethanolamines (endocannabinoids)	0.999	0.984	0.734
raw	superclass	Fatty amides	NPC superclass: Fatty amides	2406	PET	PS	458698.533333333	458698.533333333	1244279.68888889	1013873.6	1472572.13333333	1415687.8	1013873.6	1013873.6	1246393.33333333	1252335.5	0.000194639663875457	0.992202283087802	0.000163015536284115	NA_[2406_579.58_8]	NA	1-[6-(2-Oxohexadecyl)piperidin-2-yl]hexadecan-2-one	[M + H3N + H]+	57	Fatty acids	Fatty amides	N-acyl ethanolamines (endocannabinoids)	0.999	0.989	0.885
raw	superclass	Fatty amides	NPC superclass: Fatty amides	3242	PET	Untreated	442564.433333333	442564.433333333	1189524.35555556	1013873.6	1456438.03333333	1459670.9	1098261.43333333	1013873.6	1013873.6	1013873.6	0.000187793477169534	0.992390076564971	0.000155841932063572	NA_[3242_480.51_10.4]	NA	N-decyldocosanamide	[M + H]+	84	Fatty acids	Fatty amides	Primary amides	0.999	0.999	0.88
raw	superclass	Fatty amides	NPC superclass: Fatty amides	3222	PET	Untreated	434347.1	434347.1	1186785.24444444	1013873.6	1448220.7	1435018.9	1098261.43333333	1013873.6	1013873.6	1013873.6	0.000184306614051988	0.992574383179023	0.000155483075714227	NA_[3222_480.51_10.3]	NA	4-Octacosylmorpholine	[M + H]+	84	Fatty acids	Fatty amides	N-acyl amines	0.98	0.933	0.142
raw	superclass	Fatty amides	NPC superclass: Fatty amides	1161	Untreated	PS	422630.233333333	422630.233333333	1384731.07777778	1461345	1490023.2	1494010	1120769.9	1013873.6	1543400.13333333	1630484.2	0.000179334793076017	0.992753717972099	0.000181416349771649	NA_[1161_441.44_4.2]	NA	3-(docosanoylamino)-N,N-dimethylpropan-1-amine oxide	[M + H]+	57	Fatty acids	Fatty amides	N-acyl amines	1	0.998	0.758
raw	superclass	Fatty amides	NPC superclass: Fatty amides	436	PS	PET	422374.666666664	422374.666666664	20404999.7777778	20360796	20205594.6666667	20360796	20627969.3333333	20664390	20381435.3333333	19656036	0.000179226348408151	0.992932944320508	0.00267329926812679	Jietacin B_[436_342.31_1.7]	Jietacin B	Jietacin B	[M + H3N + H]+	102	Fatty acids	Fatty amides	Primary amides	0.983	0.87	0.533
raw	superclass	Fatty amides	NPC superclass: Fatty amides	3260	PET	Untreated	420817.633333333	420817.633333333	1171390.63333333	1013873.6	1434691.23333333	1460451	1065607.06666667	1013873.6	1013873.6	1013873.6	0.000178565652062688	0.99311150997257	0.000153466197347913	NA_[3260_480.51_10.5]	NA	N-decyldocosanamide	[M + H]+	84	Fatty acids	Fatty amides	Primary amides	0.999	0.997	0.789
raw	superclass	Fatty amides	NPC superclass: Fatty amides	2645	Untreated	PS	399891.833333333	399891.833333333	4143103.31111111	4147503.5	4026588.1	3824335	4001415	3648776.5	4401306.83333333	4381128.5	0.000169686202092079	0.993281196174662	0.000542796136730623	NA_[2645_591.62_8.7]	NA	(Octatriacontylamino)carbamic acid	[M - H2O + H]+	57	Fatty acids	Fatty amides	N-acyl ethanolamines (endocannabinoids)	0.999	0.791	0.214
raw	superclass	Fatty amides	NPC superclass: Fatty amides	1271	PET	Untreated	391386.066666667	391386.066666667	1204668.15555556	1013873.6	1405259.66666667	1013873.6	1194871.2	1013873.6	1013873.6	1013873.6	0.000166076947985744	0.993447273122648	0.000157825951171514	NA_[1271_514.46_4.6]	NA	methyl (2S)-3-methyl-2-[[(2R)-3-methyl-2-(octadecanoylamino)butanoyl]amino]butanoate	[M + H3N + H]+	-1	Fatty acids	Fatty amides	N-acyl amines	0.992	0.815	0.169
raw	superclass	Fatty amides	NPC superclass: Fatty amides	1169	Untreated	PS	389183.666666667	389183.666666667	1601735.45555556	1693534.4	1682901.1	1693534.4	1366560.8	1367295.2	1755744.46666667	1792607.4	0.000165142403040496	0.993612415525689	0.000209846521328202	NA_[1169_334.31_4.3]	NA	1-(pyrrolidin-1-yl)octadeca-2,4-dien-1-one	[M + H]+	-1	Fatty acids	Fatty amides	Primary amides	1	0.999	0.968
raw	superclass	Fatty amides	NPC superclass: Fatty amides	659	PET	PS	385538.733333333	385538.733333333	2985607.52222222	3046646.8	3206940.8	3528130.2	2821402.06666667	2668040.2	2928479.7	3046646.8	0.000163595747563547	0.993776011273252	0.000391150330359853	NA_[659_397.38_2.5]	NA	Octadecanamide, N-[2-[bis(2-hydroxyethyl)amino]ethyl]-	[M - H2O + H]+	102	Fatty acids	Fatty amides	N-acyl ethanolamines (endocannabinoids)	1	0.953	0.699
raw	superclass	Fatty amides	NPC superclass: Fatty amides	861	PET	Untreated	376199.433333333	376199.433333333	1251439.46666667	1013873.6	1390073.03333333	1263331.5	1350371.76666667	1354777.1	1013873.6	1013873.6	0.000159632800048494	0.993935644073301	0.000163953552892874	tro-40303_[861_423.39_3.3]	tro-40303	3-[(3aR,5aS,6R,7E,9aS,9bS)-7-hydroxyimino-3a,6-dimethyl-3-[(2R)-6-methylheptan-2-yl]-1,2,3,4,5,5a,8,9,9a,9b-decahydrocyclopenta[a]naphthalen-6-yl]propan-1-ol	[M + H3N + H]+	18	Fatty acids	Fatty amides	N-acyl ethanolamines (endocannabinoids)	0.989	0.82	0.222
raw	superclass	Fatty amides	NPC superclass: Fatty amides	1175	PET	Untreated	371953.566666667	371953.566666667	2251261.5	2633079.5	2426329.9	2633079.5	2273078.26666667	2766450.8	2054376.33333333	1776294.6	0.000157831150379256	0.99409347522368	0.000294942209549362	NA_[1175_543.47_4.3]	NA	ethyl N-(27-amino-3,26-dihydroxy-11-oxooctacosan-2-yl)carbamate	[M + H]+	-1	Fatty acids	Fatty amides	N-acyl amines	1	0.9	0.63
raw	superclass	Fatty amides	NPC superclass: Fatty amides	2278	Untreated	PET	362125.266666667	362125.266666667	4092720.43333333	3953576.5	3893441.73333333	3865230.2	4129152.56666667	4186763	4255567	4788208.5	0.000153660705371364	0.994247135929051	0.000536195376536735	NA_[2278_396.42_7.7]	NA	hexacosanamide	[M + H]+	142	Fatty acids	Fatty amides	Primary amides	1	0.999	0.867
raw	superclass	Fatty amides	NPC superclass: Fatty amides	944	Untreated	PET	361266.666666667	361266.666666667	3427837.9	3329084	3306689.43333333	3329084	3308868.16666667	3075000.5	3667956.1	3862836.8	0.000153296375417682	0.994400432304469	0.000449087804416788	NA_[944_325.32_3.6]	NA	Icosa-2,4-dienamide	[M + H3N + H]+	24	Fatty acids	Fatty amides	Primary amides	0.999	0.997	0.981
raw	superclass	Fatty amides	NPC superclass: Fatty amides	636	PS	Untreated	348418.566666667	348418.566666667	1335477.86666667	1269350.5	1407470.36666667	1300865.9	1473690.9	1510142.6	1125272.33333333	1092592.9	0.00014784453791721	0.994548276842386	0.000174963589435938	NA_[636_419.36_2.5]	NA	N-[(3-methoxyphenyl)methyl]octadec-9-enimidic acid	[M + H3N + H]+	70	Fatty acids	Fatty amides	N-acyl amines	0.999	0.964	0.367
raw	superclass	Fatty amides	NPC superclass: Fatty amides	831	Untreated	PS	345360.566666667	345360.566666667	1364973.94444444	1392465.4	1365761.2	1392465.4	1191900.03333333	1013873.6	1537260.6	1665314.4	0.000146546936009033	0.994694823778395	0.000178827928764274	NA_[831_615.58_3.2]	NA	(E)-1-[1-[(E)-octadec-9-enoyl]-2,5-dihydropyrrol-2-yl]octadec-9-en-1-one	[M + H3N + H]+	99	Fatty acids	Fatty amides	N-acyl ethanolamines (endocannabinoids)	0.998	0.952	0.236
raw	superclass	Fatty amides	NPC superclass: Fatty amides	910	PS	Untreated	340018.666666667	340018.666666667	1153210.44444444	1013873.6	1091865.46666667	1013873.6	1353892.26666667	1194255.6	1013873.6	1013873.6	0.000144280206240136	0.994839103984635	0.000151084374942603	NA_[910_424.38_3.4]	NA	N-[(1S,2R)-1-(Hydroxymethyl)-2-hydroxy-3-heptadecynyl]octanamide	[M + H]+	-1	Fatty acids	Fatty amides	Ceramides	0.999	0.705	0.298
raw	superclass	Fatty amides	NPC superclass: Fatty amides	2107	Untreated	PET	328954	328954	10158298.8888889	10053462	10040218	10408795	10065506.6666667	10053462	10369172	9563459	0.000139585133453999	0.994978689118089	0.00133085877387043	NA_[2107_566.56_7.2]	NA	N-[2-(pentadecanoylamino)cyclopentyl]pentadecanamide	[M + H3N + H]+	57	Fatty acids	Fatty amides	N-acyl ethanolamines (endocannabinoids)	0.998	0.833	0.276
raw	superclass	Fatty amides	NPC superclass: Fatty amides	3093	PET	PS	321503.3	321503.3	1454598.72222222	1518963.1	1666899.26666667	1693344.4	1345395.96666667	1503351.2	1351500.93333333	1380112.4	0.000136423576051366	0.995115112694141	0.000190569847678691	NA_[3093_632.65_9.8]	NA	N,N'-[Methyliminobis(ethylene)]bis(octadecanamide)	[M - H2O + H]+	-1	Fatty acids	Fatty amides	N-acyl amines	0.999	0.964	0.658
raw	superclass	Fatty amides	NPC superclass: Fatty amides	638	PS	Untreated	318160.8	318160.8	1270868.55555556	1131907.6	1368817.26666667	1131907.6	1380974.6	1398081.1	1062813.8	1013873.6	0.000135005252186723	0.995250117946327	0.000166498996150541	NA_[638_395.36_2.5]	NA	8'-methyl-5-[(methylamino)methyl]-3-pentylspiro[cyclopentane-1,4'-tricyclo[6.3.1.0²,⁵]dodecane]-1',6'-diol	[M + H3N + H]+	18	Fatty acids	Fatty amides	N-acyl ethanolamines (endocannabinoids)	0.989	0.896	0.773
raw	superclass	Fatty amides	NPC superclass: Fatty amides	999	PS	Untreated	313424.1	313424.1	1518296.82222222	1660875.8	1468575.63333333	1660875.8	1699869.46666667	1932439.5	1386445.36666667	1299239.6	0.000132995327085853	0.995383113273413	0.00019891506139913	NA_[999_462.36_3.7]	NA	N-[(2S,3R,6R)-1,3,6-trihydroxyoctadec-4-yn-2-yl]octanamide	[M + Na]+	31	Fatty acids	Fatty amides	Ceramides	1	0.893	0.143
raw	superclass	Fatty amides	NPC superclass: Fatty amides	3458	PET	Untreated	306623.033333333	306623.033333333	1640894.22222222	1709088.4	1793697.8	1768412.6	1641910.1	1640010.1	1487074.76666667	1535356.9	0.000130109428758743	0.995513222702172	0.000214976788586756	NA_[3458_702.75_11.6]	NA	2-[(E)-hexadec-7-enyl]dotriacontanamide	[M + H]+	619	Fatty acids	Fatty amides	Primary amides	0.986	0.931	0.468
raw	superclass	Fatty amides	NPC superclass: Fatty amides	1557	PS	PET	306174.1	306174.1	1115931.63333333	1013873.6	1013873.6	1013873.6	1320047.7	1013873.6	1013873.6	1013873.6	0.000129918932764636	0.995643141634937	0.000146200404369444	NA_[1557_421.38_5.9]	NA	N-(5Z,8Z,11Z,14Z-tetracosatetraenoyl)-ethanolamine	[M + H3N + H]+	70	Fatty acids	Fatty amides	N-acyl ethanolamines (endocannabinoids)	1	0.995	0.921
raw	superclass	Fatty amides	NPC superclass: Fatty amides	1710	PET	Untreated	303363.566666667	303363.566666667	1994594.86666667	2098407.8	2146566.3	2171597	1994015.56666667	2100225.8	1843202.73333333	1972008.2	0.00012872633844929	0.995771867973386	0.000261315807661829	NA_[1710_488.46_6.3]	NA	N-[2-(5-methyl-3a,4-dihydro-1H-indol-3-yl)ethyl]icosanamide	[M + H3N + H]+	-1	Fatty acids	Fatty amides	N-acyl amines	0.987	0.948	0.253
raw	superclass	Fatty amides	NPC superclass: Fatty amides	1133	Untreated	PS	299350.8	299350.8	1218150.75555556	1152904.4	1140332.06666667	1152904.4	1107384.7	1013873.6	1406735.5	1463608.8	0.000127023600161608	0.995898891573547	0.000159592333190871	NA_[1133_519.53_4.1]	NA	Hexadecanamide, N,N'-1,2-ethanediylbis-	[M - H2O + H]+	70	Fatty acids	Fatty amides	N-acyl amines	1	0.995	0.712
raw	superclass	Fatty amides	NPC superclass: Fatty amides	2208	Untreated	PS	297332.633333333	297332.633333333	1306055.35555556	1299863.4	1402426.36666667	1386257.6	1109203.53333333	1013873.6	1406536.16666667	1458959.9	0.000126167230992973	0.996025058804541	0.000171108888221707	NA_[2208_506.5_7.5]	NA	1-Methyl-1-tridecanoyl-2-pentadecyl-1H-imidazol-1-ium	[M + H3N + H]+	-1	Fatty acids	Fatty amides	Primary amides	0.947	0.74	0.163
raw	superclass	Fatty amides	NPC superclass: Fatty amides	1571	Untreated	PS	287210.866666667	287210.866666667	2222105.14444444	2249701.5	2267616.9	2249701.5	2055743.83333333	2012504.5	2342954.7	2658986	0.000121872259200695	0.996146931063741	0.000291122377899435	NA_[1571_407.4_5.9]	NA	N-(2-methylpropyl)docosa-2,4,10-trienamide	[M + H3N + H]+	154	Fatty acids	Fatty amides	Primary amides	0.999	0.985	0.638
raw	superclass	Fatty amides	NPC superclass: Fatty amides	1411	PET	PS	283804.533333333	283804.533333333	1108475.11111111	1013873.6	1297678.13333333	1013873.6	1013873.6	1013873.6	1013873.6	1013873.6	0.000120426848921683	0.996267357912663	0.000145223510685713	NA_[1411_482.47_5.2]	NA	N-[2-(dodecanoylamino)cyclopropyl]tetradecanamide	[M + H3N + H]+	-1	Fatty acids	Fatty amides	N-acyl ethanolamines (endocannabinoids)	0.992	0.826	0.243
raw	superclass	Fatty amides	NPC superclass: Fatty amides	2501	PET	Untreated	283603.1	283603.1	2560346	2609930.5	2681984.43333333	2715067.8	2600672.23333333	2600477.2	2398381.33333333	2657048	0.000120341374664749	0.996387699287328	0.00033543597953897	NA_[2501_575.55_8.3]	NA	(6Z,9Z,28Z,31Z)-19-nitrosoheptatriaconta-6,9,28,31-tetraen-19-ol	[M + H3N + H]+	99	Fatty acids	Fatty amides	Primary amides	1	0.992	0.483
raw	superclass	Fatty amides	NPC superclass: Fatty amides	737	PS	PET	282680.4	282680.4	1108100.4	1013873.6	1013873.6	1013873.6	1296554	1013873.6	1013873.6	1013873.6	0.000119949845141965	0.99650764913247	0.000145174419043959	NA_[737_421.38_2.8]	NA	N-(5Z,8Z,11Z,14Z-tetracosatetraenoyl)-ethanolamine	[M + H3N + H]+	18	Fatty acids	Fatty amides	N-acyl ethanolamines (endocannabinoids)	0.983	0.843	0.448
raw	superclass	Fatty amides	NPC superclass: Fatty amides	875	Untreated	PS	278443.3	278443.3	2810968.83333333	2818666	2866876.66666667	2818666	2643793.26666667	2581434.8	2922236.56666667	3100218.5	0.000118151915434596	0.996625801047904	0.000368270571267587	NA_[875_591.58_3.4]	NA	3-(Hexadec-2-enyl)-1-octadecylpyrrolidine-2,5-dione	[M + H3N + H]+	99	Fatty acids	Fatty amides	N-acyl ethanolamines (endocannabinoids)	1	0.987	0.536
raw	superclass	Fatty amides	NPC superclass: Fatty amides	1798	Untreated	PET	276437.766666667	276437.766666667	3110615	3073678.5	3015144.06666667	3114842	3025119.1	3067786.8	3291581.83333333	3448241.2	0.000117300906971468	0.996743101954876	0.000407527806590833	NA_[1798_368.39_6.5]	NA	Tetracosanimidate	[M + H]+	58	Fatty acids	Fatty amides	Primary amides	0.999	0.999	0.819
raw	superclass	Fatty amides	NPC superclass: Fatty amides	2559	PET	Untreated	275646.1	275646.1	2725337.41111111	2796656	2862472.2	2848238	2726713.93333333	2796656	2586826.1	2679833.5	0.000116964978855932	0.996860066933732	0.00035705182974108	NA_[2559_635.65_8.5]	NA	Bis[1-(dibutylamino)dodecyl] carbonate	[M - H2O + H]+	561	Fatty acids	Fatty amides	N-acyl ethanolamines (endocannabinoids)	0.998	0.807	0.339
raw	superclass	Fatty amides	NPC superclass: Fatty amides	1278	PS	PET	274491.266666667	274491.266666667	1105370.68888889	1013873.6	1013873.6	1013873.6	1288364.86666667	1013873.6	1013873.6	1013873.6	0.000116474948137502	0.996976541881869	0.000144816794207154	NA_[1278_452.37_4.6]	NA	(9Z,12Z)-N-[(E)-1,3-dihydroxyoct-4-en-2-yl]nonadeca-9,12-dienamide	[M + O + H]+	102	Fatty acids	Fatty amides	N-acyl amines	0.999	0.889	0.281
raw	superclass	Fatty amides	NPC superclass: Fatty amides	2489	PET	PS	271410.666666667	271410.666666667	5056733.66666667	5113503.5	5151512.16666667	5226021	4880101.5	4689663.5	5138587.33333333	5113503.5	0.000115167756365649	0.997091709638235	0.000662492651675211	NA_[2489_589.6_8.3]	NA	5-(4-cyclodecylcyclononyl)-N-(cycloundecylmethyl)octanamide	[M + H3N + H]+	57	Fatty acids	Fatty amides	N-acyl amines	0.997	0.981	0.467
raw	superclass	Fatty amides	NPC superclass: Fatty amides	1580	PS	PET	269744.633333333	269744.633333333	1103788.47777778	1013873.6	1013873.6	1013873.6	1283618.23333333	1013873.6	1013873.6	1013873.6	0.000114460808022804	0.997206170446258	0.000144609505608702	NA_[1580_421.38_5.9]	NA	N-(5Z,8Z,11Z,14Z-tetracosatetraenoyl)-ethanolamine	[M + H3N + H]+	70	Fatty acids	Fatty amides	N-acyl ethanolamines (endocannabinoids)	1	0.993	0.868
raw	superclass	Fatty amides	NPC superclass: Fatty amides	1217	Untreated	PS	269145.833333333	269145.833333333	1520979.17777778	1493639.8	1463438.63333333	1421973	1415176.53333333	1493639.8	1684322.36666667	1898453.1	0.000114206719068384	0.997320377165326	0.000199266482091196	C20 sphingosine_[1217_310.31_4.4]	C20 sphingosine	C20 Sphingosine	[M - H2O + H]+	-1	Fatty acids	Fatty amides	Sphingoid bases	0.993	0.905	0.674
raw	superclass	Fatty amides	NPC superclass: Fatty amides	678	Untreated	PET	268391.9	268391.9	1103337.56666667	1013873.6	1013873.6	1013873.6	1013873.6	1013873.6	1282265.5	1313382.8	0.000113886802347661	0.997434263967674	0.000144550430854649	NA_[678_561.54_2.7]	NA	(Z)-N-[4-[[(Z)-hexadec-9-enoyl]amino]butyl]hexadec-9-enamide	[M + H]+	99	Fatty acids	Fatty amides	N-acyl amines	1	0.999	0.898
raw	superclass	Fatty amides	NPC superclass: Fatty amides	1640	PET	PS	266317.533333333	266317.533333333	1279177.32222222	1392604	1425985.06666667	1423059.1	1159667.53333333	1013873.6	1251879.36666667	1349160.5	0.000113006585818909	0.997547270553492	0.000167587544059923	NA_[1640_561.53_6.1]	NA	1-(5-decanoyl-4-nonyl-1,4-dihydropyridin-3-yl)dodecan-1-one	[M + H3N + H]+	-1	Fatty acids	Fatty amides	N-acyl ethanolamines (endocannabinoids)	0.994	0.858	0.192
raw	superclass	Fatty amides	NPC superclass: Fatty amides	2869	PET	Untreated	260758.1	260758.1	1487126.94444444	1213122.5	1612403	1521118.9	1497332.93333333	1213122.5	1351644.9	1013873.6	0.000110647550076033	0.997657918103569	0.000194831434231357	NA_[2869_593.63_9.2]	NA	N-[3-(Octadecylamino)propyl]octadecanamide	[M + H]+	57	Fatty acids	Fatty amides	N-acyl amines	0.996	0.999	0.955
raw	superclass	Fatty amides	NPC superclass: Fatty amides	1110	PS	Untreated	255020.8	255020.8	1123509.25555556	1013873.6	1087759.76666667	1013873.6	1268894.4	1013873.6	1013873.6	1013873.6	0.00010821304012581	0.997766131143694	0.000147193163603035	NA_[1110_656.6_4.1]	NA	N-((2s,3r,4e,8e)-1,3-dihydroxyhexacosa-4,8-dien-2-yl)pentadecanamide	[M + Na]+	131	Fatty acids	Fatty amides	N-acyl ethanolamines (endocannabinoids)	0.998	0.766	0.498
raw	superclass	Fatty amides	NPC superclass: Fatty amides	1609	Untreated	PS	248239	248239	3168850.06666667	3147914	3139339.66666667	3070123.2	3059485.76666667	3147914	3307724.76666667	3452494	0.000105335317228206	0.997871466460923	0.000415157297538873	Tricosanoyl-EA_[1609_380.39_6]	Tricosanoyl-EA	NA	[M - H2O + H]+	-1	Fatty acids	Fatty amides	N-acyl amines	1	0.98	0.599
raw	superclass	Fatty amides	NPC superclass: Fatty amides	1884	PS	PET	239712.166666667	239712.166666667	1093777.65555556	1013873.6	1013873.6	1013873.6	1253585.76666667	1013873.6	1013873.6	1013873.6	0.000101717123897913	0.99797318358482	0.000143297968043817	NA_[1884_598.55_6.7]	NA	2,3-Bis(hexadecanoylamino)propanoic acid	[M + H3N + H]+	-1	Fatty acids	Fatty amides	Fatty acyl carnitines	0.998	0.724	0.161
raw	superclass	Fatty amides	NPC superclass: Fatty amides	2719	PET	PS	235900.666666667	235900.666666667	1092507.15555556	1013873.6	1249774.26666667	1013873.6	1013873.6	1013873.6	1013873.6	1013873.6	0.000100099789145455	0.998073283373966	0.000143131517332857	NA_[2719_452.48_8.9]	NA	1-[1-Hydroxypropyl(tetracosyl)amino]propan-1-ol	[M - H2O + H]+	163	Fatty acids	Fatty amides	N-acyl amines	1	0.994	0.708
raw	superclass	Fatty amides	NPC superclass: Fatty amides	646	Untreated	PET	233098.333333333	233098.333333333	1091573.04444444	1013873.6	1013873.6	1013873.6	1013873.6	1013873.6	1246971.93333333	1013873.6	9.89106743381693e-05	0.998172194048304	0.00014300913759373	NA_[646_302.25_2.5]	NA	Octadecadienamide	[M + Na]+	-1	Fatty acids	Fatty amides	Primary amides	1	0.999	1
raw	superclass	Fatty amides	NPC superclass: Fatty amides	1504	PET	PS	229167.733333333	229167.733333333	1090262.84444444	1013873.6	1243041.33333333	1013873.6	1013873.6	1013873.6	1013873.6	1013873.6	9.72428018527935e-05	0.998269436850157	0.000142837485707465	NA_[1504_424.41_5.6]	NA	NA	[M - H2O + H]+	130	Fatty acids	Fatty amides	N-acyl ethanolamines (endocannabinoids)	0.999	0.929	0.333
raw	superclass	Fatty amides	NPC superclass: Fatty amides	2427	Untreated	PET	225276.533333333	225276.533333333	1088965.77777778	1013873.6	1013873.6	1013873.6	1013873.6	1013873.6	1239150.13333333	1013873.6	9.55916479793152e-05	0.998365028498136	0.000142667554445104	NA_[2427_503.32_8.1]	NA	H-Ala-Asp-Ala-Ile-Ile-al	[M + H3N + H]+	8	Fatty acids	Fatty amides	N-acyl amines	0.933	0.877	0.505
raw	superclass	Fatty amides	NPC superclass: Fatty amides	1348	PS	Untreated	224215.1	224215.1	1095719.62222222	1013873.6	1035196.56666667	1013873.6	1238088.7	1013873.6	1013873.6	1013873.6	9.51412497063473e-05	0.998460169747843	0.000143552388927192	NA_[1348_512.44_5]	NA	N-Nervonoyl Glutamine	[M + H3N + H]+	-1	Fatty acids	Fatty amides	N-acyl amines	0.999	0.924	0.375
raw	superclass	Fatty amides	NPC superclass: Fatty amides	566	PET	PS	217129.866666667	217129.866666667	1555545.18888889	1530624.2	1627982.6	1532500.8	1410852.73333333	1486273.9	1627800.23333333	1781209.2	9.21347708661871e-05	0.998552304518709	0.000203795043385572	NA_[566_483.49_2.2]	NA	Amphiphile, XVI	[M + H]+	-1	Fatty acids	Fatty amides	N-acyl ethanolamines (endocannabinoids)	1	0.996	0.931
raw	superclass	Fatty amides	NPC superclass: Fatty amides	1052	PET	Untreated	212059.666666667	212059.666666667	1110332.14444444	1013873.6	1225933.26666667	1013873.6	1091189.56666667	1013873.6	1013873.6	1013873.6	8.99833316265413e-05	0.998642287850335	0.000145466804285564	NA_[1052_553.51_3.9]	NA	4-amino-N-[(Z,2R)-2-(4-aminobutyl)-4-oxohenicos-12-enyl]-N-(2-oxopropyl)butanamide	[M + H3N + H]+	-1	Fatty acids	Fatty amides	N-acyl amines	0.998	0.781	0.303
raw	superclass	Fatty amides	NPC superclass: Fatty amides	1700	PS	PET	208592.2	208592.2	1083404.33333333	1013873.6	1013873.6	1013873.6	1222465.8	1013873.6	1013873.6	1013873.6	8.85119806248391e-05	0.99873079983096	0.00014193893863893	Cer(d16:1/18:0)_[1700_560.5_6.2]	Cer(d16:1/18:0)	N-(octadecanoyl)-hexadecasphing-4-enine	[M + Na]+	102	Fatty acids	Fatty amides	N-acyl amines	1	0.945	0.269
raw	superclass	Fatty amides	NPC superclass: Fatty amides	1945	PET	PS	192315.3	192315.3	1635330.48888889	1626652.4	1722929.9	1683577.1	1530614.6	1577171.5	1652446.96666667	1608873.2	8.16051995590444e-05	0.998812405030519	0.000214247872908734	NA_[1945_607.61_6.8]	NA	(Z)-N-[(Z)-4-hydroxynonadec-5-en-3-yl]icos-11-enamide	[M + H3N + H]+	57	Fatty acids	Fatty amides	N-acyl ethanolamines (endocannabinoids)	0.999	0.938	0.542
raw	superclass	Fatty amides	NPC superclass: Fatty amides	2049	PS	PET	183055.866666667	183055.866666667	1074892.22222222	1013873.6	1013873.6	1013873.6	1196929.46666667	1013873.6	1013873.6	1013873.6	7.76761418867202e-05	0.998890081172406	0.000140823750172801	N-stearoylhexadecasphinganine_[2049_562.52_7.1]	N-stearoylhexadecasphinganine	2-Octadecanoylaminohexadecane-1,3-diol	[M + Na]+	24	Fatty acids	Fatty amides	Ceramides	1	0.799	0.426
raw	superclass	Fatty amides	NPC superclass: Fatty amides	860	PS	PET	181620.866666667	181620.866666667	1074413.88888889	1013873.6	1013873.6	1013873.6	1195494.46666667	1013873.6	1013873.6	1013873.6	7.70672279762449e-05	0.998967148400382	0.000140761082779327	NA_[860_424.38_3.3]	NA	N-Nervonoyl Glycine	[M + H]+	757	Fatty acids	Fatty amides	Ceramides	1	0.953	0.493
raw	superclass	Fatty amides	NPC superclass: Fatty amides	742	PS	Untreated	180636.066666667	180636.066666667	1207526.72222222	1013873.6	1176843.23333333	1013873.6	1313186.5	1225330.9	1132550.43333333	1013873.6	7.66493475448609e-05	0.999043797747927	0.00015820045762881	(4E,8E,10E-d18:3)sphingosine_[742_318.24_2.9]	(4E,8E,10E-d18:3)sphingosine	2-aminooctadeca-4,8,10-triene-1,3-diol	[M + Na]+	-1	Fatty acids	Fatty amides	Primary amides	1	0.922	0.789
raw	superclass	Fatty amides	NPC superclass: Fatty amides	575	Untreated	PET	175493.966666666	175493.966666666	3521359.88888889	3580585.8	3454049.1	3408342.5	3480487.5	3580585.8	3629543.06666667	4192499.5	7.44673989601534e-05	0.999118265146887	0.00046134030464581	NA_[575_359.33_2.3]	NA	12-hydroxy-N-(2-hydroxyethyl)octadec-9-enamide	[M + H3N + H]+	631	Fatty acids	Fatty amides	Nitro fatty acids	1	0.837	0.738
raw	superclass	Fatty amides	NPC superclass: Fatty amides	905	PS	PET	171509.966666667	171509.966666667	1071043.58888889	1013873.6	1013873.6	1013873.6	1185383.56666667	1013873.6	1013873.6	1013873.6	7.27768672393636e-05	0.999191042014126	0.000140319533128678	NA_[905_482.43_3.4]	NA	(2E,4E)-N-[(2S,3R)-3-hydroxy-4-(octadecylamino)-4-oxobutan-2-yl]hexa-2,4-dienamide	[M + H3N + H]+	-1	Fatty acids	Fatty amides	N-acyl ethanolamines (endocannabinoids)	0.999	0.821	0.284
raw	superclass	Fatty amides	NPC superclass: Fatty amides	1324	PET	PS	170586.8	170586.8	1070735.86666667	1013873.6	1184460.4	1013873.6	1013873.6	1013873.6	1013873.6	1013873.6	7.23851396957954e-05	0.999263427153822	0.000140279217833387	NA_[1324_473.47_4.9]	NA	2-Hydroxy-N,N,N-trimethyl-3-[(1-oxodocosyl)oxy]-1-propanaminium	[M + H3N + H]+	57	Fatty acids	Fatty amides	N-acyl amines	1	0.985	0.75
raw	superclass	Fatty amides	NPC superclass: Fatty amides	2171	PET	Untreated	167727.133333333	167727.133333333	1108396.08888889	1013873.6	1181600.73333333	1013873.6	1129713.93333333	1013873.6	1013873.6	1013873.6	7.11716966207739e-05	0.999334598850443	0.000145213157828515	NA_[2171_468.49_7.4]	NA	[4-[3-(Dimethylamino)propylamino]-4-oxobutyl]-dimethyl-octadecylazanium	[M + H]+	-1	Fatty acids	Fatty amides	N-acyl amines	0.997	0.978	0.35
raw	superclass	Fatty amides	NPC superclass: Fatty amides	2255	PET	Untreated	163575.233333333	163575.233333333	2615441.13333333	2611007	2696611.23333333	2716155	2616676.16666667	2620455.8	2533036	2582250.2	6.94099198508071e-05	0.999404008770294	0.000342654101627741	NA_[2255_494.5_7.6]	NA	1-(4-Ethyl-4-prop-2-enylpiperazin-4-ium-1-yl)docosan-1-one	[M + H3N + H]+	-1	Fatty acids	Fatty amides	N-acyl amines	0.994	0.957	0.301
raw	superclass	Fatty amides	NPC superclass: Fatty amides	2485	PS	PET	161417.666666666	161417.666666666	14978657.7777778	15105804	14893224	15016603	15054641.6666667	15105804	14988107.6666667	15227170	6.84943990451545e-05	0.999472503169339	0.00196238349967852	NA_[2485_546.54_8.3]	NA	N-[2-(2,4-dimethyl-6-tetradecylpyridin-1-ium-1-yl)ethyl]dodecanamide	[M + H3N + H]+	-1	Fatty acids	Fatty amides	N-acyl amines	0.97	0.845	0.334
raw	superclass	Fatty amides	NPC superclass: Fatty amides	2343	PS	PET	158979.4	158979.4	1066866.73333333	1013873.6	1013873.6	1013873.6	1172853	1013873.6	1013873.6	1013873.6	6.74597687379899e-05	0.999539962938077	0.000139772315043829	NA_[2343_609.63_7.9]	NA	38-Isocyanatooctatriacontan-1-ol	[M + H3N + H]+	57	Fatty acids	Fatty amides	N-acyl amines	0.999	0.961	0.447
raw	superclass	Fatty amides	NPC superclass: Fatty amides	2817	Untreated	PS	150037.233333333	150037.233333333	2413090.2	2431357.8	2383992.7	2389634.8	2352620.33333333	2484720	2502657.56666667	2564999.8	6.36653369100303e-05	0.999603628274987	0.000316143706730609	NA_[2817_593.63_9.1]	NA	2,2-Didodecyltetradecylurea	[M + H]+	57	Fatty acids	Fatty amides	Open-chain polyketides	0.979	0.81	0.252
raw	superclass	Fatty amides	NPC superclass: Fatty amides	969	Untreated	PS	129327.766666667	129327.766666667	1519980.25555556	1469460.9	1528427.2	1469460.9	1451092.9	1410329.1	1580420.66666667	1773520.6	5.48776837170983e-05	0.999658505958704	0.000199135611320568	NA_[969_563.55_3.6]	NA	N-octadec-9-enoyloctadec-9-enamide	[M + H3N + H]+	99	Fatty acids	Fatty amides	Primary amides	1	0.986	0.524
raw	superclass	Fatty amides	NPC superclass: Fatty amides	1792	PET	PS	126621.6	126621.6	1056080.8	1013873.6	1140495.2	1013873.6	1013873.6	1013873.6	1013873.6	1013873.6	5.37293753356363e-05	0.99971223533404	0.000138359228643433	NA_[1792_452.46_6.5]	NA	N-[2-(3-methyl-2-undecylimidazolidin-1-yl)ethyl]undecanamide	[M + H]+	-1	Fatty acids	Fatty amides	N-acyl amines	0.985	0.903	0.178
raw	superclass	Fatty amides	NPC superclass: Fatty amides	2605	PS	PET	117771.766666667	117771.766666667	4321544.41111111	4365959	4261763.56666667	4183112.5	4379535.33333333	4474831	4323334.33333333	4365959	4.99741233342045e-05	0.999762209457374	0.000566174057202509	NA_[2605_591.62_8.6]	NA	N,N-di(cyclotridecyl)cyclotridecanamine oxide	[M + H3N + H]+	57	Fatty acids	Fatty amides	Primary amides	0.996	0.981	0.416
raw	superclass	Fatty amides	NPC superclass: Fatty amides	1148	PS	PET	100777	100777	1047465.93333333	1013873.6	1013873.6	1013873.6	1114650.6	1013873.6	1013873.6	1013873.6	4.27627297254136e-05	0.999804972187099	0.000137230577969293	NA_[1148_478.42_4.2]	NA	N,N-Bis(2-hydroxyethyl)tetracosanamide	[M + Na]+	24	Fatty acids	Fatty amides	N-acyl ethanolamines (endocannabinoids)	0.997	0.978	0.443
raw	superclass	Fatty amides	NPC superclass: Fatty amides	319	PS	PET	72334	72334	9546987.05555556	8942438	9501023.33333333	9700220	9573357.33333333	8942438	9566580.5	8716484	3.06935043904667e-05	0.99983566569149	0.00125076960482143	NA_[319_465.41_1.3]	NA	(9Z,12Z,15Z)-N-[(E)-1,3-dihydroxydec-4-en-2-yl]octadeca-9,12,15-trienamide	[M + H3N + H]+	99	Fatty acids	Fatty amides	N-acyl amines	0.999	0.911	0.399
raw	superclass	Fatty amides	NPC superclass: Fatty amides	1479	Untreated	PS	67811.1333333335	67811.1333333335	1404476.68888889	1405795.4	1410618	1405795.4	1367500.46666667	1339787.1	1435311.6	1637682.8	2.87743152416456e-05	0.999864440006731	0.000184003261229964	NA_[1479_559.52_5.6]	NA	Hexadecanamide, N,N'-1,2-ethanediylbis-	[M + Na]+	-1	Fatty acids	Fatty amides	N-acyl amines	1	0.967	0.543
raw	superclass	Fatty amides	NPC superclass: Fatty amides	925	PS	PET	67277.9333333332	67277.9333333332	1036299.57777778	1013873.6	1013873.6	1013873.6	1081151.53333333	1013873.6	1013873.6	1013873.6	2.85480623517044e-05	0.999892988069083	0.000135767651703211	Pentacosanoylglycine_[925_457.44_3.5]	Pentacosanoylglycine	2-pentacosanamidoacetic acid	[M + H3N + H]+	-1	Fatty acids	Fatty amides	N-acyl amines	1	0.961	0.29
raw	superclass	Fatty amides	NPC superclass: Fatty amides	1164	PS	PET	63781.7999999999	63781.7999999999	1035134.2	1013873.6	1013873.6	1013873.6	1077655.4	1013873.6	1013873.6	1013873.6	2.70645472161344e-05	0.999920052616299	0.000135614973261929	NA_[1164_454.4_4.3]	NA	N-[3-[2-[2-(3-aminopropoxy)ethoxy]ethoxy]propyl]hexadeca-1,3-diyn-1-amine	[M + H3N + H]+	-1	Fatty acids	Fatty amides	N-acyl ethanolamines (endocannabinoids)	1	0.897	0.424
raw	superclass	Fatty amides	NPC superclass: Fatty amides	2503	Untreated	PS	61976.9666666666	61976.9666666666	1254633.38888889	1273055.5	1273997.06666667	1213037.4	1213963.06666667	1273055.5	1275940.03333333	1332872.6	2.62987018344228e-05	0.999946351318134	0.000164371994942965	NA_[2503_534.54_8.3]	NA	Dimethyl-bis[2-(tetradecanoylamino)ethyl]azanium	[M - H2O + H]+	-1	Fatty acids	Fatty amides	N-acyl amines	0.994	0.84	0.283
raw	superclass	Fatty amides	NPC superclass: Fatty amides	2436	Untreated	PS	54070.9333333331	54070.9333333331	1444065.84444444	1431932.6	1436156.13333333	1431932.6	1420985.23333333	1405999.6	1475056.16666667	1499971.2	2.29439327240757e-05	0.999969295250858	0.00018918991458576	NA_[2436_520.52_8.1]	NA	3,3-Dimethyl-9-(octadecylamino)-2,4,4a,5,6,7,8,8a,9,9a,10,10a-dodecahydroacridin-10-ium-1-one	[M + H3N + H]+	-1	Fatty acids	Fatty amides	Primary amides	0.984	0.777	0.202
raw	superclass	Fatty amides	NPC superclass: Fatty amides	3115	Untreated	PS	38121.4666666668	38121.4666666668	1805459	1818659.4	1812401.86666667	1821306	1782926.83333333	1818659.4	1821048.3	1806583.5	1.61760915268666e-05	0.999985471342385	0.000236536744714366	NA_[3115_632.65_9.9]	NA	N,N'-[Methyliminobis(ethylene)]bis(octadecanamide)	[M - H2O + H]+	-1	Fatty acids	Fatty amides	N-acyl amines	0.988	0.952	0.619
raw	superclass	Fatty amides	NPC superclass: Fatty amides	701	PET	Untreated	34239.0333333332	34239.0333333332	1607356.66666667	1594479.2	1629544.9	1481158.9	1597219.23333333	1594730	1595305.86666667	1594479.2	1.4528657615257e-05	1	0.00021058296728326	NA_[701_314.27_2.7]	NA	N-Pentadecanoylsarcosine	[M + H]+	-1	Fatty acids	Fatty amides	N-acyl amines	0.998	0.997	0.981
raw	superclass	Fatty amides	NPC superclass: Fatty amides	1054	PET	PET	0	0	1013873.6	1013873.6	1013873.6	1013873.6	1013873.6	1013873.6	1013873.6	1013873.6	0	1	0.000132829580121086	(13Z,16Z)-docosadienoylcarnitine_[1054_497.43_3.9]	(13Z,16Z)-docosadienoylcarnitine	(13Z,16Z)-docosadienoylcarnitine	[M + H3N + H]+	-1	Fatty acids	Fatty amides	N-acyl amines	1	0.944	0.598
raw	superclass	Fatty amides	NPC superclass: Fatty amides	1057	PET	PET	0	0	1013873.6	1013873.6	1013873.6	1013873.6	1013873.6	1013873.6	1013873.6	1013873.6	0	1	0.000132829580121086	NA_[1057_510.43_3.9]	NA	3-(Cholamidopropyl)-1,1-dimethamine	[M + H3N + H]+	-1	Fatty acids	Fatty amides	N-acyl amines	0.998	0.876	0.461
raw	superclass	Fatty amides	NPC superclass: Fatty amides	1214	PET	PET	0	0	1013873.6	1013873.6	1013873.6	1013873.6	1013873.6	1013873.6	1013873.6	1013873.6	0	1	0.000132829580121086	NA_[1214_544.47_4.4]	NA	2-[3-[3-[(2-Aminopiperidin-1-ium-4-yl)methyl]-1-hydroxycyclopentyl]-1-hydroxypropyl]-9-hydroxyhexadecanoate	[M + H3N + H]+	-1	Fatty acids	Fatty amides	N-acyl amines	0.998	0.713	0.2
raw	superclass	Fatty amides	NPC superclass: Fatty amides	1813	PET	PET	0	0	1013873.6	1013873.6	1013873.6	1013873.6	1013873.6	1013873.6	1013873.6	1013873.6	0	1	0.000132829580121086	NA_[1813_552.55_6.5]	NA	NA	[M + H3N + H]+	-1	Fatty acids	Fatty amides	N-acyl ethanolamines (endocannabinoids)	0.998	0.858	0.4
raw	superclass	Fatty amides	NPC superclass: Fatty amides	2039	PET	PET	0	0	1013873.6	1013873.6	1013873.6	1013873.6	1013873.6	1013873.6	1013873.6	1013873.6	0	1	0.000132829580121086	NA_[2039_564.58_7.1]	NA	1-Aminooctadecoxy-(octadecylamino)-oxoazanium	[M - H2O + H]+	-1	Fatty acids	Fatty amides	N-acyl amines	0.999	0.851	0.319
raw	superclass	Fatty amides	NPC superclass: Fatty amides	2262	PET	PET	0	0	1013873.6	1013873.6	1013873.6	1013873.6	1013873.6	1013873.6	1013873.6	1013873.6	0	1	0.000132829580121086	NA_[2262_564.58_7.7]	NA	5-[8-(5,5-Dimethylhexyl)-8-octylheptadecyl]-1,3,5-triazinan-2-one	[M + H]+	-1	Fatty acids	Fatty amides	N-acyl ethanolamines (endocannabinoids)	0.998	0.906	0.223
raw	superclass	Fatty amides	NPC superclass: Fatty amides	2530	PET	PET	0	0	1013873.6	1013873.6	1013873.6	1013873.6	1013873.6	1013873.6	1013873.6	1013873.6	0	1	0.000132829580121086	NA_[2530_564.58_8.4]	NA	1-Aminooctadecoxy-(octadecylamino)-oxoazanium	[M - H2O + H]+	88	Fatty acids	Fatty amides	N-acyl ethanolamines (endocannabinoids)	0.996	0.752	0.153
raw	superclass	Fatty amides	NPC superclass: Fatty amides	2591	PET	PET	0	0	1013873.6	1013873.6	1013873.6	1013873.6	1013873.6	1013873.6	1013873.6	1013873.6	0	1	0.000132829580121086	NA_[2591_424.45_8.5]	NA	1-(1-Hydroxydecylamino)octadecan-1-ol	[M - H2O + H]+	92	Fatty acids	Fatty amides	N-acyl amines	1	0.997	0.757
raw	superclass	Fatty amides	NPC superclass: Fatty amides	2657	PET	PET	0	0	1013873.6	1013873.6	1013873.6	1013873.6	1013873.6	1013873.6	1013873.6	1013873.6	0	1	0.000132829580121086	NA_[2657_424.45_8.8]	NA	2-[2-Hydroxyethyl(tetracosyl)amino]ethanol	[M - H2O + H]+	92	Fatty acids	Fatty amides	N-acyl amines	1	0.995	0.701
raw	superclass	Fatty amides	NPC superclass: Fatty amides	2664	PET	PET	0	0	1013873.6	1013873.6	1013873.6	1013873.6	1013873.6	1013873.6	1013873.6	1013873.6	0	1	0.000132829580121086	NA_[2664_536.55_8.8]	NA	N,N-Bis[1-(tetradecylamino)ethyl]glycine	[M - H2O + H]+	-1	Fatty acids	Fatty amides	N-acyl amines	0.993	0.748	0.143
raw	superclass	Fatty amides	NPC superclass: Fatty amides	2909	PET	PET	0	0	1013873.6	1013873.6	1013873.6	1013873.6	1013873.6	1013873.6	1013873.6	1013873.6	0	1	0.000132829580121086	NA_[2909_509.35_9.3]	NA	NA	[M + K]+	39	Fatty acids	Fatty amides	N-acyl amines	0.997	0.947	0.223
raw	superclass	Fatty amides	NPC superclass: Fatty amides	3055	PET	PET	0	0	1013873.6	1013873.6	1013873.6	1013873.6	1013873.6	1013873.6	1013873.6	1013873.6	0	1	0.000132829580121086	NA_[3055_494.53_9.6]	NA	Tritriacontanamide	[M + H]+	92	Fatty acids	Fatty amides	Primary amides	1	0.999	0.866
raw	superclass	Fatty amides	NPC superclass: Fatty amides	3132	PET	PET	0	0	1013873.6	1013873.6	1013873.6	1013873.6	1013873.6	1013873.6	1013873.6	1013873.6	0	1	0.000132829580121086	NA_[3132_452.48_10]	NA	1-[1-Hydroxypropyl(tetracosyl)amino]propan-1-ol	[M - H2O + H]+	163	Fatty acids	Fatty amides	N-acyl amines	1	0.988	0.505
raw	superclass	Fatty amides	NPC superclass: Fatty amides	3139	PET	PET	0	0	1013873.6	1013873.6	1013873.6	1013873.6	1013873.6	1013873.6	1013873.6	1013873.6	0	1	0.000132829580121086	NA_[3139_536.58_10]	NA	N-hydroxy-N-octadecyloctadecan-1-amine oxide	[M - H2O + H]+	306	Fatty acids	Fatty amides	N-acyl amines	1	0.983	0.478
raw	superclass	Fatty amides	NPC superclass: Fatty amides	3150	PET	PET	0	0	1013873.6	1013873.6	1013873.6	1013873.6	1013873.6	1013873.6	1013873.6	1013873.6	0	1	0.000132829580121086	NA_[3150_536.58_10.1]	NA	N-hydroxy-N-octadecyloctadecan-1-amine oxide	[M - H2O + H]+	306	Fatty acids	Fatty amides	N-acyl amines	1	0.99	0.743
raw	superclass	Fatty amides	NPC superclass: Fatty amides	3151	PET	PET	0	0	1013873.6	1013873.6	1013873.6	1013873.6	1013873.6	1013873.6	1013873.6	1013873.6	0	1	0.000132829580121086	NA_[3151_594.63_10.1]	NA	2,2-Bis[[(Z)-9-octadecenyl]amino]ethanol	[M + H3N + H]+	225	Fatty acids	Fatty amides	N-acyl ethanolamines (endocannabinoids)	0.989	0.817	0.253
raw	superclass	Fatty amides	NPC superclass: Fatty amides	3154	PET	PET	0	0	1013873.6	1013873.6	1013873.6	1013873.6	1013873.6	1013873.6	1013873.6	1013873.6	0	1	0.000132829580121086	NA_[3154_424.45_10.1]	NA	Octacosanamide	[M + H]+	92	Fatty acids	Fatty amides	Primary amides	0.999	0.999	0.776
raw	superclass	Fatty amides	NPC superclass: Fatty amides	3161	PET	PET	0	0	1013873.6	1013873.6	1013873.6	1013873.6	1013873.6	1013873.6	1013873.6	1013873.6	0	1	0.000132829580121086	NA_[3161_538.57_10.1]	NA	N-(5-Amino-3-azapentane-1-yl)-2-tetradecylhexadecanamide	[M + H]+	500	Fatty acids	Fatty amides	N-acyl amines	0.999	0.992	0.629
raw	superclass	Fatty amides	NPC superclass: Fatty amides	3188	PET	PET	0	0	1013873.6	1013873.6	1013873.6	1013873.6	1013873.6	1013873.6	1013873.6	1013873.6	0	1	0.000132829580121086	NA_[3188_452.48_10.2]	NA	1-[1-Hydroxypropyl(tetracosyl)amino]propan-1-ol	[M - H2O + H]+	163	Fatty acids	Fatty amides	N-acyl amines	1	0.994	0.553
raw	superclass	Fatty amides	NPC superclass: Fatty amides	3192	PET	PET	0	0	1013873.6	1013873.6	1013873.6	1013873.6	1013873.6	1013873.6	1013873.6	1013873.6	0	1	0.000132829580121086	NA_[3192_494.53_10.2]	NA	Tritriacontanamide	[M + H]+	92	Fatty acids	Fatty amides	N-acyl ethanolamines (endocannabinoids)	0.999	0.997	0.47
raw	superclass	Fatty amides	NPC superclass: Fatty amides	3243	PET	PET	0	0	1013873.6	1013873.6	1013873.6	1013873.6	1013873.6	1013873.6	1013873.6	1013873.6	0	1	0.000132829580121086	NA_[3243_494.53_10.4]	NA	Tritriacontanamide	[M + H]+	92	Fatty acids	Fatty amides	Primary amides	0.999	0.997	0.788
raw	superclass	Fatty amides	NPC superclass: Fatty amides	3256	PET	PET	0	0	1013873.6	1013873.6	1013873.6	1013873.6	1013873.6	1013873.6	1013873.6	1013873.6	0	1	0.000132829580121086	NA_[3256_508.55_10.5]	NA	1-(Dihexadecylamino)ethane-1,1-diol	[M - H2O + H]+	86	Fatty acids	Fatty amides	N-acyl amines	1	0.964	0.707
raw	superclass	Fatty amides	NPC superclass: Fatty amides	3259	PET	PET	0	0	1013873.6	1013873.6	1013873.6	1013873.6	1013873.6	1013873.6	1013873.6	1013873.6	0	1	0.000132829580121086	NA_[3259_452.48_10.5]	NA	1-[1-Hydroxypropyl(tetracosyl)amino]propan-1-ol	[M - H2O + H]+	163	Fatty acids	Fatty amides	N-acyl amines	1	0.996	0.646
raw	superclass	Fatty amides	NPC superclass: Fatty amides	3262	PET	PET	0	0	1013873.6	1013873.6	1013873.6	1013873.6	1013873.6	1013873.6	1013873.6	1013873.6	0	1	0.000132829580121086	NA_[3262_536.58_10.5]	NA	N-hydroxy-N-octadecyloctadecan-1-amine oxide	[M - H2O + H]+	306	Fatty acids	Fatty amides	N-acyl amines	1	0.991	0.809
raw	superclass	Fatty amides	NPC superclass: Fatty amides	3287	PET	PET	0	0	1013873.6	1013873.6	1013873.6	1013873.6	1013873.6	1013873.6	1013873.6	1013873.6	0	1	0.000132829580121086	NA_[3287_508.54_10.7]	NA	1-(Dihexadecylamino)ethane-1,1-diol	[M - H2O + H]+	86	Fatty acids	Fatty amides	N-acyl amines	1	0.97	0.695
raw	superclass	Fatty amides	NPC superclass: Fatty amides	3296	PET	PET	0	0	1013873.6	1013873.6	1013873.6	1013873.6	1013873.6	1013873.6	1013873.6	1013873.6	0	1	0.000132829580121086	NA_[3296_536.58_10.7]	NA	N-hydroxy-N-octadecyloctadecan-1-amine oxide	[M - H2O + H]+	306	Fatty acids	Fatty amides	N-acyl amines	1	0.996	0.788
raw	superclass	Fatty amides	NPC superclass: Fatty amides	3298	PET	PET	0	0	1013873.6	1013873.6	1013873.6	1013873.6	1013873.6	1013873.6	1013873.6	1013873.6	0	1	0.000132829580121086	NA_[3298_494.53_10.7]	NA	Tritriacontanamide	[M + H]+	92	Fatty acids	Fatty amides	Primary amides	0.999	0.998	0.843
raw	superclass	Fatty amides	NPC superclass: Fatty amides	3300	PET	PET	0	0	1013873.6	1013873.6	1013873.6	1013873.6	1013873.6	1013873.6	1013873.6	1013873.6	0	1	0.000132829580121086	NA_[3300_424.45_10.7]	NA	2-[2-Hydroxyethyl(tetracosyl)amino]ethanol	[M - H2O + H]+	92	Fatty acids	Fatty amides	N-acyl ethanolamines (endocannabinoids)	1	0.996	0.724
raw	superclass	Fatty amides	NPC superclass: Fatty amides	3319	PET	PET	0	0	1013873.6	1013873.6	1013873.6	1013873.6	1013873.6	1013873.6	1013873.6	1013873.6	0	1	0.000132829580121086	NA_[3319_452.48_10.8]	NA	2-[Hexacosyl(2-hydroxyethyl)amino]ethanol	[M - H2O + H]+	163	Fatty acids	Fatty amides	N-acyl ethanolamines (endocannabinoids)	1	0.986	0.652
raw	superclass	Fatty amides	NPC superclass: Fatty amides	3328	PET	PET	0	0	1013873.6	1013873.6	1013873.6	1013873.6	1013873.6	1013873.6	1013873.6	1013873.6	0	1	0.000132829580121086	NA_[3328_536.58_10.8]	NA	N-hydroxy-N-octadecyloctadecan-1-amine oxide	[M - H2O + H]+	306	Fatty acids	Fatty amides	N-acyl amines	1	0.991	0.717
raw	superclass	Fatty amides	NPC superclass: Fatty amides	3338	PET	PET	0	0	1013873.6	1013873.6	1013873.6	1013873.6	1013873.6	1013873.6	1013873.6	1013873.6	0	1	0.000132829580121086	NA_[3338_593.63_10.9]	NA	2-heptadecyl-N-prop-1-en-2-ylnonadecanamide	[M + H3N + H]+	57	Fatty acids	Fatty amides	N-acyl amines	1	0.997	0.618
raw	superclass	Fatty amides	NPC superclass: Fatty amides	3349	PET	PET	0	0	1013873.6	1013873.6	1013873.6	1013873.6	1013873.6	1013873.6	1013873.6	1013873.6	0	1	0.000132829580121086	NA_[3349_494.53_10.9]	NA	N,N-dihexadecylformamide	[M + H]+	92	Fatty acids	Fatty amides	N-acyl ethanolamines (endocannabinoids)	0.995	0.987	0.354
raw	superclass	Fatty amides	NPC superclass: Fatty amides	3360	PET	PET	0	0	1013873.6	1013873.6	1013873.6	1013873.6	1013873.6	1013873.6	1013873.6	1013873.6	0	1	0.000132829580121086	NA_[3360_452.48_11]	NA	1-[1-Hydroxypropyl(tetracosyl)amino]propan-1-ol	[M - H2O + H]+	163	Fatty acids	Fatty amides	N-acyl amines	1	0.99	0.587
raw	superclass	Fatty amides	NPC superclass: Fatty amides	3367	PET	PET	0	0	1013873.6	1013873.6	1013873.6	1013873.6	1013873.6	1013873.6	1013873.6	1013873.6	0	1	0.000132829580121086	NA_[3367_562.57_11]	NA	1-Methyl-1-heptadecanoyl-2-pentadecyl-1H-imidazol-1-ium	[M + H3N + H]+	-1	Fatty acids	Fatty amides	N-acyl amines	0.981	0.886	0.14
raw	superclass	Fatty amides	NPC superclass: Fatty amides	3480	PET	PET	0	0	1013873.6	1013873.6	1013873.6	1013873.6	1013873.6	1013873.6	1013873.6	1013873.6	0	1	0.000132829580121086	NA_[3480_508.55_11.8]	NA	1-(Dihexadecylamino)ethane-1,1-diol	[M - H2O + H]+	86	Fatty acids	Fatty amides	N-acyl amines	1	0.962	0.581
raw	superclass	Fatty amides	NPC superclass: Fatty amides	745	PET	PET	0	0	1013873.6	1013873.6	1013873.6	1013873.6	1013873.6	1013873.6	1013873.6	1013873.6	0	1	0.000132829580121086	NA_[745_408.29_2.9]	NA	2-(Hexadecylthio)ethyl nicotinate	[M + H]+	-1	Fatty acids	Fatty amides	Primary amides	1	0.894	0.259
raw	superclass	Fatty amides	NPC superclass: Fatty amides	789	PET	PET	0	0	1013873.6	1013873.6	1013873.6	1013873.6	1013873.6	1013873.6	1013873.6	1013873.6	0	1	0.000132829580121086	N,N-bis(4-acetamidobutyl)-15-methylhexadec-6E-enamide_[789_511.46_3]	N,N-bis(4-acetamidobutyl)-15-methylhexadec-6E-enamide	N,N-bis(4-acetamidobutyl)-15-methylhexadec-6E-enamide	[M + H3N + H]+	-1	Fatty acids	Fatty amides	N-acyl amines	0.998	0.957	0.226
raw	superclass	Fatty amides	NPC superclass: Fatty amides	897	PET	PET	0	0	1013873.6	1013873.6	1013873.6	1013873.6	1013873.6	1013873.6	1013873.6	1013873.6	0	1	0.000132829580121086	NA_[897_348.29_3.4]	NA	(E)-N-(2-Hydroxyethyl)-6-octadeceneamide	[M + Na]+	-1	Fatty acids	Fatty amides	N-acyl ethanolamines (endocannabinoids)	1	0.983	0.827
raw	superclass	Fatty amides	NPC superclass: Fatty amides	935	PET	PET	0	0	1013873.6	1013873.6	1013873.6	1013873.6	1013873.6	1013873.6	1013873.6	1013873.6	0	1	0.000132829580121086	NA_[935_469.44_3.5]	NA	Tricosyl 5-oxopyrrolidine-2-carboxylate	[M + H3N + H]+	355	Fatty acids	Fatty amides	N-acyl ethanolamines (endocannabinoids)	0.999	0.916	0.409
raw	superclass	Fatty amides	NPC superclass: Fatty amides	971	PET	PET	0	0	1013873.6	1013873.6	1013873.6	1013873.6	1013873.6	1013873.6	1013873.6	1013873.6	0	1	0.000132829580121086	NA_[971_469.44_3.6]	NA	12-hydroxy-N-[2-(octanoylamino)ethyl]octadecanamide	[M + H]+	355	Fatty acids	Fatty amides	N-acyl amines	1	0.968	0.63
raw	superclass	Fatty esters	NPC superclass: Fatty esters	2366	PS	PET	302716926.666667	302716926.666667	450734033.333333	376157060	300427066.666667	327697000	603143993.333333	669279500	448631040	476175800	0.345015532488295	0.345015532488295	0.301788062427857	NA_[2366_568.57_7.9]	NA	Stearic anhydride	[M + H3N + H]+	21	Fatty acids	Fatty esters	Wax monoesters	0.997	0.962	0.842
raw	superclass	Fatty esters	NPC superclass: Fatty esters	1382	PS	PET	154241240	154241240	283708144.444444	263429860	185838026.666667	207216100	340079266.666667	381864450	325207140	352998460	0.175793353005505	0.5208088854938	0.189956215583953	NA_[1382_484.47_5.1]	NA	14-oxotriacontanoic acid	[M + H3N + H]+	21	Fatty acids	Fatty esters	Wax monoesters	0.995	0.95	0.67
raw	superclass	Fatty esters	NPC superclass: Fatty esters	1147	PS	PET	131088636.666667	131088636.666667	240681592.222222	238273500	154232000	164618720	285320636.666667	335768160	282492140	287445060	0.149405638729005	0.670214524222805	0.161147874372025	NA_[1147_456.44_4.2]	NA	tetradecanoyl tetradecanoate	[M + H3N + H]+	21	Fatty acids	Fatty esters	Wax monoesters	0.985	0.949	0.781
raw	superclass	Fatty esters	NPC superclass: Fatty esters	1844	PS	PET	97649598	97649598	142534973.777778	126438700	89925980	98756190	187575578	204429860	150103363.333333	155305490	0.11129416654106	0.781508690763865	0.0954340040544256	NA_[1844_526.52_6.6]	NA	Oxoceromelissic acid	[M + H3N + H]+	21	Fatty acids	Fatty esters	Wax monoesters	0.99	0.928	0.676
raw	superclass	Fatty esters	NPC superclass: Fatty esters	2962	PS	PET	25483576.6666667	25483576.6666667	32713964.8888889	28287748	22793580	24887944	48277156.6666667	51376760	27071158	28287748	0.0290443942800653	0.81055308504393	0.0219035691739069	NA_[2962_624.63_9.5]	NA	icosanoyl icosanoate	[M + H3N + H]+	21	Fatty acids	Fatty esters	Wax monoesters	0.998	0.942	0.81
raw	superclass	Fatty esters	NPC superclass: Fatty esters	1579	PS	PET	16204479	16204479	23139923.4444444	19164102	14296776	16373282	30501255	34911440	24621739.3333333	26163598	0.018468729226485	0.829021814270415	0.0154932890453901	NA_[1579_556.53_5.9]	NA	7-Octadecanoyloxy-hexadecanoic acid	[M + H3N + H]+	21	Fatty acids	Fatty esters	Diacylglycerols	0.994	0.958	0.435
raw	superclass	Fatty esters	NPC superclass: Fatty esters	2422	PET	Untreated	13945276.6	13945276.6	13789710.1333333	9671746	21214368.3333333	22891672	12885670.3333333	9751453	7269091.73333333	8456457	0.0158938487015743	0.84491566297199	0.00923287259185691	NA_[2422_396.38_8]	NA	5-Pentacosynoic acid	[M + H3N + H]+	20	Fatty acids	Fatty esters	Wax monoesters	0.86	0.908	0.809
raw	superclass	Fatty esters	NPC superclass: Fatty esters	2087	PS	Untreated	7735849.16666667	7735849.16666667	16119941.7222222	15248069	15533033	15437097	20281320.6666667	19269398	12545471.5	15103205	0.00881677859535605	0.853732441567346	0.0107930744497426	(2E)-geranyl hexadecanoate_[2087_410.4_7.2]	(2E)-geranyl hexadecanoate	Hexadecanoic acid, (2E)-3,7-dimethyl-2,6-octadienyl ester	[M + H3N + H]+	20	Fatty acids	Fatty esters	Wax monoesters	0.944	0.957	0.863
raw	superclass	Fatty esters	NPC superclass: Fatty esters	924	PS	Untreated	7517458.5	7517458.5	9816779.27777778	7828021	11685187	11637738	12641304.6666667	12283285	5123846.16666667	5979956	0.00856787222272548	0.862300313790071	0.00657280475497522	NA_[924_412.38_3.5]	NA	(3S,4R,5R)-4-hydroxy-3-icos-1-en-9-yl-5-methyloxolan-2-one	[M + H3N + H]+	20	Fatty acids	Fatty esters	Wax monoesters	0.884	0.773	0.532
raw	superclass	Fatty esters	NPC superclass: Fatty esters	2421	PET	Untreated	7516253.36666667	7516253.36666667	7369297.77777778	4995224.5	11400805.9333333	12312326	6822534.83333333	5072520	3884552.56666667	4502523	0.00856649869623227	0.870866812486304	0.00493409845571783	NA_[2421_412.38_8]	NA	4-hydroxy-3-(icos-11-en-1-yl)-5-methyloxolan-2-one	[M + H3N + H]+	20	Fatty acids	Fatty esters	Wax monoesters	0.695	0.866	0.665
raw	superclass	Fatty esters	NPC superclass: Fatty esters	866	PS	PET	7383759.36666667	7383759.36666667	7480692.54444444	5748066	4811742.03333333	5889113.5	12195501.4	5748066	5434834.2	5059894	0.00841549132289223	0.879282303809196	0.00500868259694258	Dibutyl decanedioate_[866_315.25_3.3]	Dibutyl decanedioate	1,10-dibutyl decanedioate	[M + H]+	567	Fatty acids	Fatty esters	Wax monoesters	0.975	0.927	0.628
raw	superclass	Fatty esters	NPC superclass: Fatty esters	2381	PET	Untreated	6934923.16666667	6934923.16666667	8827032.55555556	6297219	12605374.1666667	13504827	8205272.5	6297219	5670451	6242131	0.00790393928565336	0.887186243094849	0.00591012183444041	NA_[2381_396.38_8]	NA	5-Pentacosynoic acid	[M + H3N + H]+	20	Fatty acids	Fatty esters	Wax monoesters	0.971	0.977	0.904
raw	superclass	Fatty esters	NPC superclass: Fatty esters	501	PET	Untreated	6603132.86666667	6603132.86666667	4616078.31111111	1588560.1	8175249.53333333	9923007	4100868.73333333	1013873.6	1572116.66666667	1588560.1	0.0075257879602899	0.894712031055139	0.00309068591786422	NA_[501_125.1_1.9]	NA	[(Z)-2-methoxyethenoxy]cyclopentane	[M - H2O + H]+	429	Fatty acids	Fatty esters	Lactones	0.994	0.709	0.849
raw	superclass	Fatty esters	NPC superclass: Fatty esters	2177	PS	Untreated	6485425.33333333	6485425.33333333	18768536.8888889	17367026	17789228	17295720	22500904	19487444	16015478.6666667	17367026	0.0073916331651218	0.902103664220261	0.0125664359986651	NA_[2177_520.51_7.4]	NA	Geranylcitronellol tetradecanoate	[M + H3N + H]+	20	Fatty acids	Fatty esters	Wax monoesters	0.984	0.808	0.598
raw	superclass	Fatty esters	NPC superclass: Fatty esters	1224	PET	Untreated	5544818.83333333	5544818.83333333	10965940.8222222	10176326	13741120.0666667	13116742	10960401.1666667	10176326	8196301.23333333	6514680.5	0.00631959581315437	0.908423260033415	0.00734222354802655	NA_[1224_396.38_4.5]	NA	5-Pentacosynoic acid	[M + H3N + H]+	20	Fatty acids	Fatty esters	Wax monoesters	0.925	0.947	0.848
raw	superclass	Fatty esters	NPC superclass: Fatty esters	1417	PET	Untreated	5452024.33333333	5452024.33333333	11292549.0555556	10506580	14457203.6666667	10506580	10415264.1666667	11228004	9005179.33333333	9025286	0.00621383514697022	0.914637095180385	0.00756090343155281	NA_[1417_396.38_5.3]	NA	Methyl 3-(2-octadecylcyclopropen-1-yl)propanoate	[M + H3N + H]+	20	Fatty acids	Fatty esters	Wax monoesters	0.953	0.982	0.904
raw	superclass	Fatty esters	NPC superclass: Fatty esters	833	Untreated	PET	5345257.66666667	5345257.66666667	9740734.27777778	9122535	6222918	6368868	11431109.1666667	13267193	11568175.6666667	12685962	0.00609214998467151	0.920729245165057	0.00652188897868558	NA_[833_428.41_3.2]	NA	ethyl 14-oxotetracosanoate	[M + H3N + H]+	21	Fatty acids	Fatty esters	Wax monoesters	0.987	0.96	0.81
raw	superclass	Fatty esters	NPC superclass: Fatty esters	2077	PS	Untreated	4329030.66666667	4329030.66666667	12013931	11450981	11929392.3333333	11450981	14220715.6666667	14500693	9891685	10955157	0.00493392568781857	0.925663170852876	0.0080439032566921	NA_[2077_396.38_7.2]	NA	5-Pentacosynoic acid	[M + H3N + H]+	20	Fatty acids	Fatty esters	Wax monoesters	0.942	0.969	0.871
raw	superclass	Fatty esters	NPC superclass: Fatty esters	1541	Untreated	PS	4318253.66666667	4318253.66666667	8213500.16666667	7679872.5	7741235.5	7679872.5	6290505.66666667	6424554	10608759.3333333	10660929	0.00492164281868876	0.930584813671564	0.00549933246158074	NA_[1541_706.59_5.8]	NA	3,4-dihydroxy-N-(1,3,6-trihydroxynonacos-4-en-2-yl)dodecanamide	[M + Na]+	5	Fatty acids	Fatty esters	Fatty acyl carnitines	1	0.822	0.905
raw	superclass	Fatty esters	NPC superclass: Fatty esters	2055	PS	PET	3716741.26666667	3716741.26666667	6004601.75555556	5282990	4098747.66666667	4400079	7815488.93333333	7833501	6099568.66666667	6240444	0.00423608115132672	0.934820894822891	0.00402036898802336	Cer(d18:0/15:0)_[2055_543.54_7.1]	Cer(d18:0/15:0)	N-(1,3-dihydroxyoctadecan-2-yl)pentadecanamide	[M + H3N + H]+	-1	Fatty acids	Fatty esters	Fatty acyl carnitines	0.995	0.854	0.156
raw	superclass	Fatty esters	NPC superclass: Fatty esters	1421	PET	Untreated	3608340.13333333	3608340.13333333	6144082.1	6201994.5	8177652.66666667	6333220.5	5685281.1	6201994.5	4569312.53333333	4657785	0.00411253313849783	0.938933427961389	0.00411375777117195	(2E)-geranyl hexadecanoate_[1421_410.4_5.3]	(2E)-geranyl hexadecanoate	Hexadecanoic acid, (2E)-3,7-dimethyl-2,6-octadienyl ester	[M + H3N + H]+	130	Fatty acids	Fatty esters	Wax monoesters	0.934	0.975	0.872
raw	superclass	Fatty esters	NPC superclass: Fatty esters	1240	PS	Untreated	2824343.76666667	2824343.76666667	6725971.68888889	6800119.5	6588270.83333333	6307425.5	8206994	8777430	5382650.23333333	6800119.5	0.00321898903809728	0.942152416999486	0.00450336077114745	NA_[1240_609.52_4.5]	NA	NA	[M + H3N + H]+	131	Fatty acids	Fatty esters	Fatty acyl carnitines	0.998	0.805	0.353
raw	superclass	Fatty esters	NPC superclass: Fatty esters	1887	PS	Untreated	2820209.53333333	2820209.53333333	3119994.88888889	2589746.5	2619236.2	2022890.8	4780479	3466099.5	1960269.46666667	1833704.6	0.00321427712875465	0.945366694128241	0.00208898628164221	NA_[1887_536.5_6.7]	NA	hexadecanoyl (9Z,12Z)-octadeca-9,12-dienoate	[M + H3N + H]+	102	Fatty acids	Fatty esters	Wax monoesters	0.978	0.972	0.408
raw	superclass	Fatty esters	NPC superclass: Fatty esters	2547	PS	PET	2792908.36666667	2792908.36666667	3413617.45555556	2566654.2	2201514.16666667	2392021.2	4994422.53333333	5311128.5	3044915.66666667	3253229	0.00318316117280606	0.948549855301047	0.00228558067861754	NA_[2547_640.62_8.5]	NA	Tetramethylene distearate	[M + H3N + H]+	168	Fatty acids	Fatty esters	Wax monoesters	0.999	0.992	0.852
raw	superclass	Fatty esters	NPC superclass: Fatty esters	3398	PS	PET	2564232.86666667	2564232.86666667	2271378.58888889	1657499.8	1228415.66666667	1013873.6	3792648.53333333	4510907	1793071.56666667	2043131.6	0.00292253286811135	0.951472388169158	0.00152079695050222	NA_[3398_722.7_11.3]	NA	44-Ethenoxy-44-oxotetratetracontanoic acid	[M + H3N + H]+	318	Fatty acids	Fatty esters	Diacylglycerols	0.873	0.853	0.252
raw	superclass	Fatty esters	NPC superclass: Fatty esters	1912	PS	Untreated	2294103.6	2294103.6	2895513.45555556	2035628.8	2238583.3	1524987.5	4371030.33333333	3395588.2	2076926.73333333	1199382.4	0.00261465846608858	0.954087046635247	0.00193868519096199	9-[(9Z),(12Z)-octadecadienoyloxy]-octadecanoate_[1912_580.53_6.8]	9-[(9Z),(12Z)-octadecadienoyloxy]-octadecanoate	9-(9Z,12Z-octadecadienoyloxy)-octadecanoate	[M + H3N + H]+	102	Fatty acids	Fatty esters	Fatty acid estolides	0.999	0.996	0.995
raw	superclass	Fatty esters	NPC superclass: Fatty esters	1107	PS	PET	2077757.9	2077757.9	3274603.91111111	3108837	2056446.83333333	2381462.8	4134204.73333333	4913420	3633160.16666667	3680121.5	0.00236808280311204	0.956455129438359	0.00219250444046693	NA_[1107_500.47_4.1]	NA	[(2S)-2-dodecanoyloxypropyl] pentadecanoate	[M + H3N + H]+	21	Fatty acids	Fatty esters	Wax monoesters	0.953	0.977	0.84
raw	superclass	Fatty esters	NPC superclass: Fatty esters	2470	PS	PET	1777056.46666667	1777056.46666667	2737757.72222222	2276081.5	1803105.3	1774975.1	3580161.76666667	4063966.8	2830006.1	2690185	0.00202536438863853	0.958480493826997	0.00183306015806294	NA_[2470_496.51_8.2]	NA	dotriacontane-11,13-dione	[M + H3N + H]+	146	Fatty acids	Fatty esters	Wax monoesters	0.875	0.826	0.666
raw	superclass	Fatty esters	NPC superclass: Fatty esters	1154	Untreated	PS	1704701.33333333	1704701.33333333	9399771.44444444	8857071	9086452.66666667	8857071	8704080.16666667	8537438	10408781.5	10520903	0.00194289907977673	0.960423392906774	0.0062935980016972	NA_[1154_396.38_4.2]	NA	Methyl 3-(2-octadecylcyclopropen-1-yl)propanoate	[M + H3N + H]+	20	Fatty acids	Fatty esters	Wax monoesters	0.885	0.76	0.538
raw	superclass	Fatty esters	NPC superclass: Fatty esters	2413	PS	PET	1663282.66666667	1663282.66666667	8429861.83333333	8170334	7670507.66666667	7285650.5	9333790.33333333	9546473	8285287.5	8170334	0.00189569298696815	0.962319085893742	0.00564419697887514	NA_[2413_730.57_8]	NA	2-hydroxy-N-(1,3,4-trihydroxypentacosa-5,9-dien-2-yl)octadec-3-enamide	[M + K]+	48	Fatty acids	Fatty esters	Ceramides	0.999	0.85	0.116
raw	superclass	Fatty esters	NPC superclass: Fatty esters	2378	PET	Untreated	1461634.93333333	1461634.93333333	1624223.51111111	1013873.6	2475508.53333333	2506783.8	1383288.4	1013873.6	1013873.6	1013873.6	0.00166586903606743	0.96398495492981	0.00108749557414826	NA_[2378_438.43_8]	NA	19-Octacosynoic acid	[M + H3N + H]+	57	Fatty acids	Fatty esters	Wax monoesters	0.683	0.919	0.758
raw	superclass	Fatty esters	NPC superclass: Fatty esters	2093	PS	Untreated	1412175.63333333	1412175.63333333	2794026.36666667	2689895.8	2749432.4	2745733.5	3522411.16666667	3541526.8	2110235.53333333	2626937.2	0.00160949879303576	0.965594453722845	0.00187073471539945	NA_[2093_382.37_7.2]	NA	15-Tetracosynoic acid	[M + H3N + H]+	20	Fatty acids	Fatty esters	Wax monoesters	0.965	0.895	0.793
raw	superclass	Fatty esters	NPC superclass: Fatty esters	1456	PS	PET	1405332.33333333	1405332.33333333	2737604.91111111	2451567	1954583.86666667	2112143.5	3359916.2	4048253	2898314.66666667	3069844	0.00160169927941267	0.967196153002258	0.00183295784369187	NA_[1456_468.48_5.5]	NA	Ethenyl octacosanoate	[M + H3N + H]+	21	Fatty acids	Fatty esters	Wax monoesters	0.98	0.992	0.931
raw	superclass	Fatty esters	NPC superclass: Fatty esters	1969	PS	Untreated	1311387	1311387	2023085.55555556	1618975.4	1845985.46666667	1618975.4	2767329.1	2256318.2	1455942.1	1180687.2	0.00149462697406887	0.968690779976327	0.00135455285109429	NA_[1969_625.59_6.9]	NA	Tetratriacontanoic acid 3-(4-hydroxyphenyl)propyl ester	[M - H2O + H]+	102	Fatty acids	Fatty esters	Wax monoesters	0.978	0.91	0.448
raw	superclass	Fatty esters	NPC superclass: Fatty esters	598	Untreated	PET	1309711.66666667	1309711.66666667	2518066.3	2295989.8	1702698.86666667	1645213.1	2839089.5	3196639.2	3012410.53333333	3227640	0.00149271754657679	0.970183497522904	0.00168596620965583	dodecanoic anhydride_[598_400.38_2.4]	dodecanoic anhydride	dodecanoyl dodecanoate	[M + H3N + H]+	21	Fatty acids	Fatty esters	Wax monoesters	0.964	0.965	0.838
raw	superclass	Fatty esters	NPC superclass: Fatty esters	1817	PS	PET	1171812.8	1171812.8	2088475.06666667	1990722.4	1691383.4	1908369.1	2863196.2	2150378.2	1710845.6	1946805.9	0.00133555008509248	0.971519047607996	0.00139833426630137	NA_[1817_538.52_6.5]	NA	[(E)-hexadec-9-enoyl] octadecanoate	[M + H3N + H]+	20	Fatty acids	Fatty esters	Wax monoesters	0.979	0.946	0.765
raw	superclass	Fatty esters	NPC superclass: Fatty esters	1031	PS	Untreated	1098905.9	1098905.9	1642207.23333333	1389596.4	1665092	1677465.4	2180217.8	1891236	1081311.9	1013873.6	0.00125245591126298	0.972771503519259	0.00109953653907063	22-keto-26-Hexacosanolide_[1031_426.39_3.8]	22-keto-26-Hexacosanolide	1-oxacycloheptacosane-2,23-dione	[M + H3N + H]+	20	Fatty acids	Fatty esters	Wax monoesters	0.76	0.858	0.64
raw	superclass	Fatty esters	NPC superclass: Fatty esters	1742	Untreated	PS	1072265.33333333	1072265.33333333	6291351	5885936	6200727	6207319	5800530.33333333	5823681.5	6872795.66666667	6991973	0.00122209286088618	0.973993596380145	0.00421236136597531	4-(trimethylammonio)butanoate_[1742_184.07_6.4]	4-(trimethylammonio)butanoate	4-(trimethylazaniumyl)butanoate	[M + K]+	7	Fatty acids	Fatty esters	Fatty acyl carnitines	0.864	0.751	0.293
raw	superclass	Fatty esters	NPC superclass: Fatty esters	1392	PS	Untreated	1071733.6	1071733.6	1788914.88888889	1506947.8	1861630.2	1506947.8	2288424.03333333	2742363	1216690.43333333	1013873.6	0.00122148682850748	0.975215083208653	0.00119776435378881	NA_[1392_483.45_5.2]	NA	Tetracosyl 5-oxopyrrolidine-2-carboxylate	[M + H3N + H]+	102	Fatty acids	Fatty esters	N-acyl amines	1	0.915	0.458
raw	superclass	Fatty esters	NPC superclass: Fatty esters	3198	PS	PET	1037492.3	1037492.3	1822450.73333333	1673633	1297946.83333333	1206333.9	2335439.13333333	2277961.5	1833966.23333333	2055839.1	0.0011824609950905	0.976397544203743	0.00122021821076057	NA_[3198_568.57_10.2]	NA	Stearic anhydride	[M + H3N + H]+	21	Fatty acids	Fatty esters	Wax monoesters	0.997	0.962	0.793
raw	superclass	Fatty esters	NPC superclass: Fatty esters	1281	PS	PET	1028009.86666667	1028009.86666667	1875964.95555556	1676456.4	1236776.9	1314700.2	2264786.76666667	2630689.2	2126331.2	2204459.2	0.00117165358229793	0.977569197786041	0.00125604855025666	NA_[1281_470.46_4.7]	NA	2-Oxodecyl nonadecanoate	[M + H3N + H]+	-1	Fatty acids	Fatty esters	Wax monoesters	0.983	0.97	0.854
raw	superclass	Fatty esters	NPC superclass: Fatty esters	2224	PS	PET	995648.666666667	995648.666666667	7725550.22222222	8006414.5	7189308.33333333	6818401.5	8184957	8006414.5	7802385.33333333	8309661.5	0.00113477055506552	0.978703968341107	0.0051726265609709	NA_[2224_728.56_7.5]	NA	[3-(methylaminomethyl)-5-[[(9Z,12Z)-octadeca-9,12-dienoyl]oxymethyl]phenyl]methyl (9Z,12Z)-octadeca-9,12-dienoate	[M + Na]+	48	Fatty acids	Fatty esters	Ceramides	0.996	0.839	0.139
raw	superclass	Fatty esters	NPC superclass: Fatty esters	1909	PS	Untreated	982842.433333334	982842.433333334	1490995.81111111	1013873.6	1252056.93333333	1013873.6	2101886.46666667	1553959.6	1119044.03333333	1013873.6	0.00112017490803209	0.979824143249139	0.000998293236469474	NA_[1909_625.59_6.8]	NA	Tetratriacontanoic acid 3-(4-hydroxyphenyl)propyl ester	[M - H2O + H]+	102	Fatty acids	Fatty esters	Wax monoesters	0.962	0.829	0.204
raw	superclass	Fatty esters	NPC superclass: Fatty esters	1280	PS	PET	913602.466666667	913602.466666667	1493376.5	1013873.6	1167985.06666667	1013873.6	2081587.53333333	1155604.8	1230556.9	1013873.6	0.00104126004776306	0.980865403296902	0.000999887221910751	NA_[1280_594.51_4.7]	NA	[1-[(Z)-hexadec-9-enoyl]oxy-3-hydroxypropan-2-yl] (9Z,12Z)-heptadeca-9,12-dienoate	[M + H3N + H]+	102	Fatty acids	Fatty esters	Fatty acid estolides	0.994	0.865	0.934
raw	superclass	Fatty esters	NPC superclass: Fatty esters	1720	PS	PET	908060.233333333	908060.233333333	1874197.04444444	1762161.6	1338190.8	1407907.9	2246251.03333333	2845933	2038149.3	2116167.8	0.00103494339872156	0.981900346695624	0.0012548648489399	NA_[1720_496.51_6.3]	NA	dotriacontane-11,13-dione	[M + H3N + H]+	21	Fatty acids	Fatty esters	Wax monoesters	0.992	0.989	0.94
raw	superclass	Fatty esters	NPC superclass: Fatty esters	1836	PS	Untreated	863717.7	863717.7	1541377.22222222	1216014.1	1256821.03333333	1013873.6	2115514.16666667	1882078.9	1251796.46666667	1013873.6	0.00098440488765004	0.982884751583274	0.0010320260086082	NA_[1836_536.5_6.6]	NA	hexadecanoyl (9Z,12Z)-octadeca-9,12-dienoate	[M + H3N + H]+	102	Fatty acids	Fatty esters	Fatty acid estolides	0.997	0.996	0.694
raw	superclass	Fatty esters	NPC superclass: Fatty esters	1306	PS	Untreated	802943.266666667	802943.266666667	1381979.77777778	1013873.6	1135796.86666667	1013873.6	1906542.86666667	1277957.8	1103599.6	1013873.6	0.000915138448838499	0.983799890032112	0.00092530177134772	NA_[1306_576.5_4.8]	NA	NA	[M + H3N + H]+	102	Fatty acids	Fatty esters	Fatty acid estolides	0.996	0.978	0.973
raw	superclass	Fatty esters	NPC superclass: Fatty esters	1083	PS	Untreated	784720.333333333	784720.333333333	4759963.94444444	4976528	4889790.16666667	4976528	5087411	4626716	4302690.66666667	5017858.5	0.000894369226856995	0.984694259258969	0.00318702425329841	NA_[1083_627.53_4]	NA	Cer(d16:1/PGF1alpha)	[M + H3N + H]+	426	Fatty acids	Fatty esters	Fatty acyl carnitines	1	0.797	0.447
raw	superclass	Fatty esters	NPC superclass: Fatty esters	1664	PET	PS	782359.833333334	782359.833333334	6449325.05555556	6379471	6845563.66666667	7015463	6063203.83333333	6230444.5	6439207.66666667	6901529	0.00089167889442859	0.985585938153398	0.00431813257607766	acetylcholine_[1664_184.07_6.2]	acetylcholine	NA	[M + K]+	7	Fatty acids	Fatty esters	Fatty acyl carnitines	0.816	0.857	0.269
raw	superclass	Fatty esters	NPC superclass: Fatty esters	1416	PET	PS	758109.933333333	758109.933333333	2254922.88888889	1996249.4	2743520.3	1996249.4	1985410.36666667	2036977.6	2035838	1673143.2	0.000864040558332172	0.98644997871173	0.00150977906977515	NA_[1416_438.43_5.3]	NA	19-Octacosynoic acid	[M + H3N + H]+	57	Fatty acids	Fatty esters	Wax monoesters	0.924	0.978	0.915
raw	superclass	Fatty esters	NPC superclass: Fatty esters	1828	Untreated	PS	656344	656344	6742837.33333333	6438042	6695729	6438042	6438219.5	6421953	7094563.5	7453481.5	0.000748054881334234	0.987198033593064	0.00451465312935001	4-(trimethylammonio)butanoate_[1828_184.07_6.6]	4-(trimethylammonio)butanoate	4-(trimethylazaniumyl)butanoate	[M + K]+	7	Fatty acids	Fatty esters	Fatty acyl carnitines	0.951	0.849	0.394
raw	superclass	Fatty esters	NPC superclass: Fatty esters	1574	PS	Untreated	630931.4	630931.4	1458287.04444444	1350864.4	1303885.6	1269288.8	1850953.46666667	1450513.6	1220022.06666667	1295328.2	0.000719091381283355	0.987917124974347	0.000976393147754766	NA_[1574_536.5_5.9]	NA	Reticulatamone	[M + H3N + H]+	20	Fatty acids	Fatty esters	Wax monoesters	0.934	0.735	0.583
raw	superclass	Fatty esters	NPC superclass: Fatty esters	1465	Untreated	PS	610253.833333333	610253.833333333	6854641.94444444	6607565	6895960.66666667	6607565	6528855.66666667	6390496	7139109.5	7012519	0.00069552454029888	0.988612649514646	0.00458951168109547	acetylcholine_[1465_184.07_5.5]	acetylcholine	NA	[M + K]+	7	Fatty acids	Fatty esters	Fatty acyl carnitines	0.872	0.908	0.309
raw	superclass	Fatty esters	NPC superclass: Fatty esters	2086	PS	Untreated	588043.866666667	588043.866666667	1240979.27777778	1013873.6	1107146.76666667	1013873.6	1601917.46666667	1396503.6	1013873.6	1013873.6	0.000670211177215999	0.989282860691862	0.000830895171114607	NA_[2086_452.45_7.2]	NA	Undec-10-ynoic acid, octadecyl ester	[M + H3N + H]+	57	Fatty acids	Fatty esters	Wax monoesters	0.969	0.986	0.919
raw	superclass	Fatty esters	NPC superclass: Fatty esters	1519	PET	PS	583855.966666667	583855.966666667	1208492.25555556	1013873.6	1597729.56666667	1013873.6	1013873.6	1013873.6	1013873.6	1013873.6	0.000665438102368755	0.989948298794231	0.000809143550945191	NA_[1519_396.38_5.7]	NA	Methyl 3-(2-octadecylcyclopropen-1-yl)propanoate	[M + H3N + H]+	20	Fatty acids	Fatty esters	Wax monoesters	0.938	0.976	0.876
raw	superclass	Fatty esters	NPC superclass: Fatty esters	2468	PET	Untreated	571617.3	571617.3	1571604.1	1013873.6	1775201.56666667	1013873.6	1736026.46666667	1765836.8	1203584.26666667	1013873.6	0.000651489328035444	0.990599788122266	0.00105226435362586	Didodecyl thiobispropanoate_[2468_532.44_8.2]	Didodecyl thiobispropanoate	dodecyl 3-{[3-(dodecyloxy)-3-oxopropyl]sulfanyl}propanoate	[M + H3N + H]+	-1	Fatty acids	Fatty esters	Wax monoesters	0.992	0.924	0.348
raw	superclass	Fatty esters	NPC superclass: Fatty esters	1988	PET	PS	562695.333333334	562695.333333334	9920530	9911851	10180261.3333333	10392332	9617566	9860343	9963762.66666667	10358419	0.000641320695860699	0.991241108818127	0.00664227084166803	4-(trimethylammonio)butanoate_[1988_184.07_6.9]	4-(trimethylammonio)butanoate	4-(trimethylazaniumyl)butanoate	[M + K]+	7	Fatty acids	Fatty esters	Fatty acyl carnitines	0.955	0.843	0.39
raw	superclass	Fatty esters	NPC superclass: Fatty esters	1018	PS	Untreated	559636.433333333	559636.433333333	1291179.12222222	1013873.6	1286153.73333333	1013873.6	1573510.03333333	1638539	1013873.6	1013873.6	0.000637834376070294	0.991878943194197	0.000864506375658074	NA_[1018_400.38_3.8]	NA	1-(2-Hydroxydodec-1-enoxy)dodec-1-en-2-ol	[M + H3N + H]+	-1	Fatty acids	Fatty esters	Wax monoesters	0.988	0.819	0.565
raw	superclass	Fatty esters	NPC superclass: Fatty esters	1922	PS	Untreated	540844.666666667	540844.666666667	1410181.82222222	1324480.5	1283396.93333333	1268918.1	1743996.6	1611587.8	1203151.93333333	1233502.1	0.000616416837730804	0.992495360031928	0.000944184393293197	NA_[1922_538.52_6.8]	NA	[(E)-hexadec-9-enoyl] octadecanoate	[M + H3N + H]+	20	Fatty acids	Fatty esters	Diacylglycerols	0.997	0.919	0.752
raw	superclass	Fatty esters	NPC superclass: Fatty esters	1994	PS	PET	536723.233333333	536723.233333333	1908806.48888889	1775886.2	1711737.16666667	1761750.4	2248460.4	1880214.6	1766221.9	1775886.2	0.000611719516930898	0.993107079548859	0.00127803753262511	NA_[1994_536.5_6.9]	NA	Reticulatamone	[M + H3N + H]+	-1	Fatty acids	Fatty esters	Wax monoesters	0.935	0.816	0.618
raw	superclass	Fatty esters	NPC superclass: Fatty esters	2072	PS	Untreated	531611.533333333	531611.533333333	1730077.98888889	1763939.6	1763874.56666667	1806353.2	1978985.46666667	1908322	1447373.93333333	1564308.6	0.000605893559602247	0.993712973108461	0.00115837022612787	NA_[2072_424.41_7.1]	NA	Methyl 5-(2-octadecylcycloprop-1-en-1-yl)pentanoate	[M + H3N + H]+	20	Fatty acids	Fatty esters	Wax monoesters	0.971	0.974	0.91
raw	superclass	Fatty esters	NPC superclass: Fatty esters	1607	PET	Untreated	495762.3	495762.3	1660925.37777778	1459999.6	1980850.23333333	1322757.1	1516837.96666667	1476001.5	1485087.93333333	1459999.6	0.000565035116488438	0.99427800822495	0.00111206923490981	NA_[1607_424.41_6]	NA	Undec-10-ynoic acid, hexadecyl ester	[M + H3N + H]+	20	Fatty acids	Fatty esters	Wax monoesters	0.98	0.974	0.879
raw	superclass	Fatty esters	NPC superclass: Fatty esters	1317	PET	Untreated	488538.2	488538.2	1756564.48888889	1563929.9	2037948	2006146.2	1682335.66666667	1563929.9	1549409.8	1259478	0.000556801593719514	0.994834809818669	0.00117610420875257	NA_[1317_410.4_4.9]	NA	hexacosa-15,19-dienoic acid	[M + H3N + H]+	20	Fatty acids	Fatty esters	Wax monoesters	0.964	0.742	0.55
raw	superclass	Fatty esters	NPC superclass: Fatty esters	1231	PS	PET	467798.066666667	467798.066666667	1169806.28888889	1013873.6	1013873.6	1013873.6	1481671.66666667	1013873.6	1013873.6	1013873.6	0.00053316344363431	0.995367973262304	0.000783241440032595	NA_[1231_641.58_4.5]	NA	tetratriacontyl 3-(4-hydroxyphenyl)prop-2-enoate	[M + H]+	546	Fatty acids	Fatty esters	Fatty acid estolides	0.962	0.889	0.508
raw	superclass	Fatty esters	NPC superclass: Fatty esters	934	PS	Untreated	461178.6	461178.6	1201793.61111111	1013873.6	1116455.03333333	1013873.6	1475052.2	1178213.8	1013873.6	1013873.6	0.000525619039553784	0.995893592301857	0.000804658487075415	22-keto-26-Hexacosanolide_[934_426.39_3.5]	22-keto-26-Hexacosanolide	1-oxacycloheptacosane-2,23-dione	[M + H3N + H]+	20	Fatty acids	Fatty esters	Wax monoesters	0.86	0.937	0.821
raw	superclass	Fatty esters	NPC superclass: Fatty esters	2064	PS	PET	419461.7	419461.7	1403818.88888889	1410926.2	1214388.6	1013873.6	1633850.3	1760680.1	1363217.76666667	1410926.2	0.000478073041298094	0.996371665343156	0.000939924104120393	NA_[2064_438.43_7.1]	NA	19-Octacosynoic acid	[M + H3N + H]+	20	Fatty acids	Fatty esters	Wax monoesters	0.82	0.941	0.836
raw	superclass	Fatty esters	NPC superclass: Fatty esters	1505	PET	PS	401361.6	401361.6	1939979.41111111	1816131.9	2204549.53333333	1707404.6	1803187.93333333	2034279.2	1812200.76666667	1816131.9	0.000457443816139278	0.996829109159295	0.00129890929979141	(2E)-geranyl hexadecanoate_[1505_410.4_5.6]	(2E)-geranyl hexadecanoate	Hexadecanoic acid, (2E)-3,7-dimethyl-2,6-octadienyl ester	[M + H3N + H]+	20	Fatty acids	Fatty esters	Wax monoesters	0.953	0.969	0.911
raw	superclass	Fatty esters	NPC superclass: Fatty esters	1325	PET	PS	379550.566666667	379550.566666667	1802405.27777778	1889987.2	2047918.33333333	1889987.2	1668367.76666667	1939116.2	1690929.73333333	1463958.6	0.000432585129304412	0.997261694288599	0.00120679681644548	NA_[1325_382.37_4.9]	NA	15-Tetracosynoic acid	[M + H3N + H]+	20	Fatty acids	Fatty esters	Wax monoesters	0.864	0.912	0.801
raw	superclass	Fatty esters	NPC superclass: Fatty esters	1311	PS	PET	377302.733333333	377302.733333333	1139641.17777778	1013873.6	1013873.6	1013873.6	1391176.33333333	1013873.6	1013873.6	1013873.6	0.000430023206444713	0.997691717495044	0.00076304445076196	NA_[1311_639.57_4.8]	NA	(15Z,18Z)-9-[(9Z,12Z)-heptadeca-9,12-dienoyl]oxyhexacosa-15,18-dienoic acid	[M - H2O + H]+	102	Fatty acids	Fatty esters	Fatty acid estolides	0.955	0.789	0.616
raw	superclass	Fatty esters	NPC superclass: Fatty esters	1141	PS	Untreated	309931.966666667	309931.966666667	1211063.64444444	1013873.6	1295511.76666667	1013873.6	1323805.56666667	1013873.6	1013873.6	1013873.6	0.000353238729304327	0.998044956224348	0.000810865219186632	(5Z,9Z)-2-methoxy-hexacosadienoic acid_[1141_440.41_4.2]	(5Z,9Z)-2-methoxy-hexacosadienoic acid	2-methoxyhexacosa-5,9-dienoic acid	[M + H3N + H]+	20	Fatty acids	Fatty esters	Wax monoesters	0.913	0.923	0.686
raw	superclass	Fatty esters	NPC superclass: Fatty esters	1589	PS	PET	288489.966666667	288489.966666667	1110036.92222222	1013873.6	1013873.6	1013873.6	1302363.56666667	1013873.6	1013873.6	1013873.6	0.000328800640793472	0.998373756865142	0.00074322298119673	2-edahma [dmed-fahfa]_[1589_552.5_6]	2-edahma [dmed-fahfa]	2-Edahma	[M + H3N + H]+	-1	Fatty acids	Fatty esters	Diacylglycerols	0.978	0.929	0.758
raw	superclass	Fatty esters	NPC superclass: Fatty esters	1033	PS	PET	241977.333333333	241977.333333333	1094532.71111111	1013873.6	1013873.6	1013873.6	1255850.93333333	1013873.6	1013873.6	1013873.6	0.000275788801866462	0.998649545667008	0.0007328421679351	NA_[1033_532.47_3.8]	NA	tetradecanoyl (5E,8E,11E,14E)-icosa-5,8,11,14-tetraenoate	[M + H3N + H]+	102	Fatty acids	Fatty esters	Fatty acid estolides	0.986	0.974	0.336
raw	superclass	Fatty esters	NPC superclass: Fatty esters	1572	PS	PET	231217.6	231217.6	1090946.13333333	1013873.6	1013873.6	1013873.6	1245091.2	1013873.6	1013873.6	1013873.6	0.000263525612072917	0.998913071279081	0.000730440782021776	NA_[1572_508.47_5.9]	NA	Tenuifolide A	[M + H3N + H]+	102	Fatty acids	Fatty esters	Fatty acid estolides	0.988	0.982	0.56
raw	superclass	Fatty esters	NPC superclass: Fatty esters	1491	PS	PET	216713.533333333	216713.533333333	1174436.51111111	1159086	1095357.53333333	1013873.6	1312071.06666667	1417947.5	1115880.93333333	1159086	0.000246994893624668	0.999160066172706	0.000786341595977601	NA_[1491_595.54_5.6]	NA	Dec-3-en-2-yl 8-[(8-dec-3-en-2-yloxy-8-oxooctyl)amino]octanoate	[M + H3N + H]+	-1	Fatty acids	Fatty esters	Fatty acyl carnitines	0.999	0.848	0.161
raw	superclass	Fatty esters	NPC superclass: Fatty esters	1313	PS	Untreated	210842.366666667	210842.366666667	1464076.68888889	1451341.1	1503467.76666667	1647752.2	1549802.33333333	1451341.1	1338959.96666667	1282157.5	0.000240303349428139	0.999400369522134	0.000980269592508923	NA_[1313_422.4_4.8]	NA	2-(henicos-12-en-1-yl)-6-methyl-3,4-dihydro-2H-pyran-4-one	[M + H3N + H]+	20	Fatty acids	Fatty esters	Wax monoesters	0.932	0.953	0.722
raw	superclass	Fatty esters	NPC superclass: Fatty esters	1863	PS	PET	178674.066666667	178674.066666667	1073431.62222222	1013873.6	1013873.6	1013873.6	1192547.66666667	1013873.6	1013873.6	1013873.6	0.000203640176093388	0.999604009698227	0.000718713976451972	NA_[1863_396.38_6.6]	NA	Methyl 3-(2-octadecylcyclopropen-1-yl)propanoate	[M + H3N + H]+	20	Fatty acids	Fatty esters	Wax monoesters	0.961	0.984	0.91
raw	superclass	Fatty esters	NPC superclass: Fatty esters	1237	PS	PET	143715.866666667	143715.866666667	1061778.88888889	1013873.6	1013873.6	1013873.6	1157589.46666667	1013873.6	1013873.6	1013873.6	0.00016379727031127	0.999767806968539	0.000710911912364092	NA_[1237_498.43_4.5]	NA	NA	[M + H3N + H]+	-1	Fatty acids	Fatty esters	Fatty acyl carnitines	1	0.948	0.527
raw	superclass	Fatty esters	NPC superclass: Fatty esters	630	PET	PS	110406.266666667	110406.266666667	1666674.82222222	1809165.8	1720560.8	1919824	1610154.53333333	1652463.5	1669309.13333333	1809165.8	0.000125833323241911	0.999893640291781	0.00111591876383509	NA_[630_386.36_2.4]	NA	methyl 14-oxodocosanoate	[M + H3N + H]+	159	Fatty acids	Fatty esters	Wax monoesters	0.995	0.726	0.688
raw	superclass	Fatty esters	NPC superclass: Fatty esters	1194	PS	PET	82763.6666666666	82763.6666666666	1041461.48888889	1013873.6	1013873.6	1013873.6	1096637.26666667	1013873.6	1013873.6	1013873.6	9.43282255145464e-05	0.999987968517295	0.00069730843819502	(13Z,16Z)-docosadienoylcarnitine_[1194_497.43_4.4]	(13Z,16Z)-docosadienoylcarnitine	(13Z,16Z)-docosadienoylcarnitine	[M + H3N + H]+	-1	Fatty acids	Fatty esters	N-acyl amines	0.999	0.889	0.305
raw	superclass	Fatty esters	NPC superclass: Fatty esters	2336	PS	Untreated	7321.2333333334	7321.2333333334	3923183.73333333	3900943.2	3924419.43333333	3769816.5	3926226.5	3900943.2	3918905.26666667	3986250.8	8.34422853318832e-06	0.999996312745828	0.00262675975158851	Palmityl linolenate_[2336_520.51_7.8]	Palmityl linolenate	Cetyl linolenate	[M + H3N + H]+	-1	Fatty acids	Fatty esters	Wax monoesters	0.982	0.976	0.871
raw	superclass	Fatty esters	NPC superclass: Fatty esters	1721	PS	PET	3235.19999999995	3235.19999999995	1014952	1013873.6	1013873.6	1013873.6	1017108.8	1013873.6	1013873.6	1013873.6	3.68725417173385e-06	1	0.000679559063406154	NA_[1721_614.58_6.3]	NA	N-[2-[hexadecanoyl(hydroxymethyl)amino]ethyl]-N-(hydroxymethyl)hexadecanamide	[M + H3N + H]+	-1	Fatty acids	Fatty esters	Fatty acyl carnitines	0.993	0.736	0.137
raw	superclass	Fatty esters	NPC superclass: Fatty esters	1032	PET	PET	0	0	1013873.6	1013873.6	1013873.6	1013873.6	1013873.6	1013873.6	1013873.6	1013873.6	0	1	0.000678837022862387	NA_[1032_460.42_3.8]	NA	Trihexoxy(oct-7-enyl)silane	[M + H3N + H]+	-1	Fatty acids	Fatty esters	Fatty acid estolides	0.998	0.944	0.794
raw	superclass	Fatty esters	NPC superclass: Fatty esters	1187	PET	PET	0	0	1013873.6	1013873.6	1013873.6	1013873.6	1013873.6	1013873.6	1013873.6	1013873.6	0	1	0.000678837022862387	NA_[1187_641.58_4.4]	NA	tetratriacontyl 3-(4-hydroxyphenyl)prop-2-enoate	[M + H]+	546	Fatty acids	Fatty esters	Fatty acid estolides	0.962	0.91	0.302
raw	superclass	Fatty esters	NPC superclass: Fatty esters	1262	PET	PET	0	0	1013873.6	1013873.6	1013873.6	1013873.6	1013873.6	1013873.6	1013873.6	1013873.6	0	1	0.000678837022862387	NA_[1262_466.39_4.6]	NA	2-henicosyl-3,6-dihydroxy-5-methylcyclohexa-2,5-diene-1,4-dione	[M + H3N + H]+	-1	Fatty acids	Fatty esters	Cholane steroids	0.789	0.715	0.429
raw	superclass	Fatty esters	NPC superclass: Fatty esters	1885	PET	PET	0	0	1013873.6	1013873.6	1013873.6	1013873.6	1013873.6	1013873.6	1013873.6	1013873.6	0	1	0.000678837022862387	dolichyl palmitate_[1885_599.58_6.7]	dolichyl palmitate	Dolichyl palmitate	[M + H]+	102	Fatty acids	Fatty esters	Wax monoesters	0.793	0.756	0.394
raw	superclass	Fatty esters	NPC superclass: Fatty esters	3326	PET	PET	0	0	1013873.6	1013873.6	1013873.6	1013873.6	1013873.6	1013873.6	1013873.6	1013873.6	0	1	0.000678837022862387	NA_[3326_684.63_10.8]	NA	[1-[tert-butyl(dimethyl)silyl]oxy-3-[(Z)-hexadec-1-enoxy]propan-2-yl] hexadecanoate	[M + H3N + H]+	318	Fatty acids	Fatty esters	Wax monoesters	0.994	0.982	0.414
raw	superclass	Fatty esters	NPC superclass: Fatty esters	3439	PET	PET	0	0	1013873.6	1013873.6	1013873.6	1013873.6	1013873.6	1013873.6	1013873.6	1013873.6	0	1	0.000678837022862387	NA_[3439_534.56_11.4]	NA	hexatriaconta-8,27-dien-2-one	[M + H3N + H]+	9	Fatty acids	Fatty esters	Wax monoesters	0.822	0.716	0.637
raw	superclass	Glycerolipids	NPC superclass: Glycerolipids	2335	PS	PET	56895708.6666667	56895708.6666667	85854370	74470400	54778604.6666667	59571660	111674313.333333	125939576	91110192	89331720	0.221120087379735	0.221120087379735	0.107403911108973	NA_[2335_526.52_7.8]	NA	5-hydroxytritriacontane-12,14-dione	[M + H3N + H]+	21	Fatty acids	Glycerolipids	Diacylglycerols	0.988	0.962	0.578
raw	superclass	Glycerolipids	NPC superclass: Glycerolipids	3376	PS	PET	11489783.6666667	11489783.6666667	19583126.3333333	16950492	14300769.6666667	14136382	25790553.3333333	24422820	18658056	16790612	0.0446540174625869	0.265774104842322	0.0244985125386294	NA_[3376_922.79_11.1]	NA	1-Palmitoyl-2-meadoyl-3-eicsoatetraenoyl-glycerol	[M + H3N + H]+	10	Fatty acids	Glycerolipids	Triacylglycerols	0.999	1	1
raw	superclass	Glycerolipids	NPC superclass: Glycerolipids	2412	PS	PET	9027623	9027623	13885817	12382336	8839405.33333333	10119329	17867028.3333333	21860220	14951017.3333333	15370370	0.0350850500568738	0.300859154899196	0.0173711723089165	NA_[2412_526.52_8]	NA	5-hydroxytritriacontane-12,14-dione	[M + H3N + H]+	21	Fatty acids	Glycerolipids	Wax monoesters	0.991	0.935	0.576
raw	superclass	Glycerolipids	NPC superclass: Glycerolipids	1622	Untreated	PET	8864130	8864130	35629206	34235970	31129513.3333333	31791100	35764461.3333333	36303556	39993643.3333333	40825440	0.0344496491225472	0.335308804021743	0.0445721758147815	NA_[1622_904.59_6.1]	NA	2-(6-{3-[20-(2-amino-3-hydroxypropoxy)-8-hydroxyicosyl]oxiran-2-yl}-2,6-dihydroxyhexanamido)-1-[4-(3-hydroxy-2-propanamidopropoxy)phenyl]ethyl acetate	[M + Na]+	10	Fatty acids	Glycerolipids	Glycerophosphoserines	1	0.803	0.683
raw	superclass	Glycerolipids	NPC superclass: Glycerolipids	1964	PS	PET	8745279.16666667	8745279.16666667	12152012.2777778	10235292	7838372.66666667	8880477	16583651.8333333	18349728	12034012.3333333	11914976	0.0339877459796267	0.36929655000137	0.0152021806982871	12-(octadecanoyloxy)octadecanoate_[1964_584.56_6.9]	12-(octadecanoyloxy)octadecanoate	12-Octadecanoyloxy-octadecanoic acid	[M + H3N + H]+	168	Fatty acids	Glycerolipids	Wax monoesters	0.999	0.963	0.771
raw	superclass	Glycerolipids	NPC superclass: Glycerolipids	2702	PS	Untreated	8550720.16666667	8550720.16666667	10609664.1666667	8436263	12732933	12870964	13823389.8333333	13887862	5272669.66666667	5271801.5	0.0332316098124412	0.402528159813811	0.0132727015183121	NA_[2702_560.56_8.9]	NA	1-(1,2,2-Trioctoxyethoxy)octane	[M + H3N + H]+	79	Fatty acids	Glycerolipids	Diacylglycerols	1	1	0.944
raw	superclass	Glycerolipids	NPC superclass: Glycerolipids	3452	PS	PET	8183840.66666667	8183840.66666667	29554062.4444444	29806818	26698196.6666667	25354126	34882037.3333333	31603290	27081953.3333333	25286672	0.0318057654210283	0.434333925234839	0.0369721645583348	NA_[3452_876.8_11.6]	NA	1-Myristoyl-2-eicosenoyl-3-oleoyl-glycerol	[M + H3N + H]+	10	Fatty acids	Glycerolipids	Triacylglycerols	0.996	1	1
raw	superclass	Glycerolipids	NPC superclass: Glycerolipids	1623	Untreated	PET	7869318.66666667	7869318.66666667	31630620	31412032	27718904.6666667	27348750	31584732	31412032	35588223.3333333	33918770	0.0305834037745585	0.464917329009398	0.0395699403396905	1-stearoyl-2-arachidonoyl-sn-glycerol_[1623_627.53_6.1]	1-stearoyl-2-arachidonoyl-sn-glycerol	1-hydroxy-3-(octadecanoyloxy)propan-2-yl icosa-5,8,11,14-tetraenoate	[M - H2O + H]+	399	Fatty acids	Glycerolipids	Diacylglycerols	1	1	0.999
raw	superclass	Glycerolipids	NPC superclass: Glycerolipids	3447	PS	PET	7695888.33333333	7695888.33333333	14816608.1111111	14928974	11628531	11805112	19324419.3333333	18687706	13496874	15294672	0.0299093822822587	0.494826711291657	0.0185355930106094	NA_[3447_850.79_11.6]	NA	2,3-di(tetradecanoyloxy)propyl (Z)-docos-11-enoate	[M + H3N + H]+	10	Fatty acids	Glycerolipids	Triacylglycerols	0.997	1	1
raw	superclass	Glycerolipids	NPC superclass: Glycerolipids	3462	PET	Untreated	7134861.33333334	7134861.33333334	44919366.2222222	45911024	47987623.3333333	46205300	45917713.3333333	45911024	40852762	38208680	0.0277290009816375	0.522555712273294	0.0561941764502259	triolein_[3462_902.82_11.6]	triolein	Olein	[M + H3N + H]+	10	Fatty acids	Glycerolipids	Triacylglycerols	0.998	1	1
raw	superclass	Glycerolipids	NPC superclass: Glycerolipids	3371	PS	PET	5592460.83333333	5592460.83333333	8881176.38888889	7543683.5	6417811.16666667	6885072	12010272	11529279	8215446	7325333.5	0.0217345992714368	0.544290311544731	0.0111103614110189	TG(16:0/16:0/22:6(4Z,7Z,10Z,13Z,16Z,19Z))[iso3]_[3371_896.77_11.1]	TG(16:0/16:0/22:6(4Z,7Z,10Z,13Z,16Z,19Z))[iso3]	Triglyceride	[M + H3N + H]+	483	Fatty acids	Glycerolipids	Triacylglycerols	1	1	1
raw	superclass	Glycerolipids	NPC superclass: Glycerolipids	2707	Untreated	PET	4933101.66666667	4933101.66666667	8364631.91111111	6892463	6469057	6892463	7222680.06666667	7173583	11402158.6666667	3574181.2	0.019172058792292	0.563462370337023	0.0104641637023283	NA_[2707_313.27_8.9]	NA	methyl 11-oxooctadecanoate	[M + H]+	79	Fatty acids	Glycerolipids	Monoacylglycerols	0.999	0.956	0.923
raw	superclass	Glycerolipids	NPC superclass: Glycerolipids	3381	PS	PET	4429403	4429403	9350130.83333333	8606389	7410230	7751427.5	11839633	11780167	8800529.5	7804492.5	0.0172144789361571	0.58067684927318	0.0116970239357718	NA_[3381_948.8_11.1]	NA	1-Vaccenoyl-2-vaccenoyl-3-docosahexaenoyl-glycerol	[M + H3N + H]+	10	Fatty acids	Glycerolipids	Triacylglycerols	0.997	1	0.999
raw	superclass	Glycerolipids	NPC superclass: Glycerolipids	3482	PS	Untreated	4240418.76666667	4240418.76666667	6810293.74444444	6263695	5480056.66666667	5695082.5	9595621.66666667	9199276	5355202.9	6263695	0.0164800086014455	0.597156857874625	0.00851968494969224	NA_[3482_878.82_11.8]	NA	[2-[(Z)-heptadec-9-enoyl]oxy-3-pentadecanoyloxypropyl] icosanoate	[M + H3N + H]+	10	Fatty acids	Glycerolipids	Triacylglycerols	0.998	1	1
raw	superclass	Glycerolipids	NPC superclass: Glycerolipids	2683	Untreated	PS	4114058	4114058	5718804.44444444	3810153.5	4924204	4939651.5	4059075.66666667	3779322.8	8173133.66666667	3810153.5	0.0159889187737328	0.613145776648358	0.00715423063730726	NA_[2683_561.56_8.8]	NA	(2R)-3-[(3S,11S)-3,11-dimethyltetradecoxy]-2-[(3R)-3-methyl-5-[(1R,4S,5S)-2-(6-methylheptyl)-5-bicyclo[2.1.0]pentanyl]pentoxy]propan-1-ol	[M - H2O + H]+	79	Fatty acids	Glycerolipids	Diacylglycerols	1	0.999	0.997
raw	superclass	Glycerolipids	NPC superclass: Glycerolipids	3430	PET	Untreated	4045911.33333334	4045911.33333334	36855609.3333333	37397532	38574792	38055456	37463155.3333333	37397532	34528880.6666667	34491828	0.0157240728435019	0.62886984949186	0.0461064077309563	1,2-dioleoyl-3-linoleoyl-sn-glycerol_[3430_900.8_11.4]	1,2-dioleoyl-3-linoleoyl-sn-glycerol	1,2-Dioleoyl-3-Linoleoyl-Sn-Glycerol	[M + H3N + H]+	10	Fatty acids	Glycerolipids	Triacylglycerols	0.995	1	1
raw	superclass	Glycerolipids	NPC superclass: Glycerolipids	3483	PS	Untreated	3837665	3837665	8325526.61111111	7852947.5	7477524.16666667	7627595	10668360.3333333	10598115	6830695.33333333	7220228.5	0.0149147420784533	0.643784591570313	0.0104152429291039	NA_[3483_904.83_11.9]	NA	[2-[(Z)-icos-11-enoyl]oxy-3-tridecanoyloxypropyl] (Z)-henicos-9-enoate	[M + H3N + H]+	10	Fatty acids	Glycerolipids	Triacylglycerols	0.998	1	1
raw	superclass	Glycerolipids	NPC superclass: Glycerolipids	332	PS	Untreated	3741977.26666667	3741977.26666667	3179421.28888889	1855267.5	2162680.13333333	1401342.8	5558780.5	2965785	1816803.23333333	1013873.6	0.014542860253766	0.658327451824079	0.003977459522326	3alpha,7alpha,12alpha,24-tetrahydroxy-5beta-cholestan-26-al_[332_468.37_1.3]	3alpha,7alpha,12alpha,24-tetrahydroxy-5beta-cholestan-26-al	3alpha,7alpha,12alpha,24-Tetrahydroxy-5beta-cholestan-26-al	[M + H3N + H]+	102	Fatty acids	Glycerolipids	Fatty alcohols	0.962	0.727	0.571
raw	superclass	Glycerolipids	NPC superclass: Glycerolipids	2943	PET	PS	3632821.13333333	3632821.13333333	2224813.97777778	1013873.6	4646694.73333333	1013873.6	1013873.6	1013873.6	1013873.6	1013873.6	0.0141186346960511	0.67244608652013	0.00278324472829101	NA_[2943_600.55_9.4]	NA	[(2S)-3-hydroxy-2-(10-methylundecanoyloxy)propyl] 19-methylicosanoate	[M + H3N + H]+	271	Fatty acids	Glycerolipids	Diacylglycerols	1	1	1
raw	superclass	Glycerolipids	NPC superclass: Glycerolipids	3437	PS	PET	3609953.16666667	3609953.16666667	7552738.88888889	6982041.5	6134983.66666667	6250600.5	9744936.83333333	9336842	6778296.16666667	6545138	0.014029760387144	0.686475846907274	0.00944848464034514	NA_[3437_908.81_11.4]	NA	[2-[(Z)-hexadec-9-enoyl]oxy-3-octadecoxypropyl] (4Z,7Z,10Z,13Z,16Z,19Z)-docosa-4,7,10,13,16,19-hexaenoate	[M + H3N + H]+	198	Fatty acids	Glycerolipids	Triacylglycerols	1	1	1
raw	superclass	Glycerolipids	NPC superclass: Glycerolipids	3417	PS	PET	3538705.33333333	3538705.33333333	6276402.33333333	5408530	4914559.83333333	5194406.5	8453265.16666667	7953293.5	5461382	4684060	0.0137528620497916	0.700228708957066	0.00785178620836058	NA_[3417_950.82_11.3]	NA	NA	[M + H3N + H]+	10	Fatty acids	Glycerolipids	Triacylglycerols	1	1	1
raw	superclass	Glycerolipids	NPC superclass: Glycerolipids	3416	PS	PET	3138315.5	3138315.5	10360368.4444444	10380851	8810287.16666667	8027530.5	11948602.6666667	11889599	10322215.5	9180155	0.012196782742452	0.712425491699518	0.0129608322961699	NA_[3416_848.77_11.3]	NA	[2-[(Z)-octadec-9-enoyl]oxy-3-tridecanoyloxypropyl] (Z)-nonadec-9-enoate	[M + H3N + H]+	10	Fatty acids	Glycerolipids	Triacylglycerols	0.998	1	1
raw	superclass	Glycerolipids	NPC superclass: Glycerolipids	1621	Untreated	PET	3096358.66666667	3096358.66666667	15388708.7777778	15422043	13969074	14162285	15131619.6666667	15422043	17065432.6666667	16432761	0.0120337212590773	0.724459212958595	0.0192512915725818	NA_[1621_887.56_6.1]	NA	methyl (3R,8Z,12Z,13E,19E,21S,22S)-16-ethenyl-11-ethyl-14-hydroxy-12-(hydroxymethylidene)-17,21,26-trimethyl-4-oxo-22-[3-oxo-3-[(E,7R,11R)-3,7,11,15-tetramethylhexadec-2-enoxy]propyl]-7,23,24,25-tetrazahexacyclo[18.2.1.15,8.110,13.115,18.02,6]hexacosa-2(6),5(26),8,10,13,15,17,19-octaene-3-carboxylate	[M - H2O + H]+	10	Fatty acids	Glycerolipids	Diacylglycerols	1	0.978	0.519
raw	superclass	Glycerolipids	NPC superclass: Glycerolipids	3434	PS	PET	3042610.83333333	3042610.83333333	6641908.44444444	6637182	5298901	5093248.5	8341511.83333333	8066514.5	6285312.5	6637182	0.011824835107878	0.736284048066473	0.0083090347545623	NA_[3434_882.79_11.4]	NA	1-Myristoyl-2-docosahexaenoyl-3-Stearyl-glycerol	[M + H3N + H]+	198	Fatty acids	Glycerolipids	Triacylglycerols	1	1	0.999
raw	superclass	Glycerolipids	NPC superclass: Glycerolipids	2820	PS	Untreated	2822497.83333333	2822497.83333333	4282625.45555556	1013873.6	5158561.4	1013873.6	5255906.4	1013873.6	2433408.56666667	1013873.6	0.0109693856032665	0.74725343366974	0.00535756914576993	NA_[2820_600.55_9.1]	NA	[(2S)-3-hydroxy-2-(10-methylundecanoyloxy)propyl] 19-methylicosanoate	[M + H3N + H]+	271	Fatty acids	Glycerolipids	Diacylglycerols	1	1	1
raw	superclass	Glycerolipids	NPC superclass: Glycerolipids	3334	PS	PET	2791353.23333333	2791353.23333333	5193341.64444444	4881269.5	3700801.43333333	3754012.8	6492154.66666667	6253751	5387068.83333333	4881269.5	0.0108483448985316	0.758101778568271	0.00649687609772736	NA_[3334_894.76_10.9]	NA	2,3-di(tridecanoyloxy)propyl (7Z,10Z,13Z,16Z,19Z,22Z,25Z)-octacosa-7,10,13,16,19,22,25-heptaenoate	[M + H3N + H]+	10	Fatty acids	Glycerolipids	Triacylglycerols	0.999	1	1
raw	superclass	Glycerolipids	NPC superclass: Glycerolipids	3409	PS	PET	2726029.5	2726029.5	6887932.61111111	6365100.5	5493095.66666667	5262700	8219125.16666667	7915137.5	6951577	6241089	0.0105944700464358	0.768696248614707	0.00861681125711337	NA_[3409_822.76_11.3]	NA	2,3-di(tridecanoyloxy)propyl (Z)-docos-11-enoate	[M + H3N + H]+	10	Fatty acids	Glycerolipids	Triacylglycerols	0.998	1	1
raw	superclass	Glycerolipids	NPC superclass: Glycerolipids	3415	PS	PET	2705446.9	2705446.9	5038341.55555556	4483334	3999431.26666667	4084394	6704878.16666667	6523601	4410715.23333333	4200509	0.0105144776108522	0.779210726225559	0.00630297081638984	NA_[3415_924.8_11.3]	NA	1-Palmitoyl-2-docosahexaenoyl-3-stearoyl-glycerol	[M + H3N + H]+	483	Fatty acids	Glycerolipids	Triacylglycerols	1	1	1
raw	superclass	Glycerolipids	NPC superclass: Glycerolipids	3388	PS	PET	2583731	2583731	5220829.94444444	4741069	3953849.5	4175684.8	6537580.5	6263391.5	5171059.83333333	4741069	0.0100414396423617	0.789252165867921	0.00653126399120019	NA_[3388_924.8_11.2]	NA	1-Stearoyl-2-eicsoatetraenoyl-3-linoleoyl-glycerol	[M + H3N + H]+	10	Fatty acids	Glycerolipids	Triacylglycerols	0.999	1	1
raw	superclass	Glycerolipids	NPC superclass: Glycerolipids	2710	PET	Untreated	2541514	2541514	73882120.8888889	73585260	75077260	73810430	74033356.6666667	73585260	72535746	64415310	0.00987736704448619	0.799129532912407	0.0924266143295053	NA_[2710_600.55_8.9]	NA	(1-Hydroxy-3-tridecanoyloxypropan-2-yl) icosanoate	[M + H3N + H]+	271	Fatty acids	Glycerolipids	Diacylglycerols	1	1	1
raw	superclass	Glycerolipids	NPC superclass: Glycerolipids	1354	PS	PET	2388971.7	2388971.7	3845398.07777778	3464852.8	2450717.46666667	2686950	4839689.16666667	5746053.5	4245787.6	4487801	0.00928452502712562	0.808414057939533	0.00481059721624259	NA_[1354_528.5_5]	NA	9-Hexadecanoyloxy-hexadecanoic acid	[M + H3N + H]+	21	Fatty acids	Glycerolipids	Diacylglycerols	0.999	0.954	0.729
raw	superclass	Glycerolipids	NPC superclass: Glycerolipids	3348	PET	Untreated	2328622.66666666	2328622.66666666	23247888	23922966	24604771.3333333	24201288	22862744	23922966	22276148.6666667	22051088	0.00904998390202724	0.81746404184156	0.0290831334062945	1,2,3-trilinoleoylglycerol_[3348_896.77_10.9]	1,2,3-trilinoleoylglycerol	Trilinolein	[M + H3N + H]+	10	Fatty acids	Glycerolipids	Triacylglycerols	0.992	0.999	0.999
raw	superclass	Glycerolipids	NPC superclass: Glycerolipids	3396	PS	PET	2225649.46666667	2225649.46666667	4741057.06666667	4492544	3699369.2	3570511.8	5925018.66666667	5829304.5	4598783.33333333	4319796.5	0.00864978776218884	0.826113829603749	0.00593106759447232	NA_[3396_950.82_11.3]	NA	1-Arachidonyl-2-eicsoatetraenoyl-3-a-linolenoyl-glycerol	[M + H3N + H]+	10	Fatty acids	Glycerolipids	Triacylglycerols	1	1	1
raw	superclass	Glycerolipids	NPC superclass: Glycerolipids	3382	PET	PS	2086952.66666666	2086952.66666666	33602621.7777778	32994802	34757190.6666667	35366604	32670238	32994802	33380436.6666667	31055318	0.00811075504330721	0.834224584647056	0.0420369167282795	TG(18:1(11Z)/18:2(9Z,12Z)/18:2(9Z,12Z))_[3382_898.79_11.1]	TG(18:1(11Z)/18:2(9Z,12Z)/18:2(9Z,12Z))	NA	[M + H3N + H]+	10	Fatty acids	Glycerolipids	Triacylglycerols	0.987	0.999	0.999
raw	superclass	Glycerolipids	NPC superclass: Glycerolipids	3418	PS	Untreated	1747993	1747993	13257629.5555556	13437475	13489175.6666667	13265204	14015853	13603126	12267860	11101205	0.00679341858915298	0.841018003236209	0.0165853091263798	NA_[3418_874.79_11.3]	NA	2,3-bis[[(Z)-heptadec-9-enoyl]oxy]propyl (Z)-octadec-9-enoate	[M + H3N + H]+	10	Fatty acids	Glycerolipids	Triacylglycerols	0.994	0.999	1
raw	superclass	Glycerolipids	NPC superclass: Glycerolipids	3341	PS	PET	1734637.53333333	1734637.53333333	4612901.82222222	4764844.5	3858847.3	3903928.2	5593484.83333333	5583047	4386373.33333333	3959577.2	0.00674151376143333	0.847759516997643	0.00577074524300134	NA_[3341_920.77_10.9]	NA	1,2-di-(9Z,12Z-heptadecadienoyl)-3-(7Z,10Z,13Z,16Z-docosatetraenoyl)-sn-glycerol	[M + H3N + H]+	10	Fatty acids	Glycerolipids	Triacylglycerols	0.996	1	0.999
raw	superclass	Glycerolipids	NPC superclass: Glycerolipids	1832	PS	PET	1704481.9	1704481.9	2480204.43333333	1943584.6	1666953.6	1887453.5	3371435.5	3611236.5	2402224.2	2568139.8	0.00662431658727168	0.854383833584914	0.00310273846852309	NA_[1832_584.56_6.6]	NA	1,4-Butanediol dipalmitate	[M + H3N + H]+	24	Fatty acids	Glycerolipids	Diacylglycerols	1	0.996	0.938
raw	superclass	Glycerolipids	NPC superclass: Glycerolipids	1676	PET	PS	1578015.5	1578015.5	6531698.66666667	5921718	7437297.33333333	8168482	5859281.83333333	5921718	6298516.83333333	5795862	0.00613281622504869	0.860516649809963	0.00817116220158935	NA_[1676_764.59_6.2]	NA	NA	[M + H]+	10	Fatty acids	Glycerolipids	Triacylglycerols	1	0.754	0.175
raw	superclass	Glycerolipids	NPC superclass: Glycerolipids	3471	PS	Untreated	1549346.9	1549346.9	2929091.18888889	2599741.5	2469306.93333333	2460205.8	3933656.76666667	3700958	2384309.86666667	2599741.5	0.00602139827305175	0.866538048083015	0.00366429629244847	NA_[3471_910.82_11.7]	NA	1-Palmitoyl-2-docosahexaenoyl-3-Stearyl-glycerol	[M + H3N + H]+	198	Fatty acids	Glycerolipids	Triacylglycerols	1	1	1
raw	superclass	Glycerolipids	NPC superclass: Glycerolipids	3432	PS	PET	1525705.1	1525705.1	1599851.25555556	1013873.6	1013873.6	1013873.6	2539578.7	2410311	1246101.46666667	1013873.6	0.00592951653004646	0.872467564613061	0.00200141567679395	NA_[3432_824.7_11.4]	NA	2,4,5-Tris(tridecoxycarbonyl)cyclohexane-1-carboxylate	[M + H3N + H]+	318	Fatty acids	Glycerolipids	Triacylglycerols	1	1	1
raw	superclass	Glycerolipids	NPC superclass: Glycerolipids	3302	PET	PS	1460414.66666667	1460414.66666667	16515743.2222222	16417336	17387776.6666667	17153740	15927362	15883596	16232091	16231577	0.00567577109542486	0.878143335708486	0.0206612128996833	NA_[3302_894.76_10.7]	NA	2,3-bis(octadeca-9,12-dienoyloxy)propyl octadeca-9,11,13-trienoate	[M + H3N + H]+	10	Fatty acids	Glycerolipids	Triacylglycerols	0.998	1	1
raw	superclass	Glycerolipids	NPC superclass: Glycerolipids	2417	PET	Untreated	1398629.26666667	1398629.26666667	1604919.93333333	1013873.6	2412502.86666667	2548193.8	1388383.33333333	1013873.6	1013873.6	1013873.6	0.00543564765963407	0.88357898336812	0.00200775659825764	NA_[2417_554.51_8]	NA	7-(9Z-hexadecenoyloxy)-octadecanoic acid	[M + H3N + H]+	-1	Fatty acids	Glycerolipids	Diacylglycerols	0.997	0.979	0.803
raw	superclass	Glycerolipids	NPC superclass: Glycerolipids	3378	PET	Untreated	1332227.16666667	1332227.16666667	9394434.5	9712490	10086970	10642364	9341590.66666667	9712490	8754742.83333333	8290247	0.00517758183185398	0.888756565199974	0.0117524478714022	NA_[3378_872.77_11.1]	NA	1,2-di-(9Z-heptadecenoyl)-3-(9Z,12Z-octadecadienoyl)-sn-glycerol	[M + H3N + H]+	10	Fatty acids	Glycerolipids	Triacylglycerols	0.999	1	1
raw	superclass	Glycerolipids	NPC superclass: Glycerolipids	3442	PS	PET	1313897.53333333	1313897.53333333	2787565.32222222	2472513.8	2235845.13333333	2367705.2	3549742.66666667	3373427.2	2577108.16666667	2326198.2	0.00510634534988922	0.893862910549863	0.00348724727790108	NA_[3442_952.83_11.4]	NA	(2-henicosanoyloxy-3-pentadecanoyloxypropyl) (4Z,7Z,10Z,13Z,16Z,19Z)-docosa-4,7,10,13,16,19-hexaenoate	[M + H3N + H]+	-1	Fatty acids	Glycerolipids	Triacylglycerols	1	1	1
raw	superclass	Glycerolipids	NPC superclass: Glycerolipids	1114	PS	Untreated	1234875.5	1234875.5	6382530.16666667	6455401.5	6601727	6342634	6890369.5	6628193.5	5655494	6455401.5	0.00479923327896026	0.898662143828823	0.00798455224435294	DG(18:2n6/0:0/18:2n6)_[1114_627.53_4.1]	DG(18:2n6/0:0/18:2n6)	1-Linoleoyl-3-linoleoyl-sn-glycerol	[M - H2O + H]+	426	Fatty acids	Glycerolipids	Diacylglycerols	1	0.999	0.995
raw	superclass	Glycerolipids	NPC superclass: Glycerolipids	1276	PS	PET	1177526.7	1177526.7	1691732.63333333	1013873.6	1254034.2	1013873.6	2431560.9	1246699.6	1389602.8	1013873.6	0.00457635229260298	0.903238496121426	0.00211635938124853	NA_[1276_618.51_4.6]	NA	1-(6Z,9Z,12Z-octadecatrienoyl)-2-(9Z,12Z-heptadecadienoyl)-sn-glycerol	[M + H3N + H]+	187	Fatty acids	Glycerolipids	Diacylglycerols	0.966	0.883	0.547
raw	superclass	Glycerolipids	NPC superclass: Glycerolipids	1823	PS	PET	1143888	1143888	5250625.22222222	5257535.5	4529788.66666667	4635268	5673676.66666667	4888960.5	5548410.33333333	5683444.5	0.00444561849109752	0.907684114612524	0.00656853791640529	DG(20:0/18:3(6Z,9Z,12Z)/0:0)_[1823_629.55_6.5]	DG(20:0/18:3(6Z,9Z,12Z)/0:0)	Diglyceride	[M - H2O + H]+	399	Fatty acids	Glycerolipids	Diacylglycerols	1	1	1
raw	superclass	Glycerolipids	NPC superclass: Glycerolipids	1767	Untreated	PET	1142782.73333333	1142782.73333333	3830459.14444444	3954673.5	3148632.43333333	3175411	4051329.83333333	3973298.2	4291415.16666667	4426112	0.00444132297096712	0.912125437583491	0.00479190859424471	NA_[1767_577.52_6.4]	NA	[3-hydroxy-2-[(Z)-tridec-9-enoyl]oxypropyl] henicosanoate	[M - H2O + H]+	19	Fatty acids	Glycerolipids	Diacylglycerols	0.999	0.999	0.998
raw	superclass	Glycerolipids	NPC superclass: Glycerolipids	3450	PS	PET	1085381.6	1085381.6	3187005.43333333	3039275.5	2719487.16666667	2852743	3804868.76666667	3764349.8	3036660.36666667	3039275.5	0.00421823859578648	0.916343676179278	0.00398694729535082	NA_[3450_910.82_11.6]	NA	1-Palmitoyl-2-docosahexaenoyl-3-Stearyl-glycerol	[M + H3N + H]+	-1	Fatty acids	Glycerolipids	Triacylglycerols	1	1	1
raw	superclass	Glycerolipids	NPC superclass: Glycerolipids	3486	PS	Untreated	1057244.96666667	1057244.96666667	3598001.33333333	3773034	3536951.56666667	3482479.5	4157148.7	4070979.8	3099903.73333333	3136929.2	0.00410888808470157	0.920452564263979	0.00450110361738489	NA_[3486_930.85_11.9]	NA	1-Vaccenoyl-2-vaccenoyl-3-eicosenoyl-glycerol	[M + H3N + H]+	10	Fatty acids	Glycerolipids	Triacylglycerols	0.999	1	1
raw	superclass	Glycerolipids	NPC superclass: Glycerolipids	3443	PS	PET	1026428.86666667	1026428.86666667	2436781.68888889	2262664.2	1970053.53333333	1985966.6	2996482.4	2891444.5	2343809.13333333	2145871.5	0.00398912406586099	0.92444168832984	0.00304841656755965	NA_[3443_862.79_11.5]	NA	1-heptadecanoyl-2,3-di-(9Z-heptadecenoyl)-sn-glycerol	[M + H3N + H]+	10	Fatty acids	Glycerolipids	Triacylglycerols	0.998	1	1
raw	superclass	Glycerolipids	NPC superclass: Glycerolipids	2913	Untreated	PS	980063.1	980063.1	1796234.06666667	1013873.6	1783914.16666667	1924673.1	1312362.46666667	1013873.6	2292425.56666667	1013873.6	0.00380892765708037	0.92825061598692	0.00224709078905566	NA_[2913_628.58_9.3]	NA	1-Pentadecanoyl-3-arachidonyl-sn-glycerol	[M + H3N + H]+	-1	Fatty acids	Glycerolipids	Diacylglycerols	1	1	0.997
raw	superclass	Glycerolipids	NPC superclass: Glycerolipids	3399	PS	Untreated	949191.333333333	949191.333333333	1751260.11111111	1013873.6	1534002.73333333	1013873.6	2334484.46666667	2366718	1385293.13333333	1013873.6	0.00368894729471432	0.931939563281635	0.00219082832128951	NA_[3399_796.74_11.3]	NA	1-Pentadecanoyl-2-pentadecanoyl-3-palmitoyl-glycerol	[M + H3N + H]+	10	Fatty acids	Glycerolipids	Triacylglycerols	1	1	1
raw	superclass	Glycerolipids	NPC superclass: Glycerolipids	645	PS	Untreated	906173.466666666	906173.466666666	4643058.12222222	4778562.5	4871122.16666667	4778562.5	4982112.83333333	4136122	4075939.36666667	4906830	0.00352176220010637	0.935461325481741	0.00580847080740273	2,3-dilinoleoyl-sn-glycerol_[645_639.49_2.5]	2,3-dilinoleoyl-sn-glycerol	1,2-Dilinoleoyl-Sn-Glycerol	[M + Na]+	131	Terpenoids	Glycerolipids	Diacylglycerols	0.55	0.814	0.457
raw	superclass	Glycerolipids	NPC superclass: Glycerolipids	3374	PS	PET	857157.966666667	857157.966666667	2793026.87777778	2579974	2254422.8	2130355.8	3111580.76666667	3107815	3013077.06666667	2579974	0.00333126783951303	0.938792593321254	0.00349407968989602	NA_[3374_820.74_11.1]	NA	[2-[(Z)-heptadec-9-enoyl]oxy-3-tetradecanoyloxypropyl] (Z)-heptadec-9-enoate	[M + H3N + H]+	10	Fatty acids	Glycerolipids	Triacylglycerols	1	1	1
raw	superclass	Glycerolipids	NPC superclass: Glycerolipids	3476	PS	PET	828791.2	828791.2	1640085.17777778	1542055.6	1305588.86666667	1403484.4	2134380.06666667	2139109.8	1480286.6	1542055.6	0.00322102293579345	0.942013616257048	0.00205174835765715	NA_[3476_890.82_11.7]	NA	2,3-bis[[(Z)-heptadec-9-enoyl]oxy]propyl nonadecanoate	[M + H3N + H]+	10	Fatty acids	Glycerolipids	Triacylglycerols	0.998	1	1
raw	superclass	Glycerolipids	NPC superclass: Glycerolipids	3427	PS	Untreated	773919.2	773919.2	2009305.24444444	1883775.9	1946122.8	1883775.9	2427856.06666667	2367546.8	1653936.86666667	1871324.1	0.00300776781130268	0.94502138406835	0.00251364306633553	NA_[3427_952.83_11.4]	NA	1-Vaccenoyl-2-meadoyl-3-eicosadienoyl-glycerol	[M + H3N + H]+	10	Fatty acids	Glycerolipids	Triacylglycerols	0.999	1	1
raw	superclass	Glycerolipids	NPC superclass: Glycerolipids	1461	PS	PET	733656.766666667	733656.766666667	1449285.5	1013873.6	1113538.53333333	1013873.6	1847195.3	1807662.8	1387122.66666667	1013873.6	0.00285129146211181	0.947872675530462	0.00181305775132383	NA_[1461_586.47_5.5]	NA	5-methyl-3-{2,8,13-trihydroxy-13-[5-(1-hydroxyundecyl)oxolan-2-yl]tridecyl}-2,5-dihydrofuran-2-one	[M + H3N + H]+	24	Fatty acids	Glycerolipids	Diacylglycerols	0.773	0.924	0.369
raw	superclass	Glycerolipids	NPC superclass: Glycerolipids	3481	PS	PET	730186.733333333	730186.733333333	1331964.26666667	1288182.6	1013873.6	1013873.6	1744060.33333333	1762054	1237958.86666667	1288182.6	0.0028378054876533	0.950710481018116	0.00166628875964491	NA_[3481_912.84_11.8]	NA	1-Stearoyl-2-eicosapentaenoyl-3-Stearyl-glycerol	[M + H3N + H]+	-1	Fatty acids	Glycerolipids	Triacylglycerols	1	1	1
raw	superclass	Glycerolipids	NPC superclass: Glycerolipids	3431	PET	Untreated	726784	726784	6674350.05555556	6578863.5	6984410.16666667	7095694.5	6781013.83333333	6578863.5	6257626.16666667	6329522	0.00282458106863069	0.953535062086746	0.00834961924567218	TG(18:2(9Z,12Z)/20:1(11Z)/18:2(9Z,12Z))_[3431_926.82_11.4]	TG(18:2(9Z,12Z)/20:1(11Z)/18:2(9Z,12Z))	NA	[M + H3N + H]+	10	Fatty acids	Glycerolipids	Triacylglycerols	1	1	1
raw	superclass	Glycerolipids	NPC superclass: Glycerolipids	3475	PS	Untreated	693635.866666667	693635.866666667	1717601.37777778	1673688.9	1512243.26666667	1526785.1	2167098.36666667	2085909.5	1473462.5	1673688.9	0.00269575381063687	0.956230815897383	0.00214872120894364	NA_[3475_936.84_11.7]	NA	1-Eicsoatetraenoyl-2-meadoyl-3-Stearyl-glycerol	[M + H3N + H]+	-1	Fatty acids	Glycerolipids	Triacylglycerols	1	1	1
raw	superclass	Glycerolipids	NPC superclass: Glycerolipids	3435	PS	PET	683579.566666667	683579.566666667	1533311.11111111	1507362.8	1214178.33333333	1013873.6	1897757.9	1756296.2	1487997.1	1507362.8	0.00265667089934483	0.958887486796728	0.00191817388305545	NA_[3435_836.77_11.4]	NA	NA	[M + H3N + H]+	10	Fatty acids	Glycerolipids	Triacylglycerols	0.999	1	1
raw	superclass	Glycerolipids	NPC superclass: Glycerolipids	614	PET	PS	676300.166666666	676300.166666666	7731941.72222222	7824055	8049404.83333333	7916278	7373104.66666667	6431491.5	7773315.66666667	7824055	0.00262838016175156	0.961515866958479	0.00967266758154906	1-oleoyl-3-linoleoylglycerol_[614_641.51_2.3]	1-oleoyl-3-linoleoylglycerol	2-hydroxy-3-(octadec-9-enoyloxy)propyl octadeca-9,12-dienoate	[M + Na]+	131	Fatty acids	Glycerolipids	Diacylglycerols	0.995	0.996	0.969
raw	superclass	Glycerolipids	NPC superclass: Glycerolipids	3393	PS	PET	667201.633333333	667201.633333333	2405502.25555556	2413166.2	2014994.36666667	1916420.8	2682196	2539311	2519316.4	2375543.5	0.00259301952502092	0.9641088864835	0.00300928596212544	TG(18:1(11Z)/18:2(9Z,12Z)/18:2(9Z,12Z))_[3393_898.79_11.2]	TG(18:1(11Z)/18:2(9Z,12Z)/18:2(9Z,12Z))	NA	[M + H3N + H]+	10	Fatty acids	Glycerolipids	Triacylglycerols	1	1	1
raw	superclass	Glycerolipids	NPC superclass: Glycerolipids	3034	PET	PS	666454.8	666454.8	1236025.2	1013873.6	1680328.4	1013873.6	1013873.6	1013873.6	1013873.6	1013873.6	0.00259011702400995	0.96669900350751	0.00154626888193637	NA_[3034_1014.06_9.6]	NA	18-Oxononahexacontanoic acid	[M + H]+	6	Fatty acids	Glycerolipids	Triacylglycerols	1	1	0.991
raw	superclass	Glycerolipids	NPC superclass: Glycerolipids	1019	PS	PET	654556.3	654556.3	1232059.03333333	1013873.6	1013873.6	1013873.6	1668429.9	1013873.6	1013873.6	1013873.6	0.00254387456704186	0.969242878074552	0.00154130720308286	DG(13:0/20:5(5Z,8Z,11Z,14Z,17Z)/0:0)[iso2]_[1019_590.48_3.8]	DG(13:0/20:5(5Z,8Z,11Z,14Z,17Z)/0:0)[iso2]	(1-hydroxy-3-tridecanoyloxypropan-2-yl) (5Z,8Z,11Z,14Z,17Z)-icosa-5,8,11,14,17-pentaenoate	[M + H3N + H]+	102	Fatty acids	Glycerolipids	Diacylglycerols	0.837	0.819	0.706
raw	superclass	Glycerolipids	NPC superclass: Glycerolipids	1838	PS	PET	612293.233333333	612293.233333333	3093533.48888889	2913417.8	2701330.53333333	2832412.8	3313623.76666667	2913417.8	3265646.16666667	3248254	0.00237962293518295	0.971622501009735	0.00387001379025033	NA_[1838_605.55_6.6]	NA	NA	[M - H2O + H]+	19	Fatty acids	Glycerolipids	Diacylglycerols	1	1	0.999
raw	superclass	Glycerolipids	NPC superclass: Glycerolipids	1614	PET	PS	600170.5	600170.5	1630305.35555556	1452797.6	2021105.76666667	2135289.2	1420935.26666667	1368050.2	1448875.03333333	1237371.6	0.00233250901540294	0.973955010025138	0.00203951378932222	NA_[1614_528.5_6.1]	NA	9-Myristoyloxystearic acid	[M + H3N + H]+	318	Fatty acids	Glycerolipids	Diacylglycerols	1	0.999	0.938
raw	superclass	Glycerolipids	NPC superclass: Glycerolipids	3446	PS	PET	593245.633333333	593245.633333333	1642017.03333333	1013873.6	1279600.53333333	1013873.6	1872846.16666667	1619968.1	1773604.4	1013873.6	0.00230559613992762	0.976260606165066	0.00205416511107767	tripalmitin_[3446_824.77_11.5]	tripalmitin	1,3-bis(hexadecanoyloxy)propan-2-yl hexadecanoate	[M + H3N + H]+	10	Fatty acids	Glycerolipids	Triacylglycerols	1	1	1
raw	superclass	Glycerolipids	NPC superclass: Glycerolipids	1855	Untreated	PS	579349.6	579349.6	4511011.46666667	4429621.5	4575491.33333333	4514039	4189096.73333333	4232361	4768446.33333333	4960919	0.00225159044816446	0.97851219661323	0.00564328029636029	NA_[1855_516.5_6.6]	NA	2,3-dihydroxypropyl octacosanoate	[M + H3N + H]+	-1	Fatty acids	Glycerolipids	Monoacylglycerols	0.996	0.991	0.855
raw	superclass	Glycerolipids	NPC superclass: Glycerolipids	3459	PS	Untreated	571712.833333334	571712.833333334	4910230.16666667	4974859	5086197	4916005	5108103.16666667	5174398.5	4536390.33333333	4333247.5	0.00222191083695644	0.980734107450187	0.006142703328267	NA_[3459_928.83_11.6]	NA	[3-[(9Z,12Z)-heptadeca-9,12-dienoyl]oxy-2-[(9Z,12Z)-octadeca-9,12-dienoyl]oxypropyl] henicosanoate	[M + H3N + H]+	10	Fatty acids	Glycerolipids	Triacylglycerols	1	1	1
raw	superclass	Glycerolipids	NPC superclass: Glycerolipids	3337	PET	PS	536654	536654	5318976.94444444	5394486	5621956.33333333	5475551.5	5085302.33333333	4926002	5249672.16666667	5162804	0.0020856578141579	0.982819765264344	0.0066540459959323	TG(16:1(9Z)/18:2(9Z,12Z)/18:2(9Z,12Z))[iso3]_[3337_870.76_10.9]	TG(16:1(9Z)/18:2(9Z,12Z)/18:2(9Z,12Z))[iso3]	Triglyceride	[M + H3N + H]+	10	Fatty acids	Glycerolipids	Triacylglycerols	0.995	0.999	0.999
raw	superclass	Glycerolipids	NPC superclass: Glycerolipids	1616	Untreated	PET	519876.666666667	519876.666666667	3889938.83333333	3740032.5	3618139.66666667	3707609	3913660.5	3647789.5	4138016.33333333	4240695	0.00202045420742544	0.98484021947177	0.00486631775033323	1,2-dioleoylglycerol_[1616_603.54_6.1]	1,2-dioleoylglycerol	1,2-Dioleoyl-Sn-Glycerol	[M - H2O + H]+	19	Fatty acids	Glycerolipids	Diacylglycerols	0.999	0.999	0.998
raw	superclass	Glycerolipids	NPC superclass: Glycerolipids	2680	PET	Untreated	459402.833333333	459402.833333333	3462282.34444444	1013873.6	3712556.4	1013873.6	3421137.06666667	1013873.6	3253153.56666667	1013873.6	0.00178542805827953	0.986625647530049	0.00433131901331148	NA_[2680_560.56_8.8]	NA	1-(1,2,2-Trioctoxyethoxy)octane	[M + H3N + H]+	79	Fatty acids	Glycerolipids	Diacylglycerols	1	1	0.981
raw	superclass	Glycerolipids	NPC superclass: Glycerolipids	612	PS	Untreated	456863.1	456863.1	4132751.4	4363033.5	4120065.1	3885505.5	4367526.1	4363033.5	3910663	4559668.5	0.00177555761163692	0.988401205141686	0.00517007653775906	2,3-dilinoleoyl-sn-glycerol_[612_639.49_2.4]	2,3-dilinoleoyl-sn-glycerol	1,2-Dilinoleoyl-Sn-Glycerol	[M + Na]+	131	Fatty acids	Glycerolipids	Diacylglycerols	0.938	0.976	0.84
raw	superclass	Glycerolipids	NPC superclass: Glycerolipids	1160	PS	PET	452936.333333333	452936.333333333	1207638.64444444	1013873.6	1013873.6	1013873.6	1466809.93333333	1588508	1142232.4	1013873.6	0.00176029658389333	0.99016150172558	0.00151075726977756	NA_[1160_556.53_4.2]	NA	7-Octadecanoyloxy-hexadecanoic acid	[M + H3N + H]+	224	Fatty acids	Glycerolipids	Diacylglycerols	1	0.984	0.649
raw	superclass	Glycerolipids	NPC superclass: Glycerolipids	3460	PET	Untreated	440051.866666667	440051.866666667	2147228.48888889	2168576	2364198.4	2251380	2153340.53333333	2168576	1924146.53333333	1791358.4	0.00171022225558386	0.991871723981164	0.00268618519652846	NA_[3460_954.85_11.6]	NA	1-Eicosadienoyl-2-vaccenoyl-3-eicosadienoyl-glycerol	[M + H3N + H]+	10	Fatty acids	Glycerolipids	Triacylglycerols	1	1	1
raw	superclass	Glycerolipids	NPC superclass: Glycerolipids	1257	PET	Untreated	394529.1	394529.1	1589940.72222222	1816809.9	1766767.5	1816809.9	1630816.26666667	1924254.2	1372238.4	1013873.6	0.0015333020909705	0.993405026072134	0.00198901758871555	NA_[1257_544.48_4.6]	NA	2-[2-(3-Triheptylsilylpropoxy)ethoxy]ethyl prop-2-enoate	[M + H3N + H]+	120	Fatty acids	Glycerolipids	Monoacylglycerols	0.999	0.914	0.72
raw	superclass	Glycerolipids	NPC superclass: Glycerolipids	3384	PET	Untreated	344078	344078	7346582.5	7462991.5	7493549.33333333	7502490.5	7396726.83333333	7462991.5	7149471.33333333	6504160	0.00133722839926623	0.9947422544714	0.00919058277155536	NA_[3384_924.8_11.1]	NA	[2-[(9Z,12Z)-nonadeca-9,12-dienoyl]oxy-3-[(9Z,12Z)-octadeca-9,12-dienoyl]oxypropyl] (9Z,12Z)-nonadeca-9,12-dienoate	[M + H3N + H]+	10	Fatty acids	Glycerolipids	Triacylglycerols	0.999	1	1
raw	superclass	Glycerolipids	NPC superclass: Glycerolipids	3350	PET	PS	321142	321142	9942590.44444444	9933158	10123278.6666667	10054954	9802136.66666667	9893276	9902356	9933158	0.00124808968488876	0.995990344156289	0.0124381915595914	NA_[3350_922.79_10.9]	NA	2,3-bis(octadeca-9,12-dienoyloxy)propyl icosa-8,11,14-trienoate	[M + H3N + H]+	10	Fatty acids	Glycerolipids	Triacylglycerols	0.995	0.999	0.999
raw	superclass	Glycerolipids	NPC superclass: Glycerolipids	1263	PS	PET	285435.733333333	285435.733333333	1109018.84444444	1013873.6	1013873.6	1013873.6	1299309.33333333	1013873.6	1013873.6	1013873.6	0.00110932047029661	0.997099664626586	0.00138738379172647	NA_[1263_657.58_4.6]	NA	1-hydroxy-3-(octadeca-9,12-dienoyloxy)propan-2-yl docos-13-enoate	[M - H2O + H]+	-1	Fatty acids	Glycerolipids	Diacylglycerols	1	1	0.993
raw	superclass	Glycerolipids	NPC superclass: Glycerolipids	3370	PS	PET	283749.666666667	283749.666666667	2116476.72222222	1779507.1	1993581.16666667	1779507.1	2277330.83333333	2200620.2	2078518.16666667	1749752.9	0.00110276772286805	0.998202432349454	0.00264771470267346	NA_[3370_794.72_11.1]	NA	[3-tridecanoyloxy-2-[(Z)-tridec-8-enoyl]oxypropyl] icosanoate	[M + H3N + H]+	-1	Fatty acids	Glycerolipids	Triacylglycerols	1	1	1
raw	superclass	Glycerolipids	NPC superclass: Glycerolipids	3377	PS	PET	278539	278539	2265000.98888889	2107126.5	2114104.36666667	1904253.4	2392643.36666667	2362772.8	2288255.23333333	1987928	0.00108251693250721	0.999284949281961	0.00283351872330272	NA_[3377_846.76_11.1]	NA	[2-[(Z)-heptadec-9-enoyl]oxy-3-[(Z)-hexadec-9-enoyl]oxypropyl] (Z)-heptadec-9-enoate	[M + H3N + H]+	10	Fatty acids	Glycerolipids	Triacylglycerols	1	1	1
raw	superclass	Glycerolipids	NPC superclass: Glycerolipids	2523	PS	PET	183987.433333333	183987.433333333	3403439.97777778	3438528	3320411.5	3438528	3504398.93333333	3417477.8	3385509.5	3486988.5	0.000715050718039037	1	0.00425770714802253	1-palmitoyl-2-[(4Z,7Z,10Z,13Z,16Z,19Z)-docosahexaenoyl]-sn-glycerol_[2523_658.54_8.4]	1-palmitoyl-2-[(4Z,7Z,10Z,13Z,16Z,19Z)-docosahexaenoyl]-sn-glycerol	1-(hexadecanoyloxy)-3-hydroxypropan-2-yl docosa-4,7,10,13,16,19-hexaenoate	[M + H3N + H]+	-1	Fatty acids	Glycerolipids	Diacylglycerols	1	1	0.999
raw	superclass	Glycerolipids	NPC superclass: Glycerolipids	1384	PET	PET	0	0	1013873.6	1013873.6	1013873.6	1013873.6	1013873.6	1013873.6	1013873.6	1013873.6	0	1	0.00126835698648927	NA_[1384_464.43_5.2]	NA	3,6,9,12-Tetraoxatriacontan-1-ol	[M + H3N + H]+	133	Fatty acids	Glycerolipids	Fatty alcohols	0.991	0.72	0.351
raw	superclass	Glycerolipids	NPC superclass: Glycerolipids	1656	PET	PET	0	0	1013873.6	1013873.6	1013873.6	1013873.6	1013873.6	1013873.6	1013873.6	1013873.6	0	1	0.00126835698648927	NA_[1656_597.56_6.2]	NA	Dotriacontanoic acid 3-(4-hydroxyphenyl)propyl ester	[M - H2O + H]+	102	Fatty acids	Glycerolipids	Diacylglycerols	0.991	0.908	0.851
raw	superclass	Glycerolipids	NPC superclass: Glycerolipids	1725	PET	PET	0	0	1013873.6	1013873.6	1013873.6	1013873.6	1013873.6	1013873.6	1013873.6	1013873.6	0	1	0.00126835698648927	1-O-oleoyl-N-acetylsphingosine_[1725_623.58_6.3]	1-O-oleoyl-N-acetylsphingosine	1-O-Oleoyl-N-acetylsphingosine	[M + H3N + H]+	102	Fatty acids	Glycerolipids	Diacylglycerols	1	0.954	0.47
raw	superclass	Glycerolipids	NPC superclass: Glycerolipids	2554	PET	PET	0	0	1013873.6	1013873.6	1013873.6	1013873.6	1013873.6	1013873.6	1013873.6	1013873.6	0	1	0.00126835698648927	NA_[2554_752.66_8.5]	NA	2-[2-[2-[2-[2-[2-(2-Hydroxyethoxy)ethoxy]ethoxy]ethoxy]ethoxy]ethoxy]-3-(3-tetradecoxypropyl)tridecan-1-ol	[M + H3N + H]+	52	Fatty acids	Glycerolipids	Fatty alcohols	0.996	0.946	0.57
raw	superclass	Glycerolipids	NPC superclass: Glycerolipids	3311	PET	PET	0	0	1013873.6	1013873.6	1013873.6	1013873.6	1013873.6	1013873.6	1013873.6	1013873.6	0	1	0.00126835698648927	trimyristin_[3311_740.68_10.7]	trimyristin	1,3-bis(tetradecanoyloxy)propan-2-yl tetradecanoate	[M + H3N + H]+	-1	Fatty acids	Glycerolipids	Triacylglycerols	1	1	1
raw	superclass	Glycerolipids	NPC superclass: Glycerolipids	3368	PET	PET	0	0	1013873.6	1013873.6	1013873.6	1013873.6	1013873.6	1013873.6	1013873.6	1013873.6	0	1	0.00126835698648927	TG(15:0/14:0/15:0)_[3368_768.71_11]	TG(15:0/14:0/15:0)	1-Pentadecanoyl-2-myristoyl-3-pentadecanoyl-glycerol	[M + H3N + H]+	10	Fatty acids	Glycerolipids	Triacylglycerols	1	1	1
raw	superclass	Glycerolipids	NPC superclass: Glycerolipids	3433	PET	PET	0	0	1013873.6	1013873.6	1013873.6	1013873.6	1013873.6	1013873.6	1013873.6	1013873.6	0	1	0.00126835698648927	NA_[3433_810.76_11.4]	NA	[(2S)-2-heptadecanoyloxy-3-tridecanoyloxypropyl] heptadecanoate	[M + H3N + H]+	10	Fatty acids	Glycerolipids	Triacylglycerols	1	1	1
raw	superclass	Glycerophospholipids	NPC superclass: Glycerophospholipids	2090	Untreated	PS	1327820317.6	1327820317.6	997344466.044444	1608499700	590528115.733333	1013873.6	536842482.4	1013873.6	1864662800	1815621100	0.583982351955217	0.583982351955217	0.103254426671063	PC(22:1(11Z)/12:0)_[2090_760.59_7.1]	PC(22:1(11Z)/12:0)	1-(11Z-docosenoyl)-2-dodecanoyl-glycero-3-phosphocholine	[M + H]+	-1	Fatty acids	Glycerophospholipids	Glycerophosphoethanolamines	1	1	0.975
raw	superclass	Glycerophospholipids	NPC superclass: Glycerophospholipids	1753	Untreated	PS	77851760	77851760	420341164.444444	407930700	413185986.666667	407930700	384992873.333333	377374720	462844633.333333	457200830	0.0342396130756819	0.618221965030899	0.0435176485343069	NA_[1753_732.55_6.4]	NA	[O-[1-O,2-O-(1,32-Dioxodotriacontane-1,32-diyl)-L-glycero-3-phospho]choline]anion	[M + H]+	5	Fatty acids	Glycerophospholipids	Glycerophosphocholines	0.999	1	0.998
raw	superclass	Glycerophospholipids	NPC superclass: Glycerophospholipids	1799	Untreated	PS	68927343.3333334	68927343.3333334	369001437.777778	383819260	350948683.333333	337191650	343564143.333333	331402270	412491486.666667	398802300	0.0303146077374233	0.648536572768322	0.0382024798810529	PC(15:0/17:1(9Z))_[1799_732.55_6.4]	PC(15:0/17:1(9Z))	[2-[(Z)-heptadec-9-enoyl]oxy-3-pentadecanoyloxypropyl] 2-(trimethylazaniumyl)ethyl phosphate	[M + H]+	5	Fatty acids	Glycerophospholipids	Glycerophosphoethanolamines	1	1	0.907
raw	superclass	Glycerophospholipids	NPC superclass: Glycerophospholipids	1989	PET	Untreated	52653263.3333333	52653263.3333333	508112048.888889	497380480	532285953.333333	528615260	512417503.333333	497380480	479632690	475231840	0.0231571818505493	0.671693754618871	0.0526045113588101	1,2-di-O-palmitoyl-sn-glycero-3-phosphocholine_[1989_734.57_6.9]	1,2-di-O-palmitoyl-sn-glycero-3-phosphocholine	2-[[(2R)-2-(8,9-ditritiohexadecanoyloxy)-3-hexadecanoyloxypropoxy]-hydroxyphosphoryl]oxyethyl-trimethylazanium	[M + H]+	5	Fatty acids	Glycerophospholipids	Glycerophosphocholines	0.999	1	0.998
raw	superclass	Glycerophospholipids	NPC superclass: Glycerophospholipids	1668	PET	PS	51090000	51090000	377125348.888889	370174080	407286840	412803140	356196840	370174080	367892366.666667	365460260	0.0224696504232735	0.694163405042145	0.0390435431371928	1,2-di-O-pentadecanoyl-sn-glycero-3-phosphocholine_[1668_706.54_6.2]	1,2-di-O-pentadecanoyl-sn-glycero-3-phosphocholine	1,2-Dipentadecanoyl-sn-glycero-3-phosphocholine	[M + H]+	5	Fatty acids	Glycerophospholipids	Glycerophosphocholines	0.999	1	0.997
raw	superclass	Glycerophospholipids	NPC superclass: Glycerophospholipids	2063	Untreated	PET	44391033.3333333	44391033.3333333	1813001200	1777480000	1793237500	1759949700	1808137566.66667	1777480000	1837628533.33333	1811157400	0.0195234096873729	0.713686814729518	0.187698840103262	PC(12:0/22:1(11Z))_[2063_760.59_7.1]	PC(12:0/22:1(11Z))	1-dodecanoyl-2-(11Z-docosenoyl)-glycero-3-phosphocholine	[M + H]+	5	Fatty acids	Glycerophospholipids	Glycerophosphocholines	1	1	0.999
raw	superclass	Glycerophospholipids	NPC superclass: Glycerophospholipids	1847	Untreated	PS	40117983.3333333	40117983.3333333	292142496.666667	282283940	303965013.333333	293463040	266172246.666667	264604430	306290230	302236830	0.0176440998470682	0.731330914576586	0.0302453234830757	PC(17:1(9Z)/17:1(9Z))_[1847_758.57_6.6]	PC(17:1(9Z)/17:1(9Z))	2,3-bis[[(Z)-heptadec-9-enoyl]oxy]propyl 2-(trimethylazaniumyl)ethyl phosphate	[M + H]+	-1	Fatty acids	Glycerophospholipids	Glycerophosphocholines	1	1	0.998
raw	superclass	Glycerophospholipids	NPC superclass: Glycerophospholipids	2140	Untreated	PS	37408980	37408980	692332788.888889	709987200	701915853.333333	721737700	668836766.666667	676066400	706245746.666667	709987200	0.0164526659481548	0.747783580524741	0.0716767652662893	NA_[2140_786.6_7.3]	NA	2,3-bis[[(E)-octadec-4-enoyl]oxy]propyl 2-(trimethylazaniumyl)ethyl phosphate	[M + H]+	-1	Fatty acids	Glycerophospholipids	Glycerophosphocholines	1	1	0.999
raw	superclass	Glycerophospholipids	NPC superclass: Glycerophospholipids	2079	Untreated	PET	36821786.6666667	36821786.6666667	280041392.222222	272699000	264970540	260379740	273361310	272699000	301792326.666667	315991500	0.0161944152350823	0.763977995759823	0.0289925039768389	PE(20:0/18:4(6Z,9Z,12Z,15Z))_[2079_768.55_7.2]	PE(20:0/18:4(6Z,9Z,12Z,15Z))	(2-aminoethoxy)[3-(icosanoyloxy)-2-(octadeca-6,9,12,15-tetraenoyloxy)propoxy]phosphinic acid	[M + H]+	10	Fatty acids	Glycerophospholipids	Glycerophosphoethanolamines	0.999	1	0.998
raw	superclass	Glycerophospholipids	NPC superclass: Glycerophospholipids	1819	Untreated	PS	36703293.3333333	36703293.3333333	160588607.777778	154422320	153799776.666667	146482450	145631376.666667	151565060	182334670	190671600	0.0161423012445266	0.78012029700435	0.0166256345631137	NA_[1819_782.57_6.5]	NA	1,2-di-(9Z,11Z-octadecadienoyl)-sn-glycero-3-phosphocholine	[M + H]+	-1	Fatty acids	Glycerophospholipids	Glycerophosphocholines	1	1	0.999
raw	superclass	Glycerophospholipids	NPC superclass: Glycerophospholipids	1992	Untreated	PS	31504696	31504696	115216244.666667	109519810	104806703.333333	107043730	104668667.333333	107153656	136173363.333333	140735120	0.0138559308242612	0.793976227828611	0.0119282631941926	PC(P-16:0/20:3(5Z,8Z,11Z))_[1992_768.59_6.9]	PC(P-16:0/20:3(5Z,8Z,11Z))	NA	[M + H]+	10	Fatty acids	Glycerophospholipids	Glycerophosphocholines	0.997	0.999	0.989
raw	superclass	Glycerophospholipids	NPC superclass: Glycerophospholipids	1917	Untreated	PET	23300106.6666667	23300106.6666667	131070397.777778	133758690	121874180	114504590	126162726.666667	122942250	145174286.666667	147219970	0.0102475093291248	0.804223737157736	0.0135696333983464	NA_[1917_746.57_6.8]	NA	16:0-17:0 cyclo PC, 1-palmitoyl-2-cis-9,10-methylenehexadecanoyl-sn-glycero-3-phosphocholine, powder	[M + H]+	-1	Fatty acids	Glycerophospholipids	Glycerophosphocholines	1	1	0.999
raw	superclass	Glycerophospholipids	NPC superclass: Glycerophospholipids	2244	Untreated	PET	23000780	23000780	206507083.333333	202132560	197310976.666667	196516930	201898516.666667	202132560	220311756.666667	222142050	0.0101158638884835	0.814339601046219	0.0213795445997357	NA_[2244_746.61_7.6]	NA	[(2S)-3-[(E)-icos-1-enoxy]-2-tetradecanoyloxypropyl] 2-(trimethylazaniumyl)ethyl phosphate	[M + H]+	5	Fatty acids	Glycerophospholipids	Glycerophosphocholines	0.998	1	0.991
raw	superclass	Glycerophospholipids	NPC superclass: Glycerophospholipids	1900	Untreated	PS	17839595.3333333	17839595.3333333	89748130.8888889	86041270	88628945.3333333	81350100	81387926	84312344	99227521.3333333	104501944	0.00784594775558156	0.822185548801801	0.00929156586839555	NA_[1900_808.59_6.7]	NA	[3-docosanoyloxy-2-[(5E,7E,9E,11E,13E)-hexadeca-5,7,9,11,13-pentaenoyl]oxypropyl] 2-(trimethylazaniumyl)ethyl phosphate	[M + H]+	5	Fatty acids	Glycerophospholipids	Glycerophosphocholines	1	1	0.999
raw	superclass	Glycerophospholipids	NPC superclass: Glycerophospholipids	2259	PET	Untreated	15948115.9666667	15948115.9666667	20720198.4555556	24578084	26271096	24578084	25566519.3333333	25735838	10322980.0333333	6034132.5	0.00701406519242175	0.829199613994223	0.00214514872732416	NA_[2259_812.62_7.6]	NA	[3-[2-aminoethoxy(hydroxy)phosphoryl]oxy-2-[(9E,11E,13E)-hexadeca-9,11,13-trienoyl]oxypropyl] pentacosanoate	[M + H]+	5	Fatty acids	Glycerophospholipids	Glycerophosphoethanolamines	1	1	0.982
raw	superclass	Glycerophospholipids	NPC superclass: Glycerophospholipids	1977	Untreated	PET	14954852	14954852	107872939.555556	107272720	101478290	104517630	105707386.666667	103686930	116433142	111245850	0.00657722248134259	0.835776836475565	0.0111680155716979	1-(1Z-hexadecenyl)-2-hexadecanoyl-sn-glycero-3-phosphocholine_[1977_718.58_6.9]	1-(1Z-hexadecenyl)-2-hexadecanoyl-sn-glycero-3-phosphocholine	2-[[(2R)-2-hexadecanoyloxy-3-hexadec-1-enoxypropoxy]-hydroxyphosphoryl]oxyethyl-trimethylazanium	[M + H]+	-1	Fatty acids	Glycerophospholipids	Glycerophosphocholines	0.997	0.999	0.981
raw	superclass	Glycerophospholipids	NPC superclass: Glycerophospholipids	1932	Untreated	PS	14880693.3333333	14880693.3333333	118916387.777778	118079740	115926876.666667	109519960	112970796.666667	117401070	127851490	128182200	0.00654460711011816	0.842321443585683	0.0123113366142055	NA_[1932_784.59_6.8]	NA	(2-Octadeca-4,7-dienoyloxy-3-octadec-4-enoyloxypropyl) 2-(trimethylazaniumyl)ethyl phosphate	[M + H]+	5	Fatty acids	Glycerophospholipids	Glycerophosphocholines	1	1	0.998
raw	superclass	Glycerophospholipids	NPC superclass: Glycerophospholipids	2169	PET	PS	13571705.3333333	13571705.3333333	137615562.666667	134861250	144029866.666667	141655070	130458161.333333	129206904	138358660	137394000	0.0059689073103871	0.848290350896071	0.0142472500805245	NA_[2169_720.59_7.4]	NA	(2-Butanoyloxy-3-octacosoxypropyl) 2-(trimethylazaniumyl)ethyl phosphate	[M + H]+	-1	Fatty acids	Glycerophospholipids	Glycerophosphocholines	1	1	0.995
raw	superclass	Glycerophospholipids	NPC superclass: Glycerophospholipids	2145	PS	Untreated	12228635.3333333	12228635.3333333	92872893.7777778	93911940	93445050	89126104	98701133.3333333	95034930	86472498	86590430	0.0053782180679916	0.853668568964062	0.00961507054662861	1-(1Z-hexadecenyl)-2-hexadecanoyl-sn-glycero-3-phosphocholine_[2145_718.58_7.3]	1-(1Z-hexadecenyl)-2-hexadecanoyl-sn-glycero-3-phosphocholine	2-[[(2R)-2-hexadecanoyloxy-3-hexadec-1-enoxypropoxy]-hydroxyphosphoryl]oxyethyl-trimethylazanium	[M + H]+	5	Fatty acids	Glycerophospholipids	Glycerophosphocholines	0.999	1	0.995
raw	superclass	Glycerophospholipids	NPC superclass: Glycerophospholipids	1916	Untreated	PS	12131419.3333333	12131419.3333333	48217175.5555556	47995716	44502808.6666667	43899100	44008649.3333333	45528216	56140068.6666667	56630540	0.00533546196042556	0.859004030924488	0.00499189295894185	1-hexadecyl-2-[(4Z,7Z,10Z,13Z,16Z,19Z)-docosahexaenoyl]-sn-glycero-3-phosphocholine_[1916_792.59_6.8]	1-hexadecyl-2-[(4Z,7Z,10Z,13Z,16Z,19Z)-docosahexaenoyl]-sn-glycero-3-phosphocholine	(2-Docosa-4,7,10,13,16,19-hexaenoyloxy-3-hexadecoxypropyl) 2-(trimethylazaniumyl)ethyl phosphate	[M + H]+	5	Fatty acids	Glycerophospholipids	Glycerophosphocholines	0.999	1	0.993
raw	superclass	Glycerophospholipids	NPC superclass: Glycerophospholipids	2341	PS	PET	9966291.33333331	9966291.33333331	162221330.666667	163672940	158183625.333333	144019340	168149916.666667	163672940	160330450	174127870	0.00438322729059503	0.863387258215083	0.0167946693064191	NA_[2341_788.62_7.9]	NA	1-octadecanoyl-2-(16Z-octadecenoyl)-sn-glycero-3-phosphocholine	[M + H]+	5	Fatty acids	Glycerophospholipids	Glycerophosphocholines	1	1	0.999
raw	superclass	Glycerophospholipids	NPC superclass: Glycerophospholipids	2215	Untreated	PET	9750424	9750424	100092773.111111	103439430	93617602.6666667	90689304	103292690	103439430	103368026.666667	111810470	0.00428828770324323	0.867675545918326	0.0103625399782827	NA_[2215_744.59_7.5]	NA	(3-Hexadec-1-enoxy-2-octadec-4-enoyloxypropyl) 2-(trimethylazaniumyl)ethyl phosphate	[M + H]+	5	Fatty acids	Glycerophospholipids	Glycerophosphocholines	0.999	1	0.993
raw	superclass	Glycerophospholipids	NPC superclass: Glycerophospholipids	2045	Untreated	PS	8519362	8519362	56894999.3333333	55789200	54830773.3333333	53128844	53667431.3333333	54285370	62186793.3333333	57538470	0.0037468601677299	0.871422406086056	0.00589030243473778	PC(P-18:1(9Z)/20:3(5Z,8Z,11Z))_[2045_794.6_7.1]	PC(P-18:1(9Z)/20:3(5Z,8Z,11Z))	NA	[M + H]+	5	Fatty acids	Glycerophospholipids	Glycerophosphocholines	0.999	1	0.994
raw	superclass	Glycerophospholipids	NPC superclass: Glycerophospholipids	2286	PS	PET	8455764.66666667	8455764.66666667	50728582.2222222	52736224	46900458.6666667	45994972	55356223.3333333	54795050	49929064.6666667	50810336	0.00371888972639397	0.87514129581245	0.00525189726470896	NA_[2286_746.57_7.7]	NA	16:0-17:0 cyclo PC, 1-palmitoyl-2-cis-9,10-methylenehexadecanoyl-sn-glycero-3-phosphocholine, powder	[M + H]+	10	Fatty acids	Glycerophospholipids	Glycerophosphocholines	0.995	0.999	0.978
raw	superclass	Glycerophospholipids	NPC superclass: Glycerophospholipids	2033	Untreated	PS	8368016.66666666	8368016.66666666	50503310.2222222	51413896	48408054	49167876	47366930	46442524	55734946.6666667	53267244	0.00368029769497214	0.878821593507422	0.00522857500043923	1-[(1Z)-hexadecenyl]-2-[(9Z)-octadecenoyl]-sn-glycero-3-phosphocholine_[2033_744.59_7]	1-[(1Z)-hexadecenyl]-2-[(9Z)-octadecenoyl]-sn-glycero-3-phosphocholine	[3-[(E)-hexadec-1-enoxy]-2-[(E)-octadec-9-enoyl]oxypropyl] 2-(trimethylazaniumyl)ethyl phosphate	[M + H]+	5	Fatty acids	Glycerophospholipids	Glycerophosphocholines	0.998	0.999	0.97
raw	superclass	Glycerophospholipids	NPC superclass: Glycerophospholipids	1781	Untreated	PET	8068068.66666667	8068068.66666667	24808777.5555556	23620124	22002645.3333333	21288260	22352973.3333333	23424104	30070714	32180746	0.00354837898866641	0.882369972496088	0.00256843667370855	NA_[1781_766.57_6.4]	NA	[2-[(3Z,6Z,9Z,12Z,15Z)-octadeca-3,6,9,12,15-pentaenoyl]oxy-3-octadecoxypropyl] 2-(trimethylazaniumyl)ethyl phosphate	[M + H]+	-1	Fatty acids	Glycerophospholipids	Glycerophosphocholines	1	1	0.994
raw	superclass	Glycerophospholipids	NPC superclass: Glycerophospholipids	1881	Untreated	PET	7672570	7672570	48619327.1111111	47733708	45965940	42938680	46253531.3333333	46519450	53638510	55540290	0.00337443659714417	0.885744409093233	0.00503352744904781	PE(18:2(9Z,12Z)/20:3(8Z,11Z,14Z))_[1881_766.54_6.7]	PE(18:2(9Z,12Z)/20:3(8Z,11Z,14Z))	(2-aminoethoxy)[2-(icosa-8,11,14-trienoyloxy)-3-(octadeca-9,12-dienoyloxy)propoxy]phosphinic acid	[M + H]+	10	Fatty acids	Glycerophospholipids	Glycerophosphoethanolamines	0.999	1	0.997
raw	superclass	Glycerophospholipids	NPC superclass: Glycerophospholipids	1973	Untreated	PS	7403556.66666666	7403556.66666666	43057260	41668216	41236980.6666667	41668216	40265621.3333333	38852700	47669178	48142970	0.003256123119767	0.889000532213	0.00445769024313088	PC(P-18:1(9Z)/18:3(6Z,9Z,12Z))_[1973_766.57_6.9]	PC(P-18:1(9Z)/18:3(6Z,9Z,12Z))	NA	[M + H]+	-1	Fatty acids	Glycerophospholipids	Glycerophosphocholines	1	1	0.995
raw	superclass	Glycerophospholipids	NPC superclass: Glycerophospholipids	1749	Untreated	PS	7185289.33333333	7185289.33333333	64271450.6666667	62016064	62762014.6666667	61361292	61433524	62016064	68618813.3333333	70962990	0.00316012799980576	0.892160660212805	0.00665398166415298	NA_[1749_806.57_6.4]	NA	[3-[(14E,16E)-docosa-14,16-dienoyl]oxy-2-[(7E,9E,11E,13E)-hexadeca-7,9,11,13-tetraenoyl]oxypropyl] 2-(trimethylazaniumyl)ethyl phosphate	[M + H]+	5	Fatty acids	Glycerophospholipids	Glycerophosphocholines	1	1	0.999
raw	superclass	Glycerophospholipids	NPC superclass: Glycerophospholipids	2120	PET	PS	6763298.66666666	6763298.66666666	81673848.2222222	77786220	84533313.3333333	77235280	77770014.6666667	77786220	82718216.6666667	87050900	0.00297453428749641	0.895135194500302	0.00845564061296868	NA_[2120_810.6_7.3]	NA	[(2R)-2,3-bis[[(8E,11E)-nonadeca-8,11-dienoyl]oxy]propyl] 2-(trimethylazaniumyl)ethyl phosphate	[M + H]+	5	Fatty acids	Glycerophospholipids	Glycerophosphocholines	1	1	0.999
raw	superclass	Glycerophospholipids	NPC superclass: Glycerophospholipids	1661	PET	PS	6756434.66666666	6756434.66666666	41272897.7777778	41626300	44476246.6666667	47071610	37719812	37925696	41622634.6666667	41626300	0.00297151546423344	0.898106709964535	0.00427295637784982	1,2-dipalmitoleoyl-sn-glycero-3-phosphocholine_[1661_730.54_6.1]	1,2-dipalmitoleoyl-sn-glycero-3-phosphocholine	[(2R)-2,3-di(hexadec-9-enoyloxy)propyl] 2-(trimethylazaniumyl)ethyl phosphate	[M + H]+	5	Fatty acids	Glycerophospholipids	Glycerophosphocholines	0.999	1	0.998
raw	superclass	Glycerophospholipids	NPC superclass: Glycerophospholipids	1856	Untreated	PS	6751381.33333334	6751381.33333334	47722554.6666667	48663256	45948725.3333333	47089050	45233778.6666667	44574100	51985160	50791812	0.00296929298168359	0.901076002946219	0.00494068517864072	NA_[1856_692.56_6.6]	NA	1-Octadecyl-2-dodecanoyl-glycero-3-phosphocholine	[M + H]+	5	Fatty acids	Glycerophospholipids	Glycerophosphocholines	1	1	0.995
raw	superclass	Glycerophospholipids	NPC superclass: Glycerophospholipids	1784	Untreated	PET	6612160	6612160	25100331.1111111	24974268	22695230.6666667	22351878	23298372	23946420	29307390.6666667	30068388	0.00290806270782447	0.903984065654043	0.0025986210244998	1,2-bis-[(9Z,11Z)-octadecadienoyl]-sn-glycero-3-phosphoethanolamine_[1784_740.52_6.5]	1,2-bis-[(9Z,11Z)-octadecadienoyl]-sn-glycero-3-phosphoethanolamine	1,2-Bis-[(9Z,11Z)-Octadecadienoyl]-Sn-Glycero-3-Phosphoethanolamine	[M + H]+	10	Fatty acids	Glycerophospholipids	Glycerophosphoethanolamines	0.999	1	0.997
raw	superclass	Glycerophospholipids	NPC superclass: Glycerophospholipids	1615	Untreated	PS	6465268.66666667	6465268.66666667	23386624.6666667	21845380	22329266.6666667	21845380	20682669.3333333	21100656	27147938	27715384	0.00284345912766772	0.906827524781711	0.00242120210613411	NA_[1615_780.55_6.1]	NA	O-[1-O-(1-Oxo-9,10-octadecadien-1-yl)-2-O-(1-oxo-9,10,15-octadecatrien-1-yl)-L-glycero-3-phospho]choline	[M + H]+	5	Fatty acids	Glycerophospholipids	Glycerophosphocholines	0.999	1	0.998
raw	superclass	Glycerophospholipids	NPC superclass: Glycerophospholipids	2022	PS	PET	6358419.33333334	6358419.33333334	60189854.6666667	61322350	56295256	55334944	62653675.3333333	62501160	61620632.6666667	61322350	0.00279646622948882	0.9096239910112	0.0062314166735892	PC(17:1(9Z)/14:0)_[2022_718.54_7]	PC(17:1(9Z)/14:0)	[(2R)-3-[(E)-heptadec-9-enoyl]oxy-2-tetradecanoyloxypropyl] 2-(trimethylazaniumyl)ethyl phosphate	[M + H]+	10	Fatty acids	Glycerophospholipids	Glycerophosphoethanolamines	0.984	0.996	0.785
raw	superclass	Glycerophospholipids	NPC superclass: Glycerophospholipids	2118	Untreated	PET	5934410.66666666	5934410.66666666	26678313.1111111	26292574	24617624.6666667	24840688	24865279.3333333	26206600	30552035.3333333	31285716	0.00260998499017705	0.912233976001377	0.0027619884790298	PC(P-18:1(9Z)/18:1(9Z))_[2118_770.61_7.3]	PC(P-18:1(9Z)/18:1(9Z))	NA	[M + H]+	10	Fatty acids	Glycerophospholipids	Glycerophosphocholines	0.999	1	0.991
raw	superclass	Glycerophospholipids	NPC superclass: Glycerophospholipids	2002	Untreated	PS	5928064	5928064	56100180.4444444	54596936	54218458.6666667	54596936	54077009.3333333	53435004	60005073.3333333	59595308	0.00260719369283211	0.914841169694209	0.00580801534991037	NA_[2002_772.58_7]	NA	[3-[(Z)-heptadec-9-enoyl]oxy-2-[(Z)-octadec-9-enoyl]oxypropyl] 2-(trimethylazaniumyl)ethyl phosphate	[M + H]+	5	Fatty acids	Glycerophospholipids	Glycerophosphocholines	1	1	0.999
raw	superclass	Glycerophospholipids	NPC superclass: Glycerophospholipids	2212	Untreated	PET	5313878	5313878	62957768.6666667	64120456	60156070.6666667	58865068	63247286.6666667	64120456	65469948.6666667	65759460	0.00233707146314198	0.917178241157351	0.00651797701745747	NA_[2212_774.6_7.5]	NA	Pdspc	[M + H]+	-1	Fatty acids	Glycerophospholipids	Glycerophosphocholines	1	1	0.999
raw	superclass	Glycerophospholipids	NPC superclass: Glycerophospholipids	2032	Untreated	PS	5199648	5199648	40435004	39311944	39986084	37194596	38059640	39311944	43259288	46570820	0.00228683250898558	0.919465073666337	0.00418620977767182	NA_[2032_810.6_7.1]	NA	[(2R)-2,3-bis[[(8E,11E)-nonadeca-8,11-dienoyl]oxy]propyl] 2-(trimethylazaniumyl)ethyl phosphate	[M + H]+	5	Fatty acids	Glycerophospholipids	Glycerophosphocholines	1	1	0.999
raw	superclass	Glycerophospholipids	NPC superclass: Glycerophospholipids	2031	Untreated	PS	5130900.66666667	5130900.66666667	33421003.5555556	32024494	32307495.3333333	31775474	31412307.3333333	32024494	36543208	37916204	0.00225659707059192	0.921721670736928	0.00346005485405347	PC(P-18:0/20:5(5Z,8Z,11Z,14Z,17Z))_[2031_792.59_7]	PC(P-18:0/20:5(5Z,8Z,11Z,14Z,17Z))	[(2R)-2-[(5E,8E,11E,14E,17E)-icosa-5,8,11,14,17-pentaenoyl]oxy-3-[(E)-octadec-1-enoxy]propyl] 2-(trimethylazaniumyl)ethyl phosphate	[M + H]+	10	Fatty acids	Glycerophospholipids	Glycerophosphocholines	0.999	0.999	0.973
raw	superclass	Glycerophospholipids	NPC superclass: Glycerophospholipids	1647	PET	PS	5057043.66666667	5057043.66666667	16863483.4444444	16789352	19128546	19889896	14071502.3333333	15173789	17390402	17748142	0.00222411437395243	0.923945785110881	0.00174586551990301	NA_[1647_756.55_6.1]	NA	[(2R)-3-[(9E,12E)-heptadeca-9,12-dienoyl]oxy-2-[(E)-heptadec-9-enoyl]oxypropyl] 2-(trimethylazaniumyl)ethyl phosphate	[M + H]+	5	Fatty acids	Glycerophospholipids	Glycerophosphocholines	1	1	0.998
raw	superclass	Glycerophospholipids	NPC superclass: Glycerophospholipids	2164	Untreated	PET	4933290.66666666	4933290.66666666	31983050.2222222	32054190	28904594	27954054	33206672	32054190	33837884.6666667	36469936	0.00216968715436285	0.926115472265244	0.00331118447669835	NA_[2164_702.54_7.4]	NA	[1-[2-Aminoethoxy(hydroxy)phosphoryl]oxy-3-tridecanoyloxypropan-2-yl] henicosanoate	[M - H2O + H]+	48	Fatty acids	Glycerophospholipids	Glycerophosphoethanolamines	1	0.999	0.993
raw	superclass	Glycerophospholipids	NPC superclass: Glycerophospholipids	1512	Untreated	PS	4709367.66666667	4709367.66666667	12405691.4444444	11571039	11434052.6666667	11260103	10536827	10525292	15246194.6666667	14400079	0.00207120464248713	0.928186676907731	0.00128435320109065	NA_[1512_704.52_5.6]	NA	1-hexadecanoyl-2-(9R, 10S-methylene-hexadecanoyl)-sn-glycero-3-phosphoethanolamine	[M + H]+	5	Fatty acids	Glycerophospholipids	Glycerophosphoethanolamines	0.998	0.995	0.808
raw	superclass	Glycerophospholipids	NPC superclass: Glycerophospholipids	1500	Untreated	PS	4687198	4687198	12295029.5555556	11513141	11417837.3333333	11176623	10390026.6666667	10390921	15077224.6666667	14653868	0.00206145430660926	0.93024813121434	0.00127289644740064	NA_[1500_704.52_5.6]	NA	[3-decanoyloxy-2-[(Z)-icos-11-enoyl]oxypropyl] 2-(trimethylazaniumyl)ethyl phosphate	[M + H]+	5	Fatty acids	Glycerophospholipids	Glycerophosphocholines	0.999	1	0.997
raw	superclass	Glycerophospholipids	NPC superclass: Glycerophospholipids	1936	Untreated	PET	4591995.33333333	4591995.33333333	30944282.8888889	30299424	28707832.6666667	28609126	30825188	30299424	33299828	34335420	0.00201958367362113	0.932267714887961	0.00320364156740307	NA_[1936_716.56_6.8]	NA	[(2R)-3-[(Z)-hexadec-1-enoxy]-2-[(Z)-hexadec-8-enoyl]oxypropyl] 2-(trimethylazaniumyl)ethyl phosphate	[M + H]+	5	Fatty acids	Glycerophospholipids	Glycerophosphocholines	0.999	1	0.994
raw	superclass	Glycerophospholipids	NPC superclass: Glycerophospholipids	2004	Untreated	PET	4480826	4480826	28422204	27354468	26918802.6666667	27354468	26948180.6666667	26931496	31399628.6666667	34216892	0.00197069081674525	0.934238405704707	0.00294253237338083	NA_[2004_750.54_7]	NA	[3-[2-aminoethoxy(hydroxy)phosphoryl]oxy-2-[(9Z,12Z)-nonadeca-9,12-dienoyl]oxypropyl] (9Z,12Z)-nonadeca-9,12-dienoate	[M - H2O + H]+	48	Fatty acids	Glycerophospholipids	Glycerophosphoethanolamines	1	1	0.998
raw	superclass	Glycerophospholipids	NPC superclass: Glycerophospholipids	1575	Untreated	PS	4210878	4210878	13241891.5555556	12771077	12329363.3333333	12377088	11592716.6666667	11391958	15803594.6666667	16600425	0.00185196626805741	0.936090371972764	0.00137092445705549	1,2-dipalmitoleoyl-sn-glycero-3-phosphocholine_[1575_730.54_5.9]	1,2-dipalmitoleoyl-sn-glycero-3-phosphocholine	[(2R)-2,3-di(hexadec-9-enoyloxy)propyl] 2-(trimethylazaniumyl)ethyl phosphate	[M + H]+	5	Fatty acids	Glycerophospholipids	Glycerophosphocholines	1	1	0.998
raw	superclass	Glycerophospholipids	NPC superclass: Glycerophospholipids	2148	PS	Untreated	3753236	3753236	75732736.8888889	79066020	76929386.6666667	76897440	77011030	79066020	73257794	84579790	0.00165069291203847	0.937741064884802	0.00784056120420105	NA_[2148_698.5_7.3]	NA	[(2R)-1-[[(2S)-2,3-dihydroxypropoxy]-hydroxyphosphoryl]oxy-3-(11-methyldodecanoyloxy)propan-2-yl] 14-methylpentadecanoate	[M + H3N + H]+	11	Terpenoids	Glycerophospholipids	Glycerophosphoinositols	0.807	0.927	0.259
raw	superclass	Glycerophospholipids	NPC superclass: Glycerophospholipids	2313	Untreated	PET	3647610.66666667	3647610.66666667	33785603.3333333	33433404	32208246.6666667	33335936	33292706	33433404	35855857.3333333	35223120	0.00160423833549038	0.939345303220293	0.00349780163292532	NA_[2313_772.62_7.8]	NA	(3-Octadec-1-enoxy-2-octadec-4-enoyloxypropyl) 2-(trimethylazaniumyl)ethyl phosphate	[M + H]+	136	Fatty acids	Glycerophospholipids	Glycerophosphocholines	0.999	1	0.992
raw	superclass	Glycerophospholipids	NPC superclass: Glycerophospholipids	1920	Untreated	PS	3428396	3428396	25275760.2222222	24946590	25207107.3333333	23674354	23595888.6666667	24946590	27024284.6666667	27601394	0.00150782657335191	0.940853129793645	0.00261678308676204	NA_[1920_834.6_6.8]	NA	NA	[M + H]+	5	Fatty acids	Glycerophospholipids	Glycerophosphocholines	1	1	0.999
raw	superclass	Glycerophospholipids	NPC superclass: Glycerophospholipids	1634	Untreated	PS	3318484	3318484	14127447.3333333	14487654	14327757.3333333	14379285	12368050.3333333	12953673	15686534.3333333	16098588	0.00145948669828198	0.942312616491927	0.00146260547322671	PC(18:1(9Z)/13:0)_[1634_718.54_6.1]	PC(18:1(9Z)/13:0)	[(2S)-3-[(E)-octadec-9-enoyl]oxy-2-tridecanoyloxypropyl] 2-(trimethylazaniumyl)ethyl phosphate	[M + H]+	300	Fatty acids	Glycerophospholipids	Glycerophosphocholines	0.999	1	0.997
raw	superclass	Glycerophospholipids	NPC superclass: Glycerophospholipids	2136	PET	PS	3238771	3238771	15248323.2222222	15413904	17091203.6666667	15799912	13852432.6666667	14052702	14801333.3333333	15413904	0.00142442850207548	0.943737044994002	0.00157864902810365	1-octadecanoyl-2-(6Z,9Z,12Z,15Z,18Z-docosapentaenoyl)-sn-glycero-3- phosphocholine_[2136_836.62_7.3]	1-octadecanoyl-2-(6Z,9Z,12Z,15Z,18Z-docosapentaenoyl)-sn-glycero-3- phosphocholine	1-octadecanoyl-2-(6Z,9Z,12Z,15Z,18Z-docosapentaenoyl)-sn-glycero-3-phosphocholine	[M + H]+	-1	Fatty acids	Glycerophospholipids	Glycerophosphocholines	1	1	0.999
raw	superclass	Glycerophospholipids	NPC superclass: Glycerophospholipids	2196	Untreated	PS	3197835.16666667	3197835.16666667	10254804.6111111	9937384	9255043.66666667	9904898	9155767.5	9259781	12353602.6666667	12315593	0.00140642470750148	0.945143469701504	0.0010616732801893	PC(P-18:1(9Z)/18:1(9Z))_[2196_770.61_7.5]	PC(P-18:1(9Z)/18:1(9Z))	NA	[M + H]+	10	Fatty acids	Glycerophospholipids	Glycerophosphocholines	0.999	1	0.994
raw	superclass	Glycerophospholipids	NPC superclass: Glycerophospholipids	1899	PS	Untreated	3099400.26666667	3099400.26666667	5525799.57777778	6460145	6446262.33333333	6095191.5	6615268.33333333	6597509	3515868.06666667	1013873.6	0.00136313252131143	0.946506602222815	0.000572082451678456	NA_[1899_768.55_6.7]	NA	[(2S)-3-[(E)-icos-11-enoyl]oxy-2-tridecanoyloxypropyl] 2-(trimethylazaniumyl)ethyl phosphate	[M + Na]+	45	Fatty acids	Glycerophospholipids	Glycerophosphocholines	1	1	0.993
raw	superclass	Glycerophospholipids	NPC superclass: Glycerophospholipids	2048	PET	Untreated	3083075.33333334	3083075.33333334	23943630.8888889	23497282	25944570.6666667	24813986	23024826.6666667	23497282	22861495.3333333	22475672	0.00135595272986137	0.947862554952676	0.00247886859959336	PC(20:3(8Z,11Z,14Z)/20:3(8Z,11Z,14Z))_[2048_834.6_7.1]	PC(20:3(8Z,11Z,14Z)/20:3(8Z,11Z,14Z))	2,3-bis[[(8E,11E,14E)-icosa-8,11,14-trienoyl]oxy]propyl 2-(trimethylazaniumyl)ethyl phosphate	[M + H]+	5	Fatty acids	Glycerophospholipids	Glycerophosphocholines	1	1	0.999
raw	superclass	Glycerophospholipids	NPC superclass: Glycerophospholipids	2206	PS	Untreated	2956103.33333334	2956103.33333334	80466898.9777778	115539370	80297737.8666667	112926990	82029531.2	117067224	79073427.8666667	115539370	0.0013001097771594	0.949162664729836	0.00833068593933376	PA(P-20:0/17:0)_[2206_720.59_7.4]	PA(P-20:0/17:0)	1-(1Z-eicosenyl)-2-heptadecanoyl-glycero-3-phosphate	[M + H3N + H]+	5	Fatty acids	Glycerophospholipids	Glycerophosphates	1	1	1
raw	superclass	Glycerophospholipids	NPC superclass: Glycerophospholipids	1675	Untreated	PS	2923552.66666667	2923552.66666667	13160080.2222222	12672520	13148890.6666667	13687190	11703898.6666667	11921161	14627451.3333333	13873716	0.00128579382294048	0.950448458552776	0.00136245458269801	1-stearoyl-2-arachidonoyl-sn-glycero-3-phosphoserine(1-)_[1675_812.54_6.2]	1-stearoyl-2-arachidonoyl-sn-glycero-3-phosphoserine(1-)	2-amino-3-({hydroxy[2-(icosa-5,8,11,14-tetraenoyloxy)-3-(octadecanoyloxy)propoxy]phosphoryl}oxy)propanoic acid	[M + H]+	10	Fatty acids	Glycerophospholipids	Glycerophosphoserines	0.998	1	0.998
raw	superclass	Glycerophospholipids	NPC superclass: Glycerophospholipids	2500	PS	Untreated	2897661.33333333	2897661.33333333	16589354.3333333	17201986	16165561.6666667	15668518	18250081.3333333	17208522	15352420	15495160	0.00127440667850923	0.951722865231285	0.0017174851105607	NA_[2500_772.62_8.3]	NA	(3-Octadec-1-enoxy-2-octadec-4-enoyloxypropyl) 2-(trimethylazaniumyl)ethyl phosphate	[M + H]+	-1	Fatty acids	Glycerophospholipids	Glycerophosphocholines	0.999	1	0.992
raw	superclass	Glycerophospholipids	NPC superclass: Glycerophospholipids	2068	PET	Untreated	2712034	2712034	27541368	27044208	29140312.6666667	28739446	27055512.6666667	27044208	26428278.6666667	26409998	0.00119276680203625	0.952915632033322	0.00285133999274633	NA_[2068_818.64_7.1]	NA	2-[[(3aS,6aR)-3',3'-bis[(9Z,12Z)-octadeca-9,12-dienyl]spiro[4,5,6,6a-tetrahydro-3aH-cyclopenta[d][1,3]dioxole-2,1'-cyclobutane]-5-yl]-methylamino]ethyl methyl hydrogen phosphate	[M + H]+	82	Fatty acids	Glycerophospholipids	Glycerophosphocholines	0.999	0.999	0.986
raw	superclass	Glycerophospholipids	NPC superclass: Glycerophospholipids	2096	Untreated	PET	2619035.33333334	2619035.33333334	53680374.2222222	53312580	52033238.6666667	53305344	54355610	53312580	54652274	55172350	0.00115186549982779	0.95406749753315	0.00555749437883447	dioleoyl phosphatidylethanolamine_[2096_744.56_7.2]	dioleoyl phosphatidylethanolamine	1,2-Di-[(9E)-Octadecenoyl]-Sn-Glycero-3-Phosphoethanolamine	[M + H]+	10	Fatty acids	Glycerophospholipids	Glycerophosphoethanolamines	0.999	1	0.993
raw	superclass	Glycerophospholipids	NPC superclass: Glycerophospholipids	2159	PET	Untreated	2580986.66666667	2580986.66666667	15764152.0777778	21473450	16988281.8666667	22578958	15896879.1666667	22590800	14407295.2	20734562	0.00113513149632276	0.955202629029472	0.00163205245545911	NA_[2159_748.59_7.3]	NA	[3-[2-Aminoethoxy(hydroxy)phosphoryl]oxy-2-pentadecanoyloxypropyl] henicosanoate	[M + H]+	-1	Fatty acids	Glycerophospholipids	Glycerophosphoethanolamines	1	1	0.988
raw	superclass	Glycerophospholipids	NPC superclass: Glycerophospholipids	1434	Untreated	PS	2570667.16666667	2570667.16666667	8016284.16666667	7732336.5	7237546	7133807.5	7120319.66666667	7059854.5	9690986.83333333	9663223	0.00113059292600484	0.956333221955477	0.00082992070828275	dimyristoyl phosphatidylcholine_[1434_678.51_5.4]	dimyristoyl phosphatidylcholine	NA	[M + H]+	-1	Fatty acids	Glycerophospholipids	Glycerophosphocholines	1	1	0.997
raw	superclass	Glycerophospholipids	NPC superclass: Glycerophospholipids	2069	PET	Untreated	2462534.66666667	2462534.66666667	19560949.3333333	19201140	20595420	21005634	19954542.6666667	19783972	18132885.3333333	17975256	0.00108303568438427	0.957416257639861	0.00202513241645143	PC(12:0/22:1(11Z))_[2069_782.57_7.1]	PC(12:0/22:1(11Z))	1-dodecanoyl-2-(11Z-docosenoyl)-glycero-3-phosphocholine	[M + Na]+	45	Fatty acids	Glycerophospholipids	Glycerophosphocholines	0.992	0.999	0.971
raw	superclass	Glycerophospholipids	NPC superclass: Glycerophospholipids	1996	Untreated	PET	2453217.33333333	2453217.33333333	14091190.5555556	13532894	13088212	13485142	13643930.3333333	13532894	15541429.3333333	16608171	0.00107893787223166	0.958495195512093	0.00145885183250392	PC(P-18:1(9Z)/16:1(9Z))_[1996_742.57_6.9]	PC(P-18:1(9Z)/16:1(9Z))	NA	[M + H]+	-1	Fatty acids	Glycerophospholipids	Glycerophosphocholines	1	1	0.995
raw	superclass	Glycerophospholipids	NPC superclass: Glycerophospholipids	1671	PET	PS	2243818	2243818	16184197.6666667	15862270	17430233	17889964	15186415	15225708	15935945	15879570	0.000986842945262258	0.959482038457355	0.00167553950324757	1,2-di-O-pentadecanoyl-sn-glycero-3-phosphocholine_[1671_728.52_6.2]	1,2-di-O-pentadecanoyl-sn-glycero-3-phosphocholine	1,2-Dipentadecanoyl-sn-glycero-3-phosphocholine	[M + Na]+	45	Fatty acids	Glycerophospholipids	Glycerophosphocholines	0.986	0.999	0.941
raw	superclass	Glycerophospholipids	NPC superclass: Glycerophospholipids	1948	Untreated	PS	2087094	2087094	10727511.7777778	9891690	10179641.3333333	9709803	9957900	9891690	12044994	12456886	0.000917914906645364	0.960399953364001	0.00111061234702049	NA_[1948_750.54_6.8]	NA	[3-[2-aminoethoxy(hydroxy)phosphoryl]oxy-2-[(9Z,12Z)-nonadeca-9,12-dienoyl]oxypropyl] (9Z,12Z)-nonadeca-9,12-dienoate	[M - H2O + H]+	48	Fatty acids	Glycerophospholipids	Glycerophosphoethanolamines	1	1	0.998
raw	superclass	Glycerophospholipids	NPC superclass: Glycerophospholipids	1841	PET	PS	1984433.83333333	1984433.83333333	10545210.1666667	10330396	11271365.6666667	11757501	9286931.83333333	9710530	11077333	10977165	0.000872764425976055	0.961272717789977	0.00109173877928402	NA_[1841_816.62_6.6]	NA	1-[[3-[2-Aminoethoxy(prop-2-enoxy)phosphoryl]oxy-2-(tetradecanoylamino)propanoyl]amino]decan-3-yl dodecanoate	[M + H]+	82	Fatty acids	Glycerophospholipids	Glycerophosphocholines	1	1	0.998
raw	superclass	Glycerophospholipids	NPC superclass: Glycerophospholipids	1729	Untreated	PS	1981667.66666667	1981667.66666667	10169138.5555556	10404580	10156570.6666667	10404580	9184588.66666667	8821856	11166256.3333333	11154450	0.00087154785134281	0.96214426564132	0.00105280432893654	1,2-di-O-palmitoyl-sn-glycero-3-phosphocholine_[1729_756.55_6.3]	1,2-di-O-palmitoyl-sn-glycero-3-phosphocholine	2-[[(2R)-2-(8,9-ditritiohexadecanoyloxy)-3-hexadecanoyloxypropoxy]-hydroxyphosphoryl]oxyethyl-trimethylazanium	[M + Na]+	-1	Fatty acids	Glycerophospholipids	Glycerophosphocholines	0.999	1	0.998
raw	superclass	Glycerophospholipids	NPC superclass: Glycerophospholipids	1983	PS	Untreated	1931714	1931714	15331900.1111111	14940005	15737853	15746300	16094780.6666667	15620305	14163066.6666667	14525075	0.000849577966289752	0.962993843607609	0.00158730168928439	1,2-di-O-palmitoyl-sn-glycero-3-phosphocholine_[1983_756.55_6.9]	1,2-di-O-palmitoyl-sn-glycero-3-phosphocholine	2-[[(2R)-2-(8,9-ditritiohexadecanoyloxy)-3-hexadecanoyloxypropoxy]-hydroxyphosphoryl]oxyethyl-trimethylazanium	[M + Na]+	45	Fatty acids	Glycerophospholipids	Glycerophosphocholines	0.986	0.999	0.967
raw	superclass	Glycerophospholipids	NPC superclass: Glycerophospholipids	1805	Untreated	PS	1883414.66666666	1883414.66666666	19508093.7777778	19723892	18999457.3333333	18662152	18820704.6666667	17134354	20704119.3333333	20648622	0.000828335665728444	0.963822179273338	0.00201966031501499	NA_[1805_754.54_6.4]	NA	NA	[M + H]+	45	Fatty acids	Glycerophospholipids	Glycerophosphoethanolamines	1	1	0.994
raw	superclass	Glycerophospholipids	NPC superclass: Glycerophospholipids	2084	Untreated	PS	1846358.66666667	1846358.66666667	15264011.1111111	15076947	15065278.6666667	15765684	14440198	14124552	16286556.6666667	16054466	0.000812038242238822	0.964634217515577	0.00158027318508055	NA_[2084_732.59_7.2]	NA	[(2S)-3-[(E)-icos-1-enoxy]-2-tridecanoyloxypropyl] 2-(trimethylazaniumyl)ethyl phosphate	[M + H]+	-1	Fatty acids	Glycerophospholipids	Glycerophosphocholines	0.999	1	0.993
raw	superclass	Glycerophospholipids	NPC superclass: Glycerophospholipids	2102	Untreated	PS	1845400	1845400	6508999.88888889	6321598	6281519	6148675.5	5700040.33333333	5582759.5	7545440.33333333	7599411.5	0.000811616615602055	0.965445834131179	0.000673872543149284	1-octadecyl-2-[(4Z,7Z,10Z,13Z,16Z,19Z)-docosahexaenoyl]-sn-glycero-3-phosphocholine_[2102_820.62_7.2]	1-octadecyl-2-[(4Z,7Z,10Z,13Z,16Z,19Z)-docosahexaenoyl]-sn-glycero-3-phosphocholine	2-[(2-Docosa-4,7,10,13,16,19-hexaenoyloxy-3-octadecoxypropoxy)-hydroxyphosphoryl]oxyethyl-trimethylazanium	[M + H]+	-1	Fatty acids	Glycerophospholipids	Glycerophosphocholines	0.999	1	0.992
raw	superclass	Glycerophospholipids	NPC superclass: Glycerophospholipids	2129	Untreated	PET	1749987	1749987	8707112.33333333	8671333	7786173.66666667	8094245.5	8799002.66666667	8834078	9536160.66666667	9986799	0.00076965347690885	0.966215487608088	0.000901441700984794	NA_[2129_726.54_7.3]	NA	NA	[M + Na]+	48	Fatty acids	Glycerophospholipids	Glycerophosphoethanolamines	1	1	0.996
raw	superclass	Glycerophospholipids	NPC superclass: Glycerophospholipids	1902	Untreated	PS	1703665.43333333	1703665.43333333	7143540.67777778	8310335	7062572.26666667	8875091	6332192.16666667	7505716	8035857.6	9074352	0.000749281008518591	0.966964768616606	0.00073956614008273	LysoPA(22:5(4Z,7Z,10Z,13Z,16Z)/0:0)_[1902_502.29_6.7]	LysoPA(22:5(4Z,7Z,10Z,13Z,16Z)/0:0)	(2-Hydroxy-3-phosphonooxypropyl) docosa-4,7,10,13,16-pentaenoate	[M + H3N + H]+	8	Fatty acids	Glycerophospholipids	Glycerophosphates	1	1	0.998
raw	superclass	Glycerophospholipids	NPC superclass: Glycerophospholipids	2273	Untreated	PET	1700608.66666666	1700608.66666666	32314954.4444444	31240432	31586132.6666667	29705180	32071989.3333333	31240432	33286741.3333333	32722666	0.000747936626478553	0.967712705243085	0.00334554630587777	PC(P-18:1(9Z)/18:1(9Z))_[2273_770.61_7.7]	PC(P-18:1(9Z)/18:1(9Z))	NA	[M + H]+	-1	Fatty acids	Glycerophospholipids	Glycerophosphocholines	0.999	1	0.992
raw	superclass	Glycerophospholipids	NPC superclass: Glycerophospholipids	2537	PS	PET	1700377.66666667	1700377.66666667	13896959.3333333	13952073	13158146.6666667	13952073	14858524.3333333	15419558	13674207	12981539	0.000747835031464897	0.96846054027455	0.00143874319985495	PC(p-16:0/20:0)_[2537_774.64_8.5]	PC(p-16:0/20:0)	[(2R)-3-[(E)-hexadec-1-enoxy]-2-icosanoyloxypropyl] 2-(trimethylazaniumyl)ethyl phosphate	[M + H]+	-1	Fatty acids	Glycerophospholipids	Glycerophosphocholines	0.999	1	0.991
raw	superclass	Glycerophospholipids	NPC superclass: Glycerophospholipids	1746	Untreated	PET	1690111.5	1690111.5	9490868.55555556	9217545	8878080.5	9217545	9026333.16666667	8705913	10568192	10422561	0.000743319917427177	0.969203860191977	0.000982583475096595	PC(P-16:0/20:5(5Z,8Z,11Z,14Z,17Z))_[1746_764.56_6.4]	PC(P-16:0/20:5(5Z,8Z,11Z,14Z,17Z))	[3-[(Z)-hexadec-1-enoxy]-2-[(5E,8E,11E,14E,17E)-icosa-5,8,11,14,17-pentaenoyl]oxypropyl] 2-(trimethylazaniumyl)ethyl phosphate	[M + H]+	-1	Fatty acids	Glycerophospholipids	Glycerophosphocholines	1	1	0.993
raw	superclass	Glycerophospholipids	NPC superclass: Glycerophospholipids	1794	Untreated	PET	1628935.5	1628935.5	9193351.44444444	9383738	8576037.16666667	8821350	8799044.5	8430678	10204972.6666667	9898692	0.000716414391212767	0.96992027458319	0.000951781721260785	NA_[1794_716.52_6.5]	NA	NA	[M + H]+	10	Fatty acids	Glycerophospholipids	Glycerophosphocholines	0.99	0.997	0.851
raw	superclass	Glycerophospholipids	NPC superclass: Glycerophospholipids	1943	Untreated	PET	1591902	1591902	7384739.83333333	7234462	6680872.16666667	6277578.5	7200573.16666667	7201121	8272774.16666667	8345315.5	0.000700126863341358	0.970620401446531	0.000764537332452412	1-heptadecanoyl-2-arachidonoyl-sn-glycero-3-phosphoethanolamine zwitterion_[1943_754.54_6.8]	1-heptadecanoyl-2-arachidonoyl-sn-glycero-3-phosphoethanolamine zwitterion	NA	[M + H]+	10	Fatty acids	Glycerophospholipids	Glycerophosphoethanolamines	0.999	1	0.997
raw	superclass	Glycerophospholipids	NPC superclass: Glycerophospholipids	1719	Untreated	PS	1589676.33333333	1589676.33333333	6720292.66666667	6545499.5	6429300.33333333	6131874.5	6070950.66666667	5819882	7660627	7589512.5	0.000699148003447862	0.971319549449979	0.00069574754759555	PC(16:1(9Z)/17:1(9Z))_[1719_744.55_6.3]	PC(16:1(9Z)/17:1(9Z))	[2-[(Z)-heptadec-9-enoyl]oxy-3-[(Z)-hexadec-9-enoyl]oxypropyl] 2-(trimethylazaniumyl)ethyl phosphate	[M + H]+	412	Fatty acids	Glycerophospholipids	Glycerophosphocholines	0.999	1	0.998
raw	superclass	Glycerophospholipids	NPC superclass: Glycerophospholipids	1834	Untreated	PS	1562948.66666667	1562948.66666667	50751912.4444444	48867930	50245267.3333333	48152570	50223760.6666667	48867930	51786709.3333333	51647350	0.00068739303522258	0.972006942485201	0.00525431262750655	1-pentadecanoyl-2-hexadecanoyl-sn-glycero-3-phosphocholine_[1834_720.55_6.6]	1-pentadecanoyl-2-hexadecanoyl-sn-glycero-3-phosphocholine	1-Pentadecanoyl-2-hexadecanoyl-sn-glycero-3-phosphocholine	[M + H]+	5	Fatty acids	Glycerophospholipids	Glycerophosphocholines	1	1	0.998
raw	superclass	Glycerophospholipids	NPC superclass: Glycerophospholipids	1824	Untreated	PET	1528053	1528053	5254826.38888889	5176114.5	4346394	4386517	5543638.16666667	5089216	5874447	5588528	0.000672045737683194	0.972678988222884	0.000544028772919983	NA_[1824_906.61_6.5]	NA	[(2S)-3-[hydroxy-[(5S)-2,3,4,5,6-pentahydroxycyclohexyl]oxyphosphoryl]oxy-2-[(6E,9E,12E)-octadeca-6,9,12-trienoyl]oxypropyl] icosanoate	[M + H3N + H]+	10	Fatty acids	Glycerophospholipids	Glycerophosphoinositols	1	1	0.926
raw	superclass	Glycerophospholipids	NPC superclass: Glycerophospholipids	2477	PS	Untreated	1431251	1431251	14487295.4444444	14696018	14839686	14696018	15026725.6666667	15068384	13595474.6666667	13547215	0.000629471709492282	0.973308459932377	0.00149986031512582	NA_[2477_748.62_8.3]	NA	1-Eicosyl-2-tetradecanoyl-glycero-3-phosphocholine	[M + H]+	5	Fatty acids	Glycerophospholipids	Glycerophosphocholines	0.999	1	0.993
raw	superclass	Glycerophospholipids	NPC superclass: Glycerophospholipids	2071	Untreated	PET	1404194.66666667	1404194.66666667	8465948.88888889	8350756.5	7699832.83333333	7505691.5	8593986.33333333	8464666	9104027.5	9682052	0.000617572191940206	0.973926032124317	0.000876474205763318	NA_[2071_738.54_7.1]	NA	[(2R)-1-[2-aminoethoxy(hydroxy)phosphoryl]oxy-3-[(6E,9E,12E)-octadeca-6,9,12-trienoyl]oxypropan-2-yl] nonadecanoate	[M - H2O + H]+	48	Fatty acids	Glycerophospholipids	Glycerophosphoethanolamines	1	1	0.997
raw	superclass	Glycerophospholipids	NPC superclass: Glycerophospholipids	1846	Untreated	PS	1392489.33333333	1392489.33333333	12598295.5555556	13165684	12892840.6666667	13165684	11754778.3333333	12480900	13147267.6666667	13694078	0.000612424124841205	0.974538456249158	0.00130429337998003	PC(17:1(9Z)/17:1(9Z))_[1846_780.55_6.6]	PC(17:1(9Z)/17:1(9Z))	2,3-bis[[(Z)-heptadec-9-enoyl]oxy]propyl 2-(trimethylazaniumyl)ethyl phosphate	[M + Na]+	45	Fatty acids	Glycerophospholipids	Glycerophosphocholines	0.997	1	0.989
raw	superclass	Glycerophospholipids	NPC superclass: Glycerophospholipids	1829	PS	PET	1366526.66666667	1366526.66666667	22363813.3333333	22752650	21479413.3333333	20741222	22845940	22752650	22766086.6666667	22978978	0.000601005607635178	0.975139461856793	0.00231531111118544	1-(1Z-hexadecenyl)-2-tetradecanoyl-sn-glycero-3-phosphocholine_[1829_690.54_6.6]	1-(1Z-hexadecenyl)-2-tetradecanoyl-sn-glycero-3-phosphocholine	[(2R)-3-[(E)-hexadec-1-enoxy]-2-tetradecanoyloxypropyl] 2-(trimethylazaniumyl)ethyl phosphate	[M + H]+	-1	Fatty acids	Glycerophospholipids	Glycerophosphocholines	1	1	0.996
raw	superclass	Glycerophospholipids	NPC superclass: Glycerophospholipids	2231	Untreated	PS	1355369.33333334	1355369.33333334	26523645.3333333	25994502	26781268	25096456	25717149.3333333	25994502	27072518.6666667	27935460	0.000596098553815333	0.975735560410609	0.00274597582416215	NA_[2231_812.62_7.6]	NA	1-octadecanoyl-2-(5Z,11Z,14Z-eicosatrienoyl)-sn-glycero-3-phosphocholine	[M + H]+	5	Fatty acids	Glycerophospholipids	Glycerophosphocholines	0.999	1	0.998
raw	superclass	Glycerophospholipids	NPC superclass: Glycerophospholipids	2258	Untreated	PET	1328645.33333333	1328645.33333333	8455689.16666667	8641150	7680683.83333333	7262153.5	8677054.5	8641150	9009329.16666667	9098604	0.000584345198209312	0.976319905608818	0.000875412023366035	NA_[2258_770.57_7.6]	NA	1-Eicosanoyl-2-tridecanoyl-sn-glycero-3-phosphocholine	[M + Na]+	10	Fatty acids	Glycerophospholipids	Glycerophosphocholines	0.997	1	0.989
raw	superclass	Glycerophospholipids	NPC superclass: Glycerophospholipids	1590	Untreated	PS	1321469.6	1321469.6	3508955.83333333	3411446.5	3169620.1	3214975.8	3017888.9	2981634.2	4339358.5	4406220.5	0.000581189272988513	0.976901094881807	0.000363279924961021	NA_[1590_762.53_6]	NA	2-amino-3-[[3-heptadecanoyloxy-2-[(Z)-heptadec-9-enoyl]oxypropoxy]-hydroxyphosphoryl]oxypropanoic acid	[M + H]+	10	Fatty acids	Glycerophospholipids	Glycerophosphoserines	0.998	1	0.998
raw	superclass	Glycerophospholipids	NPC superclass: Glycerophospholipids	1669	Untreated	PS	1318757.33333333	1318757.33333333	14213779.7777778	14845593	14291894.6666667	15150532	13515343.6666667	13882459	14834101	14923737	0.000579996403858454	0.977481091285665	0.00147154341528957	NA_[1669_764.52_6.2]	NA	(2-aminoethoxy)[2-(icosa-8,11,14-trienoyloxy)-3-(octadeca-6,9,12-trienoyloxy)propoxy]phosphinic acid	[M + H]+	10	Fatty acids	Glycerophospholipids	Glycerophosphoethanolamines	0.999	1	0.996
raw	superclass	Glycerophospholipids	NPC superclass: Glycerophospholipids	1683	Untreated	PS	1286131.33333333	1286131.33333333	7288983.83333333	6714771.5	7642790.16666667	7400105.5	6469015	6588096	7755146.33333333	8003509	0.00056564731764374	0.978046738603309	0.000754623775785749	PC(16:1(9Z)/17:1(9Z))_[1683_744.55_6.2]	PC(16:1(9Z)/17:1(9Z))	[2-[(Z)-heptadec-9-enoyl]oxy-3-[(Z)-hexadec-9-enoyl]oxypropyl] 2-(trimethylazaniumyl)ethyl phosphate	[M + H]+	101	Fatty acids	Glycerophospholipids	Glycerophosphocholines	0.999	1	0.997
raw	superclass	Glycerophospholipids	NPC superclass: Glycerophospholipids	1533	Untreated	PS	1225370	1225370	4149700.61111111	4119925	3814022.5	3857505	3704854.66666667	3570409	4930224.66666667	4599107.5	0.000538924164007961	0.978585662767317	0.000429615816846317	NA_[1533_692.52_5.8]	NA	1-Eicosanoyl-2-nonanoyl-sn-glycero-3-phosphocholine	[M + H]+	5	Fatty acids	Glycerophospholipids	Glycerophosphocholines	1	1	0.998
raw	superclass	Glycerophospholipids	NPC superclass: Glycerophospholipids	2019	PS	PET	1195637	1195637	12832633.8888889	12881144	12426026.3333333	12881144	13621663.3333333	13851013	12450212	12771001	0.000525847434392866	0.97911151020171	0.00132855427586824	1-octadecanoyl-2-(4Z,7Z,10Z,13Z,16Z,19Z-docosahexaenoyl)-sn-glycero-3-phosphoethanolamine zwitterion_[2019_792.55_7]	1-octadecanoyl-2-(4Z,7Z,10Z,13Z,16Z,19Z-docosahexaenoyl)-sn-glycero-3-phosphoethanolamine zwitterion	1-[(2-azaniumylethyl phosphonato)oxy]-3-(octadecanoyloxy)propan-2-yl docosa-4,7,10,13,16,19-hexaenoate	[M + H]+	10	Fatty acids	Glycerophospholipids	Glycerophosphoethanolamines	0.998	0.999	0.968
raw	superclass	Glycerophospholipids	NPC superclass: Glycerophospholipids	2281	PET	PS	1193024	1193024	29325156	28730472	29763844	28578278	28570820	28730472	29640804	29378910	0.000524698223264347	0.979636208424974	0.0030360144091726	PC(p-16:0/20:0)_[2281_796.62_7.7]	PC(p-16:0/20:0)	[(2R)-3-[(E)-hexadec-1-enoxy]-2-icosanoyloxypropyl] 2-(trimethylazaniumyl)ethyl phosphate	[M + Na]+	5	Fatty acids	Glycerophospholipids	Glycerophosphocholines	1	1	0.995
raw	superclass	Glycerophospholipids	NPC superclass: Glycerophospholipids	1679	PET	PS	1082377.5	1082377.5	9301578.83333333	8906926	9665027	10493218	8582649.5	8660337	9657060	8906926	0.000476035311235403	0.980112243736209	0.000962986432742415	1,2-dioleoyl-sn-glycero-3-phospho-L-serine_[1679_788.54_6.2]	1,2-dioleoyl-sn-glycero-3-phospho-L-serine	Dops	[M + H]+	10	Fatty acids	Glycerophospholipids	Glycerophosphoserines	0.997	1	0.997
raw	superclass	Glycerophospholipids	NPC superclass: Glycerophospholipids	2014	Untreated	PET	1076546.33333333	1076546.33333333	11234525.7777778	11386291	10867335.3333333	11403496	10892360.3333333	11220033	11943881.6666667	11804600	0.000473470733498862	0.980585714469708	0.00116310317808895	NA_[2014_706.57_7]	NA	1-Octadecyl-2-tridecanoyl-glycero-3-phosphocholine	[M + H]+	5	Fatty acids	Glycerophospholipids	Glycerophosphocholines	1	1	0.995
raw	superclass	Glycerophospholipids	NPC superclass: Glycerophospholipids	1896	Untreated	PS	1055560.8	1055560.8	4194452.78888889	4214233	4262676.5	4278047.5	3632560.53333333	4005460.8	4688121.33333333	4696431	0.000464241185682344	0.98104995565539	0.000434248980829321	NA_[1896_866.64_6.7]	NA	2-(dimethylamino)ethyl-[(2R)-2,3-di(tricosa-10,12-diynoyloxy)propoxy]phosphinic acid	[M - H2O + H]+	82	Fatty acids	Glycerophospholipids	Glycerophosphocholines	1	0.999	0.996
raw	superclass	Glycerophospholipids	NPC superclass: Glycerophospholipids	2245	Untreated	PET	1012396.33333333	1012396.33333333	12164168.4444444	12119821	11821447.6666667	12119821	11837213.6666667	11891498	12833844	12811276	0.000445257226459266	0.98149521288185	0.00125934848131536	NA_[2245_768.59_7.6]	NA	[(2S)-3-[(E)-icos-1-enoxy]-2-tetradecanoyloxypropyl] 2-(trimethylazaniumyl)ethyl phosphate	[M + Na]+	45	Fatty acids	Glycerophospholipids	Glycerophosphocholines	0.999	1	0.964
raw	superclass	Glycerophospholipids	NPC superclass: Glycerophospholipids	2252	Untreated	PET	1009350	1009350	25763479.7777778	25789970	25101727.3333333	23998954	26077634.6666667	25789970	26111077.3333333	27794206	0.000443917433054045	0.981939130314904	0.0026672763764926	PC(P-16:0/20:1(11Z))_[2252_794.61_7.6]	PC(P-16:0/20:1(11Z))	[(2R)-3-[(E)-hexadec-1-enoxy]-2-[(E)-icos-11-enoyl]oxypropyl] 2-(trimethylazaniumyl)ethyl phosphate	[M + Na]+	-1	Fatty acids	Glycerophospholipids	Glycerophosphocholines	0.999	1	0.992
raw	superclass	Glycerophospholipids	NPC superclass: Glycerophospholipids	263	Untreated	PS	983294.066666666	983294.066666666	2138281.6	1838090.9	2194566.53333333	2275678.8	1618492.1	1838090.9	2601786.16666667	1633307.4	0.000432457896678	0.982371588211582	0.000221374909257725	1-arachidonoyl-sn-glycero-3-phosphoethanolamine_[263_502.29_1.1]	1-arachidonoyl-sn-glycero-3-phosphoethanolamine	1-Arachidonoyl-Sn-Glycero-3-Phosphoethanolamine	[M + H]+	48	Fatty acids	Glycerophospholipids	Glycerophosphoethanolamines	1	1	0.999
raw	superclass	Glycerophospholipids	NPC superclass: Glycerophospholipids	2172	Untreated	PET	967372.999999998	967372.999999998	16738012.8888889	16689282	16167032.3333333	16289794	16912601	17311668	17134405.3333333	16961364	0.000425455727909833	0.982797043939492	0.00173287563454337	NA_[2172_808.58_7.3]	NA	1-(9Z-heptadecenoyl)-2-(11Z-docosenoyl)-glycero-3-phosphoethanolamine	[M + Na]+	45	Fatty acids	Glycerophospholipids	Glycerophosphoethanolamines	0.999	1	0.998
raw	superclass	Glycerophospholipids	NPC superclass: Glycerophospholipids	472	PS	Untreated	956952.033333333	956952.033333333	3425823.45555556	3452040.8	3217274.2	3452040.8	4008574.1	4152298.8	3051622.06666667	2646801.2	0.000420872532018806	0.98321791647151	0.000354673283727736	1-stearoyl-sn-glycero-3-phosphocholine_[472_524.37_1.8]	1-stearoyl-sn-glycero-3-phosphocholine	2-Lysophosphatidylcholine	[M + H]+	152	Fatty acids	Glycerophospholipids	Glycerophosphocholines	0.998	1	0.999
raw	superclass	Glycerophospholipids	NPC superclass: Glycerophospholipids	1540	Untreated	PS	945438.033333333	945438.033333333	1947758.18888889	1858173.2	1832074.06666667	1858173.2	1532881.23333333	1569244.4	2478319.26666667	2605763.2	0.000415808614325058	0.983633725085835	0.000201650143891838	NA_[1540_754.54_5.8]	NA	[O-[1-O,2-O-(1,32-Dioxodotriacontane-1,32-diyl)-L-glycero-3-phospho]choline]anion	[M + Na]+	-1	Fatty acids	Glycerophospholipids	Glycerophosphocholines	0.999	1	0.996
raw	superclass	Glycerophospholipids	NPC superclass: Glycerophospholipids	1618	Untreated	PS	923163.333333333	923163.333333333	4605330.05555556	4618489.5	4604466.16666667	4850326.5	4144180.33333333	3955090.2	5067343.66666667	5250144	0.000406012084235348	0.984039737170071	0.000476786838155688	NA_[1618_762.53_6.1]	NA	2-amino-3-[[3-heptadecanoyloxy-2-[(Z)-heptadec-9-enoyl]oxypropoxy]-hydroxyphosphoryl]oxypropanoic acid	[M + H]+	10	Fatty acids	Glycerophospholipids	Glycerophosphoserines	0.998	1	0.998
raw	superclass	Glycerophospholipids	NPC superclass: Glycerophospholipids	2134	PET	Untreated	914846	914846	23673694	22481046	24136266.6666667	22435254	23663394.6666667	22869686	23221420.6666667	22444566	0.000402354077336663	0.984442091247407	0.00245092220830276	NA_[2134_748.59_7.3]	NA	1-Eicosanoyl-2-tridecanoyl-sn-glycero-3-phosphocholine	[M + H]+	5	Fatty acids	Glycerophospholipids	Glycerophosphocholines	1	1	0.998
raw	superclass	Glycerophospholipids	NPC superclass: Glycerophospholipids	1713	Untreated	PS	912662.666666667	912662.666666667	4011736.3	3825336.5	3791421.9	3567587.5	3665562.16666667	3708464.8	4578224.83333333	4456415.5	0.000401393835865583	0.984843485083273	0.000415332461065195	NA_[1713_690.51_6.3]	NA	[(2R)-1-[2-aminoethoxy(hydroxy)phosphoryl]oxy-3-tetradecanoyloxypropan-2-yl] (E)-octadec-4-enoate	[M + H]+	10	Fatty acids	Glycerophospholipids	Glycerophosphoethanolamines	0.997	0.998	0.994
raw	superclass	Glycerophospholipids	NPC superclass: Glycerophospholipids	2306	Untreated	PS	908866.566666666	908866.566666666	4869789.42222222	4770846	4692614.83333333	4548480	4503943.43333333	4550808	5412810	5612940.5	0.00039972429114114	0.985243209374414	0.000504166145117965	NA_[2306_822.64_7.8]	NA	[(2R)-3-[(E)-icos-1-enoxy]-2-[(E)-octadec-4-enoyl]oxypropyl] 2-(trimethylazaniumyl)ethyl phosphate	[M + Na]+	-1	Fatty acids	Glycerophospholipids	Glycerophosphocholines	0.999	1	0.991
raw	superclass	Glycerophospholipids	NPC superclass: Glycerophospholipids	1783	Untreated	PET	904075.5	904075.5	2756160.67777778	3095309	2331689.7	2885886.5	2701027.13333333	2873943	3235765.2	3163794	0.000397617154849212	0.985640826529263	0.000285343530030266	NA_[1783_794.57_6.4]	NA	NA	[M + H]+	-1	Fatty acids	Glycerophospholipids	Glycerophosphoethanolamines	1	1	0.993
raw	superclass	Glycerophospholipids	NPC superclass: Glycerophospholipids	1986	PS	PET	874650.833333333	874650.833333333	6231347.61111111	6407576.5	5806319.5	5731498.5	6680970.33333333	6613496.5	6206753	6407576.5	0.000384676031854079	0.986025502561118	0.000645127382643645	NA_[1986_704.56_6.9]	NA	[3-[(Z)-octacos-17-enoxy]-2-propanoyloxypropyl] 2-(trimethylazaniumyl)ethyl phosphate	[M + H]+	5	Fatty acids	Glycerophospholipids	Glycerophosphocholines	1	1	0.995
raw	superclass	Glycerophospholipids	NPC superclass: Glycerophospholipids	1825	Untreated	PS	872739.833333333	872739.833333333	5247526.83333333	5021064	4963674.66666667	5021064	4953083	4982665.5	5825822.83333333	5941491.5	0.000383835564013819	0.986409338125131	0.000543273054660642	1-(1Z-hexadecenyl)-2-(4Z,7Z,10Z,13Z,16Z,19Z-docosahexaenoyl)-sn-glycero-3-phosphocholine_[1825_790.57_6.6]	1-(1Z-hexadecenyl)-2-(4Z,7Z,10Z,13Z,16Z,19Z-docosahexaenoyl)-sn-glycero-3-phosphocholine	[2-[(4E,7E,10E,13E,16E,19E)-docosa-4,7,10,13,16,19-hexaenoyl]oxy-3-[(Z)-hexadec-1-enoxy]propyl] 2-(trimethylazaniumyl)ethyl phosphate	[M + H]+	82	Fatty acids	Glycerophospholipids	Glycerophosphocholines	0.999	1	0.997
raw	superclass	Glycerophospholipids	NPC superclass: Glycerophospholipids	2404	PS	PET	850159.333333332	850159.333333332	26342239.7777778	25516638	25937956.6666667	24437022	26788116	26597998	26300646.6666667	25516638	0.000373904541477457	0.986783242666609	0.00272719502447703	NA_[2404_814.63_8]	NA	2,3-Bis[8-(2-octylcyclopropyl)octanoyloxy]propyl 2-(trimethylazaniumyl)ethyl phosphate	[M + H]+	5	Fatty acids	Glycerophospholipids	Glycerophosphocholines	1	1	0.998
raw	superclass	Glycerophospholipids	NPC superclass: Glycerophospholipids	1984	Untreated	PET	845776.666666668	845776.666666668	16084102.1111111	16295901	15727215.6666667	16295901	15952098.3333333	16245437	16572992.3333333	17066612	0.000371977021651235	0.98715521968826	0.00166517667520462	NA_[1984_818.61_6.9]	NA	1-eicosyl-2-(6Z,9Z,12Z,15Z-octadecatetraenoyl)-glycero-3-phosphocholine	[M + Na]+	5	Fatty acids	Glycerophospholipids	Glycerophosphocholines	0.999	1	0.992
raw	superclass	Glycerophospholipids	NPC superclass: Glycerophospholipids	2289	PET	Untreated	840651.5	840651.5	2684066.44444444	2734793.5	3035161.16666667	2775359.5	2822528.5	2734793.5	2194509.66666667	2061444.2	0.000369722946423968	0.987524942634684	0.00027787966074281	NA_[2289_784.58_7.7]	NA	1-Heneicosanoyl-2-tridecanoyl-sn-glycero-3-phosphocholine	[M + Na]+	45	Fatty acids	Glycerophospholipids	Glycerophosphocholines	0.994	0.999	0.983
raw	superclass	Glycerophospholipids	NPC superclass: Glycerophospholipids	2389	Untreated	PET	829613	829613	5667890.33333333	5728480	5241454.33333333	5447065	5691149.33333333	5728480	6071067.33333333	6047643.5	0.000364868156128464	0.987889810790812	0.00058679301558055	NA_[2389_760.62_8]	NA	NA	[M + H]+	-1	Fatty acids	Glycerophospholipids	Glycerophosphocholines	0.999	1	0.991
raw	superclass	Glycerophospholipids	NPC superclass: Glycerophospholipids	1827	Untreated	PS	821164.166666666	821164.166666666	6725651.44444444	6693155.5	6474622.83333333	6693155.5	6440583.66666667	6438444.5	7261747.83333333	7173479.5	0.000361152314838887	0.988250963105651	0.000696302338388441	NA_[1827_716.56_6.6]	NA	[(2R)-3-[(Z)-hexadec-1-enoxy]-2-[(Z)-hexadec-8-enoyl]oxypropyl] 2-(trimethylazaniumyl)ethyl phosphate	[M + H]+	10	Fatty acids	Glycerophospholipids	Glycerophosphocholines	0.997	0.999	0.978
raw	superclass	Glycerophospholipids	NPC superclass: Glycerophospholipids	1740	Untreated	PS	776992	776992	3163986.87777778	3121961.2	3076079.5	2923987.5	2819444.56666667	2866721.5	3596436.56666667	3625878.2	0.000341725163861424	0.988592688269513	0.00032756551240056	NA_[1740_794.57_6.4]	NA	[(2R)-3-[(9E,12E)-heptadeca-9,12-dienoyl]oxy-2-[(8E,11E,14E)-icosa-8,11,14-trienoyl]oxypropyl] 2-(trimethylazaniumyl)ethyl phosphate	[M + H]+	-1	Fatty acids	Glycerophospholipids	Glycerophosphocholines	1	1	0.998
raw	superclass	Glycerophospholipids	NPC superclass: Glycerophospholipids	1993	Untreated	PET	746700.933333333	746700.933333333	4184520.65555556	4260188.5	3879988.56666667	3968271.2	4046883.9	4030875.2	4626689.5	4707334	0.000328402993594286	0.988921091263107	0.000433220713497552	PC(P-18:1(9Z)/18:2(9Z,12Z))_[1993_790.57_6.9]	PC(P-18:1(9Z)/18:2(9Z,12Z))	NA	[M + Na]+	45	Fatty acids	Glycerophospholipids	Glycerophosphocholines	0.999	1	0.984
raw	superclass	Glycerophospholipids	NPC superclass: Glycerophospholipids	1915	Untreated	PS	718925.166666666	718925.166666666	4889290.5	4756720.5	4854914	4743124.5	4547016.16666667	4738148	5265941.33333333	5180569	0.000316187065482358	0.989237278328589	0.000506185079071044	NA_[1915_804.62_6.8]	NA	[3-Hexadecoxy-2-(hexadecoxymethyl)-2-methylpropyl] [3-(trimethylazaniumyl)phenyl] phosphate	[M + Na]+	82	Fatty acids	Glycerophospholipids	Glycerophosphocholines	1	1	0.995
raw	superclass	Glycerophospholipids	NPC superclass: Glycerophospholipids	1774	Untreated	PS	694784.766666667	694784.766666667	3296473.25555556	3260738.2	3226399.2	3081504	2984117.9	2896769	3678902.66666667	3756518	0.000305569990730391	0.98954284831932	0.000341281741291292	NA_[1774_770.57_6.4]	NA	[(2R)-2-[(E)-heptadec-9-enoyl]oxy-3-[(9E,12E)-octadeca-9,12-dienoyl]oxypropyl] 2-(trimethylazaniumyl)ethyl phosphate	[M + H]+	781	Fatty acids	Glycerophospholipids	Glycerophosphocholines	0.999	1	0.996
raw	superclass	Glycerophospholipids	NPC superclass: Glycerophospholipids	1815	Untreated	PS	675589	675589	6769979.11111111	6859702	6823448.33333333	6761045.5	6405450	6862169.5	7081039	6859702	0.00029712759169718	0.989839975911017	0.000700891553011033	NA_[1815_804.55_6.5]	NA	1,2-di-(9Z,11Z-octadecadienoyl)-sn-glycero-3-phosphocholine	[M + Na]+	45	Fatty acids	Glycerophospholipids	Glycerophosphocholines	0.997	1	0.989
raw	superclass	Glycerophospholipids	NPC superclass: Glycerophospholipids	1941	Untreated	PS	672353.966666667	672353.966666667	2942442.84444444	3465879.5	3043058.3	3781739.2	2555958.13333333	2976523.5	3228312.1	3786567.2	0.000295704807040542	0.990135680718057	0.000304629202105528	NA_[1941_798.6_6.8]	NA	[(2R)-2-nonadecanoyloxy-3-[(6E,9E,12E)-octadeca-6,9,12-trienoyl]oxypropyl] 2-(trimethylazaniumyl)ethyl phosphate	[M + H]+	82	Fatty acids	Glycerophospholipids	Glycerophosphocholines	1	1	0.999
raw	superclass	Glycerophospholipids	NPC superclass: Glycerophospholipids	2342	PS	PET	639846.5	639846.5	5451388.05555556	5758185.5	5102260.83333333	4943334	5742107.33333333	5758185.5	5509796	5956547.5	0.000281407852408594	0.990417088570466	0.000564378674973052	NA_[2342_758.61_7.9]	NA	[2-[(9Z,12Z)-heptadeca-9,12-dienoyl]oxy-3-octadecoxypropyl] 2-(trimethylazaniumyl)ethyl phosphate	[M + H]+	5	Fatty acids	Glycerophospholipids	Glycerophosphocholines	0.999	1	0.994
raw	superclass	Glycerophospholipids	NPC superclass: Glycerophospholipids	1666	Untreated	PS	630721.3	630721.3	2594170.37777778	2701371.2	2757751.43333333	2740046.5	2197019.2	1990242.4	2827740.5	2847743.2	0.000277394541505434	0.990694483111972	0.000268572779179147	NA_[1666_768.55_6.2]	NA	[(2R)-2-[(9E,12E)-heptadeca-9,12-dienoyl]oxy-3-[(9E,12E)-octadeca-9,12-dienoyl]oxypropyl] 2-(trimethylazaniumyl)ethyl phosphate	[M + H]+	5	Fatty acids	Glycerophospholipids	Glycerophosphocholines	1	1	0.999
raw	superclass	Glycerophospholipids	NPC superclass: Glycerophospholipids	1769	Untreated	PS	624496.666666668	624496.666666668	19810415.7777778	20169602	19755054.6666667	20169602	19525848	19002002	20150344.6666667	20501348	0.000274656915061648	0.990969140027033	0.00205095951588573	PC(15:0/17:1(9Z))_[1769_754.54_6.4]	PC(15:0/17:1(9Z))	[2-[(Z)-heptadec-9-enoyl]oxy-3-pentadecanoyloxypropyl] 2-(trimethylazaniumyl)ethyl phosphate	[M + Na]+	45	Fatty acids	Glycerophospholipids	Glycerophosphocholines	0.993	0.999	0.976
raw	superclass	Glycerophospholipids	NPC superclass: Glycerophospholipids	1801	PET	PS	617650.466666667	617650.466666667	2206163.84444444	2280845	2548489.6	2671536.8	1930839.13333333	1894180.9	2139162.8	2601744.8	0.000271645920332193	0.991240785947365	0.000228402714063275	NA_[1801_698.5_6.5]	NA	1-Tridecanoyl-2-hexadecanoyl-glycero-3-phospho-(1'-sn-glycerol)	[M + H3N + H]+	327	Fatty acids	Glycerophospholipids	Glycerophosphoinositols	1	1	0.959
raw	superclass	Glycerophospholipids	NPC superclass: Glycerophospholipids	2204	PET	Untreated	613177.300000001	613177.300000001	8602478.28888889	10705568	8816472.83333333	10705568	8787666.5	10130859	8203295.53333333	11525095	0.00026967859813049	0.991510464545496	0.000890609006126381	NA_[2204_776.61_7.5]	NA	2-[Hydroxy-(2-tetracosanoyloxy-3-undecanoyloxypropoxy)phosphoryl]oxyethyl-trimethylazanium	[M + H]+	82	Fatty acids	Glycerophospholipids	Glycerophosphocholines	1	1	0.998
raw	superclass	Glycerophospholipids	NPC superclass: Glycerophospholipids	2095	Untreated	PS	592832.833333333	592832.833333333	6899881.22222222	6665869.5	6786675.83333333	6411134	6660067.5	6665869.5	7252900.33333333	7833048	0.00026073099480209	0.991771195540298	0.000714340234447383	NA_[2095_798.6_7.2]	NA	[(2R)-3-nonadecanoyloxy-2-[(6E,9E,12E)-octadeca-6,9,12-trienoyl]oxypropyl] 2-(trimethylazaniumyl)ethyl phosphate	[M + H]+	412	Fatty acids	Glycerophospholipids	Glycerophosphocholines	1	1	0.999
raw	superclass	Glycerophospholipids	NPC superclass: Glycerophospholipids	2214	PS	PET	590902.933333333	590902.933333333	4261304.43333333	4291007	3943037.56666667	3983455.2	4533940.5	4393001	4306935.23333333	4325181	0.000259882214642531	0.99203107775494	0.000441170088284307	PC(P-20:0/14:1(9Z))_[2214_766.57_7.5]	PC(P-20:0/14:1(9Z))	[(2S)-3-[(E)-icos-1-enoxy]-2-[(E)-tetradec-9-enoyl]oxypropyl] 2-(trimethylazaniumyl)ethyl phosphate	[M + Na]+	45	Fatty acids	Glycerophospholipids	Glycerophosphocholines	1	0.999	0.98
raw	superclass	Glycerophospholipids	NPC superclass: Glycerophospholipids	2416	Untreated	PET	574241.766666667	574241.766666667	4584230.97777778	4338013.5	4334996.5	4338013.5	4508458.16666667	4311712.5	4909238.26666667	4927028.5	0.000252554546005931	0.992283632300946	0.000474602464297503	NA_[2416_798.64_8]	NA	NA	[M + H]+	-1	Fatty acids	Glycerophospholipids	Glycerophosphocholines	0.999	1	0.993
raw	superclass	Glycerophospholipids	NPC superclass: Glycerophospholipids	2268	Untreated	PET	572712.333333332	572712.333333332	18347901	17470190	18110715	16712583	18249560.6666667	17470190	18683427.3333333	17637904	0.000251881893190395	0.992535514194137	0.00189954630809372	NA_[2268_800.62_7.7]	NA	NA	[M + H]+	5	Fatty acids	Glycerophospholipids	Glycerophosphocholines	1	1	0.999
raw	superclass	Glycerophospholipids	NPC superclass: Glycerophospholipids	2027	Untreated	PS	550261	550261	6887082.16666667	6646301.5	6884356.83333333	6646301.5	6613314.33333333	6439717.5	7163575.33333333	7027322	0.000242007678832666	0.99277752187297	0.000713015156514619	NA_[2027_860.62_7]	NA	[(2R)-3-[(7E,10E,13E,16E)-docosa-7,10,13,16-tetraenoyl]oxy-2-[(8E,11E,14E)-icosa-8,11,14-trienoyl]oxypropyl] 2-(trimethylazaniumyl)ethyl phosphate	[M + H]+	811	Fatty acids	Glycerophospholipids	Glycerophosphocholines	1	1	0.999
raw	superclass	Glycerophospholipids	NPC superclass: Glycerophospholipids	1718	Untreated	PET	543970	543970	3985488.62222222	3933062.8	3747499.93333333	3523627.5	3917496	3933062.8	4291469.93333333	4203334.5	0.000239240863980194	0.99301676273695	0.000412615055983338	1-hexadecanoyl-2-(4Z,7Z,10Z,13Z,16Z,19Z-docosahexaenoyl)-sn-glycero-3-phosphoethanolamine zwitterion_[1718_764.52_6.3]	1-hexadecanoyl-2-(4Z,7Z,10Z,13Z,16Z,19Z-docosahexaenoyl)-sn-glycero-3-phosphoethanolamine zwitterion	(2-aminoethoxy)[2-(docosa-4,7,10,13,16,19-hexaenoyloxy)-3-(hexadecanoyloxy)propoxy]phosphinic acid	[M + H]+	10	Fatty acids	Glycerophospholipids	Glycerophosphoethanolamines	0.999	1	0.998
raw	superclass	Glycerophospholipids	NPC superclass: Glycerophospholipids	1650	Untreated	PS	543817.333333333	543817.333333333	3158694.08888889	3167347.8	3243714.93333333	3167347.8	2844275	3096839.8	3388092.33333333	3502705.8	0.000239173720378094	0.993255936457328	0.0003270175533946	NA_[1650_690.54_6.1]	NA	[2-acetyloxy-3-[(Z)-octacos-17-enoxy]propyl] 2-(trimethylazaniumyl)ethyl phosphate	[M + H]+	-1	Fatty acids	Glycerophospholipids	Glycerophosphocholines	1	1	0.997
raw	superclass	Glycerophospholipids	NPC superclass: Glycerophospholipids	2639	PS	Untreated	540858.333333333	540858.333333333	4293757.2	4235804.5	4393799.26666667	3950941.8	4514165.33333333	4650230.5	3973307	3670283	0.000237872336631716	0.99349380879396	0.000444529902200301	NA_[2639_816.65_8.7]	NA	2-[[3-henicosanoyloxy-2-[(Z)-heptadec-9-enoyl]oxypropoxy]-hydroxyphosphoryl]oxyethyl-trimethylazanium	[M + H]+	5	Fatty acids	Glycerophospholipids	Glycerophosphocholines	1	1	0.999
raw	superclass	Glycerophospholipids	NPC superclass: Glycerophospholipids	2209	PS	PET	539798.666666668	539798.666666668	13855533	13927177	13548691.6666667	14122555	14088490.3333333	13927177	13929417	13081328	0.000237406289664302	0.993731215083624	0.0014344543583934	1-octadecyl-2-[(4Z,7Z,10Z,13Z,16Z,19Z)-docosahexaenoyl]-sn-glycero-3-phosphocholine_[2209_820.62_7.5]	1-octadecyl-2-[(4Z,7Z,10Z,13Z,16Z,19Z)-docosahexaenoyl]-sn-glycero-3-phosphocholine	2-[(2-Docosa-4,7,10,13,16,19-hexaenoyloxy-3-octadecoxypropoxy)-hydroxyphosphoryl]oxyethyl-trimethylazanium	[M + H]+	-1	Fatty acids	Glycerophospholipids	Glycerophosphocholines	0.999	1	0.992
raw	superclass	Glycerophospholipids	NPC superclass: Glycerophospholipids	1974	Untreated	PET	525822.833333333	525822.833333333	4201012.18888889	3977903.8	3974011.16666667	3977903.8	4129191.4	3951331.2	4499834	4756718.5	0.000231259644736254	0.99396247472836	0.000434928071263334	NA_[1974_740.56_6.9]	NA	[2-butanoyloxy-3-[(Z)-octacos-17-enoxy]propyl] 2-(trimethylazaniumyl)ethyl phosphate	[M + Na]+	45	Fatty acids	Glycerophospholipids	Glycerophosphocholines	1	1	0.996
raw	superclass	Glycerophospholipids	NPC superclass: Glycerophospholipids	1898	Untreated	PS	508662	508662	4420647.27777778	4478594	4566480.16666667	4505051	4093399.83333333	4425137.5	4602061.83333333	4642895.5	0.00022371222007444	0.994186186948435	0.000457666749776299	PC(18:2(9Z,12Z)/20:3(8Z,11Z,14Z))_[1898_830.57_6.7]	PC(18:2(9Z,12Z)/20:3(8Z,11Z,14Z))	[(2R)-2-[(8E,11E,14E)-icosa-8,11,14-trienoyl]oxy-3-[(9E,12E)-octadeca-9,12-dienoyl]oxypropyl] 2-(trimethylazaniumyl)ethyl phosphate	[M + Na]+	45	Fatty acids	Glycerophospholipids	Glycerophosphocholines	0.996	0.999	0.987
raw	superclass	Glycerophospholipids	NPC superclass: Glycerophospholipids	1548	Untreated	PS	506226.3	506226.3	2363242.74444444	2228235.2	2343333.73333333	2228235.2	2120084.1	2142255	2626310.4	2658806.5	0.000222640986417444	0.994408827934852	0.000244664990853107	NA_[1548_804.55_5.8]	NA	2-[hydroxy-[2-[(4Z,7Z,10Z,13Z)-icosa-4,7,10,13-tetraenoyl]oxy-3-[(4Z,7Z,10Z)-octadeca-4,7,10-trienoyl]oxypropoxy]phosphoryl]oxyethyl-trimethylazanium	[M + H]+	-1	Fatty acids	Glycerophospholipids	Glycerophosphocholines	1	1	0.999
raw	superclass	Glycerophospholipids	NPC superclass: Glycerophospholipids	2103	Untreated	PET	495752.5	495752.5	4405237.26666667	4111405	4178220.1	3981534.5	4363519.1	4111405	4673972.6	5001749	0.000218034554148833	0.994626862489001	0.000456071361305771	NA_[2103_780.59_7.2]	NA	[3-nonadecoxy-2-[(3Z,6Z,9Z,12Z,15Z)-octadeca-3,6,9,12,15-pentaenoyl]oxypropyl] 2-(trimethylazaniumyl)ethyl phosphate	[M + H]+	5	Fatty acids	Glycerophospholipids	Glycerophosphocholines	0.999	1	0.993
raw	superclass	Glycerophospholipids	NPC superclass: Glycerophospholipids	1454	PET	Untreated	481200.533333333	481200.533333333	1896854.14444444	2085166.5	2147940.1	2156367.2	1875882.76666667	2085166.5	1666739.56666667	1833972.6	0.000211634522753822	0.994838497011755	0.000196380081136895	NA_[1454_648.5_5.5]	NA	1-O,2-O-Dipalmitoyl-L-glycerol 3-phosphonic acid	[M + H3N + H]+	-1	Fatty acids	Glycerophospholipids	Glycerophosphates	1	0.989	0.995
raw	superclass	Glycerophospholipids	NPC superclass: Glycerophospholipids	2277	PS	Untreated	481124.633333334	481124.633333334	3251443.12222222	3229117.2	3369290.4	3229117.2	3433081.8	3389086.2	2951957.16666667	2909402	0.000211601141535049	0.99505009815329	0.000336619800749629	NA_[2277_732.59_7.7]	NA	[(2S)-3-[(E)-icos-1-enoxy]-2-tridecanoyloxypropyl] 2-(trimethylazaniumyl)ethyl phosphate	[M + H]+	725	Fatty acids	Glycerophospholipids	Glycerophosphocholines	0.999	1	0.994
raw	superclass	Glycerophospholipids	NPC superclass: Glycerophospholipids	1979	Untreated	PS	464720.166666667	464720.166666667	5830612.94444444	5822811	5703801.66666667	5276235	5661658.5	5822811	6126378.66666667	6312026	0.000204386370907133	0.995254484524197	0.000603639582126744	PC(19:0/18:4(6Z,9Z,12Z,15Z))_[1979_796.58_6.9]	PC(19:0/18:4(6Z,9Z,12Z,15Z))	[3-nonadecanoyloxy-2-[(6Z,9Z,12Z,15Z)-octadeca-6,9,12,15-tetraenoyl]oxypropyl] 2-(trimethylazaniumyl)ethyl phosphate	[M + H]+	-1	Fatty acids	Glycerophospholipids	Glycerophosphocholines	1	1	0.999
raw	superclass	Glycerophospholipids	NPC superclass: Glycerophospholipids	1963	Untreated	PS	460912.833333333	460912.833333333	7745146.66666667	7338616	7869876.16666667	7204009	7452325.5	7338616	7913238.33333333	8093476.5	0.000202711885703671	0.9954571964099	0.000801850018501354	PC(P-18:1(9Z)/22:6(4Z,7Z,10Z,13Z,16Z,19Z))_[1963_816.59_6.9]	PC(P-18:1(9Z)/22:6(4Z,7Z,10Z,13Z,16Z,19Z))	NA	[M + H]+	256	Fatty acids	Glycerophospholipids	Glycerophosphocholines	0.999	1	0.995
raw	superclass	Glycerophospholipids	NPC superclass: Glycerophospholipids	2165	PS	PET	457803.833333333	457803.833333333	6382605	6408755.5	6090249.16666667	5931343.5	6548053	6408755.5	6509512.83333333	6533920	0.000201344531169203	0.99565854094107	0.00066078696215826	PC(15:0/17:1(9Z))_[2165_732.55_7.4]	PC(15:0/17:1(9Z))	[2-[(Z)-heptadec-9-enoyl]oxy-3-pentadecanoyloxypropyl] 2-(trimethylazaniumyl)ethyl phosphate	[M + H]+	10	Fatty acids	Glycerophospholipids	Glycerophosphoethanolamines	0.984	0.995	0.822
raw	superclass	Glycerophospholipids	NPC superclass: Glycerophospholipids	2310	Untreated	PS	431903.833333333	431903.833333333	5419683.55555556	5115406.5	5555738.83333333	4981544	5135704	5115406.5	5567607.83333333	5850951.5	0.000189953575092421	0.995848494516162	0.000561096328620466	NA_[2310_838.63_7.8]	NA	[(2R)-2,3-bis[8-[2-[(2-pentylcyclopropyl)methyl]cyclopropyl]octanoyloxy]propyl] 2-(trimethylazaniumyl)ethyl phosphate	[M + H]+	5	Fatty acids	Glycerophospholipids	Glycerophosphocholines	1	1	0.999
raw	superclass	Glycerophospholipids	NPC superclass: Glycerophospholipids	2157	Untreated	PET	422117.266666667	422117.266666667	4184854.22222222	4261471.5	4040030.23333333	4261471.5	4052384.93333333	4181296.8	4462147.5	4580546.5	0.000185649391654487	0.996034143907817	0.000433255247438528	NA_[2157_758.61_7.4]	NA	[2-[(9Z,12Z)-heptadeca-9,12-dienoyl]oxy-3-octadecoxypropyl] 2-(trimethylazaniumyl)ethyl phosphate	[M + H]+	412	Fatty acids	Glycerophospholipids	Glycerophosphocholines	0.999	1	0.993
raw	superclass	Glycerophospholipids	NPC superclass: Glycerophospholipids	2092	PET	Untreated	421658.166666667	421658.166666667	5837001.72222222	5860016	6083585.16666667	5947029	5765493	5792086	5661927	6379670.5	0.000185447477062408	0.996219591384879	0.000604301008152588	NA_[2092_698.5_7.2]	NA	1-Tridecanoyl-2-hexadecanoyl-glycero-3-phospho-(1'-sn-glycerol)	[M + H3N + H]+	327	Fatty acids	Glycerophospholipids	Glycerophosphoinositols	1	1	0.987
raw	superclass	Glycerophospholipids	NPC superclass: Glycerophospholipids	1876	Untreated	PET	412740.833333333	412740.833333333	4422836.8	4088470.2	4239361.4	4074700.2	4377046.76666667	4083958.8	4652102.23333333	4608117.5	0.000181525587011364	0.99640111697189	0.000457893429593991	1-pentadecanoyl-2-hexadecanoyl-sn-glycero-3-phosphocholine_[1876_742.54_6.7]	1-pentadecanoyl-2-hexadecanoyl-sn-glycero-3-phosphocholine	1-Pentadecanoyl-2-hexadecanoyl-sn-glycero-3-phosphocholine	[M + Na]+	-1	Fatty acids	Glycerophospholipids	Glycerophosphocholines	0.989	0.997	0.824
raw	superclass	Glycerophospholipids	NPC superclass: Glycerophospholipids	1617	Untreated	PET	410881.566666666	410881.566666666	3855096.94444444	3855581.2	3605736.2	3719427.2	3942936.86666667	4033512.8	4016617.76666667	4362523.5	0.000180707871762908	0.996581824843653	0.00039911569002704	NA_[1617_880.59_6.1]	NA	(9Z)-9-Octadecenoic acid (R)-1-[[[2-[[[(2R)-3,4,5,6-tetrahydro-2beta,3beta,4alpha,5alpha-tetrahydroxy-2H-pyran]-2-ylmethyl]amino]ethoxy(hydroxy)phosphinyl]oxy]methyl]-2-[(1-oxohexadecyl)oxy]ethyl ester	[M + H]+	-1	Fatty acids	Glycerophospholipids	Glycerophosphocholines	0.992	0.997	0.222
raw	superclass	Glycerophospholipids	NPC superclass: Glycerophospholipids	1927	PS	PET	407037.666666667	407037.666666667	4291520.77777778	4313603	4034469.83333333	3989935.8	4441507.5	4425768	4398585	4334300.5	0.000179017304347327	0.996760842148001	0.000444298366855983	NA_[1927_746.51_6.8]	NA	1-(6-[3]-Ladderane-hexanoyl)-2-(8-[3]-ladderane-octanyl)-sn-glycerophosphoethanolamine	[M + H]+	-1	Fatty acids	Glycerophospholipids	Glycerophosphocholines	1	1	0.997
raw	superclass	Glycerophospholipids	NPC superclass: Glycerophospholipids	2390	PET	PS	397433.4	397433.4	2495921.72222222	2459754.8	2702046.16666667	2621990.2	2304612.76666667	2291721.5	2481106.23333333	2662332	0.000174793297407184	0.996935635445408	0.000258401159497107	NA_[2390_848.66_8]	NA	NA	[M + H]+	-1	Fatty acids	Glycerophospholipids	Glycerophosphocholines	0.999	1	0.992
raw	superclass	Glycerophospholipids	NPC superclass: Glycerophospholipids	1699	Untreated	PS	393781.633333333	393781.633333333	2503557.64444444	2553491.2	2467064.96666667	2578275.2	2324913.16666667	2270945.2	2718694.8	2553491.2	0.000173187231241058	0.997108822676649	0.000259191701579611	NA_[1699_856.59_6.2]	NA	[2-[(7Z,10Z,13Z,16Z,19Z)-docosa-7,10,13,16,19-pentaenoyl]oxy-3-[(8Z,11Z,14Z,17Z)-icosa-8,11,14,17-tetraenoyl]oxypropyl] 2-(trimethylazaniumyl)ethyl phosphate	[M + H]+	-1	Fatty acids	Glycerophospholipids	Glycerophosphocholines	1	1	0.999
raw	superclass	Glycerophospholipids	NPC superclass: Glycerophospholipids	1933	PET	PS	390975.7	390975.7	3982090.58888889	3986982	4146375.53333333	3991956.8	3755399.83333333	3952606	4044496.4	4060069.2	0.000171953167018882	0.997280775843668	0.000412263259792966	1-[(9Z)-octadecenoyl]-2-[(6Z,9Z)-octadecadienoyl]-sn-glycero-3-phosphocholine_[1933_806.57_6.8]	1-[(9Z)-octadecenoyl]-2-[(6Z,9Z)-octadecadienoyl]-sn-glycero-3-phosphocholine	NA	[M + Na]+	45	Fatty acids	Glycerophospholipids	Glycerophosphocholines	0.996	0.999	0.989
raw	superclass	Glycerophospholipids	NPC superclass: Glycerophospholipids	2283	PS	PET	386869.7	386869.7	2266946.17777778	2278416.2	2077876.93333333	2104861.8	2464746.63333333	2401107.5	2258214.96666667	2278416.2	0.000170147326646246	0.997450923170314	0.000234695469669525	NA_[2283_768.55_7.7]	NA	[(2R)-3-[2-aminoethoxy(hydroxy)phosphoryl]oxy-2-[(E)-hexadec-7-enoyl]oxypropyl] icosanoate	[M + Na]+	424	Fatty acids	Glycerophospholipids	Glycerophosphoethanolamines	0.998	0.999	0.996
raw	superclass	Glycerophospholipids	NPC superclass: Glycerophospholipids	2029	PET	PS	384299.433333333	384299.433333333	3665550.5	3618516	3798222.43333333	3623645.8	3413923	3570562.8	3784506.06666667	3830184.2	0.000169016909862245	0.997619940080176	0.000379492069387451	NA_[2029_822.6_7]	NA	[2-[(5Z,8Z,11Z,14Z,17Z)-icosa-5,8,11,14,17-pentaenoyl]oxy-3-nonadecanoyloxypropyl] 2-(trimethylazaniumyl)ethyl phosphate	[M + H]+	5	Fatty acids	Glycerophospholipids	Glycerophosphocholines	1	1	0.999
raw	superclass	Glycerophospholipids	NPC superclass: Glycerophospholipids	2184	PS	Untreated	382009.333333334	382009.333333334	9475332.88888889	9609549	9367973.33333333	8941440	9720017.33333333	9609549	9338008	10041383	0.000168009711850221	0.997787949792026	0.000980975077587777	NA_[2184_818.6_7.4]	NA	1-eicosyl-2-(6Z,9Z,12Z,15Z-octadecatetraenoyl)-glycero-3-phosphocholine	[M + Na]+	256	Fatty acids	Glycerophospholipids	Glycerophosphocholines	0.999	1	0.993
raw	superclass	Glycerophospholipids	NPC superclass: Glycerophospholipids	2186	PS	PET	319065.966666667	319065.966666667	3637230.03333333	3744531.8	3449120.63333333	3367931.2	3768186.6	3812438.5	3694382.86666667	3744531.8	0.000140326888490191	0.997928276680517	0.000376560069814303	NA_[2186_770.57_7.4]	NA	1-Eicosanoyl-2-tridecanoyl-sn-glycero-3-phosphocholine	[M + Na]+	10	Fatty acids	Glycerophospholipids	Glycerophosphocholines	0.994	0.998	0.934
raw	superclass	Glycerophospholipids	NPC superclass: Glycerophospholipids	2000	PET	PS	308210.466666667	308210.466666667	1608069.98888889	1786297.8	1787525.86666667	1813573.8	1479315.4	1637774.8	1557368.7	1800364.1	0.000135552582556156	0.998063829263073	0.000166482444534129	NA_[2000_772.53_7]	NA	NA	[M + H]+	101	Fatty acids	Glycerophospholipids	Glycerophosphocholines	1	1	0.999
raw	superclass	Glycerophospholipids	NPC superclass: Glycerophospholipids	2082	PET	PS	298256.7	298256.7	3724659.68888889	3817211	3851118.43333333	3907164	3552861.73333333	3532282.2	3769998.9	3884939.2	0.000131174863679764	0.998195004126753	0.000385611605432925	PE(20:0/18:4(6Z,9Z,12Z,15Z))_[2082_790.53_7.2]	PE(20:0/18:4(6Z,9Z,12Z,15Z))	(2-aminoethoxy)[3-(icosanoyloxy)-2-(octadeca-6,9,12,15-tetraenoyloxy)propoxy]phosphinic acid	[M + Na]+	424	Fatty acids	Glycerophospholipids	Glycerophosphoethanolamines	0.999	1	0.998
raw	superclass	Glycerophospholipids	NPC superclass: Glycerophospholipids	1972	Untreated	PS	291539.066666667	291539.066666667	2094924.31111111	2024597.6	2019846	1869335.1	1986693.93333333	1930835.2	2278233	2266419.2	0.000128220413245791	0.998323224539998	0.000216886157218032	PC(P-18:1(9Z)/18:3(6Z,9Z,12Z))_[1972_788.56_6.9]	PC(P-18:1(9Z)/18:3(6Z,9Z,12Z))	NA	[M + Na]+	45	Fatty acids	Glycerophospholipids	Glycerophosphocholines	1	1	0.99
raw	superclass	Glycerophospholipids	NPC superclass: Glycerophospholipids	2060	Untreated	PS	286082.466666667	286082.466666667	1497161.87777778	1556536.9	1483670.9	1445860.2	1360866.13333333	1512187.9	1646948.6	1632001.5	0.000125820571897197	0.998449045111895	0.000155000199616917	PC(P-18:1(9Z)/20:3(5Z,8Z,11Z))_[2060_816.59_7.1]	PC(P-18:1(9Z)/20:3(5Z,8Z,11Z))	NA	[M + Na]+	45	Fatty acids	Glycerophospholipids	Glycerophosphocholines	1	1	0.981
raw	superclass	Glycerophospholipids	NPC superclass: Glycerophospholipids	2191	Untreated	PS	283027.8	283027.8	2933722.95555556	3424859.2	3021398.8	3783466.5	2748371.13333333	3262667.2	3031398.93333333	3424859.2	0.000124477113448193	0.998573522225344	0.000303726437656021	1-arachidonoyl-sn-glycero-3-phosphoethanolamine_[2191_502.29_7.4]	1-arachidonoyl-sn-glycero-3-phosphoethanolamine	1-Arachidonoyl-Sn-Glycero-3-Phosphoethanolamine	[M + H]+	48	Fatty acids	Glycerophospholipids	Glycerophosphoethanolamines	1	1	0.999
raw	superclass	Glycerophospholipids	NPC superclass: Glycerophospholipids	1830	Untreated	PET	234244	234244	42309688.4444444	40964084	42162903.3333333	39776996	42369014.6666667	40964084	42397147.3333333	43970892	0.000103021741901532	0.998676543967245	0.00438029464412522	NA_[1830_832.59_6.6]	NA	NA	[M + H]+	-1	Fatty acids	Glycerophospholipids	Glycerophosphocholines	1	1	0.999
raw	superclass	Glycerophospholipids	NPC superclass: Glycerophospholipids	1929	Untreated	PS	233717.466666666	233717.466666666	3779614.88888889	3775424.8	3703752.26666667	3609193.8	3700687.46666667	3733137.2	3934404.93333333	3983259.2	0.000102790169775163	0.99877933413702	0.000391301081698933	NA_[1929_842.64_6.8]	NA	[(2R,3R,4R,5R)-3,4-dihydroxy-5-(hydroxymethyl)pyrrolidin-2-yl]methyl-[(3S,6E,10E,14E,18E,22E,26E,30E)-3,7,11,15,19,23,27,31,35-nonamethylhexatriaconta-6,10,14,18,22,26,30,34-octaenoxy]phosphinic acid	[M + H]+	82	Fatty acids	Glycerophospholipids	Glycerophosphocholines	1	0.997	0.985
raw	superclass	Glycerophospholipids	NPC superclass: Glycerophospholipids	2324	Untreated	PS	224132.9	224132.9	4097670.76666667	4050245.2	4088379.4	4050245.2	3990250	3939364.5	4214382.9	4173088.5	9.85748269985229e-05	0.998877908964019	0.000424229200746462	NA_[2324_734.61_7.8]	NA	1-Eicosyl-2-tridecanoyl-glycero-3-phosphocholine	[M + H]+	-1	Fatty acids	Glycerophospholipids	Glycerophosphocholines	0.999	1	0.993
raw	superclass	Glycerophospholipids	NPC superclass: Glycerophospholipids	2205	PS	Untreated	222926.666666667	222926.666666667	2269820.62222222	2303127.5	2206801.4	2140958.5	2412793.56666667	2401935.2	2189866.9	2267675.5	9.80443192410576e-05	0.99897595328326	0.000234993059041315	1-(1Z,9Z-octadecadienyl)-2-(4Z,7Z,10Z,13Z,16Z,19Z-docosahexaenoyl)-sn-glycero-3-phosphoethanolamine_[2205_774.54_7.5]	1-(1Z,9Z-octadecadienyl)-2-(4Z,7Z,10Z,13Z,16Z,19Z-docosahexaenoyl)-sn-glycero-3-phosphoethanolamine	(2-aminoethoxy)[2-(docosa-4,7,10,13,16,19-hexaenoyloxy)-3-(octadeca-1,9-dien-1-yloxy)propoxy]phosphinic acid	[M + H]+	101	Fatty acids	Glycerophospholipids	Glycerophosphocholines	0.999	1	0.998
raw	superclass	Glycerophospholipids	NPC superclass: Glycerophospholipids	2097	PS	PET	215191.5	215191.5	1482227.27777778	1410449.6	1341038.9	1314336.2	1556230.4	1639534.9	1549412.53333333	1663886.6	9.46423523010348e-05	0.999070595635561	0.000153454030150837	NA_[2097_794.57_7.2]	NA	NA	[M + H]+	10	Fatty acids	Glycerophospholipids	Glycerophosphoethanolamines	0.994	0.998	0.807
raw	superclass	Glycerophospholipids	NPC superclass: Glycerophospholipids	2056	PS	PET	191977.5	191977.5	6345200.33333333	6371055.5	6247799.66666667	6397779	6439777.16666667	6337340.5	6348024.16666667	6371055.5	8.44327131363084e-05	0.999155028348697	0.000656914481242206	NA_[2056_730.58_7.1]	NA	[(2R)-2-[(E)-heptadec-9-enoyl]oxy-3-[(E)-hexadec-1-enoxy]propyl] 2-(trimethylazaniumyl)ethyl phosphate	[M + H]+	-1	Fatty acids	Glycerophospholipids	Glycerophosphocholines	0.999	1	0.994
raw	superclass	Glycerophospholipids	NPC superclass: Glycerophospholipids	1897	Untreated	PS	190585.966666667	190585.966666667	2041153.84444444	1979809.5	2012373.43333333	1835120.5	1960251.06666667	1951373.4	2150837.03333333	2069933.1	8.38207094652899e-05	0.999238849058163	0.00021131933562677	PC(17:0/22:6(4Z,7Z,10Z,13Z,16Z,19Z))_[1897_820.58_6.7]	PC(17:0/22:6(4Z,7Z,10Z,13Z,16Z,19Z))	2-[(2-Docosa-4,7,10,13,16,19-hexaenoyloxy-3-heptadecanoyloxypropoxy)-hydroxyphosphoryl]oxyethyl-trimethylazanium	[M + H]+	-1	Fatty acids	Glycerophospholipids	Glycerophosphocholines	0.999	1	0.998
raw	superclass	Glycerophospholipids	NPC superclass: Glycerophospholipids	2121	PET	PS	178271.766666667	178271.766666667	2272970.14444444	2256788.5	2382717.93333333	2383722.8	2204446.16666667	2256788.5	2231746.33333333	2252989.8	7.84048596073475e-05	0.99931725391777	0.000235319127037294	1-octadecanoyl-2-[(8Z,10Z,12Z,14Z)-eicosatetraenoyl]-sn-glycero-3-phosphocholine_[2121_832.58_7.3]	1-octadecanoyl-2-[(8Z,10Z,12Z,14Z)-eicosatetraenoyl]-sn-glycero-3-phosphocholine	NA	[M + Na]+	45	Fatty acids	Glycerophospholipids	Glycerophosphocholines	0.997	0.999	0.99
raw	superclass	Glycerophospholipids	NPC superclass: Glycerophospholipids	2339	PS	PET	175213.333333334	175213.333333334	10417653.2222222	10570018	10345089	9991970	10520302.3333333	10638322	10387568.3333333	10570018	7.70597445585538e-05	0.999394313662328	0.00107853289143389	NA_[2339_810.6_7.9]	NA	1-tetradecanoyl-2-(11Z-docosenoyl)-glycero-3-phosphocholine	[M + Na]+	45	Fatty acids	Glycerophospholipids	Glycerophosphocholines	0.995	0.999	0.979
raw	superclass	Glycerophospholipids	NPC superclass: Glycerophospholipids	2179	PET	PS	172286.833333334	172286.833333334	5884769.38888889	5978803	5996937.66666667	6037977	5824650.83333333	5826149	5832719.66666667	5978803	7.57726544829283e-05	0.999470086316811	0.000609246363747374	NA_[2179_742.57_7.4]	NA	1-Eicosyl-2-dodecanoyl-glycero-3-phosphocholine	[M + Na]+	45	Fatty acids	Glycerophospholipids	Glycerophosphocholines	1	1	0.995
raw	superclass	Glycerophospholipids	NPC superclass: Glycerophospholipids	2139	PET	PS	163947.666666666	163947.666666666	16788779.1111111	16730652	16856777.3333333	16501731	16692829.6666667	16904722	16816730.3333333	16730652	7.21050451695314e-05	0.999542191361981	0.0017381314286529	1,2-dioleoyl-sn-glycero-3-phosphocholine(1+)_[2139_808.58_7.3]	1,2-dioleoyl-sn-glycero-3-phosphocholine(1+)	1,2-di-(9E-octadecenoyl)-sn-glycero-3-phosphocholine	[M + Na]+	45	Fatty acids	Glycerophospholipids	Glycerophosphocholines	0.994	0.999	0.978
raw	superclass	Glycerophospholipids	NPC superclass: Glycerophospholipids	1810	PET	Untreated	141556.066666666	141556.066666666	1852316.67777778	1845951.1	1945283.4	1956164.9	1807939.3	1833071.8	1803727.33333333	1845951.1	6.22571018456371e-05	0.999604448463827	0.000191769146056173	1-pentadecanoyl-2-hexadecanoyl-sn-glycero-3-phosphocholine_[1810_742.54_6.5]	1-pentadecanoyl-2-hexadecanoyl-sn-glycero-3-phosphocholine	1-Pentadecanoyl-2-hexadecanoyl-sn-glycero-3-phosphocholine	[M + Na]+	45	Fatty acids	Glycerophospholipids	Glycerophosphocholines	0.987	0.999	0.966
raw	superclass	Glycerophospholipids	NPC superclass: Glycerophospholipids	1803	Untreated	PET	136356.6	136356.6	4932036.8	4728859.5	4849316.9	4590751	4961120	4728859.5	4985673.5	4998186	5.99703490880041e-05	0.999664418812915	0.000510610575826758	NA_[1803_790.54_6.5]	NA	(2-aminoethoxy)[2-(icosa-8,11,14,17-tetraenoyloxy)-3-(icosa-8,11,14-trienoyloxy)propoxy]phosphinic acid	[M + H]+	10	Fatty acids	Glycerophospholipids	Glycerophosphoethanolamines	0.994	0.997	0.961
raw	superclass	Glycerophospholipids	NPC superclass: Glycerophospholipids	2472	PS	PET	132922.433333333	132922.433333333	2300023.93333333	2376834.8	2239182.1	2177062.2	2372104.53333333	2408801.8	2288785.16666667	2376834.8	5.84599845451336e-05	0.99972287879746	0.000238119988280432	NA_[2472_802.63_8.3]	NA	NA	[M + H]+	-1	Fatty acids	Glycerophospholipids	Glycerophosphocholines	1	1	0.999
raw	superclass	Glycerophospholipids	NPC superclass: Glycerophospholipids	1826	PET	PS	115457.366666667	115457.366666667	1770892.64444444	1737936.8	1825250.8	1820700.2	1709793.43333333	1737936.8	1777633.7	1699432	5.07787564648995e-05	0.999773657553925	0.000183339368616866	NA_[1826_778.61_6.6]	NA	[(2R)-3-[[di(propan-2-yl)amino]-methoxyphosphanyl]oxy-2-[(9Z,12Z)-octadeca-9,12-dienoyl]oxypropyl] (9Z,12Z)-octadeca-9,12-dienoate	[M + H]+	82	Fatty acids	Glycerophospholipids	Glycerophosphocholines	1	1	0.994
raw	superclass	Glycerophospholipids	NPC superclass: Glycerophospholipids	2469	PS	PET	104639.833333333	104639.833333333	2286975.41111111	2368852.8	2221192.63333333	2104131.2	2325832.46666667	2368852.8	2313901.13333333	2383626	4.60211484703386e-05	0.999819678702395	0.000236769083225227	PC(18:3(6Z,9Z,12Z)/22:0)_[2469_840.65_8.3]	PC(18:3(6Z,9Z,12Z)/22:0)	[(2R)-2-docosanoyloxy-3-[(6E,9E,12E)-octadeca-6,9,12-trienoyl]oxypropyl] 2-(trimethylazaniumyl)ethyl phosphate	[M + H]+	-1	Fatty acids	Glycerophospholipids	Glycerophosphocholines	1	1	0.997
raw	superclass	Glycerophospholipids	NPC superclass: Glycerophospholipids	1076	PS	PET	99168.8666666666	99168.8666666666	1046929.88888889	1013873.6	1013873.6	1013873.6	1113042.46666667	1013873.6	1013873.6	1013873.6	4.36149885862639e-05	0.999863293690981	0.000108387973385722	NA_[1076_748.62_4]	NA	1-(1Z-octadecenyl)-2-heneicosanoyl-glycero-3-phosphate	[M + H3N + H]+	70	Fatty acids	Glycerophospholipids	Glycerophosphates	1	1	1
raw	superclass	Glycerophospholipids	NPC superclass: Glycerophospholipids	1739	PS	PET	93148.1666666665	93148.1666666665	2927729.02222222	2930368.5	2889167.33333333	2899231.8	2982315.5	2996363.2	2911704.23333333	2930368.5	4.09670530939287e-05	0.999904260744075	0.000303105889619802	1-hexadecanoyl-2-(4Z,7Z,10Z,13Z,16Z,19Z-docosahexaenoyl)-sn-glycero-3-phosphocholine_[1739_828.55_6.4]	1-hexadecanoyl-2-(4Z,7Z,10Z,13Z,16Z,19Z-docosahexaenoyl)-sn-glycero-3-phosphocholine	2-[[(2R)-2-docosa-4,7,10,13,16,19-hexaenoyloxy-3-hexadecanoyloxypropoxy]-hydroxyphosphoryl]oxyethyl-trimethylazanium	[M + Na]+	45	Fatty acids	Glycerophospholipids	Glycerophosphocholines	0.997	1	0.989
raw	superclass	Glycerophospholipids	NPC superclass: Glycerophospholipids	1610	Untreated	PET	75821.1666666667	75821.1666666667	1109116.27777778	1013873.6	1081506.43333333	1013873.6	1088514.8	1013873.6	1157327.6	1135417.6	3.33465474590871e-05	0.999937607291534	0.000114826089954345	NA_[1610_802.54_6.1]	NA	O-[1-O-(1-Oxo-9,10-octadecadien-1-yl)-2-O-(1-oxo-9,10,15-octadecatrien-1-yl)-L-glycero-3-phospho]choline	[M + Na]+	45	Fatty acids	Glycerophospholipids	Glycerophosphocholines	0.997	1	0.988
raw	superclass	Glycerophospholipids	NPC superclass: Glycerophospholipids	2194	Untreated	PET	75661.4333333332	75661.4333333332	1039094.07777778	1013873.6	1013873.6	1013873.6	1013873.6	1013873.6	1089535.03333333	1013873.6	3.32762958998593e-05	0.999970883587434	0.000107576736936003	NA_[2194_794.57_7.4]	NA	[3-henicosanoyloxy-2-[(5E,7E,9E,11E,13E)-hexadeca-5,7,9,11,13-pentaenoyl]oxypropyl] 2-(trimethylazaniumyl)ethyl phosphate	[M + H]+	10	Fatty acids	Glycerophospholipids	Glycerophosphocholines	0.992	0.997	0.798
raw	superclass	Glycerophospholipids	NPC superclass: Glycerophospholipids	2261	Untreated	PET	66202.9666666666	66202.9666666666	1475093.65555556	1424812.6	1438605.03333333	1352757.6	1481867.93333333	1424812.6	1504808	1599252.9	2.91164125657394e-05	1	0.000152715490862035	PC(19:0/18:4(6Z,9Z,12Z,15Z))_[2261_796.59_7.6]	PC(19:0/18:4(6Z,9Z,12Z,15Z))	[3-nonadecanoyloxy-2-[(6Z,9Z,12Z,15Z)-octadeca-6,9,12,15-tetraenoyl]oxypropyl] 2-(trimethylazaniumyl)ethyl phosphate	[M + H]+	10	Fatty acids	Glycerophospholipids	Glycerophosphocholines	0.994	0.998	0.947
raw	superclass	Glycerophospholipids	NPC superclass: Glycerophospholipids	1620	PET	PET	0	0	1013873.6	1013873.6	1013873.6	1013873.6	1013873.6	1013873.6	1013873.6	1013873.6	0	1	0.000104965677204912	1-octadecanoyl-2-(4Z,7Z,10Z,13Z,16Z,19Z-docosahexaenoyl)-sn-glycero-3-phosphoserine(1-)_[1620_836.54_6.1]	1-octadecanoyl-2-(4Z,7Z,10Z,13Z,16Z,19Z-docosahexaenoyl)-sn-glycero-3-phosphoserine(1-)	2-amino-3-({[2-(docosa-4,7,10,13,16,19-hexaenoyloxy)-3-(octadecanoyloxy)propoxy](hydroxy)phosphoryl}oxy)propanoic acid	[M + H]+	202	Fatty acids	Glycerophospholipids	Glycerophosphoserines	0.999	1	0.999
raw	superclass	Glycerophospholipids	NPC superclass: Glycerophospholipids	1692	PET	PET	0	0	1013873.6	1013873.6	1013873.6	1013873.6	1013873.6	1013873.6	1013873.6	1013873.6	0	1	0.000104965677204912	NA_[1692_838.56_6.2]	NA	2-amino-3-[hydroxy-[3-icosanoyloxy-2-[(5Z,8Z,11Z,14Z,17Z)-icosa-5,8,11,14,17-pentaenoyl]oxypropoxy]phosphoryl]oxypropanoic acid	[M + H]+	202	Fatty acids	Glycerophospholipids	Glycerophosphoserines	0.999	1	0.999
raw	superclass	Glycerophospholipids	NPC superclass: Glycerophospholipids	1766	PET	PET	0	0	1013873.6	1013873.6	1013873.6	1013873.6	1013873.6	1013873.6	1013873.6	1013873.6	0	1	0.000104965677204912	NA_[1766_512.3_6.4]	NA	Pob-PA	[M + H3N + H]+	21	Fatty acids	Glycerophospholipids	Glycerophosphates	1	1	0.74
raw	superclass	Glycerophospholipids	NPC superclass: Glycerophospholipids	1809	PET	PET	0	0	1013873.6	1013873.6	1013873.6	1013873.6	1013873.6	1013873.6	1013873.6	1013873.6	0	1	0.000104965677204912	NA_[1809_766.54_6.5]	NA	[3-[(9Z,12Z)-heptadeca-9,12-dienoyl]oxy-2-[(9Z,12Z,15Z)-octadeca-9,12,15-trienoyl]oxypropyl] 2-(trimethylazaniumyl)ethyl phosphate	[M + H]+	10	Fatty acids	Glycerophospholipids	Glycerophosphocholines	0.992	0.997	0.79
raw	superclass	Glycerophospholipids	NPC superclass: Glycerophospholipids	1871	PET	PET	0	0	1013873.6	1013873.6	1013873.6	1013873.6	1013873.6	1013873.6	1013873.6	1013873.6	0	1	0.000104965677204912	NA_[1871_734.62_6.6]	NA	2,3-dihydroxy-N-(1,3,4-trihydroxytricos-18-en-2-yl)icosanamide	[M + Na]+	5	Fatty acids	Glycerophospholipids	Glycerophosphocholines	1	1	0.999
raw	superclass	Glycerophospholipids	NPC superclass: Glycerophospholipids	1872	PET	PET	0	0	1013873.6	1013873.6	1013873.6	1013873.6	1013873.6	1013873.6	1013873.6	1013873.6	0	1	0.000104965677204912	NA_[1872_778.54_6.7]	NA	2,3-bis[[(9E,11E,13E)-octadeca-9,11,13-trienoyl]oxy]propyl 2-(trimethylazaniumyl)ethyl phosphate	[M + H]+	82	Fatty acids	Glycerophospholipids	Glycerophosphocholines	0.994	0.998	0.814
raw	superclass	Glycerophospholipids	NPC superclass: Glycerophospholipids	2047	PET	PET	0	0	1013873.6	1013873.6	1013873.6	1013873.6	1013873.6	1013873.6	1013873.6	1013873.6	0	1	0.000104965677204912	PC(20:3(8Z,11Z,14Z)/20:3(8Z,11Z,14Z))_[2047_856.58_7.1]	PC(20:3(8Z,11Z,14Z)/20:3(8Z,11Z,14Z))	2,3-bis[[(8E,11E,14E)-icosa-8,11,14-trienoyl]oxy]propyl 2-(trimethylazaniumyl)ethyl phosphate	[M + Na]+	45	Fatty acids	Glycerophospholipids	Glycerophosphocholines	0.999	1	0.996
raw	superclass	Glycerophospholipids	NPC superclass: Glycerophospholipids	2410	PET	PET	0	0	1013873.6	1013873.6	1013873.6	1013873.6	1013873.6	1013873.6	1013873.6	1013873.6	0	1	0.000104965677204912	1,2-di-O-palmitoyl-sn-glycero-3-phosphocholine_[2410_734.57_8]	1,2-di-O-palmitoyl-sn-glycero-3-phosphocholine	2-[[(2R)-2-(8,9-ditritiohexadecanoyloxy)-3-hexadecanoyloxypropoxy]-hydroxyphosphoryl]oxyethyl-trimethylazanium	[M + H]+	725	Fatty acids	Glycerophospholipids	Glycerophosphocholines	1	1	0.999
raw	superclass	Glycerophospholipids	NPC superclass: Glycerophospholipids	2703	PET	PET	0	0	1013873.6	1013873.6	1013873.6	1013873.6	1013873.6	1013873.6	1013873.6	1013873.6	0	1	0.000104965677204912	NA_[2703_766.46_8.9]	NA	NA	[M + H]+	-1	Fatty acids	Glycerophospholipids	Glycerophosphoserines	0.367	0.8	0.31
raw	superclass	Histidine alkaloids	NPC superclass: Histidine alkaloids	12	PET	PET	0	0	1013873.6	1013873.6	1013873.6	1013873.6	1013873.6	1013873.6	1013873.6	1013873.6	NA	0	1	trans-urocanate_[12_121.04_0.5]	trans-urocanate	Urocanic Acid	[M - H2O + H]+	-1	Alkaloids	Histidine alkaloids	Imidazole alkaloids	0.7	0.766	0.767
raw	superclass	Lignans	NPC superclass: Lignans	232	PET	Untreated	79626466.6666665	79626466.6666665	1277640122.22222	1288083300	1326302933.33333	1373486500	1259940966.66667	1272644200	1246676466.66667	1302007600	0.54478213974212	0.54478213974212	0.951964939202828	NA_[232_415.21_1]	NA	(1R)-1-[(2R,4S,4aR,6R,8aR)-2,6-bis(3,4-dimethylphenyl)-4,4a,8,8a-tetrahydro-[1,3]dioxino[5,4-d][1,3]dioxin-4-yl]ethane-1,2-diol	[M + H]+	186	Shikimates and Phenylpropanoids	Lignans	Neolignans	0.545	0.806	0.234
raw	superclass	Lignans	NPC superclass: Lignans	451	Untreated	PS	17828862	17828862	27463436	24369436	22160131.3333333	21246206	21200657.3333333	20521388	39029519.3333333	38752310	0.121980115357712	0.666762255099832	0.0204629047940101	NA_[451_415.21_1.7]	NA	(1R)-1-[(2R,4S,4aR,6R,8aR)-2,6-bis(3,4-dimethylphenyl)-4,4a,8,8a-tetrahydro-[1,3]dioxino[5,4-d][1,3]dioxin-4-yl]ethane-1,2-diol	[M + H]+	186	Shikimates and Phenylpropanoids	Lignans	Neolignans	0.813	0.94	0.39
raw	superclass	Lignans	NPC superclass: Lignans	1554	Untreated	PET	9628312.6	9628312.6	4223311.13333333	1013873.6	1013873.6	1013873.6	1013873.6	1013873.6	10642186.2	5954489	0.0658742370459825	0.732636492145815	0.00314677353689039	NA_[1554_415.21_5.8]	NA	(1R)-1-[(2R,4S,4aR,6R,8aR)-2,6-bis(3,4-dimethylphenyl)-4,4a,8,8a-tetrahydro-[1,3]dioxino[5,4-d][1,3]dioxin-4-yl]ethane-1,2-diol	[M + H]+	186	Shikimates and Phenylpropanoids	Lignans	Neolignans	0.794	0.943	0.424
raw	superclass	Lignans	NPC superclass: Lignans	1510	Untreated	PET	6312022.26666667	6312022.26666667	3117881.02222222	1013873.6	1013873.6	1013873.6	1013873.6	1013873.6	7325895.86666667	3652804	0.0431851008902557	0.77582159303607	0.00232312164132646	NA_[1510_415.21_5.6]	NA	(1R)-1-[(2R,4S,4aR,6R,8aR)-2,6-bis(3,4-dimethylphenyl)-4,4a,8,8a-tetrahydro-[1,3]dioxino[5,4-d][1,3]dioxin-4-yl]ethane-1,2-diol	[M + H]+	186	Shikimates and Phenylpropanoids	Lignans	Neolignans	0.735	0.923	0.308
raw	superclass	Lignans	NPC superclass: Lignans	1212	Untreated	PS	6214810.66666667	6214810.66666667	3362524.88888889	1108813.2	1588375.86666667	1107856	1142194.06666667	1013873.6	7357004.73333333	9475968	0.042520006158909	0.818341599194979	0.00250540488338104	NA_[1212_415.21_4.4]	NA	(1R)-1-[(2R,4S,4aR,6R,8aR)-2,6-bis(3,4-dimethylphenyl)-4,4a,8,8a-tetrahydro-[1,3]dioxino[5,4-d][1,3]dioxin-4-yl]ethane-1,2-diol	[M + H]+	186	Shikimates and Phenylpropanoids	Lignans	Neolignans	0.701	0.877	0.336
raw	superclass	Lignans	NPC superclass: Lignans	813	PET	PS	6139422.93333333	6139422.93333333	5715523.98888889	5707762.5	8221472.2	10010104	2082049.26666667	2284598.2	6843050.5	6219592	0.0420042242537848	0.860345823448764	0.00425861582769593	NA_[813_415.21_3.1]	NA	(1R)-1-[(2R,4S,4aR,6R,8aR)-2,6-bis(3,4-dimethylphenyl)-4,4a,8,8a-tetrahydro-[1,3]dioxino[5,4-d][1,3]dioxin-4-yl]ethane-1,2-diol	[M + H]+	186	Shikimates and Phenylpropanoids	Lignans	Neolignans	0.709	0.915	0.293
raw	superclass	Lignans	NPC superclass: Lignans	885	Untreated	PET	5552571.3	5552571.3	6128900.87777778	5545337	3267041.53333333	3241914	6300048.26666667	2434680.2	8819612.83333333	8200998	0.0379891485898494	0.898334972038613	0.00456662142180212	NA_[885_415.21_3.4]	NA	(1R)-1-[(2R,4S,4aR,6R,8aR)-2,6-bis(3,4-dimethylphenyl)-4,4a,8,8a-tetrahydro-[1,3]dioxino[5,4-d][1,3]dioxin-4-yl]ethane-1,2-diol	[M + H]+	186	Shikimates and Phenylpropanoids	Lignans	Neolignans	0.712	0.902	0.439
raw	superclass	Lignans	NPC superclass: Lignans	1006	Untreated	PS	3650007.83333333	3650007.83333333	3368258.74444444	2683867.2	2285145	2683867.2	2084811.7	1984395	5734819.53333333	6492090.5	0.0249723384794022	0.923307310518016	0.0025096771579914	NA_[1006_415.21_3.7]	NA	(1R)-1-[(2R,4S,4aR,6R,8aR)-2,6-bis(3,4-dimethylphenyl)-4,4a,8,8a-tetrahydro-[1,3]dioxino[5,4-d][1,3]dioxin-4-yl]ethane-1,2-diol	[M + H]+	186	Shikimates and Phenylpropanoids	Lignans	Neolignans	0.783	0.89	0.415
raw	superclass	Lignans	NPC superclass: Lignans	1435	Untreated	PS	3040456.7	3040456.7	2106729.45555556	1013873.6	1251984.46666667	1013873.6	1013873.6	1013873.6	4054330.3	3253330.2	0.0208019591495031	0.944109269667519	0.00156971634123895	NA_[1435_415.21_5.3]	NA	(1R)-1-[(2R,4S,4aR,6R,8aR)-2,6-bis(3,4-dimethylphenyl)-4,4a,8,8a-tetrahydro-[1,3]dioxino[5,4-d][1,3]dioxin-4-yl]ethane-1,2-diol	[M + H]+	186	Shikimates and Phenylpropanoids	Lignans	Neolignans	0.78	0.936	0.355
raw	superclass	Lignans	NPC superclass: Lignans	1471	Untreated	PET	2975018.76666667	2975018.76666667	2005546.52222222	1013873.6	1013873.6	1013873.6	1013873.6	1013873.6	3988892.36666667	4850142	0.0203542510088057	0.964463520676324	0.00149432531108603	NA_[1471_415.21_5.5]	NA	(1R)-1-[(2R,4S,4aR,6R,8aR)-2,6-bis(3,4-dimethylphenyl)-4,4a,8,8a-tetrahydro-[1,3]dioxino[5,4-d][1,3]dioxin-4-yl]ethane-1,2-diol	[M + H]+	186	Shikimates and Phenylpropanoids	Lignans	Neolignans	0.748	0.931	0.339
raw	superclass	Lignans	NPC superclass: Lignans	1064	Untreated	PS	2603851.7	2603851.7	3489789.61111111	2185012.8	3028147.13333333	2185012.8	2418685	1988556.4	5022536.7	6269252	0.0178148291652251	0.982278349841549	0.00260022935816524	NA_[1064_415.21_3.9]	NA	(1R)-1-[(2R,4S,4aR,6R,8aR)-2,6-bis(3,4-dimethylphenyl)-4,4a,8,8a-tetrahydro-[1,3]dioxino[5,4-d][1,3]dioxin-4-yl]ethane-1,2-diol	[M + H]+	186	Shikimates and Phenylpropanoids	Lignans	Neolignans	0.846	0.942	0.435
raw	superclass	Lignans	NPC superclass: Lignans	970	Untreated	PS	2590232.46666667	2590232.46666667	3486355.37777778	3570689	2756952.53333333	3570689	2555940.56666667	1980654.6	5146173.03333333	5662370	0.0177216501584504	1	0.00259767052358459	NA_[970_415.21_3.6]	NA	(1R)-1-[(2R,4S,4aR,6R,8aR)-2,6-bis(3,4-dimethylphenyl)-4,4a,8,8a-tetrahydro-[1,3]dioxino[5,4-d][1,3]dioxin-4-yl]ethane-1,2-diol	[M + H]+	186	Shikimates and Phenylpropanoids	Lignans	Neolignans	0.756	0.923	0.346
raw	superclass	Linear polyketides	NPC superclass: Linear polyketides	1385	Untreated	PS	16223048.5	16223048.5	8900162.47777778	4057639.2	4453799.6	3913436.2	3011819.66666667	3363378.2	19234868.1666667	23403656	0.181101252268419	0.181101252268419	0.0290793731394626	NA_[1385_507.27_5.2]	NA	N,N'-[3-(3,6,9,12-Tetraoxatridecane-1-yloxy)benzylidenebis(oxyethylene)]bis(acrylamide)	[M - H2O + H]+	238	Polyketides	Linear polyketides	Open-chain polyketides	0.562	0.761	0.504
raw	superclass	Linear polyketides	NPC superclass: Linear polyketides	2517	PS	PET	12335958.6666667	12335958.6666667	29946201.1111111	25582832	25593866.6666667	25582832	37929825.3333333	45288500	26314911.3333333	25003804	0.137708862946738	0.318810115215157	0.0978427931393021	D-galactosyl-N-hexadecanoylsphinganine_[2517_740.55_8.4]	D-galactosyl-N-hexadecanoylsphinganine	Beta-D-Galactosyl-(1<->1')-N-Hexadecanoylsphinganine	[M + K]+	380	Polyketides	Linear polyketides	Open-chain polyketides	0.875	0.937	0.8
raw	superclass	Linear polyketides	NPC superclass: Linear polyketides	1283	Untreated	PS	9865273.96666667	9865273.96666667	13445777.5222222	9900562	10698341.2	9900562	9886858.7	4715868.5	19752132.6666667	20956814	0.110128097646651	0.428938212861808	0.0439311959411019	NA_[1283_507.27_4.7]	NA	ethyl 4-[4-oxo-4-[[(5R,9R,10S,12R,13R)-1,5,9-trimethyl-11,14,15,16-tetraoxatetracyclo[10.3.1.04,13.08,13]hexadecan-10-yl]oxy]butanoyl]piperazine-1-carboxylate	[M - H2O + H]+	-1	Amino acids and Peptides	Linear polyketides	Open-chain polyketides	0.639	0.895	0.628
raw	superclass	Linear polyketides	NPC superclass: Linear polyketides	2291	PET	Untreated	9789622	9789622	54772295.5555556	53830210	58562602	54368676	56981304.6666667	53830210	48772980	49206310	0.109283579065578	0.538221791927386	0.178956735244075	NA_[2291_762.6_7.7]	NA	methyl 4-hydroxy-1-[2-(4-hydroxyphenyl)ethyl]-5-(2-oxooctadecylidene)-2-pentadecylpyrrolidine-3-carboxylate	[M + Na]+	300	Alkaloids	Linear polyketides	Open-chain polyketides	0.278	0.749	0.759
raw	superclass	Linear polyketides	NPC superclass: Linear polyketides	2685	PS	PET	9123028.33333333	9123028.33333333	20242541.1111111	17596942	16931723.6666667	17596942	26054752	29611824	17741147.6666667	16201961	0.101842255827993	0.640064047755379	0.0661381640762906	beta-D-glucosyl-N-(octadecanoyl)sphinganine_[2685_768.58_8.8]	beta-D-glucosyl-N-(octadecanoyl)sphinganine	Beta-D-Galactosyl-(1<->1')-N-Octadecanoylsphinganine	[M + K]+	380	Fatty acids	Linear polyketides	Open-chain polyketides	0.791	0.712	0.445
raw	superclass	Linear polyketides	NPC superclass: Linear polyketides	1495	Untreated	PS	8641971.2	8641971.2	4949573.04444444	2388970.8	3419237.13333333	2388970.8	1393755.4	1181818.2	10035726.6	7841221	0.0964721153602918	0.736536163115671	0.0161716689779312	NA_[1495_507.27_5.6]	NA	N,N'-[3-(3,6,9,12-Tetraoxatridecane-1-yloxy)benzylidenebis(oxyethylene)]bis(acrylamide)	[M - H2O + H]+	-1	Polyketides	Linear polyketides	Open-chain polyketides	0.561	0.728	0.518
raw	superclass	Linear polyketides	NPC superclass: Linear polyketides	922	Untreated	PS	5572433.16666667	5572433.16666667	5115914.67777778	1013873.6	4033035.06666667	1013873.6	2871137.9	1013873.6	8443571.06666667	1013873.6	0.0622062262012841	0.798742389316955	0.0167151546093907	NA_[922_576.33_3.5]	NA	Rhizoxin D	[M - H2O + H]+	59	Polyketides	Linear polyketides	Open-chain polyketides	0.74	0.739	0.594
raw	superclass	Linear polyketides	NPC superclass: Linear polyketides	587	Untreated	PS	4661204	4661204	25416736.2222222	24972100	25053183.3333333	24014384	23267910.6666667	24105600	27929114.6666667	29386262	0.0520339861819782	0.850776375498933	0.0830437375091422	NA_[587_565.41_2.3]	NA	NA	[M + Na]+	-1	Polyketides	Linear polyketides	Open-chain polyketides	0.865	0.824	0.809
raw	superclass	Linear polyketides	NPC superclass: Linear polyketides	251	PS	Untreated	2752921.73333333	2752921.73333333	4635683.28888889	3756647.2	4257451.93333333	3602859	6201259.83333333	5930382	3448338.1	3756647.2	0.0307314357904812	0.881507811289414	0.015146101484164	Sarcoursodeoxycholic acid_[251_481.36_1.1]	Sarcoursodeoxycholic acid	YZYBIGOLMMAZFK	[M + H3N + H]+	509	Polyketides	Linear polyketides	Open-chain polyketides	0.46	0.87	0.781
raw	superclass	Linear polyketides	NPC superclass: Linear polyketides	746	PS	Untreated	2440573.56666667	2440573.56666667	5118698.67777778	4100123.5	4672905.93333333	3743875.5	6561881.83333333	6320161.5	4121308.26666667	4100123.5	0.0272446284788296	0.908752439768244	0.0167242507326382	NA_[746_641.51_2.9]	NA	Cer(d16:1/6 keto-PGF1alpha)	[M + H3N + H]+	131	Polyketides	Linear polyketides	Open-chain polyketides	0.782	0.911	0.843
raw	superclass	Linear polyketides	NPC superclass: Linear polyketides	728	PET	Untreated	1898853.33333333	1898853.33333333	99801342.2222222	99285260	100476653.333333	100952680	100349573.333333	99285260	98577800	99252344	0.021197293254762	0.929949733023006	0.326079493216603	Precorallopyronin A_[728_529.33_2.8]	Precorallopyronin A	Precorallopyronin A	[M + H3N + H]+	-1	Polyketides	Linear polyketides	Open-chain polyketides	0.807	0.729	0.599
raw	superclass	Linear polyketides	NPC superclass: Linear polyketides	2520	PS	PET	1230943.16666667	1230943.16666667	9538036.96666667	9384488	8870817.16666667	9384488	10101760.3333333	8446012	9641533.4	10491268	0.0137412736548612	0.943691006677867	0.0311634913030195	NA_[2520_762.48_8.4]	NA	4-[[(3aR,5aR,5bR,7aR,9S,11aR,11bR,13aS)-1-isopropyl-3a-[(4-isopropylpiperazine-1-carbonyl)amino]-5a,5b,8,8,11a-pentamethyl-2-oxo-4,5,6,7,7a,9,10,11,11b,12,13,13a-dodecahydro-3H-cyclopenta[a]chrysen-9-yl]oxy]-2,2-dimethyl-4-oxo-butanoic acid	[M + K]+	25	Polyketides	Linear polyketides	Open-chain polyketides	0.549	0.735	0.613
raw	superclass	Linear polyketides	NPC superclass: Linear polyketides	1151	PS	Untreated	1148695.43333333	1148695.43333333	1595799.73333333	1013873.6	1339097.56666667	1013873.6	2298498.53333333	1747293.8	1149803.1	1013873.6	0.0128231251636633	0.95651413184153	0.00521393356776577	NA_[1151_762.64_4.2]	NA	NA	[M + K]+	70	Fatty acids	Linear polyketides	Open-chain polyketides	0.562	0.901	0.687
raw	superclass	Linear polyketides	NPC superclass: Linear polyketides	886	PS	Untreated	1010261.36666667	1010261.36666667	2248047.06666667	2071877.9	2233242.5	1943197.6	2760580.03333333	3117914.5	1750318.66666667	2071877.9	0.0112777569901081	0.967791888831638	0.00734501191971459	NA_[886_641.51_3.4]	NA	Cer(d16:1/TXB2)	[M + H3N + H]+	131	Polyketides	Linear polyketides	Open-chain polyketides	0.726	0.773	0.595
raw	superclass	Linear polyketides	NPC superclass: Linear polyketides	617	PS	Untreated	851176.333333334	851176.333333334	11796398.1111111	11369587	12079174	12155570	12080598.3333333	11199915	11229422	10853798	0.0095018577962032	0.977293746627842	0.0385422022610424	DG(18:2(9Z,12Z)/20:4(8Z,11Z,14Z,17Z)/0:0)_[617_623.5_2.4]	DG(18:2(9Z,12Z)/20:4(8Z,11Z,14Z,17Z)/0:0)	Diglyceride	[M - H2O + H]+	131	Polyketides	Linear polyketides	Acetogenins	0.983	0.988	0.83
raw	superclass	Linear polyketides	NPC superclass: Linear polyketides	3083	Untreated	PS	816287.233333333	816287.233333333	1815323.41111111	1013873.6	1695333.66666667	1013873.6	1467174.66666667	1013873.6	2283461.9	1013873.6	0.00911238354291978	0.986406130170761	0.00593118012983539	NA_[3083_906.58_9.7]	NA	1,3,5-Tris(3,5-di-tert-butyl-4-hydroxyhydrocinnamoyl)hexahydro-S-triazine	[M + K]+	25	Polyketides	Linear polyketides	Open-chain polyketides	0.339	0.794	0.6
raw	superclass	Linear polyketides	NPC superclass: Linear polyketides	668	PS	Untreated	736928.7	736928.7	2467197.31111111	2645336.8	2348741.96666667	2294516	2894889.33333333	2731846.8	2157960.63333333	2645336.8	0.00822648779004376	0.994632617960805	0.00806103836841327	Cer(d16:1/5-iso PGF2VI)_[668_597.48_2.6]	Cer(d16:1/5-iso PGF2VI)	Cer(d16:1/5-iso PGF2VI)	[M + H3N + H]+	131	Polyketides	Linear polyketides	Open-chain polyketides	0.595	0.804	0.573
raw	superclass	Linear polyketides	NPC superclass: Linear polyketides	884	PS	Untreated	480810.033333333	480810.033333333	1217105.21111111	1013873.6	1142758.4	1013873.6	1494683.63333333	1500049.5	1013873.6	1013873.6	0.00536738203919484	1	0.00397663038986692	NA_[884_581.49_3.4]	NA	9-hydroxy-2-[1-hydroxy-3-(1-hydroxy-2-{[4-(3-methylbutyl)-1H-pyrrol-2-yl]methyl}cyclopentyl)propyl]hexadecanoic acid	[M + H3N + H]+	131	Fatty acids	Linear polyketides	Open-chain polyketides	0.371	0.793	0.284
raw	superclass	Linear polyketides	NPC superclass: Linear polyketides	3170	PET	PET	0	0	1013873.6	1013873.6	1013873.6	1013873.6	1013873.6	1013873.6	1013873.6	1013873.6	0	1	0.00331261466341361	NA_[3170_876.48_10.1]	NA	11',16',17',21'-tetrahydroxy-14'-{[(2-hydroxypropyl)amino]methyl}-27'-(3-methoxypropoxy)-17',30',33'-trimethyl-34'-oxa-7',10'-diazaspiro[cyclopentane-1,35'-octacyclo[16.12.3.1⁹,¹³.1¹²,¹⁵.0¹,²².0⁵,⁷.0²¹,³³.0²⁵,³⁰]pentatriacontan]-22'-en-2'-yne-8',24'-dione	[M + K]+	194	Polyketides	Linear polyketides	Ansa macrolides	0.856	0.786	0.609
raw	superclass	Linear polyketides	NPC superclass: Linear polyketides	3303	PET	PET	0	0	1013873.6	1013873.6	1013873.6	1013873.6	1013873.6	1013873.6	1013873.6	1013873.6	0	1	0.00331261466341361	NA_[3303_904.51_10.7]	NA	NA	[M + K]+	194	Polyketides	Linear polyketides	Open-chain polyketides	0.833	0.84	0.54
raw	superclass	Linear polyketides	NPC superclass: Linear polyketides	973	PET	PET	0	0	1013873.6	1013873.6	1013873.6	1013873.6	1013873.6	1013873.6	1013873.6	1013873.6	0	1	0.00331261466341361	NA_[973_590.35_3.6]	NA	Ac-Ser-Ala-Val-Leu-Cha-al	[M + Na]+	167	Amino acids and Peptides	Linear polyketides	Open-chain polyketides	0.924	0.846	0.306
raw	superclass	Macrolides	NPC superclass: Macrolides	927	Untreated	PS	166846934.666667	166846934.666667	154860834	136073500	118028303.333333	136073500	89853632	104093490	256700566.666667	269181400	0.131873154502201	0.131873154502201	0.0877948503795836	NA_[927_530.35_3.5]	NA	ethyl 2-{7-[2-(3-hydroxyoct-1-en-1-yl)-5-oxocyclopentyl]heptanamido}-3-(4-hydroxyphenyl)propanoate	[M + H]+	4	Polyketides	Macrolides	Open-chain polyketides	0.782	0.811	0.553
raw	superclass	Macrolides	NPC superclass: Macrolides	1332	Untreated	PS	108331440.966667	108331440.966667	63356270.9555556	34292770	35267672.5	37173628	23234849.7	33614470	131566290.666667	153197950	0.0856234421122839	0.217496596614485	0.0359184061294114	NA_[1332_530.35_4.9]	NA	ethyl 2-{7-[2-(3-hydroxyoct-1-en-1-yl)-5-oxocyclopentyl]heptanamido}-3-(4-hydroxyphenyl)propanoate	[M + H]+	4	Polyketides	Macrolides	Erythromycins	0.894	0.868	0.664
raw	superclass	Macrolides	NPC superclass: Macrolides	1592	Untreated	PS	105296344.3	105296344.3	42761845.4	8592366	12844612.5	8592366	5072289.7	6045072	110368634	102297500	0.0832245501431142	0.3007211467576	0.0242428619417605	NA_[1592_530.35_5.9]	NA	ethyl 2-{7-[2-(3-hydroxyoct-1-en-1-yl)-5-oxocyclopentyl]heptanamido}-3-(4-hydroxyphenyl)propanoate	[M + H]+	-1	Polyketides	Macrolides	Erythromycins	0.884	0.76	0.605
raw	superclass	Macrolides	NPC superclass: Macrolides	1097	Untreated	PS	100817066	100817066	147299862.888889	151957010	176552621.333333	218153490	82264950.6666667	89410790	183082016.666667	188527180	0.0796842000582033	0.380405346815803	0.0835083286666477	NA_[1097_530.35_4]	NA	ethyl 2-{7-[2-(3-hydroxyoct-1-en-1-yl)-5-oxocyclopentyl]heptanamido}-3-(4-hydroxyphenyl)propanoate	[M + H]+	4	Polyketides	Macrolides	Open-chain polyketides	0.787	0.78	0.607
raw	superclass	Macrolides	NPC superclass: Macrolides	1218	Untreated	PS	100741493	100741493	106194571.333333	121848360	89682740.3333333	121848360	64079740.3333333	56180664	164821233.333333	183966020	0.0796244683650493	0.460029815180852	0.060204612493137	NA_[1218_530.35_4.4]	NA	ethyl 2-{7-[2-(3-hydroxyoct-1-en-1-yl)-5-oxocyclopentyl]heptanamido}-3-(4-hydroxyphenyl)propanoate	[M + H]+	4	Polyketides	Macrolides	Open-chain polyketides	0.884	0.787	0.631
raw	superclass	Macrolides	NPC superclass: Macrolides	1549	Untreated	PS	95863209.8	95863209.8	41616172.5111111	15559499	17044999.3333333	15559499	5970154.2	6045072	101833364	110803480	0.0757687511747735	0.535798566355626	0.0235933485866668	NA_[1549_530.35_5.8]	NA	ethyl 2-{7-[2-(3-hydroxyoct-1-en-1-yl)-5-oxocyclopentyl]heptanamido}-3-(4-hydroxyphenyl)propanoate	[M + H]+	4	Polyketides	Macrolides	Open-chain polyketides	0.912	0.816	0.626
raw	superclass	Macrolides	NPC superclass: Macrolides	1653	Untreated	PS	94968153.7333333	94968153.7333333	34893390.8111111	5373385.5	4383470.83333333	5373385.5	2664273.93333333	3229141.2	97632427.6666667	87200650	0.0750613131436015	0.610859879499227	0.0197820194194346	NA_[1653_530.35_6.1]	NA	ethyl 2-{7-[2-(3-hydroxyoct-1-en-1-yl)-5-oxocyclopentyl]heptanamido}-3-(4-hydroxyphenyl)propanoate	[M + H]+	4	Polyketides	Macrolides	Erythromycins	0.654	0.758	0.363
raw	superclass	Macrolides	NPC superclass: Macrolides	1517	Untreated	PS	85724389.1333333	85724389.1333333	42403667.6444444	23492524	26699998.7333333	23492524	7393307.53333333	7570533	93117696.6666667	68855336	0.0677551891221255	0.678615068621353	0.0240398011571447	NA_[1517_530.35_5.7]	NA	ethyl 2-{7-[2-(3-hydroxyoct-1-en-1-yl)-5-oxocyclopentyl]heptanamido}-3-(4-hydroxyphenyl)propanoate	[M + H]+	4	Polyketides	Macrolides	Erythromycins	0.828	0.852	0.621
raw	superclass	Macrolides	NPC superclass: Macrolides	807	Untreated	PS	61636778	61636778	114729772.888889	107927976	95536196.6666667	97458040	93508172	88931980	155144950	126203150	0.0487167256890323	0.727331794310385	0.0650434521414472	NA_[807_507.27_3]	NA	4-amino-5-(2-{1,10-dihydroxy-9a,11a-dimethyl-7-oxo-1H,2H,3H,3aH,3bH,4H,5H,7H,9aH,9bH,10H,11H,11aH-cyclopenta[a]phenanthren-1-yl}-2-oxoethoxy)-5-oxopentanoic acid	[M + H3N + H]+	-1	Amino acids and Peptides	Macrolides	3-Spirotetramic acids	0.704	0.796	0.253
raw	superclass	Macrolides	NPC superclass: Macrolides	703	Untreated	PS	53558810	53558810	488030825.555556	484341150	496518800	506259000	457007433.333333	453135200	510566243.333333	523804030	0.0423320286956109	0.769663823005996	0.276678048306744	NA_[703_530.35_2.8]	NA	ethyl 2-{7-[2-(3-hydroxyoct-1-en-1-yl)-5-oxocyclopentyl]heptanamido}-3-(4-hydroxyphenyl)propanoate	[M + H]+	4	Polyketides	Macrolides	Erythromycins	0.874	0.887	0.573
raw	superclass	Macrolides	NPC superclass: Macrolides	1134	Untreated	PET	50564226	50564226	142040723.555556	162039820	124994694	162039820	125568556.666667	98546660	175558920	182797310	0.0399651572916455	0.809628980297642	0.0805267784646426	NA_[1134_530.35_4.1]	NA	ethyl 2-{7-[2-(3-hydroxyoct-1-en-1-yl)-5-oxocyclopentyl]heptanamido}-3-(4-hydroxyphenyl)propanoate	[M + H]+	-1	Polyketides	Macrolides	Open-chain polyketides	0.837	0.874	0.509
raw	superclass	Macrolides	NPC superclass: Macrolides	783	Untreated	PET	40271525.3333333	40271525.3333333	117883168.888889	112195840	104257674.666667	113527440	104862632	108777256	144529200	132325490	0.0318299709427205	0.841458951240362	0.0668311987450047	NA_[783_507.27_3]	NA	4-amino-5-(2-{1,10-dihydroxy-9a,11a-dimethyl-7-oxo-1H,2H,3H,3aH,3bH,4H,5H,7H,9aH,9bH,10H,11H,11aH-cyclopenta[a]phenanthren-1-yl}-2-oxoethoxy)-5-oxopentanoic acid	[M + H3N + H]+	238	Amino acids and Peptides	Macrolides	3-Spirotetramic acids	0.678	0.759	0.253
raw	superclass	Macrolides	NPC superclass: Macrolides	529	PET	Untreated	37862892.2666667	37862892.2666667	18398615.7333333	1013873.6	38876765.8666667	41507584	15305207.7333333	1013873.6	1013873.6	1013873.6	0.0299262258054531	0.871385177045815	0.0104306794285988	NA_[529_659.52_2]	NA	Bis[2-[bis(2-hydroxyethyl)amino]ethyl] 2-icos-1-enylbutanedioate	[M + H]+	108	Polyketides	Macrolides	Erythromycins	0.904	0.875	0.926
raw	superclass	Macrolides	NPC superclass: Macrolides	503	PET	Untreated	35341172.5333333	35341172.5333333	17470995.6444444	1013873.6	36547887.8666667	39624510	14658383.7333333	1013873.6	1206715.33333333	1013873.6	0.0279330987715672	0.899318275817382	0.00990478618103243	NA_[503_659.52_1.9]	NA	N-[(2S,3R,4E,6E)-3-hydroxy-1-[(2S,5R,6S)-3,4,5-trihydroxy-6-(hydroxymethyl)oxan-2-yl]oxytetradeca-4,6-dien-2-yl]hexadecanamide	[M + H3N + H]+	108	Polyketides	Macrolides	Erythromycins	0.965	0.919	0.635
raw	superclass	Macrolides	NPC superclass: Macrolides	806	Untreated	PS	16604050.6333333	16604050.6333333	10905397.9222222	7717853	6791829.06666667	7717853	4660157.03333333	5461203	21264207.6666667	20272400	0.0131235766417074	0.91244185245909	0.00618256891804755	NA_[806_991.55_3.1]	NA	[(1S,2S,4S,7R,9S,10S,12R,15S)-4-acetyloxy-15-[(Z,4R,5S)-4-decanoyloxy-5-[(2-methylpropan-2-yl)oxycarbonylamino]-5-phenylpent-2-en-3-yl]oxy-1,9,12-trihydroxy-10,14,17,17-tetramethyl-11-oxo-6-oxatetracyclo[11.3.1.03,10.04,7]heptadec-13-en-2-yl] benzoate	[M + H3N + H]+	398	Polyketides	Macrolides	Open-chain polyketides	0.771	0.895	0.566
raw	superclass	Macrolides	NPC superclass: Macrolides	1440	Untreated	PS	14234909.8	14234909.8	7358411.82222222	3126113.2	3849897.26666667	3126113.2	1995214.2	2019205	16230124	15928869	0.0112510455354223	0.923692897994512	0.00417168530141946	NA_[1440_507.27_5.3]	NA	N,N'-[3-(3,6,9,12-Tetraoxatridecane-1-yloxy)benzylidenebis(oxyethylene)]bis(acrylamide)	[M - H2O + H]+	238	Polyketides	Macrolides	Open-chain polyketides	0.521	0.708	0.415
raw	superclass	Macrolides	NPC superclass: Macrolides	1939	PS	PET	13713259.4666667	13713259.4666667	6669033.57777778	1013873.6	1013873.6	1013873.6	14727133.0666667	1013873.6	4266094.06666667	1013873.6	0.0108387414368111	0.934531639431323	0.00378085788390768	NA_[1939_530.35_6.8]	NA	ethyl 2-{7-[2-(3-hydroxyoct-1-en-1-yl)-5-oxocyclopentyl]heptanamido}-3-(4-hydroxyphenyl)propanoate	[M + H]+	4	Polyketides	Macrolides	Open-chain polyketides	0.818	0.819	0.713
raw	superclass	Macrolides	NPC superclass: Macrolides	1523	Untreated	PS	12035030.6	12035030.6	6070915.42222222	2438467	3491368.2	2438467	1343173.73333333	1181818.2	13378204.3333333	13170562	0.00951229612293021	0.944043935554253	0.00344176831154807	NA_[1523_507.27_5.7]	NA	ethyl 4-[4-oxo-4-[[(5R,9R,10S,12R,13R)-1,5,9-trimethyl-11,14,15,16-tetraoxatetracyclo[10.3.1.04,13.08,13]hexadecan-10-yl]oxy]butanoyl]piperazine-1-carboxylate	[M - H2O + H]+	238	Polyketides	Macrolides	Polyene macrolides	0.496	0.964	0.494
raw	superclass	Macrolides	NPC superclass: Macrolides	2263	Untreated	PET	10065476.9333333	10065476.9333333	4369032.57777778	1013873.6	1013873.6	1013873.6	1013873.6	1013873.6	11079350.5333333	12558776	0.0079555923362912	0.951999527890545	0.00247692429106721	NA_[2263_530.35_7.6]	NA	ethyl 2-{7-[2-(3-hydroxyoct-1-en-1-yl)-5-oxocyclopentyl]heptanamido}-3-(4-hydroxyphenyl)propanoate	[M + H]+	4	Polyketides	Macrolides	Erythromycins	0.699	0.816	0.415
raw	superclass	Macrolides	NPC superclass: Macrolides	1807	Untreated	PET	9734312.4	9734312.4	7369305.96666667	1267511.9	1377936.13333333	1267511.9	9617733.23333333	1110628.1	11112248.5333333	9998986	0.00769384517409631	0.959693373064641	0.00417786149043258	NA_[1807_530.35_6.5]	NA	ethyl 2-{7-[2-(3-hydroxyoct-1-en-1-yl)-5-oxocyclopentyl]heptanamido}-3-(4-hydroxyphenyl)propanoate	[M + H]+	4	Polyketides	Macrolides	Open-chain polyketides	0.893	0.797	0.526
raw	superclass	Macrolides	NPC superclass: Macrolides	791	Untreated	PS	9180467.66666667	9180467.66666667	21099679.5555556	20083956	18679162.3333333	20171816	17719704.3333333	16619516	26900172	24506860	0.00725609513550547	0.966949468200146	0.0119619865255095	NA_[791_523.25_3]	NA	5-(Morpholin-4-Ylsulfonyl)-2-{[3-(Octyloxy)benzyl]oxy}benzoic Acid	[M + H3N + H]+	-1	Polyketides	Macrolides	Polyene macrolides	0.592	0.927	0.222
raw	superclass	Macrolides	NPC superclass: Macrolides	1895	Untreated	PET	6831588.43333333	6831588.43333333	3478710.51111111	1179763.1	1097261.43333333	1013873.6	1410020.23333333	1179763.1	7928849.86666667	7319520	0.00539957847451186	0.972349046674658	0.00197217631436032	NA_[1895_530.35_6.7]	NA	ethyl 2-{7-[2-(3-hydroxyoct-1-en-1-yl)-5-oxocyclopentyl]heptanamido}-3-(4-hydroxyphenyl)propanoate	[M + H]+	-1	Polyketides	Macrolides	Erythromycins	0.906	0.948	0.664
raw	superclass	Macrolides	NPC superclass: Macrolides	1011	Untreated	PS	3752128.2	3752128.2	3884842.57777778	3518884.2	3665113.26666667	3518884.2	2118643.13333333	2540488	5870771.33333333	5366134	0.00296562225023317	0.975314668924891	0.0022024237120164	NA_[1011_516.33_3.7]	NA	(1S,3S,7S,10R,11S,12S,16R)-7,11-dihydroxy-3-[1-[5-(hydroxymethyl)pyridin-2-yl]prop-1-en-2-yl]-8,8,10,12,16-pentamethyl-4-oxabicyclo[14.1.0]heptadecane-5,9-dione	[M + H]+	4	Polyketides	Macrolides	Open-chain polyketides	0.758	0.793	0.663
raw	superclass	Macrolides	NPC superclass: Macrolides	1706	Untreated	PS	2882032	2882032	14553034.3333333	13327211	14561530.3333333	13327211	13107770.3333333	13265942	15989802.3333333	17049244	0.00227791209934778	0.977592581024239	0.00825051395412182	NA_[1706_806.57_6.2]	NA	(2R,3S,4R,5R,8R,10R,11R,12S,13S,14R)-11-[(2S,3R,4S,6R)-4-[but-2-enyl(methyl)amino]-3-hydroxy-6-methyloxan-2-yl]oxy-2-ethyl-3,4,10-trihydroxy-13-[(2R,4R,5S,6S)-5-hydroxy-4-methoxy-4,6-dimethyloxan-2-yl]oxy-3,5,6,8,10,12,14-heptamethyl-1-oxa-6-azacyclopentadecan-15-one	[M + H3N + H]+	-1	Polyketides	Macrolides	Erythromycins	0.769	0.927	0.329
raw	superclass	Macrolides	NPC superclass: Macrolides	2220	Untreated	PS	2568681	2568681	2070456.86666667	1013873.6	1614942.4	1013873.6	1013873.6	1013873.6	3582554.6	1766593.2	0.00203024446961892	0.979622825493858	0.00117379873355442	NA_[2220_530.35_7.5]	NA	ethyl 2-{7-[2-(3-hydroxyoct-1-en-1-yl)-5-oxocyclopentyl]heptanamido}-3-(4-hydroxyphenyl)propanoate	[M + H]+	4	Polyketides	Macrolides	Erythromycins	0.748	0.812	0.466
raw	superclass	Macrolides	NPC superclass: Macrolides	1547	Untreated	PET	2524069.46666667	2524069.46666667	1855230.08888889	1013873.6	1013873.6	1013873.6	1013873.6	1013873.6	3537943.06666667	3095264	0.00199498422561384	0.981617809719472	0.00105178077546516	NA_[1547_516.33_5.8]	NA	(1S,3S,7S,10R,11S,12S,16R)-7,11-dihydroxy-3-[1-[5-(hydroxymethyl)pyridin-2-yl]prop-1-en-2-yl]-8,8,10,12,16-pentamethyl-4-oxabicyclo[14.1.0]heptadecane-5,9-dione	[M + H]+	4	Polyketides	Macrolides	Erythromycins	0.828	0.894	0.716
raw	superclass	Macrolides	NPC superclass: Macrolides	240	PET	PS	2333836	2333836	34075145.7777778	33036418	35167388	37046700	32833552	31789082	34224497.3333333	33036418	0.00184462672943723	0.983462436448909	0.0193181338880204	Chivosazole E_[240_846.44_1]	Chivosazole E	Chivosazole E	[M + Na]+	-1	Polyketides	Macrolides	Spirotetronate macrolides	0.68	0.872	0.405
raw	superclass	Macrolides	NPC superclass: Macrolides	1405	Untreated	PS	2188013.86666667	2188013.86666667	1805231.1	1013873.6	1199932.23333333	1013873.6	1013873.6	1013873.6	3201887.46666667	4037337	0.00172937124238063	0.98519180769129	0.00102343497856321	NA_[1405_516.33_5.2]	NA	(1S,3S,7S,10R,11S,12S,16R)-7,11-dihydroxy-3-[1-[5-(hydroxymethyl)pyridin-2-yl]prop-1-en-2-yl]-8,8,10,12,16-pentamethyl-4-oxabicyclo[14.1.0]heptadecane-5,9-dione	[M + H]+	4	Polyketides	Macrolides	Erythromycins	0.721	0.768	0.513
raw	superclass	Macrolides	NPC superclass: Macrolides	2423	Untreated	PET	1970032.26666667	1970032.26666667	1670551.02222222	1013873.6	1013873.6	1013873.6	1013873.6	1013873.6	2983905.86666667	3411787.5	0.00155708206444118	0.986748889755731	0.000947081151890609	NA_[2423_530.35_8]	NA	ethyl 2-{7-[2-(3-hydroxyoct-1-en-1-yl)-5-oxocyclopentyl]heptanamido}-3-(4-hydroxyphenyl)propanoate	[M + H]+	4	Polyketides	Macrolides	Erythromycins	0.747	0.834	0.684
raw	superclass	Macrolides	NPC superclass: Macrolides	1232	Untreated	PS	1775045.6	1775045.6	2365221.14444444	1969923.5	2221099.03333333	1969923.5	1549759.4	1562256	3324805	3458638.5	0.00140296771483941	0.98815185747057	0.00134090867992566	NA_[1232_516.33_4.5]	NA	(1S,3S,7S,10R,11S,12S,16R)-7,11-dihydroxy-3-[1-[5-(hydroxymethyl)pyridin-2-yl]prop-1-en-2-yl]-8,8,10,12,16-pentamethyl-4-oxabicyclo[14.1.0]heptadecane-5,9-dione	[M + H]+	4	Polyketides	Macrolides	Erythromycins	0.591	0.819	0.347
raw	superclass	Macrolides	NPC superclass: Macrolides	1514	Untreated	PS	1496253.13333333	1496253.13333333	1596493.07777778	1013873.6	1265478.9	1013873.6	1013873.6	1013873.6	2510126.73333333	2079931.6	0.00118261459834833	0.989334472068919	0.00090509567380698	NA_[1514_516.33_5.6]	NA	(1S,3S,7S,10R,11S,12S,16R)-7,11-dihydroxy-3-[1-[5-(hydroxymethyl)pyridin-2-yl]prop-1-en-2-yl]-8,8,10,12,16-pentamethyl-4-oxabicyclo[14.1.0]heptadecane-5,9-dione	[M + H]+	4	Polyketides	Macrolides	Erythromycins	0.8	0.706	0.67
raw	superclass	Macrolides	NPC superclass: Macrolides	21	PS	PET	1369354.4	1369354.4	4038336.7	4049876.2	3285203.4	3821771	4654557.8	4365082.5	4175248.9	4049876.2	0.00108231586465907	0.990416787933578	0.00228944373603775	Senkyunolide h_[21_242.14_0.5]	Senkyunolide h	Senkyunolide I	[M + H3N + H]+	-1	Polyketides	Macrolides	Macrolide lactones	0.896	0.875	0.968
raw	superclass	Macrolides	NPC superclass: Macrolides	716	PS	Untreated	1241647.33333333	1241647.33333333	21762532.6666667	22156144	22091021.3333333	22156144	22219112	22954944	20977464.6666667	20218838	0.000981378237203093	0.991398166170781	0.0123377761180777	NA_[716_351.18_2.8]	NA	2-Propenoic acid, 2-methyl-, 1,3-propanediylbis(oxy-3,1-propanediyl) ester	[M + Na]+	234	Polyketides	Macrolides	Macrolide lactones	0.797	0.883	0.964
raw	superclass	Macrolides	NPC superclass: Macrolides	619	PET	Untreated	1204026.4	1204026.4	3838055.71111111	4047621.5	4273012.93333333	4098708.8	4172167.66666667	3873710.2	3068986.53333333	3940956	0.000951643251877201	0.992349809422658	0.00217589895522264	NA_[619_661.48_2.5]	NA	9-hydroxy-2-{1-hydroxy-3-[1-hydroxy-2-({5-[3-hydroxy-5-(3-hydroxypropyl)phenyl]-1H-pyrrol-2-yl}methyl)cyclopentyl]propyl}hexadecanoic acid	[M + H3N + H]+	31	Polyketides	Macrolides	Lactam bearing macrolide lactones	0.558	0.867	0.314
raw	superclass	Macrolides	NPC superclass: Macrolides	2105	Untreated	PET	1151307.83333333	1151307.83333333	1397642.87777778	1013873.6	1013873.6	1013873.6	1013873.6	1013873.6	2165181.43333333	1955653.2	0.000909975338103074	0.993259784760761	0.000792362046420276	NA_[2105_530.35_7.2]	NA	ethyl 2-{7-[2-(3-hydroxyoct-1-en-1-yl)-5-oxocyclopentyl]heptanamido}-3-(4-hydroxyphenyl)propanoate	[M + H]+	4	Polyketides	Macrolides	Erythromycins	0.751	0.871	0.56
raw	superclass	Macrolides	NPC superclass: Macrolides	1123	Untreated	PS	915030.633333333	915030.633333333	3680200.68888889	4245796	3541282.03333333	4738296.5	3292144.7	2233762.5	4207175.33333333	4245796	0.000723225609897413	0.993983010370659	0.00208640661749142	NA_[1123_516.33_4.1]	NA	(1S,3S,7S,10R,11S,12S,16R)-7,11-dihydroxy-3-[1-[5-(hydroxymethyl)pyridin-2-yl]prop-1-en-2-yl]-8,8,10,12,16-pentamethyl-4-oxabicyclo[14.1.0]heptadecane-5,9-dione	[M + H]+	4	Polyketides	Macrolides	Erythromycins	0.66	0.795	0.468
raw	superclass	Macrolides	NPC superclass: Macrolides	2083	Untreated	PS	844348.666666667	844348.666666667	7163237.66666667	6960039.5	7053293.66666667	7116688.5	6796035.33333333	6856088.5	7640384	7718203	0.000667359711435601	0.994650370082094	0.00406103572436138	NA_[2083_733.59_7.2]	NA	2-[2-[[8-(1-Aminoethoxy)-2-methyl-3-oxooctan-2-yl]oxymethyl]-2-[(3-oxo-8-propan-2-yloxyoctan-2-yl)oxymethyl]butoxy]-2-methyl-8-propan-2-yloxyoctan-3-one	[M + H3N + H]+	-1	Polyketides	Macrolides	Erythromycins	0.79	0.894	0.864
raw	superclass	Macrolides	NPC superclass: Macrolides	727	Untreated	PET	831485	831485	16004709.3333333	15909016	15636299.6666667	15499820	15910043.6666667	16849646	16467784.6666667	15909016	0.000657192474589522	0.995307562556684	0.00907350829124894	NA_[727_528.33_2.8]	NA	4-acetyl-3,6,6',11'-tetramethyl-17'-oxo-hexahydro-3H-7'-oxaspiro[furo[3,2-b]pyridine-2,5'-pentacyclo[8.8.0.0²,⁸.0⁶,⁸.0¹¹,¹⁶]octadecan]-14'-yl acetate	[M + H]+	4	Polyketides	Macrolides	Erythromycins	0.762	0.807	0.52
raw	superclass	Macrolides	NPC superclass: Macrolides	2067	Untreated	PET	813383.2	813383.2	1285001.33333333	1013873.6	1013873.6	1013873.6	1013873.6	1013873.6	1827256.8	1013873.6	0.000642885100750518	0.995950447657434	0.000728502468206812	NA_[2067_530.35_7.1]	NA	ethyl 2-{7-[2-(3-hydroxyoct-1-en-1-yl)-5-oxocyclopentyl]heptanamido}-3-(4-hydroxyphenyl)propanoate	[M + H]+	-1	Polyketides	Macrolides	Erythromycins	0.861	0.955	0.624
raw	superclass	Macrolides	NPC superclass: Macrolides	32	PS	PET	707217.6	707217.6	2675769.24444444	2723266.8	2332677.06666667	2625526.5	3039894.66666667	2867241.5	2654736	2854377.2	0.000558973504774305	0.996509421162208	0.00151696690763199	Phomolide F_[32_260.15_0.5]	Phomolide F	Phomolide F	[M + H3N + H]+	-1	Fatty acids	Macrolides	Macrolide lactones	0.755	0.864	0.976
raw	superclass	Macrolides	NPC superclass: Macrolides	2198	Untreated	PS	637628.733333333	637628.733333333	1325657.28888889	1013873.6	1311595.93333333	1013873.6	1013873.6	1013873.6	1651502.33333333	1013873.6	0.000503971575108049	0.997013392737316	0.000751551443488961	9-Deoxo-31-O-demethyl FK506_[2198_776.5_7.5]	9-Deoxo-31-O-demethyl FK506	9-Deoxo-31-O-Demethylfk506	[M + H]+	25	Polyketides	Macrolides	Polyene macrolides	0.839	0.991	0.795
raw	superclass	Macrolides	NPC superclass: Macrolides	616	Untreated	PS	547056.166666667	547056.166666667	3548665.55555556	3581519.5	3595255.16666667	3581519.5	3251842.66666667	3026341	3798898.83333333	4073585.2	0.000432384463834134	0.997445777201151	0.00201183574600394	ibha#30_[616_576.35_2.4]	ibha#30	Ibha#30	[M + H]+	380	Polyketides	Macrolides	Open-chain polyketides	0.86	0.913	0.647
raw	superclass	Macrolides	NPC superclass: Macrolides	846	PET	Untreated	497514.4	497514.4	2021100.36666667	2223116.8	2241694	2248360.2	2077427.5	2106185.5	1744179.6	1732348.2	0.000393227442082444	0.997839004643233	0.00114581718120943	Pamamycin 621A_[846_639.49_3.3]	Pamamycin 621A	Pamamycin 621	[M + H3N + H]+	131	Polyketides	Macrolides	Open-chain polyketides	0.881	0.898	0.558
raw	superclass	Macrolides	NPC superclass: Macrolides	1401	Untreated	PET	487021.533333333	487021.533333333	1176214.11111111	1013873.6	1013873.6	1013873.6	1013873.6	1013873.6	1500895.13333333	1629525.8	0.000384934047721506	0.998223938690954	0.000666828010879464	NA_[1401_528.33_5.2]	NA	4-acetyl-3,6,6',11'-tetramethyl-17'-oxo-hexahydro-3H-7'-oxaspiro[furo[3,2-b]pyridine-2,5'-pentacyclo[8.8.0.0²,⁸.0⁶,⁸.0¹¹,¹⁶]octadecan]-14'-yl acetate	[M + H]+	-1	Polyketides	Macrolides	Erythromycins	0.625	0.828	0.543
raw	superclass	Macrolides	NPC superclass: Macrolides	1341	Untreated	PET	443907.633333333	443907.633333333	1161842.81111111	1013873.6	1013873.6	1013873.6	1013873.6	1013873.6	1457781.23333333	1502228.5	0.000350857509202826	0.998574796200157	0.000658680527098897	NA_[1341_528.33_4.9]	NA	4-acetyl-3,6,6',11'-tetramethyl-17'-oxo-hexahydro-3H-7'-oxaspiro[furo[3,2-b]pyridine-2,5'-pentacyclo[8.8.0.0²,⁸.0⁶,⁸.0¹¹,¹⁶]octadecan]-14'-yl acetate	[M + H]+	-1	Polyketides	Macrolides	Open-chain polyketides	0.845	0.84	0.675
raw	superclass	Macrolides	NPC superclass: Macrolides	1140	Untreated	PET	371372.533333333	371372.533333333	1255427.22222222	1013873.6	1013873.6	1013873.6	1367161.93333333	1013873.6	1385246.13333333	1403917.4	0.000293526923727924	0.998868323123885	0.000711736094211247	NA_[1140_528.33_4.2]	NA	4-acetyl-3,6,6',11'-tetramethyl-17'-oxo-hexahydro-3H-7'-oxaspiro[furo[3,2-b]pyridine-2,5'-pentacyclo[8.8.0.0²,⁸.0⁶,⁸.0¹¹,¹⁶]octadecan]-14'-yl acetate	[M + H]+	-1	Polyketides	Macrolides	Open-chain polyketides	0.609	0.739	0.222
raw	superclass	Macrolides	NPC superclass: Macrolides	1337	Untreated	PS	369178.266666667	369178.266666667	3227300.33333333	3099564.5	3229815.26666667	3099564.5	3041453.73333333	2779622.8	3410632	3927458.2	0.00029179261037221	0.999160115734258	0.00182964499529287	Spinetoram J_[1337_730.49_4.9]	Spinetoram J	13-{[5-(dimethylamino)-6-methyloxan-2-yl]oxy}-2-[(4-ethoxy-3,5-dimethoxy-6-methyloxan-2-yl)oxy]-9-ethyl-14-methyl-1H,2H,3H,3aH,4H,5H,5aH,5bH,6H,7H,9H,10H,11H,12H,13H,14H,15H,16aH,16bH-as-indaceno[3,2-d]oxacyclododecane-7,15-dione	[M - H2O + H]+	73	Polyketides	Macrolides	Open-chain polyketides	0.821	0.796	0.222
raw	superclass	Macrolides	NPC superclass: Macrolides	1734	PET	Untreated	365219.4	365219.4	4568876.95555556	4661323.5	4741161.5	4661323.5	4589527.26666667	4831467	4375942.1	4532313.5	0.000288663585337199	0.999448779319595	0.00259022154507916	NA_[1734_950.64_6.4]	NA	6-[1-[(2E,4Z,12E,13Z)-9-amino-3-(3,3-dimethylpentyl)-7,16-diethyl-12-[1-(2-hydroxy-3-prop-2-enoyloxypropoxy)ethylidene]-7,9,16-trimethyl-6,15-dimethylideneoctadeca-2,4,13-trien-2-yl]oxy-3-prop-2-enoyloxypropan-2-yl]oxycarbonylcyclohex-3-ene-1-carboxylic acid	[M + H]+	67	Polyketides	Macrolides	Polyene macrolides	0.928	0.982	0.883
raw	superclass	Macrolides	NPC superclass: Macrolides	747	PS	Untreated	222878.2	222878.2	3466319.82222222	3418033.8	3443299.73333333	3564400.2	3589268.96666667	2819821.2	3366390.76666667	3418033.8	0.000176159372436134	0.999624938692031	0.00196515169329247	Pamamycin-621C_[747_639.49_2.9]	Pamamycin-621C	Pamamycin-621C	[M + H3N + H]+	131	Polyketides	Macrolides	Open-chain polyketides	0.809	0.864	0.412
raw	superclass	Macrolides	NPC superclass: Macrolides	3058	Untreated	PET	204426.266666667	204426.266666667	1082015.68888889	1013873.6	1013873.6	1013873.6	1013873.6	1013873.6	1218299.86666667	1013873.6	0.000161575258798131	0.999786513950829	0.000613424344042743	NA_[3058_530.35_9.7]	NA	ethyl 2-{7-[2-(3-hydroxyoct-1-en-1-yl)-5-oxocyclopentyl]heptanamido}-3-(4-hydroxyphenyl)propanoate	[M + H]+	4	Polyketides	Macrolides	Open-chain polyketides	0.833	0.772	0.662
raw	superclass	Macrolides	NPC superclass: Macrolides	1873	Untreated	PET	172462.766666667	172462.766666667	1071361.18888889	1013873.6	1013873.6	1013873.6	1013873.6	1013873.6	1186336.36666667	1013873.6	0.000136311818493685	0.999922825769323	0.000607384016032051	NA_[1873_507.27_6.7]	NA	ethyl 4-[4-oxo-4-[[(5R,9R,10S,12R,13R)-1,5,9-trimethyl-11,14,15,16-tetraoxatetracyclo[10.3.1.04,13.08,13]hexadecan-10-yl]oxy]butanoyl]piperazine-1-carboxylate	[M - H2O + H]+	-1	Amino acids and Peptides	Macrolides	Open-chain polyketides	0.513	0.807	0.54
raw	superclass	Macrolides	NPC superclass: Macrolides	960	PS	Untreated	59617.7666666666	59617.7666666666	1759962.56666667	1778870.9	1770585.53333333	1778870.9	1784459.96666667	1705798.2	1724842.2	2042277.2	4.71209313519394e-05	0.999969946700675	0.000997771006542351	NA_[960_746.48_3.6]	NA	(1S,12S,13R,14S,17R,18E,21S,23S,24R,25S,27R)-12-[(E)-1-[(1R,3R)-3,4-dihydroxycyclohexyl]prop-1-en-2-yl]-17-ethyl-1,14-dihydroxy-23,25-dimethoxy-13,19,21,27-tetramethyl-11,28-dioxa-4-azatricyclo[22.3.1.04,9]octacos-18-ene-3,10,16-trione	[M - H2O + H]+	73	Polyketides	Macrolides	Polyene macrolides	0.935	0.988	0.845
raw	superclass	Macrolides	NPC superclass: Macrolides	706	Untreated	PET	38023.666666666	38023.666666666	9191139.77777778	9149316	9165977	9515493	9203441.66666667	9149316	9204000.66666667	8999714	3.00532993254639e-05	1	0.00521070900088165	NA_[706_516.33_2.8]	NA	(1S,3S,7S,10R,11S,12S,16R)-7,11-dihydroxy-3-[1-[5-(hydroxymethyl)pyridin-2-yl]prop-1-en-2-yl]-8,8,10,12,16-pentamethyl-4-oxabicyclo[14.1.0]heptadecane-5,9-dione	[M + H]+	4	Polyketides	Macrolides	Erythromycins	0.811	0.752	0.63
raw	superclass	Macrolides	NPC superclass: Macrolides	2969	PET	PET	0	0	1013873.6	1013873.6	1013873.6	1013873.6	1013873.6	1013873.6	1013873.6	1013873.6	0	1	0.000574792726583209	NA_[2969_904.51_9.5]	NA	NA	[M + K]+	194	Polyketides	Macrolides	Ansa macrolides	0.886	0.808	0.397
raw	superclass	Macrolides	NPC superclass: Macrolides	3020	PET	PET	0	0	1013873.6	1013873.6	1013873.6	1013873.6	1013873.6	1013873.6	1013873.6	1013873.6	0	1	0.000574792726583209	Naphthomycinol_[3020_726.3_9.5]	Naphthomycinol	Naphthomycinol	[M + K]+	-1	Polyketides	Macrolides	Open-chain polyketides	0.797	0.748	0.32
raw	superclass	Macrolides	NPC superclass: Macrolides	3079	PET	PET	0	0	1013873.6	1013873.6	1013873.6	1013873.6	1013873.6	1013873.6	1013873.6	1013873.6	0	1	0.000574792726583209	NA_[3079_848.45_9.7]	NA	11,16,17,20-tetrahydroxy-14-{[(2-hydroxypropyl)amino]methyl}-28-(3-methoxypropoxy)-17,19,31-trimethyl-36-oxa-7,10-diazanonacyclo[17.12.2.1¹,²⁰.1⁹,¹³.1¹²,¹⁵.1¹⁸,²¹.0⁵,⁷.0²⁶,³¹.0²⁴,³⁵]heptatriacont-24(35)-en-2-yne-8,25-dione	[M + K]+	194	Polyketides	Macrolides	Open-chain polyketides	0.65	0.836	0.38
raw	superclass	Macrolides	NPC superclass: Macrolides	3410	PET	PET	0	0	1013873.6	1013873.6	1013873.6	1013873.6	1013873.6	1013873.6	1013873.6	1013873.6	0	1	0.000574792726583209	12adt-asp_[3410_931.46_11.3]	12adt-asp	12Adt-asp	[M + K]+	10	Amino acids and Peptides	Macrolides	Polyene macrolides	0.404	0.86	0.702
raw	superclass	Monoterpenoids	NPC superclass: Monoterpenoids	87	Untreated	PET	2798448	2798448	6981187.33333333	6713971.5	5440491.83333333	6011775.5	7264130.33333333	7369707	8238939.83333333	8794593	0.650125075222081	0.650125075222081	0.29291492727309	(+)-neomenthol_[87_174.19_0.6]	(+)-neomenthol	Menthol	[M + H3N + H]+	-1	Terpenoids	Monoterpenoids	Menthane monoterpenoids	0.939	0.923	0.356
raw	superclass	Monoterpenoids	NPC superclass: Monoterpenoids	239	PET	Untreated	1506028.33333333	1506028.33333333	16852310.6666667	16411170	17612872	17866816	16837216.3333333	16411170	16106843.6666667	16075695	0.349874924777919	1	0.70708507272691	NA_[239_135.08_1]	NA	(2E)-7-Methylene-2-octene-1,8-dial	[M - H2O + H]+	309	Terpenoids	Monoterpenoids	Menthane monoterpenoids	0.842	0.746	0.38
raw	superclass	Nicotinic acid alkaloids	NPC superclass: Nicotinic acid alkaloids	37	PET	PS	564659	564659	1489736.46666667	1292756.5	1697485.53333333	1292756.5	1132826.53333333	1013873.6	1638897.33333333	1592028.6	1	1	0.595035339768432	NA_[37_123.06_0.5]	NA	(6-Methoxypyridazin-3-yl)methanol	[M - H2O + H]+	-1	Amino acids and Peptides	Nicotinic acid alkaloids	Aminoacids	0.607	0.787	0.866
raw	superclass	Nicotinic acid alkaloids	NPC superclass: Nicotinic acid alkaloids	13	PET	PET	0	0	1013873.6	1013873.6	1013873.6	1013873.6	1013873.6	1013873.6	1013873.6	1013873.6	0	1	0.404964660231568	NA_[13_139.05_0.5]	NA	2H-pyridin-2-ylium-6-carboxylic acid	[M + H3N + H]+	429	Alkaloids	Nicotinic acid alkaloids	Pyridine alkaloids	0.995	0.979	0.979
raw	superclass	Nucleosides	NPC superclass: Nucleosides	75	PET	PS	2236035	2236035	12645296.1111111	14195047	14069143.8333333	16023858	11833108.8333333	13190658	12033635.6666667	14195047	0.942864606382326	0.942864606382326	0.70237585664905	NA_[75_299.15_0.6]	NA	(2R,5R)-2-(6-amino-2-methylidene-3H-purin-9-yl)-5-(hydroxymethyl)oxolane-3,4-diol	[M + H3N + H]+	-1	Carbohydrates	Nucleosides	Purine nucleosides	0.828	0.804	0.313
raw	superclass	Nucleosides	NPC superclass: Nucleosides	2514	PET	PS	135498.5	135498.5	4344433.33333333	4494879.5	4404792	4494879.5	4269293.5	4088457	4359214.5	5063750.5	0.057135393617674	1	0.241309104772444	NA_[2514_911.53_8.4]	NA	[(2R,3S,4R,5R,8R,10R,11R,12S,13S,14R)-11-[(2S,3R,4S,6R)-4-(dimethylamino)-3-hydroxy-6-methyloxan-2-yl]oxy-2-ethyl-3,4-dihydroxy-3,5,8,10,12,14-hexamethyl-6,15-dioxo-10-prop-2-enoxy-1-oxa-7-azacyclopentadec-13-yl] 3-[[1-(4-nitroanilino)-1-oxopropan-2-yl]amino]propanoate	[M + H3N + H]+	-1	Carbohydrates	Nucleosides	Pyrimidine nucleosides	0.882	0.835	0.922
raw	superclass	Nucleosides	NPC superclass: Nucleosides	2114	PET	PET	0	0	1013873.6	1013873.6	1013873.6	1013873.6	1013873.6	1013873.6	1013873.6	1013873.6	0	1	0.0563150385785062	Deformylated antimycin A2a_[2114_507.27_7.2]	Deformylated antimycin A2a	NA	[M + H]+	-1	Amino acids and Peptides	Nucleosides	Pyrimidine nucleosides	0.724	0.816	0.872
raw	superclass	Octadecanoids	NPC superclass: Octadecanoids	246	PS	Untreated	73249914	73249914	113566987.555556	83899950	98245203.3333333	79071180	157852836.666667	137504220	84602922.6666667	83899950	0.307873125662953	0.307873125662953	0.172309997476834	9-OxoOTrE_[246_310.24_1]	9-OxoOTrE	9-oxooctadeca-10,12,15-trienoic acid	[M + H3N + H]+	157	Fatty acids	Octadecanoids	Phytane diterpenoids	0.735	0.781	0.501
raw	superclass	Octadecanoids	NPC superclass: Octadecanoids	170	PS	Untreated	36493842.6666667	36493842.6666667	109089671.111111	107077656	109321282.666667	99345064	127220786.666667	132275080	90726944	107077656	0.153385482599184	0.461258608262137	0.165516769956664	NA_[170_312.25_0.8]	NA	9-Oxo-11,13-octadecadienoic acid	[M + H3N + H]+	336	Fatty acids	Octadecanoids	Other Octadecanoids	0.993	0.946	0.972
raw	superclass	Octadecanoids	NPC superclass: Octadecanoids	214	PS	Untreated	22974261.3333333	22974261.3333333	57900184	58181732	56292746.6666667	51532870	70191033.3333333	74689400	47216772	58181732	0.0965619925026923	0.557820600764829	0.0878493017530091	NA_[214_314.27_1]	NA	15-Hydroxy-9Z,15Z-octadecadienoic acid	[M + H3N + H]+	-1	Fatty acids	Octadecanoids	Other Octadecanoids	0.999	0.931	0.97
raw	superclass	Octadecanoids	NPC superclass: Octadecanoids	290	PS	Untreated	21057932.1666667	21057932.1666667	30643967.0555556	24669636	27085536	20806078	42952148.6666667	38560180	21894216.5	22541870	0.0885075632464238	0.646328164011253	0.0464946900474923	9-oxo-ODE(1-)_[290_312.25_1.2]	9-oxo-ODE(1-)	9-oxooctadeca-10,12-dienoic acid	[M + H3N + H]+	220	Fatty acids	Octadecanoids	Other Octadecanoids	0.998	0.937	0.972
raw	superclass	Octadecanoids	NPC superclass: Octadecanoids	109	PET	Untreated	14577231	14577231	22924202.3333333	23013930	30520646.3333333	32068576	22308545.3333333	23013930	15943415.3333333	18138812	0.0612688456054828	0.707597009616736	0.034781844013277	NA_[109_240.16_0.7]	NA	methyl 2-[4-oxo-5-(pent-2-en-1-yl)cyclopent-2-en-1-yl]acetate	[M + H3N + H]+	-1	Fatty acids	Octadecanoids	Jasmonic acids	0.647	0.815	0.846
raw	superclass	Octadecanoids	NPC superclass: Octadecanoids	199	PS	Untreated	11883310.6666667	11883310.6666667	35628235.5555556	32710268	33436570.6666667	30250332	42665723.3333333	40442068	30782412.6666667	32710268	0.0499461610039648	0.7575431706207	0.0540570927416619	11-Oxooctadecanoic acid_[199_316.28_0.9]	11-Oxooctadecanoic acid	11-oxooctadecanoic acid	[M + H3N + H]+	304	Fatty acids	Octadecanoids	Other Octadecanoids	0.998	0.809	0.908
raw	superclass	Octadecanoids	NPC superclass: Octadecanoids	296	PET	Untreated	10844386.6666667	10844386.6666667	205923407.777778	198226580	212659313.333333	206537120	203295983.333333	192697100	201814926.666667	190149980	0.0455795104273341	0.803122681048035	0.31243817097158	NA_[296_294.24_1.2]	NA	9,13-Octadecadiynoic acid	[M + H3N + H]+	145	Fatty acids	Octadecanoids	Other Octadecanoids	0.99	0.734	0.804
raw	superclass	Octadecanoids	NPC superclass: Octadecanoids	227	PS	Untreated	10147894.1666667	10147894.1666667	17274904.5	13877612	15352967	12398001	23309820.3333333	20745758	13161926.1666667	13877612	0.0426521169156392	0.845774797963674	0.0262104227194669	9-OxoOTrE_[227_293.21_1]	9-OxoOTrE	9-oxooctadeca-10,12,15-trienoic acid	[M + H]+	90	Fatty acids	Octadecanoids	Other Octadecanoids	0.897	0.83	0.309
raw	superclass	Octadecanoids	NPC superclass: Octadecanoids	160	PS	Untreated	9140401.6	9140401.6	12878841.6888889	9807687	11595004.6666667	9184716	18090961	16451364	8950559.4	9421156	0.0384175742569016	0.884192372220575	0.0195404776219093	6-{(1S,5S)-4-oxo-5-[(2Z)-pent-2-en-1-yl]cyclopent-2-en-1-yl}hexanoate_[160_282.21_0.8]	6-{(1S,5S)-4-oxo-5-[(2Z)-pent-2-en-1-yl]cyclopent-2-en-1-yl}hexanoate	6-[4-oxo-5-(pent-2-en-1-yl)cyclopent-2-en-1-yl]hexanoic acid	[M + H3N + H]+	157	Fatty acids	Octadecanoids	Jasmonic acids	0.748	0.753	0.542
raw	superclass	Octadecanoids	NPC superclass: Octadecanoids	495	PET	Untreated	9065491.36666667	9065491.36666667	7485280.61111111	3586512.2	12127750.3666667	14300155	7265832.46666667	3586512.2	3062259	3038455.5	0.0381027227243732	0.922295094944948	0.0113570740139867	NA_[495_312.25_1.9]	NA	9-Oxo-11,13-octadecadienoic acid	[M + H3N + H]+	36	Fatty acids	Octadecanoids	Other Octadecanoids	0.98	0.895	0.913
raw	superclass	Octadecanoids	NPC superclass: Octadecanoids	171	PS	Untreated	7097812	7097812	17946351.7777778	16728212	17775557.3333333	15520798	21580655	21480190	14482843	16728212	0.0298324659576804	0.952127560902629	0.0272291789727586	NA_[171_295.23_0.8]	NA	9-Oxo-11,13-octadecadienoic acid	[M + H]+	-1	Fatty acids	Octadecanoids	Other Octadecanoids	0.982	0.92	0.928
raw	superclass	Octadecanoids	NPC superclass: Octadecanoids	139	PS	Untreated	6046311	6046311	11642816	9862416	10648995	9527697	15162882	13463700	9116571	9862416	0.0254129536083864	0.977540514511015	0.0176651123602433	2,3-dinor-8-epi-prostaglandin F2alpha_[139_344.24_0.8]	2,3-dinor-8-epi-prostaglandin F2alpha	5-[3,5-dihydroxy-2-(3-hydroxyoct-1-en-1-yl)cyclopentyl]pent-3-enoic acid	[M + H3N + H]+	-1	Fatty acids	Octadecanoids	Other Octadecanoids	0.999	0.896	0.634
raw	superclass	Octadecanoids	NPC superclass: Octadecanoids	121	PS	Untreated	3390590	3390590	8018692.27777778	7777106	7502312.16666667	6626739.5	9972177.33333333	9654744	6581587.33333333	7777106	0.0142508227537517	0.991791337264767	0.0121663951460849	NA_[121_284.22_0.7]	NA	11-(cyclopent-1-en-1-yl)-11-oxoundecanoic acid	[M + H3N + H]+	336	Fatty acids	Octadecanoids	Other Octadecanoids	0.957	0.88	0.499
raw	superclass	Octadecanoids	NPC superclass: Octadecanoids	111	PS	Untreated	1953024.76666667	1953024.76666667	8161764.57777778	7930300.5	7621121.5	7642354.5	9408598.5	9950490	7455573.73333333	9167753	0.00820866273523306	1	0.0123834722050317	(11E,15Z)-9,10,13-trihydroxyoctadeca-11,15-dienoic acid_[111_346.26_0.7]	(11E,15Z)-9,10,13-trihydroxyoctadeca-11,15-dienoic acid	9,10,13-trihydroxyoctadeca-11,15-dienoic acid	[M + H3N + H]+	310	Fatty acids	Octadecanoids	Other Octadecanoids	1	0.968	0.969
raw	superclass	Oligopeptides	NPC superclass: Oligopeptides	1024	Untreated	PS	61836832.6666667	61836832.6666667	55635317.1111111	50732336	46431228	50732336	29318945.3333333	32876232	91155778	96817570	0.124175730236818	0.124175730236818	0.0358961541980967	NA_[1024_507.27_3.8]	NA	Tert-butyl 4-[3-[1-[1-[(2-methylpropan-2-yl)oxycarbonyl]azetidin-3-yl]indazol-6-yl]-1,2,4-oxadiazol-5-yl]piperidine-1-carboxylate	[M - H2O + H]+	-1	Amino acids and Peptides	Oligopeptides	Cyclic peptides	0.913	0.708	0.189
raw	superclass	Oligopeptides	NPC superclass: Oligopeptides	1612	Untreated	PS	44537904.6	44537904.6	16263922.6666667	1432268.8	1763352.46666667	1013873.6	1245255.46666667	1289624	45783160.0666667	10801978	0.089437420844874	0.213613151081692	0.0104935552850833	NA_[1612_503.32_6]	NA	H-Ala-Asp-Ala-Ile-Ile-al	[M + H3N + H]+	243	Amino acids and Peptides	Oligopeptides	Linear peptides	0.911	0.839	0.558
raw	superclass	Oligopeptides	NPC superclass: Oligopeptides	1780	Untreated	PS	34466690	34466690	190161436.666667	186241650	186981886.666667	185264850	174517866.666667	170173780	208984556.666667	208598240	0.0692132215546533	0.282826372636345	0.12269300522698	NA_[1780_733.56_6.4]	NA	Me-D-Chg-D-Chg-D-Chg-D-Chg-D-N(Me)Leu-OH	[M + H3N + H]+	-1	Amino acids and Peptides	Oligopeptides	Lipopeptides	0.924	0.992	0.538
raw	superclass	Oligopeptides	NPC superclass: Oligopeptides	2242	PS	PET	31513311.6	31513311.6	11518310.8	1013873.6	1013873.6	1013873.6	32527185.2	32647722	1013873.6	1013873.6	0.0632824857185771	0.346108858354922	0.007431665388959	NA_[2242_774.6_7.5]	NA	[3'-[1-(6-aminopiperidin-1-ium-3-yl)-3-cyclohexylpropyl]-7-hydroxy-2-(4-hydroxy-3-methoxycyclohexyl)-9-methoxyspiro[2,3a,3b,5,5a,6,7,8,9,9a,9b,10,11,11a-tetradecahydro-1H-naphtho[1,2-g][1]benzofuran-4,1'-cyclopentane]-1-yl]methyl acetate	[M + H3N + H]+	-1	Amino acids and Peptides	Oligopeptides	Lipopeptides	0.605	0.903	0.403
raw	superclass	Oligopeptides	NPC superclass: Oligopeptides	1613	Untreated	PS	27543267.6	27543267.6	11496358.7888889	2371559.8	3486893.3	2371559.8	1729457.73333333	1812545.6	29272725.3333333	7788921.5	0.0553101641828067	0.401419022537729	0.00741750185369543	NA_[1613_531.35_6]	NA	(2S)-2-[[(2S)-1-[[(4R,5S,8S)-4-hydroxy-2,7-dioxo-5-propan-2-yl-1,6-diazacyclododec-8-yl]amino]-3-methyl-1-oxobutan-2-yl]carbamoylamino]-3-methylbutanoic acid	[M + H3N + H]+	-1	Amino acids and Peptides	Oligopeptides	Cyclic peptides	0.932	0.817	0.229
raw	superclass	Oligopeptides	NPC superclass: Oligopeptides	1307	Untreated	PS	21600792.1333333	21600792.1333333	16391677.9	12739724	11385953.8333333	12739724	8094143.86666667	8100818	29694936	31216584	0.0433769651707318	0.444795987708461	0.0105759835301887	NA_[1307_507.27_4.8]	NA	Tert-butyl 4-[3-[1-[1-[(2-methylpropan-2-yl)oxycarbonyl]azetidin-3-yl]indazol-6-yl]-1,2,4-oxadiazol-5-yl]piperidine-1-carboxylate	[M - H2O + H]+	238	Amino acids and Peptides	Oligopeptides	Cyclic peptides	0.906	0.795	0.211
raw	superclass	Oligopeptides	NPC superclass: Oligopeptides	2075	Untreated	PET	20669451.3333333	20669451.3333333	138569470	134944400	130027273.333333	128217490	134984412	134944400	150696724.666667	154811140	0.0415067218391764	0.486302709547637	0.0894056387300638	Trichodecenin-II_[2075_769.56_7.2]	Trichodecenin-II	Trichodecenin-Ii	[M + H3N + H]+	10	Amino acids and Peptides	Oligopeptides	Lipopeptides	0.675	0.816	0.431
raw	superclass	Oligopeptides	NPC superclass: Oligopeptides	2580	PS	PET	14079066.6666667	14079066.6666667	120281598.888889	116386190	112029133.333333	114608490	126108200	134644830	122707463.333333	133283920	0.0282724439301463	0.514575153477783	0.077606222901296	NA_[2580_665.44_8.5]	NA	tert-butyl N-[1,2,4,5-tetrakis[(2-methylpropan-2-yl)oxycarbonylamino]pentan-3-yl]carbamate	[M + H3N + H]+	-1	Amino acids and Peptides	Oligopeptides	Cyclic peptides	0.899	0.951	0.346
raw	superclass	Oligopeptides	NPC superclass: Oligopeptides	1591	Untreated	PS	13729943.6666667	13729943.6666667	5869546.25555556	1013873.6	1850947.9	1013873.6	1013873.6	1013873.6	14743817.2666667	12646981	0.0275713633346837	0.542146516812467	0.00378705736576461	NA_[1591_507.27_5.9]	NA	N-[(2S)-1-[[(2S)-1-[[(3S)-1-(benzylamino)-4-methyl-1,2-dioxopentan-3-yl]amino]-1-oxopropan-2-yl]amino]-3,3-dimethyl-1-oxobutan-2-yl]pyrazine-2-carboxamide	[M - H2O + H]+	-1	Amino acids and Peptides	Oligopeptides	Cyclic peptides	0.973	0.986	0.515
raw	superclass	Oligopeptides	NPC superclass: Oligopeptides	2307	Untreated	PS	11999484.3	11999484.3	17692018.8444444	12935409	15928361.5	12649429	12574105.3666667	6697130.5	24573589.6666667	26962820	0.0240963946754819	0.566242911487949	0.0114149692945487	NA_[2307_796.62_7.7]	NA	5-fluoro-1-[(2R,4S,5R)-4-hydroxy-5-(1-hydroxy-2-oxononadecyl)-4-octadecanoyloxolan-2-yl]pyrimidine-2,4-dione	[M + H3N + H]+	10	Polyketides	Oligopeptides	Depsipeptides	0.584	0.873	0.376
raw	superclass	Oligopeptides	NPC superclass: Oligopeptides	834	Untreated	PS	11081323.4	11081323.4	9923766.17777778	9102745	6314027.93333333	6888950	6187973.6	4454359	17269297	18846022	0.0222526181540195	0.588495529641968	0.00640285810238017	NA_[834_991.55_3.1]	NA	H-Val-Ser-Gln-Asn-Tyr-Pro-Ile-Val-Ala-al	[M + H3N + H]+	-1	Amino acids and Peptides	Oligopeptides	Lipopeptides	0.885	0.997	0.639
raw	superclass	Oligopeptides	NPC superclass: Oligopeptides	1564	Untreated	PS	9933663.1	9933663.1	4827112.9	1144045.2	2186976.06666667	1013873.6	1180349.76666667	1144045.2	11114012.8666667	13662543	0.0199479794836575	0.608443509125626	0.00311447472554114	NA_[1564_507.27_5.8]	NA	Tert-butyl 4-[3-[1-[1-[(2-methylpropan-2-yl)oxycarbonyl]azetidin-3-yl]indazol-6-yl]-1,2,4-oxadiazol-5-yl]piperidine-1-carboxylate	[M - H2O + H]+	238	Amino acids and Peptides	Oligopeptides	Cyclic peptides	0.974	0.801	0.445
raw	superclass	Oligopeptides	NPC superclass: Oligopeptides	784	Untreated	PS	9785562.33333333	9785562.33333333	9750074.02222222	7554873.5	6640713.73333333	7554873.5	6411973	6356622	16197535.3333333	12416018	0.0196505754922759	0.628094084617902	0.00629079115062055	Aspereline E_[784_991.55_3]	Aspereline E	Aspereline E	[M + K]+	398	Amino acids and Peptides	Oligopeptides	Linear peptides	0.975	0.982	0.633
raw	superclass	Oligopeptides	NPC superclass: Oligopeptides	1003	PS	PET	9451106	9451106	27376130.8888889	30479996	23379996	24419664	32831102	31447140	25917294.6666667	31428744	0.0189789473115786	0.647073031929481	0.0176632014835515	NA_[1003_679.42_3.7]	NA	Mucronine D	[M + H3N + H]+	-1	Amino acids and Peptides	Oligopeptides	Cyclic peptides	0.993	0.994	0.509
raw	superclass	Oligopeptides	NPC superclass: Oligopeptides	2009	Untreated	PET	7793746.66666666	7793746.66666666	201803157.777778	198313230	199006630	198313230	199602466.666667	188842560	206800376.666667	224734540	0.0156507722319967	0.662723804161477	0.13020429549789	NA_[2009_934.64_7]	NA	H-Lys-Arg-His-Arg-Lys(Me)-Val-Leu-al	[M + H]+	73	Amino acids and Peptides	Oligopeptides	Linear peptides	0.97	0.998	0.919
raw	superclass	Oligopeptides	NPC superclass: Oligopeptides	2166	PET	PS	7501124	7501124	61775562.8888889	59275124	65745812	65271016	58244688	57909716	61336188.6666667	60552616	0.01506315104006	0.677786955201537	0.0398578681003134	NA_[2166_721.59_7.4]	NA	N-(2,6-diamino-1,2,6-trimethylcycloheptyl)-3-[2-[2-[2-[[1-[4-(1-methylcyclotridecyl)butyl]triazol-4-yl]methoxy]ethoxy]ethoxy]ethoxy]propanamide	[M + H]+	-1	Amino acids and Peptides	Oligopeptides	Linear peptides	0.98	0.905	0.237
raw	superclass	Oligopeptides	NPC superclass: Oligopeptides	1035	Untreated	PS	6908890.23333333	6908890.23333333	3907520.9	2151160.2	2436322.93333333	2151160.2	1188674.76666667	1013873.6	8097565	6545940.5	0.0138738750491121	0.691660830250649	0.00252114987461216	Aspereline E_[1035_991.55_3.8]	Aspereline E	Aspereline E	[M + K]+	-1	Amino acids and Peptides	Oligopeptides	Linear peptides	0.974	0.993	0.5
raw	superclass	Oligopeptides	NPC superclass: Oligopeptides	1601	PS	Untreated	6784907.6	6784907.6	10523774.3555556	9605146	10472231.3333333	9605146	13941999.6666667	14724160	7157092.06666667	9110182	0.013624903144069	0.705285733394718	0.00678998604894361	NA_[1601_806.71_6]	NA	dioctadecyl (2R)-2-[[(2S)-2-amino-3-(1H-imidazol-2-yl)propanoyl]amino]pentanedioate	[M + H3N + H]+	140	Amino acids and Peptides	Oligopeptides	Linear peptides	0.893	0.768	0.102
raw	superclass	Oligopeptides	NPC superclass: Oligopeptides	838	Untreated	PET	6671388	6671388	4454709	3322785	2111179	1996878.4	2470381	1992768.9	8782567	10713292	0.013396942257033	0.718682675651751	0.00287419807192424	NA_[838_986.6_3.2]	NA	NA	[M + H3N + H]+	15	Polyketides	Oligopeptides	Depsipeptides	0.432	0.993	0.652
raw	superclass	Oligopeptides	NPC superclass: Oligopeptides	994	Untreated	PS	6081992.93333333	6081992.93333333	3669345.65555556	1302053.4	2898296.83333333	1302053.4	1013873.6	1013873.6	7095866.53333333	4009010.2	0.0122133667140255	0.730896042365777	0.00236747814692752	NA_[994_986.6_3.7]	NA	NA	[M + H3N + H]+	15	Polyketides	Oligopeptides	Depsipeptides	0.364	0.979	0.603
raw	superclass	Oligopeptides	NPC superclass: Oligopeptides	1654	Untreated	PET	5989277.46666667	5989277.46666667	3010299.42222222	1013873.6	1013873.6	1013873.6	1013873.6	1013873.6	7003151.06666667	1013873.6	0.0120271830063372	0.742923225372114	0.00194225858417817	NA_[1654_986.6_6.1]	NA	11-[(3-cyclohexyl-5-methylphenyl)methyl]-30-(dihydroxymethyl)-20,24,32-trihydroxy-14-imino-34-oxa-3,13,15,38-tetraazaheptacyclo[19.17.6.1¹,³⁵.1⁶,¹⁰.1²⁹,³³.0¹⁶,²¹.0²⁷,⁴²]heptatetraconta-6(47),7,9,17,29,31,33(46)-heptaen-43-yn-26-yl acetate	[M + H]+	15	Amino acids and Peptides	Oligopeptides	Depsipeptides	0.737	0.908	0.184
raw	superclass	Oligopeptides	NPC superclass: Oligopeptides	959	Untreated	PS	5116354.9	5116354.9	2762401.62222222	1013873.6	1143102.76666667	1013873.6	1013873.6	1013873.6	6130228.5	5218179	0.0102742504500994	0.753197475822213	0.00178231382038008	NA_[959_986.6_3.6]	NA	NA	[M + H3N + H]+	15	Amino acids and Peptides	Oligopeptides	Depsipeptides	0.603	0.997	0.676
raw	superclass	Oligopeptides	NPC superclass: Oligopeptides	2344	PS	PET	5050478.66666667	5050478.66666667	80426505.3333333	82639360	78698988	71920024	83749466.6666667	82639360	78831061.3333333	85204160	0.0101419631218736	0.763339438944087	0.0518915391691514	NA_[2344_789.62_7.9]	NA	N'-[2-[2-oxo-2-[(2,2,6,6-tetramethyl-1-octoxypiperidin-4-yl)amino]ethoxy]phenyl]-N-(2,2,6,6-tetramethyl-1-octoxypiperidin-4-yl)oxamide	[M + H3N + H]+	5	Amino acids and Peptides	Oligopeptides	Lipopeptides	0.987	0.99	0.31
raw	superclass	Oligopeptides	NPC superclass: Oligopeptides	2050	Untreated	PET	3586998.43333333	3586998.43333333	2657464.9	1013873.6	1013873.6	1013873.6	2357649.06666667	1013873.6	4600872.03333333	5987044	0.00720312038325973	0.770542559327347	0.00171460818019456	NA_[2050_755.45_7.1]	NA	[3-[2-amino-6-(hydroxymethyl)-1,4,5,6-tetrahydropyrimidin-4-yl]-4-carboxy-1-[16-(6-formyl-9-hydroxynonyl)-6-(2-oxoethyl)-17-tetracyclo[11.3.1.02,11.04,9]heptadeca-2(11),3,5,7,9,14-hexaenyl]but-3-en-2-yl]-(1H-pyrrol-2-yl)azanide	[M + H3N + H]+	-1	Amino acids and Peptides	Oligopeptides	Cyclic peptides	0.89	0.977	0.358
raw	superclass	Oligopeptides	NPC superclass: Oligopeptides	1635	PS	Untreated	3474259.8	3474259.8	6692502.28888889	6049589	5871911.33333333	5217407.5	8839927.66666667	10294200	5365667.86666667	6049589	0.00697672777037265	0.777519287097719	0.00431803226093399	NA_[1635_806.71_6.1]	NA	N-[(19R,20S)-2,17-dioxo-19-[(E)-tetradec-1-enyl]-1,18-dioxa-3,7,12,16-tetrazacyclohenicos-20-yl]octadecanamide	[M + H]+	140	Amino acids and Peptides	Oligopeptides	Lipopeptides	0.986	0.993	0.391
raw	superclass	Oligopeptides	NPC superclass: Oligopeptides	1142	Untreated	PET	3431676.03333333	3431676.03333333	4539237.52222222	4030355.2	2914536.2	3627523	4356964.13333333	1838746.8	6346212.23333333	6504982.5	0.00689121449140877	0.784410501589128	0.00292873625064561	NA_[1142_487.3_4.1]	NA	(2S)-2-[[(2S)-4-methyl-2-[(4-propan-2-ylcyclohexyl)oxycarbonylamino]pentanoyl]amino]-3-[(3S)-2-oxopyrrolidin-3-yl]propanethioic S-acid	[M + H3N + H]+	42	Amino acids and Peptides	Oligopeptides	Linear peptides	0.64	0.892	0.12
raw	superclass	Oligopeptides	NPC superclass: Oligopeptides	2818	PET	PS	3407990.8	3407990.8	2149870.53333333	1013873.6	4421864.4	1013873.6	1013873.6	1013873.6	1013873.6	1013873.6	0.00684365171986692	0.791254153308995	0.0013871060358361	NA_[2818_509.37_9.1]	NA	myristoyl-Gly-Gly-Ala-Ile-OH	[M - H2O + H]+	39	Amino acids and Peptides	Oligopeptides	Lipopeptides	0.839	0.745	0.202
raw	superclass	Oligopeptides	NPC superclass: Oligopeptides	1338	Untreated	PS	3328862.1	3328862.1	2214536.46666667	1013873.6	1287000.1	1013873.6	1013873.6	1013873.6	4342735.7	4881602	0.00668475185903225	0.797938905168027	0.0014288287838104	NA_[1338_487.3_4.9]	NA	(2S)-2-[[(2S)-4-methyl-2-[(4-propan-2-ylcyclohexyl)oxycarbonylamino]pentanoyl]amino]-3-[(3S)-2-oxopyrrolidin-3-yl]propanethioic S-acid	[M + H3N + H]+	42	Amino acids and Peptides	Oligopeptides	Cyclamides	0.943	0.965	0.387
raw	superclass	Oligopeptides	NPC superclass: Oligopeptides	545	Untreated	PS	3236874.43333333	3236874.43333333	4695121.5	3781671.8	4855584.06666667	3492918.2	2996453	2587495.5	6233327.43333333	5999343.5	0.00650002966048938	0.804438934828517	0.00302931328684995	NA_[545_437.19_2.1]	NA	Mthdaz	[M - H2O + H]+	-1	Amino acids and Peptides	Oligopeptides	Cyclic peptides	0.977	0.856	0.265
raw	superclass	Oligopeptides	NPC superclass: Oligopeptides	2248	Untreated	PS	3076397.33333333	3076397.33333333	11630415.5555556	11625966	12336887.3333333	11625966	9738981	11188834	12815378.3333333	13616478	0.00617777251665723	0.810616707345174	0.00750399587615161	NA_[2248_811.67_7.5]	NA	20-(2-Hydroxyethyl)-3-[2-hydroxy-3-(2,2,4,4-tetramethyl-21-oxo-7-oxa-3,20-diazadispiro[5.1.118.26]henicosan-20-yl)propyl]-2,2,4,4-tetramethyl-7-oxa-3,20-diazadispiro[5.1.118.26]henicosan-21-one	[M - H2O + H]+	123	Amino acids and Peptides	Oligopeptides	Cyclic peptides	0.925	0.909	0.175
raw	superclass	Oligopeptides	NPC superclass: Oligopeptides	837	Untreated	PET	3024265.8	3024265.8	3110166.37777778	3074344	2100256.8	2212552.8	2105719.73333333	1593093.4	5124522.6	5111770	0.00607308618424226	0.816689793529416	0.00200669318834799	NA_[837_1007.53_3.2]	NA	N-[(2-{2-[(N-{(2R,3R)-3-amino-4-[4-(benzyloxy)phenyl]-2-hydroxybutanoyl}-L-alanyl)amino]ethoxy}ethoxy)acetyl]-4-benzoyl-L-phenylalanyl-N~6~-hex-5-ynoyllysinamide	[M + H3N + H]+	183	Amino acids and Peptides	Oligopeptides	Linear peptides	0.899	0.997	0.494
raw	superclass	Oligopeptides	NPC superclass: Oligopeptides	1209	PS	Untreated	3022490.33333333	3022490.33333333	7022887.5	6609133	6716384.83333333	6087861.5	8687384	9358721	5664893.66666667	6609133	0.0060695208355603	0.822759314364976	0.00453119826948087	NA_[1209_667.57_4.4]	NA	N-[2-[2-[2-(2-aminoethoxy)ethoxy]ethoxy]ethyl]-N'-[2-(didodecylamino)-2-oxoethyl]butanediamide	[M - H2O + H]+	119	Amino acids and Peptides	Oligopeptides	Lipopeptides	0.925	0.989	0.423
raw	superclass	Oligopeptides	NPC superclass: Oligopeptides	228	PET	Untreated	3003428.66666667	3003428.66666667	77898915.7777778	80532744	78926928.6666667	81917170	78846318.6666667	79765710	75923500	80532744	0.00603124273696132	0.828790557101938	0.0502607271391863	NA_[228_437.19_1]	NA	Mthdaz	[M - H2O + H]+	-1	Amino acids and Peptides	Oligopeptides	Cyclic peptides	0.939	0.796	0.201
raw	superclass	Oligopeptides	NPC superclass: Oligopeptides	224	PS	Untreated	2966829	2966829	10374640.3333333	10508459	10485604	10508459	11802573	11057219	8835744	9635395	0.0059577462440336	0.834748303345971	0.00669376411410355	NA_[224_750.46_1]	NA	18-benzyl-3,15-bis(butan-2-yl)-21-(hydroxymethyl)-12-(2-methylpropyl)-1,4,10,13,16,19,22-heptaazatricyclo[22.3.0.0⁶,¹⁰]heptacosane-2,5,11,14,17,20,23-heptone	[M - H2O + H]+	115	Amino acids and Peptides	Oligopeptides	Cyclic peptides	0.96	0.998	0.488
raw	superclass	Oligopeptides	NPC superclass: Oligopeptides	1041	Untreated	PS	2951877.86666667	2951877.86666667	2053668.92222222	1013873.6	1181381.7	1013873.6	1013873.6	1013873.6	3965751.46666667	3828935	0.00592772258629643	0.840676025932268	0.001325036328214	NA_[1041_986.6_3.8]	NA	NA	[M + H3N + H]+	15	Polyketides	Oligopeptides	Depsipeptides	0.393	0.926	0.383
raw	superclass	Oligopeptides	NPC superclass: Oligopeptides	2544	PS	PET	2846553.33333333	2846553.33333333	29690522	28293034	27958404	27988766	30804957.3333333	28800244	30308204.6666667	31423012	0.00571621836988515	0.846392244302153	0.019156456928348	Cyclosporin B_[2544_1210.81_8.4]	Cyclosporin B	14,17,23,32-tetrahydroxy-33-(1-hydroxy-2-methylhex-4-en-1-yl)-1,4,7,10,12,15,19,25,28,30-decamethyl-6,9,18,24-tetrakis(2-methylpropyl)-3,21-bis(propan-2-yl)-1,4,7,10,13,16,19,22,25,28,31-undecaazacyclotritriaconta-13,16,22,31-tetraene-2,5,8,11,20,26,29-heptone	[M + Na]+	67	Amino acids and Peptides	Oligopeptides	Linear peptides	0.83	0.998	0.594
raw	superclass	Oligopeptides	NPC superclass: Oligopeptides	961	Untreated	PS	2801848.16666667	2801848.16666667	2014679.52222222	1013873.6	1214443.2	1013873.6	1013873.6	1013873.6	3815721.76666667	3686619.8	0.00562644506687469	0.852018689369028	0.00129988019381656	NA_[961_1007.53_3.6]	NA	N-[(2-{2-[(N-{(2R,3R)-3-amino-4-[4-(benzyloxy)phenyl]-2-hydroxybutanoyl}-L-alanyl)amino]ethoxy}ethoxy)acetyl]-4-benzoyl-L-phenylalanyl-N~6~-hex-5-ynoyllysinamide	[M + H3N + H]+	144	Amino acids and Peptides	Oligopeptides	Depsipeptides	0.729	0.998	0.572
raw	superclass	Oligopeptides	NPC superclass: Oligopeptides	2999	Untreated	PET	2732612.8	2732612.8	1924744.53333333	1013873.6	1013873.6	1013873.6	1013873.6	1013873.6	3746486.4	1013873.6	0.00548741219854536	0.857506101567573	0.00124185373874105	NA_[2999_659.27_9.5]	NA	2-[[(2S)-2-[[2-[[2-[[(2S)-2-amino-3-(4-hydroxyphenyl)propanoyl]oxyamino]acetyl]oxyamino]acetyl]oxyamino]-3-(1H-indol-3-yl)propanoyl]oxyamino]-4-methylpentanoic acid	[M + H]+	-1	Amino acids and Peptides	Oligopeptides	Cyclic peptides	0.889	0.962	0.521
raw	superclass	Oligopeptides	NPC superclass: Oligopeptides	2026	PS	PET	2542141.33333333	2542141.33333333	27101946	27766418	25642698.6666667	25509568	28184840	27766418	27478299.3333333	27858850	0.0051049227914616	0.862611024359035	0.0174862961730149	soblidotin_[2026_719.54_7]	soblidotin	tzt-1027	[M + H3N + H]+	10	Amino acids and Peptides	Oligopeptides	Lipopeptides	0.923	0.967	0.602
raw	superclass	Oligopeptides	NPC superclass: Oligopeptides	1797	Untreated	PS	2504964.33333333	2504964.33333333	15850654.8888889	16230765	15868167	16019894	14589416.6666667	13874963	17094381	16665672	0.00503026694438904	0.867641291303424	0.0102269130756646	NA_[1797_790.61_6.4]	NA	(2S)-2-[[(2S)-2-[tert-butyl(methyl)amino]-3-methylbutanoyl]amino]-N-[(3R,4S,5S)-1-[(2R)-2-[(1S,2R)-3-[[(1S,2R)-1-hydroxy-1-phenylpropan-2-yl]amino]-1-methoxy-2-methyl-3-oxopropyl]cyclopentyl]-3-methoxy-5-methyl-1-oxoheptan-4-yl]-N,3-dimethylbutanamide	[M + H3N + H]+	82	Amino acids and Peptides	Oligopeptides	Depsipeptides	0.58	0.984	0.343
raw	superclass	Oligopeptides	NPC superclass: Oligopeptides	2742	Untreated	PS	2377400.33333333	2377400.33333333	14127374.4444444	13695759	14220525.6666667	13198234	12892098.6666667	12519891	15269499	15357729	0.00477410322822141	0.872415394531645	0.00911504486366539	NA_[2742_588.44_8.9]	NA	N-[2-[[1,8-diamino-8-[2-(2-methylbutan-2-ylamino)ethylimino]octylidene]amino]ethyl]-2,3,4,5-tetrahydroxy-N'-(2-methylbutan-2-yl)hexanediamide	[M + H]+	67	Amino acids and Peptides	Oligopeptides	Tripeptides	0.935	0.879	0.843
raw	superclass	Oligopeptides	NPC superclass: Oligopeptides	2193	PET	PS	2203686.8	2203686.8	3908565.07777778	4084374.2	4852121.23333333	4398471	2648434.43333333	3412803.5	4225139.56666667	4185111.2	0.00442526574862468	0.87684066028027	0.00252182358276137	NA_[2193_785.65_7.4]	NA	Bis(1,2,2,6,6-pentamethylpiperidin-4-yl) 2-[(3,5-ditert-butyl-4-hydroxyphenyl)methyl]-2-(2,2,6,6-tetramethylpiperidin-4-yl)propanedioate	[M + H3N + H]+	-1	Amino acids and Peptides	Oligopeptides	Lipopeptides	0.636	0.97	0.307
raw	superclass	Oligopeptides	NPC superclass: Oligopeptides	1235	PS	Untreated	2202661.63333333	2202661.63333333	3266018.05555556	2364950.5	2935737.13333333	2363593.8	4532489.33333333	3810292.5	2329827.7	2364950.5	0.00442320709176989	0.88126386737204	0.00210724938444858	NA_[1235_654.58_4.5]	NA	3-[3-[Bis(2,3-dihydroxypropyl)amino]propyl-[3-[1,5-bis(4-propan-2-ylcyclohexyl)pentan-3-ylamino]propyl]amino]propane-1,2-diol	[M - H2O + H]+	338	Amino acids and Peptides	Oligopeptides	Depsipeptides	0.539	0.923	0.186
raw	superclass	Oligopeptides	NPC superclass: Oligopeptides	1268	PS	Untreated	2139295.5	2139295.5	2904682.34444444	2806565.5	3153951.33333333	2806565.5	3849695.6	3415790.8	1710400.1	1628842.2	0.00429596034351929	0.885559827715559	0.00187411397556038	NA_[1268_667.57_4.6]	NA	2-[1-[2-[[(2S)-1,5-bis(dodecylamino)-1,5-dioxopentan-2-yl]amino]-2-oxoethyl]cyclopentyl]acetic acid	[M + H3N + H]+	119	Fatty acids	Oligopeptides	Lipopeptides	0.54	0.789	0.419
raw	superclass	Oligopeptides	NPC superclass: Oligopeptides	1636	PS	Untreated	1963966.13333333	1963966.13333333	2379984.13333333	1923671.9	1942306.6	1779687.5	3580805.96666667	3570712	1616839.83333333	1854438	0.0039438780780004	0.889503705793559	0.00153557635464785	NA_[1636_770.64_6.1]	NA	2-[4-Amino-5-[[4-(hydroxymethyl)-3-[3-[5-(hydroxymethyl)-2,3-bis(3-methylbutoxymethyl)cyclopentyl]-2-oxocyclopentyl]-2-(3-methylbutoxymethyl)cyclopentyl]methoxy]pentyl]guanidine	[M + H3N + H]+	31	Amino acids and Peptides	Oligopeptides	Lipopeptides	0.841	1	0.93
raw	superclass	Oligopeptides	NPC superclass: Oligopeptides	3359	PET	Untreated	1938750.66666667	1938750.66666667	9755838.27777778	11802588	10666706.6666667	12200466	9872852.16666667	11802588	8727956	7668395.5	0.00389324241553894	0.893396948209098	0.00629451027395809	NA_[3359_929.59_11]	NA	2-amino-N-[4-amino-1-oxo-1-[[6,9,18-tris(2-aminoethyl)-3-(1-hydroxyethyl)-12,15-bis(2-methylpropyl)-2,5,8,11,14,17,20-heptaoxo-1,4,7,10,13,16,19-heptazacyclotricos-21-yl]amino]butan-2-yl]-3-hydroxybutanamide	[M + H]+	-1	Amino acids and Peptides	Oligopeptides	Cyclic peptides	0.973	0.999	0.46
raw	superclass	Oligopeptides	NPC superclass: Oligopeptides	888	PS	Untreated	1867214.53333333	1867214.53333333	2806893.16666667	2685239.2	2782416.56666667	2685239.2	3752738.73333333	3402362.2	1885524.2	1933312	0.00374958933351791	0.897146537542616	0.00181101996285967	NA_[888_683.57_3.4]	NA	1,3,5-Tris[3-[bis(2-methylpropyl)amino]-2-hydroxypropyl]piperidine-2,4,6-trione	[M + H]+	119	Amino acids and Peptides	Oligopeptides	Lipopeptides	0.834	0.975	0.326
raw	superclass	Oligopeptides	NPC superclass: Oligopeptides	2521	PS	PET	1856922.66666667	1856922.66666667	13983256.5333333	13449109	13007568	13449109	14864490.6666667	12392699	14077710.9333333	15707552	0.00372892203857863	0.900875459581195	0.0090220593460378	NA_[2521_803.51_8.4]	NA	NA	[M + K]+	770	Amino acids and Peptides	Oligopeptides	Depsipeptides	0.503	0.959	0.243
raw	superclass	Oligopeptides	NPC superclass: Oligopeptides	2197	Untreated	PS	1639653.86666667	1639653.86666667	4621491.95555556	3750460.2	4214412.33333333	3129740.8	4005204.83333333	3750460.2	5644858.7	4410934	0.00329262039222635	0.904168079973421	0.00298180717709533	NA_[2197_748.46_7.5]	NA	7-{4-[(4-carbamimidamidobutoxy)carbonyl]-1-imino-1H,2H,3H,5H,6H,7H-pyrrolo[1,2-c]pyrimidin-3-yl}heptyl 10-heptyl-6-methyl-7,9,12-triazatricyclo[6.3.1.0⁴,¹²]dodeca-5,7-diene-5-carboxylate	[M + K]+	25	Amino acids and Peptides	Oligopeptides	Cyclic peptides	0.977	0.886	0.359
raw	superclass	Oligopeptides	NPC superclass: Oligopeptides	1370	Untreated	PET	1617898.5	1617898.5	4827453.58888889	4414459.5	4213089.83333333	4216153.5	4438282.6	4414459.5	5830988.33333333	6123487.5	0.00324893302296917	0.90741701299639	0.00311469453952844	NA_[1370_884.54_5.1]	NA	2-[2-(2-{2-[2-(2-{2-[2-(2-aminopropanamido)acetamido]-4-methylpentanamido}-4-methylpentanamido)-3-carboxypropanamido]-3-methylpentanamido}-4-methylpentanamido)acetamido]-4-methylpentanoic acid	[M + H]+	-1	Amino acids and Peptides	Oligopeptides	Cyclic peptides	0.924	0.992	0.626
raw	superclass	Oligopeptides	NPC superclass: Oligopeptides	1632	Untreated	PS	1527697.5	1527697.5	6392800.33333333	6350946	6435272.5	6660579.5	5607715.5	5729954	7135413	7486333	0.00306779866404317	0.910484811660433	0.00412466322542355	soblidotin_[1632_719.54_6.1]	soblidotin	tzt-1027	[M + H3N + H]+	-1	Amino acids and Peptides	Oligopeptides	Cyclic peptides	0.909	0.842	0.077
raw	superclass	Oligopeptides	NPC superclass: Oligopeptides	2746	Untreated	PS	1464745.06666667	1464745.06666667	5231745.74444444	5647501.5	4961702.16666667	5647501.5	4634395	4249558	6099140.06666667	7075686	0.00294138267470086	0.913426194335134	0.00337554563754447	Cyclosporin B_[2746_1210.81_8.9]	Cyclosporin B	14,17,23,32-tetrahydroxy-33-(1-hydroxy-2-methylhex-4-en-1-yl)-1,4,7,10,12,15,19,25,28,30-decamethyl-6,9,18,24-tetrakis(2-methylpropyl)-3,21-bis(propan-2-yl)-1,4,7,10,13,16,19,22,25,28,31-undecaazacyclotritriaconta-13,16,22,31-tetraene-2,5,8,11,20,26,29-heptone	[M + Na]+	73	Amino acids and Peptides	Oligopeptides	Linear peptides	0.757	0.995	0.818
raw	superclass	Oligopeptides	NPC superclass: Oligopeptides	1229	PS	PET	1413715.6	1413715.6	1818794.28888889	1181771.6	1324411.6	1013873.6	2738127.2	1197174	1393844.06666667	1013873.6	0.00283890942350628	0.916265103758641	0.0011734941695072	NA_[1229_618.51_4.5]	NA	H-Lys-Pro-Lys-Pro-Unk	[M - H2O + H]+	187	Amino acids and Peptides	Oligopeptides	Linear peptides	0.949	0.796	0.201
raw	superclass	Oligopeptides	NPC superclass: Oligopeptides	2609	PS	PET	1405815.66666667	1405815.66666667	16576883.6666667	16005464	16053363	16005464	17459178.6666667	17873572	16218109.3333333	15741134	0.00282304541579138	0.919088149174432	0.010695479115077	Cyclosporin B_[2609_1210.81_8.6]	Cyclosporin B	14,17,23,32-tetrahydroxy-33-(1-hydroxy-2-methylhex-4-en-1-yl)-1,4,7,10,12,15,19,25,28,30-decamethyl-6,9,18,24-tetrakis(2-methylpropyl)-3,21-bis(propan-2-yl)-1,4,7,10,13,16,19,22,25,28,31-undecaazacyclotritriaconta-13,16,22,31-tetraene-2,5,8,11,20,26,29-heptone	[M + Na]+	73	Amino acids and Peptides	Oligopeptides	Linear peptides	0.577	0.993	0.72
raw	superclass	Oligopeptides	NPC superclass: Oligopeptides	2794	PS	Untreated	1366012.5	1366012.5	3778807.12222222	1013873.6	4191171.06666667	1013873.6	4255631.4	1013873.6	2889618.9	1013873.6	0.00274311591304317	0.921831265087475	0.0024381031723654	NA_[2794_509.37_9]	NA	myristoyl-Gly-Gly-Ala-Ile-OH	[M - H2O + H]+	39	Amino acids and Peptides	Oligopeptides	Lipopeptides	0.844	0.763	0.239
raw	superclass	Oligopeptides	NPC superclass: Oligopeptides	3343	PS	PET	1318294.33333333	1318294.33333333	3101233.94444444	3277147	2563978.33333333	2479261	3882272.66666667	3754150.5	2857450.83333333	2633944.2	0.00264729214691762	0.924478557234393	0.00200092994260865	NA_[3343_921.77_10.9]	NA	N-[1-[2-[2-[2-(2-acetamidopropanoylamino)ethoxy]propan-2-yloxy]ethylamino]-3-(octadec-9-enoylamino)-1-oxopropan-2-yl]nonadec-9-enamide	[M + H3N + H]+	10	Amino acids and Peptides	Oligopeptides	Linear peptides	0.958	0.99	0.649
raw	superclass	Oligopeptides	NPC superclass: Oligopeptides	1113	PS	Untreated	1233948.26666667	1233948.26666667	2092305.26666667	1769372	2017013.46666667	1706014.6	2746925.3	2298079.2	1512977.03333333	1755685.5	0.00247791519196594	0.926956472426359	0.00134996466959576	NA_[1113_669.59_4.1]	NA	5-(2-Ethylhexoxy)-2-[4-[4-(2-ethylhexoxy)-2-hydroxycyclohexyl]-6-(4-methoxycyclohexyl)-1,3,5-triazinan-2-yl]cyclohexan-1-ol	[M + H3N + H]+	119	Amino acids and Peptides	Oligopeptides	Lipopeptides	0.819	0.976	0.342
raw	superclass	Oligopeptides	NPC superclass: Oligopeptides	1081	PS	Untreated	1185396.26666667	1185396.26666667	1943179.91111111	1585059.8	1664085.93333333	1451414.4	2675425.03333333	2976245.8	1490028.76666667	1394284.8	0.00238041698912367	0.929336889415482	0.00125374832652761	NA_[1081_802.63_4]	NA	5,5,6-Tris(2,2,6,6-tetramethylpiperidin-4-yl)hexadecane-1,2,3,4-tetracarboxylic acid	[M - H2O + H]+	31	Amino acids and Peptides	Oligopeptides	Depsipeptides	0.568	0.997	0.655
raw	superclass	Oligopeptides	NPC superclass: Oligopeptides	1316	PS	Untreated	1171866.23333333	1171866.23333333	1709135.48888889	1229641.8	1353305.76666667	1013873.6	2472983.46666667	1768238.6	1301117.23333333	1013873.6	0.00235324706956534	0.931690136485048	0.00110274182372445	NA_[1316_652.56_4.9]	NA	5-(2-Ethylhexoxy)-2-[4-[4-(2-ethylhexoxy)-2-hydroxycyclohexyl]-6-(4-methoxycyclohexyl)-1,3,5-triazinan-2-yl]cyclohexan-1-ol	[M + H]+	14	Amino acids and Peptides	Oligopeptides	Lipopeptides	0.345	0.799	0.15
raw	superclass	Oligopeptides	NPC superclass: Oligopeptides	3000	Untreated	PS	1116359.33333333	1116359.33333333	19676640.6666667	19822670	19579869.3333333	19822670	19166846.6666667	17809102	20283206	21091280	0.00224178259857865	0.933931919083626	0.0126954561265572	GPL P-II_[3000_1347.87_9.5]	GPL P-II	Gpl P-II	[M + Na]+	283	Amino acids and Peptides	Oligopeptides	Lipopeptides	0.532	0.905	0.375
raw	superclass	Oligopeptides	NPC superclass: Oligopeptides	1745	Untreated	PET	1096982.66666667	1096982.66666667	4750838.46666667	4453358.5	4300579.16666667	4381253.5	4554374.4	4399126	5397561.83333333	5391987	0.00220287194243527	0.936134791026062	0.00306526212170466	NA_[1745_765.56_6.4]	NA	cyclo[DL-N(Me)Ala-DL-N(Me)Ala-Unk-DL-Gly(Unk)-DL-N(Me)Ala-DL-N(Me)Leu-DL-Gly(Unk)]	[M + H3N + H]+	10	Amino acids and Peptides	Oligopeptides	Microginins	0.985	0.993	0.513
raw	superclass	Oligopeptides	NPC superclass: Oligopeptides	2806	Untreated	PS	1093298.23333333	1093298.23333333	6330243.13333333	6338676	6017248.16666667	6338676	5940091.5	5575089	7033389.73333333	7525890	0.00219547316115969	0.938330264187221	0.00408430104158057	NA_[2806_730.45_9.1]	NA	2-methylpropyl N-[(2S)-1-[(1R,2S,5S)-2-({1-[({[(S)-(dimethylcarbamoyl)(phenyl)methyl]carbamoyl}methyl)carbamoyl]-1-oxopentan-2-yl}carbamoyl)-6,6-dimethyl-3-azabicyclo[3.1.0]hexan-3-yl]-3,3-dimethyl-1-oxobutan-2-yl]carbamate	[M + H3N + H]+	329	Amino acids and Peptides	Oligopeptides	Cyclic peptides	0.902	0.949	0.165
raw	superclass	Oligopeptides	NPC superclass: Oligopeptides	1146	PS	Untreated	1084708.66666667	1084708.66666667	1610984.23333333	1013873.6	1353980.9	1013873.6	2281840.23333333	1765062.9	1197131.56666667	1013873.6	0.00217822428751506	0.940508488474736	0.00103941419683014	NA_[1146_784.62_4.2]	NA	1-[N-(24-{N-[2-(acetyloxy)-3-acetamidopropyl]acetamido}tetracosyl)acetamido]-3-acetamidopropan-2-yl acetate	[M + H3N + H]+	31	Amino acids and Peptides	Oligopeptides	Microcolins and mirabimids	0.855	0.999	0.772
raw	superclass	Oligopeptides	NPC superclass: Oligopeptides	1460	Untreated	PET	1070161.63333333	1070161.63333333	1370594.14444444	1013873.6	1013873.6	1013873.6	1013873.6	1013873.6	2084035.23333333	1574079.1	0.00214901211074198	0.942657500585478	0.000884313441653063	NA_[1460_1209.84_5.5]	NA	N-[(2R)-1-[[(3S,6S,8S,12S,13S,16S,17R,20S,23S)-13-[(2S)-butan-2-yl]-12-hydroxy-20-[(4-methoxyphenyl)methyl]-6,17,21-trimethyl-3-(2-methylpropyl)-2,5,7,10,15,19,22-heptaoxo-8-propan-2-yl-9,18-dioxa-1,4,14,21-tetrazabicyclo[21.3.0]hexacosan-16-yl]amino]-4-methyl-1-oxopentan-2-yl]-N-methyloctadecanamide	[M + H]+	615	Amino acids and Peptides	Oligopeptides	Lipopeptides	0.848	0.999	0.955
raw	superclass	Oligopeptides	NPC superclass: Oligopeptides	1095	PET	PS	1065878.36666667	1065878.36666667	1531236.64444444	1013873.6	2079751.96666667	2101099.8	1013873.6	1013873.6	1500084.36666667	1591307.4	0.00214041080075899	0.944797911386237	0.000987960697572381	NA_[1095_1007.53_4]	NA	N-[(2-{2-[(N-{(2R,3R)-3-amino-4-[4-(benzyloxy)phenyl]-2-hydroxybutanoyl}-L-alanyl)amino]ethoxy}ethoxy)acetyl]-4-benzoyl-L-phenylalanyl-N~6~-hex-5-ynoyllysinamide	[M + H3N + H]+	-1	Amino acids and Peptides	Oligopeptides	Linear peptides	0.898	0.998	0.339
raw	superclass	Oligopeptides	NPC superclass: Oligopeptides	1595	Untreated	PET	1047306.96666667	1047306.96666667	1362975.92222222	1013873.6	1013873.6	1013873.6	1013873.6	1013873.6	2061180.56666667	1013873.6	0.00210311721606084	0.946901028602298	0.000879398130771342	NA_[1595_986.6_6]	NA	11-[(3-cyclohexyl-5-methylphenyl)methyl]-30-(dihydroxymethyl)-20,24,32-trihydroxy-14-imino-34-oxa-3,13,15,38-tetraazaheptacyclo[19.17.6.1¹,³⁵.1⁶,¹⁰.1²⁹,³³.0¹⁶,²¹.0²⁷,⁴²]heptatetraconta-6(47),7,9,17,29,31,33(46)-heptaen-43-yn-26-yl acetate	[M + H]+	15	Polyketides	Oligopeptides	Open-chain polyketides	0.8	0.776	0.544
raw	superclass	Oligopeptides	NPC superclass: Oligopeptides	1997	Untreated	PET	1005912.16666667	1005912.16666667	6849506.22222222	6487942.5	6456165.66666667	6100641	6630275.16666667	6487942.5	7462077.83333333	7948837.5	0.00201999152387483	0.948921020126173	0.00441933189744699	NA_[1997_743.58_7]	NA	(S)-2-((S)-N,4-dimethyl-2-(methylamino)pentanamido)-N,4-dimethyl-N-((S)-4-methyl-1-(((S)-4-methyl-1-(methyl((S)-4-methyl-1-oxo-1-(phenethylamino)pentan-2-yl)amino)-1-oxopentan-2-yl)amino)-1-oxopentan-2-yl)pentanamide	[M + H]+	-1	Amino acids and Peptides	Oligopeptides	Linear peptides	0.992	0.964	0.484
raw	superclass	Oligopeptides	NPC superclass: Oligopeptides	3012	Untreated	PET	994572.633333333	994572.633333333	1345397.81111111	1013873.6	1013873.6	1013873.6	1013873.6	1013873.6	2008446.23333333	1013873.6	0.00199722038939901	0.950918240515572	0.000868056655253272	Malleobactin C_[3012_659.24_9.5]	Malleobactin C	Malleobactin C	[M + K]+	-1	Amino acids and Peptides	Oligopeptides	Cyclic peptides	0.637	0.826	0.484
raw	superclass	Oligopeptides	NPC superclass: Oligopeptides	1211	Untreated	PET	958981.133333333	958981.133333333	1333533.97777778	1013873.6	1013873.6	1013873.6	1013873.6	1013873.6	1972854.73333333	1500370.6	0.00192574841529989	0.952843988930872	0.000860402057188102	NA_[1211_986.6_4.4]	NA	11-[(3-cyclohexyl-5-methylphenyl)methyl]-30-(dihydroxymethyl)-20,24,32-trihydroxy-14-imino-34-oxa-3,13,15,38-tetraazaheptacyclo[19.17.6.1¹,³⁵.1⁶,¹⁰.1²⁹,³³.0¹⁶,²¹.0²⁷,⁴²]heptatetraconta-6(47),7,9,17,29,31,33(46)-heptaen-43-yn-26-yl acetate	[M + H]+	15	Amino acids and Peptides	Oligopeptides	Cyclic peptides	0.934	0.849	0.1
raw	superclass	Oligopeptides	NPC superclass: Oligopeptides	1304	PS	PET	932429.666666667	932429.666666667	1514417	1013873.6	1195638.8	1013873.6	2128068.46666667	1178424.6	1219543.73333333	1013873.6	0.00187242990560253	0.954716418836475	0.000977108588123106	NA_[1304_652.56_4.8]	NA	5-(2-Ethylhexoxy)-2-[4-[4-(2-ethylhexoxy)-2-hydroxycyclohexyl]-6-(4-methoxycyclohexyl)-1,3,5-triazinan-2-yl]cyclohexan-1-ol	[M + H]+	14	Amino acids and Peptides	Oligopeptides	Lipopeptides	0.347	0.802	0.165
raw	superclass	Oligopeptides	NPC superclass: Oligopeptides	3008	PS	PET	926663	926663	4934742.66666667	4941771	4322789.16666667	4217754.5	5249452.16666667	5437972.5	5231986.66666667	5165293	0.00186084975161525	0.95657726858809	0.00318391792998726	NA_[3008_1384.96_9.5]	NA	palmitoyl-Asn-Ile-Val-Arg-Val-Leu-Ala-Thr-Lys-Leu-Me	[M + Na]+	67	Amino acids and Peptides	Oligopeptides	Lipopeptides	0.972	1	0.885
raw	superclass	Oligopeptides	NPC superclass: Oligopeptides	840	Untreated	PS	889626.1	889626.1	2607343.91111111	2493370.8	2814040.96666667	2655970.8	2059182.33333333	1873987.4	2948808.43333333	2493370.8	0.001786475242041	0.958363743830131	0.00168226989510627	NA_[840_973.69_3.3]	NA	4-[[18-Ethyl-19-methyl-2,4,6,10,12,14,16-heptakis(2-oxopyrrolidin-1-yl)icosan-8-yl]amino]butanal	[M - H2O + H]+	144	Amino acids and Peptides	Oligopeptides	Open-chain polyketides	0.634	0.915	0.239
raw	superclass	Oligopeptides	NPC superclass: Oligopeptides	2275	PS	PET	873258.666666666	873258.666666666	15989101	15498312	15501227.3333333	14707772	16374486	15498312	16091589.6666667	16182915	0.00175360748509709	0.960117351315228	0.0103162391226906	NA_[2275_771.61_7.7]	NA	15-[(4-aminobutyl)(3-aminopropyl)carbamoyl]pentadecyl 7''-ethyl-4'',7''-dihydro-3''H-dispiro[oxane-2,6'-[7,9,12]triazatricyclo[6.3.1.0⁴,¹²]dodecane-10',2''-oxepin]-7'-ene-5'-carboxylate	[M + H]+	10	Amino acids and Peptides	Oligopeptides	Cyclic peptides	0.981	0.973	0.291
raw	superclass	Oligopeptides	NPC superclass: Oligopeptides	2650	Untreated	PET	862232	862232	6983940.83333333	6456285.5	6577694	6431685.5	6934202.5	6456285.5	7439926	8195347.5	0.00173146462417806	0.961848815939406	0.00450606970682027	NA_[2650_1192.8_8.7]	NA	NA	[M + H3N + H]+	67	Amino acids and Peptides	Oligopeptides	Linear peptides	0.199	0.791	0.138
raw	superclass	Oligopeptides	NPC superclass: Oligopeptides	1176	Untreated	PET	856810.366666667	856810.366666667	1394899.1	1013873.6	1013873.6	1013873.6	1300139.73333333	1013873.6	1870683.96666667	1336362.1	0.00172057733824814	0.963569393277654	0.000899995107143667	Aspereline E_[1176_991.55_4.3]	Aspereline E	Aspereline E	[M + K]+	-1	Amino acids and Peptides	Oligopeptides	Lipopeptides	0.965	0.993	0.478
raw	superclass	Oligopeptides	NPC superclass: Oligopeptides	2839	Untreated	PS	836216.333333333	836216.333333333	7623020.33333333	7440553.5	7541877.66666667	7440553.5	7245483.5	6839249	8081699.83333333	8284522	0.00167922206474192	0.965248615342396	0.00491840664436351	NA_[2839_815.7_9.1]	NA	N-[3-(heptadec-9-enoylamino)-1-oxo-1-[2-[2-[2-(propanoylamino)ethoxy]propan-2-yloxy]ethylamino]propan-2-yl]nonadec-9-enamide	[M - H2O + H]+	5	Amino acids and Peptides	Oligopeptides	Lipopeptides	0.71	0.922	0.33
raw	superclass	Oligopeptides	NPC superclass: Oligopeptides	1117	PS	Untreated	820371.266666667	820371.266666667	2232522.53333333	2180924.2	2425748.33333333	2180924.2	2546095.26666667	2409125.5	1725724	1876523.9	0.00164740328232481	0.966896018624721	0.00144043347406847	NA_[1117_685.58_4.1]	NA	4-cyano-4-methyl-N-[3-methyl-3-[2-methyl-2-[2,4,4-trimethyl-5-[[3-methyl-3-[2-methyl-2-[(2-methylpropan-2-yl)oxy]propoxy]butyl]amino]-5-oxopentan-2-yl]oxypropoxy]butyl]hexanamide	[M + H3N + H]+	119	Amino acids and Peptides	Oligopeptides	Microcolins and mirabimids	0.902	0.991	0.667
raw	superclass	Oligopeptides	NPC superclass: Oligopeptides	2101	Untreated	PET	811633.5	811633.5	1410629.81111111	1013873.6	1013873.6	1013873.6	1392508.73333333	1013873.6	1825507.1	2195193.5	0.00162985680541644	0.968525875430137	0.000910144631960115	NA_[2101_795.57_7.2]	NA	(2S)-N-[(1S)-2-[[(2S)-1-[[(2R)-1-[[(2R)-1-amino-4-methyl-1-oxopentan-2-yl]amino]-1-oxopropan-2-yl]-methylamino]-1-oxopropan-2-yl]-methylamino]-1-[(2S,3S)-2,3-dimethylcyclopropyl]-2-oxoethyl]-2-[[(2S)-2-[[(2R)-2-[(2S,3S)-2,3-dimethylcyclopropyl]propanoyl]-methylamino]propanoyl]-methylamino]-5-hydroxy-4-methylpentanamide	[M + H3N + H]+	10	Amino acids and Peptides	Oligopeptides	Lipopeptides	0.946	0.978	0.718
raw	superclass	Oligopeptides	NPC superclass: Oligopeptides	723	PET	Untreated	790742.333333332	790742.333333332	19201637	19141930	19482720	19141930	19430213.3333333	18929632	18691977.6666667	19210920	0.001587904852762	0.970113780282899	0.0123889816468795	NA_[723_989.61_2.8]	NA	N-[3-[2-[2-[3-[[2-[2-(4-aminooxybutylamino)-2-oxoethoxy]acetyl]amino]propoxy]ethoxy]ethoxy]propyl]-2-[[2-[3-[2-[2-[3-[[2-[2-(4-aminooxybutylamino)-2-oxoethoxy]acetyl]amino]propoxy]ethoxy]ethoxy]propylamino]-2-oxoethyl]-(hydroxymethyl)amino]acetamide	[M + H3N + H]+	42	Amino acids and Peptides	Oligopeptides	Lipopeptides	0.696	0.983	0.579
raw	superclass	Oligopeptides	NPC superclass: Oligopeptides	1085	PS	Untreated	730046.466666667	730046.466666667	1790205.48888889	1674606.5	1829372.6	1757487.4	2135645.16666667	1853573.1	1405598.7	1528316	0.00146602031824326	0.971579800601142	0.00115504854851633	NA_[1085_685.58_4]	NA	(Carboxylatomethyl)(carboxymethyl)[2-(hexadecanoylamino)ethyl][2-(tetradecanoylamino)ethyl]aminium	[M + H3N + H]+	119	Polyketides	Oligopeptides	Lipopeptides	0.542	0.988	0.795
raw	superclass	Oligopeptides	NPC superclass: Oligopeptides	1438	Untreated	PET	729616.3	729616.3	1257079.03333333	1013873.6	1013873.6	1013873.6	1013873.6	1013873.6	1743489.9	1013873.6	0.00146515649230565	0.973044957093448	0.000811072986779395	Aspereline E_[1438_991.55_5.4]	Aspereline E	Aspereline E	[M + K]+	-1	Amino acids and Peptides	Oligopeptides	Cyclic peptides	0.951	0.985	0.447
raw	superclass	Oligopeptides	NPC superclass: Oligopeptides	2553	PS	PET	700878.333333333	700878.333333333	6841405.33333333	6704516.5	6512183.66666667	6704516.5	7213062	7516536	6798970.33333333	6079414.5	0.00140744723000254	0.974452404323451	0.00441410516788389	NA_[2553_775.64_8.5]	NA	N,N'-Didodecyl-2-(L-prolyl-L-prolyl-L-prolyl-)pentanediamide	[M + H3N + H]+	-1	Amino acids and Peptides	Oligopeptides	Lipopeptides	0.915	0.941	0.501
raw	superclass	Oligopeptides	NPC superclass: Oligopeptides	3002	PET	PS	698518.333333332	698518.333333332	20499440.6666667	20507488	20810617.3333333	20507488	20112099	19678980	20575605.6666667	21556912	0.00140270806871757	0.975855112392168	0.0132263303483255	NA_[3002_1348.88_9.5]	NA	(3S,6S,9S,12S,15S,18R,21S,24S,27S,33R)-3-ethyl-30-[(1R)-1-hydroxyethyl]-6-[(E,1R,2R)-1-hydroxy-2-methylhex-4-enyl]-7,10,13,16,18,21,25,31-octamethyl-12,15,24-tris(2-methylpropyl)-35-[(Z)-3-phenylprop-2-enoxy]-9,27-di(propan-2-yl)-1,4,7,10,13,16,19,22,25,28,31-undecazabicyclo[31.3.0]hexatriacontane-2,5,8,11,14,17,20,23,26,29,32-undecone	[M + H]+	283	Amino acids and Peptides	Oligopeptides	Linear peptides	0.933	0.998	0.514
raw	superclass	Oligopeptides	NPC superclass: Oligopeptides	2804	PET	Untreated	691814.666666668	691814.666666668	9774027.11111111	9108999	10228460.3333333	9807338	9556975.33333333	9108999	9536645.66666667	9000266	0.00138924630705062	0.977244358699219	0.00630624579017188	NA_[2804_815.7_9]	NA	N-[3-(heptadec-9-enoylamino)-1-oxo-1-[2-[2-[2-(propanoylamino)ethoxy]propan-2-yloxy]ethylamino]propan-2-yl]nonadec-9-enamide	[M - H2O + H]+	5	Amino acids and Peptides	Oligopeptides	Lipopeptides	0.641	0.871	0.259
raw	superclass	Oligopeptides	NPC superclass: Oligopeptides	2695	Untreated	PS	662323.1	662323.1	5288836.75555556	5394260	5234603.16666667	5485295	4984792	4975729.5	5647115.1	6347055.5	0.00133002372612702	0.978574382425346	0.00341238101198975	Trichopolyn V_[2695_1222.84_8.9]	Trichopolyn V	Trichopolyn V	[M + H]+	-1	Amino acids and Peptides	Oligopeptides	Linear peptides	0.961	0.999	0.347
raw	superclass	Oligopeptides	NPC superclass: Oligopeptides	2570	Untreated	PS	586945.333333333	586945.333333333	2596268.78888889	2444784	2529305.56666667	2353933.2	2336277.73333333	2385055.2	2923223.06666667	2993852	0.00117865618649397	0.97975303861184	0.00167512417696005	NA_[2570_815.7_8.5]	NA	4-[[(2S)-1,5-bis(octadecylamino)-1,5-dioxopentan-2-yl]carbamoyl]benzoic acid	[M + H3N + H]+	-1	Amino acids and Peptides	Oligopeptides	Microcolins and mirabimids	0.717	0.739	0.101
raw	superclass	Oligopeptides	NPC superclass: Oligopeptides	1376	PS	Untreated	576938.366666667	576938.366666667	1556224.95555556	1666317.5	1617885.03333333	1686813	1813864.1	1666317.5	1236925.73333333	1013873.6	0.0011585610047115	0.980911599616551	0.00100408326710862	NA_[1376_651.58_5.1]	NA	1-N,1-N,3-N,3-N-tetraheptyl-2-propylpropane-1,1,3,3-tetracarboxamide	[M + H]+	-1	Amino acids and Peptides	Oligopeptides	Open-chain polyketides	0.816	0.723	0.068
raw	superclass	Oligopeptides	NPC superclass: Oligopeptides	1373	PS	Untreated	565626.7	565626.7	1541482.55555556	1630136	1620232.16666667	1686813	1784921.1	1689476	1219294.4	1013873.6	0.00113584582982373	0.982047445446375	0.000994571405019414	NA_[1373_651.58_5.1]	NA	1-N,1-N,3-N,3-N-tetraheptyl-2-propylpropane-1,1,3,3-tetracarboxamide	[M + H]+	119	Amino acids and Peptides	Oligopeptides	Open-chain polyketides	0.812	0.727	0.069
raw	superclass	Oligopeptides	NPC superclass: Oligopeptides	3022	PS	Untreated	564498.933333333	564498.933333333	2134292.48888889	2166575.8	2240223	2084656.2	2363576.7	2166575.8	1799077.76666667	2178122.5	0.0011335811399402	0.983181026586315	0.00137705501223241	NA_[3022_785.54_9.5]	NA	tert-butyl N-[2-[[4-[bis[2-[(2-methylpropan-2-yl)oxycarbonylamino]ethyl]amino]-6-piperazin-1-yl-1,3,5-triazin-2-yl]-[2-[(2-methylpropan-2-yl)oxycarbonylamino]ethyl]amino]ethyl]carbamate	[M + H3N + H]+	-1	Amino acids and Peptides	Oligopeptides	Cyclic peptides	0.994	0.993	0.553
raw	superclass	Oligopeptides	NPC superclass: Oligopeptides	1143	PS	PET	551367.8	551367.8	1280720.77777778	1013873.6	1013873.6	1013873.6	1565241.4	1013873.6	1263047.33333333	1013873.6	0.00110721225912618	0.984288238845441	0.000826326745509572	NA_[1143_986.6_4.2]	NA	11-[(3-cyclohexyl-5-methylphenyl)methyl]-30-(dihydroxymethyl)-20,24,32-trihydroxy-14-imino-34-oxa-3,13,15,38-tetraazaheptacyclo[19.17.6.1¹,³⁵.1⁶,¹⁰.1²⁹,³³.0¹⁶,²¹.0²⁷,⁴²]heptatetraconta-6(47),7,9,17,29,31,33(46)-heptaen-43-yn-26-yl acetate	[M + H]+	15	Amino acids and Peptides	Oligopeptides	Open-chain polyketides	0.648	0.859	0.444
raw	superclass	Oligopeptides	NPC superclass: Oligopeptides	1450	PET	PS	502361.6	502361.6	2026380.37777778	2100540	2305718.63333333	2485530.2	1803357.03333333	2100540	1970065.46666667	2051954	0.00100880196854848	0.98529704081399	0.00130742963789419	NA_[1450_626.44_5.4]	NA	1-O-[2-[ethyl(hydroxy)amino]-2-methylheptan-4-yl] 1-O,2-O-bis(1-hydroxy-2,2,6,6-tetramethylpiperidin-4-yl) ethane-1,1,2-tricarboxylate	[M - H2O + H]+	31	Amino acids and Peptides	Oligopeptides	Lipopeptides	0.796	0.876	0.289
raw	superclass	Oligopeptides	NPC superclass: Oligopeptides	1911	Untreated	PET	490836.5	490836.5	5482574.38888889	5325112	5178313.33333333	5070035	5600260	5325112	5669149.83333333	5873657	0.00098565819408857	0.986282699008078	0.00353738139522147	NA_[1911_1006.66_6.8]	NA	1H-Azepine-1-carboxamide, N,N',N''-[(2,4,6-trioxo-1,3,5-triazine-1,3,5(2H,4H,6H)-triyl)tris[methylene(3,5,5-trimethyl-3,1-cyclohexanediyl)]]tris[hexahydro-2-oxo-	[M + H]+	73	Amino acids and Peptides	Oligopeptides	Linear peptides	0.821	0.995	0.578
raw	superclass	Oligopeptides	NPC superclass: Oligopeptides	2325	Untreated	PS	478927.433333333	478927.433333333	2902566.97777778	2792616	2938216.3	2867678.5	2645278.6	2618519	3124206.03333333	3194379.5	0.000961743368797567	0.987244442376876	0.00187274913157287	NA_[2325_799.67_7.8]	NA	dihexadecyl 4-[1-(2-amino-2-oxoethyl)-2H-pyridin-5-yl]-2,6-dimethyl-3,4-dihydropyridine-3,5-dicarboxylate	[M + H3N + H]+	5	Amino acids and Peptides	Oligopeptides	Lipopeptides	0.731	0.919	0.196
raw	superclass	Oligopeptides	NPC superclass: Oligopeptides	1583	PS	PET	475350.633333333	475350.633333333	1172323.81111111	1013873.6	1013873.6	1013873.6	1489224.23333333	1013873.6	1013873.6	1013873.6	0.000954560728083978	0.98819900310496	0.000756388540209121	NA_[1583_756.62_6]	NA	N,N-Bis[2-[(1-oxooctadecyl)amino]ethyl]maleamidic acid	[M + Na]+	31	Amino acids and Peptides	Oligopeptides	Depsipeptides	0.486	0.712	0.086
raw	superclass	Oligopeptides	NPC superclass: Oligopeptides	777	Untreated	PET	396680.166666667	396680.166666667	2415319.96666667	2400330.8	2225177.03333333	2400330.8	2398925.66666667	2091027.6	2621857.2	2650086.5	0.000796581054398807	0.988995584159359	0.00155837519157221	NA_[777_530.33_3]	NA	H-Asp-Ala-Val-Pro-xiIle-NH2	[M + H3N + H]+	4	Amino acids and Peptides	Oligopeptides	Linear peptides	0.823	0.796	0.531
raw	superclass	Oligopeptides	NPC superclass: Oligopeptides	1234	PET	Untreated	382899.4	382899.4	1901510.33333333	2006393.9	2040018.33333333	2008707.1	2007393.73333333	2051273.1	1657118.93333333	1972772.8	0.000768907632422603	0.989764491791781	0.00122686292950015	NA_[1234_617.52_4.5]	NA	{2-[Butyryl-(2-methoxy-3-octadecylcarbamoyloxy-propoxycarbonyl)-amino]-ethyl}-trimethyl-ammonium; iodide	[M + H3N + H]+	-1	Fatty acids	Oligopeptides	Lipopeptides	0.639	0.878	0.65
raw	superclass	Oligopeptides	NPC superclass: Oligopeptides	1046	Untreated	PS	382226.633333334	382226.633333334	2573885.01111111	2553405.8	2622746.8	2570526.8	2358340.8	2149567.8	2740567.43333333	2251197.5	0.000767556636769857	0.990532048428551	0.00166068206392163	NA_[1046_615.51_3.8]	NA	12,24,36-Trimethyl-4,16,28-trioxa-1,13,25-triazacyclohexatriacontane-5,17,29-trione	[M + H3N + H]+	251	Amino acids and Peptides	Oligopeptides	Depsipeptides	0.792	0.998	0.547
raw	superclass	Oligopeptides	NPC superclass: Oligopeptides	2515	PS	Untreated	368494.366666667	368494.366666667	3016817.31111111	3041328.2	2976039.63333333	3034480.2	3221453.33333333	3335208	2852958.96666667	3400928.5	0.000739980608574297	0.991272029037126	0.00194646395509633	batzelladine A_[2515_768.58_8.4]	batzelladine A	Batzelladine A	[M + H]+	380	Amino acids and Peptides	Oligopeptides	Linear peptides	0.944	0.917	0.328
raw	superclass	Oligopeptides	NPC superclass: Oligopeptides	1726	PS	PET	368015.733333333	368015.733333333	1136545.51111111	1013873.6	1013873.6	1013873.6	1381889.33333333	1013873.6	1013873.6	1013873.6	0.000739019455793353	0.992011048492919	0.00073330422182228	Microcyclamide GL628_[1726_629.2_6.3]	Microcyclamide GL628	Microcyclamide Gl628	[M + H]+	104	Amino acids and Peptides	Oligopeptides	Cyclamides	0.993	0.989	0.924
raw	superclass	Oligopeptides	NPC superclass: Oligopeptides	2615	Untreated	PS	357114.1	357114.1	1647556.1	1480282	1529116.93333333	1480282	1528218.63333333	1337450.2	1885332.73333333	1925817.1	0.000717127676710198	0.992728176169629	0.00106301052796199	NA_[2615_827.7_8.6]	NA	N-butyl-N-[1-[8-[6-[8-(2,5-dioxopyrrol-1-yl)octyl]-3-hexyl-2-octylcyclohexyl]octyl]-2,5-dihydroxypyrrol-3-yl]acetamide	[M + H3N + H]+	-1	Amino acids and Peptides	Oligopeptides	Lipopeptides	0.606	0.976	0.466
raw	superclass	Oligopeptides	NPC superclass: Oligopeptides	1177	Untreated	PET	344479.633333333	344479.633333333	1128700.14444444	1013873.6	1013873.6	1013873.6	1013873.6	1013873.6	1358353.23333333	1013873.6	0.000691756161759825	0.993419932331389	0.000728242356334125	NA_[1177_1007.53_4.3]	NA	N-[(2-{2-[(N-{(2R,3R)-3-amino-4-[4-(benzyloxy)phenyl]-2-hydroxybutanoyl}-L-alanyl)amino]ethoxy}ethoxy)acetyl]-4-benzoyl-L-phenylalanyl-N~6~-hex-5-ynoyllysinamide	[M + H3N + H]+	463	Amino acids and Peptides	Oligopeptides	Cyclic peptides	0.957	0.995	0.512
raw	superclass	Oligopeptides	NPC superclass: Oligopeptides	2596	PS	PET	326050.1	326050.1	1122556.96666667	1013873.6	1013873.6	1013873.6	1339923.7	1455255.9	1013873.6	1013873.6	0.000654747462237217	0.994074679793626	0.00072427875069246	NA_[2596_1321.99_8.5]	NA	N-[[(Dioctadecylcarbamoyl)methoxy]acetyl]-Gly-Gly-Gly-L-Pro-Gly-Gly-L-Trp-OHheptyl	[M + H3N + H]+	-1	Amino acids and Peptides	Oligopeptides	Lipopeptides	0.642	0.913	0.293
raw	superclass	Oligopeptides	NPC superclass: Oligopeptides	1264	PS	Untreated	299668.333333333	299668.333333333	1391778.13333333	1561150.1	1445139.2	1561150.1	1514931.76666667	1694956.6	1215263.43333333	1013873.6	0.00060176973036615	0.994676449523992	0.000897981445560862	NA_[1264_542.45_4.6]	NA	Bis(dodecanoic acid)3-[(2-aminoethyl)aminocarbonylamino]propane-1,2-diyl ester	[M + H]+	-1	Amino acids and Peptides	Oligopeptides	Lipopeptides	0.812	0.789	0.123
raw	superclass	Oligopeptides	NPC superclass: Oligopeptides	1811	PS	Untreated	293770.033333333	293770.033333333	1608718.43333333	1645230.6	1589210.13333333	1612004.2	1765357.6	1657106.8	1471587.56666667	1645230.6	0.000589925240956352	0.995266374764949	0.00103795229258649	NA_[1811_636.57_6.5]	NA	8-[2-[2-(dimethylamino)ethyl]-2-[8-[(Z)-non-3-enoyl]oxyoctyl]hydrazinyl]octyl (Z)-non-3-enoate	[M + H]+	-1	Amino acids and Peptides	Oligopeptides	Lipopeptides	0.751	0.866	0.313
raw	superclass	Oligopeptides	NPC superclass: Oligopeptides	1184	PS	Untreated	283926.033333333	283926.033333333	1690586.38888889	1776771	1672005.13333333	1623874.4	1841840.03333333	1875385.5	1557914	1802172	0.000570157315664308	0.995836532080613	0.00109077386185401	NA_[1184_617.52_4.4]	NA	{2-[Butyryl-(2-methoxy-3-octadecylcarbamoyloxy-propoxycarbonyl)-amino]-ethyl}-trimethyl-ammonium; iodide	[M + H3N + H]+	251	Amino acids and Peptides	Oligopeptides	Lipopeptides	0.387	0.908	0.659
raw	superclass	Oligopeptides	NPC superclass: Oligopeptides	3130	PET	Untreated	268094.833333333	268094.833333333	2386531.32222222	2339090.8	2534925.83333333	2515085	2357837.13333333	2110426.8	2266831	2339090.8	0.000538366379166606	0.99637489845978	0.0015398006300564	NA_[3130_763.55_9.9]	NA	Tetrakis(2,2,6,6-tetramethylpiperidin-4-yl) ethane-1,1,2,2-tetracarboxylate	[M + H]+	-1	Amino acids and Peptides	Oligopeptides	Open-chain polyketides	0.563	0.713	0.263
raw	superclass	Oligopeptides	NPC superclass: Oligopeptides	1691	PET	Untreated	256413.4	256413.4	1242774.33333333	1013873.6	1373186.73333333	1528199.4	1238362.93333333	1013873.6	1116773.33333333	1013873.6	0.000514908668740223	0.99688980712852	0.00080184353067812	NA_[1691_546.41_6.2]	NA	H-DL-Arg-DL-Lys-DL-xiIle-DL-Leu-OH	[M + H3N + H]+	282	Amino acids and Peptides	Oligopeptides	Tripeptides	0.662	0.715	0.255
raw	superclass	Oligopeptides	NPC superclass: Oligopeptides	2508	PET	PS	237967.766666667	237967.766666667	4317336.86666667	4551620	4456023.1	4640837	4218055.33333333	4518844	4277932.16666667	4551620	0.000477867638498679	0.997367674767018	0.00278556496014011	cyclosporin A metabolite M13_[2508_1226.81_8.4]	cyclosporin A metabolite M13	Cyclosporin A Metabolite M13	[M + Na]+	67	Amino acids and Peptides	Oligopeptides	Lipopeptides	0.9	0.998	0.343
raw	superclass	Oligopeptides	NPC superclass: Oligopeptides	1522	Untreated	PET	221791.2	221791.2	1087804	1013873.6	1013873.6	1013873.6	1013873.6	1013873.6	1235664.8	1013873.6	0.000445383164570558	0.997813057931589	0.000701855981935403	NA_[1522_991.55_5.7]	NA	H-Arg-Gln-Ala-Ile-Ile-Ser-Glu-Thr-Gly-OH	[M + H3N + H]+	-1	Amino acids and Peptides	Oligopeptides	Lipopeptides	0.908	0.994	0.908
raw	superclass	Oligopeptides	NPC superclass: Oligopeptides	1536	PS	PET	211152.666666667	211152.666666667	1165391.77777778	1013873.6	1078927.43333333	1013873.6	1290080.1	1393244.6	1127167.8	1013873.6	0.00042401972164591	0.998237077653235	0.000751915961452308	NA_[1536_668.56_5.8]	NA	(Carboxylatomethyl)(carboxymethyl)[2-(hexadecanoylamino)ethyl][2-(tetradecanoylamino)ethyl]aminium	[M + H]+	-1	Amino acids and Peptides	Oligopeptides	Lipopeptides	0.604	0.959	0.745
raw	superclass	Oligopeptides	NPC superclass: Oligopeptides	2465	PS	Untreated	180432.8	180432.8	1333395.12222222	1398378.4	1336889.36666667	1398378.4	1421864.4	1428262.1	1241431.6	1013873.6	0.000362330567923013	0.998599408221158	0.000860312466965698	cyclosporin A metabolite M13_[2465_1226.81_8.2]	cyclosporin A metabolite M13	Cyclosporin A Metabolite M13	[M + Na]+	67	Amino acids and Peptides	Oligopeptides	Lipopeptides	0.888	0.999	0.329
raw	superclass	Oligopeptides	NPC superclass: Oligopeptides	1869	PET	PS	162798.2	162798.2	1076798.68888889	1013873.6	1176671.8	1013873.6	1013873.6	1013873.6	1039850.66666667	1013873.6	0.000326918189280687	0.998926326410439	0.000694755306228756	NA_[1869_955.59_6.6]	NA	3-({2-[(4-{[2-(2-{2-[(2-{2-[(1,2-dihydroxy-3-methylpentylidene)amino]-N-methylacetamido}-1-hydroxy-3-methylpentylidene)amino]-N-methylacetamido}-N,3-dimethylbutanamido)-1-hydroxy-3-phenylpropylidene]amino}-1-hydroxy-2,2-dimethyl-3-oxopentylidene)amino]-1-hydroxypropylidene}amino)-2-methylpentanoic acid	[M - H2O + H]+	-1	Amino acids and Peptides	Oligopeptides	Linear peptides	0.98	0.999	0.549
raw	superclass	Oligopeptides	NPC superclass: Oligopeptides	2394	Untreated	PET	162796.133333333	162796.133333333	1501799.1	1669847.4	1404329.4	1529267.2	1533942.36666667	1705157	1567125.53333333	1730786.1	0.000326914039167697	0.999253240449606	0.000968967462888723	cyclosporin A metabolite M13_[2394_1226.81_8]	cyclosporin A metabolite M13	Cyclosporin A Metabolite M13	[M + Na]+	67	Amino acids and Peptides	Oligopeptides	Linear peptides	0.948	0.998	0.383
raw	superclass	Oligopeptides	NPC superclass: Oligopeptides	3072	PET	PS	161175.466666667	161175.466666667	3261755.92222222	2217919.8	3361205.13333333	1721628.8	3200029.66666667	2217919.8	3224032.96666667	2423956.8	0.000323659547336128	0.999576899996942	0.00210449943705382	NA_[3072_947.6_9.7]	NA	H-Ile-Arg-Gly-Ile-Lys-Lys-Thr-Asp-OH	[M + H3N + H]+	-1	Amino acids and Peptides	Oligopeptides	Linear peptides	0.987	0.994	0.492
raw	superclass	Oligopeptides	NPC superclass: Oligopeptides	1086	Untreated	PS	109589.833333333	109589.833333333	1579844.11111111	1594373.9	1581317.5	1594373.9	1524312.5	1744907.1	1633902.33333333	1293178.9	0.000220069447186182	0.999796969444129	0.00101932245138715	NA_[1086_615.51_4]	NA	1,3,5-Tris(1-hydroxydecyl)-1,3,5-triazinane-2,4,6-trione	[M + H3N + H]+	251	Amino acids and Peptides	Oligopeptides	Depsipeptides	0.868	0.975	0.346
raw	superclass	Oligopeptides	NPC superclass: Oligopeptides	954	PS	PET	101104.833333333	101104.833333333	1047575.21111111	1013873.6	1013873.6	1013873.6	1114978.43333333	1013873.6	1013873.6	1013873.6	0.000203030555871373	1	0.000675900188311107	NA_[954_689.51_3.6]	NA	1-hexylidene-2-[(8E,14E,22E)-4,6,10,12,16,18,20,24,26-nonahydroxyoctacosa-8,14,22-trienyl]guanidine	[M + H3N + H]+	272	Amino acids and Peptides	Oligopeptides	Lipopeptides	0.867	0.979	0.548
raw	superclass	Oligopeptides	NPC superclass: Oligopeptides	1346	PET	PET	0	0	1013873.6	1013873.6	1013873.6	1013873.6	1013873.6	1013873.6	1013873.6	1013873.6	0	1	0.000654155758837421	NA_[1346_645.39_4.9]	NA	H-Gly-Asp-Leu-Leu-Asn-Leu-al	[M + H3N + H]+	-1	Amino acids and Peptides	Oligopeptides	Cyclic peptides	0.995	0.972	0.632
raw	superclass	Oligopeptides	NPC superclass: Oligopeptides	1665	PET	PET	0	0	1013873.6	1013873.6	1013873.6	1013873.6	1013873.6	1013873.6	1013873.6	1013873.6	0	1	0.000654155758837421	Circulocin alpha_[1665_930.61_6.2]	Circulocin alpha	Circulocin Alpha	[M + H]+	202	Fatty acids	Oligopeptides	Lipopeptides	0.91	0.811	0.559
raw	superclass	Oligopeptides	NPC superclass: Oligopeptides	1737	PET	PET	0	0	1013873.6	1013873.6	1013873.6	1013873.6	1013873.6	1013873.6	1013873.6	1013873.6	0	1	0.000654155758837421	Desmethoxymajusculamide C_[1737_955.59_6.4]	Desmethoxymajusculamide C	Desmethoxymajusculamide C	[M + H]+	-1	Polyketides	Oligopeptides	Depsipeptides	0.705	0.998	0.785
raw	superclass	Oligopeptides	NPC superclass: Oligopeptides	2043	PET	PET	0	0	1013873.6	1013873.6	1013873.6	1013873.6	1013873.6	1013873.6	1013873.6	1013873.6	0	1	0.000654155758837421	NA_[2043_991.66_7.1]	NA	Tert-butyl 3-[2-[[2-[2-[bis(2-pyridin-2-ylethyl)amino]ethylamino]-2-oxoethyl]amino]ethyl-[2-[[2-[2-[bis(2-pyridin-2-ylethyl)amino]ethylamino]-2-oxoethyl]-[2-[[2-[(2-methylpropan-2-yl)oxy]-2-oxoethyl]amino]ethyl]amino]ethyl]amino]propanoate	[M - H2O + H]+	-1	Amino acids and Peptides	Oligopeptides	Linear peptides	0.949	0.992	0.626
raw	superclass	Oligopeptides	NPC superclass: Oligopeptides	2513	PET	PET	0	0	1013873.6	1013873.6	1013873.6	1013873.6	1013873.6	1013873.6	1013873.6	1013873.6	0	1	0.000654155758837421	cyclosporin A metabolite M10_[2513_1256.82_8.4]	cyclosporin A metabolite M10	Cyclosporin A Metabolite M10	[M + Na]+	67	Amino acids and Peptides	Oligopeptides	Linear peptides	0.883	0.995	0.635
raw	superclass	Oligopeptides	NPC superclass: Oligopeptides	2840	PET	PET	0	0	1013873.6	1013873.6	1013873.6	1013873.6	1013873.6	1013873.6	1013873.6	1013873.6	0	1	0.000654155758837421	NA_[2840_509.37_9.1]	NA	myristoyl-Gly-Gly-Ala-Ile-OH	[M - H2O + H]+	39	Amino acids and Peptides	Oligopeptides	Lipopeptides	0.835	0.739	0.207
raw	superclass	Oligopeptides	NPC superclass: Oligopeptides	3131	PET	PET	0	0	1013873.6	1013873.6	1013873.6	1013873.6	1013873.6	1013873.6	1013873.6	1013873.6	0	1	0.000654155758837421	NA_[3131_705.5_10]	NA	16-amino-N-[2-[2-[2-oxo-2-[2-[2-[2-oxo-2-[2-[2-(2-oxopropoxy)ethoxy]ethylamino]ethoxy]ethoxy]ethylamino]ethoxy]ethoxy]ethyl]hexadecanamide	[M + H]+	-1	Amino acids and Peptides	Oligopeptides	Lipopeptides	0.826	0.95	0.448
raw	superclass	Oligopeptides	NPC superclass: Oligopeptides	3263	PET	PET	0	0	1013873.6	1013873.6	1013873.6	1013873.6	1013873.6	1013873.6	1013873.6	1013873.6	0	1	0.000654155758837421	NA_[3263_802.41_10.5]	NA	H-Ile-Tyr-Lys-Val-Glu-Ile-OH	[M + K]+	194	Amino acids and Peptides	Oligopeptides	Cyclic peptides	0.898	0.93	0.327
raw	superclass	Oligopeptides	NPC superclass: Oligopeptides	972	PET	PET	0	0	1013873.6	1013873.6	1013873.6	1013873.6	1013873.6	1013873.6	1013873.6	1013873.6	0	1	0.000654155758837421	NA_[972_573.32_3.6]	NA	H-DL-Pro-Gly-DL-Ala-Gly-Unk-DL-Ala-OGly-ol	[M + H3N + H]+	-1	Amino acids and Peptides	Oligopeptides	Cyclic peptides	0.888	0.785	0.457
raw	superclass	Ornithine alkaloids	NPC superclass: Ornithine alkaloids	15	Untreated	PS	792252.3	792252.3	4141449.16666667	4147258.8	4102458.73333333	4768411	3764818.23333333	3932886.2	4557070.53333333	4147258.8	1	1	1	NA_[15_233.19_0.5]	NA	Ethyl 3-(2,6-dimethylmorpholin-4-yl)propanoate	[M + H3N + H]+	-1	Alkaloids	Ornithine alkaloids	Tropane alkaloids	0.798	0.78	0.124
raw	superclass	Phenylpropanoids (C6-C3)	NPC superclass: Phenylpropanoids (C6-C3)	234	PET	PS	3204722	3204722	41863837.7777778	40801660	43712290	44886750	40507568	40548040	41371655.3333333	42906508	1	1	1	NA_[234_281.14_1]	NA	3-O-Propargyl-1-O,2-O:5-O,6-O-diisopropylidene-alpha-D-allofuranose	[M - H2O + H]+	472	Shikimates and Phenylpropanoids	Phenylpropanoids (C6-C3)	Cinnamic acids and derivatives	0.639	0.888	0.908
raw	superclass	Pseudoalkaloids (transamidation)	NPC superclass: Pseudoalkaloids (transamidation)	1379	PS	PET	9065197.66666667	9065197.66666667	16424592.4444444	15170277	10890749.6666667	12057739	19955947.3333333	22151784	18427080.3333333	19948734	0.234851146579394	0.234851146579394	0.13056920241937	NA_[1379_486.48_5.1]	NA	2-Cyclooctyl-2-[(1-cyclooctylcyclooctyl)diazenyl]cyclooctan-1-amine	[M + H]+	42	Alkaloids	Pseudoalkaloids (transamidation)	Steroidal alkaloids	0.997	0.986	0.957
raw	superclass	Pseudoalkaloids (transamidation)	NPC superclass: Pseudoalkaloids (transamidation)	2640	PET	PS	6732222.33333333	6732222.33333333	16748937.3333333	13100686	19509552.3333333	21583502	12777330	12611052	17959929.6666667	13100686	0.174410993797128	0.409262140376522	0.133147619728309	NA_[2640_503.5_8.7]	NA	2-Cyclooctyl-2-[(1-cyclooctylcyclooctyl)diazenyl]cyclooctan-1-amine	[M + H3N + H]+	8	Alkaloids	Pseudoalkaloids (transamidation)	Steroidal alkaloids	0.992	0.84	0.734
raw	superclass	Pseudoalkaloids (transamidation)	NPC superclass: Pseudoalkaloids (transamidation)	2401	Untreated	PS	4687865.66666667	4687865.66666667	17563134.5555556	16880156	18218818.6666667	19018544	14891359.6666667	16444370	19579225.3333333	17743250	0.12144805522279	0.530710195599313	0.13962017496992	NA_[2401_592.58_8]	NA	1-Hydroxy-4-[1-(1-hydroxy-2,2,6-trimethyl-6-propan-2-ylpiperidin-4-yl)-3-(1,2,2,6-tetramethyl-6-propan-2-ylpiperidin-4-yl)propyl]-2,2,6-trimethyl-6-propan-2-ylpiperidine	[M + H]+	-1	Alkaloids	Pseudoalkaloids (transamidation)	Steroidal alkaloids	0.942	0.965	0.976
raw	superclass	Pseudoalkaloids (transamidation)	NPC superclass: Pseudoalkaloids (transamidation)	279	PS	Untreated	2932535.5	2932535.5	6542786.55555556	6282235.5	6279688.83333333	5466982.5	8140603.16666667	8917018	5208067.66666667	6282235.5	0.0759728965527368	0.606683092152049	0.0520126404992183	NA_[279_449.37_1.2]	NA	6-Nitrocholesterol	[M + H3N + H]+	-1	Alkaloids	Pseudoalkaloids (transamidation)	Steroidal alkaloids	0.798	0.782	0.414
raw	superclass	Pseudoalkaloids (transamidation)	NPC superclass: Pseudoalkaloids (transamidation)	2643	Untreated	PS	2029910.66666667	2029910.66666667	7782490.16666667	6748553.5	8352501.83333333	8855384	6482529	6644431	8512439.66666667	9122241	0.0525886875333525	0.659271779685402	0.061867808125855	NA_[2643_549.57_8.7]	NA	4-Methyl-1-(4-methyl-2,2,6,6-tetrapropylpiperidin-1-yl)oxy-2,2,6,6-tetrapropylpiperidine	[M + H]+	57	Alkaloids	Pseudoalkaloids (transamidation)	Steroidal alkaloids	0.917	0.975	0.875
raw	superclass	Pseudoalkaloids (transamidation)	NPC superclass: Pseudoalkaloids (transamidation)	1859	PET	PS	2004202.66666667	2004202.66666667	6240633.24444444	6508042	7292458.83333333	7658673.5	5288256.16666667	5282651.5	6141184.73333333	7066598	0.0519226730129561	0.711194452698358	0.0496106377114113	NA_[1859_532.39_6.6]	NA	3-[4-(4-Octoxyphenyl)cyclohexyl]-2-(4-pentylcyclohexyl)propanenitrile	[M + K]+	67	Terpenoids	Pseudoalkaloids (transamidation)	Steroidal alkaloids	0.465	0.738	0.423
raw	superclass	Pseudoalkaloids (transamidation)	NPC superclass: Pseudoalkaloids (transamidation)	2895	PS	PET	1391478.6	1391478.6	2791357.48888889	2487027.2	1983802.16666667	2116577.8	3375280.76666667	3455835.2	3014989.53333333	3056962.2	0.0360488934347588	0.747243346133117	0.0221902200754355	NA_[2895_540.54_9.3]	NA	2-(1,2-Dihydroxyhexadecylamino)octadecane-1,3-diol	[M - H2O + H]+	21	Fatty acids	Pseudoalkaloids (transamidation)	Sphingoid bases	0.739	0.822	0.677
raw	superclass	Pseudoalkaloids (transamidation)	NPC superclass: Pseudoalkaloids (transamidation)	1357	PET	Untreated	1377196.16666667	1377196.16666667	9289731.66666667	9497339	9937337.66666667	9792298	9371715.83333333	8897114	8560141.5	9172189	0.035678879898638	0.782922226031755	0.0738497992269457	NA_[1357_515.34_5]	NA	[(4R,5S,6S,7R)-4,7-dibenzyl-1,3-bis(cyclopentylmethyl)-5,6-dihydroxy-1,3-diazepan-2-ylidene]cyanamide	[M + H]+	-1	Alkaloids	Pseudoalkaloids (transamidation)	Steroidal alkaloids	0.947	0.809	0.725
raw	superclass	Pseudoalkaloids (transamidation)	NPC superclass: Pseudoalkaloids (transamidation)	2922	PS	PET	1294010.93333333	1294010.93333333	2784314.31111111	2500336.2	2043070.56666667	2093064.6	3337081.5	3334144.8	2972790.86666667	3173860.8	0.0335238085868845	0.816446034618639	0.0221342295168842	NA_[2922_540.54_9.4]	NA	2-(1,2-Dihydroxyhexadecylamino)octadecane-1,3-diol	[M - H2O + H]+	21	Fatty acids	Pseudoalkaloids (transamidation)	Sphingoid bases	0.739	0.822	0.677
raw	superclass	Pseudoalkaloids (transamidation)	NPC superclass: Pseudoalkaloids (transamidation)	2981	PET	Untreated	1141605.3	1141605.3	3528708.6	3668431	4008247.33333333	4217406	3711236.43333333	3668431	2866642.03333333	3200682.5	0.029575451468859	0.846021486087498	0.0280518782448216	NA_[2981_556.54_9.5]	NA	(2S)-1-[4-[2-[[(2S)-2-hydroxydodecyl]-[(2S)-2-hydroxypropyl]amino]ethyl]piperazin-1-yl]dodecan-2-ol	[M + H]+	-1	Alkaloids	Pseudoalkaloids (transamidation)	Steroidal alkaloids	0.906	0.794	0.769
raw	superclass	Pseudoalkaloids (transamidation)	NPC superclass: Pseudoalkaloids (transamidation)	1255	Untreated	PS	1130985.66666667	1130985.66666667	11128506	10869531	10952362.3333333	10869531	10651085	10481475	11782070.6666667	11734448	0.0293003297168251	0.875321815804323	0.0884673490349321	NA_[1255_468.45_4.6]	NA	N,N'-(Iminodiethylene)bis(dodecanamide)	[M + H]+	-1	Alkaloids	Pseudoalkaloids (transamidation)	Steroidal alkaloids	0.884	0.953	0.813
raw	superclass	Pseudoalkaloids (transamidation)	NPC superclass: Pseudoalkaloids (transamidation)	686	PET	Untreated	893530.1	893530.1	2433725.44444444	2249976	2991426.8	2911763.2	2211852.83333333	2103611.8	2097896.7	2122098.5	0.0231485926953166	0.89847040849964	0.0193471826630513	NA_[686_487.39_2.7]	NA	3-(Hydroxyimino)-Olean-12-En-28-Oic Acid	[M + H3N + H]+	-1	Alkaloids	Pseudoalkaloids (transamidation)	Steroidal alkaloids	0.586	0.912	0.525
raw	superclass	Pseudoalkaloids (transamidation)	NPC superclass: Pseudoalkaloids (transamidation)	1486	PET	PS	731109.166666667	731109.166666667	4299595.3	4300129	4724422.33333333	4584833.5	3993313.16666667	3580775	4181050.4	4069554.5	0.0189407702269672	0.917411178726607	0.0341801314672476	NA_[1486_449.34_5.6]	NA	3-Hydroxy-5-cholenoylglycine	[M + H3N + H]+	-1	Alkaloids	Pseudoalkaloids (transamidation)	Steroidal alkaloids	0.623	0.794	0.385
raw	superclass	Pseudoalkaloids (transamidation)	NPC superclass: Pseudoalkaloids (transamidation)	2024	Untreated	PS	724770.1	724770.1	4356382.13333333	4378086	4531564.83333333	4616106.5	3906405.73333333	3974211.5	4631175.83333333	4587216.5	0.0187765446767197	0.936187723403327	0.034631564984477	NA_[2024_454.47_7]	NA	2-[3-(2-Aminoethyl)-2-henicosylimidazolidin-1-yl]ethanol	[M + H]+	334	Alkaloids	Pseudoalkaloids (transamidation)	Steroidal alkaloids	0.762	0.797	0.681
raw	superclass	Pseudoalkaloids (transamidation)	NPC superclass: Pseudoalkaloids (transamidation)	1418	PET	Untreated	548100.466666667	548100.466666667	1760626.6	1452442.4	2062645.13333333	1452442.4	1704690	1967715.6	1514544.66666667	1013873.6	0.0141995825982579	0.950387306001585	0.0139963053389544	NA_[1418_464.41_5.3]	NA	NA	[M + Na]+	-1	Alkaloids	Pseudoalkaloids (transamidation)	Steroidal alkaloids	0.684	0.904	0.494
raw	superclass	Pseudoalkaloids (transamidation)	NPC superclass: Pseudoalkaloids (transamidation)	2827	PS	PET	498209.5	498209.5	1217230.14444444	1013873.6	1013873.6	1013873.6	1512083.1	1369259.5	1125733.73333333	1013873.6	0.0129070624396843	0.963294368441269	0.00967651219709163	Cer(d18:0/17:0)_[2827_554.55_9.1]	Cer(d18:0/17:0)	C17 dihydro Ceramide (d18:0/17:0)	[M + H]+	21	Alkaloids	Pseudoalkaloids (transamidation)	Open-chain polyketides	0.639	0.734	0.42
raw	superclass	Pseudoalkaloids (transamidation)	NPC superclass: Pseudoalkaloids (transamidation)	1055	PET	Untreated	433487.8	433487.8	1383788.66666667	1330071.1	1552760.56666667	1467015.9	1479332.66666667	1614733.8	1119272.76666667	1013873.6	0.011230323993102	0.974524692434371	0.0110005884855149	NA_[1055_437.41_3.9]	NA	N,N-Bis(2-hydroxypropyl)-N-tetradecylbenzenemethanaminium	[M + H3N + H]+	18	Alkaloids	Pseudoalkaloids (transamidation)	Steroidal alkaloids	0.885	0.845	0.539
raw	superclass	Pseudoalkaloids (transamidation)	NPC superclass: Pseudoalkaloids (transamidation)	2466	PET	Untreated	375134	375134	3256183.51111111	3205248.2	3405251.5	3205248.2	3333181.53333333	3416436.8	3030117.5	2970251.8	0.00971855807897785	0.984243250513349	0.0258854084455952	NA_[2466_522.54_8.2]	NA	(E)-1-N-[(1E,7Z)-1-methoxy-2,3,3,6,6,7,8,9,9-nonamethyldeca-1,7-dienyl]-1-N,5-N,5-N,3,3,6-hexamethylhept-4-ene-1,5-diamine	[M + H3N + H]+	158	Alkaloids	Pseudoalkaloids (transamidation)	Steroidal alkaloids	0.592	0.878	0.848
raw	superclass	Pseudoalkaloids (transamidation)	NPC superclass: Pseudoalkaloids (transamidation)	1998	PS	Untreated	244989.766666667	244989.766666667	2418403.07777778	2404384.5	2415849.33333333	2454148	2542174.83333333	2441942	2297185.06666667	2328677.5	0.00634692476849668	0.990590175281845	0.0192253757322789	NA_[1998_516.49_6.9]	NA	2-[[(3S,10R,13R,17R)-10,13-dimethyl-17-[(2R)-6-methylheptan-2-yl]-2,3,4,7,8,9,11,12,14,15,16,17-dodecahydro-1H-cyclopenta[a]phenanthrene-3-carbonyl]amino]ethyl-trimethylazanium	[M + H3N + H]+	-1	Alkaloids	Pseudoalkaloids (transamidation)	Steroidal alkaloids	0.533	0.702	0.829
raw	superclass	Pseudoalkaloids (transamidation)	NPC superclass: Pseudoalkaloids (transamidation)	3049	PET	Untreated	232783.5	232783.5	1769306.23333333	1835744.8	1879827.06666667	1905570	1781048.06666667	1835744.8	1647043.56666667	1657273.5	0.00603069826935906	0.996620873551205	0.0140653050907265	NA_[3049_546.56_9.6]	NA	36-Isocyanatohexatriacontan-1-ol	[M - H2O + H]+	33	Alkaloids	Pseudoalkaloids (transamidation)	Steroidal alkaloids	0.844	0.95	0.925
raw	superclass	Pseudoalkaloids (transamidation)	NPC superclass: Pseudoalkaloids (transamidation)	2538	PET	PS	130433.466666667	130433.466666667	2071806.5	2109703	2124443.86666667	2109703	1994010.4	1951650.6	2096965.23333333	2148429	0.00337912644879542	1	0.0164700660419594	NA_[2538_586.57_8.4]	NA	N-[2-[2-(diethylamino)ethoxy]ethyl]-3,7,11-trimethyl-N-(3,7,11-trimethyldodeca-2,6,10-trienyl)dodeca-2,6,10-trien-1-amine	[M + H3N + H]+	-1	Alkaloids	Pseudoalkaloids (transamidation)	Steroidal alkaloids	0.608	0.788	0.558
raw	superclass	Saccharides	NPC superclass: Saccharides	138	PET	PS	1308872.66666667	1308872.66666667	5881859.52222222	6673210.5	6321721.83333333	7808540	5012849.16666667	5831397	6311007.56666667	6673210.5	1	1	1	NA_[138_207.12_0.7]	NA	NA	[M + H]+	-1	Carbohydrates	Saccharides	Monosaccharides	0.884	0.727	0.423
raw	superclass	Sesquiterpenoids	NPC superclass: Sesquiterpenoids	161	PS	Untreated	5727703.06666667	5727703.06666667	10182319.4222222	8545027	9917150.66666667	8545027	13178755.3333333	12787062	7451052.26666667	8427458	0.599166806019806	0.599166806019806	0.290507947609591	NA_[161_264.2_0.8]	NA	7-Acetyl-4,4a,4b,5,6,7,8,8a,9,10-decahydrophenanthren-2(3h)-one	[M + H3N + H]+	-1	Terpenoids	Sesquiterpenoids	Humulane sesquiterpenoids	0.988	0.875	0.18
raw	superclass	Sesquiterpenoids	NPC superclass: Sesquiterpenoids	123	Untreated	PS	2241670.33333333	2241670.33333333	8672094	8718735	9070967.33333333	9303877	7351822.16666667	8704403	9593492.5	9555383	0.234497919696516	0.833664725716322	0.247420270858839	2,5-di-tert-Butyl-1,4-benzoquinone_[123_238.18_0.7]	2,5-di-tert-Butyl-1,4-benzoquinone	2,5-Di-tert-butyl-1,4-benzoquinone	[M + H3N + H]+	-1	Terpenoids	Sesquiterpenoids	Caryophyllane sesquiterpenoids	0.962	0.869	0.058
raw	superclass	Sesquiterpenoids	NPC superclass: Sesquiterpenoids	417	Untreated	PS	1256140.16666667	1256140.16666667	9350044.94444444	9289424	9435224.66666667	9289424	8679385	8019390.5	9935525.16666667	9350129	0.131403021912039	0.965067747628361	0.266762635725209	NA_[417_232.21_1.6]	NA	(1S)-4,6,7-trimethyl-1-propan-2-yl-1,2-dihydronaphthalene	[M + H3N + H]+	-1	Terpenoids	Sesquiterpenoids	Bisabolane sesquiterpenoids	0.988	0.946	0.408
raw	superclass	Sesquiterpenoids	NPC superclass: Sesquiterpenoids	460	PET	PS	333933	333933	6845596.22222222	6933622	7025853.66666667	7027588.5	6691920.66666667	6681848.5	6819014.33333333	6880410.5	0.0349322523716392	1	0.195309145806361	7,9-di-tert-butyl-1-oxaspiro[4.5]deca-6,9-diene-2,8-dione_[460_277.18_1.8]	7,9-di-tert-butyl-1-oxaspiro[4.5]deca-6,9-diene-2,8-dione	7,9-di-tert-butyl-1-oxaspiro[4.5]deca-6,9-diene-2,8-dione	[M + H]+	564	Terpenoids	Sesquiterpenoids	Humulane sesquiterpenoids	0.982	0.759	0.485
raw	superclass	Small peptides	NPC superclass: Small peptides	211	PS	Untreated	11915808.1666667	11915808.1666667	17106132.5	14744437	14019987.6666667	12604076	24607109	24913436	12691300.8333333	14744437	0.20343779799489	0.20343779799489	0.149860221587757	NA_[211_293.23_1]	NA	3-[[N-amino-N'-(3-methoxypropyl)carbamimidoyl]amino]-N-(2-methoxyethyl)propanamide	[M + H3N + H]+	90	Amino acids and Peptides	Small peptides	Aminoacids	0.954	0.98	0.733
raw	superclass	Small peptides	NPC superclass: Small peptides	494	PET	Untreated	9113206.1	9113206.1	6279460.56666667	2085832.9	11119284.2	13479827	5713019.4	1423105.6	2006078.1	2085832.9	0.155589159856056	0.359026957850947	0.0550119293167084	NA_[494_152.11_1.9]	NA	8-Aminobicyclo[4.2.0]octane-7-carboxylic acid	[M - H2O + H]+	496	Amino acids and Peptides	Small peptides	Aminoacids	0.961	0.971	0.976
raw	superclass	Small peptides	NPC superclass: Small peptides	112	PET	Untreated	8612123.5	8612123.5	16127072.8333333	16132475	20541151.6666667	21115402	15911038.6666667	16132475	11929028.1666667	10063777	0.147034210050577	0.506061167901524	0.141283057895479	gabapentin_[112_154.12_0.7]	gabapentin	2-[1-(aminomethyl)cyclohexyl]acetic acid	[M - H2O + H]+	7	Amino acids and Peptides	Small peptides	Aminoacids	0.998	0.999	0.999
raw	superclass	Small peptides	NPC superclass: Small peptides	754	Untreated	PS	6219441.46666667	6219441.46666667	5302038.52222222	4256713.5	4245826.36666667	4256713.5	2720423.86666667	2487263	8939865.33333333	9056815	0.10618410929745	0.612245277198973	0.0464491122003787	NA_[754_415.21_2.9]	NA	NA	[M + K]+	186	Amino acids and Peptides	Small peptides	Dipeptides	0.822	0.749	0.325
raw	superclass	Small peptides	NPC superclass: Small peptides	441	PS	Untreated	5112304	5112304	26756967.3333333	28891566	27099442	28891566	29141882	31411226	24029578	20190874	0.0872820251797835	0.699527302378757	0.234407459055383	NA_[441_321.26_1.7]	NA	(NE)-N-[1-amino-4-[2-[[(3E)-3-hydroxyimino-2-methylbutan-2-yl]amino]oxyethylamino]-4-methylpentan-3-ylidene]hydroxylamine	[M + H3N + H]+	-1	Amino acids and Peptides	Small peptides	Dipeptides	0.963	0.98	0.75
raw	superclass	Small peptides	NPC superclass: Small peptides	535	PET	Untreated	3315411.2	3315411.2	2573922.7	1013873.6	4386815.53333333	5106115	2263548.23333333	1013873.6	1071404.33333333	1013873.6	0.0566037942657041	0.756131096644461	0.0225491428978325	NA_[535_210.11_2.1]	NA	Gabapentinalcohol	[M + Na]+	638	Amino acids and Peptides	Small peptides	Aminoacids	0.952	0.962	0.916
raw	superclass	Small peptides	NPC superclass: Small peptides	212	Untreated	PS	2861279.16666667	2861279.16666667	7474812.88888889	7105897	7186244.83333333	7105897	6188457.33333333	5874310.5	9049736.5	9226218	0.0488504283531241	0.804981524997585	0.0654839494465456	NA_[212_277.24_1]	NA	NA	[M + H3N + H]+	-1	Amino acids and Peptides	Small peptides	Dipeptides	0.804	0.713	0.446
raw	superclass	Small peptides	NPC superclass: Small peptides	28	PS	PET	2593036.1	2593036.1	4003667.62222222	3477898.2	2666797.33333333	2769556.8	5259833.43333333	3861530.8	4084372.1	3882618.8	0.0442707323688669	0.849252257366452	0.0350745860895179	NA_[28_209.13_0.5]	NA	Dimethyl pimelimidate	[M + Na]+	16	Amino acids and Peptides	Small peptides	Aminoacids	0.592	0.719	0.642
raw	superclass	Small peptides	NPC superclass: Small peptides	55	PS	PET	1764401.3	1764401.3	3499938.57777778	3152950.5	2747820.06666667	2713882.8	4512221.36666667	3859388.5	3239774.3	3152950.5	0.0301235057018993	0.879375763068351	0.0306616104376203	NA_[55_152.11_0.6]	NA	8-Aminobicyclo[4.2.0]octane-7-carboxylic acid	[M - H2O + H]+	496	Amino acids and Peptides	Small peptides	Aminoacids	0.873	0.857	0.868
raw	superclass	Small peptides	NPC superclass: Small peptides	803	Untreated	PS	1596581.33333333	1596581.33333333	7913329.55555556	7782165.5	7564010.33333333	7782165.5	7289698.5	7151445	8886279.83333333	9016009	0.0272583266052982	0.90663408967365	0.0693256246373925	NA_[803_582.35_3.1]	NA	tert-butyl N-[(4S)-5-[[(2S)-2,5-bis[(2-methylpropan-2-yl)oxycarbonylamino]pentyl]amino]-4-formamido-5-oxopentyl]carbamate	[M + Na]+	-1	Amino acids and Peptides	Small peptides	Tripeptides	0.84	0.757	0.421
raw	superclass	Small peptides	NPC superclass: Small peptides	1305	PS	Untreated	1432337	1432337	2598926.53333333	2057687.4	2495738.86666667	1872118.6	3366688.86666667	3423537.2	1934351.86666667	1635983.5	0.0244541940580872	0.931088283731737	0.0227681918268571	NA_[1305_446.36_4.8]	NA	2-[[2-[[(2S)-2-hydroxyhexadecanoyl]amino]-3-methylbutanoyl]amino]acetic acid	[M + H3N + H]+	363	Amino acids and Peptides	Small peptides	Dipeptides	0.728	0.796	0.27
raw	superclass	Small peptides	NPC superclass: Small peptides	78	PET	PS	1290072.26666667	1290072.26666667	4407342.06666667	4171838	5224871.66666667	5109182	3934799.4	4171838	4062355.13333333	3981940.5	0.0220253177555443	0.953113601487281	0.0386110220252128	NA_[78_217.19_0.6]	NA	2-[1-(Aminomethyl)-3,3-diethylcyclobutyl]acetic acid	[M + H3N + H]+	-1	Amino acids and Peptides	Small peptides	Aminoacids	0.971	0.978	0.964
raw	superclass	Small peptides	NPC superclass: Small peptides	10	PS	PET	1264510	1264510	1725749.91111111	1176516.9	1178279.16666667	1176516.9	2442789.16666667	1522967.4	1556181.4	1013873.6	0.0215888948818552	0.974702496369136	0.0151186286020036	NA_[10_216.12_0.5]	NA	(1S,2R)-2-[(S)-amino(carboxy)methyl]-1-butylcyclopropane-1-carboxylic acid	[M + H]+	16	Amino acids and Peptides	Small peptides	Aminoacids	0.97	0.979	0.964
raw	superclass	Small peptides	NPC superclass: Small peptides	31	Untreated	PS	947139.033333333	947139.033333333	2104706.86666667	1925233.5	2081307.3	1953693.4	1642837.13333333	1553440.5	2589976.16666667	2060189.6	0.0161704415379359	0.990872937907072	0.0184385241617847	NA_[31_261.13_0.5]	NA	Imidazole-5-methanol, 2-nitro-alpha,alpha,1-trimethyl-, 5-carboxhydrazide	[M + H3N + H]+	814	Amino acids and Peptides	Small peptides	Aminoacids	0.836	0.913	0.534
raw	superclass	Small peptides	NPC superclass: Small peptides	497	Untreated	PET	308766.833333333	308766.833333333	1877526.31111111	1987630.6	1693553.23333333	1709603.6	1936705.63333333	2370094.8	2002320.06666667	1987630.6	0.00527155554945128	0.996144493456523	0.0164482830365049	NA_[497_280.16_1.9]	NA	5-carbamimidamido-2-[(2-carboxyethyl)amino]-3-hydroxypentanoic acid	[M + H3N + H]+	3	Amino acids and Peptides	Small peptides	Tripeptides	0.784	0.898	0.296
raw	superclass	Small peptides	NPC superclass: Small peptides	45	Untreated	PS	180861.6	180861.6	1540656.13333333	1411387	1566627.2	1483177.5	1437239.8	1411387	1618101.4	1013873.6	0.00308783803256925	0.999232331489093	0.013497093485735	NA_[45_180.1_0.6]	NA	2-[1-(Aminomethyl)cyclopentyl]acetate	[M + Na]+	-1	Amino acids and Peptides	Small peptides	Aminoacids	0.953	0.969	0.975
raw	superclass	Small peptides	NPC superclass: Small peptides	2425	PET	PS	44964.0666666667	44964.0666666667	1841127.62222222	1742889.8	1856439.53333333	1742889.8	1811475.46666667	1665728.8	1855467.86666667	1885665	0.000767668510907305	1	0.0161294081778895	NA_[2425_184.07_8.1]	NA	(2R)-2-(aminomethyl)-4-methylpentanoate	[M + K]+	7	Amino acids and Peptides	Small peptides	Aminoacids	0.833	0.824	0.833
raw	superclass	Small peptides	NPC superclass: Small peptides	1532	PET	PET	0	0	1013873.6	1013873.6	1013873.6	1013873.6	1013873.6	1013873.6	1013873.6	1013873.6	0	1	0.00888215511939807	4-(trimethylammonio)butanoate_[1532_184.07_5.8]	4-(trimethylammonio)butanoate	4-(trimethylazaniumyl)butanoate	[M + K]+	7	Amino acids and Peptides	Small peptides	Aminoacids	0.825	0.805	0.813
raw	superclass	Spingolipids	NPC superclass: Spingolipids	2053	PS	PET	374937780	374937780	600215746.666667	534753060	402356026.666667	445649900	777293806.666667	842409700	620997406.666667	621078460	0.298992858617859	0.298992858617859	0.216088402636152	N-stearoylhexadecasphinganine_[2053_540.54_7.1]	N-stearoylhexadecasphinganine	2-Octadecanoylaminohexadecane-1,3-diol	[M + H]+	21	Fatty acids	Spingolipids	Ceramides	1	0.963	0.915
raw	superclass	Spingolipids	NPC superclass: Spingolipids	2656	PS	PET	127460302	127460302	166240062.888889	143078300	108649306.666667	122695830	236109608.666667	266194690	153961273.333333	152439630	0.101642784718242	0.400635643336102	0.0598493955603321	NA_[2656_596.6_8.8]	NA	N-(1,3-dihydroxyhexadecan-2-yl)docosanamide	[M + H]+	323	Fatty acids	Spingolipids	Ceramides	1	0.944	0.906
raw	superclass	Spingolipids	NPC superclass: Spingolipids	2280	PS	PET	84281242	84281242	78652842.0888889	52529036	33190765.8666667	46029388	117472007.866667	157831780	85295752.5333333	69011864	0.0672097900442137	0.467845433380315	0.0283164297240943	NA_[2280_746.61_7.6]	NA	1-(octadec-9-enoyloxy)-3-(phenylamino)propan-2-yl icos-8-enoate	[M + Na]+	10	Fatty acids	Spingolipids	Ceramides	1	1	0.999
raw	superclass	Spingolipids	NPC superclass: Spingolipids	2217	PS	PET	80505898	80505898	115219779.555556	93623880	74835348.6666667	83065790	155341246.666667	166321800	115482743.333333	116853200	0.0641991548000786	0.532044588180394	0.0414811811494785	Cer(d18:0/17:0)_[2217_554.55_7.5]	Cer(d18:0/17:0)	C17 dihydro Ceramide (d18:0/17:0)	[M + H]+	21	Fatty acids	Spingolipids	Ceramides	1	0.997	0.995
raw	superclass	Spingolipids	NPC superclass: Spingolipids	2187	PS	Untreated	72573947.2333333	72573947.2333333	61548116.1444444	52526904	49526689.3333333	52526904	103845803.166667	69711980	31271855.9333333	3759069.8	0.0578738476140655	0.589918435794459	0.022158422495209	Cer(d18:0/17:0)_[2187_554.55_7.4]	Cer(d18:0/17:0)	C17 dihydro Ceramide (d18:0/17:0)	[M + H]+	20	Fatty acids	Spingolipids	Ceramides	1	0.999	0.991
raw	superclass	Spingolipids	NPC superclass: Spingolipids	2457	PS	PET	68215397.3333333	68215397.3333333	100772241.555556	83927240	64719732.6666667	74317210	132935130	150105680	104661862	106639570	0.0543981368067161	0.644316572601175	0.036279809099873	N-(2-hydroxyeicosanoyl)sphinganine_[2457_594.58_8.2]	N-(2-hydroxyeicosanoyl)sphinganine	(2S)-N-[(2S,3R)-1,3-dihydroxyoctadecan-2-yl]-2-hydroxyicosanamide	[M - H2O + H]+	21	Fatty acids	Spingolipids	Ceramides	1	1	1
raw	superclass	Spingolipids	NPC superclass: Spingolipids	2301	Untreated	PET	55418864.3333333	55418864.3333333	40790664.8333333	4612929	4696666	4612929	57559798.1666667	4585824.5	60115530.3333333	5120620.5	0.044193585048641	0.688510157649816	0.014685368811553	NA_[2301_500.48_7.7]	NA	N-[(E,2R,3S)-3-ethynyl-1-hydroxyoctadec-4-en-2-yl]tetradecanamide	[M - H2O + H]+	299	Fatty acids	Spingolipids	Ceramides	1	1	0.999
raw	superclass	Spingolipids	NPC superclass: Spingolipids	2760	PS	PET	36200113.3333333	36200113.3333333	53183572.8888889	50611132	32356094.6666667	35074236	68556208	67037860	58638416	59061172	0.0288676573692409	0.717377815019057	0.019147037337602	N-(2-hydroxydocosanoyl)sphinganine_[2760_622.61_9]	N-(2-hydroxydocosanoyl)sphinganine	N-(1,3-dihydroxyoctadecan-2-yl)-2-hydroxydocosanamide	[M - H2O + H]+	21	Fatty acids	Spingolipids	Ceramides	1	1	1
raw	superclass	Spingolipids	NPC superclass: Spingolipids	2512	PS	PET	34011090	34011090	46344636.6666667	40689176	30126272.6666667	32744312	64137362.6666667	68522090	44770274.6666667	46078524	0.0271220281504022	0.744499843169459	0.0166848979948779	NA_[2512_582.58_8.4]	NA	N-(1,3-dihydroxyoctadecan-2-yl)nonadecanamide	[M + H]+	21	Fatty acids	Spingolipids	Ceramides	1	0.924	0.797
raw	superclass	Spingolipids	NPC superclass: Spingolipids	1470	Untreated	PS	31565720	31565720	282588987.777778	264906060	277167556.666667	263988640	269516843.333333	264906060	301082563.333333	290945600	0.0251719761532992	0.769671819322759	0.101737089222651	N-hexadecanoylphytosphingosine-1-phosphocholine_[1470_703.58_5.5]	N-hexadecanoylphytosphingosine-1-phosphocholine	[2-(Hexadecanoylamino)-3,4-dihydroxyoctadecyl] 2-(trimethylazaniumyl)ethyl phosphate	[M - H2O + H]+	-1	Fatty acids	Spingolipids	Phosphosphingolipids	1	1	0.999
raw	superclass	Spingolipids	NPC superclass: Spingolipids	3068	PET	Untreated	15754487	15754487	33359741	32431036	40348170	40119716	35137370	26115720	24593683	25970474	0.0125633621242114	0.78223518144697	0.0120101033421389	NA_[3068_506.53_9.6]	NA	N-(3-hydroxyoctadecan-2-yl)hexadecanamide	[M - H2O + H]+	9	Fatty acids	Spingolipids	Ceramides	1	0.998	0.995
raw	superclass	Spingolipids	NPC superclass: Spingolipids	3143	PET	Untreated	10619328	10619328	17648974	12444709	24243607	24300348	15079036	11862370	13624279	12018976	0.00846834702899418	0.790703528475964	0.00635394626183467	NA_[3143_506.53_10]	NA	N-(3-hydroxyoctadecan-2-yl)hexadecanamide	[M - H2O + H]+	9	Fatty acids	Spingolipids	Ceramides	1	0.979	0.963
raw	superclass	Spingolipids	NPC superclass: Spingolipids	3449	PS	PET	9346959.43333333	9346959.43333333	8120989.74444444	4917637.5	4654162.56666667	4917637.5	14001122	16758427	5707684.66666667	4653254	0.00745370103902973	0.798157229514994	0.00292370153806734	NA_[3449_750.73_11.6]	NA	NA	[M + H]+	318	Fatty acids	Spingolipids	Ceramides	1	0.998	0.998
raw	superclass	Spingolipids	NPC superclass: Spingolipids	3484	PS	PET	8554738.9	8554738.9	6931800.47777778	3812246.8	3854397.76666667	3812246.8	12409136.6666667	14800141	4531867	2696685.2	0.00682194746669808	0.804979176981692	0.00249557213544311	NA_[3484_778.77_11.9]	NA	NA	[M + H]+	318	Fatty acids	Spingolipids	Ceramides	1	0.999	0.999
raw	superclass	Spingolipids	NPC superclass: Spingolipids	2947	PET	Untreated	8499908.66666667	8499908.66666667	11739301.0555556	7539458	15153431.6666667	10058969	13410948.5	6674470.5	6653523	5626464.5	0.00677822328344021	0.811757400265132	0.00422635831740128	NA_[2947_564.58_9.4]	NA	1-Aminooctadecoxy-(octadecylamino)-oxoazanium	[M - H2O + H]+	-1	Fatty acids	Spingolipids	N-acyl amines	0.993	0.709	0.107
raw	superclass	Spingolipids	NPC superclass: Spingolipids	1955	Untreated	PS	7970528.66666667	7970528.66666667	73483692	73226300	75962876.6666667	74040880	68258835.3333333	72204616	76229364	74310200	0.0063560710012799	0.818113471266412	0.0264554432506507	NA_[1955_578.56_6.8]	NA	2-aminoethyl N-[7-hexyl-6-oxo-5-(tetradecan-7-ylamino)tridecyl]carbamate	[M - H2O + H]+	-1	Fatty acids	Spingolipids	Ceramides	0.998	0.989	0.994
raw	superclass	Spingolipids	NPC superclass: Spingolipids	2572	PET	Untreated	7200906.66666666	7200906.66666666	45941853.7777778	45783140	48497788	45783140	48030892	48291400	41296881.3333333	39670656	0.00574233855256482	0.823855809818977	0.0165398889517921	beta-D-galactosyl-N-(tetracosanoyl)sphingosine_[2572_828.69_8.5]	beta-D-galactosyl-N-(tetracosanoyl)sphingosine	Beta-Galcer	[M + O + H]+	56	Fatty acids	Spingolipids	Neutral glycosphingolipids	1	1	1
raw	superclass	Spingolipids	NPC superclass: Spingolipids	1978	Untreated	PET	6801016	6801016	48284194.6666667	47870156	45265786.6666667	47387240	47519994.6666667	46541760	52066802.6666667	49572024	0.00542344709926484	0.829279256918242	0.0173831735605687	NA_[1978_719.58_6.9]	NA	benzyl N-[10-(8-cyanooctyl)-9-nonylnonadecyl]carbamate	[M + K]+	10	Fatty acids	Spingolipids	Sphingoid bases	1	0.986	0.141
raw	superclass	Spingolipids	NPC superclass: Spingolipids	2141	PS	Untreated	5915578	5915578	41864542.8888889	42205540	41709025.3333333	39741148	44900090.6666667	43080596	38984512.6666667	39344470	0.00471735757489394	0.833996614493136	0.0150719841160326	NA_[2141_719.58_7.3]	NA	benzyl N-[10-(8-cyanooctyl)-9-nonylnonadecyl]carbamate	[M + K]+	-1	Fatty acids	Spingolipids	Phosphosphingolipids	1	1	0.968
raw	superclass	Spingolipids	NPC superclass: Spingolipids	1641	PET	Untreated	5812583	5812583	13704497.2222222	13507374	17459436	16176200	12007202.6666667	13047514	11646853	10969688	0.00463522456212221	0.838631839055258	0.00493386408158698	HexCer(d18:1/16:0)_[1641_700.57_6.1]	HexCer(d18:1/16:0)	Beta-D-Glucosyl-N-Hexadecanoylsphingosine	[M + H]+	56	Fatty acids	Spingolipids	Neutral glycosphingolipids	1	1	1
raw	superclass	Spingolipids	NPC superclass: Spingolipids	3060	Untreated	PET	5611310.66666667	5611310.66666667	18844451.3333333	18621392	16049754	16347439	18822535.3333333	18621392	21661064.6666667	22564946	0.00447472062383138	0.843106559679089	0.00678433948091026	NA_[3060_650.65_9.6]	NA	N-(1,3-dihydroxyhenicos-4-en-2-yl)henicosanamide	[M + H]+	56	Fatty acids	Spingolipids	Ceramides	1	1	1
raw	superclass	Spingolipids	NPC superclass: Spingolipids	2769	PET	PS	5502756.66666667	5502756.66666667	74495410.2222222	74374820	77968290	74374820	72465533.3333333	70923660	73052407.3333333	76819380	0.0043881546053992	0.847494714284489	0.0268196799035077	NA_[2769_528.51_9]	NA	(9Z,12Z)-N-(3-hydroxyoctadec-4-en-2-yl)octadeca-9,12-dienamide	[M - H2O + H]+	128	Fatty acids	Spingolipids	Ceramides	0.995	0.738	0.537
raw	superclass	Spingolipids	NPC superclass: Spingolipids	2519	PS	Untreated	5496280.46666667	5496280.46666667	13305204.5111111	14976456	15032426	14618849	15189734	15049538	9693453.53333333	12465470	0.0043829901817154	0.851877704466204	0.00479011156491704	NA_[2519_748.62_8.3]	NA	NA	[M + K]+	-1	Fatty acids	Spingolipids	Neutral glycosphingolipids	0.984	0.784	0.139
raw	superclass	Spingolipids	NPC superclass: Spingolipids	1643	PS	Untreated	5088526.16666667	5088526.16666667	8737430.72222222	8840159	7760626.33333333	6632556	11770096	11420255	6681569.83333333	7554831.5	0.00405782790073448	0.855935532366939	0.00314563131406411	N-tetradecanoylsphinganine_[1643_534.49_6.1]	N-tetradecanoylsphinganine	N-(1,3-dihydroxyoctadecan-2-yl)tetradecanamide	[M + Na]+	102	Fatty acids	Spingolipids	Ceramides	1	0.977	0.982
raw	superclass	Spingolipids	NPC superclass: Spingolipids	178	Untreated	PET	4869894.16666667	4869894.16666667	10847079.5	9745414	7864936.16666667	7954029.5	11941472	12536429	12734830.3333333	13313055	0.00388348055524867	0.859819012922187	0.00390514260153868	NA_[178_244.26_0.9]	NA	2-(Tridecylamino)ethanol	[M + H]+	67	Fatty acids	Spingolipids	Sphingoid bases	0.998	0.744	0.955
raw	superclass	Spingolipids	NPC superclass: Spingolipids	2272	PS	PET	4835903.5	4835903.5	6337679.05555556	5380835.5	4134931	4626657.5	8970834.5	10071066	5907271.66666667	5963748.5	0.00385637481361604	0.863675387735803	0.00228167779859357	N-(2-hydroxyeicosanoyl)sphinganine_[2272_612.59_7.7]	N-(2-hydroxyeicosanoyl)sphinganine	(2S)-N-[(2S,3R)-1,3-dihydroxyoctadecan-2-yl]-2-hydroxyicosanamide	[M + H]+	-1	Fatty acids	Spingolipids	Ceramides	1	1	0.999
raw	superclass	Spingolipids	NPC superclass: Spingolipids	2284	PS	PET	4220102.66666667	4220102.66666667	24445737.7777778	25353316	22494796	21583000	26714898.6666667	25847398	24127518.6666667	24782362	0.0033653065315731	0.867040694267376	0.00880090277037643	NA_[2284_747.57_7.7]	NA	3,3-Bis(nonadecylsulfonylamino)propanoic acid	[M - H2O + H]+	-1	Fatty acids	Spingolipids	N-acyl amines	0.987	0.809	0.433
raw	superclass	Spingolipids	NPC superclass: Spingolipids	2006	PS	PET	4061947.6	4061947.6	5820858.53333333	4848256.5	3595378.66666667	3963974	7657326.26666667	8912278	6209870.66666667	6332340.5	0.00323918631107261	0.870279880578449	0.00209561316813894	Cer(d18:0/15:0)_[2006_526.52_7]	Cer(d18:0/15:0)	N-(1,3-dihydroxyoctadecan-2-yl)pentadecanamide	[M + H]+	21	Fatty acids	Spingolipids	Ceramides	1	0.988	0.968
raw	superclass	Spingolipids	NPC superclass: Spingolipids	124	Untreated	PET	4052654.83333333	4052654.83333333	6823631.38888889	6909899.5	4450144.33333333	4458656	7517950.66666667	8750499	8502799.16666667	8652878	0.00323177582587121	0.87351165640432	0.00245662932902322	NA_[124_260.26_0.7]	NA	1-[2-Hydroxypropyl(nonyl)amino]propan-2-ol	[M + H]+	308	Fatty acids	Spingolipids	Sphingoid bases	0.944	0.722	0.955
raw	superclass	Spingolipids	NPC superclass: Spingolipids	2431	Untreated	PS	3354839.33333334	3354839.33333334	42793939.7777778	41433350	42796458.6666667	38323196	41115260.6666667	41433350	44470100	47624084	0.00267530522658177	0.876186961630902	0.0154065836167127	N-(2-hydroxypentacosanoyl)-15-methylhexadecasphing-4-enine-1-phosphocholine_[2431_813.68_8.1]	N-(2-hydroxypentacosanoyl)-15-methylhexadecasphing-4-enine-1-phosphocholine	N-(2-hydroxypentacosanoyl)-15-methylhexadecasphing-4-enine-1-phosphocholine	[M - H2O + H]+	5	Fatty acids	Spingolipids	Phosphosphingolipids	1	1	0.999
raw	superclass	Spingolipids	NPC superclass: Spingolipids	1335	Untreated	PS	3250257.16666667	3250257.16666667	10053243.0555556	9273380	9174492.33333333	9273380	8867489.83333333	9194368	12117747	13098974	0.00259190653314491	0.878778868164047	0.00361934728512618	NA_[1335_701.56_4.9]	NA	2-[[(E,2S,3R)-2-(2-deuteriooxyhexadecanoylamino)-3-hydroxyoctadec-4-enoxy]-hydroxyphosphoryl]oxyethyl-trimethylazanium	[M - H2O + H]+	-1	Fatty acids	Spingolipids	Phosphosphingolipids	1	1	0.999
raw	superclass	Spingolipids	NPC superclass: Spingolipids	2373	PS	PET	3111916.13333333	3111916.13333333	4495980.13333333	3662456	2903685.8	3325328.2	6015601.93333333	6602849	4568652.66666667	4522803	0.00248158694619776	0.881260455110245	0.00161863325094571	Cer(d18:0/17:0)_[2373_554.55_8]	Cer(d18:0/17:0)	C17 dihydro Ceramide (d18:0/17:0)	[M + H]+	21	Fatty acids	Spingolipids	Ceramides	1	0.76	0.824
raw	superclass	Spingolipids	NPC superclass: Spingolipids	1747	PET	PS	3070936.33333333	3070936.33333333	9731714.66666667	9015380	11323079	10801046	8252142.66666667	7876988.5	9619922.33333333	9015380	0.00244890774393762	0.883709362854182	0.00350359131513868	N-nonadecanoyl-4-hydroxy-15-methylhexadecasphinganine-1-phosphocholine_[1747_731.61_6.4]	N-nonadecanoyl-4-hydroxy-15-methylhexadecasphinganine-1-phosphocholine	N-nonadecanoyl-4-hydroxy-15-methylhexadecasphinganine-1-phosphocholine	[M - H2O + H]+	5	Fatty acids	Spingolipids	Phosphosphingolipids	1	1	0.999
raw	superclass	Spingolipids	NPC superclass: Spingolipids	1528	PS	PET	2969771	2969771	5013212.11111111	4404352	3227590.16666667	3598504.8	6197361.16666667	7116884	5614685	6197760	0.00236823379263199	0.886077596646814	0.00180484601275852	N-(2-hydroxytetradecanoyl)icosasphinganine_[1528_556.53_5.7]	N-(2-hydroxytetradecanoyl)icosasphinganine	N-(1,3-dihydroxyicosan-2-yl)-2-hydroxytetradecanamide	[M + H]+	24	Fatty acids	Spingolipids	Ceramides	1	0.997	0.997
raw	superclass	Spingolipids	NPC superclass: Spingolipids	403	PS	PET	2930508.1	2930508.1	4990075.46666667	4773360.5	3083402.9	3137629	6013911	7109623	5872912.5	6355209	0.0023369237264428	0.888414520373257	0.00179651640699904	NA_[403_400.38_1.6]	NA	3,3'-(Octadecylimino)bispropane-1,2-diol	[M - H2O + H]+	24	Fatty acids	Spingolipids	Sphingoid bases	0.995	0.965	0.993
raw	superclass	Spingolipids	NPC superclass: Spingolipids	2571	PET	Untreated	2882204.33333333	2882204.33333333	16362837.2222222	15727357	17468580.3333333	15727357	17033555.3333333	16313144	14586376	14932067	0.00229840405185126	0.890712924425108	0.00589091402146935	beta-D-glucosyl-N-[(15Z)-tetracosenoyl]sphingosine_[2571_810.68_8.5]	beta-D-glucosyl-N-[(15Z)-tetracosenoyl]sphingosine	Beta-D-Galactosyl-N-[(15Z)-Tetracosenoyl]Sphingosine	[M + H]+	56	Fatty acids	Spingolipids	Neutral glycosphingolipids	1	1	1
raw	superclass	Spingolipids	NPC superclass: Spingolipids	2267	PS	PET	2871899.23333333	2871899.23333333	4335899.83333333	3821144.2	2842847.26666667	3022839.8	5714746.5	6691181	4450105.73333333	4751026	0.00229018628487311	0.893003110709981	0.00156100148018224	NA_[2267_592.57_7.7]	NA	N-[(E)-1-(Hydroxymethyl)-2,5-dihydroxy-3-heptadecenyl]icosanamide	[M - H2O + H]+	21	Fatty acids	Spingolipids	Ceramides	1	0.999	1
raw	superclass	Spingolipids	NPC superclass: Spingolipids	2236	PS	Untreated	2688088.66666667	2688088.66666667	10395781.7777778	10754210	10127307.3333333	10812334	11874063.3333333	11823458	9185974.66666667	8643948	0.00214360717307532	0.895146717883057	0.00374266735084771	NA_[2236_578.56_7.6]	NA	3,3'-[(6-Hydroxyhexyl)azanediyl]bis(N-dodecylpropanamide) (non-preferred name)	[M - H2O + H]+	14	Fatty acids	Spingolipids	Ceramides	0.999	0.955	0.778
raw	superclass	Spingolipids	NPC superclass: Spingolipids	1239	PS	Untreated	2543929.66666667	2543929.66666667	8454026.77777778	8640728	8639892.66666667	8353303.5	9633058.66666667	10227757	7089129	8640728	0.00202864806837936	0.897175365951436	0.00304360082586735	NA_[1239_631.5_4.5]	NA	NA	[M + Na]+	31	Fatty acids	Spingolipids	Ceramides	1	0.997	0.986
raw	superclass	Spingolipids	NPC superclass: Spingolipids	2729	PS	Untreated	2421743.83333333	2421743.83333333	8743513.88888889	8303225	8634860.5	8303225	10008712.5	11020248	7586968.66666667	8024282.5	0.00193121139077664	0.899106577342213	0.00314782136285118	NA_[2729_502.5_8.9]	NA	(Z)-N-[(E)-1-hydroxyoctadec-4-en-2-yl]hexadec-9-enamide	[M - H2O + H]+	8	Fatty acids	Spingolipids	Ceramides	1	0.993	0.975
raw	superclass	Spingolipids	NPC superclass: Spingolipids	1422	PET	Untreated	2337515.46666667	2337515.46666667	4322657.06666667	4210610	5720416.33333333	4798280	3864654	4210610	3382900.86666667	3403848.8	0.00186404376598732	0.9009706211082	0.00155623384735792	NA_[1422_487.48_5.3]	NA	1-[[Bis(2-hydroxyheptyl)amino]-(2-methylheptyl)amino]heptan-2-ol	[M + H]+	1	Fatty acids	Spingolipids	Sphingoid bases	0.997	0.934	0.974
raw	superclass	Spingolipids	NPC superclass: Spingolipids	2701	PS	PET	2254380	2254380	4141402.58888889	3392434.8	2884902.93333333	3058430.8	5139282.93333333	5503941.5	4400021.9	4857380.5	0.00179774767058932	0.902768368778789	0.00149097899393035	N-stearoylhexadecasphinganine_[2701_540.54_8.9]	N-stearoylhexadecasphinganine	2-Octadecanoylaminohexadecane-1,3-diol	[M + H]+	21	Fatty acids	Spingolipids	Ceramides	1	0.999	0.998
raw	superclass	Spingolipids	NPC superclass: Spingolipids	2235	PS	Untreated	2088562	2088562	9608233.5	9577578	9441478.5	9577578	10735892	10263635	8647330	8149128	0.0016655166699409	0.90443388544873	0.00345913588688836	Cer(d16:1/18:0)_[2235_520.51_7.6]	Cer(d16:1/18:0)	N-(octadecanoyl)-hexadecasphing-4-enine	[M - H2O + H]+	20	Fatty acids	Spingolipids	Ceramides	1	1	1
raw	superclass	Spingolipids	NPC superclass: Spingolipids	2977	PS	Untreated	2083713.33333333	2083713.33333333	9004919.33333333	9555708	9439688.66666667	9555708	9829391.33333333	9853521	7745678	8755834	0.0016616501171834	0.906095535565914	0.00324193199764225	NA_[2977_537.57_9.5]	NA	2-[3-Aminohentriacontan-3-yl(2-hydroxyethyl)amino]ethanol	[M - H2O + H]+	-1	Fatty acids	Spingolipids	Sphingoid bases	0.99	0.934	0.862
raw	superclass	Spingolipids	NPC superclass: Spingolipids	2202	Untreated	PS	2057311.66666667	2057311.66666667	10468990.5555556	11032350	10938596	11351152	9205532	9190742	11262843.6666667	11175208	0.00164059619781325	0.907736131763727	0.00376902382006199	Cer(d16:1/18:0)_[2202_538.52_7.5]	Cer(d16:1/18:0)	N-(octadecanoyl)-hexadecasphing-4-enine	[M + H]+	56	Fatty acids	Spingolipids	Ceramides	1	1	1
raw	superclass	Spingolipids	NPC superclass: Spingolipids	3061	Untreated	PET	2034673.16666667	2034673.16666667	6766984.38888889	6490868	5681575.83333333	5751335.5	6903128.33333333	6971954	7716249	8001413	0.00162254320291414	0.909358674966641	0.00243623539598812	NA_[3061_632.63_9.6]	NA	N-(1,3-dihydroxyhenicos-4-en-2-yl)henicosanamide	[M - H2O + H]+	56	Fatty acids	Spingolipids	Ceramides	1	1	1
raw	superclass	Spingolipids	NPC superclass: Spingolipids	2673	PS	PET	2033593.46666667	2033593.46666667	2493688.06666667	2381922.5	1432708.4	1637376.4	3466301.86666667	4004581.5	2582053.93333333	2630651.8	0.00162168219981798	0.910980357166459	0.000897772299363033	NA_[2673_582.58_8.8]	NA	N-(1,3-dihydroxyoctadecan-2-yl)nonadecanamide	[M + H]+	21	Fatty acids	Spingolipids	Ceramides	1	0.998	0.999
raw	superclass	Spingolipids	NPC superclass: Spingolipids	2040	Untreated	PET	2030441.83333333	2030441.83333333	6958662.88888889	6455178	5735442.66666667	5668419	7374661.5	7412829	7765884.5	8051262.5	0.0016191689405256	0.912599526106985	0.00250524308383157	Termitomycesphin A_[2040_726.54_7.1]	Termitomycesphin A	Termitomycesphin A	[M - H2O + H]+	48	Fatty acids	Spingolipids	Neutral glycosphingolipids	0.994	0.986	0.812
raw	superclass	Spingolipids	NPC superclass: Spingolipids	1314	PS	Untreated	1992451.76666667	1992451.76666667	2478404.04444444	1871996.1	1910395.7	1361925.2	3758634.1	2400731.2	1766182.33333333	1220760.6	0.00158887389095298	0.914188399997938	0.000892269778034332	NA_[1314_616.49_4.9]	NA	NA	[M + Na]+	187	Fatty acids	Spingolipids	Ceramides	1	0.951	0.746
raw	superclass	Spingolipids	NPC superclass: Spingolipids	1646	PET	Untreated	1962865.56666667	1962865.56666667	5530526.14444444	5555677.5	6680962.66666667	6857385.5	5192518.66666667	5555677.5	4718097.1	4844795.5	0.00156528047629724	0.915753680474235	0.00199108831603875	HexCer(d18:1/16:0)_[1646_722.55_6.1]	HexCer(d18:1/16:0)	Beta-D-Glucosyl-N-Hexadecanoylsphingosine	[M + Na]+	-1	Fatty acids	Spingolipids	Neutral glycosphingolipids	0.986	0.999	0.999
raw	superclass	Spingolipids	NPC superclass: Spingolipids	3042	PET	PS	1778666.06666667	1778666.06666667	5614652.75555556	5497286.5	6505513.83333333	6879956	4726847.76666667	4794124.5	5611596.66666667	5497286.5	0.00141839121093439	0.917172071685169	0.00202137540049988	NA_[3042_504.51_9.6]	NA	N-(3-hydroxyoctadec-4-en-2-yl)hexadecanamide	[M - H2O + H]+	33	Fatty acids	Spingolipids	Ceramides	1	1	0.999
raw	superclass	Spingolipids	NPC superclass: Spingolipids	3356	PS	PET	1765880.96666667	1765880.96666667	2283902.56666667	1933735.2	1548755.06666667	1548038.6	3314636.03333333	3689438.5	1988316.6	1933735.2	0.00140819577638331	0.918580267461553	0.000822245767706739	N-(2-hydroxytricosanoyl)-D-galactosylsphingosine_[3356_796.67_11]	N-(2-hydroxytricosanoyl)-D-galactosylsphingosine	NA	[M - H2O + H]+	318	Fatty acids	Spingolipids	Neutral glycosphingolipids	1	1	0.986
raw	superclass	Spingolipids	NPC superclass: Spingolipids	2046	Untreated	PS	1757476	1757476	11309136.3333333	11305986	11039688.3333333	11606795	10565122.3333333	10663647	12322598.3333333	12300764	0.00140149326427516	0.919981760725828	0.00407149132463802	NA_[2046_706.57_7]	NA	NA	[M + K]+	5	Fatty acids	Spingolipids	Ceramides	1	0.996	0.884
raw	superclass	Spingolipids	NPC superclass: Spingolipids	2556	PS	PET	1749153.03333333	1749153.03333333	2275033.91111111	1767781	1441498.93333333	1574544.2	3190651.96666667	3408048.8	2192950.83333333	2320015	0.00139485614278837	0.921376616868616	0.000819052893105942	NA_[2556_620.6_8.5]	NA	N-(1,3-dihydroxy-4-oxooctadecan-2-yl)docosanamide	[M - H2O + H]+	21	Fatty acids	Spingolipids	Ceramides	1	1	1
raw	superclass	Spingolipids	NPC superclass: Spingolipids	1219	PS	Untreated	1694509.96666667	1694509.96666667	1854202.04444444	1013873.6	1302348.03333333	1013873.6	2977384.03333333	1327100.5	1282874.06666667	1013873.6	0.00135128121495284	0.922727898083569	0.000667545895244901	Cer(d16:1/18:0)_[1219_560.5_4.5]	Cer(d16:1/18:0)	N-(octadecanoyl)-hexadecasphing-4-enine	[M + Na]+	102	Fatty acids	Spingolipids	Ceramides	1	0.998	0.997
raw	superclass	Spingolipids	NPC superclass: Spingolipids	433	PS	Untreated	1663689	1663689	12384989.1111111	11811936	12221403	11811936	13298626.6666667	13618920	11634937.6666667	8756961	0.00132670313981453	0.924054601223383	0.00445881756443222	NA_[433_617.52_1.7]	NA	Methyl 2,3-bis(hexadecanoylamino)propanoate	[M + Na]+	20	Fatty acids	Spingolipids	Ceramides	0.999	0.879	0.23
raw	superclass	Spingolipids	NPC superclass: Spingolipids	1374	Untreated	PS	1643020	1643020	6365044.88888889	5914774	5897427.66666667	5914774	5777343.5	5886057.5	7420363.5	7578572.5	0.00131022071599804	0.925364821939381	0.00229152998798488	NA_[1374_689.56_5.1]	NA	NA	[M + H3N + H]+	5	Fatty acids	Spingolipids	Ceramides	1	1	0.96
raw	superclass	Spingolipids	NPC superclass: Spingolipids	3084	PS	PET	1611706.4	1611706.4	2849910.01111111	2223720	1970635.3	2130635.8	3582341.7	3580949.2	2996753.03333333	3130446.5	0.00128524979208203	0.926650071731464	0.00102601856978568	NA_[3084_540.54_9.7]	NA	2-(1,2-Dihydroxyhexadecylamino)octadecane-1,3-diol	[M - H2O + H]+	21	Fatty acids	Spingolipids	Sphingoid bases	1	0.994	0.957
raw	superclass	Spingolipids	NPC superclass: Spingolipids	2653	PS	PET	1592188.13333333	1592188.13333333	2354388.7	2077551.6	1449045.16666667	1381510.5	3041233.3	3539391.8	2572887.63333333	2336900.8	0.00126968501665201	0.927919756748115	0.000847622036231159	NA_[2653_568.57_8.8]	NA	18-(18-Hydroxyoctadecoxyamino)oxyoctadecan-1-ol	[M - H2O + H]+	21	Fatty acids	Spingolipids	Sphingoid bases	0.998	0.961	0.976
raw	superclass	Spingolipids	NPC superclass: Spingolipids	167	Untreated	PS	1570231.66666667	1570231.66666667	12438017.4444444	11261461	12716016.6666667	11261461	11513902	10415968	13084133.6666667	11517552	0.00125217590691701	0.929171932655033	0.00447790871275362	C16 phytosphingosine_[167_290.27_0.8]	C16 phytosphingosine	2-aminohexadecane-1,3,4-triol	[M + H]+	568	Fatty acids	Spingolipids	Sphingoid bases	0.985	0.918	0.992
raw	superclass	Spingolipids	NPC superclass: Spingolipids	2890	Untreated	PS	1525960	1525960	12981937.6666667	13196488	12954451.6666667	13633442	12232700.6666667	12186100	13758660.6666667	13906158	0.00121687161676934	0.930388804271802	0.00467372971984022	NA_[2890_648.63_9.3]	NA	N-[(2S,3R,4E,14Z)-1,3-dihydroxyoctadeca-4,14-dien-2-yl]tetracosanamide	[M + H]+	56	Fatty acids	Spingolipids	Ceramides	1	1	1
raw	superclass	Spingolipids	NPC superclass: Spingolipids	3160	PET	PS	1514505.8	1514505.8	1941961.97777778	1013873.6	2930402.03333333	3062973.5	1415896.23333333	1013873.6	1479587.66666667	1013873.6	0.00120773750390086	0.931596541775703	0.000699141040681808	NA_[3160_564.58_10.1]	NA	1-Aminooctadecoxy-(octadecylamino)-oxoazanium	[M - H2O + H]+	-1	Fatty acids	Spingolipids	N-acyl ethanolamines (endocannabinoids)	0.997	0.722	0.166
raw	superclass	Spingolipids	NPC superclass: Spingolipids	2156	PS	PET	1502886.76666667	1502886.76666667	2446833.91111111	1965578	1605018.76666667	1853272.5	3107905.53333333	3676262	2627577.43333333	2701772.5	0.00119847194525081	0.932795013720954	0.000880903965456278	NA_[2156_566.55_7.3]	NA	N-[(E)-1,3-dihydroxynon-4-en-2-yl]heptacosanamide	[M + H]+	21	Fatty acids	Spingolipids	Ceramides	1	0.993	0.989
raw	superclass	Spingolipids	NPC superclass: Spingolipids	2850	PS	PET	1497663.73333333	1497663.73333333	2668080.97777778	2188402.2	1937481.6	1905103.4	3435145.33333333	3128115.2	2631616	2704222.5	0.00119430685506707	0.933989320576021	0.000960556866083167	N-stearoylhexadecasphinganine_[2850_540.54_9.2]	N-stearoylhexadecasphinganine	2-Octadecanoylaminohexadecane-1,3-diol	[M + H]+	21	Fatty acids	Spingolipids	Ceramides	1	0.973	0.959
raw	superclass	Spingolipids	NPC superclass: Spingolipids	2648	PET	Untreated	1497618.33333333	1497618.33333333	10412732	10364341	11366993.3333333	11296236	10001827.6666667	9985781	9869375	9335580	0.00119427065099134	0.935183591227012	0.00374876973397356	beta-D-galactosyl-N-(tetracosanoyl)sphingosine_[2648_812.7_8.7]	beta-D-galactosyl-N-(tetracosanoyl)sphingosine	Beta-Galcer	[M + H]+	56	Fatty acids	Spingolipids	Neutral glycosphingolipids	1	1	1
raw	superclass	Spingolipids	NPC superclass: Spingolipids	3126	PS	PET	1449563.63333333	1449563.63333333	2907893.6	2359739.5	2089384.46666667	2254284.8	3538948.1	3536782.2	3095348.23333333	3330021	0.00115594959376679	0.936339540820779	0.00104689369872339	N-stearoylhexadecasphinganine_[3126_540.54_9.9]	N-stearoylhexadecasphinganine	2-Octadecanoylaminohexadecane-1,3-diol	[M + H]+	21	Fatty acids	Spingolipids	Ceramides	1	0.987	0.982
raw	superclass	Spingolipids	NPC superclass: Spingolipids	1185	PS	Untreated	1419541.4	1419541.4	4818077.47777778	4963249.5	4576810.83333333	4434109	5648481.5	5894663.5	4228940.1	5309688.5	0.00113200846581104	0.93747154928659	0.00173459405510802	NA_[1185_631.5_4.4]	NA	NA	[M + Na]+	31	Fatty acids	Spingolipids	Ceramides	1	1	0.999
raw	superclass	Spingolipids	NPC superclass: Spingolipids	1282	Untreated	PS	1389159	1389159	7111640	6836846.5	6726259.33333333	6692231	6609750.83333333	7093719.5	7998909.83333333	8453746	0.00110778012417081	0.93857932941076	0.0025603175795666	NA_[1282_675.54_4.7]	NA	NA	[M + H3N + H]+	153	Fatty acids	Spingolipids	Ceramides	1	0.96	0.186
raw	superclass	Spingolipids	NPC superclass: Spingolipids	3200	PS	PET	1366195.63333333	1366195.63333333	2870403.35555556	2523706.5	2118287.8	2183750.8	3484483.43333333	3438373.5	3008438.83333333	3407921.2	0.00108946806545227	0.939668797476213	0.00103339654027423	NA_[3200_540.54_10.2]	NA	2-(1,2-Dihydroxyhexadecylamino)octadecane-1,3-diol	[M - H2O + H]+	21	Fatty acids	Spingolipids	Ceramides	1	0.998	0.949
raw	superclass	Spingolipids	NPC superclass: Spingolipids	1931	PET	Untreated	1364815.83333333	1364815.83333333	5509184.77777778	5847964	6107729.83333333	5957737.5	5676910.5	5847964	4742914	5099574.5	0.00108836774863085	0.940757165224844	0.00198340504238476	NA_[1931_580.57_6.8]	NA	N-(1,3,4-trihydroxyoctadecan-2-yl)nonadecanamide	[M - H2O + H]+	88	Fatty acids	Spingolipids	Ceramides	1	0.995	0.977
raw	superclass	Spingolipids	NPC superclass: Spingolipids	3173	PS	PET	1347023.6	1347023.6	2874326.22222222	2538355.8	2123170.9	2183750.8	3470194.5	3438373.5	3029613.26666667	3407921.2	0.00107417939261741	0.941831344617461	0.00103480884242802	NA_[3173_540.54_10.2]	NA	2-(1,2-Dihydroxyhexadecylamino)octadecane-1,3-diol	[M - H2O + H]+	21	Fatty acids	Spingolipids	Ceramides	1	0.998	0.951
raw	superclass	Spingolipids	NPC superclass: Spingolipids	3291	PET	PS	1312443.6	1312443.6	1720467.95555556	1013873.6	2563828.93333333	2067225.2	1251385.33333333	1013873.6	1346189.6	1013873.6	0.00104660368912067	0.942877948306582	0.000619399231638539	NA_[3291_564.58_10.7]	NA	1-Aminooctadecoxy-(octadecylamino)-oxoazanium	[M - H2O + H]+	692	Fatty acids	Spingolipids	N-acyl amines	0.997	0.765	0.107
raw	superclass	Spingolipids	NPC superclass: Spingolipids	2478	PS	PET	1300585.13333333	1300585.13333333	1447401.97777778	1013873.6	1013873.6	1013873.6	2314458.73333333	1013873.6	1013873.6	1013873.6	0.00103714719517255	0.943915095501754	0.000521090596318699	NA_[2478_424.45_8.2]	NA	1-(Dodecylamino)hexadecane-1,1-diol	[M - H2O + H]+	92	Fatty acids	Spingolipids	Sphingoid bases	1	0.956	0.958
raw	superclass	Spingolipids	NPC superclass: Spingolipids	2399	PET	PS	1288092.5	1288092.5	9462185.27777778	9147803	10186832.3333333	9147803	8898739.83333333	8843331	9300983.66666667	9274876	0.001027184987171	0.944942280488925	0.0034065559150647	N-tricosanoyl-4-hydroxy-15-methylhexadecasphinganine-1-phosphocholine_[2399_787.67_8]	N-tricosanoyl-4-hydroxy-15-methylhexadecasphinganine-1-phosphocholine	N-tricosanoyl-4-hydroxy-15-methylhexadecasphinganine-1-phosphocholine	[M - H2O + H]+	5	Fatty acids	Spingolipids	Phosphosphingolipids	1	1	0.999
raw	superclass	Spingolipids	NPC superclass: Spingolipids	2476	PET	Untreated	1263648.5	1263648.5	4154436.1	3947803	4922043.4	4841484	3882870	3947803	3658394.9	3821363.5	0.00100769220243201	0.945949972691357	0.0014956712910125	beta-D-glucosyl-N-[(15Z)-tetracosenoyl]sphingosine_[2476_810.68_8.3]	beta-D-glucosyl-N-[(15Z)-tetracosenoyl]sphingosine	Beta-D-Galactosyl-N-[(15Z)-Tetracosenoyl]Sphingosine	[M + H]+	56	Fatty acids	Spingolipids	Neutral glycosphingolipids	1	1	1
raw	superclass	Spingolipids	NPC superclass: Spingolipids	1861	PS	Untreated	1253335.9	1253335.9	2153583.31111111	1990722.4	1887163.76666667	1908369.1	2913461.03333333	2102684.2	1660125.13333333	1946805.9	0.000999468454604355	0.946949441145962	0.000775328505168854	N-(2-hydroxyhexadecanoyl)sphinganine_[1861_538.52_6.6]	N-(2-hydroxyhexadecanoyl)sphinganine	2-(2'-Hydroxyhexadecanoyl)aminooctadecane-1,3-diol	[M - H2O + H]+	20	Fatty acids	Spingolipids	Ceramides	1	1	1
raw	superclass	Spingolipids	NPC superclass: Spingolipids	2243	Untreated	PS	1242905	1242905	9603230.22222222	9561272	9351113.66666667	9561272	9107836	9298946	10350741	10493288	0.00099115036884368	0.947940591514805	0.00345733461741326	NA_[2243_804.66_7.6]	NA	[(9Z,12Z)-octadeca-9,12-dienyl] 2-[3-(3,5-dimethylpiperidin-1-yl)propanoylamino]-3-[[(9Z,12Z)-octadeca-9,12-dienoyl]amino]propanoate	[M + Na]+	82	Fatty acids	Spingolipids	Phosphosphingolipids	1	0.998	0.354
raw	superclass	Spingolipids	NPC superclass: Spingolipids	2162	PET	Untreated	1144859.1	1144859.1	5537958.46666667	5586432	6030855.5	7418664.5	5697023.5	5586432	4885996.4	3894755.2	0.000912963999049841	0.948853555513855	0.00199376408495317	Cer(d18:0/17:0)_[2162_554.55_7.4]	Cer(d18:0/17:0)	C17 dihydro Ceramide (d18:0/17:0)	[M + H]+	20	Fatty acids	Spingolipids	Ceramides	1	1	1
raw	superclass	Spingolipids	NPC superclass: Spingolipids	3069	PS	PET	1131161.93333333	1131161.93333333	1748903.11111111	1306663.1	1166201.43333333	1178067.6	2297363.36666667	2442115	1783144.53333333	2002021.2	0.000902041240034647	0.94975559675389	0.000629636396152857	NA_[3069_568.57_9.7]	NA	1-[[(2S,3R)-1,3-dihydroxyoctadecan-2-yl]amino]octadecane-1,2-diol	[M - H2O + H]+	21	Fatty acids	Spingolipids	Sphingoid bases	1	0.996	0.962
raw	superclass	Spingolipids	NPC superclass: Spingolipids	2106	Untreated	PS	1129097.26666667	1129097.26666667	4582350.98888889	4340508.5	4776984.56666667	5310287.5	3920485.56666667	3823386	5049582.83333333	5013576	0.000900394778617076	0.950655991532507	0.00164972830354133	NA_[2106_567.58_7.2]	NA	N-[(E)-3-hydroxyoctadec-4-en-2-yl]octadecanamide	[M + H3N + H]+	57	Fatty acids	Spingolipids	Ceramides	1	0.851	0.559
raw	superclass	Spingolipids	NPC superclass: Spingolipids	582	PET	Untreated	1123097.7	1123097.7	1509541.67777778	1013873.6	2136971.3	2281853.5	1377780.13333333	1013873.6	1013873.6	1013873.6	0.000895610444565344	0.951551601977072	0.000543461999581378	NA_[582_389.34_2.3]	NA	N-(1,3-dihydroxyoctadec-4-en-2-yl)-2-methoxyacetamide	[M + H3N + H]+	-1	Fatty acids	Spingolipids	Sphingoid bases	1	0.959	0.903
raw	superclass	Spingolipids	NPC superclass: Spingolipids	1907	PS	PET	1103839.26666667	1103839.26666667	1671802.66666667	1013873.6	1268652.93333333	1013873.6	2372492.2	1877336	1374262.86666667	1013873.6	0.000880252872344068	0.952431854849416	0.00060187885734275	NA_[1907_602.51_6.8]	NA	N-(2-hydroxy-13Z-docosenoyl)-tetradecasphing-4-enine	[M + Na]+	20	Fatty acids	Spingolipids	Ceramides	1	0.956	0.891
raw	superclass	Spingolipids	NPC superclass: Spingolipids	2577	PS	PET	1093063.33333333	1093063.33333333	13916734.1111111	14028097	13510217.6666667	14028097	14603281	15287807	13636703.6666667	12363360	0.000871659640924154	0.95330351449034	0.00501027315708219	NA_[2577_774.64_8.5]	NA	1-(icos-8-enoyloxy)-3-(phenylamino)propan-2-yl icos-8-enoate	[M + Na]+	-1	Fatty acids	Spingolipids	Ceramides	0.992	0.969	0.899
raw	superclass	Spingolipids	NPC superclass: Spingolipids	3125	PS	PET	1092279	1092279	1778741.42222222	1379555.6	1195647.73333333	1202784	2287926.73333333	2384411	1852649.8	1934916.6	0.000871034176972661	0.954174548667313	0.000640378721760221	NA_[3125_568.57_9.9]	NA	1-[[(2S,3R)-1,3-dihydroxyoctadecan-2-yl]amino]octadecane-1,2-diol	[M - H2O + H]+	21	Fatty acids	Spingolipids	Ceramides	1	0.995	0.805
raw	superclass	Spingolipids	NPC superclass: Spingolipids	2768	PET	PS	1083366.63333333	1083366.63333333	1533130.98888889	1013873.6	2097240.23333333	1013873.6	1013873.6	1013873.6	1488279.13333333	1013873.6	0.000863927040458659	0.955038475707772	0.000551954573436022	[(1S)-1-carboxy-3-[(2S)-2-hydroxy-3-[(E)-2,2,4-trimethyl-3-oxohexadec-4-enoyl]oxypropoxy]propyl]-trimethylazanium_[2768_510.38_9]	[(1S)-1-carboxy-3-[(2S)-2-hydroxy-3-[(E)-2,2,4-trimethyl-3-oxohexadec-4-enoyl]oxypropoxy]propyl]-trimethylazanium	(2S)-4-[(2S)-2-hydroxy-3-[(E)-2,2,4-trimethyl-3-oxohexadec-4-enoyl]oxypropoxy]-2-(trimethylazaniumyl)butanoate	[M - H2O + H]+	-1	Fatty acids	Spingolipids	Neutral glycosphingolipids	0.673	0.847	0.283
raw	superclass	Spingolipids	NPC superclass: Spingolipids	2617	PET	Untreated	1041041.33333333	1041041.33333333	7656657.88888889	7658943	8015336	7930726	7980343	7654505.5	6974294.66666667	7608667.5	0.000830174873795543	0.955868650581567	0.0027565337662831	NA_[2617_649.66_8.7]	NA	(Z)-N-[(E,3R)-3-hydroxyoctadec-4-en-2-yl]tetracos-15-enamide	[M + H3N + H]+	561	Fatty acids	Spingolipids	Ceramides	1	0.961	0.938
raw	superclass	Spingolipids	NPC superclass: Spingolipids	3268	PS	PET	1040284.23333333	1040284.23333333	2249868.76666667	1885018.5	1660875.33333333	1712499.6	2701159.56666667	2685188.2	2387571.4	2565468.2	0.000829571126973178	0.956698221708541	0.000809992991070203	NA_[3268_540.54_10.5]	NA	2-(1,2-Dihydroxyhexadecylamino)octadecane-1,3-diol	[M - H2O + H]+	21	Fatty acids	Spingolipids	Ceramides	1	0.996	0.836
raw	superclass	Spingolipids	NPC superclass: Spingolipids	3158	PS	PET	1038500.93333333	1038500.93333333	1714370.24444444	1328139.5	1167866.83333333	1161587.4	2206367.76666667	2182429.5	1768876.13333333	1860568.8	0.000828149040447853	0.957526370748988	0.000617203946591364	NA_[3158_568.57_10.1]	NA	18-(18-Hydroxyoctadecoxyamino)oxyoctadecan-1-ol	[M - H2O + H]+	21	Fatty acids	Spingolipids	Sphingoid bases	1	0.991	0.912
raw	superclass	Spingolipids	NPC superclass: Spingolipids	2638	PS	PET	1029968.3	1029968.3	1357196.36666667	1013873.6	1013873.6	1013873.6	2043841.9	1013873.6	1013873.6	1013873.6	0.000821344720990179	0.958347715469979	0.000488614963145011	NA_[2638_452.48_8.7]	NA	2-(2-Hydroxyethylamino)octacosan-1-ol	[M - H2O + H]+	163	Fatty acids	Spingolipids	Sphingoid bases	1	0.995	0.996
raw	superclass	Spingolipids	NPC superclass: Spingolipids	2150	PET	PS	1028507.26666667	1028507.26666667	4272784.18888889	4216457	4870825	4490563	3842317.73333333	3852621	4105209.83333333	4214068	0.000820179624923121	0.959167895094902	0.00153827871946646	N-(2-hydroxytricosanoyl)-15-methylhexadecasphing-4-enine-1-phosphocholine_[2150_785.65_7.3]	N-(2-hydroxytricosanoyl)-15-methylhexadecasphing-4-enine-1-phosphocholine	N-(2-hydroxytricosanoyl)-15-methylhexadecasphing-4-enine-1-phosphocholine	[M - H2O + H]+	5	Fatty acids	Spingolipids	Phosphosphingolipids	1	1	0.999
raw	superclass	Spingolipids	NPC superclass: Spingolipids	3230	PS	PET	974351.433333333	974351.433333333	1603633.12222222	1229352.5	1085699.9	1013873.6	2060051.33333333	2147202	1665148.13333333	1854084.9	0.000776993239653635	0.959944888334555	0.000577336602246575	NA_[3230_568.57_10.3]	NA	1-[[(2S,3R)-1,3-dihydroxyoctadecan-2-yl]amino]octadecane-1,2-diol	[M - H2O + H]+	21	Fatty acids	Spingolipids	Ceramides	1	0.999	0.957
raw	superclass	Spingolipids	NPC superclass: Spingolipids	346	PET	Untreated	973777.166666667	973777.166666667	7498597.21111111	8815037	7881448.73333333	9548573	7706671.33333333	8815037	6907671.56666667	4416648.5	0.000776535292651667	0.960721423627207	0.00269962909563714	NA_[346_647.53_1.4]	NA	(2S)-5-amino-2-(3-hexadecanoyloxyhexadecanoylamino)pentanoic acid	[M + Na]+	-1	Fatty acids	Spingolipids	Ceramides	0.999	0.821	0.391
raw	superclass	Spingolipids	NPC superclass: Spingolipids	2595	Untreated	PS	964675.966666667	964675.966666667	3292813.04444444	3191667.2	3111801.1	3191667.2	2900981.03333333	2378798.5	3865657	4047309	0.000769277571637656	0.961490701198845	0.00118547158235194	NA_[2595_452.48_8.5]	NA	1-(1-Hydroxypentadecylamino)pentadecan-1-ol	[M - H2O + H]+	163	Fatty acids	Spingolipids	Ceramides	1	0.996	0.879
raw	superclass	Spingolipids	NPC superclass: Spingolipids	3299	PS	PET	951942.666666667	951942.666666667	2133872.41111111	1768463.8	1593915.9	1688513	2545858.56666667	2510665.5	2261842.76666667	2454009.8	0.000759123444820564	0.962249824643665	0.000768232228672986	NA_[3299_540.54_10.7]	NA	2-(1,2-Dihydroxyhexadecylamino)octadecane-1,3-diol	[M - H2O + H]+	21	Fatty acids	Spingolipids	Sphingoid bases	1	0.995	0.921
raw	superclass	Spingolipids	NPC superclass: Spingolipids	1644	PET	Untreated	933940.866666667	933940.866666667	2389656.95555556	2531623.5	2979846.23333333	2790310	2143219.26666667	2124723	2045905.36666667	2063068.1	0.000744767970580899	0.962994592614246	0.00086031923894383	HexCer(d18:1/16:0)_[1644_682.56_6.1]	HexCer(d18:1/16:0)	Beta-D-Glucosyl-N-Hexadecanoylsphingosine	[M - H2O + H]+	56	Fatty acids	Spingolipids	Neutral glycosphingolipids	1	1	1
raw	superclass	Spingolipids	NPC superclass: Spingolipids	2525	PET	PS	926404.533333334	926404.533333334	2941215.74444444	2651516.2	3284223.3	3256192.2	2357818.76666667	2510955	3181605.16666667	3855845.5	0.000738758147172785	0.963733350761419	0.00105889026663318	NA_[2525_610.63_8.4]	NA	N-(2-octadecanamidoethyl)octadecanamide	[M + H3N + H]+	74	Fatty acids	Spingolipids	Ceramides	1	0.95	0.918
raw	superclass	Spingolipids	NPC superclass: Spingolipids	2623	PS	Untreated	920297.333333333	920297.333333333	1618548.46666667	1545624.8	1907600.86666667	1545624.8	1934170.93333333	1944504.2	1013873.6	1013873.6	0.000733887981285125	0.964467238742704	0.000582706392982102	NA_[2623_659.64_8.7]	NA	2-[2,2-bis[(9E,12E)-octadeca-9,12-dienyl]-1,3-dioxolan-4-yl]-N,N-dimethylethanamine	[M + H3N + H]+	-1	Fatty acids	Spingolipids	Ceramides	1	0.918	0.81
raw	superclass	Spingolipids	NPC superclass: Spingolipids	1645	PET	PS	914793.333333333	914793.333333333	4410800.53333333	4458610	4871227.5	4701036.5	3956434.16666667	4458610	4404739.93333333	4295659	0.000729498835187784	0.965196737577892	0.00158796707165367	N-hexadecanoylphytosphingosine-1-phosphocholine_[1645_703.58_6.1]	N-hexadecanoylphytosphingosine-1-phosphocholine	[2-(Hexadecanoylamino)-3,4-dihydroxyoctadecyl] 2-(trimethylazaniumyl)ethyl phosphate	[M - H2O + H]+	-1	Fatty acids	Spingolipids	Phosphosphingolipids	1	1	0.999
raw	superclass	Spingolipids	NPC superclass: Spingolipids	1469	PS	Untreated	907226.666666668	907226.666666668	25261737.1111111	25369076	25325848.6666667	25065610	25683294.6666667	25675952	24776068	25369076	0.000723464822566077	0.965920202400458	0.00909467712313444	N-hexadecanoylsphingosine-1-phosphocholine_[1469_725.56_5.5]	N-hexadecanoylsphingosine-1-phosphocholine	NA	[M + Na]+	45	Fatty acids	Spingolipids	Phosphosphingolipids	1	1	0.999
raw	superclass	Spingolipids	NPC superclass: Spingolipids	2803	PET	Untreated	882743.966666667	882743.966666667	1534908.21111111	1013873.6	1896617.56666667	1013873.6	1694233.46666667	1013873.6	1013873.6	1013873.6	0.000703941176643589	0.966624143577101	0.000552594405218614	NA_[2803_510.36_9]	NA	[(3S,6aR,6bS,8aS,11S,14aR,14bS)-11-(hydroxycarbamoyl)-4,4,6a,6b,8a,11,14b-heptamethyl-14-oxo-2,3,4a,5,6,7,8,9,10,12,12a,14a-dodecahydro-1H-picen-3-yl] acetate	[M - H2O + H]+	118	Fatty acids	Spingolipids	Sphingoid bases	0.785	0.744	0.167
raw	superclass	Spingolipids	NPC superclass: Spingolipids	1908	PS	PET	856958	856958	1554741.67777778	1013873.6	1252263.46666667	1013873.6	2109221.46666667	1762617.6	1302740.1	1013873.6	0.000683378245146284	0.967307521822248	0.000559734807906379	NA_[1908_624.57_6.8]	NA	N-(3-hexadecoxy-2-nitrosopropyl)-N-(2-nitrosoethyl)hexadecanamide	[M + H]+	57	Fatty acids	Spingolipids	Ceramides	0.975	0.756	0.713
raw	superclass	Spingolipids	NPC superclass: Spingolipids	2327	PS	Untreated	846552.066666667	846552.066666667	2906769.36666667	2939689	2839559.5	2822442.5	3363650.33333333	3443550.5	2517098.26666667	2939689	0.000675080068969106	0.967982601891217	0.00104648895461839	NA_[2327_622.55_7.8]	NA	2-amino-N,N'-di(hexadecanoyl)pentanediamide	[M + H]+	-1	Fatty acids	Spingolipids	Ceramides	0.999	0.89	0.543
raw	superclass	Spingolipids	NPC superclass: Spingolipids	2574	PS	Untreated	828265.166666666	828265.166666666	5413639.27777778	5006327.5	5595128.33333333	5006327.5	5737027.33333333	5548732	4908762.16666667	4735293	0.000660497242703214	0.96864309913392	0.00194900695371626	N-(2-hydroxypentacosanoyl)-15-methylhexadecasphing-4-enine-1-phosphocholine_[2574_831.7_8.5]	N-(2-hydroxypentacosanoyl)-15-methylhexadecasphing-4-enine-1-phosphocholine	N-(2-hydroxypentacosanoyl)-15-methylhexadecasphing-4-enine-1-phosphocholine	[M + H]+	811	Fatty acids	Spingolipids	Phosphosphingolipids	1	1	0.999
raw	superclass	Spingolipids	NPC superclass: Spingolipids	2089	PET	PS	822977.766666667	822977.766666667	2353637.43333333	2350140	2873909.53333333	2817600	2050931.76666667	2008618.8	2136071	2030478.4	0.000656280823539864	0.96929937995746	0.000847351566796035	N-henicosanoyl-4-hydroxy-15-methylhexadecasphinganine-1-phosphocholine_[2089_759.64_7.2]	N-henicosanoyl-4-hydroxy-15-methylhexadecasphinganine-1-phosphocholine	N-henicosanoyl-4-hydroxy-15-methylhexadecasphinganine-1-phosphocholine	[M - H2O + H]+	5	Fatty acids	Spingolipids	Phosphosphingolipids	1	1	0.999
raw	superclass	Spingolipids	NPC superclass: Spingolipids	2223	Untreated	PS	798799.333333334	798799.333333334	12566374.4444444	12530882	12632040	11828347	12134142	12530882	12932941.3333333	13970510	0.000636999814036809	0.969936379771497	0.00452411952819991	NA_[2223_811.67_7.5]	NA	4-[20-(3,5-Dihydroxy-4-azatricyclo[5.2.1.02,6]deca-2,5,8-trien-4-yl)-10,11-dioctylicosyl]-4-azatricyclo[5.2.1.02,6]deca-2,5,8-triene-3,5-diol	[M - H2O + H]+	-1	Fatty acids	Spingolipids	Phosphosphingolipids	1	1	0.994
raw	superclass	Spingolipids	NPC superclass: Spingolipids	2881	Untreated	PS	784057.433333333	784057.433333333	4057318.15555556	3961163.2	4065575.9	3961163.2	3661160.56666667	3670402	4445218	4657125.5	0.000625243935974964	0.970561623707472	0.0014607070942235	NA_[2881_630.62_9.3]	NA	N-[(2S,3R,4E,14Z)-1,3-dihydroxyoctadeca-4,14-dien-2-yl]tetracosanamide	[M - H2O + H]+	56	Fatty acids	Spingolipids	Ceramides	1	1	1
raw	superclass	Spingolipids	NPC superclass: Spingolipids	3080	Untreated	PS	760277	760277	2585915.44444444	2462902	2554049.33333333	2462902	2221710	2322636.2	2981987	3030191.5	0.000606280310219499	0.971167904017691	0.000930975804692574	NA_[3080_676.66_9.7]	NA	N-[(E)-1,3-dihydroxyoctadec-4-en-2-yl]-3-hydroxyhexacosanamide	[M - H2O + H]+	56	Fatty acids	Spingolipids	Ceramides	1	1	0.999
raw	superclass	Spingolipids	NPC superclass: Spingolipids	676	PS	Untreated	753925.266666667	753925.266666667	1971002.13333333	2039468.1	1937005.2	1752920.5	2364963.23333333	2353570.8	1611037.96666667	1744834.9	0.0006012151420561	0.971769119159747	0.00070959601601552	N-hexanoyl-sphinga-4E,14Z-dienine_[676_418.33_2.7]	N-hexanoyl-sphinga-4E,14Z-dienine	N-hexanoyl-sphinga-4E,14Z-dienine	[M + Na]+	177	Fatty acids	Spingolipids	Ceramides	0.999	0.949	0.363
raw	superclass	Spingolipids	NPC superclass: Spingolipids	3391	PS	PET	753835.966666667	753835.966666667	1557918.58888889	1276224.8	1157818.83333333	1200538.5	1911654.8	1818395.6	1604282.13333333	1674411.8	0.000601143930074542	0.972370263089822	0.000560878552720022	NA_[3391_540.54_11.2]	NA	2-(1,2-Dihydroxyhexadecylamino)octadecane-1,3-diol	[M - H2O + H]+	-1	Fatty acids	Spingolipids	Sphingoid bases	0.999	0.99	0.904
raw	superclass	Spingolipids	NPC superclass: Spingolipids	2257	PS	PET	725657.033333334	725657.033333334	4165817.96666667	4378688.5	3686061.63333333	3436837.2	4411718.66666667	4378688.5	4399673.6	4612835.5	0.000578672735440234	0.972948935825262	0.00149976896655779	NA_[2257_771.57_7.6]	NA	[2-[amino-[(Z)-octadec-9-enoyl]oxymethyl]-5-(diaminomethylideneamino)-3-oxopentyl] (Z)-octadec-9-enoate	[M + K]+	-1	Fatty acids	Spingolipids	Phosphosphingolipids	1	0.997	0.361
raw	superclass	Spingolipids	NPC superclass: Spingolipids	1845	PET	PS	708451.333333333	708451.333333333	5984392.22222222	6318050	6252532.5	6515946.5	5544081.16666667	5904156	6156563	6318050	0.000564952108440412	0.973513887933703	0.00215448822066038	NA_[1845_781.56_6.6]	NA	aGSA[16,6P]	[M + H]+	45	Fatty acids	Spingolipids	Neutral glycosphingolipids	0.969	0.885	0.426
raw	superclass	Spingolipids	NPC superclass: Spingolipids	1462	Untreated	PS	702194.666666667	702194.666666667	5151825	4863238	4936765.66666667	4747065.5	4908257.33333333	4863238	5610452	5497598	0.000559962750867308	0.97407385068457	0.00185474913161391	NA_[1462_706.58_5.5]	NA	2-[(2S,3S,4R)-3,4-dihydroxy-2-(tricosoxymethylamino)nonoxy]-6-(hydroxymethyl)oxane-3,4,5-triol	[M + H]+	-1	Fatty acids	Spingolipids	Neutral glycosphingolipids	0.992	0.996	0.973
raw	superclass	Spingolipids	NPC superclass: Spingolipids	1802	PET	Untreated	696344.5	696344.5	7328418.72222222	7382612	7578494.16666667	7378777.5	7524612.33333333	7382612	6882149.66666667	7954151.5	0.000555297555337912	0.974629148239908	0.00263836179628476	NA_[1802_670.47_6.5]	NA	NA	[M - H2O + H]+	327	Fatty acids	Spingolipids	Neutral glycosphingolipids	0.963	0.905	0.847
raw	superclass	Spingolipids	NPC superclass: Spingolipids	2405	PET	PS	688170.666666667	688170.666666667	4431798.92222222	4315103	4821879.33333333	4404158	4133708.66666667	4243451	4339808.76666667	4315103	0.000548779359721031	0.975177927599629	0.00159552686717408	NA_[2405_788.67_8]	NA	Bis(5-methyl-2-propan-2-ylcyclohexyl)-octadecyl-(3-triethoxysilylpropyl)azanium	[M + K]+	5	Fatty acids	Spingolipids	Phosphosphingolipids	1	0.997	0.925
raw	superclass	Spingolipids	NPC superclass: Spingolipids	2461	PS	Untreated	667052.566666667	667052.566666667	2562061.04444444	2815372	2699273.76666667	2815372	2826980.96666667	2924791.5	2159928.4	2255405.8	0.000531938802635592	0.975709866402264	0.000922387794097266	NA_[2461_836.66_8.2]	NA	NA	[M + H]+	45	Fatty acids	Spingolipids	Neutral glycosphingolipids	0.999	1	0.997
raw	superclass	Spingolipids	NPC superclass: Spingolipids	992	PS	Untreated	636004.566666666	636004.566666666	1787275.7	1788196.4	1713398.53333333	1605840.8	2142216.56666667	2144653.5	1506212	1013873.6	0.000507179680537073	0.976217046082801	0.000643451214381241	NA_[992_497.4_3.7]	NA	2-Acetamido-1,3-diacetoxy-4,15-docosadiene	[M + H3N + H]+	711	Fatty acids	Spingolipids	Sphingoid bases	1	0.782	0.284
raw	superclass	Spingolipids	NPC superclass: Spingolipids	1545	PS	Untreated	631807.133333333	631807.133333333	1262449.68888889	1013873.6	1127794.73333333	1013873.6	1645680.73333333	1489444.1	1013873.6	1013873.6	0.000503832451588337	0.97672087853439	0.000454504464762082	NA_[1545_780.69_5.8]	NA	2-(4-hexadecoxy-2-methylphenoxy)-N-[(1-propylpyridin-1-ium-2-yl)methyl]octadecanamide	[M + H3N + H]+	140	Fatty acids	Spingolipids	N-acyl amines	0.999	0.818	0.133
raw	superclass	Spingolipids	NPC superclass: Spingolipids	2370	PS	PET	628060.833333333	628060.833333333	1223227.21111111	1013873.6	1013873.6	1013873.6	1641934.43333333	1792288.2	1013873.6	1013873.6	0.00050084497738331	0.977221723511773	0.000440383671334883	N-octodecanoylsphinganine_[2370_590.55_8]	N-octodecanoylsphinganine	N-Octodecanoylsphinganine	[M + Na]+	24	Fatty acids	Spingolipids	Ceramides	1	0.852	0.686
raw	superclass	Spingolipids	NPC superclass: Spingolipids	1538	Untreated	PS	624783.766666667	624783.766666667	1371537.13333333	1279988.6	1388270.43333333	1279988.6	1050778.6	1013873.6	1675562.36666667	1675187.8	0.000498231691705489	0.977719955203479	0.000493777895605193	N-oleoyl-(4E,14Z)-sphingadienine-1-phosphocholine_[1538_727.57_5.8]	N-oleoyl-(4E,14Z)-sphingadienine-1-phosphocholine	[(2S,3R,4E,14E)-3-hydroxy-2-[[(E)-octadec-9-enoyl]amino]octadeca-4,14-dienyl] 2-(trimethylazaniumyl)ethyl phosphate	[M + H]+	45	Fatty acids	Spingolipids	Phosphosphingolipids	1	1	0.999
raw	superclass	Spingolipids	NPC superclass: Spingolipids	3347	PS	PET	622516.133333333	622516.133333333	1384956.9	1135408.6	1054385.26666667	1013873.6	1676901.4	1686666.8	1423584.03333333	1605605.9	0.000496423375209268	0.978216378578688	0.000498609251594859	NA_[3347_568.57_10.9]	NA	1-[[(2S,3R)-1,3-dihydroxyoctadecan-2-yl]amino]octadecane-1,2-diol	[M - H2O + H]+	21	Fatty acids	Spingolipids	Ceramides	1	0.998	0.953
raw	superclass	Spingolipids	NPC superclass: Spingolipids	2362	PS	PET	621881.8	621881.8	2577174.4	2469963.8	2224273.8	2121624.2	2846155.6	3025422.5	2661093.8	2563574.2	0.000495917528248074	0.978712296106936	0.000927828872373885	NA_[2362_754.57_7.9]	NA	NA	[M - H2O + H]+	48	Fatty acids	Spingolipids	Ceramides	1	0.989	0.698
raw	superclass	Spingolipids	NPC superclass: Spingolipids	998	PS	Untreated	601722.133333333	601722.133333333	1543157.26666667	1527451.9	1641780.46666667	1694462.8	1794706.73333333	1527451.9	1192984.6	1013873.6	0.000479841270567533	0.979192137377503	0.00055556421273892	NA_[998_665.56_3.7]	NA	N-(docosanoyl)-tetradecasphinganine-1-phosphate	[M + H3N + H]+	-1	Fatty acids	Spingolipids	Ceramides	1	0.992	0.867
raw	superclass	Spingolipids	NPC superclass: Spingolipids	3166	Untreated	PS	601590.666666667	601590.666666667	4433698.98888889	4457831	4626177.16666667	4500460	4036664.56666667	4193889.5	4638255.23333333	4521599	0.000479736432920925	0.979671873810424	0.00159621092515354	NA_[3166_879.74_10.1]	NA	(Z)-N-[(4E,8E,12E)-3-hydroxy-1-[3,4,5-trihydroxy-6-(hydroxymethyl)oxan-2-yl]oxytriaconta-4,8,12-trien-2-yl]hexadec-7-enamide	[M + H3N + H]+	-1	Fatty acids	Spingolipids	Neutral glycosphingolipids	1	1	0.998
raw	superclass	Spingolipids	NPC superclass: Spingolipids	2357	PS	Untreated	592627.266666666	592627.266666666	4505087.88888889	4314079.5	4699588.73333333	4314079.5	4704151.1	4596805	4111523.83333333	4097598	0.000472588600048667	0.980144462410473	0.0016219122058224	NA_[2357_800.66_7.9]	NA	NA	[M + O + H]+	56	Fatty acids	Spingolipids	Neutral glycosphingolipids	1	1	1
raw	superclass	Spingolipids	NPC superclass: Spingolipids	2426	PET	Untreated	591604.733333333	591604.733333333	2659025.15555556	2676007.5	3011440.33333333	3134994	2545799.53333333	2607195.8	2419835.6	2310563.5	0.000471773184316581	0.98061623559479	0.000957296608135214	beta-D-glucosyl-N-[(15Z)-tetracosenoyl]sphingosine_[2426_826.68_8]	beta-D-glucosyl-N-[(15Z)-tetracosenoyl]sphingosine	Beta-D-Galactosyl-N-[(15Z)-Tetracosenoyl]Sphingosine	[M + O + H]+	56	Fatty acids	Spingolipids	Neutral glycosphingolipids	1	1	1
raw	superclass	Spingolipids	NPC superclass: Spingolipids	1530	Untreated	PS	591599.866666667	591599.866666667	1410521.85555556	1532593.9	1562672.83333333	1610167.6	1038646.43333333	1013873.6	1630246.3	1534504.2	0.000471769303409785	0.981088004898199	0.000507813092780539	NA_[1530_729.59_5.8]	NA	[(E)-2-[[(Z)-heptadec-9-enoyl]amino]-3-hydroxynonadec-4-enyl] 2-(trimethylazaniumyl)ethyl phosphate	[M + H]+	-1	Fatty acids	Spingolipids	Phosphosphingolipids	1	1	0.997
raw	superclass	Spingolipids	NPC superclass: Spingolipids	1507	Untreated	PS	587314.233333333	587314.233333333	2058659.46666667	1901288.8	1927757.16666667	1901288.8	1830453.5	1668190.4	2417767.73333333	2336520.2	0.000468351739670752	0.98155635663787	0.000741154223617601	NA_[1507_838.56_5.7]	NA	1-[4,7-bis[2-hydroxy-3-(2-methyl-3H-furan-2-yl)-2-[(2-methyl-3H-furan-2-yl)methyl]propyl]-1,4,7-triazonan-1-yl]-3-(2-methyl-3H-furan-2-yl)-2-[(2-methyl-3H-furan-2-yl)methyl]propan-2-ol	[M + H]+	-1	Fatty acids	Spingolipids	Neutral glycosphingolipids	0.899	0.715	0.552
raw	superclass	Spingolipids	NPC superclass: Spingolipids	2122	Untreated	PET	561794.033333333	561794.033333333	3816446.14444444	3827866.5	3579146.73333333	3453768.2	3729250.93333333	3813940.8	4140940.76666667	4268716	0.000448000742898702	0.982004357380769	0.00137398886263791	NA_[2122_794.57_7.2]	NA	(2R)-3-{[(2R)-2-(decanoylamino)-3-hydroxypropyl]sulfanyl}propane-1,2-diyl ditetradecanoate	[M + K]+	10	Fatty acids	Spingolipids	Neutral glycosphingolipids	0.973	0.945	0.119
raw	superclass	Spingolipids	NPC superclass: Spingolipids	3045	PET	Untreated	551961.466666667	551961.466666667	1599384.28888889	1480208.4	1859522.4	1929611.1	1631069.53333333	1480208.4	1307560.93333333	1425868.1	0.000440159796021551	0.98244451717679	0.000575806946263429	NA_[3045_480.51_9.6]	NA	2-(2-Hydroxyethylamino)triacontan-1-ol	[M - H2O + H]+	84	Fatty acids	Spingolipids	Ceramides	1	0.994	0.837
raw	superclass	Spingolipids	NPC superclass: Spingolipids	3059	PS	PET	551464.833333333	551464.833333333	1283564.71111111	1013873.6	1013873.6	1013873.6	1565338.43333333	1565747.9	1271482.1	1239136.8	0.00043976375745745	0.982884280934248	0.000462106250368284	NA_[3059_596.6_9.6]	NA	1-Amino-3-(2,3-dihexadecoxypropoxy)propan-2-ol	[M - H2O + H]+	-1	Fatty acids	Spingolipids	Sphingoid bases	1	0.999	0.909
raw	superclass	Spingolipids	NPC superclass: Spingolipids	2573	PET	Untreated	536478	536478	9135299.11111111	8768522	9353882.66666667	8741315	9234610	9554303	8817404.66666667	8768522	0.000427812558141225	0.983312093492389	0.00328887104926247	NA_[2573_850.67_8.5]	NA	2-hydroxy-N-(3-hydroxy-1-{[3,4,5-trihydroxy-6-(hydroxymethyl)oxan-2-yl]oxy}octadeca-4,8,10-trien-2-yl)hexacos-17-enimidic acid	[M + H]+	-1	Fatty acids	Spingolipids	Neutral glycosphingolipids	0.968	0.986	0.97
raw	superclass	Spingolipids	NPC superclass: Spingolipids	1771	PET	Untreated	533895.9	533895.9	1332093.81111111	1013873.6	1673954.9	1013873.6	1182267.53333333	1013873.6	1140059	1013873.6	0.000425753471270232	0.983737846963659	0.000479577594228568	NA_[1771_438.43_6.4]	NA	N-(1,3-dihydroxyundecan-2-yl)heptadecanamide	[M - H2O + H]+	20	Fatty acids	Spingolipids	Ceramides	1	0.999	0.999
raw	superclass	Spingolipids	NPC superclass: Spingolipids	2391	PET	Untreated	523810.933333333	523810.933333333	2953171.37777778	2894616.2	3226534	2901528.5	2930257.06666667	2987354.2	2702723.06666667	2625186.5	0.000417711248870739	0.98415555821253	0.00106319450843931	beta-D-glucosyl-N-[(15Z)-tetracosenoyl]sphingosine_[2391_826.68_8]	beta-D-glucosyl-N-[(15Z)-tetracosenoyl]sphingosine	Beta-D-Galactosyl-N-[(15Z)-Tetracosenoyl]Sphingosine	[M + O + H]+	56	Fatty acids	Spingolipids	Neutral glycosphingolipids	1	1	1
raw	superclass	Spingolipids	NPC superclass: Spingolipids	2473	PET	PS	512556.933333333	512556.933333333	2546846.17777778	2543412.2	2882621.43333333	2760100.5	2370064.5	2373667	2387852.6	2543412.2	0.000408736784811968	0.984564294997342	0.000916910170005295	beta-D-glucosyl-N-[(15Z)-tetracosenoyl]sphingosine_[2473_832.66_8.2]	beta-D-glucosyl-N-[(15Z)-tetracosenoyl]sphingosine	Beta-D-Galactosyl-N-[(15Z)-Tetracosenoyl]Sphingosine	[M + Na]+	-1	Fatty acids	Spingolipids	Neutral glycosphingolipids	1	1	1
raw	superclass	Spingolipids	NPC superclass: Spingolipids	1458	PS	Untreated	509707.8	509707.8	1365679.42222222	1286446.1	1297708.06666667	1286446.1	1654519	1799724.2	1144811.2	1013873.6	0.000406464753116691	0.984970759750459	0.000491669014850009	NA_[1458_746.64_5.5]	NA	[(9Z,12Z)-octadeca-9,12-dienyl] 3-(5-methoxypentanoylamino)-2-[[(9Z,12Z)-octadeca-9,12-dienoyl]amino]propanoate	[M + H3N + H]+	70	Fatty acids	Spingolipids	Ceramides	0.989	0.733	0.583
raw	superclass	Spingolipids	NPC superclass: Spingolipids	2884	Untreated	PS	499026.2	499026.2	2968012.42222222	2947377	2953777.33333333	2947377	2725616.86666667	2664020	3224643.06666667	3154666.2	0.000397946747492898	0.985368706497952	0.00106853754984611	NA_[2884_670.61_9.3]	NA	N-[(2S,3R,4E,14Z)-1,3-dihydroxyoctadeca-4,14-dien-2-yl]tetracosanamide	[M + Na]+	-1	Fatty acids	Spingolipids	Ceramides	0.997	0.989	0.947
raw	superclass	Spingolipids	NPC superclass: Spingolipids	2647	PET	Untreated	498219.233333333	498219.233333333	1513828.81111111	1644148.9	1754843.96666667	1714144.4	1530017.73333333	1598545.4	1256624.73333333	1013873.6	0.000397303234666647	0.985766009732618	0.000545005444249454	beta-D-galactosyl-N-(tetracosanoyl)sphingosine_[2647_794.69_8.7]	beta-D-galactosyl-N-(tetracosanoyl)sphingosine	Beta-Galcer	[M - H2O + H]+	56	Fatty acids	Spingolipids	Neutral glycosphingolipids	1	1	1
raw	superclass	Spingolipids	NPC superclass: Spingolipids	1633	PET	PS	497767.1	497767.1	1417731.03333333	1373105.5	1617627.76666667	1451886	1119860.66666667	1013873.6	1515704.66666667	1488194.2	0.000396942682476335	0.986162952415095	0.000510408525704403	N-octadecanoyl-4-hydroxy-15-methylhexadecasphinganine-1-phosphocholine_[1633_717.59_6.1]	N-octadecanoyl-4-hydroxy-15-methylhexadecasphinganine-1-phosphocholine	N-octadecanoyl-4-hydroxy-15-methylhexadecasphinganine-1-phosphocholine	[M - H2O + H]+	-1	Fatty acids	Spingolipids	Phosphosphingolipids	1	1	0.999
raw	superclass	Spingolipids	NPC superclass: Spingolipids	2897	PET	Untreated	492652.5	492652.5	9395208.83333333	9592794	9601831.5	9773036	9474616	9250582	9109179	9592794	0.000392864062085808	0.98655581647718	0.00338244319730509	N-2-hydroxylignoceroylsphingosine_[2897_666.64_9.3]	N-2-hydroxylignoceroylsphingosine	N-(1,3-dihydroxyoctadec-4-en-2-yl)-2-hydroxytetracosanamide	[M + H]+	56	Fatty acids	Spingolipids	Ceramides	1	1	1
raw	superclass	Spingolipids	NPC superclass: Spingolipids	1655	PS	Untreated	481670.4	481670.4	1442174.62222222	1013873.6	1310059	1013873.6	1749067.63333333	1557544.5	1267397.23333333	1013873.6	0.000384106423758117	0.986939922900938	0.00051920865483635	NA_[1655_574.48_6.1]	NA	N-[(4E,8E)-1,3-dihydroxypentadeca-4,8-dien-2-yl]-3-hydroxynonadecanamide	[M + Na]+	155	Fatty acids	Spingolipids	Ceramides	1	0.912	0.935
raw	superclass	Spingolipids	NPC superclass: Spingolipids	2396	PS	PET	476745.333333332	476745.333333332	13614909.3333333	13276450	13387078.3333333	12407163	13863823.6666667	13616176	13593826	13276450	0.000380178946080219	0.987320101847019	0.0049016108394602	NA_[2396_815.64_8]	NA	NA	[M - H2O + H]+	5	Fatty acids	Spingolipids	Phosphosphingolipids	0.993	0.946	0.069
raw	superclass	Spingolipids	NPC superclass: Spingolipids	1842	PET	PS	462600.8	462600.8	2599927.67777778	2856726.2	2757492.86666667	3484642	2294892.06666667	2490331.5	2747398.1	2856726.2	0.000368899436036851	0.987689001283056	0.000936020459277497	lysophosphatidylethanolamine (22:6(4Z,7Z,10Z,13Z,16Z,19Z)/0:0)_[1842_526.29_6.6]	lysophosphatidylethanolamine (22:6(4Z,7Z,10Z,13Z,16Z,19Z)/0:0)	(2-aminoethoxy)[3-(docosa-4,7,10,13,16,19-hexaenoyloxy)-2-hydroxypropoxy]phosphinic acid	[M + H]+	21	Fatty acids	Spingolipids	Glycerophosphoethanolamines	1	0.734	0.372
raw	superclass	Spingolipids	NPC superclass: Spingolipids	3193	Untreated	PET	457994.333333333	457994.333333333	1379266.23333333	1246671.4	1091472.86666667	1013873.6	1496858.63333333	1469701.4	1549467.2	1815381.5	0.000365226024846347	0.988054227307902	0.00049656050982698	NA_[3193_512.5_10.2]	NA	3-[Hexacosyl(3-hydroxypropoxy)amino]oxypropan-1-ol	[M - H2O + H]+	21	Fatty acids	Spingolipids	Ceramides	1	0.997	0.985
raw	superclass	Spingolipids	NPC superclass: Spingolipids	3216	PET	Untreated	442564.433333333	442564.433333333	1189524.35555556	1013873.6	1456438.03333333	1459670.9	1098261.43333333	1013873.6	1013873.6	1013873.6	0.000352921503522335	0.988407148811424	0.000428250040616725	NA_[3216_480.51_10.3]	NA	N-hexadecyl-N-hydroxyhexadecan-1-amine oxide	[M - H2O + H]+	84	Fatty acids	Spingolipids	Sphingoid bases	1	0.887	0.642
raw	superclass	Spingolipids	NPC superclass: Spingolipids	3121	Untreated	PET	441140.133333333	441140.133333333	1395470.76666667	1175803.8	1107508.1	1132846.9	1530255.96666667	1530259.8	1548648.23333333	1619236	0.000351785700327124	0.988758934511751	0.000502394431617454	NA_[3121_512.5_9.9]	NA	3-[Hexacosyl(3-hydroxypropoxy)amino]oxypropan-1-ol	[M - H2O + H]+	21	Fatty acids	Spingolipids	Ceramides	1	0.991	0.848
raw	superclass	Spingolipids	NPC superclass: Spingolipids	2200	PET	PS	433951.666666667	433951.666666667	2453493.12222222	2399357.8	2653830.5	2432790.5	2219878.83333333	2217294.2	2486770.03333333	2474950.8	0.000346053282010287	0.989104987793762	0.000883301400544925	NA_[2200_596.57_7.5]	NA	2-aminoethyl N-[7-hexyl-6-oxo-5-(tetradecan-7-ylamino)tridecyl]carbamate	[M + H]+	-1	Fatty acids	Spingolipids	Ceramides	1	0.987	0.985
raw	superclass	Spingolipids	NPC superclass: Spingolipids	1956	PET	PS	430819.333333333	430819.333333333	5945741.16666667	5885469.5	6107729.83333333	5957737.5	5676910.5	5847964	6052583.16666667	5885469.5	0.000343555413437327	0.989448543207199	0.0021405731494521	NA_[1956_580.57_6.9]	NA	N-(1,3,4-trihydroxyoctadecan-2-yl)nonadecanamide	[M - H2O + H]+	88	Fatty acids	Spingolipids	Ceramides	1	0.995	0.977
raw	superclass	Spingolipids	NPC superclass: Spingolipids	2917	Untreated	PET	428988.466666667	428988.466666667	1284288.57777778	1177089.2	1013873.6	1013873.6	1396130.06666667	1401822	1442862.06666667	1518824.5	0.000342095395035301	0.989790638602234	0.000462366855313407	NA_[2917_512.5_9.3]	NA	3-[Hexacosyl(3-hydroxypropoxy)amino]oxypropan-1-ol	[M - H2O + H]+	21	Fatty acids	Spingolipids	Ceramides	1	0.993	0.757
raw	superclass	Spingolipids	NPC superclass: Spingolipids	1651	PET	PS	423587.833333333	423587.833333333	1279569.7	1013873.6	1437461.43333333	1609898.9	1013873.6	1013873.6	1387374.06666667	1013873.6	0.000337788678335053	0.990128427280569	0.000460667974924316	NA_[1651_706.59_6.1]	NA	3,4-dihydroxy-N-(1,3,6-trihydroxynonacos-4-en-2-yl)dodecanamide	[M + Na]+	5	Fatty acids	Spingolipids	Neutral glycosphingolipids	1	0.999	0.897
raw	superclass	Spingolipids	NPC superclass: Spingolipids	2298	PET	PS	422749.733333333	422749.733333333	3533492.91111111	3726026.2	3806923.56666667	3727695.2	3384173.83333333	3253454.5	3409381.33333333	3726026.2	0.000337120338337927	0.990465547618907	0.00127212063850135	N-(2-hydroxytetracosanoyl)-15-methylhexadecasphing-4-enine-1-phosphocholine_[2298_799.67_7.7]	N-(2-hydroxytetracosanoyl)-15-methylhexadecasphing-4-enine-1-phosphocholine	N-(2-hydroxytetracosanoyl)-15-methylhexadecasphing-4-enine-1-phosphocholine	[M - H2O + H]+	5	Fatty acids	Spingolipids	Phosphosphingolipids	1	1	0.999
raw	superclass	Spingolipids	NPC superclass: Spingolipids	231	PET	Untreated	417596.833333333	417596.833333333	6802764	6911943.5	7059985	6916908.5	6705918.83333333	6625902.5	6642388.16666667	7106721.5	0.000333011175742543	0.99079855879465	0.00244911669584552	NA_[231_418.22_1]	NA	N-(2-hydroxyethyl)-N-[(2R,3R,4S,5S)-2,3,4,5,6-pentahydroxyhexyl]decanamide	[M + K]+	46	Fatty acids	Spingolipids	Sphingoid bases	1	0.999	0.999
raw	superclass	Spingolipids	NPC superclass: Spingolipids	2201	PET	PS	394176.966666667	394176.966666667	1703566.03333333	1650190.8	1862442.06666667	1837457.6	1468265.1	1434506.5	1779990.93333333	1728299.9	0.000314335082650202	0.9911128938773	0.000613314237376453	Cer(d16:1/18:0)_[2201_560.5_7.5]	Cer(d16:1/18:0)	N-(octadecanoyl)-hexadecasphing-4-enine	[M + Na]+	-1	Fatty acids	Spingolipids	Ceramides	1	1	1
raw	superclass	Spingolipids	NPC superclass: Spingolipids	2713	Untreated	PET	392627.333333333	392627.333333333	4523384.5	4133061	4345861.5	3989765.5	4485803.16666667	4597282.5	4738488.83333333	4046127	0.000313099332814208	0.991425993210114	0.00162849931302612	NA_[2713_646.61_8.9]	NA	N-(1,3-dihydroxyoctadeca-4,8-dien-2-yl)-2-hydroxytetracosanamide	[M - H2O + H]+	56	Fatty acids	Spingolipids	Ceramides	1	1	1
raw	superclass	Spingolipids	NPC superclass: Spingolipids	2304	PET	PS	387105.8	387105.8	2522244.37777778	2318028.2	2733093.76666667	2318028.2	2345987.96666667	2253856.2	2487651.4	2511479.2	0.000308696204819779	0.991734689414934	0.000908053082044011	NA_[2304_559.52_7.8]	NA	14-(5-hydroxy-6-methylpiperidin-2-yl)-2-[10-(5-hydroxy-6-methylpiperidin-2-yl)decyl]tetradec-2-enal	[M - H2O + H]+	88	Fatty acids	Spingolipids	Ceramides	0.999	0.979	0.964
raw	superclass	Spingolipids	NPC superclass: Spingolipids	2726	PS	Untreated	381753.833333332	381753.833333332	9739203.5	9599459	9811887	9259781	9893738.66666667	9599459	9511984.83333333	9854087	0.000304428297187493	0.992039117712121	0.0035062874290637	N-pentacosanoyl-4-hydroxy-15-methylhexadecasphinganine-1-phosphocholine_[2726_815.7_8.9]	N-pentacosanoyl-4-hydroxy-15-methylhexadecasphinganine-1-phosphocholine	N-pentacosanoyl-4-hydroxy-15-methylhexadecasphinganine-1-phosphocholine	[M - H2O + H]+	5	Fatty acids	Spingolipids	Phosphosphingolipids	1	1	0.999
raw	superclass	Spingolipids	NPC superclass: Spingolipids	2649	PET	Untreated	377575.566666667	377575.566666667	2474703.94444444	2482824.2	2670638.63333333	2555682.2	2460410.13333333	2479679	2293063.06666667	2461488.5	0.000301096352631962	0.992340214064753	0.000890937675864347	NA_[2649_834.68_8.7]	NA	NA	[M + Na]+	-1	Fatty acids	Spingolipids	Neutral glycosphingolipids	0.994	0.994	0.977
raw	superclass	Spingolipids	NPC superclass: Spingolipids	1499	PET	PS	376169.6	376169.6	1163821.93333333	1013873.6	1390043.2	1198846.4	1013873.6	1013873.6	1087549	1013873.6	0.00029997516929112	0.992640189234045	0.000418996708972688	NA_[1499_438.43_5.6]	NA	N-(1,3-dihydroxyundecan-2-yl)heptadecanamide	[M - H2O + H]+	20	Fatty acids	Spingolipids	Ceramides	1	0.999	0.998
raw	superclass	Spingolipids	NPC superclass: Spingolipids	2173	PET	PS	362153.433333333	362153.433333333	4511774.74444444	4518145	4641414.83333333	4584782.5	4279261.4	4046228.5	4614648	4518145	0.000288798024809891	0.992928987258854	0.00162431959340542	NA_[2173_778.64_7.4]	NA	5-Butylnon-2-enyl 8-[[8-(5-butylnon-2-enoxy)-8-oxooctyl]-[3-(dimethylamino)propanoyl]phosphanyl]octanoate	[M + H]+	821	Fatty acids	Spingolipids	Phosphosphingolipids	1	0.995	0.94
raw	superclass	Spingolipids	NPC superclass: Spingolipids	1242	Untreated	PS	358364.8	358364.8	1241575.66666667	1013873.6	1338615	1013873.6	1013873.6	1013873.6	1372238.4	1013873.6	0.000285776792032047	0.993214764050886	0.000446989443465754	NA_[1242_544.47_4.6]	NA	NA	[M - H2O + H]+	-1	Fatty acids	Spingolipids	Ceramides	1	1	0.999
raw	superclass	Spingolipids	NPC superclass: Spingolipids	1806	PS	PET	350340.766666667	350340.766666667	1130653.85555556	1013873.6	1013873.6	1013873.6	1364214.36666667	1013873.6	1013873.6	1013873.6	0.000279378053916143	0.993494142104803	0.000407055607818119	N-tetradecanoylsphinganine_[1806_534.49_6.5]	N-tetradecanoylsphinganine	N-(1,3-dihydroxyoctadecan-2-yl)tetradecanamide	[M + Na]+	-1	Fatty acids	Spingolipids	Ceramides	0.997	0.859	0.804
raw	superclass	Spingolipids	NPC superclass: Spingolipids	1073	Untreated	PS	347695.566666667	347695.566666667	1322919.95555556	1138584	1242657.56666667	1138584	1189203.36666667	1013873.6	1536898.93333333	1611770.8	0.000277268648164565	0.993771410752967	0.000476274842169789	NA_[1073_619.61_4]	NA	N-(2-((2-Hydroxyethyl)amino)ethyl)-N-stearoylstearamide	[M - H2O + H]+	99	Fatty acids	Spingolipids	Ceramides	1	0.983	0.901
raw	superclass	Spingolipids	NPC superclass: Spingolipids	1886	PS	PET	334730.3	334730.3	1125450.36666667	1013873.6	1013873.6	1013873.6	1348603.9	1013873.6	1013873.6	1013873.6	0.000266929540317366	0.994038340293285	0.000405182258762584	NA_[1886_576.5_6.7]	NA	N-[(E,2S,3R)-1,3,6-trihydroxyoctadec-4-en-2-yl]hexadecanamide	[M + Na]+	267	Fatty acids	Spingolipids	Ceramides	1	0.991	0.958
raw	superclass	Spingolipids	NPC superclass: Spingolipids	986	PS	Untreated	334141.066666667	334141.066666667	1397141.78888889	1270415.9	1359268.96666667	1219518.2	1583148.73333333	1662264.2	1249007.66666667	1243487.5	0.000266459658197921	0.994304799951482	0.00050299602950084	NA_[986_603.47_3.7]	NA	Barbituric acid, 1,3-bis((dodecyloxy)methyl)-5,5-diethyl-	[M + Na]+	31	Fatty acids	Spingolipids	Ceramides	1	0.995	0.964
raw	superclass	Spingolipids	NPC superclass: Spingolipids	1625	Untreated	PET	321084.533333333	321084.533333333	2858726.22222222	2689606.8	2713398.4	2663395.5	2828297.33333333	2689606.8	3034482.93333333	3157541.8	0.000256047770057514	0.99456084772154	0.0010291925634486	NA_[1625_909.55_6.1]	NA	3beta-[2-O,3-O,4-O-Triacetyl-6-[[(benzyloxy)carbonyl]amino]-6-deoxy-beta-D-glucopyranosyloxy]olean-1-en-28-oic acid methyl ester	[M + H3N + H]+	424	Fatty acids	Spingolipids	Neutral glycosphingolipids	0.975	0.962	0.938
raw	superclass	Spingolipids	NPC superclass: Spingolipids	2358	PET	PS	320590.766666667	320590.766666667	3361593.25555556	3275022	3505929.43333333	3238731	3185338.66666667	3275022	3393511.66666667	3457581.8	0.000255654017507006	0.994816501739047	0.00121023368836885	NA_[2358_822.64_7.9]	NA	NA	[M + Na]+	-1	Fatty acids	Spingolipids	Fatty acyl carnitines	1	0.892	0.645
raw	superclass	Spingolipids	NPC superclass: Spingolipids	2659	PS	Untreated	320490.3	320490.3	2411423.83333333	2392254.2	2444045.8	2213101.8	2555358	2526541	2234867.7	2392254.2	0.000255573900705059	0.995072075639752	0.000868155704207359	NA_[2659_842.71_8.8]	NA	N-(3-hydroxy-1-{[3,4,5-trihydroxy-6-(hydroxymethyl)oxan-2-yl]oxy}octadec-4-en-2-yl)pentacosanamide	[M + O + H]+	56	Fatty acids	Spingolipids	Neutral glycosphingolipids	1	1	1
raw	superclass	Spingolipids	NPC superclass: Spingolipids	2483	Untreated	PET	319474	319474	9951468.22222222	10055350	9789702.66666667	9882986	9955525.33333333	10076194	10109176.6666667	10055350	0.000254763455723459	0.995326839095476	0.00358270652505666	Cer(d18:1/19:0)_[2483_562.56_8.3]	Cer(d18:1/19:0)	NA	[M - H2O + H]+	88	Fatty acids	Spingolipids	Ceramides	1	0.999	0.997
raw	superclass	Spingolipids	NPC superclass: Spingolipids	1587	Untreated	PS	289238.6	289238.6	2060263.46666667	1990190.5	2080613.6	1990190.5	1905469.1	1792172	2194707.7	2124323.5	0.000230652338733717	0.995557491434209	0.000741731692302408	N-octadecanoyl-4-hydroxy-15-methylhexadecasphinganine-1-phosphocholine_[1587_717.59_6]	N-octadecanoyl-4-hydroxy-15-methylhexadecasphinganine-1-phosphocholine	N-octadecanoyl-4-hydroxy-15-methylhexadecasphinganine-1-phosphocholine	[M - H2O + H]+	5	Fatty acids	Spingolipids	Phosphosphingolipids	1	1	0.999
raw	superclass	Spingolipids	NPC superclass: Spingolipids	3114	PET	Untreated	272807	272807	2207513.68888889	2294197.8	2327327	2294197.8	2240694.06666667	2260312	2054520	2344331.8	0.000217549015148493	0.995775040449358	0.00079474440562179	NA_[3114_783.77_9.9]	NA	N,N'-Didocosyladipamide	[M + Na]+	468	Fatty acids	Spingolipids	Ceramides	1	0.989	0.93
raw	superclass	Spingolipids	NPC superclass: Spingolipids	1347	Untreated	PS	267412.6	267412.6	1858285.13333333	1716632.8	1883404.73333333	1960175.5	1712019.03333333	1713356.8	1979431.63333333	1926896.1	0.00021324726919873	0.995988287718557	0.00066901588026399	NA_[1347_424.42_4.9]	NA	NA	[M - H2O + H]+	20	Fatty acids	Spingolipids	Ceramides	1	0.998	0.994
raw	superclass	Spingolipids	NPC superclass: Spingolipids	1464	PET	Untreated	256175.933333333	256175.933333333	2955167.15555556	2897290.8	3114726.53333333	3226841.8	2892224.33333333	2780466	2858550.6	2897290.8	0.000204286627547727	0.996192574346104	0.0010639130241304	NA_[1464_761.63_5.5]	NA	2-[3-[4-(3-Aminopropylamino)piperidin-1-yl]propyl-(2-tetradecanoyloxyethyl)amino]ethyl tetradecanoate	[M + K]+	82	Fatty acids	Spingolipids	Phosphosphingolipids	0.999	0.979	0.056
raw	superclass	Spingolipids	NPC superclass: Spingolipids	2625	PS	PET	249605	249605	8890339.44444444	8908376	8765643.33333333	8908376	9015248.33333333	9196869	8890126.66666667	8889015	0.000199046659089172	0.996391621005193	0.00320068118857612	NA_[2625_564.57_8.6]	NA	N-(1,3-dihydroxyoctadecan-2-yl)nonadecanamide	[M - H2O + H]+	88	Fatty acids	Spingolipids	Ceramides	1	1	1
raw	superclass	Spingolipids	NPC superclass: Spingolipids	1483	PET	Untreated	244267.5	244267.5	1780572.08888889	1859820.6	1904047.6	1939197.9	1777888.56666667	1859820.6	1659780.1	1436341.2	0.000194790287851061	0.996586411293044	0.000641037794498576	NA_[1483_296.26_5.6]	NA	(2S,3R,6R)-2-Amino-4-octadecyne-1,3,6-triol	[M - H2O + H]+	3	Fatty acids	Spingolipids	Sphingoid bases	1	0.999	0.999
raw	superclass	Spingolipids	NPC superclass: Spingolipids	1005	Untreated	PET	237321.333333333	237321.333333333	2985898.48888889	2765385.2	2867416.46666667	2765385.2	2985541.2	3388421	3104737.8	2731968.2	0.000189251090845887	0.99677566238389	0.00107497685370795	NA_[1005_615.51_3.7]	NA	N-[9-(dodecylamino)-8,9-dioxononyl]-2-oxopentadecanamide	[M + Na]+	251	Fatty acids	Spingolipids	Ceramides	1	0.995	0.993
raw	superclass	Spingolipids	NPC superclass: Spingolipids	1835	PS	PET	236759.433333333	236759.433333333	1092793.41111111	1013873.6	1013873.6	1013873.6	1250633.03333333	1013873.6	1013873.6	1013873.6	0.00018880300560023	0.996964465389491	0.000393425170748566	Cer(d16:1/18:0)_[1835_554.51_6.6]	Cer(d16:1/18:0)	N-(octadecanoyl)-hexadecasphing-4-enine	[M + O + H]+	-1	Fatty acids	Spingolipids	Ceramides	1	1	0.999
raw	superclass	Spingolipids	NPC superclass: Spingolipids	2315	PET	PS	232180.333333334	232180.333333334	6631254.88888889	6647768.5	6708862.66666667	6647768.5	6476682.33333333	6559410	6708219.66666667	6659884	0.000185151417865068	0.997149616807356	0.00238737034869723	NA_[2315_560.54_7.8]	NA	N-(docosanoyl)-4E,6E-pentadecasphingadienine	[M - H2O + H]+	88	Fatty acids	Spingolipids	Open-chain polyketides	0.906	0.758	0.355
raw	superclass	Spingolipids	NPC superclass: Spingolipids	1975	Untreated	PS	230385	230385	1648367.78888889	1704734	1608240.76666667	1596827	1553238.8	1724778	1783623.8	1704734	0.000183719735398965	0.997333336542755	0.000593441882249882	NA_[1975_824.63_6.9]	NA	[(2R,3R,4R,5R)-3,4-dihydroxy-5-(hydroxymethyl)pyrrolidin-2-yl]methyl-[(3S,6E,10E,14E,18E,22E,26E,30E)-3,7,11,15,19,23,27,31,35-nonamethylhexatriaconta-6,10,14,18,22,26,30,34-octaenoxy]phosphinic acid	[M - H2O + H]+	82	Fatty acids	Spingolipids	Phosphosphingolipids	1	1	0.996
raw	superclass	Spingolipids	NPC superclass: Spingolipids	2678	PS	Untreated	227577.666666667	227577.666666667	2355410.61111111	2483407.2	2291524.36666667	2223656.8	2501142.56666667	2508274	2273564.9	2263531.2	0.000181481036971652	0.997514817579726	0.000847989942506299	1,2-di-[(11Z)-eicosenoyl]-sn-glycero-3-phosphocholine_[2678_842.66_8.8]	1,2-di-[(11Z)-eicosenoyl]-sn-glycero-3-phosphocholine	2,3-bis[[(E)-icos-11-enoyl]oxy]propyl 2-(trimethylazaniumyl)ethyl phosphate	[M + H]+	56	Fatty acids	Spingolipids	Phosphosphingolipids	1	1	0.996
raw	superclass	Spingolipids	NPC superclass: Spingolipids	3233	PET	Untreated	216753.933333333	216753.933333333	1908686.81111111	1940754.6	1995224.43333333	2011394.2	1952365.5	1940754.6	1778470.5	1911082.6	0.000172849687604163	0.99768766726733	0.000687161385612137	NA_[3233_616.64_10.4]	NA	N-(tetracosanoyl)-1-deoxysphing-4-enine	[M - H2O + H]+	383	Fatty acids	Spingolipids	Ceramides	1	0.998	0.992
raw	superclass	Spingolipids	NPC superclass: Spingolipids	1010	PS	Untreated	215874.6	215874.6	1100443.67777778	1013873.6	1057709.23333333	1013873.6	1229748.2	1251391.4	1013873.6	1013873.6	0.000172148466225481	0.997859815733556	0.000396179403560553	NA_[1010_667.57_3.7]	NA	Di-O-Tetradecylphophatidylcholine	[M + H3N + H]+	338	Fatty acids	Spingolipids	Glycerophosphoethanolamines	1	0.974	0.47
raw	superclass	Spingolipids	NPC superclass: Spingolipids	2020	PS	Untreated	211698.633333333	211698.633333333	2375331.04444444	2418037.2	2431448.96666667	2418037.2	2453121.4	2498042.5	2241422.76666667	2277078.8	0.000168818355797134	0.998028634089353	0.000855161654749314	Cer(d16:1/18:0)_[2020_520.51_7]	Cer(d16:1/18:0)	N-(octadecanoyl)-hexadecasphing-4-enine	[M - H2O + H]+	33	Fatty acids	Spingolipids	Ceramides	1	1	1
raw	superclass	Spingolipids	NPC superclass: Spingolipids	2601	PS	PET	209854	209854	8925116.44444444	8954518	8801855.33333333	8954518	9011709.33333333	9065341	8961784.66666667	8899871	0.000167347359213553	0.998195981448567	0.00321320153050352	NA_[2601_564.57_8.6]	NA	N-(1,3-dihydroxyoctadecan-2-yl)nonadecanamide	[M - H2O + H]+	88	Fatty acids	Spingolipids	Ceramides	1	1	1
raw	superclass	Spingolipids	NPC superclass: Spingolipids	2433	Untreated	PS	209682.133333333	209682.133333333	4189936.74444444	4133337	4206860.23333333	3855825.2	4076633.93333333	4133337	4286316.06666667	4403709	0.000167210304724225	0.998363191753291	0.00150845215788105	N-[(15Z)-tetracosenoyl]sphing-4-enine-1-phosphocholine_[2433_835.67_8.1]	N-[(15Z)-tetracosenoyl]sphing-4-enine-1-phosphocholine	C24:1 Sphingomyelin	[M + Na]+	45	Fatty acids	Spingolipids	Phosphosphingolipids	1	1	0.999
raw	superclass	Spingolipids	NPC superclass: Spingolipids	3178	PET	Untreated	203123.566666667	203123.566666667	1619533.3	1651549.1	1720202.06666667	1671053.1	1621319.33333333	1586939.4	1517078.5	1628166.6	0.000161980198021981	0.998525171951313	0.000583060950594169	NA_[3178_785.79_10.2]	NA	Hexatetracontaneoic acid 3-pyridylmethyl ester	[M + H3N + H]+	468	Fatty acids	Spingolipids	Ceramides	1	0.995	0.982
raw	superclass	Spingolipids	NPC superclass: Spingolipids	956	PET	Untreated	191903.1	191903.1	1101724.92222222	1013873.6	1205776.7	1285312.9	1085524.46666667	1013873.6	1013873.6	1013873.6	0.00015303247500593	0.998678204426319	0.000396640674473427	NA_[956_579.58_3.6]	NA	N-octadecanoylnonadec-18-enamide	[M + H3N + H]+	24	Fatty acids	Spingolipids	Ceramides	1	0.915	0.802
raw	superclass	Spingolipids	NPC superclass: Spingolipids	3202	Untreated	PS	185652.333333334	185652.333333334	5146921.38888889	5047810	5148160.16666667	5047810	5053475.83333333	5046036.5	5239128.16666667	5580381.5	0.000148047822367779	0.998826252248686	0.00185298374392117	NA_[3202_953.81_10.2]	NA	1,3-bis(acetyloxy)-2-[2-(acetyloxy)triacontanamido]octadecan-4-yl acetate	[M + H3N + H]+	-1	Fatty acids	Spingolipids	Neutral glycosphingolipids	0.342	0.704	0.629
raw	superclass	Spingolipids	NPC superclass: Spingolipids	1961	PS	Untreated	183284.433333334	183284.433333334	2595254.64444444	2620226	2628274.16666667	2620226	2670387.1	2643151.5	2487102.66666667	2549753	0.000146159548558931	0.998972411797245	0.000934338083708256	N-tetradecanoylicosasphinganine_[1961_522.52_6.9]	N-tetradecanoylicosasphinganine	N-(1,3-dihydroxyicosan-2-yl)tetradecanamide	[M - H2O + H]+	455	Fatty acids	Spingolipids	Ceramides	1	1	1
raw	superclass	Spingolipids	NPC superclass: Spingolipids	2081	PS	PET	178440.833333333	178440.833333333	1073353.87777778	1013873.6	1013873.6	1013873.6	1192314.43333333	1013873.6	1013873.6	1013873.6	0.000142297036197543	0.999114708833443	0.000386426591105628	NA_[2081_560.5_7.2]	NA	N-[(E)-1,3-dihydroxynon-4-en-2-yl]pentacosanamide	[M + Na]+	31	Fatty acids	Spingolipids	Ceramides	1	0.92	0.748
raw	superclass	Spingolipids	NPC superclass: Spingolipids	1738	Untreated	PS	172145.833333333	172145.833333333	2310998.67777778	2344465.5	2349786.4	2397533.2	2205531.9	2209275.2	2377677.73333333	2344465.5	0.00013727710983803	0.999251985943281	0.000832000852274527	NA_[1738_864.62_6.4]	NA	2-[4-(5-ethyl-3,6-dioxopiperazin-2-yl)butyl-[2-[(9Z,12Z)-octadeca-9,12-dienoyl]oxyethyl]amino]ethyl (9Z,12Z)-octadeca-9,12-dienoate	[M + K]+	82	Fatty acids	Spingolipids	Phosphosphingolipids	1	0.999	0.841
raw	superclass	Spingolipids	NPC superclass: Spingolipids	1709	PS	Untreated	146104.8	146104.8	1168102.71111111	1013873.6	1134550.2	1013873.6	1257931.36666667	1013873.6	1111826.56666667	1013873.6	0.000116510776294111	0.999368496719575	0.000420537865527106	N-stearoylhexadecasphinganine_[1709_540.54_6.3]	N-stearoylhexadecasphinganine	2-Octadecanoylaminohexadecane-1,3-diol	[M + H]+	20	Fatty acids	Spingolipids	Ceramides	1	1	1
raw	superclass	Spingolipids	NPC superclass: Spingolipids	2238	PS	Untreated	123887.666666667	123887.666666667	1366971.03333333	1418810.2	1391489.5	1539543.5	1416655.63333333	1418810.2	1292767.96666667	1329333.9	9.8793798811534e-05	0.999467290518387	0.000492134017948273	NA_[2238_502.5_7.6]	NA	N-[(4E,8E)-1-hydroxyicosa-4,8-dien-2-yl]tetradecanamide	[M - H2O + H]+	8	Fatty acids	Spingolipids	Ceramides	1	1	0.999
raw	superclass	Spingolipids	NPC superclass: Spingolipids	2319	Untreated	PS	121274	121274	2264360.23333333	2284012	2270648.16666667	2284012	2200579.26666667	2101101.8	2321853.26666667	2355840.8	9.67095392094717e-05	0.999564000057596	0.000815210178225398	NA_[2319_522.47_7.8]	NA	1-(1-Hydroxyheptylamino)tetracosan-1-ol	[M + K]+	20	Fatty acids	Spingolipids	Ceramides	1	0.997	0.799
raw	superclass	Spingolipids	NPC superclass: Spingolipids	2455	PET	PS	115895.633333333	115895.633333333	1052505.47777778	1013873.6	1129769.23333333	1013873.6	1013873.6	1013873.6	1013873.6	1013873.6	9.24205789868939e-05	0.999656420636583	0.000378920794267509	NA_[2455_784.67_8.2]	NA	NA	[M + H]+	56	Fatty acids	Spingolipids	Neutral glycosphingolipids	1	1	1
raw	superclass	Spingolipids	NPC superclass: Spingolipids	1981	PET	PS	104540.266666667	104540.266666667	1245491.34444444	1249180.5	1308131.13333333	1410557.4	1203590.86666667	1249180.5	1224752.03333333	1013873.6	8.33652804242346e-05	0.999739785917007	0.00044839915749098	NA_[1981_502.29_6.9]	NA	NA	[M + H]+	8	Fatty acids	Spingolipids	Sphingoid bases	1	0.988	0.624
raw	superclass	Spingolipids	NPC superclass: Spingolipids	2213	Untreated	PET	101570.333333333	101570.333333333	5023190.88888889	5153108	4986504	5211023	4994994.33333333	4937275.5	5088074.33333333	5153108	8.09969171794373e-05	0.999820782834187	0.00180843855121196	NA_[2213_802.64_7.5]	NA	6-[Bis[2-(octadecanoylamino)ethyl]amino]-6-oxohexanoic acid	[M + K]+	82	Fatty acids	Spingolipids	Phosphosphingolipids	1	1	0.986
raw	superclass	Spingolipids	NPC superclass: Spingolipids	2900	PS	PET	101176.533333333	101176.533333333	2453045.28888889	2466165.2	2413423.53333333	2395682.2	2514600.06666667	2466165.2	2431112.26666667	2501129.5	8.06828827075747e-05	0.999901465716894	0.000883140172536188	NA_[2900_688.62_9.3]	NA	N-[(E)-1,3-dihydroxyoctadec-4-en-2-yl]-3-hydroxytetracosanamide	[M + Na]+	-1	Fatty acids	Spingolipids	Ceramides	0.999	1	0.995
raw	superclass	Spingolipids	NPC superclass: Spingolipids	1467	PS	Untreated	60676.2999999998	60676.2999999998	2714418.55555556	2652867.2	2729428.76666667	2630851	2737251.6	2711889.5	2676575.3	2652867.2	4.83861092561938e-05	0.99994985182615	0.000977239222751809	N-hexadecanoylsphingosine-1-phosphocholine_[1467_741.53_5.5]	N-hexadecanoylsphingosine-1-phosphocholine	NA	[M + K]+	45	Fatty acids	Spingolipids	Phosphosphingolipids	1	1	0.999
raw	superclass	Spingolipids	NPC superclass: Spingolipids	1472	PS	PET	42108.1333333334	42108.1333333334	1027909.64444444	1013873.6	1013873.6	1013873.6	1055981.73333333	1013873.6	1013873.6	1013873.6	3.35789878427171e-05	0.999983430813993	0.00037006585441293	NA_[1472_612.57_5.5]	NA	(2S)-6-(dodecanoylamino)-2-(octadecanoylamino)hexanoic acid	[M + H3N + H]+	-1	Fatty acids	Spingolipids	Ceramides	1	0.842	0.323
raw	superclass	Spingolipids	NPC superclass: Spingolipids	1891	PS	PET	20777.8	20777.8	1324820.37777778	1328574.1	1313680.83333333	1276872.1	1334458.63333333	1328574.1	1326321.66666667	1364596.6	1.65691860067827e-05	1	0.000476959028155603	NA_[1891_576.55_6.7]	NA	N-[4-amino-2-(hexadecanoylamino)-3-oxobutyl]hexadecanamide	[M - H2O + H]+	267	Fatty acids	Spingolipids	Ceramides	0.999	0.907	0.831
raw	superclass	Spingolipids	NPC superclass: Spingolipids	1158	PET	PET	0	0	1013873.6	1013873.6	1013873.6	1013873.6	1013873.6	1013873.6	1013873.6	1013873.6	0	1	0.000365012627402185	NA_[1158_474.43_4.2]	NA	Disiquonium	[M + H]+	24	Fatty acids	Spingolipids	Ceramides	1	0.991	0.599
raw	superclass	Spingolipids	NPC superclass: Spingolipids	1269	PET	PET	0	0	1013873.6	1013873.6	1013873.6	1013873.6	1013873.6	1013873.6	1013873.6	1013873.6	0	1	0.000365012627402185	NA_[1269_438.36_4.6]	NA	N-[(4E,8E,12E)-1,3-dihydroxyheptadeca-4,8,12-trien-2-yl]nonanamide	[M + O + H]+	102	Fatty acids	Spingolipids	Ceramides	1	0.999	0.999
raw	superclass	Spingolipids	NPC superclass: Spingolipids	1535	PET	PET	0	0	1013873.6	1013873.6	1013873.6	1013873.6	1013873.6	1013873.6	1013873.6	1013873.6	0	1	0.000365012627402185	NA_[1535_584.54_5.8]	NA	N-[2-amino-1-(hexadecanoylamino)-2,2-dihydroxyethyl]hexadecanamide	[M + H]+	-1	Fatty acids	Spingolipids	Ceramides	0.999	0.865	0.64
raw	superclass	Spingolipids	NPC superclass: Spingolipids	1611	PET	PET	0	0	1013873.6	1013873.6	1013873.6	1013873.6	1013873.6	1013873.6	1013873.6	1013873.6	0	1	0.000365012627402185	NA_[1611_838.61_6.1]	NA	(5S,20S,35S)-5,20,35-Tripropyl-1,16,31-trioxa-4,19,34-triazacyclopentatetraconta-10,25,37,40-tetrene-15,30,45-trione	[M + K]+	-1	Fatty acids	Spingolipids	Ceramides	1	0.999	0.861
raw	superclass	Spingolipids	NPC superclass: Spingolipids	1751	PET	PET	0	0	1013873.6	1013873.6	1013873.6	1013873.6	1013873.6	1013873.6	1013873.6	1013873.6	0	1	0.000365012627402185	NA_[1751_516.48_6.4]	NA	NA	[M - H2O + H]+	-1	Fatty acids	Spingolipids	Ceramides	1	0.998	0.992
raw	superclass	Spingolipids	NPC superclass: Spingolipids	1833	PET	PET	0	0	1013873.6	1013873.6	1013873.6	1013873.6	1013873.6	1013873.6	1013873.6	1013873.6	0	1	0.000365012627402185	NA_[1833_576.5_6.6]	NA	N-[(E,2S,3R)-1,3,6-trihydroxyoctadec-4-en-2-yl]hexadecanamide	[M + Na]+	267	Fatty acids	Spingolipids	Ceramides	0.999	0.709	0.46
raw	superclass	Spingolipids	NPC superclass: Spingolipids	2225	PET	PET	0	0	1013873.6	1013873.6	1013873.6	1013873.6	1013873.6	1013873.6	1013873.6	1013873.6	0	1	0.000365012627402185	NA_[2225_558.5_7.5]	NA	N-chloro-N-hydroxytetratriacontanamide	[M + H]+	20	Fatty acids	Spingolipids	Ceramides	1	0.99	0.966
raw	superclass	Spingolipids	NPC superclass: Spingolipids	2226	PET	PET	0	0	1013873.6	1013873.6	1013873.6	1013873.6	1013873.6	1013873.6	1013873.6	1013873.6	0	1	0.000365012627402185	NA_[2226_622.55_7.5]	NA	2-amino-N,N'-di(hexadecanoyl)pentanediamide	[M + H]+	-1	Fatty acids	Spingolipids	Ceramides	0.894	0.735	0.188
raw	superclass	Spingolipids	NPC superclass: Spingolipids	2254	PET	PET	0	0	1013873.6	1013873.6	1013873.6	1013873.6	1013873.6	1013873.6	1013873.6	1013873.6	0	1	0.000365012627402185	NA_[2254_774.72_7.6]	NA	[2-(hexadecanoylamino)-3-methylheptadecyl] N-[3-[4-(3-aminopropylamino)butylamino]propyl]carbamate	[M + Na]+	140	Fatty acids	Spingolipids	Sphingoid bases	0.997	0.826	0.038
raw	superclass	Spingolipids	NPC superclass: Spingolipids	2287	PET	PET	0	0	1013873.6	1013873.6	1013873.6	1013873.6	1013873.6	1013873.6	1013873.6	1013873.6	0	1	0.000365012627402185	NA_[2287_574.48_7.7]	NA	N-(2-hydroxy-eicosanoyl)-4E,6E-tetradecasphingadienine	[M + Na]+	20	Fatty acids	Spingolipids	Neutral glycosphingolipids	0.981	0.915	0.272
raw	superclass	Spingolipids	NPC superclass: Spingolipids	2393	PET	PET	0	0	1013873.6	1013873.6	1013873.6	1013873.6	1013873.6	1013873.6	1013873.6	1013873.6	0	1	0.000365012627402185	N-docosanoylsphingosine-1-phosphocholine_[2393_809.65_8]	N-docosanoylsphingosine-1-phosphocholine	[(E)-2-(docosanoylamino)-3-hydroxyoctadec-4-enyl] 2-(trimethylazaniumyl)ethyl phosphate	[M + Na]+	45	Fatty acids	Spingolipids	Phosphosphingolipids	1	1	0.999
raw	superclass	Spingolipids	NPC superclass: Spingolipids	2454	PET	PET	0	0	1013873.6	1013873.6	1013873.6	1013873.6	1013873.6	1013873.6	1013873.6	1013873.6	0	1	0.000365012627402185	NA_[2454_806.65_8.2]	NA	NA	[M + Na]+	-1	Fatty acids	Spingolipids	Neutral glycosphingolipids	0.999	0.982	0.962
raw	superclass	Spingolipids	NPC superclass: Spingolipids	2475	PET	PET	0	0	1013873.6	1013873.6	1013873.6	1013873.6	1013873.6	1013873.6	1013873.6	1013873.6	0	1	0.000365012627402185	beta-D-glucosyl-N-[(15Z)-tetracosenoyl]sphingosine_[2475_792.67_8.3]	beta-D-glucosyl-N-[(15Z)-tetracosenoyl]sphingosine	Beta-D-Galactosyl-N-[(15Z)-Tetracosenoyl]Sphingosine	[M - H2O + H]+	56	Fatty acids	Spingolipids	Neutral glycosphingolipids	1	1	1
raw	superclass	Spingolipids	NPC superclass: Spingolipids	2551	PET	PET	0	0	1013873.6	1013873.6	1013873.6	1013873.6	1013873.6	1013873.6	1013873.6	1013873.6	0	1	0.000365012627402185	N-tricosanoyl-D-galactosylsphingosine_[2551_798.68_8.5]	N-tricosanoyl-D-galactosylsphingosine	Beta-D-Galactosyl-N-(Tricosanoyl)Sphingosine	[M + H]+	56	Fatty acids	Spingolipids	Neutral glycosphingolipids	1	1	1
raw	superclass	Spingolipids	NPC superclass: Spingolipids	2896	PET	PET	0	0	1013873.6	1013873.6	1013873.6	1013873.6	1013873.6	1013873.6	1013873.6	1013873.6	0	1	0.000365012627402185	NA_[2896_1182.99_9.3]	NA	2-[2-[2-[2-(2-dodecoxyethoxy)ethoxy]ethoxy]ethoxy]-N,N-bis[2-[2-[2-[2-(2-dodecoxyethoxy)ethoxy]ethoxy]ethoxy]ethyl]ethanamine	[M + H]+	57	Fatty acids	Spingolipids	Neutral glycosphingolipids	0.997	0.95	0.663
raw	superclass	Spingolipids	NPC superclass: Spingolipids	3292	PET	PET	0	0	1013873.6	1013873.6	1013873.6	1013873.6	1013873.6	1013873.6	1013873.6	1013873.6	0	1	0.000365012627402185	NA_[3292_703.65_10.7]	NA	2-[[(E)-3-(dioctadecylamino)prop-2-enyl]-(2-hydroxyethyl)amino]ethanol	[M + K]+	-1	Fatty acids	Spingolipids	Ceramides	0.998	0.846	0.107
raw	superclass	Steroids	NPC superclass: Steroids	493	PET	Untreated	3860217.66666667	3860217.66666667	3077306.15555556	1422949.9	5253476.7	6549199	2585182.73333333	1013873.6	1393259.03333333	1422949.9	0.34025481909545	0.34025481909545	0.0402847242284237	NA_[493_306.24_1.9]	NA	(8R,9S,10S,13S,14S)-10-[(R)-hydroxy(tritio)methyl]-13-methyl-1,2,3,6,7,8,9,11,12,14,15,16-dodecahydrocyclopenta[a]phenanthren-17-one	[M + H3N + H]+	-1	Terpenoids	Steroids	Androstane steroids	0.993	0.899	0.786
raw	superclass	Steroids	NPC superclass: Steroids	923	PS	Untreated	1487209.33333333	1487209.33333333	1969561.63333333	1623225.5	2251328.7	2183964.5	2572282.76666667	2425392	1085073.43333333	1013873.6	0.131088499760005	0.471343318855455	0.0257833453153422	NA_[923_434.36_3.5]	NA	(3E)-3-[(2E)-2-[(1R,3aS,7aR)-1-[(2R)-6-hydroxy-6-methylheptan-2-yl]-7a-methyl-2,3,3a,5,6,7-hexahydro-1H-inden-4-ylidene]ethylidene]-4-methylidenecyclohexane-1,1-diol	[M + H3N + H]+	70	Terpenoids	Steroids	Ergostane steroids	0.954	0.879	0.261
raw	superclass	Steroids	NPC superclass: Steroids	1928	PS	Untreated	1125151.43333333	1125151.43333333	4049995.78888889	3850810.8	3931165.6	3850810.8	4671986.6	4678789	3546835.16666667	3726718	0.0991752876294161	0.570518606484871	0.0530181123470998	NA_[1928_518.49_6.8]	NA	(3S,10R,13R)-10,13-dimethyl-17-[(2R)-6-methylheptan-2-yl]-3-(2-methyl-1-propan-2-yloxypropan-2-yl)oxy-2,3,4,7,8,9,11,12,14,15,16,17-dodecahydro-1H-cyclopenta[a]phenanthrene	[M + H3N + H]+	20	Terpenoids	Steroids	Unsaturated fatty acids	0.887	0.716	0.388
raw	superclass	Steroids	NPC superclass: Steroids	1852	Untreated	PS	991459.333333334	991459.333333334	13398537.8888889	13213369	13408222.3333333	13213369	12897966	12891540	13889425.3333333	14121767	0.0873911383331742	0.657909744818045	0.175398994001145	NA_[1852_444.42_6.6]	NA	9a,11a-dimethyl-1-[6-methyl-5-(propan-2-yl)hept-6-en-2-yl]-1H,2H,3H,3aH,3bH,4H,6H,7H,8H,9H,9aH,9bH,10H,11H,11aH-cyclopenta[a]phenanthren-7-ol	[M + H3N + H]+	299	Terpenoids	Steroids	Cholestane steroids	0.868	0.761	0.363
raw	superclass	Steroids	NPC superclass: Steroids	1674	PET	PS	955171.833333334	955171.833333334	7155481.72222222	7145256.5	7650151.66666667	7832495	6694979.83333333	6896079.5	7121313.66666667	7297340	0.0841926148782551	0.7421023596963	0.0936717353848105	cholesterol-2,2,3,4,4,6-d6_[1674_369.35_6.2]	cholesterol-2,2,3,4,4,6-d6	Cholesterin	[M - H2O + H]+	311	Terpenoids	Steroids	Cholestane steroids	0.998	0.999	0.863
raw	superclass	Steroids	NPC superclass: Steroids	2131	PET	Untreated	746347.666666666	746347.666666666	12613805.3333333	12539731	13101202	12870319	12385359.6666667	12455634	12354854.3333333	12369695	0.0657860287249721	0.807888388421272	0.165126134234966	NA_[2131_472.45_7.3]	NA	7,7,12,16-tetramethyl-15-[4-(1,2,2-trimethylcyclopropyl)butan-2-yl]pentacyclo[9.7.0.0¹,³.0³,⁸.0¹²,¹⁶]octadecan-6-ol	[M + H3N + H]+	299	Terpenoids	Steroids	Cholestane steroids	0.762	0.763	0.429
raw	superclass	Steroids	NPC superclass: Steroids	1773	Untreated	PET	542544.066666667	542544.066666667	1194721.62222222	1013873.6	1013873.6	1013873.6	1013873.6	1013873.6	1556417.66666667	1013873.6	0.0478219751308436	0.855710363552116	0.0156399879141269	NA_[1773_507.27_6.4]	NA	(4R)-4-[(3S,5R,7R,8R,9S,10S,12S,13R,14S,17R)-3,7,12-trihydroxy-3-(2-hydroxyethoxy)-10,13-dimethyl-1,2,4,5,6,7,8,9,11,12,14,15,16,17-tetradecahydrocyclopenta[a]phenanthren-17-yl]pentanoic acid	[M + K]+	-1	Terpenoids	Steroids	Cholane steroids	0.989	0.972	0.984
raw	superclass	Steroids	NPC superclass: Steroids	1708	Untreated	PS	469973.833333334	469973.833333334	6573424.83333333	6384586	6515809	6190146	6367245.83333333	6384586	6837219.66666667	7269505	0.0414253483738168	0.897135711925933	0.0860520836280908	(25R)-24R,26R-dimethyl-26,27-cyclo-cholest-5-en-3beta-ol_[1708_430.4_6.2]	(25R)-24R,26R-dimethyl-26,27-cyclo-cholest-5-en-3beta-ol	9a,11a-dimethyl-1-[5-(2-methylcyclopropyl)hexan-2-yl]-1H,2H,3H,3aH,3bH,4H,6H,7H,8H,9H,9aH,9bH,10H,11H,11aH-cyclopenta[a]phenanthren-7-ol	[M + H3N + H]+	299	Terpenoids	Steroids	Cholestane steroids	0.895	0.937	0.64
raw	superclass	Steroids	NPC superclass: Steroids	2743	PS	Untreated	394601.733333334	394601.733333334	8887540.97777778	9781341	8758314.66666667	8323323.5	9149455	9781341	8754853.26666667	9828494	0.0347817540315088	0.931917465957442	0.116345959504948	NA_[2743_630.48_8.9]	NA	NA	[M - H2O + H]+	67	Terpenoids	Steroids	Cholane steroids	0.808	0.855	0.568
raw	superclass	Steroids	NPC superclass: Steroids	1168	PS	PET	340062.133333333	340062.133333333	1127227.64444444	1013873.6	1013873.6	1013873.6	1353935.73333333	1013873.6	1013873.6	1013873.6	0.0299744184525379	0.96189188440998	0.0147564306258966	NA_[1168_290.21_4.3]	NA	(8R,9S,13S,14S,15S)-13-methyl-14,15-ditritio-2,4,6,7,8,9,11,12,15,16-decahydro-1H-cyclopenta[a]phenanthrene-3,17-dione	[M + H3N + H]+	90	Terpenoids	Steroids	Estrane steroids	0.987	0.91	0.654
raw	superclass	Steroids	NPC superclass: Steroids	1999	PET	PS	332792.666666666	332792.666666666	13890250.5555556	14049055	14021545.6666667	14049055	13688753	13427207	13960453	14879547	0.0293336589723288	0.991225543382309	0.181835958077835	NA_[1999_458.44_6.9]	NA	1-{4-[2-ethyl-1-(propan-2-yl)cyclopropyl]butan-2-yl}-9a,11a-dimethyl-1H,2H,3H,3aH,3bH,4H,6H,7H,8H,9H,9aH,9bH,10H,11H,11aH-cyclopenta[a]phenanthren-7-ol	[M + H3N + H]+	299	Terpenoids	Steroids	Cholestane steroids	0.878	0.805	0.406
raw	superclass	Steroids	NPC superclass: Steroids	2316	PS	PET	99546.8999999999	99546.8999999999	2451055.4	2432128.5	2399724.56666667	2432128.5	2499271.46666667	2608462.8	2454170.16666667	2365541.2	0.00877445661769147	1	0.0320865347373157	N-(2-hydroxytetradecanoyl)sphinganine_[2316_545.52_7.8]	N-(2-hydroxytetradecanoyl)sphinganine	N-(1,3-dihydroxyoctadecan-2-yl)-2-hydroxytetradecanamide	[M + H3N + H]+	242	Fatty acids	Steroids	Cholane steroids	0.712	0.866	0.338
raw	superclass	Triterpenoids	NPC superclass: Triterpenoids	1593	Untreated	PS	8585197.73333333	8585197.73333333	4053749.46666667	1013873.6	1548303.46666667	1013873.6	1013873.6	1013873.6	9599071.33333333	8623036	0.277257103394025	0.277257103394025	0.0227033193273914	NA_[1593_572.39_6]	NA	2,3-Dihydroxy-5,12-Oleanadien-28-Oic Acid; (2&#946;,3&#945;)-Form, Di-Ac	[M + H3N + H]+	69	Terpenoids	Triterpenoids	Abeolupane triterpenoids	0.991	0.867	0.266
raw	superclass	Triterpenoids	NPC superclass: Triterpenoids	2398	PET	PS	5746849.46666667	5746849.46666667	3716630.36666667	1013873.6	6760723.06666667	1013873.6	1013873.6	1013873.6	3375294.43333333	3592665.2	0.185593260197497	0.462850363591522	0.0208152592384298	NA_[2398_502.32_8]	NA	2-acetyl-12-(acetyloxy)-7-ethyl-4b,7,10a,12a-tetramethyl-3-oxo-3,4b,5,6,6a,7,8,9,10,10a,10b,11,12,12a-tetradecahydrochrysene-1-carboxylic acid	[M + H3N + H]+	8	Terpenoids	Triterpenoids	Lupane triterpenoids	0.907	0.751	0.036
raw	superclass	Triterpenoids	NPC superclass: Triterpenoids	1227	Untreated	PS	3952584.63333333	3952584.63333333	5162458.24444444	5816970.5	4301692.36666667	5816970.5	3616548.86666667	3335685.5	7569133.5	7924736.5	0.127647865593451	0.590498229184972	0.028912723640596	NA_[1227_572.39_4.5]	NA	2,3-Dihydroxy-5,12-Oleanadien-28-Oic Acid; (2&#946;,3&#945;)-Form, Di-Ac	[M + H3N + H]+	69	Terpenoids	Triterpenoids	Lanostane, Tirucallane and Euphane triterpenoids	0.942	0.925	0.16
raw	superclass	Triterpenoids	NPC superclass: Triterpenoids	2526	Untreated	PET	2986029.93333333	2986029.93333333	2009216.91111111	1013873.6	1013873.6	1013873.6	1013873.6	1013873.6	3999903.53333333	3039693.5	0.0964331906706601	0.686931419855632	0.0112527657434291	NA_[2526_502.32_8.4]	NA	2-acetyl-12-(acetyloxy)-7-ethyl-4b,7,10a,12a-tetramethyl-3-oxo-3,4b,5,6,6a,7,8,9,10,10a,10b,11,12,12a-tetradecahydrochrysene-1-carboxylic acid	[M + H3N + H]+	8	Terpenoids	Triterpenoids	Lupane triterpenoids	0.948	0.873	0.057
raw	superclass	Triterpenoids	NPC superclass: Triterpenoids	2151	PET	PS	2912086	2912086	12150460.7777778	11607388	13591866.6666667	14474762	10679780.6666667	11118789	12179735	14727757	0.0940451873413995	0.780976607197032	0.0680495411177113	NA_[2151_726.53_7.3]	NA	[6-(acetyloxy)-14-hydroxy-5,5,9-trimethyltetracyclo[11.2.1.0¹,¹⁰.0⁴,⁹]hexadecan-14-yl]methyl 6-(acetyloxy)-5,5,9-trimethyltetracyclo[11.2.1.0¹,¹⁰.0⁴,⁹]hexadecane-14-carboxylate	[M + H3N + H]+	59	Terpenoids	Triterpenoids	Lupane triterpenoids	0.991	0.923	0.371
raw	superclass	Triterpenoids	NPC superclass: Triterpenoids	1878	PS	PET	2093053.33333333	2093053.33333333	103418517.111111	106280770	102663826.666667	106280770	104756880	101458280	102834844.666667	117178200	0.0675947045687777	0.84857131176581	0.579202942274952	NA_[1878_670.47_6.7]	NA	3-({[1-(4-ethylideneoxolan-2-yl)prop-1-en-2-yl]oxy}carbonyl)-5,10-dihydroxy-2,2,6a,6b,9,9,12a-heptamethyl-1,2,3,4,4a,5,6,6a,6b,7,8,8a,9,10,11,12,12a,12b,13,14b-icosahydropicene-4a-carboxylic acid	[M + H3N + H]+	11	Terpenoids	Triterpenoids	Ursane and Taraxastane triterpenoids	0.991	0.965	0.385
raw	superclass	Triterpenoids	NPC superclass: Triterpenoids	1786	Untreated	PS	1468946.66666667	1468946.66666667	9472561.44444444	9318901	9467386.66666667	9397960	8740675.5	8747590	10209622.1666667	10913370	0.0474393147939968	0.896010626559806	0.0530517707347113	NA_[1786_500.48_6.5]	NA	15-(5,5-dimethyl-6-methylideneoctan-2-yl)-6-methoxy-7,7,12,16-tetramethylpentacyclo[9.7.0.0¹,³.0³,⁸.0¹²,¹⁶]octadecane	[M + H3N + H]+	8	Terpenoids	Triterpenoids	Lupane triterpenoids	0.998	0.973	0.242
raw	superclass	Triterpenoids	NPC superclass: Triterpenoids	3028	Untreated	PS	727849.9	727849.9	3878807.77777778	3669896.8	4008794.1	3950974.8	3449889.66666667	3505677.2	4177739.56666667	4725932.5	0.0235057550504755	0.919516381610282	0.0217235456489299	NA_[3028_710.52_9.5]	NA	NA	[M + H3N + H]+	67	Terpenoids	Triterpenoids	Cucurbitane triterpenoids	0.823	0.811	0.09
raw	superclass	Triterpenoids	NPC superclass: Triterpenoids	2807	Untreated	PET	647190.666666667	647190.666666667	4960078.88888889	5138575.5	4719696.5	4708310	4793653	5360992	5366887.16666667	6653007	0.0209008825605672	0.940417264170849	0.0277792833102967	NA_[2807_713.43_9.1]	NA	11-(acetyloxy)-10-{[4,5-bis(acetyloxy)-3-hydroxyoxan-2-yl]oxy}-2,2,6a,6b,9,9,12a-heptamethyl-1,2,3,4,4a,5,6,6a,6b,7,8,8a,9,10,11,12,12a,12b,13,14b-icosahydropicene-4a-carboxylic acid	[M - H2O + H]+	329	Terpenoids	Triterpenoids	Oleanane triterpenoids	0.999	0.998	0.425
raw	superclass	Triterpenoids	NPC superclass: Triterpenoids	1877	PS	Untreated	559966.333333334	559966.333333334	14400234.4444444	14632185	14225481	14632185	14767594.3333333	14322851	14207628	16398180	0.0180839915865156	0.958501255757365	0.0806495625025281	NA_[1877_653.44_6.7]	NA	[(3S,4S,6aR,6bS,8R,8aR,9R,10R,14bR)-3,8,9,10-tetrahydroxy-4,6a,6b,11,11,14b-hexamethyl-8a-(pent-4-enoyloxymethyl)-1,2,3,4a,5,6,7,8,9,10,12,12a,14,14a-tetradecahydropicen-4-yl]methyl pent-4-enoate	[M - H2O + H]+	186	Terpenoids	Triterpenoids	Ursane and Taraxastane triterpenoids	0.997	0.997	0.357
raw	superclass	Triterpenoids	NPC superclass: Triterpenoids	1430	PS	Untreated	507658	507658	1457090.9	1013873.6	1343040.56666667	1013873.6	1767945.06666667	1774455.6	1260287.06666667	1013873.6	0.0163947052784019	0.974895961035766	0.00816054377897655	NA_[1430_460.38_5.3]	NA	10-hydroxy-1,6a,6b,9,9,12a-hexamethyl-1,2,3,4,4a,5,6,6a,6b,7,8,8a,9,10,11,12,12a,12b,13,14b-icosahydropicene-4a-carboxylic acid	[M + H3N + H]+	-1	Terpenoids	Triterpenoids	Ursane and Taraxastane triterpenoids	0.999	0.992	0.435
raw	superclass	Triterpenoids	NPC superclass: Triterpenoids	2566	PS	Untreated	488750.166666667	488750.166666667	5026375.66666667	5024166	4966326.16666667	4842435.5	5300775.5	5276993	4812025.33333333	4893934.5	0.0157840808916038	0.99068004192737	0.028150583245984	NA_[2566_500.48_8.5]	NA	1-[(1S,3aS,5aR,5bR,7aS,11aS,11bR,13aR,13bR)-5a,5b,8,8,11a-pentamethyl-1,9-di(propan-2-yl)-1,2,3,4,5,6,7,7a,9,10,11,11b,12,13,13a,13b-hexadecahydrocyclopenta[a]chrysen-3a-yl]ethanone	[M + H3N + H]+	-1	Terpenoids	Triterpenoids	Lupane triterpenoids	0.999	0.994	0.354
raw	superclass	Triterpenoids	NPC superclass: Triterpenoids	2522	PS	PET	163107.6	163107.6	2663682.22222222	2751273.8	2561230.93333333	2751273.8	2724338.53333333	2446828.8	2705477.2	3096981.2	0.00526752465373827	0.995947566581109	0.0149181464160719	NA_[2522_745.45_8.4]	NA	10-{[2,4-dihydroxy-5-(hydroxymethyl)-3-[(3,4,5-trihydroxyoxan-2-yl)oxy]cyclohexyl]oxy}-11-hydroxy-1,6a,6b,9,9,12a-hexamethyl-2-methylidene-1,2,3,4,4a,5,6,6a,6b,7,8,8a,9,10,11,12,12a,12b,13,14b-icosahydropicene-4a-carboxylic acid	[M - H2O + H]+	25	Terpenoids	Triterpenoids	Oleanane triterpenoids	0.961	0.979	0.19
raw	superclass	Triterpenoids	NPC superclass: Triterpenoids	2240	Untreated	PS	125482.6	125482.6	4155551.14444444	4189531.8	4120662.7	4189531.8	4110254.06666667	4030443.2	4235736.66666667	4594369.5	0.00405243341889144	1	0.023273467043144	NA_[2240_498.47_7.6]	NA	9-[2-[1,2-dimethyl-5-[(Z)-5-propan-2-ylhept-5-en-2-yl]cyclopentyl]ethyl]-9a-methyl-2'-methylidenespiro[2,3,4,7,8,9-hexahydro-1H-benzo[7]annulene-6,1'-cyclopropane]-3-ol	[M + H3N + H]+	299	Terpenoids	Triterpenoids	Lupane triterpenoids	0.993	0.758	0.123
raw	superclass	Triterpenoids	NPC superclass: Triterpenoids	1345	PET	PET	0	0	1013873.6	1013873.6	1013873.6	1013873.6	1013873.6	1013873.6	1013873.6	1013873.6	0	1	0.0056782729884241	Kurilensoside H_[1345_632.4_4.9]	Kurilensoside H	15-(7-hydroxy-6-methylheptan-2-yl)-2,16-dimethyl-5-[(3,4,5-trihydroxyoxan-2-yl)oxy]-7-oxapentacyclo[9.7.0.0²,⁸.0⁶,⁸.0¹²,¹⁶]octadecane-9,11,13,14-tetrol	[M + H3N + H]+	167	Terpenoids	Triterpenoids	Limonoids	0.967	0.881	0.123
raw	superclass	Triterpenoids	NPC superclass: Triterpenoids	3023	PET	PET	0	0	1013873.6	1013873.6	1013873.6	1013873.6	1013873.6	1013873.6	1013873.6	1013873.6	0	1	0.0056782729884241	NA_[3023_1190.96_9.5]	NA	[2-Hexacosanoyloxy-3-[3,4,5-trihydroxy-6-[[3,4,5-trihydroxy-6-(hydroxymethyl)oxan-2-yl]oxymethyl]oxan-2-yl]oxypropyl] hexacosanoate	[M + H3N + H]+	283	Terpenoids	Triterpenoids	Ursane and Taraxastane triterpenoids	0.95	0.893	0.317
raw	superclass	Tryptophan alkaloids	NPC superclass: Tryptophan alkaloids	119	PS	Untreated	1099241.5	1099241.5	2254157.52222222	1478120.9	2132678.73333333	1013873.6	2864517.66666667	1478120.9	1765276.16666667	1807088.4	1	1	1	NA_[119_315.19_0.7]	NA	1,3,3-trimethyl-2-[(Z)-2-(2-methyl-1H-indol-3-yl)ethenyl]indol-1-ium	[M + H]+	-1	Alkaloids	Tryptophan alkaloids	Simple indole alkaloids	0.951	0.781	0.207
raw	superclass	Tyrosine alkaloids	NPC superclass: Tyrosine alkaloids	1606	Untreated	PS	141357916.133333	141357916.133333	61298664.4888889	15541258	22440690.9333333	13421603	10048693.2	13590948	151406609.333333	124329060	0.237505999232958	0.237505999232958	0.113492792821466	NA_[1606_543.34_6]	NA	3-({[(3,4-dimethoxyphenyl)methyl][3-(morpholin-4-yl)propyl]amino}methyl)-8a-methyl-decahydro-2H-spiro[naphtho[2,3-b]furan-5,2'-oxiran]-2-one	[M + H]+	-1	Alkaloids	Tyrosine alkaloids	Isoquinoline alkaloids	0.95	0.907	0.767
raw	superclass	Tyrosine alkaloids	NPC superclass: Tyrosine alkaloids	1553	Untreated	PS	139955736.133333	139955736.133333	64026264.8666667	27273384	28422250.7333333	27273384	11850403.8666667	14479196	151806140	147096780	0.235150091823497	0.472656091056455	0.1185428699668	NA_[1553_543.34_5.8]	NA	3-({[(3,4-dimethoxyphenyl)methyl][3-(morpholin-4-yl)propyl]amino}methyl)-8a-methyl-decahydro-2H-spiro[naphtho[2,3-b]furan-5,2'-oxiran]-2-one	[M + H]+	-1	Alkaloids	Tyrosine alkaloids	Isoquinoline alkaloids	0.816	0.784	0.662
raw	superclass	Tyrosine alkaloids	NPC superclass: Tyrosine alkaloids	1180	Untreated	PS	73944716.6666667	73944716.6666667	90692710.1111111	101797140	73532653.6666667	101797140	62300380	57673230	136245096.666667	136552320	0.124240044705733	0.596896135762188	0.167915060546275	NA_[1180_543.34_4.4]	NA	NA	[M + H]+	579	Alkaloids	Tyrosine alkaloids	Isoquinoline alkaloids	0.938	0.915	0.758
raw	superclass	Tyrosine alkaloids	NPC superclass: Tyrosine alkaloids	1091	Untreated	PS	59323300	59323300	99641573.1111111	97137850	110330006	142752670	64635706.6666667	72312110	123959006.666667	137348100	0.0996735098373035	0.696569645599491	0.184483634477127	NA_[1091_543.34_4]	NA	NA	[M + H]+	-1	Alkaloids	Tyrosine alkaloids	Isoquinoline alkaloids	0.975	0.933	0.812
raw	superclass	Tyrosine alkaloids	NPC superclass: Tyrosine alkaloids	1296	Untreated	PS	44086118.1666667	44086118.1666667	80061349.6111111	68520056	67563575	68520056	64267177.8333333	45994876	108353296	119357030	0.0740723818933501	0.770642027492841	0.148231388728995	NA_[1296_543.34_4.7]	NA	NA	[M + H]+	14	Alkaloids	Tyrosine alkaloids	Isoquinoline alkaloids	0.986	0.953	0.868
raw	superclass	Tyrosine alkaloids	NPC superclass: Tyrosine alkaloids	847	Untreated	PS	33269943.3333333	33269943.3333333	80941280.4444444	82824990	71325131.3333333	72769910	69114383.3333333	69382950	102384326.666667	91037800	0.0558993182125999	0.826541345705441	0.149860556486522	NA_[847_543.34_3.2]	NA	NA	[M + H]+	-1	Alkaloids	Tyrosine alkaloids	Isoquinoline alkaloids	0.929	0.862	0.555
raw	superclass	Tyrosine alkaloids	NPC superclass: Tyrosine alkaloids	1788	PS	PET	24534022.2666667	24534022.2666667	16681780.5111111	3397968	2400234.93333333	2328418.2	26934257.2	3397968	20710849.4	16799232	0.0412214443523071	0.867762790057748	0.0308858582030587	NA_[1788_543.34_6.4]	NA	3-({[(3,4-dimethoxyphenyl)methyl][3-(morpholin-4-yl)propyl]amino}methyl)-8a-methyl-decahydro-2H-spiro[naphtho[2,3-b]furan-5,2'-oxiran]-2-one	[M + H]+	-1	Alkaloids	Tyrosine alkaloids	Isoquinoline alkaloids	0.803	0.792	0.466
raw	superclass	Tyrosine alkaloids	NPC superclass: Tyrosine alkaloids	2314	Untreated	PS	17926297.9166667	17926297.9166667	7768824.51666667	1984944.5	2085495.73333333	1984944.5	1647339.95	1044711.75	19573637.8666667	24489286	0.0301193128457673	0.897882102903516	0.0143837651062723	NA_[2314_543.34_7.8]	NA	3-({[(3,4-dimethoxyphenyl)methyl][3-(morpholin-4-yl)propyl]amino}methyl)-8a-methyl-decahydro-2H-spiro[naphtho[2,3-b]furan-5,2'-oxiran]-2-one	[M + H]+	-1	Alkaloids	Tyrosine alkaloids	Isoquinoline alkaloids	0.789	0.886	0.561
raw	superclass	Tyrosine alkaloids	NPC superclass: Tyrosine alkaloids	2192	Untreated	PS	9971483	9971483	5955719.76666667	2237589	4155766.23333333	1409704.2	1869955.03333333	2237589	11841438.0333333	5248916.5	0.0167538338038006	0.914635936707316	0.0110268514855414	NA_[2192_543.34_7.4]	NA	3-({[(3,4-dimethoxyphenyl)methyl][3-(morpholin-4-yl)propyl]amino}methyl)-8a-methyl-decahydro-2H-spiro[naphtho[2,3-b]furan-5,2'-oxiran]-2-one	[M + H]+	-1	Alkaloids	Tyrosine alkaloids	Isoquinoline alkaloids	0.57	0.764	0.538
raw	superclass	Tyrosine alkaloids	NPC superclass: Tyrosine alkaloids	2451	Untreated	PS	9710014.86666667	9710014.86666667	5172654.22222222	2142297.8	2033537.13333333	2142297.8	1887205.33333333	1013873.6	11597220.2	11154167	0.0163145216522524	0.930950458359569	0.00957702714854672	NA_[2451_543.34_8.1]	NA	3-({[(3,4-dimethoxyphenyl)methyl][3-(morpholin-4-yl)propyl]amino}methyl)-8a-methyl-decahydro-2H-spiro[naphtho[2,3-b]furan-5,2'-oxiran]-2-one	[M + H]+	14	Alkaloids	Tyrosine alkaloids	Isoquinoline alkaloids	0.898	0.972	0.859
raw	superclass	Tyrosine alkaloids	NPC superclass: Tyrosine alkaloids	2464	Untreated	PET	9377824.8	9377824.8	4804284.53333333	1623321.6	1573911.73333333	1623321.6	1887205.33333333	1013873.6	10951736.5333333	8997806	0.0157563842951304	0.946706842654699	0.00889500079232239	NA_[2464_543.34_8.2]	NA	3-({[(3,4-dimethoxyphenyl)methyl][3-(morpholin-4-yl)propyl]amino}methyl)-8a-methyl-decahydro-2H-spiro[naphtho[2,3-b]furan-5,2'-oxiran]-2-one	[M + H]+	-1	Alkaloids	Tyrosine alkaloids	Isoquinoline alkaloids	0.917	0.983	0.873
raw	superclass	Tyrosine alkaloids	NPC superclass: Tyrosine alkaloids	3282	Untreated	PS	8978411.4	8978411.4	4719348.97777778	1013873.6	2024286.86666667	1899306.8	1577674.33333333	1013873.6	10556085.7333333	1013873.6	0.0150852999917614	0.96179214264646	0.00873774494522983	NA_[3282_543.34_10.6]	NA	3-({[(2,3-dimethoxyphenyl)methyl][3-(morpholin-4-yl)propyl]amino}methyl)-8a-methyl-decahydro-2H-spiro[naphtho[2,3-b]furan-5,2'-oxiran]-2-one	[M + H]+	-1	Alkaloids	Tyrosine alkaloids	Isoquinoline alkaloids	0.855	0.986	0.946
raw	superclass	Tyrosine alkaloids	NPC superclass: Tyrosine alkaloids	3293	Untreated	PS	8010157.4	8010157.4	4376708.3	1013873.6	1964618.83333333	1820041.1	1577674.33333333	1013873.6	9587831.73333333	1013873.6	0.0134584640842173	0.975250606730678	0.00810335514604769	NA_[3293_543.34_10.6]	NA	3-({[(3,4-dimethoxyphenyl)methyl][3-(morpholin-4-yl)propyl]amino}methyl)-8a-methyl-decahydro-2H-spiro[naphtho[2,3-b]furan-5,2'-oxiran]-2-one	[M + H]+	-1	Alkaloids	Tyrosine alkaloids	Isoquinoline alkaloids	0.782	0.97	0.867
raw	superclass	Tyrosine alkaloids	NPC superclass: Tyrosine alkaloids	2930	Untreated	PS	7508575	7508575	8665274.86666667	1796020.8	8649511.46666667	1796020.8	4918869.06666667	1013873.6	12427444.0666667	2519025.2	0.0126157180083817	0.987866324739059	0.0160435182949526	NA_[2930_543.34_9.4]	NA	3-({[(3,4-dimethoxyphenyl)methyl][3-(morpholin-4-yl)propyl]amino}methyl)-8a-methyl-decahydro-2H-spiro[naphtho[2,3-b]furan-5,2'-oxiran]-2-one	[M + H]+	-1	Alkaloids	Tyrosine alkaloids	Isoquinoline alkaloids	0.762	0.848	0.631
raw	superclass	Tyrosine alkaloids	NPC superclass: Tyrosine alkaloids	2504	Untreated	PET	4769336.83333333	4769336.83333333	3361940.32222222	1529628.5	1688783.2	1529628.5	1938917.73333333	1013873.6	6458120.03333333	8157356.5	0.00801331924850209	0.995879643987562	0.00622454012089055	NA_[2504_543.34_8.4]	NA	3-({[(3,4-dimethoxyphenyl)methyl][3-(morpholin-4-yl)propyl]amino}methyl)-8a-methyl-decahydro-2H-spiro[naphtho[2,3-b]furan-5,2'-oxiran]-2-one	[M + H]+	-1	Alkaloids	Tyrosine alkaloids	Isoquinoline alkaloids	0.795	0.9	0.676
raw	superclass	Tyrosine alkaloids	NPC superclass: Tyrosine alkaloids	3444	Untreated	PS	2452337.8	2452337.8	1942257.14444444	1013873.6	1346686.43333333	1013873.6	1013873.6	1013873.6	3466211.4	1013873.6	0.00412035601243847	1	0.00359603572995298	NA_[3444_543.34_11.4]	NA	3-({[(3,4-dimethoxyphenyl)methyl][3-(morpholin-4-yl)propyl]amino}methyl)-8a-methyl-decahydro-2H-spiro[naphtho[2,3-b]furan-5,2'-oxiran]-2-one	[M + H]+	-1	Alkaloids	Tyrosine alkaloids	Isoquinoline alkaloids	0.488	0.745	0.423
raw	class	Acetogenins	NPC class: Acetogenins	617	PS	Untreated	851176.333333334	851176.333333334	11796398.1111111	11369587	12079174	12155570	12080598.3333333	11199915	11229422	10853798	1	1	1	DG(18:2(9Z,12Z)/20:4(8Z,11Z,14Z,17Z)/0:0)_[617_623.5_2.4]	DG(18:2(9Z,12Z)/20:4(8Z,11Z,14Z,17Z)/0:0)	Diglyceride	[M - H2O + H]+	131	Polyketides	Linear polyketides	Acetogenins	0.983	0.988	0.83
raw	class	Aminoacids	NPC class: Aminoacids	211	PS	Untreated	11915808.1666667	11915808.1666667	17106132.5	14744437	14019987.6666667	12604076	24607109	24913436	12691300.8333333	14744437	0.313030073623428	0.313030073623428	0.296955622709416	NA_[211_293.23_1]	NA	3-[[N-amino-N'-(3-methoxypropyl)carbamimidoyl]amino]-N-(2-methoxyethyl)propanamide	[M + H3N + H]+	90	Amino acids and Peptides	Small peptides	Aminoacids	0.954	0.98	0.733
raw	class	Aminoacids	NPC class: Aminoacids	494	PET	Untreated	9113206.1	9113206.1	6279460.56666667	2085832.9	11119284.2	13479827	5713019.4	1423105.6	2006078.1	2085832.9	0.23940529559788	0.552435369221308	0.109008925474751	NA_[494_152.11_1.9]	NA	8-Aminobicyclo[4.2.0]octane-7-carboxylic acid	[M - H2O + H]+	496	Amino acids and Peptides	Small peptides	Aminoacids	0.961	0.971	0.976
raw	class	Aminoacids	NPC class: Aminoacids	112	PET	Untreated	8612123.5	8612123.5	16127072.8333333	16132475	20541151.6666667	21115402	15911038.6666667	16132475	11929028.1666667	10063777	0.226241780293211	0.778677149514519	0.279959538235928	gabapentin_[112_154.12_0.7]	gabapentin	2-[1-(aminomethyl)cyclohexyl]acetic acid	[M - H2O + H]+	7	Amino acids and Peptides	Small peptides	Aminoacids	0.998	0.999	0.999
raw	class	Aminoacids	NPC class: Aminoacids	535	PET	Untreated	3315411.2	3315411.2	2573922.7	1013873.6	4386815.53333333	5106115	2263548.23333333	1013873.6	1071404.33333333	1013873.6	0.0870963511254863	0.865773500640006	0.044682269249604	NA_[535_210.11_2.1]	NA	Gabapentinalcohol	[M + Na]+	638	Amino acids and Peptides	Small peptides	Aminoacids	0.952	0.962	0.916
raw	class	Aminoacids	NPC class: Aminoacids	55	PS	PET	1764401.3	1764401.3	3499938.57777778	3152950.5	2747820.06666667	2713882.8	4512221.36666667	3859388.5	3239774.3	3152950.5	0.0463510876572609	0.912124588297267	0.0607575347501084	NA_[55_152.11_0.6]	NA	8-Aminobicyclo[4.2.0]octane-7-carboxylic acid	[M - H2O + H]+	496	Amino acids and Peptides	Small peptides	Aminoacids	0.873	0.857	0.868
raw	class	Aminoacids	NPC class: Aminoacids	78	PET	PS	1290072.26666667	1290072.26666667	4407342.06666667	4171838	5224871.66666667	5109182	3934799.4	4171838	4062355.13333333	3981940.5	0.0338903925747889	0.946014980872055	0.0765096966190578	NA_[78_217.19_0.6]	NA	2-[1-(Aminomethyl)-3,3-diethylcyclobutyl]acetic acid	[M + H3N + H]+	-1	Amino acids and Peptides	Small peptides	Aminoacids	0.971	0.978	0.964
raw	class	Aminoacids	NPC class: Aminoacids	10	PS	PET	1264510	1264510	1725749.91111111	1176516.9	1178279.16666667	1176516.9	2442789.16666667	1522967.4	1556181.4	1013873.6	0.0332188679828579	0.979233848854913	0.0299583286575571	NA_[10_216.12_0.5]	NA	(1S,2R)-2-[(S)-amino(carboxy)methyl]-1-butylcyclopropane-1-carboxylic acid	[M + H]+	16	Amino acids and Peptides	Small peptides	Aminoacids	0.97	0.979	0.964
raw	class	Aminoacids	NPC class: Aminoacids	37	PET	PS	564659	564659	1489736.46666667	1292756.5	1697485.53333333	1292756.5	1132826.53333333	1013873.6	1638897.33333333	1592028.6	0.0148336768996153	0.994067525754529	0.0258612295989129	NA_[37_123.06_0.5]	NA	(6-Methoxypyridazin-3-yl)methanol	[M - H2O + H]+	-1	Amino acids and Peptides	Nicotinic acid alkaloids	Aminoacids	0.607	0.787	0.866
raw	class	Aminoacids	NPC class: Aminoacids	45	Untreated	PS	180861.6	180861.6	1540656.13333333	1411387	1566627.2	1483177.5	1437239.8	1411387	1618101.4	1013873.6	0.00475126144796677	0.998818787202496	0.0267451746591511	NA_[45_180.1_0.6]	NA	2-[1-(Aminomethyl)cyclopentyl]acetate	[M + Na]+	-1	Amino acids and Peptides	Small peptides	Aminoacids	0.953	0.969	0.975
raw	class	Aminoacids	NPC class: Aminoacids	2425	PET	PS	44964.0666666667	44964.0666666667	1841127.62222222	1742889.8	1856439.53333333	1742889.8	1811475.46666667	1665728.8	1855467.86666667	1885665	0.00118121279750451	1	0.0319612396048322	NA_[2425_184.07_8.1]	NA	(2R)-2-(aminomethyl)-4-methylpentanoate	[M + K]+	7	Amino acids and Peptides	Small peptides	Aminoacids	0.833	0.824	0.833
raw	class	Aminoacids	NPC class: Aminoacids	1532	PET	PET	0	0	1013873.6	1013873.6	1013873.6	1013873.6	1013873.6	1013873.6	1013873.6	1013873.6	0	1	0.0176004404406804	4-(trimethylammonio)butanoate_[1532_184.07_5.8]	4-(trimethylammonio)butanoate	4-(trimethylazaniumyl)butanoate	[M + K]+	7	Amino acids and Peptides	Small peptides	Aminoacids	0.825	0.805	0.813
raw	class	Aminoglycosides	NPC class: Aminoglycosides	2620	PET	Untreated	1712355.63333333	1712355.63333333	2042695.02222222	1013873.6	2726229.23333333	1013873.6	2387982.23333333	1013873.6	1013873.6	1013873.6	1	1	0.668296797713352	NA_[2620_507.31_8.7]	NA	(2R)-4-Amino-N-((1R,2S,3R,4R,5S)-5-amino-4-[(2-amino-2-deoxy-alpha-D-glucopyranosyl)oxy]-2-{2-[(3-aminopropyl)amino]ethoxy}-3-hydroxycyclohexyl)-2-hydroxybutanamide	[M - H2O + H]+	33	Carbohydrates	Aminosugars and aminoglycosides	Aminoglycosides	0.959	0.748	0.819
raw	class	Aminoglycosides	NPC class: Aminoglycosides	61	PET	PET	0	0	1013873.6	1013873.6	1013873.6	1013873.6	1013873.6	1013873.6	1013873.6	1013873.6	0	1	0.331703202286648	NA_[61_524.34_0.6]	NA	N,N'-Pentamethylenebis[2-[(2beta,3alpha-dihydroxy-4beta,6beta-diaminocyclohexane-1alpha-yl)oxy]acetamide]	[M + H3N + H]+	-1	Carbohydrates	Aminosugars and aminoglycosides	Aminoglycosides	0.943	0.836	0.896
raw	class	Androstane steroids	NPC class: Androstane steroids	493	PET	Untreated	3860217.66666667	3860217.66666667	3077306.15555556	1422949.9	5253476.7	6549199	2585182.73333333	1013873.6	1393259.03333333	1422949.9	1	1	1	NA_[493_306.24_1.9]	NA	(8R,9S,10S,13S,14S)-10-[(R)-hydroxy(tritio)methyl]-13-methyl-1,2,3,6,7,8,9,11,12,14,15,16-dodecahydrocyclopenta[a]phenanthren-17-one	[M + H3N + H]+	-1	Terpenoids	Steroids	Androstane steroids	0.993	0.899	0.786
raw	class	Azaphilones	NPC class: Azaphilones	717	PS	PET	2697479.46666667	2697479.46666667	2575264.18888889	1013873.6	1013873.6	1013873.6	3711353.06666667	1013873.6	3000565.9	1013873.6	0.568941182521805	0.568941182521805	0.124331312938882	chaetoviridin I_[717_505.1_2.8]	chaetoviridin I	Chaetoviridin I	[M + K]+	243	Polyketides	Chromanes	Azaphilones	0.915	0.675	0.786
raw	class	Azaphilones	NPC class: Azaphilones	424	Untreated	PS	1342943.5	1342943.5	6710595	6885475	6865647.83333333	6885475	5961596.83333333	5400181	7304540.33333333	7631778.5	0.283248073763517	0.852189256285322	0.323981163001018	15beta-hydroxycyproterone acetate_[424_450.2_1.7]	15beta-hydroxycyproterone acetate	17-Hydroxycyproterone acetate	[M + H3N + H]+	-1	Polyketides	Chromanes	Azaphilones	0.988	0.85	0.893
raw	class	Azaphilones	NPC class: Azaphilones	622	Untreated	PS	700804.333333334	700804.333333334	11427058	11748430	11609152.3333333	11748430	10985608.6666667	10426318	11686413	13172877	0.147810743714678	1	0.5516875240601	RP-1551-M1_[622_492.21_2.4]	RP-1551-M1	Rp-1551-M1	[M + H3N + H]+	11	Polyketides	Chromanes	Azaphilones	0.967	0.68	0.717
raw	class	Carotenoids (C40, β-β)	NPC class: Carotenoids (C40, β-β)	1453	PET	Untreated	1072979.8	1072979.8	3576452.91111111	3590058.8	4266664.76666667	4360256	3269009	3287900.5	3193684.96666667	2795335	0.57542103638408	0.57542103638408	0.602110822177706	NA_[1453_649.52_5.5]	NA	1,3-bis[9-(2,2-dimethyl-6-methylidenecyclohexyl)-3,7-dimethylnona-2,6-dien-1-yl] propanedioate	[M + H]+	141	Terpenoids	Carotenoids (C40)	Carotenoids (C40, β-β)	0.998	0.991	0.725
raw	class	Carotenoids (C40, β-β)	NPC class: Carotenoids (C40, β-β)	1494	PET	PS	791706.633333333	791706.633333333	2363405.3	2576139.5	2847828.5	2849185	2056121.86666667	1891613.6	2186265.53333333	1793017.5	0.42457896361592	1	0.397889177822294	NA_[1494_649.52_5.6]	NA	1,3-bis[9-(2,2-dimethyl-6-methylidenecyclohexyl)-3,7-dimethylnona-2,6-dien-1-yl] propanedioate	[M + H]+	141	Terpenoids	Carotenoids (C40)	Carotenoids (C40, β-β)	0.998	0.974	0.721
raw	class	Ceramides	NPC class: Ceramides	2053	PS	PET	374937780	374937780	600215746.666667	534753060	402356026.666667	445649900	777293806.666667	842409700	620997406.666667	621078460	0.346154314019089	0.346154314019089	0.343569340837049	N-stearoylhexadecasphinganine_[2053_540.54_7.1]	N-stearoylhexadecasphinganine	2-Octadecanoylaminohexadecane-1,3-diol	[M + H]+	21	Fatty acids	Spingolipids	Ceramides	1	0.963	0.915
raw	class	Ceramides	NPC class: Ceramides	2656	PS	PET	127460302	127460302	166240062.888889	143078300	108649306.666667	122695830	236109608.666667	266194690	153961273.333333	152439630	0.11767534710286	0.463829661121949	0.0951574315479668	NA_[2656_596.6_8.8]	NA	N-(1,3-dihydroxyhexadecan-2-yl)docosanamide	[M + H]+	323	Fatty acids	Spingolipids	Ceramides	1	0.944	0.906
raw	class	Ceramides	NPC class: Ceramides	2280	PS	PET	84281242	84281242	78652842.0888889	52529036	33190765.8666667	46029388	117472007.866667	157831780	85295752.5333333	69011864	0.0778110851064057	0.541640746228355	0.0450216530664386	NA_[2280_746.61_7.6]	NA	1-(octadec-9-enoyloxy)-3-(phenylamino)propan-2-yl icos-8-enoate	[M + Na]+	10	Fatty acids	Spingolipids	Ceramides	1	1	0.999
raw	class	Ceramides	NPC class: Ceramides	2217	PS	PET	80505898	80505898	115219779.555556	93623880	74835348.6666667	83065790	155341246.666667	166321800	115482743.333333	116853200	0.0743255691562497	0.615966315384605	0.0659529243161903	Cer(d18:0/17:0)_[2217_554.55_7.5]	Cer(d18:0/17:0)	C17 dihydro Ceramide (d18:0/17:0)	[M + H]+	21	Fatty acids	Spingolipids	Ceramides	1	0.997	0.995
raw	class	Ceramides	NPC class: Ceramides	2187	PS	Untreated	72573947.2333333	72573947.2333333	61548116.1444444	52526904	49526689.3333333	52526904	103845803.166667	69711980	31271855.9333333	3759069.8	0.067002543515919	0.682968858900524	0.0352307412975163	Cer(d18:0/17:0)_[2187_554.55_7.4]	Cer(d18:0/17:0)	C17 dihydro Ceramide (d18:0/17:0)	[M + H]+	20	Fatty acids	Spingolipids	Ceramides	1	0.999	0.991
raw	class	Ceramides	NPC class: Ceramides	2457	PS	PET	68215397.3333333	68215397.3333333	100772241.555556	83927240	64719732.6666667	74317210	132935130	150105680	104661862	106639570	0.0629785935934746	0.745947452493998	0.0576830128136271	N-(2-hydroxyeicosanoyl)sphinganine_[2457_594.58_8.2]	N-(2-hydroxyeicosanoyl)sphinganine	(2S)-N-[(2S,3R)-1,3-dihydroxyoctadecan-2-yl]-2-hydroxyicosanamide	[M - H2O + H]+	21	Fatty acids	Spingolipids	Ceramides	1	1	1
raw	class	Ceramides	NPC class: Ceramides	2301	Untreated	PET	55418864.3333333	55418864.3333333	40790664.8333333	4612929	4696666	4612929	57559798.1666667	4585824.5	60115530.3333333	5120620.5	0.051164433114801	0.797111885608799	0.0233489739429917	NA_[2301_500.48_7.7]	NA	N-[(E,2R,3S)-3-ethynyl-1-hydroxyoctadec-4-en-2-yl]tetradecanamide	[M - H2O + H]+	299	Fatty acids	Spingolipids	Ceramides	1	1	0.999
raw	class	Ceramides	NPC class: Ceramides	2760	PS	PET	36200113.3333333	36200113.3333333	53183572.8888889	50611132	32356094.6666667	35074236	68556208	67037860	58638416	59061172	0.0334210796210328	0.830532965229832	0.0304427952486596	N-(2-hydroxydocosanoyl)sphinganine_[2760_622.61_9]	N-(2-hydroxydocosanoyl)sphinganine	N-(1,3-dihydroxyoctadecan-2-yl)-2-hydroxydocosanamide	[M - H2O + H]+	21	Fatty acids	Spingolipids	Ceramides	1	1	1
raw	class	Ceramides	NPC class: Ceramides	2512	PS	PET	34011090	34011090	46344636.6666667	40689176	30126272.6666667	32744312	64137362.6666667	68522090	44770274.6666667	46078524	0.0314001046466736	0.861933069876506	0.0265281215285108	NA_[2512_582.58_8.4]	NA	N-(1,3-dihydroxyoctadecan-2-yl)nonadecanamide	[M + H]+	21	Fatty acids	Spingolipids	Ceramides	1	0.924	0.797
raw	class	Ceramides	NPC class: Ceramides	3068	PET	Untreated	15754487	15754487	33359741	32431036	40348170	40119716	35137370	26115720	24593683	25970474	0.0145450363529854	0.876478106229491	0.0190954407469583	NA_[3068_506.53_9.6]	NA	N-(3-hydroxyoctadecan-2-yl)hexadecanamide	[M - H2O + H]+	9	Fatty acids	Spingolipids	Ceramides	1	0.998	0.995
raw	class	Ceramides	NPC class: Ceramides	3143	PET	Untreated	10619328	10619328	17648974	12444709	24243607	24300348	15079036	11862370	13624279	12018976	0.00980409656019114	0.886282202789682	0.0101024446581167	NA_[3143_506.53_10]	NA	N-(3-hydroxyoctadecan-2-yl)hexadecanamide	[M - H2O + H]+	9	Fatty acids	Spingolipids	Ceramides	1	0.979	0.963
raw	class	Ceramides	NPC class: Ceramides	3449	PS	PET	9346959.43333333	9346959.43333333	8120989.74444444	4917637.5	4654162.56666667	4917637.5	14001122	16758427	5707684.66666667	4653254	0.00862940600653728	0.894911608796219	0.00464853364634021	NA_[3449_750.73_11.6]	NA	NA	[M + H]+	318	Fatty acids	Spingolipids	Ceramides	1	0.998	0.998
raw	class	Ceramides	NPC class: Ceramides	3484	PS	PET	8554738.9	8554738.9	6931800.47777778	3812246.8	3854397.76666667	3812246.8	12409136.6666667	14800141	4531867	2696685.2	0.00789800317146465	0.902809611967684	0.00396783012473457	NA_[3484_778.77_11.9]	NA	NA	[M + H]+	318	Fatty acids	Spingolipids	Ceramides	1	0.999	0.999
raw	class	Ceramides	NPC class: Ceramides	1955	Untreated	PS	7970528.66666667	7970528.66666667	73483692	73226300	75962876.6666667	74040880	68258835.3333333	72204616	76229364	74310200	0.00735864196715382	0.910168253934838	0.0420627811964648	NA_[1955_578.56_6.8]	NA	2-aminoethyl N-[7-hexyl-6-oxo-5-(tetradecan-7-ylamino)tridecyl]carbamate	[M - H2O + H]+	-1	Fatty acids	Spingolipids	Ceramides	0.998	0.989	0.994
raw	class	Ceramides	NPC class: Ceramides	3060	Untreated	PET	5611310.66666667	5611310.66666667	18844451.3333333	18621392	16049754	16347439	18822535.3333333	18621392	21661064.6666667	22564946	0.00518053794036972	0.915348791875208	0.0107867475303422	NA_[3060_650.65_9.6]	NA	N-(1,3-dihydroxyhenicos-4-en-2-yl)henicosanamide	[M + H]+	56	Fatty acids	Spingolipids	Ceramides	1	1	1
raw	class	Ceramides	NPC class: Ceramides	1643	PS	Untreated	5088526.16666667	5088526.16666667	8737430.72222222	8840159	7760626.33333333	6632556	11770096	11420255	6681569.83333333	7554831.5	0.00469788689896943	0.920046678774177	0.00500139046753533	N-tetradecanoylsphinganine_[1643_534.49_6.1]	N-tetradecanoylsphinganine	N-(1,3-dihydroxyoctadecan-2-yl)tetradecanamide	[M + Na]+	102	Fatty acids	Spingolipids	Ceramides	1	0.977	0.982
raw	class	Ceramides	NPC class: Ceramides	2272	PS	PET	4835903.5	4835903.5	6337679.05555556	5380835.5	4134931	4626657.5	8970834.5	10071066	5907271.66666667	5963748.5	0.00446465773255768	0.924511336506735	0.00362774923458188	N-(2-hydroxyeicosanoyl)sphinganine_[2272_612.59_7.7]	N-(2-hydroxyeicosanoyl)sphinganine	(2S)-N-[(2S,3R)-1,3-dihydroxyoctadecan-2-yl]-2-hydroxyicosanamide	[M + H]+	-1	Fatty acids	Spingolipids	Ceramides	1	1	0.999
raw	class	Ceramides	NPC class: Ceramides	2006	PS	PET	4061947.6	4061947.6	5820858.53333333	4848256.5	3595378.66666667	3963974	7657326.26666667	8912278	6209870.66666667	6332340.5	0.00375011737963425	0.928261453886369	0.00333191613267301	Cer(d18:0/15:0)_[2006_526.52_7]	Cer(d18:0/15:0)	N-(1,3-dihydroxyoctadecan-2-yl)pentadecanamide	[M + H]+	21	Fatty acids	Spingolipids	Ceramides	1	0.988	0.968
raw	class	Ceramides	NPC class: Ceramides	2373	PS	PET	3111916.13333333	3111916.13333333	4495980.13333333	3662456	2903685.8	3325328.2	6015601.93333333	6602849	4568652.66666667	4522803	0.00287301854302049	0.93113447242939	0.00257354282923145	Cer(d18:0/17:0)_[2373_554.55_8]	Cer(d18:0/17:0)	C17 dihydro Ceramide (d18:0/17:0)	[M + H]+	21	Fatty acids	Spingolipids	Ceramides	1	0.76	0.824
raw	class	Ceramides	NPC class: Ceramides	1528	PS	PET	2969771	2969771	5013212.11111111	4404352	3227590.16666667	3598504.8	6197361.16666667	7116884	5614685	6197760	0.0027417856992133	0.933876258128603	0.00286961145230882	N-(2-hydroxytetradecanoyl)icosasphinganine_[1528_556.53_5.7]	N-(2-hydroxytetradecanoyl)icosasphinganine	N-(1,3-dihydroxyicosan-2-yl)-2-hydroxytetradecanamide	[M + H]+	24	Fatty acids	Spingolipids	Ceramides	1	0.997	0.997
raw	class	Ceramides	NPC class: Ceramides	2267	PS	PET	2871899.23333333	2871899.23333333	4335899.83333333	3821144.2	2842847.26666667	3022839.8	5714746.5	6691181	4450105.73333333	4751026	0.00265142741562733	0.93652768554423	0.00248191130597096	NA_[2267_592.57_7.7]	NA	N-[(E)-1-(Hydroxymethyl)-2,5-dihydroxy-3-heptadecenyl]icosanamide	[M - H2O + H]+	21	Fatty acids	Spingolipids	Ceramides	1	0.999	1
raw	class	Ceramides	NPC class: Ceramides	2236	PS	Untreated	2688088.66666667	2688088.66666667	10395781.7777778	10754210	10127307.3333333	10812334	11874063.3333333	11823458	9185974.66666667	8643948	0.00248172773741949	0.93900941328165	0.00595064676778709	NA_[2236_578.56_7.6]	NA	3,3'-[(6-Hydroxyhexyl)azanediyl]bis(N-dodecylpropanamide) (non-preferred name)	[M - H2O + H]+	14	Fatty acids	Spingolipids	Ceramides	0.999	0.955	0.778
raw	class	Ceramides	NPC class: Ceramides	1239	PS	Untreated	2543929.66666667	2543929.66666667	8454026.77777778	8640728	8639892.66666667	8353303.5	9633058.66666667	10227757	7089129	8640728	0.00234863562876435	0.941358048910414	0.00483916728874647	NA_[1239_631.5_4.5]	NA	NA	[M + Na]+	31	Fatty acids	Spingolipids	Ceramides	1	0.997	0.986
raw	class	Ceramides	NPC class: Ceramides	2729	PS	Untreated	2421743.83333333	2421743.83333333	8743513.88888889	8303225	8634860.5	8303225	10008712.5	11020248	7586968.66666667	8024282.5	0.00223582983650636	0.94359387874692	0.00500487253139899	NA_[2729_502.5_8.9]	NA	(Z)-N-[(E)-1-hydroxyoctadec-4-en-2-yl]hexadec-9-enamide	[M - H2O + H]+	8	Fatty acids	Spingolipids	Ceramides	1	0.993	0.975
raw	class	Ceramides	NPC class: Ceramides	2701	PS	PET	2254380	2254380	4141402.58888889	3392434.8	2884902.93333333	3058430.8	5139282.93333333	5503941.5	4400021.9	4857380.5	0.00208131429817063	0.945675193045091	0.00237057918841239	N-stearoylhexadecasphinganine_[2701_540.54_8.9]	N-stearoylhexadecasphinganine	2-Octadecanoylaminohexadecane-1,3-diol	[M + H]+	21	Fatty acids	Spingolipids	Ceramides	1	0.999	0.998
raw	class	Ceramides	NPC class: Ceramides	2235	PS	Untreated	2088562	2088562	9608233.5	9577578	9441478.5	9577578	10735892	10263635	8647330	8149128	0.00192822592163515	0.947603418966726	0.00549984646110381	Cer(d16:1/18:0)_[2235_520.51_7.6]	Cer(d16:1/18:0)	N-(octadecanoyl)-hexadecasphing-4-enine	[M - H2O + H]+	20	Fatty acids	Spingolipids	Ceramides	1	1	1
raw	class	Ceramides	NPC class: Ceramides	2202	Untreated	PS	2057311.66666667	2057311.66666667	10468990.5555556	11032350	10938596	11351152	9205532	9190742	11262843.6666667	11175208	0.00189937463410187	0.949502793600828	0.00599255218540447	Cer(d16:1/18:0)_[2202_538.52_7.5]	Cer(d16:1/18:0)	N-(octadecanoyl)-hexadecasphing-4-enine	[M + H]+	56	Fatty acids	Spingolipids	Ceramides	1	1	1
raw	class	Ceramides	NPC class: Ceramides	3061	Untreated	PET	2034673.16666667	2034673.16666667	6766984.38888889	6490868	5681575.83333333	5751335.5	6903128.33333333	6971954	7716249	8001413	0.00187847406111101	0.951381267661939	0.00387348778977689	NA_[3061_632.63_9.6]	NA	N-(1,3-dihydroxyhenicos-4-en-2-yl)henicosanamide	[M - H2O + H]+	56	Fatty acids	Spingolipids	Ceramides	1	1	1
raw	class	Ceramides	NPC class: Ceramides	2673	PS	PET	2033593.46666667	2033593.46666667	2493688.06666667	2381922.5	1432708.4	1637376.4	3466301.86666667	4004581.5	2582053.93333333	2630651.8	0.00187747724821889	0.953258744910158	0.00142741134346428	NA_[2673_582.58_8.8]	NA	N-(1,3-dihydroxyoctadecan-2-yl)nonadecanamide	[M + H]+	21	Fatty acids	Spingolipids	Ceramides	1	0.998	0.999
raw	class	Ceramides	NPC class: Ceramides	1314	PS	Untreated	1992451.76666667	1992451.76666667	2478404.04444444	1871996.1	1910395.7	1361925.2	3758634.1	2400731.2	1766182.33333333	1220760.6	0.00183949394085232	0.95509823885101	0.00141866262024369	NA_[1314_616.49_4.9]	NA	NA	[M + Na]+	187	Fatty acids	Spingolipids	Ceramides	1	0.951	0.746
raw	class	Ceramides	NPC class: Ceramides	939	PS	Untreated	1839888.83333333	1839888.83333333	2764477	2506804.8	3220927.56666667	2506804.8	3456196.13333333	4128709.5	1616307.3	1233346.8	0.00169864305745311	0.956796881908463	0.00158241356699469	NA_[939_449.41_3.5]	NA	N-(1-hydroxypropan-2-yl)pentacosa-10,12-diynamide	[M + H3N + H]+	58	Fatty acids	Fatty amides	Ceramides	0.998	0.78	0.715
raw	class	Ceramides	NPC class: Ceramides	3042	PET	PS	1778666.06666667	1778666.06666667	5614652.75555556	5497286.5	6505513.83333333	6879956	4726847.76666667	4794124.5	5611596.66666667	5497286.5	0.0016421202797329	0.958439002188196	0.00321388193656711	NA_[3042_504.51_9.6]	NA	N-(3-hydroxyoctadec-4-en-2-yl)hexadecanamide	[M - H2O + H]+	33	Fatty acids	Spingolipids	Ceramides	1	1	0.999
raw	class	Ceramides	NPC class: Ceramides	2046	Untreated	PS	1757476	1757476	11309136.3333333	11305986	11039688.3333333	11606795	10565122.3333333	10663647	12322598.3333333	12300764	0.00162255694580848	0.960061559134005	0.00647345981350515	NA_[2046_706.57_7]	NA	NA	[M + K]+	5	Fatty acids	Spingolipids	Ceramides	1	0.996	0.884
raw	class	Ceramides	NPC class: Ceramides	2556	PS	PET	1749153.03333333	1749153.03333333	2275033.91111111	1767781	1441498.93333333	1574544.2	3190651.96666667	3408048.8	2192950.83333333	2320015	0.00161487292202965	0.961676432056034	0.00130225157464331	NA_[2556_620.6_8.5]	NA	N-(1,3-dihydroxy-4-oxooctadecan-2-yl)docosanamide	[M - H2O + H]+	21	Fatty acids	Spingolipids	Ceramides	1	1	1
raw	class	Ceramides	NPC class: Ceramides	1219	PS	Untreated	1694509.96666667	1694509.96666667	1854202.04444444	1013873.6	1302348.03333333	1013873.6	2977384.03333333	1327100.5	1282874.06666667	1013873.6	0.0015644247296445	0.963240856785679	0.00106136331431883	Cer(d16:1/18:0)_[1219_560.5_4.5]	Cer(d16:1/18:0)	N-(octadecanoyl)-hexadecasphing-4-enine	[M + Na]+	102	Fatty acids	Spingolipids	Ceramides	1	0.998	0.997
raw	class	Ceramides	NPC class: Ceramides	1374	Untreated	PS	1643020	1643020	6365044.88888889	5914774	5897427.66666667	5914774	5777343.5	5886057.5	7420363.5	7578572.5	0.00151688757803933	0.964757744363718	0.00364341370418636	NA_[1374_689.56_5.1]	NA	NA	[M + H3N + H]+	5	Fatty acids	Spingolipids	Ceramides	1	1	0.96
raw	class	Ceramides	NPC class: Ceramides	2890	Untreated	PS	1525960	1525960	12981937.6666667	13196488	12954451.6666667	13633442	12232700.6666667	12186100	13758660.6666667	13906158	0.00140881411582628	0.966166558479544	0.00743098759353496	NA_[2890_648.63_9.3]	NA	N-[(2S,3R,4E,14Z)-1,3-dihydroxyoctadeca-4,14-dien-2-yl]tetracosanamide	[M + H]+	56	Fatty acids	Spingolipids	Ceramides	1	1	1
raw	class	Ceramides	NPC class: Ceramides	2156	PS	PET	1502886.76666667	1502886.76666667	2446833.91111111	1965578	1605018.76666667	1853272.5	3107905.53333333	3676262	2627577.43333333	2701772.5	0.00138751218339178	0.967554070662936	0.00140059156835991	NA_[2156_566.55_7.3]	NA	N-[(E)-1,3-dihydroxynon-4-en-2-yl]heptacosanamide	[M + H]+	21	Fatty acids	Spingolipids	Ceramides	1	0.993	0.989
raw	class	Ceramides	NPC class: Ceramides	2850	PS	PET	1497663.73333333	1497663.73333333	2668080.97777778	2188402.2	1937481.6	1905103.4	3435145.33333333	3128115.2	2631616	2704222.5	0.0013826901152593	0.968936760778196	0.00152723554476164	N-stearoylhexadecasphinganine_[2850_540.54_9.2]	N-stearoylhexadecasphinganine	2-Octadecanoylaminohexadecane-1,3-diol	[M + H]+	21	Fatty acids	Spingolipids	Ceramides	1	0.973	0.959
raw	class	Ceramides	NPC class: Ceramides	3126	PS	PET	1449563.63333333	1449563.63333333	2907893.6	2359739.5	2089384.46666667	2254284.8	3538948.1	3536782.2	3095348.23333333	3330021	0.00133828259484419	0.97027504337304	0.00166450662603344	N-stearoylhexadecasphinganine_[3126_540.54_9.9]	N-stearoylhexadecasphinganine	2-Octadecanoylaminohexadecane-1,3-diol	[M + H]+	21	Fatty acids	Spingolipids	Ceramides	1	0.987	0.982
raw	class	Ceramides	NPC class: Ceramides	1185	PS	Untreated	1419541.4	1419541.4	4818077.47777778	4963249.5	4576810.83333333	4434109	5648481.5	5894663.5	4228940.1	5309688.5	0.00131056512773585	0.971585608500776	0.00275791448714065	NA_[1185_631.5_4.4]	NA	NA	[M + Na]+	31	Fatty acids	Spingolipids	Ceramides	1	1	0.999
raw	class	Ceramides	NPC class: Ceramides	3200	PS	PET	1366195.63333333	1366195.63333333	2870403.35555556	2523706.5	2118287.8	2183750.8	3484483.43333333	3438373.5	3008438.83333333	3407921.2	0.0012613146433853	0.972846923144161	0.00164304684487453	NA_[3200_540.54_10.2]	NA	2-(1,2-Dihydroxyhexadecylamino)octadecane-1,3-diol	[M - H2O + H]+	21	Fatty acids	Spingolipids	Ceramides	1	0.998	0.949
raw	class	Ceramides	NPC class: Ceramides	1931	PET	Untreated	1364815.83333333	1364815.83333333	5509184.77777778	5847964	6107729.83333333	5957737.5	5676910.5	5847964	4742914	5099574.5	0.00126004076876406	0.974106963912925	0.0031535110385929	NA_[1931_580.57_6.8]	NA	N-(1,3,4-trihydroxyoctadecan-2-yl)nonadecanamide	[M - H2O + H]+	88	Fatty acids	Spingolipids	Ceramides	1	0.995	0.977
raw	class	Ceramides	NPC class: Ceramides	3173	PS	PET	1347023.6	1347023.6	2874326.22222222	2538355.8	2123170.9	2183750.8	3470194.5	3438373.5	3029613.26666667	3407921.2	0.00124361442110615	0.975350578334031	0.00164529233197203	NA_[3173_540.54_10.2]	NA	2-(1,2-Dihydroxyhexadecylamino)octadecane-1,3-diol	[M - H2O + H]+	21	Fatty acids	Spingolipids	Ceramides	1	0.998	0.951
raw	class	Ceramides	NPC class: Ceramides	1861	PS	Untreated	1253335.9	1253335.9	2153583.31111111	1990722.4	1887163.76666667	1908369.1	2913461.03333333	2102684.2	1660125.13333333	1946805.9	0.00115711899905098	0.976507697333082	0.00123273206800258	N-(2-hydroxyhexadecanoyl)sphinganine_[1861_538.52_6.6]	N-(2-hydroxyhexadecanoyl)sphinganine	2-(2'-Hydroxyhexadecanoyl)aminooctadecane-1,3-diol	[M - H2O + H]+	20	Fatty acids	Spingolipids	Ceramides	1	1	1
raw	class	Ceramides	NPC class: Ceramides	2162	PET	Untreated	1144859.1	1144859.1	5537958.46666667	5586432	6030855.5	7418664.5	5697023.5	5586432	4885996.4	3894755.2	0.00105696981618927	0.977564667149271	0.00316998137843305	Cer(d18:0/17:0)_[2162_554.55_7.4]	Cer(d18:0/17:0)	C17 dihydro Ceramide (d18:0/17:0)	[M + H]+	20	Fatty acids	Spingolipids	Ceramides	1	1	1
raw	class	Ceramides	NPC class: Ceramides	1907	PS	PET	1103839.26666667	1103839.26666667	1671802.66666667	1013873.6	1268652.93333333	1013873.6	2372492.2	1877336	1374262.86666667	1013873.6	0.00101909901995028	0.978583766169222	0.000956956133500564	NA_[1907_602.51_6.8]	NA	N-(2-hydroxy-13Z-docosenoyl)-tetradecasphing-4-enine	[M + Na]+	20	Fatty acids	Spingolipids	Ceramides	1	0.956	0.891
raw	class	Ceramides	NPC class: Ceramides	2577	PS	PET	1093063.33333333	1093063.33333333	13916734.1111111	14028097	13510217.6666667	14028097	14603281	15287807	13636703.6666667	12363360	0.00100915034043627	0.979592916509658	0.00796607418534502	NA_[2577_774.64_8.5]	NA	1-(icos-8-enoyloxy)-3-(phenylamino)propan-2-yl icos-8-enoate	[M + Na]+	-1	Fatty acids	Spingolipids	Ceramides	0.992	0.969	0.899
raw	class	Ceramides	NPC class: Ceramides	3125	PS	PET	1092279	1092279	1778741.42222222	1379555.6	1195647.73333333	1202784	2287926.73333333	2384411	1852649.8	1934916.6	0.00100842621931153	0.980601342728969	0.00101816891900344	NA_[3125_568.57_9.9]	NA	1-[[(2S,3R)-1,3-dihydroxyoctadecan-2-yl]amino]octadecane-1,2-diol	[M - H2O + H]+	21	Fatty acids	Spingolipids	Ceramides	1	0.995	0.805
raw	class	Ceramides	NPC class: Ceramides	2617	PET	Untreated	1041041.33333333	1041041.33333333	7656657.88888889	7658943	8015336	7930726	7980343	7654505.5	6974294.66666667	7608667.5	0.000961121998976784	0.981562464727946	0.00438274556858846	NA_[2617_649.66_8.7]	NA	(Z)-N-[(E,3R)-3-hydroxyoctadec-4-en-2-yl]tetracos-15-enamide	[M + H3N + H]+	561	Fatty acids	Spingolipids	Ceramides	1	0.961	0.938
raw	class	Ceramides	NPC class: Ceramides	3268	PS	PET	1040284.23333333	1040284.23333333	2249868.76666667	1885018.5	1660875.33333333	1712499.6	2701159.56666667	2685188.2	2387571.4	2565468.2	0.000960423020519228	0.982522887748465	0.00128784680079847	NA_[3268_540.54_10.5]	NA	2-(1,2-Dihydroxyhexadecylamino)octadecane-1,3-diol	[M - H2O + H]+	21	Fatty acids	Spingolipids	Ceramides	1	0.996	0.836
raw	class	Ceramides	NPC class: Ceramides	3230	PS	PET	974351.433333333	974351.433333333	1603633.12222222	1229352.5	1085699.9	1013873.6	2060051.33333333	2147202	1665148.13333333	1854084.9	0.000899551792350763	0.983422439540816	0.000917935222136593	NA_[3230_568.57_10.3]	NA	1-[[(2S,3R)-1,3-dihydroxyoctadecan-2-yl]amino]octadecane-1,2-diol	[M - H2O + H]+	21	Fatty acids	Spingolipids	Ceramides	1	0.999	0.957
raw	class	Ceramides	NPC class: Ceramides	2595	Untreated	PS	964675.966666667	964675.966666667	3292813.04444444	3191667.2	3111801.1	3191667.2	2900981.03333333	2378798.5	3865657	4047309	0.000890619098166639	0.984313058638983	0.00188483826601053	NA_[2595_452.48_8.5]	NA	1-(1-Hydroxypentadecylamino)pentadecan-1-ol	[M - H2O + H]+	163	Fatty acids	Spingolipids	Ceramides	1	0.996	0.879
raw	class	Ceramides	NPC class: Ceramides	2525	PET	PS	926404.533333334	926404.533333334	2941215.74444444	2651516.2	3284223.3	3256192.2	2357818.76666667	2510955	3181605.16666667	3855845.5	0.000855285710978964	0.985168344349962	0.00168358054614572	NA_[2525_610.63_8.4]	NA	N-(2-octadecanamidoethyl)octadecanamide	[M + H3N + H]+	74	Fatty acids	Spingolipids	Ceramides	1	0.95	0.918
raw	class	Ceramides	NPC class: Ceramides	2623	PS	Untreated	920297.333333333	920297.333333333	1618548.46666667	1545624.8	1907600.86666667	1545624.8	1934170.93333333	1944504.2	1013873.6	1013873.6	0.000849647352458311	0.98601799170242	0.000926472910605438	NA_[2623_659.64_8.7]	NA	2-[2,2-bis[(9E,12E)-octadeca-9,12-dienyl]-1,3-dioxolan-4-yl]-N,N-dimethylethanamine	[M + H3N + H]+	-1	Fatty acids	Spingolipids	Ceramides	1	0.918	0.81
raw	class	Ceramides	NPC class: Ceramides	1908	PS	PET	856958	856958	1554741.67777778	1013873.6	1252263.46666667	1013873.6	2109221.46666667	1762617.6	1302740.1	1013873.6	0.000791170494030157	0.98680916219645	0.000889949283024473	NA_[1908_624.57_6.8]	NA	N-(3-hexadecoxy-2-nitrosopropyl)-N-(2-nitrosoethyl)hexadecanamide	[M + H]+	57	Fatty acids	Spingolipids	Ceramides	0.975	0.756	0.713
raw	class	Ceramides	NPC class: Ceramides	2881	Untreated	PS	784057.433333333	784057.433333333	4057318.15555556	3961163.2	4065575.9	3961163.2	3661160.56666667	3670402	4445218	4657125.5	0.000723866405212799	0.987533028601663	0.00232244843960177	NA_[2881_630.62_9.3]	NA	N-[(2S,3R,4E,14Z)-1,3-dihydroxyoctadeca-4,14-dien-2-yl]tetracosanamide	[M - H2O + H]+	56	Fatty acids	Spingolipids	Ceramides	1	1	1
raw	class	Ceramides	NPC class: Ceramides	3080	Untreated	PS	760277	760277	2585915.44444444	2462902	2554049.33333333	2462902	2221710	2322636.2	2981987	3030191.5	0.000701911563565269	0.988234940165228	0.0014802031930054	NA_[3080_676.66_9.7]	NA	N-[(E)-1,3-dihydroxyoctadec-4-en-2-yl]-3-hydroxyhexacosanamide	[M - H2O + H]+	56	Fatty acids	Spingolipids	Ceramides	1	1	0.999
raw	class	Ceramides	NPC class: Ceramides	3347	PS	PET	622516.133333333	622516.133333333	1384956.9	1135408.6	1054385.26666667	1013873.6	1676901.4	1686666.8	1423584.03333333	1605605.9	0.000574726412205822	0.988809666577434	0.000792762822140647	NA_[3347_568.57_10.9]	NA	1-[[(2S,3R)-1,3-dihydroxyoctadecan-2-yl]amino]octadecane-1,2-diol	[M - H2O + H]+	21	Fatty acids	Spingolipids	Ceramides	1	0.998	0.953
raw	class	Ceramides	NPC class: Ceramides	998	PS	Untreated	601722.133333333	601722.133333333	1543157.26666667	1527451.9	1641780.46666667	1694462.8	1794706.73333333	1527451.9	1192984.6	1013873.6	0.000555528739446056	0.98936519531688	0.000883318253246375	NA_[998_665.56_3.7]	NA	N-(docosanoyl)-tetradecasphinganine-1-phosphate	[M + H3N + H]+	-1	Fatty acids	Spingolipids	Ceramides	1	0.992	0.867
raw	class	Ceramides	NPC class: Ceramides	3045	PET	Untreated	551961.466666667	551961.466666667	1599384.28888889	1480208.4	1859522.4	1929611.1	1631069.53333333	1480208.4	1307560.93333333	1425868.1	0.000509588131820086	0.9898747834487	0.000915503148543444	NA_[3045_480.51_9.6]	NA	2-(2-Hydroxyethylamino)triacontan-1-ol	[M - H2O + H]+	84	Fatty acids	Spingolipids	Ceramides	1	0.994	0.837
raw	class	Ceramides	NPC class: Ceramides	1771	PET	Untreated	533895.9	533895.9	1332093.81111111	1013873.6	1673954.9	1013873.6	1182267.53333333	1013873.6	1140059	1013873.6	0.000492909434258943	0.990367692882959	0.000762503475055819	NA_[1771_438.43_6.4]	NA	N-(1,3-dihydroxyundecan-2-yl)heptadecanamide	[M - H2O + H]+	20	Fatty acids	Spingolipids	Ceramides	1	0.999	0.999
raw	class	Ceramides	NPC class: Ceramides	2884	Untreated	PS	499026.2	499026.2	2968012.42222222	2947377	2953777.33333333	2947377	2725616.86666667	2664020	3224643.06666667	3154666.2	0.000460716633940044	0.990828409516899	0.00169891922556535	NA_[2884_670.61_9.3]	NA	N-[(2S,3R,4E,14Z)-1,3-dihydroxyoctadeca-4,14-dien-2-yl]tetracosanamide	[M + Na]+	-1	Fatty acids	Spingolipids	Ceramides	0.997	0.989	0.947
raw	class	Ceramides	NPC class: Ceramides	2897	PET	Untreated	492652.5	492652.5	9395208.83333333	9592794	9601831.5	9773036	9474616	9250582	9109179	9592794	0.000454832234263747	0.991283241751163	0.00537790906656667	N-2-hydroxylignoceroylsphingosine_[2897_666.64_9.3]	N-2-hydroxylignoceroylsphingosine	N-(1,3-dihydroxyoctadec-4-en-2-yl)-2-hydroxytetracosanamide	[M + H]+	56	Fatty acids	Spingolipids	Ceramides	1	1	1
raw	class	Ceramides	NPC class: Ceramides	1655	PS	Untreated	481670.4	481670.4	1442174.62222222	1013873.6	1310059	1013873.6	1749067.63333333	1557544.5	1267397.23333333	1013873.6	0.00044469321521907	0.991727934966382	0.000825514803769353	NA_[1655_574.48_6.1]	NA	N-[(4E,8E)-1,3-dihydroxypentadeca-4,8-dien-2-yl]-3-hydroxynonadecanamide	[M + Na]+	155	Fatty acids	Spingolipids	Ceramides	1	0.912	0.935
raw	class	Ceramides	NPC class: Ceramides	3193	Untreated	PET	457994.333333333	457994.333333333	1379266.23333333	1246671.4	1091472.86666667	1013873.6	1496858.63333333	1469701.4	1549467.2	1815381.5	0.000422834728150441	0.992150769694533	0.000789505429100815	NA_[3193_512.5_10.2]	NA	3-[Hexacosyl(3-hydroxypropoxy)amino]oxypropan-1-ol	[M - H2O + H]+	21	Fatty acids	Spingolipids	Ceramides	1	0.997	0.985
raw	class	Ceramides	NPC class: Ceramides	3121	Untreated	PET	441140.133333333	441140.133333333	1395470.76666667	1175803.8	1107508.1	1132846.9	1530255.96666667	1530259.8	1548648.23333333	1619236	0.000407274402276264	0.992558044096809	0.000798781061849246	NA_[3121_512.5_9.9]	NA	3-[Hexacosyl(3-hydroxypropoxy)amino]oxypropan-1-ol	[M - H2O + H]+	21	Fatty acids	Spingolipids	Ceramides	1	0.991	0.848
raw	class	Ceramides	NPC class: Ceramides	2200	PET	PS	433951.666666667	433951.666666667	2453493.12222222	2399357.8	2653830.5	2432790.5	2219878.83333333	2217294.2	2486770.03333333	2474950.8	0.000400637784467706	0.992958681881277	0.00140440336567554	NA_[2200_596.57_7.5]	NA	2-aminoethyl N-[7-hexyl-6-oxo-5-(tetradecan-7-ylamino)tridecyl]carbamate	[M + H]+	-1	Fatty acids	Spingolipids	Ceramides	1	0.987	0.985
raw	class	Ceramides	NPC class: Ceramides	1956	PET	PS	430819.333333333	430819.333333333	5945741.16666667	5885469.5	6107729.83333333	5957737.5	5676910.5	5847964	6052583.16666667	5885469.5	0.0003977459161255	0.993356427797402	0.00340340016862943	NA_[1956_580.57_6.9]	NA	N-(1,3,4-trihydroxyoctadecan-2-yl)nonadecanamide	[M - H2O + H]+	88	Fatty acids	Spingolipids	Ceramides	1	0.995	0.977
raw	class	Ceramides	NPC class: Ceramides	2917	Untreated	PET	428988.466666667	428988.466666667	1284288.57777778	1177089.2	1013873.6	1013873.6	1396130.06666667	1401822	1442862.06666667	1518824.5	0.000396055602615188	0.993752483400017	0.000735139293765827	NA_[2917_512.5_9.3]	NA	3-[Hexacosyl(3-hydroxypropoxy)amino]oxypropan-1-ol	[M - H2O + H]+	21	Fatty acids	Spingolipids	Ceramides	1	0.993	0.757
raw	class	Ceramides	NPC class: Ceramides	2201	PET	PS	394176.966666667	394176.966666667	1703566.03333333	1650190.8	1862442.06666667	1837457.6	1468265.1	1434506.5	1779990.93333333	1728299.9	0.000363916534361049	0.994116399934378	0.000975137794026862	Cer(d16:1/18:0)_[2201_560.5_7.5]	Cer(d16:1/18:0)	N-(octadecanoyl)-hexadecasphing-4-enine	[M + Na]+	-1	Fatty acids	Spingolipids	Ceramides	1	1	1
raw	class	Ceramides	NPC class: Ceramides	2713	Untreated	PET	392627.333333333	392627.333333333	4523384.5	4133061	4345861.5	3989765.5	4485803.16666667	4597282.5	4738488.83333333	4046127	0.000362485864281652	0.99447888579866	0.00258922935569133	NA_[2713_646.61_8.9]	NA	N-(1,3-dihydroxyoctadeca-4,8-dien-2-yl)-2-hydroxytetracosanamide	[M - H2O + H]+	56	Fatty acids	Spingolipids	Ceramides	1	1	1
raw	class	Ceramides	NPC class: Ceramides	2304	PET	PS	387105.8	387105.8	2522244.37777778	2318028.2	2733093.76666667	2318028.2	2345987.96666667	2253856.2	2487651.4	2511479.2	0.000357388211590229	0.99483627401025	0.00144375725414668	NA_[2304_559.52_7.8]	NA	14-(5-hydroxy-6-methylpiperidin-2-yl)-2-[10-(5-hydroxy-6-methylpiperidin-2-yl)decyl]tetradec-2-enal	[M - H2O + H]+	88	Fatty acids	Spingolipids	Ceramides	0.999	0.979	0.964
raw	class	Ceramides	NPC class: Ceramides	1499	PET	PS	376169.6	376169.6	1163821.93333333	1013873.6	1390043.2	1198846.4	1013873.6	1013873.6	1087549	1013873.6	0.000347291568864666	0.995183565579115	0.000666183012871027	NA_[1499_438.43_5.6]	NA	N-(1,3-dihydroxyundecan-2-yl)heptadecanamide	[M - H2O + H]+	20	Fatty acids	Spingolipids	Ceramides	1	0.999	0.998
raw	class	Ceramides	NPC class: Ceramides	1242	Untreated	PS	358364.8	358364.8	1241575.66666667	1013873.6	1338615	1013873.6	1013873.6	1013873.6	1372238.4	1013873.6	0.000330853619266077	0.995514419198381	0.000710690007326454	NA_[1242_544.47_4.6]	NA	NA	[M - H2O + H]+	-1	Fatty acids	Spingolipids	Ceramides	1	1	0.999
raw	class	Ceramides	NPC class: Ceramides	1806	PS	PET	350340.766666667	350340.766666667	1130653.85555556	1013873.6	1013873.6	1013873.6	1364214.36666667	1013873.6	1013873.6	1013873.6	0.00032344558011311	0.995837864778494	0.000647197282019698	N-tetradecanoylsphinganine_[1806_534.49_6.5]	N-tetradecanoylsphinganine	N-(1,3-dihydroxyoctadecan-2-yl)tetradecanamide	[M + Na]+	-1	Fatty acids	Spingolipids	Ceramides	0.997	0.859	0.804
raw	class	Ceramides	NPC class: Ceramides	1073	Untreated	PS	347695.566666667	347695.566666667	1322919.95555556	1138584	1242657.56666667	1138584	1189203.36666667	1013873.6	1536898.93333333	1611770.8	0.000321003448537457	0.996158868227031	0.000757252270761929	NA_[1073_619.61_4]	NA	N-(2-((2-Hydroxyethyl)amino)ethyl)-N-stearoylstearamide	[M - H2O + H]+	99	Fatty acids	Spingolipids	Ceramides	1	0.983	0.901
raw	class	Ceramides	NPC class: Ceramides	1886	PS	PET	334730.3	334730.3	1125450.36666667	1013873.6	1013873.6	1013873.6	1348603.9	1013873.6	1013873.6	1013873.6	0.000309033507847366	0.996467901734879	0.000644218754286067	NA_[1886_576.5_6.7]	NA	N-[(E,2S,3R)-1,3,6-trihydroxyoctadec-4-en-2-yl]hexadecanamide	[M + Na]+	267	Fatty acids	Spingolipids	Ceramides	1	0.991	0.958
raw	class	Ceramides	NPC class: Ceramides	986	PS	Untreated	334141.066666667	334141.066666667	1397141.78888889	1270415.9	1359268.96666667	1219518.2	1583148.73333333	1662264.2	1249007.66666667	1243487.5	0.000308489509159644	0.996776391244038	0.000799737571248743	NA_[986_603.47_3.7]	NA	Barbituric acid, 1,3-bis((dodecyloxy)methyl)-5,5-diethyl-	[M + Na]+	31	Fatty acids	Spingolipids	Ceramides	1	0.995	0.964
raw	class	Ceramides	NPC class: Ceramides	2483	Untreated	PET	319474	319474	9951468.22222222	10055350	9789702.66666667	9882986	9955525.33333333	10076194	10109176.6666667	10055350	0.000294948413352569	0.997071339657391	0.00569631735997839	Cer(d18:1/19:0)_[2483_562.56_8.3]	Cer(d18:1/19:0)	NA	[M - H2O + H]+	88	Fatty acids	Spingolipids	Ceramides	1	0.999	0.997
raw	class	Ceramides	NPC class: Ceramides	3114	PET	Untreated	272807	272807	2207513.68888889	2294197.8	2327327	2294197.8	2240694.06666667	2260312	2054520	2344331.8	0.000251863975789811	0.997323203633181	0.00126360234164519	NA_[3114_783.77_9.9]	NA	N,N'-Didocosyladipamide	[M + Na]+	468	Fatty acids	Spingolipids	Ceramides	1	0.989	0.93
raw	class	Ceramides	NPC class: Ceramides	1347	Untreated	PS	267412.6	267412.6	1858285.13333333	1716632.8	1883404.73333333	1960175.5	1712019.03333333	1713356.8	1979431.63333333	1926896.1	0.000246883696577765	0.997570087329759	0.00106370051417726	NA_[1347_424.42_4.9]	NA	NA	[M - H2O + H]+	20	Fatty acids	Spingolipids	Ceramides	1	0.998	0.994
raw	class	Ceramides	NPC class: Ceramides	2625	PS	PET	249605	249605	8890339.44444444	8908376	8765643.33333333	8908376	9015248.33333333	9196869	8890126.66666667	8889015	0.000230443161931387	0.99780053049169	0.0050889169098086	NA_[2625_564.57_8.6]	NA	N-(1,3-dihydroxyoctadecan-2-yl)nonadecanamide	[M - H2O + H]+	88	Fatty acids	Spingolipids	Ceramides	1	1	1
raw	class	Ceramides	NPC class: Ceramides	1005	Untreated	PET	237321.333333333	237321.333333333	2985898.48888889	2765385.2	2867416.46666667	2765385.2	2985541.2	3388421	3104737.8	2731968.2	0.00021910249573168	0.998019632987422	0.00170915738437568	NA_[1005_615.51_3.7]	NA	N-[9-(dodecylamino)-8,9-dioxononyl]-2-oxopentadecanamide	[M + Na]+	251	Fatty acids	Spingolipids	Ceramides	1	0.995	0.993
raw	class	Ceramides	NPC class: Ceramides	1835	PS	PET	236759.433333333	236759.433333333	1092793.41111111	1013873.6	1013873.6	1013873.6	1250633.03333333	1013873.6	1013873.6	1013873.6	0.000218583732034281	0.998238216719456	0.000625525594774212	Cer(d16:1/18:0)_[1835_554.51_6.6]	Cer(d16:1/18:0)	N-(octadecanoyl)-hexadecasphing-4-enine	[M + O + H]+	-1	Fatty acids	Spingolipids	Ceramides	1	1	0.999
raw	class	Ceramides	NPC class: Ceramides	3233	PET	Untreated	216753.933333333	216753.933333333	1908686.81111111	1940754.6	1995224.43333333	2011394.2	1952365.5	1940754.6	1778470.5	1911082.6	0.000200114027196564	0.998438330746653	0.00109255092556243	NA_[3233_616.64_10.4]	NA	N-(tetracosanoyl)-1-deoxysphing-4-enine	[M - H2O + H]+	383	Fatty acids	Spingolipids	Ceramides	1	0.998	0.992
raw	class	Ceramides	NPC class: Ceramides	2020	PS	Untreated	211698.633333333	211698.633333333	2375331.04444444	2418037.2	2431448.96666667	2418037.2	2453121.4	2498042.5	2241422.76666667	2277078.8	0.00019544681573641	0.998633777562389	0.00135966263088192	Cer(d16:1/18:0)_[2020_520.51_7]	Cer(d16:1/18:0)	N-(octadecanoyl)-hexadecasphing-4-enine	[M - H2O + H]+	33	Fatty acids	Spingolipids	Ceramides	1	1	1
raw	class	Ceramides	NPC class: Ceramides	2601	PS	PET	209854	209854	8925116.44444444	8954518	8801855.33333333	8954518	9011709.33333333	9065341	8961784.66666667	8899871	0.000193743792407801	0.998827521354797	0.00510882360341443	NA_[2601_564.57_8.6]	NA	N-(1,3-dihydroxyoctadecan-2-yl)nonadecanamide	[M - H2O + H]+	88	Fatty acids	Spingolipids	Ceramides	1	1	1
raw	class	Ceramides	NPC class: Ceramides	3178	PET	Untreated	203123.566666667	203123.566666667	1619533.3	1651549.1	1720202.06666667	1671053.1	1621319.33333333	1586939.4	1517078.5	1628166.6	0.000187530045333417	0.99901505140013	0.000927036638799919	NA_[3178_785.79_10.2]	NA	Hexatetracontaneoic acid 3-pyridylmethyl ester	[M + H3N + H]+	468	Fatty acids	Spingolipids	Ceramides	1	0.995	0.982
raw	class	Ceramides	NPC class: Ceramides	956	PET	Untreated	191903.1	191903.1	1101724.92222222	1013873.6	1205776.7	1285312.9	1085524.46666667	1013873.6	1013873.6	1013873.6	0.0001771709587085	0.999192222358839	0.000630638078747125	NA_[956_579.58_3.6]	NA	N-octadecanoylnonadec-18-enamide	[M + H3N + H]+	24	Fatty acids	Spingolipids	Ceramides	1	0.915	0.802
raw	class	Ceramides	NPC class: Ceramides	1961	PS	Untreated	183284.433333334	183284.433333334	2595254.64444444	2620226	2628274.16666667	2620226	2670387.1	2643151.5	2487102.66666667	2549753	0.000169213935418505	0.999361436294257	0.00148554904207012	N-tetradecanoylicosasphinganine_[1961_522.52_6.9]	N-tetradecanoylicosasphinganine	N-(1,3-dihydroxyicosan-2-yl)tetradecanamide	[M - H2O + H]+	455	Fatty acids	Spingolipids	Ceramides	1	1	1
raw	class	Ceramides	NPC class: Ceramides	2081	PS	PET	178440.833333333	178440.833333333	1073353.87777778	1013873.6	1013873.6	1013873.6	1192314.43333333	1013873.6	1013873.6	1013873.6	0.000164742172035836	0.999526178466293	0.000614398216509639	NA_[2081_560.5_7.2]	NA	N-[(E)-1,3-dihydroxynon-4-en-2-yl]pentacosanamide	[M + Na]+	31	Fatty acids	Spingolipids	Ceramides	1	0.92	0.748
raw	class	Ceramides	NPC class: Ceramides	1709	PS	Untreated	146104.8	146104.8	1168102.71111111	1013873.6	1134550.2	1013873.6	1257931.36666667	1013873.6	1111826.56666667	1013873.6	0.000134888532222323	0.999661066998515	0.000668633371775386	N-stearoylhexadecasphinganine_[1709_540.54_6.3]	N-stearoylhexadecasphinganine	2-Octadecanoylaminohexadecane-1,3-diol	[M + H]+	20	Fatty acids	Spingolipids	Ceramides	1	1	1
raw	class	Ceramides	NPC class: Ceramides	2238	PS	Untreated	123887.666666667	123887.666666667	1366971.03333333	1418810.2	1391489.5	1539543.5	1416655.63333333	1418810.2	1292767.96666667	1329333.9	0.000114376978149349	0.999775443976665	0.000782467536838042	NA_[2238_502.5_7.6]	NA	N-[(4E,8E)-1-hydroxyicosa-4,8-dien-2-yl]tetradecanamide	[M - H2O + H]+	8	Fatty acids	Spingolipids	Ceramides	1	1	0.999
raw	class	Ceramides	NPC class: Ceramides	2319	Untreated	PS	121274	121274	2264360.23333333	2284012	2270648.16666667	2284012	2200579.26666667	2101101.8	2321853.26666667	2355840.8	0.000111963959135702	0.9998874079358	0.0012961418574978	NA_[2319_522.47_7.8]	NA	1-(1-Hydroxyheptylamino)tetracosan-1-ol	[M + K]+	20	Fatty acids	Spingolipids	Ceramides	1	0.997	0.799
raw	class	Ceramides	NPC class: Ceramides	2900	PS	PET	101176.533333333	101176.533333333	2453045.28888889	2466165.2	2413423.53333333	2395682.2	2514600.06666667	2466165.2	2431112.26666667	2501129.5	9.34093477878635e-05	0.999980817283588	0.00140414702151264	NA_[2900_688.62_9.3]	NA	N-[(E)-1,3-dihydroxyoctadec-4-en-2-yl]-3-hydroxytetracosanamide	[M + Na]+	-1	Fatty acids	Spingolipids	Ceramides	0.999	1	0.995
raw	class	Ceramides	NPC class: Ceramides	1891	PS	PET	20777.8	20777.8	1324820.37777778	1328574.1	1313680.83333333	1276872.1	1334458.63333333	1328574.1	1326321.66666667	1364596.6	1.91827164118426e-05	1	0.000758340090956296	NA_[1891_576.55_6.7]	NA	N-[4-amino-2-(hexadecanoylamino)-3-oxobutyl]hexadecanamide	[M - H2O + H]+	267	Fatty acids	Spingolipids	Ceramides	0.999	0.907	0.831
raw	class	Ceramides	NPC class: Ceramides	1269	PET	PET	0	0	1013873.6	1013873.6	1013873.6	1013873.6	1013873.6	1013873.6	1013873.6	1013873.6	0	1	0.000580351126038578	NA_[1269_438.36_4.6]	NA	N-[(4E,8E,12E)-1,3-dihydroxyheptadeca-4,8,12-trien-2-yl]nonanamide	[M + O + H]+	102	Fatty acids	Spingolipids	Ceramides	1	0.999	0.999
raw	class	Ceramides	NPC class: Ceramides	1611	PET	PET	0	0	1013873.6	1013873.6	1013873.6	1013873.6	1013873.6	1013873.6	1013873.6	1013873.6	0	1	0.000580351126038578	NA_[1611_838.61_6.1]	NA	(5S,20S,35S)-5,20,35-Tripropyl-1,16,31-trioxa-4,19,34-triazacyclopentatetraconta-10,25,37,40-tetrene-15,30,45-trione	[M + K]+	-1	Fatty acids	Spingolipids	Ceramides	1	0.999	0.861
raw	class	Ceramides	NPC class: Ceramides	1751	PET	PET	0	0	1013873.6	1013873.6	1013873.6	1013873.6	1013873.6	1013873.6	1013873.6	1013873.6	0	1	0.000580351126038578	NA_[1751_516.48_6.4]	NA	NA	[M - H2O + H]+	-1	Fatty acids	Spingolipids	Ceramides	1	0.998	0.992
raw	class	Ceramides	NPC class: Ceramides	2225	PET	PET	0	0	1013873.6	1013873.6	1013873.6	1013873.6	1013873.6	1013873.6	1013873.6	1013873.6	0	1	0.000580351126038578	NA_[2225_558.5_7.5]	NA	N-chloro-N-hydroxytetratriacontanamide	[M + H]+	20	Fatty acids	Spingolipids	Ceramides	1	0.99	0.966
raw	class	Cholane steroids	NPC class: Cholane steroids	1773	Untreated	PET	542544.066666667	542544.066666667	1194721.62222222	1013873.6	1013873.6	1013873.6	1013873.6	1013873.6	1556417.66666667	1013873.6	1	1	1	NA_[1773_507.27_6.4]	NA	(4R)-4-[(3S,5R,7R,8R,9S,10S,12S,13R,14S,17R)-3,7,12-trihydroxy-3-(2-hydroxyethoxy)-10,13-dimethyl-1,2,4,5,6,7,8,9,11,12,14,15,16,17-tetradecahydrocyclopenta[a]phenanthren-17-yl]pentanoic acid	[M + K]+	-1	Terpenoids	Steroids	Cholane steroids	0.989	0.972	0.984
raw	class	Cholestane steroids	NPC class: Cholestane steroids	1674	PET	PS	955171.833333334	955171.833333334	7155481.72222222	7145256.5	7650151.66666667	7832495	6694979.83333333	6896079.5	7121313.66666667	7297340	1	1	1	cholesterol-2,2,3,4,4,6-d6_[1674_369.35_6.2]	cholesterol-2,2,3,4,4,6-d6	Cholesterin	[M - H2O + H]+	311	Terpenoids	Steroids	Cholestane steroids	0.998	0.999	0.863
raw	class	Cinnamic acids and derivatives	NPC class: Cinnamic acids and derivatives	234	PET	PS	3204722	3204722	41863837.7777778	40801660	43712290	44886750	40507568	40548040	41371655.3333333	42906508	1	1	1	NA_[234_281.14_1]	NA	3-O-Propargyl-1-O,2-O:5-O,6-O-diisopropylidene-alpha-D-allofuranose	[M - H2O + H]+	472	Shikimates and Phenylpropanoids	Phenylpropanoids (C6-C3)	Cinnamic acids and derivatives	0.639	0.888	0.908
raw	class	Cyclamides	NPC class: Cyclamides	1726	PS	PET	368015.733333333	368015.733333333	1136545.51111111	1013873.6	1013873.6	1013873.6	1381889.33333333	1013873.6	1013873.6	1013873.6	1	1	1	Microcyclamide GL628_[1726_629.2_6.3]	Microcyclamide GL628	Microcyclamide Gl628	[M + H]+	104	Amino acids and Peptides	Oligopeptides	Cyclamides	0.993	0.989	0.924
raw	class	Depsipeptides	NPC class: Depsipeptides	1737	PET	PET	0	0	1013873.6	1013873.6	1013873.6	1013873.6	1013873.6	1013873.6	1013873.6	1013873.6	NA	0	1	Desmethoxymajusculamide C_[1737_955.59_6.4]	Desmethoxymajusculamide C	Desmethoxymajusculamide C	[M + H]+	-1	Polyketides	Oligopeptides	Depsipeptides	0.705	0.998	0.785
raw	class	Diacylglycerols	NPC class: Diacylglycerols	2702	PS	Untreated	8550720.16666667	8550720.16666667	10609664.1666667	8436263	12732933	12870964	13823389.8333333	13887862	5272669.66666667	5271801.5	0.190852179693319	0.190852179693319	0.0568095738350945	NA_[2702_560.56_8.9]	NA	1-(1,2,2-Trioctoxyethoxy)octane	[M + H3N + H]+	79	Fatty acids	Glycerolipids	Diacylglycerols	1	1	0.944
raw	class	Diacylglycerols	NPC class: Diacylglycerols	1623	Untreated	PET	7869318.66666667	7869318.66666667	31630620	31412032	27718904.6666667	27348750	31584732	31412032	35588223.3333333	33918770	0.175643289800247	0.366495469493566	0.169366533578449	1-stearoyl-2-arachidonoyl-sn-glycerol_[1623_627.53_6.1]	1-stearoyl-2-arachidonoyl-sn-glycerol	1-hydroxy-3-(octadecanoyloxy)propan-2-yl icosa-5,8,11,14-tetraenoate	[M - H2O + H]+	399	Fatty acids	Glycerolipids	Diacylglycerols	1	1	0.999
raw	class	Diacylglycerols	NPC class: Diacylglycerols	2683	Untreated	PS	4114058	4114058	5718804.44444444	3810153.5	4924204	4939651.5	4059075.66666667	3779322.8	8173133.66666667	3810153.5	0.0918258253551082	0.458321294848674	0.0306214068825898	NA_[2683_561.56_8.8]	NA	(2R)-3-[(3S,11S)-3,11-dimethyltetradecoxy]-2-[(3R)-3-methyl-5-[(1R,4S,5S)-2-(6-methylheptyl)-5-bicyclo[2.1.0]pentanyl]pentoxy]propan-1-ol	[M - H2O + H]+	79	Fatty acids	Glycerolipids	Diacylglycerols	1	0.999	0.997
raw	class	Diacylglycerols	NPC class: Diacylglycerols	2943	PET	PS	3632821.13333333	3632821.13333333	2224813.97777778	1013873.6	4646694.73333333	1013873.6	1013873.6	1013873.6	1013873.6	1013873.6	0.0810846125494129	0.539405907398087	0.0119127930869867	NA_[2943_600.55_9.4]	NA	[(2S)-3-hydroxy-2-(10-methylundecanoyloxy)propyl] 19-methylicosanoate	[M + H3N + H]+	271	Fatty acids	Glycerolipids	Diacylglycerols	1	1	1
raw	class	Diacylglycerols	NPC class: Diacylglycerols	2820	PS	Untreated	2822497.83333333	2822497.83333333	4282625.45555556	1013873.6	5158561.4	1013873.6	5255906.4	1013873.6	2433408.56666667	1013873.6	0.0629981864885808	0.602404093886668	0.0229313692878063	NA_[2820_600.55_9.1]	NA	[(2S)-3-hydroxy-2-(10-methylundecanoyloxy)propyl] 19-methylicosanoate	[M + H3N + H]+	271	Fatty acids	Glycerolipids	Diacylglycerols	1	1	1
raw	class	Diacylglycerols	NPC class: Diacylglycerols	2710	PET	Untreated	2541514	2541514	73882120.8888889	73585260	75077260	73810430	74033356.6666667	73585260	72535746	64415310	0.0567266238593531	0.659130717746021	0.395602701065456	NA_[2710_600.55_8.9]	NA	(1-Hydroxy-3-tridecanoyloxypropan-2-yl) icosanoate	[M + H3N + H]+	271	Fatty acids	Glycerolipids	Diacylglycerols	1	1	1
raw	class	Diacylglycerols	NPC class: Diacylglycerols	1354	PS	PET	2388971.7	2388971.7	3845398.07777778	3464852.8	2450717.46666667	2686950	4839689.16666667	5746053.5	4245787.6	4487801	0.0533218778399565	0.712452595585977	0.0205902300575345	NA_[1354_528.5_5]	NA	9-Hexadecanoyloxy-hexadecanoic acid	[M + H3N + H]+	21	Fatty acids	Glycerolipids	Diacylglycerols	0.999	0.954	0.729
raw	class	Diacylglycerols	NPC class: Diacylglycerols	1832	PS	PET	1704481.9	1704481.9	2480204.43333333	1943584.6	1666953.6	1887453.5	3371435.5	3611236.5	2402224.2	2568139.8	0.038044057052755	0.750496652638732	0.0132802843396547	NA_[1832_584.56_6.6]	NA	1,4-Butanediol dipalmitate	[M + H3N + H]+	24	Fatty acids	Glycerolipids	Diacylglycerols	1	0.996	0.938
raw	class	Diacylglycerols	NPC class: Diacylglycerols	2417	PET	Untreated	1398629.26666667	1398629.26666667	1604919.93333333	1013873.6	2412502.86666667	2548193.8	1388383.33333333	1013873.6	1013873.6	1013873.6	0.0312174225004792	0.781714075139212	0.00859356300254697	NA_[2417_554.51_8]	NA	7-(9Z-hexadecenoyloxy)-octadecanoic acid	[M + H3N + H]+	-1	Fatty acids	Glycerolipids	Diacylglycerols	0.997	0.979	0.803
raw	class	Diacylglycerols	NPC class: Diacylglycerols	1114	PS	Untreated	1234875.5	1234875.5	6382530.16666667	6455401.5	6601727	6342634	6890369.5	6628193.5	5655494	6455401.5	0.0275624364066578	0.809276511545869	0.0341753342105913	DG(18:2n6/0:0/18:2n6)_[1114_627.53_4.1]	DG(18:2n6/0:0/18:2n6)	1-Linoleoyl-3-linoleoyl-sn-glycerol	[M - H2O + H]+	426	Fatty acids	Glycerolipids	Diacylglycerols	1	0.999	0.995
raw	class	Diacylglycerols	NPC class: Diacylglycerols	1823	PS	PET	1143888	1143888	5250625.22222222	5257535.5	4529788.66666667	4635268	5673676.66666667	4888960.5	5548410.33333333	5683444.5	0.0255315942832609	0.83480810582913	0.0281145356305805	DG(20:0/18:3(6Z,9Z,12Z)/0:0)_[1823_629.55_6.5]	DG(20:0/18:3(6Z,9Z,12Z)/0:0)	Diglyceride	[M - H2O + H]+	399	Fatty acids	Glycerolipids	Diacylglycerols	1	1	1
raw	class	Diacylglycerols	NPC class: Diacylglycerols	1767	Untreated	PET	1142782.73333333	1142782.73333333	3830459.14444444	3954673.5	3148632.43333333	3175411	4051329.83333333	3973298.2	4291415.16666667	4426112	0.0255069247176145	0.860315030546745	0.0205102393601019	NA_[1767_577.52_6.4]	NA	[3-hydroxy-2-[(Z)-tridec-9-enoyl]oxypropyl] henicosanoate	[M - H2O + H]+	19	Fatty acids	Glycerolipids	Diacylglycerols	0.999	0.999	0.998
raw	class	Diacylglycerols	NPC class: Diacylglycerols	2913	Untreated	PS	980063.1	980063.1	1796234.06666667	1013873.6	1783914.16666667	1924673.1	1312362.46666667	1013873.6	2292425.56666667	1013873.6	0.0218750204925613	0.882190051039306	0.00961795682053826	NA_[2913_628.58_9.3]	NA	1-Pentadecanoyl-3-arachidonyl-sn-glycerol	[M + H3N + H]+	-1	Fatty acids	Glycerolipids	Diacylglycerols	1	1	0.997
raw	class	Diacylglycerols	NPC class: Diacylglycerols	614	PET	PS	676300.166666666	676300.166666666	7731941.72222222	7824055	8049404.83333333	7916278	7373104.66666667	6431491.5	7773315.66666667	7824055	0.0150950280700865	0.897285079109393	0.0414007745445192	1-oleoyl-3-linoleoylglycerol_[614_641.51_2.3]	1-oleoyl-3-linoleoylglycerol	2-hydroxy-3-(octadec-9-enoyloxy)propyl octadeca-9,12-dienoate	[M + Na]+	131	Fatty acids	Glycerolipids	Diacylglycerols	0.995	0.996	0.969
raw	class	Diacylglycerols	NPC class: Diacylglycerols	1019	PS	PET	654556.3	654556.3	1232059.03333333	1013873.6	1013873.6	1013873.6	1668429.9	1013873.6	1013873.6	1013873.6	0.0146097046976211	0.911894783807014	0.00659707484834889	DG(13:0/20:5(5Z,8Z,11Z,14Z,17Z)/0:0)[iso2]_[1019_590.48_3.8]	DG(13:0/20:5(5Z,8Z,11Z,14Z,17Z)/0:0)[iso2]	(1-hydroxy-3-tridecanoyloxypropan-2-yl) (5Z,8Z,11Z,14Z,17Z)-icosa-5,8,11,14,17-pentaenoate	[M + H3N + H]+	102	Fatty acids	Glycerolipids	Diacylglycerols	0.837	0.819	0.706
raw	class	Diacylglycerols	NPC class: Diacylglycerols	1838	PS	PET	612293.233333333	612293.233333333	3093533.48888889	2913417.8	2701330.53333333	2832412.8	3313623.76666667	2913417.8	3265646.16666667	3248254	0.013666392527811	0.925561176334825	0.0165643621124706	NA_[1838_605.55_6.6]	NA	NA	[M - H2O + H]+	19	Fatty acids	Glycerolipids	Diacylglycerols	1	1	0.999
raw	class	Diacylglycerols	NPC class: Diacylglycerols	1614	PET	PS	600170.5	600170.5	1630305.35555556	1452797.6	2021105.76666667	2135289.2	1420935.26666667	1368050.2	1448875.03333333	1237371.6	0.0133958129701351	0.93895698930496	0.00872948954983574	NA_[1614_528.5_6.1]	NA	9-Myristoyloxystearic acid	[M + H3N + H]+	318	Fatty acids	Glycerolipids	Diacylglycerols	1	0.999	0.938
raw	class	Diacylglycerols	NPC class: Diacylglycerols	1922	PS	Untreated	540844.666666667	540844.666666667	1410181.82222222	1324480.5	1283396.93333333	1268918.1	1743996.6	1611587.8	1203151.93333333	1233502.1	0.0120716596376558	0.951028648942616	0.00755083545454115	NA_[1922_538.52_6.8]	NA	[(E)-hexadec-9-enoyl] octadecanoate	[M + H3N + H]+	20	Fatty acids	Fatty esters	Diacylglycerols	0.997	0.919	0.752
raw	class	Diacylglycerols	NPC class: Diacylglycerols	1616	Untreated	PET	519876.666666667	519876.666666667	3889938.83333333	3740032.5	3618139.66666667	3707609	3913660.5	3647789.5	4138016.33333333	4240695	0.0116036536187699	0.962632302561386	0.0208287240665489	1,2-dioleoylglycerol_[1616_603.54_6.1]	1,2-dioleoylglycerol	1,2-Dioleoyl-Sn-Glycerol	[M - H2O + H]+	19	Fatty acids	Glycerolipids	Diacylglycerols	0.999	0.999	0.998
raw	class	Diacylglycerols	NPC class: Diacylglycerols	2680	PET	Untreated	459402.833333333	459402.833333333	3462282.34444444	1013873.6	3712556.4	1013873.6	3421137.06666667	1013873.6	3253153.56666667	1013873.6	0.0102538769121166	0.972886179473502	0.0185388322754477	NA_[2680_560.56_8.8]	NA	1-(1,2,2-Trioctoxyethoxy)octane	[M + H3N + H]+	79	Fatty acids	Glycerolipids	Diacylglycerols	1	1	0.981
raw	class	Diacylglycerols	NPC class: Diacylglycerols	612	PS	Untreated	456863.1	456863.1	4132751.4	4363033.5	4120065.1	3885505.5	4367526.1	4363033.5	3910663	4559668.5	0.0101971900327592	0.983083369506261	0.0221288668625364	2,3-dilinoleoyl-sn-glycerol_[612_639.49_2.4]	2,3-dilinoleoyl-sn-glycerol	1,2-Dilinoleoyl-Sn-Glycerol	[M + Na]+	131	Fatty acids	Glycerolipids	Diacylglycerols	0.938	0.976	0.84
raw	class	Diacylglycerols	NPC class: Diacylglycerols	1589	PS	PET	288489.966666667	288489.966666667	1110036.92222222	1013873.6	1013873.6	1013873.6	1302363.56666667	1013873.6	1013873.6	1013873.6	0.00643909961790386	0.989522469124165	0.00594370599314424	2-edahma [dmed-fahfa]_[1589_552.5_6]	2-edahma [dmed-fahfa]	2-Edahma	[M + H3N + H]+	-1	Fatty acids	Fatty esters	Diacylglycerols	0.978	0.929	0.758
raw	class	Diacylglycerols	NPC class: Diacylglycerols	1263	PS	PET	285435.733333333	285435.733333333	1109018.84444444	1013873.6	1013873.6	1013873.6	1299309.33333333	1013873.6	1013873.6	1013873.6	0.0063709290921941	0.995893398216359	0.00593825468349127	NA_[1263_657.58_4.6]	NA	1-hydroxy-3-(octadeca-9,12-dienoyloxy)propan-2-yl docos-13-enoate	[M - H2O + H]+	-1	Fatty acids	Glycerolipids	Diacylglycerols	1	1	0.993
raw	class	Diacylglycerols	NPC class: Diacylglycerols	2523	PS	PET	183987.433333333	183987.433333333	3403439.97777778	3438528	3320411.5	3438528	3504398.93333333	3417477.8	3385509.5	3486988.5	0.00410660178364069	1	0.0182237601184718	1-palmitoyl-2-[(4Z,7Z,10Z,13Z,16Z,19Z)-docosahexaenoyl]-sn-glycerol_[2523_658.54_8.4]	1-palmitoyl-2-[(4Z,7Z,10Z,13Z,16Z,19Z)-docosahexaenoyl]-sn-glycerol	1-(hexadecanoyloxy)-3-hydroxypropan-2-yl docosa-4,7,10,13,16,19-hexaenoate	[M + H3N + H]+	-1	Fatty acids	Glycerolipids	Diacylglycerols	1	1	0.999
raw	class	Diacylglycerols	NPC class: Diacylglycerols	1656	PET	PET	0	0	1013873.6	1013873.6	1013873.6	1013873.6	1013873.6	1013873.6	1013873.6	1013873.6	0	1	0.00542879833271377	NA_[1656_597.56_6.2]	NA	Dotriacontanoic acid 3-(4-hydroxyphenyl)propyl ester	[M - H2O + H]+	102	Fatty acids	Glycerolipids	Diacylglycerols	0.991	0.908	0.851
raw	class	Dicarboxylic acids	NPC class: Dicarboxylic acids	1208	Untreated	PET	968772.966666667	968772.966666667	1420604.65555556	1013873.6	1096158	1013873.6	1100725	1013873.6	2064930.96666667	1960129.8	0.272970430195895	0.272970430195895	0.187298132808658	NA_[1208_189.11_4.4]	NA	NA	[M - H2O + H]+	87	Fatty acids	Fatty Acids and Conjugates	Dicarboxylic acids	0.979	0.908	0.82
raw	class	Dicarboxylic acids	NPC class: Dicarboxylic acids	8	PS	PET	729467.2	729467.2	1352539.8	1013873.6	1013873.6	1013873.6	1743340.8	1013873.6	1300405	1013873.6	0.205541424305979	0.478511854501874	0.178324193222024	NA_[8_204.12_0.5]	NA	NA	[M + H3N + H]+	-1	Fatty acids	Fatty Acids and Conjugates	Dicarboxylic acids	0.976	0.84	0.856
raw	class	Dicarboxylic acids	NPC class: Dicarboxylic acids	1328	Untreated	PET	697676.7	697676.7	1246432.5	1013873.6	1013873.6	1013873.6	1013873.6	1013873.6	1711550.3	1779043.8	0.196583839030864	0.675095693532738	0.164334587394922	NA_[1328_189.11_4.8]	NA	NA	[M - H2O + H]+	87	Fatty acids	Fatty Acids and Conjugates	Dicarboxylic acids	0.892	0.728	0.902
raw	class	Dicarboxylic acids	NPC class: Dicarboxylic acids	1398	Untreated	PET	567588.5	567588.5	1203069.76666667	1013873.6	1013873.6	1013873.6	1013873.6	1013873.6	1581462.1	1841159.2	0.159928984757223	0.835024678289961	0.1586174732386	NA_[1398_189.11_5.2]	NA	NA	[M - H2O + H]+	87	Fatty acids	Fatty Acids and Conjugates	Dicarboxylic acids	0.979	0.896	0.784
raw	class	Dicarboxylic acids	NPC class: Dicarboxylic acids	1249	Untreated	PS	380443.666666667	380443.666666667	1279852.31111111	1013873.6	1250477.06666667	1013873.6	1104318.1	1013873.6	1484761.76666667	1524534.8	0.107197325821991	0.942222004111953	0.168740787385503	NA_[1249_189.11_4.5]	NA	NA	[M - H2O + H]+	87	Fatty acids	Fatty Acids and Conjugates	Dicarboxylic acids	0.977	0.914	0.809
raw	class	Dicarboxylic acids	NPC class: Dicarboxylic acids	1562	Untreated	PET	205054.3	205054.3	1082225.03333333	1013873.6	1013873.6	1013873.6	1013873.6	1013873.6	1218927.9	1013873.6	0.0577779958880474	1	0.142684825950293	NA_[1562_189.11_5.8]	NA	NA	[M - H2O + H]+	87	Fatty acids	Fatty Acids and Conjugates	Dicarboxylic acids	0.979	0.903	0.817
raw	class	Dipeptides	NPC class: Dipeptides	441	PS	Untreated	5112304	5112304	26756967.3333333	28891566	27099442	28891566	29141882	31411226	24029578	20190874	1	1	1	NA_[441_321.26_1.7]	NA	(NE)-N-[1-amino-4-[2-[[(3E)-3-hydroxyimino-2-methylbutan-2-yl]amino]oxyethylamino]-4-methylpentan-3-ylidene]hydroxylamine	[M + H3N + H]+	-1	Amino acids and Peptides	Small peptides	Dipeptides	0.963	0.98	0.75
raw	class	Erythromycins	NPC class: Erythromycins	529	PET	Untreated	37862892.2666667	37862892.2666667	18398615.7333333	1013873.6	38876765.8666667	41507584	15305207.7333333	1013873.6	1013873.6	1013873.6	0.918304363827997	0.918304363827997	0.671063927743795	NA_[529_659.52_2]	NA	Bis[2-[bis(2-hydroxyethyl)amino]ethyl] 2-icos-1-enylbutanedioate	[M + H]+	108	Polyketides	Macrolides	Erythromycins	0.904	0.875	0.926
raw	class	Erythromycins	NPC class: Erythromycins	1547	Untreated	PET	2524069.46666667	2524069.46666667	1855230.08888889	1013873.6	1013873.6	1013873.6	1013873.6	1013873.6	3537943.06666667	3095264	0.0612172992364237	0.97952166306442	0.0676669380111398	NA_[1547_516.33_5.8]	NA	(1S,3S,7S,10R,11S,12S,16R)-7,11-dihydroxy-3-[1-[5-(hydroxymethyl)pyridin-2-yl]prop-1-en-2-yl]-8,8,10,12,16-pentamethyl-4-oxabicyclo[14.1.0]heptadecane-5,9-dione	[M + H]+	4	Polyketides	Macrolides	Erythromycins	0.828	0.894	0.716
raw	class	Erythromycins	NPC class: Erythromycins	2083	Untreated	PS	844348.666666667	844348.666666667	7163237.66666667	6960039.5	7053293.66666667	7116688.5	6796035.33333333	6856088.5	7640384	7718203	0.0204783369355796	1	0.261269134245065	NA_[2083_733.59_7.2]	NA	2-[2-[[8-(1-Aminoethoxy)-2-methyl-3-oxooctan-2-yl]oxymethyl]-2-[(3-oxo-8-propan-2-yloxyoctan-2-yl)oxymethyl]butoxy]-2-methyl-8-propan-2-yloxyoctan-3-one	[M + H3N + H]+	-1	Polyketides	Macrolides	Erythromycins	0.79	0.894	0.864
raw	class	Fatty acid estolides	NPC class: Fatty acid estolides	1912	PS	Untreated	2294103.6	2294103.6	2895513.45555556	2035628.8	2238583.3	1524987.5	4371030.33333333	3395588.2	2076926.73333333	1199382.4	0.572003037247169	0.572003037247169	0.426768311386216	9-[(9Z),(12Z)-octadecadienoyloxy]-octadecanoate_[1912_580.53_6.8]	9-[(9Z),(12Z)-octadecadienoyloxy]-octadecanoate	9-(9Z,12Z-octadecadienoyloxy)-octadecanoate	[M + H3N + H]+	102	Fatty acids	Fatty esters	Fatty acid estolides	0.999	0.996	0.995
raw	class	Fatty acid estolides	NPC class: Fatty acid estolides	1280	PS	PET	913602.466666667	913602.466666667	1493376.5	1013873.6	1167985.06666667	1013873.6	2081587.53333333	1155604.8	1230556.9	1013873.6	0.227794152700793	0.799797189947962	0.220108031598346	NA_[1280_594.51_4.7]	NA	[1-[(Z)-hexadec-9-enoyl]oxy-3-hydroxypropan-2-yl] (9Z,12Z)-heptadeca-9,12-dienoate	[M + H3N + H]+	102	Fatty acids	Fatty esters	Fatty acid estolides	0.994	0.865	0.934
raw	class	Fatty acid estolides	NPC class: Fatty acid estolides	1306	PS	Untreated	802943.266666667	802943.266666667	1381979.77777778	1013873.6	1135796.86666667	1013873.6	1906542.86666667	1277957.8	1103599.6	1013873.6	0.200202810052038	1	0.203689323218483	NA_[1306_576.5_4.8]	NA	NA	[M + H3N + H]+	102	Fatty acids	Fatty esters	Fatty acid estolides	0.996	0.978	0.973
raw	class	Fatty acid estolides	NPC class: Fatty acid estolides	1032	PET	PET	0	0	1013873.6	1013873.6	1013873.6	1013873.6	1013873.6	1013873.6	1013873.6	1013873.6	0	1	0.149434333796955	NA_[1032_460.42_3.8]	NA	Trihexoxy(oct-7-enyl)silane	[M + H3N + H]+	-1	Fatty acids	Fatty esters	Fatty acid estolides	0.998	0.944	0.794
raw	class	Fatty acyl carnitines	NPC class: Fatty acyl carnitines	1541	Untreated	PS	4318253.66666667	4318253.66666667	8213500.16666667	7679872.5	7741235.5	7679872.5	6290505.66666667	6424554	10608759.3333333	10660929	1	1	1	NA_[1541_706.59_5.8]	NA	3,4-dihydroxy-N-(1,3,6-trihydroxynonacos-4-en-2-yl)dodecanamide	[M + Na]+	5	Fatty acids	Fatty esters	Fatty acyl carnitines	1	0.822	0.905
raw	class	Fatty acyl glycosides of mono- and disaccharides	NPC class: Fatty acyl glycosides of mono- and disaccharides	547	Untreated	PET	278162.466666667	278162.466666667	1245347.68888889	1013873.6	1120020.26666667	1013873.6	1217840.06666667	1013873.6	1398182.73333333	1286504	1	1	1	NA_[547_508.28_2.1]	NA	[6-[[5,7-dihydroxy-2-(4-hydroxycyclohexyl)-3,4,4a,5,6,7,8,8a-octahydro-2H-chromen-1-ium-3-yl]oxy]-3,4,5-trihydroxyoxan-2-yl]methyl acetate	[M + H3N + H]+	99	Fatty acids	Fatty acyl glycosides	Fatty acyl glycosides of mono- and disaccharides	0.986	0.965	0.822
raw	class	Fatty alcohols	NPC class: Fatty alcohols	946	PET	PS	37314886.6666667	37314886.6666667	370454241.111111	368102700	387061940	390180320	349747053.333333	361557630	374553730	394435740	0.300921598170186	0.300921598170186	0.478782207015488	NA_[946_284.29_3.6]	NA	(E)-11-Octadecene-8-one	[M + H3N + H]+	58	Fatty acids	Fatty acyls	Fatty alcohols	0.991	0.975	0.975
raw	class	Fatty alcohols	NPC class: Fatty alcohols	115	Untreated	PET	10396877.6666667	10396877.6666667	18139064.5555556	19066050	11925836.3333333	13222470	20168643.3333333	22791110	22322714	23221460	0.0838444203618085	0.384766018531994	0.0234432769214822	7R-hydroxy-hexadecanoic acid_[115_290.27_0.7]	7R-hydroxy-hexadecanoic acid	7-hydroxyhexadecanoic acid	[M + H3N + H]+	24	Fatty acids	Fatty acyls	Fatty alcohols	0.93	0.583	0.865
raw	class	Fatty alcohols	NPC class: Fatty alcohols	874	Untreated	PS	9588670.66666666	9588670.66666666	67876392.8888889	68807230	68494026.6666667	68807230	62773240.6666667	64468136	72361911.3333333	80509830	0.0773267282603988	0.462092746792393	0.0877247594577961	NA_[874_296.29_3.4]	NA	nonadeca-10,13-dien-2-one	[M + H3N + H]+	58	Fatty acids	Fatty acyls	Fatty alcohols	0.994	0.981	0.758
raw	class	Fatty alcohols	NPC class: Fatty alcohols	3461	PET	PS	7980173.73333333	7980173.73333333	5843599.21111111	1734724.9	10879561.3	5933003	2899387.56666667	1328436.1	3751848.76666667	1318058.1	0.0643551903282498	0.526447937120643	0.00755238033938607	NA_[3461_507.53_11.6]	NA	Methoxy-tri(undecyl)silane	[M - H2O + H]+	9	Fatty acids	Fatty acyls	Fatty alcohols	0.866	0.73	0.905
raw	class	Fatty alcohols	NPC class: Fatty alcohols	3422	PET	PS	7950871.9	7950871.9	6818692.42222222	2388006	11907639.3666667	8409250	3956767.46666667	2388006	4591670.43333333	1839571.5	0.0641188890741484	0.590566826194791	0.00881260961429285	NA_[3422_507.53_11.3]	NA	Methoxy-tri(undecyl)silane	[M - H2O + H]+	9	Fatty acids	Fatty acyls	Fatty alcohols	0.935	0.874	0.953
raw	class	Fatty alcohols	NPC class: Fatty alcohols	260	Untreated	PET	7654462.66666667	7654462.66666667	14501379.8888889	13981838	10111678.6666667	9890253	15626319.6666667	17901742	17766141.3333333	18403826	0.0617285310113234	0.652295357206115	0.0187418630898865	NA_[260_286.31_1.1]	NA	1-(ethenyloxy)hexadecane	[M + H3N + H]+	67	Fatty acids	Fatty acyls	Fatty alcohols	0.944	0.894	0.906
raw	class	Fatty alcohols	NPC class: Fatty alcohols	2682	PS	Untreated	6086290.33333333	6086290.33333333	12343883	9494209	13502458	13364785	14807740.6666667	14414203	8721450.33333333	8918585	0.0490821861632636	0.701377543369378	0.0159534724940789	NA_[2682_560.56_8.8]	NA	3-[1,2,2-Tris(2-ethylhexoxy)ethoxymethyl]heptane	[M + H3N + H]+	79	Fatty acids	Fatty acyls	Fatty alcohols	0.904	0.681	0.812
raw	class	Fatty alcohols	NPC class: Fatty alcohols	360	PS	Untreated	5811751.66666667	5811751.66666667	18416758.8888889	18512124	18090329	16952106	21485849.6666667	22510074	15674098	18512124	0.0468682007619186	0.748245744131297	0.0238021744344118	civetone_[360_251.24_1.4]	civetone	cycloheptadec-9-en-1-one	[M + H]+	79	Fatty acids	Fatty acyls	Fatty alcohols	0.955	0.977	0.787
raw	class	Fatty alcohols	NPC class: Fatty alcohols	558	Untreated	PS	4788404.00000001	4788404.00000001	68599734.8888889	68758376	69407523.3333333	69825010	65801638.6666667	65246816	70590042.6666667	75496696	0.0386155315768839	0.786861275708181	0.0886596206113579	NA_[558_242.25_2.2]	NA	Pentadecynol	[M + H3N + H]+	58	Fatty acids	Fatty acyls	Fatty alcohols	0.972	0.96	0.915
raw	class	Fatty alcohols	NPC class: Fatty alcohols	421	PS	Untreated	3181280.83333333	3181280.83333333	9689733.05555556	10521893	9497665.33333333	10521893	11376407.3333333	12928943	8195126.5	6558899	0.0256550722275144	0.812516347935695	0.0125231979091808	NA_[421_253.25_1.7]	NA	16-Heptadecen-2-one	[M + H]+	79	Fatty acids	Fatty acyls	Fatty alcohols	0.997	0.989	0.944
raw	class	Fatty alcohols	NPC class: Fatty alcohols	94	Untreated	PET	2951436	2951436	4731294	5151906	3065874.66666667	3278689	5110696.66666667	5713492.5	6017310.66666667	6139017.5	0.0238015150883576	0.836317863024053	0.00611481562895568	NA_[94_232.23_0.6]	NA	(6R)-6-ethyl-1-methoxydecan-5-one	[M + H3N + H]+	308	Fatty acids	Fatty acyls	Fatty alcohols	0.967	0.898	0.709
raw	class	Fatty alcohols	NPC class: Fatty alcohols	1139	PET	PS	2184809.33333333	2184809.33333333	20284629	20347080	21214315.3333333	22037358	19029506	18932940	20610065.6666667	23327752	0.0176191427876186	0.853937005811671	0.0262162457959213	NA_[1139_312.33_4.2]	NA	icos-2-enal	[M + H3N + H]+	58	Fatty acids	Fatty acyls	Fatty alcohols	0.949	0.905	0.899
raw	class	Fatty alcohols	NPC class: Fatty alcohols	222	PET	Untreated	2017088.9	2017088.9	10771622.5333333	12016128	11884494	14962240	10562968.5	12016128	9867405.1	6040914.5	0.0162665807044126	0.870203586516084	0.0139214527391529	(2E,16R)-16-hydroxyheptadec-2-enoic acid_[222_302.27_1]	(2E,16R)-16-hydroxyheptadec-2-enoic acid	(2E,16R)-16-hydroxyheptadec-2-enoic acid	[M + H3N + H]+	21	Fatty acids	Fatty acyls	Fatty alcohols	0.948	0.433	0.781
raw	class	Fatty alcohols	NPC class: Fatty alcohols	2753	PS	PET	1631134.8	1631134.8	1557585.2	1013873.6	1013873.6	1013873.6	2645008.4	1013873.6	1013873.6	1013873.6	0.0131540983959487	0.883357684912032	0.00201305315721028	NA_[2753_479.5_8.9]	NA	Tris-decyl(ethoxy)silane	[M - H2O + H]+	39	Fatty acids	Fatty acyls	Fatty alcohols	0.93	0.802	0.941
raw	class	Fatty alcohols	NPC class: Fatty alcohols	1252	Untreated	PS	1508706.33333333	1508706.33333333	20185858.7777778	19699660	20115104.6666667	19699660	19466882.6666667	18638842	20975589	22399572	0.0121667881521856	0.895524473064218	0.0260885932555127	7Z-Eicosen-11-one_[1252_312.33_4.6]	7Z-Eicosen-11-one	icos-13-en-10-one	[M + H3N + H]+	58	Fatty acids	Fatty acyls	Fatty alcohols	0.976	0.924	0.913
raw	class	Fatty alcohols	NPC class: Fatty alcohols	1790	Untreated	PS	1401000.66666666	1401000.66666666	22981041.7777778	23527210	22789531.3333333	23085522	22376296.6666667	23527210	23777297.3333333	25806350	0.011298208230321	0.906822681294539	0.0297011416818399	NA_[1790_394.4_6.5]	NA	hexacosa-17,20-dien-9-one	[M + H3N + H]+	9	Fatty acids	Fatty acyls	Fatty alcohols	0.941	0.726	0.726
raw	class	Fatty alcohols	NPC class: Fatty alcohols	2448	PET	Untreated	1366233.66666667	1366233.66666667	11276245.4444444	11380666	11905654.3333333	12071192	11383661.3333333	11380666	10539420.6666667	10171611	0.0110178337702016	0.917840515064741	0.0145736371232963	NA_[2448_450.47_8.1]	NA	2-tridecylheptadeca-2,4-dienal	[M + H3N + H]+	-1	Fatty acids	Fatty acyls	Fatty alcohols	0.941	0.573	0.701
raw	class	Fatty alcohols	NPC class: Fatty alcohols	74	PET	PS	1084789.56666667	1084789.56666667	4635924.91111111	5248646	5266739.23333333	5626931.5	4181949.66666667	4658439.5	4459085.83333333	5248646	0.00874816029848167	0.926588675363222	0.00599155877887258	D-altritol_[74_165.08_0.6]	D-altritol	G-Ol	[M - H2O + H]+	-1	Fatty acids	Fatty acyls	Fatty alcohols	0.976	0.991	0.996
raw	class	Fatty alcohols	NPC class: Fatty alcohols	1404	Untreated	PS	1077710.33333333	1077710.33333333	11320825.1111111	11347428	11332591.6666667	10980289	10776086.6666667	11347428	11853797	12523989	0.00869107063805965	0.935279746001282	0.0146312527444069	NA_[1404_352.36_5.2]	NA	2-[(E)-hexadec-2-enyl]-3-[(E)-pent-2-enyl]oxirane	[M + H3N + H]+	-1	Fatty acids	Fatty acyls	Fatty alcohols	0.971	0.959	0.806
raw	class	Fatty alcohols	NPC class: Fatty alcohols	2207	PET	PS	869675.666666666	869675.666666666	9946514.72222222	9770490	10276181.6666667	10208817	9406506	9485688	10156856.5	10889300	0.00701339907155164	0.942293145072833	0.0128550674883197	NA_[2207_448.45_7.5]	NA	9a,11a-dimethyl-1-[6-methyl-5-(propan-2-yl)heptan-2-yl]-hexadecahydro-1H-cyclopenta[a]phenanthren-7-ol	[M + H3N + H]+	33	Fatty acids	Fatty acyls	Fatty alcohols	0.99	0.871	0.811
raw	class	Fatty alcohols	NPC class: Fatty alcohols	640	Untreated	PS	778065.066666667	778065.066666667	4602841.41111111	4517006.5	4700632.5	4795746	4164913.33333333	4409455	4942978.4	5284412.5	0.00627461595778821	0.948567761030622	0.00594880102531498	civetone_[640_251.24_2.5]	civetone	cycloheptadec-9-en-1-one	[M + H]+	3	Fatty acids	Fatty acyls	Fatty alcohols	0.971	0.976	0.84
raw	class	Fatty alcohols	NPC class: Fatty alcohols	1186	Untreated	PS	763731.666666667	763731.666666667	5452654.11111111	5275684.5	5257740.66666667	5275684.5	5168245	5116078.5	5931976.66666667	6485502	0.00615902590726113	0.954726786937883	0.00704711535108823	NA_[1186_312.33_4.4]	NA	icos-2-enal	[M + H3N + H]+	58	Fatty acids	Fatty acyls	Fatty alcohols	0.959	0.881	0.825
raw	class	Fatty alcohols	NPC class: Fatty alcohols	1104	Untreated	PS	721989.433333333	721989.433333333	4785813.53333333	4485258.5	4760537.83333333	4485258.5	4437456.66666667	4385775	5159446.1	5411561	0.00582240048272029	0.960549187420603	0.00618527772547939	12Z-Nonadecen-9-one_[1104_298.31_4.1]	12Z-Nonadecen-9-one	nonadec-12-en-9-one	[M + H3N + H]+	58	Fatty acids	Fatty acyls	Fatty alcohols	0.997	0.977	0.88
raw	class	Fatty alcohols	NPC class: Fatty alcohols	1179	Untreated	PS	699970.633333334	699970.633333334	3689754.66666667	3609393.2	3689588.5	3693019.8	3339852.43333333	3374248.5	4039823.06666667	4384425	0.00564483241062674	0.96619401983123	0.00476871010398962	NA_[1179_324.33_4.3]	NA	henicosa-1,6-dien-11-one	[M + H3N + H]+	58	Fatty acids	Fatty acyls	Fatty alcohols	0.987	0.978	0.792
raw	class	Fatty alcohols	NPC class: Fatty alcohols	16	PET	Untreated	634122.433333333	634122.433333333	1425553.37777778	1013873.6	1842585.1	1807332.5	1225612.36666667	1013873.6	1208462.66666667	1013873.6	0.00511380719922416	0.971307827030454	0.00184241268336868	tetraglyme_[16_240.18_0.5]	tetraglyme	2,5,8,11,14-pentaoxapentadecane	[M + H3N + H]+	773	Fatty acids	Fatty acyls	Fatty alcohols	0.98	0.951	0.978
raw	class	Fatty alcohols	NPC class: Fatty alcohols	1478	Untreated	PS	584029.333333333	584029.333333333	6373925.94444444	6288650.5	6318596.16666667	6288650.5	6109576.16666667	6084547	6693605.5	6530097	0.00470983717396438	0.976017664204418	0.00823778483917824	NA_[1478_340.36_5.6]	NA	(13Z,16Z)-docosa-13,16-dien-1-ol	[M + H3N + H]+	58	Fatty acids	Fatty acyls	Fatty alcohols	0.948	0.735	0.758
raw	class	Fatty alcohols	NPC class: Fatty alcohols	554	Untreated	PS	537864.066666666	537864.066666666	5063144.7	4895296	5040681.5	5162139	4805444.26666667	4895296	5343308.33333333	4781950.5	0.00433754270743192	0.98035520691185	0.00654370587480383	NA_[554_312.33_2.1]	NA	icos-2-enal	[M + H3N + H]+	-1	Fatty acids	Fatty acyls	Fatty alcohols	0.993	0.921	0.8
raw	class	Fatty alcohols	NPC class: Fatty alcohols	949	PS	Untreated	447376.333333333	447376.333333333	3573198.81111111	3652028.2	3537874.1	3291912	3814549.33333333	3882009	3367173	3217161.5	0.00360781482234662	0.983963021734197	0.0046180710679886	10,13-Dimethyl-11-docosyne-10,13-diol_[949_384.38_3.6]	10,13-Dimethyl-11-docosyne-10,13-diol	10,13-dimethyldocos-11-yne-10,13-diol	[M + H3N + H]+	20	Fatty acids	Fatty acyls	Fatty alcohols	0.897	0.501	0.768
raw	class	Fatty alcohols	NPC class: Fatty alcohols	1072	Untreated	PS	427326.166666667	427326.166666667	6037851.61111111	5786930.5	6082801	5643613.5	5801713.83333333	5786930.5	6229040	6277985.5	0.00344612256663085	0.987409144300828	0.00780343588813915	NA_[1072_298.31_3.9]	NA	cyclononadecanone	[M + H3N + H]+	58	Fatty acids	Fatty acyls	Fatty alcohols	0.994	0.986	0.933
raw	class	Fatty alcohols	NPC class: Fatty alcohols	802	Untreated	PS	415469.866666667	415469.866666667	2548307.02222222	2647300	2639887.26666667	2823795.8	2294781.96666667	2647300	2710251.83333333	2619703.8	0.00335050880324851	0.990759653104076	0.00329348115058205	civetone_[802_268.26_3.1]	civetone	cycloheptadec-9-en-1-one	[M + H3N + H]+	58	Fatty acids	Fatty acyls	Fatty alcohols	0.955	0.924	0.771
raw	class	Fatty alcohols	NPC class: Fatty alcohols	1308	Untreated	PS	393888.7	393888.7	3463136.9	3494868	3526767.53333333	3581766.8	3234377.23333333	3221006.2	3628265.93333333	4049965.8	0.00317646997467793	0.993936123078754	0.00447582493105123	NA_[1308_326.34_4.8]	NA	NA	[M + H3N + H]+	92	Fatty acids	Fatty acyls	Fatty alcohols	0.961	0.826	0.818
raw	class	Fatty alcohols	NPC class: Fatty alcohols	1511	Untreated	PS	278000.766666667	278000.766666667	2440589	2389909.8	2518518.03333333	2529954.8	2262624.1	2245574.5	2540624.86666667	2663386.2	0.00224190510734152	0.996178028186096	0.00315426430085666	NA_[1511_354.37_5.7]	NA	(E)-tricos-7-en-11-one	[M + H3N + H]+	58	Fatty acids	Fatty acyls	Fatty alcohols	0.977	0.819	0.788
raw	class	Fatty alcohols	NPC class: Fatty alcohols	318	PET	PS	164474.666666666	164474.666666666	6116373.61111111	6071434	6188661.83333333	6153740	6024187.16666667	5756206	6136271.83333333	5551897.5	0.00132638697241588	0.997504415158512	0.00790491923557367	NA_[318_280.25_1.3]	NA	Tetradecane-1,2,13,14-tetrol	[M + H3N + H]+	3	Fatty acids	Fatty Acids and Conjugates	Fatty alcohols	1	0.86	0.884
raw	class	Fatty alcohols	NPC class: Fatty alcohols	988	PET	Untreated	126498.933333333	126498.933333333	1798255.97777778	1906207.8	1856987.63333333	1906207.8	1807291.6	1745155.8	1730488.7	1967013	0.00102013605255017	0.998524551211062	0.00232410071278144	NA_[988_298.31_3.7]	NA	Nonadec-1-yn-1-ol	[M + H3N + H]+	58	Fatty acids	Fatty acyls	Fatty alcohols	0.952	0.809	0.83
raw	class	Fatty alcohols	NPC class: Fatty alcohols	14	PET	PS	103747.5	103747.5	1066273.68888889	1013873.6	1117621.1	1013873.6	1013873.6	1013873.6	1067326.36666667	1013873.6	0.000836659743470426	0.999361210954532	0.00137807268319449	pentaethylene glycol_[14_256.18_0.5]	pentaethylene glycol	NA	[M + H3N + H]+	133	Fatty acids	Fatty acyls	Fatty alcohols	0.974	0.895	0.954
raw	class	Fatty alcohols	NPC class: Fatty alcohols	1223	PET	PS	79211.1333333335	79211.1333333335	1888390.84444444	1917970.2	1920744.16666667	1915709.5	1841533.03333333	1917970.2	1902895.33333333	2020878.1	0.00063878904546778	1	0.00244059275310004	NA_[1223_350.34_4.5]	NA	6,10,14,18-Tetramethyl-5,9,13,17-nonadecatetraene-2-ol	[M + H3N + H]+	58	Fatty acids	Fatty acyls	Fatty alcohols	0.983	0.915	0.846
raw	class	Fatty alcohols	NPC class: Fatty alcohols	3195	PET	PET	0	0	1013873.6	1013873.6	1013873.6	1013873.6	1013873.6	1013873.6	1013873.6	1013873.6	0	1	0.00131034979755339	NA_[3195_479.5_10.2]	NA	Tris-decyl(ethoxy)silane	[M - H2O + H]+	39	Fatty acids	Fatty acyls	Fatty alcohols	0.885	0.704	0.894
raw	class	Fatty alcohols	NPC class: Fatty alcohols	3320	PET	PET	0	0	1013873.6	1013873.6	1013873.6	1013873.6	1013873.6	1013873.6	1013873.6	1013873.6	0	1	0.00131034979755339	NA_[3320_479.5_10.8]	NA	Tris-decyl(ethoxy)silane	[M - H2O + H]+	39	Fatty acids	Fatty acyls	Fatty alcohols	0.901	0.735	0.911
raw	class	Fatty alcohols	NPC class: Fatty alcohols	3401	PET	PET	0	0	1013873.6	1013873.6	1013873.6	1013873.6	1013873.6	1013873.6	1013873.6	1013873.6	0	1	0.00131034979755339	NA_[3401_479.5_11.3]	NA	Tris-decyl(ethoxy)silane	[M - H2O + H]+	-1	Fatty acids	Fatty acyls	Fatty alcohols	0.967	0.902	0.962
raw	class	Fatty aldehydes	NPC class: Fatty aldehydes	551	Untreated	PS	100717790	100717790	594962487.777778	567318400	578011720	567318400	553078976.666667	561543900	653796766.666667	709295700	0.443390692509552	0.443390692509552	0.810051571012874	11-Hexadecynal_[551_254.25_2.1]	11-Hexadecynal	11-Hexadecynal	[M + H3N + H]+	58	Fatty acids	Fatty acyls	Fatty aldehydes	0.987	0.977	0.717
raw	class	Fatty aldehydes	NPC class: Fatty aldehydes	496	PET	Untreated	76417773.3333333	76417773.3333333	53283228.1111111	17194934	93426753.3333333	112312430	49413951	12234890	17008980	17194934	0.336414544424621	0.779805236934173	0.0725460235337799	NA_[496_170.12_1.9]	NA	(2E)-7-Methylene-2-octene-1,8-dial	[M + H3N + H]+	16	Fatty acids	Fatty acyls	Fatty aldehydes	0.938	0.527	0.783
raw	class	Fatty aldehydes	NPC class: Fatty aldehydes	499	PET	Untreated	28611438.8333333	28611438.8333333	19469409.4333333	6329044.5	34744187.3333333	42192530	17531292.4666667	4160559.2	6132748.5	6329044.5	0.125956354661936	0.905761591596109	0.0265079328901408	NA_[499_153.09_1.9]	NA	(3Z)-3-(hydroxymethylidene)cycloheptene-1-carbaldehyde	[M + H]+	496	Fatty acids	Fatty acyls	Fatty aldehydes	0.899	0.588	0.814
raw	class	Fatty aldehydes	NPC class: Fatty aldehydes	374	Untreated	PS	10189230	10189230	25909694.2222222	25045552	25565980.6666667	25045552	20986936	20871674	31176166	31136366	0.044856124681043	0.950617716277152	0.0352764904348281	4E,9Z-Tetradecadienal_[374_226.22_1.5]	4E,9Z-Tetradecadienal	(4E,9E)-tetradeca-4,9-dienal	[M + H3N + H]+	58	Fatty acids	Fatty acyls	Fatty aldehydes	0.988	0.983	0.828
raw	class	Fatty aldehydes	NPC class: Fatty aldehydes	353	PET	Untreated	3330902.8	3330902.8	4395631.51111111	3514587	6163009.66666667	7191556.5	4191778	3514587	2832106.86666667	2927042.5	0.0146636587158436	0.965281374992995	0.00598472724636581	NA_[353_170.12_1.4]	NA	(2E)-7-Methylene-2-octene-1,8-dial	[M + H3N + H]+	16	Fatty acids	Fatty acyls	Fatty aldehydes	0.982	0.602	0.811
raw	class	Fatty aldehydes	NPC class: Fatty aldehydes	450	PS	Untreated	3083126.16666667	3083126.16666667	6654323.88888889	6552642	7478137.5	7414525	7783980.16666667	9249414	4700854	5162188.5	0.01357286975948	0.978854244752476	0.00905997542862949	NA_[450_170.12_1.7]	NA	(2E)-7-Methylene-2-octene-1,8-dial	[M + H3N + H]+	16	Fatty acids	Fatty acyls	Fatty aldehydes	0.983	0.681	0.865
raw	class	Fatty aldehydes	NPC class: Fatty aldehydes	51	PS	PET	1633266.36666667	1633266.36666667	3707534.17777778	3356036	3067119.56666667	2902151.5	4700385.93333333	4007818.8	3355097.03333333	3356036	0.00719014094102833	0.986044385693504	0.00504787099521233	NA_[51_153.09_0.6]	NA	(2E)-7-Methylene-2-octene-1,8-dial	[M + H]+	496	Fatty acids	Fatty acyls	Fatty aldehydes	0.898	0.623	0.856
raw	class	Fatty aldehydes	NPC class: Fatty aldehydes	253	PS	Untreated	1579226	1579226	15770741.3333333	16318083	15628525.3333333	14526876	16631462.3333333	16974348	15052236.3333333	16318083	0.00695223862407118	0.992996624317575	0.0214721332109864	9E,11E-Hexadecadienal_[253_254.25_1.1]	9E,11E-Hexadecadienal	hexadeca-9,11-dienal	[M + H3N + H]+	58	Fatty acids	Fatty acyls	Fatty aldehydes	0.983	0.971	0.705
raw	class	Fatty aldehydes	NPC class: Fatty aldehydes	760	PET	PS	1130026.83333333	1130026.83333333	6869684.27777778	7126077	7486948.66666667	7562026	6356921.83333333	6227118.5	6765182.33333333	7126077	0.00497472571812828	0.997971350035703	0.00935319226992142	4E,9Z-Tetradecadienal_[760_226.22_2.9]	4E,9Z-Tetradecadienal	(4E,9E)-tetradeca-4,9-dienal	[M + H3N + H]+	58	Fatty acids	Fatty acyls	Fatty aldehydes	0.951	0.89	0.795
raw	class	Fatty aldehydes	NPC class: Fatty aldehydes	765	Untreated	PS	460815.133333333	460815.133333333	3452092.63333333	3428640.8	3423542.23333333	3463105.5	3235960.26666667	3235154.5	3696775.4	3792664.2	0.00202864996429676	1	0.00470008297726175	NA_[765_184.17_2.9]	NA	Cyclobutyl(cyclohexyl)methanone	[M + H3N + H]+	58	Fatty acids	Fatty acyls	Fatty aldehydes	0.841	0.772	0.729
raw	class	Glycerophosphates	NPC class: Glycerophosphates	2206	PS	Untreated	2956103.33333334	2956103.33333334	80466898.9777778	115539370	80297737.8666667	112926990	82029531.2	117067224	79073427.8666667	115539370	0.564126982784074	0.564126982784074	0.8787656548537	PA(P-20:0/17:0)_[2206_720.59_7.4]	PA(P-20:0/17:0)	1-(1Z-eicosenyl)-2-heptadecanoyl-glycero-3-phosphate	[M + H3N + H]+	5	Fatty acids	Glycerophospholipids	Glycerophosphates	1	1	1
raw	class	Glycerophosphates	NPC class: Glycerophosphates	1902	Untreated	PS	1703665.43333333	1703665.43333333	7143540.67777778	8310335	7062572.26666667	8875091	6332192.16666667	7505716	8035857.6	9074352	0.32511841847427	0.889245401258345	0.0780134226797415	LysoPA(22:5(4Z,7Z,10Z,13Z,16Z)/0:0)_[1902_502.29_6.7]	LysoPA(22:5(4Z,7Z,10Z,13Z,16Z)/0:0)	(2-Hydroxy-3-phosphonooxypropyl) docosa-4,7,10,13,16-pentaenoate	[M + H3N + H]+	8	Fatty acids	Glycerophospholipids	Glycerophosphates	1	1	0.998
raw	class	Glycerophosphates	NPC class: Glycerophosphates	1454	PET	Untreated	481200.533333333	481200.533333333	1896854.14444444	2085166.5	2147940.1	2156367.2	1875882.76666667	2085166.5	1666739.56666667	1833972.6	0.0918297415122227	0.981075142770568	0.0207152294369517	NA_[1454_648.5_5.5]	NA	1-O,2-O-Dipalmitoyl-L-glycerol 3-phosphonic acid	[M + H3N + H]+	-1	Fatty acids	Glycerophospholipids	Glycerophosphates	1	0.989	0.995
raw	class	Glycerophosphates	NPC class: Glycerophosphates	1076	PS	PET	99168.8666666666	99168.8666666666	1046929.88888889	1013873.6	1013873.6	1013873.6	1113042.46666667	1013873.6	1013873.6	1013873.6	0.0189248572294324	1	0.0114333476383802	NA_[1076_748.62_4]	NA	1-(1Z-octadecenyl)-2-heneicosanoyl-glycero-3-phosphate	[M + H3N + H]+	70	Fatty acids	Glycerophospholipids	Glycerophosphates	1	1	1
raw	class	Glycerophosphates	NPC class: Glycerophosphates	1766	PET	PET	0	0	1013873.6	1013873.6	1013873.6	1013873.6	1013873.6	1013873.6	1013873.6	1013873.6	0	1	0.0110723453912264	NA_[1766_512.3_6.4]	NA	Pob-PA	[M + H3N + H]+	21	Fatty acids	Glycerophospholipids	Glycerophosphates	1	1	0.74
raw	class	Glycerophosphocholines	NPC class: Glycerophosphocholines	1753	Untreated	PS	77851760	77851760	420341164.444444	407930700	413185986.666667	407930700	384992873.333333	377374720	462844633.333333	457200830	0.103981559550033	0.103981559550033	0.0570762027542284	NA_[1753_732.55_6.4]	NA	[O-[1-O,2-O-(1,32-Dioxodotriacontane-1,32-diyl)-L-glycero-3-phospho]choline]anion	[M + H]+	5	Fatty acids	Glycerophospholipids	Glycerophosphocholines	0.999	1	0.998
raw	class	Glycerophosphocholines	NPC class: Glycerophosphocholines	1989	PET	Untreated	52653263.3333333	52653263.3333333	508112048.888889	497380480	532285953.333333	528615260	512417503.333333	497380480	479632690	475231840	0.0703255576598214	0.174307117209855	0.0689942094122015	1,2-di-O-palmitoyl-sn-glycero-3-phosphocholine_[1989_734.57_6.9]	1,2-di-O-palmitoyl-sn-glycero-3-phosphocholine	2-[[(2R)-2-(8,9-ditritiohexadecanoyloxy)-3-hexadecanoyloxypropoxy]-hydroxyphosphoryl]oxyethyl-trimethylazanium	[M + H]+	5	Fatty acids	Glycerophospholipids	Glycerophosphocholines	0.999	1	0.998
raw	class	Glycerophosphocholines	NPC class: Glycerophosphocholines	1668	PET	PS	51090000	51090000	377125348.888889	370174080	407286840	412803140	356196840	370174080	367892366.666667	365460260	0.0682376079540295	0.242544725163884	0.051208124965325	1,2-di-O-pentadecanoyl-sn-glycero-3-phosphocholine_[1668_706.54_6.2]	1,2-di-O-pentadecanoyl-sn-glycero-3-phosphocholine	1,2-Dipentadecanoyl-sn-glycero-3-phosphocholine	[M + H]+	5	Fatty acids	Glycerophospholipids	Glycerophosphocholines	0.999	1	0.997
raw	class	Glycerophosphocholines	NPC class: Glycerophosphocholines	2063	Untreated	PET	44391033.3333333	44391033.3333333	1813001200	1777480000	1793237500	1759949700	1808137566.66667	1777480000	1837628533.33333	1811157400	0.0592902315379575	0.301834956701841	0.246179134564719	PC(12:0/22:1(11Z))_[2063_760.59_7.1]	PC(12:0/22:1(11Z))	1-dodecanoyl-2-(11Z-docosenoyl)-glycero-3-phosphocholine	[M + H]+	5	Fatty acids	Glycerophospholipids	Glycerophosphocholines	1	1	0.999
raw	class	Glycerophosphocholines	NPC class: Glycerophosphocholines	1847	Untreated	PS	40117983.3333333	40117983.3333333	292142496.666667	282283940	303965013.333333	293463040	266172246.666667	264604430	306290230	302236830	0.053582995079395	0.355417951781236	0.0396686924415583	PC(17:1(9Z)/17:1(9Z))_[1847_758.57_6.6]	PC(17:1(9Z)/17:1(9Z))	2,3-bis[[(Z)-heptadec-9-enoyl]oxy]propyl 2-(trimethylazaniumyl)ethyl phosphate	[M + H]+	-1	Fatty acids	Glycerophospholipids	Glycerophosphocholines	1	1	0.998
raw	class	Glycerophosphocholines	NPC class: Glycerophosphocholines	2140	Untreated	PS	37408980	37408980	692332788.888889	709987200	701915853.333333	721737700	668836766.666667	676066400	706245746.666667	709987200	0.0499647545742832	0.40538270635552	0.0940087004903497	NA_[2140_786.6_7.3]	NA	2,3-bis[[(E)-octadec-4-enoyl]oxy]propyl 2-(trimethylazaniumyl)ethyl phosphate	[M + H]+	-1	Fatty acids	Glycerophospholipids	Glycerophosphocholines	1	1	0.999
raw	class	Glycerophosphocholines	NPC class: Glycerophosphocholines	1819	Untreated	PS	36703293.3333333	36703293.3333333	160588607.777778	154422320	153799776.666667	146482450	145631376.666667	151565060	182334670	190671600	0.0490222145449549	0.454404920900475	0.0218055920115697	NA_[1819_782.57_6.5]	NA	1,2-di-(9Z,11Z-octadecadienoyl)-sn-glycero-3-phosphocholine	[M + H]+	-1	Fatty acids	Glycerophospholipids	Glycerophosphocholines	1	1	0.999
raw	class	Glycerophosphocholines	NPC class: Glycerophosphocholines	1992	Untreated	PS	31504696	31504696	115216244.666667	109519810	104806703.333333	107043730	104668667.333333	107153656	136173363.333333	140735120	0.0420787843875295	0.496483705288004	0.0156446865009449	PC(P-16:0/20:3(5Z,8Z,11Z))_[1992_768.59_6.9]	PC(P-16:0/20:3(5Z,8Z,11Z))	NA	[M + H]+	10	Fatty acids	Glycerophospholipids	Glycerophosphocholines	0.997	0.999	0.989
raw	class	Glycerophosphocholines	NPC class: Glycerophosphocholines	1917	Untreated	PET	23300106.6666667	23300106.6666667	131070397.777778	133758690	121874180	114504590	126162726.666667	122942250	145174286.666667	147219970	0.0311204451753194	0.527604150463323	0.0177974493850234	NA_[1917_746.57_6.8]	NA	16:0-17:0 cyclo PC, 1-palmitoyl-2-cis-9,10-methylenehexadecanoyl-sn-glycero-3-phosphocholine, powder	[M + H]+	-1	Fatty acids	Glycerophospholipids	Glycerophosphocholines	1	1	0.999
raw	class	Glycerophosphocholines	NPC class: Glycerophosphocholines	2244	Untreated	PET	23000780	23000780	206507083.333333	202132560	197310976.666667	196516930	201898516.666667	202132560	220311756.666667	222142050	0.0307206539102932	0.558324804373617	0.0280406516313857	NA_[2244_746.61_7.6]	NA	[(2S)-3-[(E)-icos-1-enoxy]-2-tetradecanoyloxypropyl] 2-(trimethylazaniumyl)ethyl phosphate	[M + H]+	5	Fatty acids	Glycerophospholipids	Glycerophosphocholines	0.998	1	0.991
raw	class	Glycerophosphocholines	NPC class: Glycerophosphocholines	1900	Untreated	PS	17839595.3333333	17839595.3333333	89748130.8888889	86041270	88628945.3333333	81350100	81387926	84312344	99227521.3333333	104501944	0.0238271934314843	0.582151997805101	0.0121864879025054	NA_[1900_808.59_6.7]	NA	[3-docosanoyloxy-2-[(5E,7E,9E,11E,13E)-hexadeca-5,7,9,11,13-pentaenoyl]oxypropyl] 2-(trimethylazaniumyl)ethyl phosphate	[M + H]+	5	Fatty acids	Glycerophospholipids	Glycerophosphocholines	1	1	0.999
raw	class	Glycerophosphocholines	NPC class: Glycerophosphocholines	1977	Untreated	PET	14954852	14954852	107872939.555556	107272720	101478290	104517630	105707386.666667	103686930	116433142	111245850	0.0199742283771097	0.602126226182211	0.0146475727113357	1-(1Z-hexadecenyl)-2-hexadecanoyl-sn-glycero-3-phosphocholine_[1977_718.58_6.9]	1-(1Z-hexadecenyl)-2-hexadecanoyl-sn-glycero-3-phosphocholine	2-[[(2R)-2-hexadecanoyloxy-3-hexadec-1-enoxypropoxy]-hydroxyphosphoryl]oxyethyl-trimethylazanium	[M + H]+	-1	Fatty acids	Glycerophospholipids	Glycerophosphocholines	0.997	0.999	0.981
raw	class	Glycerophosphocholines	NPC class: Glycerophosphocholines	1932	Untreated	PS	14880693.3333333	14880693.3333333	118916387.777778	118079740	115926876.666667	109519960	112970796.666667	117401070	127851490	128182200	0.0198751794434163	0.622001405625627	0.0161471119978827	NA_[1932_784.59_6.8]	NA	(2-Octadeca-4,7-dienoyloxy-3-octadec-4-enoyloxypropyl) 2-(trimethylazaniumyl)ethyl phosphate	[M + H]+	5	Fatty acids	Glycerophospholipids	Glycerophosphocholines	1	1	0.998
raw	class	Glycerophosphocholines	NPC class: Glycerophosphocholines	2169	PET	PS	13571705.3333333	13571705.3333333	137615562.666667	134861250	144029866.666667	141655070	130458161.333333	129206904	138358660	137394000	0.0181268488511178	0.640128254476745	0.0186861873670667	NA_[2169_720.59_7.4]	NA	(2-Butanoyloxy-3-octacosoxypropyl) 2-(trimethylazaniumyl)ethyl phosphate	[M + H]+	-1	Fatty acids	Glycerophospholipids	Glycerophosphocholines	1	1	0.995
raw	class	Glycerophosphocholines	NPC class: Glycerophosphocholines	2145	PS	Untreated	12228635.3333333	12228635.3333333	92872893.7777778	93911940	93445050	89126104	98701133.3333333	95034930	86472498	86590430	0.0163329971362065	0.656461251612951	0.0126107851526708	1-(1Z-hexadecenyl)-2-hexadecanoyl-sn-glycero-3-phosphocholine_[2145_718.58_7.3]	1-(1Z-hexadecenyl)-2-hexadecanoyl-sn-glycero-3-phosphocholine	2-[[(2R)-2-hexadecanoyloxy-3-hexadec-1-enoxypropoxy]-hydroxyphosphoryl]oxyethyl-trimethylazanium	[M + H]+	5	Fatty acids	Glycerophospholipids	Glycerophosphocholines	0.999	1	0.995
raw	class	Glycerophosphocholines	NPC class: Glycerophosphocholines	1916	Untreated	PS	12131419.3333333	12131419.3333333	48217175.5555556	47995716	44502808.6666667	43899100	44008649.3333333	45528216	56140068.6666667	56630540	0.016203152013974	0.672664403626925	0.0065471895713151	1-hexadecyl-2-[(4Z,7Z,10Z,13Z,16Z,19Z)-docosahexaenoyl]-sn-glycero-3-phosphocholine_[1916_792.59_6.8]	1-hexadecyl-2-[(4Z,7Z,10Z,13Z,16Z,19Z)-docosahexaenoyl]-sn-glycero-3-phosphocholine	(2-Docosa-4,7,10,13,16,19-hexaenoyloxy-3-hexadecoxypropyl) 2-(trimethylazaniumyl)ethyl phosphate	[M + H]+	5	Fatty acids	Glycerophospholipids	Glycerophosphocholines	0.999	1	0.993
raw	class	Glycerophosphocholines	NPC class: Glycerophosphocholines	2341	PS	PET	9966291.33333331	9966291.33333331	162221330.666667	163672940	158183625.333333	144019340	168149916.666667	163672940	160330450	174127870	0.0133113306079397	0.685975734234865	0.02202729197943	NA_[2341_788.62_7.9]	NA	1-octadecanoyl-2-(16Z-octadecenoyl)-sn-glycero-3-phosphocholine	[M + H]+	5	Fatty acids	Glycerophospholipids	Glycerophosphocholines	1	1	0.999
raw	class	Glycerophosphocholines	NPC class: Glycerophosphocholines	2215	Untreated	PET	9750424	9750424	100092773.111111	103439430	93617602.6666667	90689304	103292690	103439430	103368026.666667	111810470	0.0130230105754073	0.698998744810272	0.0135911395208542	NA_[2215_744.59_7.5]	NA	(3-Hexadec-1-enoxy-2-octadec-4-enoyloxypropyl) 2-(trimethylazaniumyl)ethyl phosphate	[M + H]+	5	Fatty acids	Glycerophospholipids	Glycerophosphocholines	0.999	1	0.993
raw	class	Glycerophosphocholines	NPC class: Glycerophosphocholines	2045	Untreated	PS	8519362	8519362	56894999.3333333	55789200	54830773.3333333	53128844	53667431.3333333	54285370	62186793.3333333	57538470	0.0113787607002242	0.710377505510497	0.00772551154237528	PC(P-18:1(9Z)/20:3(5Z,8Z,11Z))_[2045_794.6_7.1]	PC(P-18:1(9Z)/20:3(5Z,8Z,11Z))	NA	[M + H]+	5	Fatty acids	Glycerophospholipids	Glycerophosphocholines	0.999	1	0.994
raw	class	Glycerophosphocholines	NPC class: Glycerophosphocholines	2286	PS	PET	8455764.66666667	8455764.66666667	50728582.2222222	52736224	46900458.6666667	45994972	55356223.3333333	54795050	49929064.6666667	50810336	0.0112938178562446	0.721671323366741	0.00688820198749004	NA_[2286_746.57_7.7]	NA	16:0-17:0 cyclo PC, 1-palmitoyl-2-cis-9,10-methylenehexadecanoyl-sn-glycero-3-phosphocholine, powder	[M + H]+	10	Fatty acids	Glycerophospholipids	Glycerophosphocholines	0.995	0.999	0.978
raw	class	Glycerophosphocholines	NPC class: Glycerophosphocholines	2033	Untreated	PS	8368016.66666666	8368016.66666666	50503310.2222222	51413896	48408054	49167876	47366930	46442524	55734946.6666667	53267244	0.0111766185291209	0.732847941895862	0.00685761333371438	1-[(1Z)-hexadecenyl]-2-[(9Z)-octadecenoyl]-sn-glycero-3-phosphocholine_[2033_744.59_7]	1-[(1Z)-hexadecenyl]-2-[(9Z)-octadecenoyl]-sn-glycero-3-phosphocholine	[3-[(E)-hexadec-1-enoxy]-2-[(E)-octadec-9-enoyl]oxypropyl] 2-(trimethylazaniumyl)ethyl phosphate	[M + H]+	5	Fatty acids	Glycerophospholipids	Glycerophosphocholines	0.998	0.999	0.97
raw	class	Glycerophosphocholines	NPC class: Glycerophosphocholines	1781	Untreated	PET	8068068.66666667	8068068.66666667	24808777.5555556	23620124	22002645.3333333	21288260	22352973.3333333	23424104	30070714	32180746	0.0107759973893558	0.743623939285218	0.00336867035070649	NA_[1781_766.57_6.4]	NA	[2-[(3Z,6Z,9Z,12Z,15Z)-octadeca-3,6,9,12,15-pentaenoyl]oxy-3-octadecoxypropyl] 2-(trimethylazaniumyl)ethyl phosphate	[M + H]+	-1	Fatty acids	Glycerophospholipids	Glycerophosphocholines	1	1	0.994
raw	class	Glycerophosphocholines	NPC class: Glycerophosphocholines	1973	Untreated	PS	7403556.66666666	7403556.66666666	43057260	41668216	41236980.6666667	41668216	40265621.3333333	38852700	47669178	48142970	0.00988845169867765	0.753512390983896	0.00584654825574747	PC(P-18:1(9Z)/18:3(6Z,9Z,12Z))_[1973_766.57_6.9]	PC(P-18:1(9Z)/18:3(6Z,9Z,12Z))	NA	[M + H]+	-1	Fatty acids	Glycerophospholipids	Glycerophosphocholines	1	1	0.995
raw	class	Glycerophosphocholines	NPC class: Glycerophosphocholines	1749	Untreated	PS	7185289.33333333	7185289.33333333	64271450.6666667	62016064	62762014.6666667	61361292	61433524	62016064	68618813.3333333	70962990	0.00959692614140281	0.763109317125298	0.00872712610578471	NA_[1749_806.57_6.4]	NA	[3-[(14E,16E)-docosa-14,16-dienoyl]oxy-2-[(7E,9E,11E,13E)-hexadeca-7,9,11,13-tetraenoyl]oxypropyl] 2-(trimethylazaniumyl)ethyl phosphate	[M + H]+	5	Fatty acids	Glycerophospholipids	Glycerophosphocholines	1	1	0.999
raw	class	Glycerophosphocholines	NPC class: Glycerophosphocholines	2120	PET	PS	6763298.66666666	6763298.66666666	81673848.2222222	77786220	84533313.3333333	77235280	77770014.6666667	77786220	82718216.6666667	87050900	0.00903330050679212	0.77214261763209	0.0110901180164232	NA_[2120_810.6_7.3]	NA	[(2R)-2,3-bis[[(8E,11E)-nonadeca-8,11-dienoyl]oxy]propyl] 2-(trimethylazaniumyl)ethyl phosphate	[M + H]+	5	Fatty acids	Glycerophospholipids	Glycerophosphocholines	1	1	0.999
raw	class	Glycerophosphocholines	NPC class: Glycerophosphocholines	1661	PET	PS	6756434.66666666	6756434.66666666	41272897.7777778	41626300	44476246.6666667	47071610	37719812	37925696	41622634.6666667	41626300	0.00902413270602884	0.781166750338119	0.00560425787689022	1,2-dipalmitoleoyl-sn-glycero-3-phosphocholine_[1661_730.54_6.1]	1,2-dipalmitoleoyl-sn-glycero-3-phosphocholine	[(2R)-2,3-di(hexadec-9-enoyloxy)propyl] 2-(trimethylazaniumyl)ethyl phosphate	[M + H]+	5	Fatty acids	Glycerophospholipids	Glycerophosphocholines	0.999	1	0.998
raw	class	Glycerophosphocholines	NPC class: Glycerophosphocholines	1856	Untreated	PS	6751381.33333334	6751381.33333334	47722554.6666667	48663256	45948725.3333333	47089050	45233778.6666667	44574100	51985160	50791812	0.009017383295599	0.790184133633718	0.0064800272647682	NA_[1856_692.56_6.6]	NA	1-Octadecyl-2-dodecanoyl-glycero-3-phosphocholine	[M + H]+	5	Fatty acids	Glycerophospholipids	Glycerophosphocholines	1	1	0.995
raw	class	Glycerophosphocholines	NPC class: Glycerophosphocholines	1615	Untreated	PS	6465268.66666667	6465268.66666667	23386624.6666667	21845380	22329266.6666667	21845380	20682669.3333333	21100656	27147938	27715384	0.00863524111555042	0.798819374749269	0.00317556271933516	NA_[1615_780.55_6.1]	NA	O-[1-O-(1-Oxo-9,10-octadecadien-1-yl)-2-O-(1-oxo-9,10,15-octadecatrien-1-yl)-L-glycero-3-phospho]choline	[M + H]+	5	Fatty acids	Glycerophospholipids	Glycerophosphocholines	0.999	1	0.998
raw	class	Glycerophosphocholines	NPC class: Glycerophosphocholines	2118	Untreated	PET	5934410.66666666	5934410.66666666	26678313.1111111	26292574	24617624.6666667	24840688	24865279.3333333	26206600	30552035.3333333	31285716	0.00792620842650637	0.806745583175775	0.00362252602664572	PC(P-18:1(9Z)/18:1(9Z))_[2118_770.61_7.3]	PC(P-18:1(9Z)/18:1(9Z))	NA	[M + H]+	10	Fatty acids	Glycerophospholipids	Glycerophosphocholines	0.999	1	0.991
raw	class	Glycerophosphocholines	NPC class: Glycerophosphocholines	2002	Untreated	PS	5928064	5928064	56100180.4444444	54596936	54218458.6666667	54596936	54077009.3333333	53435004	60005073.3333333	59595308	0.00791773159440978	0.814663314770185	0.00761758672346046	NA_[2002_772.58_7]	NA	[3-[(Z)-heptadec-9-enoyl]oxy-2-[(Z)-octadec-9-enoyl]oxypropyl] 2-(trimethylazaniumyl)ethyl phosphate	[M + H]+	5	Fatty acids	Glycerophospholipids	Glycerophosphocholines	1	1	0.999
raw	class	Glycerophosphocholines	NPC class: Glycerophosphocholines	2212	Untreated	PET	5313878	5313878	62957768.6666667	64120456	60156070.6666667	58865068	63247286.6666667	64120456	65469948.6666667	65759460	0.0070974030863093	0.821760717856494	0.00854874723992778	NA_[2212_774.6_7.5]	NA	Pdspc	[M + H]+	-1	Fatty acids	Glycerophospholipids	Glycerophosphocholines	1	1	0.999
raw	class	Glycerophosphocholines	NPC class: Glycerophosphocholines	2032	Untreated	PS	5199648	5199648	40435004	39311944	39986084	37194596	38059640	39311944	43259288	46570820	0.00694483346492373	0.828705551321418	0.00549048411597352	NA_[2032_810.6_7.1]	NA	[(2R)-2,3-bis[[(8E,11E)-nonadeca-8,11-dienoyl]oxy]propyl] 2-(trimethylazaniumyl)ethyl phosphate	[M + H]+	5	Fatty acids	Glycerophospholipids	Glycerophosphocholines	1	1	0.999
raw	class	Glycerophosphocholines	NPC class: Glycerophosphocholines	2031	Untreated	PS	5130900.66666667	5130900.66666667	33421003.5555556	32024494	32307495.3333333	31775474	31412307.3333333	32024494	36543208	37916204	0.00685301209910097	0.835558563420519	0.00453808509977327	PC(P-18:0/20:5(5Z,8Z,11Z,14Z,17Z))_[2031_792.59_7]	PC(P-18:0/20:5(5Z,8Z,11Z,14Z,17Z))	[(2R)-2-[(5E,8E,11E,14E,17E)-icosa-5,8,11,14,17-pentaenoyl]oxy-3-[(E)-octadec-1-enoxy]propyl] 2-(trimethylazaniumyl)ethyl phosphate	[M + H]+	10	Fatty acids	Glycerophospholipids	Glycerophosphocholines	0.999	0.999	0.973
raw	class	Glycerophosphocholines	NPC class: Glycerophosphocholines	1647	PET	PS	5057043.66666667	5057043.66666667	16863483.4444444	16789352	19128546	19889896	14071502.3333333	15173789	17390402	17748142	0.00675436608205926	0.842312929502578	0.00228981523018286	NA_[1647_756.55_6.1]	NA	[(2R)-3-[(9E,12E)-heptadeca-9,12-dienoyl]oxy-2-[(E)-heptadec-9-enoyl]oxypropyl] 2-(trimethylazaniumyl)ethyl phosphate	[M + H]+	5	Fatty acids	Glycerophospholipids	Glycerophosphocholines	1	1	0.998
raw	class	Glycerophosphocholines	NPC class: Glycerophosphocholines	1500	Untreated	PS	4687198	4687198	12295029.5555556	11513141	11417837.3333333	11176623	10390026.6666667	10390921	15077224.6666667	14653868	0.00626038715065396	0.848573316653232	0.00166948578712154	NA_[1500_704.52_5.6]	NA	[3-decanoyloxy-2-[(Z)-icos-11-enoyl]oxypropyl] 2-(trimethylazaniumyl)ethyl phosphate	[M + H]+	5	Fatty acids	Glycerophospholipids	Glycerophosphocholines	0.999	1	0.997
raw	class	Glycerophosphocholines	NPC class: Glycerophosphocholines	1936	Untreated	PET	4591995.33333333	4591995.33333333	30944282.8888889	30299424	28707832.6666667	28609126	30825188	30299424	33299828	34335420	0.00613323110751092	0.854706547760743	0.00420178253677521	NA_[1936_716.56_6.8]	NA	[(2R)-3-[(Z)-hexadec-1-enoxy]-2-[(Z)-hexadec-8-enoyl]oxypropyl] 2-(trimethylazaniumyl)ethyl phosphate	[M + H]+	5	Fatty acids	Glycerophospholipids	Glycerophosphocholines	0.999	1	0.994
raw	class	Glycerophosphocholines	NPC class: Glycerophosphocholines	1575	Untreated	PS	4210878	4210878	13241891.5555556	12771077	12329363.3333333	12377088	11592716.6666667	11391958	15803594.6666667	16600425	0.00562419734011054	0.860330745100854	0.00179805584416961	1,2-dipalmitoleoyl-sn-glycero-3-phosphocholine_[1575_730.54_5.9]	1,2-dipalmitoleoyl-sn-glycero-3-phosphocholine	[(2R)-2,3-di(hexadec-9-enoyloxy)propyl] 2-(trimethylazaniumyl)ethyl phosphate	[M + H]+	5	Fatty acids	Glycerophospholipids	Glycerophosphocholines	1	1	0.998
raw	class	Glycerophosphocholines	NPC class: Glycerophosphocholines	2313	Untreated	PET	3647610.66666667	3647610.66666667	33785603.3333333	33433404	32208246.6666667	33335936	33292706	33433404	35855857.3333333	35223120	0.00487187760111443	0.865202622701968	0.00458759243476886	NA_[2313_772.62_7.8]	NA	(3-Octadec-1-enoxy-2-octadec-4-enoyloxypropyl) 2-(trimethylazaniumyl)ethyl phosphate	[M + H]+	136	Fatty acids	Glycerophospholipids	Glycerophosphocholines	0.999	1	0.992
raw	class	Glycerophosphocholines	NPC class: Glycerophosphocholines	1920	Untreated	PS	3428396	3428396	25275760.2222222	24946590	25207107.3333333	23674354	23595888.6666667	24946590	27024284.6666667	27601394	0.00457908675198988	0.869781709453958	0.00343207978956219	NA_[1920_834.6_6.8]	NA	NA	[M + H]+	5	Fatty acids	Glycerophospholipids	Glycerophosphocholines	1	1	0.999
raw	class	Glycerophosphocholines	NPC class: Glycerophosphocholines	1634	Untreated	PS	3318484	3318484	14127447.3333333	14487654	14327757.3333333	14379285	12368050.3333333	12953673	15686534.3333333	16098588	0.00443228440387002	0.874213993857828	0.00191830140991007	PC(18:1(9Z)/13:0)_[1634_718.54_6.1]	PC(18:1(9Z)/13:0)	[(2S)-3-[(E)-octadec-9-enoyl]oxy-2-tridecanoyloxypropyl] 2-(trimethylazaniumyl)ethyl phosphate	[M + H]+	300	Fatty acids	Glycerophospholipids	Glycerophosphocholines	0.999	1	0.997
raw	class	Glycerophosphocholines	NPC class: Glycerophosphocholines	2136	PET	PS	3238771	3238771	15248323.2222222	15413904	17091203.6666667	15799912	13852432.6666667	14052702	14801333.3333333	15413904	0.00432581690645684	0.878539810764285	0.00207050001644222	1-octadecanoyl-2-(6Z,9Z,12Z,15Z,18Z-docosapentaenoyl)-sn-glycero-3- phosphocholine_[2136_836.62_7.3]	1-octadecanoyl-2-(6Z,9Z,12Z,15Z,18Z-docosapentaenoyl)-sn-glycero-3- phosphocholine	1-octadecanoyl-2-(6Z,9Z,12Z,15Z,18Z-docosapentaenoyl)-sn-glycero-3-phosphocholine	[M + H]+	-1	Fatty acids	Glycerophospholipids	Glycerophosphocholines	1	1	0.999
raw	class	Glycerophosphocholines	NPC class: Glycerophosphocholines	2196	Untreated	PS	3197835.16666667	3197835.16666667	10254804.6111111	9937384	9255043.66666667	9904898	9155767.5	9259781	12353602.6666667	12315593	0.0042711415620397	0.882810952326324	0.00139245298033648	PC(P-18:1(9Z)/18:1(9Z))_[2196_770.61_7.5]	PC(P-18:1(9Z)/18:1(9Z))	NA	[M + H]+	10	Fatty acids	Glycerophospholipids	Glycerophosphocholines	0.999	1	0.994
raw	class	Glycerophosphocholines	NPC class: Glycerophosphocholines	1899	PS	Untreated	3099400.26666667	3099400.26666667	5525799.57777778	6460145	6446262.33333333	6095191.5	6615268.33333333	6597509	3515868.06666667	1013873.6	0.00413966843392864	0.886950620760253	0.000750323032238159	NA_[1899_768.55_6.7]	NA	[(2S)-3-[(E)-icos-11-enoyl]oxy-2-tridecanoyloxypropyl] 2-(trimethylazaniumyl)ethyl phosphate	[M + Na]+	45	Fatty acids	Glycerophospholipids	Glycerophosphocholines	1	1	0.993
raw	class	Glycerophosphocholines	NPC class: Glycerophosphocholines	2048	PET	Untreated	3083075.33333334	3083075.33333334	23943630.8888889	23497282	25944570.6666667	24813986	23024826.6666667	23497282	22861495.3333333	22475672	0.00411786427654607	0.891068485036799	0.00325119604474819	PC(20:3(8Z,11Z,14Z)/20:3(8Z,11Z,14Z))_[2048_834.6_7.1]	PC(20:3(8Z,11Z,14Z)/20:3(8Z,11Z,14Z))	2,3-bis[[(8E,11E,14E)-icosa-8,11,14-trienoyl]oxy]propyl 2-(trimethylazaniumyl)ethyl phosphate	[M + H]+	5	Fatty acids	Glycerophospholipids	Glycerophosphocholines	1	1	0.999
raw	class	Glycerophosphocholines	NPC class: Glycerophosphocholines	2500	PS	Untreated	2897661.33333333	2897661.33333333	16589354.3333333	17201986	16165561.6666667	15668518	18250081.3333333	17208522	15352420	15495160	0.00387021879130065	0.8949387038281	0.00225259249291587	NA_[2500_772.62_8.3]	NA	(3-Octadec-1-enoxy-2-octadec-4-enoyloxypropyl) 2-(trimethylazaniumyl)ethyl phosphate	[M + H]+	-1	Fatty acids	Glycerophospholipids	Glycerophosphocholines	0.999	1	0.992
raw	class	Glycerophosphocholines	NPC class: Glycerophosphocholines	2068	PET	Untreated	2712034	2712034	27541368	27044208	29140312.6666667	28739446	27055512.6666667	27044208	26428278.6666667	26409998	0.00362228837052257	0.898560992198622	0.00373971629967395	NA_[2068_818.64_7.1]	NA	2-[[(3aS,6aR)-3',3'-bis[(9Z,12Z)-octadeca-9,12-dienyl]spiro[4,5,6,6a-tetrahydro-3aH-cyclopenta[d][1,3]dioxole-2,1'-cyclobutane]-5-yl]-methylamino]ethyl methyl hydrogen phosphate	[M + H]+	82	Fatty acids	Glycerophospholipids	Glycerophosphocholines	0.999	0.999	0.986
raw	class	Glycerophosphocholines	NPC class: Glycerophosphocholines	1434	Untreated	PS	2570667.16666667	2570667.16666667	8016284.16666667	7732336.5	7237546	7133807.5	7120319.66666667	7059854.5	9690986.83333333	9663223	0.00343347383635341	0.901994466034976	0.0010884945352352	dimyristoyl phosphatidylcholine_[1434_678.51_5.4]	dimyristoyl phosphatidylcholine	NA	[M + H]+	-1	Fatty acids	Glycerophospholipids	Glycerophosphocholines	1	1	0.997
raw	class	Glycerophosphocholines	NPC class: Glycerophosphocholines	2069	PET	Untreated	2462534.66666667	2462534.66666667	19560949.3333333	19201140	20595420	21005634	19954542.6666667	19783972	18132885.3333333	17975256	0.00328904825126652	0.905283514286242	0.00265609177652188	PC(12:0/22:1(11Z))_[2069_782.57_7.1]	PC(12:0/22:1(11Z))	1-dodecanoyl-2-(11Z-docosenoyl)-glycero-3-phosphocholine	[M + Na]+	45	Fatty acids	Glycerophospholipids	Glycerophosphocholines	0.992	0.999	0.971
raw	class	Glycerophosphocholines	NPC class: Glycerophosphocholines	1996	Untreated	PET	2453217.33333333	2453217.33333333	14091190.5555556	13532894	13088212	13485142	13643930.3333333	13532894	15541429.3333333	16608171	0.00327660369187766	0.90856011797812	0.00191337826800843	PC(P-18:1(9Z)/16:1(9Z))_[1996_742.57_6.9]	PC(P-18:1(9Z)/16:1(9Z))	NA	[M + H]+	-1	Fatty acids	Glycerophospholipids	Glycerophosphocholines	1	1	0.995
raw	class	Glycerophosphocholines	NPC class: Glycerophosphocholines	1671	PET	PS	2243818	2243818	16184197.6666667	15862270	17430233	17889964	15186415	15225708	15935945	15879570	0.00299692254852602	0.911557040526646	0.00219757812361312	1,2-di-O-pentadecanoyl-sn-glycero-3-phosphocholine_[1671_728.52_6.2]	1,2-di-O-pentadecanoyl-sn-glycero-3-phosphocholine	1,2-Dipentadecanoyl-sn-glycero-3-phosphocholine	[M + Na]+	45	Fatty acids	Glycerophospholipids	Glycerophosphocholines	0.986	0.999	0.941
raw	class	Glycerophosphocholines	NPC class: Glycerophosphocholines	1841	PET	PS	1984433.83333333	1984433.83333333	10545210.1666667	10330396	11271365.6666667	11757501	9286931.83333333	9710530	11077333	10977165	0.00265047989684306	0.914207520423489	0.00143188582149481	NA_[1841_816.62_6.6]	NA	1-[[3-[2-Aminoethoxy(prop-2-enoxy)phosphoryl]oxy-2-(tetradecanoylamino)propanoyl]amino]decan-3-yl dodecanoate	[M + H]+	82	Fatty acids	Glycerophospholipids	Glycerophosphocholines	1	1	0.998
raw	class	Glycerophosphocholines	NPC class: Glycerophosphocholines	1729	Untreated	PS	1981667.66666667	1981667.66666667	10169138.5555556	10404580	10156570.6666667	10404580	9184588.66666667	8821856	11166256.3333333	11154450	0.00264678530697155	0.916854305730461	0.00138082077875921	1,2-di-O-palmitoyl-sn-glycero-3-phosphocholine_[1729_756.55_6.3]	1,2-di-O-palmitoyl-sn-glycero-3-phosphocholine	2-[[(2R)-2-(8,9-ditritiohexadecanoyloxy)-3-hexadecanoyloxypropoxy]-hydroxyphosphoryl]oxyethyl-trimethylazanium	[M + Na]+	-1	Fatty acids	Glycerophospholipids	Glycerophosphocholines	0.999	1	0.998
raw	class	Glycerophosphocholines	NPC class: Glycerophosphocholines	1983	PS	Untreated	1931714	1931714	15331900.1111111	14940005	15737853	15746300	16094780.6666667	15620305	14163066.6666667	14525075	0.00258006542594069	0.919434371156401	0.00208184853964026	1,2-di-O-palmitoyl-sn-glycero-3-phosphocholine_[1983_756.55_6.9]	1,2-di-O-palmitoyl-sn-glycero-3-phosphocholine	2-[[(2R)-2-(8,9-ditritiohexadecanoyloxy)-3-hexadecanoyloxypropoxy]-hydroxyphosphoryl]oxyethyl-trimethylazanium	[M + Na]+	45	Fatty acids	Glycerophospholipids	Glycerophosphocholines	0.986	0.999	0.967
raw	class	Glycerophosphocholines	NPC class: Glycerophosphocholines	2084	Untreated	PS	1846358.66666667	1846358.66666667	15264011.1111111	15076947	15065278.6666667	15765684	14440198	14124552	16286556.6666667	16054466	0.00246606182890046	0.921900432985302	0.00207263020306858	NA_[2084_732.59_7.2]	NA	[(2S)-3-[(E)-icos-1-enoxy]-2-tridecanoyloxypropyl] 2-(trimethylazaniumyl)ethyl phosphate	[M + H]+	-1	Fatty acids	Glycerophospholipids	Glycerophosphocholines	0.999	1	0.993
raw	class	Glycerophosphocholines	NPC class: Glycerophosphocholines	2102	Untreated	PS	1845400	1845400	6508999.88888889	6321598	6281519	6148675.5	5700040.33333333	5582759.5	7545440.33333333	7599411.5	0.00246478139985058	0.924365214385152	0.000883827302226008	1-octadecyl-2-[(4Z,7Z,10Z,13Z,16Z,19Z)-docosahexaenoyl]-sn-glycero-3-phosphocholine_[2102_820.62_7.2]	1-octadecyl-2-[(4Z,7Z,10Z,13Z,16Z,19Z)-docosahexaenoyl]-sn-glycero-3-phosphocholine	2-[(2-Docosa-4,7,10,13,16,19-hexaenoyloxy-3-octadecoxypropoxy)-hydroxyphosphoryl]oxyethyl-trimethylazanium	[M + H]+	-1	Fatty acids	Glycerophospholipids	Glycerophosphocholines	0.999	1	0.992
raw	class	Glycerophosphocholines	NPC class: Glycerophosphocholines	2273	Untreated	PET	1700608.66666666	1700608.66666666	32314954.4444444	31240432	31586132.6666667	29705180	32071989.3333333	31240432	33286741.3333333	32722666	0.00227139298256458	0.926636607367717	0.00438789975353113	PC(P-18:1(9Z)/18:1(9Z))_[2273_770.61_7.7]	PC(P-18:1(9Z)/18:1(9Z))	NA	[M + H]+	-1	Fatty acids	Glycerophospholipids	Glycerophosphocholines	0.999	1	0.992
raw	class	Glycerophosphocholines	NPC class: Glycerophosphocholines	2537	PS	PET	1700377.66666667	1700377.66666667	13896959.3333333	13952073	13158146.6666667	13952073	14858524.3333333	15419558	13674207	12981539	0.00227108445080813	0.928907691818525	0.00188700449936883	PC(p-16:0/20:0)_[2537_774.64_8.5]	PC(p-16:0/20:0)	[(2R)-3-[(E)-hexadec-1-enoxy]-2-icosanoyloxypropyl] 2-(trimethylazaniumyl)ethyl phosphate	[M + H]+	-1	Fatty acids	Glycerophospholipids	Glycerophosphocholines	0.999	1	0.991
raw	class	Glycerophosphocholines	NPC class: Glycerophosphocholines	1746	Untreated	PET	1690111.5	1690111.5	9490868.55555556	9217545	8878080.5	9217545	9026333.16666667	8705913	10568192	10422561	0.00225737259611659	0.931165064414642	0.00128872160000455	PC(P-16:0/20:5(5Z,8Z,11Z,14Z,17Z))_[1746_764.56_6.4]	PC(P-16:0/20:5(5Z,8Z,11Z,14Z,17Z))	[3-[(Z)-hexadec-1-enoxy]-2-[(5E,8E,11E,14E,17E)-icosa-5,8,11,14,17-pentaenoyl]oxypropyl] 2-(trimethylazaniumyl)ethyl phosphate	[M + H]+	-1	Fatty acids	Glycerophospholipids	Glycerophosphocholines	1	1	0.993
raw	class	Glycerophosphocholines	NPC class: Glycerophosphocholines	1794	Untreated	PET	1628935.5	1628935.5	9193351.44444444	9383738	8576037.16666667	8821350	8799044.5	8430678	10204972.6666667	9898692	0.00217566377043259	0.933340728185074	0.00124832311326801	NA_[1794_716.52_6.5]	NA	NA	[M + H]+	10	Fatty acids	Glycerophospholipids	Glycerophosphocholines	0.99	0.997	0.851
raw	class	Glycerophosphocholines	NPC class: Glycerophosphocholines	1719	Untreated	PS	1589676.33333333	1589676.33333333	6720292.66666667	6545499.5	6429300.33333333	6131874.5	6070950.66666667	5819882	7660627	7589512.5	0.00212322784121744	0.935463956026292	0.000912517781401151	PC(16:1(9Z)/17:1(9Z))_[1719_744.55_6.3]	PC(16:1(9Z)/17:1(9Z))	[2-[(Z)-heptadec-9-enoyl]oxy-3-[(Z)-hexadec-9-enoyl]oxypropyl] 2-(trimethylazaniumyl)ethyl phosphate	[M + H]+	412	Fatty acids	Glycerophospholipids	Glycerophosphocholines	0.999	1	0.998
raw	class	Glycerophosphocholines	NPC class: Glycerophosphocholines	1834	Untreated	PS	1562948.66666667	1562948.66666667	50751912.4444444	48867930	50245267.3333333	48152570	50223760.6666667	48867930	51786709.3333333	51647350	0.00208752942588126	0.937551485452173	0.00689136989157961	1-pentadecanoyl-2-hexadecanoyl-sn-glycero-3-phosphocholine_[1834_720.55_6.6]	1-pentadecanoyl-2-hexadecanoyl-sn-glycero-3-phosphocholine	1-Pentadecanoyl-2-hexadecanoyl-sn-glycero-3-phosphocholine	[M + H]+	5	Fatty acids	Glycerophospholipids	Glycerophosphocholines	1	1	0.998
raw	class	Glycerophosphocholines	NPC class: Glycerophosphocholines	2477	PS	Untreated	1431251	1431251	14487295.4444444	14696018	14839686	14696018	15026725.6666667	15068384	13595474.6666667	13547215	0.00191162937212395	0.939463114824297	0.0019671635378381	NA_[2477_748.62_8.3]	NA	1-Eicosyl-2-tetradecanoyl-glycero-3-phosphocholine	[M + H]+	5	Fatty acids	Glycerophospholipids	Glycerophosphocholines	0.999	1	0.993
raw	class	Glycerophosphocholines	NPC class: Glycerophosphocholines	1846	Untreated	PS	1392489.33333333	1392489.33333333	12598295.5555556	13165684	12892840.6666667	13165684	11754778.3333333	12480900	13147267.6666667	13694078	0.0018598579214752	0.941322972745772	0.00171066488916676	PC(17:1(9Z)/17:1(9Z))_[1846_780.55_6.6]	PC(17:1(9Z)/17:1(9Z))	2,3-bis[[(Z)-heptadec-9-enoyl]oxy]propyl 2-(trimethylazaniumyl)ethyl phosphate	[M + Na]+	45	Fatty acids	Glycerophospholipids	Glycerophosphocholines	0.997	1	0.989
raw	class	Glycerophosphocholines	NPC class: Glycerophosphocholines	1829	PS	PET	1366526.66666667	1366526.66666667	22363813.3333333	22752650	21479413.3333333	20741222	22845940	22752650	22766086.6666667	22978978	0.00182518126715065	0.943148154012923	0.00303667984994545	1-(1Z-hexadecenyl)-2-tetradecanoyl-sn-glycero-3-phosphocholine_[1829_690.54_6.6]	1-(1Z-hexadecenyl)-2-tetradecanoyl-sn-glycero-3-phosphocholine	[(2R)-3-[(E)-hexadec-1-enoxy]-2-tetradecanoyloxypropyl] 2-(trimethylazaniumyl)ethyl phosphate	[M + H]+	-1	Fatty acids	Glycerophospholipids	Glycerophosphocholines	1	1	0.996
raw	class	Glycerophosphocholines	NPC class: Glycerophosphocholines	2231	Untreated	PS	1355369.33333334	1355369.33333334	26523645.3333333	25994502	26781268	25096456	25717149.3333333	25994502	27072518.6666667	27935460	0.00181027913879261	0.944958433151715	0.0036015243970393	NA_[2231_812.62_7.6]	NA	1-octadecanoyl-2-(5Z,11Z,14Z-eicosatrienoyl)-sn-glycero-3-phosphocholine	[M + H]+	5	Fatty acids	Glycerophospholipids	Glycerophosphocholines	0.999	1	0.998
raw	class	Glycerophosphocholines	NPC class: Glycerophosphocholines	2258	Untreated	PET	1328645.33333333	1328645.33333333	8455689.16666667	8641150	7680683.83333333	7262153.5	8677054.5	8641150	9009329.16666667	9098604	0.00177458562078588	0.946733018772501	0.00114815932896143	NA_[2258_770.57_7.6]	NA	1-Eicosanoyl-2-tridecanoyl-sn-glycero-3-phosphocholine	[M + Na]+	10	Fatty acids	Glycerophospholipids	Glycerophosphocholines	0.997	1	0.989
raw	class	Glycerophosphocholines	NPC class: Glycerophosphocholines	1683	Untreated	PS	1286131.33333333	1286131.33333333	7288983.83333333	6714771.5	7642790.16666667	7400105.5	6469015	6588096	7755146.33333333	8003509	0.00171780242124473	0.948450821193746	0.000989737751936526	PC(16:1(9Z)/17:1(9Z))_[1683_744.55_6.2]	PC(16:1(9Z)/17:1(9Z))	[2-[(Z)-heptadec-9-enoyl]oxy-3-[(Z)-hexadec-9-enoyl]oxypropyl] 2-(trimethylazaniumyl)ethyl phosphate	[M + H]+	101	Fatty acids	Glycerophospholipids	Glycerophosphocholines	0.999	1	0.997
raw	class	Glycerophosphocholines	NPC class: Glycerophosphocholines	1533	Untreated	PS	1225370	1225370	4149700.61111111	4119925	3814022.5	3857505	3704854.66666667	3570409	4930224.66666667	4599107.5	0.00163664743900233	0.950087468632748	0.00056346885216955	NA_[1533_692.52_5.8]	NA	1-Eicosanoyl-2-nonanoyl-sn-glycero-3-phosphocholine	[M + H]+	5	Fatty acids	Glycerophospholipids	Glycerophosphocholines	1	1	0.998
raw	class	Glycerophosphocholines	NPC class: Glycerophosphocholines	2281	PET	PS	1193024	1193024	29325156	28730472	29763844	28578278	28570820	28730472	29640804	29378910	0.00159344497928652	0.951680913612035	0.00398192870752395	PC(p-16:0/20:0)_[2281_796.62_7.7]	PC(p-16:0/20:0)	[(2R)-3-[(E)-hexadec-1-enoxy]-2-icosanoyloxypropyl] 2-(trimethylazaniumyl)ethyl phosphate	[M + Na]+	5	Fatty acids	Glycerophospholipids	Glycerophosphocholines	1	1	0.995
raw	class	Glycerophosphocholines	NPC class: Glycerophosphocholines	2014	Untreated	PET	1076546.33333333	1076546.33333333	11234525.7777778	11386291	10867335.3333333	11403496	10892360.3333333	11220033	11943881.6666667	11804600	0.00143787329493732	0.953118786906972	0.0015254848332248	NA_[2014_706.57_7]	NA	1-Octadecyl-2-tridecanoyl-glycero-3-phosphocholine	[M + H]+	5	Fatty acids	Glycerophospholipids	Glycerophosphocholines	1	1	0.995
raw	class	Glycerophosphocholines	NPC class: Glycerophosphocholines	1896	Untreated	PS	1055560.8	1055560.8	4194452.78888889	4214233	4262676.5	4278047.5	3632560.53333333	4005460.8	4688121.33333333	4696431	0.00140984427563206	0.954528631182604	0.000569545545552445	NA_[1896_866.64_6.7]	NA	2-(dimethylamino)ethyl-[(2R)-2,3-di(tricosa-10,12-diynoyloxy)propoxy]phosphinic acid	[M - H2O + H]+	82	Fatty acids	Glycerophospholipids	Glycerophosphocholines	1	0.999	0.996
raw	class	Glycerophosphocholines	NPC class: Glycerophosphocholines	2245	Untreated	PET	1012396.33333333	1012396.33333333	12164168.4444444	12119821	11821447.6666667	12119821	11837213.6666667	11891498	12833844	12811276	0.00135219228984335	0.955880823472448	0.00165171675581505	NA_[2245_768.59_7.6]	NA	[(2S)-3-[(E)-icos-1-enoxy]-2-tetradecanoyloxypropyl] 2-(trimethylazaniumyl)ethyl phosphate	[M + Na]+	45	Fatty acids	Glycerophospholipids	Glycerophosphocholines	0.999	1	0.964
raw	class	Glycerophosphocholines	NPC class: Glycerophosphocholines	2252	Untreated	PET	1009350	1009350	25763479.7777778	25789970	25101727.3333333	23998954	26077634.6666667	25789970	26111077.3333333	27794206	0.00134812349947934	0.957228946971927	0.00349830499564422	PC(P-16:0/20:1(11Z))_[2252_794.61_7.6]	PC(P-16:0/20:1(11Z))	[(2R)-3-[(E)-hexadec-1-enoxy]-2-[(E)-icos-11-enoyl]oxypropyl] 2-(trimethylazaniumyl)ethyl phosphate	[M + Na]+	-1	Fatty acids	Glycerophospholipids	Glycerophosphocholines	0.999	1	0.992
raw	class	Glycerophosphocholines	NPC class: Glycerophosphocholines	472	PS	Untreated	956952.033333333	956952.033333333	3425823.45555556	3452040.8	3217274.2	3452040.8	4008574.1	4152298.8	3051622.06666667	2646801.2	0.00127813892506188	0.958507085896989	0.000465176886512916	1-stearoyl-sn-glycero-3-phosphocholine_[472_524.37_1.8]	1-stearoyl-sn-glycero-3-phosphocholine	2-Lysophosphatidylcholine	[M + H]+	152	Fatty acids	Glycerophospholipids	Glycerophosphocholines	0.998	1	0.999
raw	class	Glycerophosphocholines	NPC class: Glycerophosphocholines	1540	Untreated	PS	945438.033333333	945438.033333333	1947758.18888889	1858173.2	1832074.06666667	1858173.2	1532881.23333333	1569244.4	2478319.26666667	2605763.2	0.00126276042011017	0.959769846317099	0.000264477169282629	NA_[1540_754.54_5.8]	NA	[O-[1-O,2-O-(1,32-Dioxodotriacontane-1,32-diyl)-L-glycero-3-phospho]choline]anion	[M + Na]+	-1	Fatty acids	Glycerophospholipids	Glycerophosphocholines	0.999	1	0.996
raw	class	Glycerophosphocholines	NPC class: Glycerophosphocholines	2134	PET	Untreated	914846	914846	23673694	22481046	24136266.6666667	22435254	23663394.6666667	22869686	23221420.6666667	22444566	0.00122190062020576	0.960991746937305	0.00321454255014832	NA_[2134_748.59_7.3]	NA	1-Eicosanoyl-2-tridecanoyl-sn-glycero-3-phosphocholine	[M + H]+	5	Fatty acids	Glycerophospholipids	Glycerophosphocholines	1	1	0.998
raw	class	Glycerophosphocholines	NPC class: Glycerophosphocholines	2306	Untreated	PS	908866.566666666	908866.566666666	4869789.42222222	4770846	4692614.83333333	4548480	4503943.43333333	4550808	5412810	5612940.5	0.00121391427791593	0.962205661215221	0.000661246415873904	NA_[2306_822.64_7.8]	NA	[(2R)-3-[(E)-icos-1-enoxy]-2-[(E)-octadec-4-enoyl]oxypropyl] 2-(trimethylazaniumyl)ethyl phosphate	[M + Na]+	-1	Fatty acids	Glycerophospholipids	Glycerophosphocholines	0.999	1	0.991
raw	class	Glycerophosphocholines	NPC class: Glycerophosphocholines	1986	PS	PET	874650.833333333	874650.833333333	6231347.61111111	6407576.5	5806319.5	5731498.5	6680970.33333333	6613496.5	6206753	6407576.5	0.00116821453634107	0.963373875751562	0.000846126170283428	NA_[1986_704.56_6.9]	NA	[3-[(Z)-octacos-17-enoxy]-2-propanoyloxypropyl] 2-(trimethylazaniumyl)ethyl phosphate	[M + H]+	5	Fatty acids	Glycerophospholipids	Glycerophosphocholines	1	1	0.995
raw	class	Glycerophosphocholines	NPC class: Glycerophosphocholines	1825	Untreated	PS	872739.833333333	872739.833333333	5247526.83333333	5021064	4963674.66666667	5021064	4953083	4982665.5	5825822.83333333	5941491.5	0.00116566213726492	0.964539537888827	0.000712537649966883	1-(1Z-hexadecenyl)-2-(4Z,7Z,10Z,13Z,16Z,19Z-docosahexaenoyl)-sn-glycero-3-phosphocholine_[1825_790.57_6.6]	1-(1Z-hexadecenyl)-2-(4Z,7Z,10Z,13Z,16Z,19Z-docosahexaenoyl)-sn-glycero-3-phosphocholine	[2-[(4E,7E,10E,13E,16E,19E)-docosa-4,7,10,13,16,19-hexaenoyl]oxy-3-[(Z)-hexadec-1-enoxy]propyl] 2-(trimethylazaniumyl)ethyl phosphate	[M + H]+	82	Fatty acids	Glycerophospholipids	Glycerophosphocholines	0.999	1	0.997
raw	class	Glycerophosphocholines	NPC class: Glycerophosphocholines	2404	PS	PET	850159.333333332	850159.333333332	26342239.7777778	25516638	25937956.6666667	24437022	26788116	26597998	26300646.6666667	25516638	0.00113550282416244	0.965675040712989	0.00357689216697134	NA_[2404_814.63_8]	NA	2,3-Bis[8-(2-octylcyclopropyl)octanoyloxy]propyl 2-(trimethylazaniumyl)ethyl phosphate	[M + H]+	5	Fatty acids	Glycerophospholipids	Glycerophosphocholines	1	1	0.998
raw	class	Glycerophosphocholines	NPC class: Glycerophosphocholines	1984	Untreated	PET	845776.666666668	845776.666666668	16084102.1111111	16295901	15727215.6666667	16295901	15952098.3333333	16245437	16572992.3333333	17066612	0.00112964917981339	0.966804689892802	0.00218398660627687	NA_[1984_818.61_6.9]	NA	1-eicosyl-2-(6Z,9Z,12Z,15Z-octadecatetraenoyl)-glycero-3-phosphocholine	[M + Na]+	5	Fatty acids	Glycerophospholipids	Glycerophosphocholines	0.999	1	0.992
raw	class	Glycerophosphocholines	NPC class: Glycerophosphocholines	2289	PET	Untreated	840651.5	840651.5	2684066.44444444	2734793.5	3035161.16666667	2775359.5	2822528.5	2734793.5	2194509.66666667	2061444.2	0.00112280382624715	0.96792749371905	0.000364457097109221	NA_[2289_784.58_7.7]	NA	1-Heneicosanoyl-2-tridecanoyl-sn-glycero-3-phosphocholine	[M + Na]+	45	Fatty acids	Glycerophospholipids	Glycerophosphocholines	0.994	0.999	0.983
raw	class	Glycerophosphocholines	NPC class: Glycerophosphocholines	2389	Untreated	PET	829613	829613	5667890.33333333	5728480	5241454.33333333	5447065	5691149.33333333	5728480	6071067.33333333	6047643.5	0.00110806041588503	0.969035554134935	0.000769616885563967	NA_[2389_760.62_8]	NA	NA	[M + H]+	-1	Fatty acids	Glycerophospholipids	Glycerophosphocholines	0.999	1	0.991
raw	class	Glycerophosphocholines	NPC class: Glycerophosphocholines	1827	Untreated	PS	821164.166666666	821164.166666666	6725651.44444444	6693155.5	6474622.83333333	6693155.5	6440583.66666667	6438444.5	7261747.83333333	7173479.5	0.00109677585576233	0.970132329990697	0.000913245425307652	NA_[1827_716.56_6.6]	NA	[(2R)-3-[(Z)-hexadec-1-enoxy]-2-[(Z)-hexadec-8-enoyl]oxypropyl] 2-(trimethylazaniumyl)ethyl phosphate	[M + H]+	10	Fatty acids	Glycerophospholipids	Glycerophosphocholines	0.997	0.999	0.978
raw	class	Glycerophosphocholines	NPC class: Glycerophosphocholines	1740	Untreated	PS	776992	776992	3163986.87777778	3121961.2	3076079.5	2923987.5	2819444.56666667	2866721.5	3596436.56666667	3625878.2	0.00103777795027241	0.971170107940969	0.000429623296082462	NA_[1740_794.57_6.4]	NA	[(2R)-3-[(9E,12E)-heptadeca-9,12-dienoyl]oxy-2-[(8E,11E,14E)-icosa-8,11,14-trienoyl]oxypropyl] 2-(trimethylazaniumyl)ethyl phosphate	[M + H]+	-1	Fatty acids	Glycerophospholipids	Glycerophosphocholines	1	1	0.998
raw	class	Glycerophosphocholines	NPC class: Glycerophosphocholines	1993	Untreated	PET	746700.933333333	746700.933333333	4184520.65555556	4260188.5	3879988.56666667	3968271.2	4046883.9	4030875.2	4626689.5	4707334	0.000997320132074924	0.972167428073044	0.000568196906628002	PC(P-18:1(9Z)/18:2(9Z,12Z))_[1993_790.57_6.9]	PC(P-18:1(9Z)/18:2(9Z,12Z))	NA	[M + Na]+	45	Fatty acids	Glycerophospholipids	Glycerophosphocholines	0.999	1	0.984
raw	class	Glycerophosphocholines	NPC class: Glycerophosphocholines	1915	Untreated	PS	718925.166666666	718925.166666666	4889290.5	4756720.5	4854914	4743124.5	4547016.16666667	4738148	5265941.33333333	5180569	0.000960221837371017	0.973127649910415	0.000663894377965939	NA_[1915_804.62_6.8]	NA	[3-Hexadecoxy-2-(hexadecoxymethyl)-2-methylpropyl] [3-(trimethylazaniumyl)phenyl] phosphate	[M + Na]+	82	Fatty acids	Glycerophospholipids	Glycerophosphocholines	1	1	0.995
raw	class	Glycerophosphocholines	NPC class: Glycerophosphocholines	1774	Untreated	PS	694784.766666667	694784.766666667	3296473.25555556	3260738.2	3226399.2	3081504	2984117.9	2896769	3678902.66666667	3756518	0.000927979066749498	0.974055628977165	0.000447613014910529	NA_[1774_770.57_6.4]	NA	[(2R)-2-[(E)-heptadec-9-enoyl]oxy-3-[(9E,12E)-octadeca-9,12-dienoyl]oxypropyl] 2-(trimethylazaniumyl)ethyl phosphate	[M + H]+	781	Fatty acids	Glycerophospholipids	Glycerophosphocholines	0.999	1	0.996
raw	class	Glycerophosphocholines	NPC class: Glycerophosphocholines	1815	Untreated	PS	675589	675589	6769979.11111111	6859702	6823448.33333333	6761045.5	6405450	6862169.5	7081039	6859702	0.000902340522999703	0.974957969500164	0.00091926447626982	NA_[1815_804.55_6.5]	NA	1,2-di-(9Z,11Z-octadecadienoyl)-sn-glycero-3-phosphocholine	[M + Na]+	45	Fatty acids	Glycerophospholipids	Glycerophosphocholines	0.997	1	0.989
raw	class	Glycerophosphocholines	NPC class: Glycerophosphocholines	1941	Untreated	PS	672353.966666667	672353.966666667	2942442.84444444	3465879.5	3043058.3	3781739.2	2555958.13333333	2976523.5	3228312.1	3786567.2	0.000898019698252821	0.975855989198417	0.000399540845836992	NA_[1941_798.6_6.8]	NA	[(2R)-2-nonadecanoyloxy-3-[(6E,9E,12E)-octadeca-6,9,12-trienoyl]oxypropyl] 2-(trimethylazaniumyl)ethyl phosphate	[M + H]+	82	Fatty acids	Glycerophospholipids	Glycerophosphocholines	1	1	0.999
raw	class	Glycerophosphocholines	NPC class: Glycerophosphocholines	2342	PS	PET	639846.5	639846.5	5451388.05555556	5758185.5	5102260.83333333	4943334	5742107.33333333	5758185.5	5509796	5956547.5	0.000854601577955724	0.976710590776373	0.000740219032228501	NA_[2342_758.61_7.9]	NA	[2-[(9Z,12Z)-heptadeca-9,12-dienoyl]oxy-3-octadecoxypropyl] 2-(trimethylazaniumyl)ethyl phosphate	[M + H]+	5	Fatty acids	Glycerophospholipids	Glycerophosphocholines	0.999	1	0.994
raw	class	Glycerophosphocholines	NPC class: Glycerophosphocholines	1666	Untreated	PS	630721.3	630721.3	2594170.37777778	2701371.2	2757751.43333333	2740046.5	2197019.2	1990242.4	2827740.5	2847743.2	0.000842413638630961	0.977553004415004	0.000352250521684576	NA_[1666_768.55_6.2]	NA	[(2R)-2-[(9E,12E)-heptadeca-9,12-dienoyl]oxy-3-[(9E,12E)-octadeca-9,12-dienoyl]oxypropyl] 2-(trimethylazaniumyl)ethyl phosphate	[M + H]+	5	Fatty acids	Glycerophospholipids	Glycerophosphocholines	1	1	0.999
raw	class	Glycerophosphocholines	NPC class: Glycerophosphocholines	1769	Untreated	PS	624496.666666668	624496.666666668	19810415.7777778	20169602	19755054.6666667	20169602	19525848	19002002	20150344.6666667	20501348	0.000834099798563286	0.978387104213567	0.00268996568316699	PC(15:0/17:1(9Z))_[1769_754.54_6.4]	PC(15:0/17:1(9Z))	[2-[(Z)-heptadec-9-enoyl]oxy-3-pentadecanoyloxypropyl] 2-(trimethylazaniumyl)ethyl phosphate	[M + Na]+	45	Fatty acids	Glycerophospholipids	Glycerophosphocholines	0.993	0.999	0.976
raw	class	Glycerophosphocholines	NPC class: Glycerophosphocholines	2204	PET	Untreated	613177.300000001	613177.300000001	8602478.28888889	10705568	8816472.83333333	10705568	8787666.5	10130859	8203295.53333333	11525095	0.000818981252763953	0.979206085466331	0.00116809115199176	NA_[2204_776.61_7.5]	NA	2-[Hydroxy-(2-tetracosanoyloxy-3-undecanoyloxypropoxy)phosphoryl]oxyethyl-trimethylazanium	[M + H]+	82	Fatty acids	Glycerophospholipids	Glycerophosphocholines	1	1	0.998
raw	class	Glycerophosphocholines	NPC class: Glycerophosphocholines	2095	Untreated	PS	592832.833333333	592832.833333333	6899881.22222222	6665869.5	6786675.83333333	6411134	6660067.5	6665869.5	7252900.33333333	7833048	0.000791808464734321	0.979997893931066	0.000936903289355804	NA_[2095_798.6_7.2]	NA	[(2R)-3-nonadecanoyloxy-2-[(6E,9E,12E)-octadeca-6,9,12-trienoyl]oxypropyl] 2-(trimethylazaniumyl)ethyl phosphate	[M + H]+	412	Fatty acids	Glycerophospholipids	Glycerophosphocholines	1	1	0.999
raw	class	Glycerophosphocholines	NPC class: Glycerophosphocholines	2214	PS	PET	590902.933333333	590902.933333333	4261304.43333333	4291007	3943037.56666667	3983455.2	4533940.5	4393001	4306935.23333333	4325181	0.000789230822150832	0.980787124753216	0.000578623024361373	PC(P-20:0/14:1(9Z))_[2214_766.57_7.5]	PC(P-20:0/14:1(9Z))	[(2S)-3-[(E)-icos-1-enoxy]-2-[(E)-tetradec-9-enoyl]oxypropyl] 2-(trimethylazaniumyl)ethyl phosphate	[M + Na]+	45	Fatty acids	Glycerophospholipids	Glycerophosphocholines	1	0.999	0.98
raw	class	Glycerophosphocholines	NPC class: Glycerophosphocholines	2416	Untreated	PET	574241.766666667	574241.766666667	4584230.97777778	4338013.5	4334996.5	4338013.5	4508458.16666667	4311712.5	4909238.26666667	4927028.5	0.000766977579656083	0.981554102332872	0.000622471741747389	NA_[2416_798.64_8]	NA	NA	[M + H]+	-1	Fatty acids	Glycerophospholipids	Glycerophosphocholines	0.999	1	0.993
raw	class	Glycerophosphocholines	NPC class: Glycerophosphocholines	2268	Untreated	PET	572712.333333332	572712.333333332	18347901	17470190	18110715	16712583	18249560.6666667	17470190	18683427.3333333	17637904	0.000764934814492804	0.982319037147365	0.00249137749564597	NA_[2268_800.62_7.7]	NA	NA	[M + H]+	5	Fatty acids	Glycerophospholipids	Glycerophosphocholines	1	1	0.999
raw	class	Glycerophosphocholines	NPC class: Glycerophosphocholines	2027	Untreated	PS	550261	550261	6887082.16666667	6646301.5	6884356.83333333	6646301.5	6613314.33333333	6439717.5	7163575.33333333	7027322	0.00073494802095111	0.983053985168316	0.000935165364185146	NA_[2027_860.62_7]	NA	[(2R)-3-[(7E,10E,13E,16E)-docosa-7,10,13,16-tetraenoyl]oxy-2-[(8E,11E,14E)-icosa-8,11,14-trienoyl]oxypropyl] 2-(trimethylazaniumyl)ethyl phosphate	[M + H]+	811	Fatty acids	Glycerophospholipids	Glycerophosphocholines	1	1	0.999
raw	class	Glycerophosphocholines	NPC class: Glycerophosphocholines	1650	Untreated	PS	543817.333333333	543817.333333333	3158694.08888889	3167347.8	3243714.93333333	3167347.8	2844275	3096839.8	3388092.33333333	3502705.8	0.000726341632229512	0.983780326800546	0.000428904612505143	NA_[1650_690.54_6.1]	NA	[2-acetyloxy-3-[(Z)-octacos-17-enoxy]propyl] 2-(trimethylazaniumyl)ethyl phosphate	[M + H]+	-1	Fatty acids	Glycerophospholipids	Glycerophosphocholines	1	1	0.997
raw	class	Glycerophosphocholines	NPC class: Glycerophosphocholines	2639	PS	Untreated	540858.333333333	540858.333333333	4293757.2	4235804.5	4393799.26666667	3950941.8	4514165.33333333	4650230.5	3973307	3670283	0.000722389487349183	0.984502716287895	0.000583029637005772	NA_[2639_816.65_8.7]	NA	2-[[3-henicosanoyloxy-2-[(Z)-heptadec-9-enoyl]oxypropoxy]-hydroxyphosphoryl]oxyethyl-trimethylazanium	[M + H]+	5	Fatty acids	Glycerophospholipids	Glycerophosphocholines	1	1	0.999
raw	class	Glycerophosphocholines	NPC class: Glycerophosphocholines	2209	PS	PET	539798.666666668	539798.666666668	13855533	13927177	13548691.6666667	14122555	14088490.3333333	13927177	13929417	13081328	0.000720974159133058	0.985223690447028	0.00188137940718015	1-octadecyl-2-[(4Z,7Z,10Z,13Z,16Z,19Z)-docosahexaenoyl]-sn-glycero-3-phosphocholine_[2209_820.62_7.5]	1-octadecyl-2-[(4Z,7Z,10Z,13Z,16Z,19Z)-docosahexaenoyl]-sn-glycero-3-phosphocholine	2-[(2-Docosa-4,7,10,13,16,19-hexaenoyloxy-3-octadecoxypropoxy)-hydroxyphosphoryl]oxyethyl-trimethylazanium	[M + H]+	-1	Fatty acids	Glycerophospholipids	Glycerophosphocholines	0.999	1	0.992
raw	class	Glycerophosphocholines	NPC class: Glycerophosphocholines	1974	Untreated	PET	525822.833333333	525822.833333333	4201012.18888889	3977903.8	3974011.16666667	3977903.8	4129191.4	3951331.2	4499834	4756718.5	0.000702307542655647	0.985925997989684	0.000570436216455069	NA_[1974_740.56_6.9]	NA	[2-butanoyloxy-3-[(Z)-octacos-17-enoxy]propyl] 2-(trimethylazaniumyl)ethyl phosphate	[M + Na]+	45	Fatty acids	Glycerophospholipids	Glycerophosphocholines	1	1	0.996
raw	class	Glycerophosphocholines	NPC class: Glycerophosphocholines	1898	Untreated	PS	508662	508662	4420647.27777778	4478594	4566480.16666667	4505051	4093399.83333333	4425137.5	4602061.83333333	4642895.5	0.000679386927717998	0.986605384917402	0.000600259459871958	PC(18:2(9Z,12Z)/20:3(8Z,11Z,14Z))_[1898_830.57_6.7]	PC(18:2(9Z,12Z)/20:3(8Z,11Z,14Z))	[(2R)-2-[(8E,11E,14E)-icosa-8,11,14-trienoyl]oxy-3-[(9E,12E)-octadeca-9,12-dienoyl]oxypropyl] 2-(trimethylazaniumyl)ethyl phosphate	[M + Na]+	45	Fatty acids	Glycerophospholipids	Glycerophosphocholines	0.996	0.999	0.987
raw	class	Glycerophosphocholines	NPC class: Glycerophosphocholines	1548	Untreated	PS	506226.3	506226.3	2363242.74444444	2228235.2	2343333.73333333	2228235.2	2120084.1	2142255	2626310.4	2658806.5	0.000676133720795046	0.987281518638197	0.000320893915345276	NA_[1548_804.55_5.8]	NA	2-[hydroxy-[2-[(4Z,7Z,10Z,13Z)-icosa-4,7,10,13-tetraenoyl]oxy-3-[(4Z,7Z,10Z)-octadeca-4,7,10-trienoyl]oxypropoxy]phosphoryl]oxyethyl-trimethylazanium	[M + H]+	-1	Fatty acids	Glycerophospholipids	Glycerophosphocholines	1	1	0.999
raw	class	Glycerophosphocholines	NPC class: Glycerophosphocholines	2103	Untreated	PET	495752.5	495752.5	4405237.26666667	4111405	4178220.1	3981534.5	4363519.1	4111405	4673972.6	5001749	0.000662144543692111	0.987943663181889	0.000598167004997154	NA_[2103_780.59_7.2]	NA	[3-nonadecoxy-2-[(3Z,6Z,9Z,12Z,15Z)-octadeca-3,6,9,12,15-pentaenoyl]oxypropyl] 2-(trimethylazaniumyl)ethyl phosphate	[M + H]+	5	Fatty acids	Glycerophospholipids	Glycerophosphocholines	0.999	1	0.993
raw	class	Glycerophosphocholines	NPC class: Glycerophosphocholines	2277	PS	Untreated	481124.633333334	481124.633333334	3251443.12222222	3229117.2	3369290.4	3229117.2	3433081.8	3389086.2	2951957.16666667	2909402	0.000642607048471838	0.988586270230361	0.000441498579214991	NA_[2277_732.59_7.7]	NA	[(2S)-3-[(E)-icos-1-enoxy]-2-tridecanoyloxypropyl] 2-(trimethylazaniumyl)ethyl phosphate	[M + H]+	725	Fatty acids	Glycerophospholipids	Glycerophosphocholines	0.999	1	0.994
raw	class	Glycerophosphocholines	NPC class: Glycerophosphocholines	1979	Untreated	PS	464720.166666667	464720.166666667	5830612.94444444	5822811	5703801.66666667	5276235	5661658.5	5822811	6126378.66666667	6312026	0.000620696663560995	0.989206966893922	0.000791712244120511	PC(19:0/18:4(6Z,9Z,12Z,15Z))_[1979_796.58_6.9]	PC(19:0/18:4(6Z,9Z,12Z,15Z))	[3-nonadecanoyloxy-2-[(6Z,9Z,12Z,15Z)-octadeca-6,9,12,15-tetraenoyl]oxypropyl] 2-(trimethylazaniumyl)ethyl phosphate	[M + H]+	-1	Fatty acids	Glycerophospholipids	Glycerophosphocholines	1	1	0.999
raw	class	Glycerophosphocholines	NPC class: Glycerophosphocholines	1963	Untreated	PS	460912.833333333	460912.833333333	7745146.66666667	7338616	7869876.16666667	7204009	7452325.5	7338616	7913238.33333333	8093476.5	0.000615611454726579	0.989822578348648	0.00105167801514793	PC(P-18:1(9Z)/22:6(4Z,7Z,10Z,13Z,16Z,19Z))_[1963_816.59_6.9]	PC(P-18:1(9Z)/22:6(4Z,7Z,10Z,13Z,16Z,19Z))	NA	[M + H]+	256	Fatty acids	Glycerophospholipids	Glycerophosphocholines	0.999	1	0.995
raw	class	Glycerophosphocholines	NPC class: Glycerophosphocholines	2310	Untreated	PS	431903.833333333	431903.833333333	5419683.55555556	5115406.5	5555738.83333333	4981544	5135704	5115406.5	5567607.83333333	5850951.5	0.00057686601003802	0.990399444358686	0.000735914023289838	NA_[2310_838.63_7.8]	NA	[(2R)-2,3-bis[8-[2-[(2-pentylcyclopropyl)methyl]cyclopropyl]octanoyloxy]propyl] 2-(trimethylazaniumyl)ethyl phosphate	[M + H]+	5	Fatty acids	Glycerophospholipids	Glycerophosphocholines	1	1	0.999
raw	class	Glycerophosphocholines	NPC class: Glycerophosphocholines	2157	Untreated	PET	422117.266666667	422117.266666667	4184854.22222222	4261471.5	4040030.23333333	4261471.5	4052384.93333333	4181296.8	4462147.5	4580546.5	0.00056379472604084	0.990963239084727	0.000568242200118883	NA_[2157_758.61_7.4]	NA	[2-[(9Z,12Z)-heptadeca-9,12-dienoyl]oxy-3-octadecoxypropyl] 2-(trimethylazaniumyl)ethyl phosphate	[M + H]+	412	Fatty acids	Glycerophospholipids	Glycerophosphocholines	0.999	1	0.993
raw	class	Glycerophosphocholines	NPC class: Glycerophosphocholines	1876	Untreated	PET	412740.833333333	412740.833333333	4422836.8	4088470.2	4239361.4	4074700.2	4377046.76666667	4083958.8	4652102.23333333	4608117.5	0.000551271230605195	0.991514510315332	0.000600556765072736	1-pentadecanoyl-2-hexadecanoyl-sn-glycero-3-phosphocholine_[1876_742.54_6.7]	1-pentadecanoyl-2-hexadecanoyl-sn-glycero-3-phosphocholine	1-Pentadecanoyl-2-hexadecanoyl-sn-glycero-3-phosphocholine	[M + Na]+	-1	Fatty acids	Glycerophospholipids	Glycerophosphocholines	0.989	0.997	0.824
raw	class	Glycerophosphocholines	NPC class: Glycerophosphocholines	1927	PS	PET	407037.666666667	407037.666666667	4291520.77777778	4313603	4034469.83333333	3989935.8	4441507.5	4425768	4398585	4334300.5	0.000543653879830161	0.992058164195163	0.000582725963468662	NA_[1927_746.51_6.8]	NA	1-(6-[3]-Ladderane-hexanoyl)-2-(8-[3]-ladderane-octanyl)-sn-glycerophosphoethanolamine	[M + H]+	-1	Fatty acids	Glycerophospholipids	Glycerophosphocholines	1	1	0.997
raw	class	Glycerophosphocholines	NPC class: Glycerophosphocholines	2390	PET	PS	397433.4	397433.4	2495921.72222222	2459754.8	2702046.16666667	2621990.2	2304612.76666667	2291721.5	2481106.23333333	2662332	0.000530826082149872	0.992588990277312	0.000338909786445783	NA_[2390_848.66_8]	NA	NA	[M + H]+	-1	Fatty acids	Glycerophospholipids	Glycerophosphocholines	0.999	1	0.992
raw	class	Glycerophosphocholines	NPC class: Glycerophosphocholines	1699	Untreated	PS	393781.633333333	393781.633333333	2503557.64444444	2553491.2	2467064.96666667	2578275.2	2324913.16666667	2270945.2	2718694.8	2553491.2	0.000525948653648412	0.993114938930961	0.000339946633373557	NA_[1699_856.59_6.2]	NA	[2-[(7Z,10Z,13Z,16Z,19Z)-docosa-7,10,13,16,19-pentaenoyl]oxy-3-[(8Z,11Z,14Z,17Z)-icosa-8,11,14,17-tetraenoyl]oxypropyl] 2-(trimethylazaniumyl)ethyl phosphate	[M + H]+	-1	Fatty acids	Glycerophospholipids	Glycerophosphocholines	1	1	0.999
raw	class	Glycerophosphocholines	NPC class: Glycerophosphocholines	1933	PET	PS	390975.7	390975.7	3982090.58888889	3986982	4146375.53333333	3991956.8	3755399.83333333	3952606	4044496.4	4060069.2	0.000522200950012766	0.993637139880974	0.000540709854428655	1-[(9Z)-octadecenoyl]-2-[(6Z,9Z)-octadecadienoyl]-sn-glycero-3-phosphocholine_[1933_806.57_6.8]	1-[(9Z)-octadecenoyl]-2-[(6Z,9Z)-octadecadienoyl]-sn-glycero-3-phosphocholine	NA	[M + Na]+	45	Fatty acids	Glycerophospholipids	Glycerophosphocholines	0.996	0.999	0.989
raw	class	Glycerophosphocholines	NPC class: Glycerophosphocholines	2029	PET	PS	384299.433333333	384299.433333333	3665550.5	3618516	3798222.43333333	3623645.8	3413923	3570562.8	3784506.06666667	3830184.2	0.000513283892518216	0.994150423773492	0.000497728324610746	NA_[2029_822.6_7]	NA	[2-[(5Z,8Z,11Z,14Z,17Z)-icosa-5,8,11,14,17-pentaenoyl]oxy-3-nonadecanoyloxypropyl] 2-(trimethylazaniumyl)ethyl phosphate	[M + H]+	5	Fatty acids	Glycerophospholipids	Glycerophosphocholines	1	1	0.999
raw	class	Glycerophosphocholines	NPC class: Glycerophosphocholines	2184	PS	Untreated	382009.333333334	382009.333333334	9475332.88888889	9609549	9367973.33333333	8941440	9720017.33333333	9609549	9338008	10041383	0.000510225154096305	0.994660648927588	0.001286612082937	NA_[2184_818.6_7.4]	NA	1-eicosyl-2-(6Z,9Z,12Z,15Z-octadecatetraenoyl)-glycero-3-phosphocholine	[M + Na]+	256	Fatty acids	Glycerophospholipids	Glycerophosphocholines	0.999	1	0.993
raw	class	Glycerophosphocholines	NPC class: Glycerophosphocholines	2186	PS	PET	319065.966666667	319065.966666667	3637230.03333333	3744531.8	3449120.63333333	3367931.2	3768186.6	3812438.5	3694382.86666667	3744531.8	0.000426155771087756	0.995086804698676	0.000493882818069179	NA_[2186_770.57_7.4]	NA	1-Eicosanoyl-2-tridecanoyl-sn-glycero-3-phosphocholine	[M + Na]+	10	Fatty acids	Glycerophospholipids	Glycerophosphocholines	0.994	0.998	0.934
raw	class	Glycerophosphocholines	NPC class: Glycerophosphocholines	2000	PET	PS	308210.466666667	308210.466666667	1608069.98888889	1786297.8	1787525.86666667	1813573.8	1479315.4	1637774.8	1557368.7	1800364.1	0.000411656781987248	0.995498461480663	0.000218352463409381	NA_[2000_772.53_7]	NA	NA	[M + H]+	101	Fatty acids	Glycerophospholipids	Glycerophosphocholines	1	1	0.999
raw	class	Glycerophosphocholines	NPC class: Glycerophosphocholines	1972	Untreated	PS	291539.066666667	291539.066666667	2094924.31111111	2024597.6	2019846	1869335.1	1986693.93333333	1930835.2	2278233	2266419.2	0.000389389871491166	0.995887851352154	0.000284460183417376	PC(P-18:1(9Z)/18:3(6Z,9Z,12Z))_[1972_788.56_6.9]	PC(P-18:1(9Z)/18:3(6Z,9Z,12Z))	NA	[M + Na]+	45	Fatty acids	Glycerophospholipids	Glycerophosphocholines	1	1	0.99
raw	class	Glycerophosphocholines	NPC class: Glycerophosphocholines	2060	Untreated	PS	286082.466666667	286082.466666667	1497161.87777778	1556536.9	1483670.9	1445860.2	1360866.13333333	1512187.9	1646948.6	1632001.5	0.000382101843862237	0.996269953196017	0.00020329275864496	PC(P-18:1(9Z)/20:3(5Z,8Z,11Z))_[2060_816.59_7.1]	PC(P-18:1(9Z)/20:3(5Z,8Z,11Z))	NA	[M + Na]+	45	Fatty acids	Glycerophospholipids	Glycerophosphocholines	1	1	0.981
raw	class	Glycerophosphocholines	NPC class: Glycerophosphocholines	1830	Untreated	PET	234244	234244	42309688.4444444	40964084	42162903.3333333	39776996	42369014.6666667	40964084	42397147.3333333	43970892	0.000312864557400346	0.996582817753417	0.00574503893596772	NA_[1830_832.59_6.6]	NA	NA	[M + H]+	-1	Fatty acids	Glycerophospholipids	Glycerophosphocholines	1	1	0.999
raw	class	Glycerophosphocholines	NPC class: Glycerophosphocholines	1929	Untreated	PS	233717.466666666	233717.466666666	3779614.88888889	3775424.8	3703752.26666667	3609193.8	3700687.46666667	3733137.2	3934404.93333333	3983259.2	0.000312161300888803	0.996894979054306	0.000513216605887846	NA_[1929_842.64_6.8]	NA	[(2R,3R,4R,5R)-3,4-dihydroxy-5-(hydroxymethyl)pyrrolidin-2-yl]methyl-[(3S,6E,10E,14E,18E,22E,26E,30E)-3,7,11,15,19,23,27,31,35-nonamethylhexatriaconta-6,10,14,18,22,26,30,34-octaenoxy]phosphinic acid	[M + H]+	82	Fatty acids	Glycerophospholipids	Glycerophosphocholines	1	0.997	0.985
raw	class	Glycerophosphocholines	NPC class: Glycerophosphocholines	2324	Untreated	PS	224132.9	224132.9	4097670.76666667	4050245.2	4088379.4	4050245.2	3990250	3939364.5	4214382.9	4173088.5	0.000299359815224109	0.99719433886953	0.00055640395774098	NA_[2324_734.61_7.8]	NA	1-Eicosyl-2-tridecanoyl-glycero-3-phosphocholine	[M + H]+	-1	Fatty acids	Glycerophospholipids	Glycerophosphocholines	0.999	1	0.993
raw	class	Glycerophosphocholines	NPC class: Glycerophosphocholines	2205	PS	Untreated	222926.666666667	222926.666666667	2269820.62222222	2303127.5	2206801.4	2140958.5	2412793.56666667	2401935.2	2189866.9	2267675.5	0.000297748727392809	0.997492087596923	0.000308208552976036	1-(1Z,9Z-octadecadienyl)-2-(4Z,7Z,10Z,13Z,16Z,19Z-docosahexaenoyl)-sn-glycero-3-phosphoethanolamine_[2205_774.54_7.5]	1-(1Z,9Z-octadecadienyl)-2-(4Z,7Z,10Z,13Z,16Z,19Z-docosahexaenoyl)-sn-glycero-3-phosphoethanolamine	(2-aminoethoxy)[2-(docosa-4,7,10,13,16,19-hexaenoyloxy)-3-(octadeca-1,9-dien-1-yloxy)propoxy]phosphinic acid	[M + H]+	101	Fatty acids	Glycerophospholipids	Glycerophosphocholines	0.999	1	0.998
raw	class	Glycerophosphocholines	NPC class: Glycerophosphocholines	2056	PS	PET	191977.5	191977.5	6345200.33333333	6371055.5	6247799.66666667	6397779	6439777.16666667	6337340.5	6348024.16666667	6371055.5	0.000256411927598252	0.997748499524521	0.000861585710312692	NA_[2056_730.58_7.1]	NA	[(2R)-2-[(E)-heptadec-9-enoyl]oxy-3-[(E)-hexadec-1-enoxy]propyl] 2-(trimethylazaniumyl)ethyl phosphate	[M + H]+	-1	Fatty acids	Glycerophospholipids	Glycerophosphocholines	0.999	1	0.994
raw	class	Glycerophosphocholines	NPC class: Glycerophosphocholines	1897	Untreated	PS	190585.966666667	190585.966666667	2041153.84444444	1979809.5	2012373.43333333	1835120.5	1960251.06666667	1951373.4	2150837.03333333	2069933.1	0.000254553346544132	0.998003052871065	0.000277158937864344	PC(17:0/22:6(4Z,7Z,10Z,13Z,16Z,19Z))_[1897_820.58_6.7]	PC(17:0/22:6(4Z,7Z,10Z,13Z,16Z,19Z))	2-[(2-Docosa-4,7,10,13,16,19-hexaenoyloxy-3-heptadecanoyloxypropoxy)-hydroxyphosphoryl]oxyethyl-trimethylazanium	[M + H]+	-1	Fatty acids	Glycerophospholipids	Glycerophosphocholines	0.999	1	0.998
raw	class	Glycerophosphocholines	NPC class: Glycerophosphocholines	2121	PET	PS	178271.766666667	178271.766666667	2272970.14444444	2256788.5	2382717.93333333	2383722.8	2204446.16666667	2256788.5	2231746.33333333	2252989.8	0.000238106066217894	0.998241158937283	0.000308636212182748	1-octadecanoyl-2-[(8Z,10Z,12Z,14Z)-eicosatetraenoyl]-sn-glycero-3-phosphocholine_[2121_832.58_7.3]	1-octadecanoyl-2-[(8Z,10Z,12Z,14Z)-eicosatetraenoyl]-sn-glycero-3-phosphocholine	NA	[M + Na]+	45	Fatty acids	Glycerophospholipids	Glycerophosphocholines	0.997	0.999	0.99
raw	class	Glycerophosphocholines	NPC class: Glycerophosphocholines	2339	PS	PET	175213.333333334	175213.333333334	10417653.2222222	10570018	10345089	9991970	10520302.3333333	10638322	10387568.3333333	10570018	0.000234021114666642	0.998475180051949	0.0014145654478563	NA_[2339_810.6_7.9]	NA	1-tetradecanoyl-2-(11Z-docosenoyl)-glycero-3-phosphocholine	[M + Na]+	45	Fatty acids	Glycerophospholipids	Glycerophosphocholines	0.995	0.999	0.979
raw	class	Glycerophosphocholines	NPC class: Glycerophosphocholines	2179	PET	PS	172286.833333334	172286.833333334	5884769.38888889	5978803	5996937.66666667	6037977	5824650.83333333	5826149	5832719.66666667	5978803	0.000230112377933867	0.998705292429883	0.000799065899829308	NA_[2179_742.57_7.4]	NA	1-Eicosyl-2-dodecanoyl-glycero-3-phosphocholine	[M + Na]+	45	Fatty acids	Glycerophospholipids	Glycerophosphocholines	1	1	0.995
raw	class	Glycerophosphocholines	NPC class: Glycerophosphocholines	2139	PET	PS	163947.666666666	163947.666666666	16788779.1111111	16730652	16856777.3333333	16501731	16692829.6666667	16904722	16816730.3333333	16730652	0.000218974292483419	0.998924266722367	0.00227967147069266	1,2-dioleoyl-sn-glycero-3-phosphocholine(1+)_[2139_808.58_7.3]	1,2-dioleoyl-sn-glycero-3-phosphocholine(1+)	1,2-di-(9E-octadecenoyl)-sn-glycero-3-phosphocholine	[M + Na]+	45	Fatty acids	Glycerophospholipids	Glycerophosphocholines	0.994	0.999	0.978
raw	class	Glycerophosphocholines	NPC class: Glycerophosphocholines	1810	PET	Untreated	141556.066666666	141556.066666666	1852316.67777778	1845951.1	1945283.4	1956164.9	1807939.3	1833071.8	1803727.33333333	1845951.1	0.000189067280890868	0.999113334003258	0.000251517603339219	1-pentadecanoyl-2-hexadecanoyl-sn-glycero-3-phosphocholine_[1810_742.54_6.5]	1-pentadecanoyl-2-hexadecanoyl-sn-glycero-3-phosphocholine	1-Pentadecanoyl-2-hexadecanoyl-sn-glycero-3-phosphocholine	[M + Na]+	45	Fatty acids	Glycerophospholipids	Glycerophosphocholines	0.987	0.999	0.966
raw	class	Glycerophosphocholines	NPC class: Glycerophosphocholines	2472	PS	PET	132922.433333333	132922.433333333	2300023.93333333	2376834.8	2239182.1	2177062.2	2372104.53333333	2408801.8	2288785.16666667	2376834.8	0.000177535895362999	0.999290869898621	0.000312309722346648	NA_[2472_802.63_8.3]	NA	NA	[M + H]+	-1	Fatty acids	Glycerophospholipids	Glycerophosphocholines	1	1	0.999
raw	class	Glycerophosphocholines	NPC class: Glycerophosphocholines	1826	PET	PS	115457.366666667	115457.366666667	1770892.64444444	1737936.8	1825250.8	1820700.2	1709793.43333333	1737936.8	1777633.7	1699432	0.000154208935643074	0.999445078834264	0.000240461406543117	NA_[1826_778.61_6.6]	NA	[(2R)-3-[[di(propan-2-yl)amino]-methoxyphosphanyl]oxy-2-[(9Z,12Z)-octadeca-9,12-dienoyl]oxypropyl] (9Z,12Z)-octadeca-9,12-dienoate	[M + H]+	82	Fatty acids	Glycerophospholipids	Glycerophosphocholines	1	1	0.994
raw	class	Glycerophosphocholines	NPC class: Glycerophosphocholines	2469	PS	PET	104639.833333333	104639.833333333	2286975.41111111	2368852.8	2221192.63333333	2104131.2	2325832.46666667	2368852.8	2313901.13333333	2383626	0.000139760656163143	0.999584839490427	0.000310537923239171	PC(18:3(6Z,9Z,12Z)/22:0)_[2469_840.65_8.3]	PC(18:3(6Z,9Z,12Z)/22:0)	[(2R)-2-docosanoyloxy-3-[(6E,9E,12E)-octadeca-6,9,12-trienoyl]oxypropyl] 2-(trimethylazaniumyl)ethyl phosphate	[M + H]+	-1	Fatty acids	Glycerophospholipids	Glycerophosphocholines	1	1	0.997
raw	class	Glycerophosphocholines	NPC class: Glycerophosphocholines	1739	PS	PET	93148.1666666665	93148.1666666665	2927729.02222222	2930368.5	2889167.33333333	2899231.8	2982315.5	2996363.2	2911704.23333333	2930368.5	0.000124411980400011	0.999709251470827	0.000397542923264847	1-hexadecanoyl-2-(4Z,7Z,10Z,13Z,16Z,19Z-docosahexaenoyl)-sn-glycero-3-phosphocholine_[1739_828.55_6.4]	1-hexadecanoyl-2-(4Z,7Z,10Z,13Z,16Z,19Z-docosahexaenoyl)-sn-glycero-3-phosphocholine	2-[[(2R)-2-docosa-4,7,10,13,16,19-hexaenoyloxy-3-hexadecanoyloxypropoxy]-hydroxyphosphoryl]oxyethyl-trimethylazanium	[M + Na]+	45	Fatty acids	Glycerophospholipids	Glycerophosphocholines	0.997	1	0.989
raw	class	Glycerophosphocholines	NPC class: Glycerophosphocholines	1610	Untreated	PET	75821.1666666667	75821.1666666667	1109116.27777778	1013873.6	1081506.43333333	1013873.6	1088514.8	1013873.6	1157327.6	1135417.6	0.000101269427395129	0.999810520898222	0.000150601822764913	NA_[1610_802.54_6.1]	NA	O-[1-O-(1-Oxo-9,10-octadecadien-1-yl)-2-O-(1-oxo-9,10,15-octadecatrien-1-yl)-L-glycero-3-phospho]choline	[M + Na]+	45	Fatty acids	Glycerophospholipids	Glycerophosphocholines	0.997	1	0.988
raw	class	Glycerophosphocholines	NPC class: Glycerophosphocholines	2194	Untreated	PET	75661.4333333332	75661.4333333332	1039094.07777778	1013873.6	1013873.6	1013873.6	1013873.6	1013873.6	1089535.03333333	1013873.6	0.00010105608191505	0.999911576980137	0.000141093828729213	NA_[2194_794.57_7.4]	NA	[3-henicosanoyloxy-2-[(5E,7E,9E,11E,13E)-hexadeca-5,7,9,11,13-pentaenoyl]oxypropyl] 2-(trimethylazaniumyl)ethyl phosphate	[M + H]+	10	Fatty acids	Glycerophospholipids	Glycerophosphocholines	0.992	0.997	0.798
raw	class	Glycerophosphocholines	NPC class: Glycerophosphocholines	2261	Untreated	PET	66202.9666666666	66202.9666666666	1475093.65555556	1424812.6	1438605.03333333	1352757.6	1481867.93333333	1424812.6	1504808	1599252.9	8.84230198628631e-05	1	0.000200296215759026	PC(19:0/18:4(6Z,9Z,12Z,15Z))_[2261_796.59_7.6]	PC(19:0/18:4(6Z,9Z,12Z,15Z))	[3-nonadecanoyloxy-2-[(6Z,9Z,12Z,15Z)-octadeca-6,9,12,15-tetraenoyl]oxypropyl] 2-(trimethylazaniumyl)ethyl phosphate	[M + H]+	10	Fatty acids	Glycerophospholipids	Glycerophosphocholines	0.994	0.998	0.947
raw	class	Glycerophosphocholines	NPC class: Glycerophosphocholines	1809	PET	PET	0	0	1013873.6	1013873.6	1013873.6	1013873.6	1013873.6	1013873.6	1013873.6	1013873.6	0	1	0.000137669255489746	NA_[1809_766.54_6.5]	NA	[3-[(9Z,12Z)-heptadeca-9,12-dienoyl]oxy-2-[(9Z,12Z,15Z)-octadeca-9,12,15-trienoyl]oxypropyl] 2-(trimethylazaniumyl)ethyl phosphate	[M + H]+	10	Fatty acids	Glycerophospholipids	Glycerophosphocholines	0.992	0.997	0.79
raw	class	Glycerophosphocholines	NPC class: Glycerophosphocholines	1871	PET	PET	0	0	1013873.6	1013873.6	1013873.6	1013873.6	1013873.6	1013873.6	1013873.6	1013873.6	0	1	0.000137669255489746	NA_[1871_734.62_6.6]	NA	2,3-dihydroxy-N-(1,3,4-trihydroxytricos-18-en-2-yl)icosanamide	[M + Na]+	5	Fatty acids	Glycerophospholipids	Glycerophosphocholines	1	1	0.999
raw	class	Glycerophosphocholines	NPC class: Glycerophosphocholines	1872	PET	PET	0	0	1013873.6	1013873.6	1013873.6	1013873.6	1013873.6	1013873.6	1013873.6	1013873.6	0	1	0.000137669255489746	NA_[1872_778.54_6.7]	NA	2,3-bis[[(9E,11E,13E)-octadeca-9,11,13-trienoyl]oxy]propyl 2-(trimethylazaniumyl)ethyl phosphate	[M + H]+	82	Fatty acids	Glycerophospholipids	Glycerophosphocholines	0.994	0.998	0.814
raw	class	Glycerophosphocholines	NPC class: Glycerophosphocholines	2047	PET	PET	0	0	1013873.6	1013873.6	1013873.6	1013873.6	1013873.6	1013873.6	1013873.6	1013873.6	0	1	0.000137669255489746	PC(20:3(8Z,11Z,14Z)/20:3(8Z,11Z,14Z))_[2047_856.58_7.1]	PC(20:3(8Z,11Z,14Z)/20:3(8Z,11Z,14Z))	2,3-bis[[(8E,11E,14E)-icosa-8,11,14-trienoyl]oxy]propyl 2-(trimethylazaniumyl)ethyl phosphate	[M + Na]+	45	Fatty acids	Glycerophospholipids	Glycerophosphocholines	0.999	1	0.996
raw	class	Glycerophosphocholines	NPC class: Glycerophosphocholines	2410	PET	PET	0	0	1013873.6	1013873.6	1013873.6	1013873.6	1013873.6	1013873.6	1013873.6	1013873.6	0	1	0.000137669255489746	1,2-di-O-palmitoyl-sn-glycero-3-phosphocholine_[2410_734.57_8]	1,2-di-O-palmitoyl-sn-glycero-3-phosphocholine	2-[[(2R)-2-(8,9-ditritiohexadecanoyloxy)-3-hexadecanoyloxypropoxy]-hydroxyphosphoryl]oxyethyl-trimethylazanium	[M + H]+	725	Fatty acids	Glycerophospholipids	Glycerophosphocholines	1	1	0.999
raw	class	Glycerophosphoethanolamines	NPC class: Glycerophosphoethanolamines	2090	Untreated	PS	1327820317.6	1327820317.6	997344466.044444	1608499700	590528115.733333	1013873.6	536842482.4	1013873.6	1864662800	1815621100	0.88121629667773	0.88121629667773	0.480309016063312	PC(22:1(11Z)/12:0)_[2090_760.59_7.1]	PC(22:1(11Z)/12:0)	1-(11Z-docosenoyl)-2-dodecanoyl-glycero-3-phosphocholine	[M + H]+	-1	Fatty acids	Glycerophospholipids	Glycerophosphoethanolamines	1	1	0.975
raw	class	Glycerophosphoethanolamines	NPC class: Glycerophosphoethanolamines	1799	Untreated	PS	68927343.3333334	68927343.3333334	369001437.777778	383819260	350948683.333333	337191650	343564143.333333	331402270	412491486.666667	398802300	0.0457440644844328	0.926960361162163	0.177706623477764	PC(15:0/17:1(9Z))_[1799_732.55_6.4]	PC(15:0/17:1(9Z))	[2-[(Z)-heptadec-9-enoyl]oxy-3-pentadecanoyloxypropyl] 2-(trimethylazaniumyl)ethyl phosphate	[M + H]+	5	Fatty acids	Glycerophospholipids	Glycerophosphoethanolamines	1	1	0.907
raw	class	Glycerophosphoethanolamines	NPC class: Glycerophosphoethanolamines	2079	Untreated	PET	36821786.6666667	36821786.6666667	280041392.222222	272699000	264970540	260379740	273361310	272699000	301792326.666667	315991500	0.0244370100783714	0.951397371240535	0.134864542928403	PE(20:0/18:4(6Z,9Z,12Z,15Z))_[2079_768.55_7.2]	PE(20:0/18:4(6Z,9Z,12Z,15Z))	(2-aminoethoxy)[3-(icosanoyloxy)-2-(octadeca-6,9,12,15-tetraenoyloxy)propoxy]phosphinic acid	[M + H]+	10	Fatty acids	Glycerophospholipids	Glycerophosphoethanolamines	0.999	1	0.998
raw	class	Glycerophosphoethanolamines	NPC class: Glycerophosphoethanolamines	2259	PET	Untreated	15948115.9666667	15948115.9666667	20720198.4555556	24578084	26271096	24578084	25566519.3333333	25735838	10322980.0333333	6034132.5	0.0105840673657824	0.961981438606317	0.00997859663501753	NA_[2259_812.62_7.6]	NA	[3-[2-aminoethoxy(hydroxy)phosphoryl]oxy-2-[(9E,11E,13E)-hexadeca-9,11,13-trienoyl]oxypropyl] pentacosanoate	[M + H]+	5	Fatty acids	Glycerophospholipids	Glycerophosphoethanolamines	1	1	0.982
raw	class	Glycerophosphoethanolamines	NPC class: Glycerophosphoethanolamines	1881	Untreated	PET	7672570	7672570	48619327.1111111	47733708	45965940	42938680	46253531.3333333	46519450	53638510	55540290	0.00509194928845594	0.967073387894773	0.0234144791107283	PE(18:2(9Z,12Z)/20:3(8Z,11Z,14Z))_[1881_766.54_6.7]	PE(18:2(9Z,12Z)/20:3(8Z,11Z,14Z))	(2-aminoethoxy)[2-(icosa-8,11,14-trienoyloxy)-3-(octadeca-9,12-dienoyloxy)propoxy]phosphinic acid	[M + H]+	10	Fatty acids	Glycerophospholipids	Glycerophosphoethanolamines	0.999	1	0.997
raw	class	Glycerophosphoethanolamines	NPC class: Glycerophosphoethanolamines	1784	Untreated	PET	6612160	6612160	25100331.1111111	24974268	22695230.6666667	22351878	23298372	23946420	29307390.6666667	30068388	0.00438820152923425	0.971461589424007	0.0120880154743886	1,2-bis-[(9Z,11Z)-octadecadienoyl]-sn-glycero-3-phosphoethanolamine_[1784_740.52_6.5]	1,2-bis-[(9Z,11Z)-octadecadienoyl]-sn-glycero-3-phosphoethanolamine	1,2-Bis-[(9Z,11Z)-Octadecadienoyl]-Sn-Glycero-3-Phosphoethanolamine	[M + H]+	10	Fatty acids	Glycerophospholipids	Glycerophosphoethanolamines	0.999	1	0.997
raw	class	Glycerophosphoethanolamines	NPC class: Glycerophosphoethanolamines	2022	PS	PET	6358419.33333334	6358419.33333334	60189854.6666667	61322350	56295256	55334944	62653675.3333333	62501160	61620632.6666667	61322350	0.00421980494150867	0.975681394365516	0.0289867050514643	PC(17:1(9Z)/14:0)_[2022_718.54_7]	PC(17:1(9Z)/14:0)	[(2R)-3-[(E)-heptadec-9-enoyl]oxy-2-tetradecanoyloxypropyl] 2-(trimethylazaniumyl)ethyl phosphate	[M + H]+	10	Fatty acids	Glycerophospholipids	Glycerophosphoethanolamines	0.984	0.996	0.785
raw	class	Glycerophosphoethanolamines	NPC class: Glycerophosphoethanolamines	2164	Untreated	PET	4933290.66666666	4933290.66666666	31983050.2222222	32054190	28904594	27954054	33206672	32054190	33837884.6666667	36469936	0.00327400934756928	0.978955403713085	0.0154026496420691	NA_[2164_702.54_7.4]	NA	[1-[2-Aminoethoxy(hydroxy)phosphoryl]oxy-3-tridecanoyloxypropan-2-yl] henicosanoate	[M - H2O + H]+	48	Fatty acids	Glycerophospholipids	Glycerophosphoethanolamines	1	0.999	0.993
raw	class	Glycerophosphoethanolamines	NPC class: Glycerophosphoethanolamines	1512	Untreated	PS	4709367.66666667	4709367.66666667	12405691.4444444	11571039	11434052.6666667	11260103	10536827	10525292	15246194.6666667	14400079	0.00312540144167609	0.982080805154761	0.00597443075500118	NA_[1512_704.52_5.6]	NA	1-hexadecanoyl-2-(9R, 10S-methylene-hexadecanoyl)-sn-glycero-3-phosphoethanolamine	[M + H]+	5	Fatty acids	Glycerophospholipids	Glycerophosphoethanolamines	0.998	0.995	0.808
raw	class	Glycerophosphoethanolamines	NPC class: Glycerophosphoethanolamines	2004	Untreated	PET	4480826	4480826	28422204	27354468	26918802.6666667	27354468	26948180.6666667	26931496	31399628.6666667	34216892	0.00297372832862976	0.985054533483391	0.0136877892266586	NA_[2004_750.54_7]	NA	[3-[2-aminoethoxy(hydroxy)phosphoryl]oxy-2-[(9Z,12Z)-nonadeca-9,12-dienoyl]oxypropyl] (9Z,12Z)-nonadeca-9,12-dienoate	[M - H2O + H]+	48	Fatty acids	Glycerophospholipids	Glycerophosphoethanolamines	1	1	0.998
raw	class	Glycerophosphoethanolamines	NPC class: Glycerophosphoethanolamines	2096	Untreated	PET	2619035.33333334	2619035.33333334	53680374.2222222	53312580	52033238.6666667	53305344	54355610	53312580	54652274	55172350	0.00173813925477482	0.986792672738166	0.0258518181053776	dioleoyl phosphatidylethanolamine_[2096_744.56_7.2]	dioleoyl phosphatidylethanolamine	1,2-Di-[(9E)-Octadecenoyl]-Sn-Glycero-3-Phosphoethanolamine	[M + H]+	10	Fatty acids	Glycerophospholipids	Glycerophosphoethanolamines	0.999	1	0.993
raw	class	Glycerophosphoethanolamines	NPC class: Glycerophosphoethanolamines	2159	PET	Untreated	2580986.66666667	2580986.66666667	15764152.0777778	21473450	16988281.8666667	22578958	15896879.1666667	22590800	14407295.2	20734562	0.00171288801807577	0.988505560756242	0.00759182472188345	NA_[2159_748.59_7.3]	NA	[3-[2-Aminoethoxy(hydroxy)phosphoryl]oxy-2-pentadecanoyloxypropyl] henicosanoate	[M + H]+	-1	Fatty acids	Glycerophospholipids	Glycerophosphoethanolamines	1	1	0.988
raw	class	Glycerophosphoethanolamines	NPC class: Glycerophosphoethanolamines	1948	Untreated	PS	2087094	2087094	10727511.7777778	9891690	10179641.3333333	9709803	9957900	9891690	12044994	12456886	0.00138511304663765	0.989890673802879	0.00516623975187569	NA_[1948_750.54_6.8]	NA	[3-[2-aminoethoxy(hydroxy)phosphoryl]oxy-2-[(9Z,12Z)-nonadeca-9,12-dienoyl]oxypropyl] (9Z,12Z)-nonadeca-9,12-dienoate	[M - H2O + H]+	48	Fatty acids	Glycerophospholipids	Glycerophosphoethanolamines	1	1	0.998
raw	class	Glycerophosphoethanolamines	NPC class: Glycerophosphoethanolamines	1805	Untreated	PS	1883414.66666666	1883414.66666666	19508093.7777778	19723892	18999457.3333333	18662152	18820704.6666667	17134354	20704119.3333333	20648622	0.00124993997732191	0.991140613780201	0.0093948617019325	NA_[1805_754.54_6.4]	NA	NA	[M + H]+	45	Fatty acids	Glycerophospholipids	Glycerophosphoethanolamines	1	1	0.994
raw	class	Glycerophosphoethanolamines	NPC class: Glycerophosphoethanolamines	2129	Untreated	PET	1749987	1749987	8707112.33333333	8671333	7786173.66666667	8094245.5	8799002.66666667	8834078	9536160.66666667	9986799	0.00116138986799171	0.992302003648193	0.00419323984837722	NA_[2129_726.54_7.3]	NA	NA	[M + Na]+	48	Fatty acids	Glycerophospholipids	Glycerophosphoethanolamines	1	1	0.996
raw	class	Glycerophosphoethanolamines	NPC class: Glycerophosphoethanolamines	1943	Untreated	PET	1591902	1591902	7384739.83333333	7234462	6680872.16666667	6277578.5	7200573.16666667	7201121	8272774.16666667	8345315.5	0.00105647576446896	0.993358479412662	0.00355640126755746	1-heptadecanoyl-2-arachidonoyl-sn-glycero-3-phosphoethanolamine zwitterion_[1943_754.54_6.8]	1-heptadecanoyl-2-arachidonoyl-sn-glycero-3-phosphoethanolamine zwitterion	NA	[M + H]+	10	Fatty acids	Glycerophospholipids	Glycerophosphoethanolamines	0.999	1	0.997
raw	class	Glycerophosphoethanolamines	NPC class: Glycerophosphoethanolamines	2071	Untreated	PET	1404194.66666667	1404194.66666667	8465948.88888889	8350756.5	7699832.83333333	7505691.5	8593986.33333333	8464666	9104027.5	9682052	0.000931902613307791	0.99429038202597	0.00407709845424992	NA_[2071_738.54_7.1]	NA	[(2R)-1-[2-aminoethoxy(hydroxy)phosphoryl]oxy-3-[(6E,9E,12E)-octadeca-6,9,12-trienoyl]oxypropan-2-yl] nonadecanoate	[M - H2O + H]+	48	Fatty acids	Glycerophospholipids	Glycerophosphoethanolamines	1	1	0.997
raw	class	Glycerophosphoethanolamines	NPC class: Glycerophosphoethanolamines	1669	Untreated	PS	1318757.33333333	1318757.33333333	14213779.7777778	14845593	14291894.6666667	15150532	13515343.6666667	13882459	14834101	14923737	0.000875201590225012	0.995165583616195	0.00684518419867667	NA_[1669_764.52_6.2]	NA	(2-aminoethoxy)[2-(icosa-8,11,14-trienoyloxy)-3-(octadeca-6,9,12-trienoyloxy)propoxy]phosphinic acid	[M + H]+	10	Fatty acids	Glycerophospholipids	Glycerophosphoethanolamines	0.999	1	0.996
raw	class	Glycerophosphoethanolamines	NPC class: Glycerophosphoethanolamines	2019	PS	PET	1195637	1195637	12832633.8888889	12881144	12426026.3333333	12881144	13621663.3333333	13851013	12450212	12771001	0.000793492007424056	0.995959075623619	0.00618004106556929	1-octadecanoyl-2-(4Z,7Z,10Z,13Z,16Z,19Z-docosahexaenoyl)-sn-glycero-3-phosphoethanolamine zwitterion_[2019_792.55_7]	1-octadecanoyl-2-(4Z,7Z,10Z,13Z,16Z,19Z-docosahexaenoyl)-sn-glycero-3-phosphoethanolamine zwitterion	1-[(2-azaniumylethyl phosphonato)oxy]-3-(octadecanoyloxy)propan-2-yl docosa-4,7,10,13,16,19-hexaenoate	[M + H]+	10	Fatty acids	Glycerophospholipids	Glycerophosphoethanolamines	0.998	0.999	0.968
raw	class	Glycerophosphoethanolamines	NPC class: Glycerophosphoethanolamines	263	Untreated	PS	983294.066666666	983294.066666666	2138281.6	1838090.9	2194566.53333333	2275678.8	1618492.1	1838090.9	2601786.16666667	1633307.4	0.000652569285533566	0.996611644909152	0.00102977052194975	1-arachidonoyl-sn-glycero-3-phosphoethanolamine_[263_502.29_1.1]	1-arachidonoyl-sn-glycero-3-phosphoethanolamine	1-Arachidonoyl-Sn-Glycero-3-Phosphoethanolamine	[M + H]+	48	Fatty acids	Glycerophospholipids	Glycerophosphoethanolamines	1	1	0.999
raw	class	Glycerophosphoethanolamines	NPC class: Glycerophosphoethanolamines	2172	Untreated	PET	967372.999999998	967372.999999998	16738012.8888889	16689282	16167032.3333333	16289794	16912601	17311668	17134405.3333333	16961364	0.000642003169605683	0.997253648078758	0.00806082429414012	NA_[2172_808.58_7.3]	NA	1-(9Z-heptadecenoyl)-2-(11Z-docosenoyl)-glycero-3-phosphoethanolamine	[M + Na]+	45	Fatty acids	Glycerophospholipids	Glycerophosphoethanolamines	0.999	1	0.998
raw	class	Glycerophosphoethanolamines	NPC class: Glycerophosphoethanolamines	1713	Untreated	PS	912662.666666667	912662.666666667	4011736.3	3825336.5	3791421.9	3567587.5	3665562.16666667	3708464.8	4578224.83333333	4456415.5	0.000605694313135446	0.997859342391893	0.00193200361616345	NA_[1713_690.51_6.3]	NA	[(2R)-1-[2-aminoethoxy(hydroxy)phosphoryl]oxy-3-tetradecanoyloxypropan-2-yl] (E)-octadec-4-enoate	[M + H]+	10	Fatty acids	Glycerophospholipids	Glycerophosphoethanolamines	0.997	0.998	0.994
raw	class	Glycerophosphoethanolamines	NPC class: Glycerophosphoethanolamines	1783	Untreated	PET	904075.5	904075.5	2756160.67777778	3095309	2331689.7	2885886.5	2701027.13333333	2873943	3235765.2	3163794	0.000599995386022603	0.998459337777916	0.00132733360270818	NA_[1783_794.57_6.4]	NA	NA	[M + H]+	-1	Fatty acids	Glycerophospholipids	Glycerophosphoethanolamines	1	1	0.993
raw	class	Glycerophosphoethanolamines	NPC class: Glycerophosphoethanolamines	1718	Untreated	PET	543970	543970	3985488.62222222	3933062.8	3747499.93333333	3523627.5	3917496	3933062.8	4291469.93333333	4203334.5	0.000361009108348491	0.998820346886265	0.00191936305242985	1-hexadecanoyl-2-(4Z,7Z,10Z,13Z,16Z,19Z-docosahexaenoyl)-sn-glycero-3-phosphoethanolamine zwitterion_[1718_764.52_6.3]	1-hexadecanoyl-2-(4Z,7Z,10Z,13Z,16Z,19Z-docosahexaenoyl)-sn-glycero-3-phosphoethanolamine zwitterion	(2-aminoethoxy)[2-(docosa-4,7,10,13,16,19-hexaenoyloxy)-3-(hexadecanoyloxy)propoxy]phosphinic acid	[M + H]+	10	Fatty acids	Glycerophospholipids	Glycerophosphoethanolamines	0.999	1	0.998
raw	class	Glycerophosphoethanolamines	NPC class: Glycerophosphoethanolamines	2165	PS	PET	457803.833333333	457803.833333333	6382605	6408755.5	6090249.16666667	5931343.5	6548053	6408755.5	6509512.83333333	6533920	0.00030382439044467	0.999124171276709	0.00307378526862369	PC(15:0/17:1(9Z))_[2165_732.55_7.4]	PC(15:0/17:1(9Z))	[2-[(Z)-heptadec-9-enoyl]oxy-3-pentadecanoyloxypropyl] 2-(trimethylazaniumyl)ethyl phosphate	[M + H]+	10	Fatty acids	Glycerophospholipids	Glycerophosphoethanolamines	0.984	0.995	0.822
raw	class	Glycerophosphoethanolamines	NPC class: Glycerophosphoethanolamines	2283	PS	PET	386869.7	386869.7	2266946.17777778	2278416.2	2077876.93333333	2104861.8	2464746.63333333	2401107.5	2258214.96666667	2278416.2	0.000256748507167763	0.999380919783877	0.00109173382435794	NA_[2283_768.55_7.7]	NA	[(2R)-3-[2-aminoethoxy(hydroxy)phosphoryl]oxy-2-[(E)-hexadec-7-enoyl]oxypropyl] icosanoate	[M + Na]+	424	Fatty acids	Glycerophospholipids	Glycerophosphoethanolamines	0.998	0.999	0.996
raw	class	Glycerophosphoethanolamines	NPC class: Glycerophosphoethanolamines	2082	PET	PS	298256.7	298256.7	3724659.68888889	3817211	3851118.43333333	3907164	3552861.73333333	3532282.2	3769998.9	3884939.2	0.00019793993294844	0.999578859716825	0.00179375099702131	PE(20:0/18:4(6Z,9Z,12Z,15Z))_[2082_790.53_7.2]	PE(20:0/18:4(6Z,9Z,12Z,15Z))	(2-aminoethoxy)[3-(icosanoyloxy)-2-(octadeca-6,9,12,15-tetraenoyloxy)propoxy]phosphinic acid	[M + Na]+	424	Fatty acids	Glycerophospholipids	Glycerophosphoethanolamines	0.999	1	0.998
raw	class	Glycerophosphoethanolamines	NPC class: Glycerophosphoethanolamines	2191	Untreated	PS	283027.8	283027.8	2933722.95555556	3424859.2	3021398.8	3783466.5	2748371.13333333	3262667.2	3031398.93333333	3424859.2	0.000187833177777883	0.999766692894603	0.00141284544523903	1-arachidonoyl-sn-glycero-3-phosphoethanolamine_[2191_502.29_7.4]	1-arachidonoyl-sn-glycero-3-phosphoethanolamine	1-Arachidonoyl-Sn-Glycero-3-Phosphoethanolamine	[M + H]+	48	Fatty acids	Glycerophospholipids	Glycerophosphoethanolamines	1	1	0.999
raw	class	Glycerophosphoethanolamines	NPC class: Glycerophosphoethanolamines	2097	PS	PET	215191.5	215191.5	1482227.27777778	1410449.6	1341038.9	1314336.2	1556230.4	1639534.9	1549412.53333333	1663886.6	0.000142813191056812	0.99990950608566	0.000713822705805158	NA_[2097_794.57_7.2]	NA	NA	[M + H]+	10	Fatty acids	Glycerophospholipids	Glycerophosphoethanolamines	0.994	0.998	0.807
raw	class	Glycerophosphoethanolamines	NPC class: Glycerophosphoethanolamines	1803	Untreated	PET	136356.6	136356.6	4932036.8	4728859.5	4849316.9	4590751	4961120	4728859.5	4985673.5	4998186	9.04939143398195e-05	1	0.00237520919125497	NA_[1803_790.54_6.5]	NA	(2-aminoethoxy)[2-(icosa-8,11,14,17-tetraenoyloxy)-3-(icosa-8,11,14-trienoyloxy)propoxy]phosphinic acid	[M + H]+	10	Fatty acids	Glycerophospholipids	Glycerophosphoethanolamines	0.994	0.997	0.961
raw	class	Glycerophosphoinositols	NPC class: Glycerophosphoinositols	1824	Untreated	PET	1528053	1528053	5254826.38888889	5176114.5	4346394	4386517	5543638.16666667	5089216	5874447	5588528	0.595184168899514	0.595184168899514	0.3951593899629	NA_[1824_906.61_6.5]	NA	[(2S)-3-[hydroxy-[(5S)-2,3,4,5,6-pentahydroxycyclohexyl]oxyphosphoryl]oxy-2-[(6E,9E,12E)-octadeca-6,9,12-trienoyl]oxypropyl] icosanoate	[M + H3N + H]+	10	Fatty acids	Glycerophospholipids	Glycerophosphoinositols	1	1	0.926
raw	class	Glycerophosphoinositols	NPC class: Glycerophosphoinositols	1801	PET	PS	617650.466666667	617650.466666667	2206163.84444444	2280845	2548489.6	2671536.8	1930839.13333333	1894180.9	2139162.8	2601744.8	0.24057789858951	0.835762067489025	0.165902028803888	NA_[1801_698.5_6.5]	NA	1-Tridecanoyl-2-hexadecanoyl-glycero-3-phospho-(1'-sn-glycerol)	[M + H3N + H]+	327	Fatty acids	Glycerophospholipids	Glycerophosphoinositols	1	1	0.959
raw	class	Glycerophosphoinositols	NPC class: Glycerophosphoinositols	2092	PET	Untreated	421658.166666667	421658.166666667	5837001.72222222	5860016	6083585.16666667	5947029	5765493	5792086	5661927	6379670.5	0.164237932510975	1	0.438938581233212	NA_[2092_698.5_7.2]	NA	1-Tridecanoyl-2-hexadecanoyl-glycero-3-phospho-(1'-sn-glycerol)	[M + H3N + H]+	327	Fatty acids	Glycerophospholipids	Glycerophosphoinositols	1	1	0.987
raw	class	Glycerophosphoserines	NPC class: Glycerophosphoserines	1675	Untreated	PS	2923552.66666667	2923552.66666667	13160080.2222222	12672520	13148890.6666667	13687190	11703898.6666667	11921161	14627451.3333333	13873716	0.467726286399167	0.467726286399167	0.403637728019238	1-stearoyl-2-arachidonoyl-sn-glycero-3-phosphoserine(1-)_[1675_812.54_6.2]	1-stearoyl-2-arachidonoyl-sn-glycero-3-phosphoserine(1-)	2-amino-3-({hydroxy[2-(icosa-5,8,11,14-tetraenoyloxy)-3-(octadecanoyloxy)propoxy]phosphoryl}oxy)propanoic acid	[M + H]+	10	Fatty acids	Glycerophospholipids	Glycerophosphoserines	0.998	1	0.998
raw	class	Glycerophosphoserines	NPC class: Glycerophosphoserines	1590	Untreated	PS	1321469.6	1321469.6	3508955.83333333	3411446.5	3169620.1	3214975.8	3017888.9	2981634.2	4339358.5	4406220.5	0.211416088256112	0.67914237465528	0.107624492888338	NA_[1590_762.53_6]	NA	2-amino-3-[[3-heptadecanoyloxy-2-[(Z)-heptadec-9-enoyl]oxypropoxy]-hydroxyphosphoryl]oxypropanoic acid	[M + H]+	10	Fatty acids	Glycerophospholipids	Glycerophosphoserines	0.998	1	0.998
raw	class	Glycerophosphoserines	NPC class: Glycerophosphoserines	1679	PET	PS	1082377.5	1082377.5	9301578.83333333	8906926	9665027	10493218	8582649.5	8660337	9657060	8906926	0.17316479854431	0.85230717319959	0.285292193047476	1,2-dioleoyl-sn-glycero-3-phospho-L-serine_[1679_788.54_6.2]	1,2-dioleoyl-sn-glycero-3-phospho-L-serine	Dops	[M + H]+	10	Fatty acids	Glycerophospholipids	Glycerophosphoserines	0.997	1	0.997
raw	class	Glycerophosphoserines	NPC class: Glycerophosphoserines	1618	Untreated	PS	923163.333333333	923163.333333333	4605330.05555556	4618489.5	4604466.16666667	4850326.5	4144180.33333333	3955090.2	5067343.66666667	5250144	0.14769282680041	1	0.141251795506856	NA_[1618_762.53_6.1]	NA	2-amino-3-[[3-heptadecanoyloxy-2-[(Z)-heptadec-9-enoyl]oxypropoxy]-hydroxyphosphoryl]oxypropanoic acid	[M + H]+	10	Fatty acids	Glycerophospholipids	Glycerophosphoserines	0.998	1	0.998
raw	class	Glycerophosphoserines	NPC class: Glycerophosphoserines	1620	PET	PET	0	0	1013873.6	1013873.6	1013873.6	1013873.6	1013873.6	1013873.6	1013873.6	1013873.6	0	1	0.0310968952690458	1-octadecanoyl-2-(4Z,7Z,10Z,13Z,16Z,19Z-docosahexaenoyl)-sn-glycero-3-phosphoserine(1-)_[1620_836.54_6.1]	1-octadecanoyl-2-(4Z,7Z,10Z,13Z,16Z,19Z-docosahexaenoyl)-sn-glycero-3-phosphoserine(1-)	2-amino-3-({[2-(docosa-4,7,10,13,16,19-hexaenoyloxy)-3-(octadecanoyloxy)propoxy](hydroxy)phosphoryl}oxy)propanoic acid	[M + H]+	202	Fatty acids	Glycerophospholipids	Glycerophosphoserines	0.999	1	0.999
raw	class	Glycerophosphoserines	NPC class: Glycerophosphoserines	1692	PET	PET	0	0	1013873.6	1013873.6	1013873.6	1013873.6	1013873.6	1013873.6	1013873.6	1013873.6	0	1	0.0310968952690458	NA_[1692_838.56_6.2]	NA	2-amino-3-[hydroxy-[3-icosanoyloxy-2-[(5Z,8Z,11Z,14Z,17Z)-icosa-5,8,11,14,17-pentaenoyl]oxypropoxy]phosphoryl]oxypropanoic acid	[M + H]+	202	Fatty acids	Glycerophospholipids	Glycerophosphoserines	0.999	1	0.999
raw	class	Halogenated fatty acids	NPC class: Halogenated fatty acids	163	PET	PS	2477272.66666667	2477272.66666667	20709397.2222222	21522742	22344714.6666667	22746390	19867442	17344066	19916035	19802638	0.514790118835477	0.514790118835477	0.639771060178418	NA_[163_276.23_0.9]	NA	4-But-3-enyl-1-(3-ethylperoxypropyl)-1-fluorocyclohexane	[M + H3N + H]+	90	Fatty acids	Fatty Acids and Conjugates	Halogenated fatty acids	0.931	0.892	0.926
raw	class	Halogenated fatty acids	NPC class: Halogenated fatty acids	393	PS	Untreated	1962376.5	1962376.5	8784111.77777778	9918723	9283724.5	11271418	9515493.66666667	9918723	7553117.16666667	4904288.5	0.407792022746633	0.92258214158211	0.271365720812206	NA_[393_334.25_1.6]	NA	10-Chlorooctadec-9-enoic acid	[M + H3N + H]+	102	Fatty acids	Fatty Acids and Conjugates	Halogenated fatty acids	0.999	0.914	0.965
raw	class	Halogenated fatty acids	NPC class: Halogenated fatty acids	887	PET	Untreated	372550.166666667	372550.166666667	2876503.51111111	2854788.8	3023549.26666667	2982163.8	2954962.16666667	2811937.5	2650999.1	2208104.8	0.0774178584178904	1	0.0888632190093761	NA_[887_278.25_3.4]	NA	4-Butyl-1-(3-ethylperoxypropyl)-1-fluorocyclohexane	[M + H3N + H]+	3	Fatty acids	Fatty Acids and Conjugates	Halogenated fatty acids	0.961	0.844	0.897
raw	class	Hydrocarbons	NPC class: Hydrocarbons	945	PET	PS	7511162.66666667	7511162.66666667	73762600	73408580	77134468	78142770	69623305.3333333	71885100	74530026.6666667	78394940	0.703468602965275	0.703468602965275	0.770734570488576	NA_[945_285.3_3.6]	NA	NA	[M + H]+	58	Fatty acids	Fatty acyls	Hydrocarbons	0.995	0.999	0.973
raw	class	Hydrocarbons	NPC class: Hydrocarbons	2628	PET	Untreated	1869337.33333333	1869337.33333333	10979952.4444444	11443461	11852000	11907288	11105194.6666667	11397249	9982662.66666667	9811864	0.175075441806989	0.878544044772264	0.11472790996052	NA_[2628_266.28_8.7]	NA	1,1':3',1''-Tercyclohexane	[M + H3N + H]+	19	Fatty acids	Fatty acyls	Hydrocarbons	0.621	0.842	0.741
raw	class	Hydrocarbons	NPC class: Hydrocarbons	2785	PET	Untreated	1296824.66666667	1296824.66666667	9947857.66666667	10108960	10629845.3333333	10885230	9880707	10108960	9333020.66666667	8698116	0.121455955227736	1	0.103943703258831	NA_[2785_268.3_9]	NA	9-Octadecyne	[M + H3N + H]+	175	Fatty acids	Fatty acyls	Hydrocarbons	0.362	0.729	0.841
raw	class	Hydrocarbons	NPC class: Hydrocarbons	3030	PET	PET	0	0	1013873.6	1013873.6	1013873.6	1013873.6	1013873.6	1013873.6	1013873.6	1013873.6	0	1	0.0105938162920736	NA_[3030_268.3_9.6]	NA	9-Octadecyne	[M + H3N + H]+	175	Fatty acids	Fatty acyls	Hydrocarbons	0.424	0.789	0.89
raw	class	Hydroxy fatty acids	NPC class: Hydroxy fatty acids	904	Untreated	PS	4560950.53333333	4560950.53333333	3802651.64444444	2655096.5	2703529.33333333	2612831.8	2071737.53333333	2546242.5	6632688.06666667	6098350	0.273591377729903	0.273591377729903	0.209534065650194	NA_[904_189.11_3.4]	NA	NA	[M - H2O + H]+	87	Fatty acids	Fatty Acids and Conjugates	Hydroxy fatty acids	0.989	0.956	0.831
raw	class	Hydroxy fatty acids	NPC class: Hydroxy fatty acids	962	Untreated	PS	3849835.83333333	3849835.83333333	3101801.5	2216141.5	2007839.33333333	2030477.4	1723864.66666667	1941578.9	5573700.5	5580984.5	0.230934732130461	0.504526109860365	0.170915755610799	NA_[962_189.11_3.6]	NA	NA	[M - H2O + H]+	87	Fatty acids	Fatty Acids and Conjugates	Hydroxy fatty acids	0.988	0.952	0.832
raw	class	Hydroxy fatty acids	NPC class: Hydroxy fatty acids	811	Untreated	PS	3437029.03333333	3437029.03333333	5072891.15555556	4920596	3974606.83333333	3950598.5	3903518.8	3807349.2	7340547.83333333	8310994	0.206172266428881	0.710698376289245	0.279526921688289	NA_[811_189.11_3.1]	NA	NA	[M - H2O + H]+	87	Fatty acids	Fatty Acids and Conjugates	Hydroxy fatty acids	0.99	0.956	0.858
raw	class	Hydroxy fatty acids	NPC class: Hydroxy fatty acids	996	Untreated	PS	2968097.83333333	2968097.83333333	2910408.32222222	1941578.9	2507658.13333333	1940755.8	1627734.5	1927751	4595832.33333333	3767344.8	0.178043144630497	0.888741520919742	0.16036959087439	NA_[996_189.11_3.7]	NA	NA	[M - H2O + H]+	87	Fatty acids	Fatty Acids and Conjugates	Hydroxy fatty acids	0.987	0.949	0.827
raw	class	Hydroxy fatty acids	NPC class: Hydroxy fatty acids	856	Untreated	PS	1854752.96666667	1854752.96666667	3260378.24444444	3453971.8	2968267.7	3002081.5	2479057.03333333	2794402.8	4333810	3860172.8	0.111258479080258	1	0.179653666176328	NA_[856_189.11_3.3]	NA	NA	[M - H2O + H]+	87	Fatty acids	Fatty Acids and Conjugates	Hydroxy fatty acids	0.991	0.957	0.83
raw	class	Imidazole alkaloids	NPC class: Imidazole alkaloids	12	PET	PET	0	0	1013873.6	1013873.6	1013873.6	1013873.6	1013873.6	1013873.6	1013873.6	1013873.6	NA	0	1	trans-urocanate_[12_121.04_0.5]	trans-urocanate	Urocanic Acid	[M - H2O + H]+	-1	Alkaloids	Histidine alkaloids	Imidazole alkaloids	0.7	0.766	0.767
raw	class	Isoquinoline alkaloids	NPC class: Isoquinoline alkaloids	1606	Untreated	PS	141357916.133333	141357916.133333	61298664.4888889	15541258	22440690.9333333	13421603	10048693.2	13590948	151406609.333333	124329060	0.398428732318716	0.398428732318716	0.174755929786057	NA_[1606_543.34_6]	NA	3-({[(3,4-dimethoxyphenyl)methyl][3-(morpholin-4-yl)propyl]amino}methyl)-8a-methyl-decahydro-2H-spiro[naphtho[2,3-b]furan-5,2'-oxiran]-2-one	[M + H]+	-1	Alkaloids	Tyrosine alkaloids	Isoquinoline alkaloids	0.95	0.907	0.767
raw	class	Isoquinoline alkaloids	NPC class: Isoquinoline alkaloids	1180	Untreated	PS	73944716.6666667	73944716.6666667	90692710.1111111	101797140	73532653.6666667	101797140	62300380	57673230	136245096.666667	136552320	0.208419171200695	0.606847903519411	0.258555206910869	NA_[1180_543.34_4.4]	NA	NA	[M + H]+	579	Alkaloids	Tyrosine alkaloids	Isoquinoline alkaloids	0.938	0.915	0.758
raw	class	Isoquinoline alkaloids	NPC class: Isoquinoline alkaloids	1091	Untreated	PS	59323300	59323300	99641573.1111111	97137850	110330006	142752670	64635706.6666667	72312110	123959006.666667	137348100	0.167207524435127	0.774055427954538	0.284067457253232	NA_[1091_543.34_4]	NA	NA	[M + H]+	-1	Alkaloids	Tyrosine alkaloids	Isoquinoline alkaloids	0.975	0.933	0.812
raw	class	Isoquinoline alkaloids	NPC class: Isoquinoline alkaloids	1296	Untreated	PS	44086118.1666667	44086118.1666667	80061349.6111111	68520056	67563575	68520056	64267177.8333333	45994876	108353296	119357030	0.124260293689036	0.898315721643574	0.228246336325197	NA_[1296_543.34_4.7]	NA	NA	[M + H]+	14	Alkaloids	Tyrosine alkaloids	Isoquinoline alkaloids	0.986	0.953	0.868
raw	class	Isoquinoline alkaloids	NPC class: Isoquinoline alkaloids	2451	Untreated	PS	9710014.86666667	9710014.86666667	5172654.22222222	2142297.8	2033537.13333333	2142297.8	1887205.33333333	1013873.6	11597220.2	11154167	0.0273684631179251	0.925684184761499	0.0147466834000939	NA_[2451_543.34_8.1]	NA	3-({[(3,4-dimethoxyphenyl)methyl][3-(morpholin-4-yl)propyl]amino}methyl)-8a-methyl-decahydro-2H-spiro[naphtho[2,3-b]furan-5,2'-oxiran]-2-one	[M + H]+	14	Alkaloids	Tyrosine alkaloids	Isoquinoline alkaloids	0.898	0.972	0.859
raw	class	Isoquinoline alkaloids	NPC class: Isoquinoline alkaloids	2464	Untreated	PET	9377824.8	9377824.8	4804284.53333333	1623321.6	1573911.73333333	1623321.6	1887205.33333333	1013873.6	10951736.5333333	8997806	0.0264321585177213	0.95211634327922	0.0136965008549513	NA_[2464_543.34_8.2]	NA	3-({[(3,4-dimethoxyphenyl)methyl][3-(morpholin-4-yl)propyl]amino}methyl)-8a-methyl-decahydro-2H-spiro[naphtho[2,3-b]furan-5,2'-oxiran]-2-one	[M + H]+	-1	Alkaloids	Tyrosine alkaloids	Isoquinoline alkaloids	0.917	0.983	0.873
raw	class	Isoquinoline alkaloids	NPC class: Isoquinoline alkaloids	3282	Untreated	PS	8978411.4	8978411.4	4719348.97777778	1013873.6	2024286.86666667	1899306.8	1577674.33333333	1013873.6	10556085.7333333	1013873.6	0.0253063795094696	0.97742272278869	0.0134543586793139	NA_[3282_543.34_10.6]	NA	3-({[(2,3-dimethoxyphenyl)methyl][3-(morpholin-4-yl)propyl]amino}methyl)-8a-methyl-decahydro-2H-spiro[naphtho[2,3-b]furan-5,2'-oxiran]-2-one	[M + H]+	-1	Alkaloids	Tyrosine alkaloids	Isoquinoline alkaloids	0.855	0.986	0.946
raw	class	Isoquinoline alkaloids	NPC class: Isoquinoline alkaloids	3293	Untreated	PS	8010157.4	8010157.4	4376708.3	1013873.6	1964618.83333333	1820041.1	1577674.33333333	1013873.6	9587831.73333333	1013873.6	0.0225772772113101	1	0.0124775267902858	NA_[3293_543.34_10.6]	NA	3-({[(3,4-dimethoxyphenyl)methyl][3-(morpholin-4-yl)propyl]amino}methyl)-8a-methyl-decahydro-2H-spiro[naphtho[2,3-b]furan-5,2'-oxiran]-2-one	[M + H]+	-1	Alkaloids	Tyrosine alkaloids	Isoquinoline alkaloids	0.782	0.97	0.867
raw	class	Jasmonic acids	NPC class: Jasmonic acids	109	PET	Untreated	14577231	14577231	22924202.3333333	23013930	30520646.3333333	32068576	22308545.3333333	23013930	15943415.3333333	18138812	0.88761039196423	0.88761039196423	0.72711724104454	NA_[109_240.16_0.7]	NA	methyl 2-[4-oxo-5-(pent-2-en-1-yl)cyclopent-2-en-1-yl]acetate	[M + H3N + H]+	-1	Fatty acids	Octadecanoids	Jasmonic acids	0.647	0.815	0.846
raw	class	Jasmonic acids	NPC class: Jasmonic acids	71	PS	Untreated	1845775.23333333	1845775.23333333	8603316.25555556	8519374	8396872.33333333	8519374	9629425.83333333	10522341	7783650.6	8339522	0.11238960803577	1	0.27288275895546	3-Oxo-2(R)-(2Z)2-penten-1(R)-yl-cyclopentaneacetic acid_[71_214.14_0.6]	3-Oxo-2(R)-(2Z)2-penten-1(R)-yl-cyclopentaneacetic acid	2-[(1R,2S)-2-but-2-enyl-4-oxocyclopentyl]acetic acid	[M + H3N + H]+	16	Fatty acids	Octadecanoids	Jasmonic acids	0.991	0.591	0.741
raw	class	Lactones	NPC class: Lactones	501	PET	Untreated	6603132.86666667	6603132.86666667	4616078.31111111	1588560.1	8175249.53333333	9923007	4100868.73333333	1013873.6	1572116.66666667	1588560.1	1	1	1	NA_[501_125.1_1.9]	NA	[(Z)-2-methoxyethenoxy]cyclopentane	[M - H2O + H]+	429	Fatty acids	Fatty esters	Lactones	0.994	0.709	0.849
raw	class	Linear peptides	NPC class: Linear peptides	2009	Untreated	PET	7793746.66666666	7793746.66666666	201803157.777778	198313230	199006630	198313230	199602466.666667	188842560	206800376.666667	224734540	0.73082539487437	0.73082539487437	0.902471020489233	NA_[2009_934.64_7]	NA	H-Lys-Arg-His-Arg-Lys(Me)-Val-Leu-al	[M + H]+	73	Amino acids and Peptides	Oligopeptides	Linear peptides	0.97	0.998	0.919
raw	class	Linear peptides	NPC class: Linear peptides	2746	Untreated	PS	1464745.06666667	1464745.06666667	5231745.74444444	5647501.5	4961702.16666667	5647501.5	4634395	4249558	6099140.06666667	7075686	0.137350229295403	0.868175624169773	0.0233965561932793	Cyclosporin B_[2746_1210.81_8.9]	Cyclosporin B	14,17,23,32-tetrahydroxy-33-(1-hydroxy-2-methylhex-4-en-1-yl)-1,4,7,10,12,15,19,25,28,30-decamethyl-6,9,18,24-tetrakis(2-methylpropyl)-3,21-bis(propan-2-yl)-1,4,7,10,13,16,19,22,25,28,31-undecaazacyclotritriaconta-13,16,22,31-tetraene-2,5,8,11,20,26,29-heptone	[M + Na]+	73	Amino acids and Peptides	Oligopeptides	Linear peptides	0.757	0.995	0.818
raw	class	Linear peptides	NPC class: Linear peptides	2609	PS	PET	1405815.66666667	1405815.66666667	16576883.6666667	16005464	16053363	16005464	17459178.6666667	17873572	16218109.3333333	15741134	0.131824375830227	1	0.0741324233174876	Cyclosporin B_[2609_1210.81_8.6]	Cyclosporin B	14,17,23,32-tetrahydroxy-33-(1-hydroxy-2-methylhex-4-en-1-yl)-1,4,7,10,12,15,19,25,28,30-decamethyl-6,9,18,24-tetrakis(2-methylpropyl)-3,21-bis(propan-2-yl)-1,4,7,10,13,16,19,22,25,28,31-undecaazacyclotritriaconta-13,16,22,31-tetraene-2,5,8,11,20,26,29-heptone	[M + Na]+	73	Amino acids and Peptides	Oligopeptides	Linear peptides	0.577	0.993	0.72
raw	class	Lipopeptides	NPC class: Lipopeptides	1636	PS	Untreated	1963966.13333333	1963966.13333333	2379984.13333333	1923671.9	1942306.6	1779687.5	3580805.96666667	3570712	1616839.83333333	1854438	0.330889460246523	0.330889460246523	0.168323423137978	NA_[1636_770.64_6.1]	NA	2-[4-Amino-5-[[4-(hydroxymethyl)-3-[3-[5-(hydroxymethyl)-2,3-bis(3-methylbutoxymethyl)cyclopentyl]-2-oxocyclopentyl]-2-(3-methylbutoxymethyl)cyclopentyl]methoxy]pentyl]guanidine	[M + H3N + H]+	31	Amino acids and Peptides	Oligopeptides	Lipopeptides	0.841	1	0.93
raw	class	Lipopeptides	NPC class: Lipopeptides	1460	Untreated	PET	1070161.63333333	1070161.63333333	1370594.14444444	1013873.6	1013873.6	1013873.6	1013873.6	1013873.6	2084035.23333333	1574079.1	0.180301075064467	0.51119053531099	0.0969347210742288	NA_[1460_1209.84_5.5]	NA	N-[(2R)-1-[[(3S,6S,8S,12S,13S,16S,17R,20S,23S)-13-[(2S)-butan-2-yl]-12-hydroxy-20-[(4-methoxyphenyl)methyl]-6,17,21-trimethyl-3-(2-methylpropyl)-2,5,7,10,15,19,22-heptaoxo-8-propan-2-yl-9,18-dioxa-1,4,14,21-tetrazabicyclo[21.3.0]hexacosan-16-yl]amino]-4-methyl-1-oxopentan-2-yl]-N-methyloctadecanamide	[M + H]+	615	Amino acids and Peptides	Oligopeptides	Lipopeptides	0.848	0.999	0.955
raw	class	Lipopeptides	NPC class: Lipopeptides	3008	PS	PET	926663	926663	4934742.66666667	4941771	4322789.16666667	4217754.5	5249452.16666667	5437972.5	5231986.66666667	5165293	0.156124392725657	0.667314928036647	0.349007695608041	NA_[3008_1384.96_9.5]	NA	palmitoyl-Asn-Ile-Val-Arg-Val-Leu-Ala-Thr-Lys-Leu-Me	[M + Na]+	67	Amino acids and Peptides	Oligopeptides	Lipopeptides	0.972	1	0.885
raw	class	Lipopeptides	NPC class: Lipopeptides	2101	Untreated	PET	811633.5	811633.5	1410629.81111111	1013873.6	1013873.6	1013873.6	1392508.73333333	1013873.6	1825507.1	2195193.5	0.136744196437432	0.804059124474079	0.0997662275395707	NA_[2101_795.57_7.2]	NA	(2S)-N-[(1S)-2-[[(2S)-1-[[(2R)-1-[[(2R)-1-amino-4-methyl-1-oxopentan-2-yl]amino]-1-oxopropan-2-yl]-methylamino]-1-oxopropan-2-yl]-methylamino]-1-[(2S,3S)-2,3-dimethylcyclopropyl]-2-oxoethyl]-2-[[(2S)-2-[[(2R)-2-[(2S,3S)-2,3-dimethylcyclopropyl]propanoyl]-methylamino]propanoyl]-methylamino]-5-hydroxy-4-methylpentanamide	[M + H3N + H]+	10	Amino acids and Peptides	Oligopeptides	Lipopeptides	0.946	0.978	0.718
raw	class	Lipopeptides	NPC class: Lipopeptides	1085	PS	Untreated	730046.466666667	730046.466666667	1790205.48888889	1674606.5	1829372.6	1757487.4	2135645.16666667	1853573.1	1405598.7	1528316	0.122998394529452	0.927057519003531	0.126611565089779	NA_[1085_685.58_4]	NA	(Carboxylatomethyl)(carboxymethyl)[2-(hexadecanoylamino)ethyl][2-(tetradecanoylamino)ethyl]aminium	[M + H3N + H]+	119	Polyketides	Oligopeptides	Lipopeptides	0.542	0.988	0.795
raw	class	Lipopeptides	NPC class: Lipopeptides	1522	Untreated	PET	221791.2	221791.2	1087804	1013873.6	1013873.6	1013873.6	1013873.6	1013873.6	1235664.8	1013873.6	0.0373674317544726	0.964424950758003	0.0769345015450739	NA_[1522_991.55_5.7]	NA	H-Arg-Gln-Ala-Ile-Ile-Ser-Glu-Thr-Gly-OH	[M + H3N + H]+	-1	Amino acids and Peptides	Oligopeptides	Lipopeptides	0.908	0.994	0.908
raw	class	Lipopeptides	NPC class: Lipopeptides	1536	PS	PET	211152.666666667	211152.666666667	1165391.77777778	1013873.6	1078927.43333333	1013873.6	1290080.1	1393244.6	1127167.8	1013873.6	0.0355750492419968	1	0.082421866005329	NA_[1536_668.56_5.8]	NA	(Carboxylatomethyl)(carboxymethyl)[2-(hexadecanoylamino)ethyl][2-(tetradecanoylamino)ethyl]aminium	[M + H]+	-1	Amino acids and Peptides	Oligopeptides	Lipopeptides	0.604	0.959	0.745
raw	class	Macrolide lactones	NPC class: Macrolide lactones	21	PS	PET	1369354.4	1369354.4	4038336.7	4049876.2	3285203.4	3821771	4654557.8	4365082.5	4175248.9	4049876.2	0.412677482239973	0.412677482239973	0.141812267773216	Senkyunolide h_[21_242.14_0.5]	Senkyunolide h	Senkyunolide I	[M + H3N + H]+	-1	Polyketides	Macrolides	Macrolide lactones	0.896	0.875	0.968
raw	class	Macrolide lactones	NPC class: Macrolide lactones	716	PS	Untreated	1241647.33333333	1241647.33333333	21762532.6666667	22156144	22091021.3333333	22156144	22219112	22954944	20977464.6666667	20218838	0.374190856180092	0.786868338420064	0.764224070258605	NA_[716_351.18_2.8]	NA	2-Propenoic acid, 2-methyl-, 1,3-propanediylbis(oxy-3,1-propanediyl) ester	[M + Na]+	234	Polyketides	Macrolides	Macrolide lactones	0.797	0.883	0.964
raw	class	Macrolide lactones	NPC class: Macrolide lactones	32	PS	PET	707217.6	707217.6	2675769.24444444	2723266.8	2332677.06666667	2625526.5	3039894.66666667	2867241.5	2654736	2854377.2	0.213131661579936	1	0.0939636619681792	Phomolide F_[32_260.15_0.5]	Phomolide F	Phomolide F	[M + H3N + H]+	-1	Fatty acids	Macrolides	Macrolide lactones	0.755	0.864	0.976
raw	class	Macrotetrolides	NPC class: Macrotetrolides	136	Untreated	PS	3516546.5	3516546.5	5737196.75555556	4921783	5563304.16666667	4921783	4065869.8	3430532	7582416.3	9400949	1	1	1	(3S,4S,7R,9R,12S,13S,16R,18R)-3,9,12-Trimethyl-18-ethyl-4,7:13,16-diepoxy-1,10-dioxacyclooctadecane-2,11-dione_[136_400.27_0.7]	(3S,4S,7R,9R,12S,13S,16R,18R)-3,9,12-Trimethyl-18-ethyl-4,7:13,16-diepoxy-1,10-dioxacyclooctadecane-2,11-dione	Dimeric Dinactin	[M + H3N + H]+	382	Polyketides	Polyethers	Macrotetrolides	0.953	0.534	0.935
raw	class	Microcolins and mirabimids	NPC class: Microcolins and mirabimids	1146	PS	Untreated	1084708.66666667	1084708.66666667	1610984.23333333	1013873.6	1353980.9	1013873.6	2281840.23333333	1765062.9	1197131.56666667	1013873.6	1	1	1	NA_[1146_784.62_4.2]	NA	1-[N-(24-{N-[2-(acetyloxy)-3-acetamidopropyl]acetamido}tetracosyl)acetamido]-3-acetamidopropan-2-yl acetate	[M + H3N + H]+	31	Amino acids and Peptides	Oligopeptides	Microcolins and mirabimids	0.855	0.999	0.772
raw	class	Monoacylglycerols	NPC class: Monoacylglycerols	2707	Untreated	PET	4933101.66666667	4933101.66666667	8364631.91111111	6892463	6469057	6892463	7222680.06666667	7173583	11402158.6666667	3574181.2	0.835130872366592	0.835130872366592	0.578243633529538	NA_[2707_313.27_8.9]	NA	methyl 11-oxooctadecanoate	[M + H]+	79	Fatty acids	Glycerolipids	Monoacylglycerols	0.999	0.956	0.923
raw	class	Monoacylglycerols	NPC class: Monoacylglycerols	1855	Untreated	PS	579349.6	579349.6	4511011.46666667	4429621.5	4575491.33333333	4514039	4189096.73333333	4232361	4768446.33333333	4960919	0.0980788091440583	0.933209681510651	0.311844405001708	NA_[1855_516.5_6.6]	NA	2,3-dihydroxypropyl octacosanoate	[M + H3N + H]+	-1	Fatty acids	Glycerolipids	Monoacylglycerols	0.996	0.991	0.855
raw	class	Monoacylglycerols	NPC class: Monoacylglycerols	1257	PET	Untreated	394529.1	394529.1	1589940.72222222	1816809.9	1766767.5	1816809.9	1630816.26666667	1924254.2	1372238.4	1013873.6	0.0667903184893493	1	0.109911961468754	NA_[1257_544.48_4.6]	NA	2-[2-(3-Triheptylsilylpropoxy)ethoxy]ethyl prop-2-enoate	[M + H3N + H]+	120	Fatty acids	Glycerolipids	Monoacylglycerols	0.999	0.914	0.72
raw	class	N-acyl amines	NPC class: N-acyl amines	2295	PET	Untreated	52012543.3333333	52012543.3333333	511215063.333333	521105300	534022610	541236700	517612513.333333	521105300	482010066.666667	459944700	0.458775591642912	0.458775591642912	0.551865873510184	NA_[2295_424.45_7.7]	NA	1-[Docosyl(1-hydroxypropyl)amino]propan-1-ol	[M - H2O + H]+	92	Fatty acids	Fatty amides	N-acyl amines	1	0.995	0.724
raw	class	N-acyl amines	NPC class: N-acyl amines	310	Untreated	PET	17263400	17263400	141499930	141639100	135118070	141639100	137000250	134633950	152381470	160898290	0.152271472248744	0.611047063891656	0.15275172441498	NA_[310_320.26_1.3]	NA	(3S,5S,7S,9R,11S,13S)-5,9,11-Triaminopentadecane-1,3,7,13,15-pentaol	[M - H2O + H]+	-1	Fatty acids	Fatty amides	N-acyl amines	0.833	0.787	0.852
raw	class	N-acyl amines	NPC class: N-acyl amines	3102	PS	Untreated	17261676.6666667	17261676.6666667	36855703.5555556	33683796	38913014	40542612	44457886.6666667	33683796	27196210	26179828	0.152256271621762	0.763303335513418	0.0397863961673933	NA_[3102_536.58_9.8]	NA	N-hydroxy-N-octadecyloctadecan-1-amine oxide	[M - H2O + H]+	306	Fatty acids	Fatty amides	N-acyl amines	1	0.992	0.829
raw	class	N-acyl amines	NPC class: N-acyl amines	2021	PET	Untreated	6285873.33333334	6285873.33333334	153239615.555556	153177580	157187780	152177260	151629160	153177580	150901906.666667	158992860	0.0554444192242424	0.81874775473766	0.165424926533884	NA_[2021_396.42_7]	NA	hexacosanamide	[M + H]+	92	Fatty acids	Fatty amides	N-acyl amines	1	0.999	0.762
raw	class	N-acyl amines	NPC class: N-acyl amines	1036	PS	Untreated	3740434.9	3740434.9	6338249.53333333	5691391	6579666.16666667	5438750.5	8087758.66666667	8885918	4347323.76666667	4513380	0.0329924307537092	0.851740185491369	0.00684225459326453	NA_[1036_418.33_3.8]	NA	N-[(2S,3R)-1,3-dihydroxyoctadec-4-yn-2-yl]hexanamide	[M + Na]+	363	Fatty acids	Fatty amides	N-acyl amines	1	0.992	0.724
raw	class	N-acyl amines	NPC class: N-acyl amines	2532	PS	PET	2460405.8	2460405.8	1834008.86666667	1013873.6	1013873.6	1013873.6	3474279.4	1013873.6	1013873.6	1013873.6	0.021701959839623	0.873442145330992	0.00197984562236671	NA_[2532_424.45_8.4]	NA	1-(1-Hydroxydecylamino)octadecan-1-ol	[M - H2O + H]+	92	Fatty acids	Fatty amides	N-acyl amines	1	0.996	0.776
raw	class	N-acyl amines	NPC class: N-acyl amines	2251	PS	PET	2311915.63333333	2311915.63333333	3705077.16666667	2970910.5	2494015.43333333	2680707	4805931.06666667	5294274	3815285	3814307.5	0.0203922053131222	0.893834350644115	0.00399969757086736	NA_[2251_468.48_7.6]	NA	N-(1-hydroxypropan-2-yl)heptacosanamide	[M + H]+	146	Fatty acids	Fatty amides	N-acyl amines	1	0.994	0.859
raw	class	N-acyl amines	NPC class: N-acyl amines	2170	PS	Untreated	1958705.33333333	1958705.33333333	32560883.7777778	32518044	32892624.6666667	32518044	33374366	33024284	31415660.6666667	31405932	0.0172767209708477	0.911111071614962	0.0351500608200393	NA_[2170_410.44_7.4]	NA	2-(Pentacosylamino)ethane-1,1-diol	[M - H2O + H]+	92	Fatty acids	Fatty amides	N-acyl amines	1	0.997	0.724
raw	class	N-acyl amines	NPC class: N-acyl amines	1930	PS	PET	1495063.16666667	1495063.16666667	2347434.86666667	2090359.1	1505525.7	1603719.9	3000588.86666667	3484269.8	2536190.03333333	2672914.2	0.0131871745712433	0.924298246186206	0.00253409824185201	NA_[1930_498.49_6.8]	NA	N-(1,3-dihydroxypropan-2-yl)octacosanamide	[M + H]+	21	Fatty acids	Fatty amides	N-acyl amines	1	0.971	0.876
raw	class	N-acyl amines	NPC class: N-acyl amines	2418	PET	Untreated	1437645.66666667	1437645.66666667	1624068.88888889	1013873.6	2451519.26666667	2939299.2	1406813.8	1013873.6	1013873.6	1013873.6	0.0126807246681048	0.93697897085431	0.00175321163301281	NA_[2418_576.5_8]	NA	N-[(E,2S,3R)-1,3,6-trihydroxyoctadec-4-en-2-yl]hexadecanamide	[M + Na]+	529	Fatty acids	Fatty amides	N-acyl amines	0.999	0.961	0.757
raw	class	N-acyl amines	NPC class: N-acyl amines	2305	PET	PS	1421039.26666667	1421039.26666667	3576294.81111111	3075716	4156304.43333333	3744945.8	2735265.16666667	2845750.5	3837314.83333333	4324666.5	0.012534248251133	0.949513219105443	0.00386067469724944	NA_[2305_582.59_7.8]	NA	N,N'-Ethylenebisheptadecanamide	[M + H3N + H]+	74	Fatty acids	Fatty amides	N-acyl amines	1	0.987	0.846
raw	class	N-acyl amines	NPC class: N-acyl amines	479	PS	Untreated	1175972.06666667	1175972.06666667	3845242.44444444	3930110.8	3888998.4	3886707.2	4411350.5	4491177.5	3235378.43333333	3930110.8	0.01037263794587	0.959885857051313	0.00415100851415659	NA_[479_371.33_1.9]	NA	N-(1,3-dihydroxypropan-2-yl)octadeca-9,12-dienamide	[M + H3N + H]+	102	Fatty acids	Fatty amides	N-acyl amines	1	0.994	0.834
raw	class	N-acyl amines	NPC class: N-acyl amines	820	PS	Untreated	947382.266666667	947382.266666667	1482037.62222222	1013873.6	1470983.4	1277511.1	1961255.86666667	1634048.8	1013873.6	1013873.6	0.00835636621567509	0.968242223266988	0.00159988632109091	NA_[820_398.36_3.2]	NA	3-(Henicosanoylamino)propanoic acid	[M + H]+	20	Fatty acids	Fatty amides	N-acyl amines	1	0.989	0.881
raw	class	N-acyl amines	NPC class: N-acyl amines	2738	PET	PS	747666.866666667	747666.866666667	1263095.88888889	1013873.6	1761540.46666667	1013873.6	1013873.6	1013873.6	1013873.6	1013873.6	0.00659478054954057	0.974837003816529	0.00136353477439353	NA_[2738_424.45_8.9]	NA	1-(1-Hydroxydecylamino)octadecan-1-ol	[M - H2O + H]+	92	Fatty acids	Fatty amides	N-acyl amines	1	0.996	0.713
raw	class	N-acyl amines	NPC class: N-acyl amines	3133	PS	Untreated	642834	642834	2963962.34444444	2988806.2	3170328.56666667	3104395.5	3182196.23333333	3036108	2539362.23333333	2550442.5	0.0056701043590225	0.980507108175552	0.00319965076459724	NA_[3133_646.66_10]	NA	Octadecanamide, N,N'-(iminodi-3,1-propanediyl)bis-	[M - H2O + H]+	-1	Fatty acids	Fatty amides	N-acyl amines	1	0.99	0.842
raw	class	N-acyl amines	NPC class: N-acyl amines	1976	Untreated	PET	518100.666666667	518100.666666667	5927599.77777778	5925118	5666061.33333333	5684142.5	5932576	5944718	6184162	6392292	0.00456989650279719	0.985077004678349	0.00639895078179479	NA_[1976_368.39_6.9]	NA	N,N-dibutylhexadecanamide	[M + H]+	142	Fatty acids	Fatty amides	N-acyl amines	1	0.999	0.854
raw	class	N-acyl amines	NPC class: N-acyl amines	1161	Untreated	PS	422630.233333333	422630.233333333	1384731.07777778	1461345	1490023.2	1494010	1120769.9	1013873.6	1543400.13333333	1630484.2	0.00372780146706308	0.988804806145412	0.0014948421527952	NA_[1161_441.44_4.2]	NA	3-(docosanoylamino)-N,N-dimethylpropan-1-amine oxide	[M + H]+	57	Fatty acids	Fatty amides	N-acyl amines	1	0.998	0.758
raw	class	N-acyl amines	NPC class: N-acyl amines	1133	Untreated	PS	299350.8	299350.8	1218150.75555556	1152904.4	1140332.06666667	1152904.4	1107384.7	1013873.6	1406735.5	1463608.8	0.0026404177065259	0.991445223851938	0.00131501569300085	NA_[1133_519.53_4.1]	NA	Hexadecanamide, N,N'-1,2-ethanediylbis-	[M - H2O + H]+	70	Fatty acids	Fatty amides	N-acyl amines	1	0.995	0.712
raw	class	N-acyl amines	NPC class: N-acyl amines	678	Untreated	PET	268391.9	268391.9	1103337.56666667	1013873.6	1013873.6	1013873.6	1013873.6	1013873.6	1282265.5	1313382.8	0.00236734535216919	0.993812569204107	0.00119107278653891	NA_[678_561.54_2.7]	NA	(Z)-N-[4-[[(Z)-hexadec-9-enoyl]amino]butyl]hexadec-9-enamide	[M + H]+	99	Fatty acids	Fatty amides	N-acyl amines	1	0.999	0.898
raw	class	N-acyl amines	NPC class: N-acyl amines	2869	PET	Untreated	260758.1	260758.1	1487126.94444444	1213122.5	1612403	1521118.9	1497332.93333333	1213122.5	1351644.9	1013873.6	0.00230001157291062	0.996112580777017	0.00160538033614482	NA_[2869_593.63_9.2]	NA	N-[3-(Octadecylamino)propyl]octadecanamide	[M + H]+	57	Fatty acids	Fatty amides	N-acyl amines	0.996	0.999	0.955
raw	class	N-acyl amines	NPC class: N-acyl amines	2719	PET	PS	235900.666666667	235900.666666667	1092507.15555556	1013873.6	1249774.26666667	1013873.6	1013873.6	1013873.6	1013873.6	1013873.6	0.00208075708248627	0.998193337859504	0.00117938116256889	NA_[2719_452.48_8.9]	NA	1-[1-Hydroxypropyl(tetracosyl)amino]propan-1-ol	[M - H2O + H]+	163	Fatty acids	Fatty amides	N-acyl amines	1	0.994	0.708
raw	class	N-acyl amines	NPC class: N-acyl amines	1324	PET	PS	170586.8	170586.8	1070735.86666667	1013873.6	1184460.4	1013873.6	1013873.6	1013873.6	1013873.6	1013873.6	0.00150465743609034	0.999697995295594	0.00115587866387143	NA_[1324_473.47_4.9]	NA	2-Hydroxy-N,N,N-trimethyl-3-[(1-oxodocosyl)oxy]-1-propanaminium	[M + H3N + H]+	57	Fatty acids	Fatty amides	N-acyl amines	1	0.985	0.75
raw	class	N-acyl amines	NPC class: N-acyl amines	701	PET	Untreated	34239.0333333332	34239.0333333332	1607356.66666667	1594479.2	1629544.9	1481158.9	1597219.23333333	1594730	1595305.86666667	1594479.2	0.00030200470440588	1	0.00173517048795181	NA_[701_314.27_2.7]	NA	N-Pentadecanoylsarcosine	[M + H]+	-1	Fatty acids	Fatty amides	N-acyl amines	0.998	0.997	0.981
raw	class	N-acyl amines	NPC class: N-acyl amines	2591	PET	PET	0	0	1013873.6	1013873.6	1013873.6	1013873.6	1013873.6	1013873.6	1013873.6	1013873.6	0	1	0.00109449482228595	NA_[2591_424.45_8.5]	NA	1-(1-Hydroxydecylamino)octadecan-1-ol	[M - H2O + H]+	92	Fatty acids	Fatty amides	N-acyl amines	1	0.997	0.757
raw	class	N-acyl amines	NPC class: N-acyl amines	2657	PET	PET	0	0	1013873.6	1013873.6	1013873.6	1013873.6	1013873.6	1013873.6	1013873.6	1013873.6	0	1	0.00109449482228595	NA_[2657_424.45_8.8]	NA	2-[2-Hydroxyethyl(tetracosyl)amino]ethanol	[M - H2O + H]+	92	Fatty acids	Fatty amides	N-acyl amines	1	0.995	0.701
raw	class	N-acyl amines	NPC class: N-acyl amines	3150	PET	PET	0	0	1013873.6	1013873.6	1013873.6	1013873.6	1013873.6	1013873.6	1013873.6	1013873.6	0	1	0.00109449482228595	NA_[3150_536.58_10.1]	NA	N-hydroxy-N-octadecyloctadecan-1-amine oxide	[M - H2O + H]+	306	Fatty acids	Fatty amides	N-acyl amines	1	0.99	0.743
raw	class	N-acyl amines	NPC class: N-acyl amines	3256	PET	PET	0	0	1013873.6	1013873.6	1013873.6	1013873.6	1013873.6	1013873.6	1013873.6	1013873.6	0	1	0.00109449482228595	NA_[3256_508.55_10.5]	NA	1-(Dihexadecylamino)ethane-1,1-diol	[M - H2O + H]+	86	Fatty acids	Fatty amides	N-acyl amines	1	0.964	0.707
raw	class	N-acyl amines	NPC class: N-acyl amines	3262	PET	PET	0	0	1013873.6	1013873.6	1013873.6	1013873.6	1013873.6	1013873.6	1013873.6	1013873.6	0	1	0.00109449482228595	NA_[3262_536.58_10.5]	NA	N-hydroxy-N-octadecyloctadecan-1-amine oxide	[M - H2O + H]+	306	Fatty acids	Fatty amides	N-acyl amines	1	0.991	0.809
raw	class	N-acyl amines	NPC class: N-acyl amines	3296	PET	PET	0	0	1013873.6	1013873.6	1013873.6	1013873.6	1013873.6	1013873.6	1013873.6	1013873.6	0	1	0.00109449482228595	NA_[3296_536.58_10.7]	NA	N-hydroxy-N-octadecyloctadecan-1-amine oxide	[M - H2O + H]+	306	Fatty acids	Fatty amides	N-acyl amines	1	0.996	0.788
raw	class	N-acyl amines	NPC class: N-acyl amines	3328	PET	PET	0	0	1013873.6	1013873.6	1013873.6	1013873.6	1013873.6	1013873.6	1013873.6	1013873.6	0	1	0.00109449482228595	NA_[3328_536.58_10.8]	NA	N-hydroxy-N-octadecyloctadecan-1-amine oxide	[M - H2O + H]+	306	Fatty acids	Fatty amides	N-acyl amines	1	0.991	0.717
raw	class	N-acyl ethanolamines (endocannabinoids)	NPC class: N-acyl ethanolamines (endocannabinoids)	330	Untreated	PS	14042573.3333333	14042573.3333333	54471140.6666667	56972212	57023003.3333333	59296876	46173922.6666667	41591716	60216496	63592388	0.18889789389277	0.18889789389277	0.136373519236681	N-octadecanoylglycinate_[330_359.33_1.3]	N-octadecanoylglycinate	Stearoylglycine	[M + H3N + H]+	631	Fatty acids	Fatty amides	N-acyl ethanolamines (endocannabinoids)	1	0.996	0.915
raw	class	N-acyl ethanolamines (endocannabinoids)	NPC class: N-acyl ethanolamines (endocannabinoids)	307	Untreated	PS	12346136	12346136	56040907.5555556	56532332	53246370.6666667	55575270	51265108	47196716	63611244	57299456	0.166077757456163	0.354975651348933	0.140303575270003	NA_[307_343.33_1.3]	NA	(E)-N-(2-Hydroxyethyl)-6-octadeceneamide	[M + H3N + H]+	102	Fatty acids	Fatty amides	N-acyl ethanolamines (endocannabinoids)	1	0.998	0.985
raw	class	N-acyl ethanolamines (endocannabinoids)	NPC class: N-acyl ethanolamines (endocannabinoids)	273	Untreated	PS	9042057.5	9042057.5	17504009.9444444	18613262	17099849.3333333	18613262	13185061.5	10136589	22227119	21116546	0.121631952895196	0.476607604244129	0.0438229015890337	linoleoyl ethanolamide_[273_341.32_1.1]	linoleoyl ethanolamide	N-(2-hydroxyethyl)octadeca-9,12-dienamide	[M + H3N + H]+	102	Fatty acids	Fatty amides	N-acyl ethanolamines (endocannabinoids)	1	0.996	0.972
raw	class	N-acyl ethanolamines (endocannabinoids)	NPC class: N-acyl ethanolamines (endocannabinoids)	196	Untreated	PS	5202426	5202426	10857150.1111111	11184675	10496325	11184675	8436349.66666667	6973974.5	13638775.6666667	13755082	0.0699819962627688	0.546589600506898	0.0271818756026015	palmitoleoyl ethanolamide_[196_315.3_0.9]	palmitoleoyl ethanolamide	N-(2-hydroxyethyl)hexadec-9-enamide	[M + H3N + H]+	-1	Fatty acids	Fatty amides	N-acyl ethanolamines (endocannabinoids)	1	0.999	0.998
raw	class	N-acyl ethanolamines (endocannabinoids)	NPC class: N-acyl ethanolamines (endocannabinoids)	298	Untreated	PS	5180804.5	5180804.5	15908144.5	17041584	16740383.3333333	17751994	12901622.8333333	14214910	18082427.3333333	19091716	0.0696911481599422	0.61628074866684	0.0398275054173453	Alpha-Linolenoyl ethanolamide_[298_339.3_1.2]	Alpha-Linolenoyl ethanolamide	Alpha-Lea	[M + H3N + H]+	-1	Fatty acids	Fatty amides	N-acyl ethanolamines (endocannabinoids)	0.999	0.959	0.712
raw	class	N-acyl ethanolamines (endocannabinoids)	NPC class: N-acyl ethanolamines (endocannabinoids)	269	PET	PS	4456947.5	4456947.5	19577522.2777778	20462116	22468181	23318434	18011233.5	20462116	18253152.3333333	13212055	0.0599539682617988	0.676234716928639	0.0490141307539917	C16:0-NAGME_[269_328.28_1.1]	C16:0-NAGME	NA	[M + H]+	102	Fatty acids	Fatty amides	N-acyl ethanolamines (endocannabinoids)	0.999	0.826	0.819
raw	class	N-acyl ethanolamines (endocannabinoids)	NPC class: N-acyl ethanolamines (endocannabinoids)	369	Untreated	PET	4281400	4281400	132166305.555556	133828620	130044710	131685480	132128096.666667	134221380	134326110	133828620	0.0575925383271993	0.733827255255838	0.330890522807635	NA_[369_341.32_1.4]	NA	(E)-N,N-dimethyl-18-oxooctadec-9-enamide	[M + H3N + H]+	102	Fatty acids	Fatty amides	N-acyl ethanolamines (endocannabinoids)	1	0.996	0.757
raw	class	N-acyl ethanolamines (endocannabinoids)	NPC class: N-acyl ethanolamines (endocannabinoids)	217	PET	PS	3363869.16666667	3363869.16666667	12481285.0555556	12158383	13627623.3333333	15167476	10263754.1666667	10855666	13552477.6666667	12158383	0.0452500966760719	0.77907735193191	0.0312480470720875	N-hexadecanoylglycinate_[217_331.3_1]	N-hexadecanoylglycinate	Elmiric Acid	[M + H3N + H]+	631	Fatty acids	Fatty amides	N-acyl ethanolamines (endocannabinoids)	1	0.946	0.883
raw	class	N-acyl ethanolamines (endocannabinoids)	NPC class: N-acyl ethanolamines (endocannabinoids)	1415	PET	Untreated	2673411.1	2673411.1	4968739.43333333	4862371	6367235.06666667	4862371	4845159.26666667	5795104.5	3693823.96666667	3187046.8	0.0359621925634396	0.815039544495349	0.0124396969551327	NA_[1415_501.48_5.3]	NA	NA	[M + H3N + H]+	-1	Fatty acids	Fatty amides	N-acyl ethanolamines (endocannabinoids)	0.996	0.927	0.747
raw	class	N-acyl ethanolamines (endocannabinoids)	NPC class: N-acyl ethanolamines (endocannabinoids)	466	PS	PET	1535645.66666667	1535645.66666667	11406154.8888889	11840351	10677604.3333333	10487169	12213250	11944939	11327610.3333333	13116866	0.02065719902707	0.835696743522419	0.0285563596451052	linoleoyl ethanolamide_[466_341.32_1.8]	linoleoyl ethanolamide	N-(2-hydroxyethyl)octadeca-9,12-dienamide	[M + H3N + H]+	102	Fatty acids	Fatty amides	N-acyl ethanolamines (endocannabinoids)	1	0.984	0.768
raw	class	N-acyl ethanolamines (endocannabinoids)	NPC class: N-acyl ethanolamines (endocannabinoids)	583	PS	Untreated	1337725.16666667	1337725.16666667	7323473.27777778	7016407	7183502.66666667	7016407	8062321.16666667	8647206	6724596	5912660	0.0179948119616268	0.853691555484046	0.0183349900828772	N-gondoylethanolamine_[583_371.36_2.3]	N-gondoylethanolamine	N-cis-11-eicosaenoylethanolamine	[M + H3N + H]+	159	Fatty acids	Fatty amides	N-acyl ethanolamines (endocannabinoids)	1	0.992	0.831
raw	class	N-acyl ethanolamines (endocannabinoids)	NPC class: N-acyl ethanolamines (endocannabinoids)	697	PET	Untreated	1258083.03333333	1258083.03333333	1583122.41111111	1013873.6	2271956.63333333	2487619.8	1463537	1013873.6	1013873.6	1013873.6	0.0169234818788362	0.870615037362882	0.00396349281368726	Putative (3-hydroxyoctadecanoyl)glycine_[697_375.32_2.7]	Putative (3-hydroxyoctadecanoyl)glycine	PDEJWCOMIACOMR	[M + H3N + H]+	-1	Fatty acids	Fatty amides	N-acyl ethanolamines (endocannabinoids)	1	0.943	0.726
raw	class	N-acyl ethanolamines (endocannabinoids)	NPC class: N-acyl ethanolamines (endocannabinoids)	483	PS	Untreated	1196187.1	1196187.1	4955702.91111111	5198483.5	4633919.16666667	4390684.5	5714688.33333333	5456697	4518501.23333333	5366615	0.0160908701366963	0.886705907499579	0.0124070588206583	N-(11Z,14Z)-eicosadienoylethanolamine_[483_369.35_1.9]	N-(11Z,14Z)-eicosadienoylethanolamine	N-(2-hydroxyethyl)icosa-11,14-dienamide	[M + H3N + H]+	102	Fatty acids	Fatty amides	N-acyl ethanolamines (endocannabinoids)	1	0.993	0.934
raw	class	N-acyl ethanolamines (endocannabinoids)	NPC class: N-acyl ethanolamines (endocannabinoids)	454	Untreated	PS	1093939.06666667	1093939.06666667	3516708.83333333	3423383.2	3510220.43333333	3332865	2972983.5	2546163.8	4066922.56666667	3766587	0.0147154499987436	0.901421357498322	0.00880440456841522	N-gondoylethanolamine_[454_371.36_1.7]	N-gondoylethanolamine	N-cis-11-eicosaenoylethanolamine	[M + H3N + H]+	-1	Fatty acids	Fatty amides	N-acyl ethanolamines (endocannabinoids)	1	0.999	0.987
raw	class	N-acyl ethanolamines (endocannabinoids)	NPC class: N-acyl ethanolamines (endocannabinoids)	513	Untreated	PET	997196.433333334	997196.433333334	5036797.2	5125705.5	4525589.33333333	4668384.5	5062016.5	5125705.5	5522785.76666667	6807033	0.0134140874028347	0.914835444901157	0.012610085844334	N-octadecanoylglycinate_[513_359.33_1.9]	N-octadecanoylglycinate	Stearoylglycine	[M + H3N + H]+	21	Fatty acids	Fatty amides	N-acyl ethanolamines (endocannabinoids)	0.999	0.993	0.935
raw	class	N-acyl ethanolamines (endocannabinoids)	NPC class: N-acyl ethanolamines (endocannabinoids)	468	Untreated	PS	922013.033333334	922013.033333334	3327042.35555556	3163796.2	3352967.7	3163796.2	2853073.16666667	2538492.5	3775086.2	4676721.5	0.0124027353109794	0.927238180212136	0.00832955706679847	NA_[468_355.33_1.8]	NA	(9Z,12Z)-N-(2-hydroxyethyl)nonadeca-9,12-dienamide	[M + H3N + H]+	102	Fatty acids	Fatty amides	N-acyl ethanolamines (endocannabinoids)	1	1	0.999
raw	class	N-acyl ethanolamines (endocannabinoids)	NPC class: N-acyl ethanolamines (endocannabinoids)	286	PET	PS	894117.666666666	894117.666666666	15397129.5555556	14794708	15829117	14794708	14934999.3333333	14954170	15427272.3333333	13600262	0.012027492405878	0.939265672618014	0.0385481324227006	palmitoleoyl ethanolamide_[286_315.3_1.2]	palmitoleoyl ethanolamide	N-(2-hydroxyethyl)hexadec-9-enamide	[M + H3N + H]+	-1	Fatty acids	Fatty amides	N-acyl ethanolamines (endocannabinoids)	1	0.987	0.887
raw	class	N-acyl ethanolamines (endocannabinoids)	NPC class: N-acyl ethanolamines (endocannabinoids)	573	PS	PET	803096.333333333	803096.333333333	4756262.5	4758995	4455792.5	4336422	5258888.83333333	5294249.5	4554106.16666667	5556169	0.0108030915957241	0.950068764213738	0.0119077413764419	linoleoyl ethanolamide_[573_341.32_2.3]	linoleoyl ethanolamide	N-(2-hydroxyethyl)octadeca-9,12-dienamide	[M + H3N + H]+	102	Fatty acids	Fatty amides	N-acyl ethanolamines (endocannabinoids)	1	0.997	0.869
raw	class	N-acyl ethanolamines (endocannabinoids)	NPC class: N-acyl ethanolamines (endocannabinoids)	691	PET	Untreated	712611.8	712611.8	1524084.85555556	1469472.4	1878351.66666667	1872630	1528163.03333333	1362524.5	1165739.86666667	1013873.6	0.00958591171203683	0.959654675925775	0.00381568685405975	NA_[691_523.46_2.7]	NA	N-[3-[3-(cyclopentanecarbonylamino)propyl-dodecanoylamino]propyl]cyclopentanecarboxamide	[M + H3N + H]+	-1	Fatty acids	Fatty amides	N-acyl ethanolamines (endocannabinoids)	0.999	0.911	0.736
raw	class	N-acyl ethanolamines (endocannabinoids)	NPC class: N-acyl ethanolamines (endocannabinoids)	1253	Untreated	PS	507609.966666667	507609.966666667	2957212.98888889	2983334.2	3039243.26666667	3025865.8	2662392.86666667	2731912.8	3170002.83333333	3141783.5	0.00682826796387125	0.966482943889647	0.00740365517394038	NA_[1253_455.46_4.6]	NA	N-tetradecanoyltetradecanamide	[M + H3N + H]+	57	Fatty acids	Fatty amides	N-acyl ethanolamines (endocannabinoids)	0.996	0.958	0.929
raw	class	N-acyl ethanolamines (endocannabinoids)	NPC class: N-acyl ethanolamines (endocannabinoids)	1550	Untreated	PET	462197	462197	3884678.73333333	4504391	3618473.7	4846756.5	3954891.8	4178967.2	4080670.7	5587994.5	0.00621738179969556	0.972700325689342	0.00972565111515548	N-(docosanoyl)ethanolamine_[1550_366.37_5.8]	N-(docosanoyl)ethanolamine	N-(2-Hydroxyethyl)docosanamide	[M - H2O + H]+	24	Fatty acids	Fatty amides	N-acyl ethanolamines (endocannabinoids)	0.997	0.966	0.822
raw	class	N-acyl ethanolamines (endocannabinoids)	NPC class: N-acyl ethanolamines (endocannabinoids)	1412	PET	Untreated	459535.966666667	459535.966666667	1464347.03333333	1324192	1764970.83333333	1695573.9	1322635.4	1324192	1305434.86666667	1013873.6	0.00618158611037899	0.978881911799721	0.00366612771231471	NA_[1412_424.41_5.2]	NA	NA	[M - H2O + H]+	20	Fatty acids	Fatty amides	N-acyl ethanolamines (endocannabinoids)	0.999	0.984	0.734
raw	class	N-acyl ethanolamines (endocannabinoids)	NPC class: N-acyl ethanolamines (endocannabinoids)	2406	PET	PS	458698.533333333	458698.533333333	1244279.68888889	1013873.6	1472572.13333333	1415687.8	1013873.6	1013873.6	1246393.33333333	1252335.5	0.00617032112431217	0.985052232924033	0.00311516884008157	NA_[2406_579.58_8]	NA	1-[6-(2-Oxohexadecyl)piperidin-2-yl]hexadecan-2-one	[M + H3N + H]+	57	Fatty acids	Fatty amides	N-acyl ethanolamines (endocannabinoids)	0.999	0.989	0.885
raw	class	N-acyl ethanolamines (endocannabinoids)	NPC class: N-acyl ethanolamines (endocannabinoids)	638	PS	Untreated	318160.8	318160.8	1270868.55555556	1131907.6	1368817.26666667	1131907.6	1380974.6	1398081.1	1062813.8	1013873.6	0.00427983558373719	0.98933206850777	0.0031817365174878	NA_[638_395.36_2.5]	NA	8'-methyl-5-[(methylamino)methyl]-3-pentylspiro[cyclopentane-1,4'-tricyclo[6.3.1.0²,⁵]dodecane]-1',6'-diol	[M + H3N + H]+	18	Fatty acids	Fatty amides	N-acyl ethanolamines (endocannabinoids)	0.989	0.896	0.773
raw	class	N-acyl ethanolamines (endocannabinoids)	NPC class: N-acyl ethanolamines (endocannabinoids)	1557	PS	PET	306174.1	306174.1	1115931.63333333	1013873.6	1013873.6	1013873.6	1320047.7	1013873.6	1013873.6	1013873.6	0.00411859288761755	0.993450661395388	0.00279383765793492	NA_[1557_421.38_5.9]	NA	N-(5Z,8Z,11Z,14Z-tetracosatetraenoyl)-ethanolamine	[M + H3N + H]+	70	Fatty acids	Fatty amides	N-acyl ethanolamines (endocannabinoids)	1	0.995	0.921
raw	class	N-acyl ethanolamines (endocannabinoids)	NPC class: N-acyl ethanolamines (endocannabinoids)	1580	PS	PET	269744.633333333	269744.633333333	1103788.47777778	1013873.6	1013873.6	1013873.6	1283618.23333333	1013873.6	1013873.6	1013873.6	0.00362855097253383	0.997079212367922	0.0027634361492189	NA_[1580_421.38_5.9]	NA	N-(5Z,8Z,11Z,14Z-tetracosatetraenoyl)-ethanolamine	[M + H3N + H]+	70	Fatty acids	Fatty amides	N-acyl ethanolamines (endocannabinoids)	1	0.993	0.868
raw	class	N-acyl ethanolamines (endocannabinoids)	NPC class: N-acyl ethanolamines (endocannabinoids)	566	PET	PS	217129.866666667	217129.866666667	1555545.18888889	1530624.2	1627982.6	1532500.8	1410852.73333333	1486273.9	1627800.23333333	1781209.2	0.00292078763207822	1	0.00389445069708775	NA_[566_483.49_2.2]	NA	Amphiphile, XVI	[M + H]+	-1	Fatty acids	Fatty amides	N-acyl ethanolamines (endocannabinoids)	1	0.996	0.931
raw	class	N-acyl ethanolamines (endocannabinoids)	NPC class: N-acyl ethanolamines (endocannabinoids)	3300	PET	PET	0	0	1013873.6	1013873.6	1013873.6	1013873.6	1013873.6	1013873.6	1013873.6	1013873.6	0	1	0.00253832596859448	NA_[3300_424.45_10.7]	NA	2-[2-Hydroxyethyl(tetracosyl)amino]ethanol	[M - H2O + H]+	92	Fatty acids	Fatty amides	N-acyl ethanolamines (endocannabinoids)	1	0.996	0.724
raw	class	N-acyl ethanolamines (endocannabinoids)	NPC class: N-acyl ethanolamines (endocannabinoids)	897	PET	PET	0	0	1013873.6	1013873.6	1013873.6	1013873.6	1013873.6	1013873.6	1013873.6	1013873.6	0	1	0.00253832596859448	NA_[897_348.29_3.4]	NA	(E)-N-(2-Hydroxyethyl)-6-octadeceneamide	[M + Na]+	-1	Fatty acids	Fatty amides	N-acyl ethanolamines (endocannabinoids)	1	0.983	0.827
raw	class	Neutral glycosphingolipids	NPC class: Neutral glycosphingolipids	2572	PET	Untreated	7200906.66666666	7200906.66666666	45941853.7777778	45783140	48497788	45783140	48030892	48291400	41296881.3333333	39670656	0.219331182339653	0.219331182339653	0.280737667305679	beta-D-galactosyl-N-(tetracosanoyl)sphingosine_[2572_828.69_8.5]	beta-D-galactosyl-N-(tetracosanoyl)sphingosine	Beta-Galcer	[M + O + H]+	56	Fatty acids	Spingolipids	Neutral glycosphingolipids	1	1	1
raw	class	Neutral glycosphingolipids	NPC class: Neutral glycosphingolipids	1641	PET	Untreated	5812583	5812583	13704497.2222222	13507374	17459436	16176200	12007202.6666667	13047514	11646853	10969688	0.177044469655307	0.39637565199496	0.0837443042758717	HexCer(d18:1/16:0)_[1641_700.57_6.1]	HexCer(d18:1/16:0)	Beta-D-Glucosyl-N-Hexadecanoylsphingosine	[M + H]+	56	Fatty acids	Spingolipids	Neutral glycosphingolipids	1	1	1
raw	class	Neutral glycosphingolipids	NPC class: Neutral glycosphingolipids	2571	PET	Untreated	2882204.33333333	2882204.33333333	16362837.2222222	15727357	17468580.3333333	15727357	17033555.3333333	16313144	14586376	14932067	0.0877885679453056	0.484164219940265	0.0999886677296243	beta-D-glucosyl-N-[(15Z)-tetracosenoyl]sphingosine_[2571_810.68_8.5]	beta-D-glucosyl-N-[(15Z)-tetracosenoyl]sphingosine	Beta-D-Galactosyl-N-[(15Z)-Tetracosenoyl]Sphingosine	[M + H]+	56	Fatty acids	Spingolipids	Neutral glycosphingolipids	1	1	1
raw	class	Neutral glycosphingolipids	NPC class: Neutral glycosphingolipids	2040	Untreated	PET	2030441.83333333	2030441.83333333	6958662.88888889	6455178	5735442.66666667	5668419	7374661.5	7412829	7765884.5	8051262.5	0.0618448799008031	0.546009099841068	0.0425224196751549	Termitomycesphin A_[2040_726.54_7.1]	Termitomycesphin A	Termitomycesphin A	[M - H2O + H]+	48	Fatty acids	Spingolipids	Neutral glycosphingolipids	0.994	0.986	0.812
raw	class	Neutral glycosphingolipids	NPC class: Neutral glycosphingolipids	1646	PET	Untreated	1962865.56666667	1962865.56666667	5530526.14444444	5555677.5	6680962.66666667	6857385.5	5192518.66666667	5555677.5	4718097.1	4844795.5	0.0597865859730801	0.605795685814149	0.0337954801796748	HexCer(d18:1/16:0)_[1646_722.55_6.1]	HexCer(d18:1/16:0)	Beta-D-Glucosyl-N-Hexadecanoylsphingosine	[M + Na]+	-1	Fatty acids	Spingolipids	Neutral glycosphingolipids	0.986	0.999	0.999
raw	class	Neutral glycosphingolipids	NPC class: Neutral glycosphingolipids	3356	PS	PET	1765880.96666667	1765880.96666667	2283902.56666667	1933735.2	1548755.06666667	1548038.6	3314636.03333333	3689438.5	1988316.6	1933735.2	0.0537866657934865	0.659582351607635	0.0139562822610696	N-(2-hydroxytricosanoyl)-D-galactosylsphingosine_[3356_796.67_11]	N-(2-hydroxytricosanoyl)-D-galactosylsphingosine	NA	[M - H2O + H]+	318	Fatty acids	Spingolipids	Neutral glycosphingolipids	1	1	0.986
raw	class	Neutral glycosphingolipids	NPC class: Neutral glycosphingolipids	2648	PET	Untreated	1497618.33333333	1497618.33333333	10412732	10364341	11366993.3333333	11296236	10001827.6666667	9985781	9869375	9335580	0.0456157002095394	0.705198051817175	0.0636292585427448	beta-D-galactosyl-N-(tetracosanoyl)sphingosine_[2648_812.7_8.7]	beta-D-galactosyl-N-(tetracosanoyl)sphingosine	Beta-Galcer	[M + H]+	56	Fatty acids	Spingolipids	Neutral glycosphingolipids	1	1	1
raw	class	Neutral glycosphingolipids	NPC class: Neutral glycosphingolipids	2476	PET	Untreated	1263648.5	1263648.5	4154436.1	3947803	4922043.4	4841484	3882870	3947803	3658394.9	3821363.5	0.038489253144983	0.743687304962158	0.0253865833391479	beta-D-glucosyl-N-[(15Z)-tetracosenoyl]sphingosine_[2476_810.68_8.3]	beta-D-glucosyl-N-[(15Z)-tetracosenoyl]sphingosine	Beta-D-Galactosyl-N-[(15Z)-Tetracosenoyl]Sphingosine	[M + H]+	56	Fatty acids	Spingolipids	Neutral glycosphingolipids	1	1	1
raw	class	Neutral glycosphingolipids	NPC class: Neutral glycosphingolipids	1644	PET	Untreated	933940.866666667	933940.866666667	2389656.95555556	2531623.5	2979846.23333333	2790310	2143219.26666667	2124723	2045905.36666667	2063068.1	0.0284467448341672	0.772134049796325	0.0146025174040312	HexCer(d18:1/16:0)_[1644_682.56_6.1]	HexCer(d18:1/16:0)	Beta-D-Glucosyl-N-Hexadecanoylsphingosine	[M - H2O + H]+	56	Fatty acids	Spingolipids	Neutral glycosphingolipids	1	1	1
raw	class	Neutral glycosphingolipids	NPC class: Neutral glycosphingolipids	1462	Untreated	PS	702194.666666667	702194.666666667	5151825	4863238	4936765.66666667	4747065.5	4908257.33333333	4863238	5610452	5497598	0.0213880270363082	0.793522076832633	0.0314813446549836	NA_[1462_706.58_5.5]	NA	2-[(2S,3S,4R)-3,4-dihydroxy-2-(tricosoxymethylamino)nonoxy]-6-(hydroxymethyl)oxane-3,4,5-triol	[M + H]+	-1	Fatty acids	Spingolipids	Neutral glycosphingolipids	0.992	0.996	0.973
raw	class	Neutral glycosphingolipids	NPC class: Neutral glycosphingolipids	1802	PET	Untreated	696344.5	696344.5	7328418.72222222	7382612	7578494.16666667	7378777.5	7524612.33333333	7382612	6882149.66666667	7954151.5	0.0212098378121895	0.814731914644822	0.0447818929350884	NA_[1802_670.47_6.5]	NA	NA	[M - H2O + H]+	327	Fatty acids	Spingolipids	Neutral glycosphingolipids	0.963	0.905	0.847
raw	class	Neutral glycosphingolipids	NPC class: Neutral glycosphingolipids	2461	PS	Untreated	667052.566666667	667052.566666667	2562061.04444444	2815372	2699273.76666667	2815372	2826980.96666667	2924791.5	2159928.4	2255405.8	0.0203176398337385	0.835049554478561	0.0156560300024288	NA_[2461_836.66_8.2]	NA	NA	[M + H]+	45	Fatty acids	Spingolipids	Neutral glycosphingolipids	0.999	1	0.997
raw	class	Neutral glycosphingolipids	NPC class: Neutral glycosphingolipids	3166	Untreated	PS	601590.666666667	601590.666666667	4433698.98888889	4457831	4626177.16666667	4500460	4036664.56666667	4193889.5	4638255.23333333	4521599	0.018323747038035	0.853373301516596	0.0270930798242687	NA_[3166_879.74_10.1]	NA	(Z)-N-[(4E,8E,12E)-3-hydroxy-1-[3,4,5-trihydroxy-6-(hydroxymethyl)oxan-2-yl]oxytriaconta-4,8,12-trien-2-yl]hexadec-7-enamide	[M + H3N + H]+	-1	Fatty acids	Spingolipids	Neutral glycosphingolipids	1	1	0.998
raw	class	Neutral glycosphingolipids	NPC class: Neutral glycosphingolipids	2357	PS	Untreated	592627.266666666	592627.266666666	4505087.88888889	4314079.5	4699588.73333333	4314079.5	4704151.1	4596805	4111523.83333333	4097598	0.0180507323732451	0.871424033889841	0.0275293171897538	NA_[2357_800.66_7.9]	NA	NA	[M + O + H]+	56	Fatty acids	Spingolipids	Neutral glycosphingolipids	1	1	1
raw	class	Neutral glycosphingolipids	NPC class: Neutral glycosphingolipids	2426	PET	Untreated	591604.733333333	591604.733333333	2659025.15555556	2676007.5	3011440.33333333	3134994	2545799.53333333	2607195.8	2419835.6	2310563.5	0.0180195872056484	0.889443621095489	0.0162485502454598	beta-D-glucosyl-N-[(15Z)-tetracosenoyl]sphingosine_[2426_826.68_8]	beta-D-glucosyl-N-[(15Z)-tetracosenoyl]sphingosine	Beta-D-Galactosyl-N-[(15Z)-Tetracosenoyl]Sphingosine	[M + O + H]+	56	Fatty acids	Spingolipids	Neutral glycosphingolipids	1	1	1
raw	class	Neutral glycosphingolipids	NPC class: Neutral glycosphingolipids	2573	PET	Untreated	536478	536478	9135299.11111111	8768522	9353882.66666667	8741315	9234610	9554303	8817404.66666667	8768522	0.016340491480593	0.905784112576082	0.0558232276607326	NA_[2573_850.67_8.5]	NA	2-hydroxy-N-(3-hydroxy-1-{[3,4,5-trihydroxy-6-(hydroxymethyl)oxan-2-yl]oxy}octadeca-4,8,10-trien-2-yl)hexacos-17-enimidic acid	[M + H]+	-1	Fatty acids	Spingolipids	Neutral glycosphingolipids	0.968	0.986	0.97
raw	class	Neutral glycosphingolipids	NPC class: Neutral glycosphingolipids	2391	PET	Untreated	523810.933333333	523810.933333333	2953171.37777778	2894616.2	3226534	2901528.5	2930257.06666667	2987354.2	2702723.06666667	2625186.5	0.0159546674673981	0.921738780043481	0.0180459945687314	beta-D-glucosyl-N-[(15Z)-tetracosenoyl]sphingosine_[2391_826.68_8]	beta-D-glucosyl-N-[(15Z)-tetracosenoyl]sphingosine	Beta-D-Galactosyl-N-[(15Z)-Tetracosenoyl]Sphingosine	[M + O + H]+	56	Fatty acids	Spingolipids	Neutral glycosphingolipids	1	1	1
raw	class	Neutral glycosphingolipids	NPC class: Neutral glycosphingolipids	2473	PET	PS	512556.933333333	512556.933333333	2546846.17777778	2543412.2	2882621.43333333	2760100.5	2370064.5	2373667	2387852.6	2543412.2	0.0156118838096851	0.937350663853166	0.0155630562578989	beta-D-glucosyl-N-[(15Z)-tetracosenoyl]sphingosine_[2473_832.66_8.2]	beta-D-glucosyl-N-[(15Z)-tetracosenoyl]sphingosine	Beta-D-Galactosyl-N-[(15Z)-Tetracosenoyl]Sphingosine	[M + Na]+	-1	Fatty acids	Spingolipids	Neutral glycosphingolipids	1	1	1
raw	class	Neutral glycosphingolipids	NPC class: Neutral glycosphingolipids	2647	PET	Untreated	498219.233333333	498219.233333333	1513828.81111111	1644148.9	1754843.96666667	1714144.4	1530017.73333333	1598545.4	1256624.73333333	1013873.6	0.0151751742620404	0.952525838115206	0.00925057946479799	beta-D-galactosyl-N-(tetracosanoyl)sphingosine_[2647_794.69_8.7]	beta-D-galactosyl-N-(tetracosanoyl)sphingosine	Beta-Galcer	[M - H2O + H]+	56	Fatty acids	Spingolipids	Neutral glycosphingolipids	1	1	1
raw	class	Neutral glycosphingolipids	NPC class: Neutral glycosphingolipids	1651	PET	PS	423587.833333333	423587.833333333	1279569.7	1013873.6	1437461.43333333	1609898.9	1013873.6	1013873.6	1387374.06666667	1013873.6	0.0129019892369607	0.965427827352167	0.00781908833001391	NA_[1651_706.59_6.1]	NA	3,4-dihydroxy-N-(1,3,6-trihydroxynonacos-4-en-2-yl)dodecanamide	[M + Na]+	5	Fatty acids	Spingolipids	Neutral glycosphingolipids	1	0.999	0.897
raw	class	Neutral glycosphingolipids	NPC class: Neutral glycosphingolipids	2649	PET	Untreated	377575.566666667	377575.566666667	2474703.94444444	2482824.2	2670638.63333333	2555682.2	2460410.13333333	2479679	2293063.06666667	2461488.5	0.0115005094904111	0.976928336842578	0.0151222154856003	NA_[2649_834.68_8.7]	NA	NA	[M + Na]+	-1	Fatty acids	Spingolipids	Neutral glycosphingolipids	0.994	0.994	0.977
raw	class	Neutral glycosphingolipids	NPC class: Neutral glycosphingolipids	1625	Untreated	PET	321084.533333333	321084.533333333	2858726.22222222	2689606.8	2713398.4	2663395.5	2828297.33333333	2689606.8	3034482.93333333	3157541.8	0.00977985878541808	0.986708195627996	0.0174688669502588	NA_[1625_909.55_6.1]	NA	3beta-[2-O,3-O,4-O-Triacetyl-6-[[(benzyloxy)carbonyl]amino]-6-deoxy-beta-D-glucopyranosyloxy]olean-1-en-28-oic acid methyl ester	[M + H3N + H]+	424	Fatty acids	Spingolipids	Neutral glycosphingolipids	0.975	0.962	0.938
raw	class	Neutral glycosphingolipids	NPC class: Neutral glycosphingolipids	2659	PS	Untreated	320490.3	320490.3	2411423.83333333	2392254.2	2444045.8	2213101.8	2555358	2526541	2234867.7	2392254.2	0.00976175913413542	0.996469954762131	0.0147355286343011	NA_[2659_842.71_8.8]	NA	N-(3-hydroxy-1-{[3,4,5-trihydroxy-6-(hydroxymethyl)oxan-2-yl]oxy}octadec-4-en-2-yl)pentacosanamide	[M + O + H]+	56	Fatty acids	Spingolipids	Neutral glycosphingolipids	1	1	1
raw	class	Neutral glycosphingolipids	NPC class: Neutral glycosphingolipids	2455	PET	PS	115895.633333333	115895.633333333	1052505.47777778	1013873.6	1129769.23333333	1013873.6	1013873.6	1013873.6	1013873.6	1013873.6	0.0035300452378686	1	0.00643156312514116	NA_[2455_784.67_8.2]	NA	NA	[M + H]+	56	Fatty acids	Spingolipids	Neutral glycosphingolipids	1	1	1
raw	class	Neutral glycosphingolipids	NPC class: Neutral glycosphingolipids	2454	PET	PET	0	0	1013873.6	1013873.6	1013873.6	1013873.6	1013873.6	1013873.6	1013873.6	1013873.6	0	1	0.00619549465251419	NA_[2454_806.65_8.2]	NA	NA	[M + Na]+	-1	Fatty acids	Spingolipids	Neutral glycosphingolipids	0.999	0.982	0.962
raw	class	Neutral glycosphingolipids	NPC class: Neutral glycosphingolipids	2475	PET	PET	0	0	1013873.6	1013873.6	1013873.6	1013873.6	1013873.6	1013873.6	1013873.6	1013873.6	0	1	0.00619549465251419	beta-D-glucosyl-N-[(15Z)-tetracosenoyl]sphingosine_[2475_792.67_8.3]	beta-D-glucosyl-N-[(15Z)-tetracosenoyl]sphingosine	Beta-D-Galactosyl-N-[(15Z)-Tetracosenoyl]Sphingosine	[M - H2O + H]+	56	Fatty acids	Spingolipids	Neutral glycosphingolipids	1	1	1
raw	class	Neutral glycosphingolipids	NPC class: Neutral glycosphingolipids	2551	PET	PET	0	0	1013873.6	1013873.6	1013873.6	1013873.6	1013873.6	1013873.6	1013873.6	1013873.6	0	1	0.00619549465251419	N-tricosanoyl-D-galactosylsphingosine_[2551_798.68_8.5]	N-tricosanoyl-D-galactosylsphingosine	Beta-D-Galactosyl-N-(Tricosanoyl)Sphingosine	[M + H]+	56	Fatty acids	Spingolipids	Neutral glycosphingolipids	1	1	1
raw	class	Nitro fatty acids	NPC class: Nitro fatty acids	538	PET	Untreated	37095638	37095638	25595255.3888889	10415086	47146528.3333333	63003136	19588347.5	6954673	10050890.3333333	10415086	0.389381211815043	0.389381211815043	0.0957983144613722	NA_[538_352.25_2]	NA	NA	[M + Na]+	211	Fatty acids	Fatty Acids and Conjugates	Nitro fatty acids	0.999	0.855	0.993
raw	class	Nitro fatty acids	NPC class: Nitro fatty acids	148	PS	Untreated	16536175.3333333	16536175.3333333	36632228.2222222	31835690	34982142.6666667	30306450	45725358.6666667	44937800	29189183.3333333	31835690	0.173575016827567	0.56295622864261	0.137107665672155	NA_[148_330.26_0.7]	NA	(E)-11-nitrooctadec-11-en-5-ol	[M + O + H]+	310	Fatty acids	Fatty Acids and Conjugates	Nitro fatty acids	0.999	0.795	0.965
raw	class	Nitro fatty acids	NPC class: Nitro fatty acids	185	PS	Untreated	12172430	12172430	51136473.1111111	55638516	52340904	47747750	56620472.6666667	55638516	44448042.6666667	56178400	0.127770158424928	0.690726387067538	0.19139437591509	N-[(9Z)-hexadecenoyl]glycinate_[185_328.25_0.9]	N-[(9Z)-hexadecenoyl]glycinate	Palmitoleoylglycine	[M + O + H]+	509	Fatty acids	Fatty Acids and Conjugates	Nitro fatty acids	1	0.995	0.998
raw	class	Nitro fatty acids	NPC class: Nitro fatty acids	576	PET	Untreated	8211665.4	8211665.4	5330920.68888889	1634941.1	9822029.86666667	12068542	4560367.73333333	1175099.6	1610364.46666667	1634941.1	0.0861952616766332	0.776921648744171	0.019952651722495	Putative (3-hydroxyoctadecanoyl)glycine_[576_375.32_2.3]	Putative (3-hydroxyoctadecanoyl)glycine	PDEJWCOMIACOMR	[M + H3N + H]+	108	Fatty acids	Fatty Acids and Conjugates	Nitro fatty acids	0.998	0.756	0.95
raw	class	Nitro fatty acids	NPC class: Nitro fatty acids	141	PS	Untreated	4311445.66666667	4311445.66666667	14227648.8888889	14147886	14534031	13485725	16230180.6666667	17449096	11918735	14147886	0.0452558852973867	0.822177534041558	0.0532514624915778	NA_[141_326.23_0.7]	NA	2-[[(E)-2-oxohexadec-5-enylidene]amino]acetic acid	[M + O + H]+	-1	Fatty acids	Fatty Acids and Conjugates	Nitro fatty acids	0.99	0.674	0.825
raw	class	Nitro fatty acids	NPC class: Nitro fatty acids	172	PET	Untreated	3485136	3485136	26916305.7777778	25963946	28290894.6666667	29451878	27652264	25963946	24805758.6666667	22369788	0.0365823733512881	0.858759907392846	0.100742762119786	(9E)-10-nitrooctadecenoic acid_[172_350.23_0.9]	(9E)-10-nitrooctadecenoic acid	(Z)-10-nitrooctadec-9-enoate	[M + Na]+	659	Fatty acids	Fatty Acids and Conjugates	Nitro fatty acids	0.98	0.224	0.882
raw	class	Nitro fatty acids	NPC class: Nitro fatty acids	187	PET	PS	3453392	3453392	27223766.6666667	27648380	28733973.3333333	30309070	25280581.3333333	27433066	27656745.3333333	29548568	0.0362491665956082	0.895009073988454	0.101893531450696	NA_[187_373.31_0.9]	NA	12-Nitroicos-11-enoic acid	[M + H3N + H]+	-1	Fatty acids	Fatty Acids and Conjugates	Nitro fatty acids	0.999	0.292	0.752
raw	class	Nitro fatty acids	NPC class: Nitro fatty acids	264	PS	Untreated	3343956.33333333	3343956.33333333	19649253.6666667	21623432	19393781.3333333	18390528	21448968	22855592	18105011.6666667	21623432	0.0351004549195223	0.930109528907977	0.0735435280129205	NA_[264_336.25_1.1]	NA	2-Tridecyl-2-oxazoline-4,4-dimethanol	[M + Na]+	-1	Fatty acids	Fatty Acids and Conjugates	Nitro fatty acids	0.997	0.674	0.925
raw	class	Nitro fatty acids	NPC class: Nitro fatty acids	95	PET	Untreated	2002853.66666667	2002853.66666667	18681151.7777778	18158342	19489297	21410252	19067715	18158342	17486443.3333333	16919304	0.0210233232223926	0.951132852130369	0.0699201014139936	NA_[95_352.25_0.7]	NA	NA	[M + Na]+	-1	Fatty acids	Fatty Acids and Conjugates	Nitro fatty acids	0.998	0.494	0.942
raw	class	Nitro fatty acids	NPC class: Nitro fatty acids	262	PS	Untreated	1458749.83333333	1458749.83333333	13375141.6111111	13992618	13603512.6666667	14311949	13990331	13701882	12531581.1666667	13992618	0.0153120368987406	0.96644488902911	0.0500606851761611	NA_[262_359.33_1.1]	NA	O-oleoyl-N-(2-hydroxyethyl)hydroxylamine	[M + H3N + H]+	-1	Fatty acids	Fatty Acids and Conjugates	Nitro fatty acids	1	0.887	0.893
raw	class	Nitro fatty acids	NPC class: Nitro fatty acids	658	PET	Untreated	1392382.76666667	1392382.76666667	1661435.47777778	1013873.6	2406256.36666667	2792145.5	1564176.46666667	1013873.6	1013873.6	1013873.6	0.0146154027326622	0.981060291761772	0.00621844619009075	Putative (3-hydroxyoctadecanoyl)glycine_[658_375.32_2.5]	Putative (3-hydroxyoctadecanoyl)glycine	PDEJWCOMIACOMR	[M + H3N + H]+	108	Fatty acids	Fatty Acids and Conjugates	Nitro fatty acids	0.999	0.721	0.868
raw	class	Nitro fatty acids	NPC class: Nitro fatty acids	477	PET	PS	850387.166666667	850387.166666667	8694962.55555556	9167238	9155701.5	9444258	8305314.33333333	7704451.5	8623871.83333333	9167238	0.00892624586935605	0.989986537631128	0.0325436392202816	NA_[477_336.25_1.9]	NA	2-Tridecyl-2-oxazoline-4,4-dimethanol	[M + Na]+	31	Fatty acids	Fatty amides	Nitro fatty acids	1	0.659	0.797
raw	class	Nitro fatty acids	NPC class: Nitro fatty acids	544	Untreated	PS	663817.666666666	663817.666666666	8961175.44444444	8958211	8945351.66666667	8901924	8637178.5	8958211	9300996.16666667	9996762	0.00696788467341903	0.996954422304547	0.033540024904111	N-hexadecanoylglycinate_[544_336.25_2.1]	N-hexadecanoylglycinate	Elmiric Acid	[M + Na]+	31	Fatty acids	Fatty Acids and Conjugates	Nitro fatty acids	0.999	0.767	0.843
raw	class	Nitro fatty acids	NPC class: Nitro fatty acids	575	Untreated	PET	175493.966666666	175493.966666666	3521359.88888889	3580585.8	3454049.1	3408342.5	3480487.5	3580585.8	3629543.06666667	4192499.5	0.00184210481585181	0.998796527120399	0.0131797998043764	NA_[575_359.33_2.3]	NA	12-hydroxy-N-(2-hydroxyethyl)octadec-9-enamide	[M + H3N + H]+	631	Fatty acids	Fatty amides	Nitro fatty acids	1	0.837	0.738
raw	class	Nitro fatty acids	NPC class: Nitro fatty acids	595	Untreated	PS	114652.666666667	114652.666666667	5571477.5	5485810	5603519.16666667	5485810	5498130.33333333	5318311	5612783	6584636.5	0.00120347287960091	1	0.020853011444893	NA_[595_336.25_2.3]	NA	9-nonanamidononanoic acid	[M + Na]+	31	Fatty acids	Fatty Acids and Conjugates	Nitro fatty acids	1	0.923	0.843
raw	class	Open-chain polyketides	NPC class: Open-chain polyketides	1939	PS	PET	13713259.4666667	13713259.4666667	6669033.57777778	1013873.6	1013873.6	1013873.6	14727133.0666667	1013873.6	4266094.06666667	1013873.6	0.296213589010267	0.296213589010267	0.0521475845038056	NA_[1939_530.35_6.8]	NA	ethyl 2-{7-[2-(3-hydroxyoct-1-en-1-yl)-5-oxocyclopentyl]heptanamido}-3-(4-hydroxyphenyl)propanoate	[M + H]+	4	Polyketides	Macrolides	Open-chain polyketides	0.818	0.819	0.713
raw	class	Open-chain polyketides	NPC class: Open-chain polyketides	2517	PS	PET	12335958.6666667	12335958.6666667	29946201.1111111	25582832	25593866.6666667	25582832	37929825.3333333	45288500	26314911.3333333	25003804	0.266463170146948	0.562676759157216	0.234160172504331	D-galactosyl-N-hexadecanoylsphinganine_[2517_740.55_8.4]	D-galactosyl-N-hexadecanoylsphinganine	Beta-D-Galactosyl-(1<->1')-N-Hexadecanoylsphinganine	[M + K]+	380	Polyketides	Linear polyketides	Open-chain polyketides	0.875	0.937	0.8
raw	class	Open-chain polyketides	NPC class: Open-chain polyketides	2291	PET	Untreated	9789622	9789622	54772295.5555556	53830210	58562602	54368676	56981304.6666667	53830210	48772980	49206310	0.211460964092641	0.774137723249857	0.428284379983957	NA_[2291_762.6_7.7]	NA	methyl 4-hydroxy-1-[2-(4-hydroxyphenyl)ethyl]-5-(2-oxooctadecylidene)-2-pentadecylpyrrolidine-3-carboxylate	[M + Na]+	300	Alkaloids	Linear polyketides	Open-chain polyketides	0.278	0.749	0.759
raw	class	Open-chain polyketides	NPC class: Open-chain polyketides	587	Untreated	PS	4661204	4661204	25416736.2222222	24972100	25053183.3333333	24014384	23267910.6666667	24105600	27929114.6666667	29386262	0.100684448456996	0.874822171706853	0.198742649066241	NA_[587_565.41_2.3]	NA	NA	[M + Na]+	-1	Polyketides	Linear polyketides	Open-chain polyketides	0.865	0.824	0.809
raw	class	Open-chain polyketides	NPC class: Open-chain polyketides	251	PS	Untreated	2752921.73333333	2752921.73333333	4635683.28888889	3756647.2	4257451.93333333	3602859	6201259.83333333	5930382	3448338.1	3756647.2	0.0594645517265377	0.934286723433391	0.0362480835072904	Sarcoursodeoxycholic acid_[251_481.36_1.1]	Sarcoursodeoxycholic acid	YZYBIGOLMMAZFK	[M + H3N + H]+	509	Polyketides	Linear polyketides	Open-chain polyketides	0.46	0.87	0.781
raw	class	Open-chain polyketides	NPC class: Open-chain polyketides	746	PS	Untreated	2440573.56666667	2440573.56666667	5118698.67777778	4100123.5	4672905.93333333	3743875.5	6561881.83333333	6320161.5	4121308.26666667	4100123.5	0.0527176676838339	0.987004391117225	0.0400249554505735	NA_[746_641.51_2.9]	NA	Cer(d16:1/6 keto-PGF1alpha)	[M + H3N + H]+	131	Polyketides	Linear polyketides	Open-chain polyketides	0.782	0.911	0.843
raw	class	Open-chain polyketides	NPC class: Open-chain polyketides	1080	PS	Untreated	601633.966666667	601633.966666667	1329031.14444444	1013873.6	1205355.06666667	1013873.6	1691686.16666667	1809292.1	1090052.2	1013873.6	0.0129956088827754	1	0.0103921749838003	NA_[1080_467.38_4]	NA	(Z)-N-[(4E,8E,12E)-1,3-dihydroxypentadeca-4,8,12-trien-2-yl]-3-hydroxydodec-5-enamide	[M + H3N + H]+	70	Fatty acids	Linear polyketides	Open-chain polyketides	0.377	0.69	0.828
raw	class	Other Octadecanoids	NPC class: Other Octadecanoids	173	PS	Untreated	51580783.3333333	51580783.3333333	157110840	153957260	157742690	142259230	182585306.666667	198030640	131004523.333333	153957260	0.252044442579301	0.252044442579301	0.192808984643503	NA_[173_294.24_0.8]	NA	9,13-Octadecadiynoic acid	[M + H3N + H]+	90	Fatty acids	Octadecanoids	Other Octadecanoids	0.998	0.63	0.763
raw	class	Other Octadecanoids	NPC class: Other Octadecanoids	170	PS	Untreated	36493842.6666667	36493842.6666667	109089671.111111	107077656	109321282.666667	99345064	127220786.666667	132275080	90726944	107077656	0.17832358560853	0.430368028187831	0.133876623166339	NA_[170_312.25_0.8]	NA	9-Oxo-11,13-octadecadienoic acid	[M + H3N + H]+	336	Fatty acids	Octadecanoids	Other Octadecanoids	0.993	0.946	0.972
raw	class	Other Octadecanoids	NPC class: Other Octadecanoids	214	PS	Untreated	22974261.3333333	22974261.3333333	57900184	58181732	56292746.6666667	51532870	70191033.3333333	74689400	47216772	58181732	0.112261476410909	0.54262950459874	0.0710560499053534	NA_[214_314.27_1]	NA	15-Hydroxy-9Z,15Z-octadecadienoic acid	[M + H3N + H]+	-1	Fatty acids	Octadecanoids	Other Octadecanoids	0.999	0.931	0.97
raw	class	Other Octadecanoids	NPC class: Other Octadecanoids	290	PS	Untreated	21057932.1666667	21057932.1666667	30643967.0555556	24669636	27085536	20806078	42952148.6666667	38560180	21894216.5	22541870	0.102897521747994	0.645527026346734	0.0376067760406005	9-oxo-ODE(1-)_[290_312.25_1.2]	9-oxo-ODE(1-)	9-oxooctadeca-10,12-dienoic acid	[M + H3N + H]+	220	Fatty acids	Octadecanoids	Other Octadecanoids	0.998	0.937	0.972
raw	class	Other Octadecanoids	NPC class: Other Octadecanoids	337	PET	Untreated	17422462	17422462	121894112.666667	136110380	130499810.666667	166213440	122105178.666667	136110380	113077348.666667	70424840	0.0851331530731385	0.730660179419873	0.149590442628152	10-oxo-nonadecanoic acid_[337_330.3_1.3]	10-oxo-nonadecanoic acid	10-Oxo-nonadecanoic acid	[M + H3N + H]+	21	Fatty acids	Octadecanoids	Other Octadecanoids	0.996	0.685	0.764
raw	class	Other Octadecanoids	NPC class: Other Octadecanoids	199	PS	Untreated	11883310.6666667	11883310.6666667	35628235.5555556	32710268	33436570.6666667	30250332	42665723.3333333	40442068	30782412.6666667	32710268	0.0580666329478	0.788726812367673	0.0437235516155742	11-Oxooctadecanoic acid_[199_316.28_0.9]	11-Oxooctadecanoic acid	11-oxooctadecanoic acid	[M + H3N + H]+	304	Fatty acids	Octadecanoids	Other Octadecanoids	0.998	0.809	0.908
raw	class	Other Octadecanoids	NPC class: Other Octadecanoids	296	PET	Untreated	10844386.6666667	10844386.6666667	205923407.777778	198226580	212659313.333333	206537120	203295983.333333	192697100	201814926.666667	190149980	0.0529900326416345	0.841716845009307	0.25271256374139	NA_[296_294.24_1.2]	NA	9,13-Octadecadiynoic acid	[M + H3N + H]+	145	Fatty acids	Octadecanoids	Other Octadecanoids	0.99	0.734	0.804
raw	class	Other Octadecanoids	NPC class: Other Octadecanoids	495	PET	Untreated	9065491.36666667	9065491.36666667	7485280.61111111	3586512.2	12127750.3666667	14300155	7265832.46666667	3586512.2	3062259	3038455.5	0.0442976350989687	0.886014480108276	0.00918605841837542	NA_[495_312.25_1.9]	NA	9-Oxo-11,13-octadecadienoic acid	[M + H3N + H]+	36	Fatty acids	Octadecanoids	Other Octadecanoids	0.98	0.895	0.913
raw	class	Other Octadecanoids	NPC class: Other Octadecanoids	176	PS	Untreated	7535083	7535083	22313553.2222222	21944154	22747253.3333333	20447106	25864244.6666667	28575548	18329161.6666667	21944154	0.0368194446030534	0.922833924711329	0.0273835563514614	11E,17-Octadecadien-9-ynoic acid_[176_277.22_0.8]	11E,17-Octadecadien-9-ynoic acid	octadeca-11,17-dien-9-ynoic acid	[M + H]+	90	Fatty acids	Octadecanoids	Other Octadecanoids	0.997	0.612	0.734
raw	class	Other Octadecanoids	NPC class: Other Octadecanoids	171	PS	Untreated	7097812	7097812	17946351.7777778	16728212	17775557.3333333	15520798	21580655	21480190	14482843	16728212	0.0346827627163348	0.957516687427664	0.0220240555287494	NA_[171_295.23_0.8]	NA	9-Oxo-11,13-octadecadienoic acid	[M + H]+	-1	Fatty acids	Octadecanoids	Other Octadecanoids	0.982	0.92	0.928
raw	class	Other Octadecanoids	NPC class: Other Octadecanoids	420	PS	Untreated	4472629.33333333	4472629.33333333	14259676	15801886	14409440.6666667	15801886	16421108.3333333	18419342	11948479	10121832	0.0218550648969173	0.979371752324581	0.017499706900589	NA_[420_299.26_1.7]	NA	10-Hydroxyoctadec-2-enoic acid	[M + H]+	304	Fatty acids	Octadecanoids	Other Octadecanoids	0.995	0.616	0.761
raw	class	Other Octadecanoids	NPC class: Other Octadecanoids	111	PS	Untreated	1953024.76666667	1953024.76666667	8161764.57777778	7930300.5	7621121.5	7642354.5	9408598.5	9950490	7455573.73333333	9167753	0.00954326411595926	0.988915016440541	0.0100162505727844	(11E,15Z)-9,10,13-trihydroxyoctadeca-11,15-dienoic acid_[111_346.26_0.7]	(11E,15Z)-9,10,13-trihydroxyoctadeca-11,15-dienoic acid	9,10,13-trihydroxyoctadeca-11,15-dienoic acid	[M + H3N + H]+	310	Fatty acids	Octadecanoids	Other Octadecanoids	1	0.968	0.969
raw	class	Other Octadecanoids	NPC class: Other Octadecanoids	862	PS	PET	1050990.13333333	1050990.13333333	1415860.78888889	1013873.6	1013873.6	1013873.6	2064863.73333333	1013873.6	1168845.03333333	1013873.6	0.00513556028415645	0.994050576724697	0.00173756744666514	8R,11S-DiHOME_[862_332.28_3.3]	8R,11S-DiHOME	(E)-8,11-Dihydroxy-9-octadecenoic acid	[M + H3N + H]+	567	Fatty acids	Fatty Acids and Conjugates	Other Octadecanoids	0.999	0.6	0.715
raw	class	Other Octadecanoids	NPC class: Other Octadecanoids	297	PET	Untreated	1035945.33333333	1035945.33333333	23797835.1111111	23141392	24337317.3333333	23785198	23754816	21974524	23301372	21741764	0.00506204534342334	0.99911262206812	0.0292050912876975	11E,17-Octadecadien-9-ynoic acid_[297_277.22_1.2]	11E,17-Octadecadien-9-ynoic acid	octadeca-11,17-dien-9-ynoic acid	[M + H]+	3	Fatty acids	Octadecanoids	Other Octadecanoids	0.981	0.653	0.706
raw	class	Other Octadecanoids	NPC class: Other Octadecanoids	1063	PS	Untreated	181601.5	181601.5	1281535.9	1217056.4	1240959.26666667	1192385.4	1392624.96666667	1498970.5	1211023.46666667	1217056.4	0.000887377931879638	1	0.0015727217527651	(2E)-18-hydroxyoctadec-2-enoic acid_[1063_316.28_3.9]	(2E)-18-hydroxyoctadec-2-enoic acid	(2E)-18-hydroxyoctadec-2-enoic acid	[M + H3N + H]+	304	Fatty acids	Octadecanoids	Other Octadecanoids	1	0.654	0.782
raw	class	Oxo fatty acids	NPC class: Oxo fatty acids	510	PET	Untreated	4790333.43333333	4790333.43333333	3282269.23333333	1013873.6	5804207.03333333	6830206.5	3028727.06666667	1013873.6	1013873.6	1013873.6	0.594998913136445	0.594998913136445	0.336135972704675	NA_[510_216.16_2]	NA	6-(2-Oxocyclopentyl)hexanoic acid	[M + H3N + H]+	597	Fatty acids	Fatty Acids and Conjugates	Oxo fatty acids	0.985	0.793	0.759
raw	class	Oxo fatty acids	NPC class: Oxo fatty acids	455	PS	Untreated	3260661.83333333	3260661.83333333	6482437.61111111	6100077.5	7244294	7018905	7731840.33333333	8530694	4471178.5	5115673.5	0.405001086863555	1	0.663864027295325	NA_[455_188.13_1.7]	NA	2,5,8-Nonanetrione	[M + H3N + H]+	16	Fatty acids	Fatty Acids and Conjugates	Oxo fatty acids	0.969	0.787	0.85
raw	class	Phosphosphingolipids	NPC class: Phosphosphingolipids	1470	Untreated	PS	31565720	31565720	282588987.777778	264906060	277167556.666667	263988640	269516843.333333	264906060	301082563.333333	290945600	0.538606744912121	0.538606744912121	0.566871666936992	N-hexadecanoylphytosphingosine-1-phosphocholine_[1470_703.58_5.5]	N-hexadecanoylphytosphingosine-1-phosphocholine	[2-(Hexadecanoylamino)-3,4-dihydroxyoctadecyl] 2-(trimethylazaniumyl)ethyl phosphate	[M - H2O + H]+	-1	Fatty acids	Spingolipids	Phosphosphingolipids	1	1	0.999
raw	class	Phosphosphingolipids	NPC class: Phosphosphingolipids	2141	PS	Untreated	5915578	5915578	41864542.8888889	42205540	41709025.3333333	39741148	44900090.6666667	43080596	38984512.6666667	39344470	0.100937669435506	0.639544414347628	0.0839800000686576	NA_[2141_719.58_7.3]	NA	benzyl N-[10-(8-cyanooctyl)-9-nonylnonadecyl]carbamate	[M + K]+	-1	Fatty acids	Spingolipids	Phosphosphingolipids	1	1	0.968
raw	class	Phosphosphingolipids	NPC class: Phosphosphingolipids	2431	Untreated	PS	3354839.33333334	3354839.33333334	42793939.7777778	41433350	42796458.6666667	38323196	41115260.6666667	41433350	44470100	47624084	0.0572437154302141	0.696788129777842	0.0858443641678871	N-(2-hydroxypentacosanoyl)-15-methylhexadecasphing-4-enine-1-phosphocholine_[2431_813.68_8.1]	N-(2-hydroxypentacosanoyl)-15-methylhexadecasphing-4-enine-1-phosphocholine	N-(2-hydroxypentacosanoyl)-15-methylhexadecasphing-4-enine-1-phosphocholine	[M - H2O + H]+	5	Fatty acids	Spingolipids	Phosphosphingolipids	1	1	0.999
raw	class	Phosphosphingolipids	NPC class: Phosphosphingolipids	1335	Untreated	PS	3250257.16666667	3250257.16666667	10053243.0555556	9273380	9174492.33333333	9273380	8867489.83333333	9194368	12117747	13098974	0.0554592270559844	0.752247356833826	0.0201667400199863	NA_[1335_701.56_4.9]	NA	2-[[(E,2S,3R)-2-(2-deuteriooxyhexadecanoylamino)-3-hydroxyoctadec-4-enoxy]-hydroxyphosphoryl]oxyethyl-trimethylazanium	[M - H2O + H]+	-1	Fatty acids	Spingolipids	Phosphosphingolipids	1	1	0.999
raw	class	Phosphosphingolipids	NPC class: Phosphosphingolipids	1747	PET	PS	3070936.33333333	3070936.33333333	9731714.66666667	9015380	11323079	10801046	8252142.66666667	7876988.5	9619922.33333333	9015380	0.0523994707654073	0.804646827599233	0.0195217561683142	N-nonadecanoyl-4-hydroxy-15-methylhexadecasphinganine-1-phosphocholine_[1747_731.61_6.4]	N-nonadecanoyl-4-hydroxy-15-methylhexadecasphinganine-1-phosphocholine	N-nonadecanoyl-4-hydroxy-15-methylhexadecasphinganine-1-phosphocholine	[M - H2O + H]+	5	Fatty acids	Spingolipids	Phosphosphingolipids	1	1	0.999
raw	class	Phosphosphingolipids	NPC class: Phosphosphingolipids	2399	PET	PS	1288092.5	1288092.5	9462185.27777778	9147803	10186832.3333333	9147803	8898739.83333333	8843331	9300983.66666667	9274876	0.021978757607009	0.826625585206243	0.0189810819715968	N-tricosanoyl-4-hydroxy-15-methylhexadecasphinganine-1-phosphocholine_[2399_787.67_8]	N-tricosanoyl-4-hydroxy-15-methylhexadecasphinganine-1-phosphocholine	N-tricosanoyl-4-hydroxy-15-methylhexadecasphinganine-1-phosphocholine	[M - H2O + H]+	5	Fatty acids	Spingolipids	Phosphosphingolipids	1	1	0.999
raw	class	Phosphosphingolipids	NPC class: Phosphosphingolipids	2150	PET	PS	1028507.26666667	1028507.26666667	4272784.18888889	4216457	4870825	4490563	3842317.73333333	3852621	4105209.83333333	4214068	0.0175494476608738	0.844175032867116	0.00857117722337494	N-(2-hydroxytricosanoyl)-15-methylhexadecasphing-4-enine-1-phosphocholine_[2150_785.65_7.3]	N-(2-hydroxytricosanoyl)-15-methylhexadecasphing-4-enine-1-phosphocholine	N-(2-hydroxytricosanoyl)-15-methylhexadecasphing-4-enine-1-phosphocholine	[M - H2O + H]+	5	Fatty acids	Spingolipids	Phosphosphingolipids	1	1	0.999
raw	class	Phosphosphingolipids	NPC class: Phosphosphingolipids	1645	PET	PS	914793.333333333	914793.333333333	4410800.53333333	4458610	4871227.5	4701036.5	3956434.16666667	4458610	4404739.93333333	4295659	0.0156091437019012	0.859784176569017	0.00884803711043217	N-hexadecanoylphytosphingosine-1-phosphocholine_[1645_703.58_6.1]	N-hexadecanoylphytosphingosine-1-phosphocholine	[2-(Hexadecanoylamino)-3,4-dihydroxyoctadecyl] 2-(trimethylazaniumyl)ethyl phosphate	[M - H2O + H]+	-1	Fatty acids	Spingolipids	Phosphosphingolipids	1	1	0.999
raw	class	Phosphosphingolipids	NPC class: Phosphosphingolipids	1469	PS	Untreated	907226.666666668	907226.666666668	25261737.1111111	25369076	25325848.6666667	25065610	25683294.6666667	25675952	24776068	25369076	0.0154800334613248	0.875264210030342	0.0506748799325497	N-hexadecanoylsphingosine-1-phosphocholine_[1469_725.56_5.5]	N-hexadecanoylsphingosine-1-phosphocholine	NA	[M + Na]+	45	Fatty acids	Spingolipids	Phosphosphingolipids	1	1	0.999
raw	class	Phosphosphingolipids	NPC class: Phosphosphingolipids	2574	PS	Untreated	828265.166666666	828265.166666666	5413639.27777778	5006327.5	5595128.33333333	5006327.5	5737027.33333333	5548732	4908762.16666667	4735293	0.0141327112241517	0.889396921254494	0.0108597250930483	N-(2-hydroxypentacosanoyl)-15-methylhexadecasphing-4-enine-1-phosphocholine_[2574_831.7_8.5]	N-(2-hydroxypentacosanoyl)-15-methylhexadecasphing-4-enine-1-phosphocholine	N-(2-hydroxypentacosanoyl)-15-methylhexadecasphing-4-enine-1-phosphocholine	[M + H]+	811	Fatty acids	Spingolipids	Phosphosphingolipids	1	1	0.999
raw	class	Phosphosphingolipids	NPC class: Phosphosphingolipids	2089	PET	PS	822977.766666667	822977.766666667	2353637.43333333	2350140	2873909.53333333	2817600	2050931.76666667	2008618.8	2136071	2030478.4	0.0140424921731353	0.903439413427629	0.00472138134500898	N-henicosanoyl-4-hydroxy-15-methylhexadecasphinganine-1-phosphocholine_[2089_759.64_7.2]	N-henicosanoyl-4-hydroxy-15-methylhexadecasphinganine-1-phosphocholine	N-henicosanoyl-4-hydroxy-15-methylhexadecasphinganine-1-phosphocholine	[M - H2O + H]+	5	Fatty acids	Spingolipids	Phosphosphingolipids	1	1	0.999
raw	class	Phosphosphingolipids	NPC class: Phosphosphingolipids	2223	Untreated	PS	798799.333333334	798799.333333334	12566374.4444444	12530882	12632040	11828347	12134142	12530882	12932941.3333333	13970510	0.0136299349029466	0.917069348330576	0.0252080651999024	NA_[2223_811.67_7.5]	NA	4-[20-(3,5-Dihydroxy-4-azatricyclo[5.2.1.02,6]deca-2,5,8-trien-4-yl)-10,11-dioctylicosyl]-4-azatricyclo[5.2.1.02,6]deca-2,5,8-triene-3,5-diol	[M - H2O + H]+	-1	Fatty acids	Spingolipids	Phosphosphingolipids	1	1	0.994
raw	class	Phosphosphingolipids	NPC class: Phosphosphingolipids	2405	PET	PS	688170.666666667	688170.666666667	4431798.92222222	4315103	4821879.33333333	4404158	4133708.66666667	4243451	4339808.76666667	4315103	0.0117422749336095	0.928811623264185	0.00889015974162896	NA_[2405_788.67_8]	NA	Bis(5-methyl-2-propan-2-ylcyclohexyl)-octadecyl-(3-triethoxysilylpropyl)azanium	[M + K]+	5	Fatty acids	Spingolipids	Phosphosphingolipids	1	0.997	0.925
raw	class	Phosphosphingolipids	NPC class: Phosphosphingolipids	1538	Untreated	PS	624783.766666667	624783.766666667	1371537.13333333	1279988.6	1388270.43333333	1279988.6	1050778.6	1013873.6	1675562.36666667	1675187.8	0.0106607025228085	0.939472325786994	0.00275129454672894	N-oleoyl-(4E,14Z)-sphingadienine-1-phosphocholine_[1538_727.57_5.8]	N-oleoyl-(4E,14Z)-sphingadienine-1-phosphocholine	[(2S,3R,4E,14E)-3-hydroxy-2-[[(E)-octadec-9-enoyl]amino]octadeca-4,14-dienyl] 2-(trimethylazaniumyl)ethyl phosphate	[M + H]+	45	Fatty acids	Spingolipids	Phosphosphingolipids	1	1	0.999
raw	class	Phosphosphingolipids	NPC class: Phosphosphingolipids	1530	Untreated	PS	591599.866666667	591599.866666667	1410521.85555556	1532593.9	1562672.83333333	1610167.6	1038646.43333333	1013873.6	1630246.3	1534504.2	0.0100944847282361	0.94956681051523	0.00282949764531736	NA_[1530_729.59_5.8]	NA	[(E)-2-[[(Z)-heptadec-9-enoyl]amino]-3-hydroxynonadec-4-enyl] 2-(trimethylazaniumyl)ethyl phosphate	[M + H]+	-1	Fatty acids	Spingolipids	Phosphosphingolipids	1	1	0.997
raw	class	Phosphosphingolipids	NPC class: Phosphosphingolipids	1633	PET	PS	497767.1	497767.1	1417731.03333333	1373105.5	1617627.76666667	1451886	1119860.66666667	1013873.6	1515704.66666667	1488194.2	0.00849341366062128	0.958060224175851	0.00284395920893408	N-octadecanoyl-4-hydroxy-15-methylhexadecasphinganine-1-phosphocholine_[1633_717.59_6.1]	N-octadecanoyl-4-hydroxy-15-methylhexadecasphinganine-1-phosphocholine	N-octadecanoyl-4-hydroxy-15-methylhexadecasphinganine-1-phosphocholine	[M - H2O + H]+	-1	Fatty acids	Spingolipids	Phosphosphingolipids	1	1	0.999
raw	class	Phosphosphingolipids	NPC class: Phosphosphingolipids	2298	PET	PS	422749.733333333	422749.733333333	3533492.91111111	3726026.2	3806923.56666667	3727695.2	3384173.83333333	3253454.5	3409381.33333333	3726026.2	0.00721339027854058	0.965273614454392	0.00708816374050198	N-(2-hydroxytetracosanoyl)-15-methylhexadecasphing-4-enine-1-phosphocholine_[2298_799.67_7.7]	N-(2-hydroxytetracosanoyl)-15-methylhexadecasphing-4-enine-1-phosphocholine	N-(2-hydroxytetracosanoyl)-15-methylhexadecasphing-4-enine-1-phosphocholine	[M - H2O + H]+	5	Fatty acids	Spingolipids	Phosphosphingolipids	1	1	0.999
raw	class	Phosphosphingolipids	NPC class: Phosphosphingolipids	2726	PS	Untreated	381753.833333332	381753.833333332	9739203.5	9599459	9811887	9259781	9893738.66666667	9599459	9511984.83333333	9854087	0.00651387611400565	0.971787490568398	0.019536778719152	N-pentacosanoyl-4-hydroxy-15-methylhexadecasphinganine-1-phosphocholine_[2726_815.7_8.9]	N-pentacosanoyl-4-hydroxy-15-methylhexadecasphinganine-1-phosphocholine	N-pentacosanoyl-4-hydroxy-15-methylhexadecasphinganine-1-phosphocholine	[M - H2O + H]+	5	Fatty acids	Spingolipids	Phosphosphingolipids	1	1	0.999
raw	class	Phosphosphingolipids	NPC class: Phosphosphingolipids	2173	PET	PS	362153.433333333	362153.433333333	4511774.74444444	4518145	4641414.83333333	4584782.5	4279261.4	4046228.5	4614648	4518145	0.00617943395197116	0.977966924520369	0.00905059071954597	NA_[2173_778.64_7.4]	NA	5-Butylnon-2-enyl 8-[[8-(5-butylnon-2-enoxy)-8-oxooctyl]-[3-(dimethylamino)propanoyl]phosphanyl]octanoate	[M + H]+	821	Fatty acids	Spingolipids	Phosphosphingolipids	1	0.995	0.94
raw	class	Phosphosphingolipids	NPC class: Phosphosphingolipids	1587	Untreated	PS	289238.6	289238.6	2060263.46666667	1990190.5	2080613.6	1990190.5	1905469.1	1792172	2194707.7	2124323.5	0.00493528615374334	0.982902210674112	0.00413287508074142	N-octadecanoyl-4-hydroxy-15-methylhexadecasphinganine-1-phosphocholine_[1587_717.59_6]	N-octadecanoyl-4-hydroxy-15-methylhexadecasphinganine-1-phosphocholine	N-octadecanoyl-4-hydroxy-15-methylhexadecasphinganine-1-phosphocholine	[M - H2O + H]+	5	Fatty acids	Spingolipids	Phosphosphingolipids	1	1	0.999
raw	class	Phosphosphingolipids	NPC class: Phosphosphingolipids	1975	Untreated	PS	230385	230385	1648367.78888889	1704734	1608240.76666667	1596827	1553238.8	1724778	1783623.8	1704734	0.00393106556500466	0.986833276239117	0.0033066150367738	NA_[1975_824.63_6.9]	NA	[(2R,3R,4R,5R)-3,4-dihydroxy-5-(hydroxymethyl)pyrrolidin-2-yl]methyl-[(3S,6E,10E,14E,18E,22E,26E,30E)-3,7,11,15,19,23,27,31,35-nonamethylhexatriaconta-6,10,14,18,22,26,30,34-octaenoxy]phosphinic acid	[M - H2O + H]+	82	Fatty acids	Spingolipids	Phosphosphingolipids	1	1	0.996
raw	class	Phosphosphingolipids	NPC class: Phosphosphingolipids	2678	PS	Untreated	227577.666666667	227577.666666667	2355410.61111111	2483407.2	2291524.36666667	2223656.8	2501142.56666667	2508274	2273564.9	2263531.2	0.00388316395944807	0.990716440198565	0.00472493832806968	1,2-di-[(11Z)-eicosenoyl]-sn-glycero-3-phosphocholine_[2678_842.66_8.8]	1,2-di-[(11Z)-eicosenoyl]-sn-glycero-3-phosphocholine	2,3-bis[[(E)-icos-11-enoyl]oxy]propyl 2-(trimethylazaniumyl)ethyl phosphate	[M + H]+	56	Fatty acids	Spingolipids	Phosphosphingolipids	1	1	0.996
raw	class	Phosphosphingolipids	NPC class: Phosphosphingolipids	2433	Untreated	PS	209682.133333333	209682.133333333	4189936.74444444	4133337	4206860.23333333	3855825.2	4076633.93333333	4133337	4286316.06666667	4403709	0.00357781198404142	0.994294252182606	0.00840498579000379	N-[(15Z)-tetracosenoyl]sphing-4-enine-1-phosphocholine_[2433_835.67_8.1]	N-[(15Z)-tetracosenoyl]sphing-4-enine-1-phosphocholine	C24:1 Sphingomyelin	[M + Na]+	45	Fatty acids	Spingolipids	Phosphosphingolipids	1	1	0.999
raw	class	Phosphosphingolipids	NPC class: Phosphosphingolipids	1738	Untreated	PS	172145.833333333	172145.833333333	2310998.67777778	2344465.5	2349786.4	2397533.2	2205531.9	2209275.2	2377677.73333333	2344465.5	0.00293732906906135	0.997231581251667	0.00463584827937903	NA_[1738_864.62_6.4]	NA	2-[4-(5-ethyl-3,6-dioxopiperazin-2-yl)butyl-[2-[(9Z,12Z)-octadeca-9,12-dienoyl]oxyethyl]amino]ethyl (9Z,12Z)-octadeca-9,12-dienoate	[M + K]+	82	Fatty acids	Spingolipids	Phosphosphingolipids	1	0.999	0.841
raw	class	Phosphosphingolipids	NPC class: Phosphosphingolipids	2213	Untreated	PET	101570.333333333	101570.333333333	5023190.88888889	5153108	4986504	5211023	4994994.33333333	4937275.5	5088074.33333333	5153108	0.00173309737957207	0.99896467863124	0.0100764881707506	NA_[2213_802.64_7.5]	NA	6-[Bis[2-(octadecanoylamino)ethyl]amino]-6-oxohexanoic acid	[M + K]+	82	Fatty acids	Spingolipids	Phosphosphingolipids	1	1	0.986
raw	class	Phosphosphingolipids	NPC class: Phosphosphingolipids	1467	PS	Untreated	60676.2999999998	60676.2999999998	2714418.55555556	2652867.2	2729428.76666667	2630851	2737251.6	2711889.5	2676575.3	2652867.2	0.00103532136876052	1	0.00544510592381082	N-hexadecanoylsphingosine-1-phosphocholine_[1467_741.53_5.5]	N-hexadecanoylsphingosine-1-phosphocholine	NA	[M + K]+	45	Fatty acids	Spingolipids	Phosphosphingolipids	1	1	0.999
raw	class	Phosphosphingolipids	NPC class: Phosphosphingolipids	2393	PET	PET	0	0	1013873.6	1013873.6	1013873.6	1013873.6	1013873.6	1013873.6	1013873.6	1013873.6	0	1	0.00203382383091081	N-docosanoylsphingosine-1-phosphocholine_[2393_809.65_8]	N-docosanoylsphingosine-1-phosphocholine	[(E)-2-(docosanoylamino)-3-hydroxyoctadec-4-enyl] 2-(trimethylazaniumyl)ethyl phosphate	[M + Na]+	45	Fatty acids	Spingolipids	Phosphosphingolipids	1	1	0.999
raw	class	Polyene macrolides	NPC class: Polyene macrolides	2198	Untreated	PS	637628.733333333	637628.733333333	1325657.28888889	1013873.6	1311595.93333333	1013873.6	1013873.6	1013873.6	1651502.33333333	1013873.6	0.600140421761614	0.600140421761614	0.152930392451811	9-Deoxo-31-O-demethyl FK506_[2198_776.5_7.5]	9-Deoxo-31-O-demethyl FK506	9-Deoxo-31-O-Demethylfk506	[M + H]+	25	Polyketides	Macrolides	Polyene macrolides	0.839	0.991	0.795
raw	class	Polyene macrolides	NPC class: Polyene macrolides	1734	PET	Untreated	365219.4	365219.4	4568876.95555556	4661323.5	4741161.5	4661323.5	4589527.26666667	4831467	4375942.1	4532313.5	0.343746938137027	0.943887359898641	0.527074494843826	NA_[1734_950.64_6.4]	NA	6-[1-[(2E,4Z,12E,13Z)-9-amino-3-(3,3-dimethylpentyl)-7,16-diethyl-12-[1-(2-hydroxy-3-prop-2-enoyloxypropoxy)ethylidene]-7,9,16-trimethyl-6,15-dimethylideneoctadeca-2,4,13-trien-2-yl]oxy-3-prop-2-enoyloxypropan-2-yl]oxycarbonylcyclohex-3-ene-1-carboxylic acid	[M + H]+	67	Polyketides	Macrolides	Polyene macrolides	0.928	0.982	0.883
raw	class	Polyene macrolides	NPC class: Polyene macrolides	960	PS	Untreated	59617.7666666666	59617.7666666666	1759962.56666667	1778870.9	1770585.53333333	1778870.9	1784459.96666667	1705798.2	1724842.2	2042277.2	0.0561126401013591	1	0.203032690482487	NA_[960_746.48_3.6]	NA	(1S,12S,13R,14S,17R,18E,21S,23S,24R,25S,27R)-12-[(E)-1-[(1R,3R)-3,4-dihydroxycyclohexyl]prop-1-en-2-yl]-17-ethyl-1,14-dihydroxy-23,25-dimethoxy-13,19,21,27-tetramethyl-11,28-dioxa-4-azatricyclo[22.3.1.04,9]octacos-18-ene-3,10,16-trione	[M - H2O + H]+	73	Polyketides	Macrolides	Polyene macrolides	0.935	0.988	0.845
raw	class	Polyene macrolides	NPC class: Polyene macrolides	3410	PET	PET	0	0	1013873.6	1013873.6	1013873.6	1013873.6	1013873.6	1013873.6	1013873.6	1013873.6	0	1	0.116962422221877	12adt-asp_[3410_931.46_11.3]	12adt-asp	12Adt-asp	[M + K]+	10	Amino acids and Peptides	Macrolides	Polyene macrolides	0.404	0.86	0.702
raw	class	Prenyl quinone meroterpenoids	NPC class: Prenyl quinone meroterpenoids	2893	PS	Untreated	542618838.8	542618838.8	556113253.733333	403083520	515057006.666667	509301400	847950796.666667	348430240	305331957.866667	318591900	0.872795016687581	0.872795016687581	0.734780569569885	(2-methyl-4,5-ditridecyl-1,4-cyclohexadienyl)methanol_[2893_506.53_9.2]	(2-methyl-4,5-ditridecyl-1,4-cyclohexadienyl)methanol	(2-Methyl-4,5-Ditridecyl-1,4-Cyclohexadienyl)Methanol	[M + H3N + H]+	9	Terpenoids	Meroterpenoids	Prenyl quinone meroterpenoids	0.969	0.649	0.929
raw	class	Prenyl quinone meroterpenoids	NPC class: Prenyl quinone meroterpenoids	2956	PS	Untreated	63947770.6666667	63947770.6666667	116258938.666667	72016130	133746313.333333	97728530	139489136.666667	72016130	75541366	61856220	0.102859118731627	0.975654135419209	0.15361045362182	(2-methyl-4,5-ditridecyl-1,4-cyclohexadienyl)methanol_[2956_506.53_9.4]	(2-methyl-4,5-ditridecyl-1,4-cyclohexadienyl)methanol	(2-Methyl-4,5-Ditridecyl-1,4-Cyclohexadienyl)Methanol	[M + H3N + H]+	9	Terpenoids	Meroterpenoids	Prenyl quinone meroterpenoids	0.896	0.622	0.921
raw	class	Prenyl quinone meroterpenoids	NPC class: Prenyl quinone meroterpenoids	3212	PS	Untreated	3997598.6	3997598.6	9356211.57777778	9689398	10682121.3333333	10710277	10692056	9689398	6694457.4	7476438	0.00643008293724809	0.982084218356457	0.012362162609835	NA_[3212_590.62_10.3]	NA	3-(3,7,12,16,20,24-Hexamethylpentacosyl)-2,4,4-trimethylcyclohex-2-en-1-one	[M + H3N + H]+	9	Terpenoids	Meroterpenoids	Prenyl quinone meroterpenoids	0.926	0.556	0.918
raw	class	Prenyl quinone meroterpenoids	NPC class: Prenyl quinone meroterpenoids	2088	PS	Untreated	3229576	3229576	12530460.5555556	11614450	12232419.6666667	11614450	14294269	14429327	11064693	11604206	0.00519472903861482	0.987278947395072	0.0165562300164115	Palmityl linolenate_[2088_520.51_7.2]	Palmityl linolenate	Cetyl linolenate	[M + H3N + H]+	-1	Terpenoids	Meroterpenoids	Prenyl quinone meroterpenoids	0.818	0.442	0.881
raw	class	Prenyl quinone meroterpenoids	NPC class: Prenyl quinone meroterpenoids	3134	PET	Untreated	2426495.16666667	2426495.16666667	10020075.3888889	10344937	10933183.3333333	11200759	10620354.6666667	10009205	8506688.16666667	8278666.5	0.00390298444883844	0.99118193184391	0.0132393116904771	NA_[3134_588.61_10]	NA	3-[(Z)-3,7,12,16,20,24-hexamethylpentacos-20-enyl]-2,4,4-trimethylcyclohex-2-en-1-one	[M + H3N + H]+	455	Terpenoids	Meroterpenoids	Prenyl quinone meroterpenoids	0.834	0.268	0.809
raw	class	Prenyl quinone meroterpenoids	NPC class: Prenyl quinone meroterpenoids	3073	PET	Untreated	1523775.83333333	1523775.83333333	8220348.55555556	8638517	8774447.33333333	8723198	8635926.83333333	8356767	7250671.5	7159440.5	0.00245097268798014	0.99363290453189	0.01086137104837	NA_[3073_548.58_9.7]	NA	NA	[M + H3N + H]+	9	Terpenoids	Meroterpenoids	Prenyl quinone meroterpenoids	0.927	0.384	0.849
raw	class	Prenyl quinone meroterpenoids	NPC class: Prenyl quinone meroterpenoids	2758	Untreated	PS	1278834.76666667	1278834.76666667	3961693.88888889	3833089	3839922.9	3833089	3383162	3273115	4661996.76666667	4231923	0.00205698831611132	0.995689892848002	0.00523450155628763	NA_[2758_492.51_9]	NA	tritriaconta-12,14-dien-5-one	[M + H3N + H]+	9	Terpenoids	Steroids	Prenyl quinone meroterpenoids	0.885	0.263	0.77
raw	class	Prenyl quinone meroterpenoids	NPC class: Prenyl quinone meroterpenoids	3183	PET	Untreated	896924.333333332	896924.333333332	10884436	10996506	11325412.6666667	10996506	10899407	10316270	10428488.3333333	11293508	0.00144269058223336	0.997132583430235	0.0143813729125075	NA_[3183_576.61_10.2]	NA	15,23-Dimethyl-15,22-heptatriacontadien-19-one	[M + H3N + H]+	9	Terpenoids	Meroterpenoids	Prenyl quinone meroterpenoids	0.918	0.479	0.895
raw	class	Prenyl quinone meroterpenoids	NPC class: Prenyl quinone meroterpenoids	3385	PET	Untreated	663253.5	663253.5	6633209.61111111	6766017.5	6916415.16666667	7053646.5	6730052	6506748.5	6253161.66666667	6766017.5	0.00106683422728337	0.998199417657518	0.00876431824526486	NA_[3385_660.7_11.1]	NA	7-Methylidene-4-(2-methylidenenonadecyl)tetracosan-2-one	[M + H3N + H]+	619	Terpenoids	Meroterpenoids	Prenyl quinone meroterpenoids	0.908	0.376	0.84
raw	class	Prenyl quinone meroterpenoids	NPC class: Prenyl quinone meroterpenoids	2916	PS	Untreated	505158.333333334	505158.333333334	11324865.6666667	10887762	11493203.3333333	10887762	11493276	11249225	10988117.6666667	10785611	0.000812540303515054	0.999011957961033	0.0149633032282413	NA_[2916_532.55_9.3]	NA	18-Octadeca-9,12-dienoxyoctadeca-6,9-diene	[M + H3N + H]+	33	Terpenoids	Meroterpenoids	Prenyl quinone meroterpenoids	0.871	0.226	0.748
raw	class	Prenyl quinone meroterpenoids	NPC class: Prenyl quinone meroterpenoids	3044	PET	Untreated	335023.533333333	335023.533333333	3005011.95555556	3119198.5	3200352.83333333	3200718	2949353.73333333	2960732.5	2865329.3	2908902.5	0.000538880793400126	0.999550838754434	0.00397045814219384	NA_[3044_560.58_9.6]	NA	NA	[M + H3N + H]+	-1	Terpenoids	Fatty esters	Prenyl quinone meroterpenoids	0.889	0.489	0.715
raw	class	Prenyl quinone meroterpenoids	NPC class: Prenyl quinone meroterpenoids	3332	PET	Untreated	279244.666666667	279244.666666667	2450875.97777778	2527333	2569487	2730301.2	2492898.6	2498171.2	2290242.33333333	2527333	0.000449161245566492	1	0.00323829010513072	NA_[3332_658.69_10.9]	NA	11-(1,2,3,4,4a,5,6,7,8,8a-Decahydronaphthalen-2-yl)-4-(4-cyclohexylcyclohexyl)-8-heptan-3-yl-12-methylpentadecan-1-ol	[M + H3N + H]+	383	Terpenoids	Meroterpenoids	Prenyl quinone meroterpenoids	0.983	0.538	0.932
raw	class	Prenyl quinone meroterpenoids	NPC class: Prenyl quinone meroterpenoids	2894	PET	PET	0	0	1013873.6	1013873.6	1013873.6	1013873.6	1013873.6	1013873.6	1013873.6	1013873.6	0	1	0.00133960954226259	NA_[2894_492.52_9.3]	NA	tritriaconta-12,14-dien-5-one	[M + H3N + H]+	9	Terpenoids	Meroterpenoids	Prenyl quinone meroterpenoids	0.954	0.295	0.7
raw	class	Prenyl quinone meroterpenoids	NPC class: Prenyl quinone meroterpenoids	3245	PET	PET	0	0	1013873.6	1013873.6	1013873.6	1013873.6	1013873.6	1013873.6	1013873.6	1013873.6	0	1	0.00133960954226259	Octahydroheptaprenol_[3245_520.55_10.4]	Octahydroheptaprenol	Octahydroheptaprenol	[M + H3N + H]+	9	Terpenoids	Meroterpenoids	Prenyl quinone meroterpenoids	0.943	0.44	0.784
raw	class	Prenyl quinone meroterpenoids	NPC class: Prenyl quinone meroterpenoids	3253	PET	PET	0	0	1013873.6	1013873.6	1013873.6	1013873.6	1013873.6	1013873.6	1013873.6	1013873.6	0	1	0.00133960954226259	NA_[3253_492.51_10.5]	NA	tritriaconta-12,14-dien-5-one	[M + H3N + H]+	9	Terpenoids	Meroterpenoids	Prenyl quinone meroterpenoids	0.955	0.337	0.703
raw	class	Prenyl quinone meroterpenoids	NPC class: Prenyl quinone meroterpenoids	3294	PET	PET	0	0	1013873.6	1013873.6	1013873.6	1013873.6	1013873.6	1013873.6	1013873.6	1013873.6	0	1	0.00133960954226259	NA_[3294_534.56_10.7]	NA	2,6-Bis[2,4,6-tri(propan-2-yl)cyclohexyl]cyclohexan-1-ol	[M + H3N + H]+	9	Terpenoids	Meroterpenoids	Prenyl quinone meroterpenoids	0.842	0.219	0.721
raw	class	Prenyl quinone meroterpenoids	NPC class: Prenyl quinone meroterpenoids	3329	PET	PET	0	0	1013873.6	1013873.6	1013873.6	1013873.6	1013873.6	1013873.6	1013873.6	1013873.6	0	1	0.00133960954226259	NA_[3329_492.52_10.8]	NA	tritriaconta-12,14-dien-5-one	[M + H3N + H]+	9	Terpenoids	Meroterpenoids	Prenyl quinone meroterpenoids	0.93	0.391	0.837
raw	class	Prenyl quinone meroterpenoids	NPC class: Prenyl quinone meroterpenoids	3362	PET	PET	0	0	1013873.6	1013873.6	1013873.6	1013873.6	1013873.6	1013873.6	1013873.6	1013873.6	0	1	0.00133960954226259	(2E,10Z)-2-tridecylnonadeca-2,10-dienal_[3362_478.5_11]	(2E,10Z)-2-tridecylnonadeca-2,10-dienal	2-tridecylnonadeca-2,10-dienal	[M + H3N + H]+	9	Terpenoids	Meroterpenoids	Prenyl quinone meroterpenoids	0.925	0.363	0.765
raw	class	Primary amides	NPC class: Primary amides	2723	PET	Untreated	461467700	461467700	1367497433.33333	1480857000	1527187300	1480857000	1509585400	1549468400	1065719600	1035734400	0.876966288753997	0.876966288753997	0.806026862499616	NA_[2723_480.51_8.9]	NA	N-decyldocosanamide	[M + H]+	84	Fatty acids	Fatty amides	Primary amides	0.999	0.997	0.833
raw	class	Primary amides	NPC class: Primary amides	439	Untreated	PS	16551336.6666667	16551336.6666667	153734287.777778	153781870	154919980	159429230	144865773.333333	142931020	161417110	153781870	0.0314539117049462	0.908420200458943	0.090613673280607	oleoyl ethanolamide_[439_343.33_1.7]	oleoyl ethanolamide	N-(2-hydroxyethyl)octadec-9-enamide	[M + H3N + H]+	159	Fatty acids	Fatty amides	Primary amides	1	0.985	0.707
raw	class	Primary amides	NPC class: Primary amides	2829	PS	Untreated	11571982	11571982	20067420	20400362	22641086	21848894	24566578	20400362	12994596	13663640	0.0219912208548248	0.930411421313768	0.0118280877073642	NA_[2829_494.53_9.1]	NA	Tritriacontanamide	[M + H]+	92	Fatty acids	Fatty amides	Primary amides	0.999	0.998	0.76
raw	class	Primary amides	NPC class: Primary amides	356	PS	Untreated	4484887.33333333	4484887.33333333	16101824	16327003	16317620.6666667	16327003	18236369.3333333	20312442	13751482	13968199	0.00852301255362649	0.938934433867394	0.00949069618917336	Linoleyl hydroxamic acid_[356_334.21_1.4]	Linoleyl hydroxamic acid	(9Z,12Z)-N-hydroxyoctadeca-9,12-dienamide	[M + K]+	102	Fatty acids	Fatty amides	Primary amides	1	0.992	0.945
raw	class	Primary amides	NPC class: Primary amides	2915	PS	Untreated	3633057.26666667	3633057.26666667	5331374.45555556	4409553	6190456.5	5075311.5	6718362.06666667	4026958.2	3085304.8	3081721	0.00690420748403281	0.945838641351427	0.00314240518517637	NA_[2915_480.51_9.3]	NA	N-decyldocosanamide	[M + H]+	84	Fatty acids	Fatty amides	Primary amides	0.999	0.998	0.879
raw	class	Primary amides	NPC class: Primary amides	2608	PS	Untreated	3397869	3397869	14185836.1111111	14331784	14974438	14331784	15490469.6666667	15533193	12092600.6666667	12922351	0.00645725923309964	0.952295900584527	0.00836137947601216	NA_[2608_466.5_8.6]	NA	N-nonyldocosanamide	[M + H]+	-1	Fatty acids	Fatty amides	Primary amides	1	0.999	0.853
raw	class	Primary amides	NPC class: Primary amides	9	PS	PET	2936910.83333333	2936910.83333333	6587204.33333333	5800273	5432699.5	5800273	8369610.33333333	7192591.5	5959303.16666667	5122665	0.00558126125384234	0.957877161838369	0.00388261324081501	NA_[9_187.14_0.5]	NA	(3R)-3-(cyclobutylmethyl)-4-oxobutanamide	[M + H3N + H]+	16	Fatty acids	Fatty amides	Primary amides	0.473	0.525	0.902
raw	class	Primary amides	NPC class: Primary amides	382	Untreated	PS	2494103.6	2494103.6	5063480.43333333	5136530	4973204.9	5136530	3861566.4	3355282	6355670	5626042.5	0.0047397570357795	0.962616918874149	0.00298450377128644	C20 sphingosine_[382_345.35_1.5]	C20 sphingosine	C20 Sphingosine	[M + H3N + H]+	-1	Fatty acids	Fatty amides	Primary amides	1	0.999	0.989
raw	class	Primary amides	NPC class: Primary amides	291	PS	Untreated	2472506.4	2472506.4	7654575.47777778	7709388	7857050.16666667	7709388	8789591.33333333	9450017	6317084.93333333	4723296	0.00469871404115284	0.967315632915301	0.00451174042870456	NA_[291_311.27_1.2]	NA	Lanyuamide I	[M + H3N + H]+	297	Fatty acids	Fatty amides	Primary amides	0.999	0.947	0.71
raw	class	Primary amides	NPC class: Primary amides	824	Untreated	PS	2461993	2461993	9853331.88888889	9554614	9877931.66666667	9554614	8610035.5	9102016	11072028.5	12674870	0.00467873453363761	0.971994367448939	0.00580772584575127	NA_[824_589.57_3.2]	NA	1-(5-dodecanoyl-4-nonyl-1,4-dihydropyridin-3-yl)dodecan-1-one	[M + H3N + H]+	99	Fatty acids	Fatty amides	Primary amides	1	0.994	0.73
raw	class	Primary amides	NPC class: Primary amides	182	PS	Untreated	2355735.83333333	2355735.83333333	10959882.6111111	10996332	10751405.6666667	10996332	12241989	12793830	9886253.16666667	9236242	0.00447680500941483	0.976471172458354	0.00645994616082374	NA_[182_332.22_0.9]	NA	2-[[(E)-2-oxohexadec-5-enylidene]amino]acetic acid	[M + Na]+	24	Fatty acids	Fatty amides	Primary amides	1	0.942	0.81
raw	class	Primary amides	NPC class: Primary amides	519	PS	PET	2163828.83333333	2163828.83333333	6941097.72222222	7142868.5	5863527	5507642.5	8027355.83333333	7317108	6932410.33333333	8414969	0.00411210782784412	0.980583280286198	0.00409120418289098	linoleoyl ethanolamide_[519_341.32_2]	linoleoyl ethanolamide	N-(2-hydroxyethyl)octadeca-9,12-dienamide	[M + H3N + H]+	102	Fatty acids	Fatty amides	Primary amides	1	0.982	0.742
raw	class	Primary amides	NPC class: Primary amides	641	Untreated	PS	1691635.33333333	1691635.33333333	8835247.11111111	8736977	8963068	8722481	7925519	8363117.5	9617154.33333333	10050117	0.0032147583898038	0.983798038676002	0.00520764890287133	NA_[641_535.52_2.5]	NA	(Z)-3-oxo-2-[(Z)-tetradec-7-enyl]icos-11-enamide	[M + H3N + H]+	-1	Fatty acids	Fatty amides	Primary amides	1	0.987	0.705
raw	class	Primary amides	NPC class: Primary amides	1865	Untreated	PET	1106950	1106950	24336422.6666667	24012958	23875214.6666667	22967820	24151888.6666667	24012958	24982164.6666667	25330468	0.00210363116061262	0.985901669836614	0.0143443124120997	NA_[1865_382.4_6.6]	NA	N-pentylicosanamide	[M + H]+	92	Fatty acids	Fatty amides	Primary amides	1	0.999	0.781
raw	class	Primary amides	NPC class: Primary amides	671	Untreated	PS	958451.166666667	958451.166666667	6540398.66666667	6438230.5	6359650.16666667	6333941.5	6151547.33333333	6038533	7109998.5	6567389.5	0.00182142620725915	0.987723096043874	0.00385502516369623	NA_[671_297.29_2.6]	NA	Octadecadienamide	[M + H3N + H]+	-1	Fatty acids	Fatty amides	Primary amides	1	0.999	0.995
raw	class	Primary amides	NPC class: Primary amides	3420	PET	PS	792079.666666667	792079.666666667	1277900.15555556	1013873.6	1805953.26666667	1850259	1013873.6	1013873.6	1013873.6	1013873.6	0.00150525630650676	0.98922835235038	0.000753216662688349	NA_[3420_480.51_11.3]	NA	N-decyldocosanamide	[M + H]+	84	Fatty acids	Fatty amides	Primary amides	0.999	0.999	0.808
raw	class	Primary amides	NPC class: Primary amides	3372	PET	Untreated	693217.533333333	693217.533333333	1302845.08888889	1013873.6	1757246.86666667	1777969.5	1087259.06666667	1013873.6	1064029.33333333	1013873.6	0.00131738019260402	0.990545732542984	0.000767919641911438	NA_[3372_480.51_11.1]	NA	N-decyldocosanamide	[M + H]+	84	Fatty acids	Fatty amides	Primary amides	0.999	0.998	0.843
raw	class	Primary amides	NPC class: Primary amides	489	Untreated	PS	658666	658666	2836115.82222222	2822759.8	2795751.33333333	2833405	2526965.06666667	2595920.2	3185631.06666667	3642012.2	0.00125171897740284	0.991797451520387	0.00167165618168592	(4E,8E,9Me-d19:2)sphingosine_[489_334.27_1.9]	(4E,8E,9Me-d19:2)sphingosine	(4E,8E,9Me-d19:2)sphingosine	[M + Na]+	-1	Fatty acids	Fatty amides	Primary amides	0.999	0.978	0.942
raw	class	Primary amides	NPC class: Primary amides	766	Untreated	PS	571098.9	571098.9	2831816.71111111	2841485	2649983.56666667	2737280.5	2637183.83333333	2659371.2	3208282.73333333	3215321.5	0.00108530777526681	0.992882759295654	0.00166912221053836	oleamide_[766_299.31_2.9]	oleamide	Oleamide	[M + H3N + H]+	-1	Fatty acids	Fatty amides	Primary amides	1	1	1
raw	class	Primary amides	NPC class: Primary amides	3438	PET	PS	563883.233333333	563883.233333333	1201834.67777778	1013873.6	1577756.83333333	1457183.1	1013873.6	1013873.6	1013873.6	1013873.6	0.00107159523066715	0.993954354526321	0.000708382342050314	NA_[3438_480.51_11.4]	NA	N-decyldocosanamide	[M + H]+	84	Fatty acids	Fatty amides	Primary amides	0.999	0.999	0.877
raw	class	Primary amides	NPC class: Primary amides	613	Untreated	PET	515144.233333333	515144.233333333	2501648.38888889	2309644	2269865.3	2309644	2450070.33333333	2089439.4	2785009.53333333	2806302.2	0.000978972366818645	0.99493332689314	0.00147451523697436	NA_[613_302.25_2.4]	NA	Octadecadienamide	[M + Na]+	-1	Fatty acids	Fatty amides	Primary amides	1	0.999	1
raw	class	Primary amides	NPC class: Primary amides	3242	PET	Untreated	442564.433333333	442564.433333333	1189524.35555556	1013873.6	1456438.03333333	1459670.9	1098261.43333333	1013873.6	1013873.6	1013873.6	0.000841042804588163	0.995774369697728	0.000701126423205222	NA_[3242_480.51_10.4]	NA	N-decyldocosanamide	[M + H]+	84	Fatty acids	Fatty amides	Primary amides	0.999	0.999	0.88
raw	class	Primary amides	NPC class: Primary amides	3260	PET	Untreated	420817.633333333	420817.633333333	1171390.63333333	1013873.6	1434691.23333333	1460451	1065607.06666667	1013873.6	1013873.6	1013873.6	0.000799715512367547	0.996574085210095	0.00069043809072873	NA_[3260_480.51_10.5]	NA	N-decyldocosanamide	[M + H]+	84	Fatty acids	Fatty amides	Primary amides	0.999	0.997	0.789
raw	class	Primary amides	NPC class: Primary amides	1169	Untreated	PS	389183.666666667	389183.666666667	1601735.45555556	1693534.4	1682901.1	1693534.4	1366560.8	1367295.2	1755744.46666667	1792607.4	0.000739598797056303	0.997313684007152	0.000944090842385618	NA_[1169_334.31_4.3]	NA	1-(pyrrolidin-1-yl)octadeca-2,4-dien-1-one	[M + H]+	-1	Fatty acids	Fatty amides	Primary amides	1	0.999	0.968
raw	class	Primary amides	NPC class: Primary amides	2278	Untreated	PET	362125.266666667	362125.266666667	4092720.43333333	3953576.5	3893441.73333333	3865230.2	4129152.56666667	4186763	4255567	4788208.5	0.000688177419942323	0.998001861427094	0.00241232087867739	NA_[2278_396.42_7.7]	NA	hexacosanamide	[M + H]+	142	Fatty acids	Fatty amides	Primary amides	1	0.999	0.867
raw	class	Primary amides	NPC class: Primary amides	944	Untreated	PET	361266.666666667	361266.666666667	3427837.9	3329084	3306689.43333333	3329084	3308868.16666667	3075000.5	3667956.1	3862836.8	0.000686545749393065	0.998688407176487	0.00202042750527108	NA_[944_325.32_3.6]	NA	Icosa-2,4-dienamide	[M + H3N + H]+	24	Fatty acids	Fatty amides	Primary amides	0.999	0.997	0.981
raw	class	Primary amides	NPC class: Primary amides	1798	Untreated	PET	276437.766666667	276437.766666667	3110615	3073678.5	3015144.06666667	3114842	3025119.1	3067786.8	3291581.83333333	3448241.2	0.000525338181426587	0.999213745357914	0.00183345078958045	NA_[1798_368.39_6.5]	NA	Tetracosanimidate	[M + H]+	58	Fatty acids	Fatty amides	Primary amides	0.999	0.999	0.819
raw	class	Primary amides	NPC class: Primary amides	646	Untreated	PET	233098.333333333	233098.333333333	1091573.04444444	1013873.6	1013873.6	1013873.6	1013873.6	1013873.6	1246971.93333333	1013873.6	0.000442976573004081	0.999656721930918	0.000643392210293272	NA_[646_302.25_2.5]	NA	Octadecadienamide	[M + Na]+	-1	Fatty acids	Fatty amides	Primary amides	1	0.999	1
raw	class	Primary amides	NPC class: Primary amides	742	PS	Untreated	180636.066666667	180636.066666667	1207526.72222222	1013873.6	1176843.23333333	1013873.6	1313186.5	1225330.9	1132550.43333333	1013873.6	0.000343278069082162	1	0.000711737332423919	(4E,8E,10E-d18:3)sphingosine_[742_318.24_2.9]	(4E,8E,10E-d18:3)sphingosine	2-aminooctadeca-4,8,10-triene-1,3-diol	[M + Na]+	-1	Fatty acids	Fatty amides	Primary amides	1	0.922	0.789
raw	class	Primary amides	NPC class: Primary amides	3055	PET	PET	0	0	1013873.6	1013873.6	1013873.6	1013873.6	1013873.6	1013873.6	1013873.6	1013873.6	0	1	0.000597594801174294	NA_[3055_494.53_9.6]	NA	Tritriacontanamide	[M + H]+	92	Fatty acids	Fatty amides	Primary amides	1	0.999	0.866
raw	class	Primary amides	NPC class: Primary amides	3154	PET	PET	0	0	1013873.6	1013873.6	1013873.6	1013873.6	1013873.6	1013873.6	1013873.6	1013873.6	0	1	0.000597594801174294	NA_[3154_424.45_10.1]	NA	Octacosanamide	[M + H]+	92	Fatty acids	Fatty amides	Primary amides	0.999	0.999	0.776
raw	class	Primary amides	NPC class: Primary amides	3243	PET	PET	0	0	1013873.6	1013873.6	1013873.6	1013873.6	1013873.6	1013873.6	1013873.6	1013873.6	0	1	0.000597594801174294	NA_[3243_494.53_10.4]	NA	Tritriacontanamide	[M + H]+	92	Fatty acids	Fatty amides	Primary amides	0.999	0.997	0.788
raw	class	Primary amides	NPC class: Primary amides	3298	PET	PET	0	0	1013873.6	1013873.6	1013873.6	1013873.6	1013873.6	1013873.6	1013873.6	1013873.6	0	1	0.000597594801174294	NA_[3298_494.53_10.7]	NA	Tritriacontanamide	[M + H]+	92	Fatty acids	Fatty amides	Primary amides	0.999	0.998	0.843
raw	class	Pyridine alkaloids	NPC class: Pyridine alkaloids	13	PET	PET	0	0	1013873.6	1013873.6	1013873.6	1013873.6	1013873.6	1013873.6	1013873.6	1013873.6	NA	0	1	NA_[13_139.05_0.5]	NA	2H-pyridin-2-ylium-6-carboxylic acid	[M + H3N + H]+	429	Alkaloids	Nicotinic acid alkaloids	Pyridine alkaloids	0.995	0.979	0.979
raw	class	Pyrimidine nucleosides	NPC class: Pyrimidine nucleosides	2514	PET	PS	135498.5	135498.5	4344433.33333333	4494879.5	4404792	4494879.5	4269293.5	4088457	4359214.5	5063750.5	1	1	0.810784710055928	NA_[2514_911.53_8.4]	NA	[(2R,3S,4R,5R,8R,10R,11R,12S,13S,14R)-11-[(2S,3R,4S,6R)-4-(dimethylamino)-3-hydroxy-6-methyloxan-2-yl]oxy-2-ethyl-3,4-dihydroxy-3,5,8,10,12,14-hexamethyl-6,15-dioxo-10-prop-2-enoxy-1-oxa-7-azacyclopentadec-13-yl] 3-[[1-(4-nitroanilino)-1-oxopropan-2-yl]amino]propanoate	[M + H3N + H]+	-1	Carbohydrates	Nucleosides	Pyrimidine nucleosides	0.882	0.835	0.922
raw	class	Pyrimidine nucleosides	NPC class: Pyrimidine nucleosides	2114	PET	PET	0	0	1013873.6	1013873.6	1013873.6	1013873.6	1013873.6	1013873.6	1013873.6	1013873.6	0	1	0.189215289944072	Deformylated antimycin A2a_[2114_507.27_7.2]	Deformylated antimycin A2a	NA	[M + H]+	-1	Amino acids and Peptides	Nucleosides	Pyrimidine nucleosides	0.724	0.816	0.872
raw	class	Simple phenolic acids	NPC class: Simple phenolic acids	6	PET	PET	0	0	1013873.6	1013873.6	1013873.6	1013873.6	1013873.6	1013873.6	1013873.6	1013873.6	NA	0	1	NA_[6_138.06_0.5]	NA	Bicyclo[3.1.0]hexane-1,3,5-triene-3-carboxylic acid	[M + H3N + H]+	-1	Shikimates and Phenylpropanoids	Phenolic acids (C6-C1)	Simple phenolic acids	0.622	0.644	0.717
raw	class	Sphingoid bases	NPC class: Sphingoid bases	181	Untreated	PET	170751496.666667	170751496.666667	279340508.888889	278216700	179479273.333333	185187300	308311483.333333	356756130	350230770	372622270	0.469093624107664	0.469093624107664	0.423357582535128	NA_[181_288.29_0.9]	NA	2-[2-Hydroxyethyl(tridecyl)amino]ethanol	[M + H]+	21	Fatty acids	Spingolipids	Sphingoid bases	0.87	0.579	0.914
raw	class	Sphingoid bases	NPC class: Sphingoid bases	280	Untreated	PET	60147900	60147900	105298246.666667	103979310	66119326.6666667	66661596	123508186.666667	140731520	126267226.666667	131539890	0.165240111766314	0.634333735873978	0.159585916598009	NA_[280_316.32_1.2]	NA	1,1'-(Tridecylimino)bis-2-propanol	[M + H]+	21	Fatty acids	Spingolipids	Sphingoid bases	0.906	0.571	0.902
raw	class	Sphingoid bases	NPC class: Sphingoid bases	399	PS	PET	33863916	33863916	53985020.6666667	54538820	31812308	33417124	65676224	75534050	64466530	67882460	0.0930319639536055	0.727365699827584	0.0818175922047875	n-oleyldiethanolamine_[399_356.35_1.6]	n-oleyldiethanolamine	Ethanol, 2,2'-(9-octadecen-1-ylimino)bis-	[M + H]+	21	Fatty acids	Spingolipids	Sphingoid bases	0.819	0.379	0.82
raw	class	Sphingoid bases	NPC class: Sphingoid bases	512	PS	PET	24169534.3333333	24169534.3333333	33252395.2222222	32017324	18980412.3333333	19812268	43149946.6666667	46454410	37626826.6666667	40067636	0.0663992683797732	0.793764968207357	0.0503960335390604	NA_[512_358.37_2]	NA	Stearylbis(2-hydroxyethyl)aminium	[M + H]+	21	Fatty acids	Spingolipids	Sphingoid bases	0.908	0.489	0.897
raw	class	Sphingoid bases	NPC class: Sphingoid bases	247	Untreated	PET	13905195.6666667	13905195.6666667	25851298.1111111	27362640	17015939.6666667	18307692	29616819.3333333	30989290	30921135.3333333	32675918	0.038200769870477	0.831965738077834	0.0391792193593668	NA_[247_346.33_1]	NA	Peg-3 myristamine	[M + H]+	24	Fatty acids	Spingolipids	Sphingoid bases	0.926	0.229	0.72
raw	class	Sphingoid bases	NPC class: Sphingoid bases	85	Untreated	PET	10347429.3333333	10347429.3333333	18368169.2222222	22071298	12297156	13767616	20162766.3333333	22071298	22644585.3333333	22622068	0.0284267676765778	0.860392505754412	0.0278380810160594	NA_[85_262.24_0.6]	NA	PEG-3 caprylamine	[M + H]+	24	Fatty acids	Spingolipids	Sphingoid bases	0.748	0.27	0.802
raw	class	Sphingoid bases	NPC class: Sphingoid bases	556	Untreated	PET	8667495	8667495	17148189.2222222	16488499	11573122	11354738	19630828.6666667	21260420	20240617	20976312	0.0238116017771854	0.884204107531597	0.0259891269005407	NA_[556_342.37_2.1]	NA	(2-Hydroxyethyl)stearyldimethylaminium	[M + H]+	67	Fatty acids	Spingolipids	Sphingoid bases	0.91	0.483	0.839
raw	class	Sphingoid bases	NPC class: Sphingoid bases	2227	PS	PET	6277442.76666667	6277442.76666667	9103559.91111111	7584598.5	5997597.56666667	6958832.5	12275040.3333333	13049607	9038041.83333333	9115756	0.017245578721296	0.901449686252893	0.0137970004127282	NA_[2227_556.56_7.5]	NA	[16-Ethyl-16-hydroxy-15-(trimethylazaniumyl)triacontan-15-yl]phosphanide	[M + H]+	1	Fatty acids	Spingolipids	Sphingoid bases	0.882	0.241	0.724
raw	class	Sphingoid bases	NPC class: Sphingoid bases	178	Untreated	PET	4869894.16666667	4869894.16666667	10847079.5	9745414	7864936.16666667	7954029.5	11941472	12536429	12734830.3333333	13313055	0.0133787190640092	0.914828405316902	0.0164394107140148	NA_[178_244.26_0.9]	NA	2-(Tridecylamino)ethanol	[M + H]+	67	Fatty acids	Spingolipids	Sphingoid bases	0.998	0.744	0.955
raw	class	Sphingoid bases	NPC class: Sphingoid bases	124	Untreated	PET	4052654.83333333	4052654.83333333	6823631.38888889	6909899.5	4450144.33333333	4458656	7517950.66666667	8750499	8502799.16666667	8652878	0.0111335746985396	0.925961980015442	0.0103416296490671	NA_[124_260.26_0.7]	NA	1-[2-Hydroxypropyl(nonyl)amino]propan-2-ol	[M + H]+	308	Fatty acids	Spingolipids	Sphingoid bases	0.944	0.722	0.955
raw	class	Sphingoid bases	NPC class: Sphingoid bases	186	Untreated	PET	2964161.76666667	2964161.76666667	4728446.13333333	4497442	2996772.73333333	3154474.2	5227631.16666667	6062388.5	5960934.5	6608165	0.00814323395525753	0.934105213970699	0.00716624857639901	NA_[186_332.32_0.9]	NA	2,2'-((3-(Dodecyloxy)propyl)imino)bisethanol	[M + H]+	24	Fatty acids	Spingolipids	Sphingoid bases	0.933	0.463	0.861
raw	class	Sphingoid bases	NPC class: Sphingoid bases	403	PS	PET	2930508.1	2930508.1	4990075.46666667	4773360.5	3083402.9	3137629	6013911	7109623	5872912.5	6355209	0.00805077959456753	0.942155993565267	0.00756276379190015	NA_[403_400.38_1.6]	NA	3,3'-(Octadecylimino)bispropane-1,2-diol	[M - H2O + H]+	24	Fatty acids	Spingolipids	Sphingoid bases	0.995	0.965	0.993
raw	class	Sphingoid bases	NPC class: Sphingoid bases	1422	PET	Untreated	2337515.46666667	2337515.46666667	4322657.06666667	4210610	5720416.33333333	4798280	3864654	4210610	3382900.86666667	3403848.8	0.00642169247750108	0.948577686042768	0.00655125049049117	NA_[1422_487.48_5.3]	NA	1-[[Bis(2-hydroxyheptyl)amino]-(2-methylheptyl)amino]heptan-2-ol	[M + H]+	1	Fatty acids	Spingolipids	Sphingoid bases	0.997	0.934	0.974
raw	class	Sphingoid bases	NPC class: Sphingoid bases	2977	PS	Untreated	2083713.33333333	2083713.33333333	9004919.33333333	9555708	9439688.66666667	9555708	9829391.33333333	9853521	7745678	8755834	0.00572443965772635	0.954302125700494	0.0136475045994859	NA_[2977_537.57_9.5]	NA	2-[3-Aminohentriacontan-3-yl(2-hydroxyethyl)amino]ethanol	[M - H2O + H]+	-1	Fatty acids	Spingolipids	Sphingoid bases	0.99	0.934	0.862
raw	class	Sphingoid bases	NPC class: Sphingoid bases	3084	PS	PET	1611706.4	1611706.4	2849910.01111111	2223720	1970635.3	2130635.8	3582341.7	3580949.2	2996753.03333333	3130446.5	0.0044277280781288	0.958729853778623	0.00431921248209143	NA_[3084_540.54_9.7]	NA	2-(1,2-Dihydroxyhexadecylamino)octadecane-1,3-diol	[M - H2O + H]+	21	Fatty acids	Spingolipids	Sphingoid bases	1	0.994	0.957
raw	class	Sphingoid bases	NPC class: Sphingoid bases	2653	PS	PET	1592188.13333333	1592188.13333333	2354388.7	2077551.6	1449045.16666667	1381510.5	3041233.3	3539391.8	2572887.63333333	2336900.8	0.00437410691154635	0.96310396069017	0.00356821970556548	NA_[2653_568.57_8.8]	NA	18-(18-Hydroxyoctadecoxyamino)oxyoctadecan-1-ol	[M - H2O + H]+	21	Fatty acids	Spingolipids	Sphingoid bases	0.998	0.961	0.976
raw	class	Sphingoid bases	NPC class: Sphingoid bases	167	Untreated	PS	1570231.66666667	1570231.66666667	12438017.4444444	11261461	12716016.6666667	11261461	11513902	10415968	13084133.6666667	11517552	0.00431378744892183	0.967417748139091	0.0188505742248227	C16 phytosphingosine_[167_290.27_0.8]	C16 phytosphingosine	2-aminohexadecane-1,3,4-triol	[M + H]+	568	Fatty acids	Spingolipids	Sphingoid bases	0.985	0.918	0.992
raw	class	Sphingoid bases	NPC class: Sphingoid bases	2478	PS	PET	1300585.13333333	1300585.13333333	1447401.97777778	1013873.6	1013873.6	1013873.6	2314458.73333333	1013873.6	1013873.6	1013873.6	0.00357300641907043	0.970990754558162	0.00219362599683779	NA_[2478_424.45_8.2]	NA	1-(Dodecylamino)hexadecane-1,1-diol	[M - H2O + H]+	92	Fatty acids	Spingolipids	Sphingoid bases	1	0.956	0.958
raw	class	Sphingoid bases	NPC class: Sphingoid bases	507	Untreated	PET	1295454.66666667	1295454.66666667	8318068	7872964	7847809	7655771.5	7963131.33333333	7872964	9143263.66666667	9704478	0.00355891184743263	0.974549666405594	0.012606539502094	NA_[507_296.33_1.9]	NA	2-Hydroxyethyl(octadecyl)azanium	[M - H2O + H]+	3	Fatty acids	Fatty amides	Sphingoid bases	1	0.864	0.936
raw	class	Sphingoid bases	NPC class: Sphingoid bases	3069	PS	PET	1131161.93333333	1131161.93333333	1748903.11111111	1306663.1	1166201.43333333	1178067.6	2297363.36666667	2442115	1783144.53333333	2002021.2	0.00310756193133592	0.97765722833693	0.00265056935763897	NA_[3069_568.57_9.7]	NA	1-[[(2S,3R)-1,3-dihydroxyoctadecan-2-yl]amino]octadecane-1,2-diol	[M - H2O + H]+	21	Fatty acids	Spingolipids	Sphingoid bases	1	0.996	0.962
raw	class	Sphingoid bases	NPC class: Sphingoid bases	582	PET	Untreated	1123097.7	1123097.7	1509541.67777778	1013873.6	2136971.3	2281853.5	1377780.13333333	1013873.6	1013873.6	1013873.6	0.00308540762807164	0.980742635965002	0.00228780250305272	NA_[582_389.34_2.3]	NA	N-(1,3-dihydroxyoctadec-4-en-2-yl)-2-methoxyacetamide	[M + H3N + H]+	-1	Fatty acids	Spingolipids	Sphingoid bases	1	0.959	0.903
raw	class	Sphingoid bases	NPC class: Sphingoid bases	3158	PS	PET	1038500.93333333	1038500.93333333	1714370.24444444	1328139.5	1167866.83333333	1161587.4	2206367.76666667	2182429.5	1768876.13333333	1860568.8	0.00285300085777594	0.983595636822778	0.00259823269151002	NA_[3158_568.57_10.1]	NA	18-(18-Hydroxyoctadecoxyamino)oxyoctadecan-1-ol	[M - H2O + H]+	21	Fatty acids	Spingolipids	Sphingoid bases	1	0.991	0.912
raw	class	Sphingoid bases	NPC class: Sphingoid bases	2638	PS	PET	1029968.3	1029968.3	1357196.36666667	1013873.6	1013873.6	1013873.6	2043841.9	1013873.6	1013873.6	1013873.6	0.00282955975200731	0.986425196574785	0.00205691389015836	NA_[2638_452.48_8.7]	NA	2-(2-Hydroxyethylamino)octacosan-1-ol	[M - H2O + H]+	163	Fatty acids	Spingolipids	Sphingoid bases	1	0.995	0.996
raw	class	Sphingoid bases	NPC class: Sphingoid bases	654	PET	PS	1015887.66666667	1015887.66666667	8006550.5	8116725	8517001.33333333	8637482	7501113.66666667	7549533.5	8001536.5	8884267	0.00279087701452619	0.989216073589311	0.0121344157265558	NA_[654_353.32_2.5]	NA	1-[3-[4-(3-Aminopropylamino)butylamino]propylamino]octan-2-ol	[M + Na]+	-1	Fatty acids	Spingolipids	Sphingoid bases	0.995	0.651	0.888
raw	class	Sphingoid bases	NPC class: Sphingoid bases	2062	Untreated	PET	1006274	1006274	21454437.5555556	21292540	20819471.3333333	20246198	21718096	21742876	21825745.3333333	21292540	0.00276446606161704	0.991980539650928	0.0325155089546418	phosphocholine_[2062_184.07_7.1]	phosphocholine	Chop	[M + H]+	7	Fatty acids	Spingolipids	Sphingoid bases	0.79	0.142	0.713
raw	class	Sphingoid bases	NPC class: Sphingoid bases	3299	PS	PET	951942.666666667	951942.666666667	2133872.41111111	1768463.8	1593915.9	1688513	2545858.56666667	2510665.5	2261842.76666667	2454009.8	0.00261520539595103	0.99459574504688	0.0032340138170427	NA_[3299_540.54_10.7]	NA	2-(1,2-Dihydroxyhexadecylamino)octadecane-1,3-diol	[M - H2O + H]+	21	Fatty acids	Spingolipids	Sphingoid bases	1	0.995	0.921
raw	class	Sphingoid bases	NPC class: Sphingoid bases	3391	PS	PET	753835.966666667	753835.966666667	1557918.58888889	1276224.8	1157818.83333333	1200538.5	1911654.8	1818395.6	1604282.13333333	1674411.8	0.00207096073820478	0.996666705785084	0.00236112066310041	NA_[3391_540.54_11.2]	NA	2-(1,2-Dihydroxyhexadecylamino)octadecane-1,3-diol	[M - H2O + H]+	-1	Fatty acids	Spingolipids	Sphingoid bases	0.999	0.99	0.904
raw	class	Sphingoid bases	NPC class: Sphingoid bases	3059	PS	PET	551464.833333333	551464.833333333	1283564.71111111	1013873.6	1013873.6	1013873.6	1565338.43333333	1565747.9	1271482.1	1239136.8	0.00151500070152394	0.998181706486608	0.00194532062422621	NA_[3059_596.6_9.6]	NA	1-Amino-3-(2,3-dihexadecoxypropoxy)propan-2-ol	[M - H2O + H]+	-1	Fatty acids	Spingolipids	Sphingoid bases	1	0.999	0.909
raw	class	Sphingoid bases	NPC class: Sphingoid bases	231	PET	Untreated	417596.833333333	417596.833333333	6802764	6911943.5	7059985	6916908.5	6705918.83333333	6625902.5	6642388.16666667	7106721.5	0.00114723452378651	0.999328941010395	0.01031000384818	NA_[231_418.22_1]	NA	N-(2-hydroxyethyl)-N-[(2R,3R,4S,5S)-2,3,4,5,6-pentahydroxyhexyl]decanamide	[M + K]+	46	Fatty acids	Spingolipids	Sphingoid bases	1	0.999	0.999
raw	class	Sphingoid bases	NPC class: Sphingoid bases	1483	PET	Untreated	244267.5	244267.5	1780572.08888889	1859820.6	1904047.6	1939197.9	1777888.56666667	1859820.6	1659780.1	1436341.2	0.000671058989605257	1	0.00269856562544376	NA_[1483_296.26_5.6]	NA	(2S,3R,6R)-2-Amino-4-octadecyne-1,3,6-triol	[M - H2O + H]+	3	Fatty acids	Spingolipids	Sphingoid bases	1	0.999	0.999
raw	class	Steroidal alkaloids	NPC class: Steroidal alkaloids	1379	PS	PET	9065197.66666667	9065197.66666667	16424592.4444444	15170277	10890749.6666667	12057739	19955947.3333333	22151784	18427080.3333333	19948734	0.282307353289934	0.282307353289934	0.128557104121376	NA_[1379_486.48_5.1]	NA	2-Cyclooctyl-2-[(1-cyclooctylcyclooctyl)diazenyl]cyclooctan-1-amine	[M + H]+	42	Alkaloids	Pseudoalkaloids (transamidation)	Steroidal alkaloids	0.997	0.986	0.957
raw	class	Steroidal alkaloids	NPC class: Steroidal alkaloids	2640	PET	PS	6732222.33333333	6732222.33333333	16748937.3333333	13100686	19509552.3333333	21583502	12777330	12611052	17959929.6666667	13100686	0.209654101164411	0.491961454454344	0.131095787488598	NA_[2640_503.5_8.7]	NA	2-Cyclooctyl-2-[(1-cyclooctylcyclooctyl)diazenyl]cyclooctan-1-amine	[M + H3N + H]+	8	Alkaloids	Pseudoalkaloids (transamidation)	Steroidal alkaloids	0.992	0.84	0.734
raw	class	Steroidal alkaloids	NPC class: Steroidal alkaloids	2401	Untreated	PS	4687865.66666667	4687865.66666667	17563134.5555556	16880156	18218818.6666667	19018544	14891359.6666667	16444370	19579225.3333333	17743250	0.145988978685122	0.637950433139466	0.137468599321014	NA_[2401_592.58_8]	NA	1-Hydroxy-4-[1-(1-hydroxy-2,2,6-trimethyl-6-propan-2-ylpiperidin-4-yl)-3-(1,2,2,6-tetramethyl-6-propan-2-ylpiperidin-4-yl)propyl]-2,2,6-trimethyl-6-propan-2-ylpiperidine	[M + H]+	-1	Alkaloids	Pseudoalkaloids (transamidation)	Steroidal alkaloids	0.942	0.965	0.976
raw	class	Steroidal alkaloids	NPC class: Steroidal alkaloids	2462	Untreated	PET	4385792	4385792	35573120.6666667	34671588	33943902.6666667	34659910	34445764.6666667	34086936	38329694.6666667	37670268	0.136581834961293	0.774532268100759	0.278434755257126	NA_[2462_813.68_8.1]	NA	NA	[M + H3N + H]+	5	Alkaloids	Pseudoalkaloids (transamidation)	Steroidal alkaloids	0.318	0.581	0.712
raw	class	Steroidal alkaloids	NPC class: Steroidal alkaloids	2643	Untreated	PS	2029910.66666667	2029910.66666667	7782490.16666667	6748553.5	8352501.83333333	8855384	6482529	6644431	8512439.66666667	9122241	0.0632152467925599	0.837747514893319	0.0609144124619154	NA_[2643_549.57_8.7]	NA	4-Methyl-1-(4-methyl-2,2,6,6-tetrapropylpiperidin-1-yl)oxy-2,2,6,6-tetrapropylpiperidine	[M + H]+	57	Alkaloids	Pseudoalkaloids (transamidation)	Steroidal alkaloids	0.917	0.975	0.875
raw	class	Steroidal alkaloids	NPC class: Steroidal alkaloids	1357	PET	Untreated	1377196.16666667	1377196.16666667	9289731.66666667	9497339	9937337.66666667	9792298	9371715.83333333	8897114	8560141.5	9172189	0.042888486171937	0.880636001065256	0.0727117586126322	NA_[1357_515.34_5]	NA	[(4R,5S,6S,7R)-4,7-dibenzyl-1,3-bis(cyclopentylmethyl)-5,6-dihydroxy-1,3-diazepan-2-ylidene]cyanamide	[M + H]+	-1	Alkaloids	Pseudoalkaloids (transamidation)	Steroidal alkaloids	0.947	0.809	0.725
raw	class	Steroidal alkaloids	NPC class: Steroidal alkaloids	2981	PET	Untreated	1141605.3	1141605.3	3528708.6	3668431	4008247.33333333	4217406	3711236.43333333	3668431	2866642.03333333	3200682.5	0.0355517422339083	0.916187743299164	0.0276195930242175	NA_[2981_556.54_9.5]	NA	(2S)-1-[4-[2-[[(2S)-2-hydroxydodecyl]-[(2S)-2-hydroxypropyl]amino]ethyl]piperazin-1-yl]dodecan-2-ol	[M + H]+	-1	Alkaloids	Pseudoalkaloids (transamidation)	Steroidal alkaloids	0.906	0.794	0.769
raw	class	Steroidal alkaloids	NPC class: Steroidal alkaloids	1255	Untreated	PS	1130985.66666667	1130985.66666667	11128506	10869531	10952362.3333333	10869531	10651085	10481475	11782070.6666667	11734448	0.0352210268221234	0.951408770121288	0.0871040489678186	NA_[1255_468.45_4.6]	NA	N,N'-(Iminodiethylene)bis(dodecanamide)	[M + H]+	-1	Alkaloids	Pseudoalkaloids (transamidation)	Steroidal alkaloids	0.884	0.953	0.813
raw	class	Steroidal alkaloids	NPC class: Steroidal alkaloids	3472	PET	PS	397145.966666667	397145.966666667	1146255.58888889	1013873.6	1411019.56666667	1013873.6	1013873.6	1013873.6	1013873.6	1013873.6	0.0123678744625394	0.963776644583827	0.00897186944448909	NA_[3472_505.52_11.6]	NA	2-Propyl-4,6-di(tridecyl)-1,3,5-triazine	[M + H3N + H]+	33	Alkaloids	Pseudoalkaloids (transamidation)	Steroidal alkaloids	0.924	0.581	0.713
raw	class	Steroidal alkaloids	NPC class: Steroidal alkaloids	2466	PET	Untreated	375134	375134	3256183.51111111	3205248.2	3405251.5	3205248.2	3333181.53333333	3416436.8	3030117.5	2970251.8	0.0116823803035734	0.975459024887401	0.0254865089707483	NA_[2466_522.54_8.2]	NA	(E)-1-N-[(1E,7Z)-1-methoxy-2,3,3,6,6,7,8,9,9-nonamethyldeca-1,7-dienyl]-1-N,5-N,5-N,3,3,6-hexamethylhept-4-ene-1,5-diamine	[M + H3N + H]+	158	Alkaloids	Pseudoalkaloids (transamidation)	Steroidal alkaloids	0.592	0.878	0.848
raw	class	Steroidal alkaloids	NPC class: Steroidal alkaloids	3145	PET	PS	310264.266666667	310264.266666667	1131694.44444444	1013873.6	1324137.86666667	1221480.4	1013873.6	1013873.6	1057071.86666667	1013873.6	0.00966221445619246	0.985121239343593	0.00885789775424457	NA_[3145_505.52_10.1]	NA	4-[2,3-Bis(2,2,6,6-tetramethylpiperidin-4-yl)cyclopentyl]-2,2,6,6-tetramethylpiperidine	[M + H3N + H]+	33	Alkaloids	Pseudoalkaloids (transamidation)	Steroidal alkaloids	0.873	0.645	0.71
raw	class	Steroidal alkaloids	NPC class: Steroidal alkaloids	1998	PS	Untreated	244989.766666667	244989.766666667	2418403.07777778	2404384.5	2415849.33333333	2454148	2542174.83333333	2441942	2297185.06666667	2328677.5	0.00762944341137754	0.992750682754971	0.0189291087330751	NA_[1998_516.49_6.9]	NA	2-[[(3S,10R,13R,17R)-10,13-dimethyl-17-[(2R)-6-methylheptan-2-yl]-2,3,4,7,8,9,11,12,14,15,16,17-dodecahydro-1H-cyclopenta[a]phenanthrene-3-carbonyl]amino]ethyl-trimethylazanium	[M + H3N + H]+	-1	Alkaloids	Pseudoalkaloids (transamidation)	Steroidal alkaloids	0.533	0.702	0.829
raw	class	Steroidal alkaloids	NPC class: Steroidal alkaloids	3049	PET	Untreated	232783.5	232783.5	1769306.23333333	1835744.8	1879827.06666667	1905570	1781048.06666667	1835744.8	1647043.56666667	1657273.5	0.00724931724502943	1	0.013848555842746	NA_[3049_546.56_9.6]	NA	36-Isocyanatohexatriacontan-1-ol	[M - H2O + H]+	33	Alkaloids	Pseudoalkaloids (transamidation)	Steroidal alkaloids	0.844	0.95	0.925
raw	class	Triacylglycerols	NPC class: Triacylglycerols	3376	PS	PET	11489783.6666667	11489783.6666667	19583126.3333333	16950492	14300769.6666667	14136382	25790553.3333333	24422820	18658056	16790612	0.102398140840155	0.102398140840155	0.0470746541017265	NA_[3376_922.79_11.1]	NA	1-Palmitoyl-2-meadoyl-3-eicsoatetraenoyl-glycerol	[M + H3N + H]+	10	Fatty acids	Glycerolipids	Triacylglycerols	0.999	1	1
raw	class	Triacylglycerols	NPC class: Triacylglycerols	3452	PS	PET	8183840.66666667	8183840.66666667	29554062.4444444	29806818	26698196.6666667	25354126	34882037.3333333	31603290	27081953.3333333	25286672	0.0729352347712074	0.175333375611362	0.071043164568925	NA_[3452_876.8_11.6]	NA	1-Myristoyl-2-eicosenoyl-3-oleoyl-glycerol	[M + H3N + H]+	10	Fatty acids	Glycerolipids	Triacylglycerols	0.996	1	1
raw	class	Triacylglycerols	NPC class: Triacylglycerols	3447	PS	PET	7695888.33333333	7695888.33333333	14816608.1111111	14928974	11628531	11805112	19324419.3333333	18687706	13496874	15294672	0.0685865530900279	0.24391992870139	0.0356167186954295	NA_[3447_850.79_11.6]	NA	2,3-di(tetradecanoyloxy)propyl (Z)-docos-11-enoate	[M + H3N + H]+	10	Fatty acids	Glycerolipids	Triacylglycerols	0.997	1	1
raw	class	Triacylglycerols	NPC class: Triacylglycerols	3462	PET	Untreated	7134861.33333334	7134861.33333334	44919366.2222222	45911024	47987623.3333333	46205300	45917713.3333333	45911024	40852762	38208680	0.0635866224187661	0.307506551120156	0.107978858502311	triolein_[3462_902.82_11.6]	triolein	Olein	[M + H3N + H]+	10	Fatty acids	Glycerolipids	Triacylglycerols	0.998	1	1
raw	class	Triacylglycerols	NPC class: Triacylglycerols	3371	PS	PET	5592460.83333333	5592460.83333333	8881176.38888889	7543683.5	6417811.16666667	6885072	12010272	11529279	8215446	7325333.5	0.04984058957664	0.357347140696796	0.0213489051445139	TG(16:0/16:0/22:6(4Z,7Z,10Z,13Z,16Z,19Z))[iso3]_[3371_896.77_11.1]	TG(16:0/16:0/22:6(4Z,7Z,10Z,13Z,16Z,19Z))[iso3]	Triglyceride	[M + H3N + H]+	483	Fatty acids	Glycerolipids	Triacylglycerols	1	1	1
raw	class	Triacylglycerols	NPC class: Triacylglycerols	3381	PS	PET	4429403	4429403	9350130.83333333	8606389	7410230	7751427.5	11839633	11780167	8800529.5	7804492.5	0.039475297828944	0.39682243852574	0.0224761954395325	NA_[3381_948.8_11.1]	NA	1-Vaccenoyl-2-vaccenoyl-3-docosahexaenoyl-glycerol	[M + H3N + H]+	10	Fatty acids	Glycerolipids	Triacylglycerols	0.997	1	0.999
raw	class	Triacylglycerols	NPC class: Triacylglycerols	3482	PS	Untreated	4240418.76666667	4240418.76666667	6810293.74444444	6263695	5480056.66666667	5695082.5	9595621.66666667	9199276	5355202.9	6263695	0.0377910507880204	0.43461348931376	0.0163708397164951	NA_[3482_878.82_11.8]	NA	[2-[(Z)-heptadec-9-enoyl]oxy-3-pentadecanoyloxypropyl] icosanoate	[M + H3N + H]+	10	Fatty acids	Glycerolipids	Triacylglycerols	0.998	1	1
raw	class	Triacylglycerols	NPC class: Triacylglycerols	3430	PET	Untreated	4045911.33333334	4045911.33333334	36855609.3333333	37397532	38574792	38055456	37463155.3333333	37397532	34528880.6666667	34491828	0.0360575804172331	0.470671069730993	0.0885948970324451	1,2-dioleoyl-3-linoleoyl-sn-glycerol_[3430_900.8_11.4]	1,2-dioleoyl-3-linoleoyl-sn-glycerol	1,2-Dioleoyl-3-Linoleoyl-Sn-Glycerol	[M + H3N + H]+	10	Fatty acids	Glycerolipids	Triacylglycerols	0.995	1	1
raw	class	Triacylglycerols	NPC class: Triacylglycerols	3483	PS	Untreated	3837665	3837665	8325526.61111111	7852947.5	7477524.16666667	7627595	10668360.3333333	10598115	6830695.33333333	7220228.5	0.0342016675481356	0.504872737279129	0.0200132133532565	NA_[3483_904.83_11.9]	NA	[2-[(Z)-icos-11-enoyl]oxy-3-tridecanoyloxypropyl] (Z)-henicos-9-enoate	[M + H3N + H]+	10	Fatty acids	Glycerolipids	Triacylglycerols	0.998	1	1
raw	class	Triacylglycerols	NPC class: Triacylglycerols	3437	PS	PET	3609953.16666667	3609953.16666667	7552738.88888889	6982041.5	6134983.66666667	6250600.5	9744936.83333333	9336842	6778296.16666667	6545138	0.0321722761290192	0.537045013408148	0.0181555572212143	NA_[3437_908.81_11.4]	NA	[2-[(Z)-hexadec-9-enoyl]oxy-3-octadecoxypropyl] (4Z,7Z,10Z,13Z,16Z,19Z)-docosa-4,7,10,13,16,19-hexaenoate	[M + H3N + H]+	198	Fatty acids	Glycerolipids	Triacylglycerols	1	1	1
raw	class	Triacylglycerols	NPC class: Triacylglycerols	3417	PS	PET	3538705.33333333	3538705.33333333	6276402.33333333	5408530	4914559.83333333	5194406.5	8453265.16666667	7953293.5	5461382	4684060	0.0315373080666189	0.568582321474767	0.0150874515036969	NA_[3417_950.82_11.3]	NA	NA	[M + H3N + H]+	10	Fatty acids	Glycerolipids	Triacylglycerols	1	1	1
raw	class	Triacylglycerols	NPC class: Triacylglycerols	3416	PS	PET	3138315.5	3138315.5	10360368.4444444	10380851	8810287.16666667	8027530.5	11948602.6666667	11889599	10322215.5	9180155	0.0279689924451876	0.596551313919955	0.0249046425267916	NA_[3416_848.77_11.3]	NA	[2-[(Z)-octadec-9-enoyl]oxy-3-tridecanoyloxypropyl] (Z)-nonadec-9-enoate	[M + H3N + H]+	10	Fatty acids	Glycerolipids	Triacylglycerols	0.998	1	1
raw	class	Triacylglycerols	NPC class: Triacylglycerols	3434	PS	PET	3042610.83333333	3042610.83333333	6641908.44444444	6637182	5298901	5093248.5	8341511.83333333	8066514.5	6285312.5	6637182	0.027116062553668	0.623667376473623	0.0159660688122793	NA_[3434_882.79_11.4]	NA	1-Myristoyl-2-docosahexaenoyl-3-Stearyl-glycerol	[M + H3N + H]+	198	Fatty acids	Glycerolipids	Triacylglycerols	1	1	0.999
raw	class	Triacylglycerols	NPC class: Triacylglycerols	3334	PS	PET	2791353.23333333	2791353.23333333	5193341.64444444	4881269.5	3700801.43333333	3754012.8	6492154.66666667	6253751	5387068.83333333	4881269.5	0.0248768288258303	0.648544205299453	0.0124839495687766	NA_[3334_894.76_10.9]	NA	2,3-di(tridecanoyloxy)propyl (7Z,10Z,13Z,16Z,19Z,22Z,25Z)-octacosa-7,10,13,16,19,22,25-heptaenoate	[M + H3N + H]+	10	Fatty acids	Glycerolipids	Triacylglycerols	0.999	1	1
raw	class	Triacylglycerols	NPC class: Triacylglycerols	3409	PS	PET	2726029.5	2726029.5	6887932.61111111	6365100.5	5493095.66666667	5262700	8219125.16666667	7915137.5	6951577	6241089	0.0242946569555733	0.672838862255027	0.0165574709382404	NA_[3409_822.76_11.3]	NA	2,3-di(tridecanoyloxy)propyl (Z)-docos-11-enoate	[M + H3N + H]+	10	Fatty acids	Glycerolipids	Triacylglycerols	0.998	1	1
raw	class	Triacylglycerols	NPC class: Triacylglycerols	3415	PS	PET	2705446.9	2705446.9	5038341.55555556	4483334	3999431.26666667	4084394	6704878.16666667	6523601	4410715.23333333	4200509	0.0241112226947725	0.696950084949799	0.0121113545374224	NA_[3415_924.8_11.3]	NA	1-Palmitoyl-2-docosahexaenoyl-3-stearoyl-glycerol	[M + H3N + H]+	483	Fatty acids	Glycerolipids	Triacylglycerols	1	1	1
raw	class	Triacylglycerols	NPC class: Triacylglycerols	3388	PS	PET	2583731	2583731	5220829.94444444	4741069	3953849.5	4175684.8	6537580.5	6263391.5	5171059.83333333	4741069	0.023026478000506	0.719976562950305	0.0125500269760464	NA_[3388_924.8_11.2]	NA	1-Stearoyl-2-eicsoatetraenoyl-3-linoleoyl-glycerol	[M + H3N + H]+	10	Fatty acids	Glycerolipids	Triacylglycerols	0.999	1	1
raw	class	Triacylglycerols	NPC class: Triacylglycerols	3348	PET	Untreated	2328622.66666666	2328622.66666666	23247888	23922966	24604771.3333333	24201288	22862744	23922966	22276148.6666667	22051088	0.0207529261387813	0.740729489089086	0.0558841457470902	1,2,3-trilinoleoylglycerol_[3348_896.77_10.9]	1,2,3-trilinoleoylglycerol	Trilinolein	[M + H3N + H]+	10	Fatty acids	Glycerolipids	Triacylglycerols	0.992	0.999	0.999
raw	class	Triacylglycerols	NPC class: Triacylglycerols	3396	PS	PET	2225649.46666667	2225649.46666667	4741057.06666667	4492544	3699369.2	3570511.8	5925018.66666667	5829304.5	4598783.33333333	4319796.5	0.0198352183261485	0.760564707415235	0.0113967309249284	NA_[3396_950.82_11.3]	NA	1-Arachidonyl-2-eicsoatetraenoyl-3-a-linolenoyl-glycerol	[M + H3N + H]+	10	Fatty acids	Glycerolipids	Triacylglycerols	1	1	1
raw	class	Triacylglycerols	NPC class: Triacylglycerols	3382	PET	PS	2086952.66666666	2086952.66666666	33602621.7777778	32994802	34757190.6666667	35366604	32670238	32994802	33380436.6666667	31055318	0.0185991380941349	0.77916384550937	0.0807752434506601	TG(18:1(11Z)/18:2(9Z,12Z)/18:2(9Z,12Z))_[3382_898.79_11.1]	TG(18:1(11Z)/18:2(9Z,12Z)/18:2(9Z,12Z))	NA	[M + H3N + H]+	10	Fatty acids	Glycerolipids	Triacylglycerols	0.987	0.999	0.999
raw	class	Triacylglycerols	NPC class: Triacylglycerols	3418	PS	Untreated	1747993	1747993	13257629.5555556	13437475	13489175.6666667	13265204	14015853	13603126	12267860	11101205	0.0155782944739752	0.794742139983345	0.0318691875297918	NA_[3418_874.79_11.3]	NA	2,3-bis[[(Z)-heptadec-9-enoyl]oxy]propyl (Z)-octadec-9-enoate	[M + H3N + H]+	10	Fatty acids	Glycerolipids	Triacylglycerols	0.994	0.999	1
raw	class	Triacylglycerols	NPC class: Triacylglycerols	3341	PS	PET	1734637.53333333	1734637.53333333	4612901.82222222	4764844.5	3858847.3	3903928.2	5593484.83333333	5583047	4386373.33333333	3959577.2	0.0154592691732042	0.810201409156549	0.0110886665382285	NA_[3341_920.77_10.9]	NA	1,2-di-(9Z,12Z-heptadecadienoyl)-3-(7Z,10Z,13Z,16Z-docosatetraenoyl)-sn-glycerol	[M + H3N + H]+	10	Fatty acids	Glycerolipids	Triacylglycerols	0.996	1	0.999
raw	class	Triacylglycerols	NPC class: Triacylglycerols	3471	PS	Untreated	1549346.9	1549346.9	2929091.18888889	2599741.5	2469306.93333333	2460205.8	3933656.76666667	3700958	2384309.86666667	2599741.5	0.0138079398776429	0.824009349034192	0.00704105933865409	NA_[3471_910.82_11.7]	NA	1-Palmitoyl-2-docosahexaenoyl-3-Stearyl-glycerol	[M + H3N + H]+	198	Fatty acids	Glycerolipids	Triacylglycerols	1	1	1
raw	class	Triacylglycerols	NPC class: Triacylglycerols	3432	PS	PET	1525705.1	1525705.1	1599851.25555556	1013873.6	1013873.6	1013873.6	2539578.7	2410311	1246101.46666667	1013873.6	0.0135972417099187	0.837606590744111	0.00384578249598982	NA_[3432_824.7_11.4]	NA	2,4,5-Tris(tridecoxycarbonyl)cyclohexane-1-carboxylate	[M + H3N + H]+	318	Fatty acids	Glycerolipids	Triacylglycerols	1	1	1
raw	class	Triacylglycerols	NPC class: Triacylglycerols	3302	PET	PS	1460414.66666667	1460414.66666667	16515743.2222222	16417336	17387776.6666667	17153740	15927362	15883596	16232091	16231577	0.0130153666127071	0.850621957356818	0.0397011634498662	NA_[3302_894.76_10.7]	NA	2,3-bis(octadeca-9,12-dienoyloxy)propyl octadeca-9,11,13-trienoate	[M + H3N + H]+	10	Fatty acids	Glycerolipids	Triacylglycerols	0.998	1	1
raw	class	Triacylglycerols	NPC class: Triacylglycerols	3378	PET	Untreated	1332227.16666667	1332227.16666667	9394434.5	9712490	10086970	10642364	9341590.66666667	9712490	8754742.83333333	8290247	0.0118729463496496	0.862494903706467	0.0225826942563338	NA_[3378_872.77_11.1]	NA	1,2-di-(9Z-heptadecenoyl)-3-(9Z,12Z-octadecadienoyl)-sn-glycerol	[M + H3N + H]+	10	Fatty acids	Glycerolipids	Triacylglycerols	0.999	1	1
raw	class	Triacylglycerols	NPC class: Triacylglycerols	3442	PS	PET	1313897.53333333	1313897.53333333	2787565.32222222	2472513.8	2235845.13333333	2367705.2	3549742.66666667	3373427.2	2577108.16666667	2326198.2	0.0117095907608877	0.874204494467355	0.00670085414841129	NA_[3442_952.83_11.4]	NA	(2-henicosanoyloxy-3-pentadecanoyloxypropyl) (4Z,7Z,10Z,13Z,16Z,19Z)-docosa-4,7,10,13,16,19-hexaenoate	[M + H3N + H]+	-1	Fatty acids	Glycerolipids	Triacylglycerols	1	1	1
raw	class	Triacylglycerols	NPC class: Triacylglycerols	3450	PS	PET	1085381.6	1085381.6	3187005.43333333	3039275.5	2719487.16666667	2852743	3804868.76666667	3764349.8	3036660.36666667	3039275.5	0.00967303311937428	0.883877527586729	0.0076610432798527	NA_[3450_910.82_11.6]	NA	1-Palmitoyl-2-docosahexaenoyl-3-Stearyl-glycerol	[M + H3N + H]+	-1	Fatty acids	Glycerolipids	Triacylglycerols	1	1	1
raw	class	Triacylglycerols	NPC class: Triacylglycerols	3486	PS	Untreated	1057244.96666667	1057244.96666667	3598001.33333333	3773034	3536951.56666667	3482479.5	4157148.7	4070979.8	3099903.73333333	3136929.2	0.00942227653192059	0.89329980411865	0.00864901065035347	NA_[3486_930.85_11.9]	NA	1-Vaccenoyl-2-vaccenoyl-3-eicosenoyl-glycerol	[M + H3N + H]+	10	Fatty acids	Glycerolipids	Triacylglycerols	0.999	1	1
raw	class	Triacylglycerols	NPC class: Triacylglycerols	3443	PS	PET	1026428.86666667	1026428.86666667	2436781.68888889	2262664.2	1970053.53333333	1985966.6	2996482.4	2891444.5	2343809.13333333	2145871.5	0.00914764026029967	0.90244744437895	0.005857627284496	NA_[3443_862.79_11.5]	NA	1-heptadecanoyl-2,3-di-(9Z-heptadecenoyl)-sn-glycerol	[M + H3N + H]+	10	Fatty acids	Glycerolipids	Triacylglycerols	0.998	1	1
raw	class	Triacylglycerols	NPC class: Triacylglycerols	3399	PS	Untreated	949191.333333333	949191.333333333	1751260.11111111	1013873.6	1534002.73333333	1013873.6	2334484.46666667	2366718	1385293.13333333	1013873.6	0.00845929137176857	0.910906735750718	0.00420974478586608	NA_[3399_796.74_11.3]	NA	1-Pentadecanoyl-2-pentadecanoyl-3-palmitoyl-glycerol	[M + H3N + H]+	10	Fatty acids	Glycerolipids	Triacylglycerols	1	1	1
raw	class	Triacylglycerols	NPC class: Triacylglycerols	3374	PS	PET	857157.966666667	857157.966666667	2793026.87777778	2579974	2254422.8	2130355.8	3111580.76666667	3107815	3013077.06666667	2579974	0.007639080485704	0.918545816236422	0.00671398284064658	NA_[3374_820.74_11.1]	NA	[2-[(Z)-heptadec-9-enoyl]oxy-3-tetradecanoyloxypropyl] (Z)-heptadec-9-enoate	[M + H3N + H]+	10	Fatty acids	Glycerolipids	Triacylglycerols	1	1	1
raw	class	Triacylglycerols	NPC class: Triacylglycerols	3476	PS	PET	828791.2	828791.2	1640085.17777778	1542055.6	1305588.86666667	1403484.4	2134380.06666667	2139109.8	1480286.6	1542055.6	0.00738627292617264	0.925932089162595	0.00394249830834421	NA_[3476_890.82_11.7]	NA	2,3-bis[[(Z)-heptadec-9-enoyl]oxy]propyl nonadecanoate	[M + H3N + H]+	10	Fatty acids	Glycerolipids	Triacylglycerols	0.998	1	1
raw	class	Triacylglycerols	NPC class: Triacylglycerols	3427	PS	Untreated	773919.2	773919.2	2009305.24444444	1883775.9	1946122.8	1883775.9	2427856.06666667	2367546.8	1653936.86666667	1871324.1	0.00689724798478217	0.932829337147377	0.00483004336268851	NA_[3427_952.83_11.4]	NA	1-Vaccenoyl-2-meadoyl-3-eicosadienoyl-glycerol	[M + H3N + H]+	10	Fatty acids	Glycerolipids	Triacylglycerols	0.999	1	1
raw	class	Triacylglycerols	NPC class: Triacylglycerols	3481	PS	PET	730186.733333333	730186.733333333	1331964.26666667	1288182.6	1013873.6	1013873.6	1744060.33333333	1762054	1237958.86666667	1288182.6	0.00650749971702215	0.939336836864399	0.00320182569738447	NA_[3481_912.84_11.8]	NA	1-Stearoyl-2-eicosapentaenoyl-3-Stearyl-glycerol	[M + H3N + H]+	-1	Fatty acids	Glycerolipids	Triacylglycerols	1	1	1
raw	class	Triacylglycerols	NPC class: Triacylglycerols	3431	PET	Untreated	726784	726784	6674350.05555556	6578863.5	6984410.16666667	7095694.5	6781013.83333333	6578863.5	6257626.16666667	6329522	0.00647717420548802	0.945814011069887	0.0160440531747127	TG(18:2(9Z,12Z)/20:1(11Z)/18:2(9Z,12Z))_[3431_926.82_11.4]	TG(18:2(9Z,12Z)/20:1(11Z)/18:2(9Z,12Z))	NA	[M + H3N + H]+	10	Fatty acids	Glycerolipids	Triacylglycerols	1	1	1
raw	class	Triacylglycerols	NPC class: Triacylglycerols	3475	PS	Untreated	693635.866666667	693635.866666667	1717601.37777778	1673688.9	1512243.26666667	1526785.1	2167098.36666667	2085909.5	1473462.5	1673688.9	0.00618175461151409	0.951995765681401	0.00412883465935212	NA_[3475_936.84_11.7]	NA	1-Eicsoatetraenoyl-2-meadoyl-3-Stearyl-glycerol	[M + H3N + H]+	-1	Fatty acids	Glycerolipids	Triacylglycerols	1	1	1
raw	class	Triacylglycerols	NPC class: Triacylglycerols	3435	PS	PET	683579.566666667	683579.566666667	1533311.11111111	1507362.8	1214178.33333333	1013873.6	1897757.9	1756296.2	1487997.1	1507362.8	0.0060921318254282	0.958087897506829	0.00368583079929523	NA_[3435_836.77_11.4]	NA	NA	[M + H3N + H]+	10	Fatty acids	Glycerolipids	Triacylglycerols	0.999	1	1
raw	class	Triacylglycerols	NPC class: Triacylglycerols	3393	PS	PET	667201.633333333	667201.633333333	2405502.25555556	2413166.2	2014994.36666667	1916420.8	2682196	2539311	2519316.4	2375543.5	0.00594616998900105	0.964034067495831	0.0057824366086253	TG(18:1(11Z)/18:2(9Z,12Z)/18:2(9Z,12Z))_[3393_898.79_11.2]	TG(18:1(11Z)/18:2(9Z,12Z)/18:2(9Z,12Z))	NA	[M + H3N + H]+	10	Fatty acids	Glycerolipids	Triacylglycerols	1	1	1
raw	class	Triacylglycerols	NPC class: Triacylglycerols	3034	PET	PS	666454.8	666454.8	1236025.2	1013873.6	1680328.4	1013873.6	1013873.6	1013873.6	1013873.6	1013873.6	0.00593951413306247	0.969973581628893	0.00297120376801008	NA_[3034_1014.06_9.6]	NA	18-Oxononahexacontanoic acid	[M + H]+	6	Fatty acids	Glycerolipids	Triacylglycerols	1	1	0.991
raw	class	Triacylglycerols	NPC class: Triacylglycerols	3446	PS	PET	593245.633333333	593245.633333333	1642017.03333333	1013873.6	1279600.53333333	1013873.6	1872846.16666667	1619968.1	1773604.4	1013873.6	0.00528706646506399	0.975260648093957	0.00394714217523779	tripalmitin_[3446_824.77_11.5]	tripalmitin	1,3-bis(hexadecanoyloxy)propan-2-yl hexadecanoate	[M + H3N + H]+	10	Fatty acids	Glycerolipids	Triacylglycerols	1	1	1
raw	class	Triacylglycerols	NPC class: Triacylglycerols	3459	PS	Untreated	571712.833333334	571712.833333334	4910230.16666667	4974859	5086197	4916005	5108103.16666667	5174398.5	4536390.33333333	4333247.5	0.00509516392354969	0.980355812017507	0.011803395572353	NA_[3459_928.83_11.6]	NA	[3-[(9Z,12Z)-heptadeca-9,12-dienoyl]oxy-2-[(9Z,12Z)-octadeca-9,12-dienoyl]oxypropyl] henicosanoate	[M + H3N + H]+	10	Fatty acids	Glycerolipids	Triacylglycerols	1	1	1
raw	class	Triacylglycerols	NPC class: Triacylglycerols	3337	PET	PS	536654	536654	5318976.94444444	5394486	5621956.33333333	5475551.5	5085302.33333333	4926002	5249672.16666667	5162804	0.00478271597348314	0.98513852799099	0.0127859564184388	TG(16:1(9Z)/18:2(9Z,12Z)/18:2(9Z,12Z))[iso3]_[3337_870.76_10.9]	TG(16:1(9Z)/18:2(9Z,12Z)/18:2(9Z,12Z))[iso3]	Triglyceride	[M + H3N + H]+	10	Fatty acids	Glycerolipids	Triacylglycerols	0.995	0.999	0.999
raw	class	Triacylglycerols	NPC class: Triacylglycerols	3460	PET	Untreated	440051.866666667	440051.866666667	2147228.48888889	2168576	2364198.4	2251380	2153340.53333333	2168576	1924146.53333333	1791358.4	0.00392178776617287	0.989060315757163	0.00516158843441481	NA_[3460_954.85_11.6]	NA	1-Eicosadienoyl-2-vaccenoyl-3-eicosadienoyl-glycerol	[M + H3N + H]+	10	Fatty acids	Glycerolipids	Triacylglycerols	1	1	1
raw	class	Triacylglycerols	NPC class: Triacylglycerols	3384	PET	Untreated	344078	344078	7346582.5	7462991.5	7493549.33333333	7502490.5	7396726.83333333	7462991.5	7149471.33333333	6504160	0.00306645873640023	0.992126774493563	0.0176599907558494	NA_[3384_924.8_11.1]	NA	[2-[(9Z,12Z)-nonadeca-9,12-dienoyl]oxy-3-[(9Z,12Z)-octadeca-9,12-dienoyl]oxypropyl] (9Z,12Z)-nonadeca-9,12-dienoate	[M + H3N + H]+	10	Fatty acids	Glycerolipids	Triacylglycerols	0.999	1	1
raw	class	Triacylglycerols	NPC class: Triacylglycerols	3350	PET	PS	321142	321142	9942590.44444444	9933158	10123278.6666667	10054954	9802136.66666667	9893276	9902356	9933158	0.00286205073130233	0.994988825224865	0.0239003720897554	NA_[3350_922.79_10.9]	NA	2,3-bis(octadeca-9,12-dienoyloxy)propyl icosa-8,11,14-trienoate	[M + H3N + H]+	10	Fatty acids	Glycerolipids	Triacylglycerols	0.995	0.999	0.999
raw	class	Triacylglycerols	NPC class: Triacylglycerols	3370	PS	PET	283749.666666667	283749.666666667	2116476.72222222	1779507.1	1993581.16666667	1779507.1	2277330.83333333	2200620.2	2078518.16666667	1749752.9	0.00252880638779769	0.997517631612663	0.00508766618348257	NA_[3370_794.72_11.1]	NA	[3-tridecanoyloxy-2-[(Z)-tridec-8-enoyl]oxypropyl] icosanoate	[M + H3N + H]+	-1	Fatty acids	Glycerolipids	Triacylglycerols	1	1	1
raw	class	Triacylglycerols	NPC class: Triacylglycerols	3377	PS	PET	278539	278539	2265000.98888889	2107126.5	2114104.36666667	1904253.4	2392643.36666667	2362772.8	2288255.23333333	1987928	0.00248236838733713	1	0.00544469439031924	NA_[3377_846.76_11.1]	NA	[2-[(Z)-heptadec-9-enoyl]oxy-3-[(Z)-hexadec-9-enoyl]oxypropyl] (Z)-heptadec-9-enoate	[M + H3N + H]+	10	Fatty acids	Glycerolipids	Triacylglycerols	1	1	1
raw	class	Triacylglycerols	NPC class: Triacylglycerols	3311	PET	PET	0	0	1013873.6	1013873.6	1013873.6	1013873.6	1013873.6	1013873.6	1013873.6	1013873.6	0	1	0.00243718741382129	trimyristin_[3311_740.68_10.7]	trimyristin	1,3-bis(tetradecanoyloxy)propan-2-yl tetradecanoate	[M + H3N + H]+	-1	Fatty acids	Glycerolipids	Triacylglycerols	1	1	1
raw	class	Triacylglycerols	NPC class: Triacylglycerols	3368	PET	PET	0	0	1013873.6	1013873.6	1013873.6	1013873.6	1013873.6	1013873.6	1013873.6	1013873.6	0	1	0.00243718741382129	TG(15:0/14:0/15:0)_[3368_768.71_11]	TG(15:0/14:0/15:0)	1-Pentadecanoyl-2-myristoyl-3-pentadecanoyl-glycerol	[M + H3N + H]+	10	Fatty acids	Glycerolipids	Triacylglycerols	1	1	1
raw	class	Triacylglycerols	NPC class: Triacylglycerols	3433	PET	PET	0	0	1013873.6	1013873.6	1013873.6	1013873.6	1013873.6	1013873.6	1013873.6	1013873.6	0	1	0.00243718741382129	NA_[3433_810.76_11.4]	NA	[(2S)-2-heptadecanoyloxy-3-tridecanoyloxypropyl] heptadecanoate	[M + H3N + H]+	10	Fatty acids	Glycerolipids	Triacylglycerols	1	1	1
raw	class	Tripeptides	NPC class: Tripeptides	2742	Untreated	PS	2377400.33333333	2377400.33333333	14127374.4444444	13695759	14220525.6666667	13198234	12892098.6666667	12519891	15269499	15357729	1	1	0.933038967658151	NA_[2742_588.44_8.9]	NA	N-[2-[[1,8-diamino-8-[2-(2-methylbutan-2-ylamino)ethylimino]octylidene]amino]ethyl]-2,3,4,5-tetrahydroxy-N'-(2-methylbutan-2-yl)hexanediamide	[M + H]+	67	Amino acids and Peptides	Oligopeptides	Tripeptides	0.935	0.879	0.843
raw	class	Tripeptides	NPC class: Tripeptides	1652	PET	PET	0	0	1013873.6	1013873.6	1013873.6	1013873.6	1013873.6	1013873.6	1013873.6	1013873.6	0	1	0.0669610323418488	NA_[1652_495.3_6.1]	NA	H-DL-Arg-DL-xiIle-DL-Lys-Gly-OH	[M + Na]+	-1	Amino acids and Peptides	Small peptides	Tripeptides	0.97	0.691	0.752
raw	class	Unsaturated fatty acids	NPC class: Unsaturated fatty acids	354	PS	Untreated	425174533.333333	425174533.333333	1581224855.55556	1630207400	1584109900	1473905200	1792369600	1925692800	1367195066.66667	1630207400	0.412387452907146	0.412387452907146	0.481835398004826	Ximenynic acid_[354_296.26_1.4]	Ximenynic acid	octadec-11-en-9-ynoic acid	[M + H3N + H]+	3	Fatty acids	Fatty Acids and Conjugates	Unsaturated fatty acids	1	0.973	0.977
raw	class	Unsaturated fatty acids	NPC class: Unsaturated fatty acids	427	PS	Untreated	147216416.666667	147216416.666667	596381387.777778	646594560	593535593.333333	646594560	671412493.333333	741133060	524196076.666667	457677860	0.142788898053985	0.555176350961131	0.181731056359859	stearolic acid_[427_298.27_1.7]	stearolic acid	Stearolsaeure	[M + H3N + H]+	304	Fatty acids	Fatty Acids and Conjugates	Unsaturated fatty acids	1	0.888	0.941
raw	class	Unsaturated fatty acids	NPC class: Unsaturated fatty acids	500	PET	Untreated	71404485.3333333	71404485.3333333	51738542.5555556	16816016	89561582	108019120	47496949	13779639	18157096.6666667	16816016	0.0692570027699033	0.624433353731034	0.0157659178938766	2,6-Nonadienoic acid_[500_172.13_1.9]	2,6-Nonadienoic acid	nona-2,6-dienoic acid	[M + H3N + H]+	293	Fatty acids	Fatty Acids and Conjugates	Unsaturated fatty acids	0.926	0.592	0.716
raw	class	Unsaturated fatty acids	NPC class: Unsaturated fatty acids	358	PS	Untreated	47290420	47290420	156668824.444444	159603120	154921160	146613920	181187866.666667	198502770	133897446.666667	159603120	0.0458681654750468	0.670301519206081	0.04774057599456	(9Z,11E,13E)-octadeca-9,11,13-trienoic acid_[358_279.23_1.4]	(9Z,11E,13E)-octadeca-9,11,13-trienoic acid	Alpha-Esa	[M + H]+	3	Fatty acids	Fatty Acids and Conjugates	Unsaturated fatty acids	1	0.934	0.961
raw	class	Unsaturated fatty acids	NPC class: Unsaturated fatty acids	221	PS	Untreated	31388046	31388046	82861824.4444444	81060584	80539043.3333333	72037590	99717238	105475224	68329192	81060584	0.0304440537399833	0.700745572946064	0.0252498941060266	(9Z,11E,13E)-octadeca-9,11,13-trienoic acid_[221_296.26_1]	(9Z,11E,13E)-octadeca-9,11,13-trienoic acid	Alpha-Esa	[M + H3N + H]+	3	Fatty acids	Fatty Acids and Conjugates	Unsaturated fatty acids	1	0.957	0.972
raw	class	Unsaturated fatty acids	NPC class: Unsaturated fatty acids	50	PS	PET	26530751.6666667	26530751.6666667	55324162.5555556	50912716	44011620.6666667	43136276	70542372.3333333	57310164	51418494.6666667	50912716	0.0257328420348993	0.726478414980963	0.0168585383606773	NA_[50_170.12_0.6]	NA	(2E)-7-Methylene-2-octene-1,8-dial	[M + H3N + H]+	16	Fatty acids	Fatty Acids and Conjugates	Unsaturated fatty acids	0.976	0.493	0.739
raw	class	Unsaturated fatty acids	NPC class: Unsaturated fatty acids	533	PET	Untreated	26404649.1	26404649.1	17642628.5222222	5355447	31972110.2666667	37730024	15388314.1333333	4058442.2	5567461.16666667	5355447	0.0256105319899749	0.752088946970938	0.00537611264203757	NA_[533_155.11_2]	NA	1,2,3,3a,4,5,6,6a-Octahydropentalene-2-carboxylate	[M + H]+	266	Fatty acids	Fatty Acids and Conjugates	Unsaturated fatty acids	0.995	0.743	0.846
raw	class	Unsaturated fatty acids	NPC class: Unsaturated fatty acids	127	PET	Untreated	24672292	24672292	27792651.6666667	19945676	40974475.3333333	38576970	26101296.3333333	17179364	16302183.3333333	18079674	0.0239302753518509	0.776019222322789	0.00846905696578669	NA_[127_200.16_0.7]	NA	Cyclobutanecarboxylic acid, 3-cyclohexyl-	[M + H3N + H]+	182	Fatty acids	Fatty Acids and Conjugates	Unsaturated fatty acids	0.988	0.891	0.905
raw	class	Unsaturated fatty acids	NPC class: Unsaturated fatty acids	147	PS	Untreated	23754446.6666667	23754446.6666667	80335486.2222222	75576290	78579338.6666667	75576290	93090783.3333333	92603190	69336336.6666667	74368070	0.0230400341226583	0.799059256445447	0.0244800610373631	Ximenynic acid_[147_296.26_0.7]	Ximenynic acid	octadec-11-en-9-ynoic acid	[M + H3N + H]+	3	Fatty acids	Fatty Acids and Conjugates	Unsaturated fatty acids	1	0.961	0.976
raw	class	Unsaturated fatty acids	NPC class: Unsaturated fatty acids	502	PET	Untreated	23094495.7333333	23094495.7333333	16043168.5777778	5528783	28384113.4	34490824	14455774.6666667	3601056.2	5289617.66666667	5528783	0.0223999311458705	0.821459187591318	0.0048887205951592	NA_[502_135.08_1.9]	NA	(2E)-7-Methylene-2-octene-1,8-dial	[M - H2O + H]+	429	Fatty acids	Fatty Acids and Conjugates	Unsaturated fatty acids	0.931	0.53	0.751
raw	class	Unsaturated fatty acids	NPC class: Unsaturated fatty acids	198	PS	Untreated	19370646	19370646	50157353.5555556	45867624	47284273.3333333	42472244	61279216.6666667	59455570	41908570.6666667	45867624	0.0187880758108419	0.84024726340216	0.0152840934218801	stearolic acid_[198_298.27_0.9]	stearolic acid	Stearolsaeure	[M + H3N + H]+	304	Fatty acids	Fatty Acids and Conjugates	Unsaturated fatty acids	1	0.945	0.958
raw	class	Unsaturated fatty acids	NPC class: Unsaturated fatty acids	104	PET	Untreated	15714271.3333333	15714271.3333333	35934848.8888889	34104308	44264978.6666667	38908664	34988860.6666667	28414406	28550707.3333333	31780302	0.0152416662367794	0.855488929638939	0.0109501707842416	NA_[104_155.11_0.6]	NA	1,2,3,3a,4,5,6,6a-Octahydropentalene-2-carboxylate	[M + H]+	266	Fatty acids	Fatty Acids and Conjugates	Unsaturated fatty acids	0.994	0.652	0.797
raw	class	Unsaturated fatty acids	NPC class: Unsaturated fatty acids	482	PS	Untreated	14664583.3333333	14664583.3333333	41507254	43315480	39615321.3333333	36987616	49785512	55420796	35120928.6666667	43315480	0.0142235474955805	0.86971247713452	0.0126482101396962	NA_[482_324.29_1.9]	NA	icosa-7,10,13-trienoic acid	[M + H3N + H]+	3	Fatty acids	Fatty Acids and Conjugates	Unsaturated fatty acids	1	0.979	0.987
raw	class	Unsaturated fatty acids	NPC class: Unsaturated fatty acids	284	PS	Untreated	13983381.3333333	13983381.3333333	35300262.2222222	32985386	34402390.6666667	30925444	42740888.6666667	46958092	28757507.3333333	32985386	0.0135628325757736	0.883275309710293	0.0107567977051203	scleropyric acid_[284_282.24_1.2]	scleropyric acid	Scleropyric Acid	[M + H3N + H]+	3	Fatty acids	Fatty Acids and Conjugates	Unsaturated fatty acids	1	0.966	0.953
raw	class	Unsaturated fatty acids	NPC class: Unsaturated fatty acids	474	PET	Untreated	13917055.3	13917055.3	9699016.98888889	3062983.8	17208874.3333333	19905068	8596357.6	2507156	3291819.03333333	3062983.8	0.0134985012910813	0.896773811001375	0.00295551242739281	10-undecynoic acid_[474_200.16_1.9]	10-undecynoic acid	undec-10-ynoic acid	[M + H3N + H]+	182	Fatty acids	Fatty Acids and Conjugates	Unsaturated fatty acids	0.995	0.967	0.848
raw	class	Unsaturated fatty acids	NPC class: Unsaturated fatty acids	334	PET	Untreated	12563488	12563488	65920625.7777778	69891700	72342634.6666667	90210980	65640096	69891700	59779146.6666667	39909820	0.0121856423886226	0.908959453389997	0.0200875231923944	9-cis,11-trans-octadecadienoate_[334_298.27_1.3]	9-cis,11-trans-octadecadienoate	Selin Cla	[M + H3N + H]+	304	Fatty acids	Fatty Acids and Conjugates	Unsaturated fatty acids	1	0.907	0.946
raw	class	Unsaturated fatty acids	NPC class: Unsaturated fatty acids	509	PET	Untreated	12539260	12539260	8780937.24444444	2790714.2	15535289.0666667	19224890	7811493.6	2291697.8	2996029.06666667	2790714.2	0.0121621430432345	0.921121596433232	0.00267575252005874	10-undecynoic acid_[509_200.16_2]	10-undecynoic acid	undec-10-ynoic acid	[M + H3N + H]+	182	Fatty acids	Fatty Acids and Conjugates	Unsaturated fatty acids	0.993	0.962	0.833
raw	class	Unsaturated fatty acids	NPC class: Unsaturated fatty acids	445	PET	Untreated	7647305.66666667	7647305.66666667	21024171.6666667	21866738	24304158.6666667	26177400	22111503.3333333	21866738	16656853	15720252	0.00741731373409097	0.928538910167323	0.00640654622088579	NA_[445_172.13_1.7]	NA	2-(2-methylcyclohex-1-en-1-yl)acetic acid	[M + H3N + H]+	293	Fatty acids	Fatty Acids and Conjugates	Unsaturated fatty acids	0.966	0.661	0.798
raw	class	Unsaturated fatty acids	NPC class: Unsaturated fatty acids	426	PS	Untreated	6953039.33333333	6953039.33333333	26563214.2222222	28849548	26602934	28849548	30019874	33305220	23066834.6666667	18905554	0.00674392738943411	0.935282837556757	0.0080944192421988	9-cis,11-trans-octadecadienoate_[426_281.25_1.7]	9-cis,11-trans-octadecadienoate	Selin Cla	[M + H]+	3	Fatty acids	Fatty Acids and Conjugates	Unsaturated fatty acids	1	0.91	0.956
raw	class	Unsaturated fatty acids	NPC class: Unsaturated fatty acids	476	PET	Untreated	6905881.43333333	6905881.43333333	4778306.53333333	1491247.1	8524013.33333333	9688857	4192774.36666667	1214958	1618131.9	1491247.1	0.00669818775843368	0.94198102531519	0.00145605934677064	NA_[476_198.15_1.9]	NA	Undeca-2Z-en-8,10-diensaure	[M + H3N + H]+	16	Fatty acids	Fatty Acids and Conjugates	Unsaturated fatty acids	0.997	0.839	0.889
raw	class	Unsaturated fatty acids	NPC class: Unsaturated fatty acids	215	PS	Untreated	4764678.83333333	4764678.83333333	12241318.6111111	11900816	11819614	10894390	14834510.3333333	15814421	10069831.5	11900816	0.00462138160673529	0.946602406921926	0.00373020990934036	(9Z,11E,13E)-octadeca-9,11,13-trienoic acid_[215_279.23_1]	(9Z,11E,13E)-octadeca-9,11,13-trienoic acid	Alpha-Esa	[M + H]+	3	Fatty acids	Fatty Acids and Conjugates	Unsaturated fatty acids	1	0.934	0.97
raw	class	Unsaturated fatty acids	NPC class: Unsaturated fatty acids	380	PET	Untreated	4080803.1	4080803.1	5859573.05555556	5712160.5	8167755.5	8072605	5324011.26666667	5388312	4086952.4	2620105	0.00395807336585051	0.950560480287776	0.00178554599963583	2E,4E,8Z,10E-dodecatetraenoic acid_[380_210.15_1.5]	2E,4E,8Z,10E-dodecatetraenoic acid	Dodeca-2,4,8,10-tetraenoic acid	[M + H3N + H]+	428	Fatty acids	Fatty Acids and Conjugates	Unsaturated fatty acids	0.974	0.729	0.805
raw	class	Unsaturated fatty acids	NPC class: Unsaturated fatty acids	699	PET	Untreated	4040580.43333333	4040580.43333333	2859561.84444444	1013873.6	5054454.03333333	5740163.5	2510357.9	1013873.6	1013873.6	1013873.6	0.00391906039175313	0.954479540679529	0.000871373931794923	10-undecynoic acid_[699_200.16_2.7]	10-undecynoic acid	undec-10-ynoic acid	[M + H3N + H]+	182	Fatty acids	Fatty Acids and Conjugates	Unsaturated fatty acids	0.994	0.962	0.853
raw	class	Unsaturated fatty acids	NPC class: Unsaturated fatty acids	83	PET	Untreated	3996193	3996193	16533851.8888889	15855233	17945923	16354002	17705902.6666667	15522646	13949730	15855233	0.00387600790591887	0.958355548585448	0.00503824302877949	NA_[83_158.12_0.6]	NA	Bicyclo[2.2.1]heptane-7-carboxylate	[M + H3N + H]+	293	Fatty acids	Fatty Acids and Conjugates	Unsaturated fatty acids	0.989	0.726	0.805
raw	class	Unsaturated fatty acids	NPC class: Unsaturated fatty acids	581	PS	Untreated	3531182	3531182	14573671.3333333	15521994	14276974.6666667	15521994	16487610.6666667	18800930	12956428.6666667	11366346	0.00342498206398901	0.961780530649437	0.00444093115701815	7,13-Eicosadienoic acid_[581_326.31_2.3]	7,13-Eicosadienoic acid	NA	[M + H3N + H]+	304	Fatty acids	Fatty Acids and Conjugates	Unsaturated fatty acids	1	0.975	0.98
raw	class	Unsaturated fatty acids	NPC class: Unsaturated fatty acids	664	PET	Untreated	3514869.76666667	3514869.76666667	2583740.23333333	1013873.6	4528743.36666667	5094883	2208603.73333333	1013873.6	1013873.6	1013873.6	0.00340916041939797	0.965189691068835	0.000787324775028184	NA_[664_200.16_2.6]	NA	Cyclobutanecarboxylic acid, 3-cyclohexyl-	[M + H3N + H]+	182	Fatty acids	Fatty Acids and Conjugates	Unsaturated fatty acids	0.968	0.846	0.803
raw	class	Unsaturated fatty acids	NPC class: Unsaturated fatty acids	218	PET	Untreated	3437621.33333333	3437621.33333333	24572777.7777778	24808930	26347015.3333333	24808930	24461924	22537164	22909394	27111984	0.00333423522476401	0.968523926293599	0.00748788770872171	NA_[218_172.13_1]	NA	2-(2-methylcyclohex-1-en-1-yl)acetic acid	[M + H3N + H]+	293	Fatty acids	Fatty Acids and Conjugates	Unsaturated fatty acids	0.977	0.628	0.711
raw	class	Unsaturated fatty acids	NPC class: Unsaturated fatty acids	404	PS	Untreated	3344938.66666667	3344938.66666667	8847041	8238575	8729889.66666667	7931946.5	10578086	11639405	7233147.33333333	8238575	0.00324433997977919	0.971768266273378	0.00269589584708514	NA_[404_310.27_1.6]	NA	nonadec-12-en-9-ynoic acid	[M + H3N + H]+	3	Fatty acids	Fatty Acids and Conjugates	Unsaturated fatty acids	0.998	0.547	0.739
raw	class	Unsaturated fatty acids	NPC class: Unsaturated fatty acids	339	PET	PS	2471600.33333333	2471600.33333333	16842610.2222222	17640320	18353153.3333333	18060346	15881553	13970905	16293124.3333333	17640320	0.00239726720713232	0.974165533480511	0.00513232875852645	NA_[339_155.11_1.3]	NA	1,2,3,3a,4,5,6,6a-Octahydropentalene-2-carboxylate	[M + H]+	266	Fatty acids	Fatty Acids and Conjugates	Unsaturated fatty acids	0.995	0.757	0.85
raw	class	Unsaturated fatty acids	NPC class: Unsaturated fatty acids	328	PET	Untreated	2174720.33333334	2174720.33333334	18549290.1111111	19540078	19387568.6666667	19569152	19047453.3333333	18660262	17212848.3333333	19540078	0.00210931584264387	0.976274849323155	0.00565239317608247	trans-4,5-epoxy-2(E)-decenal_[328_169.12_1.3]	trans-4,5-epoxy-2(E)-decenal	3-(3-pentyloxiran-2-yl)prop-2-enal	[M + H]+	230	Fatty acids	Fatty Acids and Conjugates	Unsaturated fatty acids	0.991	0.817	0.785
raw	class	Unsaturated fatty acids	NPC class: Unsaturated fatty acids	906	PS	Untreated	2117667.16666667	2117667.16666667	7753655.22222222	8140947	8283796.83333333	8140947	8547418	8456866	6429750.83333333	5471932	0.00205397854410556	0.97832882786726	0.00236271617971691	(9Z,11E,13E)-octadeca-9,11,13-trienoic acid_[906_296.26_3.4]	(9Z,11E,13E)-octadeca-9,11,13-trienoic acid	Alpha-Esa	[M + H3N + H]+	58	Fatty acids	Fatty Acids and Conjugates	Unsaturated fatty acids	0.999	0.911	0.892
raw	class	Unsaturated fatty acids	NPC class: Unsaturated fatty acids	395	PS	PET	2029706.3	2029706.3	3504703.22222222	3397531.8	2164914.63333333	2231616.2	4194620.93333333	4985198.5	4154574.1	4345606.5	0.00196866309147064	0.980297490958731	0.00106796327292422	henicosanoic acid_[395_344.35_1.6]	henicosanoic acid	Heneicosanoic Acid	[M + H3N + H]+	21	Fatty acids	Fatty Acids and Conjugates	Unsaturated fatty acids	1	0.902	0.916
raw	class	Unsaturated fatty acids	NPC class: Unsaturated fatty acids	845	PET	Untreated	1803680.1	1803680.1	3054501.45555556	2807952	3691389.76666667	3200074.8	3584404.93333333	3353091	1887709.66666667	1841303.4	0.00174943460622361	0.982046925564954	0.000930776492269871	NA_[845_437.4_3.3]	NA	(E)-19-oxooctacos-22-enoic acid	[M + H]+	70	Fatty acids	Fatty Acids and Conjugates	Unsaturated fatty acids	0.997	0.514	0.819
raw	class	Unsaturated fatty acids	NPC class: Unsaturated fatty acids	914	PS	Untreated	1699952.4	1699952.4	2240089.71111111	1617448	2027152.26666667	1476660.4	3196534.63333333	2931390	1496582.23333333	1617448	0.00164882650614867	0.983695752071103	0.000682606596859062	NA_[914_406.37_3.5]	NA	Hexaeicosatetraenoic acid	[M + H3N + H]+	-1	Fatty acids	Fatty Acids and Conjugates	Unsaturated fatty acids	0.982	0.574	0.804
raw	class	Unsaturated fatty acids	NPC class: Unsaturated fatty acids	352	PS	Untreated	1381139.66666667	1381139.66666667	10830737.5555556	11607339	10892375	11607339	11490488.6666667	12288844	10109349	8819783	0.00133960203302947	0.985035354104132	0.00330037358218316	9-Heptadecynoic acid_[352_284.26_1.4]	9-Heptadecynoic acid	9-Heptadecynoic acid	[M + H3N + H]+	304	Fatty acids	Fatty Acids and Conjugates	Unsaturated fatty acids	1	0.939	0.942
raw	class	Unsaturated fatty acids	NPC class: Unsaturated fatty acids	1207	PS	Untreated	1334675.1	1334675.1	4135748.03333333	4088728	4169532.33333333	4088728	4786193.43333333	5170968.5	3451518.33333333	3620336.8	0.00129453488343357	0.986329888987566	0.00126025706760643	(9Z,11E,13E)-octadeca-9,11,13-trienoic acid_[1207_296.26_4.4]	(9Z,11E,13E)-octadeca-9,11,13-trienoic acid	Alpha-Esa	[M + H3N + H]+	3	Fatty acids	Fatty Acids and Conjugates	Unsaturated fatty acids	1	0.882	0.898
raw	class	Unsaturated fatty acids	NPC class: Unsaturated fatty acids	312	PET	Untreated	1268000.66666667	1268000.66666667	13571152.3333333	14143641	14263888	14371933	13453681.6666667	12179656	12995887.3333333	14143641	0.00122986567683553	0.987559754664402	0.0041354406762208	Decahydro-2-naphthoic acid_[312_200.16_1.3]	Decahydro-2-naphthoic acid	(2R,4aR,8aS)-1,2,3,4,4a,5,6,7,8,8a-decahydronaphthalene-2-carboxylic acid	[M + H3N + H]+	182	Fatty acids	Fatty Acids and Conjugates	Unsaturated fatty acids	0.993	0.967	0.881
raw	class	Unsaturated fatty acids	NPC class: Unsaturated fatty acids	184	PET	Untreated	1210460	1210460	7949310.44444444	8500014	8399851	8741753	8258689.33333333	8674687	7189391	7252278.5	0.00117405553980965	0.988733810204211	0.00242233680327335	11-tetradecynoic acid_[184_242.21_0.9]	11-tetradecynoic acid	11-Tetradecynoic acid	[M + H3N + H]+	304	Fatty acids	Fatty Acids and Conjugates	Unsaturated fatty acids	0.998	0.877	0.83
raw	class	Unsaturated fatty acids	NPC class: Unsaturated fatty acids	714	PET	Untreated	1188958.66666666	1188958.66666666	30900765.1111111	31486330	31395939.3333333	31687618	31099375.3333333	30974700	30206980.6666667	31905434	0.00115320085686821	0.989887011061079	0.00941617025791988	NA_[714_149.1_2.8]	NA	deca-2,4,6-trienoic acid	[M - H2O + H]+	-1	Fatty acids	Fatty Acids and Conjugates	Unsaturated fatty acids	0.956	0.54	0.712
raw	class	Unsaturated fatty acids	NPC class: Unsaturated fatty acids	770	PS	Untreated	1171303.33333333	1171303.33333333	5016950.05555556	4843317.5	4970442.83333333	4843317.5	5625855.33333333	5819174.5	4454552	4268004	0.00113607650587175	0.991023087566951	0.00152877948907502	NA_[770_294.24_2.9]	NA	9,13-Octadecadiynoic acid	[M + H3N + H]+	19	Fatty acids	Fatty Acids and Conjugates	Unsaturated fatty acids	0.998	0.902	0.915
raw	class	Unsaturated fatty acids	NPC class: Unsaturated fatty acids	412	PET	PS	902308.833333333	902308.833333333	7982099.44444444	7638242	8350413	8262275.5	7448104.16666667	7638242	8147781.16666667	7171647.5	0.00087517198783453	0.991898259554786	0.00243232836191201	NA_[412_322.27_1.6]	NA	10,13-Eicosadiynoic acid	[M + H3N + H]+	145	Fatty acids	Fatty Acids and Conjugates	Unsaturated fatty acids	0.996	0.815	0.911
raw	class	Unsaturated fatty acids	NPC class: Unsaturated fatty acids	414	PET	Untreated	880792.866666666	880792.866666666	3993552.65555556	4212619	4336315.33333333	4583040.5	4188820.16666667	4212619	3455522.46666667	3406294	0.000854303111655755	0.992752562666441	0.00121692688201943	6-undecynoic acid_[414_200.16_1.6]	6-undecynoic acid	6-Undecynoic acid	[M + H3N + H]+	182	Fatty acids	Fatty Acids and Conjugates	Unsaturated fatty acids	0.998	0.972	0.923
raw	class	Unsaturated fatty acids	NPC class: Unsaturated fatty acids	102	PET	Untreated	851171.333333336	851171.333333336	26442248.8888889	25061794	26771392.6666667	25061794	26635132.6666667	26467676	25920221.3333333	23431080	0.000825572442895405	0.993578135109337	0.00805755833697924	NA_[102_198.15_0.6]	NA	Methyl dec-2-en-4-ynoate	[M + H3N + H]+	16	Fatty acids	Fatty Acids and Conjugates	Unsaturated fatty acids	0.992	0.684	0.795
raw	class	Unsaturated fatty acids	NPC class: Unsaturated fatty acids	772	PET	Untreated	774704	774704	10755019.6666667	10225726	11051276.3333333	10225726	10937210.3333333	11093401	10276572.3333333	8834035	0.000751404856759164	0.994329539966096	0.00327730060872168	(9Z,11E,13E)-octadeca-9,11,13-trienoic acid_[772_296.26_2.9]	(9Z,11E,13E)-octadeca-9,11,13-trienoic acid	Alpha-Esa	[M + H3N + H]+	3	Fatty acids	Fatty Acids and Conjugates	Unsaturated fatty acids	1	0.891	0.939
raw	class	Unsaturated fatty acids	NPC class: Unsaturated fatty acids	480	Untreated	PS	709765.666666666	709765.666666666	10391132.6666667	10360885	10428302.3333333	10360885	10017665	10175546	10727430.6666667	10579333	0.000688419537131909	0.995017959503228	0.00316641591268509	NA_[480_312.29_1.9]	NA	nonadeca-9,11-dienoic acid	[M + H3N + H]+	36	Fatty acids	Fatty Acids and Conjugates	Unsaturated fatty acids	1	0.955	0.974
raw	class	Unsaturated fatty acids	NPC class: Unsaturated fatty acids	1451	PET	Untreated	708546.666666667	708546.666666667	1766782.24444444	1735859.2	2093202.26666667	1839952.9	1822488.86666667	1735859.2	1384655.6	1222071.2	0.000687237198431723	0.99570519670166	0.000538378980667269	(9Z,11E,13E)-octadeca-9,11,13-trienoic acid_[1451_296.26_5.5]	(9Z,11E,13E)-octadeca-9,11,13-trienoic acid	Alpha-Esa	[M + H3N + H]+	3	Fatty acids	Fatty Acids and Conjugates	Unsaturated fatty acids	1	0.916	0.955
raw	class	Unsaturated fatty acids	NPC class: Unsaturated fatty acids	343	PET	Untreated	653642.666666668	653642.666666668	21928465.7777778	22229740	22275616.6666667	22229740	21887806.6666667	20048242	21621974	24296120	0.000633984430593292	0.996339181132253	0.00668210533027479	NA_[343_158.12_1.4]	NA	Bicyclo[2.2.1]heptane-7-carboxylate	[M + H3N + H]+	293	Fatty acids	Fatty Acids and Conjugates	Unsaturated fatty acids	0.99	0.812	0.843
raw	class	Unsaturated fatty acids	NPC class: Unsaturated fatty acids	565	PS	PET	647740.033333333	647740.033333333	1822853.16666667	1817951.2	1409398.96666667	1401372.2	2057139	2298128.2	2002021.53333333	2027592.6	0.000628259318351279	0.996967440450604	0.000555465073787118	22-oxodocosanoate_[565_372.35_2.2]	22-oxodocosanoate	NA	[M + H3N + H]+	21	Fatty acids	Fatty Acids and Conjugates	Unsaturated fatty acids	0.999	0.711	0.776
raw	class	Unsaturated fatty acids	NPC class: Unsaturated fatty acids	1071	PS	Untreated	592435.033333333	592435.033333333	2253751.51111111	2121491.8	2202250.16666667	2121491.8	2575719.7	2796311	1983284.66666667	1953799.8	0.000574617610546665	0.997542058061151	0.000686769659953683	stearolic acid_[1071_298.27_3.9]	stearolic acid	Stearolsaeure	[M + H3N + H]+	58	Fatty acids	Fatty Acids and Conjugates	Unsaturated fatty acids	1	0.902	0.94
raw	class	Unsaturated fatty acids	NPC class: Unsaturated fatty acids	1115	PET	Untreated	469928.066666666	469928.066666666	1958193.58888889	1684357.4	2137795.53333333	2116945	2068917.76666667	1684357.4	1667867.46666667	1426266.6	0.000455795028321497	0.997997853089472	0.000596706397548547	NA_[1115_382.37_4.1]	NA	15-Tetracosynoic acid	[M + H3N + H]+	20	Fatty acids	Fatty Acids and Conjugates	Unsaturated fatty acids	0.994	0.69	0.851
raw	class	Unsaturated fatty acids	NPC class: Unsaturated fatty acids	1056	PS	Untreated	437360.766666667	437360.766666667	2300734.01111111	2179816.8	2255895.6	2179816.8	2541833.6	2843900.2	2104472.83333333	2171555.2	0.000424207186524459	0.998422060275997	0.000701086302844304	stearolic acid_[1056_298.27_3.9]	stearolic acid	Stearolsaeure	[M + H3N + H]+	58	Fatty acids	Fatty Acids and Conjugates	Unsaturated fatty acids	1	0.928	0.949
raw	class	Unsaturated fatty acids	NPC class: Unsaturated fatty acids	1648	PET	Untreated	368733.433333333	368733.433333333	1618223.9	1726573.9	1793740.3	1726573.9	1635924.53333333	1781042.8	1425006.86666667	1385755	0.000357643813193359	0.99877970408919	0.00049310985352774	(9Z,11E,13E)-octadeca-9,11,13-trienoic acid_[1648_296.26_6.1]	(9Z,11E,13E)-octadeca-9,11,13-trienoic acid	Alpha-Esa	[M + H3N + H]+	3	Fatty acids	Fatty Acids and Conjugates	Unsaturated fatty acids	1	0.953	0.963
raw	class	Unsaturated fatty acids	NPC class: Unsaturated fatty acids	1165	PS	Untreated	352194.133333333	352194.133333333	1266194.42222222	1013873.6	1231625.8	1013873.6	1459575.8	1522227.6	1107381.66666667	1013873.6	0.000341601930942336	0.999121306020132	0.000385838415858054	NA_[1165_432.35_4.3]	NA	3-[(2E)-3,7-dimethylocta-2,6-dienyl]-5-hexyl-4-hydroxy-6-pentylcyclohexa-3,5-diene-1,2-dione	[M + H3N + H]+	363	Fatty acids	Fatty Acids and Conjugates	Unsaturated fatty acids	0.99	0.745	0.857
raw	class	Unsaturated fatty acids	NPC class: Unsaturated fatty acids	555	Untreated	PS	339208.266666667	339208.266666667	3291878.58888889	3283865.2	3404152.16666667	3089544	3066137.66666667	2878644	3405345.93333333	3346856.8	0.00032900661288207	0.999450312633015	0.00100311073689995	7,13-Eicosadienoic acid_[555_326.31_2.1]	7,13-Eicosadienoic acid	NA	[M + H3N + H]+	304	Fatty acids	Fatty Acids and Conjugates	Unsaturated fatty acids	1	0.808	0.905
raw	class	Unsaturated fatty acids	NPC class: Unsaturated fatty acids	857	PS	PET	312433.966666667	312433.966666667	1118018.25555556	1013873.6	1013873.6	1013873.6	1326307.56666667	1108649.5	1013873.6	1013873.6	0.000303037547204951	0.99975335018022	0.000340685747033114	NA_[857_406.37_3.3]	NA	Hexaeicosatetraenoic acid	[M + H3N + H]+	131	Fatty acids	Fatty Acids and Conjugates	Unsaturated fatty acids	0.996	0.829	0.932
raw	class	Unsaturated fatty acids	NPC class: Unsaturated fatty acids	2328	PS	Untreated	254297.8	254297.8	1638834.14444444	1607525.2	1624459.16666667	1607525.2	1773170.53333333	2115946.2	1518872.73333333	1606553.8	0.00024664981978042	1	0.000499390266651765	NA_[2328_296.26_7.8]	NA	(E)-octadec-2-en-4-ynoic acid	[M + H3N + H]+	-1	Fatty acids	Fatty Acids and Conjugates	Unsaturated fatty acids	1	0.92	0.936
raw	class	Unsaturated fatty acids	NPC class: Unsaturated fatty acids	1163	PET	PET	0	0	1013873.6	1013873.6	1013873.6	1013873.6	1013873.6	1013873.6	1013873.6	1013873.6	0	1	0.000308950487254355	11E,17-Octadecadien-9-ynoic acid_[1163_294.24_4.2]	11E,17-Octadecadien-9-ynoic acid	octadeca-11,17-dien-9-ynoic acid	[M + H3N + H]+	-1	Fatty acids	Fatty Acids and Conjugates	Unsaturated fatty acids	1	0.888	0.923
raw	class	Unsaturated fatty acids	NPC class: Unsaturated fatty acids	1388	PET	PET	0	0	1013873.6	1013873.6	1013873.6	1013873.6	1013873.6	1013873.6	1013873.6	1013873.6	0	1	0.000308950487254355	stearolic acid_[1388_263.24_5.2]	stearolic acid	Stearolsaeure	[M - H2O + H]+	3	Fatty acids	Fatty Acids and Conjugates	Unsaturated fatty acids	1	0.911	0.917
raw	class	Unsaturated fatty acids	NPC class: Unsaturated fatty acids	1413	PET	PET	0	0	1013873.6	1013873.6	1013873.6	1013873.6	1013873.6	1013873.6	1013873.6	1013873.6	0	1	0.000308950487254355	NA_[1413_407.36_5.2]	NA	N-(5Z,8Z,11Z,14Z-tricosatetraenoyl)-ethanolamine	[M + H3N + H]+	18	Fatty acids	Fatty Acids and Conjugates	Unsaturated fatty acids	1	0.901	0.754
raw	class	Wax monoesters	NPC class: Wax monoesters	2366	PS	PET	302716926.666667	302716926.666667	450734033.333333	376157060	300427066.666667	327697000	603143993.333333	669279500	448631040	476175800	0.557388982005077	0.557388982005077	0.511460224989875	NA_[2366_568.57_7.9]	NA	Stearic anhydride	[M + H3N + H]+	21	Fatty acids	Fatty esters	Wax monoesters	0.997	0.962	0.842
raw	class	Wax monoesters	NPC class: Wax monoesters	1147	PS	PET	131088636.666667	131088636.666667	240681592.222222	238273500	154232000	164618720	285320636.666667	335768160	282492140	287445060	0.241371906581636	0.798760888586713	0.273107979884588	NA_[1147_456.44_4.2]	NA	tetradecanoyl tetradecanoate	[M + H3N + H]+	21	Fatty acids	Fatty esters	Wax monoesters	0.985	0.949	0.781
raw	class	Wax monoesters	NPC class: Wax monoesters	2962	PS	PET	25483576.6666667	25483576.6666667	32713964.8888889	28287748	22793580	24887944	48277156.6666667	51376760	27071158	28287748	0.0469225986550878	0.845683487241801	0.0371214299453802	NA_[2962_624.63_9.5]	NA	icosanoyl icosanoate	[M + H3N + H]+	21	Fatty acids	Fatty esters	Wax monoesters	0.998	0.942	0.81
raw	class	Wax monoesters	NPC class: Wax monoesters	2422	PET	Untreated	13945276.6	13945276.6	13789710.1333333	9671746	21214368.3333333	22891672	12885670.3333333	9751453	7269091.73333333	8456457	0.0256772675827682	0.871360754824569	0.0156475609245241	NA_[2422_396.38_8]	NA	5-Pentacosynoic acid	[M + H3N + H]+	20	Fatty acids	Fatty esters	Wax monoesters	0.86	0.908	0.809
raw	class	Wax monoesters	NPC class: Wax monoesters	1964	PS	PET	8745279.16666667	8745279.16666667	12152012.2777778	10235292	7838372.66666667	8880477	16583651.8333333	18349728	12034012.3333333	11914976	0.0161025757817172	0.887463330606286	0.0137892204138833	12-(octadecanoyloxy)octadecanoate_[1964_584.56_6.9]	12-(octadecanoyloxy)octadecanoate	12-Octadecanoyloxy-octadecanoic acid	[M + H3N + H]+	168	Fatty acids	Glycerolipids	Wax monoesters	0.999	0.963	0.771
raw	class	Wax monoesters	NPC class: Wax monoesters	2087	PS	Untreated	7735849.16666667	7735849.16666667	16119941.7222222	15248069	15533033	15437097	20281320.6666667	19269398	12545471.5	15103205	0.0142439246441648	0.901707255250451	0.0182917383874898	(2E)-geranyl hexadecanoate_[2087_410.4_7.2]	(2E)-geranyl hexadecanoate	Hexadecanoic acid, (2E)-3,7-dimethyl-2,6-octadienyl ester	[M + H3N + H]+	20	Fatty acids	Fatty esters	Wax monoesters	0.944	0.957	0.863
raw	class	Wax monoesters	NPC class: Wax monoesters	2381	PET	Untreated	6934923.16666667	6934923.16666667	8827032.55555556	6297219	12605374.1666667	13504827	8205272.5	6297219	5670451	6242131	0.0127691893767412	0.914476444627192	0.0100162750601942	NA_[2381_396.38_8]	NA	5-Pentacosynoic acid	[M + H3N + H]+	20	Fatty acids	Fatty esters	Wax monoesters	0.971	0.977	0.904
raw	class	Wax monoesters	NPC class: Wax monoesters	1224	PET	Untreated	5544818.83333333	5544818.83333333	10965940.8222222	10176326	13741120.0666667	13116742	10960401.1666667	10176326	8196301.23333333	6514680.5	0.0102096072358631	0.924686051863055	0.012443352721075	NA_[1224_396.38_4.5]	NA	5-Pentacosynoic acid	[M + H3N + H]+	20	Fatty acids	Fatty esters	Wax monoesters	0.925	0.947	0.848
raw	class	Wax monoesters	NPC class: Wax monoesters	1417	PET	Untreated	5452024.33333333	5452024.33333333	11292549.0555556	10506580	14457203.6666667	10506580	10415264.1666667	11228004	9005179.33333333	9025286	0.0100387458556945	0.93472479771875	0.0128139640087757	NA_[1417_396.38_5.3]	NA	Methyl 3-(2-octadecylcyclopropen-1-yl)propanoate	[M + H3N + H]+	20	Fatty acids	Fatty esters	Wax monoesters	0.953	0.982	0.904
raw	class	Wax monoesters	NPC class: Wax monoesters	833	Untreated	PET	5345257.66666667	5345257.66666667	9740734.27777778	9122535	6222918	6368868	11431109.1666667	13267193	11568175.6666667	12685962	0.00984215769559158	0.944566955414341	0.0110530773734462	NA_[833_428.41_3.2]	NA	ethyl 14-oxotetracosanoate	[M + H3N + H]+	21	Fatty acids	Fatty esters	Wax monoesters	0.987	0.96	0.81
raw	class	Wax monoesters	NPC class: Wax monoesters	2077	PS	Untreated	4329030.66666667	4329030.66666667	12013931	11450981	11929392.3333333	11450981	14220715.6666667	14500693	9891685	10955157	0.00797099132490562	0.952537946739247	0.0136325358145935	NA_[2077_396.38_7.2]	NA	5-Pentacosynoic acid	[M + H3N + H]+	20	Fatty acids	Fatty esters	Wax monoesters	0.942	0.969	0.871
raw	class	Wax monoesters	NPC class: Wax monoesters	1421	PET	Untreated	3608340.13333333	3608340.13333333	6144082.1	6201994.5	8177652.66666667	6333220.5	5685281.1	6201994.5	4569312.53333333	4657785	0.00664399264287389	0.959181939382121	0.00697185786035002	(2E)-geranyl hexadecanoate_[1421_410.4_5.3]	(2E)-geranyl hexadecanoate	Hexadecanoic acid, (2E)-3,7-dimethyl-2,6-octadienyl ester	[M + H3N + H]+	130	Fatty acids	Fatty esters	Wax monoesters	0.934	0.975	0.872
raw	class	Wax monoesters	NPC class: Wax monoesters	2547	PS	PET	2792908.36666667	2792908.36666667	3413617.45555556	2566654.2	2201514.16666667	2392021.2	4994422.53333333	5311128.5	3044915.66666667	3253229	0.00514254808434937	0.96432448746647	0.00387352501193677	NA_[2547_640.62_8.5]	NA	Tetramethylene distearate	[M + H3N + H]+	168	Fatty acids	Fatty esters	Wax monoesters	0.999	0.992	0.852
raw	class	Wax monoesters	NPC class: Wax monoesters	220	PET	Untreated	2547543.56666667	2547543.56666667	11166143.3111111	12111295	12463653.6666667	15341695	11118666.1666667	12111295	9916110.1	6300461.5	0.00469076087311597	0.969015248339586	0.0126705279562206	NA_[220_284.26_1]	NA	methyl 11-(cyclopent-2-en-1-yl)undecanoate	[M + H3N + H]+	220	Fatty acids	Fatty esters	Wax monoesters	0.992	0.68	0.713
raw	class	Wax monoesters	NPC class: Wax monoesters	1107	PS	PET	2077757.9	2077757.9	3274603.91111111	3108837	2056446.83333333	2381462.8	4134204.73333333	4913420	3633160.16666667	3680121.5	0.00382575025944702	0.972840998599033	0.00371578254418392	NA_[1107_500.47_4.1]	NA	[(2S)-2-dodecanoyloxypropyl] pentadecanoate	[M + H3N + H]+	21	Fatty acids	Fatty esters	Wax monoesters	0.953	0.977	0.84
raw	class	Wax monoesters	NPC class: Wax monoesters	2378	PET	Untreated	1461634.93333333	1461634.93333333	1624223.51111111	1013873.6	2475508.53333333	2506783.8	1383288.4	1013873.6	1013873.6	1013873.6	0.00269129056153117	0.975532289160564	0.00184305080378163	NA_[2378_438.43_8]	NA	19-Octacosynoic acid	[M + H3N + H]+	57	Fatty acids	Fatty esters	Wax monoesters	0.683	0.919	0.758
raw	class	Wax monoesters	NPC class: Wax monoesters	2093	PS	Untreated	1412175.63333333	1412175.63333333	2794026.36666667	2689895.8	2749432.4	2745733.5	3522411.16666667	3541526.8	2110235.53333333	2626937.2	0.00260022175615829	0.978132510916723	0.00317045807159221	NA_[2093_382.37_7.2]	NA	15-Tetracosynoic acid	[M + H3N + H]+	20	Fatty acids	Fatty esters	Wax monoesters	0.965	0.895	0.793
raw	class	Wax monoesters	NPC class: Wax monoesters	1456	PS	PET	1405332.33333333	1405332.33333333	2737604.91111111	2451567	1954583.86666667	2112143.5	3359916.2	4048253	2898314.66666667	3069844	0.00258762127139995	0.980720132188123	0.00310643510412447	NA_[1456_468.48_5.5]	NA	Ethenyl octacosanoate	[M + H3N + H]+	21	Fatty acids	Fatty esters	Wax monoesters	0.98	0.992	0.931
raw	class	Wax monoesters	NPC class: Wax monoesters	598	Untreated	PET	1309711.66666667	1309711.66666667	2518066.3	2295989.8	1702698.86666667	1645213.1	2839089.5	3196639.2	3012410.53333333	3227640	0.00241155610504515	0.983131688293168	0.0028573186426883	dodecanoic anhydride_[598_400.38_2.4]	dodecanoic anhydride	dodecanoyl dodecanoate	[M + H3N + H]+	21	Fatty acids	Fatty esters	Wax monoesters	0.964	0.965	0.838
raw	class	Wax monoesters	NPC class: Wax monoesters	1817	PS	PET	1171812.8	1171812.8	2088475.06666667	1990722.4	1691383.4	1908369.1	2863196.2	2150378.2	1710845.6	1946805.9	0.00215764460509251	0.98528933289826	0.00236984973063511	NA_[1817_538.52_6.5]	NA	[(E)-hexadec-9-enoyl] octadecanoate	[M + H3N + H]+	20	Fatty acids	Fatty esters	Wax monoesters	0.979	0.946	0.765
raw	class	Wax monoesters	NPC class: Wax monoesters	3198	PS	PET	1037492.3	1037492.3	1822450.73333333	1673633	1297946.83333333	1206333.9	2335439.13333333	2277961.5	1833966.23333333	2055839.1	0.00191032190800444	0.987199654806265	0.0020679846498618	NA_[3198_568.57_10.2]	NA	Stearic anhydride	[M + H3N + H]+	21	Fatty acids	Fatty esters	Wax monoesters	0.997	0.962	0.793
raw	class	Wax monoesters	NPC class: Wax monoesters	1281	PS	PET	1028009.86666667	1028009.86666667	1875964.95555556	1676456.4	1236776.9	1314700.2	2264786.76666667	2630689.2	2126331.2	2204459.2	0.00189286201925359	0.989092516825518	0.00212870870021922	NA_[1281_470.46_4.7]	NA	2-Oxodecyl nonadecanoate	[M + H3N + H]+	-1	Fatty acids	Fatty esters	Wax monoesters	0.983	0.97	0.854
raw	class	Wax monoesters	NPC class: Wax monoesters	1720	PS	PET	908060.233333333	908060.233333333	1874197.04444444	1762161.6	1338190.8	1407907.9	2246251.03333333	2845933	2038149.3	2116167.8	0.00167200022354314	0.990764517049062	0.00212670260316912	NA_[1720_496.51_6.3]	NA	dotriacontane-11,13-dione	[M + H3N + H]+	21	Fatty acids	Fatty esters	Wax monoesters	0.992	0.989	0.94
raw	class	Wax monoesters	NPC class: Wax monoesters	1416	PET	PS	758109.933333333	758109.933333333	2254922.88888889	1996249.4	2743520.3	1996249.4	1985410.36666667	2036977.6	2035838	1673143.2	0.00139589856649775	0.992160415615559	0.00255872262308851	NA_[1416_438.43_5.3]	NA	19-Octacosynoic acid	[M + H3N + H]+	57	Fatty acids	Fatty esters	Wax monoesters	0.924	0.978	0.915
raw	class	Wax monoesters	NPC class: Wax monoesters	2086	PS	Untreated	588043.866666667	588043.866666667	1240979.27777778	1013873.6	1107146.76666667	1013873.6	1601917.46666667	1396503.6	1013873.6	1013873.6	0.00108275799382894	0.993243173609388	0.00140817309916912	NA_[2086_452.45_7.2]	NA	Undec-10-ynoic acid, octadecyl ester	[M + H3N + H]+	57	Fatty acids	Fatty esters	Wax monoesters	0.969	0.986	0.919
raw	class	Wax monoesters	NPC class: Wax monoesters	1519	PET	PS	583855.966666667	583855.966666667	1208492.25555556	1013873.6	1597729.56666667	1013873.6	1013873.6	1013873.6	1013873.6	1013873.6	0.00107504686467788	0.994318220474066	0.00137130918726934	NA_[1519_396.38_5.7]	NA	Methyl 3-(2-octadecylcyclopropen-1-yl)propanoate	[M + H3N + H]+	20	Fatty acids	Fatty esters	Wax monoesters	0.938	0.976	0.876
raw	class	Wax monoesters	NPC class: Wax monoesters	2072	PS	Untreated	531611.533333333	531611.533333333	1730077.98888889	1763939.6	1763874.56666667	1806353.2	1978985.46666667	1908322	1447373.93333333	1564308.6	0.000978849827294619	0.995297070301361	0.0019631667724384	NA_[2072_424.41_7.1]	NA	Methyl 5-(2-octadecylcycloprop-1-en-1-yl)pentanoate	[M + H3N + H]+	20	Fatty acids	Fatty esters	Wax monoesters	0.971	0.974	0.91
raw	class	Wax monoesters	NPC class: Wax monoesters	1607	PET	Untreated	495762.3	495762.3	1660925.37777778	1459999.6	1980850.23333333	1322757.1	1516837.96666667	1476001.5	1485087.93333333	1459999.6	0.000912841071545946	0.996209911372907	0.00188469741485304	NA_[1607_424.41_6]	NA	Undec-10-ynoic acid, hexadecyl ester	[M + H3N + H]+	20	Fatty acids	Fatty esters	Wax monoesters	0.98	0.974	0.879
raw	class	Wax monoesters	NPC class: Wax monoesters	934	PS	Untreated	461178.6	461178.6	1201793.61111111	1013873.6	1116455.03333333	1013873.6	1475052.2	1178213.8	1013873.6	1013873.6	0.000849162526876407	0.997059073899783	0.00136370805236203	22-keto-26-Hexacosanolide_[934_426.39_3.5]	22-keto-26-Hexacosanolide	1-oxacycloheptacosane-2,23-dione	[M + H3N + H]+	20	Fatty acids	Fatty esters	Wax monoesters	0.86	0.937	0.821
raw	class	Wax monoesters	NPC class: Wax monoesters	2064	PS	PET	419461.7	419461.7	1403818.88888889	1410926.2	1214388.6	1013873.6	1633850.3	1760680.1	1363217.76666667	1410926.2	0.000772349708117144	0.9978314236079	0.00159295165587189	NA_[2064_438.43_7.1]	NA	19-Octacosynoic acid	[M + H3N + H]+	20	Fatty acids	Fatty esters	Wax monoesters	0.82	0.941	0.836
raw	class	Wax monoesters	NPC class: Wax monoesters	1505	PET	PS	401361.6	401361.6	1939979.41111111	1816131.9	2204549.53333333	1707404.6	1803187.93333333	2034279.2	1812200.76666667	1816131.9	0.00073902221492315	0.998570445822823	0.00220134765228352	(2E)-geranyl hexadecanoate_[1505_410.4_5.6]	(2E)-geranyl hexadecanoate	Hexadecanoic acid, (2E)-3,7-dimethyl-2,6-octadienyl ester	[M + H3N + H]+	20	Fatty acids	Fatty esters	Wax monoesters	0.953	0.969	0.911
raw	class	Wax monoesters	NPC class: Wax monoesters	1325	PET	PS	379550.566666667	379550.566666667	1802405.27777778	1889987.2	2047918.33333333	1889987.2	1668367.76666667	1939116.2	1690929.73333333	1463958.6	0.00069886182547941	0.999269307648303	0.00204523852365374	NA_[1325_382.37_4.9]	NA	15-Tetracosynoic acid	[M + H3N + H]+	20	Fatty acids	Fatty esters	Wax monoesters	0.864	0.912	0.801
raw	class	Wax monoesters	NPC class: Wax monoesters	1313	PS	Untreated	210842.366666667	210842.366666667	1464076.68888889	1451341.1	1503467.76666667	1647752.2	1549802.33333333	1451341.1	1338959.96666667	1282157.5	0.000388221476129353	0.999657529124432	0.00166132782821786	NA_[1313_422.4_4.8]	NA	2-(henicos-12-en-1-yl)-6-methyl-3,4-dihydro-2H-pyran-4-one	[M + H3N + H]+	20	Fatty acids	Fatty esters	Wax monoesters	0.932	0.953	0.722
raw	class	Wax monoesters	NPC class: Wax monoesters	1863	PS	PET	178674.066666667	178674.066666667	1073431.62222222	1013873.6	1013873.6	1013873.6	1192547.66666667	1013873.6	1013873.6	1013873.6	0.000328990377996616	0.999986519502429	0.00121805219577685	NA_[1863_396.38_6.6]	NA	Methyl 3-(2-octadecylcyclopropen-1-yl)propanoate	[M + H3N + H]+	20	Fatty acids	Fatty esters	Wax monoesters	0.961	0.984	0.91
raw	class	Wax monoesters	NPC class: Wax monoesters	2336	PS	Untreated	7321.2333333334	7321.2333333334	3923183.73333333	3900943.2	3924419.43333333	3769816.5	3926226.5	3900943.2	3918905.26666667	3986250.8	1.34804975711908e-05	1	0.00445174379242708	Palmityl linolenate_[2336_520.51_7.8]	Palmityl linolenate	Cetyl linolenate	[M + H3N + H]+	-1	Fatty acids	Fatty esters	Wax monoesters	0.982	0.976	0.871
